Obs#,Time,Date,configName,configAuthor,remark,Observation,,,gsw,gbw,gtw,E_apparent,VPcham,VPref,VPleaf,VPDleaf,H2O_r,H2O_s,H2O_leaf,leaf_area,leaf_width,flashID,Fo,Fm,Fv/Fm,Fs,Fm',PhiPS2,PS2/1,abs,ETR,TRANS,rh_s,rh_r,Tref,Tmeas,Tleaf,P_atm,flow,flow_s,leak_pct,Qamb,batt,match_time,match_date,rh_adj,type,gsw1sec,gsw2sec,gsw4sec,flr1sec,flr2sec,flr4sec,auto,flow_set,gsw_limit,gsw_period,aw,Bla,Blb,Blc,Bld,Ble,chamber,dark,flash_type,flash_intensity,modrate,flr_limit,flr_period,P1_dur,P2_dur,P3_dur,P1_Fmax,P2_ramp,P2_slp,P3_Fmax,P3_Pred,P3_DeltaF,v_humA,v_humB,v_flowIn,v_flowOut,v_temp,v_irt,v_pres,v_par,v_F,i_LED,b_rhr,m_rhr,span_rhr,b_rhs,m_rhs,span_rhs,z_flowIn,z_flowOut,z_quantum,z_flr,flashId,lciSerNum,lcpSerNum,lcfSerNum,lcrhSerNum,version,configUpdatedAt,MEASUREMENT_HEADER_END
flashId,time,date,lciSerialNumber,lcpSerialNumber,lcfSerialNumber,Fm,Fo,Fv/Fm,Fm',Fs,PhiPS2,LightIntensity,data[],FLASH_HEADER_END
Obs#,Time,Date,configName,configAuthor,remark,Observation,,,gsw,gbw,gtw,E_apparent,VPcham,VPref,VPleaf,VPDleaf,H2O_r,H2O_s,H2O_leaf,leaf_area,leaf_width,flashID,Fo,Fm,Fv/Fm,Fs,Fm',PhiPS2,PS2/1,abs,ETR,TRANS,rh_s,rh_r,Tref,Tmeas,Tleaf,P_atm,flow,flow_s,leak_pct,Qamb,batt,match_time,match_date,rh_adj,type,gsw1sec,gsw2sec,gsw4sec,flr1sec,flr2sec,flr4sec,auto,flow_set,gsw_limit,gsw_period,aw,Bla,Blb,Blc,Bld,Ble,chamber,dark,flash_type,flash_intensity,modrate,flr_limit,flr_period,P1_dur,P2_dur,P3_dur,P1_Fmax,P2_ramp,P2_slp,P3_Fmax,P3_Pred,P3_DeltaF,v_humA,v_humB,v_flowIn,v_flowOut,v_temp,v_irt,v_pres,v_par,v_F,i_LED,b_rhr,m_rhr,span_rhr,b_rhs,m_rhs,span_rhs,z_flowIn,z_flowOut,z_quantum,z_flr,flashId,lciSerNum,lcpSerNum,lcfSerNum,lcrhSerNum,version,configUpdatedAt,MEASUREMENT_HEADER_END
flashId,time,date,lciSerialNumber,lcpSerialNumber,lcfSerialNumber,Fm,Fo,Fv/Fm,Fm',Fs,PhiPS2,LightIntensity,data[],FLASH_HEADER_END
1,07:33:35,2026-07-20,Auto gsw+F,LI-COR Default,,001,,,-0.029195,2.488835,-0.029541,-0.184347,2.972634,2.978626,3.505960,0.533325,33.579678,33.512127,39.524590,0.441786,7.500000,PSF-00548_20260720073335_004,0.000000,0.000000,0.000000,110.613228,533.030823,0.792482,0.5,0.80,1.783138,1.000000,83.91,84.08,26.83,26.65,26.65,88.70,116.5,116.4,0.1,6,4.066,07:33:22,2026-07-20,-0.48,1,-0.002,-0.004,-9999.000,1.353,2.338,-9999.000,1,150,0.005,2.000000,0.058905,0.000000,0.029230,0.000000,0.000000,-0.000068,standard,0,mpf,7000,500,5.000000,2.000000,300,300,300,530.689331,25,-1.610840,528.052185,530.725464,-2.673279,2.513201,2.497027,1.338285,0.835655,0.253604,-0.001564,0.122767,0.112155,110.613228,0.000226,2.389264,-0.000064,1.000000,2.373994,-0.000050,1.000000,0.600671,0.600225,0.107215,0.000000,PSF-00548_20260720073335_004,PFA-00618,PSA-00618,PSF-00548,RHS-0688,3.0.0,2022-04-21T19:36:20.491Z,MEASUREMENT_END
PSF-00548_20260720073335_004,07:33:35,2026-07-20,PFA-00618,PSA-00618,PSF-00548,0.000000,0.000000,0.000000,533.030823,110.613228,0.792482,12.303524,TIME,0.000000,0.010000,0.020000,0.030000,0.040000,0.050000,0.060000,0.070000,0.080000,0.090000,0.100000,0.110000,0.120000,0.130000,0.140000,0.150000,0.160000,0.170000,0.180000,0.190000,0.200000,0.210000,0.220000,0.230000,0.240000,0.250000,0.260000,0.270000,0.280000,0.290000,0.300000,0.310000,0.320000,0.330000,0.340000,0.350000,0.360000,0.370000,0.380000,0.390000,0.400000,0.410000,0.420000,0.430000,0.440000,0.450000,0.460000,0.470000,0.480000,0.490000,0.500000,0.510000,0.520000,0.530000,0.540000,0.550000,0.560000,0.570000,0.580000,0.590000,0.600000,0.610000,0.620000,0.630000,0.640000,0.650000,0.660000,0.670000,0.680000,0.690000,0.700000,0.710000,0.720000,0.730000,0.740000,0.750000,0.760000,0.770000,0.780000,0.790000,0.800000,0.810000,0.820000,0.830000,0.839999,0.849999,0.859999,0.869999,0.879999,0.889999,FLR,274.006256,417.529449,475.125427,502.954956,515.499146,521.547302,524.709106,526.490479,527.544006,528.230286,528.736023,529.060730,529.356140,529.603271,529.778809,529.969482,530.103210,530.246948,530.375732,530.453674,530.557739,530.588135,530.636047,530.662537,530.671814,530.689331,530.654297,530.639648,530.644653,530.596375,530.583130,530.637878,530.572754,530.675415,530.562744,530.636414,530.555237,530.579224,530.531982,530.541687,530.623535,530.495544,530.522705,530.436523,530.460449,530.451904,530.347473,530.350342,530.359985,530.216919,530.275574,530.214050,530.083923,530.116455,530.088562,530.102112,530.011292,529.981628,529.989502,529.947266,527.925232,528.052185,527.961731,527.871277,527.776489,527.640198,527.495361,527.375244,527.276489,527.120972,527.031189,526.867371,526.754761,526.629211,526.508301,526.368469,526.263000,526.124573,526.040894,525.898193,525.832397,525.675781,525.582092,525.477661,525.389343,525.273071,525.177612,525.087830,525.024170,524.886108,PAR,6987.300293,6987.300293,6987.300293,6987.300293,6987.300293,6987.300293,6987.300293,6987.300293,6987.300293,6987.300293,6987.300293,6987.300293,6987.300293,6987.300293,6987.300293,6987.300293,6987.300293,6987.300293,6987.300293,6987.300293,6987.300293,6987.300293,6987.300293,6987.300293,6987.300293,6987.300293,6987.300293,6987.300293,6987.300293,6987.300293,6929.077148,6870.854004,6812.630859,6754.407715,6696.184570,6637.961914,6579.738770,6521.515625,6463.292480,6405.069336,6346.846680,6288.623535,6230.400391,6172.177246,6113.954102,6055.730957,5997.508301,5939.285156,5881.062012,5822.838867,5764.615723,5706.393066,5648.169922,5589.946777,5531.723633,5473.500488,5415.277344,5357.054688,5298.831543,5240.608398,6987.300293,6987.300293,6987.300293,6987.300293,6987.300293,6987.300293,6987.300293,6987.300293,6987.300293,6987.300293,6987.300293,6987.300293,6987.300293,6987.300293,6987.300293,6987.300293,6987.300293,6987.300293,6987.300293,6987.300293,6987.300293,6987.300293,6987.300293,6987.300293,6987.300293,6987.300293,6987.300293,6987.300293,6987.300293,6987.300293,PHASE,1,1,1,1,1,1,1,1,1,1,1,1,1,1,1,1,1,1,1,1,1,1,1,1,1,1,1,1,1,1,2,2,2,2,2,2,2,2,2,2,2,2,2,2,2,2,2,2,2,2,2,2,2,2,2,2,2,2,2,2,3,3,3,3,3,3,3,3,3,3,3,3,3,3,3,3,3,3,3,3,3,3,3,3,3,3,3,3,3,3,FLASH_END
2,07:33:47,2026-07-20,Auto gsw+F,LI-COR Default,,002,,,-0.032369,2.466554,-0.032799,-0.203023,2.992969,2.999660,3.521882,0.528913,33.815853,33.740417,39.702972,0.441786,7.500000,PSF-00548_20260720073347_28f,0.000000,0.000000,0.000000,120.505211,567.258728,0.787566,0.5,0.80,1.506022,1.000000,84.37,84.56,26.85,26.73,26.73,88.71,114.9,115.1,-0.2,5,4.100,07:33:22,2026-07-20,-0.48,1,0.003,0.004,-9999.000,2.258,4.098,-9999.000,1,150,0.005,2.000000,0.058905,0.000000,0.029230,0.000000,0.000000,-0.000068,standard,0,mpf,7000,500,5.000000,2.000000,300,300,300,563.715210,25,-2.727156,559.734436,563.355713,-3.621277,2.513835,2.497634,1.325775,0.832751,0.253379,-0.000949,0.124634,0.111414,120.505211,0.000221,2.389264,-0.000064,1.000000,2.373994,-0.000050,1.000000,0.600671,0.600225,0.107215,0.000000,PSF-00548_20260720073347_28f,PFA-00618,PSA-00618,PSF-00548,RHS-0688,3.0.0,2022-04-21T19:36:20.491Z,MEASUREMENT_END
PSF-00548_20260720073347_28f,07:33:47,2026-07-20,PFA-00618,PSA-00618,PSF-00548,0.000000,0.000000,0.000000,567.258728,120.505211,0.787566,11.458983,TIME,0.000000,0.010000,0.020000,0.030000,0.040000,0.050000,0.060000,0.070000,0.080000,0.090000,0.100000,0.110000,0.120000,0.130000,0.140000,0.150000,0.160000,0.170000,0.180000,0.190000,0.200000,0.210000,0.220000,0.230000,0.240000,0.250000,0.260000,0.270000,0.280000,0.290000,0.300000,0.310000,0.320000,0.330000,0.340000,0.350000,0.360000,0.370000,0.380000,0.390000,0.400000,0.410000,0.420000,0.430000,0.440000,0.450000,0.460000,0.470000,0.480000,0.490000,0.500000,0.510000,0.520000,0.530000,0.540000,0.550000,0.560000,0.570000,0.580000,0.590000,0.600000,0.610000,0.620000,0.630000,0.640000,0.650000,0.660000,0.670000,0.680000,0.690000,0.700000,0.710000,0.720000,0.730000,0.740000,0.750000,0.760000,0.770000,0.780000,0.790000,0.800000,0.810000,0.820000,0.830000,0.839999,0.849999,0.859999,0.869999,0.879999,0.889999,FLR,298.306335,445.482361,505.938660,536.912109,550.612122,556.812988,559.778076,561.295166,562.122681,562.516479,562.835815,563.011780,563.130859,563.283569,563.380859,563.468811,563.540710,563.583252,563.631165,563.662659,563.715210,563.655518,563.645508,563.615784,563.538574,563.508179,563.469543,563.467712,563.393372,563.296814,563.264221,563.309692,563.187378,563.277832,563.148376,563.220947,563.079712,563.115112,562.979919,563.010315,563.072937,562.901978,562.914856,562.797913,562.772156,562.801147,562.696350,562.671326,562.671326,562.533997,562.571533,562.505737,562.375183,562.363403,562.312256,562.284729,562.158447,562.149902,562.138428,562.083740,559.627869,559.734436,559.666138,559.563171,559.420105,559.284912,559.155090,559.011719,558.881165,558.749207,558.632629,558.472778,558.327576,558.189880,558.065796,557.920593,557.815063,557.674500,557.566528,557.445312,557.353027,557.186340,557.073730,556.961792,556.833008,556.723572,556.598450,556.480774,556.385620,556.271912,PAR,6987.300293,6987.300293,6987.300293,6987.300293,6987.300293,6987.300293,6987.300293,6987.300293,6987.300293,6987.300293,6987.300293,6987.300293,6987.300293,6987.300293,6987.300293,6987.300293,6987.300293,6987.300293,6987.300293,6987.300293,6987.300293,6987.300293,6987.300293,6987.300293,6987.300293,6987.300293,6987.300293,6987.300293,6987.300293,6987.300293,6929.077148,6870.854004,6812.630859,6754.407715,6696.184570,6637.961914,6579.738770,6521.515625,6463.292480,6405.069336,6346.846680,6288.623535,6230.400391,6172.177246,6113.954102,6055.730957,5997.508301,5939.285156,5881.062012,5822.838867,5764.615723,5706.393066,5648.169922,5589.946777,5531.723633,5473.500488,5415.277344,5357.054688,5298.831543,5240.608398,6987.300293,6987.300293,6987.300293,6987.300293,6987.300293,6987.300293,6987.300293,6987.300293,6987.300293,6987.300293,6987.300293,6987.300293,6987.300293,6987.300293,6987.300293,6987.300293,6987.300293,6987.300293,6987.300293,6987.300293,6987.300293,6987.300293,6987.300293,6987.300293,6987.300293,6987.300293,6987.300293,6987.300293,6987.300293,6987.300293,PHASE,1,1,1,1,1,1,1,1,1,1,1,1,1,1,1,1,1,1,1,1,1,1,1,1,1,1,1,1,1,1,2,2,2,2,2,2,2,2,2,2,2,2,2,2,2,2,2,2,2,2,2,2,2,2,2,2,2,2,2,2,3,3,3,3,3,3,3,3,3,3,3,3,3,3,3,3,3,3,3,3,3,3,3,3,3,3,3,3,3,3,FLASH_END
3,07:33:57,2026-07-20,Auto gsw+F,LI-COR Default,,003,,,-0.038012,2.467169,-0.038607,-0.233610,3.002996,3.010691,3.519996,0.517001,33.941544,33.854786,39.683281,0.441786,7.500000,PSF-00548_20260720073357_947,0.000000,0.000000,0.000000,123.802544,562.816162,0.780030,0.5,0.80,1.603038,1.000000,84.58,84.80,26.86,26.72,26.72,88.70,114.9,114.8,0.1,5,4.099,07:33:22,2026-07-20,-0.48,1,0.002,0.001,-9999.000,1.865,3.872,-9999.000,1,150,0.005,2.000000,0.058905,0.000000,0.029230,0.000000,0.000000,-0.000068,standard,0,mpf,7000,500,5.000000,2.000000,300,300,300,562.816162,25,1.072682,560.793396,564.351379,-3.557983,2.514145,2.497907,1.326117,0.832019,0.253230,-0.001219,0.125984,0.111727,123.802544,0.000225,2.389264,-0.000064,1.000000,2.373994,-0.000050,1.000000,0.600671,0.600225,0.107215,0.000000,PSF-00548_20260720073357_947,PFA-00618,PSA-00618,PSF-00548,RHS-0688,3.0.0,2022-04-21T19:36:20.491Z,MEASUREMENT_END
PSF-00548_20260720073357_947,07:33:57,2026-07-20,PFA-00618,PSA-00618,PSF-00548,0.000000,0.000000,0.000000,562.816162,123.802544,0.780030,11.816101,TIME,0.000000,0.010000,0.020000,0.030000,0.040000,0.050000,0.060000,0.070000,0.080000,0.090000,0.100000,0.110000,0.120000,0.130000,0.140000,0.150000,0.160000,0.170000,0.180000,0.190000,0.200000,0.210000,0.220000,0.230000,0.240000,0.250000,0.260000,0.270000,0.280000,0.290000,0.300000,0.310000,0.320000,0.330000,0.340000,0.350000,0.360000,0.370000,0.380000,0.390000,0.400000,0.410000,0.420000,0.430000,0.440000,0.450000,0.460000,0.470000,0.480000,0.490000,0.500000,0.510000,0.520000,0.530000,0.540000,0.550000,0.560000,0.570000,0.580000,0.590000,0.600000,0.610000,0.620000,0.630000,0.640000,0.650000,0.660000,0.670000,0.680000,0.690000,0.700000,0.710000,0.720000,0.730000,0.740000,0.750000,0.760000,0.770000,0.780000,0.790000,0.800000,0.810000,0.820000,0.830000,0.839999,0.849999,0.859999,0.869999,0.879999,0.889999,FLR,301.492462,449.568634,507.524017,536.405334,549.517395,555.760132,558.978821,560.661072,561.540833,561.936401,562.207092,562.351196,562.434937,562.517151,562.559753,562.622314,562.677002,562.719238,562.758545,562.772888,562.816162,562.776062,562.754272,562.737488,562.689514,562.650940,562.625183,562.560059,562.559387,562.479248,562.471008,562.556885,562.483521,562.607666,562.542542,562.666626,562.596924,562.651611,562.587952,562.650208,562.770386,562.656311,562.746399,562.699219,562.775757,562.805420,562.768555,562.811829,562.871582,562.785400,562.880188,562.901978,562.787903,562.893738,562.914490,562.950989,562.885193,562.952026,563.039307,563.055725,560.712219,560.793396,560.768372,560.710083,560.622437,560.539490,560.441833,560.355652,560.271606,560.175415,560.116760,559.989441,559.912537,559.834961,559.741943,559.659363,559.563538,559.455505,559.358215,559.263489,559.200867,559.067139,558.981995,558.943054,558.854675,558.752747,558.637268,558.583618,558.529602,558.466675,PAR,6987.300293,6987.300293,6987.300293,6987.300293,6987.300293,6987.300293,6987.300293,6987.300293,6987.300293,6987.300293,6987.300293,6987.300293,6987.300293,6987.300293,6987.300293,6987.300293,6987.300293,6987.300293,6987.300293,6987.300293,6987.300293,6987.300293,6987.300293,6987.300293,6987.300293,6987.300293,6987.300293,6987.300293,6987.300293,6987.300293,6929.077148,6870.854004,6812.630859,6754.407715,6696.184570,6637.961914,6579.738770,6521.515625,6463.292480,6405.069336,6346.846680,6288.623535,6230.400391,6172.177246,6113.954102,6055.730957,5997.508301,5939.285156,5881.062012,5822.838867,5764.615723,5706.393066,5648.169922,5589.946777,5531.723633,5473.500488,5415.277344,5357.054688,5298.831543,5240.608398,6987.300293,6987.300293,6987.300293,6987.300293,6987.300293,6987.300293,6987.300293,6987.300293,6987.300293,6987.300293,6987.300293,6987.300293,6987.300293,6987.300293,6987.300293,6987.300293,6987.300293,6987.300293,6987.300293,6987.300293,6987.300293,6987.300293,6987.300293,6987.300293,6987.300293,6987.300293,6987.300293,6987.300293,6987.300293,6987.300293,PHASE,1,1,1,1,1,1,1,1,1,1,1,1,1,1,1,1,1,1,1,1,1,1,1,1,1,1,1,1,1,1,2,2,2,2,2,2,2,2,2,2,2,2,2,2,2,2,2,2,2,2,2,2,2,2,2,2,2,2,2,2,3,3,3,3,3,3,3,3,3,3,3,3,3,3,3,3,3,3,3,3,3,3,3,3,3,3,3,3,3,3,FLASH_END
4,07:34:18,2026-07-20,Auto gsw+F,LI-COR Default,,004,,,-0.031738,2.466401,-0.032151,-0.197950,3.022604,3.029125,3.548423,0.525820,34.154175,34.080639,40.009396,0.441786,7.500000,PSF-00548_20260720073418_df1,0.000000,0.000000,0.000000,280.562653,615.511963,0.544180,0.5,0.80,2.974931,1.000000,84.97,85.15,26.90,26.85,26.85,88.69,114.9,114.7,0.2,14,4.098,07:33:22,2026-07-20,-0.48,1,-0.001,-0.001,-0.001,1.081,3.355,10.252,1,150,0.005,2.000000,0.058905,0.000000,0.029230,0.000000,0.000000,-0.000068,standard,0,mpf,7000,500,5.000000,2.000000,300,300,300,612.786072,25,-2.639888,607.471375,611.733826,-4.262451,2.514607,2.498413,1.325690,0.831821,0.252901,-0.000046,0.129107,0.119218,280.562653,0.000223,2.389264,-0.000064,1.000000,2.373994,-0.000050,1.000000,0.600671,0.600225,0.107215,0.000000,PSF-00548_20260720073418_df1,PFA-00618,PSA-00618,PSF-00548,RHS-0688,3.0.0,2022-04-21T19:36:20.491Z,MEASUREMENT_END
PSF-00548_20260720073418_df1,07:34:18,2026-07-20,PFA-00618,PSA-00618,PSF-00548,0.000000,0.000000,0.000000,615.511963,280.562653,0.544180,20.345392,TIME,0.000000,0.010000,0.020000,0.030000,0.040000,0.050000,0.060000,0.070000,0.080000,0.090000,0.100000,0.110000,0.120000,0.130000,0.140000,0.150000,0.160000,0.170000,0.180000,0.190000,0.200000,0.210000,0.220000,0.230000,0.240000,0.250000,0.260000,0.270000,0.280000,0.290000,0.300000,0.310000,0.320000,0.330000,0.340000,0.350000,0.360000,0.370000,0.380000,0.390000,0.400000,0.410000,0.420000,0.430000,0.440000,0.450000,0.460000,0.470000,0.480000,0.490000,0.500000,0.510000,0.520000,0.530000,0.540000,0.550000,0.560000,0.570000,0.580000,0.590000,0.600000,0.610000,0.620000,0.630000,0.640000,0.650000,0.660000,0.670000,0.680000,0.690000,0.700000,0.710000,0.720000,0.730000,0.740000,0.750000,0.760000,0.770000,0.780000,0.790000,0.800000,0.810000,0.820000,0.830000,0.839999,0.849999,0.859999,0.869999,0.879999,0.889999,FLR,475.073212,574.032043,593.368286,601.605530,605.858093,608.351807,609.852051,610.859131,611.535767,611.954956,612.316833,612.451294,612.590454,612.714905,612.757080,612.786072,612.781738,612.763855,612.732422,612.689514,612.683777,612.576477,612.472778,612.411621,612.283569,612.210632,612.107971,612.007141,611.882690,611.776489,611.683105,611.730713,611.590515,611.695984,611.544006,611.604065,611.448181,611.518250,611.362366,611.393066,611.437805,611.263977,611.281860,611.148804,611.184265,611.157043,611.030457,611.022949,611.068359,610.926758,610.982910,610.914917,610.801941,610.802307,610.749695,610.722168,610.581665,610.570190,610.569092,610.511169,607.471375,607.410889,607.262512,607.141235,606.954224,606.780029,606.605896,606.407043,606.267578,606.060852,605.907104,605.588440,605.421753,605.241150,605.005127,604.828125,604.650757,604.474792,604.309937,604.084961,603.923706,603.657593,603.455872,603.213074,602.982056,602.772827,602.590820,602.389832,602.219604,602.011108,PAR,6987.300293,6987.300293,6987.300293,6987.300293,6987.300293,6987.300293,6987.300293,6987.300293,6987.300293,6987.300293,6987.300293,6987.300293,6987.300293,6987.300293,6987.300293,6987.300293,6987.300293,6987.300293,6987.300293,6987.300293,6987.300293,6987.300293,6987.300293,6987.300293,6987.300293,6987.300293,6987.300293,6987.300293,6987.300293,6987.300293,6929.077148,6870.854004,6812.630859,6754.407715,6696.184570,6637.961914,6579.738770,6521.515625,6463.292480,6405.069336,6346.846680,6288.623535,6230.400391,6172.177246,6113.954102,6055.730957,5997.508301,5939.285156,5881.062012,5822.838867,5764.615723,5706.393066,5648.169922,5589.946777,5531.723633,5473.500488,5415.277344,5357.054688,5298.831543,5240.608398,6987.300293,6987.300293,6987.300293,6987.300293,6987.300293,6987.300293,6987.300293,6987.300293,6987.300293,6987.300293,6987.300293,6987.300293,6987.300293,6987.300293,6987.300293,6987.300293,6987.300293,6987.300293,6987.300293,6987.300293,6987.300293,6987.300293,6987.300293,6987.300293,6987.300293,6987.300293,6987.300293,6987.300293,6987.300293,6987.300293,PHASE,1,1,1,1,1,1,1,1,1,1,1,1,1,1,1,1,1,1,1,1,1,1,1,1,1,1,1,1,1,1,2,2,2,2,2,2,2,2,2,2,2,2,2,2,2,2,2,2,2,2,2,2,2,2,2,2,2,2,2,2,3,3,3,3,3,3,3,3,3,3,3,3,3,3,3,3,3,3,3,3,3,3,3,3,3,3,3,3,3,3,FLASH_END
5,07:34:31,2026-07-20,Auto gsw+F,LI-COR Default,,005,,,-0.025844,2.469600,-0.026118,-0.158801,3.028552,3.033773,3.547840,0.519288,34.204941,34.146072,40.000896,0.441786,7.500000,PSF-00548_20260720073431_18d,0.000000,0.000000,0.000000,150.297760,593.481873,0.746753,0.5,0.80,0.367709,1.000000,85.04,85.18,26.92,26.85,26.85,88.69,115.1,114.8,0.3,1,4.097,07:33:22,2026-07-20,-0.48,1,0.000,0.000,0.000,2.141,4.543,10.612,1,150,0.005,2.000000,0.058905,0.000000,0.029230,0.000000,0.000000,-0.000068,standard,0,mpf,7000,500,5.000000,2.000000,300,300,300,591.437805,25,-2.352627,586.106995,590.114868,-4.007874,2.514641,2.498497,1.327470,0.831970,0.252701,-0.000304,0.130808,0.108296,150.297760,0.000220,2.389264,-0.000064,1.000000,2.373994,-0.000050,1.000000,0.600671,0.600225,0.107215,0.000000,PSF-00548_20260720073431_18d,PFA-00618,PSA-00618,PSF-00548,RHS-0688,3.0.0,2022-04-21T19:36:20.491Z,MEASUREMENT_END
PSF-00548_20260720073431_18d,07:34:31,2026-07-20,PFA-00618,PSA-00618,PSF-00548,0.000000,0.000000,0.000000,593.481873,150.297760,0.746753,7.909387,TIME,0.000000,0.010000,0.020000,0.030000,0.040000,0.050000,0.060000,0.070000,0.080000,0.090000,0.100000,0.110000,0.120000,0.130000,0.140000,0.150000,0.160000,0.170000,0.180000,0.190000,0.200000,0.210000,0.220000,0.230000,0.240000,0.250000,0.260000,0.270000,0.280000,0.290000,0.300000,0.310000,0.320000,0.330000,0.340000,0.350000,0.360000,0.370000,0.380000,0.390000,0.400000,0.410000,0.420000,0.430000,0.440000,0.450000,0.460000,0.470000,0.480000,0.490000,0.500000,0.510000,0.520000,0.530000,0.540000,0.550000,0.560000,0.570000,0.580000,0.590000,0.600000,0.610000,0.620000,0.630000,0.640000,0.650000,0.660000,0.670000,0.680000,0.690000,0.700000,0.710000,0.720000,0.730000,0.740000,0.750000,0.760000,0.770000,0.780000,0.790000,0.800000,0.810000,0.820000,0.830000,0.839999,0.849999,0.859999,0.869999,0.879999,0.889999,FLR,372.416138,527.810120,567.674133,581.068420,585.985779,588.147278,589.279907,589.981567,590.477234,590.798706,591.073364,591.199646,591.324463,591.394531,591.432068,591.437805,591.415283,591.382751,591.348022,591.281189,591.275085,591.158875,591.086975,590.980774,590.865967,590.749023,590.626709,590.482971,590.371704,590.187195,590.089172,590.160400,590.002319,590.111389,589.957947,590.045593,589.913269,589.921143,589.787354,589.781311,589.834229,589.657898,589.681885,589.541321,589.549561,589.604980,589.440796,589.484802,589.505554,589.341064,589.429382,589.353210,589.260925,589.280945,589.246643,589.247681,589.123230,589.119324,589.130371,589.055664,586.077332,586.106995,586.008667,585.888855,585.748291,585.565186,585.417175,585.251587,585.093872,584.896118,584.720154,584.496948,584.275940,584.081055,583.881165,583.681946,583.492737,583.317139,583.166260,582.994202,582.884094,582.675903,582.507874,582.329773,582.153076,581.962097,581.758606,581.547241,581.382751,581.206055,PAR,6987.300293,6987.300293,6987.300293,6987.300293,6987.300293,6987.300293,6987.300293,6987.300293,6987.300293,6987.300293,6987.300293,6987.300293,6987.300293,6987.300293,6987.300293,6987.300293,6987.300293,6987.300293,6987.300293,6987.300293,6987.300293,6987.300293,6987.300293,6987.300293,6987.300293,6987.300293,6987.300293,6987.300293,6987.300293,6987.300293,6929.077148,6870.854004,6812.630859,6754.407715,6696.184570,6637.961914,6579.738770,6521.515625,6463.292480,6405.069336,6346.846680,6288.623535,6230.400391,6172.177246,6113.954102,6055.730957,5997.508301,5939.285156,5881.062012,5822.838867,5764.615723,5706.393066,5648.169922,5589.946777,5531.723633,5473.500488,5415.277344,5357.054688,5298.831543,5240.608398,6987.300293,6987.300293,6987.300293,6987.300293,6987.300293,6987.300293,6987.300293,6987.300293,6987.300293,6987.300293,6987.300293,6987.300293,6987.300293,6987.300293,6987.300293,6987.300293,6987.300293,6987.300293,6987.300293,6987.300293,6987.300293,6987.300293,6987.300293,6987.300293,6987.300293,6987.300293,6987.300293,6987.300293,6987.300293,6987.300293,PHASE,1,1,1,1,1,1,1,1,1,1,1,1,1,1,1,1,1,1,1,1,1,1,1,1,1,1,1,1,1,1,2,2,2,2,2,2,2,2,2,2,2,2,2,2,2,2,2,2,2,2,2,2,2,2,2,2,2,2,2,2,3,3,3,3,3,3,3,3,3,3,3,3,3,3,3,3,3,3,3,3,3,3,3,3,3,3,3,3,3,3,FLASH_END
6,07:34:46,2026-07-20,Auto gsw+F,LI-COR Default,,006,,,-0.012586,2.477259,-0.012650,-0.075236,3.042478,3.044939,3.550347,0.507869,34.332092,34.304344,40.030640,0.441786,7.500000,PSF-00548_20260720073446_791,0.000000,0.000000,0.000000,222.545746,644.675354,0.654794,0.5,0.80,0.218654,1.000000,85.30,85.37,26.94,26.86,26.86,88.69,115.7,115.1,0.5,1,4.094,07:33:22,2026-07-20,-0.48,1,-0.005,0.001,-0.000,1.922,4.352,10.293,1,150,0.005,2.000000,0.058905,0.000000,0.029230,0.000000,0.000000,-0.000068,standard,0,mpf,7000,500,5.000000,2.000000,300,300,300,640.409973,25,-3.792566,634.088135,639.247559,-5.159424,2.514879,2.498838,1.331754,0.832807,0.252443,-0.000459,0.132872,0.107948,222.545746,0.000220,2.389264,-0.000064,1.000000,2.373994,-0.000050,1.000000,0.600671,0.600225,0.107215,0.000000,PSF-00548_20260720073446_791,PFA-00618,PSA-00618,PSF-00548,RHS-0688,3.0.0,2022-04-21T19:36:20.491Z,MEASUREMENT_END
PSF-00548_20260720073446_791,07:34:46,2026-07-20,PFA-00618,PSA-00618,PSF-00548,0.000000,0.000000,0.000000,644.675354,222.545746,0.654794,7.513178,TIME,0.000000,0.010000,0.020000,0.030000,0.040000,0.050000,0.060000,0.070000,0.080000,0.090000,0.100000,0.110000,0.120000,0.130000,0.140000,0.150000,0.160000,0.170000,0.180000,0.190000,0.200000,0.210000,0.220000,0.230000,0.240000,0.250000,0.260000,0.270000,0.280000,0.290000,0.300000,0.310000,0.320000,0.330000,0.340000,0.350000,0.360000,0.370000,0.380000,0.390000,0.400000,0.410000,0.420000,0.430000,0.440000,0.450000,0.460000,0.470000,0.480000,0.490000,0.500000,0.510000,0.520000,0.530000,0.540000,0.550000,0.560000,0.570000,0.580000,0.590000,0.600000,0.610000,0.620000,0.630000,0.640000,0.650000,0.660000,0.670000,0.680000,0.690000,0.700000,0.710000,0.720000,0.730000,0.740000,0.750000,0.760000,0.770000,0.780000,0.790000,0.800000,0.810000,0.820000,0.830000,0.839999,0.849999,0.859999,0.869999,0.879999,0.889999,FLR,467.112427,594.092468,618.223083,628.607849,633.273865,635.602356,636.962036,637.868286,638.589966,639.082092,639.539856,639.778748,639.975098,640.159973,640.287659,640.353455,640.409973,640.395264,640.398865,640.336304,640.332336,640.220764,640.127808,640.030884,639.894958,639.763733,639.644287,639.509094,639.407898,639.245483,639.158936,639.175415,639.012329,639.136780,638.955444,638.996948,638.800293,638.835693,638.702637,638.731628,638.798828,638.597473,638.658630,638.513794,638.489502,638.540283,638.374695,638.339661,638.321777,638.155090,638.194092,638.132568,637.905457,637.916199,637.841797,637.755249,637.579346,637.555359,637.469543,637.332886,634.050232,634.088135,633.962646,633.780579,633.570679,633.293518,633.080017,632.876892,632.696289,632.464539,632.316101,632.052185,631.839722,631.678467,631.459961,631.241455,630.981445,630.735413,630.455383,630.188232,629.986511,629.689331,629.397522,629.129639,628.843567,628.595337,628.363586,628.125061,627.935181,627.653381,PAR,6987.300293,6987.300293,6987.300293,6987.300293,6987.300293,6987.300293,6987.300293,6987.300293,6987.300293,6987.300293,6987.300293,6987.300293,6987.300293,6987.300293,6987.300293,6987.300293,6987.300293,6987.300293,6987.300293,6987.300293,6987.300293,6987.300293,6987.300293,6987.300293,6987.300293,6987.300293,6987.300293,6987.300293,6987.300293,6987.300293,6929.077148,6870.854004,6812.630859,6754.407715,6696.184570,6637.961914,6579.738770,6521.515625,6463.292480,6405.069336,6346.846680,6288.623535,6230.400391,6172.177246,6113.954102,6055.730957,5997.508301,5939.285156,5881.062012,5822.838867,5764.615723,5706.393066,5648.169922,5589.946777,5531.723633,5473.500488,5415.277344,5357.054688,5298.831543,5240.608398,6987.300293,6987.300293,6987.300293,6987.300293,6987.300293,6987.300293,6987.300293,6987.300293,6987.300293,6987.300293,6987.300293,6987.300293,6987.300293,6987.300293,6987.300293,6987.300293,6987.300293,6987.300293,6987.300293,6987.300293,6987.300293,6987.300293,6987.300293,6987.300293,6987.300293,6987.300293,6987.300293,6987.300293,6987.300293,6987.300293,PHASE,1,1,1,1,1,1,1,1,1,1,1,1,1,1,1,1,1,1,1,1,1,1,1,1,1,1,1,1,1,1,2,2,2,2,2,2,2,2,2,2,2,2,2,2,2,2,2,2,2,2,2,2,2,2,2,2,2,2,2,2,3,3,3,3,3,3,3,3,3,3,3,3,3,3,3,3,3,3,3,3,3,3,3,3,3,3,3,3,3,3,FLASH_END
7,07:36:01,2026-07-20,Auto gsw+F,LI-COR Default,,007,,,-0.028681,2.518502,-0.029011,-0.164742,3.138158,3.143400,3.622410,0.484251,35.455345,35.396225,40.858238,0.441786,7.500000,PSF-00548_20260720073601_466,0.000000,0.000000,0.000000,120.772362,549.826111,0.780344,0.5,0.80,0.989137,1.000000,87.01,87.16,27.13,27.20,27.20,88.66,118.7,118.2,0.4,3,4.093,07:35:44,2026-07-20,-0.40,1,-0.005,-0.004,-9999.000,1.531,3.416,-9999.000,1,150,0.005,2.000000,0.058905,0.000000,0.029230,0.000000,0.000000,-0.000068,standard,0,mpf,7000,500,5.000000,2.000000,300,300,300,547.227478,25,-1.959916,544.051025,547.021118,-2.970093,2.517202,2.500948,1.355350,0.839931,0.250560,0.001275,0.143045,0.109998,120.772362,0.000226,2.389264,-0.000064,1.000000,2.373994,-0.000050,1.000000,0.600671,0.600225,0.107215,0.000000,PSF-00548_20260720073601_466,PFA-00618,PSA-00618,PSF-00548,RHS-0688,3.0.0,2022-04-21T19:36:20.491Z,MEASUREMENT_END
PSF-00548_20260720073601_466,07:36:01,2026-07-20,PFA-00618,PSA-00618,PSF-00548,0.000000,0.000000,0.000000,549.826111,120.772362,0.780344,9.847270,TIME,0.000000,0.010000,0.020000,0.030000,0.040000,0.050000,0.060000,0.070000,0.080000,0.090000,0.100000,0.110000,0.120000,0.130000,0.140000,0.150000,0.160000,0.170000,0.180000,0.190000,0.200000,0.210000,0.220000,0.230000,0.240000,0.250000,0.260000,0.270000,0.280000,0.290000,0.300000,0.310000,0.320000,0.330000,0.340000,0.350000,0.360000,0.370000,0.380000,0.390000,0.400000,0.410000,0.420000,0.430000,0.440000,0.450000,0.460000,0.470000,0.480000,0.490000,0.500000,0.510000,0.520000,0.530000,0.540000,0.550000,0.560000,0.570000,0.580000,0.590000,0.600000,0.610000,0.620000,0.630000,0.640000,0.650000,0.660000,0.670000,0.680000,0.690000,0.700000,0.710000,0.720000,0.730000,0.740000,0.750000,0.760000,0.770000,0.780000,0.790000,0.800000,0.810000,0.820000,0.830000,0.839999,0.849999,0.859999,0.869999,0.879999,0.889999,FLR,305.732117,464.616180,513.864746,530.727966,537.182068,540.103577,541.759033,542.870178,543.720581,544.357910,544.941895,545.345337,545.737244,546.066650,546.286560,546.493286,546.695374,546.834106,546.984680,547.078003,547.170654,547.196045,547.227478,547.212463,547.196716,547.183899,547.143433,547.133789,547.118774,547.000427,546.984314,547.013306,546.918884,547.015808,546.894165,546.942810,546.825867,546.857727,546.736816,546.749329,546.794800,546.659973,546.677856,546.605225,546.602356,546.589111,546.501160,546.510437,546.503296,546.408508,546.441101,546.377075,546.308777,546.320923,546.290161,546.283386,546.172485,546.187500,546.187500,546.120972,543.994568,544.051025,543.992371,543.893677,543.729919,543.595459,543.472778,543.343994,543.234253,543.088318,543.020752,542.879456,542.749634,542.650574,542.517212,542.399902,542.301880,542.187073,542.099121,541.968933,541.904541,541.786926,541.661377,541.564087,541.449280,541.362793,541.256531,541.149231,541.065186,540.970459,PAR,6987.300293,6987.300293,6987.300293,6987.300293,6987.300293,6987.300293,6987.300293,6987.300293,6987.300293,6987.300293,6987.300293,6987.300293,6987.300293,6987.300293,6987.300293,6987.300293,6987.300293,6987.300293,6987.300293,6987.300293,6987.300293,6987.300293,6987.300293,6987.300293,6987.300293,6987.300293,6987.300293,6987.300293,6987.300293,6987.300293,6929.077148,6870.854004,6812.630859,6754.407715,6696.184570,6637.961914,6579.738770,6521.515625,6463.292480,6405.069336,6346.846680,6288.623535,6230.400391,6172.177246,6113.954102,6055.730957,5997.508301,5939.285156,5881.062012,5822.838867,5764.615723,5706.393066,5648.169922,5589.946777,5531.723633,5473.500488,5415.277344,5357.054688,5298.831543,5240.608398,6987.300293,6987.300293,6987.300293,6987.300293,6987.300293,6987.300293,6987.300293,6987.300293,6987.300293,6987.300293,6987.300293,6987.300293,6987.300293,6987.300293,6987.300293,6987.300293,6987.300293,6987.300293,6987.300293,6987.300293,6987.300293,6987.300293,6987.300293,6987.300293,6987.300293,6987.300293,6987.300293,6987.300293,6987.300293,6987.300293,PHASE,1,1,1,1,1,1,1,1,1,1,1,1,1,1,1,1,1,1,1,1,1,1,1,1,1,1,1,1,1,1,2,2,2,2,2,2,2,2,2,2,2,2,2,2,2,2,2,2,2,2,2,2,2,2,2,2,2,2,2,2,3,3,3,3,3,3,3,3,3,3,3,3,3,3,3,3,3,3,3,3,3,3,3,3,3,3,3,3,3,3,FLASH_END
8,07:36:09,2026-07-20,Auto gsw+F,LI-COR Default,,008,,,-0.020422,2.522528,-0.020589,-0.117258,3.144082,3.147802,3.629702,0.485620,35.506004,35.464035,40.941647,0.441786,7.500000,PSF-00548_20260720073609_cb3,0.000000,0.000000,0.000000,120.004532,545.835754,0.780145,0.5,0.80,0.545533,1.000000,87.05,87.15,27.16,27.24,27.24,88.66,119.1,118.5,0.5,2,4.092,07:35:44,2026-07-20,-0.40,1,-0.002,-0.003,-9999.000,1.646,3.394,-9999.000,1,150,0.005,2.000000,0.058905,0.000000,0.029230,0.000000,0.000000,-0.000068,standard,0,mpf,7000,500,5.000000,2.000000,300,300,300,541.534058,25,-3.399855,537.631653,540.969971,-3.338318,2.517183,2.500987,1.357702,0.840539,0.250307,0.001374,0.143970,0.108750,120.004532,0.000224,2.389264,-0.000064,1.000000,2.373994,-0.000050,1.000000,0.600671,0.600225,0.107215,0.000000,PSF-00548_20260720073609_cb3,PFA-00618,PSA-00618,PSF-00548,RHS-0688,3.0.0,2022-04-21T19:36:20.491Z,MEASUREMENT_END
PSF-00548_20260720073609_cb3,07:36:09,2026-07-20,PFA-00618,PSA-00618,PSF-00548,0.000000,0.000000,0.000000,545.835754,120.004532,0.780145,8.426536,TIME,0.000000,0.010000,0.020000,0.030000,0.040000,0.050000,0.060000,0.070000,0.080000,0.090000,0.100000,0.110000,0.120000,0.130000,0.140000,0.150000,0.160000,0.170000,0.180000,0.190000,0.200000,0.210000,0.220000,0.230000,0.240000,0.250000,0.260000,0.270000,0.280000,0.290000,0.300000,0.310000,0.320000,0.330000,0.340000,0.350000,0.360000,0.370000,0.380000,0.390000,0.400000,0.410000,0.420000,0.430000,0.440000,0.450000,0.460000,0.470000,0.480000,0.490000,0.500000,0.510000,0.520000,0.530000,0.540000,0.550000,0.560000,0.570000,0.580000,0.590000,0.600000,0.610000,0.620000,0.630000,0.640000,0.650000,0.660000,0.670000,0.680000,0.690000,0.700000,0.710000,0.720000,0.730000,0.740000,0.750000,0.760000,0.770000,0.780000,0.790000,0.800000,0.810000,0.820000,0.830000,0.839999,0.849999,0.859999,0.869999,0.879999,0.889999,FLR,299.963593,455.836060,507.094147,525.968323,533.151245,536.360596,538.052185,539.083984,539.803162,540.280579,540.656067,540.903931,541.102417,541.250122,541.318054,541.405334,541.444641,541.470764,541.534058,541.509766,541.529419,541.459351,541.418579,541.367065,541.287292,541.250488,541.171814,541.131348,541.089539,540.997253,540.922852,540.938965,540.837036,540.901428,540.764832,540.790222,540.666809,540.675781,540.570618,540.537720,540.539490,540.372864,540.373535,540.262329,540.200500,540.214050,540.087830,540.044922,540.004150,539.895386,539.921143,539.867188,539.725159,539.754517,539.685852,539.654358,539.562439,539.541016,539.521362,539.449829,537.526489,537.631653,537.553650,537.457458,537.294739,537.153870,536.998962,536.841614,536.704651,536.541199,536.445374,536.228271,536.089172,535.946106,535.793396,535.637146,535.490845,535.367859,535.202637,535.064575,534.970886,534.796387,534.682983,534.599304,534.467712,534.378296,534.272461,534.175537,534.090027,533.978088,PAR,6987.300293,6987.300293,6987.300293,6987.300293,6987.300293,6987.300293,6987.300293,6987.300293,6987.300293,6987.300293,6987.300293,6987.300293,6987.300293,6987.300293,6987.300293,6987.300293,6987.300293,6987.300293,6987.300293,6987.300293,6987.300293,6987.300293,6987.300293,6987.300293,6987.300293,6987.300293,6987.300293,6987.300293,6987.300293,6987.300293,6929.077148,6870.854004,6812.630859,6754.407715,6696.184570,6637.961914,6579.738770,6521.515625,6463.292480,6405.069336,6346.846680,6288.623535,6230.400391,6172.177246,6113.954102,6055.730957,5997.508301,5939.285156,5881.062012,5822.838867,5764.615723,5706.393066,5648.169922,5589.946777,5531.723633,5473.500488,5415.277344,5357.054688,5298.831543,5240.608398,6987.300293,6987.300293,6987.300293,6987.300293,6987.300293,6987.300293,6987.300293,6987.300293,6987.300293,6987.300293,6987.300293,6987.300293,6987.300293,6987.300293,6987.300293,6987.300293,6987.300293,6987.300293,6987.300293,6987.300293,6987.300293,6987.300293,6987.300293,6987.300293,6987.300293,6987.300293,6987.300293,6987.300293,6987.300293,6987.300293,PHASE,1,1,1,1,1,1,1,1,1,1,1,1,1,1,1,1,1,1,1,1,1,1,1,1,1,1,1,1,1,1,2,2,2,2,2,2,2,2,2,2,2,2,2,2,2,2,2,2,2,2,2,2,2,2,2,2,2,2,2,2,3,3,3,3,3,3,3,3,3,3,3,3,3,3,3,3,3,3,3,3,3,3,3,3,3,3,3,3,3,3,FLASH_END
9,07:36:18,2026-07-20,Auto gsw+F,LI-COR Default,,009,,,-0.026696,2.523920,-0.026981,-0.154201,3.151109,3.155997,3.638407,0.487298,35.596733,35.541595,41.037872,0.441786,7.500000,PSF-00548_20260720073618_3fa,0.000000,0.000000,0.000000,107.857346,506.443970,0.787030,0.5,0.80,0.911338,1.000000,87.10,87.24,27.18,27.28,27.28,88.66,119.2,118.9,0.2,3,4.091,07:35:44,2026-07-20,-0.40,1,0.001,0.001,-9999.000,1.041,2.307,-9999.000,1,150,0.005,2.000000,0.058905,0.000000,0.029230,0.000000,0.000000,-0.000068,standard,0,mpf,7000,500,5.000000,2.000000,300,300,300,506.443970,25,3.014417,505.478729,510.758118,-5.279388,2.517292,2.501055,1.358518,0.841577,0.250038,0.001531,0.145022,0.109757,107.857346,0.000224,2.389264,-0.000064,1.000000,2.373994,-0.000050,1.000000,0.600671,0.600225,0.107215,0.000000,PSF-00548_20260720073618_3fa,PFA-00618,PSA-00618,PSF-00548,RHS-0688,3.0.0,2022-04-21T19:36:20.491Z,MEASUREMENT_END
PSF-00548_20260720073618_3fa,07:36:18,2026-07-20,PFA-00618,PSA-00618,PSF-00548,0.000000,0.000000,0.000000,506.443970,107.857346,0.787030,9.573222,TIME,0.000000,0.010000,0.020000,0.030000,0.040000,0.050000,0.060000,0.070000,0.080000,0.090000,0.100000,0.110000,0.120000,0.130000,0.140000,0.150000,0.160000,0.170000,0.180000,0.190000,0.200000,0.210000,0.220000,0.230000,0.240000,0.250000,0.260000,0.270000,0.280000,0.290000,0.300000,0.310000,0.320000,0.330000,0.340000,0.350000,0.360000,0.370000,0.380000,0.390000,0.400000,0.410000,0.420000,0.430000,0.440000,0.450000,0.460000,0.470000,0.480000,0.490000,0.500000,0.510000,0.520000,0.530000,0.540000,0.550000,0.560000,0.570000,0.580000,0.590000,0.600000,0.610000,0.620000,0.630000,0.640000,0.650000,0.660000,0.670000,0.680000,0.690000,0.700000,0.710000,0.720000,0.730000,0.740000,0.750000,0.760000,0.770000,0.780000,0.790000,0.800000,0.810000,0.820000,0.830000,0.839999,0.849999,0.859999,0.869999,0.879999,0.889999,FLR,285.177124,440.208435,483.583679,495.458710,499.691254,501.755829,503.006470,503.855103,504.474518,504.919067,505.304230,505.529877,505.741608,505.921844,506.064178,506.145721,506.227966,506.295563,506.349915,506.376373,506.443970,506.421814,506.404266,506.430756,506.432526,506.427521,506.420746,506.395691,506.386749,506.364929,506.393188,506.464355,506.437897,506.599548,506.582031,506.732239,506.732941,506.844879,506.838074,506.955750,507.093079,507.017242,507.109161,507.084137,507.183563,507.257568,507.221832,507.306580,507.395630,507.342682,507.492554,507.505768,507.468567,507.592316,507.653107,507.708893,507.658112,507.709259,507.781494,507.794037,505.427246,505.478729,505.410065,505.337463,505.196228,505.089630,504.994873,504.882568,504.763123,504.620087,504.534241,504.394043,504.278534,504.187714,504.079712,504.005310,503.879059,503.788605,503.739594,503.639099,503.621948,503.509277,503.473877,503.448486,503.424164,503.401276,503.401642,503.376953,503.357300,503.311859,PAR,6987.300293,6987.300293,6987.300293,6987.300293,6987.300293,6987.300293,6987.300293,6987.300293,6987.300293,6987.300293,6987.300293,6987.300293,6987.300293,6987.300293,6987.300293,6987.300293,6987.300293,6987.300293,6987.300293,6987.300293,6987.300293,6987.300293,6987.300293,6987.300293,6987.300293,6987.300293,6987.300293,6987.300293,6987.300293,6987.300293,6929.077148,6870.854004,6812.630859,6754.407715,6696.184570,6637.961914,6579.738770,6521.515625,6463.292480,6405.069336,6346.846680,6288.623535,6230.400391,6172.177246,6113.954102,6055.730957,5997.508301,5939.285156,5881.062012,5822.838867,5764.615723,5706.393066,5648.169922,5589.946777,5531.723633,5473.500488,5415.277344,5357.054688,5298.831543,5240.608398,6987.300293,6987.300293,6987.300293,6987.300293,6987.300293,6987.300293,6987.300293,6987.300293,6987.300293,6987.300293,6987.300293,6987.300293,6987.300293,6987.300293,6987.300293,6987.300293,6987.300293,6987.300293,6987.300293,6987.300293,6987.300293,6987.300293,6987.300293,6987.300293,6987.300293,6987.300293,6987.300293,6987.300293,6987.300293,6987.300293,PHASE,1,1,1,1,1,1,1,1,1,1,1,1,1,1,1,1,1,1,1,1,1,1,1,1,1,1,1,1,1,1,2,2,2,2,2,2,2,2,2,2,2,2,2,2,2,2,2,2,2,2,2,2,2,2,2,2,2,2,2,2,3,3,3,3,3,3,3,3,3,3,3,3,3,3,3,3,3,3,3,3,3,3,3,3,3,3,3,3,3,3,FLASH_END
10,07:36:56,2026-07-20,Auto gsw+F,LI-COR Default,,010,,,-0.003760,2.536458,-0.003765,-0.022138,3.149285,3.149981,3.650461,0.501176,35.536793,35.528938,41.183002,0.441786,7.500000,PSF-00548_20260720073656_b97,0.000000,0.000000,0.000000,194.698685,552.301147,0.647477,0.5,0.80,2.055364,1.000000,86.50,86.52,27.29,27.34,27.34,88.64,120.1,119.2,0.7,8,4.057,07:35:44,2026-07-20,-0.40,1,0.001,0.002,-9999.000,-1.425,-2.626,-9999.000,1,150,0.005,2.000000,0.058905,0.000000,0.029230,0.000000,0.000000,-0.000068,standard,0,mpf,7000,500,5.000000,2.000000,300,300,300,550.722229,25,-1.974461,545.873901,549.475342,-3.601440,2.516304,2.500229,1.365916,0.842270,0.248967,0.000942,0.149908,0.114185,194.698685,0.000223,2.389264,-0.000064,1.000000,2.373994,-0.000050,1.000000,0.600671,0.600225,0.107215,0.000000,PSF-00548_20260720073656_b97,PFA-00618,PSA-00618,PSF-00548,RHS-0688,3.0.0,2022-04-21T19:36:20.491Z,MEASUREMENT_END
PSF-00548_20260720073656_b97,07:36:56,2026-07-20,PFA-00618,PSA-00618,PSF-00548,0.000000,0.000000,0.000000,552.301147,194.698685,0.647477,14.614406,TIME,0.000000,0.010000,0.020000,0.030000,0.040000,0.050000,0.060000,0.070000,0.080000,0.090000,0.100000,0.110000,0.120000,0.130000,0.140000,0.150000,0.160000,0.170000,0.180000,0.190000,0.200000,0.210000,0.220000,0.230000,0.240000,0.250000,0.260000,0.270000,0.280000,0.290000,0.300000,0.310000,0.320000,0.330000,0.340000,0.350000,0.360000,0.370000,0.380000,0.390000,0.400000,0.410000,0.420000,0.430000,0.440000,0.450000,0.460000,0.470000,0.480000,0.490000,0.500000,0.510000,0.520000,0.530000,0.540000,0.550000,0.560000,0.570000,0.580000,0.590000,0.600000,0.610000,0.620000,0.630000,0.640000,0.650000,0.660000,0.670000,0.680000,0.690000,0.700000,0.710000,0.720000,0.730000,0.740000,0.750000,0.760000,0.770000,0.780000,0.790000,0.800000,0.810000,0.820000,0.830000,0.839999,0.849999,0.859999,0.869999,0.879999,0.889999,FLR,400.747406,515.160828,536.633118,544.369324,547.494629,548.898315,549.641846,550.085999,550.366028,550.519836,550.657532,550.686096,550.713318,550.722229,550.696472,550.675720,550.642151,550.586670,550.550598,550.451172,550.308472,550.197937,550.131104,550.061707,549.949402,549.857117,549.758423,549.643250,549.568542,549.460144,549.382935,549.446228,549.329651,549.400452,549.293884,549.380066,549.272034,549.300659,549.225220,549.243103,549.306763,549.156555,549.182678,549.066040,549.051025,549.097534,548.958435,548.985962,549.012756,548.870789,548.920898,548.859375,548.770996,548.769958,548.752075,548.728821,548.591125,548.580078,548.559326,548.518555,545.873901,545.789856,545.658936,545.488342,545.304565,545.125000,544.914734,544.735535,544.635071,544.483765,544.357544,544.159790,544.000977,543.864380,543.678040,543.526794,543.342957,543.180969,543.013245,542.805054,542.672729,542.468933,542.273987,542.113403,541.904907,541.708618,541.530823,541.352722,541.186462,540.981506,PAR,6987.300293,6987.300293,6987.300293,6987.300293,6987.300293,6987.300293,6987.300293,6987.300293,6987.300293,6987.300293,6987.300293,6987.300293,6987.300293,6987.300293,6987.300293,6987.300293,6987.300293,6987.300293,6987.300293,6987.300293,6987.300293,6987.300293,6987.300293,6987.300293,6987.300293,6987.300293,6987.300293,6987.300293,6987.300293,6987.300293,6929.077148,6870.854004,6812.630859,6754.407715,6696.184570,6637.961914,6579.738770,6521.515625,6463.292480,6405.069336,6346.846680,6288.623535,6230.400391,6172.177246,6113.954102,6055.730957,5997.508301,5939.285156,5881.062012,5822.838867,5764.615723,5706.393066,5648.169922,5589.946777,5531.723633,5473.500488,5415.277344,5357.054688,5298.831543,5240.608398,6987.300293,6987.300293,6987.300293,6987.300293,6987.300293,6987.300293,6987.300293,6987.300293,6987.300293,6987.300293,6987.300293,6987.300293,6987.300293,6987.300293,6987.300293,6987.300293,6987.300293,6987.300293,6987.300293,6987.300293,6987.300293,6987.300293,6987.300293,6987.300293,6987.300293,6987.300293,6987.300293,6987.300293,6987.300293,6987.300293,PHASE,1,1,1,1,1,1,1,1,1,1,1,1,1,1,1,1,1,1,1,1,1,1,1,1,1,1,1,1,1,1,2,2,2,2,2,2,2,2,2,2,2,2,2,2,2,2,2,2,2,2,2,2,2,2,2,2,2,2,2,2,3,3,3,3,3,3,3,3,3,3,3,3,3,3,3,3,3,3,3,3,3,3,3,3,3,3,3,3,3,3,FLASH_END
11,07:37:12,2026-07-20,Auto gsw+F,LI-COR Default,,011,,,-0.007855,2.547126,-0.007879,-0.047492,3.156447,3.157930,3.670109,0.513662,35.630688,35.613956,41.409569,0.441786,7.500000,PSF-00548_20260720073712_def,0.000000,0.000000,0.000000,129.587891,565.240234,0.770738,0.5,0.80,1.728814,1.000000,86.46,86.50,27.34,27.43,27.43,88.63,120.9,120.5,0.3,6,4.089,07:35:44,2026-07-20,-0.40,1,-0.003,0.001,-9999.000,1.751,3.130,-9999.000,1,150,0.005,2.000000,0.058905,0.000000,0.029230,0.000000,0.000000,-0.000068,standard,0,mpf,7000,500,5.000000,2.000000,300,300,300,564.364319,25,-0.741787,561.723572,564.178589,-2.455017,2.516256,2.500155,1.372282,0.845237,0.248494,0.001437,0.151901,0.112140,129.587891,0.000225,2.389264,-0.000064,1.000000,2.373994,-0.000050,1.000000,0.600671,0.600225,0.107215,0.000000,PSF-00548_20260720073712_def,PFA-00618,PSA-00618,PSF-00548,RHS-0688,3.0.0,2022-04-21T19:36:20.491Z,MEASUREMENT_END
PSF-00548_20260720073712_def,07:37:12,2026-07-20,PFA-00618,PSA-00618,PSF-00548,0.000000,0.000000,0.000000,565.240234,129.587891,0.770738,12.286015,TIME,0.000000,0.010000,0.020000,0.030000,0.040000,0.050000,0.060000,0.070000,0.080000,0.090000,0.100000,0.110000,0.120000,0.130000,0.140000,0.150000,0.160000,0.170000,0.180000,0.190000,0.200000,0.210000,0.220000,0.230000,0.240000,0.250000,0.260000,0.270000,0.280000,0.290000,0.300000,0.310000,0.320000,0.330000,0.340000,0.350000,0.360000,0.370000,0.380000,0.390000,0.400000,0.410000,0.420000,0.430000,0.440000,0.450000,0.460000,0.470000,0.480000,0.490000,0.500000,0.510000,0.520000,0.530000,0.540000,0.550000,0.560000,0.570000,0.580000,0.590000,0.600000,0.610000,0.620000,0.630000,0.640000,0.650000,0.660000,0.670000,0.680000,0.690000,0.700000,0.710000,0.720000,0.730000,0.740000,0.750000,0.760000,0.770000,0.780000,0.790000,0.800000,0.810000,0.820000,0.830000,0.839999,0.849999,0.859999,0.869999,0.879999,0.889999,FLR,324.552643,486.442200,534.786011,550.621765,556.207520,558.760315,560.256592,561.290161,562.116272,562.728516,563.231018,563.514954,563.797485,564.001709,564.131165,564.201965,564.246277,564.273132,564.305664,564.307434,564.364319,564.303894,564.308167,564.267029,564.222717,564.182983,564.149353,564.120422,564.108276,564.068176,564.069641,564.140076,564.065674,564.178345,564.087891,564.205200,564.133667,564.174072,564.102173,564.147583,564.206238,564.068909,564.095764,563.993103,563.960938,564.002380,563.940186,563.946960,563.974487,563.882935,563.978088,563.994507,563.931946,563.939819,563.926941,563.926208,563.828918,563.824280,563.839661,563.815369,561.570496,561.723572,561.681763,561.600586,561.463928,561.325562,561.193237,561.082336,560.988281,560.873840,560.828796,560.687195,560.588135,560.507996,560.411438,560.331360,560.230469,560.156799,560.065247,559.959778,559.896851,559.749512,559.665771,559.558838,559.449463,559.361450,559.253784,559.142944,559.055298,558.936951,PAR,6987.300293,6987.300293,6987.300293,6987.300293,6987.300293,6987.300293,6987.300293,6987.300293,6987.300293,6987.300293,6987.300293,6987.300293,6987.300293,6987.300293,6987.300293,6987.300293,6987.300293,6987.300293,6987.300293,6987.300293,6987.300293,6987.300293,6987.300293,6987.300293,6987.300293,6987.300293,6987.300293,6987.300293,6987.300293,6987.300293,6929.077148,6870.854004,6812.630859,6754.407715,6696.184570,6637.961914,6579.738770,6521.515625,6463.292480,6405.069336,6346.846680,6288.623535,6230.400391,6172.177246,6113.954102,6055.730957,5997.508301,5939.285156,5881.062012,5822.838867,5764.615723,5706.393066,5648.169922,5589.946777,5531.723633,5473.500488,5415.277344,5357.054688,5298.831543,5240.608398,6987.300293,6987.300293,6987.300293,6987.300293,6987.300293,6987.300293,6987.300293,6987.300293,6987.300293,6987.300293,6987.300293,6987.300293,6987.300293,6987.300293,6987.300293,6987.300293,6987.300293,6987.300293,6987.300293,6987.300293,6987.300293,6987.300293,6987.300293,6987.300293,6987.300293,6987.300293,6987.300293,6987.300293,6987.300293,6987.300293,PHASE,1,1,1,1,1,1,1,1,1,1,1,1,1,1,1,1,1,1,1,1,1,1,1,1,1,1,1,1,1,1,2,2,2,2,2,2,2,2,2,2,2,2,2,2,2,2,2,2,2,2,2,2,2,2,2,2,2,2,2,2,3,3,3,3,3,3,3,3,3,3,3,3,3,3,3,3,3,3,3,3,3,3,3,3,3,3,3,3,3,3,FLASH_END
12,07:37:26,2026-07-20,Auto gsw+F,LI-COR Default,,012,,,-0.013630,2.551669,-0.013703,-0.081874,3.164603,3.167151,3.673715,0.509112,35.734631,35.705875,41.450130,0.441786,7.500000,PSF-00548_20260720073726_109,0.000000,0.000000,0.000000,139.020325,571.731628,0.756843,0.5,0.80,1.175820,1.000000,86.47,86.54,27.38,27.44,27.44,88.63,121.3,121.1,0.2,4,4.088,07:35:44,2026-07-20,-0.40,1,-0.002,-0.001,-9999.000,1.820,4.181,-9999.000,1,150,0.005,2.000000,0.058905,0.000000,0.029230,0.000000,0.000000,-0.000068,standard,0,mpf,7000,500,5.000000,2.000000,300,300,300,571.252197,25,-0.672699,568.234558,570.768860,-2.534302,2.516304,2.500167,1.375013,0.846556,0.248093,0.001165,0.153494,0.110626,139.020325,0.000222,2.389264,-0.000064,1.000000,2.373994,-0.000050,1.000000,0.600671,0.600225,0.107215,0.000000,PSF-00548_20260720073726_109,PFA-00618,PSA-00618,PSF-00548,RHS-0688,3.0.0,2022-04-21T19:36:20.491Z,MEASUREMENT_END
PSF-00548_20260720073726_109,07:37:26,2026-07-20,PFA-00618,PSA-00618,PSF-00548,0.000000,0.000000,0.000000,571.731628,139.020325,0.756843,10.562321,TIME,0.000000,0.010000,0.020000,0.030000,0.040000,0.050000,0.060000,0.070000,0.080000,0.090000,0.100000,0.110000,0.120000,0.130000,0.140000,0.150000,0.160000,0.170000,0.180000,0.190000,0.200000,0.210000,0.220000,0.230000,0.240000,0.250000,0.260000,0.270000,0.280000,0.290000,0.300000,0.310000,0.320000,0.330000,0.340000,0.350000,0.360000,0.370000,0.380000,0.390000,0.400000,0.410000,0.420000,0.430000,0.440000,0.450000,0.460000,0.470000,0.480000,0.490000,0.500000,0.510000,0.520000,0.530000,0.540000,0.550000,0.560000,0.570000,0.580000,0.590000,0.600000,0.610000,0.620000,0.630000,0.640000,0.650000,0.660000,0.670000,0.680000,0.690000,0.700000,0.710000,0.720000,0.730000,0.740000,0.750000,0.760000,0.770000,0.780000,0.790000,0.800000,0.810000,0.820000,0.830000,0.839999,0.849999,0.859999,0.869999,0.879999,0.889999,FLR,347.636810,504.543915,543.459167,556.603088,562.091919,565.016968,566.877380,568.126221,569.013123,569.646484,570.169312,570.479370,570.764404,570.975037,571.099182,571.133484,571.126709,571.162842,571.161743,571.203247,571.252197,571.176392,571.117432,571.065186,571.030518,570.987915,570.947144,570.891724,570.819519,570.732605,570.695068,570.754761,570.705750,570.849182,570.734741,570.736511,570.619568,570.699707,570.620300,570.708984,570.818420,570.646057,570.698975,570.591309,570.589172,570.694702,570.596680,570.621033,570.639282,570.492981,570.550903,570.553772,570.457581,570.550232,570.539856,570.538025,570.444702,570.433960,570.474731,570.496582,568.117249,568.234558,568.168762,568.093994,567.998901,567.913391,567.840454,567.715637,567.613708,567.483215,567.446716,567.311157,567.227844,567.132324,567.006836,566.874878,566.824768,566.710327,566.614136,566.496826,566.419617,566.306213,566.190369,566.108093,565.962524,565.817688,565.691833,565.608521,565.543030,565.441162,PAR,6987.300293,6987.300293,6987.300293,6987.300293,6987.300293,6987.300293,6987.300293,6987.300293,6987.300293,6987.300293,6987.300293,6987.300293,6987.300293,6987.300293,6987.300293,6987.300293,6987.300293,6987.300293,6987.300293,6987.300293,6987.300293,6987.300293,6987.300293,6987.300293,6987.300293,6987.300293,6987.300293,6987.300293,6987.300293,6987.300293,6929.077148,6870.854004,6812.630859,6754.407715,6696.184570,6637.961914,6579.738770,6521.515625,6463.292480,6405.069336,6346.846680,6288.623535,6230.400391,6172.177246,6113.954102,6055.730957,5997.508301,5939.285156,5881.062012,5822.838867,5764.615723,5706.393066,5648.169922,5589.946777,5531.723633,5473.500488,5415.277344,5357.054688,5298.831543,5240.608398,6987.300293,6987.300293,6987.300293,6987.300293,6987.300293,6987.300293,6987.300293,6987.300293,6987.300293,6987.300293,6987.300293,6987.300293,6987.300293,6987.300293,6987.300293,6987.300293,6987.300293,6987.300293,6987.300293,6987.300293,6987.300293,6987.300293,6987.300293,6987.300293,6987.300293,6987.300293,6987.300293,6987.300293,6987.300293,6987.300293,PHASE,1,1,1,1,1,1,1,1,1,1,1,1,1,1,1,1,1,1,1,1,1,1,1,1,1,1,1,1,1,1,2,2,2,2,2,2,2,2,2,2,2,2,2,2,2,2,2,2,2,2,2,2,2,2,2,2,2,2,2,2,3,3,3,3,3,3,3,3,3,3,3,3,3,3,3,3,3,3,3,3,3,3,3,3,3,3,3,3,3,3,FLASH_END
13,07:38:05,2026-07-20,Auto gsw+F,LI-COR Default,,013,,,-0.024293,2.566812,-0.024525,-0.141784,3.201948,3.206317,3.694495,0.492548,36.169907,36.120613,41.676952,0.441786,7.500000,PSF-00548_20260720073805_2d9,0.000000,0.000000,0.000000,100.228432,458.794769,0.781540,0.5,0.80,2.305772,1.000000,86.86,86.98,27.50,27.54,27.54,88.65,122.5,122.3,0.1,7,4.056,07:35:44,2026-07-20,-0.40,1,-0.001,0.001,0.011,0.140,0.296,0.780,1,150,0.005,2.000000,0.058905,0.000000,0.029230,0.000000,0.000000,-0.000068,standard,0,mpf,7000,500,5.000000,2.000000,300,300,300,457.782257,25,-0.654518,457.360260,457.858032,-0.497772,2.516851,2.500655,1.384209,0.849383,0.246881,0.000854,0.158362,0.113693,100.228432,0.000225,2.389264,-0.000064,1.000000,2.373994,-0.000050,1.000000,0.600671,0.600225,0.107215,0.000000,PSF-00548_20260720073805_2d9,PFA-00618,PSA-00618,PSF-00548,RHS-0688,3.0.0,2022-04-21T19:36:20.491Z,MEASUREMENT_END
PSF-00548_20260720073805_2d9,07:38:05,2026-07-20,PFA-00618,PSA-00618,PSF-00548,0.000000,0.000000,0.000000,458.794769,100.228432,0.781540,14.054093,TIME,0.000000,0.010000,0.020000,0.030000,0.040000,0.050000,0.060000,0.070000,0.080000,0.090000,0.100000,0.110000,0.120000,0.130000,0.140000,0.150000,0.160000,0.170000,0.180000,0.190000,0.200000,0.210000,0.220000,0.230000,0.240000,0.250000,0.260000,0.270000,0.280000,0.290000,0.300000,0.310000,0.320000,0.330000,0.340000,0.350000,0.360000,0.370000,0.380000,0.390000,0.400000,0.410000,0.420000,0.430000,0.440000,0.450000,0.460000,0.470000,0.480000,0.490000,0.500000,0.510000,0.520000,0.530000,0.540000,0.550000,0.560000,0.570000,0.580000,0.590000,0.600000,0.610000,0.620000,0.630000,0.640000,0.650000,0.660000,0.670000,0.680000,0.690000,0.700000,0.710000,0.720000,0.730000,0.740000,0.750000,0.760000,0.770000,0.780000,0.790000,0.800000,0.810000,0.820000,0.830000,0.839999,0.849999,0.859999,0.869999,0.879999,0.889999,FLR,244.631058,385.511749,428.827271,443.138824,448.935272,451.824554,453.530060,454.627991,455.355774,455.854645,456.274872,456.499817,456.735504,456.912872,457.041992,457.165375,457.255829,457.357056,457.440735,457.492584,457.571625,457.612396,457.651031,457.696808,457.725769,457.735046,457.754730,457.748657,457.782257,457.743286,457.796570,457.787628,457.773315,457.829468,457.775116,457.814819,457.783356,457.792633,457.768311,457.790497,457.802307,457.768311,457.774414,457.751160,457.744720,457.772247,457.735046,457.742920,457.746155,457.689270,457.722900,457.639221,457.620972,457.635651,457.604523,457.574127,457.545868,457.548370,457.534424,457.483276,457.021606,457.328796,457.360260,457.322723,457.225800,457.158203,457.056641,456.955444,456.884613,456.774109,456.729401,456.601379,456.505188,456.459747,456.363556,456.301697,456.226227,456.153625,456.081390,455.993408,455.954803,455.845703,455.746643,455.703369,455.633636,455.586090,455.544220,455.525269,455.499542,455.414062,PAR,6987.300293,6987.300293,6987.300293,6987.300293,6987.300293,6987.300293,6987.300293,6987.300293,6987.300293,6987.300293,6987.300293,6987.300293,6987.300293,6987.300293,6987.300293,6987.300293,6987.300293,6987.300293,6987.300293,6987.300293,6987.300293,6987.300293,6987.300293,6987.300293,6987.300293,6987.300293,6987.300293,6987.300293,6987.300293,6987.300293,6929.077148,6870.854004,6812.630859,6754.407715,6696.184570,6637.961914,6579.738770,6521.515625,6463.292480,6405.069336,6346.846680,6288.623535,6230.400391,6172.177246,6113.954102,6055.730957,5997.508301,5939.285156,5881.062012,5822.838867,5764.615723,5706.393066,5648.169922,5589.946777,5531.723633,5473.500488,5415.277344,5357.054688,5298.831543,5240.608398,6987.300293,6987.300293,6987.300293,6987.300293,6987.300293,6987.300293,6987.300293,6987.300293,6987.300293,6987.300293,6987.300293,6987.300293,6987.300293,6987.300293,6987.300293,6987.300293,6987.300293,6987.300293,6987.300293,6987.300293,6987.300293,6987.300293,6987.300293,6987.300293,6987.300293,6987.300293,6987.300293,6987.300293,6987.300293,6987.300293,PHASE,1,1,1,1,1,1,1,1,1,1,1,1,1,1,1,1,1,1,1,1,1,1,1,1,1,1,1,1,1,1,2,2,2,2,2,2,2,2,2,2,2,2,2,2,2,2,2,2,2,2,2,2,2,2,2,2,2,2,2,2,3,3,3,3,3,3,3,3,3,3,3,3,3,3,3,3,3,3,3,3,3,3,3,3,3,3,3,3,3,3,FLASH_END
14,07:38:14,2026-07-20,Auto gsw+F,LI-COR Default,,014,,,-0.013336,2.573806,-0.013406,-0.076157,3.206900,3.209237,3.690904,0.484004,36.202225,36.175869,41.635738,0.441786,7.500000,PSF-00548_20260720073814_a0a,0.000000,0.000000,0.000000,101.685402,496.802795,0.795320,0.5,0.80,2.342542,1.000000,86.86,86.92,27.53,27.52,27.52,88.65,123.0,122.2,0.7,7,4.056,07:35:44,2026-07-20,-0.40,1,0.004,0.001,-9999.000,0.637,1.208,-9999.000,1,150,0.005,2.000000,0.058905,0.000000,0.029230,0.000000,0.000000,-0.000068,standard,0,mpf,7000,500,5.000000,2.000000,300,300,300,496.410004,25,-0.269079,495.254883,496.417694,-1.162811,2.516763,2.500642,1.388505,0.849053,0.246614,0.000354,0.159288,0.113682,101.685402,0.000227,2.389264,-0.000064,1.000000,2.373994,-0.000050,1.000000,0.600671,0.600225,0.107215,0.000000,PSF-00548_20260720073814_a0a,PFA-00618,PSA-00618,PSF-00548,RHS-0688,3.0.0,2022-04-21T19:36:20.491Z,MEASUREMENT_END
PSF-00548_20260720073814_a0a,07:38:14,2026-07-20,PFA-00618,PSA-00618,PSF-00548,0.000000,0.000000,0.000000,496.802795,101.685402,0.795320,14.041877,TIME,0.000000,0.010000,0.020000,0.030000,0.040000,0.050000,0.060000,0.070000,0.080000,0.090000,0.100000,0.110000,0.120000,0.130000,0.140000,0.150000,0.160000,0.170000,0.180000,0.190000,0.200000,0.210000,0.220000,0.230000,0.240000,0.250000,0.260000,0.270000,0.280000,0.290000,0.300000,0.310000,0.320000,0.330000,0.340000,0.350000,0.360000,0.370000,0.380000,0.390000,0.400000,0.410000,0.420000,0.430000,0.440000,0.450000,0.460000,0.470000,0.480000,0.490000,0.500000,0.510000,0.520000,0.530000,0.540000,0.550000,0.560000,0.570000,0.580000,0.590000,0.600000,0.610000,0.620000,0.630000,0.640000,0.650000,0.660000,0.670000,0.680000,0.690000,0.700000,0.710000,0.720000,0.730000,0.740000,0.750000,0.760000,0.770000,0.780000,0.790000,0.800000,0.810000,0.820000,0.830000,0.839999,0.849999,0.859999,0.869999,0.879999,0.889999,FLR,261.338348,417.148224,465.075378,479.707001,484.952332,487.477905,489.083649,490.336761,491.402496,492.270111,493.074402,493.686676,494.204529,494.659058,495.022430,495.311737,495.557434,495.757355,495.931854,496.049530,496.183289,496.248352,496.302002,496.357452,496.386780,496.392120,496.410004,496.402496,496.393921,496.370300,496.356018,496.403229,496.355286,496.425018,496.367798,496.411804,496.386047,496.415009,496.386047,496.401062,496.432892,496.359955,496.374237,496.339203,496.326691,496.424316,496.372101,496.366028,496.378174,496.334198,496.402863,496.366730,496.315948,496.344910,496.307739,496.314880,496.259460,496.278046,496.277679,496.240845,495.087158,495.252380,495.254883,495.192291,495.134338,495.042786,494.961609,494.883301,494.795685,494.713776,494.653351,494.498505,494.421234,494.359009,494.283203,494.189850,494.093658,494.028564,493.950958,493.862976,493.816498,493.694550,493.608704,493.559723,493.457428,493.384491,493.309021,493.206726,493.157043,493.025055,PAR,6987.300293,6987.300293,6987.300293,6987.300293,6987.300293,6987.300293,6987.300293,6987.300293,6987.300293,6987.300293,6987.300293,6987.300293,6987.300293,6987.300293,6987.300293,6987.300293,6987.300293,6987.300293,6987.300293,6987.300293,6987.300293,6987.300293,6987.300293,6987.300293,6987.300293,6987.300293,6987.300293,6987.300293,6987.300293,6987.300293,6929.077148,6870.854004,6812.630859,6754.407715,6696.184570,6637.961914,6579.738770,6521.515625,6463.292480,6405.069336,6346.846680,6288.623535,6230.400391,6172.177246,6113.954102,6055.730957,5997.508301,5939.285156,5881.062012,5822.838867,5764.615723,5706.393066,5648.169922,5589.946777,5531.723633,5473.500488,5415.277344,5357.054688,5298.831543,5240.608398,6987.300293,6987.300293,6987.300293,6987.300293,6987.300293,6987.300293,6987.300293,6987.300293,6987.300293,6987.300293,6987.300293,6987.300293,6987.300293,6987.300293,6987.300293,6987.300293,6987.300293,6987.300293,6987.300293,6987.300293,6987.300293,6987.300293,6987.300293,6987.300293,6987.300293,6987.300293,6987.300293,6987.300293,6987.300293,6987.300293,PHASE,1,1,1,1,1,1,1,1,1,1,1,1,1,1,1,1,1,1,1,1,1,1,1,1,1,1,1,1,1,1,2,2,2,2,2,2,2,2,2,2,2,2,2,2,2,2,2,2,2,2,2,2,2,2,2,2,2,2,2,2,3,3,3,3,3,3,3,3,3,3,3,3,3,3,3,3,3,3,3,3,3,3,3,3,3,3,3,3,3,3,FLASH_END
15,07:38:23,2026-07-20,Auto gsw+F,LI-COR Default,,015,,,-0.044450,2.573519,-0.045231,-0.260997,3.224984,3.232991,3.716454,0.491470,36.471725,36.381401,41.925732,0.441786,7.500000,PSF-00548_20260720073823_0d8,0.000000,0.000000,0.000000,109.854340,520.989075,0.789143,0.5,0.80,2.079099,1.000000,87.19,87.40,27.56,27.64,27.64,88.64,123.0,122.4,0.5,7,4.086,07:35:44,2026-07-20,-0.40,1,-0.000,0.002,-9999.000,1.436,2.645,-9999.000,1,150,0.005,2.000000,0.058905,0.000000,0.029230,0.000000,0.000000,-0.000068,standard,0,mpf,7000,500,5.000000,2.000000,300,300,300,520.989075,25,0.294533,518.925537,521.410583,-2.485046,2.517394,2.501070,1.388328,0.849512,0.246302,0.001333,0.160342,0.113000,109.854340,0.000225,2.389264,-0.000064,1.000000,2.373994,-0.000050,1.000000,0.600671,0.600225,0.107215,0.000000,PSF-00548_20260720073823_0d8,PFA-00618,PSA-00618,PSF-00548,RHS-0688,3.0.0,2022-04-21T19:36:20.491Z,MEASUREMENT_END
PSF-00548_20260720073823_0d8,07:38:23,2026-07-20,PFA-00618,PSA-00618,PSF-00548,0.000000,0.000000,0.000000,520.989075,109.854340,0.789143,13.264933,TIME,0.000000,0.010000,0.020000,0.030000,0.040000,0.050000,0.060000,0.070000,0.080000,0.090000,0.100000,0.110000,0.120000,0.130000,0.140000,0.150000,0.160000,0.170000,0.180000,0.190000,0.200000,0.210000,0.220000,0.230000,0.240000,0.250000,0.260000,0.270000,0.280000,0.290000,0.300000,0.310000,0.320000,0.330000,0.340000,0.350000,0.360000,0.370000,0.380000,0.390000,0.400000,0.410000,0.420000,0.430000,0.440000,0.450000,0.460000,0.470000,0.480000,0.490000,0.500000,0.510000,0.520000,0.530000,0.540000,0.550000,0.560000,0.570000,0.580000,0.590000,0.600000,0.610000,0.620000,0.630000,0.640000,0.650000,0.660000,0.670000,0.680000,0.690000,0.700000,0.710000,0.720000,0.730000,0.740000,0.750000,0.760000,0.770000,0.780000,0.790000,0.800000,0.810000,0.820000,0.830000,0.839999,0.849999,0.859999,0.869999,0.879999,0.889999,FLR,291.392334,454.202423,495.113617,506.182556,510.296356,512.687073,514.445557,515.832764,516.998291,517.882690,518.612976,519.141541,519.590027,519.971619,520.206238,520.437256,520.587097,520.738708,520.858887,520.885376,520.989075,520.976562,520.965454,520.976929,520.954346,520.921814,520.893188,520.858887,520.830994,520.764832,520.734436,520.782349,520.701904,520.827393,520.745850,520.860657,520.775574,520.834900,520.780212,520.803101,520.904663,520.804871,520.844604,520.798828,520.852112,520.890686,520.811340,520.870667,520.911072,520.817383,520.919312,520.923279,520.815247,520.895691,520.875305,520.893921,520.830261,520.881775,520.915771,520.904297,518.831482,518.925537,518.879395,518.806091,518.678040,518.600464,518.514282,518.410217,518.363342,518.241760,518.210999,518.091919,518.008972,517.933838,517.850525,517.772583,517.692444,517.615906,517.541870,517.456055,517.406677,517.295837,517.220398,517.157410,517.072327,516.980042,516.920715,516.846313,516.791199,516.692139,PAR,6987.300293,6987.300293,6987.300293,6987.300293,6987.300293,6987.300293,6987.300293,6987.300293,6987.300293,6987.300293,6987.300293,6987.300293,6987.300293,6987.300293,6987.300293,6987.300293,6987.300293,6987.300293,6987.300293,6987.300293,6987.300293,6987.300293,6987.300293,6987.300293,6987.300293,6987.300293,6987.300293,6987.300293,6987.300293,6987.300293,6929.077148,6870.854004,6812.630859,6754.407715,6696.184570,6637.961914,6579.738770,6521.515625,6463.292480,6405.069336,6346.846680,6288.623535,6230.400391,6172.177246,6113.954102,6055.730957,5997.508301,5939.285156,5881.062012,5822.838867,5764.615723,5706.393066,5648.169922,5589.946777,5531.723633,5473.500488,5415.277344,5357.054688,5298.831543,5240.608398,6987.300293,6987.300293,6987.300293,6987.300293,6987.300293,6987.300293,6987.300293,6987.300293,6987.300293,6987.300293,6987.300293,6987.300293,6987.300293,6987.300293,6987.300293,6987.300293,6987.300293,6987.300293,6987.300293,6987.300293,6987.300293,6987.300293,6987.300293,6987.300293,6987.300293,6987.300293,6987.300293,6987.300293,6987.300293,6987.300293,PHASE,1,1,1,1,1,1,1,1,1,1,1,1,1,1,1,1,1,1,1,1,1,1,1,1,1,1,1,1,1,1,2,2,2,2,2,2,2,2,2,2,2,2,2,2,2,2,2,2,2,2,2,2,2,2,2,2,2,2,2,2,3,3,3,3,3,3,3,3,3,3,3,3,3,3,3,3,3,3,3,3,3,3,3,3,3,3,3,3,3,3,FLASH_END
16,07:38:42,2026-07-20,Auto gsw+F,LI-COR Default,,016,,,-0.002224,2.581595,-0.002225,-0.013170,3.231750,3.232152,3.735641,0.503891,36.466999,36.462467,42.147655,0.441786,7.500000,PSF-00548_20260720073842_ba3,0.000000,0.000000,0.000000,122.877716,527.022339,0.766845,0.5,0.80,3.515841,1.000000,87.04,87.05,27.63,27.73,27.73,88.63,123.7,123.1,0.4,11,4.085,07:35:44,2026-07-20,-0.40,1,0.001,-0.003,-9999.000,2.995,3.579,-9999.000,1,150,0.005,2.000000,0.058905,0.000000,0.029230,0.000000,0.000000,-0.000068,standard,0,mpf,7000,500,5.000000,2.000000,300,300,300,526.426086,25,-1.250856,523.043274,525.232178,-2.188904,2.516909,2.500864,1.393325,0.851234,0.245679,0.001608,0.162571,0.117282,122.877716,0.000226,2.389264,-0.000064,1.000000,2.373994,-0.000050,1.000000,0.600671,0.600225,0.107215,0.000000,PSF-00548_20260720073842_ba3,PFA-00618,PSA-00618,PSF-00548,RHS-0688,3.0.0,2022-04-21T19:36:20.491Z,MEASUREMENT_END
PSF-00548_20260720073842_ba3,07:38:42,2026-07-20,PFA-00618,PSA-00618,PSF-00548,0.000000,0.000000,0.000000,527.022339,122.877716,0.766845,18.140385,TIME,0.000000,0.010000,0.020000,0.030000,0.040000,0.050000,0.060000,0.070000,0.080000,0.090000,0.100000,0.110000,0.120000,0.130000,0.140000,0.150000,0.160000,0.170000,0.180000,0.190000,0.200000,0.210000,0.220000,0.230000,0.240000,0.250000,0.260000,0.270000,0.280000,0.290000,0.300000,0.310000,0.320000,0.330000,0.340000,0.350000,0.360000,0.370000,0.380000,0.390000,0.400000,0.410000,0.420000,0.430000,0.440000,0.450000,0.460000,0.470000,0.480000,0.490000,0.500000,0.510000,0.520000,0.530000,0.540000,0.550000,0.560000,0.570000,0.580000,0.590000,0.600000,0.610000,0.620000,0.630000,0.640000,0.650000,0.660000,0.670000,0.680000,0.690000,0.700000,0.710000,0.720000,0.730000,0.740000,0.750000,0.760000,0.770000,0.780000,0.790000,0.800000,0.810000,0.820000,0.830000,0.839999,0.849999,0.859999,0.869999,0.879999,0.889999,FLR,308.738708,460.585724,500.600342,513.963440,519.564270,522.363037,523.940918,524.917236,525.544189,525.878906,526.156433,526.246887,526.335571,526.413208,526.426086,526.395325,526.340942,526.297302,526.237610,526.142822,526.090271,525.986572,525.931458,525.862122,525.783081,525.728333,525.606018,525.524170,525.411133,525.330994,525.272339,525.272034,525.151489,525.216553,525.099976,525.148621,525.054932,525.121094,525.046692,525.059570,525.112183,524.995178,525.029907,524.964478,524.970154,524.978027,524.895813,524.909363,524.925842,524.817810,524.888611,524.832825,524.763794,524.784180,524.763123,524.742371,524.705505,524.682312,524.696960,524.670471,522.901672,523.043274,523.021118,522.961365,522.864441,522.768982,522.659546,522.574768,522.489319,522.380920,522.334473,522.235046,522.112000,522.028687,521.917847,521.839111,521.732544,521.645996,521.560181,521.466492,521.407471,521.275879,521.207947,521.133545,521.020874,520.952209,520.859985,520.760864,520.701172,520.600647,PAR,6987.300293,6987.300293,6987.300293,6987.300293,6987.300293,6987.300293,6987.300293,6987.300293,6987.300293,6987.300293,6987.300293,6987.300293,6987.300293,6987.300293,6987.300293,6987.300293,6987.300293,6987.300293,6987.300293,6987.300293,6987.300293,6987.300293,6987.300293,6987.300293,6987.300293,6987.300293,6987.300293,6987.300293,6987.300293,6987.300293,6929.077148,6870.854004,6812.630859,6754.407715,6696.184570,6637.961914,6579.738770,6521.515625,6463.292480,6405.069336,6346.846680,6288.623535,6230.400391,6172.177246,6113.954102,6055.730957,5997.508301,5939.285156,5881.062012,5822.838867,5764.615723,5706.393066,5648.169922,5589.946777,5531.723633,5473.500488,5415.277344,5357.054688,5298.831543,5240.608398,6987.300293,6987.300293,6987.300293,6987.300293,6987.300293,6987.300293,6987.300293,6987.300293,6987.300293,6987.300293,6987.300293,6987.300293,6987.300293,6987.300293,6987.300293,6987.300293,6987.300293,6987.300293,6987.300293,6987.300293,6987.300293,6987.300293,6987.300293,6987.300293,6987.300293,6987.300293,6987.300293,6987.300293,6987.300293,6987.300293,PHASE,1,1,1,1,1,1,1,1,1,1,1,1,1,1,1,1,1,1,1,1,1,1,1,1,1,1,1,1,1,1,2,2,2,2,2,2,2,2,2,2,2,2,2,2,2,2,2,2,2,2,2,2,2,2,2,2,2,2,2,2,3,3,3,3,3,3,3,3,3,3,3,3,3,3,3,3,3,3,3,3,3,3,3,3,3,3,3,3,3,3,FLASH_END
17,07:38:53,2026-07-20,Auto gsw+F,LI-COR Default,,017,,,-0.037367,2.583641,-0.037915,-0.223719,3.243730,3.250546,3.746079,0.502350,36.674526,36.597626,42.265423,0.441786,7.500000,PSF-00548_20260720073853_773,0.000000,0.000000,0.000000,139.588242,532.620544,0.737922,0.5,0.80,4.251632,1.000000,87.17,87.36,27.66,27.78,27.78,88.63,123.8,123.5,0.3,14,4.085,07:35:44,2026-07-20,-0.40,1,-0.001,-0.000,-0.010,1.310,3.515,7.294,1,150,0.005,2.000000,0.058905,0.000000,0.029230,0.000000,0.000000,-0.000068,standard,0,mpf,7000,500,5.000000,2.000000,300,300,300,532.570496,25,-0.356348,530.087097,532.110535,-2.023438,2.517299,2.501025,1.394598,0.852137,0.245308,0.001718,0.163792,0.119865,139.588242,0.000225,2.389264,-0.000064,1.000000,2.373994,-0.000050,1.000000,0.600671,0.600225,0.107215,0.000000,PSF-00548_20260720073853_773,PFA-00618,PSA-00618,PSF-00548,RHS-0688,3.0.0,2022-04-21T19:36:20.491Z,MEASUREMENT_END
PSF-00548_20260720073853_773,07:38:53,2026-07-20,PFA-00618,PSA-00618,PSF-00548,0.000000,0.000000,0.000000,532.620544,139.588242,0.737922,21.082432,TIME,0.000000,0.010000,0.020000,0.030000,0.040000,0.050000,0.060000,0.070000,0.080000,0.090000,0.100000,0.110000,0.120000,0.130000,0.140000,0.150000,0.160000,0.170000,0.180000,0.190000,0.200000,0.210000,0.220000,0.230000,0.240000,0.250000,0.260000,0.270000,0.280000,0.290000,0.300000,0.310000,0.320000,0.330000,0.340000,0.350000,0.360000,0.370000,0.380000,0.390000,0.400000,0.410000,0.420000,0.430000,0.440000,0.450000,0.460000,0.470000,0.480000,0.490000,0.500000,0.510000,0.520000,0.530000,0.540000,0.550000,0.560000,0.570000,0.580000,0.590000,0.600000,0.610000,0.620000,0.630000,0.640000,0.650000,0.660000,0.670000,0.680000,0.690000,0.700000,0.710000,0.720000,0.730000,0.740000,0.750000,0.760000,0.770000,0.780000,0.790000,0.800000,0.810000,0.820000,0.830000,0.839999,0.849999,0.859999,0.869999,0.879999,0.889999,FLR,341.900482,482.564819,512.457520,522.737488,527.305847,529.597534,530.781982,531.475403,531.911011,532.152405,532.362000,532.428528,532.511841,532.537964,532.561890,532.555115,532.570496,532.546875,532.509338,532.456726,532.457825,532.367371,532.352661,532.351257,532.302612,532.237183,532.212524,532.164246,532.123779,532.058716,532.048340,532.106262,532.064453,532.156372,532.067322,532.169556,532.075867,532.118774,532.064087,532.073364,532.152771,532.012207,532.061218,531.980408,532.029419,532.039429,531.936401,531.983948,532.032227,531.936768,532.024414,532.025818,531.948181,531.982910,531.981140,531.986816,531.922119,531.970398,531.994690,531.978943,529.995911,530.087097,530.010559,529.901489,529.763489,529.639709,529.519226,529.396179,529.306396,529.159424,529.102905,528.945190,528.847595,528.755676,528.654480,528.538940,528.438782,528.330078,528.214233,528.113342,528.043640,527.899475,527.794006,527.707458,527.573730,527.453552,527.344849,527.239319,527.117371,526.989685,PAR,6987.300293,6987.300293,6987.300293,6987.300293,6987.300293,6987.300293,6987.300293,6987.300293,6987.300293,6987.300293,6987.300293,6987.300293,6987.300293,6987.300293,6987.300293,6987.300293,6987.300293,6987.300293,6987.300293,6987.300293,6987.300293,6987.300293,6987.300293,6987.300293,6987.300293,6987.300293,6987.300293,6987.300293,6987.300293,6987.300293,6929.077148,6870.854004,6812.630859,6754.407715,6696.184570,6637.961914,6579.738770,6521.515625,6463.292480,6405.069336,6346.846680,6288.623535,6230.400391,6172.177246,6113.954102,6055.730957,5997.508301,5939.285156,5881.062012,5822.838867,5764.615723,5706.393066,5648.169922,5589.946777,5531.723633,5473.500488,5415.277344,5357.054688,5298.831543,5240.608398,6987.300293,6987.300293,6987.300293,6987.300293,6987.300293,6987.300293,6987.300293,6987.300293,6987.300293,6987.300293,6987.300293,6987.300293,6987.300293,6987.300293,6987.300293,6987.300293,6987.300293,6987.300293,6987.300293,6987.300293,6987.300293,6987.300293,6987.300293,6987.300293,6987.300293,6987.300293,6987.300293,6987.300293,6987.300293,6987.300293,PHASE,1,1,1,1,1,1,1,1,1,1,1,1,1,1,1,1,1,1,1,1,1,1,1,1,1,1,1,1,1,1,2,2,2,2,2,2,2,2,2,2,2,2,2,2,2,2,2,2,2,2,2,2,2,2,2,2,2,2,2,2,3,3,3,3,3,3,3,3,3,3,3,3,3,3,3,3,3,3,3,3,3,3,3,3,3,3,3,3,3,3,FLASH_END
18,07:39:01,2026-07-20,Auto gsw+F,LI-COR Default,,018,,,-0.025175,2.583242,-0.025422,-0.148944,3.255740,3.260278,3.754499,0.498759,36.783192,36.731987,42.359100,0.441786,7.500000,PSF-00548_20260720073901_5d8,0.000000,0.000000,0.000000,117.837669,526.229309,0.776072,0.5,0.80,2.148947,1.000000,87.35,87.48,27.69,27.82,27.82,88.64,123.8,123.8,-0.0,7,4.084,07:35:44,2026-07-20,-0.40,1,-0.000,0.002,-9999.000,1.708,3.675,-9999.000,1,150,0.005,2.000000,0.058905,0.000000,0.029230,0.000000,0.000000,-0.000068,standard,0,mpf,7000,500,5.000000,2.000000,300,300,300,525.933960,25,-0.309078,524.301025,525.786987,-1.485962,2.517452,2.501261,1.394350,0.852915,0.245041,0.001843,0.164645,0.113295,117.837669,0.000225,2.389264,-0.000064,1.000000,2.373994,-0.000050,1.000000,0.600671,0.600225,0.107215,0.000000,PSF-00548_20260720073901_5d8,PFA-00618,PSA-00618,PSF-00548,RHS-0688,3.0.0,2022-04-21T19:36:20.491Z,MEASUREMENT_END
PSF-00548_20260720073901_5d8,07:39:01,2026-07-20,PFA-00618,PSA-00618,PSF-00548,0.000000,0.000000,0.000000,526.229309,117.837669,0.776072,13.600876,TIME,0.000000,0.010000,0.020000,0.030000,0.040000,0.050000,0.060000,0.070000,0.080000,0.090000,0.100000,0.110000,0.120000,0.130000,0.140000,0.150000,0.160000,0.170000,0.180000,0.190000,0.200000,0.210000,0.220000,0.230000,0.240000,0.250000,0.260000,0.270000,0.280000,0.290000,0.300000,0.310000,0.320000,0.330000,0.340000,0.350000,0.360000,0.370000,0.380000,0.390000,0.400000,0.410000,0.420000,0.430000,0.440000,0.450000,0.460000,0.470000,0.480000,0.490000,0.500000,0.510000,0.520000,0.530000,0.540000,0.550000,0.560000,0.570000,0.580000,0.590000,0.600000,0.610000,0.620000,0.630000,0.640000,0.650000,0.660000,0.670000,0.680000,0.690000,0.700000,0.710000,0.720000,0.730000,0.740000,0.750000,0.760000,0.770000,0.780000,0.790000,0.800000,0.810000,0.820000,0.830000,0.839999,0.849999,0.859999,0.869999,0.879999,0.889999,FLR,306.367981,464.292542,503.073700,514.125122,518.352600,520.622498,522.129150,523.164856,523.968079,524.505981,524.942993,525.230164,525.403992,525.558838,525.654663,525.725098,525.777710,525.822754,525.862427,525.866760,525.933960,525.876770,525.882812,525.897522,525.847412,525.830261,525.777710,525.752686,525.734070,525.682190,525.696533,525.769470,525.704712,525.788086,525.708679,525.784485,525.734436,525.786621,525.735474,525.760193,525.804138,525.695068,525.759460,525.699707,525.754089,525.771240,525.754089,525.783752,525.780579,525.696899,525.773743,525.722961,525.685059,525.700806,525.661499,525.647156,525.599976,525.586731,525.609985,525.580261,524.102905,524.301025,524.293518,524.227722,524.104370,523.985291,523.916626,523.801819,523.718140,523.591187,523.507446,523.360474,523.256042,523.175964,523.048279,522.944946,522.815125,522.691711,522.554749,522.440674,522.345886,522.187134,522.021912,521.866333,521.690369,521.536255,521.398926,521.235840,521.106384,520.956848,PAR,6987.300293,6987.300293,6987.300293,6987.300293,6987.300293,6987.300293,6987.300293,6987.300293,6987.300293,6987.300293,6987.300293,6987.300293,6987.300293,6987.300293,6987.300293,6987.300293,6987.300293,6987.300293,6987.300293,6987.300293,6987.300293,6987.300293,6987.300293,6987.300293,6987.300293,6987.300293,6987.300293,6987.300293,6987.300293,6987.300293,6929.077148,6870.854004,6812.630859,6754.407715,6696.184570,6637.961914,6579.738770,6521.515625,6463.292480,6405.069336,6346.846680,6288.623535,6230.400391,6172.177246,6113.954102,6055.730957,5997.508301,5939.285156,5881.062012,5822.838867,5764.615723,5706.393066,5648.169922,5589.946777,5531.723633,5473.500488,5415.277344,5357.054688,5298.831543,5240.608398,6987.300293,6987.300293,6987.300293,6987.300293,6987.300293,6987.300293,6987.300293,6987.300293,6987.300293,6987.300293,6987.300293,6987.300293,6987.300293,6987.300293,6987.300293,6987.300293,6987.300293,6987.300293,6987.300293,6987.300293,6987.300293,6987.300293,6987.300293,6987.300293,6987.300293,6987.300293,6987.300293,6987.300293,6987.300293,6987.300293,PHASE,1,1,1,1,1,1,1,1,1,1,1,1,1,1,1,1,1,1,1,1,1,1,1,1,1,1,1,1,1,1,2,2,2,2,2,2,2,2,2,2,2,2,2,2,2,2,2,2,2,2,2,2,2,2,2,2,2,2,2,2,3,3,3,3,3,3,3,3,3,3,3,3,3,3,3,3,3,3,3,3,3,3,3,3,3,3,3,3,3,3,FLASH_END
19,07:40:10,2026-07-20,Auto gsw+F,LI-COR Default,,019,,,-0.012717,2.606217,-0.012780,-0.072186,3.245294,3.247462,3.726388,0.481094,36.629093,36.604641,42.031036,0.441786,7.500000,PSF-00548_20260720074010_a2d,0.000000,0.000000,0.000000,107.503654,514.886108,0.791209,0.5,0.80,1.084614,1.000000,85.93,85.99,27.92,27.69,27.69,88.66,125.6,125.2,0.4,3,4.082,07:35:44,2026-07-20,-0.40,1,-0.000,0.000,0.018,0.765,1.389,2.877,1,150,0.005,2.000000,0.058905,0.000000,0.029230,0.000000,0.000000,-0.000068,standard,0,mpf,7000,500,5.000000,2.000000,300,300,300,511.006226,25,-2.985327,508.042572,510.613617,-2.571045,2.515400,2.499310,1.408827,0.856099,0.242857,-0.002203,0.172949,0.110225,107.503654,0.000224,2.389264,-0.000064,1.000000,2.373994,-0.000050,1.000000,0.600671,0.600225,0.107215,0.000000,PSF-00548_20260720074010_a2d,PFA-00618,PSA-00618,PSF-00548,RHS-0688,3.0.0,2022-04-21T19:36:20.491Z,MEASUREMENT_END
PSF-00548_20260720074010_a2d,07:40:10,2026-07-20,PFA-00618,PSA-00618,PSF-00548,0.000000,0.000000,0.000000,514.886108,107.503654,0.791209,10.105437,TIME,0.000000,0.010000,0.020000,0.030000,0.040000,0.050000,0.060000,0.070000,0.080000,0.090000,0.100000,0.110000,0.120000,0.130000,0.140000,0.150000,0.160000,0.170000,0.180000,0.190000,0.200000,0.210000,0.220000,0.230000,0.240000,0.250000,0.260000,0.270000,0.280000,0.290000,0.300000,0.310000,0.320000,0.330000,0.340000,0.350000,0.360000,0.370000,0.380000,0.390000,0.400000,0.410000,0.420000,0.430000,0.440000,0.450000,0.460000,0.470000,0.480000,0.490000,0.500000,0.510000,0.520000,0.530000,0.540000,0.550000,0.560000,0.570000,0.580000,0.590000,0.600000,0.610000,0.620000,0.630000,0.640000,0.650000,0.660000,0.670000,0.680000,0.690000,0.700000,0.710000,0.720000,0.730000,0.740000,0.750000,0.760000,0.770000,0.780000,0.790000,0.800000,0.810000,0.820000,0.830000,0.839999,0.849999,0.859999,0.869999,0.879999,0.889999,FLR,274.230835,425.814972,477.969635,496.858490,504.030334,507.071259,508.468872,509.146576,509.582886,509.868256,510.123260,510.268463,510.433319,510.572784,510.662201,510.755890,510.813843,510.852814,510.891083,510.901459,511.006226,510.983002,510.970825,510.971558,510.942566,510.935059,510.911102,510.843170,510.803467,510.725128,510.683289,510.684723,510.563843,510.560638,510.429749,510.429749,510.323181,510.294922,510.203003,510.165100,510.173676,510.038147,510.054596,509.961243,509.906891,509.929779,509.827484,509.789581,509.802094,509.699463,509.729492,509.681580,509.581818,509.542114,509.504547,509.448059,509.381531,509.345062,509.325745,509.313599,507.881287,508.042572,508.007172,507.942810,507.834778,507.758972,507.652039,507.586945,507.549774,507.480377,507.484680,507.393127,507.340179,507.293701,507.197510,507.121674,507.056946,506.980072,506.923187,506.849518,506.830566,506.726135,506.657471,506.608490,506.521942,506.462219,506.414307,506.342407,506.308441,506.258728,PAR,6987.300293,6987.300293,6987.300293,6987.300293,6987.300293,6987.300293,6987.300293,6987.300293,6987.300293,6987.300293,6987.300293,6987.300293,6987.300293,6987.300293,6987.300293,6987.300293,6987.300293,6987.300293,6987.300293,6987.300293,6987.300293,6987.300293,6987.300293,6987.300293,6987.300293,6987.300293,6987.300293,6987.300293,6987.300293,6987.300293,6929.077148,6870.854004,6812.630859,6754.407715,6696.184570,6637.961914,6579.738770,6521.515625,6463.292480,6405.069336,6346.846680,6288.623535,6230.400391,6172.177246,6113.954102,6055.730957,5997.508301,5939.285156,5881.062012,5822.838867,5764.615723,5706.393066,5648.169922,5589.946777,5531.723633,5473.500488,5415.277344,5357.054688,5298.831543,5240.608398,6987.300293,6987.300293,6987.300293,6987.300293,6987.300293,6987.300293,6987.300293,6987.300293,6987.300293,6987.300293,6987.300293,6987.300293,6987.300293,6987.300293,6987.300293,6987.300293,6987.300293,6987.300293,6987.300293,6987.300293,6987.300293,6987.300293,6987.300293,6987.300293,6987.300293,6987.300293,6987.300293,6987.300293,6987.300293,6987.300293,PHASE,1,1,1,1,1,1,1,1,1,1,1,1,1,1,1,1,1,1,1,1,1,1,1,1,1,1,1,1,1,1,2,2,2,2,2,2,2,2,2,2,2,2,2,2,2,2,2,2,2,2,2,2,2,2,2,2,2,2,2,2,3,3,3,3,3,3,3,3,3,3,3,3,3,3,3,3,3,3,3,3,3,3,3,3,3,3,3,3,3,3,FLASH_END
20,07:40:19,2026-07-20,Auto gsw+F,LI-COR Default,,020,,,-0.010600,2.600157,-0.010643,-0.060834,3.254360,3.256194,3.741127,0.486767,36.726238,36.705555,42.195744,0.441786,7.500000,PSF-00548_20260720074019_0fc,0.000000,0.000000,0.000000,100.908997,487.984009,0.793212,0.5,0.80,1.572893,1.000000,86.04,86.08,27.94,27.76,27.76,88.66,125.2,125.4,-0.2,5,4.081,07:35:44,2026-07-20,-0.40,1,0.003,0.002,-9999.000,0.507,0.819,-9999.000,1,150,0.005,2.000000,0.058905,0.000000,0.029230,0.000000,0.000000,-0.000068,standard,0,mpf,7000,500,5.000000,2.000000,300,300,300,487.363831,25,-0.218173,486.706482,487.671753,-0.965271,2.515516,2.499439,1.404974,0.856661,0.242593,-0.001747,0.173893,0.111569,100.908997,0.000225,2.389264,-0.000064,1.000000,2.373994,-0.000050,1.000000,0.600671,0.600225,0.107215,0.000000,PSF-00548_20260720074019_0fc,PFA-00618,PSA-00618,PSF-00548,RHS-0688,3.0.0,2022-04-21T19:36:20.491Z,MEASUREMENT_END
PSF-00548_20260720074019_0fc,07:40:19,2026-07-20,PFA-00618,PSA-00618,PSF-00548,0.000000,0.000000,0.000000,487.984009,100.908997,0.793212,11.635710,TIME,0.000000,0.010000,0.020000,0.030000,0.040000,0.050000,0.060000,0.070000,0.080000,0.090000,0.100000,0.110000,0.120000,0.130000,0.140000,0.150000,0.160000,0.170000,0.180000,0.190000,0.200000,0.210000,0.220000,0.230000,0.240000,0.250000,0.260000,0.270000,0.280000,0.290000,0.300000,0.310000,0.320000,0.330000,0.340000,0.350000,0.360000,0.370000,0.380000,0.390000,0.400000,0.410000,0.420000,0.430000,0.440000,0.450000,0.460000,0.470000,0.480000,0.490000,0.500000,0.510000,0.520000,0.530000,0.540000,0.550000,0.560000,0.570000,0.580000,0.590000,0.600000,0.610000,0.620000,0.630000,0.640000,0.650000,0.660000,0.670000,0.680000,0.690000,0.700000,0.710000,0.720000,0.730000,0.740000,0.750000,0.760000,0.770000,0.780000,0.790000,0.800000,0.810000,0.820000,0.830000,0.839999,0.849999,0.859999,0.869999,0.879999,0.889999,FLR,255.915283,407.643921,458.158844,473.395935,478.790039,481.288086,482.748260,483.708130,484.375122,484.869019,485.298859,485.563507,485.825287,486.071350,486.216888,486.367462,486.498352,486.597412,486.701477,486.783020,486.888519,486.931793,487.000824,487.068420,487.133850,487.184998,487.246857,487.278687,487.342712,487.363831,487.411377,487.472168,487.464294,487.546570,487.539062,487.638123,487.654572,487.712158,487.697113,487.741821,487.816223,487.739685,487.785461,487.762207,487.762573,487.780090,487.689972,487.702484,487.712860,487.642059,487.692474,487.658844,487.605225,487.610229,487.592346,487.547272,487.466797,487.438202,487.429626,487.375610,486.477600,486.706482,486.673950,486.600983,486.480103,486.367096,486.253021,486.157532,486.081360,485.986603,485.912933,485.756989,485.684753,485.591400,485.468750,485.382904,485.271698,485.168335,485.071777,484.933014,484.875793,484.695923,484.576813,484.455597,484.276062,484.152679,483.976013,483.823303,483.677032,483.517181,PAR,6987.300293,6987.300293,6987.300293,6987.300293,6987.300293,6987.300293,6987.300293,6987.300293,6987.300293,6987.300293,6987.300293,6987.300293,6987.300293,6987.300293,6987.300293,6987.300293,6987.300293,6987.300293,6987.300293,6987.300293,6987.300293,6987.300293,6987.300293,6987.300293,6987.300293,6987.300293,6987.300293,6987.300293,6987.300293,6987.300293,6929.077148,6870.854004,6812.630859,6754.407715,6696.184570,6637.961914,6579.738770,6521.515625,6463.292480,6405.069336,6346.846680,6288.623535,6230.400391,6172.177246,6113.954102,6055.730957,5997.508301,5939.285156,5881.062012,5822.838867,5764.615723,5706.393066,5648.169922,5589.946777,5531.723633,5473.500488,5415.277344,5357.054688,5298.831543,5240.608398,6987.300293,6987.300293,6987.300293,6987.300293,6987.300293,6987.300293,6987.300293,6987.300293,6987.300293,6987.300293,6987.300293,6987.300293,6987.300293,6987.300293,6987.300293,6987.300293,6987.300293,6987.300293,6987.300293,6987.300293,6987.300293,6987.300293,6987.300293,6987.300293,6987.300293,6987.300293,6987.300293,6987.300293,6987.300293,6987.300293,PHASE,1,1,1,1,1,1,1,1,1,1,1,1,1,1,1,1,1,1,1,1,1,1,1,1,1,1,1,1,1,1,2,2,2,2,2,2,2,2,2,2,2,2,2,2,2,2,2,2,2,2,2,2,2,2,2,2,2,2,2,2,3,3,3,3,3,3,3,3,3,3,3,3,3,3,3,3,3,3,3,3,3,3,3,3,3,3,3,3,3,3,FLASH_END
21,07:40:26,2026-07-20,Auto gsw+F,LI-COR Default,,021,,,-0.000145,2.614488,-0.000145,-0.000807,3.259714,3.259738,3.734902,0.475187,36.766216,36.765945,42.125526,0.441786,7.500000,PSF-00548_20260720074026_5dc,0.000000,0.000000,0.000000,108.654144,527.666443,0.794086,0.5,0.80,1.775363,1.000000,86.07,86.07,27.97,27.73,27.73,88.66,126.3,125.4,0.7,6,4.081,07:35:44,2026-07-20,-0.40,1,0.004,0.003,-9999.000,1.155,2.220,-9999.000,1,150,0.005,2.000000,0.058905,0.000000,0.029230,0.000000,0.000000,-0.000068,standard,0,mpf,7000,500,5.000000,2.000000,300,300,300,524.344666,25,-2.556255,521.369202,524.007996,-2.638794,2.515494,2.499482,1.414127,0.856669,0.242391,-0.002312,0.174591,0.112124,108.654144,0.000224,2.389264,-0.000064,1.000000,2.373994,-0.000050,1.000000,0.600671,0.600225,0.107215,0.000000,PSF-00548_20260720074026_5dc,PFA-00618,PSA-00618,PSF-00548,RHS-0688,3.0.0,2022-04-21T19:36:20.491Z,MEASUREMENT_END
PSF-00548_20260720074026_5dc,07:40:26,2026-07-20,PFA-00618,PSA-00618,PSF-00548,0.000000,0.000000,0.000000,527.666443,108.654144,0.794086,12.267690,TIME,0.000000,0.010000,0.020000,0.030000,0.040000,0.050000,0.060000,0.070000,0.080000,0.090000,0.100000,0.110000,0.120000,0.130000,0.140000,0.150000,0.160000,0.170000,0.180000,0.190000,0.200000,0.210000,0.220000,0.230000,0.240000,0.250000,0.260000,0.270000,0.280000,0.290000,0.300000,0.310000,0.320000,0.330000,0.340000,0.350000,0.360000,0.370000,0.380000,0.390000,0.400000,0.410000,0.420000,0.430000,0.440000,0.450000,0.460000,0.470000,0.480000,0.490000,0.500000,0.510000,0.520000,0.530000,0.540000,0.550000,0.560000,0.570000,0.580000,0.590000,0.600000,0.610000,0.620000,0.630000,0.640000,0.650000,0.660000,0.670000,0.680000,0.690000,0.700000,0.710000,0.720000,0.730000,0.740000,0.750000,0.760000,0.770000,0.780000,0.790000,0.800000,0.810000,0.820000,0.830000,0.839999,0.849999,0.859999,0.869999,0.879999,0.889999,FLR,279.131042,430.910828,488.443481,510.005951,517.231445,519.937256,521.159668,521.856689,522.341248,522.741821,523.090454,523.344055,523.550049,523.770325,523.911621,524.031738,524.114014,524.174072,524.250244,524.260986,524.344666,524.320374,524.321411,524.316772,524.276001,524.238831,524.195190,524.134399,524.072510,523.994568,523.958435,523.996704,523.906921,523.943054,523.844727,523.875854,523.798950,523.779297,523.669861,523.670166,523.700256,523.546448,523.579712,523.465637,523.433472,523.459534,523.347961,523.318665,523.325439,523.193481,523.236023,523.174194,523.097290,523.096924,523.052551,523.017151,522.942810,522.907349,522.905579,522.844055,521.232239,521.369202,521.319885,521.213623,521.080627,520.955811,520.834229,520.720154,520.627136,520.513428,520.419006,520.272705,520.180481,520.102173,519.992737,519.871094,519.786377,519.690857,519.627563,519.511353,519.452332,519.332153,519.259949,519.160156,519.081482,518.985962,518.909119,518.814331,518.760681,518.659485,PAR,6987.300293,6987.300293,6987.300293,6987.300293,6987.300293,6987.300293,6987.300293,6987.300293,6987.300293,6987.300293,6987.300293,6987.300293,6987.300293,6987.300293,6987.300293,6987.300293,6987.300293,6987.300293,6987.300293,6987.300293,6987.300293,6987.300293,6987.300293,6987.300293,6987.300293,6987.300293,6987.300293,6987.300293,6987.300293,6987.300293,6929.077148,6870.854004,6812.630859,6754.407715,6696.184570,6637.961914,6579.738770,6521.515625,6463.292480,6405.069336,6346.846680,6288.623535,6230.400391,6172.177246,6113.954102,6055.730957,5997.508301,5939.285156,5881.062012,5822.838867,5764.615723,5706.393066,5648.169922,5589.946777,5531.723633,5473.500488,5415.277344,5357.054688,5298.831543,5240.608398,6987.300293,6987.300293,6987.300293,6987.300293,6987.300293,6987.300293,6987.300293,6987.300293,6987.300293,6987.300293,6987.300293,6987.300293,6987.300293,6987.300293,6987.300293,6987.300293,6987.300293,6987.300293,6987.300293,6987.300293,6987.300293,6987.300293,6987.300293,6987.300293,6987.300293,6987.300293,6987.300293,6987.300293,6987.300293,6987.300293,PHASE,1,1,1,1,1,1,1,1,1,1,1,1,1,1,1,1,1,1,1,1,1,1,1,1,1,1,1,1,1,1,2,2,2,2,2,2,2,2,2,2,2,2,2,2,2,2,2,2,2,2,2,2,2,2,2,2,2,2,2,2,3,3,3,3,3,3,3,3,3,3,3,3,3,3,3,3,3,3,3,3,3,3,3,3,3,3,3,3,3,3,FLASH_END
22,07:40:54,2026-07-20,Auto gsw+F,LI-COR Default,,022,,,-0.005576,2.617668,-0.005588,-0.032422,3.284058,3.285024,3.777815,0.493757,37.065197,37.054298,42.625401,0.441786,7.500000,PSF-00548_20260720074054_8f6,0.000000,0.000000,0.000000,105.621460,460.218903,0.770497,0.5,0.80,5.346433,1.000000,86.28,86.31,28.05,27.92,27.92,88.63,126.6,126.0,0.5,17,4.080,07:35:44,2026-07-20,-0.40,1,0.001,0.002,-9999.000,0.141,0.441,-9999.000,1,150,0.005,2.000000,0.058905,0.000000,0.029230,0.000000,0.000000,-0.000068,standard,0,mpf,7000,500,5.000000,2.000000,300,300,300,457.237610,25,-1.945372,456.962952,457.434753,-0.471802,2.515777,2.499737,1.416178,0.857867,0.241564,-0.001068,0.177809,0.122450,105.621460,0.000224,2.389264,-0.000064,1.000000,2.373994,-0.000050,1.000000,0.600671,0.600225,0.107215,0.000000,PSF-00548_20260720074054_8f6,PFA-00618,PSA-00618,PSF-00548,RHS-0688,3.0.0,2022-04-21T19:36:20.491Z,MEASUREMENT_END
PSF-00548_20260720074054_8f6,07:40:54,2026-07-20,PFA-00618,PSA-00618,PSF-00548,0.000000,0.000000,0.000000,460.218903,105.621460,0.770497,24.025702,TIME,0.000000,0.010000,0.020000,0.030000,0.040000,0.050000,0.060000,0.070000,0.080000,0.090000,0.100000,0.110000,0.120000,0.130000,0.140000,0.150000,0.160000,0.170000,0.180000,0.190000,0.200000,0.210000,0.220000,0.230000,0.240000,0.250000,0.260000,0.270000,0.280000,0.290000,0.300000,0.310000,0.320000,0.330000,0.340000,0.350000,0.360000,0.370000,0.380000,0.390000,0.400000,0.410000,0.420000,0.430000,0.440000,0.450000,0.460000,0.470000,0.480000,0.490000,0.500000,0.510000,0.520000,0.530000,0.540000,0.550000,0.560000,0.570000,0.580000,0.590000,0.600000,0.610000,0.620000,0.630000,0.640000,0.650000,0.660000,0.670000,0.680000,0.690000,0.700000,0.710000,0.720000,0.730000,0.740000,0.750000,0.760000,0.770000,0.780000,0.790000,0.800000,0.810000,0.820000,0.830000,0.839999,0.849999,0.859999,0.869999,0.879999,0.889999,FLR,251.408096,386.984833,426.802399,440.140839,445.990204,449.290039,451.459045,452.972900,454.048645,454.817535,455.408325,455.779205,456.102142,456.371429,456.546661,456.687561,456.768738,456.873901,456.944336,456.990479,457.100616,457.114929,457.166443,457.168579,457.183594,457.178955,457.220428,457.227600,457.237610,457.225098,457.283722,457.275879,457.252258,457.294830,457.258331,457.290527,457.247620,457.249756,457.236877,457.234375,457.232941,457.190033,457.186829,457.156769,457.111359,457.097046,457.059509,457.018005,456.955078,456.889618,456.890717,456.778778,456.739441,456.744080,456.670410,456.612457,456.553802,456.542725,456.504456,456.431854,456.511963,456.929321,456.962952,456.923615,456.861023,456.795929,456.741211,456.692932,456.655396,456.600677,456.595306,456.505524,456.465851,456.425079,456.365692,456.332794,456.280579,456.224426,456.191895,456.138977,456.142914,456.060303,456.014160,455.972321,455.909363,455.871094,455.823547,455.770966,455.754150,455.707672,PAR,6987.300293,6987.300293,6987.300293,6987.300293,6987.300293,6987.300293,6987.300293,6987.300293,6987.300293,6987.300293,6987.300293,6987.300293,6987.300293,6987.300293,6987.300293,6987.300293,6987.300293,6987.300293,6987.300293,6987.300293,6987.300293,6987.300293,6987.300293,6987.300293,6987.300293,6987.300293,6987.300293,6987.300293,6987.300293,6987.300293,6929.077148,6870.854004,6812.630859,6754.407715,6696.184570,6637.961914,6579.738770,6521.515625,6463.292480,6405.069336,6346.846680,6288.623535,6230.400391,6172.177246,6113.954102,6055.730957,5997.508301,5939.285156,5881.062012,5822.838867,5764.615723,5706.393066,5648.169922,5589.946777,5531.723633,5473.500488,5415.277344,5357.054688,5298.831543,5240.608398,6987.300293,6987.300293,6987.300293,6987.300293,6987.300293,6987.300293,6987.300293,6987.300293,6987.300293,6987.300293,6987.300293,6987.300293,6987.300293,6987.300293,6987.300293,6987.300293,6987.300293,6987.300293,6987.300293,6987.300293,6987.300293,6987.300293,6987.300293,6987.300293,6987.300293,6987.300293,6987.300293,6987.300293,6987.300293,6987.300293,PHASE,1,1,1,1,1,1,1,1,1,1,1,1,1,1,1,1,1,1,1,1,1,1,1,1,1,1,1,1,1,1,2,2,2,2,2,2,2,2,2,2,2,2,2,2,2,2,2,2,2,2,2,2,2,2,2,2,2,2,2,2,3,3,3,3,3,3,3,3,3,3,3,3,3,3,3,3,3,3,3,3,3,3,3,3,3,3,3,3,3,3,FLASH_END
23,07:41:04,2026-07-20,Auto gsw+F,LI-COR Default,,023,,,-0.009628,2.625469,-0.009663,-0.054341,3.292629,3.294240,3.771194,0.478565,37.167820,37.149654,42.549145,0.441786,7.500000,PSF-00548_20260720074104_9b8,0.000000,0.000000,0.000000,101.574539,468.234283,0.783069,0.5,0.80,6.974440,1.000000,86.35,86.39,28.08,27.89,27.89,88.63,127.2,126.2,0.8,22,4.080,07:35:44,2026-07-20,-0.40,1,-0.001,-0.002,-9999.000,0.658,0.489,-9999.000,1,150,0.005,2.000000,0.058905,0.000000,0.029230,0.000000,0.000000,-0.000068,standard,0,mpf,7000,500,5.000000,2.000000,300,300,300,463.752502,25,-3.221681,462.642059,463.623505,-0.981445,2.515882,2.499821,1.421239,0.858340,0.241268,-0.001766,0.178864,0.126770,101.574539,0.000227,2.389264,-0.000064,1.000000,2.373994,-0.000050,1.000000,0.600671,0.600225,0.107215,0.000000,PSF-00548_20260720074104_9b8,PFA-00618,PSA-00618,PSF-00548,RHS-0688,3.0.0,2022-04-21T19:36:20.491Z,MEASUREMENT_END
PSF-00548_20260720074104_9b8,07:41:04,2026-07-20,PFA-00618,PSA-00618,PSF-00548,0.000000,0.000000,0.000000,468.234283,101.574539,0.783069,28.944723,TIME,0.000000,0.010000,0.020000,0.030000,0.040000,0.050000,0.060000,0.070000,0.080000,0.090000,0.100000,0.110000,0.120000,0.130000,0.140000,0.150000,0.160000,0.170000,0.180000,0.190000,0.200000,0.210000,0.220000,0.230000,0.240000,0.250000,0.260000,0.270000,0.280000,0.290000,0.300000,0.310000,0.320000,0.330000,0.340000,0.350000,0.360000,0.370000,0.380000,0.390000,0.400000,0.410000,0.420000,0.430000,0.440000,0.450000,0.460000,0.470000,0.480000,0.490000,0.500000,0.510000,0.520000,0.530000,0.540000,0.550000,0.560000,0.570000,0.580000,0.590000,0.600000,0.610000,0.620000,0.630000,0.640000,0.650000,0.660000,0.670000,0.680000,0.690000,0.700000,0.710000,0.720000,0.730000,0.740000,0.750000,0.760000,0.770000,0.780000,0.790000,0.800000,0.810000,0.820000,0.830000,0.839999,0.849999,0.859999,0.869999,0.879999,0.889999,FLR,243.940475,379.580841,427.946442,445.640808,452.819824,456.373230,458.486084,459.883698,460.875763,461.583862,462.116730,462.473633,462.758301,462.993988,463.170654,463.297974,463.425995,463.495728,463.572968,463.640198,463.696014,463.726044,463.736053,463.752502,463.728546,463.701355,463.704590,463.679901,463.663818,463.633057,463.668457,463.610901,463.531128,463.526855,463.424927,463.411316,463.337646,463.278290,463.232147,463.187469,463.135956,463.044769,463.012573,462.953217,462.894196,462.870605,462.820160,462.782257,462.737915,462.661041,462.680328,462.589142,462.507965,462.517609,462.439301,462.365631,462.333801,462.271576,462.197906,462.061646,462.188599,462.615265,462.642059,462.587708,462.502228,462.408905,462.337006,462.265839,462.228668,462.166443,462.113861,462.038025,461.876038,461.817383,461.761230,461.686127,461.620697,461.553467,461.490509,461.430420,461.392517,461.266998,461.161499,461.075653,460.959442,460.864655,460.773468,460.653656,460.569977,460.458405,PAR,6987.300293,6987.300293,6987.300293,6987.300293,6987.300293,6987.300293,6987.300293,6987.300293,6987.300293,6987.300293,6987.300293,6987.300293,6987.300293,6987.300293,6987.300293,6987.300293,6987.300293,6987.300293,6987.300293,6987.300293,6987.300293,6987.300293,6987.300293,6987.300293,6987.300293,6987.300293,6987.300293,6987.300293,6987.300293,6987.300293,6929.077148,6870.854004,6812.630859,6754.407715,6696.184570,6637.961914,6579.738770,6521.515625,6463.292480,6405.069336,6346.846680,6288.623535,6230.400391,6172.177246,6113.954102,6055.730957,5997.508301,5939.285156,5881.062012,5822.838867,5764.615723,5706.393066,5648.169922,5589.946777,5531.723633,5473.500488,5415.277344,5357.054688,5298.831543,5240.608398,6987.300293,6987.300293,6987.300293,6987.300293,6987.300293,6987.300293,6987.300293,6987.300293,6987.300293,6987.300293,6987.300293,6987.300293,6987.300293,6987.300293,6987.300293,6987.300293,6987.300293,6987.300293,6987.300293,6987.300293,6987.300293,6987.300293,6987.300293,6987.300293,6987.300293,6987.300293,6987.300293,6987.300293,6987.300293,6987.300293,PHASE,1,1,1,1,1,1,1,1,1,1,1,1,1,1,1,1,1,1,1,1,1,1,1,1,1,1,1,1,1,1,2,2,2,2,2,2,2,2,2,2,2,2,2,2,2,2,2,2,2,2,2,2,2,2,2,2,2,2,2,2,3,3,3,3,3,3,3,3,3,3,3,3,3,3,3,3,3,3,3,3,3,3,3,3,3,3,3,3,3,3,FLASH_END
24,07:41:13,2026-07-20,Auto gsw+F,LI-COR Default,,024,,,-0.017959,2.628675,-0.018082,-0.106152,3.293718,3.296857,3.793216,0.499498,37.197983,37.162563,42.798332,0.441786,7.500000,PSF-00548_20260720074113_59f,0.000000,0.000000,0.000000,132.268661,548.077576,0.758668,0.5,0.80,4.882014,1.000000,86.23,86.32,28.11,27.99,27.99,88.63,127.5,127.2,0.3,16,4.077,07:35:44,2026-07-20,-0.40,1,-0.000,0.001,-9999.000,2.433,4.915,-9999.000,1,150,0.005,2.000000,0.058905,0.000000,0.029230,0.000000,0.000000,-0.000068,standard,0,mpf,7000,500,5.000000,2.000000,300,300,300,548.077576,25,5.007060,549.092529,555.243530,-6.151001,2.515772,2.499660,1.423332,0.860685,0.240994,-0.000955,0.179853,0.121344,132.268661,0.000224,2.389264,-0.000064,1.000000,2.373994,-0.000050,1.000000,0.600671,0.600225,0.107215,0.000000,PSF-00548_20260720074113_59f,PFA-00618,PSA-00618,PSF-00548,RHS-0688,3.0.0,2022-04-21T19:36:20.491Z,MEASUREMENT_END
PSF-00548_20260720074113_59f,07:41:13,2026-07-20,PFA-00618,PSA-00618,PSF-00548,0.000000,0.000000,0.000000,548.077576,132.268661,0.758668,22.765812,TIME,0.000000,0.010000,0.020000,0.030000,0.040000,0.050000,0.060000,0.070000,0.080000,0.090000,0.100000,0.110000,0.120000,0.130000,0.140000,0.150000,0.160000,0.170000,0.180000,0.190000,0.200000,0.210000,0.220000,0.230000,0.240000,0.250000,0.260000,0.270000,0.280000,0.290000,0.300000,0.310000,0.320000,0.330000,0.340000,0.350000,0.360000,0.370000,0.380000,0.390000,0.400000,0.410000,0.420000,0.430000,0.440000,0.450000,0.460000,0.470000,0.480000,0.490000,0.500000,0.510000,0.520000,0.530000,0.540000,0.550000,0.560000,0.570000,0.580000,0.590000,0.600000,0.610000,0.620000,0.630000,0.640000,0.650000,0.660000,0.670000,0.680000,0.690000,0.700000,0.710000,0.720000,0.730000,0.740000,0.750000,0.760000,0.770000,0.780000,0.790000,0.800000,0.810000,0.820000,0.830000,0.839999,0.849999,0.859999,0.869999,0.879999,0.889999,FLR,306.729553,450.931915,503.103729,528.217407,538.804626,543.099731,544.952271,545.815247,546.275879,546.588074,546.844482,547.006104,547.158142,547.318359,547.412048,547.513977,547.599426,547.657349,547.733521,547.778259,547.846558,547.848328,547.895569,547.925232,547.954895,547.985291,548.027161,548.018188,548.061157,548.077576,548.132324,548.204895,548.229248,548.370850,548.347595,548.495667,548.498535,548.595764,548.627991,548.719543,548.843628,548.812134,548.926575,548.974487,549.040344,549.175476,549.188721,549.320007,549.433716,549.459106,549.646484,549.696594,549.774902,549.886475,549.990173,550.067810,550.096375,550.238037,550.398560,550.443298,548.887634,549.066040,549.067139,549.092529,549.036377,548.992371,548.964478,548.931946,548.919067,548.905151,548.916931,548.863281,548.833984,548.840759,548.809265,548.793213,548.759583,548.723083,548.705933,548.670532,548.639771,548.581116,548.505310,548.456299,548.405518,548.378357,548.361206,548.328308,548.376587,548.330811,PAR,6987.300293,6987.300293,6987.300293,6987.300293,6987.300293,6987.300293,6987.300293,6987.300293,6987.300293,6987.300293,6987.300293,6987.300293,6987.300293,6987.300293,6987.300293,6987.300293,6987.300293,6987.300293,6987.300293,6987.300293,6987.300293,6987.300293,6987.300293,6987.300293,6987.300293,6987.300293,6987.300293,6987.300293,6987.300293,6987.300293,6929.077148,6870.854004,6812.630859,6754.407715,6696.184570,6637.961914,6579.738770,6521.515625,6463.292480,6405.069336,6346.846680,6288.623535,6230.400391,6172.177246,6113.954102,6055.730957,5997.508301,5939.285156,5881.062012,5822.838867,5764.615723,5706.393066,5648.169922,5589.946777,5531.723633,5473.500488,5415.277344,5357.054688,5298.831543,5240.608398,6987.300293,6987.300293,6987.300293,6987.300293,6987.300293,6987.300293,6987.300293,6987.300293,6987.300293,6987.300293,6987.300293,6987.300293,6987.300293,6987.300293,6987.300293,6987.300293,6987.300293,6987.300293,6987.300293,6987.300293,6987.300293,6987.300293,6987.300293,6987.300293,6987.300293,6987.300293,6987.300293,6987.300293,6987.300293,6987.300293,PHASE,1,1,1,1,1,1,1,1,1,1,1,1,1,1,1,1,1,1,1,1,1,1,1,1,1,1,1,1,1,1,2,2,2,2,2,2,2,2,2,2,2,2,2,2,2,2,2,2,2,2,2,2,2,2,2,2,2,2,2,2,3,3,3,3,3,3,3,3,3,3,3,3,3,3,3,3,3,3,3,3,3,3,3,3,3,3,3,3,3,3,FLASH_END
