Obs#,Time,Date,configName,configAuthor,remark,Observation,,,gsw,gbw,gtw,E_apparent,VPcham,VPref,VPleaf,VPDleaf,H2O_r,H2O_s,H2O_leaf,leaf_area,leaf_width,flashID,Fo,Fm,Fv/Fm,Fs,Fm',PhiPS2,PS2/1,abs,ETR,TRANS,rh_s,rh_r,Tref,Tmeas,Tleaf,P_atm,flow,flow_s,leak_pct,Qamb,batt,match_time,match_date,rh_adj,type,gsw1sec,gsw2sec,gsw4sec,flr1sec,flr2sec,flr4sec,auto,flow_set,gsw_limit,gsw_period,aw,Bla,Blb,Blc,Bld,Ble,chamber,dark,flash_type,flash_intensity,modrate,flr_limit,flr_period,P1_dur,P2_dur,P3_dur,P1_Fmax,P2_ramp,P2_slp,P3_Fmax,P3_Pred,P3_DeltaF,v_humA,v_humB,v_flowIn,v_flowOut,v_temp,v_irt,v_pres,v_par,v_F,i_LED,b_rhr,m_rhr,span_rhr,b_rhs,m_rhs,span_rhs,z_flowIn,z_flowOut,z_quantum,z_flr,flashId,lciSerNum,lcpSerNum,lcfSerNum,lcrhSerNum,version,configUpdatedAt,MEASUREMENT_HEADER_END
flashId,time,date,lciSerialNumber,lcpSerialNumber,lcfSerialNumber,Fm,Fo,Fv/Fm,Fm',Fs,PhiPS2,LightIntensity,data[],FLASH_HEADER_END
Obs#,Time,Date,configName,configAuthor,remark,Observation,,,gsw,gbw,gtw,E_apparent,VPcham,VPref,VPleaf,VPDleaf,H2O_r,H2O_s,H2O_leaf,leaf_area,leaf_width,flashID,Fo,Fm,Fv/Fm,Fs,Fm',PhiPS2,PS2/1,abs,ETR,TRANS,rh_s,rh_r,Tref,Tmeas,Tleaf,P_atm,flow,flow_s,leak_pct,Qamb,batt,match_time,match_date,rh_adj,type,gsw1sec,gsw2sec,gsw4sec,flr1sec,flr2sec,flr4sec,auto,flow_set,gsw_limit,gsw_period,aw,Bla,Blb,Blc,Bld,Ble,chamber,dark,flash_type,flash_intensity,modrate,flr_limit,flr_period,P1_dur,P2_dur,P3_dur,P1_Fmax,P2_ramp,P2_slp,P3_Fmax,P3_Pred,P3_DeltaF,v_humA,v_humB,v_flowIn,v_flowOut,v_temp,v_irt,v_pres,v_par,v_F,i_LED,b_rhr,m_rhr,span_rhr,b_rhs,m_rhs,span_rhs,z_flowIn,z_flowOut,z_quantum,z_flr,flashId,lciSerNum,lcpSerNum,lcfSerNum,lcrhSerNum,version,configUpdatedAt,MEASUREMENT_HEADER_END
flashId,time,date,lciSerialNumber,lcpSerialNumber,lcfSerialNumber,Fm,Fo,Fv/Fm,Fm',Fs,PhiPS2,LightIntensity,data[],FLASH_HEADER_END
1,10:50:26,2026-07-08,Auto gsw+F,LI-COR Default,,001,,,0.006913,2.895386,0.006896,0.061848,3.523058,3.521541,4.284223,0.761164,39.667492,39.684582,48.258526,0.441786,7.500000,PSF-00548_20260708105026_ed1,0.000000,0.000000,0.000000,116.078499,518.240356,0.776014,0.5,0.80,2.381994,1.000000,84.61,84.57,29.60,30.10,30.10,88.78,153.5,152.1,0.9,8,3.972,10:50:06,2026-07-08,-0.38,1,-0.000,-0.002,-0.018,0.802,1.799,3.893,1,150,0.005,2.000000,0.058905,0.000000,0.029230,0.000000,0.000000,-0.000068,standard,0,mpf,7000,500,5.000000,2.000000,300,300,300,516.164673,25,-1.759925,513.701294,515.721619,-2.020325,2.512972,2.497076,1.633456,0.920655,0.227198,0.006122,0.171803,0.113955,116.078499,0.000219,2.389264,-0.000064,1.000000,2.373994,-0.000050,1.000000,0.600671,0.600225,0.107215,0.000000,PSF-00548_20260708105026_ed1,PFA-00618,PSA-00618,PSF-00548,RHS-0688,3.0.0,2022-04-21T19:36:20.491Z,MEASUREMENT_END
PSF-00548_20260708105026_ed1,10:50:26,2026-07-08,PFA-00618,PSA-00618,PSF-00548,0.000000,0.000000,0.000000,518.240356,116.078499,0.776014,14.352166,TIME,0.000000,0.010000,0.020000,0.030000,0.040000,0.050000,0.060000,0.070000,0.080000,0.090000,0.100000,0.110000,0.120000,0.130000,0.140000,0.150000,0.160000,0.170000,0.180000,0.190000,0.200000,0.210000,0.220000,0.230000,0.240000,0.250000,0.260000,0.270000,0.280000,0.290000,0.300000,0.310000,0.320000,0.330000,0.340000,0.350000,0.360000,0.370000,0.380000,0.390000,0.400000,0.410000,0.420000,0.430000,0.440000,0.450000,0.460000,0.470000,0.480000,0.490000,0.500000,0.510000,0.520000,0.530000,0.540000,0.550000,0.560000,0.570000,0.580000,0.590000,0.600000,0.610000,0.620000,0.630000,0.640000,0.650000,0.660000,0.670000,0.680000,0.690000,0.700000,0.710000,0.720000,0.730000,0.740000,0.750000,0.760000,0.770000,0.780000,0.790000,0.800000,0.810000,0.820000,0.830000,0.839999,0.849999,0.859999,0.869999,0.879999,0.889999,FLR,289.415710,444.999939,491.474396,504.222046,508.604065,510.632507,511.891357,512.775085,513.467102,514.021729,514.488098,514.822815,515.129333,515.373596,515.570984,515.737671,515.872131,515.971558,516.029480,516.088135,516.164673,516.143921,516.120300,516.111389,516.088501,516.003357,515.957947,515.891785,515.825989,515.731567,515.690063,515.701904,515.597473,515.675781,515.594604,515.662903,515.573120,515.564575,515.503418,515.513062,515.529541,515.431152,515.422913,515.313477,515.308838,515.323853,515.250549,515.248779,515.252014,515.174011,515.226990,515.184753,515.110718,515.118591,515.078918,515.039917,514.959839,514.950500,514.957642,514.878601,513.518921,513.701294,513.643372,513.550049,513.453491,513.329773,513.223877,513.106934,513.018982,512.918091,512.830872,512.689209,512.566223,512.461426,512.331970,512.236450,512.144226,512.033691,511.926758,511.826630,511.750092,511.614197,511.509430,511.427887,511.300934,511.189697,511.108154,510.985138,510.894287,510.783447,PAR,6987.300293,6987.300293,6987.300293,6987.300293,6987.300293,6987.300293,6987.300293,6987.300293,6987.300293,6987.300293,6987.300293,6987.300293,6987.300293,6987.300293,6987.300293,6987.300293,6987.300293,6987.300293,6987.300293,6987.300293,6987.300293,6987.300293,6987.300293,6987.300293,6987.300293,6987.300293,6987.300293,6987.300293,6987.300293,6987.300293,6929.077148,6870.854004,6812.630859,6754.407715,6696.184570,6637.961914,6579.738770,6521.515625,6463.292480,6405.069336,6346.846680,6288.623535,6230.400391,6172.177246,6113.954102,6055.730957,5997.508301,5939.285156,5881.062012,5822.838867,5764.615723,5706.393066,5648.169922,5589.946777,5531.723633,5473.500488,5415.277344,5357.054688,5298.831543,5240.608398,6987.300293,6987.300293,6987.300293,6987.300293,6987.300293,6987.300293,6987.300293,6987.300293,6987.300293,6987.300293,6987.300293,6987.300293,6987.300293,6987.300293,6987.300293,6987.300293,6987.300293,6987.300293,6987.300293,6987.300293,6987.300293,6987.300293,6987.300293,6987.300293,6987.300293,6987.300293,6987.300293,6987.300293,6987.300293,6987.300293,PHASE,1,1,1,1,1,1,1,1,1,1,1,1,1,1,1,1,1,1,1,1,1,1,1,1,1,1,1,1,1,1,2,2,2,2,2,2,2,2,2,2,2,2,2,2,2,2,2,2,2,2,2,2,2,2,2,2,2,2,2,2,3,3,3,3,3,3,3,3,3,3,3,3,3,3,3,3,3,3,3,3,3,3,3,3,3,3,3,3,3,3,FLASH_END
2,10:50:42,2026-07-08,Auto gsw+F,LI-COR Default,,002,,,-0.006255,2.867055,-0.006269,-0.055384,3.531032,3.532420,4.280865,0.749832,39.788246,39.772610,48.218521,0.441786,7.500000,PSF-00548_20260708105042_1ea,0.000000,0.000000,0.000000,112.517593,504.205994,0.776842,0.5,0.80,3.586980,1.000000,84.77,84.80,29.61,30.08,30.08,88.78,150.3,148.9,0.9,12,3.970,10:50:06,2026-07-08,-0.38,1,0.002,0.002,0.004,0.485,1.103,2.365,1,150,0.005,2.000000,0.058905,0.000000,0.029230,0.000000,0.000000,-0.000068,standard,0,mpf,7000,500,5.000000,2.000000,300,300,300,501.467224,25,-1.959916,500.098572,501.401031,-1.302460,2.513271,2.497283,1.606570,0.912777,0.227134,0.005880,0.174742,0.117353,112.517593,0.000221,2.389264,-0.000064,1.000000,2.373994,-0.000050,1.000000,0.600671,0.600225,0.107215,0.000000,PSF-00548_20260708105042_1ea,PFA-00618,PSA-00618,PSF-00548,RHS-0688,3.0.0,2022-04-21T19:36:20.491Z,MEASUREMENT_END
PSF-00548_20260708105042_1ea,10:50:42,2026-07-08,PFA-00618,PSA-00618,PSF-00548,0.000000,0.000000,0.000000,504.205994,112.517593,0.776842,18.221825,TIME,0.000000,0.010000,0.020000,0.030000,0.040000,0.050000,0.060000,0.070000,0.080000,0.090000,0.100000,0.110000,0.120000,0.130000,0.140000,0.150000,0.160000,0.170000,0.180000,0.190000,0.200000,0.210000,0.220000,0.230000,0.240000,0.250000,0.260000,0.270000,0.280000,0.290000,0.300000,0.310000,0.320000,0.330000,0.340000,0.350000,0.360000,0.370000,0.380000,0.390000,0.400000,0.410000,0.420000,0.430000,0.440000,0.450000,0.460000,0.470000,0.480000,0.490000,0.500000,0.510000,0.520000,0.530000,0.540000,0.550000,0.560000,0.570000,0.580000,0.590000,0.600000,0.610000,0.620000,0.630000,0.640000,0.650000,0.660000,0.670000,0.680000,0.690000,0.700000,0.710000,0.720000,0.730000,0.740000,0.750000,0.760000,0.770000,0.780000,0.790000,0.800000,0.810000,0.820000,0.830000,0.839999,0.849999,0.859999,0.869999,0.879999,0.889999,FLR,279.303802,433.209290,474.691986,486.621735,491.469727,494.098297,495.781647,496.991516,497.950684,498.661285,499.257080,499.724152,500.104309,500.431885,500.682220,500.890381,501.068115,501.204742,501.302368,501.376404,501.446838,501.435760,501.453644,501.467224,501.437897,501.422516,501.464355,501.438629,501.422516,501.364227,501.370667,501.363861,501.289856,501.325256,501.234070,501.275177,501.215454,501.209015,501.150360,501.146423,501.156097,501.068115,501.072418,501.028778,500.977264,500.977264,500.924347,500.930084,500.912537,500.848541,500.881439,500.821350,500.725861,500.716217,500.662201,500.588531,500.530945,500.524536,500.513062,500.440125,499.794952,500.098572,500.088562,499.997742,499.912262,499.802124,499.735596,499.654419,499.571075,499.473083,499.432312,499.306427,499.244568,499.167694,499.066833,498.977051,498.880493,498.783600,498.716705,498.621582,498.526093,498.411652,498.312958,498.227478,498.138062,498.018982,497.921692,497.841248,497.760773,497.676727,PAR,6987.300293,6987.300293,6987.300293,6987.300293,6987.300293,6987.300293,6987.300293,6987.300293,6987.300293,6987.300293,6987.300293,6987.300293,6987.300293,6987.300293,6987.300293,6987.300293,6987.300293,6987.300293,6987.300293,6987.300293,6987.300293,6987.300293,6987.300293,6987.300293,6987.300293,6987.300293,6987.300293,6987.300293,6987.300293,6987.300293,6929.077148,6870.854004,6812.630859,6754.407715,6696.184570,6637.961914,6579.738770,6521.515625,6463.292480,6405.069336,6346.846680,6288.623535,6230.400391,6172.177246,6113.954102,6055.730957,5997.508301,5939.285156,5881.062012,5822.838867,5764.615723,5706.393066,5648.169922,5589.946777,5531.723633,5473.500488,5415.277344,5357.054688,5298.831543,5240.608398,6987.300293,6987.300293,6987.300293,6987.300293,6987.300293,6987.300293,6987.300293,6987.300293,6987.300293,6987.300293,6987.300293,6987.300293,6987.300293,6987.300293,6987.300293,6987.300293,6987.300293,6987.300293,6987.300293,6987.300293,6987.300293,6987.300293,6987.300293,6987.300293,6987.300293,6987.300293,6987.300293,6987.300293,6987.300293,6987.300293,PHASE,1,1,1,1,1,1,1,1,1,1,1,1,1,1,1,1,1,1,1,1,1,1,1,1,1,1,1,1,1,1,2,2,2,2,2,2,2,2,2,2,2,2,2,2,2,2,2,2,2,2,2,2,2,2,2,2,2,2,2,2,3,3,3,3,3,3,3,3,3,3,3,3,3,3,3,3,3,3,3,3,3,3,3,3,3,3,3,3,3,3,FLASH_END
3,10:50:51,2026-07-08,Auto gsw+F,LI-COR Default,,003,,,-0.006288,2.853693,-0.006302,-0.051659,3.546157,3.547465,4.242010,0.695853,39.956917,39.942188,47.779938,0.441786,7.500000,PSF-00548_20260708105051_6a8,0.000000,0.000000,0.000000,107.175705,505.203156,0.787856,0.5,0.80,1.170361,1.000000,85.11,85.14,29.61,29.92,29.92,88.78,148.8,147.1,1.1,4,3.933,10:50:06,2026-07-08,-0.38,1,-0.001,0.000,-9999.000,0.798,1.673,-9999.000,1,150,0.005,2.000000,0.058905,0.000000,0.029230,0.000000,0.000000,-0.000068,standard,0,mpf,7000,500,5.000000,2.000000,300,300,300,504.715912,25,-0.698152,503.076202,504.203979,-1.127777,2.513725,2.497739,1.594397,0.908443,0.227097,0.003984,0.176249,0.110477,107.175705,0.000220,2.389264,-0.000064,1.000000,2.373994,-0.000050,1.000000,0.600671,0.600225,0.107215,0.000000,PSF-00548_20260708105051_6a8,PFA-00618,PSA-00618,PSF-00548,RHS-0688,3.0.0,2022-04-21T19:36:20.491Z,MEASUREMENT_END
PSF-00548_20260708105051_6a8,10:50:51,2026-07-08,PFA-00618,PSA-00618,PSF-00548,0.000000,0.000000,0.000000,505.203156,107.175705,0.787856,10.392109,TIME,0.000000,0.010000,0.020000,0.030000,0.040000,0.050000,0.060000,0.070000,0.080000,0.090000,0.100000,0.110000,0.120000,0.130000,0.140000,0.150000,0.160000,0.170000,0.180000,0.190000,0.200000,0.210000,0.220000,0.230000,0.240000,0.250000,0.260000,0.270000,0.280000,0.290000,0.300000,0.310000,0.320000,0.330000,0.340000,0.350000,0.360000,0.370000,0.380000,0.390000,0.400000,0.410000,0.420000,0.430000,0.440000,0.450000,0.460000,0.470000,0.480000,0.490000,0.500000,0.510000,0.520000,0.530000,0.540000,0.550000,0.560000,0.570000,0.580000,0.590000,0.600000,0.610000,0.620000,0.630000,0.640000,0.650000,0.660000,0.670000,0.680000,0.690000,0.700000,0.710000,0.720000,0.730000,0.740000,0.750000,0.760000,0.770000,0.780000,0.790000,0.800000,0.810000,0.820000,0.830000,0.839999,0.849999,0.859999,0.869999,0.879999,0.889999,FLR,261.515747,420.419800,470.146545,485.061035,491.233704,494.802490,497.202148,498.974548,500.338196,501.366730,502.186432,502.794373,503.297913,503.703125,504.001373,504.239563,504.405151,504.506714,504.618652,504.670868,504.715912,504.681244,504.686951,504.674072,504.621521,504.594696,504.548187,504.513153,504.432312,504.363647,504.310364,504.306793,504.228485,504.266724,504.149445,504.202728,504.131561,504.125488,504.102936,504.105804,504.120483,504.005676,504.021759,503.997437,504.001007,503.985992,503.941650,503.955231,503.968475,503.916260,503.963104,503.931274,503.887299,503.942719,503.949524,503.964539,503.972412,503.979919,504.020691,503.978851,502.853760,503.059387,503.076202,503.040436,502.974274,502.905243,502.879486,502.830139,502.814056,502.752533,502.751831,502.709625,502.682800,502.661346,502.634521,502.617371,502.616272,502.602325,502.611633,502.592316,502.633820,502.552979,502.568726,502.547272,502.528320,502.532257,502.507202,502.504700,502.522217,502.500061,PAR,6987.300293,6987.300293,6987.300293,6987.300293,6987.300293,6987.300293,6987.300293,6987.300293,6987.300293,6987.300293,6987.300293,6987.300293,6987.300293,6987.300293,6987.300293,6987.300293,6987.300293,6987.300293,6987.300293,6987.300293,6987.300293,6987.300293,6987.300293,6987.300293,6987.300293,6987.300293,6987.300293,6987.300293,6987.300293,6987.300293,6929.077148,6870.854004,6812.630859,6754.407715,6696.184570,6637.961914,6579.738770,6521.515625,6463.292480,6405.069336,6346.846680,6288.623535,6230.400391,6172.177246,6113.954102,6055.730957,5997.508301,5939.285156,5881.062012,5822.838867,5764.615723,5706.393066,5648.169922,5589.946777,5531.723633,5473.500488,5415.277344,5357.054688,5298.831543,5240.608398,6987.300293,6987.300293,6987.300293,6987.300293,6987.300293,6987.300293,6987.300293,6987.300293,6987.300293,6987.300293,6987.300293,6987.300293,6987.300293,6987.300293,6987.300293,6987.300293,6987.300293,6987.300293,6987.300293,6987.300293,6987.300293,6987.300293,6987.300293,6987.300293,6987.300293,6987.300293,6987.300293,6987.300293,6987.300293,6987.300293,PHASE,1,1,1,1,1,1,1,1,1,1,1,1,1,1,1,1,1,1,1,1,1,1,1,1,1,1,1,1,1,1,2,2,2,2,2,2,2,2,2,2,2,2,2,2,2,2,2,2,2,2,2,2,2,2,2,2,2,2,2,2,3,3,3,3,3,3,3,3,3,3,3,3,3,3,3,3,3,3,3,3,3,3,3,3,3,3,3,3,3,3,FLASH_END
4,10:51:11,2026-07-08,Auto gsw+F,LI-COR Default,,004,,,-0.025013,2.837505,-0.025236,-0.215685,3.585809,3.591329,4.310699,0.724889,40.460094,40.397907,48.564545,0.441786,7.500000,PSF-00548_20260708105111_869,0.000000,0.000000,0.000000,110.872505,499.720825,0.778131,0.5,0.80,1.606106,1.000000,85.98,86.11,29.63,30.20,30.20,88.76,147.0,146.1,0.6,5,3.969,10:50:06,2026-07-08,-0.38,1,-0.001,0.000,-9999.000,0.676,1.661,-9999.000,1,150,0.005,2.000000,0.058905,0.000000,0.029230,0.000000,0.000000,-0.000068,standard,0,mpf,7000,500,5.000000,2.000000,300,300,300,497.037659,25,-2.014460,495.915405,496.837799,-0.922394,2.515016,2.498897,1.580046,0.905949,0.226948,0.007051,0.179646,0.111747,110.872505,0.000221,2.389264,-0.000064,1.000000,2.373994,-0.000050,1.000000,0.600671,0.600225,0.107215,0.000000,PSF-00548_20260708105111_869,PFA-00618,PSA-00618,PSF-00548,RHS-0688,3.0.0,2022-04-21T19:36:20.491Z,MEASUREMENT_END
PSF-00548_20260708105111_869,10:51:11,2026-07-08,PFA-00618,PSA-00618,PSF-00548,0.000000,0.000000,0.000000,499.720825,110.872505,0.778131,11.838497,TIME,0.000000,0.010000,0.020000,0.030000,0.040000,0.050000,0.060000,0.070000,0.080000,0.090000,0.100000,0.110000,0.120000,0.130000,0.140000,0.150000,0.160000,0.170000,0.180000,0.190000,0.200000,0.210000,0.220000,0.230000,0.240000,0.250000,0.260000,0.270000,0.280000,0.290000,0.300000,0.310000,0.320000,0.330000,0.340000,0.350000,0.360000,0.370000,0.380000,0.390000,0.400000,0.410000,0.420000,0.430000,0.440000,0.450000,0.460000,0.470000,0.480000,0.490000,0.500000,0.510000,0.520000,0.530000,0.540000,0.550000,0.560000,0.570000,0.580000,0.590000,0.600000,0.610000,0.620000,0.630000,0.640000,0.650000,0.660000,0.670000,0.680000,0.690000,0.700000,0.710000,0.720000,0.730000,0.740000,0.750000,0.760000,0.770000,0.780000,0.790000,0.800000,0.810000,0.820000,0.830000,0.839999,0.849999,0.859999,0.869999,0.879999,0.889999,FLR,280.839447,436.632507,472.766510,481.647125,485.456238,487.927094,489.753113,491.171844,492.347717,493.256104,494.047882,494.610443,495.114685,495.555267,495.877136,496.158966,496.397491,496.586334,496.750122,496.854187,496.968628,496.976135,496.990814,497.029785,497.037659,497.001526,496.997589,496.965759,496.958984,496.902466,496.894958,496.876007,496.791962,496.803772,496.737610,496.745453,496.655701,496.630676,496.588104,496.559143,496.519806,496.446503,496.428955,496.398560,496.357452,496.304504,496.289124,496.285187,496.276611,496.226898,496.249084,496.183990,496.152527,496.127136,496.081696,496.027344,496.012695,496.019135,495.998016,495.948303,495.572083,495.911469,495.915405,495.817413,495.738373,495.670807,495.594269,495.563507,495.538116,495.452271,495.431885,495.346771,495.288147,495.244141,495.149384,495.053894,495.002045,494.922272,494.848602,494.758118,494.693390,494.575012,494.489563,494.421967,494.317535,494.229553,494.138000,494.018921,493.935577,493.812561,PAR,6987.300293,6987.300293,6987.300293,6987.300293,6987.300293,6987.300293,6987.300293,6987.300293,6987.300293,6987.300293,6987.300293,6987.300293,6987.300293,6987.300293,6987.300293,6987.300293,6987.300293,6987.300293,6987.300293,6987.300293,6987.300293,6987.300293,6987.300293,6987.300293,6987.300293,6987.300293,6987.300293,6987.300293,6987.300293,6987.300293,6929.077148,6870.854004,6812.630859,6754.407715,6696.184570,6637.961914,6579.738770,6521.515625,6463.292480,6405.069336,6346.846680,6288.623535,6230.400391,6172.177246,6113.954102,6055.730957,5997.508301,5939.285156,5881.062012,5822.838867,5764.615723,5706.393066,5648.169922,5589.946777,5531.723633,5473.500488,5415.277344,5357.054688,5298.831543,5240.608398,6987.300293,6987.300293,6987.300293,6987.300293,6987.300293,6987.300293,6987.300293,6987.300293,6987.300293,6987.300293,6987.300293,6987.300293,6987.300293,6987.300293,6987.300293,6987.300293,6987.300293,6987.300293,6987.300293,6987.300293,6987.300293,6987.300293,6987.300293,6987.300293,6987.300293,6987.300293,6987.300293,6987.300293,6987.300293,6987.300293,PHASE,1,1,1,1,1,1,1,1,1,1,1,1,1,1,1,1,1,1,1,1,1,1,1,1,1,1,1,1,1,1,2,2,2,2,2,2,2,2,2,2,2,2,2,2,2,2,2,2,2,2,2,2,2,2,2,2,2,2,2,2,3,3,3,3,3,3,3,3,3,3,3,3,3,3,3,3,3,3,3,3,3,3,3,3,3,3,3,3,3,3,FLASH_END
5,10:51:22,2026-07-08,Auto gsw+F,LI-COR Default,,005,,,-0.032249,2.833971,-0.032620,-0.268830,3.600331,3.607228,4.299288,0.698957,40.639553,40.561859,48.436409,0.441786,7.500000,PSF-00548_20260708105122_b13,0.000000,0.000000,0.000000,142.709259,567.612183,0.748580,0.5,0.80,1.766900,1.000000,86.27,86.43,29.64,30.16,30.16,88.76,146.7,145.5,0.8,6,3.971,10:50:06,2026-07-08,-0.38,1,0.001,-0.000,0.004,2.397,4.430,9.798,1,150,0.005,2.000000,0.058905,0.000000,0.029230,0.000000,0.000000,-0.000068,standard,0,mpf,7000,500,5.000000,2.000000,300,300,300,562.954163,25,-4.218002,557.447815,561.575500,-4.127686,2.515445,2.499283,1.576967,0.904399,0.226844,0.006377,0.181287,0.112397,142.709259,0.000225,2.389264,-0.000064,1.000000,2.373994,-0.000050,1.000000,0.600671,0.600225,0.107215,0.000000,PSF-00548_20260708105122_b13,PFA-00618,PSA-00618,PSF-00548,RHS-0688,3.0.0,2022-04-21T19:36:20.491Z,MEASUREMENT_END
PSF-00548_20260708105122_b13,10:51:22,2026-07-08,PFA-00618,PSA-00618,PSF-00548,0.000000,0.000000,0.000000,567.612183,142.709259,0.748580,12.579201,TIME,0.000000,0.010000,0.020000,0.030000,0.040000,0.050000,0.060000,0.070000,0.080000,0.090000,0.100000,0.110000,0.120000,0.130000,0.140000,0.150000,0.160000,0.170000,0.180000,0.190000,0.200000,0.210000,0.220000,0.230000,0.240000,0.250000,0.260000,0.270000,0.280000,0.290000,0.300000,0.310000,0.320000,0.330000,0.340000,0.350000,0.360000,0.370000,0.380000,0.390000,0.400000,0.410000,0.420000,0.430000,0.440000,0.450000,0.460000,0.470000,0.480000,0.490000,0.500000,0.510000,0.520000,0.530000,0.540000,0.550000,0.560000,0.570000,0.580000,0.590000,0.600000,0.610000,0.620000,0.630000,0.640000,0.650000,0.660000,0.670000,0.680000,0.690000,0.700000,0.710000,0.720000,0.730000,0.740000,0.750000,0.760000,0.770000,0.780000,0.790000,0.800000,0.810000,0.820000,0.830000,0.839999,0.849999,0.859999,0.869999,0.879999,0.889999,FLR,366.083618,518.987427,545.633179,552.183533,554.945129,556.764709,558.121948,559.195862,560.108887,560.796997,561.402100,561.753296,562.074768,562.325134,562.492859,562.636963,562.755371,562.862610,562.929871,562.954163,562.947021,562.879822,562.835083,562.737793,562.557922,562.411316,562.222107,562.061890,561.922424,561.781189,561.619141,561.592346,561.445374,561.495789,561.352356,561.352356,561.194275,561.170715,560.996521,560.972595,561.019409,560.847412,560.839539,560.700073,560.643555,560.633545,560.465454,560.413940,560.370300,560.217590,560.211548,560.118896,559.976196,560.003784,559.976196,559.956177,559.869995,559.880005,559.848206,559.774170,557.376282,557.447815,557.340149,557.197449,557.025452,556.870911,556.689270,556.534058,556.401367,556.262268,556.151062,555.975464,555.835266,555.677551,555.510864,555.349243,555.195068,555.068115,554.902527,554.754150,554.647949,554.449768,554.288147,554.149414,553.975586,553.813965,553.670166,553.501038,553.385864,553.220642,PAR,6987.300293,6987.300293,6987.300293,6987.300293,6987.300293,6987.300293,6987.300293,6987.300293,6987.300293,6987.300293,6987.300293,6987.300293,6987.300293,6987.300293,6987.300293,6987.300293,6987.300293,6987.300293,6987.300293,6987.300293,6987.300293,6987.300293,6987.300293,6987.300293,6987.300293,6987.300293,6987.300293,6987.300293,6987.300293,6987.300293,6929.077148,6870.854004,6812.630859,6754.407715,6696.184570,6637.961914,6579.738770,6521.515625,6463.292480,6405.069336,6346.846680,6288.623535,6230.400391,6172.177246,6113.954102,6055.730957,5997.508301,5939.285156,5881.062012,5822.838867,5764.615723,5706.393066,5648.169922,5589.946777,5531.723633,5473.500488,5415.277344,5357.054688,5298.831543,5240.608398,6987.300293,6987.300293,6987.300293,6987.300293,6987.300293,6987.300293,6987.300293,6987.300293,6987.300293,6987.300293,6987.300293,6987.300293,6987.300293,6987.300293,6987.300293,6987.300293,6987.300293,6987.300293,6987.300293,6987.300293,6987.300293,6987.300293,6987.300293,6987.300293,6987.300293,6987.300293,6987.300293,6987.300293,6987.300293,6987.300293,PHASE,1,1,1,1,1,1,1,1,1,1,1,1,1,1,1,1,1,1,1,1,1,1,1,1,1,1,1,1,1,1,2,2,2,2,2,2,2,2,2,2,2,2,2,2,2,2,2,2,2,2,2,2,2,2,2,2,2,2,2,2,3,3,3,3,3,3,3,3,3,3,3,3,3,3,3,3,3,3,3,3,3,3,3,3,3,3,3,3,3,3,FLASH_END
6,10:51:32,2026-07-08,Auto gsw+F,LI-COR Default,,006,,,-0.032452,2.831049,-0.032829,-0.265771,3.613959,3.620790,4.300520,0.686562,40.791656,40.714695,48.449471,0.441786,7.500000,PSF-00548_20260708105132_141,0.000000,0.000000,0.000000,108.617661,504.643677,0.784764,0.5,0.80,0.870238,1.000000,86.54,86.70,29.65,30.16,30.16,88.76,146.4,144.9,1.0,3,3.968,10:50:06,2026-07-08,-0.38,1,0.004,0.003,-9999.000,0.777,1.708,-9999.000,1,150,0.005,2.000000,0.058905,0.000000,0.029230,0.000000,0.000000,-0.000068,standard,0,mpf,7000,500,5.000000,2.000000,300,300,300,500.260956,25,-3.388947,497.661713,499.793518,-2.131805,2.515800,2.499640,1.574436,0.903079,0.226742,0.006302,0.182737,0.109650,108.617661,0.000224,2.389264,-0.000064,1.000000,2.373994,-0.000050,1.000000,0.600671,0.600225,0.107215,0.000000,PSF-00548_20260708105132_141,PFA-00618,PSA-00618,PSF-00548,RHS-0688,3.0.0,2022-04-21T19:36:20.491Z,MEASUREMENT_END
PSF-00548_20260708105132_141,10:51:32,2026-07-08,PFA-00618,PSA-00618,PSF-00548,0.000000,0.000000,0.000000,504.643677,108.617661,0.784764,9.450654,TIME,0.000000,0.010000,0.020000,0.030000,0.040000,0.050000,0.060000,0.070000,0.080000,0.090000,0.100000,0.110000,0.120000,0.130000,0.140000,0.150000,0.160000,0.170000,0.180000,0.190000,0.200000,0.210000,0.220000,0.230000,0.240000,0.250000,0.260000,0.270000,0.280000,0.290000,0.300000,0.310000,0.320000,0.330000,0.340000,0.350000,0.360000,0.370000,0.380000,0.390000,0.400000,0.410000,0.420000,0.430000,0.440000,0.450000,0.460000,0.470000,0.480000,0.490000,0.500000,0.510000,0.520000,0.530000,0.540000,0.550000,0.560000,0.570000,0.580000,0.590000,0.600000,0.610000,0.620000,0.630000,0.640000,0.650000,0.660000,0.670000,0.680000,0.690000,0.700000,0.710000,0.720000,0.730000,0.740000,0.750000,0.760000,0.770000,0.780000,0.790000,0.800000,0.810000,0.820000,0.830000,0.839999,0.849999,0.859999,0.869999,0.879999,0.889999,FLR,275.694611,433.039062,474.037872,483.864441,487.787598,490.239502,492.078796,493.586884,494.849335,495.889648,496.775879,497.461426,498.073334,498.589050,498.990295,499.320038,499.576080,499.788879,499.983063,500.083923,500.228058,500.232330,500.260956,500.225891,500.213013,500.177979,500.127899,500.084290,500.030640,499.952667,499.877228,499.838593,499.723450,499.738098,499.625793,499.628662,499.509918,499.478455,499.346863,499.285706,499.262817,499.137268,499.129761,499.065765,498.993530,498.982086,498.901611,498.855103,498.805054,498.719940,498.757843,498.654846,498.626953,498.603333,498.518219,498.477448,498.424896,498.406281,498.384125,498.305450,497.423889,497.661713,497.619141,497.529022,497.411011,497.324097,497.219330,497.127777,497.062317,496.961121,496.940002,496.801270,496.723999,496.622070,496.519104,496.426453,496.352081,496.264465,496.181122,496.071686,496.023407,495.873199,495.781647,495.694031,495.590332,495.459076,495.381836,495.253448,495.159760,495.060333,PAR,6987.300293,6987.300293,6987.300293,6987.300293,6987.300293,6987.300293,6987.300293,6987.300293,6987.300293,6987.300293,6987.300293,6987.300293,6987.300293,6987.300293,6987.300293,6987.300293,6987.300293,6987.300293,6987.300293,6987.300293,6987.300293,6987.300293,6987.300293,6987.300293,6987.300293,6987.300293,6987.300293,6987.300293,6987.300293,6987.300293,6929.077148,6870.854004,6812.630859,6754.407715,6696.184570,6637.961914,6579.738770,6521.515625,6463.292480,6405.069336,6346.846680,6288.623535,6230.400391,6172.177246,6113.954102,6055.730957,5997.508301,5939.285156,5881.062012,5822.838867,5764.615723,5706.393066,5648.169922,5589.946777,5531.723633,5473.500488,5415.277344,5357.054688,5298.831543,5240.608398,6987.300293,6987.300293,6987.300293,6987.300293,6987.300293,6987.300293,6987.300293,6987.300293,6987.300293,6987.300293,6987.300293,6987.300293,6987.300293,6987.300293,6987.300293,6987.300293,6987.300293,6987.300293,6987.300293,6987.300293,6987.300293,6987.300293,6987.300293,6987.300293,6987.300293,6987.300293,6987.300293,6987.300293,6987.300293,6987.300293,PHASE,1,1,1,1,1,1,1,1,1,1,1,1,1,1,1,1,1,1,1,1,1,1,1,1,1,1,1,1,1,1,2,2,2,2,2,2,2,2,2,2,2,2,2,2,2,2,2,2,2,2,2,2,2,2,2,2,2,2,2,2,3,3,3,3,3,3,3,3,3,3,3,3,3,3,3,3,3,3,3,3,3,3,3,3,3,3,3,3,3,3,FLASH_END
7,10:52:32,2026-07-08,Auto gsw+F,LI-COR Default,,007,,,-0.105530,2.797159,-0.109667,-1.065989,3.970148,3.998090,4.790061,0.819914,45.058300,44.743389,53.983776,0.441786,7.500000,PSF-00548_20260708105232_438,0.000000,0.000000,0.000000,100.411179,374.907227,0.732171,0.5,0.80,1.931741,1.000000,93.54,94.20,29.93,32.06,32.06,88.73,142.9,142.2,0.4,7,3.967,10:52:18,2026-07-08,-0.48,1,-0.008,-0.001,-0.017,0.238,-2.051,-0.147,1,150,0.005,2.000000,0.058905,0.000000,0.029230,0.000000,0.000000,-0.000068,standard,0,mpf,7000,500,5.000000,2.000000,300,300,300,365.713470,25,-7.948752,359.380249,363.531219,-4.150970,2.525832,2.509191,1.545970,0.896580,0.224239,0.025330,0.192649,0.113008,100.411179,0.000226,2.389264,-0.000064,1.000000,2.373994,-0.000050,1.000000,0.600671,0.600225,0.107215,0.000000,PSF-00548_20260708105232_438,PFA-00618,PSA-00618,PSF-00548,RHS-0688,3.0.0,2022-04-21T19:36:20.491Z,MEASUREMENT_END
PSF-00548_20260708105232_438,10:52:32,2026-07-08,PFA-00618,PSA-00618,PSF-00548,0.000000,0.000000,0.000000,374.907227,100.411179,0.732171,13.274298,TIME,0.000000,0.010000,0.020000,0.030000,0.040000,0.050000,0.060000,0.070000,0.080000,0.090000,0.100000,0.110000,0.120000,0.130000,0.140000,0.150000,0.160000,0.170000,0.180000,0.190000,0.200000,0.210000,0.220000,0.230000,0.240000,0.250000,0.260000,0.270000,0.280000,0.290000,0.300000,0.310000,0.320000,0.330000,0.340000,0.350000,0.360000,0.370000,0.380000,0.390000,0.400000,0.410000,0.420000,0.430000,0.440000,0.450000,0.460000,0.470000,0.480000,0.490000,0.500000,0.510000,0.520000,0.530000,0.540000,0.550000,0.560000,0.570000,0.580000,0.590000,0.600000,0.610000,0.620000,0.630000,0.640000,0.650000,0.660000,0.670000,0.680000,0.690000,0.700000,0.710000,0.720000,0.730000,0.740000,0.750000,0.760000,0.770000,0.780000,0.790000,0.800000,0.810000,0.820000,0.830000,0.839999,0.849999,0.859999,0.869999,0.879999,0.889999,FLR,231.793640,327.340729,350.217468,358.492249,362.024536,363.736877,364.620575,365.110168,365.419495,365.553619,365.663422,365.713470,365.707031,365.704529,365.658417,365.580078,365.506775,365.399841,365.322601,365.190277,365.085114,364.939575,364.801514,364.675629,364.518646,364.378448,364.216095,364.064819,363.909973,363.741882,363.602051,363.494049,363.347778,363.271240,363.104218,363.022675,362.838135,362.708679,362.543823,362.417938,362.319244,362.120758,362.043488,361.907257,361.772766,361.684082,361.557129,361.454498,361.352570,361.189484,361.112244,360.923065,360.784302,360.664856,360.509277,360.383759,360.265747,360.165588,360.087646,359.949585,359.260803,359.380249,359.328400,359.273315,359.095215,358.943939,358.808044,358.657837,358.530151,358.393555,358.297363,358.160034,358.038055,357.906464,357.766998,357.622131,357.479797,357.352142,357.222321,357.075348,356.968048,356.814270,356.665131,356.513489,356.353638,356.181274,356.024628,355.858673,355.702393,355.537537,PAR,6987.300293,6987.300293,6987.300293,6987.300293,6987.300293,6987.300293,6987.300293,6987.300293,6987.300293,6987.300293,6987.300293,6987.300293,6987.300293,6987.300293,6987.300293,6987.300293,6987.300293,6987.300293,6987.300293,6987.300293,6987.300293,6987.300293,6987.300293,6987.300293,6987.300293,6987.300293,6987.300293,6987.300293,6987.300293,6987.300293,6929.077148,6870.854004,6812.630859,6754.407715,6696.184570,6637.961914,6579.738770,6521.515625,6463.292480,6405.069336,6346.846680,6288.623535,6230.400391,6172.177246,6113.954102,6055.730957,5997.508301,5939.285156,5881.062012,5822.838867,5764.615723,5706.393066,5648.169922,5589.946777,5531.723633,5473.500488,5415.277344,5357.054688,5298.831543,5240.608398,6987.300293,6987.300293,6987.300293,6987.300293,6987.300293,6987.300293,6987.300293,6987.300293,6987.300293,6987.300293,6987.300293,6987.300293,6987.300293,6987.300293,6987.300293,6987.300293,6987.300293,6987.300293,6987.300293,6987.300293,6987.300293,6987.300293,6987.300293,6987.300293,6987.300293,6987.300293,6987.300293,6987.300293,6987.300293,6987.300293,PHASE,1,1,1,1,1,1,1,1,1,1,1,1,1,1,1,1,1,1,1,1,1,1,1,1,1,1,1,1,1,1,2,2,2,2,2,2,2,2,2,2,2,2,2,2,2,2,2,2,2,2,2,2,2,2,2,2,2,2,2,2,3,3,3,3,3,3,3,3,3,3,3,3,3,3,3,3,3,3,3,3,3,3,3,3,3,3,3,3,3,3,FLASH_END
8,10:52:50,2026-07-08,Auto gsw+F,LI-COR Default,,008,,,-0.110794,2.787065,-0.115381,-1.021580,4.045993,4.072937,4.792492,0.746500,45.901695,45.598026,54.011021,0.441786,7.500000,PSF-00548_20260708105250_348,0.000000,0.000000,0.000000,57.149651,261.710876,0.781631,0.5,0.80,2.956865,1.000000,94.12,94.75,30.16,32.06,32.06,88.73,141.8,140.6,0.9,9,3.929,10:52:18,2026-07-08,-0.48,1,-0.003,-0.003,-0.011,-0.036,-0.419,-0.782,1,150,0.005,2.000000,0.058905,0.000000,0.029230,0.000000,0.000000,-0.000068,standard,0,mpf,7000,500,5.000000,2.000000,300,300,300,256.886230,25,-3.256225,255.975372,257.050659,-1.075287,2.526519,2.509942,1.537787,0.892610,0.222288,0.022841,0.195981,0.115521,57.149651,0.000228,2.389264,-0.000064,1.000000,2.373994,-0.000050,1.000000,0.600671,0.600225,0.107215,0.000000,PSF-00548_20260708105250_348,PFA-00618,PSA-00618,PSF-00548,RHS-0688,3.0.0,2022-04-21T19:36:20.491Z,MEASUREMENT_END
PSF-00548_20260708105250_348,10:52:50,2026-07-08,PFA-00618,PSA-00618,PSF-00548,0.000000,0.000000,0.000000,261.710876,57.149651,0.781631,16.135719,TIME,0.000000,0.010000,0.020000,0.030000,0.040000,0.050000,0.060000,0.070000,0.080000,0.090000,0.100000,0.110000,0.120000,0.130000,0.140000,0.150000,0.160000,0.170000,0.180000,0.190000,0.200000,0.210000,0.220000,0.230000,0.240000,0.250000,0.260000,0.270000,0.280000,0.290000,0.300000,0.310000,0.320000,0.330000,0.340000,0.350000,0.360000,0.370000,0.380000,0.390000,0.400000,0.410000,0.420000,0.430000,0.440000,0.450000,0.460000,0.470000,0.480000,0.490000,0.500000,0.510000,0.520000,0.530000,0.540000,0.550000,0.560000,0.570000,0.580000,0.590000,0.600000,0.610000,0.620000,0.630000,0.640000,0.650000,0.660000,0.670000,0.680000,0.690000,0.700000,0.710000,0.720000,0.730000,0.740000,0.750000,0.760000,0.770000,0.780000,0.790000,0.800000,0.810000,0.820000,0.830000,0.839999,0.849999,0.859999,0.869999,0.879999,0.889999,FLR,132.133484,214.585663,240.324142,247.832184,250.905991,252.574326,253.635406,254.321701,254.843475,255.212540,255.517242,255.723236,255.903488,256.066925,256.177429,256.277191,256.381287,256.464600,256.541138,256.602631,256.682037,256.709229,256.746765,256.789337,256.805786,256.819000,256.843689,256.862640,256.886230,256.873383,256.901611,256.890533,256.870880,256.873016,256.843689,256.816864,256.799683,256.750336,256.738556,256.681335,256.660583,256.593353,256.540771,256.471405,256.385559,256.318329,256.264343,256.222839,256.151306,256.112701,256.076935,256.000031,255.941040,255.874512,255.791901,255.737900,255.675674,255.623459,255.554077,255.507233,255.726456,255.933517,255.975372,255.950684,255.905273,255.865570,255.821228,255.785461,255.764725,255.707138,255.692474,255.641693,255.590912,255.575897,255.525467,255.479691,255.439636,255.377411,255.325912,255.255096,255.207535,255.129929,255.068069,254.996185,254.951126,254.883530,254.818085,254.772308,254.720810,254.648209,PAR,6987.300293,6987.300293,6987.300293,6987.300293,6987.300293,6987.300293,6987.300293,6987.300293,6987.300293,6987.300293,6987.300293,6987.300293,6987.300293,6987.300293,6987.300293,6987.300293,6987.300293,6987.300293,6987.300293,6987.300293,6987.300293,6987.300293,6987.300293,6987.300293,6987.300293,6987.300293,6987.300293,6987.300293,6987.300293,6987.300293,6929.077148,6870.854004,6812.630859,6754.407715,6696.184570,6637.961914,6579.738770,6521.515625,6463.292480,6405.069336,6346.846680,6288.623535,6230.400391,6172.177246,6113.954102,6055.730957,5997.508301,5939.285156,5881.062012,5822.838867,5764.615723,5706.393066,5648.169922,5589.946777,5531.723633,5473.500488,5415.277344,5357.054688,5298.831543,5240.608398,6987.300293,6987.300293,6987.300293,6987.300293,6987.300293,6987.300293,6987.300293,6987.300293,6987.300293,6987.300293,6987.300293,6987.300293,6987.300293,6987.300293,6987.300293,6987.300293,6987.300293,6987.300293,6987.300293,6987.300293,6987.300293,6987.300293,6987.300293,6987.300293,6987.300293,6987.300293,6987.300293,6987.300293,6987.300293,6987.300293,PHASE,1,1,1,1,1,1,1,1,1,1,1,1,1,1,1,1,1,1,1,1,1,1,1,1,1,1,1,1,1,1,2,2,2,2,2,2,2,2,2,2,2,2,2,2,2,2,2,2,2,2,2,2,2,2,2,2,2,2,2,2,3,3,3,3,3,3,3,3,3,3,3,3,3,3,3,3,3,3,3,3,3,3,3,3,3,3,3,3,3,3,FLASH_END
9,10:53:02,2026-07-08,Auto gsw+F,LI-COR Default,,009,,,-0.099526,2.766360,-0.103240,-0.975409,4.092583,4.118670,4.888502,0.795919,46.416302,46.122314,55.092110,0.441786,7.500000,PSF-00548_20260708105302_23b,0.000000,0.000000,0.000000,50.753117,235.327164,0.784330,0.5,0.80,2.637345,1.000000,94.30,94.90,30.32,32.42,32.42,88.73,139.8,139.2,0.4,8,3.965,10:52:18,2026-07-08,-0.48,1,-0.002,-0.004,-0.012,-0.166,-0.161,-0.164,1,150,0.005,2.000000,0.058905,0.000000,0.029230,0.000000,0.000000,-0.000068,standard,0,mpf,7000,500,5.000000,2.000000,300,300,300,230.402115,25,-3.572575,229.395752,230.214203,-0.818451,2.526685,2.510156,1.521394,0.889341,0.220838,0.025084,0.198404,0.114598,50.753117,0.000225,2.389264,-0.000064,1.000000,2.373994,-0.000050,1.000000,0.600671,0.600225,0.107215,0.000000,PSF-00548_20260708105302_23b,PFA-00618,PSA-00618,PSF-00548,RHS-0688,3.0.0,2022-04-21T19:36:20.491Z,MEASUREMENT_END
PSF-00548_20260708105302_23b,10:53:02,2026-07-08,PFA-00618,PSA-00618,PSF-00548,0.000000,0.000000,0.000000,235.327164,50.753117,0.784330,15.084726,TIME,0.000000,0.010000,0.020000,0.030000,0.040000,0.050000,0.060000,0.070000,0.080000,0.090000,0.100000,0.110000,0.120000,0.130000,0.140000,0.150000,0.160000,0.170000,0.180000,0.190000,0.200000,0.210000,0.220000,0.230000,0.240000,0.250000,0.260000,0.270000,0.280000,0.290000,0.300000,0.310000,0.320000,0.330000,0.340000,0.350000,0.360000,0.370000,0.380000,0.390000,0.400000,0.410000,0.420000,0.430000,0.440000,0.450000,0.460000,0.470000,0.480000,0.490000,0.500000,0.510000,0.520000,0.530000,0.540000,0.550000,0.560000,0.570000,0.580000,0.590000,0.600000,0.610000,0.620000,0.630000,0.640000,0.650000,0.660000,0.670000,0.680000,0.690000,0.700000,0.710000,0.720000,0.730000,0.740000,0.750000,0.760000,0.770000,0.780000,0.790000,0.800000,0.810000,0.820000,0.830000,0.839999,0.849999,0.859999,0.869999,0.879999,0.889999,FLR,113.376259,188.176987,213.974121,221.392746,224.369644,226.029388,227.074020,227.804306,228.333954,228.735931,229.048126,229.280594,229.476212,229.648941,229.781265,229.903931,229.994781,230.098129,230.185745,230.234390,230.298035,230.335953,230.363129,230.386734,230.382080,230.402115,230.397461,230.389954,230.356339,230.298752,230.254410,230.148560,230.074524,230.010147,229.977600,229.917175,229.888565,229.831345,229.786987,229.728348,229.677551,229.641800,229.608887,229.574921,229.475494,229.409698,229.362839,229.286667,229.226944,229.182251,229.165787,229.086395,229.031326,228.980896,228.881485,228.797073,228.744858,228.668335,228.571060,228.461975,229.132538,229.395386,229.395752,229.348175,229.273087,229.209427,229.148987,229.094620,229.057785,228.980896,228.948715,228.873962,228.817825,228.761322,228.684067,228.612183,228.530640,228.446243,228.363983,228.272079,228.202347,228.105423,228.023880,227.944489,227.837555,227.738495,227.646942,227.571487,227.473862,227.393387,PAR,6987.300293,6987.300293,6987.300293,6987.300293,6987.300293,6987.300293,6987.300293,6987.300293,6987.300293,6987.300293,6987.300293,6987.300293,6987.300293,6987.300293,6987.300293,6987.300293,6987.300293,6987.300293,6987.300293,6987.300293,6987.300293,6987.300293,6987.300293,6987.300293,6987.300293,6987.300293,6987.300293,6987.300293,6987.300293,6987.300293,6929.077148,6870.854004,6812.630859,6754.407715,6696.184570,6637.961914,6579.738770,6521.515625,6463.292480,6405.069336,6346.846680,6288.623535,6230.400391,6172.177246,6113.954102,6055.730957,5997.508301,5939.285156,5881.062012,5822.838867,5764.615723,5706.393066,5648.169922,5589.946777,5531.723633,5473.500488,5415.277344,5357.054688,5298.831543,5240.608398,6987.300293,6987.300293,6987.300293,6987.300293,6987.300293,6987.300293,6987.300293,6987.300293,6987.300293,6987.300293,6987.300293,6987.300293,6987.300293,6987.300293,6987.300293,6987.300293,6987.300293,6987.300293,6987.300293,6987.300293,6987.300293,6987.300293,6987.300293,6987.300293,6987.300293,6987.300293,6987.300293,6987.300293,6987.300293,6987.300293,PHASE,1,1,1,1,1,1,1,1,1,1,1,1,1,1,1,1,1,1,1,1,1,1,1,1,1,1,1,1,1,1,2,2,2,2,2,2,2,2,2,2,2,2,2,2,2,2,2,2,2,2,2,2,2,2,2,2,2,2,2,2,3,3,3,3,3,3,3,3,3,3,3,3,3,3,3,3,3,3,3,3,3,3,3,3,3,3,3,3,3,3,FLASH_END
10,10:53:34,2026-07-08,Auto gsw+F,LI-COR Default,,010,,,-0.049425,2.731074,-0.050336,-0.519198,4.214485,4.228686,5.081610,0.867125,47.666237,47.506153,57.280483,0.441786,7.500000,PSF-00548_20260708105334_d8a,0.000000,0.000000,0.000000,46.608566,197.138351,0.763574,0.5,0.80,35.451557,1.000000,94.72,95.04,30.76,33.10,33.10,88.71,136.5,135.5,0.7,116,3.964,10:52:18,2026-07-08,-0.48,1,-0.001,-0.004,-0.010,-0.128,0.104,-0.069,1,150,0.005,2.000000,0.058905,0.000000,0.029230,0.000000,0.000000,-0.000068,standard,0,mpf,7000,500,5.000000,2.000000,300,300,300,194.066757,25,-2.063548,196.055527,194.185074,1.870453,2.526742,2.510635,1.494563,0.880340,0.217077,0.028209,0.205225,0.209155,46.608566,0.000226,2.389264,-0.000064,1.000000,2.373994,-0.000050,1.000000,0.600671,0.600225,0.107215,0.000000,PSF-00548_20260708105334_d8a,PFA-00618,PSA-00618,PSF-00548,RHS-0688,3.0.0,2022-04-21T19:36:20.491Z,MEASUREMENT_END
PSF-00548_20260708105334_d8a,10:53:34,2026-07-08,PFA-00618,PSA-00618,PSF-00548,0.000000,0.000000,0.000000,197.138351,46.608566,0.763574,122.749428,TIME,0.000000,0.010000,0.020000,0.030000,0.040000,0.050000,0.060000,0.070000,0.080000,0.090000,0.100000,0.110000,0.120000,0.130000,0.140000,0.150000,0.160000,0.170000,0.180000,0.190000,0.200000,0.210000,0.220000,0.230000,0.240000,0.250000,0.260000,0.270000,0.280000,0.290000,0.300000,0.310000,0.320000,0.330000,0.340000,0.350000,0.360000,0.370000,0.380000,0.390000,0.400000,0.410000,0.420000,0.430000,0.440000,0.450000,0.460000,0.470000,0.480000,0.490000,0.500000,0.510000,0.520000,0.530000,0.540000,0.550000,0.560000,0.570000,0.580000,0.590000,0.600000,0.610000,0.620000,0.630000,0.640000,0.650000,0.660000,0.670000,0.680000,0.690000,0.700000,0.710000,0.720000,0.730000,0.740000,0.750000,0.760000,0.770000,0.780000,0.790000,0.800000,0.810000,0.820000,0.830000,0.839999,0.849999,0.859999,0.869999,0.879999,0.889999,FLR,98.038673,159.035324,179.067856,185.122849,187.659149,189.190857,190.275909,191.112396,191.728241,192.205673,192.571884,192.825790,193.036072,193.188065,193.311813,193.398712,193.473465,193.547485,193.611862,193.651550,193.715210,193.742035,193.776016,193.817490,193.858627,193.884018,193.940872,193.992020,194.037079,194.066757,194.123627,194.058182,194.087143,194.046371,194.051025,194.003113,194.019562,193.959122,193.989868,193.915482,193.846817,193.881866,193.820007,193.864700,193.786743,193.729874,193.771713,193.699127,193.620438,193.656921,193.607574,193.515305,193.561432,193.487411,193.402649,193.314316,193.335419,193.279266,193.190216,193.078995,195.299149,195.744751,195.873856,195.916061,195.937515,195.960754,195.967911,195.993668,196.017624,196.012970,196.040863,196.033005,196.055527,196.048386,196.050171,196.045517,196.042664,196.027283,195.993301,195.956116,195.959686,195.925354,195.886368,195.856689,195.812347,195.732239,195.677872,195.609573,195.561646,195.514084,PAR,6987.300293,6987.300293,6987.300293,6987.300293,6987.300293,6987.300293,6987.300293,6987.300293,6987.300293,6987.300293,6987.300293,6987.300293,6987.300293,6987.300293,6987.300293,6987.300293,6987.300293,6987.300293,6987.300293,6987.300293,6987.300293,6987.300293,6987.300293,6987.300293,6987.300293,6987.300293,6987.300293,6987.300293,6987.300293,6987.300293,6929.077148,6870.854004,6812.630859,6754.407715,6696.184570,6637.961914,6579.738770,6521.515625,6463.292480,6405.069336,6346.846680,6288.623535,6230.400391,6172.177246,6113.954102,6055.730957,5997.508301,5939.285156,5881.062012,5822.838867,5764.615723,5706.393066,5648.169922,5589.946777,5531.723633,5473.500488,5415.277344,5357.054688,5298.831543,5240.608398,6987.300293,6987.300293,6987.300293,6987.300293,6987.300293,6987.300293,6987.300293,6987.300293,6987.300293,6987.300293,6987.300293,6987.300293,6987.300293,6987.300293,6987.300293,6987.300293,6987.300293,6987.300293,6987.300293,6987.300293,6987.300293,6987.300293,6987.300293,6987.300293,6987.300293,6987.300293,6987.300293,6987.300293,6987.300293,6987.300293,PHASE,1,1,1,1,1,1,1,1,1,1,1,1,1,1,1,1,1,1,1,1,1,1,1,1,1,1,1,1,1,1,2,2,2,2,2,2,2,2,2,2,2,2,2,2,2,2,2,2,2,2,2,2,2,2,2,2,2,2,2,2,3,3,3,3,3,3,3,3,3,3,3,3,3,3,3,3,3,3,3,3,3,3,3,3,3,3,3,3,3,3,FLASH_END
11,10:53:51,2026-07-08,Auto gsw+F,LI-COR Default,,011,,,-0.048414,2.705831,-0.049296,-0.530904,4.273318,4.288080,5.177906,0.904588,48.332733,48.166344,58.362324,0.441786,7.500000,PSF-00548_20260708105351_848,0.000000,0.000000,0.000000,45.980217,209.375351,0.780393,0.5,0.80,2.998199,1.000000,94.75,95.08,30.99,33.44,33.44,88.72,134.2,133.2,0.7,10,3.964,10:52:18,2026-07-08,-0.48,1,-0.003,-0.004,-0.012,0.000,0.104,0.067,1,150,0.005,2.000000,0.058905,0.000000,0.029230,0.000000,0.000000,-0.000068,standard,0,mpf,7000,500,5.000000,2.000000,300,300,300,207.656982,25,-0.970868,209.504837,207.985870,1.518967,2.526735,2.510634,1.476147,0.875023,0.215069,0.029459,0.208545,0.115650,45.980217,0.000229,2.389264,-0.000064,1.000000,2.373994,-0.000050,1.000000,0.600671,0.600225,0.107215,0.000000,PSF-00548_20260708105351_848,PFA-00618,PSA-00618,PSF-00548,RHS-0688,3.0.0,2022-04-21T19:36:20.491Z,MEASUREMENT_END
PSF-00548_20260708105351_848,10:53:51,2026-07-08,PFA-00618,PSA-00618,PSF-00548,0.000000,0.000000,0.000000,209.375351,45.980217,0.780393,16.283127,TIME,0.000000,0.010000,0.020000,0.030000,0.040000,0.050000,0.060000,0.070000,0.080000,0.090000,0.100000,0.110000,0.120000,0.130000,0.140000,0.150000,0.160000,0.170000,0.180000,0.190000,0.200000,0.210000,0.220000,0.230000,0.240000,0.250000,0.260000,0.270000,0.280000,0.290000,0.300000,0.310000,0.320000,0.330000,0.340000,0.350000,0.360000,0.370000,0.380000,0.390000,0.400000,0.410000,0.420000,0.430000,0.440000,0.450000,0.460000,0.470000,0.480000,0.490000,0.500000,0.510000,0.520000,0.530000,0.540000,0.550000,0.560000,0.570000,0.580000,0.590000,0.600000,0.610000,0.620000,0.630000,0.640000,0.650000,0.660000,0.670000,0.680000,0.690000,0.700000,0.710000,0.720000,0.730000,0.740000,0.750000,0.760000,0.770000,0.780000,0.790000,0.800000,0.810000,0.820000,0.830000,0.839999,0.849999,0.859999,0.869999,0.879999,0.889999,FLR,96.391800,162.037247,186.933868,195.334915,199.118622,201.344131,202.766418,203.735596,204.414719,204.895737,205.276962,205.543045,205.769424,205.980423,206.145996,206.292984,206.422455,206.553696,206.671722,206.774719,206.884506,206.958527,207.052231,207.140564,207.231766,207.310791,207.400208,207.482452,207.565430,207.656982,207.744247,207.738525,207.799316,207.799667,207.848663,207.852600,207.913040,207.901596,207.968109,207.928772,207.906601,207.926636,207.909821,207.964539,207.914474,207.886932,207.915909,207.882278,207.815048,207.834366,207.797531,207.715271,207.734222,207.687027,207.594391,207.519287,207.505707,207.432388,207.376602,207.248215,208.833939,209.293839,209.430817,209.473007,209.474091,209.473007,209.478378,209.480530,209.489105,209.488388,209.504837,209.481949,209.465500,209.459061,209.437256,209.415085,209.415787,209.385040,209.359283,209.347488,209.338898,209.289551,209.260590,209.234116,209.188339,209.145065,209.105728,209.060318,209.019547,208.980911,PAR,6987.300293,6987.300293,6987.300293,6987.300293,6987.300293,6987.300293,6987.300293,6987.300293,6987.300293,6987.300293,6987.300293,6987.300293,6987.300293,6987.300293,6987.300293,6987.300293,6987.300293,6987.300293,6987.300293,6987.300293,6987.300293,6987.300293,6987.300293,6987.300293,6987.300293,6987.300293,6987.300293,6987.300293,6987.300293,6987.300293,6929.077148,6870.854004,6812.630859,6754.407715,6696.184570,6637.961914,6579.738770,6521.515625,6463.292480,6405.069336,6346.846680,6288.623535,6230.400391,6172.177246,6113.954102,6055.730957,5997.508301,5939.285156,5881.062012,5822.838867,5764.615723,5706.393066,5648.169922,5589.946777,5531.723633,5473.500488,5415.277344,5357.054688,5298.831543,5240.608398,6987.300293,6987.300293,6987.300293,6987.300293,6987.300293,6987.300293,6987.300293,6987.300293,6987.300293,6987.300293,6987.300293,6987.300293,6987.300293,6987.300293,6987.300293,6987.300293,6987.300293,6987.300293,6987.300293,6987.300293,6987.300293,6987.300293,6987.300293,6987.300293,6987.300293,6987.300293,6987.300293,6987.300293,6987.300293,6987.300293,PHASE,1,1,1,1,1,1,1,1,1,1,1,1,1,1,1,1,1,1,1,1,1,1,1,1,1,1,1,1,1,1,2,2,2,2,2,2,2,2,2,2,2,2,2,2,2,2,2,2,2,2,2,2,2,2,2,2,2,2,2,2,3,3,3,3,3,3,3,3,3,3,3,3,3,3,3,3,3,3,3,3,3,3,3,3,3,3,3,3,3,3,FLASH_END
12,10:54:05,2026-07-08,Auto gsw+F,LI-COR Default,,012,,,-0.047699,2.683103,-0.048562,-0.548761,4.317999,4.333484,5.266424,0.948425,48.843121,48.668594,59.358379,0.441786,7.500000,PSF-00548_20260708105405_346,0.000000,0.000000,0.000000,63.015820,264.318207,0.761591,0.5,0.80,4.628661,1.000000,94.75,95.09,31.18,33.74,33.74,88.72,132.1,131.2,0.7,15,3.962,10:52:18,2026-07-08,-0.48,1,-0.003,-0.003,-0.012,0.358,0.732,1.443,1,150,0.005,2.000000,0.058905,0.000000,0.029230,0.000000,0.000000,-0.000068,standard,0,mpf,7000,500,5.000000,2.000000,300,300,300,262.243164,25,-1.398122,261.688843,262.317261,-0.628418,2.526696,2.510592,1.460073,0.870323,0.213527,0.030959,0.210995,0.120559,63.015820,0.000226,2.389264,-0.000064,1.000000,2.373994,-0.000050,1.000000,0.600671,0.600225,0.107215,0.000000,PSF-00548_20260708105405_346,PFA-00618,PSA-00618,PSF-00548,RHS-0688,3.0.0,2022-04-21T19:36:20.491Z,MEASUREMENT_END
PSF-00548_20260708105405_346,10:54:05,2026-07-08,PFA-00618,PSA-00618,PSF-00548,0.000000,0.000000,0.000000,264.318207,63.015820,0.761591,21.872408,TIME,0.000000,0.010000,0.020000,0.030000,0.040000,0.050000,0.060000,0.070000,0.080000,0.090000,0.100000,0.110000,0.120000,0.130000,0.140000,0.150000,0.160000,0.170000,0.180000,0.190000,0.200000,0.210000,0.220000,0.230000,0.240000,0.250000,0.260000,0.270000,0.280000,0.290000,0.300000,0.310000,0.320000,0.330000,0.340000,0.350000,0.360000,0.370000,0.380000,0.390000,0.400000,0.410000,0.420000,0.430000,0.440000,0.450000,0.460000,0.470000,0.480000,0.490000,0.500000,0.510000,0.520000,0.530000,0.540000,0.550000,0.560000,0.570000,0.580000,0.590000,0.600000,0.610000,0.620000,0.630000,0.640000,0.650000,0.660000,0.670000,0.680000,0.690000,0.700000,0.710000,0.720000,0.730000,0.740000,0.750000,0.760000,0.770000,0.780000,0.790000,0.800000,0.810000,0.820000,0.830000,0.839999,0.849999,0.859999,0.869999,0.879999,0.889999,FLR,145.613190,221.809738,246.856216,255.702850,259.203308,260.677094,261.310455,261.591553,261.751404,261.822571,261.914856,261.949188,262.005341,262.038940,262.081146,262.122620,262.144104,262.164124,262.178070,262.191650,262.228119,262.218475,262.242432,262.236359,262.241364,262.236359,262.237793,262.226349,262.243164,262.233856,262.235291,262.230988,262.213104,262.237793,262.205963,262.224915,262.187714,262.188782,262.182007,262.160187,262.156952,262.112976,262.112610,262.082581,262.084717,262.036804,262.001404,261.970642,261.966705,261.910919,261.916626,261.845825,261.844391,261.825806,261.777527,261.745697,261.709229,261.678467,261.661285,261.627686,261.439911,261.610870,261.667358,261.677399,261.688843,261.665955,261.639130,261.619446,261.609436,261.565796,261.561859,261.530029,261.490356,261.484985,261.440277,261.406647,261.370178,261.328705,261.326904,261.280762,261.273254,261.206757,261.189575,261.177429,261.140930,261.111267,261.074432,261.051178,260.981812,260.931732,PAR,6987.300293,6987.300293,6987.300293,6987.300293,6987.300293,6987.300293,6987.300293,6987.300293,6987.300293,6987.300293,6987.300293,6987.300293,6987.300293,6987.300293,6987.300293,6987.300293,6987.300293,6987.300293,6987.300293,6987.300293,6987.300293,6987.300293,6987.300293,6987.300293,6987.300293,6987.300293,6987.300293,6987.300293,6987.300293,6987.300293,6929.077148,6870.854004,6812.630859,6754.407715,6696.184570,6637.961914,6579.738770,6521.515625,6463.292480,6405.069336,6346.846680,6288.623535,6230.400391,6172.177246,6113.954102,6055.730957,5997.508301,5939.285156,5881.062012,5822.838867,5764.615723,5706.393066,5648.169922,5589.946777,5531.723633,5473.500488,5415.277344,5357.054688,5298.831543,5240.608398,6987.300293,6987.300293,6987.300293,6987.300293,6987.300293,6987.300293,6987.300293,6987.300293,6987.300293,6987.300293,6987.300293,6987.300293,6987.300293,6987.300293,6987.300293,6987.300293,6987.300293,6987.300293,6987.300293,6987.300293,6987.300293,6987.300293,6987.300293,6987.300293,6987.300293,6987.300293,6987.300293,6987.300293,6987.300293,6987.300293,PHASE,1,1,1,1,1,1,1,1,1,1,1,1,1,1,1,1,1,1,1,1,1,1,1,1,1,1,1,1,1,1,2,2,2,2,2,2,2,2,2,2,2,2,2,2,2,2,2,2,2,2,2,2,2,2,2,2,2,2,2,2,3,3,3,3,3,3,3,3,3,3,3,3,3,3,3,3,3,3,3,3,3,3,3,3,3,3,3,3,3,3,FLASH_END
13,10:54:51,2026-07-08,Auto gsw+F,LI-COR Default,,013,,,-0.028432,2.609015,-0.028745,-0.278064,4.443977,4.452204,5.255477,0.811501,50.171753,50.079044,59.223820,0.441786,7.500000,PSF-00548_20260708105451_021,0.000000,0.000000,0.000000,79.530716,345.774658,0.769993,0.5,0.80,3.659701,1.000000,94.97,95.14,31.64,33.70,33.70,88.74,125.9,124.7,0.9,12,3.962,10:52:18,2026-07-08,-0.48,1,-0.004,-0.004,-0.011,0.440,0.883,1.706,1,150,0.005,2.000000,0.058905,0.000000,0.029230,0.000000,0.000000,-0.000068,standard,0,mpf,7000,500,5.000000,2.000000,300,300,300,345.774658,25,1.010866,345.991028,347.221375,-1.230347,2.526632,2.510790,1.410615,0.855007,0.209653,0.024982,0.219553,0.117651,79.530716,0.000229,2.389264,-0.000064,1.000000,2.373994,-0.000050,1.000000,0.600671,0.600225,0.107215,0.000000,PSF-00548_20260708105451_021,PFA-00618,PSA-00618,PSF-00548,RHS-0688,3.0.0,2022-04-21T19:36:20.491Z,MEASUREMENT_END
PSF-00548_20260708105451_021,10:54:51,2026-07-08,PFA-00618,PSA-00618,PSF-00548,0.000000,0.000000,0.000000,345.774658,79.530716,0.769993,18.560617,TIME,0.000000,0.010000,0.020000,0.030000,0.040000,0.050000,0.060000,0.070000,0.080000,0.090000,0.100000,0.110000,0.120000,0.130000,0.140000,0.150000,0.160000,0.170000,0.180000,0.190000,0.200000,0.210000,0.220000,0.230000,0.240000,0.250000,0.260000,0.270000,0.280000,0.290000,0.300000,0.310000,0.320000,0.330000,0.340000,0.350000,0.360000,0.370000,0.380000,0.390000,0.400000,0.410000,0.420000,0.430000,0.440000,0.450000,0.460000,0.470000,0.480000,0.490000,0.500000,0.510000,0.520000,0.530000,0.540000,0.550000,0.560000,0.570000,0.580000,0.590000,0.600000,0.610000,0.620000,0.630000,0.640000,0.650000,0.660000,0.670000,0.680000,0.690000,0.700000,0.710000,0.720000,0.730000,0.740000,0.750000,0.760000,0.770000,0.780000,0.790000,0.800000,0.810000,0.820000,0.830000,0.839999,0.849999,0.859999,0.869999,0.879999,0.889999,FLR,194.270615,301.043976,329.343079,338.156464,341.446991,342.850677,343.511597,343.898163,344.182495,344.374176,344.560150,344.693542,344.815125,344.949249,345.020782,345.125183,345.202087,345.256104,345.339417,345.402710,345.471039,345.492126,345.551483,345.583679,345.631256,345.656281,345.694183,345.734589,345.751404,345.774658,345.836884,345.851898,345.870850,345.935944,345.942383,345.991364,345.997467,346.033936,346.047882,346.062897,346.144440,346.120850,346.157684,346.180206,346.212738,346.223816,346.222046,346.240997,346.257812,346.258179,346.311798,346.285339,346.282471,346.343994,346.321808,346.311462,346.303589,346.294647,346.298218,346.234192,345.820770,345.991028,345.987091,345.948822,345.876587,345.804321,345.753204,345.682373,345.649841,345.586884,345.570435,345.500336,345.462799,345.432037,345.375885,345.316528,345.209595,345.136292,345.076569,344.955322,344.873077,344.790100,344.709625,344.665283,344.566223,344.458923,344.348419,344.259033,344.164246,344.075928,PAR,6987.300293,6987.300293,6987.300293,6987.300293,6987.300293,6987.300293,6987.300293,6987.300293,6987.300293,6987.300293,6987.300293,6987.300293,6987.300293,6987.300293,6987.300293,6987.300293,6987.300293,6987.300293,6987.300293,6987.300293,6987.300293,6987.300293,6987.300293,6987.300293,6987.300293,6987.300293,6987.300293,6987.300293,6987.300293,6987.300293,6929.077148,6870.854004,6812.630859,6754.407715,6696.184570,6637.961914,6579.738770,6521.515625,6463.292480,6405.069336,6346.846680,6288.623535,6230.400391,6172.177246,6113.954102,6055.730957,5997.508301,5939.285156,5881.062012,5822.838867,5764.615723,5706.393066,5648.169922,5589.946777,5531.723633,5473.500488,5415.277344,5357.054688,5298.831543,5240.608398,6987.300293,6987.300293,6987.300293,6987.300293,6987.300293,6987.300293,6987.300293,6987.300293,6987.300293,6987.300293,6987.300293,6987.300293,6987.300293,6987.300293,6987.300293,6987.300293,6987.300293,6987.300293,6987.300293,6987.300293,6987.300293,6987.300293,6987.300293,6987.300293,6987.300293,6987.300293,6987.300293,6987.300293,6987.300293,6987.300293,PHASE,1,1,1,1,1,1,1,1,1,1,1,1,1,1,1,1,1,1,1,1,1,1,1,1,1,1,1,1,1,1,2,2,2,2,2,2,2,2,2,2,2,2,2,2,2,2,2,2,2,2,2,2,2,2,2,2,2,2,2,2,3,3,3,3,3,3,3,3,3,3,3,3,3,3,3,3,3,3,3,3,3,3,3,3,3,3,3,3,3,3,FLASH_END
14,10:55:03,2026-07-08,Auto gsw+F,LI-COR Default,,014,,,-0.033725,2.587369,-0.034170,-0.371995,4.471675,4.482833,5.384109,0.912433,50.515923,50.390186,60.672169,0.441786,7.500000,PSF-00548_20260708105503_a4a,0.000000,0.000000,0.000000,69.553612,344.102386,0.797869,0.5,0.80,3.750090,1.000000,94.92,95.16,31.76,34.14,34.14,88.74,124.1,123.2,0.7,12,3.961,10:52:18,2026-07-08,-0.48,1,-0.000,-0.004,-0.010,0.203,0.312,0.705,1,150,0.005,2.000000,0.058905,0.000000,0.029230,0.000000,0.000000,-0.000068,standard,0,mpf,7000,500,5.000000,2.000000,300,300,300,343.766205,25,0.045453,344.428894,344.167450,0.261444,2.526622,2.510705,1.396924,0.851430,0.208688,0.028839,0.221396,0.117535,69.553612,0.000226,2.389264,-0.000064,1.000000,2.373994,-0.000050,1.000000,0.600671,0.600225,0.107215,0.000000,PSF-00548_20260708105503_a4a,PFA-00618,PSA-00618,PSF-00548,RHS-0688,3.0.0,2022-04-21T19:36:20.491Z,MEASUREMENT_END
PSF-00548_20260708105503_a4a,10:55:03,2026-07-08,PFA-00618,PSA-00618,PSF-00548,0.000000,0.000000,0.000000,344.102386,69.553612,0.797869,18.428684,TIME,0.000000,0.010000,0.020000,0.030000,0.040000,0.050000,0.060000,0.070000,0.080000,0.090000,0.100000,0.110000,0.120000,0.130000,0.140000,0.150000,0.160000,0.170000,0.180000,0.190000,0.200000,0.210000,0.220000,0.230000,0.240000,0.250000,0.260000,0.270000,0.280000,0.290000,0.300000,0.310000,0.320000,0.330000,0.340000,0.350000,0.360000,0.370000,0.380000,0.390000,0.400000,0.410000,0.420000,0.430000,0.440000,0.450000,0.460000,0.470000,0.480000,0.490000,0.500000,0.510000,0.520000,0.530000,0.540000,0.550000,0.560000,0.570000,0.580000,0.590000,0.600000,0.610000,0.620000,0.630000,0.640000,0.650000,0.660000,0.670000,0.680000,0.690000,0.700000,0.710000,0.720000,0.730000,0.740000,0.750000,0.760000,0.770000,0.780000,0.790000,0.800000,0.810000,0.820000,0.830000,0.839999,0.849999,0.859999,0.869999,0.879999,0.889999,FLR,165.169006,278.713348,320.525757,333.417908,337.760559,339.370605,340.112335,340.550415,340.891968,341.161255,341.411224,341.609009,341.795319,341.971985,342.126495,342.289215,342.441193,342.570648,342.709412,342.827454,342.976929,343.058472,343.166473,343.269104,343.357788,343.452209,343.541626,343.632446,343.710785,343.766205,343.857758,343.917145,343.958618,344.047302,344.067688,344.140991,344.168182,344.198944,344.236145,344.263306,344.289795,344.296204,344.309448,344.347717,344.343414,344.330200,344.336975,344.334839,344.314453,344.303009,344.298706,344.260803,344.236847,344.211456,344.163879,344.115265,344.064117,344.032288,343.986511,343.895660,344.076263,344.374176,344.428894,344.409241,344.333038,344.292999,344.246857,344.206818,344.150665,344.104523,344.094879,344.022644,343.985077,343.932495,343.866333,343.826996,343.779816,343.735107,343.697205,343.641052,343.631042,343.556274,343.496552,343.467590,343.431122,343.367096,343.309174,343.263397,343.202942,343.159668,PAR,6987.300293,6987.300293,6987.300293,6987.300293,6987.300293,6987.300293,6987.300293,6987.300293,6987.300293,6987.300293,6987.300293,6987.300293,6987.300293,6987.300293,6987.300293,6987.300293,6987.300293,6987.300293,6987.300293,6987.300293,6987.300293,6987.300293,6987.300293,6987.300293,6987.300293,6987.300293,6987.300293,6987.300293,6987.300293,6987.300293,6929.077148,6870.854004,6812.630859,6754.407715,6696.184570,6637.961914,6579.738770,6521.515625,6463.292480,6405.069336,6346.846680,6288.623535,6230.400391,6172.177246,6113.954102,6055.730957,5997.508301,5939.285156,5881.062012,5822.838867,5764.615723,5706.393066,5648.169922,5589.946777,5531.723633,5473.500488,5415.277344,5357.054688,5298.831543,5240.608398,6987.300293,6987.300293,6987.300293,6987.300293,6987.300293,6987.300293,6987.300293,6987.300293,6987.300293,6987.300293,6987.300293,6987.300293,6987.300293,6987.300293,6987.300293,6987.300293,6987.300293,6987.300293,6987.300293,6987.300293,6987.300293,6987.300293,6987.300293,6987.300293,6987.300293,6987.300293,6987.300293,6987.300293,6987.300293,6987.300293,PHASE,1,1,1,1,1,1,1,1,1,1,1,1,1,1,1,1,1,1,1,1,1,1,1,1,1,1,1,1,1,1,2,2,2,2,2,2,2,2,2,2,2,2,2,2,2,2,2,2,2,2,2,2,2,2,2,2,2,2,2,2,3,3,3,3,3,3,3,3,3,3,3,3,3,3,3,3,3,3,3,3,3,3,3,3,3,3,3,3,3,3,FLASH_END
15,10:55:18,2026-07-08,Auto gsw+F,LI-COR Default,,015,,,-0.033243,2.561718,-0.033680,-0.349494,4.510757,4.521408,5.380161,0.869404,50.958363,50.838318,60.636909,0.441786,7.500000,PSF-00548_20260708105518_9df,0.000000,0.000000,0.000000,74.816826,360.124481,0.792247,0.5,0.80,4.058273,1.000000,94.96,95.19,31.91,34.12,34.12,88.73,122.1,121.3,0.7,13,3.961,10:52:18,2026-07-08,-0.48,1,-0.004,-0.002,-0.009,0.230,0.534,1.040,1,150,0.005,2.000000,0.058905,0.000000,0.029230,0.000000,0.000000,-0.000068,standard,0,mpf,7000,500,5.000000,2.000000,300,300,300,360.124481,25,0.741787,361.071838,361.186096,-0.114258,2.526618,2.510729,1.381099,0.846979,0.207495,0.026940,0.223585,0.118462,74.816826,0.000228,2.389264,-0.000064,1.000000,2.373994,-0.000050,1.000000,0.600671,0.600225,0.107215,0.000000,PSF-00548_20260708105518_9df,PFA-00618,PSA-00618,PSF-00548,RHS-0688,3.0.0,2022-04-21T19:36:20.491Z,MEASUREMENT_END
PSF-00548_20260708105518_9df,10:55:18,2026-07-08,PFA-00618,PSA-00618,PSF-00548,0.000000,0.000000,0.000000,360.124481,74.816826,0.792247,19.484564,TIME,0.000000,0.010000,0.020000,0.030000,0.040000,0.050000,0.060000,0.070000,0.080000,0.090000,0.100000,0.110000,0.120000,0.130000,0.140000,0.150000,0.160000,0.170000,0.180000,0.190000,0.200000,0.210000,0.220000,0.230000,0.240000,0.250000,0.260000,0.270000,0.280000,0.290000,0.300000,0.310000,0.320000,0.330000,0.340000,0.350000,0.360000,0.370000,0.380000,0.390000,0.400000,0.410000,0.420000,0.430000,0.440000,0.450000,0.460000,0.470000,0.480000,0.490000,0.500000,0.510000,0.520000,0.530000,0.540000,0.550000,0.560000,0.570000,0.580000,0.590000,0.600000,0.610000,0.620000,0.630000,0.640000,0.650000,0.660000,0.670000,0.680000,0.690000,0.700000,0.710000,0.720000,0.730000,0.740000,0.750000,0.760000,0.770000,0.780000,0.790000,0.800000,0.810000,0.820000,0.830000,0.839999,0.849999,0.859999,0.869999,0.879999,0.889999,FLR,179.819229,299.088837,338.629242,350.294006,354.278687,355.872620,356.634033,357.105011,357.450836,357.726227,357.971893,358.138916,358.339905,358.522644,358.675354,358.824860,358.969330,359.108795,359.249359,359.370575,359.510071,359.569427,359.657410,359.745728,359.815125,359.873047,359.951721,360.005371,360.068665,360.124481,360.216370,360.276459,360.330811,360.396973,360.435974,360.509644,360.575439,360.620850,360.644104,360.690247,360.733154,360.731720,360.773193,360.796814,360.825775,360.803589,360.836517,360.837219,360.835785,360.824707,360.853668,360.780701,360.792511,360.775696,360.732086,360.698456,360.697754,360.682739,360.660187,360.584381,360.719208,361.021057,361.071838,361.060028,361.009247,360.980286,360.947723,360.927338,360.894440,360.877991,360.865112,360.798584,360.775696,360.739594,360.709198,360.674866,360.673431,360.634094,360.636963,360.593689,360.591187,360.548981,360.504974,360.499634,360.458862,360.443481,360.435242,360.398407,360.394836,360.358002,PAR,6987.300293,6987.300293,6987.300293,6987.300293,6987.300293,6987.300293,6987.300293,6987.300293,6987.300293,6987.300293,6987.300293,6987.300293,6987.300293,6987.300293,6987.300293,6987.300293,6987.300293,6987.300293,6987.300293,6987.300293,6987.300293,6987.300293,6987.300293,6987.300293,6987.300293,6987.300293,6987.300293,6987.300293,6987.300293,6987.300293,6929.077148,6870.854004,6812.630859,6754.407715,6696.184570,6637.961914,6579.738770,6521.515625,6463.292480,6405.069336,6346.846680,6288.623535,6230.400391,6172.177246,6113.954102,6055.730957,5997.508301,5939.285156,5881.062012,5822.838867,5764.615723,5706.393066,5648.169922,5589.946777,5531.723633,5473.500488,5415.277344,5357.054688,5298.831543,5240.608398,6987.300293,6987.300293,6987.300293,6987.300293,6987.300293,6987.300293,6987.300293,6987.300293,6987.300293,6987.300293,6987.300293,6987.300293,6987.300293,6987.300293,6987.300293,6987.300293,6987.300293,6987.300293,6987.300293,6987.300293,6987.300293,6987.300293,6987.300293,6987.300293,6987.300293,6987.300293,6987.300293,6987.300293,6987.300293,6987.300293,PHASE,1,1,1,1,1,1,1,1,1,1,1,1,1,1,1,1,1,1,1,1,1,1,1,1,1,1,1,1,1,1,2,2,2,2,2,2,2,2,2,2,2,2,2,2,2,2,2,2,2,2,2,2,2,2,2,2,2,2,2,2,3,3,3,3,3,3,3,3,3,3,3,3,3,3,3,3,3,3,3,3,3,3,3,3,3,3,3,3,3,3,FLASH_END
16,10:55:36,2026-07-08,Auto gsw+F,LI-COR Default,,016,,,-0.030480,2.532830,-0.030851,-0.344801,4.553208,4.563904,5.488431,0.935222,51.452972,51.332390,61.875980,0.441786,7.500000,PSF-00548_20260708105536_486,0.000000,0.000000,0.000000,96.079590,397.338867,0.758192,0.5,0.80,3.699571,1.000000,94.97,95.20,32.07,34.48,34.48,88.70,119.8,118.5,1.1,12,3.960,10:52:18,2026-07-08,-0.48,1,-0.004,-0.005,-0.012,1.007,2.173,3.805,1,150,0.005,2.000000,0.058905,0.000000,0.029230,0.000000,0.000000,-0.000068,standard,0,mpf,7000,500,5.000000,2.000000,300,300,300,397.338867,25,2.454441,397.789825,400.851593,-3.061768,2.526585,2.510709,1.363766,0.840503,0.206169,0.029352,0.226520,0.117929,96.079590,0.000229,2.389264,-0.000064,1.000000,2.373994,-0.000050,1.000000,0.600671,0.600225,0.107215,0.000000,PSF-00548_20260708105536_486,PFA-00618,PSA-00618,PSF-00548,RHS-0688,3.0.0,2022-04-21T19:36:20.491Z,MEASUREMENT_END
PSF-00548_20260708105536_486,10:55:36,2026-07-08,PFA-00618,PSA-00618,PSF-00548,0.000000,0.000000,0.000000,397.338867,96.079590,0.758192,18.877016,TIME,0.000000,0.010000,0.020000,0.030000,0.040000,0.050000,0.060000,0.070000,0.080000,0.090000,0.100000,0.110000,0.120000,0.130000,0.140000,0.150000,0.160000,0.170000,0.180000,0.190000,0.200000,0.210000,0.220000,0.230000,0.240000,0.250000,0.260000,0.270000,0.280000,0.290000,0.300000,0.310000,0.320000,0.330000,0.340000,0.350000,0.360000,0.370000,0.380000,0.390000,0.400000,0.410000,0.420000,0.430000,0.440000,0.450000,0.460000,0.470000,0.480000,0.490000,0.500000,0.510000,0.520000,0.530000,0.540000,0.550000,0.560000,0.570000,0.580000,0.590000,0.600000,0.610000,0.620000,0.630000,0.640000,0.650000,0.660000,0.670000,0.680000,0.690000,0.700000,0.710000,0.720000,0.730000,0.740000,0.750000,0.760000,0.770000,0.780000,0.790000,0.800000,0.810000,0.820000,0.830000,0.839999,0.849999,0.859999,0.869999,0.879999,0.889999,FLR,230.072021,346.576447,378.580200,389.323364,393.297302,394.879456,395.530701,395.833618,396.063568,396.195160,396.338593,396.436584,396.526337,396.625397,396.687256,396.737701,396.804932,396.860718,396.926178,396.944031,397.040253,397.038116,397.091400,397.150024,397.169342,397.213684,397.246613,397.295593,397.329926,397.338867,397.395386,397.466888,397.470825,397.574890,397.571686,397.665741,397.682556,397.757660,397.775177,397.841705,397.944336,397.905334,397.966156,397.963654,398.035889,398.069855,398.040527,398.111328,398.183228,398.191467,398.287292,398.305542,398.314484,398.362396,398.386719,398.420349,398.431061,398.507233,398.559814,398.546936,397.602081,397.735107,397.757996,397.789825,397.769104,397.732605,397.680054,397.628174,397.587067,397.532715,397.528046,397.462250,397.430054,397.406097,397.330627,397.277710,397.219421,397.165771,397.136810,397.061707,397.052399,396.969788,396.914734,396.880402,396.806366,396.749512,396.679047,396.620758,396.568909,396.495941,PAR,6987.300293,6987.300293,6987.300293,6987.300293,6987.300293,6987.300293,6987.300293,6987.300293,6987.300293,6987.300293,6987.300293,6987.300293,6987.300293,6987.300293,6987.300293,6987.300293,6987.300293,6987.300293,6987.300293,6987.300293,6987.300293,6987.300293,6987.300293,6987.300293,6987.300293,6987.300293,6987.300293,6987.300293,6987.300293,6987.300293,6929.077148,6870.854004,6812.630859,6754.407715,6696.184570,6637.961914,6579.738770,6521.515625,6463.292480,6405.069336,6346.846680,6288.623535,6230.400391,6172.177246,6113.954102,6055.730957,5997.508301,5939.285156,5881.062012,5822.838867,5764.615723,5706.393066,5648.169922,5589.946777,5531.723633,5473.500488,5415.277344,5357.054688,5298.831543,5240.608398,6987.300293,6987.300293,6987.300293,6987.300293,6987.300293,6987.300293,6987.300293,6987.300293,6987.300293,6987.300293,6987.300293,6987.300293,6987.300293,6987.300293,6987.300293,6987.300293,6987.300293,6987.300293,6987.300293,6987.300293,6987.300293,6987.300293,6987.300293,6987.300293,6987.300293,6987.300293,6987.300293,6987.300293,6987.300293,6987.300293,PHASE,1,1,1,1,1,1,1,1,1,1,1,1,1,1,1,1,1,1,1,1,1,1,1,1,1,1,1,1,1,1,2,2,2,2,2,2,2,2,2,2,2,2,2,2,2,2,2,2,2,2,2,2,2,2,2,2,2,2,2,2,3,3,3,3,3,3,3,3,3,3,3,3,3,3,3,3,3,3,3,3,3,3,3,3,3,3,3,3,3,3,FLASH_END
17,10:55:50,2026-07-08,Auto gsw+F,LI-COR Default,,017,,,-0.024432,2.505377,-0.024673,-0.294477,4.588082,4.597374,5.586006,0.997924,51.831036,51.726273,62.976925,0.441786,7.500000,PSF-00548_20260708105550_e34,0.000000,0.000000,0.000000,102.927086,439.458496,0.765787,0.5,0.80,3.076667,1.000000,95.01,95.20,32.20,34.80,34.80,88.70,117.8,117.4,0.3,10,3.959,10:52:18,2026-07-08,-0.48,1,-0.003,-0.004,-0.012,1.212,2.530,5.491,1,150,0.005,2.000000,0.058905,0.000000,0.029230,0.000000,0.000000,-0.000068,standard,0,mpf,7000,500,5.000000,2.000000,300,300,300,439.458496,25,3.123503,439.994202,443.928741,-3.934540,2.526557,2.510734,1.347741,0.837951,0.205137,0.031702,0.228816,0.116036,102.927086,0.000229,2.389264,-0.000064,1.000000,2.373994,-0.000050,1.000000,0.600671,0.600225,0.107215,0.000000,PSF-00548_20260708105550_e34,PFA-00618,PSA-00618,PSF-00548,RHS-0688,3.0.0,2022-04-21T19:36:20.491Z,MEASUREMENT_END
PSF-00548_20260708105550_e34,10:55:50,2026-07-08,PFA-00618,PSA-00618,PSF-00548,0.000000,0.000000,0.000000,439.458496,102.927086,0.765787,16.722500,TIME,0.000000,0.010000,0.020000,0.030000,0.040000,0.050000,0.060000,0.070000,0.080000,0.090000,0.100000,0.110000,0.120000,0.130000,0.140000,0.150000,0.160000,0.170000,0.180000,0.190000,0.200000,0.210000,0.220000,0.230000,0.240000,0.250000,0.260000,0.270000,0.280000,0.290000,0.300000,0.310000,0.320000,0.330000,0.340000,0.350000,0.360000,0.370000,0.380000,0.390000,0.400000,0.410000,0.420000,0.430000,0.440000,0.450000,0.460000,0.470000,0.480000,0.490000,0.500000,0.510000,0.520000,0.530000,0.540000,0.550000,0.560000,0.570000,0.580000,0.590000,0.600000,0.610000,0.620000,0.630000,0.640000,0.650000,0.660000,0.670000,0.680000,0.690000,0.700000,0.710000,0.720000,0.730000,0.740000,0.750000,0.760000,0.770000,0.780000,0.790000,0.800000,0.810000,0.820000,0.830000,0.839999,0.849999,0.859999,0.869999,0.879999,0.889999,FLR,257.487427,388.408173,420.766724,431.171906,435.191284,436.869629,437.619934,437.969330,438.198578,438.330536,438.513641,438.605560,438.689575,438.785431,438.871277,438.941010,439.010010,439.077271,439.155945,439.204559,439.279663,439.297211,439.317230,439.374817,439.384094,439.373383,439.409485,439.422729,439.445251,439.458496,439.500336,439.560425,439.557556,439.681641,439.664490,439.764984,439.765320,439.848297,439.865814,439.922333,440.036774,440.006378,440.097565,440.092926,440.195557,440.253143,440.245972,440.314636,440.380798,440.372589,440.473785,440.504913,440.511719,440.627930,440.689453,440.754181,440.766693,440.849670,440.940155,440.981262,439.713470,439.880127,439.951660,439.994202,439.962738,439.957367,439.949158,439.909821,439.924133,439.908386,439.949860,439.901581,439.884430,439.866180,439.870850,439.863312,439.862244,439.847229,439.839020,439.819336,439.825409,439.802887,439.778198,439.784302,439.766052,439.749237,439.723480,439.713837,439.705261,439.683075,PAR,6987.300293,6987.300293,6987.300293,6987.300293,6987.300293,6987.300293,6987.300293,6987.300293,6987.300293,6987.300293,6987.300293,6987.300293,6987.300293,6987.300293,6987.300293,6987.300293,6987.300293,6987.300293,6987.300293,6987.300293,6987.300293,6987.300293,6987.300293,6987.300293,6987.300293,6987.300293,6987.300293,6987.300293,6987.300293,6987.300293,6929.077148,6870.854004,6812.630859,6754.407715,6696.184570,6637.961914,6579.738770,6521.515625,6463.292480,6405.069336,6346.846680,6288.623535,6230.400391,6172.177246,6113.954102,6055.730957,5997.508301,5939.285156,5881.062012,5822.838867,5764.615723,5706.393066,5648.169922,5589.946777,5531.723633,5473.500488,5415.277344,5357.054688,5298.831543,5240.608398,6987.300293,6987.300293,6987.300293,6987.300293,6987.300293,6987.300293,6987.300293,6987.300293,6987.300293,6987.300293,6987.300293,6987.300293,6987.300293,6987.300293,6987.300293,6987.300293,6987.300293,6987.300293,6987.300293,6987.300293,6987.300293,6987.300293,6987.300293,6987.300293,6987.300293,6987.300293,6987.300293,6987.300293,6987.300293,6987.300293,PHASE,1,1,1,1,1,1,1,1,1,1,1,1,1,1,1,1,1,1,1,1,1,1,1,1,1,1,1,1,1,1,2,2,2,2,2,2,2,2,2,2,2,2,2,2,2,2,2,2,2,2,2,2,2,2,2,2,2,2,2,2,3,3,3,3,3,3,3,3,3,3,3,3,3,3,3,3,3,3,3,3,3,3,3,3,3,3,3,3,3,3,FLASH_END
18,10:56:10,2026-07-08,Auto gsw+F,LI-COR Default,,018,,,-0.034659,2.477790,-0.035150,-0.393661,4.634123,4.646759,5.570387,0.936264,52.386036,52.243584,62.798717,0.441786,7.500000,PSF-00548_20260708105610_37f,0.000000,0.000000,0.000000,148.298264,497.891296,0.702147,0.5,0.80,3.189705,1.000000,94.98,95.23,32.38,34.75,34.75,88.70,115.7,114.6,0.9,11,3.958,10:52:18,2026-07-08,-0.48,1,-0.002,-0.003,-0.010,1.690,3.519,6.239,1,150,0.005,2.000000,0.058905,0.000000,0.029230,0.000000,0.000000,-0.000068,standard,0,mpf,7000,500,5.000000,2.000000,300,300,300,497.891296,25,1.283582,496.584900,499.728302,-3.143402,2.526545,2.510643,1.332052,0.831737,0.203666,0.028888,0.232176,0.117189,148.298264,0.000228,2.389264,-0.000064,1.000000,2.373994,-0.000050,1.000000,0.600671,0.600225,0.107215,0.000000,PSF-00548_20260708105610_37f,PFA-00618,PSA-00618,PSF-00548,RHS-0688,3.0.0,2022-04-21T19:36:20.491Z,MEASUREMENT_END
PSF-00548_20260708105610_37f,10:56:10,2026-07-08,PFA-00618,PSA-00618,PSF-00548,0.000000,0.000000,0.000000,497.891296,148.298264,0.702147,18.035326,TIME,0.000000,0.010000,0.020000,0.030000,0.040000,0.050000,0.060000,0.070000,0.080000,0.090000,0.100000,0.110000,0.120000,0.130000,0.140000,0.150000,0.160000,0.170000,0.180000,0.190000,0.200000,0.210000,0.220000,0.230000,0.240000,0.250000,0.260000,0.270000,0.280000,0.290000,0.300000,0.310000,0.320000,0.330000,0.340000,0.350000,0.360000,0.370000,0.380000,0.390000,0.400000,0.410000,0.420000,0.430000,0.440000,0.450000,0.460000,0.470000,0.480000,0.490000,0.500000,0.510000,0.520000,0.530000,0.540000,0.550000,0.560000,0.570000,0.580000,0.590000,0.600000,0.610000,0.620000,0.630000,0.640000,0.650000,0.660000,0.670000,0.680000,0.690000,0.700000,0.710000,0.720000,0.730000,0.740000,0.750000,0.760000,0.770000,0.780000,0.790000,0.800000,0.810000,0.820000,0.830000,0.839999,0.849999,0.859999,0.869999,0.879999,0.889999,FLR,327.414032,456.593170,482.525818,490.598907,493.912689,495.511292,496.356720,496.830933,497.168182,497.349854,497.529755,497.608429,497.705688,497.772919,497.801178,497.833740,497.854828,497.855194,497.891296,497.861969,497.875580,497.856262,497.821564,497.804413,497.738251,497.723572,497.693909,497.653137,497.636322,497.601624,497.609497,497.688538,497.633087,497.722137,497.679962,497.780090,497.730377,497.757202,497.772217,497.813354,497.880585,497.808685,497.853027,497.817627,497.877350,497.915283,497.886292,497.936737,497.982849,497.948517,498.039368,498.065826,498.023987,498.081573,498.120911,498.155579,498.118744,498.182404,498.239624,498.260010,496.556641,496.584900,496.558441,496.509064,496.431458,496.346008,496.243347,496.197571,496.120697,496.030212,495.997681,495.860687,495.769867,495.697632,495.599976,495.510925,495.419739,495.301361,495.214111,495.103607,495.042450,494.865051,494.755981,494.679810,494.558228,494.484192,494.351868,494.205597,494.108307,493.959198,PAR,6987.300293,6987.300293,6987.300293,6987.300293,6987.300293,6987.300293,6987.300293,6987.300293,6987.300293,6987.300293,6987.300293,6987.300293,6987.300293,6987.300293,6987.300293,6987.300293,6987.300293,6987.300293,6987.300293,6987.300293,6987.300293,6987.300293,6987.300293,6987.300293,6987.300293,6987.300293,6987.300293,6987.300293,6987.300293,6987.300293,6929.077148,6870.854004,6812.630859,6754.407715,6696.184570,6637.961914,6579.738770,6521.515625,6463.292480,6405.069336,6346.846680,6288.623535,6230.400391,6172.177246,6113.954102,6055.730957,5997.508301,5939.285156,5881.062012,5822.838867,5764.615723,5706.393066,5648.169922,5589.946777,5531.723633,5473.500488,5415.277344,5357.054688,5298.831543,5240.608398,6987.300293,6987.300293,6987.300293,6987.300293,6987.300293,6987.300293,6987.300293,6987.300293,6987.300293,6987.300293,6987.300293,6987.300293,6987.300293,6987.300293,6987.300293,6987.300293,6987.300293,6987.300293,6987.300293,6987.300293,6987.300293,6987.300293,6987.300293,6987.300293,6987.300293,6987.300293,6987.300293,6987.300293,6987.300293,6987.300293,PHASE,1,1,1,1,1,1,1,1,1,1,1,1,1,1,1,1,1,1,1,1,1,1,1,1,1,1,1,1,1,1,2,2,2,2,2,2,2,2,2,2,2,2,2,2,2,2,2,2,2,2,2,2,2,2,2,2,2,2,2,2,3,3,3,3,3,3,3,3,3,3,3,3,3,3,3,3,3,3,3,3,3,3,3,3,3,3,3,3,3,3,FLASH_END
19,10:56:45,2026-07-08,Auto gsw+F,LI-COR Default,,019,,,0.006578,2.428395,0.006560,0.056601,4.665337,4.663462,5.387521,0.722185,52.558041,52.579166,60.718315,0.441786,7.500000,PSF-00548_20260708105645_1f4,0.000000,0.000000,0.000000,106.371758,480.298981,0.778530,0.5,0.80,5.989421,1.000000,95.12,95.09,32.47,34.15,34.15,88.73,112.1,111.3,0.8,19,3.957,10:52:18,2026-07-08,-0.48,1,0.000,-0.000,-0.009,0.084,0.251,0.845,1,150,0.005,2.000000,0.058905,0.000000,0.029230,0.000000,0.000000,-0.000068,standard,0,mpf,7000,500,5.000000,2.000000,300,300,300,473.660950,25,-4.447083,472.297302,473.934448,-1.637146,2.526314,2.510832,1.304922,0.824036,0.202941,0.020485,0.237450,0.124107,106.371758,0.000227,2.389264,-0.000064,1.000000,2.373994,-0.000050,1.000000,0.600671,0.600225,0.107215,0.000000,PSF-00548_20260708105645_1f4,PFA-00618,PSA-00618,PSF-00548,RHS-0688,3.0.0,2022-04-21T19:36:20.491Z,MEASUREMENT_END
PSF-00548_20260708105645_1f4,10:56:45,2026-07-08,PFA-00618,PSA-00618,PSF-00548,0.000000,0.000000,0.000000,480.298981,106.371758,0.778530,25.911463,TIME,0.000000,0.010000,0.020000,0.030000,0.040000,0.050000,0.060000,0.070000,0.080000,0.090000,0.100000,0.110000,0.120000,0.130000,0.140000,0.150000,0.160000,0.170000,0.180000,0.190000,0.200000,0.210000,0.220000,0.230000,0.240000,0.250000,0.260000,0.270000,0.280000,0.290000,0.300000,0.310000,0.320000,0.330000,0.340000,0.350000,0.360000,0.370000,0.380000,0.390000,0.400000,0.410000,0.420000,0.430000,0.440000,0.450000,0.460000,0.470000,0.480000,0.490000,0.500000,0.510000,0.520000,0.530000,0.540000,0.550000,0.560000,0.570000,0.580000,0.590000,0.600000,0.610000,0.620000,0.630000,0.640000,0.650000,0.660000,0.670000,0.680000,0.690000,0.700000,0.710000,0.720000,0.730000,0.740000,0.750000,0.760000,0.770000,0.780000,0.790000,0.800000,0.810000,0.820000,0.830000,0.839999,0.849999,0.859999,0.869999,0.879999,0.889999,FLR,258.253815,410.470612,452.196472,463.693512,467.812653,469.607605,470.563538,471.175079,471.608887,471.955048,472.226868,472.408173,472.602722,472.799774,472.914215,473.026886,473.128784,473.206390,473.314056,473.372345,473.466400,473.477478,473.534698,473.571899,473.577972,473.605499,473.625885,473.629486,473.660950,473.631989,473.680267,473.630188,473.591919,473.626617,473.571899,473.592285,473.570831,473.525391,473.483917,473.401672,473.379852,473.288300,473.236084,473.184235,473.164215,473.064789,473.031891,472.934235,472.846619,472.762573,472.688904,472.540497,472.451447,472.365631,472.231140,472.100983,471.995483,471.887482,471.761932,471.604950,471.933594,472.297302,472.223999,472.070221,471.867798,471.712952,471.567383,471.414673,471.285950,471.142883,471.001984,470.789551,470.642914,470.460876,470.279572,470.103973,469.938385,469.775665,469.643707,469.485626,469.348663,469.161285,469.001404,468.840851,468.660583,468.513611,468.370911,468.226440,468.079803,467.905640,PAR,6987.300293,6987.300293,6987.300293,6987.300293,6987.300293,6987.300293,6987.300293,6987.300293,6987.300293,6987.300293,6987.300293,6987.300293,6987.300293,6987.300293,6987.300293,6987.300293,6987.300293,6987.300293,6987.300293,6987.300293,6987.300293,6987.300293,6987.300293,6987.300293,6987.300293,6987.300293,6987.300293,6987.300293,6987.300293,6987.300293,6929.077148,6870.854004,6812.630859,6754.407715,6696.184570,6637.961914,6579.738770,6521.515625,6463.292480,6405.069336,6346.846680,6288.623535,6230.400391,6172.177246,6113.954102,6055.730957,5997.508301,5939.285156,5881.062012,5822.838867,5764.615723,5706.393066,5648.169922,5589.946777,5531.723633,5473.500488,5415.277344,5357.054688,5298.831543,5240.608398,6987.300293,6987.300293,6987.300293,6987.300293,6987.300293,6987.300293,6987.300293,6987.300293,6987.300293,6987.300293,6987.300293,6987.300293,6987.300293,6987.300293,6987.300293,6987.300293,6987.300293,6987.300293,6987.300293,6987.300293,6987.300293,6987.300293,6987.300293,6987.300293,6987.300293,6987.300293,6987.300293,6987.300293,6987.300293,6987.300293,PHASE,1,1,1,1,1,1,1,1,1,1,1,1,1,1,1,1,1,1,1,1,1,1,1,1,1,1,1,1,1,1,2,2,2,2,2,2,2,2,2,2,2,2,2,2,2,2,2,2,2,2,2,2,2,2,2,2,2,2,2,2,3,3,3,3,3,3,3,3,3,3,3,3,3,3,3,3,3,3,3,3,3,3,3,3,3,3,3,3,3,3,FLASH_END
20,10:56:55,2026-07-08,Auto gsw+F,LI-COR Default,,020,,,0.000626,2.413950,0.000626,0.005192,4.662122,4.661948,5.356635,0.694513,52.540981,52.542934,60.370224,0.441786,7.500000,PSF-00548_20260708105655_731,0.000000,0.000000,0.000000,113.785385,480.856781,0.763370,0.5,0.80,8.514488,1.000000,95.09,95.08,32.47,34.05,34.05,88.73,111.1,110.3,0.7,28,3.956,10:52:18,2026-07-08,-0.48,1,0.001,-0.003,-9999.000,0.298,0.229,-9999.000,1,150,0.005,2.000000,0.058905,0.000000,0.029230,0.000000,0.000000,-0.000068,standard,0,mpf,7000,500,5.000000,2.000000,300,300,300,474.826813,25,-4.552533,472.916351,474.341339,-1.424988,2.526314,2.510783,1.297208,0.821895,0.202985,0.019300,0.238728,0.131705,113.785385,0.000227,2.389264,-0.000064,1.000000,2.373994,-0.000050,1.000000,0.600671,0.600225,0.107215,0.000000,PSF-00548_20260708105655_731,PFA-00618,PSA-00618,PSF-00548,RHS-0688,3.0.0,2022-04-21T19:36:20.491Z,MEASUREMENT_END
PSF-00548_20260708105655_731,10:56:55,2026-07-08,PFA-00618,PSA-00618,PSF-00548,0.000000,0.000000,0.000000,480.856781,113.785385,0.763370,34.562916,TIME,0.000000,0.010000,0.020000,0.030000,0.040000,0.050000,0.060000,0.070000,0.080000,0.090000,0.100000,0.110000,0.120000,0.130000,0.140000,0.150000,0.160000,0.170000,0.180000,0.190000,0.200000,0.210000,0.220000,0.230000,0.240000,0.250000,0.260000,0.270000,0.280000,0.290000,0.300000,0.310000,0.320000,0.330000,0.340000,0.350000,0.360000,0.370000,0.380000,0.390000,0.400000,0.410000,0.420000,0.430000,0.440000,0.450000,0.460000,0.470000,0.480000,0.490000,0.500000,0.510000,0.520000,0.530000,0.540000,0.550000,0.560000,0.570000,0.580000,0.590000,0.600000,0.610000,0.620000,0.630000,0.640000,0.650000,0.660000,0.670000,0.680000,0.690000,0.700000,0.710000,0.720000,0.730000,0.740000,0.750000,0.760000,0.770000,0.780000,0.790000,0.800000,0.810000,0.820000,0.830000,0.839999,0.849999,0.859999,0.869999,0.879999,0.889999,FLR,272.880432,419.402008,456.864960,467.092407,470.553528,472.016205,472.734344,473.203888,473.586548,473.828674,474.061127,474.185242,474.305756,474.421967,474.490295,474.547516,474.591492,474.615448,474.643005,474.642273,474.826813,474.634064,474.601135,474.625824,474.563599,474.512817,474.500671,474.452362,474.401581,474.354401,474.350800,474.283936,474.210968,474.171631,474.070068,474.009979,473.920929,473.827972,473.781464,473.696716,473.654510,473.535431,473.494995,473.467102,473.423126,473.345154,473.270782,473.155609,473.098755,473.032959,473.033295,472.887390,472.815857,472.712860,472.616669,472.492920,472.456451,472.376343,472.317352,472.180023,472.536560,472.916351,472.886322,472.800140,472.656738,472.599518,472.486145,472.411743,472.345245,472.254761,472.197174,472.088806,471.995819,471.936462,471.835602,471.742615,471.651428,471.574890,471.496948,471.402527,471.361755,471.243011,471.161499,471.082092,470.958008,470.880402,470.785980,470.715515,470.626831,470.477356,PAR,6987.300293,6987.300293,6987.300293,6987.300293,6987.300293,6987.300293,6987.300293,6987.300293,6987.300293,6987.300293,6987.300293,6987.300293,6987.300293,6987.300293,6987.300293,6987.300293,6987.300293,6987.300293,6987.300293,6987.300293,6987.300293,6987.300293,6987.300293,6987.300293,6987.300293,6987.300293,6987.300293,6987.300293,6987.300293,6987.300293,6929.077148,6870.854004,6812.630859,6754.407715,6696.184570,6637.961914,6579.738770,6521.515625,6463.292480,6405.069336,6346.846680,6288.623535,6230.400391,6172.177246,6113.954102,6055.730957,5997.508301,5939.285156,5881.062012,5822.838867,5764.615723,5706.393066,5648.169922,5589.946777,5531.723633,5473.500488,5415.277344,5357.054688,5298.831543,5240.608398,6987.300293,6987.300293,6987.300293,6987.300293,6987.300293,6987.300293,6987.300293,6987.300293,6987.300293,6987.300293,6987.300293,6987.300293,6987.300293,6987.300293,6987.300293,6987.300293,6987.300293,6987.300293,6987.300293,6987.300293,6987.300293,6987.300293,6987.300293,6987.300293,6987.300293,6987.300293,6987.300293,6987.300293,6987.300293,6987.300293,PHASE,1,1,1,1,1,1,1,1,1,1,1,1,1,1,1,1,1,1,1,1,1,1,1,1,1,1,1,1,1,1,2,2,2,2,2,2,2,2,2,2,2,2,2,2,2,2,2,2,2,2,2,2,2,2,2,2,2,2,2,2,3,3,3,3,3,3,3,3,3,3,3,3,3,3,3,3,3,3,3,3,3,3,3,3,3,3,3,3,3,3,FLASH_END
21,10:57:36,2026-07-08,Auto gsw+F,LI-COR Default,,021,,,-0.006771,2.377734,-0.006790,-0.050390,4.700444,4.702166,5.321720,0.621276,52.994991,52.975578,59.977570,0.441786,7.500000,PSF-00548_20260708105736_79e,0.000000,0.000000,0.000000,114.084366,510.052307,0.776328,0.5,0.80,6.305927,1.000000,95.18,95.21,32.60,33.93,33.93,88.73,108.6,107.8,0.7,20,3.955,10:52:18,2026-07-08,-0.48,1,-0.001,-0.001,-0.006,0.328,0.839,12.440,1,150,0.005,2.000000,0.058905,0.000000,0.029230,0.000000,0.000000,-0.000068,standard,0,mpf,7000,500,5.000000,2.000000,300,300,300,505.123260,25,-4.258000,502.116669,503.958405,-1.841736,2.526452,2.510879,1.278276,0.816192,0.201964,0.016342,0.244003,0.125050,114.084366,0.000230,2.389264,-0.000064,1.000000,2.373994,-0.000050,1.000000,0.600671,0.600225,0.107215,0.000000,PSF-00548_20260708105736_79e,PFA-00618,PSA-00618,PSF-00548,RHS-0688,3.0.0,2022-04-21T19:36:20.491Z,MEASUREMENT_END
PSF-00548_20260708105736_79e,10:57:36,2026-07-08,PFA-00618,PSA-00618,PSF-00548,0.000000,0.000000,0.000000,510.052307,114.084366,0.776328,26.985258,TIME,0.000000,0.010000,0.020000,0.030000,0.040000,0.050000,0.060000,0.070000,0.080000,0.090000,0.100000,0.110000,0.120000,0.130000,0.140000,0.150000,0.160000,0.170000,0.180000,0.190000,0.200000,0.210000,0.220000,0.230000,0.240000,0.250000,0.260000,0.270000,0.280000,0.290000,0.300000,0.310000,0.320000,0.330000,0.340000,0.350000,0.360000,0.370000,0.380000,0.390000,0.400000,0.410000,0.420000,0.430000,0.440000,0.450000,0.460000,0.470000,0.480000,0.490000,0.500000,0.510000,0.520000,0.530000,0.540000,0.550000,0.560000,0.570000,0.580000,0.590000,0.600000,0.610000,0.620000,0.630000,0.640000,0.650000,0.660000,0.670000,0.680000,0.690000,0.700000,0.710000,0.720000,0.730000,0.740000,0.750000,0.760000,0.770000,0.780000,0.790000,0.800000,0.810000,0.820000,0.830000,0.839999,0.849999,0.859999,0.869999,0.879999,0.889999,FLR,280.551910,439.756744,481.828461,494.230621,499.031433,501.214020,502.375946,503.086914,503.601562,503.948822,504.270325,504.447327,504.592896,504.721283,504.813202,504.891510,504.964111,505.019196,505.073547,505.082123,505.123260,505.069977,505.034210,504.982697,504.949799,504.910461,504.906189,505.000946,505.071045,504.819641,504.258881,504.053223,503.853333,503.776428,503.660919,503.644470,503.559723,503.499634,503.413086,503.304352,503.251801,503.139130,503.093353,503.047577,503.019348,502.965698,502.893799,502.849823,502.797241,502.686035,502.662415,502.537262,502.494690,502.473938,502.387390,502.292267,502.234344,502.168549,502.144562,502.016907,501.744019,502.112030,502.116669,502.058746,501.901398,501.795166,501.680023,501.570953,501.488678,501.363525,501.322021,501.192200,501.089203,500.974426,500.832092,500.702271,500.581390,500.441895,500.344635,500.224457,500.150085,500.009186,499.882233,499.759186,499.645477,499.519592,499.400146,499.292145,499.173401,499.070404,PAR,6987.300293,6987.300293,6987.300293,6987.300293,6987.300293,6987.300293,6987.300293,6987.300293,6987.300293,6987.300293,6987.300293,6987.300293,6987.300293,6987.300293,6987.300293,6987.300293,6987.300293,6987.300293,6987.300293,6987.300293,6987.300293,6987.300293,6987.300293,6987.300293,6987.300293,6987.300293,6987.300293,6987.300293,6987.300293,6987.300293,6929.077148,6870.854004,6812.630859,6754.407715,6696.184570,6637.961914,6579.738770,6521.515625,6463.292480,6405.069336,6346.846680,6288.623535,6230.400391,6172.177246,6113.954102,6055.730957,5997.508301,5939.285156,5881.062012,5822.838867,5764.615723,5706.393066,5648.169922,5589.946777,5531.723633,5473.500488,5415.277344,5357.054688,5298.831543,5240.608398,6987.300293,6987.300293,6987.300293,6987.300293,6987.300293,6987.300293,6987.300293,6987.300293,6987.300293,6987.300293,6987.300293,6987.300293,6987.300293,6987.300293,6987.300293,6987.300293,6987.300293,6987.300293,6987.300293,6987.300293,6987.300293,6987.300293,6987.300293,6987.300293,6987.300293,6987.300293,6987.300293,6987.300293,6987.300293,6987.300293,PHASE,1,1,1,1,1,1,1,1,1,1,1,1,1,1,1,1,1,1,1,1,1,1,1,1,1,1,1,1,1,1,2,2,2,2,2,2,2,2,2,2,2,2,2,2,2,2,2,2,2,2,2,2,2,2,2,2,2,2,2,2,3,3,3,3,3,3,3,3,3,3,3,3,3,3,3,3,3,3,3,3,3,3,3,3,3,3,3,3,3,3,FLASH_END
22,10:58:09,2026-07-08,Auto gsw+F,LI-COR Default,,022,,,-0.001413,2.343330,-0.001414,-0.013358,4.744189,4.744655,5.533592,0.789403,53.480488,53.475231,62.373173,0.441786,7.500000,PSF-00548_20260708105809_6ca,0.000000,0.000000,0.000000,123.228195,455.625519,0.729541,0.5,0.80,14.917653,1.000000,95.29,95.30,32.74,34.63,34.63,88.72,106.3,105.3,1.0,51,3.916,10:52:18,2026-07-08,-0.48,1,-0.005,-0.004,-0.012,2.266,4.308,4.532,1,150,0.005,2.000000,0.058905,0.000000,0.029230,0.000000,0.000000,-0.000068,standard,0,mpf,7000,500,5.000000,2.000000,300,300,300,450.211273,25,-3.392583,447.740082,450.770172,-3.030090,2.526526,2.511001,1.260807,0.810501,0.200828,0.023140,0.248215,0.152111,123.228195,0.000228,2.389264,-0.000064,1.000000,2.373994,-0.000050,1.000000,0.600671,0.600225,0.107215,0.000000,PSF-00548_20260708105809_6ca,PFA-00618,PSA-00618,PSF-00548,RHS-0688,3.0.0,2022-04-21T19:36:20.491Z,MEASUREMENT_END
PSF-00548_20260708105809_6ca,10:58:09,2026-07-08,PFA-00618,PSA-00618,PSF-00548,0.000000,0.000000,0.000000,455.625519,123.228195,0.729541,57.798378,TIME,0.000000,0.010000,0.020000,0.030000,0.040000,0.050000,0.060000,0.070000,0.080000,0.090000,0.100000,0.110000,0.120000,0.130000,0.140000,0.150000,0.160000,0.170000,0.180000,0.190000,0.200000,0.210000,0.220000,0.230000,0.240000,0.250000,0.260000,0.270000,0.280000,0.290000,0.300000,0.310000,0.320000,0.330000,0.340000,0.350000,0.360000,0.370000,0.380000,0.390000,0.400000,0.410000,0.420000,0.430000,0.440000,0.450000,0.460000,0.470000,0.480000,0.490000,0.500000,0.510000,0.520000,0.530000,0.540000,0.550000,0.560000,0.570000,0.580000,0.590000,0.600000,0.610000,0.620000,0.630000,0.640000,0.650000,0.660000,0.670000,0.680000,0.690000,0.700000,0.710000,0.720000,0.730000,0.740000,0.750000,0.760000,0.770000,0.780000,0.790000,0.800000,0.810000,0.820000,0.830000,0.839999,0.849999,0.859999,0.869999,0.879999,0.889999,FLR,280.692444,402.550232,434.443481,443.367371,445.697296,446.251984,446.456207,446.611053,446.804535,446.971893,447.154999,447.285522,447.456482,447.665344,447.868469,448.065521,448.274017,448.488953,448.684204,448.873749,449.101929,449.239258,449.392334,449.559692,449.708832,449.851166,449.980255,450.089325,450.175537,450.211273,450.291382,450.352203,450.351471,450.439819,450.415131,450.508484,450.501678,450.521362,450.498810,450.486664,450.503113,450.382233,450.377594,450.308563,450.245270,450.228455,450.132965,450.077179,450.029266,449.913025,449.860443,449.753174,449.651611,449.560059,449.468842,449.361908,449.196686,449.092621,448.986755,448.845154,447.740082,447.604187,447.353119,447.126740,446.818481,446.549896,446.294891,446.015961,445.734131,445.465912,445.212372,444.879059,444.599396,444.320801,443.998932,443.694244,443.383820,443.083771,442.752960,442.397827,442.099915,441.746582,441.377869,441.057434,440.696228,440.308563,439.921631,439.560059,439.205994,438.796509,PAR,6987.300293,6987.300293,6987.300293,6987.300293,6987.300293,6987.300293,6987.300293,6987.300293,6987.300293,6987.300293,6987.300293,6987.300293,6987.300293,6987.300293,6987.300293,6987.300293,6987.300293,6987.300293,6987.300293,6987.300293,6987.300293,6987.300293,6987.300293,6987.300293,6987.300293,6987.300293,6987.300293,6987.300293,6987.300293,6987.300293,6929.077148,6870.854004,6812.630859,6754.407715,6696.184570,6637.961914,6579.738770,6521.515625,6463.292480,6405.069336,6346.846680,6288.623535,6230.400391,6172.177246,6113.954102,6055.730957,5997.508301,5939.285156,5881.062012,5822.838867,5764.615723,5706.393066,5648.169922,5589.946777,5531.723633,5473.500488,5415.277344,5357.054688,5298.831543,5240.608398,6987.300293,6987.300293,6987.300293,6987.300293,6987.300293,6987.300293,6987.300293,6987.300293,6987.300293,6987.300293,6987.300293,6987.300293,6987.300293,6987.300293,6987.300293,6987.300293,6987.300293,6987.300293,6987.300293,6987.300293,6987.300293,6987.300293,6987.300293,6987.300293,6987.300293,6987.300293,6987.300293,6987.300293,6987.300293,6987.300293,PHASE,1,1,1,1,1,1,1,1,1,1,1,1,1,1,1,1,1,1,1,1,1,1,1,1,1,1,1,1,1,1,2,2,2,2,2,2,2,2,2,2,2,2,2,2,2,2,2,2,2,2,2,2,2,2,2,2,2,2,2,2,3,3,3,3,3,3,3,3,3,3,3,3,3,3,3,3,3,3,3,3,3,3,3,3,3,3,3,3,3,3,FLASH_END
23,10:58:25,2026-07-08,Auto gsw+F,LI-COR Default,,023,,,-0.014077,2.331130,-0.014163,-0.149246,4.767541,4.772790,5.647520,0.879979,53.800346,53.741177,63.660561,0.441786,7.500000,PSF-00548_20260708105825_632,0.000000,0.000000,0.000000,132.902390,377.378021,0.647827,0.5,0.80,15.962196,1.000000,95.21,95.31,32.84,35.00,35.00,88.71,105.4,104.3,1.1,62,3.954,10:52:18,2026-07-08,-0.48,1,-0.000,-0.002,-0.009,-1.686,-2.915,-11.621,1,150,0.005,2.000000,0.058905,0.000000,0.029230,0.000000,0.000000,-0.000068,standard,0,mpf,7000,500,5.000000,2.000000,300,300,300,376.555695,25,-0.621792,375.899445,376.488129,-0.588684,2.526523,2.510872,1.254726,0.808305,0.200032,0.026415,0.250203,0.161314,132.902390,0.000226,2.389264,-0.000064,1.000000,2.373994,-0.000050,1.000000,0.600671,0.600225,0.107215,0.000000,PSF-00548_20260708105825_632,PFA-00618,PSA-00618,PSF-00548,RHS-0688,3.0.0,2022-04-21T19:36:20.491Z,MEASUREMENT_END
PSF-00548_20260708105825_632,10:58:25,2026-07-08,PFA-00618,PSA-00618,PSF-00548,0.000000,0.000000,0.000000,377.378021,132.902390,0.647827,68.277359,TIME,0.000000,0.010000,0.020000,0.030000,0.040000,0.050000,0.060000,0.070000,0.080000,0.090000,0.100000,0.110000,0.120000,0.130000,0.140000,0.150000,0.160000,0.170000,0.180000,0.190000,0.200000,0.210000,0.220000,0.230000,0.240000,0.250000,0.260000,0.270000,0.280000,0.290000,0.300000,0.310000,0.320000,0.330000,0.340000,0.350000,0.360000,0.370000,0.380000,0.390000,0.400000,0.410000,0.420000,0.430000,0.440000,0.450000,0.460000,0.470000,0.480000,0.490000,0.500000,0.510000,0.520000,0.530000,0.540000,0.550000,0.560000,0.570000,0.580000,0.590000,0.600000,0.610000,0.620000,0.630000,0.640000,0.650000,0.660000,0.670000,0.680000,0.690000,0.700000,0.710000,0.720000,0.730000,0.740000,0.750000,0.760000,0.770000,0.780000,0.790000,0.800000,0.810000,0.820000,0.830000,0.839999,0.849999,0.859999,0.869999,0.879999,0.889999,FLR,240.033386,325.963501,359.591614,371.700531,375.116241,375.961670,376.139771,376.150848,376.189819,376.241699,376.325012,376.351105,376.426208,376.487732,376.462341,376.494873,376.513123,376.515625,376.534943,376.532806,376.555695,376.522766,376.539246,376.539948,376.511688,376.510254,376.497742,376.489868,376.466644,376.463776,376.481293,376.470215,376.446259,376.476288,376.442322,376.473419,376.450897,376.432312,376.413696,376.397247,376.421936,376.376862,376.374359,376.355774,376.358276,376.346466,376.318573,376.316071,376.311066,376.271729,376.327515,376.279236,376.281036,376.286377,376.248840,376.245972,376.223083,376.225220,376.232391,376.186981,375.792511,375.899445,375.880127,375.838287,375.793213,375.721680,375.683441,375.644806,375.610107,375.560059,375.566132,375.487091,375.449188,375.384796,375.328674,375.282898,375.223145,375.156281,375.118011,375.029694,374.982117,374.907379,374.838348,374.794006,374.735352,374.657379,374.605164,374.539032,374.483582,374.378815,PAR,6987.300293,6987.300293,6987.300293,6987.300293,6987.300293,6987.300293,6987.300293,6987.300293,6987.300293,6987.300293,6987.300293,6987.300293,6987.300293,6987.300293,6987.300293,6987.300293,6987.300293,6987.300293,6987.300293,6987.300293,6987.300293,6987.300293,6987.300293,6987.300293,6987.300293,6987.300293,6987.300293,6987.300293,6987.300293,6987.300293,6929.077148,6870.854004,6812.630859,6754.407715,6696.184570,6637.961914,6579.738770,6521.515625,6463.292480,6405.069336,6346.846680,6288.623535,6230.400391,6172.177246,6113.954102,6055.730957,5997.508301,5939.285156,5881.062012,5822.838867,5764.615723,5706.393066,5648.169922,5589.946777,5531.723633,5473.500488,5415.277344,5357.054688,5298.831543,5240.608398,6987.300293,6987.300293,6987.300293,6987.300293,6987.300293,6987.300293,6987.300293,6987.300293,6987.300293,6987.300293,6987.300293,6987.300293,6987.300293,6987.300293,6987.300293,6987.300293,6987.300293,6987.300293,6987.300293,6987.300293,6987.300293,6987.300293,6987.300293,6987.300293,6987.300293,6987.300293,6987.300293,6987.300293,6987.300293,6987.300293,PHASE,1,1,1,1,1,1,1,1,1,1,1,1,1,1,1,1,1,1,1,1,1,1,1,1,1,1,1,1,1,1,2,2,2,2,2,2,2,2,2,2,2,2,2,2,2,2,2,2,2,2,2,2,2,2,2,2,2,2,2,2,3,3,3,3,3,3,3,3,3,3,3,3,3,3,3,3,3,3,3,3,3,3,3,3,3,3,3,3,3,3,FLASH_END
24,10:58:35,2026-07-08,Auto gsw+F,LI-COR Default,,024,,,-0.022218,2.311060,-0.022434,-0.229473,4.785559,4.793731,5.639685,0.854126,54.036396,53.944279,63.572250,0.441786,7.500000,PSF-00548_20260708105835_71c,0.000000,0.000000,0.000000,174.107544,443.464294,0.607392,0.5,0.80,6.821442,1.000000,95.21,95.37,32.91,34.97,34.97,88.71,104.1,102.9,1.2,28,3.954,10:52:18,2026-07-08,-0.48,1,-0.002,-0.004,-9999.000,1.557,3.995,-9999.000,1,150,0.005,2.000000,0.058905,0.000000,0.029230,0.000000,0.000000,-0.000068,standard,0,mpf,7000,500,5.000000,2.000000,300,300,300,443.464294,25,1.167223,443.323364,445.134796,-1.811432,2.526577,2.510852,1.244849,0.805233,0.199502,0.025294,0.251534,0.131873,174.107544,0.000229,2.389264,-0.000064,1.000000,2.373994,-0.000050,1.000000,0.600671,0.600225,0.107215,0.000000,PSF-00548_20260708105835_71c,PFA-00618,PSA-00618,PSF-00548,RHS-0688,3.0.0,2022-04-21T19:36:20.491Z,MEASUREMENT_END
PSF-00548_20260708105835_71c,10:58:35,2026-07-08,PFA-00618,PSA-00618,PSF-00548,0.000000,0.000000,0.000000,443.464294,174.107544,0.607392,34.755116,TIME,0.000000,0.010000,0.020000,0.030000,0.040000,0.050000,0.060000,0.070000,0.080000,0.090000,0.100000,0.110000,0.120000,0.130000,0.140000,0.150000,0.160000,0.170000,0.180000,0.190000,0.200000,0.210000,0.220000,0.230000,0.240000,0.250000,0.260000,0.270000,0.280000,0.290000,0.300000,0.310000,0.320000,0.330000,0.340000,0.350000,0.360000,0.370000,0.380000,0.390000,0.400000,0.410000,0.420000,0.430000,0.440000,0.450000,0.460000,0.470000,0.480000,0.490000,0.500000,0.510000,0.520000,0.530000,0.540000,0.550000,0.560000,0.570000,0.580000,0.590000,0.600000,0.610000,0.620000,0.630000,0.640000,0.650000,0.660000,0.670000,0.680000,0.690000,0.700000,0.710000,0.720000,0.730000,0.740000,0.750000,0.760000,0.770000,0.780000,0.790000,0.800000,0.810000,0.820000,0.830000,0.839999,0.849999,0.859999,0.869999,0.879999,0.889999,FLR,334.830170,419.035431,430.968048,435.781006,438.425659,439.940216,440.835358,441.388245,441.776642,442.020905,442.249054,442.372803,442.476166,442.602051,442.677856,442.789795,442.863831,442.924988,443.014374,443.066589,443.135254,443.154205,443.188904,443.255432,443.293335,443.325531,443.368439,443.402039,443.421021,443.464294,443.528290,443.585510,443.637360,443.763611,443.767181,443.846588,443.866608,443.934906,443.974243,444.015381,444.138763,444.070099,444.145569,444.172028,444.222107,444.235687,444.194550,444.192780,444.151642,444.074402,444.097290,444.046844,444.001801,444.064728,444.066162,444.137329,444.165222,444.253906,444.328308,444.352264,443.323364,443.299408,443.245422,443.175659,443.100922,443.024048,442.946777,442.877045,442.828430,442.748657,442.692505,442.525146,442.364563,442.227234,442.053070,441.891083,441.748383,441.599243,441.470856,441.314575,441.195129,441.008453,440.834991,440.710907,440.550690,440.430878,440.296051,440.159454,440.026398,439.859039,PAR,6987.300293,6987.300293,6987.300293,6987.300293,6987.300293,6987.300293,6987.300293,6987.300293,6987.300293,6987.300293,6987.300293,6987.300293,6987.300293,6987.300293,6987.300293,6987.300293,6987.300293,6987.300293,6987.300293,6987.300293,6987.300293,6987.300293,6987.300293,6987.300293,6987.300293,6987.300293,6987.300293,6987.300293,6987.300293,6987.300293,6929.077148,6870.854004,6812.630859,6754.407715,6696.184570,6637.961914,6579.738770,6521.515625,6463.292480,6405.069336,6346.846680,6288.623535,6230.400391,6172.177246,6113.954102,6055.730957,5997.508301,5939.285156,5881.062012,5822.838867,5764.615723,5706.393066,5648.169922,5589.946777,5531.723633,5473.500488,5415.277344,5357.054688,5298.831543,5240.608398,6987.300293,6987.300293,6987.300293,6987.300293,6987.300293,6987.300293,6987.300293,6987.300293,6987.300293,6987.300293,6987.300293,6987.300293,6987.300293,6987.300293,6987.300293,6987.300293,6987.300293,6987.300293,6987.300293,6987.300293,6987.300293,6987.300293,6987.300293,6987.300293,6987.300293,6987.300293,6987.300293,6987.300293,6987.300293,6987.300293,PHASE,1,1,1,1,1,1,1,1,1,1,1,1,1,1,1,1,1,1,1,1,1,1,1,1,1,1,1,1,1,1,2,2,2,2,2,2,2,2,2,2,2,2,2,2,2,2,2,2,2,2,2,2,2,2,2,2,2,2,2,2,3,3,3,3,3,3,3,3,3,3,3,3,3,3,3,3,3,3,3,3,3,3,3,3,3,3,3,3,3,3,FLASH_END
