TIMESTAMP,TotalSapFlow_L_hr,Vh_Outer_cm_hr,Vh_Inner_cm_hr,Dendro_um,TDR315_VWC,SWC_Outer_percent,SWC_Inner_percent,radiation_mtn1300_PAR,humidity_mtn_100,humidity_mtn_300,humidity_mtn_700,humidity_mtn_1300,humidity_mtn_2000,temperature_mtn_100,temperature_mtn_300,temperature_mtn_700,temperature_mtn_1300,temperature_mtn_2000,VPD_1m,VPD_3m,VPD_7m,VPD_13m,VPD_20m
10/29/2021 14:00,16.509,7.29,56.34, ,0,44.92,34.69,893.098128,83.3,89.1,84.7,79.68,76.44,23.4,23.49,25.63,30.38,30.19,0.48,0.32,0.5,0.88,1.01
10/29/2021 14:15,15.79,6.7,54.18, ,0,45.92,33.8,722.315127,83.2,88.9,84.6,79.49,76.98,23.41,23.54,25.65,30.36,30,0.48,0.32,0.51,0.89,0.98
10/29/2021 14:30,,,,,,,,260.099727,83.4,89,84.5,78.91,77.01,23.39,23.49,25.7,30.47,29.89,0.48,0.32,0.51,0.92,0.97
10/29/2021 14:45,,,,,,,,225.581507,83.5,89.1,84.4,77.66,76.91,23.36,23.48,25.65,30.56,29.79,0.47,0.32,0.51,0.98,0.97
10/29/2021 15:00,13.408,5.29,46.44, ,52,49.29,33.16,217.856001,83.5,89,84.4,77.1,77.01,23.34,23.43,25.59,30.53,29.64,0.47,0.32,0.51,1,0.96
10/29/2021 15:15,4.27,4.84,11.38, ,52.3,50.27,33.3,216.047904,83.6,89.2,84.7,77.4,76.95,23.33,23.35,25.45,30.17,29.4,0.47,0.31,0.5,0.97,0.94
10/29/2021 15:30,4.139,4.49,11.25, ,52.9,51.52,33.54,291.001752,83.7,89.4,85,78.59,77.21,23.28,23.28,25.31,29.79,29.22,0.47,0.3,0.48,0.9,0.92
10/29/2021 15:45,3.956,4.19,10.86, ,52.9,52.4,34.09,176.269765,83.8,89.6,85.2,78.74,76.81,23.22,23.21,25.21,29.48,29.07,0.46,0.3,0.47,0.88,0.93
10/29/2021 16:00,3.674,4.2,11.3, ,53.4,51.47,32.51,193.364502,83.8,89.6,85,79.18,76.72,23.21,23.14,25.18,29.14,28.89,0.46,0.29,0.48,0.84,0.93
10/29/2021 16:15,3.512,3.81,11.02,2086,53.5,52.9,33.4,139.285958,83.5,89.5,85,78.8,75.99,23.14,23.02,25.02,28.81,28.66,0.47,0.3,0.48,0.84,0.94
10/29/2021 16:30, , , ,2087,53.8,  ,  ,122.84871,83.2,89.2,84.7,78.74,75.55,23.01,22.86,24.76,28.33,28.3,0.47,0.3,0.48,0.82,0.94
10/29/2021 16:45,,,,,,,,110.027657,83.1,89.2,84.9,78.54,75.4,22.79,22.66,24.5,27.81,27.85,0.47,0.3,0.46,0.8,0.92
10/29/2021 17:00, , , ,2089,53.9, , ,116.602556,83,89,84.6,78.41,75.48,22.6,22.47,24.34,27.15,27.24,0.47,0.3,0.47,0.78,0.89
10/29/2021 17:15, , , ,2091,54,93.66,62.37,53.647898,83.5,89.5,84.7,78.76,76.24,22.52,22.41,24.25,26.5,26.53,0.45,0.28,0.46,0.74,0.82
10/29/2021 17:30, , , ,2093,54,  ,  ,7.29486,83.3,89.7,85.4,78.78,76.73,22.88,22.79,24.63,26.11,26.12,0.47,0.29,0.45,0.72,0.79
10/29/2021 17:45,2.089,1.5,7.38,2095,54.2,63.97,43.27,-3.553723,81.2,88.7,83.6,78.91,76.81,23.2,22.95,24.81,25.63,25.73,0.53,0.32,0.51,0.69,0.77
10/29/2021 18:00,1.896,1.48,6.57,2097,54.3,60.51,44.37,-4.211213,79.15,87.6,82.2,79.17,76.97,23.32,22.87,24.65,25.07,25.23,0.6,0.35,0.55,0.66,0.74
10/29/2021 18:15, , , ,2098,54.3,  ,  ,-4.375585,77.68,87,81.8,79.54,77.14,23.31,22.71,24.36,24.57,24.77,0.64,0.36,0.55,0.63,0.71
10/29/2021 18:30,1.561,1.09,5.55,2099,54.3,61.15,47.38,-5.033075,76.47,86.3,81.6,80.1,77.35,23.19,22.49,24.04,24.08,24.35,0.67,0.37,0.55,0.6,0.69
10/29/2021 18:45,1.471,0.99,5.27,2101,54.4,61.94,48.55,-5.197448,75.77,85.9,81.6,80.2,77.35,23.01,22.3,23.66,23.69,24.01,0.68,0.38,0.54,0.58,0.68
10/29/2021 19:00,1.329,0.83,4.83,2101,54.5,62.95,49.89,-4.539958,75.09,85.7,81.7,80.3,77.41,22.82,22.09,23.3,23.37,23.67,0.69,0.38,0.52,0.57,0.66
10/29/2021 19:15,1.267,0.72,4.68,2101,54.4,63.45,50.97,-4.70433,74.51,85.3,81.7,80,77.25,22.65,21.87,22.99,23.1,23.4,0.7,0.39,0.51,0.57,0.65
10/29/2021 19:30,1.233,0.78,4.47,2101,54.5,63.42,51.9,-4.211213,74.06,85.1,81.6,79.83,76.97,22.52,21.65,22.7,22.87,23.19,0.71,0.39,0.51,0.56,0.65
10/29/2021 19:45,1.161,0.78,4.16,2102,54.5,63.61,52.28,-4.211213,73.76,85,81.6,79.85,77.07,22.39,21.45,22.48,22.62,22.95,0.71,0.38,0.5,0.55,0.64
10/29/2021 20:00,1.078,0.66,3.93,2103,54.6,63.28,52.76,-4.539958,73.88,85,81.7,80,77.23,22.24,21.31,22.25,22.41,22.75,0.7,0.38,0.49,0.54,0.63
10/29/2021 20:15,1.011,0.55,3.76,2103,54.6,63.95,53.77,-4.539958,73.98,85,81.6,80.1,77.23,22.13,21.19,22.12,22.26,22.61,0.69,0.38,0.49,0.53,0.62
10/29/2021 20:30,0.942,0.5,3.52,2104,54.6,63.81,54.43,-4.375585,74.27,85.1,81.8,80.4,77.49,21.98,21.09,21.99,22.1,22.47,0.68,0.37,0.48,0.52,0.61
10/29/2021 20:45,0.898,0.49,3.34,2104,54.6,63.59,54.77,-5.033075,74.97,85.3,81.9,80.7,77.78,21.85,21.03,21.92,21.98,22.37,0.66,0.37,0.48,0.51,0.6
10/29/2021 21:00,0.858,0.44,3.22,2105,54.6,64.09,55.44,-4.04684,75.56,85.3,82,81,77.77,21.64,20.97,21.84,21.88,22.3,0.63,0.36,0.47,0.5,0.6
10/29/2021 21:15,0.789,0.38,2.99,2106,54.6,63.78,56.01,-4.539958,75.65,85.1,82.2,81,77.77,21.53,20.91,21.7,21.77,22.21,0.63,0.37,0.46,0.5,0.6
10/29/2021 21:30,0.783,0.39,2.95,2106,54.6,64.16,56.59,-4.375585,75.5,84.6,82.4,81,77.62,21.51,20.93,21.61,21.65,22.14,0.63,0.38,0.45,0.49,0.6
10/29/2021 21:45, , , ,2107,54.6,  ,  ,-4.70433,76.38,81.7,81.9,80.6,76.52,21.56,21.47,21.63,21.68,22.32,0.61,0.47,0.47,0.5,0.63
10/29/2021 22:00,0.742,0.32,2.85,2107,54.6,62.61,55.82,-4.211213,76.36,79.96,80.9,79.65,75.48,21.58,21.8,21.79,21.8,22.46,0.61,0.52,0.5,0.53,0.67
10/29/2021 22:15,0.73,0.32,2.8,2108,54.7,63.11,55.99,-3.882468,77.03,79.06,80.3,78.97,74.92,21.43,21.91,21.87,21.88,22.53,0.59,0.55,0.52,0.55,0.68
10/29/2021 22:30,0.759,0.38,2.86,2108,54.6,63.09,55.96,-4.539958,77.15,78.79,79.94,78.48,74.55,21.4,21.95,21.88,21.93,22.58,0.58,0.56,0.53,0.57,0.7
10/29/2021 22:45,0.73,0.32,2.8,2109,54.7,63.28,56.39,-4.04684,77.2,78.61,79.74,78.29,74.46,21.35,21.94,21.88,21.95,22.53,0.58,0.56,0.53,0.57,0.7
10/29/2021 23:00,0.771,0.38,2.91,2108,54.6,63.02,55.92,-4.70433,77.16,78.21,79.54,78.07,74.35,21.33,21.99,21.89,21.95,22.53,0.58,0.58,0.54,0.58,0.7
10/29/2021 23:15, , , ,2109,54.6,  ,  ,-4.868703,77.24,78.02,79.46,77.88,74.16,21.27,21.99,21.86,21.93,22.52,0.58,0.58,0.54,0.58,0.71
10/29/2021 23:30,0.78,0.38,2.95,2109,54.6,62.78,55.7,-4.70433,77,78.01,79.36,77.78,74.13,21.28,21.96,21.84,21.91,22.46,0.58,0.58,0.54,0.58,0.7
10/29/2021 23:45,0.757,0.38,2.85,2110,54.6,63.11,56.01,-4.375585,76.59,78.06,79.28,77.76,74.14,21.27,21.91,21.8,21.87,22.42,0.59,0.58,0.54,0.58,0.7
10/30/2021 0:00,0.754,0.32,2.9,2110,54.7,63.09,55.44,-4.211213,76.63,78.07,79.33,77.75,74.08,21.26,21.87,21.77,21.83,22.41,0.59,0.58,0.54,0.58,0.7
10/30/2021 0:15,0.615,0.26,2.37,2111,54.6,61.08,56.97,-4.70433,77.09,78.64,78.09,77.7,74.23,21.12,21.93,22.24,21.95,22.47,0.57,0.56,0.59,0.59,0.7
10/30/2021 0:30,0.665,0.31,2.53,2112,54.7,59.14,54.96,-3.882468,78.7,80.2,67.9,73.14,70.01,21.11,22.2,25.35,23.72,24.14,0.53,0.53,1.04,0.79,0.9
10/30/2021 0:45,0.768,0.36,2.92,2113,54.6,58.36,53,-4.539958,78.94,79.41,65.13,69.49,66.46,21.62,22.86,26.48,25.03,25.48,0.54,0.57,1.21,0.97,1.09
10/30/2021 1:00,0.879,0.56,3.18,2114,54.6,58.24,51.92,-4.211213,78.21,78.67,64.6,68.09,65.1,22.15,23.4,26.98,25.69,26.19,0.58,0.61,1.26,1.05,1.19
10/30/2021 1:15,0.966,0.51,3.61,2115,54.7,58.36,50.61,-4.375585,77.56,78.25,64.73,67.93,64.62,22.58,23.78,27.22,26,26.6,0.61,0.64,1.27,1.08,1.23
10/30/2021 1:30,1.056,0.61,3.89,2115,54.7,58.31,49.87,-5.033075,77.02,78.11,64.85,67.89,64.43,22.93,24.06,27.43,26.25,26.88,0.64,0.66,1.29,1.1,1.26
10/30/2021 1:45,1.146,0.72,4.16,2115,54.7,58.81,49.39,-4.211213,76.81,77.91,65.24,68.13,64.55,23.17,24.32,27.53,26.39,27.04,0.66,0.67,1.28,1.1,1.27
10/30/2021 2:00, , , ,2116,54.6,  ,  ,-4.211213,76.81,78.1,65.24,68.13,64.55,23.32,24.41,27.67,26.55,27.24,0.66,0.67,1.29,1.11,1.28
10/30/2021 2:15,1.272,0.87,4.54,2116,54.6,57.9,48.03,-4.375585,76.61,78.1,64.92,67.9,64.4,23.49,24.55,27.93,26.76,27.42,0.68,0.68,1.32,1.13,1.3
10/30/2021 2:30,1.276,0.83,4.6,2116,54.7,58.47,48.05,-4.539958,76.44,77.97,64.73,67.57,64.23,23.69,24.72,28.12,26.95,27.59,0.69,0.69,1.34,1.15,1.32
10/30/2021 2:45, , , ,2116,54.6,  ,  ,-4.375585,76.46,77.99,64.7,67.31,63.99,23.77,24.83,28.24,27.15,27.77,0.69,0.69,1.35,1.18,1.34
10/30/2021 3:00,1.39,0.98,4.93,2117,54.6,57.83,47.14,-4.211213,76.36,78.01,64.69,67.18,63.87,23.89,24.93,28.35,27.28,27.91,0.7,0.69,1.36,1.19,1.36
10/30/2021 3:15, , , ,2117,54.7,  ,  ,-4.375585,76.44,77.95,64.38,67.06,63.67,23.97,25.04,28.55,27.42,28.07,0.7,0.7,1.39,1.2,1.38
10/30/2021 3:30,1.428,1.03,5.04,2118,54.6,57.54,46.71,-4.539958,76.55,77.87,64.05,67.08,63.63,24.07,25.15,28.73,27.51,28.17,0.7,0.71,1.42,1.21,1.39
10/30/2021 3:45,1.426,1.04,5.02, ,54.6,58.57,46.81,-4.868703,76.48,77.8,64.6,67.2,63.71,24.16,25.24,28.65,27.54,28.24,0.71,0.71,1.39,1.21,1.39
10/30/2021 4:00,1.418,0.99,5.04,2119,54.6,58.74,47.17,-4.70433,76.31,77.81,64.95,67.36,63.83,24.22,25.29,28.58,27.55,28.25,0.72,0.72,1.37,1.2,1.39
10/30/2021 4:15, , , ,2118,54.6,  ,  ,-4.375585,76.21,77.78,65.13,67.65,64.05,24.27,25.35,28.58,27.52,28.26,0.72,0.72,1.36,1.19,1.38
10/30/2021 4:30,1.471,1.09,5.16,2119,54.7,58.4,47.12,-4.375585,76.32,77.57,65.19,67.76,64.23,24.31,25.45,28.61,27.55,28.26,0.72,0.73,1.36,1.19,1.37
10/30/2021 4:45,1.429,0.95,5.13,2120,54.7,59.48,47.26,-4.375585,76.42,77.74,65.04,67.55,64.22,24.32,25.43,28.69,27.63,28.3,0.72,0.72,1.38,1.2,1.38
10/30/2021 5:00,1.445,0.95,5.2,2120,54.7,59.62,47.17,-4.70433,76.53,77.76,64.8,67.48,64.02,24.35,25.49,28.82,27.69,28.39,0.72,0.73,1.4,1.21,1.39
10/30/2021 5:15,1.54,1.07,5.48,2122,54.8,60,46.57,-4.539958,76.21,77.18,64.36,66.85,63.24,24.36,25.51,28.62,27.67,28.38,0.73,0.75,1.4,1.23,1.42
10/30/2021 5:30,1.597,0.99,5.81,2122,54.7,62.01,46.69,-4.375585,74.93,75.65,64.64,66.31,62.54,24.3,25.46,28.04,27.31,28.09,0.76,0.79,1.34,1.22,1.42
10/30/2021 5:45,1.708,1.21,6.05,2123,54.6,60.94,46.19,-4.539958,74.15,74.53,64.48,65.9,62,24.16,25.39,27.74,27.06,27.89,0.78,0.83,1.32,1.22,1.43
10/30/2021 6:00,1.76,1.31,6.17,2122,54.7,60.36,45.61,-4.539958,73.68,73.93,64.08,65.63,61.68,24.02,25.32,27.6,26.88,27.72,0.79,0.84,1.33,1.22,1.43
10/30/2021 6:15,1.813,1.41,6.29,2122,54.6,60.08,45.42,-4.539958,73.29,73.31,64.04,65.19,61.45,23.94,25.29,27.44,26.78,27.61,0.79,0.86,1.32,1.23,1.42
10/30/2021 6:30,1.823,1.41,6.33,2122,54.7,59.77,45.04,-3.224978,72.99,72.76,63.77,65.09,61.31,23.86,25.27,27.34,26.67,27.48,0.8,0.88,1.32,1.22,1.42
10/30/2021 6:45,1.838,1.36,6.45,2123,54.7,60.12,44.87,4.171783,72.7,72.55,63.55,65.07,61.06,23.78,25.19,27.29,26.55,27.41,0.8,0.88,1.32,1.21,1.42
10/30/2021 7:00,1.916,1.45,6.69,2122,54.8,59.65,44.04,15.349112,72.42,72.31,63.55,64.98,61.06,23.79,25.19,27.21,26.47,27.33,0.81,0.89,1.32,1.21,1.42
10/30/2021 7:15,2.776,2.69,9.06,2123,54.7,52.38,35.76,39.347493,72.5,71.55,63.76,65.02,60.85,23.81,25.32,27.15,26.47,27.44,0.81,0.92,1.3,1.21,1.43
10/30/2021 7:30,3.967,4.75,11.97,2122,54.7,51.18,32.25,69.098911,70.72,65.03,65.79,65.43,60.38,24.16,26.94,27.07,26.67,27.88,0.88,1.24,1.22,1.21,1.49
10/30/2021 7:45,13.337,6.89,50.01,2122,54.7,48.22,32.58,87.015511,65.79,68.54,65.64,65.68,62.85,24.43,25.48,26.74,26.59,27.77,1.05,1.03,1.21,1.19,1.39
10/30/2021 8:00,14.923,7.81,55.85,2120,54.8,43.65,33.76,114.794459,65.89,73.8,67.08,68.06,82.3,24.35,24.08,26.21,26.1,28.45,1.04,0.79,1.12,1.08,0.69
10/30/2021 8:15,3.263,5.78,7.83,2117,54.6,27.54,31.44,148.326444,67.34,76.98,69.44,71.31,83.5,24.05,23.57,25.76,25.57,29.95,0.98,0.67,1.01,0.94,0.7
10/30/2021 8:30,17.149,9.55,63.56,2112,54.5,38.7,37.17,263.058431,70,78.79,71.88,73.79,82.3,23.61,23.42,25.43,25.48,31.06,0.87,0.61,0.91,0.85,0.8
10/30/2021 8:45,19.32,15.06,66.98,2109,54.5,52.88,40.83,219.992843,72.19,79.99,74.03,75.37,81,23.39,23.45,25.27,25.64,32.07,0.8,0.58,0.84,0.81,0.91
10/30/2021 9:00,18.631,10.65,68.76,2104,54.4,42.77,40.19,325.519972,73.49,80.9,75.69,76.61,79.27,23.4,23.55,25.31,25.92,32.89,0.76,0.55,0.78,0.78,1.04
10/30/2021 9:15,17.604,9.94,65.1, ,54.4,40.45,40.11,230.677054,74.29,81.8,76.56,77.85,77.76,23.55,23.67,25.48,26.38,33.61,0.75,0.53,0.76,0.76,1.16
10/30/2021 9:30,18.033,9.78,67.12,2097,54.4,39.66,41,237.08758,74.9,82.4,77.49,79.02,76.12,23.72,23.82,25.65,26.94,34.35,0.74,0.52,0.74,0.75,1.3
10/30/2021 9:45,18.282,9.92,68.04,2092,54.3,39.21,41.02,282.783128,75.55,82.9,78.39,78.51,74.72,23.87,23.99,25.85,27.48,34.94,0.72,0.51,0.72,0.79,1.42
10/30/2021 10:00,18.361,10.47,67.79,2090,53.9,41.21,41.38,269.63333,76.15,83.4,79.21,79.12,73.44,24.06,24.15,26.04,27.99,35.43,0.71,0.5,0.7,0.79,1.53
10/30/2021 10:15,19.219,11.19,70.71,2087,53.8,42.91,43.08,310.233332,73.12,81.2,78.15,77.45,71.16,23.71,23.82,25.97,28.35,35.76,0.79,0.55,0.73,0.87,1.69
10/30/2021 10:30,18.953,10.57,70.23,2084,53.1,40.78,42.34,351.326451,76.09,82.7,78.97,76.61,69.83,22.35,22.72,24.91,28.1,35.54,0.65,0.48,0.66,0.89,1.75
10/30/2021 10:45,18.294,10.09,67.91,2082,53.1,39.95,41.98,327.163697,78.64,84.8,81.1,77.13,69.97,21.85,22.25,24.41,28,35.47,0.56,0.41,0.58,0.86,1.73
10/30/2021 11:00,18.035,9.88,67.02,2081,52.6,39.76,41.26,365.133738,80,85.9,81.9,77.51,69.44,21.75,22.11,24.29,28,35.41,0.52,0.38,0.55,0.85,1.76
10/30/2021 11:15,17.756,9.87,65.83,2080,52.2,39.54,40.52,346.559649,80.9,86.7,82.5,78.03,69.98,21.78,22.14,24.26,28.02,35.24,0.5,0.35,0.53,0.83,1.71
10/30/2021 11:30,17.311,9.64,64.16,2082,51.9,39.71,39.85,386.830905,81.4,87.1,83.1,78.31,69.78,21.84,22.19,24.26,28.05,34.85,0.49,0.35,0.51,0.82,1.69
10/30/2021 11:45,17.276,9.5,64.16,2081,51.6,39.95,39.13,450.93617,82,87.6,83.6,79.14,70.21,21.9,22.17,24.36,28.06,34.44,0.47,0.33,0.5,0.79,1.62
10/30/2021 12:00,17.511,9.41,65.27,2081,51.2,39.66,38.85,410.829287,82.5,88.2,83.8,79.85,71.81,22.01,22.28,24.37,28.11,34.15,0.46,0.32,0.49,0.77,1.51
10/30/2021 12:15,17.333,9.32,64.6,2081,51,39.95,38.06,402.939408,82.8,88.5,84.4,80.3,72.17,22.07,22.34,24.42,28.23,33.9,0.46,0.31,0.48,0.75,1.47
10/30/2021 12:30,17.376,9.11,65.01,2082,50.5,40.14,37.32,649.826865,83,88.6,84.6,80.8,72.43,22.19,22.42,24.43,28.31,33.47,0.45,0.31,0.47,0.74,1.42
10/30/2021 12:45,16.869,8.81,63.15,2082,50.1,40.57,36.24,506.494067,83.3,88.8,85.1,81.2,71.39,22.27,22.45,24.38,28.35,32.01,0.45,0.3,0.45,0.73,1.36
10/30/2021 13:00,16.02,8.65,59.67,2083,50.1,40.98,35.45,340.64224,83.4,89,85.5,81.5,72.61,22.38,22.51,24.43,28.4,30.07,0.45,0.3,0.44,0.72,1.17
10/30/2021 13:15,15.698,8.29,58.67,2085,50.1,41.45,34.76,823.732944,83.4,89.3,85.4,81.6,75.52,22.44,22.51,24.48,28.49,29.09,0.45,0.29,0.45,0.72,0.99
10/30/2021 13:30,15.267,7.79,57.35,2086,50.1,42,33.59,939.286794,83.7,89.5,85.7,82.1,76.9,22.53,22.57,24.5,28.58,28.85,0.45,0.29,0.44,0.7,0.92
10/30/2021 13:45,14.748,7.6,55.32,2088,50.3,43.03,33.18,905.590436,83.9,89.7,85.8,81.9,77.79,22.59,22.63,24.58,28.67,28.72,0.44,0.28,0.44,0.71,0.88
10/30/2021 14:00,13.939,7.06,52.42,2091,50.6,44.11,32.39,860.388006,83.9,89.6,85.6,81.6,78.27,22.67,22.69,24.65,28.78,28.64,0.44,0.29,0.45,0.73,0.85
10/30/2021 14:15,13.548,6.58,51.25,2093,50.8,45.16,31.96,397.186371,83.7,89.6,85.8,81.2,78.59,22.7,22.71,24.63,28.87,28.53,0.45,0.29,0.44,0.75,0.83
10/30/2021 14:30,12.133,6.02,45.76,2096,51.5,46.52,31.63,261.414707,83.8,89.6,85.7,80.5,78.63,22.66,22.72,24.68,28.93,28.42,0.45,0.29,0.44,0.78,0.83
10/30/2021 14:45,11.655,5.67,44.08,2097,51.9,48.1,31.53,226.074625,84,89.7,85.4,79.47,78.79,22.63,22.65,24.64,29.03,28.28,0.44,0.28,0.45,0.82,0.81
10/30/2021 15:00,4.091,5.18,12.04,2100,52.2,48.65,31.75,216.376649,84,89.7,85.7,78.9,78.69,22.58,22.6,24.53,28.99,28.14,0.44,0.28,0.44,0.84,0.81
10/30/2021 15:15,3.937,4.78,11.81,2101,52.6,50.01,32.08,214.404179,84.1,89.9,85.6,79.05,78.53,22.52,22.5,24.47,28.74,27.99,0.43,0.28,0.44,0.83,0.81
10/30/2021 15:30,3.805,4.52,11.52,2103,52.8,50.44,32.3,273.57827,84.2,90,85.8,79.93,78.6,22.45,22.4,24.33,28.36,27.83,0.43,0.27,0.43,0.77,0.8
10/30/2021 15:45,3.683,4.21,11.33,2105,53,52.02,32.92,177.584744,84.2,89.9,85.7,80.1,78.14,22.37,22.34,24.23,28.02,27.6,0.43,0.27,0.43,0.75,0.81
10/30/2021 16:00,3.543,3.99,10.96,2106,53.2,52.47,33.54,160.161262,84.1,89.9,85.8,80.4,77.91,22.3,22.21,24.09,27.7,27.4,0.43,0.27,0.43,0.73,0.81
10/30/2021 16:15,3.406,3.64,10.75,2107,53.5,53.77,34.07,140.10782,84,89.9,85.5,80.2,77.08,22.2,22.09,23.93,27.33,27.27,0.43,0.27,0.43,0.72,0.83
10/30/2021 16:30,3.307,3.39,10.59,2108,53.6,54.65,34.76,127.944257,83.7,89.7,85.4,79.76,76.61,22.07,21.94,23.81,26.92,26.93,0.43,0.27,0.43,0.72,0.83
10/30/2021 16:45,3.155,3.23,10.11,2110,53.8,55.13,35.84,95.234135,83.5,89.6,85,79.5,76.39,21.92,21.76,23.69,26.3,26.4,0.43,0.27,0.44,0.7,0.81
10/30/2021 17:00,2.915,2.79,9.55,2111,53.8,55.34,36.84,110.19203,83.3,89.4,84.3,79.68,76.67,21.77,21.58,23.53,25.63,25.79,0.44,0.27,0.46,0.67,0.77
10/30/2021 17:15,2.502,2.28,8.32,2115,54.2,54.67,37.94,47.401744,83.5,89.7,85.1,79.9,77.09,21.71,21.56,23.41,25.08,25.18,0.43,0.27,0.43,0.64,0.73
10/30/2021 17:30,2.25,1.94,7.6,2116,54,56.51,40.45,4.664901,83,89.4,84.6,79.84,77.51,22.03,21.97,23.81,24.73,24.85,0.45,0.28,0.45,0.63,0.71
10/30/2021 17:45,1.978,1.66,6.73,2118,54,58.31,42.98,-3.718095,80.8,88.2,82.9,79.83,77.43,22.31,22.08,23.85,24.34,24.49,0.52,0.31,0.51,0.61,0.69
10/30/2021 18:00,1.766,1.36,6.14,2119,54.2,59.89,45.28,-4.211213,78.96,87.4,82,79.95,77.48,22.44,21.96,23.67,23.88,24.08,0.57,0.33,0.53,0.59,0.68
10/30/2021 18:15,1.621,1.2,5.69,2120,54.3,61.06,47.1,-4.04684,77.63,86.8,81.8,80.5,77.68,22.43,21.81,23.36,23.37,23.68,0.61,0.34,0.52,0.56,0.65
10/30/2021 18:30,1.446,0.99,5.16,2121,54.2,61.92,48.96,-4.211213,76.58,86.2,81.8,80.9,77.7,22.33,21.65,23,22.95,23.33,0.63,0.36,0.51,0.53,0.64
10/30/2021 18:45,1.252,0.8,4.53,2122,54.3,60.82,49.94,-4.539958,77.41,83.7,81.8,80.5,77.46,22.27,22.21,22.83,22.88,23.26,0.61,0.44,0.51,0.54,0.64
10/30/2021 19:00,1.231,0.79,4.45,2123,54.4,59.55,49.7,-4.539958,75.64,72.83,79.07,77.26,72.83,23,24.9,23.63,23.71,24.49,0.68,0.86,0.61,0.67,0.83
10/30/2021 19:15,1.181,0.74,4.29,2125,54.4,59.55,49.92,-4.375585,75.44,70.03,76.22,74.54,69.77,23.1,25.69,24.32,24.41,25.28,0.69,0.99,0.72,0.78,0.97
10/30/2021 19:30,1.181,0.74,4.29,2125,54.3,60.22,49.96,-4.375585,74.93,69.77,75.28,72.94,68.68,23.24,25.77,24.54,24.76,25.55,0.71,1,0.76,0.85,1.03
10/30/2021 19:45,1.219,0.79,4.4,2125,54.5,60,50.04,-4.539958,74.27,69.61,75.02,72.21,68.23,23.36,25.77,24.58,24.91,25.64,0.74,1.01,0.77,0.88,1.05
10/30/2021 20:00,1.234,0.85,4.4, ,54.4,59.89,49.49,-4.868703,74.81,69.46,74.35,71.8,67.74,23.25,25.8,24.71,24.98,25.72,0.72,1.01,0.8,0.89,1.07
10/30/2021 20:15,1.234,0.85,4.4,2126,54.4,59.65,49.77,-4.539958,75.04,69.36,73.63,71.29,67.27,23.17,25.81,24.86,25.07,25.81,0.71,1.02,0.83,0.91,1.09
10/30/2021 20:30,1.251,0.85,4.47,2126,54.4,59.86,49.46,-4.375585,74.72,68.8,73.2,71.02,66.87,23.21,25.96,24.94,25.11,25.9,0.72,1.05,0.85,0.92,1.11
10/30/2021 20:45,1.272,0.9,4.51,2127,54.4,59.96,49.32,-3.882468,74.33,69.06,72.8,70.92,66.63,23.31,25.93,25.05,25.16,25.97,0.73,1.04,0.86,0.93,1.12
10/30/2021 21:00,1.231,0.79,4.45,2127,54.4,59.55,49.44,-4.375585,74.35,69.26,72.62,70.99,66.59,23.34,25.93,25.11,25.18,26.01,0.74,1.03,0.87,0.93,1.12
10/30/2021 21:15,1.281,0.84,4.61,2127,54.4,59.45,48.96,-4.70433,75.18,72.86,69.67,70.59,65.54,23.18,25.11,25.89,25.32,26.32,0.7,0.87,1.01,0.95,1.18
10/30/2021 21:30,1.313,0.85,4.74,2129,54.4,59.81,48.77,-4.04684,75.39,73.95,68.66,69.6,64.7,23.17,24.85,26.12,25.57,26.55,0.7,0.82,1.06,1,1.23
10/30/2021 21:45,1.402,1.01,4.95,2128,54.4,59.65,48,-4.539958,75.04,73.75,68.22,68.86,64.33,23.22,24.88,26.21,25.72,26.6,0.71,0.83,1.08,1.03,1.24
10/30/2021 22:00,1.444,1.01,5.13,2129,54.6,59.65,47.57,-4.539958,74.64,73.77,67.54,68.23,63.94,23.3,24.87,26.33,25.83,26.69,0.73,0.82,1.11,1.06,1.26
10/30/2021 22:15,1.395,1,4.93,2129,54.3,59.12,47.84,-4.375585,74.45,73.98,67.58,68.35,64.01,23.35,24.89,26.5,25.9,26.76,0.73,0.82,1.12,1.06,1.27
10/30/2021 22:30,1.4,1.04,4.91,2130,54.4,58.52,47.81,-4.539958,75.92,76.71,67.31,69.78,65.63,23.51,24.79,27.28,26.24,27,0.7,0.73,1.18,1.03,1.23
10/30/2021 22:45,1.38,0.94,4.93,2130,54.5,58.83,47.84,-4.211213,75.66,76.81,64.96,68.21,64.79,23.78,24.94,27.99,26.75,27.4,0.72,0.73,1.32,1.12,1.29
10/30/2021 23:00,1.341,0.7,5.02,2132,54.5,61.42,47.96,-4.70433,74.95,76.68,64.43,67.33,64.31,24.09,25.11,28.26,27.11,27.65,0.75,0.74,1.37,1.17,1.32
10/30/2021 23:15,1.444,1.01,5.13,2133,54.4,59.57,47.53,-4.211213,74.42,76.48,64.09,67.06,63.95,24.33,25.27,28.49,27.29,27.86,0.78,0.76,1.4,1.19,1.35
10/30/2021 23:30,1.475,1.05,5.22,2133,54.5,59.02,47.33,-4.211213,74.25,76.42,63.81,66.74,63.73,24.48,25.4,28.68,27.47,28.04,0.79,0.76,1.42,1.22,1.37
10/30/2021 23:45,1.498,1.16,5.2,2133,54.5,58.28,46.78,-4.868703,74.15,76.54,63.88,66.57,63.63,24.61,25.5,28.76,27.63,28.17,0.8,0.77,1.43,1.24,1.39
10/31/2021 0:00,1.52,1.1,5.36,2133,54.5,58.36,46.45,-4.868703,74.03,76.55,64.04,66.5,63.47,24.73,25.59,28.8,27.73,28.3,0.81,0.77,1.42,1.25,1.41
10/31/2021 0:15,1.384,0.77,5.13,2138,54.6,62.4,44.92,-4.375585,77.66,76.61,69.03,72.31,65.06,24.52,26.17,28.17,27.15,28.23,0.69,0.79,1.18,1,1.34
10/31/2021 0:30,1.313,0.83,4.76,2138,54.7,63.09,49.08,-3.882468,83.9,84.3,75.83,79.24,70.61,23.54,24.93,27.14,26.11,27.66,0.47,0.5,0.87,0.7,1.09
10/31/2021 0:45,1.154,0.76,4.15,2139,55,61.65,51.49,-4.539958,86.2,87.8,75.61,81.3,73.19,23.51,24.34,27.44,26,27.38,0.4,0.37,0.89,0.63,0.98
10/31/2021 1:00,0.999,0.54,3.72,2139,55,61.34,52.21,-4.70433,86.6,87.8,74.59,79.15,72.41,23.53,24.3,27.65,26.39,27.53,0.39,0.37,0.94,0.72,1.01
10/31/2021 1:15,0.809,0.17,3.3, ,55,64.76,50.68,-4.375585,86.7,87.9,76.11,80.3,72.11,23.59,24.48,27.46,26.37,27.69,0.39,0.37,0.88,0.68,1.04
10/31/2021 1:30,0.676,0,2.91,2144,55,63.47,52.64,-4.539958,87.2,90.2,77.28,82.7,73.94,23.49,24.1,27.37,25.99,27.47,0.37,0.29,0.83,0.58,0.96
10/31/2021 1:45,0.758,0.33,2.91,2144,55,63.45,55.44,-4.539958,87.5,90.2,75.85,82,74.06,23.48,24.04,27.66,26.17,27.51,0.36,0.29,0.89,0.61,0.95
10/31/2021 2:00,0.742,0.32,2.85,2145,55.1,62.68,55.89,-4.539958,87.7,89.5,75.03,79.61,72.84,23.53,24.16,27.81,26.59,27.73,0.36,0.32,0.93,0.71,1.01
10/31/2021 2:15,0.584,-0.05,2.57,2147,55,64.95,53.22,-4.375585,87.7,89.2,76.28,80.9,72.44,23.54,24.35,27.65,26.52,27.88,0.36,0.33,0.88,0.66,1.03
10/31/2021 2:30,0.463,-0.21,2.22,2147,55.1,64.38,54.58,-4.211213,87.9,90.8,77.9,83,74.03,23.46,24.11,27.41,26.12,27.67,0.35,0.28,0.81,0.58,0.96
10/31/2021 2:45,0.643,0.22,2.53,2148,55.1,63.95,56.92,-4.539958,88.1,91,76.72,82,74.18,23.46,23.99,27.63,26.38,27.7,0.34,0.27,0.86,0.62,0.96
10/31/2021 3:00,0.654,0.22,2.58,2150,55,62.9,56.87,-4.375585,88.1,90.6,76.23,79.65,72.89,23.49,24.08,27.7,26.78,27.93,0.34,0.28,0.88,0.72,1.02
10/31/2021 3:15,0.65,0.22,2.56,2149,55,62.44,56.51,-4.539958,88,89.8,75.22,78.17,71.94,23.49,24.23,27.9,27.04,28.1,0.35,0.31,0.93,0.78,1.07
10/31/2021 3:30,0.69,0.38,2.56,2150,55.1,62.47,56.78,-4.375585,87.8,88.8,74.53,77.67,71.44,23.51,24.41,27.98,27.04,28.16,0.35,0.34,0.96,0.8,1.09
10/31/2021 3:45,0.65,0.22,2.56,2151,55.1,62.63,56.37,-4.04684,87.3,87.9,73.8,76.67,71.19,23.57,24.54,28.1,27.17,28.16,0.37,0.37,1,0.84,1.1
10/31/2021 4:00,0.673,0.22,2.66,2152,55,62.71,55.89,-4.539958,86.5,86.9,72.5,75.9,71.03,23.68,24.71,28.36,27.29,28.15,0.4,0.41,1.06,0.87,1.1
10/31/2021 4:15,0.707,0.32,2.7,2152,55.1,61.99,55.3,-4.04684,85.9,86.1,72.28,75.06,70.7,23.79,24.85,28.37,27.44,28.24,0.42,0.44,1.07,0.91,1.12
10/31/2021 4:30,0.709,0.32,2.71,2153,55.1,61.92,55.51,-4.375585,85.3,85.5,71.87,74.4,70.25,23.97,25,28.49,27.59,28.34,0.44,0.46,1.09,0.94,1.15
10/31/2021 4:45,0.731,0.37,2.75,2154,55.1,61.25,55.2,-4.868703,84.7,85.1,71.55,73.81,69.79,24.15,25.11,28.58,27.72,28.47,0.46,0.48,1.11,0.97,1.17
10/31/2021 5:00,0.76,0.32,2.93,2154,55.1,61.63,54.72,-4.375585,84.1,84.8,70.99,73.29,69.47,24.34,25.22,28.73,27.86,28.57,0.48,0.49,1.14,1,1.19
10/31/2021 5:15,0.975,0.5,3.66,2156,55,63.78,53.62,-4.539958,83,83.4,68.32,71.23,67.49,24.38,25.31,28.73,27.81,28.6,0.52,0.54,1.25,1.08,1.27
10/31/2021 5:30,1.06,0.56,3.96,2158,55,64.71,53.29,-4.375585,80.6,80.3,66.53,69.68,65.69,24.28,25.31,28.39,27.43,28.28,0.59,0.64,1.29,1.11,1.32
10/31/2021 5:45,1.166,0.68,4.29,2157,55.1,64.09,52.86,-4.539958,79.53,78.72,65.88,69.32,65.23,24.02,25.26,28.13,27.11,27.97,0.61,0.68,1.3,1.1,1.31
10/31/2021 6:00,1.223,0.73,4.48,2158,55,64.28,52.47,-4.70433,78.82,77.86,65.96,69.05,64.88,23.82,25.14,27.81,26.87,27.75,0.63,0.71,1.27,1.1,1.31
10/31/2021 6:15,1.277,0.79,4.65,2157,55.1,64.64,51.52,-4.539958,78.29,76.36,66.16,69.01,64.8,23.65,25.19,27.46,26.61,27.48,0.63,0.76,1.24,1.08,1.29
10/31/2021 6:30,1.322,0.79,4.84, ,55.2,63.97,51.06,-3.718095,77.85,75.52,66.31,68.96,64.63,23.48,25.15,27.2,26.39,27.27,0.64,0.78,1.22,1.07,1.28
10/31/2021 6:45,1.362,0.84,4.96,2159,55.1,63.64,50.8,2.034941,77.44,74.16,66.43,68.92,64.7,23.36,25.24,26.96,26.19,27.06,0.65,0.83,1.19,1.06,1.26
10/31/2021 7:00,1.4,0.88,5.08,2158,55.2,61.99,49.87,25.21146,77.13,73.12,66.02,68.64,64.42,23.27,25.39,27,26.1,27.01,0.65,0.87,1.21,1.06,1.27
10/31/2021 7:15,1.729,1.26,6.09,2159,55.1,58.36,45.61,47.401744,77.11,72.9,65.83,68.45,64.2,23.31,25.4,27.04,26.15,27.05,0.66,0.88,1.22,1.07,1.28
10/31/2021 7:30,2.805,2.6,9.28,2159,55,56.06,36.43,74.851948,76.34,69.95,66.73,68.63,63.8,23.53,26.13,27.05,26.26,27.34,0.69,1.02,1.19,1.07,1.32
10/31/2021 7:45,2.86,2.55,9.57,2158,55.1,58.95,37.96,29.485145,69.9,70.26,67.42,69.08,64.47,23.84,25.45,26.65,26.2,27.07,0.89,0.97,1.14,1.05,1.27
10/31/2021 8:00,2.932,2.7,9.72,2159,55,58.33,38.25,60.222797,69.38,75.53,68.45,71.03,67.96,23.52,23.75,25.88,25.39,25.64,0.89,0.72,1.05,0.94,1.05
10/31/2021 8:15,2.905,4.05,8.15,2159,55,  ,27.87,140.10782,69.94,77.96,70.39,72.67,71.72,23.06,22.97,25.07,24.62,24.75,0.85,0.62,0.94,0.85,0.88
10/31/2021 8:30,14.506,6.65,55.3,2155,55,38.97,32.9,257.798512,70.77,79.7,72.86,75.68,87.7,22.84,22.73,24.66,24.33,27.03,0.81,0.56,0.84,0.74,0.44
10/31/2021 8:45,16.739,10.55,60.72,2153,54.8,51.35,36.53,190.734543,72.47,81.1,75.08,77.79,88,22.77,22.76,24.55,24.5,29.59,0.76,0.52,0.77,0.68,0.5
10/31/2021 9:00,17.151,9.16,63.99,2148,54.8,41.62,37.56,383.379083,73.79,82,76.66,78.75,84.9,22.82,22.87,24.58,24.95,31.34,0.73,0.5,0.72,0.67,0.69
10/31/2021 9:15,17.25,9.38,64.18,2143,54.7,40.5,38.56,229.362074,74.88,83,78.36,79.79,81.9,22.95,23.01,24.63,25.44,32.58,0.7,0.48,0.67,0.66,0.89
10/31/2021 9:30,17.871,9.4,66.83,2139,54.7,38.99,39.33,233.800131,75.7,83.8,79.29,80.7,80.3,23.14,23.24,24.89,26.01,33.43,0.69,0.46,0.65,0.65,1.02
10/31/2021 9:45,17.806,9.41,66.54,2134,54.7,39.33,40.28,285.906206,76.49,84.3,79.97,80.7,78.53,23.32,23.46,25.17,26.71,34.09,0.67,0.45,0.64,0.68,1.15
10/31/2021 10:00,18.202,10.14,67.46,2132,54.7,41.29,40.62,267.003371,77.17,84.7,80.5,80.9,76.62,23.5,23.67,25.49,27.3,34.58,0.66,0.45,0.64,0.69,1.28
10/31/2021 10:15,18.536,10.65,68.35,2126,54.6,42.53,42.34,291.001752,74.14,81.8,79.09,79.46,73.98,23.12,23.38,25.47,27.77,34.95,0.73,0.52,0.68,0.77,1.46
10/31/2021 10:30,18.041,10.37,66.52,2125,54.6,41.07,41.76,312.370174,77.01,83.1,80.5,78.12,71.68,21.86,22.32,24.38,27.64,34.82,0.6,0.46,0.6,0.81,1.58
10/31/2021 10:45,18.049,9.76,67.21,2122,54.3,40.62,40.78,314.835761,79.22,85.1,82,78.52,71.8,21.47,21.9,23.97,27.49,34.7,0.53,0.39,0.54,0.79,1.56
10/31/2021 11:00,17.716,9.7,65.84,2122,54,40.35,40.52,345.737786,80.3,86.2,82.7,78.83,71.47,21.39,21.84,23.86,27.47,34.57,0.5,0.36,0.51,0.78,1.57
10/31/2021 11:15,17.965,9.46,67.17,2122,53.9,40.14,40,339.98475,81,86.6,83.2,79.24,71.74,21.44,21.84,23.77,27.55,34.48,0.49,0.35,0.49,0.76,1.54
10/31/2021 11:30,17.205,9.46,63.9,2122,53.8,39.76,39.42,367.270581,81.5,87.1,84,79.7,71.45,21.48,21.88,23.8,27.56,34.26,0.47,0.34,0.47,0.75,1.54
10/31/2021 11:45,17.486,9.33,65.25, ,53.8,39.92,38.8,473.783944,82,87.5,84.2,80.4,72.88,21.56,21.92,23.86,27.59,33.99,0.46,0.33,0.47,0.72,1.44
10/31/2021 12:00,17.29,9.15,64.6,2122,53.6,39.97,38.51,403.925643,82.4,87.9,84.5,80.7,72.72,21.64,21.94,23.96,27.65,33.73,0.46,0.32,0.46,0.71,1.43
10/31/2021 12:15,16.566,9.02,61.62,2122,53.6,40.26,37.41,436.30702,82.8,88.4,84.8,81.3,73.51,21.73,22,23.98,27.74,33.53,0.45,0.31,0.45,0.7,1.37
10/31/2021 12:30,16.501,8.9,61.47,2122,53.5,40.57,36.96,590.817147,83,88.5,85.1,81.6,72.01,21.81,22.08,23.95,27.83,33.05,0.44,0.31,0.44,0.69,1.41
10/31/2021 12:45,15.931,8.69,59.24,2122,53.5,41,35.74,566.654393,83.2,88.8,85.4,81.9,71.8,21.88,22.13,24.03,27.86,31.9,0.44,0.3,0.44,0.68,1.33
10/31/2021 13:00,15.65,8.32,58.43,2124,53.5,42.19,34.76,341.95722,83.4,88.9,85.5,82.4,72.43,21.96,22.16,24.05,27.89,29.82,0.44,0.3,0.43,0.66,1.16
10/31/2021 13:15,15.359,7.9,57.63,2124,53.6,42.58,33.97,821.267357,83.4,89,85.5,82.1,75.31,22.03,22.16,24.02,27.93,28.69,0.44,0.29,0.43,0.67,0.97
10/31/2021 13:30,14.672,7.51,55.09,2126,53.8,43.27,33.18,906.247926,83.5,89.2,85.9,82.5,77.1,22.04,22.16,24.05,27.9,28.29,0.44,0.29,0.42,0.66,0.88
10/31/2021 13:45,14.029,6.9,52.98,2127,54,44.61,32.32,874.524038,83.5,89.2,85.4,82.5,77.85,22.05,22.16,24.12,27.89,28.04,0.44,0.29,0.44,0.66,0.84
10/31/2021 14:00,13.333,6.52,50.39,2128,54,45.57,31.94,858.086791,83.5,89.2,85.7,82.2,78.61,22.06,22.19,24.06,27.89,27.8,0.44,0.29,0.43,0.67,0.8
10/31/2021 14:15,12.431,5.96,47.11,2131,54.4,47.14,31.68,296.261671,83.6,89.2,85.7,81.8,79.21,22.06,22.16,24.03,27.88,27.59,0.44,0.29,0.43,0.68,0.77
10/31/2021 14:30,11.374,5.27,43.3,2132,54.5,48.41,31.58,262.894059,83.7,89.2,85.7,81.5,79.48,22.05,22.17,23.99,27.92,27.41,0.43,0.29,0.43,0.7,0.75
10/31/2021 14:45,3.966,4.8,11.91,2134,54.5,49.77,31.77,224.759645,83.7,89.3,85.8,79.91,79.61,22.01,22.12,23.92,28.03,27.25,0.43,0.28,0.42,0.76,0.74
10/31/2021 15:00,3.836,4.58,11.59,2135,54.6,50.39,32.01,214.732924,83.8,89.4,85.9,79.63,79.68,21.98,22.05,23.86,27.93,27.05,0.43,0.28,0.42,0.77,0.73
10/31/2021 15:15,3.688,4.19,11.37,2137,54.7,51.16,32.39,214.075434,83.8,89.6,86.1,80.4,79.81,21.96,21.96,23.74,27.59,26.85,0.43,0.27,0.41,0.72,0.71
10/31/2021 15:30,3.54,3.83,11.12,2139,54.6,52.45,32.94,281.468149,83.8,89.7,86.3,81,79.71,21.9,21.89,23.67,27.23,26.66,0.43,0.27,0.4,0.69,0.71
10/31/2021 15:45,3.372,3.55,10.7,2140,54.7,53.19,33.59,182.844664,83.8,89.7,85.9,81.7,79.72,21.83,21.76,23.58,26.85,26.46,0.42,0.27,0.41,0.65,0.7
10/31/2021 16:00,3.239,3.25,10.45,2142,54.7,54.43,34.21,164.599319,83.8,90,86.2,81.9,79.39,21.81,21.68,23.51,26.6,26.34,0.42,0.26,0.4,0.63,0.71
10/31/2021 16:15,3.158,3.11,10.25,2142,54.7,54.98,35.05,140.929683,83.8,90,85.8,81.7,78.83,21.72,21.6,23.47,26.27,26.2,0.42,0.26,0.41,0.63,0.72
10/31/2021 16:30,2.993,2.84,9.83,2144,54.6,56.04,35.86,121.204986,83.6,89.8,85.6,81.6,78.15,21.63,21.49,23.41,25.89,25.98,0.42,0.26,0.41,0.61,0.73
10/31/2021 16:45,2.857,2.63,9.47,2144,54.7,56.56,36.7,91.946685,83.3,89.6,85.3,81.1,77.71,21.5,21.36,23.26,25.44,25.6,0.43,0.26,0.42,0.61,0.73
10/31/2021 17:00,2.627,2.36,8.77,2145,54.7,56.3,38.35,105.260855,83.2,89.5,84.8,81.2,77.97,21.38,21.19,23.03,24.86,25.05,0.43,0.26,0.43,0.59,0.7
10/31/2021 17:15,2.222,1.82,7.61, ,54.7,55.92,39.59,44.607412,83.5,89.9,85.6,81.4,78.34,21.35,21.19,22.88,24.39,24.53,0.42,0.25,0.4,0.57,0.67
10/31/2021 17:30,1.989,1.52,6.93,2148,54.8,57.18,42.05,3.678666,83.1,90.3,85.3,81.3,78.79,21.66,21.57,23.25,24.12,24.24,0.44,0.25,0.42,0.56,0.64
10/31/2021 17:45,1.722,1.24,6.08,2152,54.8,59.84,45.04,-3.882468,81.1,89.2,83.8,81.1,78.53,21.9,21.65,23.3,23.74,23.95,0.5,0.28,0.46,0.56,0.64
10/31/2021 18:00,1.534,1.09,5.43,2152,54.8,60.65,47.17,-4.70433,79.2,88,83.1,81.1,78.27,22.03,21.57,23.09,23.33,23.58,0.55,0.31,0.48,0.54,0.63
10/31/2021 18:15,1.359,0.82,4.97,2154,54.8,62.2,49.13,-4.211213,77.79,87.2,82.8,81.5,78.39,21.96,21.46,22.8,22.87,23.21,0.59,0.33,0.48,0.52,0.61
10/31/2021 18:30,1.231,0.77,4.47,2154,54.7,62.42,50.9,-3.882468,76.96,86.8,82.9,81.8,78.4,21.88,21.28,22.45,22.51,22.89,0.6,0.33,0.46,0.5,0.6
10/31/2021 18:45,1.111,0.71,4.02,2154,54.8,62.37,52.28,-4.211213,77.65,87,83.1,82,78.97,21.76,21.14,22.19,22.3,22.66,0.58,0.33,0.45,0.48,0.58
10/31/2021 19:00,0.969,0.43,3.71,2156,55,62.4,52.81,-4.375585,76.7,86,83.5,82.2,78.46,21.96,21.27,22.07,22.19,22.73,0.61,0.35,0.44,0.48,0.6
10/31/2021 19:15,0.945,0.49,3.54,2156,54.8,62.2,53.65,-4.868703,74.01,84.4,82.6,80.9,76.15,22.43,21.51,22.23,22.39,23.12,0.71,0.4,0.47,0.52,0.67
10/31/2021 19:30,0.876,0.43,3.31,2157,55,62.56,54.17,-4.539958,73.64,84,81.7,79.89,75.32,22.58,21.64,22.36,22.55,23.27,0.72,0.41,0.49,0.55,0.7
10/31/2021 19:45,0.763,0.32,2.94,2157,54.8,61.75,54.84,-4.539958,76.08,84.8,82.3,80.8,76.43,22.74,22,22.51,22.68,23.43,0.66,0.4,0.48,0.53,0.68
10/31/2021 20:00,0.761,0.37,2.88,2158,55,61.75,55.1,-4.375585,75.58,81.3,82.4,80.6,75.74,22.89,22.91,22.83,23.01,23.81,0.68,0.52,0.49,0.55,0.72
10/31/2021 20:15,0.761,0.37,2.88,2159,55,61.77,54.86,-4.539958,75.21,78.68,81.4,79.03,74.23,23.01,23.57,23.11,23.37,24.19,0.7,0.62,0.53,0.6,0.78
10/31/2021 20:30,0.74,0.32,2.84,2159,55,62.4,55.63,-4.539958,74.63,77.86,80.8,78.06,73.61,23.18,23.81,23.27,23.63,24.37,0.72,0.65,0.55,0.64,0.81
10/31/2021 20:45,0.743,0.38,2.79,2161,54.8,62.06,55.63,-4.04684,74.46,77.26,80.4,77.66,73.21,23.26,23.97,23.37,23.74,24.47,0.73,0.68,0.56,0.66,0.82
10/31/2021 21:00,0.722,0.27,2.82,2161,54.8,62.13,55.41,-3.882468,74.44,76.78,80.3,77.55,73.09,23.3,24.13,23.45,23.8,24.56,0.73,0.7,0.57,0.66,0.83
10/31/2021 21:15,0.711,0.27,2.77,2161,55,62.4,55.89,-4.868703,74.42,76.5,80,77.41,72.93,23.34,24.24,23.52,23.86,24.61,0.73,0.71,0.58,0.67,0.84
10/31/2021 21:30,0.698,0.22,2.77,2162,55,62.71,55.63,-4.539958,74.73,76.37,80,77.27,72.83,23.31,24.32,23.58,23.93,24.69,0.72,0.72,0.58,0.68,0.84
10/31/2021 21:45,0.688,0.27,2.67,2163,55,62.23,56.01,-4.375585,74.98,76.29,79.96,77.17,72.85,23.28,24.37,23.63,23.99,24.71,0.71,0.72,0.58,0.68,0.85
10/31/2021 22:00,0.671,0.27,2.6,2163,54.8,61.97,55.53,-4.868703,75.4,76.02,79.95,77.14,72.81,23.2,24.45,23.65,24,24.72,0.7,0.74,0.59,0.68,0.85
10/31/2021 22:15,0.707,0.32,2.7,2164,55,61.97,55.27,-4.539958,75.74,75.87,79.95,77.14,72.78,23.14,24.52,23.69,24.05,24.78,0.69,0.74,0.59,0.68,0.85
10/31/2021 22:30,0.681,0.27,2.64,2164,55,61.89,55.46,-4.539958,75.84,75.75,79.81,77.1,72.76,23.16,24.56,23.72,24.06,24.79,0.69,0.75,0.59,0.69,0.85
10/31/2021 22:45,0.669,0.27,2.59, ,55,62.01,55.58,-4.868703,75.73,75.64,79.71,77.09,72.84,23.2,24.59,23.75,24.1,24.79,0.69,0.75,0.6,0.69,0.85
10/31/2021 23:00,0.64,0.21,2.53,2165,55,62.23,55.75,-4.539958,75.97,75.59,79.74,77.16,72.82,23.15,24.63,23.74,24.08,24.81,0.68,0.76,0.6,0.68,0.85
10/31/2021 23:15,0.645,0.21,2.55,2166,55,62.23,55.75,-4.539958,75.62,75.55,79.72,77.12,72.75,23.23,24.62,23.77,24.09,24.84,0.69,0.76,0.6,0.69,0.86
10/31/2021 23:30,0.628,0.16,2.53,2167,55,61.92,55.75,-3.882468,75.7,75.46,79.74,77.25,72.82,23.23,24.7,23.79,24.11,24.85,0.69,0.76,0.6,0.68,0.85
10/31/2021 23:45,0.628,0.21,2.48,2168,55,62.37,56.42,-4.375585,76.03,75.2,79.83,77.22,72.87,23.2,24.76,23.79,24.13,24.88,0.68,0.77,0.59,0.69,0.85
11/1/2021 0:00,0.642,0.32,2.42,2168,55,62.01,56.11,-4.375585,75.72,75.62,79.93,77.33,72.94,23.3,24.69,23.82,24.12,24.89,0.69,0.76,0.59,0.68,0.85
11/1/2021 0:15,0.614,0.16,2.47,2169,55,62.18,55.7,-4.70433,75.39,75.42,79.9,77.41,72.95,23.4,24.79,23.86,24.15,24.92,0.71,0.77,0.59,0.68,0.85
11/1/2021 0:30,0.641,0.27,2.47,2169,55,61.8,56.2,-4.70433,75.71,75.39,79.83,77.44,72.94,23.38,24.85,23.88,24.19,24.95,0.7,0.77,0.6,0.68,0.85
11/1/2021 0:45,0.643,0.27,2.48,2169,55,62.4,56.18,-4.539958,75.7,75.46,79.84,77.5,73.11,23.39,24.86,23.94,24.19,24.95,0.7,0.77,0.6,0.68,0.85
11/1/2021 1:00,0.668,0.32,2.53,2170,55,62.06,56.18,-4.375585,75.72,75.41,79.83,77.59,73.06,23.38,24.88,23.95,24.19,24.96,0.7,0.77,0.6,0.68,0.85
11/1/2021 1:15,0.696,0.37,2.6,2172,55,61.75,56.18,-4.539958,76.15,75.24,79.81,77.57,73,23.29,24.92,23.95,24.2,24.98,0.68,0.78,0.6,0.68,0.85
11/1/2021 1:30,0.701,0.38,2.61,2171,54.8,62.06,56.18,-4.539958,75.97,75.12,79.74,77.35,72.86,23.3,24.89,23.94,24.21,24.97,0.69,0.78,0.6,0.68,0.86
11/1/2021 1:45,0.662,0.27,2.56,2172,55,62.75,56.2,-4.375585,75.62,74.98,79.63,77.26,72.75,23.34,24.89,23.91,24.18,24.97,0.7,0.79,0.6,0.69,0.86
11/1/2021 2:00,0.705,0.33,2.68,2172,55,62.68,56.42,-4.539958,75.76,74.73,79.63,77.26,72.73,23.24,24.92,23.86,24.15,24.92,0.69,0.8,0.6,0.68,0.86
11/1/2021 2:15,0.678,0.27,2.63,2173,54.8,63.71,56.47,-4.375585,76.11,74.64,79.46,77.35,72.68,23.12,24.91,23.87,24.08,24.91,0.68,0.8,0.61,0.68,0.86
11/1/2021 2:30,0.709,0.27,2.76,2173,55,63.21,56.56,-5.197448,76.52,74.6,79.41,77.25,72.6,23.03,24.89,23.86,24.09,24.9,0.66,0.8,0.61,0.68,0.86
11/1/2021 2:45,0.685,0.27,2.66,2173,55,63.59,56.9,-4.539958,76.92,74.68,79.38,77.29,72.64,22.91,24.85,23.84,24.05,24.87,0.64,0.79,0.61,0.68,0.86
11/1/2021 3:00,0.709,0.27,2.76,2173,55,63.54,56.3,-4.375585,76.69,74.61,79.33,77.27,72.53,22.92,24.81,23.8,24.03,24.85,0.65,0.8,0.61,0.68,0.86
11/1/2021 3:15,0.696,0.22,2.76,2174,55,63.64,56.39,-4.539958,76.81,74.31,79.13,77.18,72.52,22.83,24.85,23.81,23.98,24.79,0.64,0.81,0.62,0.68,0.86
11/1/2021 3:30,0.653,0.16,2.64,2176,55,63.69,56.71,-4.211213,76.98,74.09,79.03,77.12,72.49,22.77,24.86,23.78,23.97,24.78,0.64,0.81,0.62,0.68,0.86
11/1/2021 3:45,0.709,0.27,2.76,2175,55.1,63.54,56.3,-4.70433,77.08,74.32,78.98,77.13,72.39,22.7,24.79,23.79,23.94,24.77,0.63,0.8,0.62,0.68,0.86
11/1/2021 4:00,0.708,0.22,2.81,2176,55,63.23,56.06,-4.70433,77.4,74.26,79.14,77.19,72.54,22.64,24.8,23.72,23.92,24.72,0.62,0.81,0.61,0.68,0.86
11/1/2021 4:15,0.663,0.22,2.62,2176,55,62.78,56.49,-4.70433,77.45,74.1,79.25,77.33,72.65,22.64,24.85,23.72,23.9,24.72,0.62,0.81,0.61,0.67,0.85
11/1/2021 4:30,0.663,0.22,2.62,2177,55.1,63.06,56.18,-4.211213,77.87,74.28,79.34,77.4,72.64,22.58,24.84,23.73,23.93,24.75,0.61,0.81,0.61,0.67,0.85
11/1/2021 4:45,0.688,0.32,2.62,2177,55,63.06,56.18,-4.868703,77.89,74.3,79.38,77.4,72.64,22.58,24.84,23.75,23.94,24.78,0.61,0.81,0.61,0.67,0.86
11/1/2021 5:00,0.704,0.27,2.74,2178,55,62.85,55.73,-4.539958,77.97,74.31,79.44,77.4,72.65,22.57,24.84,23.72,23.94,24.77,0.6,0.81,0.6,0.67,0.85
11/1/2021 5:15,0.75,0.28,2.93,2178,55,63.83,55.46,-4.04684,75.84,75.25,79.25,76.82,72.3,22.82,24.23,23.61,23.89,24.64,0.67,0.75,0.6,0.69,0.86
11/1/2021 5:30,0.85,0.39,3.24,2178,55.1,63.83,55.2,-4.375585,71.62,78.86,78.98,76.26,72.23,23.19,22.86,23.23,23.55,24.19,0.81,0.59,0.6,0.69,0.84
11/1/2021 5:45,0.88,0.39,3.37,2179,55,64.55,54.96,-4.375585,70.34,79.85,78.89,76.12,72.18,23.04,22.34,22.91,23.24,23.82,0.84,0.54,0.59,0.68,0.82
11/1/2021 6:00,0.942,0.45,3.57,2178,55,64.62,55.01,-4.04684,69.79,80.1,78.69,76.01,72.28,22.87,22.03,22.68,22.97,23.53,0.84,0.53,0.59,0.67,0.8
11/1/2021 6:15,0.954,0.39,3.69,2179,55,64.71,54.58,-4.70433,69.63,80.1,78.64,75.93,72.21,22.69,21.81,22.46,22.77,23.33,0.84,0.52,0.58,0.67,0.8
11/1/2021 6:30,1.009,0.56,3.74,2178,55.1,64.04,54.08,-3.553723,69.55,79.85,78.56,75.84,72.02,22.54,21.7,22.3,22.6,23.19,0.83,0.52,0.58,0.66,0.8
11/1/2021 6:45,1.048,0.56,3.91,2178,55.1,63.69,53.53,2.363686,69.41,79.82,78.42,75.76,71.91,22.41,21.56,22.17,22.48,23.07,0.83,0.52,0.58,0.66,0.79
11/1/2021 7:00,1.095,0.61,4.06,2178,55,63.59,52.69,12.55478,69.31,80.1,78.3,75.72,71.86,22.32,21.41,22.08,22.39,22.98,0.83,0.51,0.58,0.66,0.79
11/1/2021 7:15,1.24,0.76,4.52,2177,55,61.46,50.66,36.224416,69.19,80.3,78.46,75.66,71.87,22.25,21.32,21.99,22.33,22.92,0.83,0.5,0.57,0.66,0.79
11/1/2021 7:30,1.592,1.11,5.66,2179,55,58.64,46.23,66.633324,69.18,80.7,78.6,75.7,71.97,22.28,21.27,21.99,22.35,22.98,0.83,0.49,0.57,0.66,0.79
11/1/2021 7:45,2.092,1.66,7.22,2179,55,54.03,39.4,64.167737,68.89,81.4,79.13,75.92,71.87,22.43,21.36,22.16,22.49,23.27,0.84,0.47,0.56,0.66,0.8
11/1/2021 8:00,2.703,2.59,8.85,2178,55,49.82,34.35,89.974215,68.63,81.8,79.8,76.07,71.84,22.63,21.56,22.37,22.79,23.54,0.86,0.47,0.55,0.66,0.82
11/1/2021 8:15,2.7,3.65,7.7,2178,55,  ,28.26,197.638186,68.74,82.1,78.8,76.44,71.96,22.82,21.8,22.68,23.09,23.94,0.87,0.47,0.58,0.67,0.83
11/1/2021 8:30,12.915,5.89,49.27,2177,54.8,41.09,31.2,211.116729,69.33,82.1,78.61,76.61,85.9,23.07,22.16,23.09,23.58,26.04,0.87,0.48,0.6,0.68,0.48
11/1/2021 8:45,12.989,6.63,48.79,2176,55,49.32,32.39,167.064906,70.64,82.4,78.56,77.82,81.1,23.29,22.58,23.57,24.16,27.29,0.84,0.48,0.62,0.67,0.69
11/1/2021 9:00,13.582,6.45,51.54,2176,54.8,46.57,32.18,218.020373,71.27,82.8,78.64,77.97,80.4,23.51,22.88,24.02,24.62,28.01,0.83,0.48,0.64,0.68,0.74
11/1/2021 9:15,13.705,6.71,51.79,2175,54.7,45.14,32.51,198.131304,71.78,83.2,78.6,77.95,76.43,23.7,23.11,24.37,24.94,28,0.83,0.48,0.65,0.7,0.89
11/1/2021 9:30,14.445,6.75,54.93, ,54.7,43.82,32.3,162.462477,72.18,83.4,78.65,78.21,75.8,23.89,23.33,24.66,25.22,27.94,0.82,0.48,0.66,0.7,0.91
11/1/2021 9:45,15.686,7.85,59.09,2174,54.8,40.07,34.43,280.481914,72.68,83.6,78.85,78.33,80.1,24.04,23.56,24.95,25.48,28.46,0.82,0.48,0.67,0.71,0.77
11/1/2021 10:00,16.508,8.9,61.5,2169,54.7,40.57,36.65,279.166934,73.35,83.6,79.17,81,87.5,24.28,23.94,25.38,26.12,31.26,0.81,0.49,0.67,0.64,0.57
11/1/2021 10:15,17.37,9.47,64.6,2165,54.7,40.76,39.11,274.071387,71.09,80,74.33,76.53,82.5,23.84,23.76,25.97,27.09,33.21,0.85,0.59,0.86,0.84,0.89
11/1/2021 10:30,18.023,9.19,67.71,2160,54.6,39.18,39.66,306.452765,76.71,82.4,72.18,73.83,78.05,22.3,22.81,26.73,27.62,33.92,0.63,0.49,0.98,0.97,1.16
11/1/2021 10:45,17.888,9.32,66.99,2156,54.7,38.68,39.78,316.315113,79.9,84.5,72.11,74.06,77.25,22.02,22.71,27.12,28.11,34.5,0.53,0.43,1,0.99,1.24
11/1/2021 11:00,18.117,9.15,68.16,2154,54.5,38.23,39.97,340.970985,81.1,85.1,71.51,73.58,75.65,22.11,22.9,27.44,28.55,35.06,0.5,0.42,1.04,1.03,1.37
11/1/2021 11:15,17.698,9.36,66.13,2151,54.4,38.8,40.4,349.682726,81.8,85.2,70.97,74.09,74.11,22.27,23.15,27.74,29.03,35.48,0.49,0.42,1.08,1.04,1.49
11/1/2021 11:30,17.477,9.32,65.22,2151,54,39.06,39.71,377.297302,82.4,85.7,71.24,73.81,73.07,22.45,23.34,27.99,29.41,35.53,0.48,0.41,1.09,1.07,1.56
11/1/2021 11:45,17.556,9.19,65.7,2149,53.9,39.54,39.21,425.458437,82.7,85.8,71.68,74.66,72.37,22.64,23.54,28.17,29.66,35.31,0.48,0.41,1.08,1.05,1.58
11/1/2021 12:00,17.646,9.15,66.13,2149,53.8,39.54,38.58,444.361271,83,86.2,72.06,74.69,72.55,22.82,23.63,28.22,29.87,35.12,0.47,0.4,1.07,1.07,1.55
11/1/2021 12:15,16.966,8.77,63.61,2150,53.8,39.66,37.03,447.648721,83.3,86.6,72.59,74.7,73.34,22.94,23.67,28.31,29.99,34.84,0.47,0.39,1.05,1.07,1.49
11/1/2021 12:30,16.454,8.86,61.31,2150,53.7,40.11,36.7,456.19609,83.6,87.1,72.49,74.53,72.58,23.08,23.73,28.43,29.92,34.34,0.46,0.38,1.07,1.08,1.49
11/1/2021 12:45,16.816,8.57,63.18,2150,53.7,40.45,36.1,572.900547,83.7,87.3,72.53,75.22,69.69,23.23,23.81,28.54,30,33.8,0.46,0.37,1.07,1.05,1.59
11/1/2021 13:00,15.608,8.33,58.24,2151,53.6,40.62,34.97,344.422807,83.8,87.3,72.59,75.37,67.89,23.32,23.95,28.65,30.06,32.05,0.46,0.38,1.08,1.05,1.53
11/1/2021 13:15,15.716,8.1,58.95,2151,53.7,41.41,34.28,614.322411,83.8,87.3,72.68,75.3,70.66,23.4,23.99,28.68,30.12,30.84,0.47,0.38,1.07,1.06,1.31
11/1/2021 13:30,15.356,7.71,57.82,2152,53.7,42.08,33.47,912.000963,83.8,87.4,73.12,75.86,71.92,23.46,24.03,28.79,30.17,30.46,0.47,0.38,1.06,1.03,1.22
11/1/2021 13:45,14.572,7.4,54.78,2153,53.8,42.96,32.92,919.726469,83.9,87.6,73,75.75,72.83,23.5,24.03,28.87,30.29,30.3,0.47,0.37,1.07,1.05,1.17
11/1/2021 14:00,13.728,6.92,51.66,2153,53.8,43.7,32.3,866.798532,83.8,87.7,73.21,75.48,73.45,23.56,24.07,28.85,30.42,30.19,0.47,0.37,1.06,1.07,1.14
11/1/2021 14:15,13.187,6.54,49.74,2156,54,44.66,31.7,260.757217,83.8,87.6,73.03,74.97,73.83,23.61,24.13,28.95,30.5,30.04,0.47,0.37,1.08,1.09,1.11
11/1/2021 14:30,12.718,6.02,48.28,2157,54.2,46,31.56,296.590416,83.9,87.6,73.38,74.1,73.8,23.58,24.13,29.04,30.45,29.8,0.47,0.37,1.07,1.13,1.1
11/1/2021 14:45,12.219,5.8,46.37, ,54.2,47.12,31.48,283.769363,83.9,87.8,72.78,73.2,74,23.55,24.01,29.1,30.46,29.49,0.47,0.36,1.1,1.17,1.07
11/1/2021 15:00,11.582,5.51,43.94,2159,54.4,48.51,31.56,211.445474,83.9,87.9,72.94,72.95,74.36,23.53,23.96,29.02,30.42,29.36,0.47,0.36,1.09,1.18,1.05
11/1/2021 15:15,4.058,5.04,12.05,2160,54.3,49.01,31.68,172.489198,83.8,88.3,72.85,73.01,73.36,23.49,23.86,28.99,29.78,29.09,0.47,0.35,1.09,1.13,1.07
11/1/2021 15:30,3.992,4.87,11.95,2162,54.3,49.58,31.89,285.741833,83.6,88.4,72.89,73.49,72.53,23.33,23.67,28.76,28.96,28.75,0.47,0.34,1.07,1.06,1.08
11/1/2021 15:45,3.936,4.71,11.88,2163,54.4,49.96,31.84,136.655998,83.7,88.5,73.05,76.24,73.79,23.23,23.56,28.62,28.73,28.69,0.46,0.33,1.06,0.94,1.03
11/1/2021 16:00,3.869,4.57,11.74,2164,54.5,50.8,32.18,310.890822,83.7,88.7,73.07,74.55,72.6,23.19,23.49,28.54,28.68,28.62,0.46,0.33,1.05,1,1.07
11/1/2021 16:15,3.858,4.48,11.79,2165,54.5,51.11,32.3,169.530493,83.4,88.5,72.98,75.85,72.83,23.08,23.36,28.34,28.42,28.54,0.47,0.33,1.04,0.94,1.06
11/1/2021 16:30,3.766,4.3,11.59,2165,54.6,52.09,32.56,125.643042,83.4,88.7,73.79,75.58,72.55,22.95,23.19,28.04,28.12,28.31,0.46,0.32,0.99,0.93,1.06
11/1/2021 16:45,3.618,3.95,11.33,2167,54.6,53.74,33.44,58.743445,83.3,88.6,73.31,74.11,71.71,22.77,23.08,27.77,27.71,27.87,0.46,0.32,1,0.96,1.06
11/1/2021 17:00,3.446,3.63,10.93,2168,54.6,55.01,34.31,101.151544,83.1,87.6,72.72,72.96,71.1,22.54,23,27.36,27.16,27.28,0.46,0.35,0.99,0.97,1.05
11/1/2021 17:15,2.808,2.78,9.1,2169,54.6,51.26,34.74,26.855185,84.5,88.1,73.57,73.14,71.47,22.64,23.22,27,26.84,26.99,0.43,0.34,0.94,0.95,1.02
11/1/2021 17:30,2.611,2.41,8.65,2172,54.6,54.46,36.55,0.062472,83.2,86.4,75.08,73.3,70.71,23.49,23.97,26.93,27.06,27.41,0.49,0.41,0.88,0.96,1.07
11/1/2021 17:45,2.513,2.25,8.4,2174,54.5,56.08,38.03,-3.882468,80.1,85.2,74.81,72.43,69.97,23.99,24.15,26.89,27.12,27.42,0.59,0.45,0.89,0.99,1.1
11/1/2021 18:00,2.377,2.05,8.03,2175,54.7,57.18,39.64,-4.211213,78.13,84.6,73.92,71.46,69.14,24.11,24.03,26.82,27.05,27.32,0.66,0.46,0.92,1.02,1.12
11/1/2021 18:15,2.284,1.91,7.78,2176,54.6,58.19,40.19,-4.211213,76.83,84.1,73.11,70.45,68.26,24.02,23.86,26.71,26.96,27.23,0.69,0.47,0.94,1.05,1.15
11/1/2021 18:30,2.195,1.75,7.57,2178,54.7,58.91,41.12,-4.211213,75.96,83.6,72.2,69.89,67.73,23.91,23.7,26.64,26.83,27.07,0.71,0.48,0.97,1.06,1.16
11/1/2021 18:45,2.162,1.69,7.49,2178,54.6,59.12,41.62,-4.539958,75.33,83.2,71.57,69.43,67.29,23.79,23.54,26.53,26.67,26.92,0.73,0.49,0.99,1.07,1.16
11/1/2021 19:00,2.134,1.7,7.36,2178,54.6,59.24,42.19,-4.868703,74.76,83,71.25,68.86,66.77,23.69,23.36,26.38,26.58,26.81,0.74,0.49,0.99,1.08,1.17
11/1/2021 19:15,2.048,1.56,7.14,2179,54.7,60.55,43.37,-4.539958,74.04,82.6,71.39,69.24,67.67,23.57,23.11,26.03,26.16,26.25,0.75,0.49,0.96,1.04,1.1
11/1/2021 19:30,1.92,1.42,6.74,2178,54.6,62.71,45.42,-4.211213,72.9,83.3,73.57,72.13,71.35,23.36,22.55,25.07,24.98,24.87,0.78,0.46,0.84,0.88,0.9
11/1/2021 19:45,1.764,1.25,6.25,2178,54.6,63.09,46.47,-3.882468,72.18,84.1,76.31,74.69,73.54,23.06,22,24.04,24.04,24.04,0.78,0.42,0.71,0.76,0.79
11/1/2021 20:00,1.613,1.01,5.86, ,54.7,62.87,47.98,-4.539958,72.29,84.4,77.89,75.92,74.66,22.73,21.62,23.35,23.48,23.47,0.77,0.4,0.63,0.7,0.73
11/1/2021 20:15,1.367,0.88,4.94,2180,54.7,61.94,50.01,-4.04684,76.38,86.5,79.33,78.11,76.79,22.47,21.46,22.91,23.01,23.13,0.64,0.35,0.58,0.62,0.66
11/1/2021 20:30,1.186,0.72,4.33,2182,54.7,62.25,51.42,-4.211213,78.47,87,82.3,81.1,78.58,22.42,21.68,22.78,22.83,23.16,0.58,0.34,0.49,0.53,0.61
11/1/2021 20:45,1.08,0.66,3.94,2183,54.7,62.63,52.95,-4.539958,76.28,85.1,82.6,81.3,77.65,22.81,22.02,22.75,22.83,23.35,0.66,0.39,0.48,0.52,0.64
11/1/2021 21:00,0.983,0.55,3.64,2184,54.8,62.95,53.67,-4.211213,75.48,84.4,82.4,81,77.2,22.93,22.14,22.77,22.86,23.42,0.69,0.42,0.49,0.53,0.66
11/1/2021 21:15,0.869,0.43,3.28,2186,54.8,62.8,54.63,-4.211213,75.35,83.3,82.2,80.8,77.01,22.89,22.39,22.78,22.86,23.44,0.69,0.45,0.49,0.53,0.66
11/1/2021 21:30,0.853,0.43,3.21,2187,54.8,62.11,54.58,-4.70433,75.14,79.61,81.2,79.59,75.03,23.02,23.29,23.1,23.22,23.98,0.7,0.58,0.53,0.58,0.74
11/1/2021 21:45,0.839,0.43,3.15,2187,54.8,62.08,54.55,-4.375585,75.13,78.51,80.2,78.08,73.77,23.07,23.62,23.38,23.61,24.31,0.7,0.63,0.57,0.64,0.8
11/1/2021 22:00,0.807,0.32,3.13,2187,54.8,62.13,54.34,-4.539958,74.92,77.77,79.69,77.35,73.21,23.15,23.85,23.54,23.8,24.48,0.71,0.66,0.59,0.67,0.82
11/1/2021 22:15,0.834,0.38,3.18,2188,55,61.68,54.22,-4.70433,74.99,77.46,79.47,77.01,72.88,23.18,23.97,23.66,23.93,24.61,0.71,0.67,0.6,0.68,0.84
11/1/2021 22:30,0.846,0.43,3.18,2190,54.7,61.68,54.22,-4.04684,75,77.23,79.34,76.88,72.66,23.22,24.07,23.72,24.01,24.72,0.71,0.68,0.61,0.69,0.85
11/1/2021 22:45,0.808,0.38,3.07,2190,54.8,61.68,54.48,-4.539958,74.88,77.14,79.34,76.72,72.69,23.28,24.14,23.75,24.09,24.75,0.72,0.69,0.61,0.7,0.85
11/1/2021 23:00,0.82,0.38,3.12,2191,54.8,62.06,54.27,-4.375585,74.81,76.91,79.28,76.72,72.62,23.35,24.23,23.82,24.12,24.81,0.72,0.7,0.61,0.7,0.86
11/1/2021 23:15,0.804,0.43,3,2190,54.8,61.89,54.12,-4.375585,74.91,76.9,79.27,76.61,72.49,23.39,24.27,23.86,24.2,24.9,0.72,0.7,0.61,0.71,0.87
11/1/2021 23:30,0.845,0.38,3.23,2191,54.8,62.3,53.93,-4.211213,74.64,76.87,79.26,76.7,72.59,23.47,24.31,23.9,24.21,24.91,0.73,0.7,0.62,0.7,0.86
11/1/2021 23:45,0.816,0.32,3.17,2191,54.8,61.99,54.22,-4.70433,74.45,76.63,79.24,76.67,72.55,23.49,24.37,23.9,24.23,24.92,0.74,0.71,0.62,0.71,0.87
11/2/2021 0:00,0.85,0.38,3.25,2192,55,61.97,54.2,-4.211213,74.43,76.47,79.18,76.51,72.4,23.5,24.4,23.91,24.24,24.95,0.74,0.72,0.62,0.71,0.87
11/2/2021 0:15,0.78,0.12,3.23,2196,55.1,68.54,54.17,-4.70433,77.81,80.1,81.3,79.83,73.35,23.13,23.94,23.8,23.95,24.86,0.63,0.59,0.55,0.6,0.84
11/2/2021 0:30,0.543,-0.16,2.51,2196,55.1,64.95,54.98,-4.70433,84.3,84.4,85.5,86,78.12,22.1,23.43,23.32,23.12,24.42,0.42,0.45,0.42,0.4,0.67
11/2/2021 0:45,0.686,0.29,2.64,2195,55.1,66.36,58.59,-4.211213,85.7,84.4,88,88.3,79.73,22.07,23.56,23.05,22.9,24.32,0.38,0.45,0.34,0.33,0.62
11/2/2021 1:00,0.553,0.17,2.2,2198,55.2,65.31,59.22,-4.868703,85.5,82.7,88.3,88.4,78.86,22.17,23.88,22.98,22.91,24.44,0.39,0.51,0.33,0.32,0.65
11/2/2021 1:15,0.376,-0.27,1.91, ,55,66.77,56.11,-4.539958,85.3,83.8,88.3,88.4,78.79,22.22,23.72,23.02,22.94,24.48,0.39,0.48,0.33,0.32,0.65
11/2/2021 1:30,0.165,-0.54,1.29,2200,55.2,59.17,56.59,-4.375585,86.6,86.3,88.8,89.7,80.6,22.01,23.32,22.98,22.73,24.27,0.35,0.39,0.31,0.28,0.59
11/2/2021 1:45,0.402,0,1.73,2201,55.2,67.08,61.34,-4.375585,86.7,85.3,89.1,90.1,80.8,22.01,23.51,22.96,22.7,24.25,0.35,0.43,0.31,0.27,0.58
11/2/2021 2:00,0.317,-0.05,1.42,2202,55.2,65.29,61.63,-4.211213,86.5,83.5,89.1,89.6,79.59,22.05,23.8,22.91,22.75,24.41,0.36,0.49,0.3,0.29,0.62
11/2/2021 2:15,0.222,-0.33,1.31,2203,55.2,67.06,58,-4.04684,86.2,84.2,88.9,89.2,79.52,22.1,23.71,22.97,22.83,24.44,0.37,0.46,0.31,0.3,0.63
11/2/2021 2:30,0.052,-0.59,0.86,2204,55.2,59.19,58.31,-4.539958,87,86.5,88.9,90.3,81,21.88,23.36,22.97,22.65,24.25,0.34,0.39,0.31,0.27,0.58
11/2/2021 2:45,0.279,-0.1,1.31,2205,55.3,66.7,62.59,-4.375585,87.3,86,89.4,91,81.2,21.92,23.45,22.95,22.59,24.25,0.33,0.4,0.3,0.25,0.57
11/2/2021 3:00,0.277,-0.1,1.3,2205,55.2,65.62,62.28,-4.539958,87.3,84.1,89.4,90.7,80,21.9,23.74,22.88,22.64,24.42,0.33,0.47,0.3,0.26,0.61
11/2/2021 3:15,0.261,-0.1,1.23,2205,55.2,64.57,61.94,-4.211213,87,82.9,89.1,90,79.37,21.93,24,22.92,22.73,24.49,0.34,0.51,0.3,0.28,0.63
11/2/2021 3:30,0.204,-0.16,1.05,2206,55.3,64.57,61.92,-4.375585,86.6,82.3,88.7,89.2,78.96,22.03,24.1,22.98,22.9,24.58,0.35,0.53,0.32,0.3,0.65
11/2/2021 3:45,0.259,-0.04,1.16,2207,55.3,63.97,61.99,-4.375585,86.1,81.4,88.2,88.4,78.69,22.07,24.22,23.03,23.01,24.57,0.37,0.56,0.33,0.33,0.66
11/2/2021 4:00,0.259,-0.04,1.16,2208,55.2,63.71,61.75,-4.375585,85.9,81.1,87.7,87.8,78.44,22.07,24.26,23.1,23.09,24.61,0.37,0.57,0.35,0.34,0.67
11/2/2021 4:15,0.271,-0.04,1.21,2210,55.3,63.71,61.13,-4.70433,85.7,80.7,87.4,87.3,78.23,22.1,24.35,23.12,23.14,24.62,0.38,0.59,0.36,0.36,0.67
11/2/2021 4:30,0.257,-0.04,1.15,2209,55.3,63.73,61.46,-4.375585,85.3,80.3,87.1,86.2,78.01,22.23,24.44,23.17,23.29,24.66,0.39,0.6,0.37,0.39,0.68
11/2/2021 4:45,0.27,-0.1,1.27,2209,55.2,64.07,61.15,-5.033075,84.9,80.2,86.8,85.5,77.94,22.3,24.43,23.21,23.39,24.64,0.41,0.61,0.38,0.42,0.68
11/2/2021 5:00,0.299,-0.04,1.33,2210,55.2,63.73,61.15,-4.868703,84.3,79.85,86.3,85.1,77.76,22.37,24.5,23.27,23.45,24.67,0.42,0.62,0.39,0.43,0.69
11/2/2021 5:15,0.395,0,1.7,2211,55.2,65.1,60.53,-4.211213,82.1,79.43,85.3,83.5,76.41,22.45,23.94,23.22,23.47,24.59,0.49,0.61,0.42,0.48,0.73
11/2/2021 5:30,0.466,0.06,1.94,2211,55.2,65.17,59.67,-4.539958,78.67,82.7,84.1,82,76.13,22.55,22.66,22.91,23.2,24.08,0.58,0.48,0.44,0.51,0.72
11/2/2021 5:45,0.511,0.11,2.08,2210,55.2,65.81,59.96,-4.375585,77.16,83.6,83.8,81.9,76.23,22.39,22.14,22.63,22.86,23.7,0.62,0.44,0.45,0.5,0.7
11/2/2021 6:00,0.553,0.17,2.2,2211,55.2,66.03,59.81,-4.211213,76.21,83.5,83.6,81.6,75.99,22.27,21.87,22.38,22.62,23.45,0.64,0.43,0.44,0.51,0.69
11/2/2021 6:15,0.629,0.23,2.46,2211,55.3,66.22,59.36,-4.211213,75.3,83.4,83.3,81.3,75.69,22.2,21.67,22.17,22.44,23.28,0.66,0.43,0.45,0.51,0.69
11/2/2021 6:30,0.657,0.23,2.58, ,55.2,66.39,59.22,-3.553723,74.48,83.1,82.8,81,75.54,22.12,21.5,22.02,22.26,23.09,0.68,0.43,0.46,0.51,0.69
11/2/2021 6:45,0.683,0.28,2.64,2211,55.3,65.84,59.07,0.226844,73.73,83.1,82.6,80.5,75.24,22.05,21.31,21.88,22.14,22.94,0.7,0.43,0.46,0.52,0.69
11/2/2021 7:00,0.701,0.22,2.78,2211,55.3,64.62,57.73,11.568545,73.12,83.2,82.4,80.3,75.22,22.04,21.16,21.77,22.03,22.8,0.71,0.42,0.46,0.52,0.69
11/2/2021 7:15,0.756,0.33,2.9,2211,55.2,63.09,55.94,29.1564,73.08,83.4,82.3,80.1,75.01,21.95,21.07,21.69,21.98,22.78,0.71,0.41,0.46,0.53,0.69
11/2/2021 7:30,0.87,0.48,3.23,2212,55.2,61.34,53.96,50.689194,73,83.7,82.3,80.1,74.93,21.95,21.04,21.71,22.01,22.81,0.71,0.41,0.46,0.53,0.7
11/2/2021 7:45,0.911,0.43,3.46,2212,55.3,60.91,52.57,65.482717,72.77,84,82.3,80,74.99,22.06,21.08,21.78,22.09,22.89,0.72,0.4,0.46,0.53,0.7
11/2/2021 8:00,1.041,0.57,3.87,2211,55.2,59.17,50.73,77.153162,72.69,84.4,82.5,79.96,75.2,22.17,21.11,21.85,22.2,22.95,0.73,0.39,0.46,0.54,0.69
11/2/2021 8:15,1.2,0.72,4.39,2211,55.3,58.28,48.67,90.467333,72.46,84.7,82.4,79.76,75.43,22.3,21.2,22.01,22.4,23.05,0.74,0.39,0.47,0.55,0.69
11/2/2021 8:30,1.549,1.03,5.56,2210,55.1,53.74,41.86,80.111867,71.89,84.8,82.7,79.53,75.33,22.48,21.32,22.12,22.55,23.2,0.77,0.39,0.46,0.56,0.7
11/2/2021 8:45,2.498,2.31,8.27,2212,55.1,52.24,35.02,164.270574,71.69,84.9,83.2,79.37,74.71,22.65,21.49,22.32,22.77,23.57,0.78,0.39,0.45,0.57,0.74
11/2/2021 9:00,3.396,3.99,10.33,2211,55.1,48,31.51,376.475439,71.57,84.8,82.4,79.67,74.23,22.77,21.76,22.61,23.12,24.07,0.79,0.4,0.48,0.58,0.77
11/2/2021 9:15,13.975,6.59,53.08,2210,55,40.69,31.82,348.696491,72.06,85.1,81.7,79.75,80.9,22.95,22.05,23.02,23.63,25.48,0.78,0.4,0.51,0.59,0.62
11/2/2021 9:30,15.812,8.05,59.42,2207,55,39.59,34.69,284.098108,73.24,85.4,81.4,80.9,88.8,23.24,22.54,23.7,24.44,29.41,0.76,0.4,0.55,0.59,0.46
11/2/2021 9:45,16.183,7.86,61.22,2205,55,37.01,35.86,277.194464,74.65,85.5,81,82.1,86.3,23.63,23.14,24.52,25.44,31.7,0.74,0.41,0.58,0.58,0.64
11/2/2021 10:00,16.828,8.86,62.92,2201,54.8,39.66,37.46,260.428472,75.31,86.2,81.1,80.5,83.8,24.24,23.85,25.4,26.89,33.2,0.75,0.41,0.61,0.69,0.82
11/2/2021 10:15,17.9,10.4,65.88,2196,54.8,42.72,40.11,279.002562,71.59,81.3,78.49,80.7,79.66,23.87,23.64,25.69,27.69,34,0.84,0.55,0.71,0.72,1.08
11/2/2021 10:30,17.67,9.47,65.89,2192,54.8,40,40,298.234141,76.08,83.5,79.42,80.2,77.24,22.18,22.19,24.79,27.74,33.93,0.64,0.44,0.64,0.74,1.21
11/2/2021 10:45,17.664,9.24,66.11,2189,54.7,39.33,40.14,302.83657,78.95,85.7,81,80.6,76.45,21.71,21.8,24.51,27.82,34,0.55,0.37,0.58,0.73,1.25
11/2/2021 11:00,17.659,9.24,66.09,2186,54.7,39.04,39.83,325.519972,80.2,86.7,81.5,80.7,75.05,21.62,21.8,24.58,28.08,34.31,0.51,0.35,0.57,0.73,1.35
11/2/2021 11:15,17.822,9.24,66.79,2185,54.7,39.02,39.49,329.464911,81,87.1,81.6,80.7,75.32,21.71,21.92,24.71,28.41,34.54,0.49,0.34,0.57,0.75,1.35
11/2/2021 11:30,17.311,9.02,64.83,2184,54.7,39.02,39.02,401.7888,81.5,87.5,81.8,81.2,75,21.82,22.03,24.83,28.72,34.67,0.48,0.33,0.57,0.74,1.38
11/2/2021 11:45,17.658,8.94,66.41,2184,54.6,39.02,38.54,380.749124,81.9,87.8,82.1,80.9,73.65,21.96,22.13,25.01,28.99,34.64,0.48,0.33,0.57,0.76,1.45
11/2/2021 12:00,16.931,8.9,63.32, ,54.5,39.33,38.06,410.171797,82.3,88.2,82.2,80.8,73.09,22.08,22.25,25.13,29.29,34.4,0.47,0.32,0.57,0.78,1.46
11/2/2021 12:15,17.003,8.81,63.73,2183,54.4,39.76,37.56,616.787998,82.5,88.4,82.4,81,69.92,22.2,22.34,25.28,29.52,33.31,0.47,0.31,0.57,0.78,1.54
11/2/2021 12:30,16.289,8.61,60.87,2183,54.3,39.95,36.24,385.84467,82.9,88.7,82.6,81.6,71.13,22.33,22.44,25.44,29.83,31.53,0.46,0.31,0.57,0.77,1.34
11/2/2021 12:45,15.595,8.21,58.31,2184,54.4,40.95,34.97,673.332129,83.1,89,82.9,81.4,74.06,22.47,22.5,25.53,30.09,30.75,0.46,0.3,0.56,0.79,1.15
11/2/2021 13:00,15.912,8.02,59.88,2183,54.4,41.12,34.71,371.21552,83.3,89.1,82.9,82.1,75.97,22.54,22.56,25.6,29.95,30.38,0.46,0.3,0.56,0.76,1.04
11/2/2021 13:15,14.558,7.4,54.72,2184,54.5,42.74,33.28,321.246288,83.4,89.4,83.4,82.9,77.34,22.65,22.67,25.72,30.2,30.49,0.46,0.29,0.55,0.73,0.99
11/2/2021 13:30,14.92,7.25,56.44,2185,54.6,43.22,32.97,1013.911897,83.5,89.3,83.2,82.2,77.43,22.73,22.74,25.76,30.16,30.15,0.46,0.3,0.56,0.76,0.97
11/2/2021 13:45,13.828,6.92,52.09,2186,54.7,43.65,32.37,883.89327,83.6,89.5,83.4,83.6,79.36,22.78,22.8,25.83,30.22,30.18,0.45,0.29,0.55,0.7,0.88
11/2/2021 14:00,12.676,6.16,47.95,2188,54.6,45.73,31.75,518.986375,83.8,89.5,83.6,83,78.97,22.86,22.9,25.92,30.42,30.22,0.45,0.29,0.55,0.74,0.9
11/2/2021 14:15,12.298,5.78,46.73,2189,54.6,47.02,31.41,258.127257,83.6,89.5,83.4,81.8,78.35,22.86,22.87,25.83,30,29.68,0.46,0.29,0.55,0.77,0.9
11/2/2021 14:30,11.473,5.51,43.47,2190,54.7,47.69,31.53,312.863291,83.5,89.3,83.3,82,79.03,22.83,22.84,25.71,29.35,29.02,0.46,0.3,0.55,0.74,0.84
11/2/2021 14:45,4.061,5.07,12.03,2190,54.8,49.22,31.8,228.704584,83.3,89.2,83.6,83.4,80.7,22.78,22.8,25.64,29.35,28.92,0.46,0.3,0.54,0.68,0.77
11/2/2021 15:00,3.936,4.68,11.91,2192,54.7,51.21,32.25,173.31106,83.2,89.1,83.5,81,78.79,22.71,22.7,25.44,28.83,28.47,0.46,0.3,0.54,0.75,0.82
11/2/2021 15:15,3.805,4.38,11.67,2194,54.7,52.26,32.51,217.691628,82.7,88.9,83.4,80.5,78.26,22.58,22.47,25.19,27.63,27.49,0.47,0.3,0.53,0.72,0.8
11/2/2021 15:30,3.672,4.09,11.41,2195,54.7,52.9,33.11,184.324016,82.3,88.9,83,81.4,78.64,22.42,22.16,24.89,26.55,26.61,0.48,0.3,0.54,0.65,0.74
11/2/2021 15:45,3.486,3.83,10.89,2195,54.8,52.28,33.3,308.589607,82.2,88.9,82.9,82.2,79.3,22.25,21.97,24.63,25.88,26.02,0.48,0.29,0.53,0.59,0.7
11/2/2021 16:00,3.312,3.44,10.56,2196,54.7,53.26,33.8,330.286774,82.8,89.4,83.8,84.9,81.1,22.19,21.92,24.58,25.77,25.99,0.46,0.28,0.5,0.5,0.63
11/2/2021 16:15,3.218,3.21,10.4,2197,54.8,53.43,34.16,229.526447,83.2,89.8,83.9,85.8,81.1,22.2,21.9,24.53,26.06,26.37,0.45,0.27,0.5,0.48,0.65
11/2/2021 16:30,3.146,3.11,10.2,2197,54.8,54,34.76,209.966122,83.1,89.8,84,85.3,80.1,22.24,21.89,24.49,26.29,26.65,0.45,0.27,0.49,0.5,0.7
11/2/2021 16:45,2.972,2.84,9.74,2200,54.7,55.61,35.41,96.549114,83,89.8,83.8,84,79.55,22.18,21.83,24.39,26.24,26.5,0.45,0.27,0.49,0.55,0.71
11/2/2021 17:00,2.771,2.54,9.2,2200,55.1,55.75,36.79,82.741826,82.8,89.6,83.7,82.7,79.06,22.07,21.72,24.31,25.89,26.02,0.46,0.27,0.5,0.58,0.7
11/2/2021 17:15,2.308,1.93,7.86,2201,54.8,53.53,37.6,28.005792,83.8,90.8,83.8,81.6,78.92,22.28,21.95,24.28,25.43,25.53,0.44,0.24,0.49,0.6,0.69
11/2/2021 17:30,2.152,1.8,7.33,2203,55,56.25,40.21,2.199314,81.9,90.6,85.2,81.4,78.65,23.19,22.63,24.45,25.18,25.43,0.51,0.26,0.45,0.6,0.69
11/2/2021 17:45,1.908,1.41,6.7,2205,55,59.34,43.13,-2.896233,78.07,88.6,84.6,81,77.95,23.75,22.77,24.32,24.89,25.19,0.64,0.32,0.47,0.6,0.71
11/2/2021 18:00,1.699,1.15,6.08,2207,55,60.87,45.64,-4.868703,75.67,87.2,83.5,80.4,77.26,23.89,22.71,24.11,24.57,24.85,0.72,0.35,0.5,0.61,0.71
11/2/2021 18:15,1.558,1.05,5.58,2208,55,61.46,47.05,-4.04684,74.08,86.1,82.5,79.45,76.46,23.8,22.55,23.91,24.32,24.63,0.76,0.38,0.52,0.63,0.73
11/2/2021 18:30,1.445,0.95,5.2,2209,55,62.61,48.7,-4.04684,72.83,85.1,81.6,78.61,75.64,23.65,22.38,23.67,24.08,24.38,0.79,0.4,0.54,0.64,0.74
11/2/2021 18:45,1.369,0.84,4.99,2209,55,62.9,49.77,-4.211213,71.88,84.1,81,77.95,75.08,23.48,22.24,23.4,23.86,24.14,0.81,0.43,0.55,0.65,0.75
11/2/2021 19:00,1.326,0.78,4.87,2209,55,62.9,50.25,-4.04684,71.57,83.7,80.6,77.58,74.63,23.25,22.05,23.17,23.56,23.89,0.81,0.43,0.55,0.65,0.75
11/2/2021 19:15,1.272,0.72,4.7,2209,55.1,62.83,50.63,-5.033075,71.3,83.1,80.3,77.25,74.27,23.05,21.9,22.92,23.39,23.71,0.81,0.44,0.55,0.65,0.75
11/2/2021 19:30,1.246,0.73,4.58,2208,55,63.3,51.26,-4.539958,70.97,82.7,79.97,76.83,73.8,22.87,21.75,22.75,23.2,23.54,0.81,0.45,0.55,0.66,0.76
11/2/2021 19:45,1.223,0.72,4.49,2209,55,62.85,51.14,-4.539958,70.48,82.1,79.63,76.44,73.37,22.73,21.62,22.56,23.02,23.4,0.82,0.46,0.56,0.66,0.77
11/2/2021 20:00,1.182,0.67,4.37,2210,55.1,63.3,51.73,-4.539958,70.17,81.8,79.39,76.08,73.09,22.58,21.47,22.38,22.86,23.22,0.82,0.47,0.56,0.67,0.77
11/2/2021 20:15,1,0.49,3.78,2210,55.1,62.92,53.41,-4.70433,73.82,83.2,80.2,77.46,74.63,22.57,21.71,22.29,22.75,23.14,0.72,0.44,0.53,0.62,0.72
11/2/2021 20:30,0.946,0.54,3.49,2212,55.1,61.68,53.69,-4.04684,74.99,81.5,81.9,79.77,75.76,22.72,22.52,22.52,22.81,23.42,0.69,0.5,0.49,0.56,0.7
11/2/2021 20:45,0.892,0.43,3.38,2212,55.1,62.28,54.17,-4.539958,74.95,77.67,81.2,78.8,74.44,22.73,23.43,22.79,23.08,23.78,0.69,0.64,0.52,0.6,0.75
11/2/2021 21:00,0.851,0.43,3.2,2212,55,62.28,54.43,-4.539958,74.94,76.72,80.6,77.92,73.78,22.74,23.68,22.95,23.32,23.97,0.69,0.68,0.54,0.63,0.78
11/2/2021 21:15,0.808,0.38,3.07,2214,55.1,61.99,54.46,-4.70433,75.27,76.24,80.4,77.64,73.58,22.73,23.87,23.05,23.43,24.07,0.68,0.7,0.55,0.64,0.79
11/2/2021 21:30,0.767,0.32,2.96,2214,55.1,62.51,54.89,-4.539958,75.45,76.03,80.3,77.67,73.47,22.74,23.97,23.11,23.48,24.15,0.68,0.71,0.56,0.65,0.8
11/2/2021 21:45,0.742,0.32,2.85,2217,55.1,62.35,55.3,-4.539958,75.27,75.64,80.2,77.65,73.46,22.82,24.1,23.19,23.52,24.17,0.69,0.73,0.56,0.65,0.8
11/2/2021 22:00,0.742,0.32,2.85,2217,55.1,62.54,55.44,-4.375585,75.35,75.57,79.99,77.54,73.39,22.83,24.13,23.24,23.58,24.23,0.69,0.73,0.57,0.65,0.81
11/2/2021 22:15,0.728,0.32,2.79,2218,55.1,61.89,55.44,-4.70433,75.62,75.34,80,77.45,73.41,22.78,24.23,23.26,23.6,24.25,0.68,0.75,0.57,0.66,0.81
11/2/2021 22:30,0.704,0.27,2.74,2218,55,62.3,55.53,-4.539958,76.21,75.51,79.9,77.41,73.41,22.71,24.24,23.34,23.67,24.33,0.66,0.74,0.58,0.66,0.81
11/2/2021 22:45,0.716,0.32,2.74, ,55,62.2,55.7,-4.04684,76.42,75.54,79.8,77.37,73.39,22.66,24.23,23.39,23.69,24.33,0.65,0.74,0.58,0.66,0.81
11/2/2021 23:00,0.688,0.27,2.67,2220,55,62.32,55.82,-4.70433,76.52,75.42,79.84,77.44,73.4,22.65,24.28,23.38,23.7,24.33,0.65,0.75,0.58,0.66,0.81
11/2/2021 23:15,0.69,0.27,2.68,2220,55.1,62.2,55.96,-4.539958,76.52,75.28,79.85,77.33,73.34,22.62,24.3,23.37,23.71,24.32,0.64,0.75,0.58,0.66,0.81
11/2/2021 23:30,0.676,0.27,2.62,2220,55,62.13,55.92,-4.211213,76.69,75.27,79.83,77.4,73.31,22.62,24.3,23.38,23.68,24.35,0.64,0.75,0.58,0.66,0.81
11/2/2021 23:45,0.638,0.22,2.51,2221,55.1,62.85,55.99,-3.882468,76.68,75.15,79.81,77.41,73.21,22.6,24.34,23.38,23.67,24.35,0.64,0.76,0.58,0.66,0.82
11/3/2021 0:00,0.663,0.22,2.62,2222,55,62.63,56.35,-4.375585,76.68,75.1,79.65,77.3,73.21,22.6,24.34,23.41,23.71,24.37,0.64,0.76,0.59,0.67,0.82
11/3/2021 0:15,0.663,0.32,2.51,2222,55,62.04,56.39,-4.375585,76.38,74.93,79.64,77.27,73.22,22.68,24.38,23.4,23.68,24.34,0.65,0.77,0.59,0.67,0.82
11/3/2021 0:30,0.676,0.27,2.62,2222,55.1,62.47,56.49,-4.375585,76.5,74.86,79.58,77.26,73.21,22.61,24.39,23.41,23.68,24.35,0.64,0.77,0.59,0.67,0.82
11/3/2021 0:45,0.678,0.27,2.63,2223,55.1,62.71,56.16,-5.033075,77.03,74.83,79.45,77.27,73.06,22.49,24.39,23.4,23.69,24.36,0.63,0.77,0.59,0.67,0.82
11/3/2021 1:00,0.637,0.16,2.57,2224,55.1,62.8,56.49,-4.04684,77.14,74.77,79.4,77.24,73.11,22.46,24.38,23.39,23.66,24.34,0.62,0.77,0.59,0.67,0.82
11/3/2021 1:15,0.625,0.16,2.52,2224,55,62.75,56.73,-4.539958,76.98,74.64,79.39,77.32,73.17,22.46,24.41,23.39,23.63,24.32,0.63,0.78,0.59,0.66,0.82
11/3/2021 1:30,0.665,0.32,2.52,2223,55.1,62.54,56.85,-4.211213,76.99,74.69,79.38,77.3,73.15,22.45,24.37,23.39,23.62,24.3,0.63,0.77,0.59,0.66,0.82
11/3/2021 1:45,0.625,0.16,2.52,2225,55,63.26,56.9,-5.033075,77.04,74.58,79.4,77.31,73.08,22.42,24.41,23.35,23.58,24.31,0.62,0.78,0.59,0.66,0.82
11/3/2021 2:00,0.624,0.22,2.45,2226,55,62.44,56.75,-4.868703,76.78,74.55,79.5,77.46,73.13,22.48,24.39,23.33,23.58,24.29,0.63,0.78,0.59,0.66,0.82
11/3/2021 2:15,0.637,0.16,2.57,2226,55,62.59,56.9,-4.375585,76.87,74.58,79.27,77.39,73.12,22.42,24.34,23.34,23.56,24.25,0.63,0.77,0.59,0.66,0.81
11/3/2021 2:30,0.664,0.27,2.57,2226,55,62.71,56.42,-4.04684,77.23,74.48,79.19,77.35,72.99,22.32,24.37,23.35,23.55,24.25,0.61,0.78,0.6,0.66,0.82
11/3/2021 2:45,0.64,0.22,2.52,2226,55.1,62.71,56.68,-4.70433,76.92,74.31,79.11,77.19,73.08,22.35,24.38,23.31,23.54,24.2,0.62,0.78,0.6,0.66,0.81
11/3/2021 3:00,0.64,0.22,2.52,2227,55,63.06,56.73,-5.033075,76.78,74.26,79.17,77.25,73.02,22.33,24.34,23.28,23.48,24.19,0.63,0.78,0.6,0.66,0.81
11/3/2021 3:15,0.656,0.33,2.47,2226,55.1,62.44,57.02,-4.375585,77.1,74.31,79.1,77.36,72.97,22.23,24.3,23.26,23.43,24.17,0.61,0.78,0.6,0.65,0.81
11/3/2021 3:30,0.653,0.27,2.52,2228,55.1,62.95,56.92,-4.211213,77.32,74.36,79.18,77.47,73,22.17,24.28,23.23,23.38,24.16,0.61,0.78,0.59,0.65,0.81
11/3/2021 3:45,0.652,0.22,2.57,2229,55,63.23,56.61,-4.211213,77.46,74.45,79.19,77.46,73.01,22.13,24.25,23.24,23.38,24.12,0.6,0.77,0.59,0.65,0.81
11/3/2021 4:00,0.637,0.27,2.45,2228,55.1,62.78,56.75,-4.539958,77.49,74.41,79.13,77.46,73.07,22.08,24.25,23.22,23.37,24.12,0.6,0.78,0.59,0.65,0.81
11/3/2021 4:15,0.623,0.16,2.51, ,55.1,62.92,56.61,-4.539958,77.55,74.42,78.97,77.55,72.95,22.05,24.22,23.22,23.33,24.13,0.6,0.77,0.6,0.64,0.81
11/3/2021 4:30,0.664,0.27,2.57,2230,55.1,62.8,56.49,-4.211213,77.55,74.24,79.07,77.63,72.98,22.08,24.25,23.22,23.29,24.11,0.6,0.78,0.6,0.64,0.81
11/3/2021 4:45,0.678,0.27,2.63,2230,55,62.92,56.63,-4.539958,77.53,74.23,79.1,77.63,72.95,22.08,24.26,23.19,23.29,24.1,0.6,0.78,0.59,0.64,0.81
11/3/2021 5:00,0.663,0.22,2.62,2230,55.1,63.11,56.23,-4.04684,77.34,74.03,79,77.5,72.87,22.08,24.28,23.2,23.32,24.11,0.6,0.79,0.6,0.64,0.81
11/3/2021 5:15,0.822,0.39,3.12,2230,55,63.4,55.37,-4.211213,74.51,74.26,78.58,76.3,71.87,22.31,23.66,23.03,23.29,24,0.69,0.75,0.6,0.68,0.84
11/3/2021 5:30,0.893,0.44,3.37,2230,55.1,63.9,54.98,-4.211213,69.84,78.36,78.05,74.95,71.33,22.57,22.05,22.57,22.98,23.47,0.83,0.57,0.6,0.7,0.83
11/3/2021 5:45,0.969,0.56,3.57,2230,55.1,64.02,54.79,-4.539958,68.67,79.23,78.02,74.79,71.42,22.38,21.46,22.15,22.58,23.01,0.85,0.53,0.59,0.69,0.8
11/3/2021 6:00,1.009,0.56,3.74,2230,55.1,63.69,54,-4.539958,68.51,79.26,77.85,74.87,71.41,22.15,21.17,21.87,22.25,22.72,0.84,0.52,0.58,0.67,0.79
11/3/2021 6:15,1.064,0.56,3.98,2231,55.1,64.07,53.29,-4.375585,68.8,79.27,77.84,74.89,71.28,21.88,20.94,21.62,22.03,22.5,0.82,0.51,0.57,0.67,0.78
11/3/2021 6:30,1.084,0.61,4.01,2230,55,63.59,52.95,-4.04684,68.91,79.26,77.82,74.86,71.38,21.69,20.81,21.45,21.84,22.33,0.81,0.51,0.57,0.66,0.77
11/3/2021 6:45,1.128,0.72,4.08,2230,55.1,63.09,52.79,1.706196,68.59,79.31,77.81,74.84,71.3,21.56,20.63,21.3,21.68,22.19,0.81,0.5,0.56,0.65,0.77
11/3/2021 7:00,1.175,0.66,4.35,2230,55,62.35,51.73,12.719152,68.44,79.34,77.81,74.85,71.28,21.48,20.52,21.18,21.55,22.07,0.81,0.5,0.56,0.65,0.76
11/3/2021 7:15,1.874,1.42,6.54,2231,55,57.61,43.77,34.745064,67.88,79.58,78.06,74.81,71.14,21.47,20.44,21.11,21.54,22.1,0.82,0.49,0.55,0.65,0.77
11/3/2021 7:30,2.941,2.94,9.5,2230,55.1,52.19,34.88,55.949113,67,80.4,78.84,74.71,70.67,21.72,20.52,21.29,21.75,22.58,0.86,0.47,0.54,0.66,0.8
11/3/2021 7:45,3.76,4.73,11.1,2230,55,47.07,31.6,98.028467,66.68,81,77.42,75.32,71.92,22.02,20.75,21.74,22.21,23.23,0.88,0.47,0.59,0.66,0.8
11/3/2021 8:00,13.266,6.01,50.65,2230,55,  ,31.63,112.986362,66.98,81.1,77,75.52,78.46,22.28,21.12,22.2,22.67,24.44,0.89,0.47,0.62,0.67,0.66
11/3/2021 8:15,3.031,5.16,7.5,2228,54.7,  ,29.72,127.615512,68.04,81.6,77.1,76.08,86.5,22.51,21.49,22.64,23.19,26.93,0.87,0.47,0.63,0.68,0.48
11/3/2021 8:30,15.956,8.17,59.91,2226,54.7,34.74,34.74,256.647905,68.91,81.9,77.18,76.5,85.5,22.73,21.92,23.18,23.77,28.7,0.86,0.48,0.65,0.69,0.57
11/3/2021 8:45,16.837,9.77,61.98,2223,54.6,42.82,36.34,182.515919,69.81,82.2,77.31,77.05,84.5,22.99,22.33,23.7,24.41,30.07,0.85,0.48,0.66,0.7,0.66
11/3/2021 9:00,17.878,10.21,65.99,2220,54.6,42.17,38.99,300.042238,70.71,82.7,77.43,77.89,83.8,23.28,22.74,24.23,25.05,31.29,0.84,0.48,0.68,0.7,0.74
11/3/2021 9:15,17.276,9.24,64.44,2217,54.5,39.59,38.63,407.870582,71.68,83.2,77.68,78.79,81.4,23.55,23.15,24.72,25.78,32.48,0.82,0.48,0.7,0.7,0.91
11/3/2021 9:30,17.281,8.86,64.87,2213,54.6,38.42,38.73,380.749124,72.51,83.4,77.62,79.53,79,23.84,23.53,25.19,26.52,33.35,0.81,0.48,0.72,0.71,1.08
11/3/2021 9:45,17.169,9.27,63.95,2211,54.6,38.73,39.52,278.838189,73.38,83.5,77.93,79.65,77.72,24.11,23.92,25.61,27.24,33.9,0.8,0.49,0.72,0.74,1.18
11/3/2021 10:00,17.61,9.61,65.48,2209,54.6,39.85,39.68,257.63414,74.13,83.7,77.95,79.88,77.16,24.37,24.26,26.07,27.88,34.46,0.79,0.49,0.74,0.76,1.25
11/3/2021 10:15,17.786,10.53,65.25,2206,54.4,42.43,41.74,274.071387,71.86,80.5,76.92,79.22,74.61,23.87,23.94,26.2,28.34,34.88,0.83,0.58,0.79,0.8,1.42
11/3/2021 10:30,17.859,9.76,66.39,2203,54.2,40.4,40.9,292.316732,76.36,83,78.53,79.03,72.66,22.24,22.47,25.24,28.26,34.84,0.63,0.46,0.69,0.8,1.52
11/3/2021 10:45,18.142,9.74,67.63,2203,53.9,39.9,40.74,300.370983,79.22,85.7,80.1,79.52,71.52,21.81,21.98,24.93,28.27,34.93,0.54,0.38,0.63,0.79,1.6
11/3/2021 11:00,19.281,7.98,74.43,2202,53.7,84.32,51.33,318.287583,80.4,86.9,80.9,80,71.75,21.75,21.9,24.86,28.43,35,0.51,0.34,0.6,0.78,1.59
11/3/2021 11:15,17.819,9.47,66.53,2201,53.7,40.02,39.68,321.575033,80.9,87.2,81.2,80.2,71.33,21.81,21.96,24.95,28.6,35.06,0.5,0.34,0.59,0.77,1.62
11/3/2021 11:30,17.719,9.24,66.35,2201,53.5,39.9,39.25,399.651958,81.3,87.6,81.1,80.5,72.63,21.85,22,25.01,28.76,34.73,0.49,0.33,0.6,0.77,1.52
11/3/2021 11:45, , , ,2201,53.4,  ,  ,369.736168,81.7,87.9,81.5,81.1,71.03,21.95,22.09,25.08,28.96,34.17,0.48,0.32,0.59,0.76,1.56
11/3/2021 12:00,16.939,9.11,63.13,2201,53.2,39.76,38.32,395.871391,82,88.1,81.9,81.2,68.32,22.03,22.12,25.18,29.16,33,0.48,0.32,0.58,0.76,1.59
11/3/2021 12:15,17.297,8.98,64.81,2201,53.1,40.07,37.39,630.430913,82.2,88.6,82,81.2,70.66,22.15,22.16,25.29,29.37,31.26,0.47,0.3,0.58,0.77,1.34
11/3/2021 12:30,16.438,8.65,61.47,2201,53,40.33,36.89,419.212283,82.3,88.8,82.2,81.3,73.55,22.27,22.22,25.35,29.58,30.52,0.48,0.3,0.58,0.77,1.16
11/3/2021 12:45,16.257,8.49,60.86,2202,53,40.57,35.91,637.49893,82.4,88.9,82.4,81.8,74.86,22.34,22.27,25.42,29.76,30.39,0.48,0.3,0.57,0.76,1.09
11/3/2021 13:00,15.926,8.29,59.65,2202,53,40.93,35.09,340.64224,82.6,89.3,82.6,81.9,76.07,22.46,22.35,25.52,30,30.4,0.47,0.29,0.57,0.77,1.04
11/3/2021 13:15,15.758,7.98,59.26,2203,53.2,41.33,34.21,342.285964,82.8,89.3,82.7,82,76.62,22.55,22.46,25.6,30.23,30.4,0.47,0.29,0.57,0.77,1.02
11/3/2021 13:30,15.038,7.6,56.57,2203,53.2,42.17,33.52,898.686792,83,89.4,82.8,82.2,77.64,22.61,22.51,25.69,30.36,30.38,0.47,0.29,0.57,0.77,0.97
11/3/2021 13:45,14.464,7.18,54.55,2205,53.4,43.41,32.75,882.907035,83.2,89.5,83,81.9,78.12,22.65,22.6,25.76,30.48,30.39,0.46,0.29,0.56,0.79,0.95
11/3/2021 14:00,13.589,6.58,51.43,2206,53.6,44.61,32.15,628.129698,83.2,89.5,83,81.6,78.37,22.74,22.63,25.83,30.64,30.35,0.46,0.29,0.57,0.81,0.94
11/3/2021 14:15,13.067,6.08,49.72,2208,53.6,45.49,31.72,283.604991,83.2,89.6,82.9,81.1,78.57,22.81,22.7,25.86,30.69,30.26,0.47,0.29,0.57,0.83,0.92
11/3/2021 14:30,11.717,5.48,44.55,2210,53.8,47.1,31.51,415.760461,83.2,89.5,82.9,80.8,78.87,22.87,22.76,25.87,30.73,30.14,0.47,0.29,0.57,0.85,0.9
11/3/2021 14:45,3.992,5,11.81,2212,54,48.03,31.51,220.321588,83.3,89.5,82.9,79.77,79.17,22.87,22.76,25.87,30.86,30.09,0.47,0.29,0.57,0.9,0.89
11/3/2021 15:00,3.845,4.68,11.52, ,54.2,49.25,31.84,208.651142,83.4,89.7,83.1,79.6,79.23,22.88,22.71,25.87,30.79,29.94,0.46,0.28,0.56,0.91,0.88
11/3/2021 15:15,3.726,4.41,11.3,2213,54.3,49.75,32.08,413.294874,83.4,89.9,83.2,79.9,79.07,22.87,22.67,25.82,30.49,29.73,0.46,0.28,0.56,0.88,0.87
11/3/2021 15:30,3.618,4.21,11.05,2215,54.3,50.51,32.51,238.566933,83.4,89.8,83.1,80.6,79.15,22.88,22.64,25.71,30.17,29.56,0.46,0.28,0.56,0.83,0.86
11/3/2021 15:45,3.499,3.89,10.88,2216,54.4,51.33,32.82,279.331307,83.5,90,83.4,81.1,79.12,22.84,22.58,25.56,29.8,29.33,0.46,0.27,0.54,0.79,0.85
11/3/2021 16:00,3.402,3.67,10.7,2218,54.4,52.07,33.11,401.7888,83.6,90.1,83.6,81.4,78.98,22.8,22.56,25.5,29.44,29.06,0.46,0.27,0.54,0.76,0.84
11/3/2021 16:15,3.342,3.56,10.56,2219,54.5,53.02,33.85,139.943448,83.6,90.1,83.3,81.6,77.74,22.76,22.48,25.37,28.95,28.94,0.45,0.27,0.54,0.73,0.89
11/3/2021 16:30,3.231,3.31,10.35,2220,54.4,54.41,34.74,208.48677,83.3,89.9,83.2,81.5,77.15,22.67,22.35,25.2,28.42,28.51,0.46,0.27,0.54,0.72,0.89
11/3/2021 16:45,3.072,2.98,10.02,2221,54.4,54.89,35.52,83.892434,83.2,89.8,83.1,80.5,77.03,22.51,22.21,24.89,27.73,27.75,0.46,0.27,0.53,0.73,0.86
11/3/2021 17:00,2.879,2.72,9.47,2222,54.5,55.92,36.62,56.113485,83,89.6,83.2,80,77.1,22.4,22.07,24.68,26.9,26.86,0.46,0.28,0.52,0.71,0.81
11/3/2021 17:15,2.392,2.09,8.05,2224,54.5,53.77,37.49,25.21146,84,90.7,83.4,79.88,77.71,22.57,22.25,24.59,26.13,26.1,0.44,0.25,0.51,0.68,0.75
11/3/2021 17:30,2.21,1.89,7.48,2226,54.5,56.28,40.07,2.034941,81.9,90.6,84.6,80.1,77.82,23.51,22.93,24.8,25.76,25.89,0.52,0.26,0.48,0.66,0.74
11/3/2021 17:45,1.948,1.52,6.75,2229,54.6,58.95,42.91,-3.718095,78.89,88.8,84.1,80.1,77.43,23.99,23.06,24.74,25.38,25.61,0.63,0.32,0.5,0.64,0.74
11/3/2021 18:00,1.77,1.32,6.2,2229,54.5,60.03,45.3,-4.70433,76.54,87.5,83.3,79.96,77.11,24.06,22.97,24.49,24.97,25.22,0.7,0.35,0.51,0.63,0.73
11/3/2021 18:15,1.595,1.15,5.63,2231,54.6,60.98,46.95,-4.211213,74.82,86.6,82.6,79.49,76.72,24.03,22.8,24.23,24.66,24.92,0.75,0.37,0.53,0.64,0.73
11/3/2021 18:30,1.471,0.94,5.32,2231,54.7,61.87,48.17,-4.868703,73.49,85.6,81.9,78.78,76.03,23.94,22.64,24,24.41,24.67,0.79,0.4,0.54,0.65,0.74
11/3/2021 18:45,1.415,0.94,5.08,2232,54.6,62.35,49.41,-4.868703,72.67,84.8,81.4,78.06,75.38,23.75,22.47,23.73,24.2,24.45,0.8,0.41,0.55,0.66,0.75
11/3/2021 19:00,1.343,0.83,4.89,2232,54.6,62.61,50.27,-4.211213,72.08,84.1,80.9,77.54,74.89,23.57,22.33,23.5,23.99,24.23,0.81,0.43,0.55,0.67,0.76
11/3/2021 19:15,1.327,0.83,4.82,2232,54.7,62.47,50.42,-4.04684,71.66,83.5,80.5,77.1,74.45,23.37,22.21,23.28,23.76,24.04,0.81,0.44,0.56,0.67,0.76
11/3/2021 19:30,1.259,0.78,4.58,2232,54.7,63.16,51.16,-4.375585,71.53,83,80.3,76.95,74.21,23.24,22.1,23.07,23.56,23.86,0.81,0.45,0.56,0.67,0.76
11/3/2021 19:45,1.203,0.66,4.47,2232,54.7,62.85,51.4,-4.868703,71.66,82.8,80.1,76.88,74.05,23.12,21.99,22.93,23.4,23.72,0.8,0.45,0.56,0.67,0.76
11/3/2021 20:00,1.186,0.77,4.28,2233,54.7,62.85,51.88,-4.868703,71.78,82.4,80.1,76.96,73.96,23,22,22.8,23.27,23.62,0.79,0.47,0.55,0.66,0.76
11/3/2021 20:15,0.987,0.54,3.67, ,54.7,61.77,53.02,-4.868703,74.38,83.5,80.8,78.2,75.23,23,22.18,22.75,23.17,23.6,0.72,0.44,0.53,0.62,0.72
11/3/2021 20:30,0.981,0.59,3.59,2236,54.7,61.82,53.33,-4.211213,75.03,81.4,82,79.82,75.83,23.1,22.93,22.96,23.23,23.84,0.71,0.52,0.5,0.57,0.71
11/3/2021 20:45,0.913,0.54,3.35,2238,54.7,61.56,53.62,-4.70433,74.94,78.29,81.2,79.13,74.64,23.18,23.71,23.2,23.43,24.16,0.71,0.64,0.53,0.6,0.76
11/3/2021 21:00,0.875,0.48,3.25,2238,54.7,61.58,54.43,-4.539958,74.9,77.57,80.8,78.51,74.11,23.2,23.94,23.37,23.62,24.35,0.71,0.67,0.55,0.63,0.79
11/3/2021 21:15,0.834,0.38,3.18,2239,54.7,61.73,54.24,-4.211213,74.98,77.17,80.4,77.95,73.8,23.26,24.08,23.48,23.82,24.46,0.71,0.68,0.57,0.65,0.8
11/3/2021 21:30,0.807,0.32,3.13,2241,54.7,62.01,54.51,-5.033075,74.82,76.85,80.3,77.54,73.68,23.33,24.2,23.55,23.95,24.52,0.72,0.7,0.57,0.67,0.81
11/3/2021 21:45,0.809,0.43,3.02,2241,54.8,62.16,54.89,-4.539958,75.12,76.79,80.2,77.47,73.57,23.28,24.23,23.59,23.98,24.58,0.71,0.7,0.58,0.67,0.82
11/3/2021 22:00,0.801,0.38,3.04,2242,54.7,61.92,54.94,-4.539958,74.81,76.66,80.1,77.39,73.53,23.39,24.28,23.62,24.01,24.59,0.72,0.71,0.58,0.68,0.82
11/3/2021 22:15,0.756,0.33,2.9,2242,54.7,62.87,55.49,-4.375585,74.9,76.58,80.2,77.28,73.47,23.39,24.36,23.64,24.07,24.66,0.72,0.71,0.58,0.68,0.82
11/3/2021 22:30,0.765,0.32,2.95,2242,54.7,62.23,54.94,-4.375585,74.77,76.51,80.1,77.34,73.48,23.47,24.42,23.72,24.1,24.69,0.73,0.72,0.58,0.68,0.82
11/3/2021 22:45,0.729,0.27,2.85,2244,54.7,62.32,55.27,-4.04684,74.86,76.51,80,77.29,73.5,23.51,24.44,23.76,24.15,24.73,0.73,0.72,0.59,0.68,0.83
11/3/2021 23:00,0.74,0.32,2.84,2244,54.8,62.23,55.2,-4.211213,74.43,76.63,80.1,77.3,73.53,23.62,24.44,23.77,24.18,24.76,0.75,0.72,0.59,0.68,0.83
11/3/2021 23:15,0.728,0.32,2.79,2246,54.7,62.49,55.41,-4.70433,74.64,76.43,79.97,77.26,73.47,23.58,24.5,23.82,24.2,24.78,0.74,0.72,0.59,0.69,0.83
11/3/2021 23:30,0.754,0.32,2.9,2245,54.7,61.97,55.25,-4.04684,75.16,76.19,80,77.23,73.44,23.48,24.58,23.82,24.23,24.83,0.72,0.74,0.59,0.69,0.83
11/3/2021 23:45,0.728,0.32,2.79,2246,54.8,62.01,55.56,-4.375585,74.98,76.1,79.93,77.23,73.41,23.53,24.61,23.85,24.22,24.81,0.73,0.74,0.59,0.69,0.83
11/4/2021 0:00,0.743,0.38,2.79,2247,54.8,61.68,55.27,-5.033075,74.75,75.99,79.83,77.32,73.47,23.58,24.63,23.87,24.2,24.81,0.73,0.74,0.6,0.68,0.83
11/4/2021 0:15,0.656,0.06,2.76,2247,55,66.01,54.96,-4.375585,78.13,79.6,81.8,80.6,74.31,23.17,24.11,23.74,23.93,24.76,0.62,0.61,0.53,0.58,0.8
11/4/2021 0:30,0.652,0.23,2.56,2248,55.1,65.72,57.81,-4.70433,83.9,84.5,85.6,86.3,78.33,22.15,23.41,23.29,23.12,24.39,0.43,0.45,0.41,0.39,0.66
11/4/2021 0:45,0.563,0.17,2.24,2249,55.1,64.98,58.91,-4.211213,85.5,84,87.9,88.8,79.88,22.13,23.67,23.03,22.83,24.23,0.39,0.47,0.34,0.31,0.61
11/4/2021 1:00,0.501,0.11,2.04,2251,55,63.88,59.45,-4.211213,85.2,82.6,88.3,88.9,79.36,22.2,23.9,22.96,22.79,24.33,0.4,0.52,0.33,0.31,0.63
11/4/2021 1:15,0.353,-0.16,1.69,2254,55,65.65,56.32,-4.539958,85.3,83.4,88.4,88.9,79.39,22.21,23.81,22.98,22.81,24.34,0.39,0.49,0.33,0.31,0.63
11/4/2021 1:30,0.42,0,1.81, ,55.2,67.13,60.12,-4.70433,86.4,86.4,88.4,90,80.8,21.96,23.27,23.01,22.65,24.22,0.36,0.39,0.33,0.28,0.58
11/4/2021 1:45,0.369,0,1.59,2254,55.1,65.5,61.51,-4.539958,86.8,85.3,89.1,90.7,80.9,22.02,23.53,22.94,22.57,24.19,0.35,0.43,0.31,0.25,0.58
11/4/2021 2:00,0.329,0.06,1.35,2255,55.1,64.4,61.46,-4.375585,86.5,83.7,89.1,90.1,80.1,21.99,23.77,22.87,22.63,24.28,0.36,0.48,0.3,0.27,0.6
11/4/2021 2:15,0.199,-0.33,1.21,2257,55.2,66.44,58.38,-4.375585,86.3,84.1,89.2,90.1,79.91,22.06,23.68,22.86,22.65,24.3,0.36,0.47,0.3,0.27,0.61
11/4/2021 2:30,0.253,-0.16,1.26,2257,55.1,67.25,60.87,-4.211213,87.1,86.7,89.1,90.7,81.2,21.83,23.18,22.84,22.5,24.12,0.34,0.38,0.3,0.25,0.57
11/4/2021 2:45,0.264,-0.05,1.19,2259,55.2,65.91,63.18,-4.375585,87.3,85.6,89.6,91.2,81.2,21.8,23.41,22.76,22.43,24.07,0.33,0.41,0.29,0.24,0.56
11/4/2021 3:00,0.234,-0.05,1.06,2258,55.1,64.81,62.49,-4.375585,87.1,83.7,89.3,90.7,80.3,21.85,23.68,22.77,22.49,24.19,0.34,0.48,0.3,0.25,0.59
11/4/2021 3:15,0.259,-0.05,1.17,2260,55.1,64.81,62.16,-4.539958,86.5,82.7,88.8,90.4,79.71,21.88,23.85,22.79,22.49,24.24,0.35,0.51,0.31,0.26,0.61
11/4/2021 3:30,0.272,0,1.17,2259,55.1,64.16,62.18,-4.211213,86,82.1,88.4,89.8,79.3,21.93,23.93,22.8,22.55,24.27,0.37,0.53,0.32,0.28,0.63
11/4/2021 3:45,0.259,-0.04,1.16,2260,55.2,64.4,61.77,-4.70433,85.6,81.7,87.8,89.2,78.95,21.97,23.98,22.86,22.62,24.3,0.38,0.55,0.34,0.3,0.64
11/4/2021 4:00,0.283,0,1.22,2261,55.2,64.09,61.49,-4.70433,85.3,81.2,87.3,88.5,78.66,21.99,24.07,22.93,22.72,24.33,0.39,0.56,0.36,0.32,0.65
11/4/2021 4:15,0.244,-0.1,1.16,2261,55.1,64.38,62.06,-4.868703,85.1,80.4,86.9,87.8,78.44,21.98,24.19,22.95,22.84,24.32,0.39,0.59,0.37,0.34,0.66
11/4/2021 4:30,0.269,0,1.16,2262,55.1,63.64,61.37,-4.539958,84.7,79.72,86.6,87.1,78.16,22.04,24.3,22.96,22.9,24.35,0.41,0.62,0.38,0.36,0.67
11/4/2021 4:45,0.256,-0.1,1.21,2263,55.1,63.97,61.37,-4.539958,84.4,79.37,86.3,86.2,78.05,22.09,24.35,23.01,23,24.35,0.41,0.63,0.39,0.39,0.67
11/4/2021 5:00,0.281,0,1.21,2263,55.1,63.3,61.37,-4.211213,84.3,78.88,86.1,85.9,77.87,22.07,24.45,23.02,23.07,24.36,0.42,0.65,0.39,0.4,0.67
11/4/2021 5:15,0.396,0.06,1.64,2264,55.1,65.07,60.2,-4.375585,82.6,78.37,85.4,84.3,76.6,22.17,23.95,22.94,23.07,24.29,0.46,0.64,0.41,0.44,0.71
11/4/2021 5:30,0.497,0.11,2.02,2264,55.1,65.79,60.53,-4.539958,78.29,81.7,84.2,82.4,75.85,22.37,22.55,22.57,22.86,23.8,0.59,0.5,0.43,0.49,0.71
11/4/2021 5:45,0.525,0.11,2.14,2264,55.1,66.22,60.29,-4.211213,76.02,82.7,83.6,81.9,75.76,22.24,21.97,22.26,22.54,23.4,0.64,0.46,0.44,0.49,0.7
11/4/2021 6:00,0.57,0.17,2.27,2264,55.1,65.86,59.67,-4.539958,74.85,82.9,83.2,81.7,75.56,22.11,21.64,22.04,22.29,23.14,0.67,0.44,0.45,0.49,0.69
11/4/2021 6:15,0.599,0.23,2.33,2264,55.2,65.91,59.72,-4.70433,73.62,82.7,83,81.2,75.29,22.13,21.45,21.85,22.08,22.96,0.7,0.44,0.45,0.5,0.69
11/4/2021 6:30,0.652,0.23,2.56,2265,55.2,65.6,58.88,-4.04684,72.83,82.8,82.7,80.8,75.2,22.05,21.27,21.72,21.98,22.8,0.72,0.43,0.45,0.51,0.69
11/4/2021 6:45,0.689,0.34,2.6, ,55.1,64.91,58.28,1.706196,72.29,82.9,82.6,80.5,75.06,22.03,21.09,21.61,21.88,22.67,0.73,0.43,0.45,0.51,0.69
11/4/2021 7:00,0.73,0.28,2.84,2264,55.1,64.38,57.54,12.061662,71.87,83,82.4,80.2,74.76,21.97,20.97,21.52,21.82,22.61,0.74,0.42,0.45,0.52,0.69
11/4/2021 7:15,1.212,0.78,4.38,2264,55.2,58.91,50.75,33.594456,71.41,83,82.2,79.83,74.66,21.94,20.89,21.45,21.78,22.56,0.75,0.42,0.46,0.53,0.69
11/4/2021 7:30,2.37,2.05,8,2266,55.2,53.98,38.54,55.291623,70.45,83.5,82.1,79.24,73.59,22.05,20.9,21.58,21.98,23.01,0.78,0.41,0.46,0.55,0.74
11/4/2021 7:45,3.424,3.98,10.46,2264,55,48.72,32.03,112.328872,69.79,83.7,80.8,79.21,73.75,22.32,21.1,21.97,22.43,23.66,0.81,0.41,0.51,0.56,0.77
11/4/2021 8:00,4.145,6.18,11.2,2263,55,38.32,31.39,106.575835,69.78,83.7,80.5,78.99,79.11,22.57,21.42,22.36,22.92,24.8,0.83,0.42,0.53,0.59,0.65
11/4/2021 8:15,3.143,5.19,7.95,2262,55,  ,29.72,122.84871,70.26,84,80.4,79.37,86.4,22.85,21.77,22.78,23.43,27.12,0.83,0.42,0.54,0.59,0.49
11/4/2021 8:30,15.91,9.77,57.99,2260,54.7,39.25,34.16,258.620375,70.93,84.1,80.1,79.38,81.8,23.04,22.15,23.29,24.02,28.58,0.82,0.42,0.57,0.62,0.71
11/4/2021 8:45,15.967,9.57,58.45,2259,54.7,45.28,35.21,181.694056,71.51,84.3,80,79.43,84.6,23.27,22.49,23.75,24.56,29.89,0.81,0.43,0.59,0.63,0.65
11/4/2021 9:00,17.557,9.52,65.35,2255,54.7,41.74,37.65,342.285964,72.34,84.8,80,80.3,84,23.51,22.86,24.21,25.19,31.04,0.8,0.42,0.6,0.63,0.72
11/4/2021 9:15,16.853,8.69,63.21,2253,54.7,39.16,37.15,405.569367,73.21,85.1,80.3,80.9,82.6,23.73,23.19,24.66,25.79,31.88,0.79,0.42,0.61,0.63,0.82
11/4/2021 9:30,17.431,8.85,65.53,2250,54.8,38.49,38.32,389.460865,73.95,85.5,80.4,81.3,81.5,23.99,23.52,25.1,26.47,32.62,0.78,0.42,0.62,0.65,0.91
11/4/2021 9:45,17.488,8.9,65.72,2245,54.7,38.23,39.16,273.907015,74.88,85.5,80.7,81.9,80.1,24.27,23.87,25.51,27.18,33.45,0.76,0.43,0.63,0.65,1.03
11/4/2021 10:00,17.635,9.48,65.73,2244,54.7,39.76,39.59,259.113492,75.6,85.6,81.1,82.1,79.07,24.53,24.26,25.93,27.94,34.17,0.75,0.44,0.63,0.67,1.12
11/4/2021 10:15,18.544,10.43,68.62,2241,54.7,42.1,41.57,270.619565,72.84,82,79.69,80.8,76.33,23.98,23.86,26.1,28.51,34.85,0.81,0.53,0.69,0.75,1.32
11/4/2021 10:30,17.951,9.75,66.8,2238,54.7,40.19,41.19,287.714303,77.32,84.3,79.99,80.4,74,22.34,22.51,25.32,28.51,35.23,0.61,0.43,0.65,0.76,1.48
11/4/2021 10:45,17.979,9.46,67.23,2236,54.7,39.4,40.88,295.932927,79.94,86.4,81.5,80.6,72.19,21.99,22.23,25.02,28.56,35.41,0.53,0.36,0.59,0.76,1.6
11/4/2021 11:00,17.873,9.41,66.83,2236,54.5,39.18,40.5,312.205802,81,87.1,81.8,80.9,72.48,21.96,22.22,25.04,28.73,35.42,0.5,0.35,0.58,0.75,1.58
11/4/2021 11:15,17.815,9.37,66.62,2236,54.3,39.13,39.78,319.931308,81.6,87.5,81.9,81.3,71.86,22.02,22.22,25.14,28.93,35.25,0.49,0.33,0.58,0.75,1.6
11/4/2021 11:30,17.638,9.24,66,2235,54.4,39.16,39.3,346.395276,82,88,82.2,81.2,71.9,22.06,22.24,25.19,29.15,34.85,0.48,0.32,0.57,0.76,1.57
11/4/2021 11:45,17.265,9.02,64.63,2234,54.2,39.33,38.99,369.90054,82.5,88.4,82.6,81.5,70.06,22.18,22.37,25.29,29.39,33.8,0.47,0.31,0.56,0.76,1.57
11/4/2021 12:00,17.908,9.15,67.26,2235,54,39.42,38.61,449.456818,82.8,88.6,82.7,81.4,71.29,22.3,22.42,25.45,29.65,33.01,0.46,0.31,0.56,0.77,1.44
11/4/2021 12:15,17.291,8.9,64.87, ,54.2,39.78,38.03,706.206624,83.1,88.9,82.8,81.6,71.53,22.43,22.52,25.59,29.93,31.84,0.46,0.3,0.56,0.78,1.34
11/4/2021 12:30,17.325,8.86,65.06,2235,54,39.85,36.91,420.527263,83.3,89.2,83,81.7,73.68,22.54,22.68,25.7,30.25,31.25,0.46,0.3,0.56,0.79,1.2
11/4/2021 12:45,16.852,8.53,63.38,2234,53.9,40.11,36.55,612.514313,83.6,89.3,83.2,81.8,74.81,22.67,22.75,25.79,30.51,31.21,0.45,0.3,0.56,0.8,1.15
11/4/2021 13:00,15.844,8.25,59.34,2234,53.9,40.95,35.41,339.32726,83.9,89.6,83.5,82.1,75.6,22.81,22.86,25.86,30.77,31.19,0.45,0.29,0.55,0.79,1.11
11/4/2021 13:15,15.357,7.78,57.75,2235,54,41.53,34.35,338.341025,83.9,89.6,83.5,81.9,76.35,22.9,22.92,25.98,30.95,31.19,0.45,0.29,0.55,0.81,1.07
11/4/2021 13:30,15.258,7.41,57.72,2236,54,42.48,33.61,922.192056,84,89.8,83.6,81.8,77.1,22.98,22.98,26.07,31.09,31.13,0.45,0.29,0.55,0.82,1.04
11/4/2021 13:45,14.748,7.06,55.9,2237,54.3,43.15,32.56,836.225252,84.1,89.9,83.6,81.8,77.62,23.02,23.05,26.1,31.15,31.04,0.45,0.28,0.55,0.82,1.01
11/4/2021 14:00,13.315,6.58,50.25,2238,54.3,44.47,32.18,330.944264,84.1,89.8,83.8,81.4,78.09,23.07,23.09,26.11,31.24,30.96,0.45,0.29,0.55,0.85,0.98
11/4/2021 14:15,12.995,6.09,49.4,2239,54.5,45.76,31.77,284.426853,84.1,89.8,83.8,81.1,78.19,23.14,23.12,26.16,31.28,30.84,0.45,0.29,0.55,0.86,0.97
11/4/2021 14:30,11.96,5.6,45.47,2240,54.5,47.07,31.44,438.443862,84.1,89.7,83.5,80.4,78.55,23.16,23.19,26.18,31.33,30.74,0.45,0.29,0.56,0.9,0.95
11/4/2021 14:45,3.989,4.96,11.84,2243,54.6,48.55,31.7,220.321588,84.1,89.6,83.5,79.53,78.39,23.15,23.16,26.16,31.31,30.54,0.45,0.3,0.56,0.94,0.95
11/4/2021 15:00,3.85,4.7,11.52,2245,54.7,49.25,31.84,207.336162,84.1,89.8,83.4,79.3,78.77,23.15,23.1,26.15,31.19,30.26,0.45,0.29,0.56,0.94,0.91
11/4/2021 15:15,3.681,4.32,11.2,2247,54.7,50.37,32.2,416.911068,84.1,89.8,83.4,79.74,78.89,23.11,23.08,26.04,30.79,30.05,0.45,0.29,0.56,0.9,0.9
11/4/2021 15:30,3.581,4.06,11.05,2247,54.7,51.09,32.32,223.280293,84.1,89.8,83.9,80.8,78.9,23.08,23.03,25.92,30.3,29.78,0.45,0.29,0.54,0.83,0.88
11/4/2021 15:45,3.499,3.88,10.89,2248,54.7,51.8,32.78,316.643858,84.1,90,83.9,81.6,79.1,23.06,22.96,25.83,29.83,29.45,0.45,0.28,0.54,0.77,0.86
11/4/2021 16:00,3.404,3.66,10.72,2250,54.7,52.79,33.21,391.433334,84,90.1,83.9,82.2,79.12,23.04,22.84,25.71,29.38,29.13,0.45,0.28,0.53,0.73,0.84
11/4/2021 16:15,3.335,3.53,10.56,2251,54.7,53.55,33.85,133.039804,83.9,89.9,83.6,82.3,78.3,22.96,22.82,25.57,28.9,28.95,0.45,0.28,0.54,0.7,0.87
11/4/2021 16:30,3.188,3.26,10.22,2252,54.7,54.58,34.66,198.624421,83.6,89.7,83.6,82,77.59,22.87,22.64,25.32,28.43,28.51,0.46,0.28,0.53,0.7,0.87
11/4/2021 16:45,3.038,3.01,9.84,2251,54.8,55.53,35.55,82.413081,83.4,89.7,83.7,81.3,77.71,22.73,22.46,25.05,27.85,27.82,0.46,0.28,0.52,0.7,0.83
11/4/2021 17:00,2.817,2.64,9.29,2252,54.8,55.65,36.77,53.154781,83.1,89.4,83.7,80.4,77.42,22.62,22.29,24.78,27.12,27.04,0.46,0.29,0.51,0.7,0.81
11/4/2021 17:15,2.352,2.07,7.9,2255,54.8,53.24,37.32,24.060853,84.1,90.6,84,80.3,77.92,22.79,22.41,24.72,26.37,26.36,0.44,0.25,0.5,0.68,0.76
11/4/2021 17:30,2.115,1.68,7.3,2257,54.8,56.51,39.88,1.048706,82.8,90.9,84.7,80.6,78.23,23.66,23.16,25.03,26.06,26.18,0.5,0.26,0.49,0.65,0.74
11/4/2021 17:45,1.911,1.45,6.67, ,54.8,58.98,42.94,-4.211213,79.58,89.3,84.4,80.7,77.84,24.21,23.34,25.01,25.67,25.91,0.62,0.31,0.49,0.64,0.74
11/4/2021 18:00,1.698,1.2,6.02,2260,55,59.96,45.04,-4.211213,77.38,88,83.8,80.6,77.53,24.35,23.31,24.82,25.26,25.61,0.69,0.34,0.51,0.62,0.74
11/4/2021 18:15,1.551,1.04,5.56,2261,55,61.39,47.24,-4.868703,75.84,87.1,83.1,80.3,77.23,24.31,23.16,24.6,25,25.29,0.73,0.37,0.52,0.62,0.73
11/4/2021 18:30,1.438,0.94,5.18,2262,55,61.92,48.43,-4.539958,74.71,86.3,82.5,79.87,76.85,24.21,23.01,24.36,24.72,25.02,0.76,0.39,0.53,0.63,0.73
11/4/2021 18:45,1.384,0.88,5.01,2263,55,61.87,49.27,-4.70433,73.85,85.4,82.1,79.32,76.34,24.01,22.85,24.1,24.47,24.79,0.78,0.41,0.54,0.63,0.74
11/4/2021 19:00,1.279,0.77,4.68,2263,55,62.44,50.42,-4.375585,73.36,84.8,81.8,78.91,76.01,23.85,22.72,23.87,24.26,24.58,0.79,0.42,0.54,0.64,0.74
11/4/2021 19:15,1.239,0.72,4.56,2264,55.1,63.06,50.85,-4.211213,72.69,84.2,81.5,78.58,75.64,23.72,22.58,23.65,24.07,24.39,0.8,0.43,0.54,0.64,0.74
11/4/2021 19:30,1.218,0.72,4.47,2265,55,63.06,51.06,-4.539958,72.18,83.7,81.3,78.24,75.26,23.59,22.47,23.47,23.9,24.2,0.81,0.44,0.54,0.65,0.75
11/4/2021 19:45,1.19,0.72,4.35,2265,55,62.59,51.45,-4.539958,71.78,83.3,81,77.9,74.9,23.45,22.32,23.3,23.73,24.08,0.81,0.45,0.54,0.65,0.75
11/4/2021 20:00,1.15,0.67,4.23,2265,55,62.92,51.92,-4.211213,71.57,83,80.7,77.61,74.63,23.33,22.19,23.15,23.61,23.92,0.81,0.45,0.55,0.65,0.75
11/4/2021 20:15,0.963,0.49,3.62,2265,55.1,62.25,53.41,-4.211213,74.92,84.7,81.4,78.88,76.06,23.32,22.33,23.06,23.48,23.87,0.72,0.41,0.52,0.61,0.71
11/4/2021 20:30,0.86,0.32,3.36,2266,55,62.3,53.67,-4.211213,76.36,84.1,83.3,81.5,77.53,23.49,22.93,23.25,23.49,24.11,0.68,0.44,0.48,0.54,0.67
11/4/2021 20:45,0.852,0.38,3.26,2267,55.1,62.18,54.1,-3.882468,75.52,81.3,82.6,80.8,76.35,23.69,23.59,23.53,23.75,24.42,0.72,0.54,0.5,0.56,0.72
11/4/2021 21:00,0.772,0.16,3.15,2268,55,63.54,54.39,-4.211213,75.37,80,81.8,79.87,75.56,23.74,23.92,23.75,23.98,24.64,0.72,0.59,0.53,0.6,0.76
11/4/2021 21:15,0.81,0.38,3.08,2270,55,62.63,54.75,-4.375585,75.32,79.49,81.4,79.44,75.14,23.8,24.09,23.86,24.11,24.78,0.73,0.62,0.55,0.62,0.78
11/4/2021 21:30,0.798,0.33,3.08,2271,55,62.59,54.7,-4.868703,75.12,78.85,81.3,79.1,74.84,23.86,24.27,23.91,24.2,24.86,0.74,0.64,0.55,0.63,0.79
11/4/2021 21:45,0.787,0.38,2.98,2272,55.1,62.25,54.94,-4.70433,75.13,78.34,81.2,78.78,74.64,23.86,24.39,23.95,24.28,24.93,0.74,0.66,0.56,0.64,0.8
11/4/2021 22:00,0.767,0.32,2.96,2273,55.1,62.44,55.13,-4.375585,75.48,78.05,81.1,78.6,74.47,23.78,24.47,23.99,24.32,24.97,0.72,0.67,0.56,0.65,0.81
11/4/2021 22:15,0.756,0.33,2.9,2274,55.1,62.42,55.1,-4.868703,75.25,77.92,81,78.42,74.51,23.87,24.53,24.01,24.38,24.99,0.73,0.68,0.57,0.66,0.81
11/4/2021 22:30,0.703,0.22,2.79,2274,55.1,62.66,55.03,-4.70433,75.71,77.97,81.1,78.53,74.55,23.81,24.55,24.01,24.39,25,0.72,0.68,0.56,0.66,0.81
11/4/2021 22:45,0.727,0.38,2.72,2275,55,61.87,55.15,-4.539958,76.51,77.69,81.2,78.61,74.61,23.65,24.68,24.04,24.42,25.04,0.69,0.69,0.56,0.65,0.81
11/4/2021 23:00,0.712,0.32,2.72, ,55,62.01,55.3,-4.70433,76.62,77.48,81.2,78.6,74.51,23.66,24.74,24.06,24.44,25.08,0.68,0.7,0.56,0.66,0.81
11/4/2021 23:15,0.712,0.32,2.72,2276,55.1,61.94,55.22,-4.375585,76.86,77.52,81.2,78.55,74.42,23.59,24.75,24.08,24.46,25.1,0.67,0.7,0.56,0.66,0.82
11/4/2021 23:30,0.697,0.27,2.71,2278,55,61.92,55.2,-4.211213,77.18,77.53,81.2,78.64,74.55,23.56,24.76,24.09,24.46,25.09,0.66,0.7,0.56,0.66,0.81
11/4/2021 23:45,0.672,0.32,2.55,2278,55.1,61.94,55.75,-4.539958,77.4,77.24,81.2,78.7,74.57,23.51,24.85,24.09,24.44,25.11,0.65,0.71,0.56,0.65,0.81
11/5/2021 0:00,0.66,0.27,2.55,2278,55.1,61.61,55.75,-4.211213,77.29,77.25,81.1,78.66,74.51,23.55,24.87,24.11,24.45,25.11,0.66,0.72,0.57,0.65,0.81
11/5/2021 0:15,0.66,0.27,2.55,2279,55,61.89,55.73,-4.375585,77.24,77.18,81,78.65,74.56,23.54,24.86,24.11,24.45,25.1,0.66,0.72,0.57,0.65,0.81
11/5/2021 0:30,0.628,0.21,2.48,2280,55,61.94,55.75,-4.539958,77.27,77.21,81.1,78.72,74.56,23.52,24.85,24.08,24.44,25.1,0.66,0.72,0.57,0.65,0.81
11/5/2021 0:45,0.615,0.21,2.42,2281,55.1,61.65,56.06,-5.033075,77.29,77.09,81.2,78.7,74.51,23.53,24.87,24.08,24.42,25.1,0.66,0.72,0.56,0.65,0.81
11/5/2021 1:00,0.658,0.32,2.49,2282,55.1,61.94,56.04,-4.375585,77.6,76.83,80.9,78.75,74.43,23.44,24.93,24.12,24.39,25.1,0.65,0.73,0.57,0.65,0.81
11/5/2021 1:15,0.634,0.27,2.44,2282,55.1,61.94,56.3,-4.211213,77.68,76.83,80.9,78.69,74.33,23.42,24.91,24.12,24.39,25.1,0.64,0.73,0.57,0.65,0.82
11/5/2021 1:30,0.66,0.27,2.55,2281,55.1,61.94,55.75,-4.539958,77.38,76.77,80.9,78.73,74.44,23.43,24.89,24.11,24.37,25.06,0.65,0.73,0.57,0.65,0.81
11/5/2021 1:45,0.647,0.22,2.55,2282,55,62.44,55.92,-4.211213,77.63,76.69,80.7,78.65,74.42,23.34,24.9,24.1,24.36,25.04,0.64,0.73,0.58,0.65,0.81
11/5/2021 2:00,0.634,0.27,2.44,2283,55.1,62.42,56.18,-4.375585,77.74,76.68,80.6,78.55,74.25,23.34,24.9,24.11,24.38,25.07,0.64,0.73,0.58,0.65,0.82
11/5/2021 2:15,0.623,0.16,2.51,2284,55.1,63.06,56.18,-4.70433,77.76,76.43,80.8,78.54,74.31,23.34,24.96,24.06,24.37,25.06,0.64,0.74,0.57,0.65,0.82
11/5/2021 2:30,0.655,0.27,2.53,2284,55,63.09,56.73,-4.375585,77.47,76.33,80.8,78.67,74.32,23.38,24.98,24.05,24.33,25.05,0.65,0.75,0.57,0.65,0.82
11/5/2021 2:45,0.654,0.22,2.58,2284,55.1,63.02,56.68,-4.70433,77.21,76.36,80.8,78.76,74.36,23.45,24.96,24.08,24.31,25.03,0.66,0.75,0.58,0.65,0.81
11/5/2021 3:00,0.656,0.33,2.47,2285,55.1,63.42,56.47,-4.04684,77.34,76.36,80.9,78.76,74.33,23.4,24.97,24.04,24.31,25.04,0.65,0.75,0.57,0.65,0.82
11/5/2021 3:15,0.625,0.27,2.4,2285,55.1,62.92,56.59,-4.375585,77.83,76.38,80.8,78.76,74.2,23.29,24.99,24.07,24.32,25.07,0.63,0.75,0.58,0.65,0.82
11/5/2021 3:30,0.612,0.22,2.4,2286,55,63.09,56.73,-4.868703,78.13,76.4,80.8,78.97,74.38,23.24,24.97,24.1,24.29,25.06,0.62,0.75,0.58,0.64,0.81
11/5/2021 3:45,0.631,0.22,2.48,2287,55.1,63.69,56.68,-4.375585,77.98,76.33,80.8,79.01,74.41,23.31,25.01,24.08,24.29,25.05,0.63,0.75,0.58,0.64,0.81
11/5/2021 4:00,0.643,0.22,2.53,2287,55,62.87,56.54,-4.70433,78.25,76.25,80.9,78.93,74.38,23.23,25.04,24.07,24.31,25.06,0.62,0.75,0.57,0.64,0.81
11/5/2021 4:15,0.724,0.22,2.88, ,55.1,63.61,55.8,-4.868703,77.73,75.81,80.7,78.64,74,23.23,24.9,24.06,24.3,25.05,0.63,0.76,0.58,0.65,0.83
11/5/2021 4:30,0.817,0.34,3.15,2288,55,65,55.56,-4.868703,73.09,79.13,79.47,76.84,72.9,23.47,23.39,23.79,24.12,24.65,0.78,0.6,0.6,0.7,0.84
11/5/2021 4:45,0.847,0.34,3.28,2288,55.2,65.12,55.65,-4.70433,71.55,80.8,79.35,76.44,73.11,23.4,22.64,23.36,23.74,24.17,0.82,0.53,0.59,0.69,0.81
11/5/2021 5:00,0.851,0.34,3.3,2287,55.2,65.1,55.65,-4.375585,71.17,81.1,79.66,76.75,73.43,23.25,22.4,23.04,23.42,23.85,0.82,0.51,0.57,0.67,0.79
11/5/2021 5:15,0.902,0.45,3.4,2288,55.1,64.02,55.32,-5.033075,70.98,80.9,79.95,77.15,73.49,23.19,22.33,22.83,23.2,23.72,0.82,0.52,0.56,0.65,0.78
11/5/2021 5:30,0.916,0.44,3.47,2289,55.1,63.09,54.05,-3.882468,70.98,81.1,80,77.36,73.55,23.09,22.2,22.72,23.07,23.63,0.82,0.51,0.55,0.64,0.77
11/5/2021 5:45,1.103,0.67,4.03,2288,55.1,69.33,55.27,-4.375585,70.79,80.9,78.49,76.65,73.04,22.51,21.64,22.58,22.85,23.28,0.8,0.49,0.59,0.65,0.77
11/5/2021 6:00,0.95,0.4,3.66,2289,55,65.98,55.49,-4.211213,75.13,83.8,79.76,77.83,74.84,21.53,20.96,22.04,22.4,22.76,0.64,0.4,0.54,0.6,0.7
11/5/2021 6:15,0.825,0.28,3.25,2288,55,63.95,54.72,-4.539958,77.05,85.1,82.6,79.17,75.88,21.02,20.59,21.32,22.04,22.44,0.57,0.36,0.44,0.55,0.66
11/5/2021 6:30,0.77,0.22,3.08,2288,55.2,62.83,54.65,-4.539958,77.38,85.4,83.5,79.65,76.11,20.91,20.45,21.01,21.8,22.29,0.56,0.35,0.41,0.53,0.64
11/5/2021 6:45,0.708,0.23,2.8,2288,55.1,65.36,56.92,0.391216,80,86.9,84.4,80.9,78.09,20.64,20.36,21.04,21.72,22.09,0.49,0.31,0.39,0.5,0.58
11/5/2021 7:00,0.737,0.33,2.82,2289,55.2,62.51,56.28,11.89729,79.34,84.7,83.7,81.6,77.98,20.92,20.85,21.32,21.55,22.1,0.51,0.38,0.41,0.47,0.59
11/5/2021 7:15,1.256,0.76,4.59,2291,55.3,57.21,48.29,32.608222,73.71,82.2,82.7,80.4,75.93,22.05,21.39,21.57,21.85,22.58,0.7,0.45,0.45,0.51,0.66
11/5/2021 7:30,2.385,2.08,8.03,2291,55.1,52.12,36.22,52.497291,71.8,82.7,81.8,79.31,74.21,22.44,21.46,21.93,22.25,23.2,0.77,0.44,0.48,0.56,0.73
11/5/2021 7:45,3.674,4.36,11.13,2291,55,49.37,31.65,91.782313,70.67,83.3,80.7,78.86,74.42,22.79,21.63,22.47,22.82,23.96,0.81,0.43,0.53,0.59,0.76
11/5/2021 8:00,12.967,6.47,48.87,2291,55.1,43.37,31.63,102.302151,71.54,83.7,79.72,78.86,80.1,22.68,21.64,22.83,23.2,25.11,0.78,0.42,0.56,0.6,0.63
11/5/2021 8:15,3.082,5,7.89,2289,55,30.34,29.88,119.725633,74.07,84.9,80,80.2,82.1,22.28,21.59,23.04,23.28,26.48,0.7,0.39,0.56,0.57,0.62
11/5/2021 8:30,16.649,10.61,60.27,2287,54.8,47.31,35.19,275.715112,75.92,85.7,80.5,81.1,84.1,22.09,21.68,23.28,23.53,28.03,0.64,0.37,0.56,0.55,0.6
11/5/2021 8:45,16.836,9.58,62.18,2285,54.7,45.85,35.33,184.488388,77.22,86.2,80.7,81.9,85.6,22.07,21.83,23.57,23.89,29.71,0.6,0.36,0.56,0.54,0.6
11/5/2021 9:00,17.97,10.53,66.04,2283,54.6,44.18,38.8,320.424425,78.2,86.3,80.9,82.9,83.4,22.16,22.09,23.81,24.38,30.87,0.58,0.36,0.56,0.52,0.74
11/5/2021 9:15,17.288,9.29,64.44,2278,54.7,40.57,38.44,394.063294,79.08,86.5,81.4,84.3,81.3,22.34,22.35,24.06,25.02,31.9,0.56,0.36,0.56,0.5,0.88
11/5/2021 9:30,17.352,9.11,64.91,2275,54.6,38.85,38.85,284.591226,79.68,86.8,82,84.3,79.29,22.55,22.62,24.43,25.74,32.68,0.56,0.36,0.55,0.52,1.02
12/3/2021 14:30,5.448,4.77,17.81,3129,49.8,72.17,51.49,399.487586,83,89.4,87,84.2,81.3,22.65,22.29,24.48,28.54,28.17,0.47,0.29,0.4,0.62,0.71
12/3/2021 14:45,5.234,4.4,17.31,3130,49.8,75.23,52.47,195.994462,83,89.4,86.8,84.5,81.6,22.58,22.19,24.45,28.38,27.98,0.47,0.28,0.4,0.6,0.69
12/3/2021 15:00,5.005,4.06,16.71,3131,49.8,75.78,53.36,174.790412,83,89.5,86.7,84.5,81.6,22.48,22.09,24.41,28.18,27.78,0.46,0.28,0.41,0.59,0.69
12/3/2021 15:15,4.606,3.49,15.64,3132,49.6,75.38,53.43,167.722396,83,89.5,86.7,84.3,81.6,22.44,22.03,24.29,27.92,27.53,0.46,0.28,0.4,0.59,0.68
12/3/2021 15:30,4.646,3.49,15.81,3132,49.7,78.08,54.91,148.655189,82.8,89.5,86.8,84.6,81.7,22.38,21.94,24.13,27.52,27.26,0.47,0.28,0.4,0.57,0.66
12/3/2021 15:45,4.531,3.28,15.55,3132,49.6,78.68,55.73,228.047094,82.7,89.4,87,84.8,81.6,22.33,21.86,23.95,27.2,27,0.47,0.28,0.39,0.55,0.66
12/3/2021 16:00,4.365,3.07,15.08,3131,49.6,79.15,56.25,138.628468,82.4,89.2,86.8,84.9,81.2,22.21,21.73,23.74,26.84,26.72,0.47,0.28,0.39,0.53,0.66
12/3/2021 16:15,4.057,2.68,14.2,3132,49.9,80.28,57.35,142.573407,82.4,89.2,86.9,84.9,80.9,22.11,21.61,23.42,26.48,26.33,0.47,0.28,0.38,0.52,0.65
12/3/2021 16:30,3.872,2.56,13.55,3132,50.1,80.87,58.64,69.920773,82.3,89.2,86.8,84.1,80.6,22.02,21.51,23.07,26.02,25.87,0.47,0.28,0.37,0.54,0.65
12/3/2021 16:45,3.611,2.3,12.73,3133,49.9,82.33,60.53,44.936157,81.9,89,87.1,83.7,80.7,21.89,21.38,22.83,25.41,25.24,0.48,0.28,0.36,0.53,0.62
12/3/2021 17:00,3.361,1.99,12.01,3133,49.8,83.62,62.66,20.937776,81.4,88.7,86.5,83.4,80.7,21.73,21.16,22.67,24.64,24.54,0.48,0.28,0.37,0.51,0.59
12/3/2021 17:15,2.781,1.46,10.14,3135,49.9,81.93,64.33,1.870569,81.1,89.3,87.1,83.5,81.1,21.59,21.08,22.68,23.91,23.92,0.49,0.27,0.36,0.49,0.56
12/3/2021 17:30,2.465,1.17,9.12,3136,49.8,84.96,68.18,-3.224978,80.2,89.9,87.1,84.2,81.5,21.58,21.11,22.77,23.29,23.47,0.51,0.25,0.36,0.45,0.53
12/3/2021 17:45,2.206,1.03,8.18,3136,49.7,85.42,70.74,-4.868703,79.18,89.3,86,84.5,81.4,21.58,20.86,22.48,22.74,22.97,0.54,0.26,0.38,0.43,0.52
12/3/2021 18:00,1.998,0.85,7.5,3137,50.2,86.21,72.68,-3.882468,79.34,82.2,84.3,83.2,79.61,21.92,21.95,22.31,22.45,22.88,0.54,0.47,0.42,0.46,0.57
12/3/2021 18:15,1.666,0.58,6.39,3137,50.1,86.06,75.4,-4.211213,78.84,81.5,84,83.2,79.36,22.22,22.91,22.51,22.57,23.07,0.57,0.52,0.44,0.46,0.58
12/3/2021 18:30,1.451,0.38,5.7,3138,49.9,86.3,77.1,-5.36182,81.3,82.8,83.4,84.2,80.3,21.88,22.76,23,22.71,23.21,0.49,0.48,0.47,0.44,0.56
12/3/2021 18:45,1.345,0.32,5.32,3139,49.9,86.54,78.05,-4.211213,82.5,85.7,79.15,82.1,78.73,21.53,21.92,23.88,23.15,23.55,0.45,0.38,0.62,0.51,0.62
12/3/2021 19:00,1.291,0.32,5.09,3140,49.9,86.09,78.46,-4.868703,83.2,87.2,78.52,79.27,76.47,21.4,21.57,23.97,23.66,24,0.43,0.33,0.64,0.61,0.7
12/3/2021 19:15,1.259,0.25,5.03,3140,49.9,86.37,79.11,-4.04684,83.2,87.1,78.22,78.06,75.08,21.38,21.54,23.98,23.88,24.25,0.43,0.33,0.65,0.65,0.75
12/3/2021 19:30,1.222,0.19,4.94,3141,50.1,87.23,79.06,-4.868703,83.1,87,78.09,77.37,74.28,21.42,21.56,23.98,23.97,24.37,0.43,0.33,0.65,0.67,0.78
12/3/2021 19:45,1.208,0.19,4.88,3141,49.9,86.78,79.46,-4.539958,82.7,86.5,77.79,77.13,73.82,21.45,21.6,23.99,23.97,24.42,0.44,0.35,0.66,0.68,0.8
12/3/2021 20:00,1.226,0.26,4.88,3142,50.2,86.52,79.2,-4.539958,82.6,86.4,77.65,76.87,73.63,21.43,21.61,24,23.99,24.43,0.44,0.35,0.67,0.69,0.81
12/3/2021 20:15,1.228,0.13,5.03,3142,50.1,86.78,79.06,-4.211213,82.6,86.3,77.3,76.42,73.23,21.44,21.58,24.01,24.05,24.47,0.44,0.35,0.68,0.71,0.82
12/3/2021 20:30,1.222,0.19,4.94,3143,50.1,86.71,78.99,-4.375585,82.5,86.3,77.2,76.1,72.97,21.42,21.55,23.98,24.06,24.48,0.45,0.35,0.68,0.72,0.83
12/3/2021 20:45,1.222,0.19,4.94,3143,50.1,86.33,79.46,-4.868703,82.5,86.2,77.2,75.74,72.78,21.4,21.54,23.96,24.12,24.5,0.45,0.35,0.68,0.73,0.84
12/3/2021 21:00,1.207,0.13,4.94,3143,50.1,86.56,79.25,-4.539958,82.5,86.1,76.9,75.62,72.65,21.38,21.57,24.04,24.13,24.52,0.45,0.36,0.69,0.73,0.84
12/3/2021 21:15,1.171,0.13,4.79,3143,50.1,86.52,79.61,-4.04684,82.4,86,77.14,75.58,72.51,21.39,21.58,23.95,24.12,24.54,0.45,0.36,0.68,0.73,0.85
12/3/2021 21:30,1.166,0.13,4.77,3143,49.9,85.56,78.8,-4.211213,82.5,86.3,77.28,74.11,72.11,21.43,21.54,23.96,24.56,24.69,0.45,0.35,0.68,0.8,0.87
12/3/2021 21:45,1.182,0.06,4.91,3144,49.9,85.85,78.65,-4.868703,82,86.3,76.63,72.09,70.66,21.63,21.63,24.18,25.07,25.12,0.47,0.35,0.7,0.89,0.94
12/3/2021 22:00,1.284,0.19,5.2,3144,50.1,85.8,78.22,-4.375585,81.4,85.6,75.84,71.5,69.56,21.8,21.84,24.42,25.23,25.42,0.49,0.38,0.74,0.92,0.99
12/3/2021 22:15,1.304,0.13,5.35,3144,50.1,85.61,77.27,-5.033075,80.9,85.1,75.75,71.02,68.87,21.95,22,24.5,25.4,25.66,0.5,0.39,0.75,0.94,1.03
12/3/2021 22:30,1.304,0.13,5.35,3145,49.9,85.94,77.17,-4.375585,80.5,84.7,75.36,70.69,68.29,22.07,22.16,24.64,25.54,25.85,0.52,0.41,0.76,0.96,1.06
12/3/2021 22:45,1.38,0.13,5.67,3146,50.3,87.04,76.93,-4.868703,80.2,84.4,74.95,70.87,68.03,22.17,22.26,24.77,25.5,25.94,0.53,0.42,0.78,0.95,1.07
12/3/2021 23:00,1.376,0.19,5.59,3146,50.3,87.5,77.7,-4.211213,80.4,84.3,75.49,73.03,69.37,22,22.19,24.56,24.91,25.47,0.52,0.42,0.76,0.85,1
12/3/2021 23:15,1.362,0.19,5.53,3146,50.2,87.71,78.65,-4.375585,80.9,84.7,76.07,73.97,70.46,21.84,22.02,24.35,24.6,25.16,0.5,0.41,0.73,0.81,0.94
12/3/2021 23:30,1.311,0.13,5.38,3146,50.3,87.66,78.6,-4.539958,81.3,85.1,76.49,74.06,71.02,21.7,21.88,24.18,24.54,24.98,0.49,0.39,0.71,0.8,0.92
12/3/2021 23:45,1.258,0.06,5.23,3146,50.3,87.66,79.01,-4.539958,81.5,85.3,77,74.11,71.25,21.58,21.78,23.99,24.46,24.86,0.48,0.38,0.69,0.79,0.9
12/4/2021 0:00,1.254,0.13,5.14,3146,50.1,87.45,78.82,-4.539958,81.5,85.5,77.2,74.07,71.33,21.53,21.67,23.9,24.43,24.78,0.48,0.38,0.68,0.79,0.9
12/4/2021 0:15,1.215,0.06,5.05,3146,50.2,87.69,79.44,-4.211213,81.6,85.7,76.9,74.04,71.3,21.46,21.6,23.94,24.38,24.75,0.47,0.37,0.69,0.79,0.9
12/4/2021 0:30,1.194,0.06,4.96,3146,50.4,87.78,79.51,-4.70433,81.8,85.7,76.78,74.19,71.26,21.41,21.55,23.91,24.28,24.72,0.46,0.37,0.69,0.78,0.9
12/4/2021 0:45,1.21,0.06,5.03,3147,50.2,86.09,78.84,-4.375585,81.9,85.8,77.03,73.2,71.14,21.44,21.52,23.87,24.57,24.76,0.46,0.36,0.68,0.83,0.9
12/4/2021 1:00,1.221,0.13,5,3148,50.2,85.8,78.6,-4.211213,81.7,85.7,76.18,71.81,70.02,21.55,21.63,24.13,24.97,25.11,0.47,0.37,0.72,0.89,0.96
12/4/2021 1:15,1.228,0.13,5.03,3147,50.4,85.37,77.86,-4.70433,81.3,85.2,75.84,71.27,68.92,21.72,21.83,24.29,25.18,25.46,0.49,0.39,0.73,0.92,1.01
12/4/2021 1:30,1.292,0.13,5.3,3148,50.4,85.37,77.07,-4.539958,80.9,84.6,75.25,70.65,68.34,21.86,22.03,24.51,25.38,25.69,0.5,0.41,0.76,0.95,1.04
12/4/2021 1:45,1.377,0.25,5.53,3149,50.4,84.89,76.31,-4.539958,80.6,84.3,74.83,70.28,67.92,22,22.18,24.7,25.55,25.85,0.51,0.42,0.78,0.97,1.07
12/4/2021 2:00,1.369,0.19,5.56,3149,50.4,85.7,76.6,-4.211213,80.2,83.9,74.86,72.04,68.21,22.04,22.23,24.63,25.01,25.68,0.52,0.43,0.78,0.89,1.05
12/4/2021 2:15,1.341,0.19,5.44,3149,50.1,86.3,77.1,-4.211213,80.4,84.2,75.85,73.86,69.97,21.82,22.05,24.29,24.49,25.14,0.51,0.42,0.73,0.8,0.96
12/4/2021 2:30,1.29,0.13,5.29,3149,50.1,86.35,77.93,-4.539958,80.9,84.7,76.55,74.38,70.92,21.6,21.83,24,24.29,24.84,0.49,0.4,0.7,0.78,0.91
12/4/2021 2:45,1.272,0.06,5.29,3149,50.1,86.9,77.96,-4.539958,81.2,85.1,76.79,73.82,70.97,21.51,21.65,23.89,24.35,24.74,0.48,0.39,0.69,0.8,0.91
12/4/2021 3:00,1.239,0.06,5.15,3149,50.5,86.42,77.96,-4.211213,81.3,85.3,76.62,73.42,70.63,21.43,21.59,23.9,24.42,24.81,0.48,0.38,0.69,0.81,0.92
12/4/2021 3:15,1.276,0.13,5.23,3150,50.2,86.85,78.34,-4.70433,81.4,85.2,76.42,73.35,70.46,21.34,21.54,23.89,24.38,24.79,0.47,0.38,0.7,0.81,0.92
12/4/2021 3:30,1.297,0.13,5.32,3150,50.5,87.28,78.32,-4.868703,81.2,85.2,76.8,73.31,70.31,21.31,21.48,23.74,24.34,24.79,0.48,0.38,0.68,0.81,0.93
12/4/2021 3:45,1.297,0.13,5.32,3151,50.4,86.25,78.22,-4.375585,81.2,85.2,76.6,73.17,70.21,21.28,21.44,23.73,24.28,24.75,0.48,0.38,0.69,0.81,0.93
12/4/2021 4:00,1.291,0.19,5.23, ,50.2,86.18,78.15,-4.375585,81.2,85.2,76.61,73.2,70.2,21.21,21.4,23.68,24.25,24.7,0.47,0.38,0.68,0.81,0.93
12/4/2021 4:15,1.277,0.19,5.17,3151,50.4,86.66,78.56,-4.539958,81.4,85.3,76.79,73.27,70.25,21.15,21.36,23.62,24.21,24.68,0.47,0.37,0.68,0.81,0.92
12/4/2021 4:30,1.276,0.13,5.23,3150,50.4,86.33,77.91,-4.70433,81.3,85.3,76.66,73.3,70.2,21.16,21.35,23.64,24.2,24.68,0.47,0.37,0.68,0.81,0.93
12/4/2021 4:45,1.297,0.13,5.32,3150,50.1,86.3,78.27,-4.868703,81.4,85.3,76.66,73.14,70.09,21.12,21.3,23.63,24.22,24.69,0.47,0.37,0.68,0.81,0.93
12/4/2021 5:00,1.312,0.19,5.32,3152,50.2,86.28,78.25,-4.375585,81.4,85.2,76.8,73.04,70.05,21.04,21.28,23.54,24.2,24.66,0.46,0.37,0.67,0.81,0.93
12/4/2021 5:15,1.305,0.19,5.29,3152,50.2,86.35,77.93,-4.70433,81.4,85.2,76.76,72.94,70.01,21.03,21.28,23.53,24.21,24.66,0.46,0.37,0.67,0.82,0.93
12/4/2021 5:30,1.32,0.25,5.29,3152,50.2,85.75,77.79,-4.70433,81.4,85.3,76.66,72.85,69.99,21.03,21.26,23.56,24.22,24.66,0.46,0.37,0.68,0.82,0.93
12/4/2021 5:45,1.326,0.19,5.38,3153,50.1,86.11,77.31,-4.539958,81.5,85.3,76.8,72.89,69.93,21.04,21.24,23.55,24.2,24.67,0.46,0.37,0.67,0.82,0.93
12/4/2021 6:00,1.341,0.19,5.44,3153,50.3,86.18,77.38,-4.539958,81.5,85.4,76.74,72.86,69.88,21.01,21.25,23.55,24.23,24.7,0.46,0.37,0.68,0.82,0.94
12/4/2021 6:15,1.376,0.19,5.59,3153,50.3,85.9,77.15,-4.868703,81.6,85.4,76.51,72.86,69.94,21.02,21.25,23.62,24.23,24.69,0.46,0.37,0.69,0.82,0.93
12/4/2021 6:30,1.377,0.25,5.53,3156,50.4,85.7,77.36,-4.211213,81.5,85.4,76.56,72.87,69.78,21.05,21.23,23.59,24.21,24.71,0.46,0.37,0.68,0.82,0.94
12/4/2021 6:45,1.361,0.13,5.59,3157,50.4,86.21,77.03,-4.868703,81.3,85.2,76.36,72.72,69.63,21.02,21.25,23.61,24.19,24.72,0.47,0.37,0.69,0.82,0.95
12/4/2021 7:00,1.411,0.25,5.67,3157,50.4,85.75,76.64,-4.04684,81.3,85.2,76.29,72.76,69.62,21.04,21.24,23.59,24.17,24.7,0.47,0.37,0.69,0.82,0.95
12/4/2021 7:15,1.585,0.32,6.33,3157,50.4,85.9,74.92,1.541824,77.48,81.9,75.04,71.83,68.32,21.59,21.64,23.59,24.06,24.61,0.58,0.47,0.73,0.84,0.98
12/4/2021 7:30,1.855,0.52,7.25,3157,50.4,85.97,73.15,10.417937,67.1,78.79,72.48,70.52,67.26,23.02,21.75,23.56,23.73,24.14,0.93,0.55,0.8,0.87,0.99
12/4/2021 7:45,2.406,0.94,9.12,3157,50.4,82.69,68.13,43.456805,64.36,78.81,71.13,69.82,66.9,23.09,21.33,23.44,23.42,23.76,1.01,0.54,0.83,0.87,0.97
12/4/2021 8:00,3.423,1.9,12.37,3158,50.4,77.58,59.1,75.345065,63.63,79.15,70.62,69.48,66.16,22.91,21.13,23.37,23.31,23.78,1.02,0.52,0.84,0.87,1
12/4/2021 8:15,4.626,3.42,15.8,3156,50.4,72.08,52.9,94.90539,63.44,78.88,70.76,69.64,65.26,22.87,21.29,23.54,23.46,24.14,1.02,0.53,0.85,0.88,1.05
12/4/2021 8:30,5.734,5.67,18.05,3154,50.2,71.5,52.09,95.727252,64.41,76.91,70.22,70,74.5,22.58,21.45,23.6,23.82,24.85,0.97,0.59,0.87,0.89,0.8
12/4/2021 8:45,8.093,6.76,26.81,3150,50.6,68.66,51.76,115.945066,69.37,78,75,70.66,80.1,21.32,20.8,22.33,23.69,26,0.78,0.54,0.67,0.86,0.67
12/4/2021 9:00,8.132,7.07,26.64,3148,50.1,63.73,51.06,125.643042,72.38,80.2,78.2,74.23,80.9,20.71,20.41,21.74,23.28,26.81,0.67,0.47,0.57,0.74,0.67
12/4/2021 9:15,9.554,8.12,31.5,3144,50.4,62.59,52.24,148.983934,73.81,81.4,79.67,79.08,82.2,20.56,20.31,21.69,23.09,27.69,0.63,0.44,0.53,0.59,0.66
12/4/2021 9:30,10.111,8.33,33.62,3140,49.9,60.03,52.5,171.174218,74.83,82.2,80.6,80.9,81.3,20.51,20.37,21.79,23.42,28.41,0.61,0.43,0.51,0.55,0.72
12/4/2021 9:45,10.114,8.49,33.46,3136,50.3,57.92,52.79,202.076243,75.72,82.8,81.4,81.7,80.9,20.57,20.49,21.92,23.85,29.15,0.59,0.41,0.49,0.54,0.77
12/4/2021 10:00,10.716,8.55,35.93,3133,49.9,56.85,53.29,196.980697,76.48,83.4,82.1,82.3,78.71,20.63,20.63,22.11,24.32,29.93,0.57,0.4,0.48,0.54,0.9
12/4/2021 10:15,10.553,8.72,35.06,3129,50.3,56.87,54.17,272.26329,77.32,83.8,82.7,82.7,76.8,20.75,20.71,22.28,24.81,30.67,0.56,0.4,0.47,0.54,1.02
12/4/2021 10:30,10.928,9.4,35.91,3126,49.8,57.81,55.06,481.016333,78.01,84.7,83.4,82.9,76.11,20.86,20.83,22.48,25.31,31.02,0.54,0.38,0.45,0.55,1.07
12/4/2021 10:45,11.295,9.31,37.55,3123,49.6,57.88,55.1,226.896487,78.59,85.3,83.9,82.9,74.88,21.03,20.93,22.65,25.77,31.16,0.53,0.36,0.44,0.57,1.14
12/4/2021 11:00,10.814,9.26,35.58,3122,49,58.24,55.22,267.989606,79.15,86,84.3,83,76.03,21.18,21.03,22.83,26.21,31.29,0.52,0.35,0.44,0.58,1.09
12/4/2021 11:15,10.994,9.07,36.54, ,49.5,58.12,54.67,284.919971,79.73,86.4,84.8,83,72.6,21.32,21.14,23,26.58,31.17,0.51,0.34,0.43,0.59,1.24
12/4/2021 11:30,10.456,8.75,34.62,3120,48.9,58.64,53.6,364.311876,80.2,86.9,85.2,82.8,71.26,21.46,21.25,23.13,26.92,30.45,0.51,0.33,0.42,0.61,1.25
12/4/2021 11:45,10.591,8.7,35.24,3119,49,59.26,53.53,295.604182,80.4,87.2,85.5,82.5,71.85,21.6,21.36,23.2,27.08,29.47,0.51,0.33,0.41,0.63,1.16
12/4/2021 12:00,10.306,8.56,34.19,3120,48.7,59.24,53.07,653.936177,80.8,87.5,86.1,83.2,71.86,21.66,21.45,23.34,27.26,29.14,0.5,0.32,0.4,0.61,1.14
12/4/2021 12:15,9.921,8.33,32.82,3119,48.6,59.98,52.64,602.487592,81.1,87.7,86.2,83.1,73.38,21.74,21.5,23.45,27.46,28.75,0.49,0.32,0.4,0.62,1.05
12/4/2021 12:30,9.843,7.92,32.93,3120,48.1,61.3,52.04,326.177462,81.4,88.3,86.2,83.1,75.07,21.81,21.52,23.52,27.56,28.31,0.49,0.3,0.4,0.62,0.96
12/4/2021 12:45,8.926,7.9,29.09,3119,48.7,62.4,51.85,325.191227,81.5,88.3,86.3,83.1,77.13,21.87,21.52,23.55,27.51,27.96,0.49,0.3,0.4,0.62,0.86
12/4/2021 13:00,8.289,7.65,26.68,3120,48.6,63.93,51.78,320.260053,80.4,87.6,83.5,82.3,89.4,21.84,21.31,23.37,27.63,30.34,0.51,0.31,0.47,0.65,0.46
12/4/2021 13:15,6.94,6.42,22.32,3123,48.6,66.99,51.06,162.133732,79.95,87.4,82.9,86.8,90,21.63,21.04,23.09,27.83,33.55,0.52,0.31,0.48,0.49,0.52
12/4/2021 13:30,5.735,5.59,18.14,3126,48.5,66.39,50.9,554.162085,80,87.6,83.5,91.1,87.7,21.44,20.86,22.85,28.27,33.99,0.51,0.31,0.46,0.34,0.65
12/4/2021 13:45,5.496,5.23,17.52,3126,48.1,66.72,50.3,186.625231,82.3,89.2,88.1,88.3,77.13,21.56,21.22,23.3,28.6,29.88,0.46,0.27,0.34,0.46,0.96
12/4/2021 14:00,4.408,4.94,13.25,3128,48.3,69.11,51.06,262.894059,82.8,89.4,87.9,83.8,79.3,21.74,21.47,23.56,28.16,28.05,0.45,0.27,0.35,0.62,0.78
12/4/2021 14:15,2.751,4.31,6.95,3131,48.6,72.08,52.07,251.881103,82.4,89.1,87.5,84.4,81,21.8,21.54,23.6,27.43,27.17,0.46,0.28,0.36,0.57,0.68
12/4/2021 14:30,4.964,3.76,16.86,3132,48.6,73.97,52.98,77.975025,82.2,88.7,86.8,84.7,81.6,21.76,21.55,23.39,26.85,26.51,0.46,0.29,0.38,0.54,0.64
12/4/2021 14:45,4.822,3.52,16.52,3133,48.7,75.54,53.91,307.767745,81.9,88.4,86.8,83.4,81.1,21.62,21.39,22.98,26.2,25.81,0.47,0.3,0.37,0.56,0.63
12/4/2021 15:00,4.513,3.07,15.7,3135,48.7,76.43,55.03,238.731305,81.6,88.1,86.7,84.6,81.8,21.51,21.27,22.7,25.54,25.26,0.47,0.3,0.37,0.5,0.59
12/4/2021 15:15,4.235,2.84,14.78,3136,48.5,78.27,56.63,131.396079,81.4,88,86.9,83.5,81.5,21.4,21.15,22.54,24.96,24.72,0.47,0.3,0.36,0.52,0.58
12/4/2021 15:30,3.928,2.4,13.96,3138,48.7,80.23,58.02,112.657617,81,87.6,86.3,83.6,81.4,21.23,20.95,22.38,24.14,24.05,0.48,0.31,0.37,0.49,0.56
12/4/2021 15:45,3.495,2.08,12.48,3139,49.1,73.97,57.18,98.357212,80.7,88,85.9,82.7,79.46,21.25,20.92,22.35,23.46,23.64,0.49,0.3,0.38,0.5,0.6
12/4/2021 16:00,3.432,2.02,12.28,3140,49.1,76.4,58.28,163.119967,76.98,87.1,82.3,79.35,75.55,22.14,21.53,23.11,23.68,24.1,0.61,0.33,0.5,0.6,0.73
12/4/2021 16:15,3.401,1.99,12.18,3142,49.1,78.2,58.74,58.743445,74.28,85.7,79.82,78.41,74.61,22.61,21.77,23.54,23.78,24.23,0.71,0.37,0.59,0.64,0.77
12/4/2021 16:30,3.285,1.77,11.93,3143,49.5,80.01,60.36,33.430084,73.06,85.1,78.61,77.32,73.94,22.72,21.77,23.67,23.75,24.1,0.74,0.39,0.63,0.67,0.78
12/4/2021 16:45,3.354,1.91,12.07,3142,49.7,79.99,60.6,25.375833,71.91,84.5,77.38,76.59,73.54,22.71,21.56,23.58,23.54,23.86,0.78,0.4,0.66,0.68,0.78
12/4/2021 17:00,3.225,1.73,11.72,3143,49.4,80.87,61.42,17.650326,71.15,84.2,76.66,75.94,72.85,22.65,21.39,23.46,23.39,23.74,0.79,0.4,0.67,0.69,0.8
12/4/2021 17:15,2.99,1.57,10.9,3145,49.5,80.18,62.59,6.801743,73.64,80.2,76.33,76.02,72.96,22.61,22.31,23.54,23.4,23.84,0.72,0.53,0.69,0.69,0.8
12/4/2021 17:30,2.749,1.39,10.08,3145,49.8,81.42,64.81,-3.882468,76.69,75.29,74.55,75.82,72.48,22.38,23.63,24.13,23.66,24.16,0.63,0.72,0.77,0.71,0.83
12/4/2021 17:45,2.494,1.08,9.34,3147,49.8,83.03,66.51,-4.375585,77.62,77.46,72.71,75.06,71.81,22.17,23.22,24.53,23.82,24.28,0.6,0.64,0.84,0.74,0.86
12/4/2021 18:00,2.326,0.96,8.76,3147,49.8,83.79,68.56,-4.868703,78.03,79.66,72,74.48,71.21,21.93,22.63,24.56,23.82,24.29,0.58,0.56,0.86,0.75,0.87
12/4/2021 18:15,2.018,0.76,7.68,3148,49.7,83.6,71.03,-4.04684,78.75,82.1,74.52,75.67,72.3,21.74,22.2,24.4,23.82,24.32,0.55,0.48,0.78,0.72,0.84
12/4/2021 18:30,1.825,0.57,7.07, ,49.8,84.13,72.82,-4.539958,80.1,84.2,75.83,76.29,73,21.65,21.93,24.23,23.95,24.44,0.52,0.42,0.73,0.71,0.83
12/4/2021 18:45,1.726,0.51,6.72,3149,49.8,85.13,73.56,-4.70433,80.2,84.4,75.62,75.36,72.14,21.62,21.83,24.17,24.03,24.52,0.51,0.41,0.73,0.74,0.86
12/4/2021 19:00,1.659,0.44,6.51,3150,49.8,84.89,74.85,-4.375585,80.1,84.3,75.56,74.59,71.5,21.54,21.75,24.07,24.08,24.53,0.51,0.41,0.73,0.76,0.88
12/4/2021 19:15,1.59,0.45,6.21,3151,49.7,85.32,75.54,-4.04684,80,84.3,75.62,74.29,71.21,21.47,21.68,23.97,24.07,24.51,0.51,0.41,0.73,0.77,0.89
12/4/2021 19:30,1.558,0.38,6.15,3152,50.1,85.39,75.62,-3.882468,79.88,84.1,75.11,74.01,70.88,21.43,21.64,23.99,24.04,24.49,0.51,0.41,0.74,0.78,0.89
12/4/2021 19:45,1.514,0.32,6.03,3152,50.1,86.23,76.28,-4.375585,79.97,84,74.91,73.62,70.69,21.3,21.55,23.97,24.04,24.45,0.51,0.41,0.75,0.79,0.9
12/4/2021 20:00,1.526,0.45,5.94,3151,49.6,85.39,76.72,-4.04684,80,84.1,75.29,73.37,70.43,21.21,21.47,23.77,23.99,24.43,0.5,0.41,0.73,0.79,0.91
12/4/2021 20:15,1.493,0.32,5.94,3153,49.7,85.56,76.48,-4.539958,80,84.1,75.51,73.33,70.31,21.15,21.39,23.66,23.94,24.39,0.5,0.41,0.72,0.79,0.91
12/4/2021 20:30,1.493,0.32,5.94,3153,49.7,85.85,76.72,-4.04684,80.1,84.1,75.3,73.16,70.06,21.08,21.33,23.65,23.91,24.39,0.5,0.4,0.72,0.8,0.91
12/4/2021 20:45,1.436,0.32,5.7,3153,49.8,85.68,76.95,-4.04684,80.3,84.2,75.22,72.81,70.04,21,21.26,23.63,23.95,24.36,0.49,0.4,0.72,0.81,0.91
12/4/2021 21:00,1.436,0.32,5.7,3153,49.7,85.85,77.1,-4.868703,80.2,84.4,75.24,72.76,69.9,20.97,21.17,23.56,23.92,24.33,0.49,0.39,0.72,0.81,0.92
12/4/2021 21:15,1.414,0.32,5.61,3154,49.7,85.39,77.1,-4.539958,80.4,84.4,75.76,72.83,69.95,20.91,21.17,23.43,23.89,24.32,0.48,0.39,0.7,0.81,0.91
12/4/2021 21:30,1.395,0.32,5.53,3155,49.7,85.63,76.91,-4.04684,80.6,84.6,75.93,72.84,69.98,20.88,21.11,23.38,23.87,24.29,0.48,0.39,0.69,0.8,0.91
12/4/2021 21:45,1.385,0.25,5.56,3155,49.7,85.58,77.65,-4.539958,80.6,84.6,75.98,72.66,69.93,20.87,21.09,23.33,23.88,24.28,0.48,0.39,0.69,0.81,0.91
12/4/2021 22:00,1.367,0.32,5.41,3157,49.7,85.78,77.81,-4.70433,80.7,84.5,76.05,72.65,69.89,20.84,21.08,23.28,23.87,24.26,0.48,0.39,0.68,0.81,0.91
12/4/2021 22:15,1.363,0.25,5.47,3157,49.9,85.78,77.81,-4.04684,80.7,84.6,75.96,72.59,69.82,20.82,21.02,23.27,23.85,24.25,0.47,0.38,0.69,0.81,0.91
12/4/2021 22:30,1.312,0.19,5.32,3158,49.6,85.8,77.84,-4.04684,80.5,84.7,76.19,72.54,69.82,20.81,21.01,23.22,23.85,24.26,0.48,0.38,0.68,0.81,0.91
12/4/2021 22:45,1.328,0.25,5.32,3159,49.9,85.42,77.91,-4.539958,80.7,84.6,76.06,72.53,69.72,20.78,21,23.23,23.84,24.22,0.47,0.38,0.68,0.81,0.92
12/4/2021 23:00,1.32,0.25,5.29,3158,49.9,85.15,77.65,-4.539958,80.8,84.5,76.1,72.32,69.74,20.71,20.99,23.2,23.87,24.21,0.47,0.39,0.68,0.82,0.91
12/4/2021 23:15,1.312,0.19,5.32,3160,49.8,85.7,78.13,-4.868703,80.8,84.7,75.91,72.2,69.63,20.73,20.97,23.23,23.87,24.23,0.47,0.38,0.69,0.82,0.92
12/4/2021 23:30,1.264,0,5.32,3160,49.8,87.5,78.08,-4.70433,80.6,84.7,75.81,72.21,69.56,20.72,20.94,23.25,23.86,24.22,0.47,0.38,0.69,0.82,0.92
12/4/2021 23:45,1.283,0.13,5.26,3160,49.9,86.33,78.29,-4.70433,80.7,84.7,75.84,72.31,69.45,20.7,20.92,23.22,23.81,24.24,0.47,0.38,0.69,0.82,0.92
12/5/2021 0:00,1.302,0.26,5.2,3160,50.1,86.33,78.68,-4.04684,80.7,84.7,75.79,72.15,69.34,20.7,20.9,23.2,23.85,24.24,0.47,0.38,0.69,0.82,0.93
12/5/2021 0:15,1.062,-0.4,4.9,3161,50.1,92.11,77.1,-4.868703,82.9,87.4,78.13,77.56,71.05,20.69,20.83,23.29,23.33,24.15,0.42,0.31,0.63,0.64,0.87
12/5/2021 0:30,1.014,-0.31,4.6,3162,49.9,87.9,79.2,-4.539958,85.6,91.1,83.3,82.6,74.78,20.25,20.25,22.47,22.57,23.77,0.34,0.21,0.45,0.48,0.74
12/5/2021 0:45,1.043,0,4.39,3163,49.9,89.67,83.67,-4.375585,86.8,92.4,84.9,82.6,76.1,20.04,19.97,22.15,22.63,23.59,0.31,0.18,0.4,0.48,0.7
12/5/2021 1:00,0.993,0,4.18,3163,50.1,87.95,83.41,-4.375585,87.4,92.9,84.4,80.9,75.49,19.93,19.87,22.16,22.85,23.66,0.29,0.16,0.42,0.53,0.72
12/5/2021 1:15,0.667,-0.57,3.42,3168,50.2,88.6,79.01,-5.033075,87.9,93.3,85.2,83,75.85,20.05,19.93,22.26,22.69,23.73,0.28,0.16,0.4,0.47,0.71
12/5/2021 1:30,0.728,-0.32,3.41,3167,50.2,90.34,83.39,-4.868703,88,93.8,88,85.2,77.02,19.96,19.79,21.78,22.31,23.56,0.28,0.14,0.31,0.4,0.67
12/5/2021 1:45,0.785,-0.06,3.37, ,50.2,89.51,85.75,-4.539958,88.2,94,87,83.6,77.21,19.91,19.71,21.86,22.58,23.48,0.27,0.14,0.34,0.45,0.66
12/5/2021 2:00,0.745,-0.18,3.33,3169,50.2,88.67,85.42,-4.375585,88.3,94.1,85.7,81.8,76.17,19.84,19.61,21.98,22.83,23.63,0.27,0.13,0.38,0.51,0.7
12/5/2021 2:15,0.517,-0.57,2.79,3171,50.2,87.98,80.09,-4.375585,88.5,94.4,85.7,83.3,76.21,19.96,19.71,22.23,22.71,23.71,0.27,0.13,0.38,0.46,0.7
12/5/2021 2:30,0.524,-0.61,2.86,3171,50.2,85.82,82.31,-4.375585,88.5,94.5,87.5,85.4,77.35,19.89,19.66,21.92,22.31,23.54,0.27,0.13,0.33,0.39,0.66
12/5/2021 2:45,0.627,-0.25,2.91,3172,50.3,90.1,86.76,-4.539958,88.5,94.6,87.3,84.2,77.4,19.79,19.53,21.79,22.48,23.48,0.27,0.12,0.33,0.43,0.65
12/5/2021 3:00,0.678,-0.19,3.06,3172,49.9,89.12,86.76,-4.539958,88.7,94.6,86.2,82.6,76.41,19.7,19.47,21.91,22.71,23.6,0.26,0.12,0.36,0.48,0.69
12/5/2021 3:15,0.675,-0.25,3.11,3173,50.2,87.78,85.94,-4.70433,88.7,94.5,85.2,81.3,75.62,19.63,19.43,22.01,22.88,23.71,0.26,0.12,0.39,0.52,0.71
12/5/2021 3:30,0.688,-0.18,3.09,3173,50.2,87.76,85.9,-4.375585,88.7,94.4,84.5,80.6,75.21,19.57,19.39,22.1,22.93,23.74,0.26,0.13,0.41,0.54,0.73
12/5/2021 3:45,0.718,-0.12,3.15,3173,50.3,87.23,84.94,-4.211213,88.7,94.3,84,79.96,74.87,19.51,19.38,22.15,22.98,23.76,0.26,0.13,0.43,0.56,0.74
12/5/2021 4:00,0.702,-0.18,3.15,3172,50.2,87.14,85.3,-4.211213,88.7,94.1,83.7,79.37,74.58,19.47,19.35,22.17,23.06,23.79,0.26,0.13,0.44,0.58,0.75
12/5/2021 4:15,0.719,-0.18,3.22,3172,50.3,86.78,84.51,-4.375585,88.7,93.9,83.2,78.89,74.26,19.43,19.37,22.26,23.09,23.84,0.26,0.14,0.45,0.6,0.76
12/5/2021 4:30,0.733,-0.18,3.28,3172,50.2,86.85,84.58,-4.375585,88.6,93.7,82.8,78.28,73.96,19.43,19.4,22.31,23.2,23.89,0.26,0.14,0.46,0.62,0.77
12/5/2021 4:45,0.764,-0.18,3.41,3172,50.3,86.78,83.62,-4.539958,88.5,93.3,82.5,77.77,73.74,19.37,19.42,22.35,23.25,23.88,0.26,0.15,0.47,0.63,0.78
12/5/2021 5:00,0.831,-0.05,3.55,3173,50.2,86.18,83.07,-4.70433,88.4,93,82.1,77.37,73.46,19.35,19.46,22.38,23.29,23.9,0.26,0.16,0.48,0.65,0.79
12/5/2021 5:15,0.798,-0.12,3.49,3173,50.2,86.47,83.31,-4.211213,88.2,92.5,82,77.23,73.39,19.34,19.5,22.37,23.32,23.9,0.26,0.17,0.49,0.65,0.79
12/5/2021 5:30,0.75,-0.18,3.35,3174,50.3,86.16,83.48,-4.375585,88,92.1,81.7,77.02,73.29,19.35,19.57,22.41,23.31,23.9,0.27,0.18,0.5,0.66,0.79
12/5/2021 5:45,0.816,-0.05,3.49,3174,50.2,86.83,83.67,-4.868703,87.8,91.5,81.2,76.8,73.14,19.37,19.63,22.47,23.32,23.9,0.27,0.19,0.51,0.66,0.8
12/5/2021 6:00,0.816,-0.05,3.49,3174,50.2,87.07,83.46,-4.539958,87.6,91.2,81,76.64,73.03,19.4,19.72,22.49,23.29,23.89,0.28,0.2,0.52,0.67,0.8
12/5/2021 6:15,0.851,-0.12,3.71,3174,50.4,87.26,83.22,-4.539958,87.3,90.9,80.7,76.41,72.82,19.43,19.73,22.52,23.34,23.92,0.29,0.21,0.53,0.68,0.81
12/5/2021 6:30,0.873,-0.05,3.73,3175,50.3,87.28,83.67,-4.375585,87,90.5,80.5,76.11,72.49,19.49,19.75,22.53,23.33,23.93,0.29,0.22,0.53,0.68,0.82
12/5/2021 6:45,0.878,-0.05,3.75,3175,50.3,87.23,84.08,-4.70433,86.8,90.1,80.4,75.79,72.23,19.49,19.78,22.48,23.34,23.95,0.3,0.23,0.53,0.69,0.83
12/5/2021 7:00,0.93,-0.06,3.98,3175,50.2,88.17,83.62,-3.224978,86.7,89.8,80.2,75.71,72.1,19.51,19.83,22.51,23.35,23.96,0.3,0.24,0.54,0.7,0.83
12/5/2021 7:15,1.012,0,4.26,3176,50.4,86.28,82.31,2.856804,85.5,86.1,79.33,75.49,71.49,20.19,20.59,22.59,23.25,23.93,0.34,0.34,0.57,0.7,0.85
12/5/2021 7:30,1.15,0.13,4.7,3176,50.3,86.99,80.44,13.21227,77.6,82.6,78.57,76.13,72.03,21.99,21.3,22.72,23.07,23.7,0.59,0.44,0.59,0.67,0.82
12/5/2021 7:45,1.702,0.61,6.51,3176,50.3,81.59,75.35,51.675429,72.84,82.2,77.46,75.23,71.51,22.42,21.09,22.7,22.99,23.52,0.74,0.45,0.62,0.7,0.83
12/5/2021 8:00,2.76,1.35,10.17,3176,50.3,75.64,62.42,80.933729,70.62,82.6,76.28,74.55,70.11,22.46,20.99,22.93,23.03,23.73,0.8,0.43,0.66,0.72,0.88
12/5/2021 8:15,4.017,2.69,14.02,3176,50.4,72.63,53.84,93.754782,69.64,82.1,75.26,74.15,68.83,22.44,21.17,23.25,23.32,24.09,0.82,0.45,0.71,0.74,0.94
12/5/2021 8:30,3.645,4.53,10.48,3174,50.4,68.8,50.87,94.741017,68.85,81.3,73.59,73.14,68.61,22.53,21.48,23.62,23.74,24.6,0.85,0.48,0.77,0.79,0.97
12/5/2021 8:45,6.533,5.95,21.11,3174,50.6,66.36,50.47,116.109439,68.42,79.99,72.7,72.25,76.66,22.68,21.87,23.92,24.19,25.7,0.87,0.52,0.81,0.84,0.77
12/5/2021 9:00,7.55,6.24,25.08, ,50.6,63.02,49.99,124.656808,68.28,78.75,71.73,72.17,81.4,22.82,22.19,24.19,24.47,27.49,0.88,0.57,0.85,0.85,0.68
12/5/2021 9:15,9.371,8.66,30.15,3167,50.2,67.01,52.95,148.490816,68.67,77.51,72.98,74.33,80,22.74,22.22,24.11,24.77,28.7,0.87,0.6,0.81,0.8,0.79
12/5/2021 9:30,9.662,7.9,32.19,3163,50.3,59.84,51.73,184.488388,72.59,80.1,79.14,79.04,80.6,21.7,21.46,22.83,24.51,29.29,0.71,0.51,0.58,0.64,0.79
12/5/2021 9:45,9.881,8.03,32.97,3161,50.4,57.54,51.64,222.951548,75.63,82.4,81.7,81.9,78.97,21.11,21.05,22.39,24.49,29.67,0.61,0.44,0.5,0.56,0.88
12/5/2021 10:00,9.764,8.3,32.19,3157,50.1,56.54,52.19,193.20013,76.99,83.6,83.1,82.5,77.89,20.96,20.9,22.33,24.72,30.27,0.57,0.41,0.46,0.55,0.95
12/5/2021 10:15,10.147,8.34,33.76,3153,50.1,56.63,52.9,291.166125,77.93,84.6,83.7,83.1,76.46,20.9,20.84,22.42,25,30.62,0.55,0.38,0.44,0.54,1.03
12/5/2021 10:30,10.68,8.67,35.65,3149,50.2,57.66,53.81,458.990422,78.74,85.2,84.3,83.3,75.5,20.95,20.87,22.53,25.33,30.65,0.53,0.37,0.43,0.54,1.08
12/5/2021 10:45,10.883,8.84,36.32,3147,49.8,58,54.12,218.677863,79.23,85.6,84.6,83.5,75.73,20.99,20.88,22.66,25.59,30.55,0.52,0.36,0.42,0.54,1.06
12/5/2021 11:00,11.028,8.84,36.93,3145,49.7,57.97,54.1,260.921589,79.63,86.1,85,83.7,75.49,21.05,20.89,22.73,25.85,30.49,0.51,0.34,0.41,0.54,1.07
12/5/2021 11:15,10.807,8.84,36,3143,49.7,58.52,54.15,238.238188,80,86.5,85.4,83.8,74.9,21.11,20.97,22.81,26.12,30.35,0.5,0.34,0.41,0.55,1.09
12/5/2021 11:30,10.738,8.84,35.71,3142,49.8,58.33,53.77,270.29082,80.5,86.8,85.7,84.2,74.26,21.17,21.02,22.86,26.36,29.58,0.49,0.33,0.4,0.54,1.07
12/5/2021 11:45,10.505,8.7,34.88,3142,49.4,58.79,53.74,282.947501,80.9,87.1,86.2,84.1,72.71,21.24,21.08,22.93,26.61,29.1,0.48,0.32,0.39,0.55,1.1
12/5/2021 12:00,10.018,8.7,32.83,3142,49.6,59.36,53.17,660.675449,81.3,87.7,86.3,84.1,73.29,21.31,21.09,23.01,26.83,28.75,0.47,0.31,0.39,0.56,1.05
12/5/2021 12:15,10.007,8.33,33.18,3142,49.6,60,52.67,581.941033,81.6,88,86.7,84.1,74.26,21.39,21.13,23.04,27.01,28.37,0.47,0.3,0.37,0.57,0.99
12/5/2021 12:30,9.731,8.15,32.21,3143,49.1,60.39,52.16,338.66977,81.9,88.3,86.8,84,75.78,21.43,21.15,23.15,27.15,27.96,0.46,0.29,0.37,0.58,0.91
12/5/2021 12:45,9.407,7.83,31.19,3142,49,61.25,52.02,306.12402,82.1,88.6,86.8,84.2,76.96,21.49,21.19,23.17,27.28,27.82,0.46,0.29,0.37,0.57,0.86
12/5/2021 13:00,9.018,7.61,29.79,3143,49.1,62.06,51.42,285.084343,82.2,88.6,87.3,84.4,77.93,21.58,21.25,23.21,27.4,27.7,0.46,0.29,0.36,0.57,0.82
12/5/2021 13:15,8.306,7.12,27.32,3143,49,63.21,51.06,263.387176,82.3,88.7,87.2,84.3,78.81,21.57,21.3,23.23,27.52,27.56,0.46,0.29,0.36,0.58,0.78
12/5/2021 13:30,7.538,6.64,24.6,3144,49.3,64.48,50.78,523.917549,82.5,88.8,87.5,84.4,79.72,21.64,21.31,23.3,27.58,27.49,0.45,0.28,0.36,0.58,0.74
12/5/2021 13:45,7.277,6.16,24.02,3144,49.4,66.1,50.73,302.014708,82.5,88.9,87.2,84.7,80.3,21.64,21.33,23.37,27.59,27.41,0.45,0.28,0.37,0.56,0.72
12/5/2021 14:00,5.722,5.51,18.17,3145,49,67.89,50.71,244.319969,82.7,89.1,87.3,84.6,80.9,21.65,21.35,23.4,27.6,27.34,0.45,0.28,0.37,0.57,0.69
12/5/2021 14:15,5.101,5.07,16.03,3147,49,69.3,50.97,236.101346,82.8,89,87.3,84.8,81.5,21.64,21.39,23.45,27.57,27.23,0.44,0.28,0.37,0.56,0.67
12/5/2021 14:30,3.915,4.5,11.65,3149,49,71.43,51.71,404.583132,82.9,88.9,87.3,84.8,81.8,21.61,21.4,23.45,27.49,27.14,0.44,0.28,0.37,0.56,0.65
12/5/2021 14:45,5.132,3.98,17.33,3150,49.1,72.77,52.28,203.391223,82.9,88.9,87,84.6,81.8,21.56,21.36,23.43,27.39,26.95,0.44,0.28,0.37,0.56,0.65
12/5/2021 15:00,4.883,3.6,16.69,3151,49.5,73.82,53.31,171.33859,83,89,87.1,84.9,82,21.52,21.26,23.35,27.12,26.72,0.44,0.28,0.37,0.54,0.63
12/5/2021 15:15,4.717,3.37,16.24,3152,49.3,75.42,53.81,166.407416,83,89.2,87.2,84.8,82.1,21.5,21.2,23.28,26.84,26.52,0.44,0.27,0.37,0.54,0.62
12/5/2021 15:30,4.476,3.12,15.49,3153,49,75.78,54.46,156.216323,83,89.2,87.2,85.2,82.1,21.46,21.15,23.14,26.53,26.28,0.43,0.27,0.36,0.51,0.61
12/5/2021 15:45,4.336,2.86,15.18,3155,49.6,77,55.41,231.498916,83,89.3,87.3,85.3,82,21.42,21.04,22.95,26.25,26.04,0.43,0.27,0.36,0.5,0.61
12/5/2021 16:00,4.114,2.67,14.45,3155,49.5,76.02,56.66,120.383123,82.8,89.2,87.2,85.4,81.7,21.31,20.93,22.71,25.87,25.76,0.44,0.27,0.35,0.49,0.61
12/5/2021 16:15,3.787,2.31,13.46, ,49.8,72.79,55.08,125.971787,82.5,89.6,86.7,82.3,78.35,21.62,21.22,22.85,25.61,25.65,0.45,0.26,0.37,0.58,0.71
12/5/2021 16:30,3.664,2.24,13.02,3158,49.7,75.04,55.77,73.208223,79.06,87.9,82.2,79.65,75.79,22.54,21.92,23.92,25.43,25.68,0.57,0.32,0.53,0.66,0.8
12/5/2021 16:45,3.569,2.1,12.77,3160,49.8,77.05,57.52,46.251137,76.68,87,80,78.63,75.12,22.99,22.13,24.34,25.12,25.43,0.65,0.35,0.61,0.68,0.81
12/5/2021 17:00,3.382,1.83,12.27,3161,49.8,79.39,59.74,23.074618,75.54,86.7,79.52,77.83,74.85,23.11,22.09,24.32,24.76,25.04,0.69,0.35,0.62,0.69,0.8
12/5/2021 17:15,3.044,1.52,11.18,3162,49.9,81.09,62.4,2.856804,77.31,82.5,79.71,78.2,75.41,23.08,22.85,24.13,24.4,24.75,0.64,0.49,0.61,0.67,0.77
12/5/2021 17:30,2.694,1.22,10.03,3163,49.8,82.88,65.26,-3.060606,79.34,76.35,78.86,78.11,75.02,22.8,24.28,24.2,24.3,24.67,0.57,0.72,0.64,0.67,0.78
12/5/2021 17:45,2.402,0.97,9.07,3164,49.7,84.13,68.16,-4.868703,79.96,77.31,76.9,77.35,74.2,22.4,23.85,24.31,24.13,24.55,0.54,0.67,0.7,0.68,0.8
12/5/2021 18:00,2.166,0.78,8.28,3166,49.7,85.11,70.16,-4.04684,80.4,79.28,74.26,76.56,73.28,22.01,23.18,24.57,23.98,24.43,0.52,0.59,0.79,0.7,0.82
12/5/2021 18:15,1.897,0.64,7.3,3165,49.7,84.51,72.77,-3.882468,81.2,82.7,75.94,77.87,74.22,21.69,22.44,24.51,23.86,24.35,0.49,0.47,0.74,0.65,0.79
12/5/2021 18:30,1.643,0.38,6.51,3166,49.8,85.2,74.35,-4.375585,82.5,85.6,77.2,78.54,75.04,21.5,21.98,24.39,23.91,24.42,0.45,0.38,0.7,0.64,0.76
12/5/2021 18:45,1.536,0.38,6.06,3168,50.2,85.85,75.97,-5.033075,82.9,86.2,77.03,77.45,74.06,21.38,21.74,24.27,24.02,24.49,0.44,0.36,0.7,0.67,0.8
12/5/2021 19:00,1.472,0.38,5.79,3168,49.8,85.87,77.12,-3.882468,82.7,86.2,76.77,76.65,73.4,21.31,21.6,24.18,24.04,24.48,0.44,0.36,0.7,0.7,0.82
12/5/2021 19:15,1.424,0.19,5.79,3169,50.1,86.28,77.46,-4.868703,82.5,86.2,77.12,76.26,72.97,21.23,21.48,23.96,23.98,24.46,0.44,0.35,0.68,0.71,0.83
12/5/2021 19:30,1.394,0.26,5.59,3170,50.1,86.35,77.93,-4.70433,82.3,86.2,77.14,75.8,72.58,21.18,21.36,23.84,23.95,24.43,0.45,0.35,0.68,0.72,0.84
12/5/2021 19:45,1.373,0.26,5.5,3171,49.9,86.73,77.84,-4.375585,82.2,86.1,76.9,75.47,72.36,21.09,21.31,23.81,23.94,24.37,0.45,0.35,0.68,0.73,0.84
12/5/2021 20:00,1.323,0.13,5.43,3170,49.9,87.93,79.23,-4.539958,82.2,86,76.77,75.18,72.08,20.99,21.22,23.7,23.87,24.33,0.44,0.35,0.68,0.73,0.85
12/5/2021 20:15,1.334,0.19,5.41,3171,50.1,86.99,79.23,-4.211213,82.3,86.1,77.23,74.99,72.01,20.9,21.12,23.52,23.84,24.28,0.44,0.35,0.66,0.74,0.85
12/5/2021 20:30,1.297,0.13,5.32,3172,50.2,86.56,79.27,-5.033075,82.4,86.1,77.52,74.76,71.77,20.85,21.06,23.38,23.85,24.24,0.43,0.35,0.65,0.75,0.85
12/5/2021 20:45,1.269,0.19,5.14,3172,50.3,86.56,79.27,-4.375585,82.4,86.2,77.43,74.66,71.68,20.79,20.99,23.36,23.81,24.24,0.43,0.34,0.65,0.75,0.86
12/5/2021 21:00,1.269,0.19,5.14,3172,50.2,86.35,79.08,-4.211213,82.4,86.3,77.52,74.5,71.5,20.77,20.91,23.28,23.75,24.2,0.43,0.34,0.64,0.75,0.86
12/5/2021 21:15,1.248,0.19,5.05,3171,50.2,85.82,79.01,-4.70433,82.3,86.3,77.29,74.43,71.44,20.72,20.87,23.29,23.77,24.18,0.43,0.34,0.65,0.75,0.86
12/5/2021 21:30,1.219,0.13,4.99,3173,50.2,86.18,79.32,-4.375585,82.5,86.4,77.58,74.16,71.37,20.66,20.82,23.17,23.79,24.19,0.43,0.33,0.64,0.76,0.86
12/5/2021 21:45,1.197,0.13,4.9,3173,50.2,86.18,79.73,-4.375585,82.5,86.3,77.49,74.2,71.24,20.67,20.79,23.18,23.74,24.18,0.43,0.34,0.64,0.76,0.87
12/5/2021 22:00,1.212,0.19,4.9,3174,50.3,85.87,79.87,-4.375585,82.5,86.3,77.23,74.2,71.07,20.61,20.78,23.21,23.73,24.17,0.42,0.34,0.65,0.76,0.87
12/5/2021 22:15,1.193,0.19,4.82,3173,49.9,86.28,79.44,-4.539958,82.4,86.3,77.3,73.82,70.88,20.58,20.75,23.13,23.74,24.16,0.43,0.34,0.64,0.77,0.88
12/5/2021 22:30,1.164,0.13,4.76,3174,50.2,85.63,79.63,-4.539958,82.5,86.2,77.44,73.93,70.79,20.53,20.71,23.07,23.68,24.15,0.42,0.34,0.64,0.76,0.88
12/5/2021 22:45,1.178,0.13,4.82,3174,50.1,86.25,79.8,-4.375585,82.5,86.2,77.14,73.79,70.73,20.49,20.69,23.11,23.69,24.13,0.42,0.34,0.65,0.77,0.88
12/5/2021 23:00,1.142,0.13,4.67,3177,50.3,86.33,80.28,-4.375585,82.5,86.3,77.13,73.58,70.74,20.46,20.64,23.08,23.69,24.09,0.42,0.33,0.65,0.77,0.88
12/5/2021 23:15,1.139,0.06,4.73,3178,50.2,86.35,79.89,-4.375585,82.6,86.2,77.18,73.65,70.74,20.43,20.62,23.02,23.64,24.08,0.42,0.34,0.64,0.77,0.88
12/5/2021 23:30,1.157,0.13,4.73, ,50.3,86.35,79.89,-4.375585,82.4,86.2,77.27,73.61,70.71,20.39,20.6,22.97,23.61,24.03,0.42,0.33,0.64,0.77,0.88
12/5/2021 23:45,1.139,0.06,4.73,3177,50.2,85.92,79.92,-4.539958,82.3,86.2,77.25,73.64,70.65,20.4,20.55,22.95,23.58,24,0.42,0.33,0.64,0.77,0.88
12/6/2021 0:00,1.142,0.13,4.67,3177,50.2,85.68,80.11,-4.868703,82.2,86.2,77.36,73.42,70.53,20.38,20.53,22.88,23.61,23.99,0.43,0.33,0.63,0.77,0.88
12/6/2021 0:15,1.157,0.13,4.73,3176,50.3,86.16,79.7,-4.04684,82.2,86.1,77.28,73.27,70.43,20.34,20.51,22.85,23.59,24,0.43,0.34,0.63,0.78,0.88
12/6/2021 0:30,1.12,0.06,4.65,3177,50.3,86.06,79.63,-4.539958,82.2,86.1,77.35,73.34,70.38,20.32,20.52,22.82,23.56,24,0.42,0.34,0.63,0.77,0.88
12/6/2021 0:45,1.138,0.13,4.65,3178,50.3,85.82,79.82,-4.539958,82.3,86,77.45,73.31,70.39,20.28,20.49,22.8,23.56,23.98,0.42,0.34,0.63,0.78,0.88
12/6/2021 1:00,1.12,0.06,4.65,3177,50.3,85.61,80.01,-4.375585,82.2,86.1,77.17,73.35,70.3,20.3,20.47,22.84,23.54,23.99,0.42,0.33,0.64,0.77,0.89
12/6/2021 1:15,1.124,0,4.73,3179,50.4,86.28,79.82,-4.868703,82.1,86.2,77.27,73,70.21,20.27,20.44,22.77,23.59,23.98,0.43,0.33,0.63,0.79,0.89
12/6/2021 1:30,1.157,0.13,4.73,3178,50.3,85.66,79.66,-4.868703,82.2,86.2,77.44,73.01,70.26,20.23,20.43,22.73,23.55,23.95,0.42,0.33,0.62,0.78,0.88
12/6/2021 1:45,1.186,0.19,4.79,3179,50.3,85.35,79.39,-4.539958,82.2,86.1,77.39,73.08,70.14,20.21,20.39,22.71,23.52,23.95,0.42,0.33,0.62,0.78,0.89
12/6/2021 2:00,1.171,0.13,4.79,3179,50.2,85.61,79.23,-4.70433,82.3,86.1,77.17,73.15,70.16,20.15,20.39,22.76,23.49,23.92,0.42,0.33,0.63,0.78,0.89
12/6/2021 2:15,1.134,0.06,4.71,3179,50.2,85.85,79.46,-4.539958,82.3,86.1,77.27,73.06,70.09,20.18,20.35,22.7,23.49,23.94,0.42,0.33,0.63,0.78,0.89
12/6/2021 2:30,1.138,0.13,4.65,3180,50.2,85.9,79.89,-4.70433,82.3,86.1,77.3,73.05,70.06,20.16,20.37,22.67,23.48,23.91,0.42,0.33,0.63,0.78,0.89
12/6/2021 2:45,1.153,0.06,4.79,3180,50.2,85.73,79.32,-4.211213,82.2,86,77.24,72.69,69.97,20.14,20.35,22.68,23.56,23.92,0.42,0.33,0.63,0.79,0.89
12/6/2021 3:00,1.119,0,4.71,3180,50.3,85.85,79.46,-4.375585,82.2,86,77.04,72.78,69.94,20.09,20.38,22.76,23.52,23.93,0.42,0.34,0.64,0.79,0.89
12/6/2021 3:15,1.182,0.19,4.77,3180,50.3,84.72,79.23,-4.375585,82.5,85.9,76.88,72.73,69.9,20.07,20.38,22.79,23.52,23.95,0.41,0.34,0.64,0.79,0.9
12/6/2021 3:30,1.182,0.19,4.77,3183,50.3,84.87,79.39,-4.375585,82.4,86,77.04,72.91,69.87,20.11,20.37,22.73,23.49,23.97,0.41,0.33,0.63,0.78,0.9
12/6/2021 3:45,1.185,0.13,4.85,3183,50.4,85.15,79.23,-4.70433,82.3,85.9,76.96,72.76,69.79,20.16,20.38,22.77,23.55,23.99,0.42,0.34,0.64,0.79,0.9
12/6/2021 4:00,1.196,0.19,4.83,3182,50.5,85.06,79.15,-4.539958,82.2,85.8,76.77,72.78,69.74,20.11,20.38,22.81,23.53,23.99,0.42,0.34,0.65,0.79,0.9
12/6/2021 4:15,1.166,0,4.91,3184,50.5,85.9,79.08,-4.04684,82,85.8,76.8,72.86,69.61,20.14,20.39,22.79,23.5,23.99,0.42,0.34,0.64,0.79,0.91
12/6/2021 4:30,1.199,0.13,4.91,3184,50.7,85.85,78.65,-4.211213,82,85.9,76.87,72.87,69.56,20.1,20.37,22.72,23.45,23.98,0.42,0.34,0.64,0.78,0.91
12/6/2021 4:45,1.236,0.19,5,3184,50.4,85.35,78.6,-4.375585,82.1,85.7,76.94,72.67,69.59,20.08,20.37,22.69,23.47,23.95,0.42,0.34,0.64,0.79,0.9
12/6/2021 5:00,1.222,0.19,4.94,3184,50.4,85.35,79.01,-4.539958,82.1,85.6,76.95,72.56,69.48,20.06,20.34,22.68,23.47,23.95,0.42,0.34,0.64,0.79,0.91
12/6/2021 5:15,1.251,0.25,5,3184,50.3,85.44,78.7,-5.033075,82.1,85.7,77.05,72.59,69.52,20.05,20.33,22.66,23.46,23.95,0.42,0.34,0.63,0.79,0.91
12/6/2021 5:30,1.251,0.25,5,3184,50.3,84.44,78.6,-4.70433,82.1,85.8,77.12,72.74,69.48,20.05,20.34,22.62,23.44,23.98,0.42,0.34,0.63,0.79,0.91
12/6/2021 5:45,1.25,0.19,5.06,3185,50.3,84.72,78.05,-4.04684,82,85.7,76.9,72.84,69.47,20.02,20.32,22.69,23.41,23.98,0.42,0.34,0.64,0.78,0.91
12/6/2021 6:00,1.283,0.13,5.26,3186,50.4,85.15,77.29,-4.211213,82.2,85.8,77.04,72.71,69.5,20,20.33,22.68,23.44,23.98,0.42,0.34,0.63,0.79,0.91
12/6/2021 6:15,1.313,0.25,5.26,3186,50.3,84.92,77.84,-4.539958,82.2,85.8,76.8,72.66,69.35,19.99,20.33,22.72,23.43,24.02,0.42,0.34,0.64,0.79,0.92
12/6/2021 6:30,1.364,0.31,5.41,3187,50.2,83.89,76.95,-4.211213,82,85.7,76.45,72.49,69.18,19.98,20.35,22.76,23.44,24,0.42,0.34,0.65,0.79,0.92
12/6/2021 6:45,1.37,0.25,5.5, ,50.3,84.51,77.12,-4.375585,82,85.5,76.39,72.31,69.1,19.97,20.34,22.74,23.46,23.98,0.42,0.35,0.65,0.8,0.92
12/6/2021 7:00,1.363,0.25,5.47,3187,50.7,83.91,76.6,-4.04684,81.9,85.4,76.48,72.29,68.99,19.95,20.33,22.7,23.45,23.98,0.42,0.35,0.65,0.8,0.92
12/6/2021 7:15,1.417,0.19,5.76,3187,50.8,84.44,75.93,2.692431,79.58,82.3,76.02,72.19,68.56,20.62,20.95,22.7,23.36,23.95,0.5,0.44,0.66,0.8,0.94
12/6/2021 7:30,1.634,0.38,6.47,3187,50.4,84.25,74.3,12.719152,69.2,79.79,74.26,71.9,68.44,22.39,21.19,22.83,23.08,23.6,0.83,0.51,0.72,0.79,0.92
12/6/2021 7:45,2.301,0.91,8.71,3187,50.6,79.23,67.97,46.086765,65.79,79.8,72.93,71.08,68.06,22.6,20.84,22.78,22.9,23.31,0.94,0.5,0.75,0.81,0.91
12/6/2021 8:00,3.382,1.86,12.24,3187,50.6,75.04,57.4,86.522393,65.28,80.2,72.16,70.58,67.02,22.44,20.71,22.89,22.92,23.49,0.94,0.48,0.78,0.82,0.95
12/6/2021 8:15,4.684,3.51,15.95,3186,50.6,70.91,52.35,89.481098,65,79.72,71.97,70.77,65.76,22.36,20.9,23.17,23.16,23.86,0.95,0.5,0.8,0.83,1.01
12/6/2021 8:30,5.175,4.96,16.46,3185,50.7,66.27,50.42,94.412272,64.93,79.02,70.68,70.57,66.28,22.41,21.26,23.51,23.63,24.48,0.95,0.53,0.85,0.86,1.04
12/6/2021 8:45,6.853,6.09,22.31,3183,50.4,63.52,49.92,118.410653,64.95,77.5,69.67,69.89,78.35,22.61,21.78,23.82,24.09,25.85,0.96,0.59,0.9,0.9,0.72
12/6/2021 9:00,7.75,6.3,25.86,3180,50.3,58.59,49.18,124.492435,65.26,76.49,68.94,69.85,81.7,22.75,22.12,24.18,24.49,27.84,0.96,0.63,0.94,0.93,0.69
12/6/2021 9:15,9.305,7.72,30.88,3176,50.6,58.81,51.09,144.874622,65.94,75.69,68.7,70.42,75.75,22.87,22.48,24.46,24.84,28.86,0.95,0.66,0.96,0.93,0.96
12/6/2021 9:30,10.237,8.18,34.31,3172,50.2,56.44,51.69,197.145069,66.56,75.39,69.09,70.29,77.67,22.97,22.69,24.59,25.17,29.66,0.94,0.68,0.96,0.95,0.93
12/6/2021 9:45,10.443,8.39,34.95,3169,50.5,56.08,52.81,243.00499,67.22,75.22,69.65,71.94,78.19,23.1,22.89,24.84,25.63,30.8,0.93,0.69,0.95,0.92,0.97
12/6/2021 10:00,10.842,8.65,36.35,3164,50.2,55.75,53.55,192.378267,67.83,75.32,69.72,73.75,76.32,23.21,23.12,25.09,26.17,31.65,0.92,0.7,0.96,0.89,1.1
12/6/2021 10:15,11.074,8.77,37.2,3159,50.1,56.2,54.2,332.423616,68.49,75.36,70.74,74.18,72,23.33,23.32,25.41,26.7,32.14,0.9,0.71,0.95,0.9,1.34
12/6/2021 10:30,10.941,9.31,36.06,3157,49.8,56.92,55.56,468.524025,69.19,75.86,71.33,74.69,73.39,23.43,23.47,25.7,27.14,32.43,0.89,0.7,0.95,0.91,1.3
12/6/2021 10:45,11.109,9.4,36.67,3152,49.7,57.33,56.18,220.650333,69.85,76.3,71.71,74.92,71.78,23.51,23.55,25.89,27.53,32.39,0.87,0.69,0.94,0.92,1.37
12/6/2021 11:00,11.667,9.4,39.02,3150,49.4,57.3,56.13,253.031711,70.49,76.92,72.37,75.24,71.83,23.58,23.63,26.01,27.89,32.32,0.86,0.67,0.93,0.93,1.36
12/6/2021 11:15,11.47,9.26,38.34,3148,49.5,57.23,55.63,238.238188,71.16,77.22,72.68,75.36,71.05,23.66,23.76,26.13,28.21,32.44,0.84,0.67,0.93,0.94,1.41
12/6/2021 11:30,11.212,9.17,37.35,3147,49,57.16,54.89,263.058431,71.79,77.64,73.1,75.52,69.2,23.75,23.85,26.24,28.46,32.17,0.83,0.66,0.92,0.95,1.48
12/6/2021 11:45,11.111,8.97,37.14,3147,49.3,58.26,54.55,277.194464,72.47,77.97,73.98,75.57,67.26,23.79,23.96,26.32,28.65,31.31,0.81,0.66,0.89,0.96,1.5
12/6/2021 12:00,10.556,8.88,34.9,3148,48.3,58.57,54.2,676.290834,72.9,78.34,74.43,75.92,68.2,23.85,24.05,26.41,28.75,30.45,0.8,0.65,0.88,0.95,1.38
12/6/2021 12:15,10.469,8.65,34.78,3148,48.1,59.31,53.33,568.955607,73.3,78.65,75.17,76.57,69.12,23.91,24.12,26.4,28.83,30.04,0.79,0.64,0.85,0.93,1.31
12/6/2021 12:30,9.982,8.37,33.03,3147,47.7,60.03,53.31,373.023617,73.71,79.13,75.28,76.62,70.11,23.93,24.13,26.45,28.9,29.72,0.78,0.63,0.85,0.93,1.25
12/6/2021 12:45,9.544,8.2,31.37,3148,47.2,60.22,52.86,320.75317,73.94,79.27,75.82,76.92,71.08,23.96,24.16,26.48,28.94,29.5,0.78,0.62,0.84,0.92,1.19
12/6/2021 13:00,8.939,7.83,29.22,3148,47,61.53,52.24,287.54993,74.37,79.8,76.18,77.45,72.24,23.99,24.18,26.53,28.95,29.28,0.76,0.61,0.83,0.9,1.13
12/6/2021 13:15,8.569,7.22,28.32,3149,46.7,62.75,51.35,269.797703,74.75,80.1,76.76,77.59,73.12,23.98,24.18,26.53,28.92,29.05,0.75,0.6,0.81,0.89,1.08
12/6/2021 13:30,7.64,6.66,25.01,3151,46.7,63.83,50.92,513.726456,74.98,80.5,77.14,78.14,74.03,24.03,24.14,26.51,28.91,28.86,0.75,0.59,0.79,0.87,1.03
12/6/2021 13:45,6.92,6.08,22.6,3154,46.7,65.5,50.42,277.030092,75.2,81,77.93,78.38,74.6,24,24.05,26.5,28.89,28.68,0.74,0.57,0.76,0.86,1
12/6/2021 14:00,5.885,5.48,18.89, ,47.1,67.08,50.49,243.00499,75.26,81.1,77.94,78.64,75.22,23.99,24.03,26.35,28.82,28.53,0.74,0.56,0.76,0.85,0.97
12/6/2021 14:15,5.408,5.09,17.3,3157,46.7,69.11,51.02,235.443856,75.49,81.3,78.19,78.76,75.74,23.99,24.05,26.46,28.75,28.34,0.73,0.56,0.75,0.84,0.94
12/6/2021 14:30,3.912,4.58,11.55,3160,46.9,70.02,51.78,409.678679,75.64,81.6,78.39,79.26,76.14,23.96,23.99,26.47,28.58,28.18,0.73,0.55,0.75,0.81,0.91
12/6/2021 14:45,5.202,4.18,17.41,3162,47.5,71.84,52.04,217.856001,75.67,81.9,78.68,78.97,76.38,23.93,23.86,26.42,28.47,27.99,0.72,0.54,0.73,0.82,0.89
12/6/2021 15:00,5.019,3.91,16.93,3163,47,72.7,53,195.830089,75.6,82.3,78.21,79.29,76.48,23.91,23.78,26.4,28.22,27.82,0.72,0.52,0.75,0.79,0.88
12/6/2021 15:15,4.854,3.69,16.47,3164,47.5,73.94,53.07,202.569361,75.52,82.3,77.23,79.55,76.74,23.91,23.71,26.22,28.05,27.67,0.73,0.52,0.78,0.78,0.86
12/6/2021 15:30,4.663,3.36,16.02,3166,47.2,74.52,53.88,145.696484,75.39,82.5,78.03,79.65,76.43,23.87,23.62,26.08,27.82,27.52,0.73,0.51,0.74,0.76,0.87
12/6/2021 15:45,4.584,3.2,15.86,3167,47.4,75.76,54.6,244.484342,75.21,82.5,77.64,79.09,75.88,23.81,23.51,25.88,27.43,27.21,0.73,0.51,0.75,0.76,0.87
12/6/2021 16:00,4.459,3.15,15.39,3168,48.1,76.31,55.18,125.807415,74.89,82.5,77.96,79.38,75.89,23.72,23.37,25.73,27.01,26.97,0.74,0.5,0.73,0.74,0.86
12/6/2021 16:15,4.251,2.8,14.89,3170,48.5,76.95,55.53,100.822799,74.92,82.6,77.74,79.07,75.39,23.64,23.27,25.59,26.73,26.8,0.73,0.5,0.73,0.73,0.87
12/6/2021 16:30,4.036,2.6,14.2,3171,48.9,77.27,56.85,77.153162,74.75,82.6,78.01,78.15,74.77,23.59,23.23,25.46,26.3,26.41,0.74,0.5,0.72,0.75,0.87
12/6/2021 16:45,3.775,2.31,13.41,3171,49.1,79.46,58.47,30.964497,74.52,83.1,77.97,77.35,74.41,23.54,23.09,25.33,25.74,25.88,0.74,0.48,0.71,0.75,0.85
12/6/2021 17:00,3.525,1.99,12.7,3173,49.3,80.44,60.12,28.005792,74.36,84.1,77.4,76.98,74.18,23.48,22.83,25.07,25.14,25.32,0.74,0.44,0.72,0.74,0.83
12/6/2021 17:15,3.158,1.67,11.5,3175,49.7,81.5,62.06,2.034941,76.19,81.3,78.29,77.38,74.56,23.49,23.43,24.73,24.75,25.1,0.69,0.54,0.68,0.71,0.81
12/6/2021 17:30,2.834,1.35,10.48,3176,49.8,82.62,65,-3.553723,77.54,75.41,78.61,77.62,74.24,23.36,24.77,24.57,24.66,25.12,0.64,0.77,0.66,0.69,0.82
12/6/2021 17:45,2.579,1.17,9.6,3178,49.6,83.84,67.01,-4.04684,77.88,75.53,77.65,76.95,73.63,23.12,24.6,24.5,24.52,24.99,0.63,0.76,0.69,0.71,0.83
12/6/2021 18:00,2.408,1.05,9.01,3178,50.1,84.6,69.14,-4.375585,78.36,76.54,75.67,76.11,72.82,22.77,24.13,24.63,24.38,24.86,0.6,0.71,0.75,0.73,0.85
12/6/2021 18:15,2.046,0.71,7.85,3182,49.8,84.34,71.55,-4.70433,79.45,80.8,76.42,77.45,73.96,22.4,23.38,24.87,24.27,24.77,0.56,0.55,0.74,0.68,0.81
12/6/2021 18:30,1.857,0.64,7.13,3182,49.7,84.39,73.66,-3.882468,81.3,84.3,76.65,78.7,75.1,22.2,22.8,25.01,24.27,24.81,0.5,0.44,0.74,0.65,0.78
12/6/2021 18:45,1.678,0.45,6.58,3184,49.6,84.77,74.68,-4.375585,81.8,85,75.95,77.73,74.29,22.08,22.55,25,24.39,24.86,0.48,0.41,0.76,0.68,0.81
12/6/2021 19:00,1.607,0.45,6.28,3184,49.9,85.87,75.59,-4.04684,81.7,85.2,75.96,77.18,73.72,22.02,22.38,24.88,24.39,24.88,0.48,0.4,0.76,0.7,0.83
12/6/2021 19:15,1.541,0.39,6.07,3186,49.8,85.75,76.24,-4.539958,81.6,85.3,76.06,76.75,73.42,21.93,22.26,24.77,24.36,24.85,0.48,0.39,0.75,0.71,0.83
12/6/2021 19:30,1.488,0.32,5.92,3185,49.6,85.75,76.98,-4.211213,81.5,85.3,75.88,76.18,73.02,21.86,22.18,24.67,24.38,24.83,0.48,0.39,0.75,0.73,0.85
12/6/2021 19:45,1.474,0.32,5.86,3186,49.9,86.35,77.86,-4.868703,81.4,85.1,75.98,75.83,72.63,21.77,22.12,24.56,24.35,24.8,0.48,0.4,0.74,0.74,0.86
12/6/2021 20:00,1.456,0.39,5.71,3187,49.6,85.68,77.7,-4.211213,81.5,85,75.96,75.6,72.38,21.67,22.01,24.47,24.3,24.76,0.48,0.4,0.74,0.74,0.86
12/6/2021 20:15,1.417,0.32,5.62,3189,49.9,85.87,77.86,-4.375585,81.5,85.1,75.83,75.26,72.22,21.59,21.94,24.42,24.33,24.72,0.48,0.39,0.74,0.75,0.87
12/6/2021 20:30,1.394,0.26,5.59,3190,49.9,85.94,77.93,-4.539958,81.7,85.3,76.15,75.21,72.13,21.54,21.88,24.3,24.29,24.71,0.47,0.39,0.72,0.75,0.87
12/6/2021 20:45,1.395,0.32,5.53,3189,49.7,85.32,78.17,-4.375585,81.8,85.4,76.03,75.08,72.02,21.5,21.83,24.3,24.26,24.72,0.47,0.38,0.73,0.76,0.87
12/6/2021 21:00,1.305,0.19,5.29,3190,50.1,86.13,78.46,-5.197448,81.9,85.4,76.45,74.93,71.96,21.47,21.8,24.17,24.28,24.71,0.46,0.38,0.71,0.76,0.87
12/6/2021 21:15,1.299,0.25,5.2, ,50.1,85.49,78.72,-4.539958,81.9,85.4,76.42,74.94,71.9,21.45,21.76,24.17,24.27,24.7,0.46,0.38,0.71,0.76,0.87
12/6/2021 21:30,1.284,0.19,5.2,3190,50.1,85.44,78.68,-4.375585,82,85.5,76.74,74.97,71.91,21.43,21.74,24.1,24.27,24.69,0.46,0.38,0.7,0.76,0.87
12/6/2021 21:45,1.263,0.25,5.05,3192,50.1,85.9,79.08,-4.211213,82.1,85.7,77.06,74.88,71.86,21.43,21.7,24.02,24.27,24.7,0.46,0.37,0.69,0.76,0.88
12/6/2021 22:00,1.2,0,5.05,3193,49.8,87.09,78.89,-4.70433,82.1,85.8,77.2,74.75,71.83,21.42,21.66,23.94,24.29,24.68,0.46,0.37,0.68,0.77,0.88
12/6/2021 22:15,1.246,0.19,5.04,3193,49.7,86.68,80.16,-4.70433,82.1,85.8,77.13,74.82,71.86,21.41,21.68,23.96,24.27,24.68,0.46,0.37,0.68,0.76,0.87
12/6/2021 22:30,1.227,0.19,4.96,3196,49.6,86.04,79.97,-4.539958,82.3,85.8,77.35,74.85,71.81,21.38,21.65,23.93,24.26,24.7,0.45,0.37,0.67,0.76,0.88
12/6/2021 22:45,1.237,0.26,4.93,3196,49.7,85.87,79.85,-3.882468,82.3,85.9,77.11,74.78,71.74,21.33,21.62,23.96,24.27,24.68,0.45,0.36,0.68,0.76,0.88
12/6/2021 23:00,1.183,0.13,4.84,3196,49.7,85.87,79.85,-4.539958,82.3,85.9,77.13,74.57,71.7,21.34,21.6,23.93,24.3,24.7,0.45,0.36,0.68,0.77,0.88
12/6/2021 23:15,1.212,0.19,4.9,3197,49.9,85.94,79.92,-5.033075,82.3,85.9,77.11,74.42,71.6,21.34,21.57,23.89,24.3,24.68,0.45,0.36,0.68,0.78,0.88
12/6/2021 23:30,1.183,0.13,4.84,3195,50.1,85.97,79.94,-4.211213,82.2,85.8,77.45,74.44,71.43,21.32,21.57,23.77,24.26,24.69,0.45,0.37,0.66,0.77,0.89
12/6/2021 23:45,1.151,0.06,4.78,3197,49.6,86.23,80.16,-4.211213,82.2,85.7,77.25,74.25,71.37,21.27,21.59,23.83,24.29,24.68,0.45,0.37,0.67,0.78,0.89
12/7/2021 0:00,1.183,0.13,4.84,3197,49.9,86.92,79.99,-4.70433,82.4,85.6,77.24,74.42,71.43,21.27,21.59,23.82,24.24,24.67,0.45,0.37,0.67,0.77,0.89
12/7/2021 0:15,0.928,-0.46,4.4,3196,49.7,92.04,77.36,-5.033075,83.7,87.4,78.62,78.19,72.52,21.26,21.57,23.97,23.9,24.64,0.41,0.32,0.64,0.65,0.85
12/7/2021 0:30,0.998,-0.4,4.63,3196,49.6,78.94,78.56,-3.882468,85.9,90.5,82.8,82.5,75.26,20.88,21.04,23.29,23.22,24.33,0.35,0.24,0.49,0.5,0.75
12/7/2021 0:45,0.976,0,4.11,3198,49.8,90.01,84.82,-4.375585,86.8,92,84.5,83,76.78,20.7,20.7,22.86,23.19,24.14,0.32,0.2,0.43,0.48,0.7
12/7/2021 1:00,0.916,-0.06,3.92,3200,49.9,88.72,84.99,-4.211213,87.3,92.7,84.3,81.9,76.26,20.6,20.57,22.88,23.34,24.19,0.31,0.18,0.44,0.52,0.72
12/7/2021 1:15,0.573,-0.77,3.24,3203,49.8,89.79,79.56,-4.868703,87.7,93.1,84,83,76.29,20.64,20.56,23.14,23.29,24.24,0.3,0.17,0.45,0.49,0.72
12/7/2021 1:30,0.687,-0.64,3.58,3204,49.8,81.16,80.76,-4.375585,88,93.6,85.9,84.5,77.08,20.62,20.46,22.78,23.01,24.12,0.29,0.15,0.39,0.44,0.69
12/7/2021 1:45,0.703,-0.26,3.24,3205,50.1,90.46,86.61,-4.539958,88.1,93.8,86.1,83.8,77.45,20.49,20.32,22.62,23.09,24.04,0.29,0.15,0.38,0.46,0.67
12/7/2021 2:00,0.716,-0.19,3.22,3204,49.9,88.79,86.42,-4.539958,88.3,94,85.1,82.3,76.82,20.47,20.28,22.74,23.36,24.15,0.28,0.14,0.41,0.51,0.7
12/7/2021 2:15,0.443,-0.76,2.68,3208,50.2,88.52,80.92,-4.868703,88.4,94.1,84.8,83.4,76.71,20.49,20.32,23,23.27,24.21,0.28,0.14,0.43,0.47,0.7
12/7/2021 2:30,0.506,-0.52,2.69,3207,49.8,91.01,85.27,-4.211213,88.4,94.3,86.9,84.3,77.1,20.41,20.22,22.52,23.03,24.12,0.28,0.14,0.36,0.44,0.69
12/7/2021 2:45,0.613,-0.26,2.86,3208,50.1,90.25,87.83,-4.375585,88.5,94.5,86,83.6,77.32,20.4,20.19,22.67,23.12,24.05,0.28,0.13,0.39,0.46,0.68
12/7/2021 3:00,0.684,-0.12,3.01,3207,50.1,88.57,87.14,-4.211213,88.5,94.5,85.2,82.3,76.59,20.25,20.06,22.67,23.29,24.12,0.27,0.13,0.41,0.51,0.7
12/7/2021 3:15,0.662,-0.19,2.99,3209,50.2,88.62,86.71,-4.868703,88.6,94.4,84.5,81.4,76,20.15,20,22.72,23.34,24.16,0.27,0.13,0.43,0.53,0.72
12/7/2021 3:30,0.681,-0.18,3.06,3208,50.2,88.09,86.23,-4.539958,88.6,94.4,83.8,80.6,75.49,20.06,19.94,22.8,23.44,24.19,0.27,0.13,0.45,0.56,0.74
12/7/2021 3:45,0.677,-0.25,3.12,3210,49.7,88.31,86.45,-4.868703,88.7,94.3,83.5,80.1,75.18,19.98,19.92,22.79,23.48,24.22,0.26,0.13,0.46,0.58,0.75
12/7/2021 4:00,0.693,-0.18,3.11,3210,50.1,86.92,85.99,-4.539958,88.7,94.2,83.2,79.75,74.93,19.97,19.91,22.82,23.5,24.25,0.26,0.13,0.47,0.59,0.76
12/7/2021 4:15,0.722,-0.12,3.17,3210,49.8,86.85,85.49,-4.539958,88.7,94.1,82.7,79.04,74.72,19.92,19.89,22.9,23.61,24.26,0.26,0.14,0.48,0.61,0.77
12/7/2021 4:30,0.683,-0.18,3.07, ,50.2,86.45,85.08,-4.868703,88.7,93.9,82.5,78.62,74.53,19.9,19.93,22.92,23.67,24.27,0.26,0.14,0.49,0.63,0.77
12/7/2021 4:45,0.7,-0.18,3.14,3212,50.2,86.16,84.34,-4.70433,88.6,93.6,82.3,78.42,74.37,19.89,19.96,22.93,23.68,24.31,0.26,0.15,0.5,0.63,0.78
12/7/2021 5:00,0.714,-0.18,3.2,3213,50.1,86.23,83.96,-4.375585,88.5,93.4,82.1,78.33,74.18,19.92,20.01,23.02,23.73,24.36,0.27,0.15,0.5,0.64,0.79
12/7/2021 5:15,0.731,-0.18,3.27,3213,50.1,86.25,84.01,-4.375585,88.4,93.1,82,77.8,73.96,19.91,20.08,23.05,23.85,24.45,0.27,0.16,0.51,0.66,0.8
12/7/2021 5:30,0.733,-0.18,3.28,3214,50.3,86.23,83.96,-4.539958,88.3,92.9,81.8,77.74,73.77,19.95,20.13,23.08,23.87,24.47,0.27,0.17,0.51,0.66,0.81
12/7/2021 5:45,0.784,-0.12,3.43,3215,50.2,86.4,83.7,-4.539958,88.1,92.6,81.5,77.6,73.57,19.96,20.17,23.14,23.86,24.52,0.28,0.17,0.52,0.66,0.81
12/7/2021 6:00,0.764,-0.18,3.41,3215,50.3,86.47,83.31,-4.211213,88,92.5,81.5,77.32,73.45,20.01,20.2,23.12,23.92,24.53,0.28,0.18,0.52,0.67,0.82
12/7/2021 6:15,0.765,-0.25,3.49,3216,50.4,86.88,83.29,-4.868703,87.7,92.1,81.1,77.13,73.21,20.03,20.23,23.22,23.93,24.56,0.29,0.19,0.54,0.68,0.83
12/7/2021 6:30,0.851,-0.12,3.71,3216,50.1,86.47,82.88,-4.70433,87.5,91.9,80.7,76.63,72.96,20.03,20.25,23.23,23.94,24.55,0.29,0.19,0.55,0.69,0.83
12/7/2021 6:45,0.851,-0.12,3.71,3216,50.2,86.4,82.81,-4.375585,87.3,91.4,80.6,76.76,72.81,20.03,20.26,23.2,23.86,24.52,0.3,0.2,0.55,0.69,0.84
12/7/2021 7:00,0.872,-0.12,3.8,3216,50.3,86.4,82.81,-3.553723,87.1,91.1,80.5,76.62,72.82,20.04,20.29,23.16,23.85,24.5,0.3,0.21,0.55,0.69,0.84
12/7/2021 7:15,0.871,-0.05,3.72,3218,50.2,83.19,81.47,-0.101901,86.9,88,79.92,77.02,72.94,20.78,21.25,23.47,23.92,24.62,0.32,0.3,0.58,0.68,0.84
12/7/2021 7:30,0.876,-0.05,3.74,3219,50.3,82.88,80.37,9.431703,79.24,82.9,80.3,77.67,73.13,22.97,22.59,23.63,24.01,24.8,0.58,0.47,0.57,0.67,0.84
12/7/2021 7:45,1.114,0.12,4.56,3219,50.3,81.86,77.43,24.882715,75.68,82.6,80.2,77.63,73.25,23.8,22.81,23.76,24.14,24.9,0.72,0.48,0.58,0.67,0.84
12/7/2021 8:00,1.176,0.12,4.82,3219,50.3,81.78,76.21,49.045469,73.47,82.9,80.1,77.72,73.12,24.21,22.9,23.96,24.3,25.06,0.8,0.48,0.59,0.68,0.85
12/7/2021 8:15,1.237,0.12,5.08,3219,50.4,81.62,75.69,56.277858,72.54,83,80.2,77.82,73.47,24.55,23.02,24.13,24.45,25.18,0.85,0.48,0.6,0.68,0.85
12/7/2021 8:30,1.334,0.24,5.36,3218,50.4,81.38,74.04,76.660045,72.55,83.5,80.3,78.21,73.82,24.71,23.11,24.28,24.56,25.28,0.85,0.47,0.6,0.67,0.84
12/7/2021 8:45,1.472,0.36,5.81,3220,50.4,80.37,72.84,86.522393,73.04,84.1,80.6,78.59,74.22,24.8,23.18,24.42,24.7,25.41,0.84,0.45,0.59,0.67,0.84
12/7/2021 9:00,1.627,0.42,6.4,3219,50.4,79.7,70.57,112.328872,73.57,84.3,80.8,78.93,74.43,24.9,23.38,24.63,24.86,25.61,0.83,0.45,0.59,0.66,0.84
12/7/2021 9:15,1.975,0.71,7.55,3219,50.4,77.96,66.96,143.230897,74.2,84.7,81,79.31,74.82,25,23.57,24.84,25.06,25.79,0.82,0.44,0.6,0.66,0.84
12/7/2021 9:30,2.187,0.77,8.38,3220,50.5,77.53,64.31,119.396888,74.66,85.1,81.5,79.74,75.1,25.2,23.8,25.06,25.27,26.03,0.81,0.44,0.59,0.65,0.84
12/7/2021 9:45,2.597,1.24,9.6,3220,50.3,76.14,61.37,174.62604,74.78,85.3,81.8,80.2,75.56,25.4,24.02,25.27,25.48,26.22,0.82,0.44,0.59,0.65,0.83
12/7/2021 10:00,3.596,2.25,12.72,3219,50.4,71.07,53.91,252.538593,74.97,85.8,82.1,80.6,75.44,25.57,24.18,25.44,25.67,26.55,0.82,0.43,0.58,0.64,0.85
12/7/2021 10:15,4.385,3.36,14.85,3219,50.4,67.87,51.23,392.748314,75.87,85.7,82.3,80.9,75.77,25.82,24.56,25.82,26.13,27.39,0.8,0.44,0.59,0.65,0.88
12/7/2021 10:30,4.625,3.76,15.43,3218,50.3,67.56,50.82,443.210664,77.5,85.9,82.9,82.1,76.88,25.96,24.97,26.18,26.48,27.98,0.75,0.45,0.58,0.62,0.87
12/7/2021 10:45,4.603,3.72,15.38,3218,50.1,68.16,51.02,236.265718,78.58,86.2,83.4,83.2,78.04,26.08,25.25,26.41,26.68,28.21,0.72,0.44,0.57,0.59,0.84
12/7/2021 11:00,4.273,4.55,13.1,3217,50.2,66.91,50.23,291.987987,79.13,86.5,83.9,84.4,80.3,26.13,25.36,26.51,26.75,28.45,0.71,0.44,0.56,0.55,0.76
12/7/2021 11:15,3.328,4.32,9.37,3216,50.2,68.28,50.66,205.85681,79.91,86.9,84.3,86.5,80.3,26.27,25.57,26.71,27.27,29.57,0.69,0.43,0.55,0.49,0.82
12/7/2021 11:30,4.906,4.12,16.23,3217,50.2,68.59,50.85,219.499726,80.6,87.1,84.8,85.5,77.85,26.35,25.73,26.83,27.63,29.23,0.67,0.43,0.54,0.54,0.9
12/7/2021 11:45,4.835,3.95,16.11, ,50.2,69.57,51.47,322.232523,80.9,87.3,84.9,85.4,78.67,26.41,25.83,26.92,27.64,28.82,0.66,0.42,0.54,0.54,0.85
12/7/2021 12:00,3.907,4.55,11.56,3215,50.2,68.75,50.99,320.75317,81.1,87.3,85,86.5,79.95,26.49,25.89,27,27.65,28.84,0.65,0.42,0.53,0.5,0.8
12/7/2021 12:15,4.628,3.53,15.69,3216,50.2,72.2,52.47,171.502963,81.5,87.5,85.4,86.5,79.59,26.56,26.03,27.08,27.91,29.06,0.64,0.42,0.52,0.51,0.82
12/7/2021 12:30,4.446,3.2,15.28,3217,50.2,74.35,53.33,109.863285,81.6,87.7,85.7,85.3,80.3,26.54,25.94,27.06,27.59,28.52,0.64,0.41,0.51,0.54,0.77
12/7/2021 12:45,4.632,3.49,15.75,3216,50.2,74.16,53.67,220.321588,81.3,87.6,85.4,85.8,80.5,26.47,25.89,26.94,27.24,28.22,0.65,0.41,0.52,0.51,0.75
12/7/2021 13:00,4.155,4.6,12.55,3217,50.2,70.52,51.85,362.996896,81.1,87.6,85.5,88,81.1,26.5,25.85,26.92,27.27,28.54,0.65,0.41,0.51,0.43,0.74
12/7/2021 13:15,5.075,4.13,16.93,3216,50.2,71.07,52.02,260.921589,81.9,88.3,86.3,89,81.4,26.59,25.96,27.02,28.01,29.27,0.63,0.39,0.49,0.42,0.76
12/7/2021 13:30,4.269,3,14.75,3216,49.9,74.87,53.67,126.958022,82.6,88.8,86.9,87.1,81.4,26.67,26.06,27.14,28.35,29.18,0.61,0.38,0.47,0.5,0.75
12/7/2021 13:45,4.527,3.37,15.44,3216,49.9,73.75,53.43,320.917543,82.5,88.7,87,86.5,81.7,26.71,26.09,27.17,28.09,28.75,0.61,0.38,0.47,0.51,0.72
12/7/2021 14:00,4.098,2.73,14.32,3216,49.9,75.16,54.27,161.476242,82.6,88.8,87,88.3,83,26.85,26.16,27.22,28.23,29,0.61,0.38,0.47,0.45,0.68
12/7/2021 14:15,3.843,2.41,13.59,3216,50.1,75.62,55.89,313.027664,82.8,89,87.2,87.6,83,26.86,26.2,27.29,28.37,28.97,0.61,0.37,0.46,0.48,0.68
12/7/2021 14:30,3.686,2.25,13.1,3217,49.7,76.88,57.33,224.4309,82.9,89,87.2,88.1,83.5,26.89,26.25,27.36,28.37,28.94,0.61,0.38,0.47,0.46,0.66
12/7/2021 14:45,3.506,2.01,12.6,3217,50.2,78.58,57.92,250.894868,83,89.2,87.3,87.8,83.4,26.93,26.25,27.39,28.47,29.01,0.6,0.37,0.46,0.47,0.67
12/7/2021 15:00,3.349,1.85,12.11,3218,49.9,77.05,58.67,203.88434,83.1,89.4,87.4,88.2,83.8,26.96,26.27,27.39,28.45,29,0.6,0.36,0.46,0.46,0.65
12/7/2021 15:15,3.316,1.86,11.96,3217,49.9,78.08,59.31,213.582317,83.3,89.5,87.6,88.7,84.1,26.98,26.29,27.42,28.63,29.11,0.59,0.36,0.45,0.44,0.64
12/7/2021 15:30,3.172,1.68,11.55,3216,49.9,79.13,60.27,210.459239,83.5,89.7,87.9,89,84.2,27.08,26.36,27.44,28.86,29.36,0.59,0.35,0.44,0.44,0.65
12/7/2021 15:45,3.016,1.57,11.01,3218,49.9,80.01,61.32,173.475433,83.8,89.9,88.3,88.9,84,27.11,26.41,27.49,29.03,29.56,0.58,0.35,0.43,0.45,0.66
12/7/2021 16:00,2.88,1.39,10.63,3219,50.1,81.04,62.83,124.16369,83.7,90,88.3,88.4,83.4,27.13,26.41,27.5,29.07,29.6,0.59,0.34,0.43,0.47,0.69
12/7/2021 16:15,2.684,1.23,9.98,3219,49.7,82.95,64.93,133.204176,83.6,89.9,88.3,87.9,83.1,27.12,26.37,27.46,28.92,29.51,0.59,0.35,0.43,0.48,0.7
12/7/2021 16:30,2.51,1.05,9.44,3220,49.9,84.7,66.99,89.316725,83.4,89.8,88.2,87.4,82.7,27.04,26.29,27.34,28.63,29.22,0.59,0.35,0.43,0.49,0.7
12/7/2021 16:45,2.281,0.85,8.69,3221,49.7,85.94,69.76,43.949922,83.2,89.7,88.1,87,82.8,26.89,26.12,27.18,28.22,28.78,0.6,0.35,0.43,0.5,0.68
12/7/2021 17:00,2.025,0.6,7.88,3221,49.7,88.17,72.7,23.89648,82.9,89.6,88,86.5,82.7,26.73,25.91,26.97,27.72,28.23,0.6,0.35,0.43,0.5,0.66
12/7/2021 17:15,1.804,0.48,7.08,3222,49.6,91.2,77.12,0.555589,82,89.1,87.9,86.5,83.1,26.41,25.56,26.71,27.14,27.59,0.62,0.36,0.42,0.49,0.62
12/7/2021 17:30,1.57,0.28,6.31,3223,49.6,92.25,79.92,-3.882468,81.5,88.6,87.7,87.1,83.7,26.01,25.2,26.29,26.5,26.87,0.62,0.37,0.42,0.45,0.58
12/7/2021 17:45,1.423,0.14,5.84,3224,49.7,92.97,82.12,-4.539958,81.1,87.4,87.5,87.3,84,25.7,25.05,25.79,25.93,26.3,0.62,0.4,0.41,0.43,0.55
12/7/2021 18:00,1.266,0,5.33,3224,49.6,94.31,84.56,-4.70433,81.2,85.1,87.2,87,83.4,25.15,25.17,25.36,25.46,25.95,0.6,0.48,0.41,0.42,0.56
12/7/2021 18:15,1.173,0,4.94,3226,49.8,94.24,85.82,-4.211213,82.3,84.9,85.6,86.3,82.4,24.49,24.88,25.3,25.18,25.75,0.54,0.47,0.46,0.44,0.58
12/7/2021 18:30,1.093,0,4.6,3227,49.7,93.16,86.73,-4.04684,83.2,86.4,83.2,85.4,81.4,23.94,24.19,25.47,25.04,25.61,0.5,0.41,0.55,0.46,0.61
12/7/2021 18:45,1.055,0,4.44,3226,49.6,93.76,86.8,-4.70433,83.9,87.4,81.7,84.4,80.5,23.49,23.65,25.5,24.93,25.49,0.47,0.37,0.6,0.49,0.64
12/7/2021 19:00,0.976,-0.13,4.25, ,49.8,93.21,86.78,-4.211213,84.3,88.3,81.1,83.5,79.78,23.11,23.18,25.35,24.81,25.36,0.44,0.33,0.61,0.52,0.65
12/7/2021 19:15,0.973,-0.06,4.16,3227,49.8,92.73,87.28,-4.375585,84.6,88.7,80.8,82.8,79.19,22.8,22.84,25.18,24.71,25.24,0.43,0.31,0.61,0.54,0.67
12/7/2021 19:30,0.919,-0.13,4.01,3229,50.2,92.47,87.52,-4.70433,84.8,89,80.6,82,78.64,22.52,22.58,25.02,24.65,25.15,0.41,0.3,0.62,0.56,0.68
12/7/2021 19:45,0.878,-0.19,3.9,3229,49.9,91.68,87.76,-4.375585,85.1,89.2,80.2,81.6,78.28,22.3,22.37,24.95,24.56,25.08,0.4,0.29,0.63,0.57,0.69
12/7/2021 20:00,0.835,-0.19,3.72,3232,49.9,91.78,87.83,-4.375585,85.3,89.3,80.5,81.1,77.89,22.15,22.19,24.73,24.53,25,0.39,0.29,0.61,0.58,0.7
12/7/2021 20:15,0.814,-0.19,3.63,3232,49.8,90.46,87.54,-4.211213,85.4,89.4,80.7,80.6,77.52,22,22.08,24.58,24.52,24.97,0.39,0.28,0.6,0.6,0.71
12/7/2021 20:30,0.809,-0.19,3.61,3233,49.8,90.96,87.07,-4.70433,85.4,89.4,80.9,80,77.02,21.9,21.95,24.42,24.5,24.94,0.38,0.28,0.58,0.61,0.73
12/7/2021 20:45,0.764,-0.19,3.42,3232,49.8,90.25,86.88,-4.868703,85.4,89.4,81.1,79.71,76.69,21.79,21.85,24.24,24.46,24.89,0.38,0.28,0.57,0.62,0.73
12/7/2021 21:00,0.776,-0.19,3.47,3234,49.8,89.24,85.92,-4.375585,85.4,89.4,81.1,79.3,76.28,21.67,21.75,24.14,24.41,24.86,0.38,0.28,0.57,0.63,0.75
12/7/2021 21:15,0.771,-0.19,3.45,3234,49.8,88.5,85.68,-4.539958,85.4,89.3,81.1,79.26,76.02,21.58,21.66,24.04,24.34,24.83,0.38,0.28,0.57,0.63,0.75
12/7/2021 21:30,0.765,-0.12,3.35,3234,50.2,87.62,85.75,-4.70433,85.4,89.4,81.4,78.93,75.83,21.47,21.6,23.91,24.35,24.81,0.37,0.27,0.55,0.64,0.76
12/7/2021 21:45,0.76,-0.12,3.33,3233,50.2,87.86,85.08,-4.211213,85.4,89.3,81.1,78.63,75.56,21.4,21.52,23.89,24.33,24.79,0.37,0.27,0.56,0.65,0.76
12/7/2021 22:00,0.762,-0.18,3.4,3235,49.8,87.78,85.01,-4.375585,85.4,89.3,80.8,78.48,75.37,21.33,21.46,23.88,24.29,24.75,0.37,0.27,0.57,0.65,0.77
12/7/2021 22:15,0.76,-0.12,3.33,3235,49.9,87.31,85.46,-4.70433,85.4,89.2,80.9,78.19,75.11,21.29,21.39,23.78,24.29,24.73,0.37,0.28,0.56,0.66,0.78
12/7/2021 22:30,0.762,-0.18,3.4,3234,50.4,87.83,85.06,-4.375585,85.4,89.2,80.8,77.8,74.88,21.23,21.37,23.74,24.3,24.72,0.37,0.27,0.56,0.67,0.78
12/7/2021 22:45,0.76,-0.12,3.33,3234,50.4,87.62,85.3,-4.375585,85.3,89.1,80.7,77.78,74.67,21.18,21.33,23.68,24.24,24.69,0.37,0.28,0.56,0.67,0.79
12/7/2021 23:00,0.712,-0.31,3.33,3234,50.2,88.72,85.44,-4.375585,85.3,89.1,80.8,77.59,74.47,21.11,21.25,23.61,24.22,24.7,0.37,0.28,0.56,0.68,0.79
12/7/2021 23:15,0.782,-0.12,3.42,3235,50.3,88.72,84.99,-4.70433,85.3,89,80.7,77.35,74.22,21.06,21.2,23.61,24.2,24.68,0.37,0.28,0.56,0.68,0.8
12/7/2021 23:30,0.82,-0.12,3.58,3235,50.2,88.72,84.99,-4.539958,85.3,89,80.3,76.97,74.04,21.01,21.18,23.6,24.21,24.67,0.37,0.28,0.57,0.7,0.81
12/7/2021 23:45,0.801,-0.12,3.5,3235,50.3,88.24,84.99,-4.70433,85.2,88.8,80.5,76.98,73.82,20.96,21.15,23.52,24.16,24.65,0.37,0.28,0.57,0.69,0.81
12/8/2021 0:00,0.8,-0.18,3.56,3234,50.3,88.05,84.8,-4.211213,85.1,88.7,80.1,76.83,73.61,20.94,21.11,23.54,24.14,24.64,0.37,0.28,0.58,0.7,0.82
12/8/2021 0:15,0.836,-0.12,3.65,3234,50.1,88.74,85.01,-4.539958,85,88.6,79.91,76.39,73.35,20.91,21.1,23.52,24.17,24.61,0.37,0.29,0.58,0.71,0.82
12/8/2021 0:30,0.821,-0.18,3.65,3234,50.3,88.09,84.84,-4.70433,84.8,88.5,79.99,76.36,73.25,20.86,21.07,23.45,24.13,24.58,0.37,0.29,0.58,0.71,0.83
12/8/2021 0:45,0.836,-0.12,3.65,3234,50.3,88.24,84.53,-4.375585,84.8,88.4,79.97,76.22,73.04,20.82,21.01,23.39,24.09,24.57,0.37,0.29,0.58,0.71,0.83
12/8/2021 1:00,0.851,-0.12,3.71,3234,50.5,88.33,84.2,-5.197448,84.7,88.2,79.7,75.95,72.76,20.77,20.97,23.36,24.05,24.58,0.38,0.29,0.58,0.72,0.84
12/8/2021 1:15,0.838,-0.19,3.73,3235,50.5,88.79,84.6,-4.211213,84.6,88.1,79.58,75.7,72.54,20.72,20.95,23.35,24.07,24.53,0.38,0.3,0.59,0.73,0.85
12/8/2021 1:30,0.838,-0.19,3.73,3234,50.3,89.05,84.39,-4.539958,84.5,88.1,79.22,75.69,72.46,20.67,20.9,23.36,23.99,24.49,0.38,0.29,0.6,0.72,0.85
12/8/2021 1:45,0.891,-0.12,3.88,3234,50.4,88.81,84.2,-4.868703,84.3,87.9,79.35,75.61,72.37,20.62,20.86,23.25,23.96,24.45,0.38,0.3,0.59,0.73,0.85
12/8/2021 2:00,0.887,-0.19,3.94,3234,50.5,88.6,83.55,-4.539958,84.4,87.8,79.15,75.47,72.22,20.57,20.82,23.25,23.93,24.42,0.38,0.3,0.59,0.73,0.85
12/8/2021 2:15,0.921,-0.06,3.94, ,50.5,88.29,83.72,-4.375585,84.4,87.8,78.88,75.44,72.06,20.49,20.77,23.23,23.87,24.4,0.38,0.3,0.6,0.73,0.85
12/8/2021 2:30,0.935,-0.06,4,3234,50.5,87.78,83.24,-4.375585,84.3,87.8,79.12,75.07,71.95,20.46,20.72,23.12,23.9,24.37,0.38,0.3,0.59,0.74,0.86
12/8/2021 2:45,0.956,-0.06,4.09,3234,50.4,87.64,83.12,-4.375585,84.1,87.7,79.1,75.04,71.99,20.42,20.66,23.07,23.84,24.29,0.38,0.3,0.59,0.74,0.85
12/8/2021 3:00,0.951,-0.06,4.07,3234,50.4,87.86,82.88,-4.539958,84.2,87.8,79.2,75.08,71.95,20.33,20.62,23,23.79,24.27,0.38,0.3,0.58,0.73,0.85
12/8/2021 3:15,0.966,-0.06,4.13,3235,50.3,87.38,82.45,-4.539958,84.2,87.8,78.96,74.75,71.83,20.29,20.6,23.01,23.83,24.26,0.38,0.3,0.59,0.75,0.85
12/8/2021 3:30,0.966,-0.06,4.13,3236,50.3,87.78,82.4,-4.539958,84.2,87.7,78.99,74.68,71.65,20.25,20.55,22.97,23.79,24.23,0.38,0.3,0.59,0.75,0.86
12/8/2021 3:45,0.972,-0.12,4.22,3235,50.4,87.76,82.36,-4.539958,84.2,87.6,78.68,74.57,71.49,20.21,20.55,23,23.76,24.23,0.37,0.3,0.6,0.75,0.86
12/8/2021 4:00,0.972,-0.12,4.22,3234,50.4,87.62,82.21,-4.70433,84.2,87.6,78.4,74.66,71.5,20.16,20.49,23.02,23.7,24.21,0.37,0.3,0.61,0.74,0.86
12/8/2021 4:15,1.018,-0.05,4.34,3234,50.4,87.09,81.35,-4.375585,84.2,87.5,78.58,74.57,71.6,20.14,20.49,22.95,23.69,24.18,0.37,0.3,0.6,0.74,0.86
12/8/2021 4:30,0.981,-0.12,4.26,3235,50.4,87.35,82,-4.375585,84.1,87.4,78.53,74.58,71.77,20.12,20.46,22.94,23.67,24.11,0.37,0.3,0.6,0.74,0.85
12/8/2021 4:45,1.045,0,4.4,3235,50.5,86.95,81.23,-4.539958,84.1,87.5,78.74,74.55,71.7,20.09,20.45,22.85,23.65,24.08,0.37,0.3,0.59,0.74,0.85
12/8/2021 5:00,1.067,0,4.49,3235,50.4,86.21,80.97,-4.539958,84.2,87.4,78.54,74.45,71.52,20.09,20.44,22.9,23.65,24.12,0.37,0.3,0.6,0.75,0.86
12/8/2021 5:15,1.063,-0.05,4.53,3235,50.7,86.18,80.52,-4.539958,84.2,87.4,78.41,74.55,71.42,20.07,20.42,22.95,23.58,24.12,0.37,0.3,0.6,0.74,0.86
12/8/2021 5:30,1.095,0,4.61,3235,50.7,85.7,80.11,-4.539958,84.2,87.5,78.47,74.4,71.28,20.03,20.4,22.87,23.6,24.14,0.37,0.3,0.6,0.75,0.86
12/8/2021 5:45,1.125,0.06,4.67,3235,50.7,86.37,80.3,-4.539958,84.1,87.2,78.25,74.26,71.11,20.06,20.43,22.9,23.61,24.15,0.37,0.31,0.61,0.75,0.87
12/8/2021 6:00,1.164,0.13,4.76,3236,50.7,85.73,79.7,-4.539958,84,87.3,78.34,74.31,70.9,20.05,20.39,22.86,23.58,24.16,0.38,0.3,0.6,0.75,0.88
12/8/2021 6:15,1.146,0.06,4.76,3236,50.7,86.28,80.21,-4.375585,83.8,87.1,78.56,74.08,70.72,20.01,20.4,22.78,23.6,24.18,0.38,0.31,0.59,0.76,0.88
12/8/2021 6:30,1.179,0.06,4.9,3236,50.7,85.75,79.32,-4.539958,83.7,87.1,78.23,73.71,70.6,19.98,20.37,22.79,23.63,24.14,0.38,0.31,0.6,0.77,0.88
12/8/2021 6:45,1.215,0.06,5.05,3236,50.7,86.42,79.13,-4.539958,83.7,86.9,78.28,73.71,70.52,19.93,20.36,22.74,23.56,24.14,0.38,0.31,0.6,0.76,0.89
12/8/2021 7:00,1.215,0.06,5.05,3236,50.5,85.75,78.94,-3.882468,83.7,86.9,77.83,73.79,70.4,19.93,20.33,22.83,23.54,24.14,0.38,0.31,0.62,0.76,0.89
12/8/2021 7:15,1.236,0.18,5.01,3236,50.7,82.07,77.62,-1.252508,83.8,83.1,77.34,74.14,70.25,20.38,21.47,23.12,23.61,24.34,0.39,0.43,0.64,0.75,0.91
12/8/2021 7:30,1.242,0.12,5.1,3237,50.5,82.88,76.45,8.281095,77.26,78.28,77.33,74.82,70.57,22.3,22.88,23.41,23.76,24.54,0.61,0.61,0.65,0.74,0.91
12/8/2021 7:45,1.331,0.18,5.41,3239,50.5,82.38,75.26,27.677047,72.1,79.14,77.55,75.14,70.99,23.57,22.88,23.56,23.88,24.63,0.81,0.58,0.65,0.74,0.9
12/8/2021 8:00,1.419,0.18,5.78,3241,50.6,81.95,73.46,40.826845,70.32,80,77.71,75.25,71.15,24.09,22.88,23.74,24.06,24.8,0.89,0.56,0.65,0.74,0.9
12/8/2021 8:15,1.566,0.3,6.27,3240,50.5,80.71,71.74,54.798506,69.54,80.6,77.85,75.66,71.49,24.49,22.96,23.96,24.22,24.96,0.94,0.54,0.66,0.74,0.9
12/8/2021 8:30,1.7,0.48,6.64,3241,50.6,80.61,70.64,78.30377,68.75,81.1,77.79,75.7,71.42,24.82,23.01,24.12,24.39,25.13,0.98,0.53,0.67,0.74,0.91
12/8/2021 8:45,1.873,0.59,7.25,3241,50.6,78.22,67.8,107.233325,69.34,81.9,78.19,76.11,71.85,24.93,23.11,24.32,24.58,25.33,0.97,0.51,0.66,0.74,0.91
12/8/2021 9:00,1.997,0.65,7.71,3240,50.7,77.46,65.98,116.766929,70.16,82.6,78.82,76.61,72.28,25.13,23.34,24.58,24.85,25.6,0.95,0.5,0.65,0.73,0.91
12/8/2021 9:15,2.227,0.88,8.43,3242,50.6,76.33,63.4,136.327253,71.14,83.1,79.31,77.31,72.94,25.32,23.65,24.9,25.17,25.9,0.93,0.49,0.65,0.73,0.9
12/8/2021 9:30,2.659,1.26,9.84, ,50.6,73.82,59.74,190.405798,71.93,83.6,79.74,77.72,73.15,25.54,23.96,25.24,25.49,26.29,0.92,0.49,0.65,0.73,0.92
12/8/2021 9:45,3.288,1.92,11.78,3241,50.7,70.19,54.6,207.664907,72.41,84.1,80.1,77.87,72.86,25.86,24.3,25.64,25.95,26.83,0.92,0.48,0.65,0.74,0.96
12/8/2021 10:00,4.218,3.2,14.32,3240,50.6,65.53,50.44,271.6058,73.19,84.6,80.7,78.44,72.74,26.16,24.76,26.05,26.49,27.49,0.91,0.48,0.65,0.75,1
12/8/2021 10:15,6.241,5.33,20.55,3240,50.7,59.69,48.86,466.387183,74.46,84.4,80.8,79.36,77.23,26.54,25.32,26.6,27.16,28.78,0.89,0.5,0.67,0.74,0.9
12/8/2021 10:30,7.523,6.2,25.01,3238,50.8,58.38,49.37,353.463293,75.97,84.6,81.2,82.6,78.58,27.06,25.98,27.28,28.17,31.04,0.86,0.52,0.68,0.66,0.96
12/8/2021 10:45,6.35,5.54,20.78,3237,50.5,61.49,49.22,297.905396,77.33,85.2,81.8,83.4,74.16,27.5,26.54,27.93,29.14,31.61,0.83,0.51,0.69,0.67,1.2
12/8/2021 11:00,7.823,6.39,26.07,3237,50.5,59.53,49.84,349.353981,77.89,85.7,82,82.6,75.99,27.82,26.88,28.38,29.62,31.05,0.83,0.51,0.7,0.72,1.08
12/8/2021 11:15,7.133,6.46,23.09,3236,50.7,60.96,49.99,361.024427,78.15,85.9,82,83.8,76.47,28.15,27.21,28.78,30.1,31.8,0.83,0.51,0.71,0.69,1.11
12/8/2021 11:30,8.138,6.47,27.31,3236,50.3,60.98,50.18,287.54993,78.53,86.2,82.1,83.7,76.65,28.4,27.45,29.1,30.51,32.07,0.83,0.51,0.72,0.71,1.11
12/8/2021 11:45,8.064,6.72,26.73,3236,50.3,60.7,50.59,271.6058,78.57,86.3,82.1,83.7,75.96,28.66,27.67,29.34,30.83,32.52,0.84,0.51,0.73,0.73,1.18
12/8/2021 12:00,7.939,6.64,26.29,3235,50.6,60.94,50.56,571.74994,79.06,86.7,82.6,84,74.92,28.84,27.87,29.57,31.16,32.9,0.83,0.5,0.72,0.73,1.25
12/8/2021 12:15,7.958,6.63,26.38,3234,50.5,63.06,50.51,540.519169,79.32,87,83,83.7,75.57,28.98,27.98,29.71,31.29,32.77,0.83,0.49,0.71,0.74,1.21
12/8/2021 12:30,7.627,6.43,25.2,3235,50.6,63.28,51.06,294.782319,79.34,87.2,83.1,83.7,75.93,29.09,28.06,29.82,31.39,32.65,0.83,0.49,0.71,0.75,1.19
12/8/2021 12:45,6.687,5.84,21.88,3234,50.3,65.6,50.3,279.988796,79.58,87.3,83.1,83.6,76.76,29.15,28.13,29.91,31.48,32.54,0.83,0.48,0.71,0.76,1.14
12/8/2021 13:00,5.98,5.35,19.43,3234,50.6,67.68,50.68,269.63333,79.36,87.3,83.3,83.1,77.54,29.21,28.15,29.93,31.36,32.16,0.84,0.48,0.71,0.77,1.08
12/8/2021 13:15,4.804,4.62,15.26,3236,50.6,69.88,51.06,228.211467,79.45,87.4,83.5,83.5,78.5,29.28,28.18,29.97,31.2,31.88,0.84,0.48,0.7,0.75,1.02
12/8/2021 13:30,4.522,4.43,14.28,3235,50.1,69.69,51.3,355.92888,79.67,87.7,83.8,83.7,78.95,29.25,28.16,29.89,30.98,31.61,0.83,0.47,0.68,0.73,0.98
12/8/2021 13:45,4.827,3.8,16.24,3236,50.5,71.48,51.8,303.000943,79.87,88,84.1,84,79.38,29.23,28.09,29.85,30.84,31.44,0.82,0.46,0.67,0.71,0.95
12/8/2021 14:00,4.625,3.51,15.7,3237,50.2,72.91,52.26,243.662479,79.79,88,84.4,84.2,79.76,29.23,28.06,29.84,30.75,31.34,0.82,0.46,0.66,0.7,0.93
12/8/2021 14:15,4.567,3.33,15.65,3237,50.1,75.52,53.41,290.508635,79.61,87.8,84,84.2,79.84,29.21,28.08,29.83,30.72,31.25,0.83,0.46,0.67,0.7,0.92
12/8/2021 14:30,4.285,2.93,14.89,3237,50.2,76.17,53.96,357.736977,79.77,87.8,84.3,84.2,80.1,29.18,28.1,29.85,30.74,31.23,0.82,0.46,0.66,0.7,0.91
12/8/2021 14:45,4.405,2.88,15.45,3238,50.4,80.3,56.51,255.990415,79.77,87.9,83.8,84,80.4,29.11,27.99,29.79,30.63,31.04,0.82,0.46,0.68,0.7,0.88
12/8/2021 15:00,4.256,2.78,14.93,3239,50.5,81.64,57.76,173.31106,80.2,88.2,83.1,84.9,81.3,28.74,27.67,29.55,30.25,30.61,0.78,0.44,0.7,0.65,0.82
12/8/2021 15:15,4.032,2.46,14.33,3239,50.2,81.74,58.33,207.82928,80.9,88.6,83.7,85.4,81.7,28.48,27.43,29.23,30.01,30.34,0.74,0.42,0.66,0.62,0.79
12/8/2021 15:30,3.758,2.18,13.48,3240,50.2,81.93,59.14,149.805796,81.2,88.9,84.4,85.5,81.8,28.28,27.21,28.93,29.81,30.16,0.72,0.4,0.62,0.61,0.78
12/8/2021 15:45,3.57,2.02,12.86,3241,50.3,81.26,60.03,138.79284,81.4,89.2,85.1,85.4,81.6,28.11,27.04,28.62,29.58,29.95,0.71,0.39,0.58,0.6,0.78
12/8/2021 16:00,3.326,1.76,12.11,3243,50.2,81.93,61.2,132.382314,81.4,89.3,85.7,85.5,81.4,27.96,26.86,28.37,29.31,29.78,0.7,0.38,0.55,0.59,0.78
12/8/2021 16:15,3.062,1.5,11.28,3243,50.3,82.93,62.92,120.054378,81.3,89.5,86.2,85.6,81.4,27.84,26.68,28.12,29,29.58,0.7,0.37,0.53,0.58,0.77
12/8/2021 16:30,2.796,1.25,10.43,3244,50.3,84.58,65.1,72.879478,81.2,89.5,86.6,85.6,81.3,27.67,26.49,27.87,28.64,29.24,0.7,0.36,0.5,0.56,0.76
12/8/2021 16:45,2.568,1.07,9.66, ,50.3,86.64,68.01,44.771785,81.1,89.5,86.8,85.7,81.5,27.46,26.24,27.61,28.22,28.83,0.69,0.36,0.49,0.55,0.73
12/8/2021 17:00,2.286,0.74,8.83,3245,50.2,88.24,70.64,22.088383,80.8,89.4,86.8,85.7,81.8,27.24,25.96,27.28,27.77,28.32,0.69,0.36,0.48,0.53,0.7
12/8/2021 17:15,2.03,0.63,7.87,3246,50.4,91.44,75.04,2.363686,80.2,88.5,87.1,85.9,82.2,26.78,25.67,26.92,27.28,27.76,0.7,0.38,0.46,0.51,0.66
12/8/2021 17:30,1.785,0.35,7.14,3249,50.3,92.25,77.86,-3.882468,80.7,87.2,86.9,86.1,82.8,26.14,25.45,26.44,26.7,27.07,0.65,0.42,0.45,0.49,0.62
12/8/2021 17:45,1.612,0.21,6.56,3250,50.4,94.07,80.87,-4.539958,80.8,86,86.6,86,83,25.54,25.25,25.91,26.13,26.44,0.63,0.45,0.45,0.47,0.59
12/8/2021 18:00,1.506,0.28,6.04,3251,50.4,94.12,83.05,-4.539958,81.4,83.7,86.4,85.5,82.5,24.89,25.29,25.42,25.67,26.05,0.59,0.53,0.44,0.48,0.59
12/8/2021 18:15,1.322,0.07,5.49,3252,50.3,95.1,84.72,-4.868703,82.3,83.6,85.6,85.2,81.6,24.28,24.99,25.1,25.27,25.78,0.54,0.52,0.46,0.48,0.61
12/8/2021 18:30,1.269,0.14,5.19,3252,50.2,94.55,86.09,-4.70433,82.9,84.1,85.4,85.1,81.7,23.78,24.53,24.74,24.89,25.34,0.5,0.49,0.46,0.47,0.59
12/8/2021 18:45,1.171,0,4.93,3253,50.5,95.12,87.04,-4.211213,83.2,85.3,85.7,85.6,82.2,23.4,23.92,24.33,24.42,24.9,0.48,0.44,0.44,0.44,0.56
12/8/2021 19:00,1.056,-0.06,4.51,3254,50.4,94.5,87.9,-3.882468,83.5,86.1,85.6,85.9,82.3,23.02,23.45,24.03,24.03,24.55,0.46,0.4,0.43,0.42,0.55
12/8/2021 19:15,0.997,-0.06,4.26,3256,50.6,94.45,88.33,-4.539958,84,86.6,85.4,86,82.4,22.67,23.08,23.78,23.71,24.25,0.44,0.38,0.43,0.41,0.53
12/8/2021 19:30,0.937,-0.06,4.01,3254,50.4,93.31,88.74,-4.375585,84.4,87,85.1,86.1,82.4,22.32,22.7,23.59,23.44,23.99,0.42,0.36,0.43,0.4,0.52
12/8/2021 19:45,0.842,-0.2,3.76,3257,50.5,94.33,89.19,-3.882468,84.7,87.5,85.1,86.1,82.5,22.03,22.36,23.35,23.2,23.73,0.41,0.34,0.43,0.4,0.51
12/8/2021 20:00,0.804,-0.2,3.6,3259,50.4,93.4,89.82,-4.539958,84.9,87.8,84.7,86.2,82.5,21.73,22.06,23.2,22.96,23.47,0.39,0.32,0.44,0.39,0.51
12/8/2021 20:15,0.657,-0.33,3.12,3258,50.4,91.25,89.74,-4.211213,85,88.2,84.5,85.3,82.3,21.47,21.71,23.13,22.97,23.35,0.38,0.31,0.44,0.41,0.51
12/8/2021 20:30,0.675,-0.12,2.97,3259,50.4,89.77,87.83,-4.868703,85.3,89.5,83.2,81.4,79.65,21.29,21.41,23.37,23.74,23.91,0.37,0.27,0.48,0.55,0.6
12/8/2021 20:45,0.65,-0.19,2.94,3259,50.5,88.19,87.23,-4.539958,85.5,89.8,82.1,79.96,77.6,21.22,21.31,23.58,23.98,24.27,0.37,0.26,0.52,0.6,0.68
12/8/2021 21:00,0.643,-0.18,2.9,3259,50.4,87.81,86.4,-4.211213,85.6,89.7,81.5,79.1,76.46,21.21,21.31,23.67,24.09,24.48,0.36,0.26,0.54,0.63,0.72
12/8/2021 21:15,0.61,-0.31,2.9,3260,50.4,88.09,86.23,-4.375585,85.5,89.4,81.2,78.58,75.83,21.16,21.3,23.69,24.1,24.53,0.36,0.27,0.55,0.64,0.74
12/8/2021 21:30,0.603,-0.31,2.87,3258,50.5,86.3,86.3,-4.868703,85.4,89.3,80.1,78.23,75.53,21.13,21.32,23.93,24.21,24.59,0.37,0.27,0.59,0.66,0.76
12/8/2021 21:45,0.666,-0.24,3.06,3258,50.6,84.77,84.77,-4.868703,85.1,87.7,73.17,75.58,73.11,21.48,21.94,25.82,25.08,25.38,0.38,0.32,0.89,0.78,0.87
12/8/2021 22:00,0.75,-0.18,3.35,3258,50.5,86.16,83.89,-5.033075,83.8,84.6,72.5,74.64,71.56,21.93,22.78,26.09,25.39,25.88,0.43,0.43,0.93,0.82,0.95
12/8/2021 22:15,0.784,-0.12,3.43,3258,50.6,86.33,84.08,-4.375585,82.7,83.2,73.68,75.57,71.98,22.16,23.1,25.83,25.22,25.8,0.46,0.47,0.88,0.78,0.93
12/8/2021 22:30,0.851,-0.12,3.71,3258,50.5,86.4,82.81,-4.211213,82.1,83.3,72.52,74.89,71.4,22.34,23.15,26.15,25.4,25.97,0.48,0.47,0.93,0.81,0.96
12/8/2021 22:45,0.904,-0.05,3.86,3258,50.5,86.21,82.21,-4.70433,81.7,82.8,72.57,74.68,70.98,22.44,23.29,26.17,25.48,26.09,0.5,0.49,0.93,0.83,0.98
12/8/2021 23:00,0.937,-0.05,4,3258,50.6,86.3,81.88,-4.70433,81.3,82.2,72.09,74.34,70.77,22.52,23.47,26.32,25.56,26.16,0.51,0.51,0.96,0.84,0.99
12/8/2021 23:15,0.991,0,4.17,3259,50.5,86.25,81.4,-4.539958,81.2,82.2,71.65,74.26,70.57,22.56,23.47,26.41,25.57,26.18,0.51,0.51,0.98,0.84,1
12/8/2021 23:30,1.026,0,4.32,3258,50.6,86.61,81.33,-4.211213,81,82.1,71.66,74.04,70.47,22.59,23.48,26.38,25.62,26.2,0.52,0.52,0.97,0.85,1
12/8/2021 23:45,1.076,0,4.53,3258,50.5,86.59,80.47,-4.04684,80.7,82.2,72.06,73.75,70.12,22.64,23.46,26.27,25.64,26.27,0.53,0.51,0.95,0.86,1.02
12/9/2021 0:00,1.091,0.06,4.53,3258,50.6,86.16,80.49,-4.375585,80.4,81.8,71.83,73.71,70,22.69,23.53,26.3,25.63,26.26,0.54,0.53,0.96,0.86,1.02
12/9/2021 0:15,0.622,-1.11,3.81,3258,50.5,97.11,76.33,-4.539958,82.5,83,75.09,78.31,71.25,22.54,23.64,25.89,25.14,26.15,0.48,0.5,0.83,0.69,0.98
12/9/2021 0:30,0.665,-0.97,3.84,3258,50.5,89.98,79.3,-4.70433,85.8,87.6,78.67,83.3,74.66,21.92,22.79,25.36,24.32,25.72,0.37,0.34,0.69,0.51,0.84
12/9/2021 0:45,0.879,-0.26,3.98,3258,50.5,91.82,85.99,-4.375585,87,89.2,78.24,82.8,75.49,21.78,22.47,25.5,24.47,25.63,0.34,0.29,0.71,0.53,0.81
12/9/2021 1:00,0.868,-0.19,3.86,3259,50.6,89.55,85.32,-4.539958,87.5,89.2,76.53,80.8,74.51,21.76,22.45,25.83,24.82,25.82,0.33,0.29,0.78,0.6,0.85
12/9/2021 1:15,0.541,-0.85,3.19,3263,50.4,90.44,78.84,-4.539958,87.8,89.1,77.72,82.7,74.45,21.79,22.54,25.7,24.62,25.87,0.32,0.3,0.74,0.54,0.85
12/9/2021 1:30,0.594,-0.55,3.09,3263,50.6,94.64,84.8,-4.70433,87.9,90.7,79.6,84.5,75.71,21.66,22.23,25.32,24.21,25.66,0.31,0.25,0.66,0.47,0.8
12/9/2021 1:45,0.678,-0.33,3.21,3263,50.6,91.63,87.71,-4.70433,88.2,90.6,78.25,83.7,75.64,21.64,22.21,25.59,24.38,25.64,0.31,0.25,0.71,0.5,0.8
12/9/2021 2:00,0.671,-0.32,3.17,3264,50.4,89.96,87.07,-4.539958,88.2,90.3,76.48,81.7,74.64,21.59,22.24,25.93,24.72,25.85,0.3,0.26,0.79,0.57,0.84
12/9/2021 2:15,0.396,-0.85,2.58,3266,50.6,90.87,80.4,-4.70433,88.3,90.1,78.16,83.2,74.56,21.64,22.31,25.64,24.61,25.92,0.3,0.27,0.72,0.52,0.85
12/9/2021 2:30,0.418,-0.95,2.78,3267,50.5,88.96,82.14,-4.375585,88.4,91.1,79.91,85,75.77,21.56,22.15,25.33,24.22,25.72,0.3,0.24,0.65,0.45,0.8
12/9/2021 2:45,0.573,-0.4,2.84,3266,50.8,92.78,88.76,-4.375585,88.4,91.1,78.74,84.1,75.92,21.49,22.11,25.53,24.37,25.66,0.3,0.24,0.7,0.49,0.79
12/9/2021 3:00,0.635,-0.39,3.09,3267,50.5,90.15,87.23,-4.211213,88.4,90.6,77.23,82.1,74.87,21.46,22.21,25.83,24.71,25.85,0.3,0.25,0.76,0.56,0.84
12/9/2021 3:15,0.702,-0.19,3.16,3267,50.6,89.19,86.8,-4.375585,88.4,89.9,76.44,80.8,74.03,21.43,22.34,25.96,24.93,25.98,0.3,0.27,0.79,0.61,0.87
12/9/2021 3:30,0.695,-0.18,3.12,3267,50.5,88.69,85.87,-4.539958,88.3,88.9,75.97,79.49,73.46,21.39,22.49,26.02,25.11,26.05,0.3,0.3,0.81,0.65,0.89
12/9/2021 3:45,0.746,-0.12,3.27,3268,50.6,87.35,85.49,-5.033075,88.3,87.9,75.45,78.57,73.04,21.36,22.67,26.05,25.21,26.14,0.3,0.33,0.83,0.69,0.91
12/9/2021 4:00,0.745,-0.18,3.33,3268,50.5,87.71,85.39,-4.211213,88.1,87.7,74.59,77.84,72.7,21.39,22.68,26.2,25.32,26.18,0.3,0.34,0.86,0.72,0.93
12/9/2021 4:15,0.812,-0.18,3.61,3268,50.8,88.21,84.08,-4.211213,87.9,87.2,74.27,77.24,72.43,21.39,22.76,26.21,25.4,26.2,0.31,0.35,0.88,0.74,0.94
12/9/2021 4:30,0.841,-0.12,3.67,3268,51,87.02,83.41,-4.70433,87.6,86.1,73.41,76.66,72.1,21.41,22.93,26.38,25.44,26.2,0.32,0.39,0.91,0.76,0.95
12/9/2021 4:45,0.86,-0.12,3.75,3269,50.8,87.5,82.95,-4.539958,87.3,85.6,73.35,76.44,72,21.46,23.02,26.31,25.45,26.2,0.32,0.41,0.91,0.77,0.95
12/9/2021 5:00,0.914,-0.05,3.9,3270,50.8,87.26,83.19,-4.539958,86.9,85.3,73.07,75.97,71.81,21.5,23.03,26.34,25.49,26.19,0.34,0.41,0.92,0.78,0.96
12/9/2021 5:15,0.966,-0.06,4.13,3271,51,88.02,82.6,-4.375585,86.5,84.5,72.62,75.65,71.53,21.62,23.17,26.42,25.52,26.24,0.35,0.44,0.94,0.8,0.97
12/9/2021 5:30,0.947,-0.06,4.05,3271,50.7,87.52,82.14,-4.375585,86.2,83.9,72.61,75.3,71.29,21.66,23.26,26.39,25.55,26.24,0.36,0.46,0.94,0.81,0.98
12/9/2021 5:45,1.002,0,4.22,3271,50.7,87.07,82.17,-4.375585,85.9,83.4,72.18,74.92,71.08,21.75,23.33,26.43,25.59,26.23,0.37,0.48,0.96,0.82,0.99
12/9/2021 6:00,1.046,0.06,4.34,3271,51,86.85,81.52,-4.70433,85.4,83.5,71.95,74.6,70.81,21.8,23.27,26.44,25.6,26.24,0.38,0.47,0.97,0.83,1
12/9/2021 6:15,1.071,0,4.51,3272,50.7,86.95,81.19,-4.539958,85,83.3,72.07,74.26,70.63,21.9,23.27,26.35,25.62,26.26,0.39,0.48,0.96,0.85,1
12/9/2021 6:30,1.1,0,4.63,3272,50.8,86.59,80.87,-4.211213,84.7,83,71.29,73.98,70.44,21.9,23.31,26.5,25.63,26.23,0.4,0.49,0.99,0.86,1.01
12/9/2021 6:45,1.135,0,4.78,3273,50.7,86.37,80.28,-4.868703,84.4,83,71.21,73.72,70.3,21.91,23.29,26.46,25.67,26.24,0.41,0.49,0.99,0.87,1.01
12/9/2021 7:00,1.169,0.13,4.78, ,51,86.45,79.94,-4.539958,84.2,82.8,70.9,73.75,70.18,21.95,23.3,26.55,25.66,26.25,0.42,0.49,1.01,0.86,1.02
12/9/2021 7:15,1.189,0.06,4.94,3273,50.7,85.46,78.68,0.719961,83,80.1,72.78,74.15,70.14,22.76,24.08,26.17,25.64,26.37,0.47,0.6,0.92,0.85,1.03
12/9/2021 7:30,1.221,0.13,5,3273,50.8,85.2,78.05,10.911055,76.65,80.3,76.17,74.8,70.68,24.38,24.16,25.51,25.67,26.37,0.71,0.59,0.78,0.83,1.01
12/9/2021 7:45,1.498,0.37,5.91,3273,51,82.43,75.28,37.539396,74.52,81.3,77.31,75.16,71.01,24.79,23.98,25.34,25.63,26.34,0.8,0.56,0.73,0.82,0.99
12/9/2021 8:00,2.342,0.93,8.86,3273,50.8,74.78,63.3,69.920773,73.86,82.2,77.77,75.42,70.81,25,24.02,25.45,25.77,26.61,0.83,0.53,0.72,0.82,1.02
12/9/2021 8:15,3.18,1.7,11.56,3273,51,70.93,55.1,63.181502,73.96,83.2,78.43,76.26,71.15,25.27,24.25,25.79,26.05,27.04,0.84,0.51,0.72,0.8,1.03
12/9/2021 8:30,4.165,3.16,14.14,3272,51,66.1,50.82,90.467333,74.45,83.5,78.51,77.26,71.84,25.5,24.57,26.13,26.27,27.37,0.83,0.51,0.73,0.78,1.03
12/9/2021 8:45,4.086,4.61,12.25,3272,51,64.33,49.44,141.4228,75.06,83.4,78.92,78.27,76.39,25.75,24.91,26.38,26.41,28.07,0.83,0.52,0.72,0.75,0.9
12/9/2021 9:00,5.145,5.24,16.03,3271,51,65.29,49.68,123.341828,76.22,84.2,79.86,79.86,80.7,25.89,25.09,26.58,26.51,29.41,0.79,0.5,0.7,0.7,0.79
12/9/2021 9:15,7.528,6.47,24.74,3270,51,63.78,50.63,138.628468,77.28,85.1,80.9,81.3,81.4,25.97,25.2,26.68,26.54,30.18,0.76,0.48,0.67,0.65,0.8
12/9/2021 9:30,8.144,6.97,26.8,3267,50.5,61.27,50.97,209.308632,78.22,85.6,81.8,82.7,79.21,26.11,25.43,26.78,26.71,31.48,0.74,0.47,0.64,0.61,0.96
12/9/2021 9:45,9.006,7.47,29.89,3265,51,59,51.4,194.350737,79.09,85.7,83,84.3,79.04,26.33,25.77,26.92,27.1,32.3,0.72,0.47,0.6,0.56,1.01
12/9/2021 10:00,9.376,7.69,31.21,3262,50.8,58.14,51.69,189.748308,79.72,86.2,84.1,85.1,79.21,26.55,26.01,27.05,27.55,32.89,0.7,0.46,0.57,0.55,1.04
12/9/2021 10:15,9.622,7.92,32,3260,50.7,58.59,52.28,299.877866,80.4,86.7,84.8,85.5,78.36,26.73,26.21,27.23,27.98,33.47,0.69,0.45,0.55,0.55,1.12
12/9/2021 10:30,9.831,8.17,32.61,3258,50.4,58.55,52.64,494.659249,80.9,87.2,85.4,86.6,79.57,26.92,26.35,27.39,28.5,34.04,0.68,0.44,0.53,0.52,1.09
12/9/2021 10:45,10.295,7.95,34.8,3258,50.7,59.02,52.64,213.582317,81.3,87.8,86,86.5,77.61,27.11,26.52,27.56,29.06,34.17,0.67,0.42,0.52,0.54,1.2
12/9/2021 11:00,9.714,8.02,32.28,3258,50.5,59.65,52.52,223.11592,81.7,88.1,86.4,86.3,77.15,27.33,26.7,27.76,29.5,34.02,0.67,0.42,0.51,0.56,1.22
12/9/2021 11:15,9.924,8.22,32.95,3256,50.6,60.84,52.86,232.813896,81.7,88.2,86.3,85.4,77.31,27.48,26.84,27.93,29.78,33.89,0.67,0.42,0.52,0.61,1.2
12/9/2021 11:30,9.4,7.7,31.3,3257,50.5,60.96,51.92,202.898106,81.7,88.1,86.3,85.2,77.53,27.59,26.92,28.02,29.92,33.86,0.68,0.42,0.52,0.63,1.19
12/9/2021 11:45,9.702,7.76,32.51,3257,50.3,62.06,52.16,277.851954,81.7,88.2,86.3,85.2,75.43,27.67,27,28.12,30.02,33.79,0.68,0.42,0.52,0.63,1.29
12/9/2021 12:00,9.194,7.62,30.52,3257,50.2,62.9,52.19,654.429294,81.8,88.3,86.4,85.3,74.32,27.75,27.06,28.18,30.11,33.9,0.68,0.42,0.52,0.63,1.36
12/9/2021 12:15,7.863,6.75,25.85,3257,50.2,63.88,50.87,422.828477,81.8,88.4,86.5,85.2,74,27.87,27.14,28.25,30.21,33.69,0.68,0.42,0.52,0.64,1.36
12/9/2021 12:30,6.325,5.51,20.71,3258,50.3,66.89,50.54,207.82928,81.9,88.4,86.7,84.1,74.39,27.91,27.18,28.27,30.14,32.52,0.68,0.42,0.51,0.68,1.25
12/9/2021 12:45,4.465,4.52,13.94,3259,50.3,70.6,51.26,518.986375,81.6,88.2,86.5,83.4,76.57,27.92,27.19,28.28,29.53,31.15,0.69,0.43,0.52,0.69,1.06
12/9/2021 13:00,5.12,4.24,17,3260,49.9,72.46,52,348.532119,81.3,88,86.2,85.2,78.67,27.89,27.16,28.23,28.81,30.33,0.7,0.43,0.53,0.59,0.92
12/9/2021 13:15,4.786,3.63,16.25,3260,50.3,74.97,53.05,216.705394,81.2,87.9,86.2,85.9,79.72,27.87,27.11,28.17,28.56,29.93,0.71,0.43,0.53,0.55,0.86
12/9/2021 13:30,4.781,3.61,16.25,3261,50.4,74.61,53.26,201.418753,81.1,87.8,86.3,86.4,80.5,27.85,27.09,28.12,28.45,29.66,0.71,0.44,0.52,0.53,0.81
12/9/2021 13:45,4.203,2.76,14.73,3263,50.2,78.94,55.94,148.819561,81.1,87.8,86.3,86.2,80.7,27.82,27.08,28.08,28.39,29.51,0.71,0.44,0.52,0.53,0.8
12/9/2021 14:00,4.027,2.48,14.29,3265,50.2,79.39,57.4,287.714303,80.6,87.3,85.9,86,80.9,27.68,26.96,27.93,28.01,28.89,0.72,0.45,0.53,0.53,0.76
12/9/2021 14:15,4.064,2.57,14.35, ,50.4,77.84,56.71,179.557214,80.2,87.2,85.9,86.9,81.9,27.57,26.83,27.77,27.82,28.74,0.73,0.45,0.53,0.49,0.71
12/9/2021 14:30,3.762,2.24,13.43,3266,50.3,79.15,57.76,190.898915,80.8,87.5,86.4,87.3,82.4,27.53,26.83,27.73,28.08,28.92,0.71,0.44,0.51,0.48,0.7
12/9/2021 14:45,3.74,2.25,13.33,3267,50.3,79.32,58.04,387.981513,80.9,87.5,86.3,86.5,82,27.48,26.83,27.75,28.15,28.88,0.7,0.44,0.51,0.51,0.72
12/9/2021 15:00,3.646,2.16,13.03,3267,50.4,78.94,58.07,149.970169,81.2,87.7,86.3,87.6,82.8,27.54,26.85,27.84,28.29,29.08,0.69,0.43,0.51,0.48,0.69
12/9/2021 15:15,3.389,1.86,12.27,3268,50.3,80.78,60.22,256.31916,81.6,87.9,86.6,86.9,82.4,27.57,26.91,27.85,28.52,29.19,0.68,0.43,0.5,0.51,0.71
12/9/2021 15:30,3.184,1.55,11.74,3269,50.4,81.9,61.7,172.982315,81.4,87.7,86.6,86.4,82.2,27.5,26.88,27.8,28.34,28.99,0.68,0.44,0.5,0.52,0.71
12/9/2021 15:45,3.052,1.45,11.29,3269,50.4,83.6,63.3,154.243853,81.6,87.9,86.8,86.9,82.4,27.44,26.84,27.7,28.33,29.05,0.67,0.43,0.49,0.5,0.71
12/9/2021 16:00,2.842,1.26,10.61,3271,50.4,84.48,65.03,138.13535,81.6,87.8,87,86.5,81.9,27.38,26.76,27.55,28.32,29.01,0.67,0.43,0.48,0.52,0.73
12/9/2021 16:15,2.649,1.08,9.99,3272,50.4,86.99,67.3,116.766929,81.5,87.8,87,86.1,81.5,27.26,26.62,27.43,28.18,28.87,0.67,0.43,0.48,0.53,0.74
12/9/2021 16:30,2.497,0.95,9.49,3271,50.4,88.43,70.14,72.715105,81.4,87.8,86.9,85.6,81.2,27.08,26.44,27.23,27.91,28.61,0.67,0.42,0.47,0.54,0.74
12/9/2021 16:45,2.152,0.67,8.34,3273,50.3,87.71,72.29,44.278667,81.2,87.8,86.9,85.6,81.3,26.91,26.24,27.04,27.57,28.25,0.67,0.42,0.47,0.53,0.72
12/9/2021 17:00,1.905,0.41,7.58,3274,50.5,90.89,74.99,22.088383,81.1,88,86.9,85.7,81.6,26.71,25.96,26.84,27.19,27.83,0.66,0.4,0.46,0.52,0.69
12/9/2021 17:15,1.68,0.28,6.77,3275,50.4,93.5,78.82,2.363686,80.1,87.7,86.5,85.7,81.8,26.38,25.57,26.61,26.77,27.32,0.68,0.4,0.47,0.5,0.66
12/9/2021 17:30,1.518,0.14,6.24,3276,50.4,95.6,81.64,-3.224978,80.3,87.6,86.3,85.7,82.2,25.81,25.12,26.16,26.26,26.74,0.65,0.4,0.46,0.49,0.63
12/9/2021 17:45,1.434,0.21,5.81,3277,50.5,94.76,83.55,-4.539958,80.6,86.6,86,85.4,81.4,25.26,24.89,25.72,25.81,26.42,0.62,0.42,0.46,0.49,0.64
12/9/2021 18:00,1.249,0,5.26,3277,50.4,95.67,85.63,-4.211213,81.4,83.2,85,84.4,79.95,24.59,25.3,25.5,25.62,26.34,0.57,0.54,0.49,0.51,0.69
12/9/2021 18:15,1.188,0,5,3280,50.3,94.98,86.45,-3.882468,82.4,79.86,83.1,83.2,78.45,24.06,25.82,25.61,25.55,26.3,0.53,0.67,0.56,0.55,0.74
12/9/2021 18:30,1.104,-0.06,4.71,3280,50.5,94.33,86.8,-4.211213,82.7,79.07,81.6,82.2,77.29,23.74,25.81,25.65,25.49,26.3,0.51,0.7,0.61,0.58,0.78
12/9/2021 18:45,1.113,-0.06,4.75,3281,50.4,92.85,85.99,-4.539958,82.7,78.13,80.2,81.3,76.33,23.54,25.83,25.75,25.48,26.28,0.5,0.73,0.66,0.61,0.81
12/9/2021 19:00,0.997,-0.2,4.41,3282,50.4,93.31,86.37,-4.211213,82.6,78.53,79.24,80.5,75.58,23.39,25.56,25.82,25.44,26.29,0.5,0.7,0.69,0.63,0.84
12/9/2021 19:15,1.041,-0.13,4.52,3283,50.4,91.92,85.63,-4.539958,82.8,78.89,78.25,79.94,75.08,23.21,25.38,25.92,25.48,26.25,0.49,0.68,0.73,0.65,0.85
12/9/2021 19:30,1.012,-0.13,4.4,3284,50.5,91.8,85.06,-5.033075,82.8,79.43,77.91,79.54,74.84,23.16,25.2,25.95,25.49,26.26,0.49,0.66,0.74,0.67,0.86
12/9/2021 19:45,0.992,-0.19,4.38,3283,50.5,90.41,84.72,-4.375585,82.7,80.2,77.51,79.06,74.43,23.1,24.93,25.98,25.53,26.29,0.49,0.62,0.76,0.68,0.87
12/9/2021 20:00,0.984,-0.12,4.27,3284,50.5,90.1,83.98,-4.539958,82.7,80.5,77.03,78.65,74.07,23.06,24.8,26.05,25.55,26.33,0.49,0.61,0.77,0.7,0.89
12/9/2021 20:15,0.972,-0.12,4.22,3284,50.6,88.96,83.43,-4.375585,82.7,80.8,76.47,78.18,73.7,23.05,24.68,26.09,25.61,26.35,0.49,0.6,0.8,0.72,0.9
12/9/2021 20:30,0.968,-0.19,4.28,3284,50.6,89.41,83.41,-4.868703,82.5,80.9,76.48,77.9,73.57,23.07,24.67,26.14,25.67,26.37,0.49,0.59,0.8,0.73,0.91
12/9/2021 20:45,1.008,-0.06,4.31,3284,50.7,90.15,83.6,-4.70433,82.2,80.7,76.1,77.51,73.31,23.07,24.64,26.14,25.67,26.37,0.5,0.6,0.81,0.74,0.92
12/9/2021 21:00,1.023,-0.06,4.37,3283,50.7,89.91,83.41,-4.375585,81.8,81.3,75.54,77.1,72.94,23.02,24.37,26.14,25.64,26.32,0.51,0.57,0.83,0.75,0.93
12/9/2021 21:15,1.023,-0.06,4.37,3284,50.6,89.17,83.17,-4.375585,81.8,81.7,74.92,76.66,72.6,22.93,24.19,26.21,25.65,26.31,0.51,0.55,0.85,0.77,0.94
12/9/2021 21:30,1.018,-0.06,4.35, ,50.5,88.5,83.03,-4.211213,81.9,82,74.75,76.42,72.53,22.9,24.1,26.24,25.67,26.29,0.51,0.54,0.86,0.78,0.94
12/9/2021 21:45,1.043,0,4.39,3283,50.6,87.95,82.52,-4.539958,81.8,82.3,74.53,76.35,72.4,22.94,24.03,26.29,25.68,26.34,0.51,0.53,0.87,0.78,0.95
12/9/2021 22:00,1.02,-0.06,4.36,3284,50.4,87.95,81.69,-4.539958,81.6,82.5,74.24,76.09,72.1,22.99,23.97,26.37,25.73,26.38,0.52,0.52,0.89,0.79,0.96
12/9/2021 22:15,1.026,0,4.32,3284,50.6,88.64,82.26,-4.70433,81.2,82.4,74.1,75.75,71.96,23.05,23.96,26.34,25.78,26.39,0.53,0.52,0.89,0.8,0.96
12/9/2021 22:30,1.048,-0.12,4.54,3285,50.5,88.98,81.74,-4.868703,81,82.4,73.59,75.47,71.67,23.05,23.94,26.44,25.79,26.42,0.54,0.52,0.91,0.81,0.98
12/9/2021 22:45,1.056,-0.06,4.51,3284,50.6,88.43,81.26,-4.868703,80.6,82,73.16,75.13,71.31,23.06,23.97,26.48,25.82,26.43,0.55,0.54,0.93,0.83,0.99
12/9/2021 23:00,1.115,0.07,4.62,3284,50.5,87.95,81.66,-4.70433,80.3,81.6,72.78,74.8,71.19,23.04,23.99,26.48,25.78,26.38,0.55,0.55,0.94,0.84,0.99
12/9/2021 23:15,1.077,-0.06,4.6,3284,50.7,88.5,80.9,-4.70433,80,81.1,72.62,74.76,70.97,23.03,24.06,26.46,25.74,26.36,0.56,0.57,0.95,0.84,1
12/9/2021 23:30,1.086,0,4.57,3284,51,88.41,80.8,-4.375585,79.99,80.9,72.64,74.53,70.78,22.99,24.06,26.42,25.75,26.36,0.56,0.57,0.94,0.84,1
12/9/2021 23:45,1.106,-0.06,4.72,3283,50.7,87.9,80.8,-4.211213,79.94,80.7,72.49,74.58,70.78,23.05,24.11,26.46,25.73,26.37,0.57,0.58,0.95,0.84,1
12/10/2021 0:00,1.121,0,4.72,3284,50.8,87.81,80.71,-4.375585,79.85,80.8,72.66,74.58,70.88,23.06,24.1,26.44,25.78,26.38,0.57,0.58,0.94,0.84,1
12/10/2021 0:15,1.128,0,4.75,3284,50.8,87.59,80.49,-4.868703,79.94,80.8,72.37,74.58,70.84,23.04,24.13,26.51,25.75,26.37,0.56,0.58,0.96,0.84,1
12/10/2021 0:30,1.147,0,4.83,3285,50.6,88.21,80.64,-4.539958,79.81,80.6,72.12,74.37,70.59,23.03,24.12,26.55,25.78,26.39,0.57,0.58,0.97,0.85,1.01
12/10/2021 0:45,1.132,-0.06,4.83,3284,51,89.24,80.68,-4.539958,79.78,80.8,71.82,73.95,70.45,22.98,24.02,26.57,25.82,26.39,0.57,0.57,0.98,0.87,1.02
12/10/2021 1:00,1.112,-0.12,4.81,3284,50.7,88.41,80.4,-4.539958,79.71,81.2,71.75,73.78,70.21,22.94,23.87,26.54,25.8,26.38,0.57,0.56,0.98,0.87,1.02
12/10/2021 1:15,1.197,0,5.04,3284,50.7,87.93,79.99,-4.04684,79.76,81.1,71.65,73.64,70.03,22.9,23.87,26.54,25.81,26.39,0.57,0.56,0.98,0.88,1.03
12/10/2021 1:30,1.196,-0.06,5.1,3284,50.7,89.89,80.83,-4.868703,79.47,81.1,71.15,73.31,69.76,22.9,23.78,26.57,25.79,26.4,0.57,0.56,1,0.89,1.04
12/10/2021 1:45,1.226,0,5.16,3285,51,89.41,80.44,-4.868703,79.2,81.1,70.79,72.82,69.44,22.73,23.57,26.47,25.71,26.27,0.57,0.55,1.01,0.9,1.04
12/10/2021 2:00,1.247,0,5.25,3284,50.8,88.88,80.4,-4.539958,79.26,81.4,70.66,72.56,69.16,22.58,23.39,26.38,25.63,26.21,0.57,0.54,1.01,0.9,1.05
12/10/2021 2:15,1.254,0,5.28,3285,51.1,90.34,80.4,-4.211213,79.15,81.2,70.3,72.34,68.76,22.52,23.34,26.35,25.57,26.21,0.57,0.54,1.02,0.91,1.06
12/10/2021 2:30,1.293,0.07,5.37,3284,50.7,88.45,79.25,-4.70433,79.14,81.1,69.2,71.61,68.43,22.39,23.25,26.51,25.65,26.15,0.56,0.54,1.07,0.93,1.07
12/10/2021 2:45,1.324,0.07,5.5,3284,50.6,88.36,78.75,-4.70433,78.95,80.8,68.91,71.23,68.18,22.34,23.24,26.47,25.62,26.1,0.57,0.55,1.07,0.95,1.08
12/10/2021 3:00,1.367,0.07,5.68,3284,50.8,88.88,78.8,-4.539958,78.7,80.7,68.37,71,68.02,22.31,23.17,26.53,25.61,26.04,0.57,0.55,1.1,0.95,1.08
12/10/2021 3:15,1.368,0.13,5.62,3285,50.7,88.93,78.82,-5.197448,78.7,80.8,68.92,71.1,67.94,22.23,23.1,26.35,25.53,26.06,0.57,0.54,1.07,0.94,1.08
12/10/2021 3:30,1.335,0,5.62,3285,50.7,89.89,79.2,-4.375585,79.01,81.2,69.46,71.08,67.77,22.12,22.99,26.16,25.5,26.05,0.56,0.53,1.04,0.94,1.09
12/10/2021 3:45,1.328,0,5.59,3285,50.8,88.52,78.48,-5.033075,79.2,81.3,69.27,70.83,67.65,22.06,22.92,26.19,25.51,26.03,0.55,0.52,1.04,0.95,1.09
12/10/2021 4:00,1.378,0,5.8,3285,50.8,89.98,78.48,-4.211213,79.03,80.9,67.91,70.25,67.34,22.01,22.91,26.36,25.51,25.97,0.55,0.53,1.1,0.97,1.1
12/10/2021 4:15,1.443,0.2,5.86,3285,50.7,88.96,78.05,-4.539958,78.42,80.5,67.01,69.58,66.78,21.88,22.79,26.37,25.44,25.86,0.57,0.54,1.13,0.99,1.11
12/10/2021 4:30,1.493,0.2,6.07,3285,50.7,87.76,77.07,-4.375585,78.52,80.4,66.82,69.45,66.56,21.77,22.7,26.32,25.36,25.83,0.56,0.54,1.14,0.99,1.11
12/10/2021 4:45,1.5,0.2,6.1, ,50.7,86.88,76.76,-4.70433,78.53,80.6,66.57,69.23,66.45,21.71,22.64,26.34,25.37,25.81,0.56,0.53,1.15,1,1.12
12/10/2021 5:00,1.53,0.26,6.16,3285,50.7,87.28,76.31,-4.70433,78.54,80.5,66.71,69.15,66.38,21.69,22.64,26.28,25.38,25.82,0.56,0.54,1.14,1,1.12
12/10/2021 5:15,1.583,0.33,6.31,3285,50.8,86.23,75.45,-4.70433,78.66,80.4,66.6,69.24,66.17,21.62,22.6,26.28,25.32,25.84,0.55,0.54,1.14,0.99,1.13
12/10/2021 5:30,1.619,0.33,6.46,3285,50.8,86.9,75.26,-4.375585,78.61,80.3,66.29,68.94,66.02,21.61,22.62,26.31,25.34,25.84,0.55,0.54,1.15,1,1.13
12/10/2021 5:45,1.6,0.32,6.39,3285,51,86.06,74.97,-4.539958,78.71,80.2,66.17,68.87,65.96,21.59,22.62,26.33,25.34,25.85,0.55,0.54,1.16,1.01,1.13
12/10/2021 6:00,1.598,0.26,6.45,3286,51,85.66,74.66,-4.375585,78.95,80.3,66.48,69.13,66.07,21.6,22.65,26.31,25.36,25.89,0.54,0.54,1.15,1,1.13
12/10/2021 6:15,1.649,0.32,6.6,3285,51,86.61,74.32,-4.211213,78.81,80.2,66.58,68.98,65.97,21.66,22.72,26.3,25.39,25.93,0.55,0.55,1.14,1.01,1.14
12/10/2021 6:30,1.716,0.32,6.88,3286,51.2,86.78,74.09,-4.375585,78.56,79.95,66.29,68.76,65.77,21.64,22.72,26.32,25.4,25.94,0.55,0.55,1.15,1.01,1.15
12/10/2021 6:45,1.748,0.39,6.94,3285,50.8,85.9,73.03,-4.04684,78.6,79.93,66.02,68.64,65.76,21.63,22.72,26.37,25.39,25.91,0.55,0.55,1.17,1.02,1.14
12/10/2021 7:00,1.778,0.45,7,3285,50.8,85.68,73.27,-4.375585,78.62,79.81,66.35,68.69,65.85,21.63,22.77,26.32,25.41,25.9,0.55,0.56,1.15,1.02,1.14
12/10/2021 7:15,1.839,0.57,7.13,3286,51.2,83.7,71.72,-2.731861,76.21,76.89,68.64,69.21,66.07,22.73,23.65,25.86,25.44,26.02,0.66,0.68,1.05,1,1.14
12/10/2021 7:30,1.909,0.51,7.49,3286,51.2,83.79,70.79,2.528059,69.26,77.05,72.2,70.33,66.69,24.67,23.82,25.24,25.46,26.13,0.95,0.68,0.89,0.97,1.13
12/10/2021 7:45,1.933,0.51,7.59,3287,51,84.68,70.45,5.815508,68.18,78.24,73.11,70.93,67.35,25.03,23.66,25.17,25.44,26.1,1.01,0.64,0.86,0.95,1.1
12/10/2021 8:00,2.008,0.58,7.83,3286,51.2,84.63,70.07,13.869759,67.93,78.55,73.53,71.28,67.66,25.11,23.65,25.12,25.41,26.08,1.02,0.63,0.84,0.93,1.09
12/10/2021 8:15,2.127,0.76,8.14,3287,51.2,83.86,69.52,38.196886,67.83,78.86,73.77,71.48,67.88,25.14,23.61,25.11,25.4,26.08,1.03,0.62,0.84,0.93,1.08
12/10/2021 8:30,2.118,0.76,8.1,3287,51.2,83.27,69.09,61.537777,67.88,79.51,73.91,71.65,68.04,25.21,23.52,25.17,25.42,26.09,1.03,0.59,0.83,0.92,1.08
12/10/2021 8:45,2.177,0.75,8.36,3287,51.2,82.43,67.82,87.673001,68.13,80.1,74.11,72.06,68.34,25.26,23.51,25.24,25.45,26.14,1.03,0.58,0.83,0.91,1.07
12/10/2021 9:00,2.341,0.86,8.93,3287,51.2,80.78,65.43,129.587982,68.59,80.5,74.53,72.35,68.67,25.3,23.61,25.29,25.57,26.25,1.01,0.57,0.82,0.91,1.07
12/10/2021 9:15,2.672,1.2,9.96,3287,51.2,77.17,62.06,80.111867,69.22,81,75.15,73.39,69.12,25.36,23.78,25.43,25.62,26.42,1,0.56,0.81,0.87,1.06
12/10/2021 9:30,3.324,1.95,11.9,3287,51.2,71.17,56.39,189.748308,69.72,81.4,75.77,74.07,69.38,25.47,23.93,25.56,25.75,26.59,0.99,0.55,0.79,0.86,1.07
12/10/2021 9:45,3.988,2.95,13.62,3287,51,64.28,49.44,230.019564,70.24,82.2,76.42,74.58,69.22,25.65,24.16,25.84,26.03,27.09,0.98,0.54,0.79,0.86,1.1
12/10/2021 10:00,4.829,4.58,15.41,3286,50.8,61.42,48.2,186.625231,71.41,82.8,77.05,76.24,69.19,25.89,24.61,26.31,26.43,27.93,0.95,0.53,0.79,0.82,1.16
12/10/2021 10:15,6.724,5.78,22.1,3286,51,60.63,49.13,264.373411,73.12,82.7,77.84,77.51,72.66,26.02,25.1,26.6,26.65,29,0.9,0.55,0.77,0.79,1.1
12/10/2021 10:30,7.622,6.45,25.16,3283,51,60.22,49.8,441.402567,74.72,83.1,79.29,79.65,79.55,26.18,25.45,26.72,26.79,30.38,0.86,0.55,0.73,0.72,0.89
12/10/2021 10:45,8.192,6.71,27.28,3283,51.1,59.86,50.08,215.883531,76.12,83.8,80.7,81.3,78.17,26.33,25.75,26.85,26.99,31.32,0.82,0.54,0.68,0.67,1
12/10/2021 11:00,8.543,6.97,28.48,3282,51,60.03,50.42,228.540212,77.19,84.6,82,82.8,77.97,26.5,25.94,26.99,27.3,31.7,0.79,0.52,0.64,0.62,1.03
12/10/2021 11:15,8.206,7.1,26.92,3282,50.8,60.91,50.9,289.193655,77.89,85.1,82.6,83.4,79.3,26.62,26.09,27.14,27.55,32.04,0.77,0.5,0.63,0.61,0.99
12/10/2021 11:30,7.907,6.73,26.06,3281,51,61.75,50.54,238.073815,78.66,85.8,83.5,84.1,76.66,26.75,26.2,27.22,27.82,32.11,0.75,0.48,0.6,0.59,1.12
12/10/2021 11:45,8.317,7.04,27.45,3281,50.6,61.53,50.97,365.298111,79.43,86.4,84.3,85.1,75.86,26.87,26.32,27.36,28.14,32.11,0.73,0.47,0.57,0.57,1.15
12/10/2021 12:00,6.245,5.69,20.18, ,50.7,65.84,50.47,98.192839,80,86.9,85,84.6,72.83,27.07,26.48,27.48,28.53,31.9,0.72,0.45,0.55,0.6,1.28
12/10/2021 12:15,6.761,6,22.02,3281,50.6,65.89,50.66,671.852777,79.8,86.8,85,84.2,75.57,27.13,26.51,27.5,28.1,30.43,0.73,0.46,0.55,0.6,1.06
12/10/2021 12:30,7.009,6.15,22.9,3281,50.5,63.71,50.59,396.035764,79.8,86.8,85,86.8,77.7,27.2,26.56,27.55,28.25,30.8,0.73,0.46,0.55,0.51,0.99
12/10/2021 12:45,5.428,5.14,17.33,3283,51,69.11,51.16,386.666533,80.4,87.4,85.7,84.9,75.77,27.3,26.67,27.66,28.73,30.85,0.71,0.44,0.53,0.6,1.08
12/10/2021 13:00,5.205,5.01,16.53,3282,50.8,69.09,51.14,354.120783,80.1,87.1,85.3,84.7,77.48,27.34,26.66,27.65,28.37,30,0.72,0.45,0.54,0.59,0.96
12/10/2021 13:15,4.732,3.63,16.02,3283,50.8,75.3,53.22,207.82928,80.3,87.1,85.5,84.6,78.21,27.36,26.7,27.69,28.39,29.7,0.72,0.45,0.54,0.6,0.91
12/10/2021 13:30,4.425,3.06,15.34,3284,51.1,75.85,54.17,219.992843,79.83,86.7,85.1,84.8,79.36,27.31,26.64,27.59,27.91,28.89,0.73,0.46,0.55,0.57,0.82
12/10/2021 13:45,4.218,2.77,14.78,3285,51,78.03,55.68,422.33536,79.75,86.8,85.4,85.1,80.5,27.24,26.58,27.47,27.71,28.45,0.73,0.46,0.54,0.55,0.76
12/10/2021 14:00,4.165,2.74,14.59,3285,51.1,77.03,55.3,297.905396,79.95,87.1,85.7,86.3,81.6,27.22,26.54,27.43,27.72,28.5,0.72,0.45,0.52,0.51,0.72
12/10/2021 14:15,4.036,2.59,14.21,3286,51,77.05,55.75,320.09568,80.4,87.4,86,86.7,81.8,27.24,26.59,27.48,28.02,28.8,0.71,0.44,0.51,0.5,0.72
12/10/2021 14:30,3.865,2.32,13.78,3286,51,79.7,57.06,424.143457,80.7,87.6,86.3,86.3,81.9,27.28,26.64,27.52,28.27,28.91,0.7,0.43,0.5,0.53,0.72
12/10/2021 14:45,3.629,2.11,13.01,3288,51.1,79.66,58.74,267.825233,80.8,87.7,86.5,86,81.9,27.3,26.62,27.53,28.36,28.93,0.7,0.43,0.5,0.54,0.72
12/10/2021 15:00,3.261,1.75,11.85,3289,50.8,81.81,60.58,181.365311,80.8,87.8,86.4,85.9,81.9,27.26,26.58,27.53,28.35,28.88,0.7,0.42,0.5,0.54,0.72
12/10/2021 15:15,2.87,1.27,10.72,3293,50.7,86.06,64.55,54.469761,80.8,87.9,86.6,85.3,81.6,27.21,26.45,27.39,28.16,28.67,0.69,0.42,0.49,0.56,0.72
12/10/2021 15:30,2.466,0.83,9.49,3294,50.7,89.43,68.8,98.685956,80.4,87.9,86.4,84.6,81.3,27.08,26.21,27.2,27.62,28.07,0.7,0.41,0.49,0.57,0.71
12/10/2021 15:45,2.313,0.75,8.93,3294,50.7,89.58,70.88,103.452758,79.67,87.4,85.9,85.1,81.4,26.81,25.95,26.85,26.99,27.51,0.72,0.42,0.5,0.53,0.68
12/10/2021 16:00,2.157,0.55,8.49,3296,50.7,91.04,72.89,76.98879,79.37,87,85.8,85.5,81.5,26.54,25.72,26.52,26.54,27.14,0.72,0.43,0.49,0.5,0.67
12/10/2021 16:15,2.021,0.49,7.98,3297,50.7,92.13,74.73,60.715915,79.06,86.9,85.8,85.5,81.5,26.29,25.43,26.19,26.21,26.82,0.72,0.43,0.48,0.49,0.65
12/10/2021 16:30,1.892,0.35,7.59,3297,50.7,92.68,76.26,42.47057,78.73,86.8,85.5,85.3,81.2,26,25.08,25.89,25.89,26.5,0.71,0.42,0.48,0.49,0.65
12/10/2021 16:45,1.849,0.35,7.41,3296,50.6,93.09,77.31,25.540205,78.39,86.7,85.2,84.9,80.8,25.74,24.8,25.65,25.64,26.25,0.72,0.42,0.49,0.5,0.65
12/10/2021 17:00,1.771,0.35,7.08,3298,50.7,93.02,78.01,14.198504,77.87,86.5,84.5,84.3,80.1,25.53,24.53,25.46,25.48,26.07,0.72,0.42,0.5,0.51,0.67
12/10/2021 17:15,1.619,0.07,6.74,3298,50.6,96.2,80.78,1.048706,77.11,85,83.8,83.5,79.35,25.15,24.54,25.31,25.32,25.92,0.73,0.46,0.52,0.53,0.69
12/10/2021 17:30,1.544,0.14,6.35,3299,50.7,96.49,82.31,-3.38935,79.11,79.1,82.1,82.3,77.8,24.28,25.58,25.33,25.2,25.94,0.63,0.69,0.58,0.57,0.74
12/10/2021 17:45,1.488,0.21,6.04,3301,50.8,94.05,82.5,-4.375585,80.4,77.6,79.86,81.2,76.16,23.69,25.67,25.52,25.16,26,0.57,0.74,0.66,0.6,0.8
12/10/2021 18:00,1.391,0.07,5.78,3302,50.7,92.42,82.05,-4.868703,81,78.17,78.17,79.92,74.89,23.32,25.27,25.64,25.18,26.01,0.54,0.7,0.72,0.64,0.84
12/10/2021 18:15,1.313,-0.06,5.59,3304,50.7,91.99,82.55,-4.868703,81.4,79.3,76.85,78.8,73.81,23.13,24.82,25.81,25.25,26.09,0.53,0.65,0.77,0.68,0.89
12/10/2021 18:30,1.237,-0.06,5.27,3304,51.2,91.7,81.9,-4.211213,81.2,80.4,75.96,77.79,72.95,23.05,24.45,25.89,25.36,26.19,0.53,0.6,0.8,0.72,0.92
12/10/2021 18:45,1.222,-0.06,5.21,3304,51.1,90.08,81.81,-5.197448,81.1,81.1,75.24,77.05,72.41,22.97,24.22,25.97,25.42,26.23,0.53,0.57,0.83,0.75,0.94
12/10/2021 19:00,1.157,-0.12,5,3305,50.7,90.15,81.45,-4.375585,81.1,80.7,74.68,76.56,71.92,22.96,24.28,26.07,25.47,26.27,0.53,0.59,0.85,0.76,0.96
12/10/2021 19:15,1.183,0,4.98, ,50.7,89.24,81.11,-4.868703,81.1,80.1,74.07,76.24,71.51,22.92,24.37,26.18,25.5,26.33,0.53,0.61,0.88,0.78,0.98
12/10/2021 19:30,1.152,-0.12,4.98,3304,50.8,89.58,80.97,-4.375585,80.9,79.62,73.68,75.93,71.24,22.91,24.42,26.2,25.48,26.33,0.53,0.62,0.9,0.78,0.99
12/10/2021 19:45,1.176,0,4.95,3305,51.2,88.67,81.02,-4.539958,80.4,77.95,73.72,75.12,70.5,22.87,24.66,26,25.47,26.29,0.55,0.68,0.88,0.81,1.01
12/10/2021 20:00,1.179,0.06,4.9,3304,51.2,87.76,80.25,-4.868703,80.8,79.9,74.3,75.83,71.32,22.89,24.37,26.07,25.53,26.3,0.54,0.61,0.87,0.79,0.98
12/10/2021 20:15,1.127,-0.06,4.81,3304,51.2,88.45,80.01,-4.539958,80.5,80.5,73.48,75.29,70.76,22.96,24.18,26.2,25.6,26.37,0.55,0.59,0.9,0.81,1
12/10/2021 20:30,1.142,-0.06,4.87,3305,51.2,87.69,79.37,-5.033075,80.2,79.79,72.86,74.78,70.46,22.97,24.33,26.32,25.67,26.41,0.56,0.62,0.93,0.83,1.02
12/10/2021 20:45,1.156,-0.06,4.93,3304,51.2,87.5,79.18,-4.211213,80,78.89,72.49,74.38,70.16,22.99,24.52,26.39,25.73,26.45,0.56,0.65,0.95,0.85,1.03
12/10/2021 21:00,1.186,0.06,4.93,3304,50.7,87.28,79.82,-4.539958,80.1,78.93,71.97,74.26,69.97,22.99,24.51,26.5,25.75,26.49,0.56,0.65,0.97,0.85,1.04
12/10/2021 21:15,1.156,-0.06,4.93,3304,51.2,87.69,79.37,-4.868703,79.8,78.95,71.94,74.09,69.79,23.01,24.48,26.48,25.74,26.5,0.57,0.65,0.97,0.86,1.05
12/10/2021 21:30,1.177,-0.06,5.02,3304,51.2,88.6,79.32,-4.539958,79.68,79.88,72.06,73.84,69.61,23.03,24.24,26.46,25.78,26.53,0.57,0.61,0.97,0.87,1.05
12/10/2021 21:45,1.213,-0.06,5.17,3305,51,88.14,78.94,-4.539958,79.58,80.2,71.74,73.59,69.37,23.02,24.15,26.51,25.83,26.58,0.57,0.6,0.98,0.88,1.07
12/10/2021 22:00,1.222,0.06,5.08,3303,51.2,86.83,78.63,-5.033075,79.63,79.6,71.73,73.42,69.23,23.02,24.29,26.48,25.84,26.59,0.57,0.62,0.98,0.89,1.07
12/10/2021 22:15,1.228,0,5.17,3304,51.2,87.69,78.96,-4.70433,79.55,78.74,71.72,73.51,69.28,23.04,24.49,26.5,25.81,26.57,0.58,0.65,0.98,0.88,1.07
12/10/2021 22:30,1.242,0,5.23,3305,51.2,87.66,78.94,-4.211213,79.36,78.64,71.51,73.39,69.28,23.04,24.5,26.52,25.83,26.56,0.58,0.66,0.99,0.89,1.07
12/10/2021 22:45,1.249,0,5.26,3305,51.2,88.24,79.03,-5.033075,79.06,78.8,71.48,73.24,69.18,23.06,24.39,26.48,25.81,26.51,0.59,0.65,0.99,0.89,1.07
12/10/2021 23:00,1.286,0.07,5.34,3304,51.2,87.9,78.75,-4.868703,78.81,79.4,71.34,72.92,68.9,23.04,24.2,26.44,25.83,26.53,0.6,0.62,0.99,0.9,1.08
12/10/2021 23:15,1.34,0.13,5.5,3305,51.2,88.12,78.53,-4.375585,78.58,79.84,71.24,72.57,68.58,23.03,24.02,26.39,25.84,26.56,0.6,0.6,0.99,0.91,1.09
12/10/2021 23:30,1.324,0.07,5.5,3305,51.2,88.17,78.56,-4.375585,78.4,79.33,70.66,72.39,68.45,22.98,24.1,26.5,25.8,26.5,0.61,0.62,1.02,0.92,1.09
12/10/2021 23:45,1.4,0.2,5.68,3305,51.2,88.12,78.53,-4.70433,78.27,78.78,70.01,72.2,68.17,22.93,24.15,26.58,25.78,26.49,0.61,0.64,1.04,0.92,1.1
12/11/2021 0:00,1.367,0.07,5.68,3305,51.2,89.12,78.17,-4.70433,78.04,78.71,69.84,71.68,67.96,22.84,24.05,26.52,25.8,26.46,0.61,0.64,1.05,0.94,1.11
12/11/2021 0:15,1.396,0.07,5.8,3304,51.2,89.46,78.41,-4.375585,77.98,79.31,69.46,71.35,67.6,22.74,23.78,26.47,25.74,26.39,0.61,0.61,1.06,0.95,1.11
12/11/2021 0:30,1.468,0.27,5.89,3304,51.1,88.88,78.34,-4.375585,77.9,79.32,68.67,70.77,67.22,22.59,23.62,26.53,25.72,26.34,0.61,0.6,1.09,0.97,1.12
12/11/2021 0:45,1.441,0.07,5.99,3305,51.2,89.36,77.96,-4.539958,77.68,79.02,68.3,70.36,66.88,22.49,23.56,26.47,25.67,26.28,0.61,0.61,1.1,0.98,1.13
12/11/2021 1:00,1.47,0.13,6.05,3305,51.2,89.1,77.74,-4.868703,77.55,79.09,67.71,70.01,66.57,22.39,23.43,26.5,25.61,26.21,0.61,0.6,1.12,0.99,1.14
12/11/2021 1:15,1.51,0.2,6.14,3305,51.2,88.91,77.6,-4.539958,77.53,79.14,67.3,69.65,66.18,22.31,23.3,26.47,25.58,26.2,0.61,0.6,1.13,1,1.15
12/11/2021 1:30,1.532,0.26,6.17,3305,51.2,88.19,77.03,-4.539958,77.5,79.06,67.33,69.45,65.99,22.23,23.24,26.4,25.55,26.17,0.6,0.6,1.12,1,1.15
12/11/2021 1:45,1.578,0.33,6.29,3305,51.2,87.19,76.24,-4.211213,77.47,78.93,66.85,69.17,65.72,22.17,23.22,26.45,25.56,26.17,0.6,0.6,1.14,1.01,1.16
12/11/2021 2:00,1.593,0.33,6.35,3305,51.4,86.76,76.26,-4.868703,77.31,78.8,66.6,68.82,65.45,22.11,23.15,26.43,25.56,26.18,0.6,0.6,1.15,1.02,1.17
12/11/2021 2:15,1.583,0.33,6.31,3305,51.2,86.92,75.62,-4.375585,77.35,78.71,66.69,68.77,65.31,22.06,23.12,26.36,25.51,26.13,0.6,0.6,1.14,1.02,1.18
12/11/2021 2:30,1.592,0.32,6.36, ,51.3,84.92,74.42,-4.211213,77.65,78.96,66.18,67.39,64.63,22.04,23.11,26.54,25.91,26.37,0.59,0.6,1.17,1.09,1.22
12/11/2021 2:45,1.698,0.38,6.74,3305,51.2,83.86,72.84,-4.539958,77.39,78.39,66.69,65.53,62,22.25,23.43,26.53,26.52,27.24,0.61,0.62,1.16,1.19,1.37
12/11/2021 3:00,1.698,0.26,6.87,3305,51.1,86.23,72.94,-4.211213,76.54,77.44,67.16,66.58,62.57,22.44,23.63,26.38,26.19,27.04,0.64,0.66,1.13,1.14,1.34
12/11/2021 3:15,1.734,0.39,6.88,3305,51.3,86.04,73.49,-4.211213,76.43,77.8,67.3,68.2,63.94,22.33,23.44,26.25,25.71,26.57,0.64,0.64,1.12,1.05,1.25
12/11/2021 3:30,1.775,0.46,6.98,3305,51,86.3,73.7,-4.539958,76.63,78.05,67.13,68.42,64.14,22.22,23.3,26.22,25.54,26.42,0.63,0.63,1.12,1.03,1.24
12/11/2021 3:45,1.743,0.39,6.92,3305,51.2,86.76,74.06,-4.211213,76.75,78.11,66.61,68.29,64.02,22.11,23.2,26.26,25.53,26.37,0.62,0.62,1.14,1.04,1.24
12/11/2021 4:00,1.728,0.33,6.92,3305,51.3,86.76,73.7,-4.539958,76.73,78.21,66.95,68.26,64.01,22.03,23.13,26.13,25.45,26.33,0.62,0.62,1.12,1.03,1.23
12/11/2021 4:15,1.742,0.33,6.98,3306,51.2,86.88,73.39,-4.539958,76.52,78.2,66.87,68.12,63.95,22.03,23.08,26.09,25.43,26.31,0.62,0.62,1.12,1.04,1.23
12/11/2021 4:30,1.767,0.39,7.02,3306,51.3,86.56,73.54,-4.539958,76.51,78.08,66.86,68.06,63.84,21.97,23.06,26.03,25.4,26.27,0.62,0.62,1.12,1.04,1.24
12/11/2021 4:45,1.814,0.52,7.08,3306,51.1,86.18,73.61,-4.70433,76.46,78.12,66.61,67.85,63.69,21.94,22.99,26.06,25.41,26.26,0.62,0.61,1.13,1.04,1.24
12/11/2021 5:00,1.799,0.46,7.08,3305,51.2,85.99,73.08,-4.539958,76.5,77.95,66.51,67.64,63.5,21.87,23.01,26.03,25.39,26.25,0.62,0.62,1.13,1.05,1.25
12/11/2021 5:15,1.778,0.33,7.13,3306,51.3,87.19,72.96,-4.375585,76.61,77.87,66.63,67.6,63.44,21.86,22.99,25.98,25.38,26.25,0.61,0.62,1.12,1.05,1.25
12/11/2021 5:30,1.886,0.52,7.38,3306,51.2,86.18,72.89,-4.868703,76.45,77.9,66.68,67.61,63.47,21.84,22.98,25.95,25.38,26.24,0.62,0.62,1.12,1.05,1.25
12/11/2021 5:45,1.876,0.52,7.34,3307,51.3,85.3,72.24,-4.70433,76.43,78.01,66.44,67.45,63.39,21.84,22.91,25.99,25.39,26.22,0.62,0.61,1.13,1.06,1.25
12/11/2021 6:00,1.909,0.52,7.48,3307,51.3,86.4,72.32,-4.539958,76.39,78.01,66.55,67.46,63.32,21.8,22.91,25.93,25.36,26.25,0.62,0.61,1.12,1.05,1.25
12/11/2021 6:15,1.938,0.52,7.6,3307,51.3,85.63,71.79,-4.539958,76.46,77.85,66.44,67.36,63.33,21.8,22.93,25.96,25.37,26.23,0.61,0.62,1.13,1.06,1.25
12/11/2021 6:30,1.932,0.45,7.65,3307,51.2,85.78,71.55,-4.539958,76.48,77.75,66.41,67.32,63.22,21.78,22.94,25.94,25.36,26.21,0.61,0.62,1.13,1.06,1.25
12/11/2021 6:45,2.033,0.65,7.86,3308,51.2,85.37,70.93,-4.539958,76.57,77.69,65.9,67.15,63.05,21.74,22.95,26.05,25.39,26.24,0.61,0.62,1.15,1.07,1.26
12/11/2021 7:00,2.045,0.64,7.92,3307,51.3,84.75,70.45,-4.375585,76.59,77.62,66.12,67.15,63.06,21.71,22.96,25.98,25.37,26.24,0.61,0.63,1.14,1.06,1.26
12/11/2021 7:15,2.127,0.76,8.14,3307,51.3,83.39,69.11,0.391216,74.27,74.3,67.48,67.23,63.09,22.76,23.92,25.73,25.44,26.32,0.71,0.76,1.08,1.07,1.26
12/11/2021 7:30,2.305,0.83,8.81,3307,51.2,83.53,67.65,9.92482,66.71,74.66,69.47,67.24,63.51,24.76,23.92,25.36,25.59,26.36,1.04,0.75,0.99,1.07,1.25
12/11/2021 7:45,2.594,1.08,9.76,3308,51.3,81.52,65.62,36.388788,64.8,75.7,69.9,67.3,63.71,25.15,23.65,25.24,25.57,26.27,1.13,0.71,0.97,1.07,1.24
12/11/2021 8:00,3.442,2,12.34,3308,51.3,70.5,54.98,72.550733,64.51,76.59,70.42,67.52,63.59,25.23,23.58,25.28,25.63,26.47,1.14,0.68,0.95,1.07,1.26
12/11/2021 8:15,4.011,2.89,13.78,3307,51.2,65.36,50.08,90.467333,65.05,77.89,71.49,68.32,64.05,25.46,23.79,25.59,25.93,26.82,1.14,0.65,0.94,1.06,1.27
12/11/2021 8:30,4.729,4.03,15.58,3306,51.2,63.71,49.2,92.439802,65.95,78.89,72.41,69.52,64.79,25.64,24.12,25.87,26.13,27.11,1.12,0.63,0.92,1.03,1.26
12/11/2021 8:45,5.083,4.98,16.05,3305,51.3,63.02,49.27,142.244662,67,79.22,73.2,70.89,66.26,25.84,24.5,26.15,26.27,27.4,1.1,0.64,0.91,0.99,1.23
12/11/2021 9:00,6.669,6.15,21.47,3305,51.3,64.59,49.58,118.903771,68.32,79.59,73.67,72.43,68.57,25.99,24.79,26.37,26.38,28,1.06,0.64,0.9,0.95,1.19
12/11/2021 9:15,8.038,7.02,26.3,3304,51.2,64.98,50.82,137.970978,69.7,80.2,74.79,73.69,74.06,26.08,25.07,26.55,26.51,28.97,1.02,0.63,0.88,0.91,1.04
12/11/2021 9:30,8.169,7.02,26.85,3302,51.3,60.63,50.44,204.213085,71.07,80.8,75.96,75.64,77.08,26.18,25.27,26.66,26.55,30.13,0.98,0.62,0.84,0.85,0.98
12/11/2021 9:45,8.752,7.21,29.1,3301,51.2,59.69,50.73,175.612275,72.6,81.7,77.43,77.4,75.64,26.25,25.43,26.73,26.58,30.96,0.93,0.59,0.79,0.79,1.09
12/11/2021 10:00,9.086,7.83,29.84,3300,51.1,59.34,51.23,189.090818,73.94,82.4,78.79,79.48,77.8,26.33,25.67,26.76,26.72,31.57,0.89,0.58,0.75,0.72,1.03
12/11/2021 10:15,9.052,7.66,29.88,3299,51.1,59.05,51.61,261.743452,75.06,82.8,79.86,80.6,76.68,26.42,25.88,26.88,27.02,32.01,0.86,0.57,0.71,0.69,1.11
12/11/2021 10:30,9.518,7.94,31.54,3296,51.1,59.69,52.14,506.165322,76,83.5,80.8,81.6,77.41,26.57,26.05,26.98,27.32,32.23,0.83,0.56,0.68,0.67,1.09
12/11/2021 10:45,9.594,8.07,31.72,3296,51.2,59.89,52.5,209.14426,76.8,84.2,81.8,82.1,78.72,26.68,26.18,27.07,27.64,32.41,0.81,0.54,0.65,0.66,1.04
12/11/2021 11:00,9.812,8.06,32.65,3296,51.1,59.96,52.57,217.856001,77.54,84.8,82.5,82.7,78.51,26.8,26.28,27.21,27.9,32.48,0.79,0.52,0.63,0.65,1.05
12/11/2021 11:15,9.637,8.1,31.87,3296,51,60.51,52.38,222.787175,78.21,85.4,83.2,84,77.18,26.94,26.4,27.34,28.29,32.62,0.77,0.5,0.61,0.62,1.12
12/11/2021 11:30,9.207,7.84,30.34,3296,50.8,60.27,52.4,270.455193,78.75,85.9,83.8,83.9,75.77,27.05,26.52,27.47,28.67,32.52,0.76,0.49,0.59,0.63,1.19
12/11/2021 11:45,9.15,7.8,30.14,3296,50.8,60.75,51.76,263.715921,79.3,86.4,84.3,84.3,72.34,27.21,26.65,27.61,28.94,32.65,0.75,0.48,0.58,0.63,1.36
12/11/2021 12:00,8.874,7.67,29.12,3295,50.8,62.35,51.95,618.102977,79.36,86.4,84.5,84,72.59,27.36,26.75,27.7,29.16,32.27,0.75,0.48,0.58,0.65,1.32
12/11/2021 12:15,8.373,7.43,27.27,3295,50.7,63.47,51.97,603.802572,79.13,86.3,84.4,83.4,72.28,27.41,26.77,27.71,29.24,32.11,0.76,0.48,0.58,0.67,1.33
12/11/2021 12:30,8.241,7.04,27.13,3296,50.5,64.12,51.37,327.656814,79.13,86.3,84.3,83.3,72.97,27.44,26.79,27.74,29.26,31.54,0.76,0.48,0.58,0.68,1.25
12/11/2021 12:45,7.97,6.75,26.3,3296,50.4,65.89,51.26,280.481914,79.2,86.4,84.5,83.3,74.43,27.46,26.82,27.73,29.26,30.98,0.76,0.48,0.58,0.68,1.15
12/11/2021 13:00,7.107,6.17,23.29,3297,50.5,66.94,51.33,265.030901,79.23,86.4,84.6,83.2,75.71,27.48,26.85,27.74,29.24,30.64,0.76,0.48,0.57,0.68,1.07
12/11/2021 13:15,6.178,5.66,19.93,3297,50.3,67.73,51.23,251.059241,79.28,86.3,84.6,83.2,76.58,27.53,26.91,27.76,29.23,30.37,0.76,0.49,0.57,0.68,1.02
12/11/2021 13:30,5.147,5.24,16.04,3297,50.7,69.76,51.33,366.777463,79.28,86.3,84.7,83.1,77.59,27.57,26.92,27.76,29.25,30.08,0.76,0.49,0.57,0.69,0.96
12/11/2021 13:45,3.796,4.57,11.07,3298,50.7,70.36,51.47,268.975841,79.35,86.4,84.9,83,78.41,27.61,26.96,27.78,29.23,29.87,0.76,0.48,0.56,0.69,0.91
12/11/2021 14:00,5.057,4.15,16.83,3300,50.6,72.46,52.14,235.115111,79.41,86.3,85,83.3,78.91,27.65,27.01,27.81,29.17,29.75,0.76,0.49,0.56,0.68,0.88
12/11/2021 14:15,4.676,3.56,15.86,3302,50.6,73.92,53.22,262.236569,79.44,86.2,85,83.4,79.44,27.66,27.05,27.86,29.11,29.62,0.76,0.49,0.56,0.67,0.85
12/11/2021 14:30,4.442,3.13,15.34,3305,50.7,75.74,53.84,419.541028,79.49,86.2,85,83.6,79.75,27.66,27.09,27.91,29.05,29.52,0.76,0.49,0.56,0.66,0.84
12/11/2021 14:45,4.269,2.97,14.78,3305,50.7,77.12,55.06,229.855192,79.46,86.2,85,83.6,79.89,27.68,27.07,27.87,29.01,29.47,0.76,0.49,0.56,0.66,0.83
12/11/2021 15:00,4.153,2.74,14.54,3306,50.5,78.82,56.3,165.092436,79.37,86.3,84.8,83.6,79.99,27.65,27.03,27.88,28.96,29.38,0.76,0.49,0.57,0.66,0.82
12/11/2021 15:15,3.961,2.49,14,3307,51,79.37,57.52,190.077053,79.3,86.3,84.7,83.6,80,27.6,26.97,27.82,28.85,29.26,0.76,0.49,0.57,0.65,0.81
12/11/2021 15:30,3.783,2.36,13.39,3308,51,80.44,58.71,165.914299,79.16,86.4,85,83.6,79.91,27.56,26.87,27.67,28.76,29.17,0.77,0.48,0.56,0.65,0.81
12/11/2021 15:45,3.688,2.13,13.24,3310,51,82.48,59.91,179.557214,79.1,86.4,85.2,83.4,79.76,27.48,26.78,27.52,28.65,29.08,0.77,0.48,0.54,0.65,0.81
12/11/2021 16:00,3.533,1.95,12.78,3311,51,84.05,61.15,173.639805,79.01,86.4,85.3,83.1,79.31,27.37,26.65,27.35,28.48,28.97,0.76,0.48,0.53,0.66,0.83
12/11/2021 16:15,3.297,1.64,12.12,3312,50.7,85.94,62.75,95.727252,78.94,86.6,85.5,83.1,78.98,27.24,26.47,27.14,28.23,28.79,0.76,0.46,0.52,0.65,0.83
12/11/2021 16:30,3.02,1.29,11.33,3314,50.5,87.04,64.88,71.893243,78.87,86.7,85.6,82.7,78.66,27.07,26.25,26.96,27.97,28.54,0.76,0.45,0.51,0.65,0.83
12/11/2021 16:45,2.738,1.16,10.28, ,50.5,87.54,66.99,45.10053,79.07,86.8,85.6,83.1,79.11,26.87,26.08,26.77,27.63,28.21,0.74,0.45,0.51,0.63,0.8
12/11/2021 17:00,2.447,0.96,9.27,3315,50.7,88.74,69.95,26.52644,79.19,87,85.7,83.4,79.49,26.71,25.88,26.61,27.27,27.85,0.73,0.43,0.5,0.6,0.77
12/11/2021 17:15,2.167,0.7,8.37,3316,50.7,91.49,73.56,4.336156,78.26,86.6,85.6,83.3,79.62,26.47,25.56,26.38,26.84,27.39,0.75,0.44,0.5,0.59,0.74
12/11/2021 17:30,1.862,0.36,7.45,3318,50.7,93.86,77.43,-3.224978,77.89,86.8,85.4,83.5,80,26.11,25.06,26.01,26.32,26.79,0.75,0.42,0.49,0.57,0.7
12/11/2021 17:45,1.683,0.36,6.7,3319,50.6,95.19,80.87,-4.375585,77.3,86.1,84.9,83.4,79.52,25.77,24.85,25.67,25.88,26.45,0.75,0.44,0.5,0.55,0.71
12/11/2021 18:00,1.601,0.43,6.28,3320,50.7,94.98,82.38,-4.375585,77.76,82.9,84,82.4,77.87,25.19,25.22,25.48,25.69,26.42,0.71,0.55,0.52,0.58,0.76
12/11/2021 18:15,1.425,0.14,5.85,3321,50.7,93.62,83.03,-4.70433,79.67,79.33,82.4,80.8,76.21,24.37,25.8,25.45,25.67,26.43,0.62,0.69,0.57,0.63,0.82
12/11/2021 18:30,1.367,0.07,5.68,3322,50.7,94.12,83.43,-4.868703,81,77.98,80.3,79.61,74.73,23.81,25.84,25.58,25.64,26.47,0.56,0.73,0.65,0.67,0.87
12/11/2021 18:45,1.34,0.14,5.49,3322,50.6,92.49,83.84,-4.375585,81.6,77.51,78.59,78.65,73.7,23.48,25.71,25.73,25.58,26.43,0.53,0.74,0.71,0.7,0.91
12/11/2021 19:00,1.252,0,5.27,3323,50.7,93.14,83.5,-4.539958,81.6,77.82,77.29,77.93,72.82,23.27,25.42,25.8,25.53,26.4,0.53,0.72,0.75,0.72,0.94
12/11/2021 19:15,1.317,0.2,5.33,3322,50.7,91.56,83.07,-4.868703,81.6,78.19,76.39,77.32,72.1,23.09,25.13,25.83,25.45,26.38,0.52,0.7,0.79,0.74,0.96
12/11/2021 19:30,1.302,0.14,5.33,3323,50.7,92.09,83.07,-4.70433,81.4,79.03,75.46,76.76,71.43,22.96,24.77,25.89,25.45,26.38,0.52,0.66,0.82,0.76,0.98
12/11/2021 19:45,1.293,0.07,5.37,3323,50.7,91.27,81.95,-5.197448,81.2,79.3,74.6,76.01,70.79,22.82,24.55,25.91,25.43,26.36,0.52,0.64,0.85,0.78,1
12/11/2021 20:00,1.301,0.07,5.4,3323,50.7,91.11,81.4,-4.539958,81.1,79.57,73.92,75.35,70.44,22.7,24.31,25.93,25.42,26.29,0.52,0.62,0.87,0.8,1.01
12/11/2021 20:15,1.298,0.2,5.25,3323,50.7,89.46,80.85,-4.211213,80.8,79.68,73.36,74.76,69.98,22.6,24.16,25.94,25.4,26.25,0.53,0.61,0.89,0.82,1.02
12/11/2021 20:30,1.258,0.07,5.22,3323,50.7,88.48,79.2,-4.539958,80.7,79.34,72.37,74.27,69.55,22.52,24.11,26.07,25.38,26.25,0.53,0.62,0.93,0.83,1.04
12/11/2021 20:45,1.297,0.13,5.32,3322,50.6,87.14,78.51,-4.868703,80.1,78.31,71.73,73.53,68.64,22.48,24.15,25.95,25.31,26.23,0.54,0.65,0.95,0.85,1.07
12/11/2021 21:00,1.298,0.19,5.26,3322,50.8,85.94,77.86,-4.539958,79.81,78.76,71.88,73.54,68.67,22.44,23.97,25.89,25.25,26.16,0.55,0.63,0.94,0.85,1.06
12/11/2021 21:15,1.21,0.06,5.03,3323,50.7,85.9,77.84,-4.375585,79.89,78.97,71.74,73.5,68.65,22.35,23.9,25.92,25.24,26.15,0.54,0.62,0.95,0.85,1.06
12/11/2021 21:30,1.277,0.19,5.17,3322,50.8,84.75,78.01,-4.70433,79.99,79.49,70.84,73.07,68.37,22.3,23.73,26.14,25.32,26.19,0.54,0.6,0.99,0.87,1.08
12/11/2021 21:45,1.283,0.13,5.26,3323,50.7,85.06,76.74,-4.70433,80.1,80.4,68.05,70.33,66.36,22.34,23.56,26.88,26.02,26.74,0.54,0.57,1.13,1,1.18
12/11/2021 22:00,1.361,0.13,5.59,3323,51,85.3,76.57,-4.539958,79.47,79.93,67.45,69.27,65.21,22.53,23.74,27.04,26.29,27.06,0.56,0.59,1.16,1.05,1.24
12/11/2021 22:15,1.464,0.32,5.82,3322,51.1,84.8,75.78,-4.539958,78.89,79.54,67.57,68.79,64.81,22.68,23.85,27.05,26.41,27.19,0.58,0.61,1.16,1.07,1.27
12/11/2021 22:30,1.47,0.26,5.91,3323,51.2,86.11,75.71,-4.375585,78.44,79.27,67.37,68.58,64.57,22.78,23.93,27.1,26.48,27.26,0.6,0.62,1.17,1.09,1.28
12/11/2021 22:45,1.564,0.32,6.24,3323,51.1,85.49,74.83,-4.70433,78.09,79.01,67.59,68.4,64.47,22.84,23.99,27.02,26.49,27.26,0.61,0.63,1.16,1.09,1.29
12/11/2021 23:00,1.609,0.32,6.43,3323,51.2,85.9,74.8,-4.70433,77.75,78.8,67.7,68.52,64.41,22.89,24.03,26.96,26.42,27.25,0.62,0.63,1.15,1.08,1.29
12/11/2021 23:15,1.634,0.39,6.46,3323,51.2,86.68,75.45,-4.539958,77.47,78.62,68,69.22,65.21,22.86,23.97,26.78,26.17,26.96,0.63,0.64,1.13,1.05,1.24
12/11/2021 23:30,1.601,0.26,6.46,3323,50.8,87.04,74.97,-4.868703,77.6,78.87,68.07,69.45,65.44,22.76,23.86,26.73,26.06,26.82,0.62,0.63,1.12,1.03,1.22
12/11/2021 23:45,1.667,0.52,6.46,3322,51.2,86.4,75.21,-4.7043305,77.62,78.72,67.53,69.17,65.18,22.72,23.84,26.82,26.09,26.85,0.62,0.63,1.15,1.04,1.23
12/12/2021 0:00,1.672,0.39,6.62, ,51.1,85.99,74.87,-4.293399,77.75,78.76,67.31,69.02,65.04,22.66,23.81,26.81,26.09,26.85,0.61,0.63,1.15,1.05,1.24
12/12/2021 0:15,1.246,-0.62,5.91,3321,51,104.04,74.97,-4.539958,80.8,79.33,71.92,74.15,66.45,22.6,24.18,26.26,25.54,26.77,0.53,0.62,0.96,0.85,1.18
12/12/2021 0:30,1.334,-0.06,5.68,3323,51.2,96.34,80.9,-4.70433,84.4,85.4,76.16,79.57,70.78,21.85,23.09,25.61,24.7,26.23,0.41,0.41,0.78,0.64,1
12/12/2021 0:45,1.293,0.07,5.37,3323,51.3,89.24,81.07,-4.70433,86.4,87.5,75.24,76.6,69.75,21.71,22.82,26.05,25.63,26.83,0.35,0.35,0.83,0.77,1.07
12/12/2021 1:00,1.309,0.13,5.37,3327,51.2,86.99,79.18,-4.539958,87.2,87.1,73.42,72.5,65.92,21.9,23.17,26.68,26.67,27.98,0.34,0.37,0.93,0.96,1.29
12/12/2021 1:15,0.754,-1.03,4.28,3327,51.2,94.45,72.36,-4.70433,87.5,86.8,73.65,75.39,66.31,22.14,23.45,27.04,26.48,28.05,0.33,0.38,0.94,0.85,1.28
12/12/2021 1:30,1.048,-0.27,4.7,3329,51.1,93.64,79.7,-4.375585,87.7,89.2,76.5,78.64,68.81,22.11,23.07,26.41,25.79,27.63,0.33,0.3,0.81,0.71,1.15
12/12/2021 1:45,1.127,-0.06,4.81,3329,51.3,90.96,82.55,-4.70433,87.8,88.8,75.59,78.35,69.81,22.13,23.05,26.45,25.71,27.3,0.33,0.32,0.84,0.72,1.1
12/12/2021 2:00,1.152,0,4.85,3330,51.1,89.79,81.54,-4.539958,87.7,88.1,74.9,77.15,69.58,22.11,23.12,26.52,25.82,27.22,0.33,0.34,0.87,0.76,1.1
12/12/2021 2:15,0.772,-0.68,3.98,3333,51.2,93.93,75.21,-4.04684,87.7,87.7,76.31,79.94,70.21,22.05,23.16,26.29,25.45,27.07,0.33,0.35,0.81,0.65,1.07
12/12/2021 2:30,0.834,-0.64,4.2,3332,50.8,97.25,82.84,-4.868703,87.7,89.4,79.57,83.4,73.02,21.88,22.78,25.32,24.46,26.31,0.32,0.29,0.66,0.51,0.92
12/12/2021 2:45,0.928,-0.34,4.27,3332,51.2,93.95,85.08,-4.211213,87.7,88.8,77.37,82.4,73.59,21.73,22.67,25.73,24.57,26.05,0.32,0.31,0.75,0.54,0.89
12/12/2021 3:00,0.989,-0.06,4.23,3333,51.3,90.8,84.6,-4.539958,87.7,88.7,76.28,80.3,72.15,21.62,22.63,25.85,24.88,26.27,0.32,0.31,0.79,0.62,0.95
12/12/2021 3:15,0.978,-0.06,4.18,3333,51.2,90.15,84.03,-4.375585,87.7,87.9,75.96,78.92,71.47,21.58,22.69,25.83,25.01,26.32,0.32,0.33,0.8,0.67,0.98
12/12/2021 3:30,0.992,-0.06,4.24,3333,51.2,89.51,83.91,-4.375585,87.5,87.1,75.16,77.81,70.85,21.52,22.78,25.89,25.12,26.36,0.32,0.36,0.83,0.71,1
12/12/2021 3:45,1.024,0,4.31,3335,51.3,89.86,83.77,-4.70433,87.3,86.3,74.1,76.58,70.22,21.46,22.81,26.01,25.23,26.4,0.32,0.38,0.87,0.75,1.02
12/12/2021 4:00,1.023,-0.06,4.37,3336,50.8,89.65,83.15,-4.375585,87,85.3,73.28,75.76,69.69,21.4,22.89,26.04,25.25,26.4,0.33,0.41,0.9,0.78,1.04
12/12/2021 4:15,1.087,0.07,4.5,3336,51.2,88.84,82,-4.70433,86.8,84.5,72.61,75.05,69.21,21.37,22.97,26.09,25.29,26.4,0.34,0.43,0.93,0.8,1.06
12/12/2021 4:30,1.083,0,4.56,3336,51.2,89.22,81.47,-4.211213,86.5,84.3,72.39,74.52,68.98,21.38,22.96,26.09,25.33,26.38,0.34,0.44,0.93,0.82,1.07
12/12/2021 4:45,1.097,0,4.62,3337,51.2,88.19,81.45,-4.211213,86.3,83.6,71.98,73.85,68.63,21.39,23.04,26.09,25.39,26.41,0.35,0.46,0.95,0.85,1.08
12/12/2021 5:00,1.151,0.07,4.77,3339,51.2,88.6,80.54,-4.375585,86.1,82.9,71.5,73.61,68.37,21.42,23.15,26.14,25.4,26.41,0.35,0.48,0.97,0.86,1.09
12/12/2021 5:15,1.146,0.07,4.75,3338,51.2,88.36,79.89,-4.539958,85.8,82.6,71.15,72.99,68.2,21.44,23.19,26.17,25.48,26.4,0.36,0.49,0.98,0.88,1.09
12/12/2021 5:30,1.248,0.2,5.04,3338,51.2,87.38,79.89,-4.539958,85.6,82.4,70.75,72.66,67.97,21.46,23.17,26.23,25.51,26.43,0.37,0.5,1,0.89,1.1
12/12/2021 5:45,1.236,0.07,5.13,3340,51.2,89,79.66,-4.70433,85.3,82.2,70.58,72.41,67.74,21.49,23.21,26.21,25.5,26.43,0.38,0.51,1,0.9,1.11
12/12/2021 6:00,1.277,0.2,5.16,3339,51.2,88.31,79.46,-4.539958,84.8,81.7,70.36,72.15,67.58,21.5,23.23,26.18,25.5,26.41,0.39,0.52,1.01,0.91,1.12
12/12/2021 6:15,1.323,0.13,5.43,3338,51.2,88.52,78.84,-4.70433,84.5,81.4,70.24,72,67.41,21.5,23.26,26.18,25.47,26.39,0.4,0.53,1.01,0.91,1.12
12/12/2021 6:30,1.34,0.13,5.5,3338,51.3,87.76,78.65,-4.539958,84.1,81.5,70.05,71.62,67.24,21.53,23.23,26.18,25.52,26.39,0.41,0.53,1.02,0.93,1.13
12/12/2021 6:45,1.422,0.2,5.77,3339,51.3,88.31,77.86,-2.731861,83.6,81.1,69.53,71.29,66.91,21.58,23.26,26.23,25.54,26.41,0.42,0.54,1.04,0.94,1.14
12/12/2021 7:00,1.49,0.33,5.92,3338,51.2,88.07,77.31,4.829273,83,80.7,69.26,70.96,66.69,21.58,23.25,26.22,25.52,26.34,0.44,0.55,1.05,0.95,1.14
12/12/2021 7:15,1.532,0.39,6.03, ,51.2,85.82,76.26,14.691622,82.9,77.62,70.68,70.85,66.64,22.08,24.07,25.9,25.61,26.45,0.45,0.67,0.98,0.96,1.15
12/12/2021 7:30,1.596,0.39,6.3,3339,51.2,85.7,74.66,60.551542,77.98,77.9,73.36,71.18,67.28,23.53,24.15,25.44,25.7,26.47,0.64,0.67,0.87,0.95,1.13
12/12/2021 7:45,1.805,0.63,6.92,3339,51.2,82.64,72.58,138.957213,73.85,79.37,73.98,71.76,67.88,24.4,23.93,25.44,25.7,26.44,0.8,0.61,0.85,0.93,1.11
12/12/2021 8:00,2.799,1.38,10.3,3339,51.2,72.87,59.48,83.728061,71.23,80.4,74.53,72.1,67.92,25.02,23.96,25.58,25.88,26.71,0.91,0.58,0.84,0.93,1.12
12/12/2021 8:15,3.6,2.38,12.6,3337,51.2,68.68,52.26,100.987171,70.42,81.4,75.55,72.88,68.11,25.56,24.29,25.92,26.22,27.17,0.97,0.56,0.82,0.92,1.15
12/12/2021 8:30,4.478,3.68,14.9,3337,51.3,64.74,49.65,117.588791,71.03,81.8,76.03,74.11,68.93,25.82,24.72,26.25,26.42,27.55,0.96,0.57,0.82,0.89,1.14
12/12/2021 8:45,5.261,4.96,16.82,3336,51.2,62.99,48.86,127.944257,72.2,81.8,76.66,75.47,73.87,26.03,25.14,26.56,26.56,28.27,0.94,0.58,0.81,0.85,1
12/12/2021 9:00,6.891,6.2,22.35,3335,51.2,64,49.18,152.600128,73.56,82.3,77.95,77.21,81.5,26.18,25.41,26.71,26.66,29.72,0.9,0.57,0.77,0.8,0.77
12/12/2021 9:15,8.368,7.38,27.3,3333,51.1,64,51.14,279.824424,74.9,83.3,79.32,79.14,81.5,26.33,25.64,26.86,26.71,31.1,0.86,0.55,0.73,0.73,0.84
12/12/2021 9:30,9.266,7.65,30.79,3331,51,59.89,51.28,171.33859,76.05,83.8,80.4,80.8,79.41,26.49,25.9,27.01,26.89,32.41,0.83,0.54,0.7,0.68,1
12/12/2021 9:45,9.243,7.85,30.48,3329,51.2,57.95,51.92,217.034138,77.16,84.4,81.5,82.8,78.24,26.66,26.16,27.16,27.29,33.13,0.8,0.53,0.67,0.62,1.1
12/12/2021 10:00,10.049,8.28,33.41,3326,51.1,57.45,52.74,490.549937,78,84.8,82.6,83.6,77.44,26.85,26.41,27.31,27.79,33.77,0.78,0.52,0.63,0.61,1.18
12/12/2021 10:15,10.454,8.47,34.91,3324,51,58.31,53.48,430.225239,78.77,85.4,83.4,84.5,78.21,27.02,26.59,27.47,28.38,34.31,0.76,0.51,0.61,0.6,1.18
12/12/2021 10:30,10.719,8.57,35.92,3322,51.1,57.76,54.08,213.417944,79.43,86,84.2,84.9,78.32,27.21,26.78,27.64,28.95,34.69,0.74,0.49,0.58,0.6,1.2
12/12/2021 10:45,10.847,9.2,35.78,3320,50.8,59.84,55.03,218.677863,79.95,86.5,84.7,84.5,78.04,27.41,26.96,27.84,29.47,34.77,0.73,0.48,0.57,0.64,1.22
12/12/2021 11:00,11.055,9.3,36.55,3318,50.6,59.57,55.27,231.170171,79.7,86.2,84.3,83.6,77.74,27.56,27.08,27.98,29.76,34.85,0.75,0.49,0.59,0.69,1.24
12/12/2021 11:15,10.317,8.92,33.85,3317,50.5,59.26,54.75,258.127257,79.62,86.3,84.2,83.3,75.87,27.63,27.13,28.08,29.98,34.72,0.75,0.49,0.6,0.71,1.34
12/12/2021 11:30,10.248,8.78,33.71,3318,49.7,59.26,54.1,586.707835,79.88,86.5,84.4,83.3,75.29,27.7,27.2,28.14,30.16,34.58,0.75,0.49,0.59,0.72,1.36
12/12/2021 11:45,10.275,8.86,33.74,3318,49.7,60.48,54.27,676.783951,80.1,86.6,84.6,83.5,74.71,27.79,27.3,28.22,30.39,34.75,0.74,0.49,0.59,0.72,1.4
12/12/2021 12:00,10.296,8.67,34.03,3317,49.7,60.58,53.91,457.675442,80.2,86.6,84.8,83.1,72.22,27.88,27.37,28.31,30.59,34.87,0.74,0.49,0.59,0.74,1.55
12/12/2021 12:15,9.729,8.19,32.16,3318,49.3,60.2,53.17,279.660051,80.3,86.7,84.9,83.2,72.15,27.98,27.46,28.38,30.72,34.73,0.74,0.49,0.58,0.74,1.54
12/12/2021 12:30,9.5,8.03,31.37,3318,49.1,61.61,52.62,273.57827,80.5,86.9,85.2,83,72.7,28.05,27.54,28.44,30.77,34.33,0.74,0.48,0.57,0.75,1.48
12/12/2021 12:45,8.93,7.62,29.41,3317,48.9,62.54,52.28,259.935354,80.4,86.8,85.2,83,72.93,28.14,27.59,28.5,30.85,33.62,0.75,0.49,0.58,0.76,1.41
12/12/2021 13:00,8.308,7.37,27.06,3318,48.6,63.93,51.88,246.128067,80.3,87,85.4,82.8,73.42,28.22,27.64,28.53,30.88,32.84,0.75,0.48,0.57,0.77,1.33
12/12/2021 13:15,7.585,6.77,24.66,3318,48.7,64.79,51.47,321.903778,80.5,87,85.6,82.8,75.24,28.26,27.71,28.55,30.89,32.18,0.75,0.48,0.56,0.77,1.19
12/12/2021 13:30,6.671,6.11,21.52,3318,48.6,65.26,50.59,242.183127,80.5,87.1,85.6,82.7,76.86,28.34,27.76,28.61,30.89,31.74,0.75,0.48,0.56,0.77,1.08
12/12/2021 13:45,6.401,5.51,21.03,3319,48.6,68.01,51.04,230.183936,80.5,87.1,85.7,82.5,77.67,28.35,27.8,28.65,30.85,31.47,0.75,0.48,0.56,0.78,1.03
12/12/2021 14:00,4.623,4.88,14.22,3321,48.6,69.4,51.09,458.661677,80.6,87,85.7,82.7,78.25,28.41,27.86,28.69,30.74,31.28,0.75,0.49,0.56,0.77,0.99
12/12/2021 14:15,3.442,4.45,9.71,3322,48.9,72.08,51.69,359.380702,80.5,86.8,85.6,82.9,78.74,28.46,27.92,28.74,30.64,31.09,0.76,0.5,0.57,0.75,0.96
12/12/2021 14:30,4.911,3.85,16.54, ,49,73.34,52.43,182.844664,80.5,86.6,85.4,82.8,79.06,28.44,27.94,28.79,30.53,30.93,0.76,0.5,0.58,0.75,0.94
12/12/2021 14:45,4.61,3.45,15.7,3325,48.9,74.59,53.38,184.817133,80.4,86.7,85.5,83,79.37,28.45,27.92,28.79,30.41,30.77,0.76,0.5,0.57,0.74,0.91
12/12/2021 15:00,4.401,3.06,15.24,3327,49.4,77.19,54.24,163.777457,80.2,86.7,85.1,83.1,79.55,28.44,27.88,28.8,30.26,30.63,0.77,0.5,0.59,0.73,0.9
12/12/2021 15:15,4.258,3.02,14.68,3329,49.4,78.32,55.53,143.066525,80.1,86.7,85.1,83.3,79.73,28.41,27.85,28.74,30.11,30.49,0.77,0.5,0.59,0.71,0.88
12/12/2021 15:30,4.179,2.76,14.63,3330,49.4,79.34,56.35,130.574217,80,86.6,85.2,83.2,79.68,28.32,27.77,28.62,29.96,30.34,0.77,0.5,0.58,0.71,0.88
12/12/2021 15:45,4.067,2.6,14.33,3331,49.6,81.23,57.69,127.286767,80,86.5,85.4,83.1,79.53,28.24,27.72,28.46,29.76,30.21,0.77,0.5,0.57,0.71,0.88
12/12/2021 16:00,3.883,2.41,13.76,3332,49.5,82.26,58.5,100.987171,79.99,86.4,85.5,83.3,79.26,28.1,27.6,28.31,29.54,30.08,0.76,0.5,0.56,0.69,0.88
12/12/2021 16:15,3.706,2.17,13.27,3334,49.4,83.82,60.44,53.647898,79.98,86.4,85.5,83,78.81,27.99,27.47,28.14,29.32,29.92,0.76,0.5,0.55,0.69,0.89
12/12/2021 16:30,3.495,1.92,12.65,3334,49.6,85.9,61.92,40.333728,79.79,86.3,85.4,82.9,78.63,27.84,27.31,27.94,29.02,29.67,0.76,0.5,0.55,0.69,0.89
12/12/2021 16:45,3.235,1.59,11.91,3336,49.6,87.38,64.19,11.2398,79.56,86.4,85.3,82.6,78.58,27.65,27.07,27.75,28.68,29.28,0.76,0.49,0.55,0.68,0.87
12/12/2021 17:00,2.94,1.33,10.95,3336,49.5,89.41,66.91,-1.088136,79.23,86.3,85.2,82.5,78.85,27.43,26.8,27.48,28.27,28.78,0.76,0.48,0.54,0.67,0.84
12/12/2021 17:15,2.565,1.06,9.66,3337,49.5,91.27,70.31,-4.211213,78.26,86.1,85.2,82.6,79.05,27.19,26.41,27.22,27.8,28.28,0.78,0.48,0.53,0.65,0.8
12/12/2021 17:30,2.217,0.7,8.58,3339,49.6,91.97,73.54,-3.882468,78.01,87,85.5,83.2,79.8,26.9,25.93,26.85,27.3,27.78,0.78,0.44,0.51,0.61,0.75
12/12/2021 17:45,1.973,0.5,7.77,3340,49.7,93.83,76.64,-4.539958,76.98,86.1,85.1,83.4,79.3,26.76,25.76,26.57,26.85,27.47,0.81,0.46,0.52,0.59,0.76
12/12/2021 18:00,1.82,0.43,7.2,3342,49.6,94.55,79.13,-4.375585,75.96,83.6,84.1,82.5,77.99,26.6,26,26.42,26.66,27.38,0.84,0.55,0.55,0.61,0.8
12/12/2021 18:15,1.636,0.21,6.66,3344,49.6,94.12,80.47,-5.033075,77.3,80.3,82.6,81.2,76.5,25.96,26.58,26.42,26.63,27.39,0.76,0.69,0.6,0.66,0.86
12/12/2021 18:30,1.546,0.14,6.36,3344,49.6,93.83,80.21,-4.868703,79.37,78.05,80.4,80,74.82,25.22,26.93,26.67,26.67,27.57,0.66,0.78,0.69,0.7,0.93
12/12/2021 18:45,1.499,0.14,6.16,3345,49.6,93.28,80.61,-4.868703,80.4,77.7,78.74,78.94,73.67,24.82,26.82,26.85,26.68,27.62,0.61,0.79,0.75,0.74,0.97
12/12/2021 19:00,1.517,0.21,6.16,3346,49.6,92.49,80.85,-4.868703,81,78.27,77.64,78.23,72.84,24.56,26.52,26.95,26.68,27.67,0.59,0.75,0.79,0.76,1.01
12/12/2021 19:15,1.494,0.27,6,3347,49.7,90.72,80.23,-4.539958,81.1,78.81,76.45,77.55,72.13,24.4,26.24,27.09,26.7,27.68,0.58,0.72,0.84,0.79,1.03
12/12/2021 19:30,1.467,0.2,5.96,3348,49.9,90.37,79.94,-4.70433,81,79.5,75.59,77.04,71.58,24.32,25.98,27.2,26.72,27.7,0.58,0.69,0.88,0.81,1.06
12/12/2021 19:45,1.456,0.13,5.99,3348,49.9,90.44,79.2,-4.539958,81.2,79.68,75.17,76.5,71.22,24.2,25.85,27.23,26.75,27.71,0.57,0.68,0.9,0.83,1.07
12/12/2021 20:00,1.478,0.27,5.93,3348,49.6,90.22,79.42,-4.70433,81.1,79.32,74.19,75.83,70.57,24.14,25.84,27.37,26.78,27.77,0.57,0.69,0.94,0.85,1.1
12/12/2021 20:15,1.488,0.34,5.9,3348,49.8,89.98,79.25,-4.539958,81,79.68,73.46,75.24,70.14,24.08,25.67,27.46,26.84,27.77,0.57,0.67,0.97,0.87,1.11
12/12/2021 20:30,1.467,0.2,5.96,3348,49.8,89.94,79.2,-4.04684,80.8,79.38,72.81,74.89,69.73,24.05,25.68,27.54,26.82,27.8,0.57,0.68,1,0.89,1.13
12/12/2021 20:45,1.467,0.2,5.96,3349,49.8,89.72,78.63,-5.033075,80.6,79.82,72.39,74.51,69.3,24.03,25.5,27.59,26.84,27.85,0.58,0.66,1.02,0.9,1.15
12/12/2021 21:00,1.46,0.2,5.93,3348,49.9,89.46,78.41,-4.539958,80.4,80.3,72.21,74.32,69.17,24.03,25.33,27.57,26.84,27.83,0.59,0.64,1.02,0.91,1.15
12/12/2021 21:15,1.432,0.13,5.89,3349,49.9,89.27,78.25,-4.70433,80.2,80.2,72.25,74.03,68.99,24.03,25.3,27.52,26.85,27.82,0.59,0.64,1.02,0.92,1.16
12/12/2021 21:30,1.488,0.2,6.05,3349,49.8,89.48,78.05,-4.539958,79.93,80.5,71.94,73.82,68.8,24.02,25.19,27.54,26.84,27.8,0.6,0.62,1.03,0.92,1.17
12/12/2021 21:45,1.512,0.33,6.01, ,49.9,88.05,77.67,-4.539958,79.81,80.5,71.46,73.63,68.52,23.99,25.13,27.61,26.83,27.83,0.6,0.62,1.05,0.93,1.18
12/12/2021 22:00,1.482,0.27,5.95,3348,49.8,88.96,78.01,-4.375585,79.63,80.8,71.44,73.22,68.31,23.96,25.04,27.55,26.84,27.81,0.61,0.61,1.05,0.95,1.18
12/12/2021 22:15,1.472,0.2,5.98,3349,49.9,88.31,77.07,-4.375585,79.52,80.9,71.44,73.08,68.21,23.95,24.96,27.52,26.84,27.8,0.61,0.6,1.05,0.95,1.19
12/12/2021 22:30,1.501,0.26,6.04,3348,49.9,88.02,76.88,-4.539958,79.31,81.1,71.19,72.97,67.99,24,24.9,27.55,26.86,27.83,0.62,0.6,1.06,0.96,1.2
12/12/2021 22:45,1.48,0.26,5.95,3348,49.8,87.74,77.05,-4.211213,79.28,81,70.95,72.66,67.9,24.01,24.92,27.61,26.93,27.84,0.62,0.6,1.07,0.97,1.2
12/12/2021 23:00,1.537,0.26,6.19,3349,49.9,87.33,76.31,-4.70433,79.22,80.9,71.07,72.65,67.82,23.98,24.95,27.56,26.93,27.86,0.62,0.6,1.07,0.97,1.21
12/12/2021 23:15,1.515,0.26,6.1,3348,49.9,87.76,76.28,-4.375585,79.07,80.7,70.79,72.45,67.69,24,24.96,27.62,26.94,27.86,0.62,0.61,1.08,0.98,1.21
12/12/2021 23:30,1.537,0.26,6.19,3349,49.9,87.47,76.43,-4.868703,78.84,80.6,70.54,72.28,67.61,24.03,24.93,27.64,26.94,27.83,0.63,0.61,1.09,0.98,1.21
12/12/2021 23:45,1.558,0.26,6.28,3348,49.9,86.73,75.85,-4.539958,78.68,80.3,70.57,72.18,67.5,23.99,24.98,27.55,26.9,27.8,0.64,0.62,1.08,0.99,1.21
12/13/2021 0:00,1.564,0.32,6.24,3349,49.9,86.99,75.3,-4.70433,78.43,80.2,70.33,71.92,67.29,23.96,24.93,27.57,26.89,27.8,0.64,0.62,1.09,0.99,1.22
12/13/2021 0:15,1.535,0.32,6.12,3349,49.7,85.44,74.42,-4.539958,78.26,80.2,70.41,71.85,67.18,23.98,24.87,27.49,26.86,27.75,0.65,0.62,1.09,1,1.22
12/13/2021 0:30,1.544,0.38,6.09,3349,49.7,84.94,74.4,-5.033075,78.17,80.3,70.2,71.74,67.04,23.93,24.8,27.48,26.83,27.75,0.65,0.62,1.09,1,1.23
12/13/2021 0:45,1.555,0.38,6.14,3349,50.1,85.37,74.42,-4.539958,78.26,80.3,70.09,71.58,66.85,23.89,24.79,27.49,26.83,27.78,0.64,0.62,1.1,1,1.24
12/13/2021 1:00,1.585,0.32,6.33,3349,49.9,85.63,74.23,-4.375585,78.13,80.1,69.99,71.5,66.68,23.91,24.8,27.51,26.84,27.8,0.65,0.62,1.1,1.01,1.24
12/13/2021 1:15,1.596,0.39,6.3,3348,50.1,85.51,74.49,-4.211213,77.89,79.9,69.74,71.16,66.49,23.9,24.8,27.51,26.87,27.78,0.66,0.63,1.11,1.02,1.25
12/13/2021 1:30,1.6,0.32,6.39,3348,49.8,86.64,75.04,-4.868703,77.64,79.87,69.73,71.02,66.37,23.89,24.75,27.46,26.82,27.74,0.66,0.63,1.11,1.02,1.25
12/13/2021 1:45,1.672,0.39,6.62,3350,50.1,87.35,74.85,-4.211213,77.3,79.64,69.42,71,66.36,23.89,24.73,27.48,26.78,27.71,0.67,0.63,1.12,1.02,1.25
12/13/2021 2:00,1.707,0.46,6.69,3348,50.1,87.09,75.78,-4.539958,77.29,79.82,69.65,70.97,66.23,23.84,24.64,27.36,26.73,27.68,0.67,0.63,1.11,1.02,1.25
12/13/2021 2:15,1.677,0.4,6.63,3348,49.9,88.48,75.74,-4.375585,77.21,79.83,69.68,70.82,66.11,23.79,24.58,27.28,26.7,27.63,0.67,0.62,1.1,1.02,1.25
12/13/2021 2:30,1.707,0.46,6.69,3349,49.9,87.47,75.3,-4.375585,77.22,80,69.24,70.6,65.98,23.7,24.46,27.33,26.7,27.62,0.67,0.61,1.12,1.03,1.26
12/13/2021 2:45,1.665,0.39,6.59,3349,50.2,87.57,75.4,-4.539958,77.35,80.1,69.16,70.47,65.92,23.68,24.42,27.32,26.68,27.59,0.66,0.61,1.12,1.03,1.26
12/13/2021 3:00,1.632,0.26,6.59,3349,49.9,87.81,75.19,-4.70433,77.61,79.99,69.15,70.45,65.84,23.64,24.47,27.32,26.68,27.62,0.65,0.61,1.12,1.03,1.26
12/13/2021 3:15,1.657,0.33,6.62,3349,49.9,87.19,75.11,-4.539958,77.63,79.88,69.32,70.47,65.89,23.69,24.54,27.34,26.72,27.65,0.66,0.62,1.12,1.04,1.26
12/13/2021 3:30,1.642,0.33,6.56,3350,49.9,87.38,74.87,-4.04684,77.5,79.82,69.28,70.55,65.86,23.78,24.58,27.38,26.75,27.69,0.66,0.62,1.12,1.03,1.27
12/13/2021 3:45,1.693,0.39,6.71,3349,49.8,87.09,75.02,-4.375585,77.29,79.82,69.07,70.41,65.85,23.81,24.62,27.45,26.8,27.7,0.67,0.62,1.13,1.04,1.27
12/13/2021 4:00,1.642,0.33,6.56,3349,49.9,87.16,74.68,-4.539958,77.29,79.67,69.27,70.49,65.79,23.82,24.64,27.37,26.78,27.73,0.67,0.63,1.12,1.04,1.27
12/13/2021 4:15,1.742,0.46,6.84,3349,49.8,88.36,74.87,-4.375585,77.16,79.71,69.24,70.45,65.69,23.82,24.65,27.38,26.77,27.75,0.67,0.63,1.12,1.04,1.28
12/13/2021 4:30,1.727,0.4,6.84,3349,50.1,87.98,75.33,-4.539958,77.09,79.56,69.01,70.27,65.58,23.85,24.64,27.41,26.81,27.74,0.68,0.63,1.13,1.05,1.28
12/13/2021 4:45,1.727,0.4,6.84,3350,50.1,88.09,75.07,-4.375585,76.89,79.36,68.89,70.05,65.47,23.79,24.65,27.41,26.78,27.72,0.68,0.64,1.14,1.05,1.28
12/13/2021 5:00,1.774,0.4,7.04, ,50.1,88.5,75.02,-4.375585,76.83,79.27,68.67,70.05,65.43,23.74,24.58,27.39,26.73,27.67,0.68,0.64,1.14,1.05,1.28
12/13/2021 5:15,1.789,0.4,7.1,3349,49.9,88.02,74.64,-4.211213,76.96,79.32,68.81,69.94,65.42,23.64,24.5,27.3,26.69,27.6,0.67,0.64,1.13,1.05,1.28
12/13/2021 5:30,1.804,0.46,7.1,3350,50.1,87.81,74.47,-4.375585,76.86,79.16,68.77,69.75,65.36,23.62,24.5,27.24,26.67,27.57,0.67,0.64,1.13,1.06,1.28
12/13/2021 5:45,1.765,0.4,7,3351,50.2,87.74,74.4,-4.539958,76.84,79.14,69.06,69.85,65.38,23.61,24.46,27.12,26.61,27.52,0.68,0.64,1.11,1.05,1.27
12/13/2021 6:00,1.755,0.4,6.96,3350,50.2,87.95,74.23,-4.211213,76.74,78.76,70.1,70.85,66.41,23.56,24.5,26.8,26.3,27.18,0.68,0.65,1.05,1,1.21
12/13/2021 6:15,1.702,0.33,6.81,3351,49.9,88.02,74.64,-4.70433,76.98,78.79,69.98,71.3,66.76,23.44,24.42,26.74,26.13,27.02,0.66,0.65,1.05,0.97,1.19
12/13/2021 6:30,1.737,0.33,6.96,3350,50.1,87.5,74.23,-4.539958,77.01,78.37,69.73,71.29,66.77,23.33,24.43,26.69,26.02,26.9,0.66,0.66,1.06,0.97,1.18
12/13/2021 6:45,1.753,0.39,6.96,3351,50.1,87.02,74.23,-3.224978,77.08,77.39,69.51,71.23,66.84,23.27,24.6,26.69,25.99,26.84,0.65,0.7,1.07,0.97,1.17
12/13/2021 7:00,1.708,0.39,6.77,3350,50.2,87.04,74.25,4.664901,77.04,77.9,69.93,71.15,66.8,23.23,24.44,26.57,25.96,26.82,0.65,0.68,1.05,0.97,1.17
12/13/2021 7:15,1.793,0.51,7,3352,50.1,85.68,72.87,15.184739,75.29,76.21,70.93,70.98,66.63,24.07,24.99,26.39,26.09,26.95,0.74,0.75,1,0.98,1.19
12/13/2021 7:30,1.855,0.51,7.26,3351,49.9,84.51,71.93,48.716724,70.68,76.46,73.12,71,66.92,25.33,25.04,25.98,26.22,26.96,0.95,0.75,0.9,0.99,1.18
12/13/2021 7:45,2.012,0.7,7.72,3352,50.1,83.82,71.07,89.481098,69.57,77.43,73.67,71.36,67.47,25.62,24.87,25.91,26.16,26.91,1,0.71,0.88,0.97,1.15
12/13/2021 8:00,3.047,1.59,11.12,3352,49.9,74.56,59.17,77.975025,68.72,78.33,74.06,71.56,67.55,25.85,24.81,25.98,26.26,27.06,1.04,0.68,0.87,0.97,1.16
12/13/2021 8:15,4.036,2.73,14.06,3350,50.2,71.38,54,90.467333,68.32,79.37,74.77,72.28,67.94,26.2,24.97,26.27,26.51,27.33,1.08,0.65,0.86,0.96,1.17
12/13/2021 8:30,4.837,3.95,16.12,3351,50.3,69.45,51.92,112.000127,68.98,79.87,75.32,73.99,68.91,26.34,25.23,26.49,26.61,27.52,1.06,0.65,0.85,0.91,1.14
12/13/2021 8:45,4.495,4.61,13.97,3350,50.3,68.59,51.16,128.273002,70.89,79.91,76.64,76.26,72.62,26.2,25.48,26.41,26.34,27.79,0.99,0.65,0.8,0.81,1.02
12/13/2021 9:00,6.973,6.12,22.78,3350,49.9,67.56,50.73,138.628468,72.39,81.2,78.05,78.15,81.8,26.14,25.47,26.4,26.18,28.71,0.94,0.61,0.76,0.74,0.72
12/13/2021 9:15,8.332,7.23,27.31,3348,49.8,65.86,52,275.221995,73.84,82.3,79.4,79.83,84.8,26.28,25.62,26.52,26.3,30.32,0.89,0.58,0.71,0.69,0.66
12/13/2021 9:30,8.961,7.61,29.55,3348,49.7,61.49,52.12,171.33859,75.19,83.1,80.6,81.3,81.3,26.49,25.92,26.75,26.64,31.82,0.86,0.57,0.68,0.65,0.88
12/13/2021 9:45,9.604,7.96,31.88,3346,50.1,59.1,52.47,245.306204,76.41,83.7,81.8,82.8,78.85,26.78,26.29,27.01,27.12,32.81,0.83,0.56,0.65,0.62,1.05
12/13/2021 10:00,9.96,8.36,32.95,3344,49.6,58,53,446.826859,77.17,84.3,82.7,83.8,79.26,27.06,26.59,27.32,27.72,33.62,0.82,0.55,0.63,0.6,1.08
12/13/2021 10:15,10.314,8.66,34.12,3341,49.8,58.07,53.69,490.549937,77.93,85.1,83.4,84.3,78.41,27.35,26.87,27.63,28.37,34.36,0.8,0.53,0.61,0.61,1.17
12/13/2021 10:30,11.004,9.5,36.12,3338,49.8,60.51,55.63,216.541021,77.86,84.9,83.2,85,78.91,27.5,26.96,27.77,29.08,34.83,0.81,0.54,0.63,0.6,1.17
12/13/2021 10:45,11.328,9.55,37.43,3336,49.8,60.27,55.65,221.965313,77.48,84.6,83,83.8,77.06,27.5,26.89,27.63,29.61,34.85,0.83,0.55,0.63,0.67,1.28
12/13/2021 11:00,11.312,9.45,37.47,3335,49.4,59.74,55.87,236.758835,77.8,84.8,83.2,83.1,74.58,27.48,26.86,27.62,29.92,34.71,0.81,0.54,0.62,0.71,1.41
12/13/2021 11:15,11.125,9.65,36.47,3334,48.8,60.63,56.2,258.127257,77.82,84.9,83.2,82.2,76.1,27.49,26.87,27.62,30.11,34.63,0.81,0.53,0.62,0.76,1.32
12/13/2021 11:30,11.278,9.45,37.33,3333,48.6,60.7,56.25,594.762086,76.9,84,82.2,82.6,76.43,27.45,26.74,27.4,30.18,34.78,0.85,0.56,0.65,0.75,1.31
12/13/2021 11:45,10.826,8.45,36.5,3333,48.2,57.35,53.93,670.537797,77.64,84.9,83.3,82.8,74.69,27.41,26.73,27.34,30.33,35.02,0.82,0.53,0.61,0.74,1.42
12/13/2021 12:00,10.228,8.49,33.94,3332,47.5,57.92,53.38,444.690016,79.06,86.3,85.2,83.7,73.01,27.59,26.91,27.54,30.61,35.2,0.77,0.49,0.54,0.72,1.53
12/13/2021 12:15,9.917,8.47,32.65, ,47.3,59.12,53.33,283.604991,79.55,86.7,85.4,83.9,70.02,27.79,27.08,27.78,30.88,34.99,0.76,0.48,0.54,0.72,1.68
12/13/2021 12:30,9.774,8.34,32.19,3332,47.2,61.56,53.19,292.974222,79.35,86.4,85.1,83.4,71.4,27.97,27.19,27.91,31.07,34.55,0.78,0.49,0.56,0.75,1.57
12/13/2021 12:45,8.892,8.39,28.42,3333,47,64.69,53.69,270.783938,78.76,86,84.4,82.7,71.84,27.96,27.17,27.88,31.16,33.45,0.8,0.5,0.59,0.78,1.45
12/13/2021 13:00,8.548,7.62,27.8,3333,46.9,64.57,52.55,251.552358,78.59,86.1,84.6,82.1,74.06,27.86,26.99,27.63,31.09,32.5,0.8,0.5,0.57,0.81,1.27
12/13/2021 13:15,8.203,6.95,27.07,3333,46.7,65.41,51.9,317.301348,78.72,86.1,84.8,82.1,75.55,27.84,26.99,27.59,30.99,31.99,0.8,0.5,0.56,0.8,1.16
12/13/2021 13:30,9.125,9.35,28.37,3334,46.7,84.17,58.12,246.292439,74.88,83.3,83.1,81.6,75.87,27.46,26.6,27.43,30.93,31.61,0.92,0.58,0.62,0.82,1.12
12/13/2021 13:45,7.059,6.82,22.39,3334,46.7,76.95,54.51,240.046285,76.48,84.5,83.4,81,76.41,25.76,25.16,26.23,30.51,30.82,0.78,0.5,0.57,0.83,1.05
12/13/2021 14:00,5.824,5.48,18.63,3335,47,71.55,53.22,436.30702,79.72,86.8,85.8,83.3,77.58,24.99,24.54,25.65,29.87,30.24,0.64,0.41,0.47,0.7,0.96
12/13/2021 14:15,3.89,4.52,11.52,3337,47,70.71,52.12,315.000134,84.4,89.5,88,88.5,78.9,24.46,24.32,25.34,28.65,29.87,0.48,0.32,0.39,0.45,0.89
12/13/2021 14:30,4.957,3.87,16.71,3340,47.2,72.58,52.57,214.239806,85.7,90,88.9,88,79.53,24.55,24.43,25.44,28.83,29.78,0.44,0.31,0.36,0.48,0.86
12/13/2021 14:45,4.659,3.44,15.92,3342,47.2,76,54.2,294.617947,85.4,89.6,88.7,86.6,79.58,24.73,24.53,25.59,28.96,29.64,0.46,0.32,0.37,0.54,0.85
12/13/2021 15:00,4.383,2.99,15.24,3343,47.9,77.31,55.37,70.907008,84.7,89.1,88,85.7,79.84,24.85,24.58,25.67,28.85,29.36,0.48,0.34,0.4,0.57,0.82
12/13/2021 15:15,4.244,2.78,14.88,3344,48.1,77.89,55.99,64.332109,84.1,88.7,87.3,85.7,80.3,24.92,24.66,25.74,28.8,29.21,0.5,0.35,0.42,0.57,0.8
12/13/2021 15:30,3.619,2.1,12.98,3346,48.5,79.06,57.83,57.09972,83.8,88.5,87,85.4,80.4,25,24.69,25.75,28.73,29.09,0.51,0.36,0.43,0.58,0.79
12/13/2021 15:45,3.24,1.77,11.74,3347,49,82.26,61.06,69.263283,83.7,88.2,87.2,84.1,79.97,25.03,24.8,25.67,28.19,28.45,0.52,0.37,0.42,0.61,0.78
12/13/2021 16:00,2.977,1.53,10.89,3349,49.7,84.65,64.21,78.796887,83.2,87.9,86.8,83.4,79.82,24.92,24.68,25.5,27.37,27.63,0.53,0.38,0.43,0.6,0.75
12/13/2021 16:15,2.876,1.3,10.71,3349,49.5,83.12,64.33,48.223607,82.6,87.7,86.7,82.3,79.05,24.89,24.65,25.38,26.57,26.97,0.55,0.38,0.43,0.62,0.75
12/13/2021 16:30,2.808,1.24,10.49,3351,49.6,83.96,64.88,27.18393,80.9,86.3,85.5,82.3,78.19,25.26,24.95,25.59,26.19,26.81,0.61,0.43,0.48,0.6,0.77
12/13/2021 16:45,2.74,1.12,10.33,3350,49.6,85.06,65.93,5.322391,78.98,85.1,84,81.9,77.63,25.43,25.07,25.71,26.08,26.72,0.68,0.47,0.53,0.61,0.78
12/13/2021 17:00,2.628,1,9.99,3350,49.6,85.8,66.7,-2.403116,77.14,84.3,83.2,81.2,76.96,25.57,25.06,25.69,26.01,26.67,0.75,0.5,0.55,0.63,0.81
12/13/2021 17:15,2.538,1.01,9.6,3350,49.7,86.88,68.04,-4.375585,75.17,82.7,82.8,80.4,76.24,25.64,25.09,25.58,25.92,26.55,0.82,0.55,0.56,0.66,0.83
12/13/2021 17:30,2.39,0.94,9.05,3351,49.6,87.62,70.21,-4.375585,74.95,80.3,81.9,79.42,75.19,25.5,25.33,25.45,25.82,26.46,0.82,0.64,0.59,0.68,0.86
12/13/2021 17:45,2.196,0.74,8.45,3351,49.6,87.71,71.22,-4.211213,76.32,77.78,80.5,78.22,73.97,24.99,25.62,25.43,25.75,26.43,0.75,0.73,0.63,0.72,0.9
12/13/2021 18:00,2.088,0.67,8.07,3352,49.6,88.09,72.51,-4.539958,76.87,75.8,79.33,77.3,72.92,24.62,25.87,25.45,25.68,26.39,0.72,0.81,0.67,0.75,0.93
12/13/2021 18:15,1.755,0.27,7.1,3352,49.6,88.81,74.13,-4.868703,78.08,77.15,79.85,78.6,73.81,24.42,26.04,25.55,25.62,26.44,0.67,0.77,0.66,0.7,0.9
12/13/2021 18:30,1.68,0.33,6.72,3353,49.8,88.84,76,-4.70433,79.81,77.83,79.8,79.96,74.59,24.24,26.08,25.84,25.6,26.54,0.61,0.75,0.67,0.66,0.88
12/13/2021 18:45,1.589,0.26,6.41,3356,49.6,88.38,76.38,-4.70433,80.3,77.09,78.6,78.97,73.73,24.1,26.11,26,25.73,26.65,0.59,0.78,0.72,0.7,0.92
12/13/2021 19:00,1.542,0.27,6.2,3357,49.8,89.36,77.55,-4.04684,80.4,76.9,77.96,78.22,73.27,24.01,26.05,26.03,25.77,26.65,0.59,0.78,0.74,0.72,0.93
12/13/2021 19:15,1.464,0.2,5.95,3357,49.8,89.27,77.86,-4.375585,80.5,76.34,77.47,77.76,72.91,23.89,26.13,26.06,25.79,26.64,0.58,0.8,0.76,0.74,0.95
12/13/2021 19:30,1.429,0.2,5.8, ,49.8,88.67,78.15,-5.033075,80.7,75.96,77.23,77.68,72.79,23.8,26.18,26.05,25.76,26.62,0.57,0.82,0.77,0.74,0.95
12/13/2021 19:45,1.458,0.26,5.86,3358,49.6,88.41,77.96,-4.539958,80.9,76.03,76.9,77.37,72.52,23.7,26.09,26.07,25.79,26.64,0.56,0.81,0.78,0.75,0.96
12/13/2021 20:00,1.444,0.26,5.8,3357,49.9,88.36,78.32,-4.539958,80.9,76.26,76.5,77,72.28,23.66,25.98,26.11,25.82,26.64,0.56,0.8,0.8,0.76,0.97
12/13/2021 20:15,1.422,0.2,5.77,3358,49.9,88.64,77.72,-4.04684,80.9,76.47,76.03,76.61,71.99,23.62,25.9,26.18,25.84,26.63,0.56,0.79,0.81,0.78,0.98
12/13/2021 20:30,1.443,0.2,5.86,3358,49.7,88.43,78.36,-4.211213,80.8,76.44,75.8,76.36,71.86,23.58,25.87,26.2,25.86,26.66,0.56,0.79,0.82,0.79,0.98
12/13/2021 20:45,1.404,0.13,5.77,3358,49.9,89.46,78.01,-5.033075,80.8,76.66,75.37,76.06,71.57,23.54,25.76,26.27,25.88,26.64,0.56,0.77,0.84,0.8,0.99
12/13/2021 21:00,1.437,0.26,5.77,3359,49.8,88.84,77.91,-5.033075,80.6,76.82,75.09,75.87,71.38,23.53,25.67,26.27,25.84,26.64,0.56,0.76,0.85,0.8,1
12/13/2021 21:15,1.443,0.2,5.86,3359,49.9,88.96,78.39,-4.539958,80.4,76.65,74.86,75.53,71.23,23.52,25.65,26.24,25.85,26.63,0.57,0.77,0.86,0.82,1
12/13/2021 21:30,1.39,0.13,5.71,3359,49.9,88.72,78.2,-4.868703,80.3,77.08,74.51,75.33,70.95,23.46,25.46,26.27,25.85,26.63,0.57,0.75,0.87,0.82,1.01
12/13/2021 21:45,1.423,0.26,5.71,3359,49.9,87.74,78.2,-4.70433,80.3,77.5,74.48,75.2,70.91,23.39,25.34,26.25,25.85,26.6,0.57,0.73,0.87,0.83,1.01
12/13/2021 22:00,1.335,0,5.62,3360,49.7,89.41,78.36,-4.211213,80.4,77.43,74.36,74.97,70.81,23.39,25.36,26.28,25.88,26.62,0.56,0.73,0.88,0.84,1.02
12/13/2021 22:15,1.367,0.07,5.68,3359,49.7,88.64,78.13,-4.211213,80.4,77.39,74.12,74.85,70.69,23.38,25.34,26.32,25.9,26.62,0.56,0.73,0.89,0.84,1.02
12/13/2021 22:30,1.4,0.2,5.68,3360,49.7,88.41,78.34,-4.868703,80.4,76.99,73.76,74.62,70.54,23.35,25.44,26.38,25.91,26.66,0.56,0.75,0.9,0.85,1.03
12/13/2021 22:45,1.375,0.13,5.65,3360,49.7,88.41,77.96,-4.375585,80.3,76.48,73.38,74.39,70.24,23.34,25.51,26.46,25.94,26.68,0.56,0.77,0.92,0.86,1.04
12/13/2021 23:00,1.324,0.07,5.5,3360,49.8,88.41,78.34,-4.868703,80.3,76.56,73.16,74.35,70.19,23.32,25.49,26.49,25.95,26.7,0.56,0.76,0.93,0.86,1.04
12/13/2021 23:15,1.36,0.07,5.65,3360,49.6,88.67,77.77,-5.36182,80.4,77.06,73.32,74.3,70.11,23.34,25.39,26.47,25.97,26.74,0.56,0.74,0.92,0.86,1.05
12/13/2021 23:30,1.339,0.07,5.56,3361,49.8,87.64,77.31,-4.04684,80.4,77.73,73.46,74.22,70.07,23.38,25.27,26.46,26.03,26.78,0.56,0.72,0.92,0.87,1.05
12/13/2021 23:45,1.39,0.13,5.71,3362,49.7,88.43,77.58,-4.868703,80.2,77.96,73.32,74.13,70.09,23.43,25.21,26.49,26.04,26.78,0.57,0.71,0.92,0.87,1.05
12/14/2021 0:00,1.374,0.07,5.71,3362,49.7,87.83,77.5,-4.868703,79.92,77.37,73.37,74.06,69.97,23.47,25.32,26.44,26.03,26.76,0.58,0.73,0.92,0.87,1.06
12/14/2021 0:15,0.965,-0.8,4.92,3361,49.6,100,76.21,-4.375585,81.9,79.05,76.49,79.2,71.26,23.38,25.3,26.14,25.49,26.66,0.52,0.68,0.8,0.68,1
12/14/2021 0:30,1.168,-0.2,5.13,3362,49.9,93.64,80.47,-4.868703,84.8,85.3,80.1,84.4,75.06,22.81,24.13,25.61,24.63,26.2,0.42,0.44,0.65,0.48,0.85
12/14/2021 0:45,1.127,-0.06,4.81,3365,49.8,90.89,82.48,-4.70433,86.3,86.9,79.43,83.9,75.62,22.69,23.87,25.9,24.82,26.28,0.38,0.39,0.69,0.5,0.83
12/14/2021 1:00,1.052,0,4.43,3366,49.8,88.62,82.21,-4.868703,86.8,86.6,78.76,82,75.05,22.74,24.01,26.11,25.24,26.46,0.37,0.4,0.72,0.58,0.86
12/14/2021 1:15,0.649,-0.89,3.69,3368,49.7,94.88,78.17,-4.70433,87.1,86.1,80.4,84.2,75.33,22.86,24.28,25.93,25.09,26.53,0.36,0.42,0.66,0.5,0.86
12/14/2021 1:30,0.726,-0.61,3.71,3370,49.6,94.24,83.05,-4.70433,87.4,88.7,82.1,86.4,76.85,22.78,23.79,25.63,24.66,26.29,0.35,0.33,0.59,0.42,0.79
12/14/2021 1:45,0.793,-0.4,3.77,3371,49.7,91.94,84.72,-4.539958,87.7,88.7,80.9,85.6,76.61,22.85,23.82,25.95,24.89,26.42,0.34,0.33,0.64,0.45,0.81
12/14/2021 2:00,0.772,-0.39,3.67,3371,50.2,90.32,84.63,-4.539958,87.8,88.4,79.91,83.9,75.89,22.79,23.83,26.09,25.18,26.55,0.34,0.34,0.68,0.52,0.84
12/14/2021 2:15,0.455,-1.15,3.15,3374,49.8,94.55,80.78,-4.539958,87.9,87.7,81.4,85.4,76.06,22.85,24.1,25.87,25.07,26.58,0.34,0.37,0.62,0.46,0.83
12/14/2021 2:30,0.6,-0.75,3.33,3373,49.8,94.38,84.51,-4.539958,88,89.1,82.8,86.9,77.23,22.75,23.83,25.61,24.7,26.36,0.33,0.32,0.56,0.41,0.78
12/14/2021 2:45,0.724,-0.32,3.39, ,49.8,90.2,85.87,-4.375585,88.1,88.7,81.4,86.1,77.03,22.8,23.96,25.92,24.91,26.45,0.33,0.34,0.62,0.44,0.79
12/14/2021 3:00,0.724,-0.32,3.39,3374,49.9,90.92,85.63,-4.539958,88.1,87.4,80.5,84.8,76.31,22.78,24.17,26.11,25.13,26.55,0.33,0.38,0.66,0.49,0.82
12/14/2021 3:15,0.807,-0.19,3.6,3375,49.9,89.67,84.92,-4.539958,88,86.6,79.8,83.5,75.78,22.67,24.2,26.15,25.31,26.57,0.33,0.4,0.69,0.53,0.84
12/14/2021 3:30,0.858,-0.27,3.9,3376,50.1,92.95,85.58,-4.539958,88,86.5,79.04,81.9,75.01,22.53,24.06,26.11,25.41,26.55,0.33,0.4,0.71,0.59,0.87
12/14/2021 3:45,0.962,0,4.05,3377,49.8,92.73,85.85,-4.375585,87.8,86.1,77.99,80.3,74.32,22.27,23.83,26.08,25.4,26.4,0.33,0.41,0.74,0.64,0.88
12/14/2021 4:00,0.956,-0.06,4.09,3375,49.8,92.4,85.56,-4.70433,87.8,86.3,76.88,79.14,73.81,22.04,23.51,26.09,25.39,26.3,0.32,0.4,0.78,0.68,0.9
12/14/2021 4:15,0.919,-0.13,4.01,3376,49.8,91.78,85.46,-4.375585,87.7,86.2,76.47,78.42,73.29,21.9,23.42,25.99,25.39,26.26,0.32,0.4,0.79,0.7,0.91
12/14/2021 4:30,0.978,-0.06,4.18,3377,49.7,90.89,84.22,-4.539958,87.6,85.8,75.57,77.94,72.84,21.8,23.4,26.14,25.41,26.27,0.32,0.41,0.83,0.72,0.93
12/14/2021 4:45,0.949,-0.19,4.2,3377,49.8,91.54,84.8,-4.539958,87.5,85.7,75.22,77.31,72.51,21.75,23.3,26.11,25.46,26.26,0.33,0.41,0.84,0.74,0.94
12/14/2021 5:00,1.001,-0.19,4.42,3379,49.7,91.35,83.31,-4.539958,87.3,85.8,74.79,76.61,72.14,21.71,23.17,26.09,25.5,26.26,0.33,0.4,0.85,0.76,0.95
12/14/2021 5:15,0.994,-0.19,4.39,3379,49.7,90.13,83.12,-4.375585,87.1,85.7,74.46,76.02,71.61,21.67,23.11,26.06,25.51,26.26,0.33,0.4,0.86,0.78,0.97
12/14/2021 5:30,1.035,-0.06,4.42,3379,49.7,90.46,83.41,-4.539958,86.8,85,74.53,75.79,71.66,21.61,23.14,25.91,25.42,26.13,0.34,0.42,0.85,0.79,0.96
12/14/2021 5:45,1.092,0.07,4.52,3379,49.7,88.88,82.48,-4.375585,86.7,85.3,73.76,75.11,71.02,21.6,23.06,26.07,25.54,26.25,0.34,0.41,0.89,0.81,0.99
12/14/2021 6:00,1.062,0,4.47,3380,49.8,88.41,81.62,-4.868703,86.5,85.2,73.42,74.62,70.53,21.66,23.1,26.15,25.66,26.4,0.35,0.42,0.9,0.84,1.01
12/14/2021 6:15,1.078,0,4.54,3378,49.8,89.03,81.33,-4.375585,86.3,84.9,73.26,74.49,70.35,21.76,23.19,26.24,25.73,26.47,0.36,0.43,0.91,0.84,1.02
12/14/2021 6:30,1.146,0.07,4.75,3379,49.7,87.45,80.37,-4.868703,86,84.6,72.9,74.36,70.25,21.83,23.28,26.32,25.76,26.5,0.37,0.44,0.93,0.85,1.03
12/14/2021 6:45,1.23,0.13,5.04,3379,49.8,87.93,79.56,-3.553723,85.7,84.2,72.54,74.09,70.07,21.9,23.36,26.39,25.79,26.54,0.38,0.45,0.94,0.86,1.04
12/14/2021 7:00,1.196,0.07,4.96,3380,50.2,88.38,79.51,1.048706,85.5,84,72.52,74.07,69.96,21.98,23.39,26.39,25.8,26.56,0.38,0.46,0.95,0.86,1.04
12/14/2021 7:15,1.261,0.13,5.17,3380,49.9,85.99,77.91,12.55478,83.4,79.53,73.51,74.29,70.16,22.97,24.63,26.22,25.81,26.54,0.47,0.63,0.9,0.85,1.04
12/14/2021 7:30,1.404,0.25,5.64,3380,49.9,84.92,75.85,49.374214,73.92,74.91,76.45,75.14,71.13,25.24,25.88,25.67,25.74,26.43,0.84,0.84,0.78,0.82,1
12/14/2021 7:45,1.418,0.25,5.7,3380,50.2,84.7,76.05,63.838992,70.45,75.45,77.71,75.86,71.73,25.91,25.84,25.5,25.67,26.42,0.99,0.82,0.73,0.8,0.97
12/14/2021 8:00,1.59,0.43,6.23,3379,50.2,82.38,73.03,80.604984,70.03,76.14,78.48,76.21,72.18,26.06,25.77,25.42,25.7,26.39,1.01,0.79,0.7,0.79,0.96
12/14/2021 8:15,2.433,1.12,9.04,3378,50.3,75.52,64.4,158.02442,70.1,77.43,79.07,76.62,72.87,26.2,25.71,25.52,25.84,26.54,1.02,0.75,0.68,0.78,0.94
12/14/2021 8:30,2.537,1.1,9.5,3379,49.8,74.42,59.29,97.206604,69.64,79.88,80.1,77.43,72.44,26.64,25.67,25.83,26.17,27.27,1.06,0.66,0.66,0.77,1
12/14/2021 8:45,3.724,2.54,12.95,3378,49.8,68.11,51.47,85.864903,70.17,81.8,80.8,78.31,73.18,26.93,25.66,26.13,26.41,27.57,1.06,0.6,0.65,0.75,0.99
12/14/2021 9:00,3.501,2.15,12.43,3378,49.8,76.05,55.34,113.315107,71.81,82.1,80.9,78.76,72.56,26.89,25.88,26.41,26.66,28.16,1,0.6,0.66,0.74,1.05
12/14/2021 9:15,3.036,1.52,11.15,3377,49.8,80.35,59.89,110.520775,74.36,83.2,81.5,80.2,74.95,26.43,25.74,26.38,26.49,27.46,0.88,0.56,0.64,0.69,0.92
12/14/2021 9:30,2.934,1.52,10.72,3378,49.7,80.66,61.39,74.194458,75.72,84.2,82.5,81.8,77.56,26.12,25.51,26.16,26.16,26.83,0.82,0.52,0.59,0.62,0.79
12/14/2021 9:45,2.57,1.09,9.65,3379,49.9,82.64,64.31,145.532112,76.33,84.7,83.5,82.7,78.34,26,25.4,25.95,25.97,26.68,0.8,0.5,0.55,0.58,0.76
12/14/2021 10:00,2.301,0.91,8.71, ,49.8,84.48,67.34,250.401751,76.88,85.2,84.2,83.3,79.07,25.93,25.32,25.84,25.89,26.55,0.77,0.48,0.53,0.56,0.73
12/14/2021 10:15,2.245,0.84,8.55,3379,50.3,84.63,68.09,262.729687,77.31,85.3,84.8,83.9,79.72,25.87,25.26,25.71,25.78,26.41,0.76,0.47,0.5,0.53,0.7
12/14/2021 10:30,2.514,1.01,9.5,3380,50.1,81.4,64.33,337.519163,77.84,85.7,85.3,84.3,79.84,25.87,25.27,25.68,25.77,26.53,0.74,0.46,0.48,0.52,0.7
12/14/2021 10:45,2.8,1.3,10.39,3380,49.7,79.15,61.75,178.406607,78.47,86.1,85.7,84.7,79.79,25.99,25.44,25.85,25.95,26.85,0.72,0.45,0.48,0.51,0.71
12/14/2021 11:00,2.839,1.36,10.49,3380,49.9,79.15,60.96,214.075434,78.86,86.1,85.8,85,80,26.17,25.67,26.08,26.17,27.05,0.72,0.46,0.48,0.51,0.72
12/14/2021 11:15,2.708,1.19,10.12,3379,50.2,80.71,62.23,141.258428,79.12,86.2,85.7,85.2,80.3,26.33,25.88,26.31,26.38,27.23,0.72,0.46,0.49,0.51,0.71
12/14/2021 11:30,2.73,1.27,10.13,3379,49.7,81.35,62.9,170.352356,79.13,86.1,85.6,85.2,80.7,26.39,25.98,26.45,26.44,27.19,0.72,0.47,0.5,0.51,0.7
12/14/2021 11:45,2.475,0.96,9.39,3379,50.1,83.55,65.5,138.79284,78.95,86.2,85.5,85.2,80.8,26.47,25.93,26.47,26.45,27.16,0.73,0.46,0.5,0.51,0.69
12/14/2021 12:00,2.399,0.91,9.12,3379,50.2,84.05,66.77,146.353974,78.93,86.3,85.4,85.2,81.1,26.45,25.9,26.46,26.4,27.06,0.73,0.46,0.5,0.51,0.68
12/14/2021 12:15,2.186,0.71,8.44,3380,49.9,84.84,68.54,186.460858,79,86.3,85.6,85.5,81.4,26.42,25.9,26.44,26.35,27.04,0.72,0.46,0.5,0.5,0.66
12/14/2021 12:30,2.162,0.72,8.33,3379,49.7,85.78,69.18,241.196892,78.94,86.5,85.7,85.7,81.6,26.43,25.86,26.39,26.33,26.99,0.73,0.45,0.49,0.49,0.66
12/14/2021 12:45,2.201,0.78,8.43,3379,50.1,85.06,69.02,199.939401,78.84,86.5,85.9,85.7,81.6,26.43,25.84,26.33,26.29,26.96,0.73,0.45,0.48,0.49,0.65
12/14/2021 13:00,2.281,0.83,8.71,3379,49.8,84.15,67.77,200.761263,79.08,86.6,86.1,85.9,81.6,26.44,25.87,26.34,26.32,27.04,0.72,0.45,0.48,0.48,0.66
12/14/2021 13:15,2.245,0.84,8.55,3381,49.8,84.34,67.54,223.609037,79.37,86.8,86.3,86.1,81.7,26.5,25.92,26.42,26.39,27.13,0.71,0.44,0.47,0.48,0.66
12/14/2021 13:30,2.162,0.71,8.34,3380,50.1,84.82,68.52,181.200939,79.47,86.7,86.3,86.2,81.8,26.52,25.98,26.48,26.42,27.15,0.71,0.45,0.47,0.48,0.65
12/14/2021 13:45,2.204,0.78,8.44,3380,49.9,85.06,69.02,128.437374,79.65,86.8,86.4,86.2,82.1,26.58,26.03,26.48,26.47,27.17,0.71,0.44,0.47,0.48,0.64
12/14/2021 14:00,2.038,0.65,7.88,3381,50.2,85.01,69.97,80.111867,79.83,86.7,86.5,86.4,82.1,26.62,26.16,26.55,26.53,27.23,0.7,0.45,0.47,0.47,0.65
12/14/2021 14:15,1.926,0.52,7.55,3380,49.9,86.64,71.1,72.38636,79.82,86.7,86.5,86.5,82.2,26.68,26.18,26.6,26.55,27.24,0.71,0.45,0.47,0.47,0.64
12/14/2021 14:30,1.723,0.33,6.9,3381,50.1,88.52,74.25,69.098911,79.69,86.7,86.4,86.4,82.3,26.64,26.11,26.55,26.51,27.17,0.71,0.45,0.47,0.47,0.64
12/14/2021 14:45,1.538,0.2,6.26,3381,49.9,90.2,76.64,74.194458,79.46,86.8,86.4,86.3,82.3,26.56,25.96,26.41,26.38,27.03,0.71,0.44,0.47,0.47,0.63
12/14/2021 15:00,1.513,0.27,6.08,3381,49.6,90.17,77.79,50.031704,79.33,86.6,86.4,86.2,82.3,26.46,25.85,26.25,26.24,26.84,0.71,0.45,0.46,0.47,0.63
12/14/2021 15:15,1.51,0.2,6.14,3381,49.7,90.13,77.72,35.402554,79.2,86.5,86.4,86.2,82.2,26.3,25.75,26.09,26.1,26.74,0.71,0.45,0.46,0.47,0.63
12/14/2021 15:30,1.406,0.14,5.77,3382,50.1,90.6,78.91,64.003364,79.18,86.4,86.4,86.1,82.1,26.19,25.63,25.97,25.99,26.6,0.71,0.45,0.46,0.47,0.62
12/14/2021 15:45,1.311,0,5.52,3382,49.7,92.83,80.25,54.798506,79.09,86.2,86.1,86.1,82.1,26.02,25.49,25.84,25.82,26.43,0.7,0.45,0.46,0.46,0.62
12/14/2021 16:00,1.329,0.07,5.52,3382,49.7,91.35,80.73,34.416319,79.06,86.4,86.3,86.1,82.1,25.9,25.31,25.65,25.64,26.3,0.7,0.44,0.45,0.46,0.61
12/14/2021 16:15,1.326,0.14,5.43,3382,49.7,91.11,80.11,28.170165,79.11,86.3,86.6,86.2,81.9,25.76,25.21,25.51,25.51,26.22,0.69,0.44,0.44,0.45,0.62
12/14/2021 16:30,1.238,0,5.21,3382,49.8,92.37,81.57,27.348302,79.14,86.4,86.5,86.3,81.9,25.69,25.11,25.4,25.43,26.11,0.69,0.43,0.44,0.45,0.61
12/14/2021 16:45,1.188,0,5,3382,49.8,92.11,82.19,14.198504,79.12,86.2,86.3,86.1,81.8,25.56,25.01,25.32,25.31,25.99,0.68,0.44,0.44,0.45,0.61
12/14/2021 17:00,1.135,0,4.78,3382,49.7,92.54,83.46,-0.430646,79.1,86.1,86.1,86,81.7,25.42,24.89,25.21,25.19,25.88,0.68,0.44,0.45,0.45,0.61
12/14/2021 17:15,1.033,-0.13,4.49, ,49.8,93.19,83.96,-3.882468,78.88,85.5,85.9,85.9,81.6,25.19,24.82,25.05,25.06,25.73,0.68,0.45,0.45,0.45,0.61
12/14/2021 17:30,0.988,-0.13,4.3,3381,49.7,93.78,85.82,-4.70433,79.32,84.8,85.8,86,81.8,24.86,24.72,24.86,24.81,25.47,0.65,0.47,0.45,0.44,0.59
12/14/2021 17:45,0.902,-0.2,4.01,3382,49.8,94.55,86.97,-4.04684,79.65,84.4,85.6,86,81.6,24.54,24.57,24.61,24.53,25.24,0.63,0.48,0.45,0.43,0.59
12/14/2021 18:00,0.864,-0.2,3.85,3382,49.8,94.26,87.16,-4.04684,80,84.2,85.6,85.8,81.4,24.14,24.42,24.38,24.3,25.01,0.6,0.48,0.44,0.43,0.59
12/14/2021 18:15,0.767,-0.27,3.52,3382,49.7,93.98,88.38,-4.539958,81,83.9,85.4,85.7,81.3,23.64,24.23,24.18,24.09,24.8,0.55,0.49,0.44,0.43,0.59
12/14/2021 18:30,0.725,-0.26,3.33,3382,49.8,93.45,87.9,-4.70433,81.7,83.6,85.3,85.5,81.2,23.32,24.12,23.99,23.89,24.59,0.52,0.49,0.44,0.43,0.58
12/14/2021 18:45,0.684,-0.26,3.16,3382,49.7,91.63,87.66,-4.211213,81.9,83.3,85.1,85.5,81,23.17,23.95,23.79,23.69,24.4,0.51,0.5,0.44,0.42,0.58
12/14/2021 19:00,0.66,-0.4,3.21,3381,49.9,92.18,87.21,-4.211213,81.5,83.1,85,85.3,80.8,23.01,23.78,23.62,23.53,24.23,0.52,0.5,0.44,0.43,0.58
12/14/2021 19:15,0.68,-0.26,3.14,3382,49.8,91.58,87.62,-4.04684,81.4,82.4,84.6,84.8,80.4,22.75,23.61,23.4,23.33,24.01,0.51,0.51,0.44,0.44,0.59
12/14/2021 19:30,0.626,-0.47,3.14,3383,49.8,92.95,87.45,-4.375585,81.4,82.1,84.2,84.4,80.1,22.44,23.38,23.19,23.11,23.77,0.51,0.51,0.45,0.44,0.59
12/14/2021 19:45,0.657,-0.33,3.12,3382,50.1,91.68,87.23,-4.70433,81.8,82.3,84.2,84.4,80.1,22.13,23.2,22.99,22.9,23.6,0.49,0.5,0.44,0.44,0.58
12/14/2021 20:00,0.657,-0.32,3.11,3383,49.8,91.35,87.43,-4.211213,82.2,82.3,84.3,84.6,80.2,21.9,23.05,22.8,22.73,23.42,0.47,0.5,0.44,0.43,0.57
12/14/2021 20:15,0.606,-0.39,2.97,3382,50.2,91.68,87.71,-4.211213,82.6,82.4,84.5,84.7,80.3,21.66,22.95,22.66,22.56,23.27,0.45,0.49,0.43,0.42,0.56
12/14/2021 20:30,0.602,-0.33,2.89,3382,50.2,91.87,87.88,-5.033075,82.9,82.3,84.5,84.7,80.3,21.5,22.89,22.54,22.46,23.14,0.44,0.49,0.42,0.42,0.56
12/14/2021 20:45,0.57,-0.39,2.82,3381,50.2,91.23,88.24,-5.033075,83.2,82.5,84.5,84.7,80.3,21.33,22.73,22.46,22.33,23.03,0.43,0.48,0.42,0.41,0.55
12/14/2021 21:00,0.551,-0.39,2.74,3383,50.2,91.39,88.88,-4.868703,83.4,82.7,84.5,84.7,80.4,21.17,22.6,22.34,22.25,22.92,0.42,0.47,0.42,0.41,0.55
12/14/2021 21:15,0.551,-0.39,2.74,3383,50.2,91.04,88.05,-4.211213,83.4,82.7,84.5,84.7,80.3,21.06,22.5,22.26,22.15,22.82,0.41,0.47,0.42,0.41,0.55
12/14/2021 21:30,0.535,-0.39,2.67,3383,50.3,91.92,89.39,-4.868703,83.3,82.6,84.4,84.6,80.4,20.93,22.4,22.16,22.04,22.7,0.41,0.47,0.42,0.41,0.54
12/14/2021 21:45,0.516,-0.39,2.59,3383,50.2,91.73,88.72,-4.211213,83.4,82.6,84.3,84.6,80.3,20.79,22.32,22.05,21.93,22.6,0.41,0.47,0.42,0.41,0.54
12/14/2021 22:00,0.479,-0.46,2.51,3383,50.2,90.84,88.84,-4.70433,83.6,82.6,84.4,84.7,80.4,20.64,22.25,21.95,21.82,22.49,0.4,0.47,0.41,0.4,0.53
12/14/2021 22:15,0.497,-0.39,2.51,3383,50.2,91.2,89.19,-4.868703,83.7,82.7,84.4,84.7,80.4,20.53,22.15,21.89,21.73,22.41,0.39,0.46,0.41,0.4,0.53
12/14/2021 22:30,0.478,-0.39,2.43,3384,50.2,91.37,88.88,-4.375585,83.9,82.9,84.4,84.8,80.5,20.45,22.07,21.82,21.66,22.33,0.39,0.45,0.41,0.39,0.53
12/14/2021 22:45,0.422,-0.44,2.25,3383,49.9,88.86,88.38,-4.539958,84.3,83.7,81.4,83,78.7,20.41,21.78,22.72,22.23,22.87,0.38,0.43,0.51,0.46,0.59
12/14/2021 23:00,0.518,-0.37,2.58,3383,50.2,86.95,86.49,-4.539958,85,86.3,75.47,77.57,73.2,20.57,21.53,24.4,23.78,24.48,0.36,0.35,0.75,0.66,0.82
12/14/2021 23:15,0.584,-0.31,2.79,3382,50.2,87.14,85.3,-4.70433,85,86.5,74.13,75.3,71.19,20.9,21.81,24.96,24.5,25.17,0.37,0.35,0.82,0.76,0.92
12/14/2021 23:30,0.648,-0.31,3.06,3383,50.3,87.47,84.25,-4.375585,84.6,86.1,73.57,74.64,70.37,21.14,22.04,25.25,24.78,25.52,0.39,0.37,0.85,0.79,0.97
12/14/2021 23:45,0.769,-0.18,3.43,3383,50.1,87.26,83.17,-4.539958,84.2,85.7,72.87,74.05,69.71,21.37,22.25,25.54,25.03,25.78,0.4,0.38,0.89,0.82,1.01
12/15/2021 0:00,0.857,-0.18,3.8,3383,50.2,87.38,82.43,-4.539958,83.7,85.4,72.64,73.46,69.27,21.54,22.41,25.66,25.24,25.95,0.42,0.4,0.9,0.85,1.03
12/15/2021 0:15,0.941,-0.12,4.09,3382,50.5,87.21,81.4,-4.04684,83.3,85,72.22,73.11,69.08,21.66,22.55,25.81,25.36,26.03,0.43,0.41,0.92,0.87,1.04
12/15/2021 0:30,1.029,-0.12,4.46, ,50.2,87.5,80.01,-4.375585,83.1,84.6,72.65,73.23,68.96,21.72,22.66,25.72,25.34,26.1,0.44,0.42,0.9,0.87,1.05
12/15/2021 0:45,1.116,0,4.7,3383,50.1,87.93,79.97,-4.70433,82.8,84.5,72.29,73.07,68.76,21.81,22.73,25.83,25.4,26.15,0.45,0.43,0.92,0.87,1.06
12/15/2021 1:00,1.185,0,4.99,3382,50.3,86.92,79.11,-4.211213,82.7,84.3,71.86,72.82,68.57,21.79,22.74,25.93,25.44,26.19,0.45,0.43,0.94,0.88,1.07
12/15/2021 1:15,1.211,-0.05,5.15,3383,50.4,85.75,77.29,-4.70433,82.8,84.1,71.99,72.65,68.56,21.88,22.81,25.89,25.49,26.22,0.45,0.44,0.94,0.89,1.07
12/15/2021 1:30,1.283,0.13,5.26,3383,50.3,86.47,77.53,-4.539958,82.3,83.4,71.98,72.73,68.49,22.09,23.03,25.95,25.49,26.28,0.47,0.47,0.94,0.89,1.08
12/15/2021 1:45,1.318,0.13,5.41,3383,50.3,86.42,77.48,-4.868703,81.4,83,71.36,72.46,68.38,22.22,23.1,26.07,25.55,26.3,0.5,0.48,0.97,0.9,1.08
12/15/2021 2:00,1.318,0.13,5.41,3384,50.4,86.49,77.17,-4.70433,80.8,82.6,71.38,72.49,68.29,22.34,23.21,26.06,25.52,26.3,0.52,0.5,0.97,0.9,1.08
12/15/2021 2:15,1.36,0.07,5.65,3383,50.5,89.36,77.55,-4.868703,80.3,82.1,72.72,73.08,68.73,22.32,23.24,25.69,25.34,26.15,0.53,0.51,0.9,0.87,1.06
12/15/2021 2:30,1.406,0.14,5.77,3385,50.4,91.32,78.7,-4.70433,80.7,82.9,77.37,75.72,70.61,21.87,22.73,24.31,24.45,25.42,0.51,0.47,0.69,0.74,0.95
12/15/2021 2:45,1.381,0.07,5.74,3383,50.4,91.15,79.34,-4.539958,81.5,84.4,79.63,76.82,71.34,21.36,22.04,23.48,23.91,24.92,0.47,0.41,0.59,0.69,0.9
12/15/2021 3:00,1.353,0.07,5.62,3384,50.6,91.78,80.66,-4.539958,82.2,85.4,80.6,77.33,71.38,20.92,21.42,22.92,23.49,24.6,0.44,0.37,0.54,0.66,0.89
12/15/2021 3:15,1.36,0.07,5.65,3383,50.4,92.23,80.18,-4.375585,82.7,86.3,81,77.29,71.12,20.57,20.97,22.54,23.17,24.35,0.42,0.34,0.52,0.64,0.88
12/15/2021 3:30,1.394,0,5.87,3383,50.4,93.43,80.73,-4.04684,82.1,86.5,80.8,76.34,70.2,20.13,20.59,22.13,22.85,24.06,0.42,0.33,0.51,0.66,0.89
12/15/2021 3:45,1.461,0.14,6,3383,50.4,92.97,81.21,-4.70433,81.6,86.2,80.4,75.34,69.11,19.62,20.14,21.64,22.52,23.72,0.42,0.33,0.51,0.67,0.91
12/15/2021 4:00,1.559,0.2,6.35,3384,50.4,91.44,79.18,-4.539958,81.8,86.4,79.51,72.3,66.18,19.11,19.7,21.52,22.88,24.16,0.4,0.31,0.53,0.77,1.02
12/15/2021 4:15,1.678,0.34,6.7,3384,50.4,89.7,77.81,-4.211213,82.3,86.9,77.9,70.62,63.8,18.86,19.47,21.75,23.17,24.62,0.39,0.3,0.58,0.83,1.12
12/15/2021 4:30,1.8,0.38,7.17,3384,50.4,84.44,72.91,-4.375585,83.3,86.9,70.57,63.9,61.9,19.09,19.78,23.82,25.25,25.38,0.37,0.3,0.87,1.16,1.23
12/15/2021 4:45,1.955,0.38,7.82,3384,50.4,85.54,70.36,-4.211213,82.3,84.7,66.4,61.08,59.68,19.84,20.71,25.31,26.35,26.41,0.41,0.37,1.08,1.34,1.39
12/15/2021 5:00,2.24,0.82,8.55,3383,50.4,82.86,67.77,-4.211213,81.2,82.6,65.14,59.6,58.26,20.4,21.48,25.98,27.11,27.18,0.45,0.45,1.17,1.45,1.5
12/15/2021 5:15,2.43,0.93,9.23,3383,50.5,81.21,65.69,-4.375585,80.4,81.3,63.96,58.66,57.2,20.89,22.12,26.62,27.71,27.82,0.48,0.5,1.26,1.54,1.6
12/15/2021 5:30,2.647,1.14,9.92,3383,50.4,81.97,64.48,-4.70433,79.71,80.4,63.27,58.25,56.33,21.35,22.59,27.13,28.09,28.39,0.52,0.54,1.32,1.59,1.69
12/15/2021 5:45,2.692,1.1,10.15,3383,50.5,83.41,64.81,-4.868703,78.81,79.43,63.55,60.12,56.3,21.7,23,27.12,27.64,28.56,0.55,0.58,1.31,1.48,1.71
12/15/2021 6:00,2.677,1.1,10.09,3384,50.4,83.96,65.24,-4.539958,77.97,78.96,64.62,62.29,57.65,21.88,23.06,26.82,27.05,28.15,0.58,0.59,1.25,1.35,1.61
12/15/2021 6:15,2.613,1.1,9.82,3383,50.4,83.53,65.48,-5.033075,77.71,79.1,64.81,62.64,57.99,21.95,23.04,26.82,27.01,28.07,0.59,0.59,1.24,1.33,1.59
12/15/2021 6:30,2.649,1.09,9.98,3382,50.6,82.62,65.46,-5.033075,77.79,79.23,64.79,62.75,58.09,21.97,23.07,26.85,26.99,28.1,0.59,0.59,1.24,1.33,1.59
12/15/2021 6:45,2.608,1.08,9.82,3383,50.5,82.45,65.38,-4.211213,78.09,79.25,64.94,62.67,58.14,21.98,23.12,26.87,27.13,28.16,0.58,0.59,1.24,1.34,1.6
12/15/2021 7:00,2.552,1.01,9.66,3383,50.4,81.78,64.88,1.377451,78.26,79.37,64.78,62.75,58.08,22.11,23.24,27.03,27.19,28.28,0.58,0.59,1.26,1.34,1.61
12/15/2021 7:15,2.496,1.03,9.4,3383,50.5,78.27,62.78,11.075427,77.62,72.48,65.32,63.51,58.68,22.77,25.27,27.13,27.2,28.34,0.62,0.89,1.25,1.32,1.59
12/15/2021 7:30,2.397,0.94,9.08,3384,50.4,81.35,64.88,26.362067,69.51,67.19,68.26,66.09,61.68,24.93,26.74,26.51,26.7,27.66,0.96,1.15,1.1,1.19,1.42
12/15/2021 7:45,2.32,0.88,8.82, ,50.5,82.48,66.29,46.086765,65.66,69.1,70.75,68.37,63.4,25.8,26.22,25.93,26.16,27.23,1.14,1.05,0.98,1.07,1.32
12/15/2021 8:00,2.316,0.82,8.87,3384,50.4,83.03,67.01,63.510247,64.6,69.78,71.75,69.05,64.06,25.95,26.01,25.68,25.97,27.05,1.19,1.02,0.93,1.04,1.29
12/15/2021 8:15,2.326,0.95,8.77,3384,50.4,82,66.87,78.796887,63.4,70.77,72.28,69.43,64.62,26.28,25.79,25.58,25.9,26.93,1.25,0.97,0.91,1.02,1.26
12/15/2021 8:30,2.376,0.95,8.98,3384,50.4,81.78,65.77,118.739398,62.87,71.77,72.83,69.87,65.22,26.51,25.68,25.59,25.95,26.93,1.29,0.93,0.89,1.01,1.23
12/15/2021 8:45,2.432,0.93,9.24,3383,50.5,81.14,65.05,132.546686,63.17,73.19,73.31,70.4,65.91,26.58,25.49,25.64,25.99,26.91,1.28,0.87,0.88,0.99,1.21
12/15/2021 9:00,2.526,1.11,9.44,3384,50.5,79.73,64.04,158.846282,62.55,73.91,73.83,70.95,66.46,26.88,25.53,25.71,26.08,27,1.33,0.85,0.86,0.98,1.2
12/15/2021 9:15,2.727,1.22,10.17,3384,50.4,78.36,61.7,191.556405,63.01,74.72,74.34,71.47,67.13,26.99,25.56,25.82,26.15,27.07,1.32,0.83,0.85,0.97,1.18
12/15/2021 9:30,2.94,1.46,10.81,3385,50.5,77.77,60.03,214.075434,63.54,75.45,74.87,72.02,67.57,27.04,25.6,25.95,26.29,27.19,1.3,0.81,0.84,0.96,1.17
12/15/2021 9:45,3.151,1.67,11.47,3385,50.3,77.93,58.88,217.856001,64.36,76.6,75.67,72.75,68.29,27.1,25.62,26.03,26.43,27.3,1.28,0.77,0.82,0.94,1.15
12/15/2021 10:00,3.262,1.76,11.84,3384,50.5,78.75,59.14,236.430091,67.52,78.75,76.93,74.54,70.23,26.51,25.34,25.95,26.21,27,1.13,0.69,0.77,0.87,1.06
12/15/2021 10:15,3.234,1.7,11.79,3384,50.4,79.13,59.41,289.5224,69.87,80.5,78.51,76.44,72.15,26.06,25.02,25.69,25.93,26.67,1.02,0.62,0.71,0.79,0.97
12/15/2021 10:30,3.238,1.76,11.74,3385,50.5,78.96,59.26,284.262481,70.97,81.7,79.68,77.66,73.24,25.99,24.97,25.62,25.86,26.61,0.98,0.58,0.67,0.74,0.93
12/15/2021 10:45,3.383,1.92,12.18,3385,50.5,77.5,58.12,283.933736,71.77,82.5,80.5,78.53,73.96,26,24.97,25.65,25.9,26.68,0.95,0.55,0.64,0.72,0.91
12/15/2021 11:00,3.376,1.91,12.16,3384,50.5,76.74,57.4,267.167743,72.81,83.4,81.3,79.39,74.52,26.08,25.08,25.77,26.05,26.87,0.92,0.53,0.62,0.69,0.9
12/15/2021 11:15,3.473,2.02,12.45,3386,50.4,75.97,56.9,283.933736,73.83,83.9,81.8,80.2,75.39,26.15,25.22,25.95,26.21,26.97,0.89,0.52,0.61,0.67,0.88
12/15/2021 11:30,3.425,1.99,12.28,3385,50.4,77.46,57.35,255.826043,74.95,84.6,82.5,81,76.5,26.15,25.33,26.05,26.29,26.95,0.85,0.5,0.59,0.65,0.84
12/15/2021 11:45,3.432,2,12.3,3385,50.4,77.48,57.61,277.523209,75.58,85,83,81.7,77.25,26.16,25.37,26.07,26.3,26.93,0.83,0.49,0.57,0.63,0.81
12/15/2021 12:00,3.262,1.76,11.84,3386,50.5,79.49,58.86,298.398514,76.12,85.3,83.4,82.1,77.82,26.21,25.42,26.1,26.31,26.95,0.81,0.48,0.56,0.61,0.79
12/15/2021 12:15,3.126,1.59,11.45,3389,50.4,79.94,59.84,319.602563,76.4,85.6,83.9,82.4,78.39,26.23,25.44,26.1,26.32,26.91,0.8,0.47,0.54,0.6,0.77
12/15/2021 12:30,3.257,1.77,11.81,3389,50.4,79.61,59.62,275.057622,76.69,85.8,84.2,82.8,78.76,26.24,25.43,26.1,26.29,26.89,0.79,0.46,0.53,0.59,0.75
12/15/2021 12:45,3.234,1.7,11.79,3389,50.3,79.2,59.19,265.030901,77.07,86.1,84.5,83.3,78.94,26.26,25.47,26.13,26.28,26.98,0.78,0.45,0.53,0.57,0.75
12/15/2021 13:00,3.229,1.66,11.81,3390,50.4,80.66,59.55,267.989606,77.39,86.4,84.8,83.6,79.23,26.33,25.54,26.22,26.39,27.07,0.77,0.44,0.52,0.56,0.74
12/15/2021 13:15,3.21,1.68,11.71,3389,50.3,81.21,60.1,290.83738,77.33,86.5,84.8,83.6,79.43,26.39,25.56,26.26,26.41,27.08,0.78,0.44,0.52,0.56,0.74
12/15/2021 13:30,3.243,1.68,11.85,3389,50.3,81.35,60.72,278.180699,77.38,86.5,85,83.8,79.68,26.41,25.57,26.23,26.39,27.03,0.78,0.44,0.51,0.56,0.73
12/15/2021 13:45,3.183,1.61,11.67,3390,50.4,81.28,60.96,287.385558,77.42,86.7,85.2,84,79.85,26.4,25.54,26.21,26.36,27,0.78,0.44,0.5,0.55,0.72
12/15/2021 14:00,3.064,1.48,11.31,3390,50.4,81.4,61.56,259.442237,77.64,86.8,85.5,84.3,80,26.44,25.55,26.18,26.34,27.02,0.77,0.43,0.49,0.54,0.71
12/15/2021 14:15,3.008,1.41,11.15,3390,50.4,81.86,62.13,229.033329,77.91,87.2,85.9,84.6,80.4,26.45,25.55,26.19,26.39,27.06,0.76,0.42,0.48,0.53,0.7
12/15/2021 14:30,2.89,1.31,10.76,3391,50.4,83.6,63.23,188.5977,78.09,87.4,86,84.7,80.6,26.46,25.53,26.2,26.43,27.08,0.76,0.41,0.48,0.53,0.69
12/15/2021 14:45,2.719,1.16,10.2,3390,50.3,82.95,64.21,176.105392,78.17,87.5,86.1,84.8,80.8,26.46,25.54,26.21,26.43,27.06,0.75,0.41,0.47,0.52,0.69
12/15/2021 15:00,2.615,1.05,9.88, ,50.5,85.18,65.65,173.146688,78.1,87.5,86.2,84.9,80.9,26.47,25.51,26.15,26.39,26.99,0.76,0.41,0.47,0.52,0.68
12/15/2021 15:15,2.547,0.99,9.66,3391,50.4,85.85,67.03,122.84871,78.06,87.5,86.2,85.1,81.1,26.41,25.41,26.08,26.24,26.86,0.76,0.41,0.47,0.51,0.67
12/15/2021 15:30,2.438,0.87,9.33,3392,50.5,86.99,68.4,97.370977,78,87.5,86.3,85.3,81.1,26.31,25.32,25.95,26.09,26.74,0.75,0.4,0.46,0.5,0.66
12/15/2021 15:45,2.248,0.74,8.67,3393,50.4,87.98,70.05,78.632515,77.93,87.4,86.3,85.3,81.1,26.19,25.19,25.79,25.93,26.62,0.75,0.4,0.45,0.49,0.66
12/15/2021 16:00,2.128,0.67,8.24,3393,50.4,88.31,71.98,46.251137,77.62,87.3,86.3,85.4,81.1,26.04,25.04,25.63,25.75,26.41,0.75,0.4,0.45,0.48,0.65
12/15/2021 16:15,1.953,0.54,7.64,3393,50.4,90.08,73.94,30.307007,77.54,87,86.1,85.3,81,25.88,24.91,25.44,25.56,26.2,0.75,0.41,0.45,0.48,0.65
12/15/2021 16:30,1.771,0.35,7.08,3394,50.4,91.35,75.95,20.609031,77.4,86.6,85.8,85.1,80.9,25.64,24.73,25.23,25.34,25.97,0.74,0.42,0.46,0.48,0.64
12/15/2021 16:45,1.705,0.35,6.8,3394,50.5,91.9,77.5,12.226035,77.51,86.2,85.6,84.8,80.7,25.33,24.53,24.99,25.06,25.68,0.73,0.43,0.46,0.48,0.64
12/15/2021 17:00,1.562,0.21,6.35,3395,50.4,91.9,79.08,-1.416881,77.51,85.6,85.2,84.6,80.4,25.02,24.34,24.74,24.8,25.42,0.71,0.44,0.46,0.48,0.64
12/15/2021 17:15,1.447,0.14,5.94,3394,50.4,94.1,81.21,-3.882468,77.61,84.6,84.8,84.4,80.2,24.54,24.2,24.52,24.53,25.16,0.69,0.47,0.47,0.48,0.63
12/15/2021 17:30,1.419,0.21,5.75,3395,50.5,94.96,82.79,-4.539958,78.64,83.5,84.5,84.1,79.99,23.96,24.08,24.23,24.25,24.88,0.64,0.49,0.47,0.48,0.63
12/15/2021 17:45,1.298,0.07,5.39,3396,50.4,94.07,84.22,-4.539958,79.05,82.6,83.9,83.6,79.53,23.49,23.89,23.95,23.92,24.55,0.61,0.52,0.48,0.49,0.63
12/15/2021 18:00,1.318,0,5.55,3395,50.2,93.69,83.05,-4.70433,79.69,82.5,77.91,80.9,76.04,22.99,23.69,25.1,24.29,25.11,0.57,0.51,0.7,0.58,0.76
12/15/2021 18:15,1.353,0.07,5.62,3395,50.6,91.13,81.38,-4.539958,80.3,82.8,74.49,77.38,72.47,22.72,23.45,25.66,24.88,25.73,0.54,0.5,0.84,0.71,0.91
12/15/2021 18:30,1.311,0,5.52,3395,50.4,92.73,80.99,-4.70433,80.2,80.7,75.22,76.31,72.01,22.58,23.72,25.15,24.8,25.54,0.54,0.57,0.79,0.74,0.92
12/15/2021 18:45,1.311,0.14,5.37,3394,50.4,91.87,81.54,-4.70433,80.3,78.81,79.04,78.54,74.71,22.31,23.82,23.9,23.91,24.53,0.53,0.63,0.62,0.64,0.78
12/15/2021 19:00,1.215,-0.06,5.18,3395,50.2,92.06,81.71,-4.375585,80.7,78.89,80.1,79.61,75.45,21.91,23.46,23.33,23.34,24.01,0.51,0.61,0.57,0.58,0.73
12/15/2021 19:15,1.156,-0.06,4.93,3394,50.5,91.54,82.55,-4.539958,81,79.08,80.3,79.81,75.59,21.57,23.14,23,22.98,23.67,0.49,0.59,0.55,0.57,0.71
12/15/2021 19:30,1.15,0,4.84,3394,50.7,90.75,82.31,-5.197448,81.1,78.92,80.4,79.91,75.7,21.28,22.92,22.7,22.69,23.37,0.48,0.59,0.54,0.55,0.7
12/15/2021 19:45,1.043,-0.13,4.53,3395,50.7,91.58,83.48,-4.70433,81.2,79.06,80.5,80,75.79,21.01,22.69,22.45,22.42,23.12,0.47,0.58,0.53,0.54,0.69
12/15/2021 20:00,1.029,-0.13,4.47,3394,50.7,91.25,83.62,-4.539958,81.4,79.09,80.5,80.1,75.73,20.81,22.48,22.25,22.2,22.92,0.46,0.57,0.52,0.53,0.68
12/15/2021 20:15,0.976,-0.13,4.25,3394,50.4,91.51,84.75,-4.868703,81.6,79.08,80.4,80,75.65,20.58,22.27,22.05,22,22.73,0.45,0.56,0.52,0.53,0.67
12/15/2021 20:30,0.955,-0.13,4.16,3394,50.4,91.01,84.77,-4.868703,81.6,79.22,80.4,80.1,75.66,20.38,22.07,21.88,21.83,22.52,0.44,0.55,0.51,0.52,0.66
12/15/2021 20:45,0.879,-0.26,3.98,3395,50.7,91.85,84.58,-4.70433,81.9,79.33,80.4,80.1,75.7,20.18,21.9,21.71,21.66,22.37,0.43,0.54,0.51,0.52,0.66
12/15/2021 21:00,0.865,-0.12,3.77,3394,50.5,87.38,84.15,-4.375585,81.8,80.3,76.62,78.55,74.19,19.96,21.54,22.72,22.07,22.75,0.42,0.51,0.65,0.57,0.71
12/15/2021 21:15,0.916,-0.18,4.05,3395,50.6,85.97,81.54,-4.868703,82,82.3,70.8,73.51,69.06,20.03,21.3,24.28,23.42,24.2,0.42,0.45,0.89,0.76,0.93
12/15/2021 21:30,1.013,-0.05,4.32,3395,50.6,85.87,80.18,-4.70433,81.4,82,69.53,71.71,67.18,20.39,21.61,24.78,23.98,24.83,0.45,0.46,0.95,0.84,1.03
12/15/2021 21:45,1.109,0,4.67,3395,50.6,85.18,79.15,-4.539958,80.5,81.4,69.3,70.95,66.29,20.69,21.89,24.97,24.28,25.17,0.48,0.49,0.97,0.88,1.08
12/15/2021 22:00,1.159,0,4.88,3395,50.6,85.44,78.17,-4.539958,79.93,80.9,69.05,70.45,65.83,20.95,22.12,25.12,24.5,25.37,0.5,0.51,0.99,0.91,1.11
12/15/2021 22:15,1.243,0.06,5.17, ,50.7,85.85,76.95,-4.539958,79.44,80.5,69.22,70.08,65.45,21.13,22.3,25.15,24.67,25.56,0.52,0.53,0.98,0.93,1.13
12/15/2021 22:30,1.354,0.13,5.56,3395,50.8,85.32,76.14,-4.70433,79.05,80.2,68.47,69.64,65.09,21.26,22.41,25.39,24.81,25.7,0.53,0.54,1.02,0.95,1.15
12/15/2021 22:45,1.442,0.26,5.79,3395,50.8,85.63,76.05,-4.375585,78.74,79.77,68.43,69.39,64.78,21.34,22.52,25.41,24.9,25.8,0.54,0.55,1.02,0.96,1.17
12/15/2021 23:00,1.495,0.19,6.09,3395,50.7,85.54,75.21,-4.868703,78.53,79.66,68.41,69.1,64.54,21.39,22.58,25.44,24.97,25.87,0.55,0.56,1.03,0.98,1.18
12/15/2021 23:15,1.57,0.26,6.33,3394,50.8,85.97,74.44,-4.375585,78.25,79.53,68.37,69.01,64.43,21.44,22.59,25.44,24.99,25.9,0.56,0.56,1.03,0.98,1.19
12/15/2021 23:30,1.609,0.32,6.43,3395,51,85.44,74.4,-4.539958,78.07,79.27,68.13,69,64.26,21.51,22.66,25.51,24.99,25.94,0.56,0.57,1.04,0.98,1.2
12/15/2021 23:45,1.229,-0.36,5.56,3394,50.6,97.9,75.95,-4.539958,81.5,81.7,73.29,75.44,66.33,21.31,22.72,24.96,24.39,25.79,0.47,0.51,0.84,0.75,1.12
12/16/2021 0:00,1.25,-0.13,5.4,3395,50.6,94.88,79.7,-4.375585,85.1,87.1,76,79.51,70.4,20.72,21.75,24.67,23.73,25.33,0.36,0.34,0.75,0.6,0.96
12/16/2021 0:15,0.933,-0.56,4.53,3395,50.6,95.58,79.44,-4.211213,86.7,88.5,76.6,81.6,71.1,20.67,21.69,24.79,23.69,25.35,0.32,0.3,0.73,0.54,0.93
12/16/2021 0:30,1.136,-0.12,4.91,3399,50.6,89.67,80.97,-4.375585,87.5,90.3,75.94,77.03,67.98,20.69,21.48,25.14,24.89,26.43,0.31,0.25,0.77,0.72,1.1
12/16/2021 0:45,1.207,0,5.08,3399,50.7,86.33,78.56,-4.868703,88,90.6,72.49,71.27,63.24,20.96,21.72,26.18,26.33,27.93,0.3,0.24,0.93,0.98,1.38
12/16/2021 1:00,1.3,0.06,5.41,3401,50.7,83.93,75.74,-4.539958,88.1,90.1,70.02,68.13,60.7,21.29,22.08,27,27.26,28.86,0.3,0.26,1.07,1.15,1.56
12/16/2021 1:15,0.767,-1.07,4.38,3404,50.6,92.73,68.83,-4.375585,88.1,89.7,70.48,70.5,60.21,21.65,22.64,27.61,27.4,29.43,0.31,0.28,1.09,1.08,1.63
12/16/2021 1:30,1.156,-0.32,5.21,3404,50.6,89.31,74.44,-4.868703,88.1,90.5,72.52,72.82,62.59,21.75,22.77,27.42,27.15,29.27,0.31,0.26,1,0.98,1.52
12/16/2021 1:45,1.43,0.13,5.88,3404,50.6,85.25,74.95,-4.539958,88.3,90.3,71.21,69.78,61.7,22.08,22.99,27.82,27.99,29.71,0.31,0.27,1.08,1.14,1.6
12/16/2021 2:00,1.558,0.25,6.29,3403,50.7,84.37,73.51,-4.70433,88.2,90.1,69.75,67.31,59.98,22.27,23.18,28.27,28.6,30.25,0.32,0.28,1.16,1.28,1.72
12/16/2021 2:15,1.056,-0.75,5.25,3406,50.6,92.66,67.2,-4.868703,88,89.6,70.24,70.4,60.02,22.42,23.49,28.57,28.31,30.46,0.33,0.3,1.16,1.14,1.74
12/16/2021 2:30,1.431,-0.06,6.09,3406,50.6,90.17,73.97,-4.375585,87.9,90.3,72.2,72.6,62.21,22.34,23.53,28.2,27.92,30.1,0.33,0.28,1.06,1.03,1.61
12/16/2021 2:45,1.61,0.13,6.64,3406,50.6,86.9,73.7,-5.033075,88.1,90,70.55,70.16,61.5,22.55,23.62,28.61,28.53,30.38,0.33,0.29,1.15,1.16,1.67
12/16/2021 3:00,1.693,0.26,6.85,3406,50.6,85.63,72.72,-4.539958,88,90,69.6,67.75,59.9,22.68,23.69,28.89,29.03,30.82,0.33,0.29,1.21,1.29,1.78
12/16/2021 3:15,1.842,0.33,7.4,3406,50.6,86.11,71.34,-4.539958,87.8,89.4,68.64,66.01,58.65,22.77,23.86,29.01,29.36,31.12,0.34,0.31,1.26,1.39,1.87
12/16/2021 3:30,1.828,0.34,7.33,3407,50.6,89.96,73.77,-4.868703,86.9,87.1,72.14,69.35,63.15,22.68,24.01,27.62,28,29.37,0.36,0.39,1.03,1.16,1.51
12/16/2021 3:45,1.738,0.35,6.94,3407,50.7,90.7,75.83,-4.539958,85.4,85.9,74.1,73.61,67.3,22.5,23.71,26.69,26.49,27.83,0.4,0.41,0.91,0.91,1.22
12/16/2021 4:00,1.664,0.35,6.63,3407,50.7,91.01,77.17,-4.868703,84.6,85.2,74.31,74.9,68.5,22.31,23.43,26.21,25.79,27.12,0.41,0.43,0.87,0.83,1.13
12/16/2021 4:15,1.538,0.21,6.25,3407,50.7,92.18,78.89,-4.70433,84.3,84.4,74.26,75.47,69.11,22.1,23.21,25.85,25.35,26.62,0.42,0.44,0.86,0.79,1.08
12/16/2021 4:30,1.412,0.07,5.87,3408,50.6,92.04,79.97,-4.375585,84.1,83.6,74.14,75.62,69.49,21.9,23.07,25.53,25.01,26.21,0.42,0.46,0.85,0.77,1.04
12/16/2021 4:45,1.336,0.07,5.55,3407,50.6,92.92,81.11,-4.868703,83.8,83.1,74.27,75.77,69.71,21.65,22.94,25.24,24.71,25.89,0.42,0.47,0.83,0.75,1.01
12/16/2021 5:00,1.263,0.07,5.24,3408,50.6,92.95,82,-4.211213,83.4,83,74.47,75.83,69.9,21.48,22.75,24.97,24.48,25.61,0.43,0.47,0.81,0.74,0.99
12/16/2021 5:15,1.239,0.07,5.14,3409,50.6,91.2,82.69,-4.70433,83.5,82.8,74.46,75.8,69.95,21.28,22.62,24.79,24.29,25.43,0.42,0.47,0.8,0.73,0.98
12/16/2021 5:30,1.163,-0.06,4.96, ,51.1,92.3,82.76,-4.539958,83.5,82.7,74.39,75.83,69.97,21.14,22.5,24.68,24.15,25.3,0.41,0.47,0.8,0.73,0.97
12/16/2021 5:45,1.225,0.07,5.08,3409,50.7,91.04,82.55,-4.375585,83.2,82.3,74.33,75.6,69.78,21.04,22.45,24.55,24.05,25.18,0.42,0.48,0.79,0.73,0.97
12/16/2021 6:00,1.257,0.14,5.14,3409,51.1,90.75,82.74,-4.211213,82.9,82.2,74.17,75.55,69.66,20.91,22.29,24.43,23.9,25.04,0.42,0.48,0.79,0.73,0.96
12/16/2021 6:15,1.182,0.07,4.9,3409,51.1,90.22,81.86,-4.70433,82.7,82,73.83,75.37,69.57,20.77,22.21,24.36,23.81,24.93,0.42,0.48,0.8,0.73,0.96
12/16/2021 6:30,1.131,0,4.76,3408,51.1,89.19,81.4,-4.211213,82.5,81.7,73.77,75.24,69.49,20.71,22.17,24.22,23.69,24.82,0.43,0.49,0.79,0.73,0.96
12/16/2021 6:45,1.133,0,4.77,3409,51,87.98,79.94,-3.553723,82.2,81.1,73.94,75.15,69.42,20.71,22.22,24.07,23.6,24.72,0.43,0.51,0.78,0.72,0.95
12/16/2021 7:00,1.132,0.06,4.7,3410,50.6,86.23,78.87,2.199314,82.1,80.7,74.03,75.17,69.37,20.66,22.25,24,23.54,24.67,0.44,0.52,0.77,0.72,0.95
12/16/2021 7:15,1.122,0.06,4.66,3409,51.2,83.29,77.1,13.541014,80.4,78.48,74.99,75.04,69.2,21.4,22.84,23.81,23.58,24.73,0.5,0.6,0.74,0.73,0.96
12/16/2021 7:30,1.141,0.06,4.74,3408,51.1,84.65,77.48,54.962878,72.81,76.82,76.81,75,69.19,23.22,23.31,23.45,23.62,24.77,0.77,0.66,0.67,0.73,0.96
12/16/2021 7:45,1.127,0.06,4.68,3408,51.1,84.84,77.67,124.656808,71.3,77.34,77.68,75.04,69.54,23.51,23.21,23.31,23.65,24.74,0.83,0.64,0.64,0.73,0.95
12/16/2021 8:00,1.876,0.53,7.33,3408,51.1,76.98,67.3,80.604984,70.67,77.94,78.02,75.02,69.49,23.69,23.15,23.33,23.78,24.87,0.86,0.63,0.63,0.74,0.96
12/16/2021 8:15,2.818,1.4,10.36,3409,51.1,72.99,58.69,95.562879,69.02,79.65,78.43,75.22,69.22,24.3,23.27,23.74,24.23,25.37,0.94,0.58,0.63,0.75,1
12/16/2021 8:30,3.948,2.73,13.69,3408,51.2,68.92,52.09,113.479479,68.83,81,78.2,75.77,69.1,24.72,23.55,24.36,24.75,25.97,0.97,0.55,0.66,0.76,1.04
12/16/2021 8:45,4.872,4.2,16,3406,51.2,64.28,49.63,121.533731,69.73,81.1,77.96,75.69,69.4,25.09,24.1,24.99,25.38,26.74,0.96,0.57,0.7,0.79,1.07
12/16/2021 9:00,5.378,5.42,16.82,3405,50.7,61.8,48.55,139.45033,70.72,81.2,77.89,75.89,73.87,25.48,24.63,25.56,25.92,27.84,0.95,0.58,0.72,0.81,0.98
12/16/2021 9:15,7.309,6.6,23.68,3403,51.1,64.48,50.18,282.454384,71.74,81.8,78.16,77.04,81.3,25.86,25.06,26.1,26.48,29.5,0.94,0.58,0.74,0.79,0.77
12/16/2021 9:30,8.342,6.86,27.75,3400,51,59.17,49.84,167.393651,72.19,82.2,78.66,77.81,78.24,26.39,25.54,26.59,27.05,31.12,0.96,0.58,0.74,0.79,0.98
12/16/2021 9:45,8.41,7.23,27.64,3398,50.7,57.06,50.54,194.843854,72.8,82.6,79.25,78.25,77.71,26.87,26.02,27.09,27.59,32.35,0.96,0.59,0.74,0.8,1.08
12/16/2021 10:00,9.367,7.49,31.39,3396,50.7,56.11,50.92,451.922405,73.3,83.2,79.92,78.89,76.26,27.33,26.4,27.5,28.09,33.19,0.97,0.58,0.74,0.8,1.21
12/16/2021 10:15,10.065,8.23,33.53,3394,50.5,57.54,52.35,548.409048,73.89,83.7,80.3,79.28,75.85,27.69,26.76,27.94,28.59,33.85,0.97,0.57,0.74,0.81,1.27
12/16/2021 10:30,10.273,8.44,34.18,3393,50.5,57.38,53.05,209.637377,75.9,84.4,80.8,82.1,77.08,27.49,26.8,28.18,28.83,34.2,0.88,0.55,0.73,0.71,1.23
12/16/2021 10:45,9.853,8.38,32.48,3391,50.6,57.95,53.14,216.705394,77.65,85.7,81.9,82.6,76.68,27.41,26.75,28.24,29.13,34.2,0.82,0.5,0.69,0.7,1.25
12/16/2021 11:00,10.181,8.51,33.72,3391,50.6,58.19,53.57,225.910252,78.6,86.8,83,83,76.51,27.48,26.78,28.35,29.38,34.06,0.78,0.46,0.66,0.7,1.25
12/16/2021 11:15,10.097,8.47,33.41,3389,50.2,58,53.38,248.100536,79.38,87.4,83.5,84.3,77.78,27.57,26.86,28.49,29.66,34.27,0.76,0.45,0.64,0.65,1.2
12/16/2021 11:30,9.92,8.51,32.62,3389,50.1,59,53.62,546.765323,80.1,87.9,84.3,84.4,74.87,27.72,26.98,28.62,30.05,34.31,0.74,0.43,0.62,0.66,1.36
12/16/2021 11:45,10.232,8.86,33.56,3389,49.8,60.65,53.69,642.101359,79.98,88,84.1,83.4,74.19,27.81,27.06,28.7,30.26,34.2,0.75,0.43,0.63,0.71,1.39
12/16/2021 12:00,10.123,8.57,33.41,3388,49.8,60.84,53.41,415.102971,79.66,87.8,83.7,83.2,73.02,27.86,27.09,28.65,30.35,34.13,0.76,0.44,0.64,0.73,1.45
12/16/2021 12:15,9.64,8.14,31.84,3388,49.8,62.16,52.98,275.715112,79.38,87.7,83.8,82.7,73.31,27.88,27.07,28.61,30.39,34.02,0.77,0.44,0.63,0.75,1.42
12/16/2021 12:30,9.004,7.77,29.56,3388,49.7,62.59,52.04,270.783938,79.62,87.8,83.8,82.9,71.81,27.88,27.07,28.55,30.37,33.3,0.76,0.44,0.63,0.74,1.44
12/16/2021 12:45,8.633,7.44,28.35,3389,49.6,64.02,51.64,259.442237,79.72,87.9,84.1,82.8,73.35,27.9,27.08,28.51,30.38,32.52,0.76,0.43,0.62,0.75,1.3
12/16/2021 13:00,7.899,6.92,25.82,3388,49.6,64.71,51.33,245.141832,79.65,87.9,84.3,82.9,74.46,27.93,27.1,28.42,30.37,31.85,0.77,0.43,0.61,0.74,1.2
12/16/2021 13:15,7.565,6.45,24.92,3388,49.6,66.34,51.4,283.604991,79.61,87.8,84.5,82.6,76.06,27.94,27.11,28.37,30.32,31.37,0.77,0.44,0.6,0.75,1.1
12/16/2021 13:30,6.996,6.07,22.93,3388,49.6,67.7,51.04,248.429281,79.63,87.8,84.6,82.6,76.97,27.92,27.13,28.32,30.26,31.08,0.77,0.44,0.59,0.75,1.04
12/16/2021 13:45,5.73,5.42,18.3,3389,49.5,70.19,51.42,227.882722,79.68,87.8,84.8,82.5,77.63,27.93,27.12,28.26,30.18,30.83,0.76,0.44,0.58,0.75,1
12/16/2021 14:00,4.367,4.66,13.38,3391,49.6,70.79,51.37,457.017952,79.73,87.8,85,82.8,78.14,27.92,27.13,28.23,30.05,30.62,0.76,0.44,0.57,0.73,0.96
12/16/2021 14:15,5.119,4.19,17.05,3392,49.8,73.03,52.26,359.709447,79.71,87.6,85.1,82.8,78.68,27.92,27.15,28.19,29.89,30.37,0.76,0.45,0.57,0.73,0.92
12/16/2021 14:30,4.863,3.7,16.5,3393,49.6,75.88,53.31,185.145878,79.66,87.5,85.2,83,79.09,27.9,27.17,28.13,29.7,30.19,0.76,0.45,0.56,0.71,0.9
12/16/2021 14:45,4.599,3.39,15.72,3394,49.9,77.55,54.51,211.116729,79.54,87.5,85.4,83.1,79.35,27.86,27.12,28.01,29.55,29.99,0.77,0.45,0.55,0.7,0.88
12/16/2021 15:00,4.377,3.07,15.13,3395,49.8,78.82,55.39,164.434946,79.44,87.6,85.4,83.2,79.61,27.81,27.03,27.97,29.42,29.84,0.77,0.44,0.55,0.69,0.86
12/16/2021 15:15,4.145,2.68,14.57,3397,50.1,80.49,56.83,139.779075,79.43,87.8,85.7,83.4,79.82,27.79,26.94,27.86,29.3,29.7,0.77,0.43,0.54,0.68,0.84
12/16/2021 15:30,3.899,2.36,13.88,3399,49.7,81.81,58.31,129.094864,79.53,88.1,86.1,83.6,79.96,27.72,26.84,27.75,29.16,29.57,0.76,0.42,0.52,0.66,0.83
12/16/2021 15:45,3.685,2.09,13.27,3400,49.8,82.5,59.43,170.352356,79.43,88.2,86.4,83.8,79.93,27.69,26.75,27.6,28.96,29.42,0.76,0.41,0.5,0.65,0.82
12/16/2021 16:00,3.4,1.82,12.36,3400,50.1,83.53,61.13,132.217941,79.8,88.5,86.9,84.5,80.1,27.62,26.7,27.55,28.82,29.41,0.75,0.4,0.48,0.61,0.82
12/16/2021 16:15,3.123,1.42,11.62,3402,49.9,85.42,62.83,55.291623,79.94,88.5,87,84.6,79.93,27.5,26.61,27.44,28.55,29.28,0.74,0.4,0.48,0.6,0.82
12/16/2021 16:30,2.94,1.3,10.98,3403,49.9,86.4,64.86,34.745064,79.91,88.3,87,84.6,79.78,27.36,26.49,27.3,28.28,29.05,0.73,0.4,0.47,0.59,0.81
12/16/2021 16:45,2.717,1.17,10.18,3404,50.1,87.54,67.06,12.883525,79.75,88.1,86.7,84.4,79.7,27.15,26.31,27.11,27.93,28.7,0.73,0.41,0.48,0.59,0.8
12/16/2021 17:00,2.486,0.91,9.49,3405,49.7,89.91,69.59,-0.595018,79.39,87.7,86.4,84.3,79.85,26.91,26.08,26.87,27.5,28.18,0.73,0.42,0.48,0.58,0.77
12/16/2021 17:15,2.201,0.64,8.58,3406,49.7,91.68,72.79,-4.211213,78.92,87.2,86.2,84.2,80.1,26.54,25.72,26.57,27.03,27.6,0.73,0.42,0.48,0.56,0.73
12/16/2021 17:30,1.976,0.36,7.93,3407,49.9,94.67,76.67,-4.211213,79.01,87.1,85.9,84,80.4,25.98,25.22,26.13,26.47,26.95,0.7,0.41,0.48,0.55,0.7
12/16/2021 17:45,1.777,0.15,7.32,3409,49.8,98.9,79.66,-4.539958,78.49,86.7,85.3,84.2,80.3,25.57,24.8,25.68,25.82,26.39,0.7,0.42,0.48,0.53,0.68
12/16/2021 18:00,1.679,0.23,6.82,3410,49.9,98.8,82.12,-4.539958,78.65,85.8,84.9,84,79.79,25.01,24.48,25.19,25.31,25.9,0.68,0.44,0.48,0.52,0.68
12/16/2021 18:15,1.558,0.23,6.31,3411,49.9,100.07,84.84,-4.539958,79.06,84.7,84.7,83.6,79.45,24.45,24.24,24.73,24.88,25.5,0.64,0.46,0.48,0.52,0.67
12/16/2021 18:30,1.454,0.15,5.96,3411,49.8,97.08,85.25,-4.539958,79.43,83.8,84.2,83.3,79.01,23.94,24.06,24.4,24.52,25.16,0.61,0.49,0.48,0.51,0.67
12/16/2021 18:45,1.322,0.07,5.49,3412,50.1,94.21,84.27,-4.211213,80.3,82,78.71,81.3,75.95,23.35,24.27,25.44,24.72,25.64,0.57,0.55,0.69,0.58,0.79
12/16/2021 19:00,1.309,0.14,5.36,3414,49.9,91.54,83.39,-4.375585,81.2,82.1,74.3,77.98,72.1,23.1,24.16,26.35,25.39,26.45,0.53,0.54,0.88,0.71,0.96
12/16/2021 19:15,1.326,0.14,5.43,3415,49.9,90.96,81.59,-4.868703,81.2,81.8,72.97,75.97,70.39,23.05,24.14,26.59,25.74,26.76,0.53,0.55,0.94,0.8,1.04
12/16/2021 19:30,1.354,0.14,5.55,3416,49.9,90.75,81.4,-4.211213,81.1,80.8,72.02,74.93,69.52,22.95,24.33,26.74,25.86,26.87,0.53,0.58,0.98,0.84,1.08
12/16/2021 19:45,1.404,0.27,5.62, ,50.2,89.84,80.66,-4.868703,80.9,80.5,71.42,74.33,69.05,22.88,24.32,26.79,25.87,26.88,0.53,0.59,1.01,0.86,1.1
12/16/2021 20:00,1.393,0.2,5.65,3415,50.2,89.67,79.68,-4.211213,80.7,80.6,71.01,73.83,68.66,22.87,24.22,26.81,25.93,26.9,0.54,0.59,1.02,0.88,1.11
12/16/2021 20:15,1.393,0.2,5.65,3416,50.3,88.45,78.68,-4.211213,80.4,80.9,70.81,73.32,68.25,22.94,24.08,26.8,25.98,26.96,0.55,0.57,1.03,0.9,1.13
12/16/2021 20:30,1.422,0.2,5.77,3415,49.9,87.64,78.03,-4.70433,79.97,81.1,70.58,72.89,67.89,22.95,24.02,26.82,26.04,26.99,0.56,0.56,1.04,0.91,1.14
12/16/2021 20:45,1.415,0.2,5.74,3415,49.8,88.17,78.05,-4.70433,79.62,80.8,70.28,72.57,67.62,22.97,24.06,26.84,26.02,27,0.57,0.57,1.05,0.92,1.15
12/16/2021 21:00,1.425,0.13,5.86,3415,50.1,88.26,77.36,-4.868703,79.54,80.3,69.98,72.3,67.43,22.93,24.14,26.89,26.06,26.99,0.57,0.59,1.06,0.93,1.16
12/16/2021 21:15,1.45,0.2,5.89,3415,50.2,88,77.12,-4.868703,79.34,80.3,69.83,72.02,67.26,22.92,24.06,26.85,26.06,27,0.58,0.59,1.07,0.94,1.17
12/16/2021 21:30,1.462,0.33,5.8,3415,49.9,87.59,77.58,-4.539958,79.02,80.7,69.98,71.94,67.08,22.97,23.96,26.77,26.04,26.98,0.59,0.57,1.06,0.95,1.17
12/16/2021 21:45,1.45,0.2,5.89,3414,50.3,87.69,77.22,-4.539958,78.98,80.4,69.69,71.77,66.88,22.91,23.98,26.82,26.05,27.02,0.59,0.58,1.07,0.95,1.18
12/16/2021 22:00,1.48,0.26,5.95,3415,49.9,86.3,76.88,-4.375585,79.04,80.2,69.59,71.52,66.63,22.9,24.03,26.83,26.06,27.04,0.59,0.59,1.07,0.96,1.19
12/16/2021 22:15,1.474,0.2,5.99,3414,49.9,88.48,77.12,-5.033075,78.91,79.93,69.16,71.26,66.41,22.86,24.04,26.89,26.08,27.04,0.59,0.6,1.09,0.97,1.2
12/16/2021 22:30,1.488,0.2,6.05,3414,50.1,87.78,76.52,-4.70433,78.7,79.99,69.24,71.03,66.29,22.89,23.96,26.8,26.08,27.02,0.59,0.6,1.08,0.98,1.2
12/16/2021 22:45,1.506,0.27,6.05,3414,49.9,87.98,76.69,-4.375585,78.41,79.83,68.83,70.72,66.06,22.87,23.95,26.83,26.09,27.02,0.6,0.6,1.1,0.99,1.21
12/16/2021 23:00,1.524,0.2,6.2,3415,49.9,87.14,76.43,-4.70433,78.37,79.46,68.88,70.6,65.87,22.83,23.97,26.77,26.07,27.03,0.6,0.61,1.09,0.99,1.22
12/16/2021 23:15,1.581,0.33,6.3,3414,50.2,87.23,76.09,-4.211213,78.32,79.78,68.71,70.49,65.8,22.83,23.88,26.82,26.09,27,0.6,0.6,1.1,1,1.22
12/16/2021 23:30,1.548,0.2,6.3,3415,50.2,88.91,76.26,-4.70433,78.03,79.58,68.57,70.41,65.69,22.86,23.92,26.8,26.06,26.99,0.61,0.61,1.11,1,1.22
12/16/2021 23:45,1.569,0.34,6.24,3415,50.3,87.9,76.26,-4.539958,77.75,79.36,68.63,70.1,65.46,22.82,23.87,26.7,26.02,26.97,0.62,0.61,1.1,1.01,1.23
12/17/2021 0:00,1.573,0.27,6.33,3415,50.3,88.36,76.24,-4.211213,77.72,79.33,68.23,69.76,65.3,22.76,23.83,26.72,26.03,26.93,0.62,0.61,1.11,1.02,1.23
12/17/2021 0:15,1.611,0.27,6.49,3415,50.2,88.21,76.09,-4.868703,77.77,79.27,68.4,69.62,65.14,22.71,23.8,26.64,26.05,26.94,0.61,0.61,1.1,1.02,1.24
12/17/2021 0:30,1.665,0.4,6.58,3414,50.2,88.45,76.31,-4.375585,77.64,79.26,68.47,69.65,65.07,22.67,23.75,26.56,25.98,26.91,0.62,0.61,1.1,1.02,1.24
12/17/2021 0:45,1.643,0.34,6.55,3415,50.3,87.88,75.47,-4.868703,77.44,78.86,67.84,69.36,64.84,22.62,23.74,26.66,25.95,26.86,0.62,0.62,1.12,1.03,1.24
12/17/2021 1:00,1.694,0.4,6.7,3415,50.4,86.76,75.33,-4.539958,77.49,78.86,67.79,69.3,64.66,22.53,23.68,26.61,25.9,26.85,0.61,0.62,1.12,1.03,1.25
12/17/2021 1:15,1.654,0.33,6.61,3416,50.4,87.16,74.87,-4.375585,77.57,79.04,67.8,69.26,64.59,22.52,23.63,26.57,25.88,26.84,0.61,0.61,1.12,1.03,1.25
12/17/2021 1:30,1.659,0.33,6.63,3414,50.3,87.35,74.68,-4.70433,77.43,78.96,67.8,69.07,64.52,22.55,23.63,26.54,25.89,26.85,0.62,0.61,1.12,1.03,1.25
12/17/2021 1:45,1.641,0.26,6.63,3416,50.2,87.09,74.49,-4.539958,77.33,78.79,67.54,68.94,64.42,22.57,23.66,26.6,25.95,26.85,0.62,0.62,1.13,1.04,1.26
12/17/2021 2:00,1.659,0.33,6.63,3415,50.3,87.38,74.35,-4.868703,77.26,78.76,67.29,68.61,64.24,22.57,23.66,26.63,25.99,26.87,0.62,0.62,1.14,1.05,1.27
12/17/2021 2:15,1.698,0.4,6.72,3415,50.2,86.83,74.28,-4.868703,77,78.57,67.29,68.56,64.11,22.59,23.66,26.58,25.94,26.87,0.63,0.63,1.14,1.05,1.27
12/17/2021 2:30,1.736,0.4,6.88,3414,50.2,87.59,74.52,-4.539958,76.65,78.32,67.28,68.45,64.01,22.58,23.67,26.53,25.9,26.83,0.64,0.63,1.13,1.05,1.27
12/17/2021 2:45,1.77,0.53,6.88,3414,50.4,86.47,74.01,-4.539958,76.46,78.12,66.55,68.1,63.64,22.53,23.63,26.64,25.92,26.83,0.64,0.64,1.17,1.07,1.28
12/17/2021 3:00,1.784,0.4,7.08, ,50.3,86.85,73.94,-4.04684,76.56,77.98,66.58,67.89,63.47,22.46,23.61,26.58,25.92,26.83,0.64,0.64,1.16,1.07,1.29
12/17/2021 3:15,1.78,0.33,7.14,3415,50.4,87.52,73.73,-4.211213,76.6,77.99,66.67,68,63.38,22.41,23.57,26.51,25.85,26.8,0.63,0.64,1.15,1.07,1.29
12/17/2021 3:30,1.837,0.47,7.23,3415,50.4,87.35,73.94,-4.539958,76.5,77.89,66.27,67.77,63.21,22.38,23.55,26.58,25.86,26.8,0.64,0.64,1.17,1.07,1.3
12/17/2021 3:45,1.792,0.34,7.18,3415,50.5,87.83,73.94,-4.868703,76.4,77.77,66.13,67.61,63.04,22.33,23.49,26.53,25.83,26.81,0.64,0.64,1.17,1.08,1.3
12/17/2021 4:00,1.823,0.46,7.18,3416,50.5,86.18,73.39,-4.70433,76.38,77.77,66.37,67.49,63.06,22.3,23.44,26.42,25.82,26.75,0.64,0.64,1.16,1.08,1.3
12/17/2021 4:15,1.853,0.53,7.23,3414,50.3,86.18,73.03,-4.539958,76.3,77.73,65.86,67.35,62.92,22.32,23.44,26.53,25.81,26.72,0.64,0.64,1.18,1.09,1.3
12/17/2021 4:30,1.837,0.47,7.23,3415,50.4,87.33,73.2,-4.211213,76.17,77.57,66.2,67.47,62.92,22.27,23.44,26.42,25.75,26.69,0.64,0.65,1.16,1.08,1.3
12/17/2021 4:45,1.853,0.53,7.23,3415,50.5,86.8,73.15,-4.70433,76.06,77.54,66.29,67.38,63,22.27,23.42,26.36,25.74,26.65,0.64,0.65,1.16,1.08,1.29
12/17/2021 5:00,1.819,0.4,7.23,3415,50.2,87.23,73.13,-4.539958,76.19,77.57,66.17,67.37,62.84,22.2,23.36,26.33,25.68,26.66,0.64,0.64,1.16,1.08,1.3
12/17/2021 5:15,1.834,0.4,7.29,3414,50.4,86.85,72.87,-4.70433,76.3,77.66,66.28,67.28,62.79,22.16,23.33,26.27,25.68,26.64,0.63,0.64,1.15,1.08,1.3
12/17/2021 5:30,1.849,0.46,7.29,3416,50.7,86.25,72.75,-4.539958,76.28,77.68,66.1,67.28,62.79,22.17,23.29,26.33,25.66,26.62,0.63,0.64,1.16,1.08,1.3
12/17/2021 5:45,1.881,0.53,7.35,3416,50.6,86.37,72.51,-4.868703,76.13,77.72,66.15,67.17,62.8,22.17,23.28,26.29,25.67,26.59,0.64,0.64,1.16,1.08,1.29
12/17/2021 6:00,1.919,0.53,7.51,3415,50.5,85.87,72.46,-4.539958,76.07,77.67,66.17,67.03,62.63,22.16,23.28,26.24,25.68,26.63,0.64,0.64,1.15,1.09,1.3
12/17/2021 6:15,1.913,0.47,7.55,3415,50.5,86.8,72.46,-3.882468,76.25,77.44,65.99,67.06,62.58,22.11,23.32,26.28,25.64,26.62,0.63,0.65,1.16,1.08,1.3
12/17/2021 6:30,1.996,0.59,7.77,3415,50.4,85.68,71.6,-4.70433,76.37,77.48,66.12,66.88,62.52,22.06,23.3,26.22,25.66,26.59,0.63,0.64,1.15,1.09,1.3
12/17/2021 6:45,2.07,0.73,7.93,3415,50.6,85.8,71.36,-3.38935,76.36,77.19,66.09,66.8,62.34,22.02,23.32,26.17,25.65,26.62,0.63,0.65,1.15,1.09,1.31
12/17/2021 7:00,2.093,0.67,8.09,3414,50.5,85.78,70.64,2.692431,76.25,77.22,66.14,66.71,62.32,22.02,23.3,26.14,25.67,26.59,0.63,0.65,1.15,1.1,1.31
12/17/2021 7:15,2.108,0.72,8.1,3415,50.5,83.79,70.19,12.719152,74.01,72.52,66.96,66.83,62.31,22.95,24.55,26,25.65,26.65,0.73,0.85,1.11,1.09,1.32
12/17/2021 7:30,2.11,0.72,8.11,3415,50.5,84.03,69.73,54.634133,65.58,68.57,69.65,67.21,62.61,25.18,25.61,25.43,25.69,26.68,1.1,1.03,0.99,1.08,1.31
12/17/2021 7:45,2.199,0.78,8.42,3415,50.4,84.17,68.85,124.985552,64.44,69.01,70.35,67.58,62.93,25.54,25.57,25.36,25.66,26.67,1.16,1.02,0.96,1.07,1.3
12/17/2021 8:00,2.971,1.43,10.97,3415,50.5,74.16,58.64,84.385551,63.42,69.78,70.69,67.74,62.91,25.78,25.47,25.39,25.74,26.84,1.21,0.98,0.95,1.07,1.31
12/17/2021 8:15,3.723,2.46,13.03,3415,50.7,67.85,51.9,97.864094,60.64,71.79,71.43,68.36,62.85,26.74,25.45,25.76,26.12,27.34,1.38,0.92,0.95,1.07,1.35
12/17/2021 8:30,4.458,3.6,14.9,3414,50.6,64.14,49.25,123.177455,59.39,74.02,72.12,68.63,63.11,27.47,25.53,26.29,26.67,27.85,1.49,0.85,0.95,1.1,1.38
12/17/2021 8:45,4.414,4.75,13.48,3414,50.5,61.97,49.15,126.958022,59.75,75.1,72.95,69.28,63.45,27.92,25.95,26.72,27.16,28.41,1.51,0.83,0.95,1.11,1.41
12/17/2021 9:00,6.234,5.61,20.22,3414,50.3,59.89,48.41,147.833327,60.81,75.73,72.57,69.79,64.4,28.29,26.4,27.3,27.63,29.04,1.51,0.84,1,1.12,1.43
12/17/2021 9:15,7.721,6.78,25.22,3413,50.3,63.45,50.35,283.604991,62.38,76.57,73.15,70.72,70.02,28.56,26.79,27.71,28.09,30.02,1.47,0.83,1,1.11,1.27
12/17/2021 9:30,8.398,7.07,27.76,3411,50.3,59.22,50.2,184.488388,64.54,77.53,74.02,72.16,76.42,28.65,27.08,28.08,28.43,31.64,1.39,0.8,0.99,1.08,1.1
12/17/2021 9:45,8.861,7.46,29.29,3411,50.3,58.33,51.11,232.813896,66.87,78.51,75.01,73.99,77.28,28.69,27.43,28.41,28.74,32.99,1.3,0.79,0.97,1.03,1.14
12/17/2021 10:00,9.616,7.99,31.9,3409,50.2,58.36,52.16,283.111873,69.01,79.66,76.19,75.38,76.22,28.71,27.6,28.66,29,33.81,1.22,0.75,0.94,0.99,1.25
12/17/2021 10:15,9.695,8.04,32.18, ,50.5,57.78,52.31,209.473005,71.38,80.9,77.45,77.89,74.94,28.57,27.7,28.84,29.21,34.3,1.12,0.71,0.89,0.9,1.36
12/17/2021 10:30,8.537,7.56,27.82,3406,50.4,61.85,51.83,223.77341,73.54,82,78.62,79.39,74.75,28.41,27.76,28.93,29.43,34.5,1.02,0.67,0.85,0.85,1.38
12/17/2021 10:45,9.065,8.28,29.27,3407,50.5,62.08,52.21,183.502154,74.97,83.1,79.4,79.75,74.27,28.3,27.69,28.93,29.49,33.92,0.96,0.63,0.82,0.83,1.36
12/17/2021 11:00,8.696,7.67,28.37,3407,50.2,62.97,52.45,269.962075,75.6,83.8,79.97,80.8,75.59,28.3,27.65,28.93,29.56,33.75,0.94,0.6,0.8,0.79,1.28
12/17/2021 11:15,7.528,6.61,24.59,3408,50.1,66.6,51.06,364.969366,76.19,84.5,80.4,80.6,70.68,28.35,27.64,29.01,29.63,33.24,0.92,0.57,0.79,0.81,1.49
12/17/2021 11:30,6.758,6.19,21.8,3406,50.2,67.58,51.3,116.766929,76.17,84.8,80.6,79.93,71.5,28.34,27.57,28.94,29.35,31.83,0.92,0.56,0.77,0.82,1.34
12/17/2021 11:45,7.58,7.04,24.35,3406,50.1,66.65,51.69,590.159657,76.2,84.9,80.9,82.1,75.93,28.37,27.53,28.88,29.15,31.56,0.92,0.56,0.76,0.72,1.12
12/17/2021 12:00,5.406,5.12,17.26,3408,49.9,70.81,51.47,345.573414,76.64,85.3,81.5,81.6,72.91,28.36,27.56,28.82,29.41,31.54,0.9,0.54,0.73,0.75,1.25
12/17/2021 12:15,,,,,49.9,,,256.154788,75.71,84.9,81.3,80.7,75.77,28.23,27.39,28.62,29.01,30.7,0.93,0.55,0.73,0.77,1.07
12/17/2021 12:30,0.942,-0.06,4.03,3569,34.5,95.43,83.62,293.960457,75.96,84.9,81.3,82.4,73.8,28.18,27.37,28.65,29.14,31.37,0.92,0.55,0.73,0.71,1.2
12/17/2021 12:45,0.879,0,3.7,3580,34.8,96.01,85.49,284.426853,75.99,84.8,80.8,80.7,74.12,28.14,27.36,28.7,29.34,30.71,0.91,0.55,0.76,0.79,1.14
12/17/2021 13:00,0.852,-0.06,3.65,3578,34.9,96.82,86.61,248.264909,75.88,84.8,80.4,80.9,75.51,28.07,27.29,28.66,29.11,30.35,0.92,0.55,0.77,0.77,1.06
12/17/2021 13:15,0.776,-0.06,3.33,3578,34.9,97.13,87.33,334.067341,75.87,84.9,80.9,81.6,75.42,28.1,27.28,28.58,29.22,30.45,0.92,0.55,0.75,0.75,1.07
,,,,,,,,,,,,,,,,,,,0.61,0.61,0.61,0.61,0.61
,,,,,,,,,,,,,,,,,,,0.61,0.61,0.61,0.61,0.61
,,,,,,,,991.228496,77.95,85,80.8,76.47,71.72,26.14,26,27.88,32.47,32.54,0.75,0.5,0.72,1.15,1.39
2/11/2022 14:15,10.201,-99,43.92,1829,49.1,48.84,33.95,950.464122,78.71,85.6,81.4,76.69,72.79,25.94,25.85,27.78,32.41,32.31,0.71,0.48,0.69,1.13,1.32
2/11/2022 14:30,3.305,-99,14.23,1830,49,50.23,33.88,922.520801,78.95,85.7,81.3,76.68,73.31,25.92,25.82,27.77,32.37,32.13,0.7,0.48,0.7,1.13,1.28
2/11/2022 14:45,3.098,-99,13.34,1829,49.1,51.83,33.92,751.902172,78.93,85.8,81.3,76.61,74.09,25.94,25.79,27.68,32.24,31.79,0.71,0.47,0.69,1.13,1.22
2/11/2022 15:00,2.734,-99,11.77,1831,49,-99,33.95,261.250334,79.5,86,81.6,76.12,74.54,25.89,25.8,27.56,32.16,31.48,0.68,0.47,0.68,1.15,1.18
2/11/2022 15:15,2.334,-99,10.05,1830,49.1,-99,32.78,232.156406,84.8,90,86.1,77.85,77.17,26.63,26.4,27.91,32.01,31.4,0.53,0.34,0.52,1.05,1.05
2/11/2022 15:30,2.492,-99,10.73,1831,49.1,51.73,34.69,249.908633,84.6,90.6,86.5,78.17,77.45,27.26,26.91,28.41,31.85,31.34,0.56,0.33,0.52,1.03,1.03
2/11/2022 15:45,3.198,-99,13.77,1833,49.1,68.49,38.08,236.923208,81,89.2,84.8,78.27,77.08,27.55,26.99,28.36,31.27,30.88,0.7,0.38,0.59,0.99,1.02
2/11/2022 16:00,3.077,-99,13.25,1833,49,64.67,39.4,222.951548,72.09,82.6,80.2,77.82,75.92,27.05,26.24,27.84,30.65,30.32,1,0.59,0.74,0.98,1.04
2/11/2022 16:15,2.608,-99,11.23,1834,49.3,59.55,38.63,218.513491,75.49,84.1,81.8,78.97,76.67,26.29,25.77,27.26,30.08,29.92,0.84,0.53,0.66,0.9,0.99
2/11/2022 16:30,2.446,-99,10.53,1834,49.1,58.86,39.02,243.662479,77.2,85.4,82.3,79.65,76.27,25.96,25.5,27.02,29.61,29.72,0.76,0.48,0.63,0.84,0.99
2/11/2022 16:45,2.337,-99,10.06,1835,49,58.67,39.73,183.995271,77.36,85.5,81.6,79.18,74.87,25.83,25.35,26.92,29.16,29.52,0.75,0.47,0.65,0.84,1.04
2/11/2022 17:00,2.195,-99,9.45,1834,49,57.64,40.28,169.201748,76.24,84.7,80.3,78.33,74.42,25.82,25.34,26.88,28.69,29.04,0.79,0.49,0.7,0.85,1.03
2/11/2022 17:15,1.895,-99,8.16,1836,49.3,58.21,42.15,123.670573,79.81,86.4,82.4,79.23,76.51,26.02,25.55,26.92,28.23,28.52,0.68,0.45,0.62,0.8,0.92
2/11/2022 17:30,1.647,-99,7.09,1837,49.3,59.74,44.9,107.726443,81.8,88.5,85,82.3,79.38,26.26,25.77,26.95,27.88,28.18,0.62,0.38,0.53,0.66,0.79
2/11/2022 17:45,1.486,-99,6.4,1837,49.3,62.28,47.69,49.867331,80.8,88.8,85.5,82.8,79.6,26.39,25.7,26.87,27.54,27.89,0.66,0.37,0.51,0.63,0.77
2/11/2022 18:00,1.329,-99,5.72,1838,49.3,63.59,50.25,7.459233,78.98,88.1,84.8,82.7,79.47,26.55,25.59,26.7,27.2,27.54,0.73,0.39,0.53,0.62,0.76
2/11/2022 18:15,1.198,-99,5.16,1838,49.3,65.5,52.76,-3.553723,77.37,87.3,84.3,82.4,79.41,26.51,25.4,26.42,26.8,27.02,0.78,0.41,0.54,0.62,0.73
2/11/2022 18:30,1.08,-99,4.65,1838,48.9,65.79,54.67,-4.539958,76.29,86.6,83.7,82,79.49,26.28,25.13,26.08,26.45,26.55,0.81,0.43,0.55,0.62,0.71
2/11/2022 18:45,1.003,-99,4.32,1838,48.9,67.15,56.04,-4.70433,75.91,85.7,83.3,81.7,79,25.96,24.9,25.71,26.03,26.19,0.81,0.45,0.55,0.62,0.71
2/11/2022 19:00,0.915,-99,3.94,1838,49,67.73,57.4,-5.36182,75.94,85,82.9,81.4,78.59,25.52,24.69,25.38,25.68,25.88,0.79,0.47,0.55,0.61,0.71
2/11/2022 19:15,0.855,-99,3.68,1839,49,67.87,58.43,-4.70433,76.57,84.3,82.7,81.2,78.21,25.03,24.48,25.07,25.35,25.6,0.74,0.48,0.55,0.61,0.72
2/11/2022 19:30,0.813,-99,3.5,1838,48.9,68.85,59.53,-4.70433,77.1,83.7,82.6,81.1,78.06,24.61,24.32,24.78,25.07,25.31,0.71,0.5,0.54,0.6,0.71
2/11/2022 19:45,0.762,-99,3.28, ,49,69.26,60.98,-5.526193,77.4,83.1,82.5,80.9,77.96,24.26,24.17,24.53,24.79,25.05,0.68,0.51,0.54,0.6,0.7
2/11/2022 20:00,0.718,-99,3.09,1838,49,69.26,61.08,-5.197448,78.01,82.6,82.3,80.8,77.78,23.86,24.04,24.29,24.53,24.79,0.65,0.52,0.54,0.59,0.7
2/11/2022 20:15,0.704,-99,3.03,1839,49.3,69.16,61.7,-4.539958,78.34,82.2,82.1,80.7,77.56,23.51,23.87,24.07,24.27,24.61,0.63,0.53,0.54,0.59,0.69
2/11/2022 20:30,0.669,-99,2.88,1837,49.4,68.52,61.87,-4.70433,78.74,81.8,82.1,80.9,77.5,23.22,23.76,23.86,24.02,24.41,0.61,0.54,0.53,0.57,0.69
2/11/2022 20:45,0.632,-99,2.72,1839,49.3,68.2,62.32,-4.04684,78.85,81.3,81.9,80.8,77.28,22.98,23.65,23.66,23.82,24.2,0.59,0.55,0.53,0.57,0.69
2/11/2022 21:00,0.59,-99,2.54,1838,49.4,68.06,62.49,-5.197448,79.35,81,81.9,80.7,77.19,22.71,23.56,23.49,23.64,24.06,0.57,0.55,0.52,0.56,0.68
2/11/2022 21:15,0.525,-99,2.26,1838,49.4,66.94,62.85,-4.70433,79.6,80.9,79.41,80.2,76.2,22.48,23.45,24,23.69,24.16,0.56,0.55,0.61,0.58,0.72
2/11/2022 21:30,0.55,-99,2.37,1838,49.4,65.62,61.75,-4.70433,80.1,81.7,74.02,76.87,72.65,22.35,23.3,25.26,24.44,25.03,0.54,0.52,0.84,0.71,0.87
2/11/2022 21:45,0.576,-99,2.48,1839,49.1,65.41,61.22,-4.539958,79.86,81.4,72.77,75.13,71.18,22.43,23.41,25.56,24.82,25.36,0.55,0.54,0.89,0.78,0.93
2/11/2022 22:00,0.578,-99,2.49,1838,49.3,65.34,60.44,-5.033075,79.38,80.9,72.19,74.31,70.57,22.55,23.56,25.72,25.03,25.52,0.56,0.56,0.92,0.82,0.96
2/11/2022 22:15,0.636,-99,2.74,1838,49.4,65.24,60.05,-4.539958,78.84,80.3,71.8,73.77,70.22,22.65,23.68,25.81,25.12,25.61,0.58,0.58,0.94,0.84,0.98
2/11/2022 22:30,0.648,-99,2.79,1838,49.3,65.36,59.86,-4.539958,78.45,79.96,71.47,73.54,69.9,22.72,23.74,25.85,25.14,25.67,0.6,0.59,0.95,0.85,0.99
2/11/2022 22:45,0.701,-99,3.02,1839,49.4,65.1,58.57,-4.375585,78.23,79.79,71.17,73.11,69.51,22.71,23.74,25.88,25.19,25.69,0.6,0.59,0.96,0.86,1.01
2/11/2022 23:00,0.722,-99,3.11,1839,49.4,65.14,58.71,-4.539958,77.87,79.68,71.03,72.94,69.4,22.77,23.73,25.9,25.2,25.69,0.61,0.6,0.97,0.87,1.01
2/11/2022 23:15,0.734,-99,3.16,1839,49.3,64.93,58.55,-4.539958,77.55,79.54,70.95,72.81,69.28,22.81,23.77,25.9,25.22,25.72,0.62,0.6,0.97,0.87,1.02
2/11/2022 23:30,0.748,-99,3.22,1839,49.4,64.79,58.14,-4.868703,77.45,79.54,70.74,72.55,69.19,22.84,23.76,25.93,25.25,25.73,0.63,0.6,0.98,0.88,1.02
2/11/2022 23:45,0.769,-99,3.31,1839,49.4,64.57,57.57,-5.033075,77.33,79.39,70.41,72.37,69.04,22.83,23.78,26.01,25.28,25.75,0.63,0.61,1,0.89,1.03
2/12/2022 0:00,0.79,-99,3.4,1839,49.4,65,57.9,-4.868703,77.2,79.3,70.32,72.24,68.96,22.84,23.78,25.99,25.28,25.73,0.63,0.61,1,0.89,1.03
2/12/2022 0:15,0.773,-99,3.33,1838,49.3,64.81,57.88,-4.539958,77,79.08,70.26,72.01,68.77,22.84,23.8,25.98,25.3,25.73,0.64,0.62,1,0.9,1.03
2/12/2022 0:30,0.787,-99,3.39,1840,49.4,64.52,57.64,-4.868703,77.03,78.92,70.05,71.92,68.65,22.8,23.81,26.01,25.3,25.75,0.64,0.62,1.01,0.91,1.04
2/12/2022 0:45,0.773,-99,3.33,1839,49.5,64.33,57.73,-4.375585,77,79.2,69.63,71.72,68.68,22.79,23.74,26.1,25.33,25.73,0.64,0.61,1.03,0.91,1.04
2/12/2022 1:00,0.794,-99,3.42,1839,49.4,64.57,57.3,-4.539958,76.95,79.15,69.68,71.72,68.56,22.81,23.74,26.09,25.32,25.74,0.64,0.61,1.02,0.91,1.04
2/12/2022 1:15,0.811,-99,3.49,1839,49.5,64.31,57.06,-4.70433,76.87,78.9,69.51,71.54,68.39,22.81,23.77,26.11,25.33,25.76,0.64,0.62,1.03,0.92,1.05
2/12/2022 1:30,0.808,-99,3.48,1839,49.3,64.67,57.09,-4.868703,76.77,78.86,69.41,71.39,68.32,22.78,23.77,26.1,25.35,25.75,0.64,0.62,1.03,0.93,1.05
2/12/2022 1:45,0.832,-99,3.58,1840,49.4,64.62,56.78,-4.211213,76.67,78.75,69.29,71.32,68.12,22.77,23.75,26.09,25.32,25.77,0.65,0.62,1.04,0.93,1.06
2/12/2022 2:00,0.841,-99,3.62,1839,49.4,64.74,56.83,-4.868703,76.57,78.74,69.39,71.17,68.11,22.72,23.73,26.04,25.32,25.73,0.65,0.62,1.03,0.93,1.05
2/12/2022 2:15,0.855,-99,3.68,1839,49.3,64.07,56.59,-4.70433,76.51,78.76,69.01,70.99,67.96,22.72,23.68,26.08,25.32,25.71,0.65,0.62,1.05,0.94,1.06
2/12/2022 2:30,0.85,-99,3.66,1839,49.4,64.62,56.49,-4.868703,76.45,78.46,68.82,70.74,67.85,22.66,23.67,26.06,25.31,25.69,0.65,0.63,1.05,0.94,1.06
2/12/2022 2:45,0.88,-99,3.79,1840,49.4,64.21,56.16,-4.375585,76.35,78.42,68.41,70.6,67.68,22.63,23.61,26.1,25.27,25.66,0.65,0.63,1.07,0.95,1.06
2/12/2022 3:00,0.866,-99,3.73,1839,49.4,64.71,56.25,-4.539958,76.15,78.46,68.3,70.42,67.4,22.59,23.55,26.08,25.26,25.65,0.65,0.63,1.07,0.95,1.07
2/12/2022 3:15,0.901,-99,3.88,1839,49.4,64.45,55.87,-4.70433,76.2,78.36,67.95,70.15,67.3,22.53,23.52,26.08,25.27,25.63,0.65,0.63,1.08,0.96,1.08
2/12/2022 3:30,0.913,-99,3.93,1839,49.4,64.36,55.92,-4.70433,76.02,78.19,67.69,69.96,67.14,22.53,23.51,26.11,25.26,25.61,0.65,0.63,1.09,0.97,1.08
2/12/2022 3:45,0.917,-99,3.95,1840,49.4,64.57,55.77,-4.539958,75.92,78.16,67.62,69.78,67.04,22.52,23.5,26.12,25.29,25.61,0.66,0.63,1.1,0.97,1.08
2/12/2022 4:00,0.931,-99,4.01,1839,49.4,64.24,55.51,-4.868703,75.7,77.87,67.28,69.62,66.83,22.53,23.51,26.14,25.26,25.6,0.66,0.64,1.11,0.98,1.09
2/12/2022 4:15,0.962,-99,4.14,1840,49.4,64.59,55.25,-4.375585,75.57,77.74,67.22,69.32,66.56,22.51,23.5,26.08,25.29,25.61,0.67,0.64,1.11,0.99,1.1
2/12/2022 4:30,0.962,-99,4.14,1839,49.4,64.24,54.94,-5.197448,75.48,77.63,66.94,69.13,66.39,22.47,23.48,26.14,25.28,25.6,0.67,0.65,1.12,0.99,1.1
2/12/2022 4:45,0.978,-99,4.21,1839,49.5,63.83,54.89,-5.197448,75.54,77.67,66.71,69.05,66.32,22.43,23.47,26.17,25.28,25.61,0.66,0.65,1.13,1,1.11
2/12/2022 5:00,0.987,-99,4.25,1840,49.3,64.21,54.65,-4.375585,75.57,77.54,66.6,69.04,66.25,22.45,23.48,26.19,25.27,25.64,0.66,0.65,1.14,1,1.11
2/12/2022 5:15,1.003,-99,4.32,1840,49.4,64.14,54.58,-5.033075,75.45,77.45,66.56,68.84,66.24,22.42,23.48,26.19,25.31,25.61,0.67,0.65,1.14,1.01,1.11
2/12/2022 5:30,1.017,-99,4.38,1839,49.4,63.42,54.03,-4.375585,75.31,77.3,66.43,68.67,66.18,22.45,23.48,26.19,25.3,25.58,0.67,0.66,1.14,1.01,1.11
2/12/2022 5:45,1.038,-99,4.47,1839,49.8,63.61,54.15,-5.033075,75.37,77.29,66.55,68.85,66.11,22.4,23.48,26.13,25.25,25.59,0.67,0.66,1.13,1,1.11
2/12/2022 6:00,1.036,-99,4.46,1839,49.5,63.73,54,-4.375585,75.49,77.39,66.52,68.79,66.09,22.36,23.43,26.13,25.26,25.57,0.66,0.65,1.13,1,1.11
2/12/2022 6:15,1.061,-99,4.57,1840,49.4,64.21,53.57,-4.539958,75.56,77.44,66.59,68.78,66.09,22.32,23.4,26.1,25.22,25.54,0.66,0.65,1.13,1,1.11
2/12/2022 6:30,1.08,-99,4.65,1839,49.5,64,53.65,-4.70433,75.72,77.28,66.36,68.61,66.06,22.26,23.39,26.12,25.22,25.52,0.65,0.65,1.14,1.01,1.11
2/12/2022 6:45,1.092,-99,4.7,1840,49.4,63.66,53.41,-4.868703,75.74,77.19,66.53,68.66,65.94,22.2,23.38,26.02,25.18,25.51,0.65,0.66,1.13,1,1.11
2/12/2022 7:00,1.103,-99,4.75,1839,49.7,62.8,52.98,-3.882468,75.82,77.14,66.49,68.63,65.94,22.17,23.36,26.02,25.16,25.49,0.65,0.66,1.13,1,1.11
2/12/2022 7:15,1.15,-99,4.95,1840,49.8,62.63,52.09,3.678666,70.62,72.28,69.15,69.26,65.94,24,24.72,25.39,25.08,25.59,0.88,0.86,1,0.98,1.12
2/12/2022 7:30,1.222,-99,5.26, ,49.7,62.18,51.23,14.034132,64.94,71.11,71.2,69.81,66.1,25.39,25.05,25.01,25.03,25.65,1.14,0.92,0.91,0.96,1.12
2/12/2022 7:45,1.965,-99,8.46,1839,49.3,55.3,40.83,42.141825,64.6,71.6,71.11,69.74,65.79,25.4,25.11,25.24,25.25,25.96,1.15,0.91,0.93,0.97,1.15
2/12/2022 8:00,2.497,-99,10.75,1838,49.8,50.71,35.14,84.221179,69.88,73.44,68.54,69.27,64.74,24.35,25.05,26.22,25.76,26.64,0.92,0.84,1.07,1.02,1.23
2/12/2022 8:15,2.903,-99,12.5,1836,49.4,47.69,33.33,84.056806,66.25,72.96,70.38,67.56,63.67,25.09,25.46,26.06,26.29,27.09,1.07,0.88,1,1.11,1.3
2/12/2022 8:30,2.952,-99,12.71,1833,49.5,43.03,33.04,121.204986,61.82,72.58,69.59,66.53,65.53,26.16,25.5,26.15,26.6,27.75,1.3,0.89,1.03,1.17,1.28
2/12/2022 8:45,2.536,-99,10.92,1830,49.4,43.56,32.03,151.449521,61.6,72.6,69.41,68.01,68.51,26.4,25.61,26.35,26.59,28.86,1.32,0.9,1.05,1.11,1.25
2/12/2022 9:00,2.483,-99,10.69,1827,49.4,31.77,31.39,209.80175,62.35,72.59,69.4,69.66,69.2,26.31,25.73,26.49,26.54,29.99,1.29,0.91,1.06,1.05,1.31
2/12/2022 9:15,12.524,-99,53.92,1822,49,44.92,35.38,194.186364,63.37,72.43,69.15,70.54,66.39,26.19,25.8,26.7,26.71,30.89,1.25,0.92,1.08,1.03,1.5
2/12/2022 9:30,13.632,-99,58.69,1819,49.1,52.09,38.37,505.672205,64.45,72.72,69.85,69.19,64.7,26.07,25.91,26.74,27.23,31.6,1.2,0.91,1.06,1.11,1.64
2/12/2022 9:45,13.399,-99,57.69,1816,49.1,45.45,37.82,217.691628,65.07,73.17,70.33,68.39,61.34,26.06,25.92,26.79,27.62,32.46,1.18,0.9,1.04,1.17,1.89
2/12/2022 10:00,13.406,-99,57.72,1814,49.1,43.46,38.13,237.74507,65.75,74.03,70.23,69.39,59.64,26.1,25.87,26.95,27.69,33.3,1.16,0.87,1.06,1.14,2.06
2/12/2022 10:15,13.492,-99,58.09,1810,48.9,43.03,39.16,288.700538,66.65,74.68,70.92,70.04,57.97,26.08,25.9,27.04,27.87,33.77,1.13,0.85,1.04,1.12,2.21
2/12/2022 10:30,13.852,-99,59.64,1808,48.8,42.39,39.83,263.387176,67.66,75.62,72.56,70.36,58.16,26.11,25.94,27.05,28.35,33.72,1.09,0.82,0.98,1.14,2.19
2/12/2022 10:45,14.182,-99,61.06,1805,48.7,41.57,39.95,313.520781,68.44,76.49,73.98,70.72,59.72,26.22,26.02,27.22,28.93,33.94,1.07,0.79,0.94,1.17,2.14
2/12/2022 11:00,13.81,-99,59.46,1803,48.3,41.72,40.26,328.149932,68.89,76.98,74.54,72.47,59.44,26.43,26.14,27.45,29.4,34.18,1.07,0.78,0.93,1.13,2.18
2/12/2022 11:15,13.627,-99,58.67,1801,48.1,41.74,40.09,312.698919,69.28,77.87,75.05,73.14,60.12,26.58,26.13,27.57,29.81,34.26,1.07,0.75,0.92,1.13,2.15
2/12/2022 11:30,13.94,-99,60.02,1800,48,41.36,40.09,412.308639,69.55,78.55,75.75,73.39,61.67,26.71,26.14,27.6,30.23,34.25,1.07,0.73,0.9,1.14,2.07
2/12/2022 11:45,13.987,-99,60.22,1800,47.3,41.29,39.66,362.339406,70.45,79.56,76.57,73.84,62.26,26.75,26.15,27.64,30.62,34.36,1.04,0.69,0.87,1.15,2.05
2/12/2022 12:00,13.1,-99,56.4,1800,47.2,41.72,39.21,391.762079,71.08,79.9,76.86,74.16,61.33,26.76,26.25,27.76,30.95,34.39,1.02,0.69,0.86,1.16,2.1
2/12/2022 12:15,13.369,-99,57.56,1800,47,42.41,38.66,394.556411,71.62,80.6,77.65,74.49,61.56,26.8,26.23,27.76,31.16,34.23,1,0.66,0.83,1.16,2.07
2/12/2022 12:30,13.369,-99,57.56,1801,46.9,42.51,38.2,509.124027,72.57,81.4,78.44,74.67,62.71,26.72,26.17,27.66,31.33,33.81,0.96,0.63,0.8,1.16,1.96
2/12/2022 12:45,13.104,-99,56.42,1801,46.7,42.74,37.82,400.802566,73.26,82,78.9,74.94,64.58,26.63,26.11,27.63,31.47,33.31,0.93,0.61,0.78,1.16,1.81
2/12/2022 13:00,12.466,-99,53.67,1801,46.4,43.29,37.01,399.980703,74.25,82.9,79.6,75.66,67.04,26.49,25.99,27.59,31.64,32.89,0.89,0.57,0.75,1.13,1.65
2/12/2022 13:15,12.147,-99,52.3,1803,46.3,43.92,36.19,381.899731,75.26,83.5,79.98,75.95,68.31,26.33,25.9,27.57,31.79,32.71,0.85,0.55,0.74,1.13,1.57
2/12/2022 13:30,12.027,-99,51.78,1804,46.2,44.94,35.36,342.943454,76.01,84.2,80.4,76.12,69.16,26.26,25.82,27.55,31.93,32.66,0.82,0.53,0.72,1.13,1.52
2/12/2022 13:45,11.334,-99,48.8,1805,46.2,45.97,34.54,861.867358,76.66,84.5,80.8,76.35,70.32,26.16,25.79,27.52,32.02,32.49,0.79,0.51,0.71,1.13,1.45
2/12/2022 14:00,10.498,-99,45.2,1807,46.2,47.72,34.14,997.639022,77.34,84.8,81,76.65,72.05,26.03,25.74,27.53,32.07,32.17,0.76,0.5,0.7,1.11,1.34
2/12/2022 14:15,9.709,-99,41.8,1809,46.2,48.82,33.66,964.9289,77.74,85,81.2,76.97,73.06,25.93,25.73,27.52,32.07,31.92,0.75,0.5,0.69,1.1,1.28
2/12/2022 14:30,3.14,-99,13.52,1812,46.2,50.59,33.73,905.261691,77.85,85.1,81.2,76.97,73.73,25.97,25.74,27.53,32.13,31.84,0.74,0.49,0.69,1.1,1.24
2/12/2022 14:45,2.994,-99,12.89,1813,46.1,51.4,34.09,770.311889,77.75,85.1,81.2,76.89,74.21,25.98,25.74,27.51,32.11,31.72,0.75,0.49,0.69,1.11,1.21
2/12/2022 15:00,2.629,-99,11.32,1816,46.4,47.26,33.83,262.565314,78.76,85.4,81.5,76.53,74.89,25.92,25.74,27.47,32.13,31.5,0.71,0.48,0.68,1.12,1.16
2/12/2022 15:15,2.218,-99,9.55,1818,46.5,-99,32.87,227.718349,84.4,90.1,85.9,78.07,77.1,26.64,26.38,27.85,32.2,31.57,0.54,0.34,0.53,1.05,1.06
2/12/2022 15:30,2.348,-99,10.11,1819,46.9,50.3,34.43,225.417135,84.5,90.8,87,78.19,77.59,27.32,26.87,28.33,32.12,31.6,0.56,0.33,0.5,1.04,1.04
2/12/2022 15:45,3.342,-99,14.39,1822,46.7,67.01,39.3,230.841426,78.91,88,84.3,78.45,76.82,27.28,26.77,28.35,31.65,31.24,0.76,0.42,0.61,1,1.06
2/12/2022 16:00,2.822,-99,12.15,1822,46.9,61.77,38.68,239.06005,77.95,84.8,81.7,78.23,76.36,25.98,25.85,27.65,31.27,30.88,0.74,0.51,0.68,0.99,1.05
2/12/2022 16:15,2.569,-99,11.06,1823,47.2,59.43,38.61,198.295676,81,86.8,83.5,78.6,76.44,25.5,25.47,27.09,31.07,30.74,0.62,0.43,0.59,0.97,1.04
2/12/2022 16:30,2.425,-99,10.44,1824,47.5,58.74,39.06,290.015517,81.6,88.1,84.3,78.82,76.01,25.38,25.13,26.78,30.72,30.54,0.6,0.38,0.55,0.94,1.05
2/12/2022 16:45,2.292,-99,9.87,1825,47.3,59.05,39.92,156.05195,81.1,88,84.1,78.73,75.42,25.34,24.94,26.68,30.28,30.26,0.61,0.38,0.56,0.92,1.06
2/12/2022 17:00,2.111,-99,9.09,1825,47.4,58.67,41.41,197.638186,79.84,87.3,83.4,78.7,75.26,25.38,24.91,26.61,29.64,29.71,0.65,0.4,0.58,0.89,1.03
2/12/2022 17:15,2.014,-99,8.67,1827,47.4,60.98,42.91,137.477861,76.38,86,82.8,78.61,74.99,25.3,24.89,26.56,28.89,29.03,0.76,0.44,0.6,0.85,1
2/12/2022 17:30,1.684,-99,7.25,1827,47.8,58.67,44.44,111.342637,80.4,87.4,83.2,79.58,77.38,25.37,25.01,26.57,28.16,28.2,0.63,0.4,0.58,0.78,0.87
2/12/2022 17:45,1.433,-99,6.17,1828,47.9,60.17,47.14,53.647898,83.8,89.7,86,82.4,80,25.67,25.27,26.53,27.64,27.8,0.53,0.33,0.49,0.65,0.75
2/12/2022 18:00,1.268,-99,5.46,1829,47.9,61.99,49.89,7.95235,82.7,89.7,86.5,83.3,80.5,25.85,25.25,26.4,27.16,27.39,0.58,0.33,0.46,0.6,0.71
2/12/2022 18:15,1.126,-99,4.85,1830,48.1,63.93,52.59,-3.060606,80.5,88.7,85.5,83.2,80.4,26,25.15,26.27,26.71,26.92,0.66,0.36,0.5,0.59,0.7
2/12/2022 18:30,1.003,-99,4.32,1830,48.2,68.13,55.58,-5.033075,78.6,87.7,84.6,83.1,80.4,25.96,24.93,25.97,26.28,26.4,0.72,0.39,0.52,0.58,0.67
2/12/2022 18:45,0.927,-99,3.99,1830,48.2,69.3,57.97,-4.211213,77.69,86.8,84.2,82.9,80.3,25.7,24.74,25.64,25.91,26.01,0.74,0.41,0.52,0.57,0.66
2/12/2022 19:00,0.859,-99,3.7,1830,48.2,70.93,60.05,-5.033075,77.24,85.9,83.7,82.6,79.86,25.39,24.56,25.31,25.54,25.67,0.74,0.44,0.53,0.57,0.66
2/12/2022 19:15,0.804,-99,3.46, ,48.2,69.97,60.7,-4.375585,77.21,84.9,83.3,82.2,79.38,24.97,24.37,25.01,25.21,25.39,0.72,0.46,0.53,0.57,0.67
2/12/2022 19:30,0.757,-99,3.26,1831,48,70.28,61.89,-5.033075,77.74,84.2,83.2,82,78.88,24.53,24.21,24.69,24.9,25.15,0.69,0.48,0.52,0.57,0.68
2/12/2022 19:45,0.706,-99,3.04,1831,48.2,70.05,62.37,-5.197448,78.05,83.8,83.2,81.9,78.79,24.17,24.05,24.39,24.6,24.88,0.66,0.48,0.51,0.56,0.67
2/12/2022 20:00,0.681,-99,2.93,1832,48.2,69.5,62.9,-4.868703,78.61,83.1,83,81.8,78.56,23.75,23.91,24.16,24.34,24.64,0.63,0.5,0.51,0.55,0.66
2/12/2022 20:15,0.669,-99,2.88,1832,48.2,68.85,62.78,-4.539958,79.04,82.5,82.8,81.7,78.21,23.44,23.79,23.93,24.08,24.46,0.6,0.52,0.51,0.55,0.67
2/12/2022 20:30,0.611,-99,2.63,1831,48.2,68.92,62.9,-4.375585,79.27,81.9,82.6,81.6,78.16,23.14,23.71,23.72,23.86,24.25,0.59,0.53,0.51,0.54,0.66
2/12/2022 20:45,0.581,-99,2.5,1831,48.3,69.33,63.21,-4.70433,79.88,81.6,82.6,81.6,77.99,22.8,23.62,23.55,23.67,24.08,0.56,0.54,0.51,0.54,0.66
2/12/2022 21:00,0.504,-99,2.17,1831,48.1,67.51,63.71,-4.70433,80.3,81.3,81.6,81.4,77.59,22.52,23.51,23.66,23.58,24.03,0.54,0.54,0.54,0.54,0.67
2/12/2022 21:15,0.504,-99,2.17,1831,48.5,65.98,62.35,-4.868703,80.7,82.5,75.68,78.5,74.37,22.36,23.27,25.06,24.28,24.77,0.52,0.5,0.77,0.65,0.8
2/12/2022 21:30,0.518,-99,2.23,1832,48.5,65.05,61.08,-4.70433,80.5,82.4,73.94,76.16,72.4,22.49,23.33,25.45,24.76,25.23,0.53,0.5,0.85,0.74,0.89
2/12/2022 21:45,0.553,-99,2.38,1832,48.5,65.26,60.94,-4.539958,79.76,81.9,73.24,75.25,71.66,22.62,23.45,25.61,24.98,25.42,0.56,0.52,0.88,0.78,0.92
2/12/2022 22:00,0.592,-99,2.55,1832,48.3,64.62,59.79,-5.033075,79.19,81.2,72.65,74.8,71.15,22.72,23.63,25.75,25.04,25.53,0.57,0.55,0.91,0.8,0.94
2/12/2022 22:15,0.615,-99,2.65,1832,48.5,64.95,59.72,-4.868703,78.78,80.8,72.19,74.41,70.84,22.84,23.68,25.85,25.13,25.59,0.59,0.56,0.93,0.82,0.96
2/12/2022 22:30,0.643,-99,2.77,1831,48.3,64.62,59.1,-4.70433,78.52,80.6,71.95,74.03,70.5,22.85,23.73,25.87,25.17,25.64,0.6,0.57,0.94,0.83,0.97
2/12/2022 22:45,0.655,-99,2.82,1832,48.5,65.5,58.95,-4.211213,78.41,80.3,72.01,73.86,70.37,22.85,23.76,25.84,25.2,25.68,0.6,0.58,0.93,0.84,0.98
2/12/2022 23:00,0.685,-99,2.95,1833,48.5,64.55,58.38,-5.033075,78.29,80.3,71.75,73.61,70.25,22.86,23.74,25.88,25.23,25.66,0.6,0.58,0.94,0.85,0.98
2/12/2022 23:15,0.701,-99,3.02,1832,48.3,65.26,58.4,-4.868703,77.8,80.2,71.59,73.42,70.07,22.92,23.74,25.89,25.25,25.66,0.62,0.58,0.95,0.85,0.99
2/12/2022 23:30,0.734,-99,3.16,1833,48.3,64.74,57.95,-4.375585,77.64,80.1,71.18,73.12,69.93,22.9,23.72,25.95,25.27,25.67,0.62,0.58,0.97,0.87,0.99
2/12/2022 23:45,0.734,-99,3.16,1832,48.6,65.22,58.04,-4.375585,77.51,79.97,71.25,73.01,69.82,22.91,23.73,25.91,25.25,25.67,0.63,0.59,0.96,0.87,0.99
2/13/2022 0:00,0.729,-99,3.14,1832,48.5,65.6,57.73,-5.033075,77.46,79.94,71.14,72.9,69.64,22.93,23.73,25.92,25.26,25.68,0.63,0.59,0.97,0.87,1
2/13/2022 0:15,0.713,-99,3.07,1831,48.5,70.14,57.83,-4.375585,81.8,83.2,77.11,80,72.4,22.5,23.56,25.1,24.46,25.4,0.5,0.49,0.73,0.61,0.9
2/13/2022 0:30,0.599,-99,2.58,1833,48.3,67.37,60.55,-4.539958,84.9,87.5,78.03,82.6,75.28,21.97,22.72,25.11,24.07,25.07,0.4,0.35,0.7,0.52,0.79
2/13/2022 0:45,0.555,-99,2.39,1835,48.5,64.91,60.7,-4.70433,85.9,87.8,75.14,79.73,73.4,22.04,22.86,26.03,24.91,25.78,0.37,0.34,0.84,0.64,0.88
2/13/2022 1:00,0.52,-99,2.24,1835,48.3,66.94,60.46,-4.375585,86,86.4,73.03,77.59,71.62,22.23,23.28,26.62,25.45,26.32,0.38,0.39,0.94,0.73,0.97
2/13/2022 1:15,0.495,-99,2.13, ,48.5,67.8,60.22,-4.70433,86,86.8,77.16,81.2,72.42,22.19,23.34,25.92,24.99,26.29,0.37,0.38,0.76,0.6,0.94
2/13/2022 1:30,0.474,-99,2.04,1837,48.5,67.65,61.49,-4.70433,86.8,89.1,75.82,81.7,73.57,22.13,22.97,26.24,24.86,26.08,0.35,0.31,0.82,0.57,0.89
2/13/2022 1:45,0.448,-99,1.93,1838,48.6,66.29,61.94,-4.539958,87,88.7,74.78,79.79,72.93,22.2,23.07,26.49,25.29,26.3,0.35,0.32,0.87,0.65,0.93
2/13/2022 2:00,0.441,-99,1.9,1838,48.3,67.2,61.77,-4.539958,86.8,87.8,74.11,78.14,71.96,22.27,23.28,26.63,25.61,26.54,0.35,0.35,0.9,0.72,0.97
2/13/2022 2:15,0.439,-99,1.89,1839,48.3,68.4,61.37,-4.70433,86.6,88.2,77.74,81.5,72.69,22.2,23.2,25.92,25.09,26.39,0.36,0.34,0.74,0.59,0.94
2/13/2022 2:30,0.402,-99,1.73,1839,48.6,68.59,62.23,-4.539958,87,89.6,75.96,81.7,73.76,22.1,22.88,26.24,24.95,26.1,0.35,0.29,0.82,0.58,0.89
2/13/2022 2:45,0.409,-99,1.76,1840,48.7,66.15,62.83,-4.868703,87.2,89.2,74.87,79.8,72.97,22.12,22.98,26.49,25.35,26.33,0.34,0.3,0.87,0.65,0.93
2/13/2022 3:00,0.439,-99,1.89,1840,48.9,65.6,62.3,-4.868703,87.1,88.4,74.02,78.16,71.89,22.15,23.14,26.68,25.64,26.55,0.34,0.33,0.91,0.72,0.98
2/13/2022 3:15,0.434,-99,1.87,1840,48.8,65.36,61.73,-4.70433,86.8,87.6,73.35,76.98,71.37,22.22,23.33,26.79,25.84,26.65,0.35,0.36,0.94,0.77,1
2/13/2022 3:30,0.499,-99,2.15,1839,48.8,65.24,60.89,-4.70433,86.4,86.7,72.56,75.93,70.89,22.28,23.47,26.91,25.98,26.73,0.37,0.38,0.97,0.81,1.02
2/13/2022 3:45,0.499,-99,2.15,1841,48.7,65.03,60.7,-4.539958,85.9,85.7,71.6,75.22,70.37,22.33,23.58,27.09,26.03,26.8,0.38,0.42,1.02,0.83,1.04
2/13/2022 4:00,0.564,-99,2.43,1841,48.7,65.12,60.08,-4.70433,85.4,85.1,71.45,74.6,70.01,22.39,23.66,27.03,26.11,26.81,0.4,0.44,1.02,0.86,1.06
2/13/2022 4:15,0.574,-99,2.47,1840,48.7,65.34,60,-4.539958,85,84.3,70.77,73.89,69.66,22.43,23.74,27.13,26.18,26.82,0.41,0.46,1.05,0.89,1.07
2/13/2022 4:30,0.588,-99,2.53,1841,49,64.81,59.67,-4.868703,84.6,84,70.41,73.39,69.35,22.49,23.8,27.13,26.22,26.84,0.42,0.47,1.06,0.91,1.08
2/13/2022 4:45,0.639,-99,2.75,1841,48.7,64.86,59.12,-4.868703,84.3,83.6,70.19,73.13,69,22.54,23.82,27.17,26.24,26.89,0.43,0.48,1.07,0.92,1.1
2/13/2022 5:00,0.648,-99,2.79,1841,48.7,64.93,58.81,-4.868703,83.9,83.2,70.08,72.7,68.66,22.59,23.86,27.15,26.28,26.9,0.44,0.5,1.08,0.93,1.11
2/13/2022 5:15,0.676,-99,2.91,1841,48.9,64.69,58.59,-4.539958,83.6,82.8,69.5,72.23,68.4,22.6,23.89,27.2,26.32,26.88,0.45,0.51,1.1,0.95,1.12
2/13/2022 5:30,0.699,-99,3.01,1841,48.9,65.62,58.76,-4.539958,83.3,82.3,69.11,71.77,68.15,22.6,23.92,27.22,26.34,26.88,0.46,0.53,1.12,0.97,1.13
2/13/2022 5:45,0.743,-99,3.2,1841,48.9,64.71,58.28,-4.375585,83,81.8,68.93,71.31,67.9,22.6,23.97,27.22,26.37,26.9,0.47,0.54,1.12,0.99,1.14
2/13/2022 6:00,0.748,-99,3.22,1841,49.1,65.14,57.81,-4.70433,82.6,81.1,68.92,71.33,67.72,22.62,24.06,27.17,26.34,26.89,0.48,0.57,1.12,0.98,1.14
2/13/2022 6:15,0.771,-99,3.32,1841,49,65.05,57.33,-4.211213,82.3,80.8,68.29,70.95,67.48,22.6,24.08,27.29,26.36,26.86,0.49,0.58,1.15,1,1.15
2/13/2022 6:30,0.897,-99,3.86,1840,49.1,66.24,56.49,-4.539958,81.8,80,67.14,69.97,66.29,22.58,24.07,27.17,26.3,26.9,0.5,0.6,1.18,1.03,1.19
2/13/2022 6:45,1.017,-99,4.38,1840,49,66.39,55.75,-4.70433,79.85,77.68,64.07,67.7,64.3,22.53,24.11,27.25,26.18,26.76,0.55,0.67,1.3,1.1,1.26
2/13/2022 7:00,1.133,-99,4.88, ,48.8,66.03,54.58,-3.224978,78.8,76.76,63.22,66.53,63.28,22.39,23.99,27.18,26.12,26.69,0.57,0.69,1.33,1.13,1.29
2/13/2022 7:15,1.229,-99,5.29,1839,48.8,64.19,52.64,3.843038,72.88,71.2,66.84,66.58,62.76,23.77,25.18,26.31,26.06,26.76,0.8,0.92,1.14,1.13,1.31
2/13/2022 7:30,1.368,-99,5.89,1839,49.1,63.5,50.39,14.527249,64.99,70.73,68.85,66.29,62.5,25.4,25.26,25.76,26.06,26.74,1.14,0.94,1.03,1.14,1.32
2/13/2022 7:45,2.028,-99,8.73,1837,49.1,-99,38.85,46.251137,60.96,71.53,68.97,65.89,61.83,26.09,25.13,25.77,26.18,26.96,1.32,0.91,1.03,1.16,1.36
2/13/2022 8:00,2.462,-99,10.6,1835,48.9,-99,33.59,72.221988,57.61,72.6,68.56,65.44,60.84,26.97,25.36,26.28,26.72,27.58,1.51,0.89,1.07,1.21,1.44
2/13/2022 8:15,2.806,-99,12.08,1834,48.7,45.64,32.37,85.043041,57.35,72.2,67.91,64.76,60.52,27.21,25.73,26.73,27.2,28.13,1.54,0.92,1.13,1.27,1.5
2/13/2022 8:30,10.491,-99,45.17,1831,48.7,-99,32.9,136.491626,58.56,71.55,67.24,65.63,66.93,27.1,26.02,26.99,27.29,29.1,1.49,0.96,1.17,1.25,1.33
2/13/2022 8:45,12.229,-99,52.65,1827,48.7,53.93,36.12,159.3394,59.95,71.22,67.22,67.5,68.47,26.96,26.17,27.13,27.27,30.55,1.42,0.98,1.18,1.18,1.38
2/13/2022 9:00,2.121,-99,9.13,1822,48.8,43.22,32.61,185.638996,61.66,71.97,68.26,68.01,65.52,26.73,26.18,27.19,27.41,31.62,1.35,0.95,1.14,1.17,1.6
2/13/2022 9:15,12.728,-99,54.8,1817,48.5,36.29,35.98,200.103774,63.02,72.69,68.86,68.05,63.32,26.58,26.18,27.25,27.66,32.46,1.29,0.93,1.13,1.18,1.79
2/13/2022 9:30,13.309,-99,57.3,1812,48.6,46.78,39.21,481.509451,64.38,73.37,69.42,67.99,62.3,26.52,26.25,27.4,28.01,33.05,1.23,0.91,1.12,1.21,1.9
2/13/2022 9:45,13.578,-99,58.46,1808,48.5,41.17,38.82,224.595272,65.67,73.71,69.66,68.83,58.88,26.56,26.38,27.62,28.39,33.73,1.19,0.9,1.12,1.21,2.15
2/13/2022 10:00,14.036,-99,60.43,1805,48.3,40.23,39.88,239.881913,66.6,74.27,70.35,69.48,60.34,26.58,26.5,27.75,28.85,33.99,1.16,0.89,1.1,1.21,2.11
2/13/2022 10:15,14.363,-99,61.84,1800,48.1,40.86,40.66,296.754789,67.87,75.21,72.19,69.16,59.32,26.58,26.54,27.7,29.42,34.75,1.12,0.86,1.03,1.27,2.26
2/13/2022 10:30,14.651,-99,63.08,1798,47.8,40.83,41.19,268.318351,68.93,76.19,73.4,69.66,58.8,26.61,26.57,27.79,29.98,35.21,1.08,0.83,0.99,1.29,2.34
2/13/2022 10:45,14.221,-99,61.23,1797,47.4,40.98,41.14,364.969366,69.8,76.96,74.27,70.02,58.1,26.66,26.59,27.95,30.4,35.67,1.06,0.8,0.97,1.3,2.44
2/13/2022 11:00,14.084,-99,60.64,1794,47.3,41.12,40.93,368.256816,70.79,77.84,75.3,71.79,58.73,26.64,26.57,27.96,30.74,35.37,1.02,0.77,0.93,1.25,2.37
2/13/2022 11:15,14.461,-99,62.26,1795,46.9,41.05,40.86,328.807422,71.7,78.79,76.06,72.83,60.23,26.64,26.52,27.97,31.04,35.5,0.99,0.74,0.9,1.22,2.3
2/13/2022 11:30,14.242,-99,61.32,1794,46.9,41.17,40.45,481.838196,72.49,79.78,76.84,73.1,59.36,26.64,26.48,27.99,31.33,35.53,0.96,0.7,0.87,1.23,2.35
2/13/2022 11:45,13.864,-99,59.69,1795,46.6,41.38,40.14,364.969366,73.36,80.7,77.5,73.47,60.3,26.58,26.39,27.99,31.57,35.42,0.93,0.66,0.85,1.23,2.28
2/13/2022 12:00,13.94,-99,60.02,1794,46.5,41.69,39.9,440.909449,74.39,81.7,78.3,73.73,61.63,26.44,26.29,28,31.81,35.02,0.88,0.63,0.82,1.24,2.16
2/13/2022 12:15,13.497,-99,58.11,1795,46.2,41.76,39.23,399.816331,75.32,82.5,78.89,74,61.82,26.34,26.15,27.91,31.99,34.71,0.85,0.59,0.79,1.24,2.11
2/13/2022 12:30,13.316,-99,57.33,1796,46.2,42.24,38.49,424.965319,76.24,83.4,79.75,74.47,63.21,26.24,26.09,27.87,32.13,34.34,0.81,0.56,0.76,1.22,1.99
2/13/2022 12:45,13.237,-99,56.99,1796,45.8,42.77,37.77,405.898112,77.05,84.1,80.3,74.85,65.38,26.16,26.03,27.81,32.2,33.81,0.78,0.54,0.74,1.21,1.82
2/13/2022 13:00,12.939,-99,55.71, ,46.1,42.98,36.91,394.556411,77.66,84.6,80.8,75.44,67.4,26.08,25.99,27.78,32.3,33.38,0.75,0.52,0.72,1.19,1.68
2/13/2022 13:15,12.231,-99,52.66,1797,46,44.08,36.24,374.667342,78.07,84.9,81.1,75.74,68.47,26.08,25.95,27.8,32.45,33.3,0.74,0.51,0.71,1.18,1.61
2/13/2022 13:30,11.836,-99,50.96,1799,46,44.87,35.24,344.258434,78.49,85.3,81.4,76.24,69.34,26.05,25.91,27.81,32.56,33.31,0.73,0.49,0.7,1.17,1.57
2/13/2022 13:45,11.367,-99,48.94,1800,46,46.31,34.59,893.098128,78.96,85.5,81.6,76.53,70.47,26.01,25.94,27.88,32.72,33.13,0.71,0.49,0.69,1.16,1.5
2/13/2022 14:00,10.494,-99,45.18,1802,45.8,48.08,34.26,999.775864,79.44,85.8,82,76.65,72.11,25.92,25.89,27.84,32.82,32.91,0.69,0.47,0.67,1.16,1.4
2/13/2022 14:15,9.904,-99,42.64,1804,46,49.2,33.76,956.710276,80.2,86.7,82.9,77.05,73.27,25.78,25.7,27.71,32.8,32.7,0.66,0.44,0.64,1.14,1.32
2/13/2022 14:30,3.268,-99,14.07,1807,45.8,50.63,33.68,927.123231,80.4,87.2,83,77.25,74.05,25.81,25.59,27.64,32.84,32.56,0.65,0.42,0.63,1.13,1.27
2/13/2022 14:45,3.08,-99,13.26,1809,46.1,51.85,33.88,809.268166,80.1,87.3,83.3,76.95,74.26,25.86,25.59,27.57,32.83,32.38,0.66,0.42,0.62,1.15,1.25
2/13/2022 15:00,2.922,-99,12.58,1811,46.1,53.38,34.35,266.181509,80.4,87.4,83.3,76.45,74.7,25.82,25.56,27.58,32.8,32.19,0.65,0.41,0.62,1.17,1.22
2/13/2022 15:15,2.806,-99,12.08,1814,46.2,53.96,34.95,228.375839,80.5,87.6,83.1,75.99,75.12,25.78,25.5,27.52,32.74,31.97,0.65,0.4,0.62,1.19,1.18
2/13/2022 15:30,2.701,-99,11.63,1815,46.3,54.75,35.31,228.047094,80.7,87.7,83.3,75.72,75.28,25.83,25.49,27.43,32.64,31.81,0.64,0.4,0.61,1.2,1.16
2/13/2022 15:45,2.601,-99,11.2,1818,46.6,55.8,36.03,236.265718,80.5,87.8,83.8,76.51,75.47,25.9,25.48,27.32,32.26,31.59,0.65,0.4,0.59,1.13,1.14
2/13/2022 16:00,2.492,-99,10.73,1817,47,55.89,36.79,230.841426,80.6,87.9,83.9,77.45,75.62,25.87,25.46,27.24,31.88,31.38,0.65,0.39,0.58,1.06,1.12
2/13/2022 16:15,2.46,-99,10.59,1819,47.3,56.94,37.65,202.898106,80.8,88.1,84.1,77.84,75.97,25.83,25.43,27.19,31.53,31.1,0.64,0.39,0.57,1.03,1.09
2/13/2022 16:30,2.383,-99,10.26,1821,47.4,57.97,38.44,271.6058,81,88.1,84.3,78.27,75.55,25.78,25.35,27.08,31.15,30.97,0.63,0.38,0.56,0.98,1.1
2/13/2022 16:45,2.283,-99,9.83,1821,47.5,58.95,39.37,154.243853,81.1,88.1,84.3,78.54,75.22,25.66,25.28,26.95,30.74,30.74,0.62,0.38,0.56,0.95,1.1
2/13/2022 17:00,2.146,-99,9.24,1822,47.9,58.79,40.62,288.043048,80.9,88,84.3,78.97,75.78,25.59,25.18,26.87,30.22,30.22,0.63,0.38,0.56,0.9,1.04
2/13/2022 17:15,2.058,-99,8.86,1822,48,60.7,41.96,160.983125,78.66,87.3,84.3,78.94,75.3,25.51,25.14,26.9,29.62,29.7,0.7,0.41,0.56,0.87,1.03
2/13/2022 17:30,1.914,-99,8.24,1823,48.3,61.03,43.46,126.13616,77.81,86.5,82.8,79.07,76.21,25.49,25.1,26.95,28.82,28.82,0.72,0.43,0.61,0.83,0.94
2/13/2022 17:45,1.765,-99,7.6,1824,48.2,62.71,44.7,60.058425,78.33,86.7,83.1,79.28,77.11,25.44,24.99,26.78,28.04,27.98,0.7,0.42,0.59,0.79,0.86
2/13/2022 18:00,1.572,-99,6.77,1824,48.2,63.35,47.57,9.92482,79.48,87.5,83.6,80,78.17,25.36,24.85,26.42,27.22,27.23,0.66,0.39,0.57,0.72,0.79
2/13/2022 18:15,1.31,-99,5.64,1826,48.2,64,50.59,-2.238743,82.3,89.1,84.6,82.6,80.6,25.39,24.82,26.08,26.56,26.68,0.57,0.34,0.52,0.6,0.68
2/13/2022 18:30,1.133,-99,4.88,1825,48.5,66.67,53.55,-3.882468,81.2,88.9,85,83.8,81.2,25.41,24.63,25.83,26.09,26.24,0.61,0.34,0.5,0.55,0.64
2/13/2022 18:45,1.02,-99,4.39, ,48.5,68.06,56.39,-5.197448,78.96,87.8,84.8,83.5,80.8,25.43,24.5,25.48,25.77,25.91,0.68,0.38,0.5,0.55,0.64
2/13/2022 19:00,0.927,-99,3.99,1826,48.2,69.07,58.64,-4.70433,77.63,86.6,84.2,83,80,25.29,24.36,25.24,25.45,25.71,0.72,0.41,0.51,0.55,0.66
2/13/2022 19:15,0.85,-99,3.66,1827,48.5,69.64,60.08,-4.70433,77.25,85.8,83.7,82.6,79.49,25,24.19,24.96,25.18,25.43,0.72,0.43,0.52,0.56,0.67
2/13/2022 19:30,0.776,-99,3.34,1826,48.5,69.26,60.7,-5.033075,77.36,85.1,83.6,82.3,79.18,24.65,24.06,24.7,24.91,25.2,0.7,0.45,0.51,0.56,0.67
2/13/2022 19:45,0.734,-99,3.16,1827,48.3,69.5,61.53,-4.375585,77.76,84.4,83.5,82.2,78.99,24.3,23.95,24.43,24.64,24.96,0.68,0.46,0.51,0.55,0.66
2/13/2022 20:00,0.701,-99,3.02,1826,48.3,69.95,61.92,-4.539958,77.97,83.9,83.3,82.1,78.85,23.98,23.79,24.21,24.38,24.73,0.66,0.47,0.5,0.55,0.66
2/13/2022 20:15,0.674,-99,2.9,1827,48.7,69.3,62.42,-4.539958,78.46,83.5,83.2,82.1,78.63,23.62,23.66,23.96,24.16,24.51,0.63,0.48,0.5,0.54,0.66
2/13/2022 20:30,0.622,-99,2.68,1827,48.7,68.99,62.83,-5.197448,79.29,82.9,83.2,82,78.46,23.23,23.61,23.74,23.93,24.31,0.59,0.5,0.49,0.53,0.65
2/13/2022 20:45,0.597,-99,2.57,1827,48.7,67.75,62.51,-4.539958,79.99,82.4,83.2,82.1,78.41,22.92,23.56,23.57,23.72,24.17,0.56,0.51,0.49,0.53,0.65
2/13/2022 21:00,0.55,-99,2.37,1827,48.7,67.82,62.9,-5.033075,80.3,82.2,83,82,78.31,22.67,23.43,23.41,23.56,23.97,0.54,0.51,0.49,0.52,0.65
2/13/2022 21:15,0.478,-99,2.06,1827,48.6,67.58,63.83,-4.70433,80.9,81.9,82.1,81.9,77.94,22.4,23.36,23.56,23.49,23.96,0.52,0.52,0.52,0.52,0.66
2/13/2022 21:30,0.488,-99,2.1,1828,48.7,65.6,62.71,-4.868703,81.2,82.5,75.84,78.72,74.38,22.21,23.21,24.98,24.23,24.8,0.5,0.5,0.76,0.64,0.8
2/13/2022 21:45,0.53,-99,2.28,1828,48.6,64.83,61.37,-4.375585,81.1,82.8,73.94,76.44,72.55,22.32,23.18,25.44,24.71,25.22,0.51,0.49,0.85,0.73,0.88
2/13/2022 22:00,0.557,-99,2.4,1828,48.7,65.07,60.6,-4.375585,80.6,82.4,73.29,75.43,71.76,22.43,23.27,25.57,24.9,25.4,0.53,0.5,0.88,0.77,0.92
2/13/2022 22:15,0.576,-99,2.48,1828,48.7,65,60.17,-4.868703,80.1,82,72.77,74.88,71.29,22.52,23.38,25.7,25,25.48,0.54,0.52,0.9,0.8,0.94
2/13/2022 22:30,0.606,-99,2.61,1829,48.7,64.48,60.03,-5.033075,79.53,81.3,72.24,74.49,70.98,22.64,23.52,25.8,25.04,25.54,0.56,0.54,0.92,0.81,0.95
2/13/2022 22:45,0.632,-99,2.72,1828,48.6,64.67,59.45,-4.539958,79.26,81,72.2,74.28,70.64,22.68,23.56,25.77,25.1,25.58,0.57,0.55,0.92,0.82,0.96
2/13/2022 23:00,0.66,-99,2.84,1828,48.6,64.31,58.93,-5.033075,78.89,80.7,71.76,73.91,70.46,22.69,23.59,25.85,25.14,25.59,0.58,0.56,0.94,0.83,0.97
2/13/2022 23:15,0.681,-99,2.93,1828,48.7,65.19,58.91,-4.539958,78.5,80.4,71.73,73.69,70.29,22.73,23.63,25.83,25.15,25.6,0.59,0.57,0.94,0.84,0.98
2/13/2022 23:30,0.692,-99,2.98,1827,48.7,64.86,58.62,-4.70433,78.26,80,71.47,73.29,70,22.76,23.69,25.84,25.21,25.62,0.6,0.59,0.95,0.86,0.99
2/13/2022 23:45,0.708,-99,3.05,1828,48.7,63.97,58.28,-4.375585,78.07,80.1,71.09,73.05,69.89,22.74,23.62,25.93,25.22,25.62,0.61,0.58,0.97,0.86,0.99
2/14/2022 0:00,0.718,-99,3.09,1828,48.7,65.43,58.16,-4.375585,78.2,80.2,70.83,72.92,69.73,22.7,23.6,25.95,25.19,25.63,0.6,0.58,0.98,0.87,1
2/14/2022 0:15,0.718,-99,3.09,1828,48.8,64.5,58.16,-4.868703,78.18,80.1,70.84,72.82,69.63,22.67,23.59,25.93,25.22,25.65,0.6,0.58,0.98,0.87,1
2/14/2022 0:30,0.729,-99,3.14,1828,48.6,64.04,57.69,-4.375585,78.17,80.1,70.57,72.69,69.46,22.65,23.59,25.97,25.2,25.65,0.6,0.58,0.99,0.88,1.01
2/14/2022 0:45,0.732,-99,3.15, ,48.7,65.05,57.73,-4.70433,77.98,80,70.58,72.64,69.49,22.65,23.58,25.94,25.21,25.64,0.61,0.58,0.99,0.88,1
2/14/2022 1:00,0.762,-99,3.28,1828,48.7,63.97,57.42,-4.70433,77.97,80,70.3,72.43,69.31,22.63,23.55,25.98,25.21,25.65,0.61,0.58,1,0.88,1.01
2/14/2022 1:15,0.755,-99,3.25,1828,48.5,64.43,57.4,-4.70433,77.75,79.8,70.33,72.31,69.19,22.67,23.57,25.97,25.22,25.65,0.61,0.59,1,0.89,1.01
2/14/2022 1:30,0.764,-99,3.29,1828,48.8,64.38,57.3,-4.539958,77.65,79.71,70,72.1,69.16,22.65,23.58,25.99,25.22,25.61,0.61,0.59,1.01,0.9,1.01
2/14/2022 1:45,0.764,-99,3.29,1828,48.7,63.57,57.33,-4.70433,77.76,79.8,69.85,71.88,68.98,22.61,23.54,26.08,25.33,25.68,0.61,0.59,1.02,0.91,1.02
2/14/2022 2:00,0.794,-99,3.42,1829,48.8,62.61,56.25,-4.868703,77.6,79.23,67.09,69.75,67.09,22.74,23.76,26.85,25.89,26.24,0.62,0.61,1.16,1.01,1.12
2/14/2022 2:15,0.855,-99,3.68,1828,48.7,62.61,55.46,-4.70433,77.06,78.35,66.41,68.98,66.01,22.93,24.05,27.11,26.17,26.56,0.64,0.65,1.21,1.05,1.18
2/14/2022 2:30,0.878,-99,3.78,1829,48.8,62.8,54.79,-4.375585,76.67,77.94,66.43,68.72,65.56,23.09,24.21,27.16,26.29,26.74,0.66,0.67,1.21,1.07,1.21
2/14/2022 2:45,0.908,-99,3.91,1828,48.7,62.9,54.32,-4.375585,76.37,77.71,66.17,68.58,65.47,23.19,24.3,27.28,26.36,26.81,0.67,0.68,1.23,1.08,1.22
2/14/2022 3:00,0.936,-99,4.03,1828,48.7,63.28,54.1,-4.868703,76.15,77.57,66.1,68.56,65.38,23.23,24.35,27.3,26.36,26.83,0.68,0.68,1.23,1.08,1.22
2/14/2022 3:15,0.994,-99,4.28,1828,48.7,62.8,53.72,-4.70433,76.04,77.57,66.26,68.57,65.34,23.28,24.37,27.26,26.37,26.86,0.68,0.68,1.22,1.08,1.23
2/14/2022 3:30,0.999,-99,4.3,1828,48.7,64.14,54.27,-4.868703,75.95,77.47,67.65,69.36,66.23,23.24,24.36,26.8,26.09,26.58,0.69,0.69,1.14,1.04,1.17
2/14/2022 3:45,0.985,-99,4.24,1829,48.8,64.02,54.67,-4.70433,76.22,78.02,69.06,70.73,67.57,23.09,24.12,26.39,25.72,26.15,0.67,0.66,1.06,0.97,1.1
2/14/2022 4:00,0.959,-99,4.13,1829,48.7,64.69,55.15,-4.868703,76.44,78.45,69.26,70.96,67.88,22.95,23.93,26.23,25.53,25.96,0.66,0.64,1.05,0.95,1.08
2/14/2022 4:15,0.929,-99,4,1829,48.7,64.88,55.32,-4.868703,76.48,78.52,68.98,71.08,67.86,22.86,23.82,26.21,25.42,25.88,0.66,0.63,1.06,0.94,1.07
2/14/2022 4:30,0.929,-99,4,1828,48.7,64.38,55.51,-4.70433,76.64,78.68,69.15,71.11,67.93,22.75,23.74,26.11,25.36,25.81,0.65,0.63,1.04,0.93,1.07
2/14/2022 4:45,0.913,-99,3.93,1828,48.8,64.36,55.77,-4.539958,76.57,78.65,69.14,70.91,67.94,22.71,23.68,26.06,25.36,25.75,0.65,0.62,1.04,0.94,1.06
2/14/2022 5:00,0.915,-99,3.94,1828,48.8,64.86,55.68,-4.539958,76.71,78.66,68.81,70.79,67.84,22.65,23.64,26.1,25.32,25.75,0.64,0.62,1.05,0.94,1.07
2/14/2022 5:15,0.908,-99,3.91,1829,48.8,64.67,55.8,-4.539958,76.79,78.73,68.58,70.72,67.79,22.59,23.59,26.12,25.31,25.73,0.64,0.62,1.06,0.94,1.07
2/14/2022 5:30,0.908,-99,3.91,1829,48.8,63.71,55.25,-4.868703,76.76,78.7,68.56,70.64,67.67,22.57,23.56,26.08,25.28,25.7,0.64,0.62,1.06,0.95,1.07
2/14/2022 5:45,0.924,-99,3.98,1829,48.8,64.26,55.39,-5.033075,76.73,78.63,68.59,70.54,67.71,22.56,23.55,26.06,25.29,25.65,0.64,0.62,1.06,0.95,1.06
2/14/2022 6:00,0.938,-99,4.04,1829,48.8,63.69,55.25,-4.70433,76.76,78.72,68.55,70.52,67.62,22.51,23.52,26.03,25.26,25.66,0.63,0.62,1.06,0.95,1.07
2/14/2022 6:15,0.929,-99,4,1830,48.8,63.93,55.2,-4.70433,76.83,78.69,68.61,70.5,67.66,22.5,23.5,26.02,25.29,25.65,0.63,0.62,1.06,0.95,1.06
2/14/2022 6:30,0.966,-99,4.16,1829,48.8,64.76,54.96,-4.539958,76.72,78.58,68.46,70.42,67.59,22.54,23.52,26.03,25.28,25.64,0.64,0.62,1.06,0.95,1.07
2/14/2022 6:45,0.95,-99,4.09,1830,48.8,64.09,54.7,-4.70433,76.6,78.64,68.64,70.55,67.65,22.54,23.49,25.97,25.21,25.62,0.64,0.62,1.05,0.94,1.06
2/14/2022 7:00,0.948,-99,4.08,1830,49,63.06,54.63,-2.731861,76.54,78.62,68.56,70.45,67.5,22.53,23.48,25.96,25.23,25.62,0.64,0.62,1.05,0.95,1.07
2/14/2022 7:15,0.978,-99,4.21,1829,49,63.14,53.45,4.829273,74.19,73.81,71.08,70.86,67.55,23.67,24.8,25.4,25.2,25.72,0.76,0.82,0.94,0.93,1.07
2/14/2022 7:30,1.057,-99,4.55,1830,49,61.51,52.62,15.349112,68.64,72.96,73.07,71.36,67.78,24.99,25.1,25.02,25.18,25.76,0.99,0.86,0.85,0.92,1.07
2/14/2022 7:45,1.858,-99,8,1828,49.1,-99,39.45,48.881097,66.4,74.01,73.8,71.66,67.61,25.6,25.08,25.15,25.38,26.09,1.1,0.83,0.84,0.92,1.09
2/14/2022 8:00,2.381,-99,10.25,1826,49,-99,33.68,63.345874,64.68,76.05,74.41,71.71,67.12,26.34,25.19,25.58,25.94,26.78,1.21,0.77,0.84,0.95,1.16
2/14/2022 8:15,2.731,-99,11.76,1824,48.8,44.9,32.37,151.285148,65.42,76.97,74.68,71.56,68.62,26.68,25.49,26.05,26.55,27.53,1.21,0.75,0.85,0.99,1.15
2/14/2022 8:30,2.855,-99,12.29,1822,48.7,40.62,32.78,153.586363,67.19,77.91,75.17,72.71,72.39,26.77,25.74,26.42,26.89,28.92,1.15,0.73,0.86,0.97,1.1
2/14/2022 8:45,11.955,-99,51.47,1819,48.8,48,35.26,183.666526,69.48,79.2,75.78,75.59,72.24,26.79,25.91,26.82,26.94,30.54,1.07,0.7,0.85,0.87,1.21
2/14/2022 9:00,11.915,-99,51.3,1817,48.5,46.62,35.45,173.146688,71.84,80.7,76.89,77.51,70.58,26.72,26.09,27.11,27.23,31.79,0.99,0.65,0.83,0.81,1.38
2/14/2022 9:15,12.396,-99,53.37,1814,48.5,44.82,36.15,213.582317,70.46,79.48,75.82,75.85,66.51,26.6,26.1,27.28,27.72,32.59,1.03,0.69,0.88,0.9,1.65
2/14/2022 9:30,13.864,-99,59.69,1808,48.5,47.12,40.04,475.920787,70.41,78.76,74.86,73.89,64.23,26.48,26.11,27.41,28.26,33.13,1.02,0.72,0.92,1,1.81
2/14/2022 9:45,14.14,-99,60.88,1804,48.2,42.58,40.04,226.40337,71,78.79,75.88,72.64,64.09,26.5,26.24,27.41,28.94,33.76,1,0.72,0.88,1.09,1.88
2/14/2022 10:00,14.184,-99,61.07,1800,48.3,41.14,40.59,246.621184,71.75,79.27,77.08,71.88,62.18,26.55,26.27,27.47,29.53,34.7,0.98,0.71,0.84,1.16,2.09
2/14/2022 10:15,14.133,-99,60.85,1796,48,40.78,41.14,294.782319,72.74,80.2,77.79,72.24,61.2,26.57,26.28,27.59,30,35.75,0.95,0.68,0.82,1.18,2.27
2/14/2022 10:30,14.177,-99,61.04,1793,47.7,40.52,41.43,271.112683,73.44,81.1,78.64,73.09,58.52,26.69,26.29,27.67,30.53,36.22,0.93,0.65,0.79,1.18,2.49
2/14/2022 10:45,14.368,-99,61.86,1790,47.3,40.83,41.55,390.118355,74.47,82.1,79.26,73.22,59.39,26.62,26.29,27.78,30.98,36.3,0.89,0.61,0.77,1.2,2.45
2/14/2022 11:00,13.945,-99,60.04,1789,46.9,40.19,41.81,398.336978,76.44,83.4,80.1,74.73,59.67,26.36,26.18,27.79,31.31,36.61,0.81,0.56,0.74,1.16,2.48
2/14/2022 11:15,14.458,-99,62.25,1788,46.6,40.31,41.74,336.204183,77.84,84.5,81.2,74.97,59.27,26.21,26.09,27.8,31.61,36.54,0.75,0.52,0.7,1.16,2.49
2/14/2022 11:30,14.233,-99,61.28,1788,46.3,40.21,41.45,540.190424,79.05,85.3,81.6,75.45,61.22,26.13,26.12,27.94,31.91,36.8,0.71,0.5,0.69,1.16,2.41
2/14/2022 11:45,14.412,-99,62.05,1788,46.2,40.59,41.12,386.50216,79.99,85.8,81.9,75.5,62.31,26.11,26.15,28.03,32.23,36.55,0.68,0.48,0.69,1.18,2.31
2/14/2022 12:00,14.001,-99,60.28,1787,46,41.14,40.62,550.217145,80.7,86.4,82.7,75.5,62.36,26.06,26.15,28.09,32.48,35.93,0.65,0.46,0.66,1.2,2.23
2/14/2022 12:15,13.913,-99,59.9,1788,45.6,41.14,39.73,415.596088,81.3,87,82.9,75.74,63.22,26.06,26.13,28.09,32.67,35.43,0.63,0.44,0.65,1.2,2.12
2/14/2022 12:30,13.541,-99,58.3, ,45.4,41.5,38.87,412.144266,81.6,87.6,83.6,75.86,64.55,26.02,26.04,28.05,32.79,35.11,0.62,0.42,0.62,1.2,2.01
2/14/2022 12:45,13.278,-99,57.17,1789,45.3,42.36,37.87,428.088396,82,88,84.1,76.28,66.53,25.99,26.02,28.04,32.92,34.6,0.6,0.4,0.6,1.19,1.84
2/14/2022 13:00,13.288,-99,57.21,1790,45,42.43,36.82,396.528881,82.2,88.2,84.3,76.34,68.44,25.97,26.01,28.06,33.03,34.11,0.6,0.4,0.6,1.19,1.69
2/14/2022 13:15,12.238,-99,52.69,1791,45,43.49,35.64,374.996087,82.5,88.2,84.5,76.73,69.74,25.98,26.05,28.08,33.11,33.86,0.59,0.4,0.59,1.18,1.6
2/14/2022 13:30,11.873,-99,51.12,1793,44.9,44.75,34.86,346.395276,82.6,88.2,84.7,76.97,70.26,26.01,26.09,28.14,33.18,33.85,0.59,0.4,0.58,1.17,1.57
2/14/2022 13:45,11.039,-99,47.53,1795,45,46.95,34.21,916.603392,82.5,87.9,84.1,77.53,71.87,26,26.05,28.14,33.22,33.6,0.59,0.41,0.61,1.14,1.46
2/14/2022 14:00,10.398,-99,44.77,1799,44.9,48.05,33.47,1021.801776,82.4,88.5,82.7,78.65,74.21,25.92,25.69,27.99,33.42,33.48,0.59,0.38,0.65,1.1,1.33
2/14/2022 14:15,3.21,-99,13.82,1802,45,49.39,33.42,993.694083,82.6,89.2,83,78.93,75.12,25.88,25.59,27.93,33.57,33.45,0.58,0.35,0.64,1.09,1.28
2/14/2022 14:30,3.103,-99,13.36,1802,45.2,51.04,33.42,947.834162,82.7,89.4,83.7,79.12,75.88,25.89,25.58,27.83,33.65,33.43,0.58,0.35,0.61,1.09,1.24
2/14/2022 14:45,2.901,-99,12.49,1803,45.2,52.33,34.07,806.966951,82.4,89.5,83.7,79.04,76.51,26,25.55,27.86,33.69,33.26,0.59,0.34,0.61,1.1,1.2
2/14/2022 15:00,2.418,-99,10.41,1809,45.2,-99,33.56,274.400132,82.9,89.9,83.8,78.58,76.86,25.98,25.57,27.84,33.76,33.16,0.57,0.33,0.61,1.12,1.17
2/14/2022 15:15,2.281,-99,9.82,1810,45.4,48.27,33.13,238.073815,86.1,92.6,87.6,78.77,77.79,26.83,26.39,28.17,33.8,33.13,0.49,0.25,0.47,1.12,1.13
2/14/2022 15:30,2.357,-99,10.15,1813,45.6,51.85,35.02,242.3475,86.1,92.4,87.3,78.23,78.07,27.29,26.7,28.55,33.65,32.89,0.5,0.27,0.5,1.14,1.1
2/14/2022 15:45,2.367,-99,10.19,1812,45.7,54.58,36.55,244.813087,85,91.2,85.9,78.89,77.97,27.55,26.93,28.75,33.21,32.68,0.55,0.31,0.56,1.07,1.09
2/14/2022 16:00,2.36,-99,10.16,1813,46.1,56.75,37.49,231.498916,83.2,89.4,84.6,79.15,77.71,27.93,27.28,28.93,32.91,32.52,0.63,0.38,0.61,1.04,1.09
2/14/2022 16:15,2.33,-99,10.03,1815,46.5,56.63,38.13,210.294867,82.5,88.9,85.1,78.44,76.83,28.28,27.62,28.96,32.33,32.12,0.67,0.41,0.6,1.04,1.11
2/14/2022 16:30,2.678,-99,11.53,1816,46.7,68.04,40.71,194.186364,79.81,87.8,85.1,79.18,76.61,28.4,27.63,28.84,31.73,31.68,0.78,0.45,0.59,0.97,1.09
2/14/2022 16:45,2.808,-99,12.09,1817,47.2,68.68,42.7,157.695675,74.52,84.2,81.8,78,74.96,27.53,26.68,28.32,31.05,31.04,0.94,0.55,0.7,0.99,1.13
2/14/2022 17:00,2.353,-99,10.13,1817,47.4,63.16,42.41,291.823615,77.28,85.3,83,78.94,75.86,26.5,25.99,27.56,30.26,30.31,0.79,0.49,0.63,0.91,1.04
2/14/2022 17:15,2.16,-99,9.3,1817,47.7,62.83,42.77,164.599319,78.23,86.2,84.1,79.29,75.66,25.99,25.73,27.34,29.67,29.84,0.73,0.46,0.58,0.86,1.02
2/14/2022 17:30,2.025,-99,8.72,1819,47.9,63.81,44.56,136.984743,76.94,85.7,82.4,79.06,76.22,25.85,25.61,27.32,28.99,29.01,0.77,0.47,0.64,0.84,0.95
2/14/2022 17:45,1.916,-99,8.25,1819,47.9,64.31,45.68,67.948304,75.37,84.8,82.1,78.29,76.05,25.74,25.38,27.1,28.24,28.19,0.82,0.49,0.64,0.83,0.92
2/14/2022 18:00,1.814,-99,7.81,1821,48.1,64.36,46.98,13.21227,73.85,84.5,81.4,77.48,75.52,25.57,25.12,26.65,27.46,27.42,0.86,0.49,0.65,0.82,0.89
2/14/2022 18:15,1.744,-99,7.51,1820,48.1,65.79,48.41,-1.581253,72.34,83.8,79.74,76.8,74.75,25.44,24.78,26.2,26.72,26.68,0.9,0.51,0.69,0.81,0.88
2/14/2022 18:30,1.517,-99,6.53, ,48.5,65.69,50.87,-4.539958,72.02,82.9,78.68,76.34,74.67,25.43,24.5,25.77,26.13,26.11,0.91,0.53,0.71,0.8,0.86
2/14/2022 18:45,1.24,-99,5.34,1822,48.3,64.81,52.93,-4.70433,76.8,85.2,82,79.93,78.07,25.3,24.54,25.41,25.78,25.84,0.75,0.46,0.58,0.67,0.73
2/14/2022 19:00,1.101,-99,4.74,1822,48.5,65.69,54.36,-4.539958,76.91,83.6,82.6,80.8,78.03,25.14,24.84,25.3,25.64,25.87,0.74,0.51,0.56,0.63,0.73
2/14/2022 19:15,0.994,-99,4.28,1823,48.5,66.46,56.13,-4.375585,77.06,80.6,81.6,80.1,76.66,24.86,25.31,25.28,25.55,25.94,0.72,0.63,0.59,0.65,0.78
2/14/2022 19:30,0.906,-99,3.9,1823,48.2,68.66,57.71,-4.539958,77.67,78.09,80.5,79.2,75.53,24.47,25.73,25.32,25.53,25.99,0.69,0.72,0.63,0.68,0.82
2/14/2022 19:45,0.88,-99,3.79,1821,48.5,69.21,59.05,-4.868703,78.28,76.79,79.51,78.47,74.74,24.16,25.88,25.34,25.49,25.98,0.65,0.77,0.66,0.7,0.85
2/14/2022 20:00,0.841,-99,3.62,1822,48.5,68.9,59.55,-4.868703,78.57,75.96,78.45,77.86,74.01,23.9,25.92,25.38,25.43,25.95,0.64,0.8,0.7,0.72,0.87
2/14/2022 20:15,0.813,-99,3.5,1823,48.5,67.61,59.69,-4.868703,78.63,75.96,77.61,77.33,73.5,23.69,25.73,25.42,25.36,25.89,0.63,0.8,0.73,0.73,0.89
2/14/2022 20:30,0.811,-99,3.49,1822,48.3,66.44,59.07,-4.70433,78.8,75.89,76.81,76.82,73.03,23.5,25.58,25.44,25.33,25.83,0.61,0.79,0.75,0.75,0.9
2/14/2022 20:45,0.785,-99,3.38,1822,48.5,66.39,59.26,-4.70433,78.95,76.28,76.1,76.56,72.67,23.36,25.34,25.48,25.24,25.77,0.6,0.77,0.78,0.75,0.91
2/14/2022 21:00,0.794,-99,3.42,1823,48.6,66.87,59.31,-4.539958,79.01,76.91,75.67,76.24,72.24,23.21,25.08,25.48,25.19,25.76,0.6,0.73,0.79,0.76,0.92
2/14/2022 21:15,0.773,-99,3.33,1822,48.5,65.57,58.64,-4.375585,79.06,77.51,74.93,75.82,71.91,23.1,24.83,25.55,25.17,25.75,0.59,0.71,0.82,0.77,0.93
2/14/2022 21:30,0.78,-99,3.36,1822,48.5,66.22,59.17,-4.539958,79.03,78.18,74.46,75.54,71.66,23,24.59,25.58,25.17,25.72,0.59,0.67,0.84,0.78,0.94
2/14/2022 21:45,0.764,-99,3.29,1822,48.5,66.72,59.29,-4.539958,78.78,79.01,73.98,75.13,71.4,23.03,24.29,25.63,25.16,25.68,0.6,0.64,0.86,0.8,0.94
2/14/2022 22:00,0.794,-99,3.42,1823,48.5,66.44,59.36,-4.868703,78.7,79.43,73.21,74.81,71.2,22.96,24.15,25.75,25.16,25.69,0.6,0.62,0.89,0.81,0.95
2/14/2022 22:15,0.778,-99,3.35,1822,48.6,65.77,59.1,-4.539958,78.53,79.86,72.85,74.48,70.82,22.92,23.97,25.78,25.18,25.68,0.6,0.6,0.9,0.82,0.96
2/14/2022 22:30,0.78,-99,3.36,1822,48.5,65.57,58.88,-4.70433,78.22,80,72.43,74.15,70.63,22.95,23.9,25.82,25.2,25.67,0.61,0.59,0.92,0.83,0.97
2/14/2022 22:45,0.764,-99,3.29,1823,48.6,65.41,58.62,-4.539958,78.27,79.86,72.01,73.85,70.44,22.87,23.87,25.86,25.2,25.68,0.61,0.6,0.93,0.84,0.97
2/14/2022 23:00,0.757,-99,3.26,1824,48.5,64.45,58.57,-4.375585,78.02,80,71.72,73.6,70.21,22.88,23.79,25.87,25.21,25.68,0.61,0.59,0.94,0.85,0.98
2/14/2022 23:15,0.766,-99,3.3,1823,48.6,65.19,57.97,-4.70433,77.87,79.94,71.49,73.36,70.08,22.87,23.76,25.88,25.22,25.67,0.62,0.59,0.95,0.86,0.99
2/14/2022 23:30,0.769,-99,3.31,1823,48.6,65.14,58.24,-4.70433,77.69,79.66,71.25,73.1,69.81,22.85,23.79,25.9,25.25,25.69,0.62,0.6,0.96,0.86,1
2/14/2022 23:45,0.783,-99,3.37,1823,48.5,64.71,57.88,-4.868703,77.46,79.68,71.13,72.95,69.6,22.87,23.74,25.89,25.22,25.68,0.63,0.6,0.96,0.87,1
2/15/2022 0:00,0.725,-99,3.12,1823,48.5,67.13,58.14,-4.70433,77.38,79.69,70.93,72.89,69.59,22.86,23.73,25.93,25.24,25.67,0.63,0.6,0.97,0.87,1
2/15/2022 0:15,0.718,-99,3.09, ,49,71.31,57.95,-4.539958,81.9,83,76.91,80.1,72.33,22.41,23.54,25.1,24.39,25.39,0.49,0.49,0.74,0.61,0.9
2/15/2022 0:30,0.625,-99,2.69,1824,48.8,68.61,60.34,-4.70433,85.1,87.5,78.01,82.9,75.36,21.83,22.64,25.05,23.95,25.02,0.39,0.34,0.7,0.51,0.78
2/15/2022 0:45,0.546,-99,2.35,1825,48.8,66.94,62.32,-4.539958,85.8,88,76.94,81.9,75.17,21.81,22.58,25.33,24.21,25.14,0.37,0.33,0.74,0.55,0.79
2/15/2022 1:00,0.518,-99,2.23,1826,48.9,69.42,62.47,-4.539958,85.9,87.5,76.56,80.5,74.36,21.86,22.68,25.42,24.46,25.34,0.37,0.34,0.76,0.6,0.83
2/15/2022 1:15,0.476,-99,2.05,1827,49,69.93,61.89,-4.539958,86,88.1,79.32,83.9,75.08,21.81,22.65,24.93,24.01,25.22,0.37,0.33,0.65,0.48,0.8
2/15/2022 1:30,0.399,-99,1.72,1827,49.1,69.42,63.83,-4.539958,86.7,90,78.19,84.3,76.22,21.64,22.22,25.17,23.83,25,0.34,0.27,0.7,0.46,0.75
2/15/2022 1:45,0.376,-99,1.62,1828,49,67.3,64.31,-4.539958,86.9,90,77,82.8,75.52,21.64,22.23,25.4,24.16,25.15,0.34,0.27,0.75,0.52,0.78
2/15/2022 2:00,0.351,-99,1.51,1828,49,69.04,64.4,-4.868703,86.8,89.3,76.25,81.4,74.77,21.69,22.38,25.57,24.37,25.31,0.34,0.29,0.78,0.57,0.81
2/15/2022 2:15,0.341,-99,1.47,1830,49,69.28,63.16,-4.868703,86.7,89.5,79.06,84.4,75.33,21.6,22.31,24.99,23.91,25.18,0.34,0.28,0.66,0.46,0.79
2/15/2022 2:30,0.316,-99,1.36,1830,48.9,69.33,65.1,-4.375585,87.2,90.8,78.38,84.2,76.23,21.49,21.98,25.07,23.81,24.93,0.33,0.24,0.69,0.47,0.75
2/15/2022 2:45,0.348,-99,1.5,1830,48.9,66.6,65.1,-4.375585,87.2,90.5,77.13,82.4,75.24,21.46,22.02,25.3,24.14,25.15,0.33,0.25,0.74,0.53,0.79
2/15/2022 3:00,0.406,-99,1.75,1830,49.1,68.44,64.71,-4.868703,86.8,89.2,73.96,78.95,72.58,21.41,22.12,25.36,24.31,25.24,0.34,0.29,0.84,0.64,0.88
2/15/2022 3:15,0.351,-99,1.51,1831,48.9,64.93,64.21,-4.539958,86.4,88.1,75.26,79.25,73.39,21.28,22.15,25.39,24.37,25.17,0.34,0.32,0.8,0.63,0.85
2/15/2022 3:30,0.346,-99,1.49,1830,48.9,65.17,63.04,-4.70433,86.5,88.6,76.36,79.49,74.21,21.47,22.34,25.4,24.56,25.3,0.35,0.31,0.77,0.63,0.83
2/15/2022 3:45,0.355,-99,1.53,1831,48.9,65.03,62.87,-4.868703,86.3,88.1,75.14,78.08,73.27,21.55,22.47,25.63,24.83,25.48,0.35,0.32,0.82,0.69,0.87
2/15/2022 4:00,0.39,-99,1.68,1831,48.9,64.98,62.18,-4.211213,86,87.3,74.38,77.04,72.67,21.61,22.58,25.74,24.95,25.54,0.36,0.35,0.85,0.73,0.89
2/15/2022 4:15,0.42,-99,1.81,1831,48.9,65.07,62.28,-4.375585,85.6,86.8,74.07,76.61,72.47,21.62,22.64,25.71,24.98,25.54,0.37,0.36,0.86,0.74,0.9
2/15/2022 4:30,0.434,-99,1.87,1831,49.1,64.64,61.87,-4.70433,85.3,86,73.86,76.07,72.01,21.63,22.69,25.7,25.01,25.56,0.38,0.39,0.86,0.76,0.92
2/15/2022 4:45,0.462,-99,1.99,1831,49.1,65.22,62.08,-4.375585,85.1,85.5,73.4,75.62,71.8,21.64,22.76,25.74,25.04,25.57,0.39,0.4,0.88,0.77,0.92
2/15/2022 5:00,0.46,-99,1.98,1832,49,65.05,61.63,-4.868703,85,85.1,72.86,75.22,71.57,21.65,22.8,25.84,25.08,25.57,0.39,0.41,0.9,0.79,0.93
2/15/2022 5:15,0.488,-99,2.1,1832,49,65.26,61.15,-4.868703,84.7,84.8,72.54,75.02,71.36,21.69,22.83,25.88,25.1,25.61,0.4,0.42,0.92,0.8,0.94
2/15/2022 5:30,0.502,-99,2.16,1832,49.4,65.48,61.03,-4.70433,84.5,84.4,72.85,74.84,71.2,21.7,22.86,25.77,25.09,25.62,0.4,0.43,0.9,0.8,0.95
2/15/2022 5:45,0.53,-99,2.28,1832,49,65.69,60.58,-4.70433,84.3,83.8,72.49,74.59,71.09,21.72,22.95,25.79,25.11,25.58,0.41,0.45,0.91,0.81,0.95
2/15/2022 6:00,0.546,-99,2.35,1833,49,65.93,60.77,-4.539958,84,83.3,72.16,74.32,70.87,21.72,23.01,25.85,25.11,25.6,0.42,0.47,0.93,0.82,0.96
2/15/2022 6:15,0.576,-99,2.48, ,49.3,65.69,60.24,-4.539958,83.6,83.1,71.77,74.04,70.67,21.77,23,25.88,25.11,25.58,0.43,0.47,0.94,0.83,0.96
2/15/2022 6:30,0.588,-99,2.53,1832,49.4,66.1,59.98,-4.70433,83.3,82.9,71.72,73.87,70.5,21.73,22.98,25.81,25.07,25.56,0.43,0.48,0.94,0.83,0.97
2/15/2022 6:45,0.62,-99,2.67,1831,49,65.38,60,-4.375585,83.1,82.6,71.75,73.62,70.26,21.73,23.03,25.76,25.08,25.56,0.44,0.49,0.94,0.84,0.97
2/15/2022 7:00,0.618,-99,2.66,1831,49.4,65.1,59.77,-2.731861,82.9,82.5,71.41,73.51,70.19,21.76,23.04,25.82,25.08,25.56,0.45,0.49,0.95,0.84,0.98
2/15/2022 7:15,0.62,-99,2.67,1831,49.5,63.78,59.22,5.815508,82.6,79.51,74.98,75.13,71.64,22.79,24.08,25.18,24.92,25.47,0.48,0.61,0.8,0.78,0.92
2/15/2022 7:30,0.699,-99,3.01,1830,49.4,62.54,57.49,16.992836,76.83,77.17,77.25,75.83,71.64,24.13,24.68,24.81,24.89,25.56,0.7,0.71,0.71,0.76,0.93
2/15/2022 7:45,1.496,-99,6.44,1829,49,-99,44.32,47.730489,73.84,77.23,77.44,75.38,70.72,24.68,24.85,24.97,25.21,25.99,0.81,0.71,0.71,0.79,0.98
2/15/2022 8:00,2.134,-99,9.19,1827,49.4,-99,35.84,64.989599,70.62,79.14,77.77,75.34,69.99,25.64,24.98,25.42,25.75,26.7,0.97,0.66,0.72,0.82,1.05
2/15/2022 8:15,2.567,-99,11.05,1826,49.4,45.92,32.46,124.328063,70,80.1,77.84,74.88,70.92,26.11,25.19,25.81,26.31,27.46,1.02,0.64,0.74,0.86,1.07
2/15/2022 8:30,2.801,-99,12.06,1823,49.5,42.94,32.35,158.517537,71.24,80.7,77.83,75.31,74.95,26.32,25.46,26.26,26.78,28.91,0.99,0.63,0.76,0.87,1
2/15/2022 8:45,10.998,-99,47.35,1820,49,42.27,32.92,212.760454,73.3,81.7,78.15,77.47,72.99,26.33,25.68,26.69,26.89,30.49,0.92,0.6,0.76,0.8,1.18
2/15/2022 9:00,11.957,-99,51.48,1820,49,38.51,35.43,166.736161,75.04,82.6,78.71,79.55,70.69,26.3,25.86,27.01,27.13,31.83,0.85,0.58,0.76,0.73,1.38
2/15/2022 9:15,13.19,-99,56.79,1815,49.1,66.41,38.01,235.608228,71.94,79.93,76.18,76.65,66.59,26.13,25.9,27.13,27.5,32.54,0.95,0.67,0.86,0.86,1.64
2/15/2022 9:30,13.413,-99,57.75,1813,48.7,51.02,39.18,511.918359,71.51,78.8,75,74.86,63.07,26.05,25.97,27.19,27.87,32.95,0.96,0.71,0.9,0.94,1.85
2/15/2022 9:45,13.45,-99,57.91,1810,48.8,43.82,38.08,234.128876,71.66,78.67,75.5,73.64,61.16,26.09,26.05,27.23,28.35,33.58,0.96,0.72,0.89,1.02,2.02
2/15/2022 10:00,13.634,-99,58.7,1807,48.6,42.79,38.06,270.94831,72.18,79.28,76.39,72.81,59.61,26.12,26.06,27.27,28.79,34.08,0.94,0.7,0.86,1.08,2.16
2/15/2022 10:15,13.729,-99,59.11,1804,48.6,42.55,37.99,289.029283,72.84,79.73,77.1,72.5,59.54,26.15,26.1,27.3,29.17,34.08,0.92,0.69,0.83,1.11,2.16
2/15/2022 10:30,13.234,-99,56.98,1804,48.6,42.29,38.2,270.619565,73.46,80.2,77.82,72.96,61,26.18,26.11,27.4,29.5,34.16,0.9,0.67,0.81,1.11,2.09
2/15/2022 10:45,13.58,-99,58.47,1803,48.2,42.31,38.2,371.379893,74.06,80.8,77.88,72.98,60.01,26.22,26.09,27.53,29.79,34.43,0.88,0.65,0.81,1.13,2.18
2/15/2022 11:00,13.409,-99,57.73,1803,48.3,42.7,37.96,374.996087,74.78,81.4,78.58,73.45,60.95,26.18,26.08,27.55,30.03,34.58,0.86,0.63,0.79,1.13,2.15
2/15/2022 11:15,12.972,-99,55.85,1803,48.1,42.74,37.75,341.29973,75.45,81.8,79.3,74.71,60.4,26.17,26.12,27.56,30.19,34.33,0.83,0.62,0.76,1.08,2.15
2/15/2022 11:30,13.362,-99,57.53,1802,48.1,43.1,37.63,696.837393,76.13,82.5,79.74,75.42,61.43,26.13,26.05,27.62,30.37,34.31,0.81,0.59,0.75,1.07,2.09
2/15/2022 11:45,13.179,-99,56.74,1803,48,43.13,37.27,488.577467,76.84,83.2,80.2,75.86,61.6,26.13,26.06,27.6,30.54,34.25,0.78,0.57,0.73,1.06,2.07
2/15/2022 12:00,12.517,-99,53.89,1802,47.9,43.75,36.84,809.432538,77.45,83.8,81,76.48,62.04,26.14,26,27.56,30.72,34.09,0.76,0.54,0.7,1.04,2.03
2/15/2022 12:15,12.066,-99,51.95,1803,48,43.84,36.29,433.183943,77.89,84.3,81.7,76.6,63.29,26.13,26,27.51,30.77,33.81,0.75,0.53,0.67,1.04,1.93
2/15/2022 12:30,11.862,-99,51.07,1804,47.8,44.56,35.79,408.363699,78.34,84.8,81.9,77.08,64.22,26.08,25.93,27.45,30.84,33.49,0.73,0.51,0.66,1.02,1.85
2/15/2022 12:45,11.523,-99,49.61,1804,47.9,45.09,35.29,487.42686,79.1,85.4,82.3,77.06,65.96,25.97,25.8,27.37,30.79,33,0.7,0.48,0.64,1.02,1.71
2/15/2022 13:00,11.602,-99,49.95,1805,47.7,45.66,34.83,387.981513,79.6,85.8,83,77.92,68.74,25.89,25.78,27.35,30.72,32.28,0.68,0.47,0.62,0.98,1.51
2/15/2022 13:15,10.64,-99,45.81,1803,47.8,46.45,34.19,371.708637,80.1,86.2,83.2,78.44,70.74,25.89,25.8,27.4,30.72,31.8,0.66,0.46,0.61,0.95,1.38
2/15/2022 13:30,10.043,-99,43.24,1805,47.9,47.65,33.76,350.175843,80.3,86.4,83.4,78.93,71.76,25.88,25.78,27.43,30.71,31.65,0.66,0.45,0.61,0.93,1.32
2/15/2022 13:45,9.604,-99,41.35,1807,47.8,49.39,33.59,865.97667,80.6,86.8,83.5,79.48,73.19,25.94,25.81,27.46,30.7,31.39,0.65,0.44,0.6,0.91,1.23
2/15/2022 14:00,3.073,-99,13.23,1808,47.9,50.75,33.64,953.258454,80.8,87.1,83.8,79.94,75.07,25.95,25.75,27.49,30.62,30.94,0.64,0.43,0.59,0.88,1.12
2/15/2022 14:15,2.882,-99,12.41,1809,48,51.4,33.92,811.076263,80.5,87.1,83.9,80.2,76.04,26,25.8,27.48,30.56,30.65,0.66,0.43,0.59,0.87,1.06
2/15/2022 14:30,2.834,-99,12.2,1810,48,54.51,35.05,782.475452,80.6,87.1,83.9,80.5,76.87,25.96,25.73,27.46,30.46,30.41,0.65,0.43,0.59,0.85,1
2/15/2022 14:45,2.659,-99,11.45,1811,48.2,55.1,35.98,591.145892,80.8,87.4,83.8,80.6,77.57,25.91,25.67,27.44,30.4,30.16,0.64,0.42,0.59,0.84,0.96
2/15/2022 15:00,2.385,-99,10.27,1812,48.5,51.64,36.34,354.285155,81.3,87.7,83.9,80.8,78.31,25.95,25.67,27.42,30.26,29.95,0.63,0.41,0.59,0.83,0.92
2/15/2022 15:15,2.058,-99,8.86,1814,48.8,51.69,36.84,239.388795,84.7,90.4,86.3,82.3,80.5,26.6,26.17,27.57,30.18,29.95,0.53,0.33,0.51,0.76,0.83
2/15/2022 15:30,1.958,-99,8.43,1814,48.7,54.24,38.99,226.896487,85.1,91.4,88.2,83.1,81.5,27.14,26.56,27.76,30.32,30.11,0.54,0.3,0.44,0.73,0.79
2/15/2022 15:45,1.886,-99,8.12,1817,48.7,57.81,41.09,360.366937,84.3,91.3,88.7,83.4,81.3,27.37,26.66,27.71,30.18,30.09,0.57,0.3,0.42,0.71,0.8
2/15/2022 16:00,1.828,-99,7.87,1817,48.7,59.74,42.91,236.758835,83.3,90.9,88.8,83.9,81,27.59,26.74,27.69,29.92,30.01,0.62,0.32,0.42,0.68,0.81
2/15/2022 16:15,1.756,-99,7.56,1818,48.8,60.03,43.89,181.036566,82.4,90.3,88.4,84,80.8,27.72,26.79,27.69,29.7,29.92,0.65,0.34,0.43,0.67,0.81
2/15/2022 16:30,1.668,-99,7.18,1819,48.8,61.63,45.57,220.814705,81.6,89.8,88,84.1,80.4,27.72,26.8,27.65,29.48,29.81,0.68,0.36,0.44,0.65,0.82
2/15/2022 16:45,1.558,-99,6.71,1819,49,63.02,46.9,209.308632,81.2,89.3,87.8,84,79.5,27.67,26.79,27.56,29.24,29.78,0.7,0.38,0.45,0.65,0.86
2/15/2022 17:00,1.435,-99,6.18,1820,49,63.47,48.96,236.430091,81.3,89.3,87.8,84.4,79.85,27.61,26.75,27.5,28.97,29.55,0.69,0.38,0.45,0.62,0.83
2/15/2022 17:15,1.275,-99,5.49,1822,49,63.35,50.56,170.352356,81.2,89,87.9,84.6,80.2,27.52,26.7,27.46,28.68,29.3,0.69,0.39,0.44,0.61,0.81
2/15/2022 17:30,1.161,-99,5,1823,49,64.31,52.28,131.724824,81.1,89,87.6,84.9,80.8,27.4,26.56,27.42,28.33,28.86,0.69,0.38,0.45,0.58,0.76
2/15/2022 17:45,1.048,-99,4.51,1822,49,66.24,54.48,63.017129,80.6,88.9,87.1,85,81.4,27.21,26.3,27.29,27.88,28.32,0.7,0.38,0.47,0.56,0.72
2/15/2022 18:00,0.964,-99,4.15, ,49.1,67.49,56.37,11.89729,80.2,88.7,86.6,85.1,81.6,26.94,26,27,27.41,27.76,0.7,0.38,0.48,0.54,0.69
2/15/2022 18:15,0.864,-99,3.72,1823,48.9,69.09,58.93,-1.909998,79.73,88.3,86.2,85.1,82,26.61,25.63,26.61,26.91,27.13,0.71,0.38,0.48,0.53,0.65
2/15/2022 18:30,0.755,-99,3.25,1823,49.3,71.05,60.72,-4.70433,79.19,87.8,85.8,85,82,26.2,25.28,26.18,26.42,26.6,0.71,0.39,0.48,0.52,0.63
2/15/2022 18:45,0.69,-99,2.97,1823,49.3,71.62,62.47,-5.197448,79.21,87,85.7,84.8,81.8,25.73,25.07,25.77,25.97,26.2,0.69,0.41,0.47,0.51,0.62
2/15/2022 19:00,0.625,-99,2.69,1824,49.3,72.08,64.4,-4.868703,80,85.1,85.5,84.8,81.1,25.06,25.15,25.4,25.6,26.02,0.64,0.48,0.47,0.5,0.64
2/15/2022 19:15,0.569,-99,2.45,1825,49.3,71.74,64.91,-4.868703,81.2,82.9,84.8,84.3,79.96,24.49,25.4,25.24,25.4,25.95,0.58,0.55,0.49,0.51,0.67
2/15/2022 19:30,0.516,-99,2.22,1825,49.1,71.34,66.1,-4.04684,82,81.6,83.9,83.8,79.28,24.08,25.55,25.2,25.26,25.85,0.54,0.6,0.52,0.52,0.69
2/15/2022 19:45,0.49,-99,2.11,1825,49.1,70.09,65.41,-4.539958,82.3,81.1,83,83.3,78.5,23.82,25.47,25.21,25.15,25.81,0.52,0.62,0.55,0.53,0.71
2/15/2022 20:00,0.446,-99,1.92,1825,49.3,69.78,65.57,-4.539958,82.4,82,82.2,82.8,78.04,23.66,25.08,25.24,25.09,25.76,0.51,0.57,0.57,0.55,0.73
2/15/2022 20:15,0.444,-99,1.91,1826,49.3,68.85,65.43,-4.539958,82,83.4,81.1,81.9,77.2,23.59,24.54,25.33,25.12,25.78,0.52,0.51,0.61,0.58,0.76
2/15/2022 20:30,0.397,-99,1.71,1825,49.3,69.54,66.1,-4.375585,81.6,84.1,80.3,81.1,76.66,23.47,24.14,25.32,25.08,25.68,0.53,0.48,0.64,0.6,0.77
2/15/2022 20:45,0.427,-99,1.84,1826,49.3,68.23,65.22,-4.375585,81.3,84.7,79.52,80.4,76.08,23.37,23.84,25.32,25.05,25.64,0.54,0.45,0.66,0.62,0.79
2/15/2022 21:00,0.411,-99,1.77,1826,49.4,68.2,64.81,-4.211213,81.4,84.9,78.3,79.7,75.54,23.21,23.66,25.46,25.07,25.63,0.53,0.44,0.71,0.65,0.8
2/15/2022 21:15,0.423,-99,1.82,1825,49.3,68.13,64.38,-4.539958,81.3,84.7,77.42,79.05,74.93,23.12,23.61,25.57,25.07,25.63,0.53,0.45,0.74,0.67,0.82
2/15/2022 21:30,0.404,-99,1.74,1825,49.1,67.37,64.04,-5.033075,81.1,84.3,76.15,78.32,74.43,23.02,23.57,25.75,25.11,25.65,0.53,0.46,0.79,0.69,0.84
2/15/2022 21:45,0.418,-99,1.8,1825,49.3,67.42,64.09,-4.04684,81,84.1,75.45,77.69,74.03,22.9,23.49,25.8,25.14,25.62,0.53,0.46,0.82,0.71,0.85
2/15/2022 22:00,0.434,-99,1.87,1825,49.1,66.67,63.76,-4.868703,80.9,83.9,74.88,77.13,73.56,22.85,23.45,25.83,25.15,25.62,0.53,0.46,0.84,0.73,0.87
2/15/2022 22:15,0.432,-99,1.86,1824,49.3,66.77,63.52,-4.539958,80.7,83.6,74.36,76.59,73.2,22.79,23.39,25.85,25.16,25.57,0.54,0.47,0.85,0.75,0.88
2/15/2022 22:30,0.448,-99,1.93,1825,49.1,66.82,63.18,-4.211213,80.6,83.3,73.77,76.12,72.86,22.69,23.36,25.9,25.17,25.56,0.53,0.48,0.88,0.76,0.89
2/15/2022 22:45,0.446,-99,1.92,1824,49.3,66.27,63.02,-4.868703,80.3,83,73.42,75.83,72.49,22.67,23.35,25.87,25.1,25.55,0.54,0.49,0.89,0.77,0.9
2/15/2022 23:00,0.446,-99,1.92,1825,49.3,66.48,62.87,-4.539958,80.1,82.7,72.98,75.48,72.14,22.61,23.34,25.87,25.1,25.53,0.55,0.5,0.9,0.78,0.91
2/15/2022 23:15,0.474,-99,2.04,1825,49.3,66.29,62.37,-5.197448,80,82.6,72.5,75.13,71.78,22.54,23.29,25.9,25.1,25.52,0.55,0.5,0.92,0.79,0.92
2/15/2022 23:30,0.474,-99,2.04,1825,49.4,66.17,62.61,-4.539958,80.1,82.3,72.3,74.64,71.47,22.46,23.27,25.87,25.11,25.49,0.54,0.51,0.92,0.81,0.93
2/15/2022 23:45,0.502,-99,2.16,1825,49.3,65.86,61.97,-4.70433,79.89,82.2,72.26,74.52,71.29,22.43,23.24,25.84,25.11,25.49,0.55,0.51,0.92,0.81,0.94
2/16/2022 0:00,0.483,-99,2.08, ,49.4,65.86,61.99,-4.539958,79.76,82,72.32,74.29,71.1,22.42,23.22,25.78,25.1,25.53,0.55,0.51,0.92,0.82,0.94
2/16/2022 0:15,0.511,-99,2.2,1824,49.4,65.89,61.68,-4.375585,79.73,81.9,72.19,74,70.95,22.4,23.21,25.78,25.13,25.5,0.55,0.52,0.92,0.83,0.95
2/16/2022 0:30,0.511,-99,2.2,1825,49.3,65.22,61.06,-4.868703,79.62,81.8,71.63,73.76,70.71,22.38,23.24,25.88,25.15,25.53,0.55,0.52,0.95,0.84,0.96
2/16/2022 0:45,0.525,-99,2.26,1825,49.1,65.24,61.08,-4.539958,79.42,81.5,71.31,73.5,70.37,22.35,23.26,25.88,25.15,25.52,0.56,0.53,0.96,0.85,0.97
2/16/2022 1:00,0.553,-99,2.38,1825,49.4,65.93,60.75,-4.539958,79.29,81.4,71.18,73.28,70.35,22.33,23.22,25.85,25.12,25.48,0.56,0.53,0.96,0.85,0.97
2/16/2022 1:15,0.555,-99,2.39,1824,49.3,65.34,60.87,-4.70433,78.98,81.2,71.06,73.09,70.04,22.33,23.2,25.82,25.12,25.49,0.57,0.53,0.96,0.86,0.98
2/16/2022 1:30,0.571,-99,2.46,1825,49.4,65.55,60.7,-4.211213,78.92,81,70.81,72.85,69.88,22.28,23.18,25.85,25.11,25.47,0.57,0.54,0.97,0.87,0.98
2/16/2022 1:45,0.578,-99,2.49,1824,49.3,65.03,59.93,-4.211213,78.91,81,70.87,72.71,69.77,22.27,23.14,25.82,25.13,25.48,0.57,0.54,0.97,0.87,0.99
2/16/2022 2:00,0.597,-99,2.57,1824,49.4,65.12,60.03,-4.868703,78.85,80.9,70.5,72.47,69.4,22.23,23.13,25.87,25.14,25.54,0.57,0.54,0.98,0.88,1
2/16/2022 2:15,0.611,-99,2.63,1826,49.4,65.62,59.81,-5.033075,78.76,80.8,70.12,72.11,69.22,22.22,23.15,25.93,25.2,25.56,0.57,0.54,1,0.89,1.01
2/16/2022 2:30,0.622,-99,2.68,1825,49.3,64.69,59.29,-4.375585,78.74,80.7,70.06,71.97,69.11,22.22,23.16,25.93,25.2,25.56,0.57,0.55,1,0.9,1.01
2/16/2022 2:45,0.618,-99,2.66,1825,49.4,65.26,59.24,-4.868703,78.9,80.6,70.26,71.96,69.06,22.18,23.19,25.89,25.23,25.59,0.56,0.55,0.99,0.9,1.02
2/16/2022 3:00,0.634,-99,2.73,1825,49.4,65.14,59.12,-4.70433,78.91,80.6,70.25,71.95,69.03,22.24,23.21,25.91,25.25,25.62,0.57,0.55,0.99,0.9,1.02
2/16/2022 3:15,0.634,-99,2.73,1826,49.7,65.14,58.79,-4.70433,78.6,80.5,70,71.76,68.78,22.27,23.22,25.93,25.27,25.62,0.58,0.56,1,0.91,1.03
2/16/2022 3:30,0.653,-99,2.81,1824,49.7,65.65,58.91,-4.539958,78.56,80.3,70.13,71.65,68.78,22.22,23.18,25.87,25.24,25.59,0.57,0.56,1,0.91,1.02
2/16/2022 3:45,0.694,-99,2.99,1825,49.7,66.1,58.69,-4.70433,78.42,80.2,69.41,71.41,68.61,22.19,23.16,25.97,25.2,25.55,0.58,0.56,1.03,0.92,1.03
2/16/2022 4:00,0.732,-99,3.15,1825,49.7,66.17,59.05,-4.375585,77.97,79.71,68.8,70.89,68.08,22.13,23.15,25.93,25.16,25.53,0.59,0.58,1.04,0.93,1.04
2/16/2022 4:15,0.748,-99,3.22,1826,49.6,66.24,58.81,-4.70433,77.71,79.35,68.67,70.59,67.82,22.02,23.1,25.8,25.06,25.4,0.59,0.58,1.04,0.93,1.04
2/16/2022 4:30,0.78,-99,3.36,1825,49.7,67.27,58.74,-4.539958,77.32,79.14,68.16,70.14,67.52,21.96,23,25.78,25.05,25.34,0.6,0.59,1.06,0.95,1.05
2/16/2022 4:45,0.801,-99,3.45,1825,49.7,66.63,58.47,-4.539958,77.16,78.8,67.83,70.1,67.41,21.87,22.98,25.78,24.97,25.25,0.6,0.59,1.07,0.95,1.05
2/16/2022 5:00,0.832,-99,3.58,1825,49.7,66.41,58.28,-4.868703,77.35,78.81,68.33,70.14,67.49,21.76,22.89,25.59,24.87,25.18,0.59,0.59,1.04,0.94,1.04
2/16/2022 5:15,0.799,-99,3.44,1825,49.7,66.03,58.28,-5.033075,77.57,78.84,68.29,70.07,67.44,21.66,22.79,25.54,24.81,25.13,0.58,0.59,1.04,0.94,1.04
2/16/2022 5:30,0.82,-99,3.53,1825,49.5,66.44,58.28,-4.868703,77.66,78.87,68.18,69.98,67.54,21.55,22.72,25.48,24.75,25.03,0.57,0.58,1.04,0.94,1.03
2/16/2022 5:45,0.799,-99,3.44,1826,49.7,65.43,58.07,-4.70433,77.81,78.94,68.32,70.03,67.4,21.48,22.64,25.39,24.68,25,0.57,0.58,1.03,0.93,1.03
2/16/2022 6:00,0.808,-99,3.48,1826,49.7,65.53,57.9,-4.539958,77.82,78.98,68.39,69.95,67.22,21.42,22.62,25.35,24.65,25.01,0.57,0.58,1.02,0.93,1.04
2/16/2022 6:15,0.841,-99,3.62,1824,49.6,65.07,57.47,-4.539958,78.06,78.96,68.38,69.88,67.23,21.37,22.56,25.28,24.64,24.93,0.56,0.58,1.02,0.93,1.03
2/16/2022 6:30,0.845,-99,3.64,1825,49.7,65.55,57.57,-4.375585,78.13,78.92,68.43,69.99,67.18,21.29,22.51,25.23,24.55,24.9,0.55,0.57,1.01,0.93,1.03
2/16/2022 6:45,0.841,-99,3.62,1826,49.7,64.02,56.94,-4.375585,78.37,79.12,68.36,70.06,67.34,21.28,22.48,25.25,24.55,24.88,0.55,0.57,1.02,0.92,1.03
2/16/2022 7:00,0.82,-99,3.53,1826,49.7,62.61,56.32,-3.882468,78.68,79.6,68.68,70.37,67.53,21.31,22.48,25.25,24.55,24.97,0.54,0.56,1.01,0.91,1.03
2/16/2022 7:15,0.878,-99,3.78,1825,49.7,61.89,54.86,-0.101901,75.94,73.5,70.99,70.87,67.3,22.68,24.23,24.85,24.59,25.14,0.66,0.8,0.91,0.9,1.04
2/16/2022 7:30,0.987,-99,4.25,1826,49.7,63.38,53.86,6.801743,68.66,71.43,72.21,70.8,66.77,24.24,24.63,24.53,24.54,25.22,0.95,0.89,0.86,0.9,1.07
2/16/2022 7:45,1.073,-99,4.62,1825,49.6,63.83,53.12,6.144253,66.89,71.85,72.74,70.81,66.85,24.6,24.48,24.39,24.52,25.15,1.02,0.86,0.83,0.9,1.06
2/16/2022 8:00,1.133,-99,4.88,1825,49.7,62.18,52.45,27.019557,66.76,72.52,73.17,71,67.17,24.64,24.36,24.31,24.5,25.14,1.03,0.84,0.82,0.89,1.05
2/16/2022 8:15,1.881,-99,8.1,1824,49.8,-99,39.42,116.602556,66.38,73.56,73.63,71.39,67.12,24.94,24.42,24.47,24.69,25.46,1.06,0.81,0.81,0.89,1.07
2/16/2022 8:30,2.234,-99,9.62,1821,49.7,-99,32.94,216.376649,63.91,75.11,74.18,71.38,65.96,25.94,24.86,25.18,25.52,26.56,1.21,0.78,0.83,0.94,1.18
2/16/2022 8:45,2.067,-99,8.9,1823,49.8,55.25,37.58,40.333728,63.46,76.23,74.37,71.74,65.89,26.51,25.2,25.73,26,27.14,1.27,0.76,0.85,0.95,1.23
2/16/2022 9:00,2.037,-99,8.77,1823,49.6,61.34,41.57,121.204986,64.15,76.89,75.21,73.5,69.34,26.26,24.86,25.4,25.52,26.05,1.22,0.73,0.8,0.87,1.03
2/16/2022 9:15,2.137,-99,9.2,1824,49.8,63.28,42.91,195.665717,62.2,75.8,73.89,72.26,68.32,25.96,24.39,24.99,25.08,25.61,1.27,0.74,0.83,0.88,1.04
2/16/2022 9:30,2.137,-99,9.2,1824,49.8,63.52,43.22,208.158025,60.42,74.96,72.47,70.89,66.94,25.86,24.11,24.78,24.86,25.46,1.32,0.75,0.86,0.91,1.08
2/16/2022 9:45,2.139,-99,9.21,1824,49.6,64.69,43.7,187.775838,60.29,74.67,72.2,70.5,66.73,25.74,23.96,24.63,24.72,25.29,1.31,0.75,0.86,0.92,1.07
2/16/2022 10:00,2.172,-99,9.35,1824,49.7,60.46,42.27,262.072197,60.59,74.5,72.3,70.42,66.76,25.57,23.89,24.49,24.63,25.17,1.29,0.76,0.85,0.92,1.06
2/16/2022 10:15,2.104,-99,9.06,1825,49.7,62.63,43.22,204.213085,60.47,74.78,72.43,70.34,66.61,25.59,23.82,24.47,24.65,25.21,1.3,0.74,0.85,0.92,1.07
2/16/2022 10:30,2.183,-99,9.4,1825,49.8,59.48,41.74,336.532928,60.42,74.1,72.24,70.15,66.46,25.5,23.82,24.4,24.57,25.13,1.29,0.76,0.85,0.92,1.07
2/16/2022 10:45,2.218,-99,9.55,1824,49.8,54.43,38.58,327.328069,60.17,74.65,72.16,70.2,66.08,25.61,23.86,24.5,24.67,25.35,1.31,0.75,0.86,0.93,1.1
2/16/2022 11:00,2.351,-99,10.12,1821,49.8,48.08,33.92,488.906212,60.27,75.47,72.65,70.55,65.4,25.91,24.11,24.81,25.05,26.01,1.33,0.74,0.86,0.94,1.16
2/16/2022 11:15,2.325,-99,10.01,1822,49.8,54.94,36.77,268.318351,60.53,75.78,72.7,70.31,65.18,26.15,24.52,25.31,25.57,26.48,1.34,0.75,0.88,0.97,1.2
2/16/2022 11:30,2.292,-99,9.87,1823,49.8,60.17,39.92,141.915917,61.03,75.87,72.57,70.77,67.15,26.06,24.48,25.34,25.41,25.93,1.31,0.74,0.89,0.95,1.1
2/16/2022 11:45,2.378,-99,10.24, ,49.7,54.51,37.65,385.84467,60.88,75.81,72.35,70.81,67.02,25.99,24.33,25.16,25.22,25.79,1.31,0.74,0.88,0.94,1.09
2/16/2022 12:00,2.362,-99,10.17,1822,49.7,57.4,37.41,212.431709,60.81,75.79,72.46,70.59,66.01,26.14,24.55,25.35,25.53,26.32,1.33,0.75,0.89,0.96,1.16
2/16/2022 12:15,2.443,-99,10.52,1823,49.7,57.85,38.25,230.677054,61.06,75.55,72.32,70.73,67.16,26.11,24.63,25.42,25.49,26.02,1.32,0.76,0.9,0.95,1.11
2/16/2022 12:30,2.439,-99,10.5,1821,49.8,51.78,35.64,392.255197,61.4,75.72,72.64,71.05,66.94,26.09,24.63,25.4,25.49,26.16,1.3,0.75,0.89,0.94,1.12
2/16/2022 12:45,2.453,-99,10.56,1821,49.6,51.76,34.9,404.254388,62.13,75.97,72.95,71.8,65.75,26.22,24.94,25.72,25.88,26.89,1.29,0.76,0.89,0.94,1.21
2/16/2022 13:00,2.541,-99,10.94,1820,49.8,53.14,35,405.73374,63.56,76.57,73.17,71.63,66.98,26.18,25.15,25.98,26.22,26.84,1.24,0.75,0.9,0.97,1.17
2/16/2022 13:15,2.655,-99,11.43,1821,49.8,52.9,34.93,432.855198,65.02,77.17,73.98,72.29,68.14,26.11,25.21,26.08,26.34,26.83,1.18,0.73,0.88,0.95,1.12
2/16/2022 13:30,2.432,-99,10.47,1822,49.7,56.44,37.05,333.081106,66.1,77.31,74.57,73.01,69.1,26,25.26,26.05,26.37,26.77,1.14,0.73,0.86,0.93,1.09
2/16/2022 13:45,2.318,-99,9.98,1821,49.8,58.43,38.92,315.328879,66.82,77.7,75.01,73.3,70.44,25.81,25.17,25.91,26.1,26.32,1.1,0.71,0.84,0.9,1.01
2/16/2022 14:00,2.272,-99,9.78,1821,49.7,60.67,40.09,183.666526,66.79,77.9,75.1,73.79,70.87,25.67,24.99,25.67,25.74,26.01,1.09,0.7,0.82,0.87,0.98
2/16/2022 14:15,2.186,-99,9.41,1822,49.8,63.83,42.58,104.603366,66.78,77.78,75.12,74.16,71,25.53,24.78,25.46,25.41,25.78,1.09,0.69,0.81,0.84,0.96
2/16/2022 14:30,2.165,-99,9.32,1822,49.8,64.16,43.75,135.176646,66.04,77.46,75.2,74.1,70.82,25.46,24.56,25.15,25.13,25.55,1.11,0.7,0.79,0.83,0.96
2/16/2022 14:45,2.195,-99,9.45,1822,49.8,61.53,42.65,225.252762,64.5,77.25,75.01,73.75,70.27,25.62,24.42,25,25.02,25.51,1.17,0.7,0.79,0.83,0.97
2/16/2022 15:00,2.123,-99,9.14,1822,49.6,59.38,41.72,204.377458,64.11,77.22,74.84,73.48,69.82,25.79,24.46,25.05,25.11,25.65,1.19,0.7,0.8,0.85,0.99
2/16/2022 15:15,1.963,-99,8.45,1822,49.7,57.69,41.72,237.74507,68.48,79.87,77.72,76.62,72.81,25.96,24.63,25.19,25.27,25.86,1.06,0.62,0.71,0.75,0.91
2/16/2022 15:30,1.833,-99,7.89,1822,49.7,56.44,41.69,257.141022,69.39,81.4,79.16,77.92,73.96,26.19,24.76,25.38,25.51,26.09,1.04,0.58,0.68,0.72,0.88
2/16/2022 15:45,1.619,-99,6.97,1822,49.7,57.38,42.96,396.035764,70.49,82,79.78,78.35,74.68,26.34,24.99,25.66,25.87,26.36,1.01,0.57,0.67,0.72,0.87
2/16/2022 16:00,1.554,-99,6.69,1822,49.8,61.13,45.8,142.08029,71.58,82.6,80.5,79.15,75.55,26.33,25.08,25.75,25.94,26.39,0.97,0.55,0.65,0.7,0.84
2/16/2022 16:15,1.456,-99,6.27,1823,49.7,62.47,47.53,117.260046,71.68,82.5,80.7,79.36,75.78,26.3,25.05,25.66,25.84,26.32,0.97,0.56,0.64,0.69,0.83
2/16/2022 16:30,1.377,-99,5.93,1823,49.7,63.3,49.49,98.521584,71.41,82.5,80.7,79.36,75.79,26.27,24.97,25.57,25.75,26.22,0.98,0.55,0.63,0.68,0.82
2/16/2022 16:45,1.282,-99,5.52,1823,49.6,63.93,50.9,93.919155,71.27,82.1,80.7,79.31,75.59,26.2,24.97,25.47,25.63,26.14,0.98,0.57,0.63,0.68,0.83
2/16/2022 17:00,1.24,-99,5.34,1824,49.7,64.12,51.54,90.796078,70.74,81.6,80.6,79.05,75.25,26.16,24.96,25.35,25.54,26.08,0.99,0.58,0.63,0.69,0.84
2/16/2022 17:15,1.154,-99,4.97,1824,49.7,64.98,52.95,77.153162,71.03,78.53,79.69,78.87,74.65,25.72,25.63,25.46,25.52,26.13,0.96,0.71,0.66,0.69,0.86
2/16/2022 17:30,1.082,-99,4.66,1823,49.8,65.91,54.08,28.663282,73.88,77.3,78.06,78.39,74.5,24.85,25.69,25.63,25.43,25.96,0.82,0.75,0.72,0.7,0.86
2/16/2022 17:45,1.029,-99,4.43, ,49.8,67.13,55.15,19.787169,75.64,78.48,76.39,77.73,73.89,24.14,25.08,25.69,25.27,25.77,0.73,0.68,0.78,0.72,0.87
2/16/2022 18:00,1.01,-99,4.35,1823,49.7,67.61,56.39,10.58231,76.7,80.4,75.21,77.07,73.38,23.71,24.35,25.67,25.11,25.61,0.68,0.6,0.82,0.73,0.87
2/16/2022 18:15,0.976,-99,4.2,1824,49.7,68.2,57.06,-2.567488,77.14,81.1,73.98,76.11,72.58,23.31,23.93,25.7,25.04,25.5,0.65,0.56,0.86,0.76,0.89
2/16/2022 18:30,0.934,-99,4.02,1823,49.7,67.99,57.95,-4.539958,77.37,81.3,72.96,75.22,71.89,23,23.59,25.67,24.98,25.39,0.64,0.54,0.89,0.78,0.91
2/16/2022 18:45,0.908,-99,3.91,1823,49.5,68.32,58.16,-5.197448,77.52,81.5,71.77,74.3,71.18,22.77,23.3,25.75,24.95,25.31,0.62,0.53,0.94,0.81,0.93
2/16/2022 19:00,0.869,-99,3.74,1824,49.6,69.45,58.91,-4.70433,77.4,81.2,70.75,73.38,70.41,22.54,23.12,25.76,24.9,25.24,0.62,0.53,0.97,0.84,0.95
2/16/2022 19:15,0.869,-99,3.74,1824,49.6,69.78,59.17,-4.70433,77.49,80.8,69.46,72.3,69.59,22.24,22.95,25.8,24.86,25.16,0.6,0.54,1.01,0.87,0.97
2/16/2022 19:30,0.855,-99,3.68,1824,49.6,68.01,59.36,-4.539958,77.6,80.3,69.1,71.44,68.78,22,22.84,25.67,24.83,25.13,0.59,0.55,1.02,0.9,1
2/16/2022 19:45,0.836,-99,3.6,1824,49.7,67.8,59.07,-4.539958,77.7,79.92,68.97,71.1,68.41,21.87,22.79,25.57,24.77,25.11,0.58,0.56,1.02,0.9,1.01
2/16/2022 20:00,0.832,-99,3.58,1823,49.7,67.13,58.64,-4.539958,77.84,79.85,69.03,70.98,68.29,21.71,22.72,25.48,24.72,25.05,0.58,0.56,1.01,0.9,1.01
2/16/2022 20:15,0.836,-99,3.6,1824,49.7,65.86,58.33,-4.539958,77.87,79.66,68.94,70.8,68.22,21.63,22.67,25.4,24.67,24.99,0.57,0.56,1.01,0.91,1.01
2/16/2022 20:30,0.811,-99,3.49,1824,49.6,65.93,58.31,-4.211213,77.8,79.6,68.79,70.62,68.04,21.6,22.62,25.38,24.67,24.97,0.57,0.56,1.01,0.91,1.01
2/16/2022 20:45,0.811,-99,3.49,1824,49.8,66.48,58.47,-4.70433,77.78,79.51,68.82,70.51,67.81,21.52,22.6,25.31,24.62,24.95,0.57,0.56,1.01,0.91,1.02
2/16/2022 21:00,0.808,-99,3.48,1824,50.2,66.65,58.26,-4.539958,77.68,79.43,68.69,70.24,67.63,21.46,22.54,25.26,24.6,24.93,0.57,0.56,1.01,0.92,1.02
2/16/2022 21:15,0.808,-99,3.48,1824,50.1,65.96,58.28,-4.70433,77.61,79.26,68.64,70.09,67.43,21.41,22.47,25.19,24.54,24.85,0.57,0.56,1,0.92,1.02
2/16/2022 21:30,0.801,-99,3.45,1824,50.1,65.72,58.02,-4.375585,77.46,79.04,68.51,69.85,67.35,21.34,22.43,25.12,24.51,24.78,0.57,0.57,1,0.93,1.02
2/16/2022 21:45,0.825,-99,3.55,1824,50.2,66.91,58.47,-4.539958,77.32,78.92,68.37,69.48,66.95,21.26,22.36,25.03,24.48,24.76,0.57,0.57,1,0.94,1.03
2/16/2022 22:00,0.794,-99,3.42,1824,49.8,66.65,58.24,-4.868703,77.18,78.74,67.78,69.15,66.88,21.17,22.3,25.07,24.43,24.65,0.57,0.57,1.02,0.94,1.03
2/16/2022 22:15,0.811,-99,3.49,1824,49.9,66.08,58.02,-4.70433,77.08,78.58,68,69.01,66.63,21.1,22.24,24.92,24.38,24.61,0.57,0.57,1.01,0.95,1.03
2/16/2022 22:30,0.815,-99,3.51,1824,50.1,65.67,58.31,-4.70433,76.98,78.32,67.97,68.78,66.41,21,22.17,24.81,24.31,24.55,0.57,0.58,1,0.95,1.04
2/16/2022 22:45,0.825,-99,3.55,1823,50.1,66.51,57.78,-4.868703,76.91,78.23,67.75,68.59,66.14,20.89,22.1,24.75,24.24,24.53,0.57,0.58,1.01,0.95,1.04
2/16/2022 23:00,0.808,-99,3.48,1824,49.8,66.27,57.9,-4.539958,76.89,78.17,67.82,68.59,66.14,20.84,22.03,24.64,24.15,24.41,0.57,0.58,1,0.95,1.04
2/16/2022 23:15,0.836,-99,3.6,1824,49.9,65.79,57.83,-4.539958,76.84,78.15,67.61,68.46,66.15,20.75,21.96,24.63,24.12,24.35,0.57,0.58,1,0.95,1.03
2/16/2022 23:30,0.79,-99,3.4, ,49.9,65.74,58.09,-4.539958,76.98,78.08,67.46,68.26,66.08,20.65,21.91,24.59,24.1,24.31,0.56,0.58,1.01,0.95,1.03
2/16/2022 23:45,0.808,-99,3.48,1824,50.1,64.95,57.71,-4.539958,77.01,77.96,67.74,68.2,65.79,20.6,21.85,24.48,24.03,24.3,0.56,0.58,0.99,0.95,1.04
2/17/2022 0:00,0.787,-99,3.39,1824,49.9,64.26,57.73,-4.868703,76.98,78.02,67.64,68.33,65.92,20.54,21.78,24.45,23.97,24.21,0.56,0.57,0.99,0.94,1.03
2/17/2022 0:15,0.694,-99,2.99,1825,50.2,75.26,57.21,-4.539958,80.7,84.6,73.35,77.09,69.2,20.35,21.04,23.85,22.98,23.88,0.46,0.38,0.79,0.64,0.91
2/17/2022 0:30,0.639,-99,2.75,1826,50.3,70.28,61.13,-5.033075,83,88.6,75.77,79.12,72.46,19.87,20.29,23.44,22.59,23.43,0.39,0.27,0.7,0.57,0.79
2/17/2022 0:45,0.557,-99,2.4,1826,50.3,68.42,62.92,-4.868703,84.5,89,75.72,77.9,72.29,19.66,20.27,23.42,22.8,23.5,0.35,0.26,0.7,0.61,0.8
2/17/2022 1:00,0.502,-99,2.16,1827,50.2,65.79,62.28,-4.868703,85,88.4,74.47,76.41,71.48,19.64,20.35,23.64,23.03,23.64,0.34,0.28,0.75,0.66,0.83
2/17/2022 1:15,0.427,-99,1.84,1828,50.3,72.56,61.3,-4.539958,85.4,89.4,77.1,80.6,72.75,19.59,20.22,23.34,22.48,23.51,0.33,0.25,0.66,0.53,0.79
2/17/2022 1:30,0.372,-99,1.6,1828,50.2,71.26,64.69,-4.539958,85.9,90.6,77.06,80.7,73.8,19.55,20.03,23.32,22.4,23.29,0.32,0.22,0.66,0.52,0.75
2/17/2022 1:45,0.372,-99,1.6,1827,50.5,68.47,65.1,-4.70433,86.2,90.4,76.74,79.38,73.05,19.52,20.07,23.33,22.63,23.47,0.31,0.23,0.67,0.57,0.78
2/17/2022 2:00,0.337,-99,1.45,1829,50.4,66.51,64.33,-4.70433,86.3,89.9,75.71,77.87,72.11,19.53,20.19,23.52,22.93,23.7,0.31,0.24,0.7,0.62,0.82
2/17/2022 2:15,0.3,-99,1.29,1829,50.5,71.79,62.66,-4.375585,86.4,90.3,78.05,81.4,73.23,19.58,20.19,23.25,22.43,23.58,0.31,0.23,0.63,0.5,0.78
2/17/2022 2:30,0.249,-99,1.07,1828,50.3,68.63,64.86,-4.868703,86.5,91,76.98,81,74.12,19.51,20.05,23.49,22.45,23.33,0.31,0.21,0.67,0.52,0.74
2/17/2022 2:45,0.3,-99,1.29,1829,50.5,63.85,62.83,-4.375585,87.1,89.1,71.09,78.94,69.01,19.81,21.02,25.38,23.44,24.99,0.3,0.27,0.94,0.61,0.98
2/17/2022 3:00,0.402,-99,1.73,1829,50.4,60.22,59.91,-4.868703,86.9,83.6,68.31,74.26,64.39,20.45,22.54,26.46,24.86,26.6,0.31,0.45,1.09,0.81,1.24
2/17/2022 3:15,0.513,-99,2.21,1828,50.4,59.31,56.87,-4.868703,86.2,80.5,66.45,71.62,62.4,21.04,23.55,27.19,25.72,27.41,0.34,0.57,1.21,0.94,1.37
2/17/2022 3:30,0.674,-99,2.9,1828,50.5,59,54.89,-4.539958,84.8,78.33,65.63,69.69,60.98,21.64,24.41,27.65,26.42,28.11,0.39,0.66,1.27,1.04,1.48
2/17/2022 3:45,0.841,-99,3.62,1828,50.5,59.34,52.79,-4.70433,83,76.78,64.77,67.79,59.99,22.3,25.05,28.1,27.06,28.62,0.46,0.74,1.34,1.15,1.57
2/17/2022 4:00,0.992,-99,4.27,1828,50.4,58.64,50.9,-4.539958,81,74.5,64.31,66.36,59.28,22.87,25.76,28.34,27.54,28.95,0.53,0.85,1.38,1.24,1.63
2/17/2022 4:15,1.159,-99,4.99,1827,50.5,59.34,49.27,-4.539958,79.24,72.23,64.09,65.61,59.08,23.28,26.46,28.5,27.8,29.12,0.59,0.96,1.4,1.28,1.65
2/17/2022 4:30,1.238,-99,5.33,1827,50.4,59.84,48.96,-4.539958,77.73,69.65,64.76,65.45,59.11,23.7,27.11,28.38,27.89,29.17,0.65,1.09,1.36,1.3,1.65
2/17/2022 4:45,1.322,-99,5.69,1827,50.4,60.27,48.17,-4.211213,76.59,66.96,65.26,65.6,59.29,24.01,27.93,28.33,27.9,29.19,0.7,1.24,1.34,1.29,1.65
2/17/2022 5:00,1.356,-99,5.84,1828,50.4,59.62,47.88,-4.539958,75.48,64.52,65.96,65.6,59.63,24.32,28.67,28.2,27.89,29.15,0.75,1.39,1.3,1.29,1.63
2/17/2022 5:15,1.377,-99,5.93,1828,50.4,60.1,47.98,-4.539958,74.64,63.55,66.53,65.32,59.96,24.53,28.97,28.09,28,29.1,0.78,1.46,1.27,1.31,1.61
2/17/2022 5:30,1.382,-99,5.95, ,49.9,60.29,47.93,-4.868703,74.06,62.9,66.86,65.25,60.02,24.71,29.17,28.03,28.04,29.11,0.81,1.5,1.25,1.32,1.61
2/17/2022 5:45,1.405,-99,6.05,1827,50.2,60.32,47.96,-4.70433,73.39,62.35,67.17,65.46,60.15,24.84,29.34,27.96,28,29.08,0.83,1.54,1.24,1.31,1.6
2/17/2022 6:00,1.419,-99,6.11,1827,49.9,60.89,47.84,-4.70433,72.78,62.07,67.35,65.27,60.3,24.96,29.39,27.9,28,29.02,0.86,1.55,1.23,1.31,1.59
2/17/2022 6:15,1.456,-99,6.27,1827,49.8,61.08,47.74,-4.70433,72.42,61.86,67.3,65.19,60.4,25.03,29.45,27.88,28.02,29,0.88,1.57,1.23,1.32,1.59
2/17/2022 6:30,1.461,-99,6.29,1826,50.1,61.03,47.55,-4.539958,72.2,61.69,67.25,65.1,60.49,25.08,29.46,27.9,28.02,28.94,0.88,1.58,1.23,1.32,1.58
2/17/2022 6:45,1.468,-99,6.32,1826,49.9,60.98,47.48,-4.539958,71.71,61.94,67.46,65.43,60.59,25.2,29.42,27.83,27.95,28.93,0.91,1.56,1.22,1.3,1.57
2/17/2022 7:00,1.491,-99,6.42,1826,50.1,59.86,46.95,-2.567488,71.04,62.39,67.54,65.21,60.72,25.4,29.27,27.78,27.97,28.89,0.94,1.53,1.21,1.31,1.56
2/17/2022 7:15,1.556,-99,6.7,1826,50.1,59.41,45.54,4.829273,68.38,67.83,66.97,64.58,60.93,26.44,27.74,27.81,28.1,28.86,1.09,1.2,1.23,1.35,1.55
2/17/2022 7:30,1.637,-99,7.05,1826,50.1,59.41,44.82,13.541014,64.34,72.04,67.59,64.63,61.54,27.38,26.66,27.68,28.08,28.71,1.3,0.98,1.2,1.34,1.51
2/17/2022 7:45,1.716,-99,7.39,1826,49.8,59.43,43.87,22.417128,62.61,73.15,68.32,64.8,61.89,27.77,26.43,27.53,28.11,28.67,1.39,0.93,1.17,1.34,1.5
2/17/2022 8:00,1.765,-99,7.6,1825,49.8,59.45,43.56,34.745064,62.3,73.84,69.01,65.17,62.3,27.94,26.36,27.46,28.11,28.64,1.42,0.9,1.14,1.33,1.48
2/17/2022 8:15,1.835,-99,7.9,1826,49.8,58.28,42.84,63.838992,62.69,74.38,69.59,65.83,62.8,27.88,26.36,27.43,28.04,28.62,1.4,0.88,1.11,1.29,1.46
2/17/2022 8:30,1.946,-99,8.38,1824,50.1,56.44,40.59,77.481907,62.98,74.92,70.15,66.09,62.95,27.91,26.36,27.42,28.11,28.74,1.39,0.86,1.09,1.29,1.46
2/17/2022 8:45,2.258,-99,9.72,1822,50.1,-99,34.04,204.048713,63.45,75.46,70.77,66.37,63.19,27.95,26.41,27.49,28.22,28.86,1.38,0.85,1.07,1.29,1.46
2/17/2022 9:00,2.148,-99,9.25,1821,50.2,-99,30.05,184.817133,63.98,76.13,71.37,65.71,62.61,27.9,26.68,27.88,28.66,29.34,1.35,0.84,1.07,1.35,1.53
2/17/2022 9:15,10.22,-99,44,1819,49.6,62.3,35.36,270.29082,61.91,74.48,68.42,63.16,64.6,27.44,26.72,28.06,28.9,29.92,1.39,0.9,1.2,1.47,1.5
2/17/2022 9:30,10.847,-99,46.7,1817,49.8,63.42,37.39,460.798519,62.52,74.04,66.91,62.57,61.76,26.96,26.62,28.12,28.93,31.13,1.33,0.91,1.26,1.49,1.73
2/17/2022 9:45,10.6,-99,45.64,1815,49.8,53.12,34.54,137.477861,63.1,74.36,66.85,62.38,64.11,26.75,26.47,28.03,28.78,31.19,1.3,0.89,1.26,1.49,1.63
2/17/2022 10:00,3.187,-99,13.72,1815,49.8,53.1,34.4,194.843854,63.67,74.68,67.15,62.63,56.62,26.65,26.39,27.97,28.75,30.88,1.27,0.87,1.24,1.48,1.94
2/17/2022 10:15,10.15,-99,43.7,1816,49.7,49.87,34.35,126.464905,63.54,74.88,68.15,63.48,61.05,26.57,26.19,27.69,28.44,28.91,1.27,0.85,1.18,1.42,1.55
2/17/2022 10:30,11.862,-99,51.07,1815,49.7,46,35.14,249.415516,64,75.1,67.49,62.86,61.17,26.63,26.29,27.94,28.72,30.42,1.26,0.85,1.22,1.46,1.69
2/17/2022 10:45,10.008,-99,43.09,1814,49.8,49.82,33.73,406.062485,65.28,75.37,67.56,63.34,60.59,26.56,26.42,28.19,28.98,31.48,1.21,0.85,1.24,1.47,1.82
2/17/2022 11:00,3.124,-99,13.45,1815,49.7,50.87,33.99,254.34669,65.88,76.41,68.06,63.56,59.48,26.49,26.3,28.11,28.81,29.7,1.18,0.81,1.22,1.44,1.69
2/17/2022 11:15,3.163,-99,13.62,1816,49.8,50.16,33.78,204.213085,65.66,74.64,68.34,65.99,64.24,26.45,26.21,27.85,28.6,29.72,1.19,0.86,1.19,1.33,1.49
2/17/2022 11:30,10.603,-99,45.65, ,49.8,46.4,34.14,758.477071,66.57,74.8,69.65,67.7,62.38,26.29,26.14,27.52,28.15,29.44,1.14,0.85,1.12,1.23,1.55
2/17/2022 11:45,3.064,-99,13.19,1814,49.9,51.69,33.97,116.109439,66.95,75.18,70.64,69.56,64.81,26.31,26.14,27.37,28.05,30.16,1.13,0.84,1.07,1.15,1.51
2/17/2022 12:00,3.163,-99,13.62,1814,49.8,49.46,33.78,564.188806,67.24,76.17,71.67,69.43,64.59,26.22,26,27.17,27.76,28.81,1.12,0.8,1.02,1.14,1.4
2/17/2022 12:15,11.599,-99,49.94,1812,49.7,44.68,35.05,805.980716,67.3,76.11,71.8,71.23,65.1,26.32,26.01,27.22,27.87,30.36,1.12,0.8,1.02,1.08,1.51
2/17/2022 12:30,11.862,-99,51.07,1810,49.7,44.54,35.48,489.563702,68.94,76.31,72.21,74.15,60.47,26.42,26.31,27.64,28.69,32.66,1.07,0.81,1.03,1.02,1.95
2/17/2022 12:45,11.818,-99,50.88,1808,49.5,44.73,35.48,441.566939,70.35,77.22,73.49,74.01,59.78,26.39,26.4,27.8,29.45,33.09,1.02,0.78,0.99,1.07,2.03
2/17/2022 13:00,11.634,-99,50.09,1807,49.5,45.61,35.07,447.977466,71.37,78.2,74.28,74.17,61.91,26.44,26.41,27.85,29.9,32.63,0.99,0.75,0.96,1.09,1.88
2/17/2022 13:15,10.93,-99,47.06,1807,49.4,46.59,34.74,382.721593,72.12,79.02,75.21,74.08,65.13,26.45,26.4,27.87,30.21,31.82,0.96,0.72,0.93,1.11,1.64
2/17/2022 13:30,10.67,-99,45.94,1809,49.5,47.79,34.26,362.503779,72.86,79.82,76.06,74.31,67.34,26.44,26.36,27.86,30.27,31.34,0.94,0.69,0.9,1.11,1.5
2/17/2022 13:45,9.771,-99,42.07,1809,49.5,49.34,34.02,378.283536,73.24,80.3,76.41,74.22,68.66,26.45,26.34,27.85,30.36,31.04,0.92,0.68,0.88,1.12,1.41
2/17/2022 14:00,3.177,-99,13.68,1810,49.5,50.18,34.07,384.200946,73.64,80.7,76.76,75.47,70.67,26.41,26.28,27.86,30.24,30.64,0.91,0.66,0.87,1.06,1.29
2/17/2022 14:15,3.031,-99,13.05,1810,49.5,51.71,34.26,375.817949,73.96,81.1,77.27,76.06,71.81,26.44,26.26,27.84,30.3,30.47,0.9,0.65,0.85,1.03,1.23
2/17/2022 14:30,2.901,-99,12.49,1811,49.7,54.41,35.12,353.134548,74.22,81.6,77.43,75.9,72.55,26.43,26.23,27.84,30.22,30.22,0.89,0.63,0.85,1.04,1.18
2/17/2022 14:45,2.75,-99,11.84,1811,49.6,55.34,35.93,325.026855,74.11,81.5,77.09,75.97,73.48,26.45,26.22,27.81,30.13,29.85,0.89,0.63,0.86,1.03,1.12
2/17/2022 15:00,2.541,-99,10.94,1813,49.6,53.93,36.48,288.043048,74.93,81.9,77.24,76.18,73.86,26.41,26.18,27.78,29.97,29.71,0.86,0.61,0.85,1.01,1.09
2/17/2022 15:15,2.241,-99,9.65,1814,49.8,52.24,36.98,274.23576,80,86.4,81.2,78.43,76.91,26.61,26.27,27.8,29.84,29.6,0.7,0.46,0.7,0.91,0.96
2/17/2022 15:30,2.139,-99,9.21,1815,49.9,55.18,38.87,258.456002,81.4,88.6,84.1,79.96,78.83,26.8,26.34,27.78,29.86,29.65,0.66,0.39,0.59,0.84,0.88
2/17/2022 15:45,2.037,-99,8.77,1815,49.9,56.87,40.4,287.221185,81,88.8,84.9,81.1,78.99,27.07,26.44,27.71,29.69,29.67,0.68,0.39,0.56,0.79,0.87
2/17/2022 16:00,1.893,-99,8.15,1816,49.7,57.45,41.38,252.867338,80.5,88.6,85.4,81.8,78.88,27.29,26.58,27.69,29.5,29.71,0.71,0.4,0.54,0.75,0.88
2/17/2022 16:15,1.853,-99,7.98,1817,49.9,59.12,42.67,198.953166,79.93,88.3,85.4,82.1,78.45,27.35,26.63,27.63,29.35,29.7,0.73,0.41,0.54,0.73,0.9
2/17/2022 16:30,1.749,-99,7.53,1818,49.9,60.29,44.06,250.566123,79.65,88,85.6,82.1,78.55,27.35,26.61,27.46,29.14,29.55,0.74,0.42,0.53,0.72,0.89
2/17/2022 16:45,1.628,-99,7.01,1818,49.9,61.15,45.45,208.651142,79.48,88.1,86,82.4,78.04,27.35,26.57,27.4,28.97,29.51,0.75,0.41,0.51,0.7,0.91
2/17/2022 17:00,1.528,-99,6.58,1819,49.9,61.94,47.05,199.939401,79.08,88,85.8,82.3,77.58,27.31,26.45,27.27,28.67,29.35,0.76,0.41,0.51,0.7,0.92
2/17/2022 17:15,1.433,-99,6.17, ,49.9,63.09,48.53,134.190411,78.45,87.8,85.9,82.4,77.77,27.18,26.23,27.15,28.31,28.99,0.78,0.42,0.51,0.68,0.89
2/17/2022 17:30,1.347,-99,5.8,1821,49.8,65.03,50.59,131.231707,78.25,87.7,85.3,82.4,78.28,26.92,25.96,27.02,27.91,28.44,0.77,0.41,0.52,0.66,0.84
2/17/2022 17:45,1.247,-99,5.37,1822,49.8,66.77,52.45,73.865713,77.94,87.5,84.9,82.1,78.86,26.62,25.57,26.7,27.4,27.77,0.77,0.41,0.53,0.65,0.79
2/17/2022 18:00,1.229,-99,5.29,1821,49.8,68.73,54.39,20.115913,77.6,87.1,84.6,82.1,78.95,26.27,25.21,26.26,26.83,27.13,0.77,0.41,0.53,0.63,0.76
2/17/2022 18:15,1.254,-99,5.4,1822,49.9,68.73,55.15,-1.581253,77.62,86.4,83.7,79.91,75.4,26.06,25.04,26.01,26.61,27.25,0.75,0.43,0.55,0.7,0.89
2/17/2022 18:30,1.287,-99,5.54,1822,49.8,68.56,54.72,-4.539958,75.32,84.3,80.8,76.88,72.32,26.18,25.13,26.21,26.87,27.56,0.84,0.5,0.65,0.82,1.02
2/17/2022 18:45,1.322,-99,5.69,1823,49.8,67.46,54.03,-4.539958,72.88,82,78.1,74.59,70.44,26.22,25.3,26.37,26.94,27.6,0.92,0.58,0.75,0.9,1.09
2/17/2022 19:00,1.342,-99,5.78,1823,49.9,67.2,53.31,-5.033075,71.96,79.41,75.5,72.56,68.9,26.08,25.6,26.6,27.05,27.62,0.95,0.68,0.85,0.98,1.15
2/17/2022 19:15,1.398,-99,6.02,1821,49.9,66.65,52.4,-4.70433,71.42,78.14,74.41,71.29,68.09,25.89,25.63,26.59,27.01,27.52,0.95,0.72,0.89,1.02,1.17
2/17/2022 19:30,1.424,-99,6.13,1822,49.9,66.58,52.02,-4.70433,71.57,76.09,73.21,70.06,67.13,25.56,25.92,26.61,27.08,27.52,0.93,0.8,0.93,1.07,1.21
2/17/2022 19:45,1.468,-99,6.32,1820,49.9,66.1,51.18,-4.70433,71.64,73.84,71.9,68.99,66.22,25.38,26.34,26.76,27.15,27.59,0.92,0.9,0.99,1.12,1.25
2/17/2022 20:00,1.505,-99,6.48,1821,49.8,65.86,50.56,-4.539958,71.68,71.63,71.04,68.17,65.35,25.21,26.76,26.82,27.19,27.67,0.91,1,1.02,1.15,1.28
2/17/2022 20:15,1.496,-99,6.44,1820,49.5,64.91,50.13,-4.868703,71.84,69.93,70.69,67.67,64.54,25.01,27.08,26.81,27.17,27.71,0.89,1.08,1.03,1.16,1.32
2/17/2022 20:30,1.493,-99,6.43,1820,49.7,63.95,49.49,-4.868703,71.53,68.34,70.31,67.16,63.95,24.93,27.36,26.76,27.16,27.72,0.9,1.15,1.04,1.18,1.34
2/17/2022 20:45,1.498,-99,6.45,1820,49.5,62.3,48.94,-4.70433,71.66,67.12,69.67,66.74,63.36,24.79,27.54,26.78,27.16,27.73,0.89,1.21,1.07,1.2,1.36
2/17/2022 21:00,1.475,-99,6.35,1820,49.5,62.3,48.29,-4.70433,71.75,66.2,69.26,66.25,62.94,24.61,27.68,26.77,27.15,27.72,0.87,1.25,1.08,1.21,1.38
2/17/2022 21:15,1.482,-99,6.38,1821,50.1,61.89,48.2,-4.868703,71.81,65.5,68.74,65.81,62.37,24.49,27.76,26.77,27.13,27.77,0.87,1.29,1.1,1.23,1.4
2/17/2022 21:30,1.482,-99,6.38,1819,49.9,61.63,47.96,-4.539958,71.98,64.35,68.31,65.44,61.93,24.29,27.95,26.79,27.11,27.76,0.85,1.34,1.12,1.24,1.42
2/17/2022 21:45,1.489,-99,6.41,1820,49.9,61.85,48.1,-4.70433,71.87,63.7,67.85,65.07,61.54,24.21,28.01,26.77,27.11,27.75,0.85,1.37,1.13,1.25,1.43
2/17/2022 22:00,1.51,-99,6.5,1819,50.1,61.92,48.17,-4.868703,71.78,63.19,67.46,64.61,61.09,24.12,28.06,26.77,27.11,27.77,0.85,1.4,1.14,1.27,1.45
2/17/2022 22:15,1.493,-99,6.43,1820,49.8,62.04,48.12,-4.539958,71.59,62.97,66.95,64.28,60.73,24.03,28.01,26.82,27.1,27.78,0.85,1.4,1.17,1.28,1.47
2/17/2022 22:30,1.496,-99,6.44,1820,50.1,62.35,48.22,-4.539958,71.75,61.92,66.78,63.98,60.37,23.91,28.23,26.79,27.09,27.78,0.84,1.46,1.17,1.29,1.48
2/17/2022 22:45,1.524,-99,6.56,1820,49.8,62.4,48.22,-5.033075,72.1,61.63,66.49,63.94,60.1,23.77,28.24,26.8,27.04,27.78,0.82,1.47,1.18,1.29,1.49
2/17/2022 23:00,1.552,-99,6.68,1821,49.9,62.16,47.93,-4.375585,71.83,61.42,66.11,63.65,59.74,23.8,28.28,26.85,27.07,27.84,0.83,1.48,1.2,1.3,1.51
2/17/2022 23:15,1.547,-99,6.66, ,49.7,61.8,47.84,-4.539958,71.54,60.81,65.67,63.35,59.37,23.83,28.42,26.94,27.14,27.93,0.84,1.52,1.22,1.32,1.53
2/17/2022 23:30,1.554,-99,6.69,1821,49.9,61.94,47.6,-4.70433,71.65,60.79,65.61,63.17,59.26,23.78,28.38,26.9,27.13,27.9,0.83,1.52,1.22,1.32,1.53
2/17/2022 23:45,1.552,-99,6.68,1821,49.9,61.89,48.03,-4.539958,71.68,60.78,65.44,62.99,59.21,23.73,28.36,26.91,27.15,27.9,0.83,1.51,1.23,1.33,1.53
2/18/2022 0:00,1.558,-99,6.71,1822,49.7,62.04,47.81,-4.70433,71.61,60.54,65.3,62.89,58.96,23.73,28.39,26.95,27.17,27.93,0.83,1.53,1.23,1.34,1.54
2/18/2022 0:15,1.547,-99,6.66,1821,49.8,61.58,47.67,-4.211213,72.13,60.43,64.98,62.93,58.84,23.62,28.42,27,27.13,27.94,0.81,1.53,1.25,1.33,1.55
2/18/2022 0:30,1.535,-99,6.61,1820,49.7,62.13,47.79,-4.70433,72.13,60.45,64.88,62.59,58.61,23.57,28.38,27.01,27.18,27.97,0.81,1.53,1.25,1.35,1.56
2/18/2022 0:45,1.577,-99,6.79,1822,49.9,62.47,47.5,-4.70433,71.28,59.91,64.62,62.4,58.36,23.72,28.48,27.03,27.2,28.01,0.84,1.56,1.26,1.36,1.57
2/18/2022 1:00,1.579,-99,6.8,1821,49.8,61.94,47.48,-5.033075,70.99,59.62,64.46,62.13,58.24,23.71,28.48,26.96,27.18,27.97,0.85,1.57,1.26,1.36,1.58
2/18/2022 1:15,1.568,-99,6.75,1821,49.8,61.82,47.33,-4.375585,70.52,59.73,64.38,61.97,58.12,23.78,28.4,26.99,27.21,27.97,0.87,1.56,1.27,1.37,1.58
2/18/2022 1:30,1.584,-99,6.82,1821,49.8,61.92,47.57,-4.211213,70.3,59.24,64.12,61.84,57.94,23.79,28.55,27.01,27.18,27.99,0.88,1.59,1.28,1.37,1.59
2/18/2022 1:45,1.563,-99,6.73,1821,49.8,61.63,47.36,-4.539958,70.55,59.45,63.96,61.98,57.85,23.68,28.44,27.02,27.12,27.99,0.86,1.57,1.29,1.37,1.59
2/18/2022 2:00,1.579,-99,6.8,1822,49.8,61.61,47.48,-4.539958,70.53,59.45,63.92,61.76,57.64,23.65,28.41,27.01,27.16,27.99,0.86,1.57,1.29,1.38,1.6
2/18/2022 2:15,1.596,-99,6.87,1821,49.8,61.49,47.26,-4.868703,70.41,59.17,63.45,61.72,57.49,23.62,28.48,27.13,27.15,28.05,0.86,1.59,1.31,1.38,1.61
2/18/2022 2:30,1.621,-99,6.98,1821,49.8,62.23,47.14,-4.211213,70.43,58.86,63.24,61.65,57.35,23.6,28.55,27.17,27.15,28.03,0.86,1.61,1.32,1.38,1.61
2/18/2022 2:45,1.635,-99,7.04,1821,49.8,61.65,47.02,-4.04684,70.29,58.86,63.11,61.32,57.23,23.63,28.5,27.13,27.17,28.03,0.87,1.6,1.33,1.39,1.62
2/18/2022 3:00,1.621,-99,6.98,1821,50.1,61.87,47.12,-5.36182,69.87,58.92,62.89,61.11,56.94,23.62,28.41,27.1,27.17,28,0.88,1.59,1.33,1.4,1.63
2/18/2022 3:15,1.617,-99,6.96,1821,49.9,61.63,46.88,-4.868703,69.8,58.6,62.4,60.92,56.86,23.58,28.46,27.2,27.16,28,0.88,1.61,1.36,1.41,1.63
2/18/2022 3:30,1.647,-99,7.09,1821,49.8,61.85,46.71,-4.539958,70.02,58.69,62.18,60.99,56.67,23.48,28.41,27.24,27.13,28.04,0.87,1.6,1.37,1.4,1.64
2/18/2022 3:45,1.644,-99,7.08,1822,50.1,61.58,46.64,-4.70433,69.62,58.46,62.25,60.95,56.63,23.64,28.45,27.19,27.12,28.06,0.89,1.61,1.36,1.4,1.65
2/18/2022 4:00,1.635,-99,7.04,1821,49.9,61.39,46.59,-4.539958,68.86,58.82,62.48,60.69,56.58,23.81,28.32,27.14,27.18,28.04,0.92,1.59,1.35,1.42,1.65
2/18/2022 4:15,1.654,-99,7.12,1822,49.6,61.61,46.45,-4.375585,68.47,58.65,62.37,60.66,56.58,23.93,28.42,27.18,27.21,28.07,0.94,1.6,1.36,1.42,1.65
2/18/2022 4:30,1.658,-99,7.14,1822,50.1,61.15,46.45,-4.868703,68.48,58.45,62.48,60.9,56.54,23.95,28.54,27.18,27.17,28.12,0.94,1.62,1.35,1.41,1.65
2/18/2022 4:45,1.635,-99,7.04,1822,49.9,60.98,46.35,-4.375585,68.54,58.81,62.57,60.86,56.67,23.98,28.45,27.19,27.24,28.14,0.94,1.6,1.35,1.42,1.65
2/18/2022 5:00,1.665,-99,7.17, ,50.1,61.3,46.28,-4.539958,68.37,58.97,62.81,60.81,56.81,24.06,28.47,27.19,27.26,28.13,0.95,1.59,1.34,1.42,1.64
2/18/2022 5:15,1.658,-99,7.14,1822,50.1,61.22,46.26,-4.70433,68.19,58.27,62.69,60.97,56.76,24.11,28.69,27.22,27.24,28.14,0.96,1.64,1.35,1.41,1.65
2/18/2022 5:30,1.658,-99,7.14,1822,49.9,61.03,46.33,-4.70433,67.98,58.79,62.78,60.65,56.87,24.18,28.49,27.18,27.31,28.1,0.97,1.6,1.34,1.43,1.64
2/18/2022 5:45,1.682,-99,7.24,1822,49.9,61.75,46.02,-4.375585,67.58,58.34,62.79,60.68,56.66,24.24,28.61,27.16,27.29,28.15,0.98,1.63,1.34,1.43,1.65
2/18/2022 6:00,1.698,-99,7.31,1823,50.1,61.75,45.97,-4.70433,67.26,57.52,62.54,60.62,56.5,24.21,28.78,27.15,27.22,28.08,0.99,1.68,1.35,1.42,1.65
2/18/2022 6:15,1.679,-99,7.23,1822,49.9,61.44,46.04,-4.539958,67.19,58.27,62.13,60.31,56.48,24.18,28.45,27.19,27.26,28.03,0.99,1.62,1.37,1.44,1.65
2/18/2022 6:30,1.721,-99,7.41,1823,49.9,61.37,45.88,-4.70433,66.81,57.63,62.26,60.17,56.45,24.23,28.68,27.18,27.28,28.09,1,1.67,1.36,1.44,1.65
2/18/2022 6:45,1.705,-99,7.34,1822,49.9,61.15,45.66,-4.70433,67.06,57.73,62.23,60.41,56.47,24.19,28.68,27.18,27.24,28.04,0.99,1.66,1.36,1.43,1.65
2/18/2022 7:00,1.712,-99,7.37,1823,49.6,59.93,45.4,-1.252508,67.17,57.66,62.23,60.4,56.59,24.22,28.71,27.2,27.24,28.04,0.99,1.67,1.36,1.43,1.64
2/18/2022 7:15,1.814,-99,7.81,1821,49.6,58.57,43.58,8.281095,62.73,63.08,62.36,59.81,56.73,25.92,27.19,27.2,27.47,28.14,1.25,1.33,1.36,1.47,1.65
2/18/2022 7:30,2.283,-99,9.83,1821,49.8,53.31,38.25,29.1564,57.41,67.62,63.3,60.23,57.42,27.39,26.16,27.1,27.54,28.12,1.55,1.1,1.32,1.46,1.62
2/18/2022 7:45,2.613,-99,11.25,1819,49.9,50.06,34.28,46.744254,57.15,69.65,64.8,60.63,57.46,27.76,26.16,27.22,27.9,28.59,1.6,1.03,1.27,1.48,1.66
2/18/2022 8:00,2.885,-99,12.42,1819,49.7,47.29,33.16,68.770166,58.52,71,66.36,61.5,58.31,27.91,26.54,27.58,28.3,28.96,1.56,1.01,1.24,1.48,1.67
2/18/2022 8:15,9.727,-99,41.88,1818,49.9,46.14,33.54,88.823608,60.81,72.25,67.57,62.18,59.6,27.8,26.84,27.93,28.61,29.16,1.46,0.98,1.22,1.48,1.63
2/18/2022 8:30,10.877,-99,46.83,1814,49.7,43.17,33.64,113.972597,63.56,74.07,67.67,63.11,61.44,27.57,26.84,28.22,28.82,29.51,1.34,0.92,1.24,1.46,1.59
2/18/2022 8:45,11.037,-99,47.52,1810,49.7,41.33,33.52,270.29082,66.07,76.1,69.84,64.62,68.41,27.43,26.88,28.15,28.95,30.7,1.24,0.85,1.15,1.41,1.4
2/18/2022 9:00,11.676,-99,50.27,1809,49.6,38.11,33.09,172.489198,67.53,77.51,71.32,65.64,69.05,27.52,27.09,28.33,29.27,32.24,1.19,0.81,1.11,1.4,1.49
2/18/2022 9:15,12.939,-99,55.71,1804,49.3,45.54,39.02,243.00499,66.8,76.17,68.38,63.9,65.5,26.9,26.94,28.58,29.55,33.45,1.18,0.85,1.24,1.49,1.78
2/18/2022 9:30,13.713,-99,59.04,1802,49.5,52.5,40.11,500.247913,67.29,76.02,66.99,62.95,64.44,26.53,26.74,28.7,29.65,33.99,1.13,0.84,1.3,1.54,1.89
2/18/2022 9:45,13.062,-99,56.24,1798,49.3,44.39,38.44,232.813896,67.65,75.93,66.61,62.92,61.66,26.45,26.84,28.83,29.73,34.79,1.12,0.85,1.32,1.55,2.13
2/18/2022 10:00,13.625,-99,58.66,1796,49.3,43.01,38.73,282.783128,68.54,76.12,66.83,63.53,58.38,26.44,26.87,28.95,29.89,35.73,1.09,0.84,1.32,1.54,2.44
2/18/2022 10:15,13.618,-99,58.63,1794,48.8,42.15,38.97,260.099727,69.21,76.61,66.86,63.58,57.5,26.45,26.9,29.12,30.04,36.56,1.06,0.83,1.34,1.55,2.6
2/18/2022 10:30,13.578,-99,58.46,1793,48.3,42.1,39.02,276.208229,69.34,76.77,66.79,63.59,55.16,26.59,27.01,29.28,30.25,37.1,1.07,0.83,1.35,1.57,2.83
2/18/2022 10:45,13.58,-99,58.47,1792,48.2,42.41,38.9,422.664105,69.94,77.29,66.7,63.57,52.76,26.63,27.02,29.45,30.43,37.07,1.05,0.81,1.37,1.58,2.98
2/18/2022 11:00,13.411,-99,57.74,1793,48.1,43.1,39.21,488.577467,70.89,77.95,66.99,64.38,52.96,26.55,27.05,29.57,30.6,36.35,1.01,0.79,1.37,1.56,2.85
2/18/2022 11:15,13.815,-99,59.48,1791,48,42.84,39.18,386.995278,71.53,77.22,69.38,66.88,55.14,26.39,26.94,29.12,30.81,35.5,0.98,0.81,1.24,1.47,2.59
2/18/2022 11:30,13.72,-99,59.07,1790,47.8,42.7,39.18,841.978288,72.18,78.37,72.95,69.45,57.67,26.37,26.7,28.4,30.82,34.92,0.96,0.76,1.05,1.36,2.37
2/18/2022 11:45,13.367,-99,57.55,1790,47.2,42.77,38.9,817.979907,73.08,79.32,74.88,71.12,59.38,26.32,26.61,28.2,30.91,34.56,0.92,0.72,0.96,1.29,2.23
2/18/2022 12:00,13.717,-99,59.06,1790,46.9,42.77,38.56,817.651162,73.84,80.3,75.84,72.54,59.95,26.34,26.51,28.15,31.05,34.47,0.9,0.68,0.92,1.24,2.19
2/18/2022 12:15,13.053,-99,56.2,1790,46.7,43.61,38.25,916.932137,74.55,81.3,76.81,72.75,60.14,26.3,26.42,28.06,31.19,34.4,0.87,0.64,0.88,1.24,2.17
2/18/2022 12:30,13.004,-99,55.99,1791,46.4,44.42,37.46,492.522407,74.43,81.4,76.79,71.54,60.05,26.27,26.3,27.9,31.14,34.28,0.87,0.64,0.87,1.29,2.16
2/18/2022 12:45,12.138,-99,52.26,1791,46.6,44.51,36.39,445.840624,74.98,81.7,77.27,72.11,60.33,26.07,26.17,27.75,30.96,33.85,0.84,0.62,0.85,1.25,2.09
2/18/2022 13:00,11.866,-99,51.09,1792,46.4,44.47,35.57,450.93617,75.87,82.2,77.39,72.48,62.18,25.99,26.06,27.66,30.79,33.08,0.81,0.6,0.84,1.22,1.91
2/18/2022 13:15,11.667,-99,50.23,1792,46.5,46.43,35.31,379.927261,75.48,82.1,77.23,72.56,64.21,26.25,26.12,27.71,30.66,32.35,0.84,0.61,0.85,1.21,1.74
2/18/2022 13:30,11.265,-99,48.5,1793,46.4,47.62,34.88,359.051957,74.52,82,77.1,72.66,65.87,26.49,26.18,27.73,30.56,31.8,0.88,0.61,0.85,1.2,1.6
2/18/2022 13:45,10.679,-99,45.98,1794,46.5,50.11,34.88,363.983131,73.86,82,76.91,72.71,67.26,26.58,26.13,27.75,30.5,31.24,0.91,0.61,0.86,1.19,1.49
2/18/2022 14:00,9.651,-99,41.55,1796,46.2,51.04,34.59,361.188799,74.21,82.5,77.72,74.2,69.61,26.35,25.8,27.4,30.14,30.56,0.89,0.58,0.81,1.1,1.33
2/18/2022 14:15,3.21,-99,13.82,1797,46.3,52.35,34.64,352.970175,75.86,83.4,79.03,75.38,71.55,26.03,25.64,27.12,29.94,30.17,0.81,0.55,0.75,1.04,1.22
2/18/2022 14:30,3.031,-99,13.05,1800,46.6,53.74,35.02,336.368555,76.48,83.7,79.54,75.72,72.41,25.93,25.58,27.03,29.87,29.94,0.79,0.53,0.73,1.02,1.17
2/18/2022 14:45,2.896,-99,12.47,1802,46.6,54.96,35.6,313.356409,76.55,83.8,79.73,75.56,73.37,25.92,25.56,26.96,29.94,29.67,0.78,0.53,0.72,1.03,1.11
2/18/2022 15:00,2.65,-99,11.41,1804,46.9,51.59,35.64,275.386367,77.1,84.3,80.1,75.71,73.98,25.88,25.54,26.91,29.91,29.52,0.76,0.51,0.71,1.03,1.07
2/18/2022 15:15,2.471,-99,10.64,1806,47.1,54.17,35.96,238.895678,80.5,87.5,83.1,76.93,75.74,26.34,25.97,27.11,29.95,29.63,0.67,0.42,0.61,0.98,1.01
2/18/2022 15:30,2.639,-99,11.36,1807,47.2,57.57,37.87,236.594463,77.19,85.2,81.9,76.18,75.34,26.39,25.88,27.25,30.15,29.7,0.78,0.49,0.65,1.02,1.03
2/18/2022 15:45,2.527,-99,10.88,1808,47.4,58.38,38.61,286.23495,76.8,84.7,80.6,76.06,74.88,26.13,25.63,27.15,29.84,29.53,0.79,0.5,0.7,1.01,1.04
2/18/2022 16:00,2.432,-99,10.47,1809,47.4,58.47,39.16,242.018755,76.86,85,80.3,76.6,74.58,25.95,25.46,27.06,29.42,29.34,0.78,0.49,0.7,0.96,1.04
2/18/2022 16:15,2.348,-99,10.11,1809,47.7,59.38,39.95,222.294058,76.8,85,80.3,77.16,74.43,25.86,25.35,26.91,28.99,29.08,0.77,0.49,0.7,0.91,1.03
2/18/2022 16:30,2.255,-99,9.71,1810,47.9,60.27,40.76,363.818759,76.64,84.9,80.3,77.36,74.43,25.73,25.21,26.71,28.63,28.79,0.77,0.48,0.69,0.89,1.01
2/18/2022 16:45,2.179,-99,9.38, ,48,60.98,41.96,171.33859,76.44,84.9,80.3,77.56,74.2,25.63,25.09,26.47,28.25,28.56,0.77,0.48,0.68,0.86,1.01
2/18/2022 17:00,2.037,-99,8.77,1811,48,61.39,43.13,162.791222,76.02,84.9,80.9,77.54,73.75,25.53,24.94,26.08,27.85,28.26,0.78,0.48,0.65,0.84,1.01
2/18/2022 17:15,1.86,-99,8.01,1811,48.2,61.18,44.61,113.972597,75.4,85,82.7,77.71,74.24,25.45,24.79,25.88,27.31,27.71,0.8,0.47,0.58,0.81,0.96
2/18/2022 17:30,1.63,-99,7.02,1812,48.6,62.18,46.9,141.094055,79.49,87.6,83.9,80.3,77.3,25.4,24.8,25.88,26.91,27.26,0.67,0.39,0.54,0.7,0.82
2/18/2022 17:45,1.498,-99,6.45,1813,48.6,63.06,48.74,83.728061,79.13,87.4,84.3,80.9,77.52,25.38,24.77,25.79,26.61,26.98,0.68,0.39,0.52,0.67,0.8
2/18/2022 18:00,1.377,-99,5.93,1814,48.6,64.76,50.63,25.704578,77.62,85.9,83.2,80.3,76.81,25.38,24.74,25.69,26.3,26.66,0.73,0.44,0.55,0.67,0.81
2/18/2022 18:15,1.198,-99,5.16,1815,48.7,65.34,53.41,-0.430646,76.63,85.2,82.6,79.98,76.85,25.33,24.62,25.45,25.93,26.24,0.75,0.46,0.57,0.67,0.79
2/18/2022 18:30,1.052,-99,4.53,1815,48.8,68.66,55.8,-4.539958,76.2,84.8,82.4,80.1,77.44,25.16,24.41,25.18,25.58,25.73,0.76,0.46,0.56,0.65,0.75
2/18/2022 18:45,0.971,-99,4.18,1816,48.8,68.11,57.71,-5.197448,75.36,84.1,82.1,79.97,77.46,24.94,24.18,24.85,25.2,25.33,0.78,0.48,0.56,0.64,0.73
2/18/2022 19:00,0.871,-99,3.75,1816,48.8,68.28,59.17,-4.868703,74.76,83.3,81.5,79.65,77.03,24.64,23.96,24.58,24.87,25.03,0.78,0.5,0.57,0.64,0.73
2/18/2022 19:15,0.827,-99,3.56,1816,48.7,69.62,60.44,-4.70433,74.38,82.3,81.1,79.28,76.44,24.33,23.8,24.24,24.52,24.76,0.78,0.52,0.57,0.64,0.74
2/18/2022 19:30,0.78,-99,3.36,1815,48.8,69.07,61.01,-4.539958,74.25,81.8,81,79,76.22,24.01,23.58,23.91,24.22,24.44,0.77,0.53,0.56,0.63,0.73
2/18/2022 19:45,0.708,-99,3.05,1816,49,67.42,61.22,-4.868703,74.44,80.8,80,78.62,75.5,23.6,23.59,23.85,23.99,24.32,0.74,0.56,0.59,0.64,0.75
2/18/2022 20:00,0.708,-99,3.05,1817,48.9,66.87,60.15,-4.375585,76,78.72,75.31,76.48,71.75,23.07,23.96,24.83,24.37,25.07,0.68,0.63,0.77,0.72,0.9
2/18/2022 20:15,0.72,-99,3.1,1816,48.9,64.4,58.98,-4.868703,76.63,78.44,73.08,74.36,70.02,22.83,23.87,25.21,24.68,25.33,0.65,0.64,0.86,0.8,0.97
2/18/2022 20:30,0.741,-99,3.19,1816,48.8,64.31,58.62,-4.868703,76.65,78.73,72.19,73.35,69.28,22.71,23.7,25.31,24.81,25.41,0.64,0.62,0.9,0.83,1
2/18/2022 20:45,0.771,-99,3.32,1817,49,66.79,58.95,-5.033075,76.64,78.93,71.28,72.48,68.67,22.62,23.53,25.41,24.88,25.44,0.64,0.61,0.93,0.87,1.02
2/18/2022 21:00,0.792,-99,3.41,1817,48.9,64.86,58.19,-4.375585,76.63,78.94,68.36,71.03,67.49,22.57,23.47,26.19,25.21,25.71,0.64,0.61,1.08,0.93,1.07
2/18/2022 21:15,0.841,-99,3.62,1817,49,64.36,57.18,-4.375585,76.58,78.42,65.56,68.91,65.28,22.65,23.67,26.9,25.74,26.31,0.64,0.63,1.22,1.03,1.19
2/18/2022 21:30,0.894,-99,3.85,1817,49,64.26,55.99,-4.539958,76.06,77.51,65.1,68.06,64.43,22.79,23.92,27.05,25.96,26.56,0.66,0.67,1.25,1.07,1.24
2/18/2022 21:45,0.931,-99,4.01,1817,48.9,64.48,55.82,-4.211213,75.49,77.09,64.74,67.56,63.9,22.92,24.01,27.13,26.09,26.67,0.69,0.68,1.27,1.1,1.26
2/18/2022 22:00,1.013,-99,4.36,1817,49,65.72,55.3,-4.868703,75,76.53,65.34,67.43,63.91,23,24.12,26.91,26.08,26.63,0.7,0.71,1.23,1.1,1.26
2/18/2022 22:15,1.017,-99,4.38,1817,49.1,66.01,55.7,-4.70433,74.68,76.47,67.66,68.67,65.42,22.96,24.06,26.2,25.65,26.14,0.71,0.7,1.1,1.03,1.17
2/18/2022 22:30,1.01,-99,4.35,1816,49,63.85,55.75,-4.70433,74.65,76.73,67.5,69.21,65.82,22.87,23.89,26.15,25.43,25.94,0.71,0.69,1.1,1,1.14
2/18/2022 22:45,0.994,-99,4.28, ,49,65.12,55.61,-4.539958,74.7,76.92,66.69,68.82,65.47,22.76,23.77,26.32,25.47,25.96,0.7,0.68,1.14,1.02,1.16
2/18/2022 23:00,0.985,-99,4.24,1817,49,64.12,55.37,-4.70433,74.68,76.9,65.4,68.08,64.77,22.75,23.74,26.65,25.65,26.13,0.7,0.68,1.21,1.05,1.19
2/18/2022 23:15,1.017,-99,4.38,1817,49.1,64.21,54.55,-4.539958,74.43,76.39,64.24,66.99,63.78,22.8,23.86,26.92,25.89,26.35,0.71,0.7,1.27,1.1,1.24
2/18/2022 23:30,1.027,-99,4.42,1818,49,63.83,54.58,-4.70433,74.23,76.03,64.06,66.6,63.31,22.82,23.91,26.94,25.97,26.44,0.72,0.71,1.28,1.12,1.27
2/18/2022 23:45,1.038,-99,4.47,1817,49,64.12,53.93,-5.033075,74.16,75.87,63.67,66.28,63.01,22.83,23.97,27.06,26.03,26.55,0.72,0.72,1.3,1.14,1.28
2/19/2022 0:00,1.041,-99,4.48,1818,49,63.06,53.55,-4.211213,74.13,75.77,63.82,66,62.54,22.87,24,27.08,26.16,26.7,0.72,0.72,1.3,1.15,1.31
2/19/2022 0:15,1.075,-99,4.63,1818,49.1,63.42,53,-4.539958,74.06,75.67,63.69,65.89,62.24,22.92,24.08,27.15,26.22,26.85,0.73,0.73,1.31,1.16,1.33
2/19/2022 0:30,1.099,-99,4.73,1817,49,62.99,52.71,-4.868703,73.81,75.46,63.2,65.42,61.98,22.97,24.15,27.27,26.33,26.87,0.73,0.74,1.33,1.19,1.35
2/19/2022 0:45,1.11,-99,4.78,1817,49,62.97,52.47,-4.868703,73.71,75.29,63.22,65.21,61.76,23.01,24.17,27.25,26.36,26.95,0.74,0.74,1.33,1.19,1.36
2/19/2022 1:00,1.129,-99,4.86,1818,49,63.06,52.38,-4.868703,73.61,75.11,63.36,65.03,61.63,22.99,24.2,27.2,26.39,26.99,0.74,0.75,1.32,1.2,1.37
2/19/2022 1:15,1.145,-99,4.93,1818,49.1,63.06,52.04,-4.375585,73.56,75.12,63.31,65.09,61.53,23.04,24.22,27.23,26.4,27.03,0.74,0.75,1.33,1.2,1.37
2/19/2022 1:30,1.145,-99,4.93,1817,49,63.81,52.26,-4.539958,73.35,74.97,62.93,65.02,61.65,23.08,24.25,27.34,26.41,26.97,0.75,0.76,1.35,1.2,1.36
2/19/2022 1:45,1.157,-99,4.98,1817,49,63.28,52.07,-4.868703,73.27,74.82,63.1,65.17,61.66,23.1,24.28,27.28,26.36,26.98,0.76,0.76,1.34,1.2,1.37
2/19/2022 2:00,1.175,-99,5.06,1818,49,63.02,51.97,-4.539958,73.07,74.92,63.07,65.14,61.6,23.13,24.26,27.29,26.36,27,0.76,0.76,1.34,1.2,1.37
2/19/2022 2:15,1.168,-99,5.03,1817,49.1,62.8,51.78,-5.033075,73.09,74.85,62.99,65.13,61.6,23.18,24.3,27.33,26.39,27,0.76,0.76,1.35,1.2,1.37
2/19/2022 2:30,1.175,-99,5.06,1817,49.1,62.83,51.9,-4.539958,73.1,74.85,63.37,65.12,61.58,23.18,24.28,27.22,26.39,27.01,0.76,0.76,1.32,1.2,1.37
2/19/2022 2:45,1.18,-99,5.08,1818,49.1,63.52,51.9,-4.70433,73.14,74.88,63.13,65.04,61.45,23.16,24.3,27.29,26.42,27.06,0.76,0.76,1.34,1.2,1.38
2/19/2022 3:00,1.175,-99,5.06,1818,49.4,62.68,51.97,-4.868703,73.19,74.71,62.88,64.9,61.36,23.15,24.32,27.36,26.46,27.09,0.76,0.77,1.35,1.21,1.38
2/19/2022 3:15,1.198,-99,5.16,1818,49.5,63.09,51.69,-4.539958,73.2,74.61,62.87,64.83,61.34,23.15,24.35,27.36,26.47,27.1,0.76,0.77,1.35,1.22,1.39
2/19/2022 3:30,1.185,-99,5.1,1818,49.5,63.54,51.76,-4.539958,73.04,74.47,62.95,64.69,61.09,23.15,24.36,27.29,26.46,27.12,0.76,0.78,1.34,1.22,1.4
2/19/2022 3:45,1.222,-99,5.26,1818,49.4,63.21,51.35,-4.868703,72.92,74.43,62.78,64.68,61.07,23.14,24.31,27.31,26.42,27.09,0.77,0.78,1.35,1.22,1.4
2/19/2022 4:00,1.215,-99,5.23,1818,49.4,62.87,51.23,-4.70433,72.84,74.44,62.51,64.59,61.03,23.14,24.31,27.33,26.43,27.09,0.77,0.78,1.36,1.22,1.4
2/19/2022 4:15,1.231,-99,5.3,1818,49,63.23,51.21,-4.375585,72.85,74.41,62.64,64.58,61.02,23.13,24.32,27.32,26.42,27.08,0.77,0.78,1.36,1.22,1.4
2/19/2022 4:30,1.238,-99,5.33,1819,49.1,62.75,51.09,-4.375585,72.86,74.47,62.73,64.54,60.92,23.12,24.29,27.3,26.43,27.1,0.77,0.78,1.35,1.22,1.4
2/19/2022 4:45,1.233,-99,5.31, ,49.1,62.99,51.04,-5.033075,72.91,74.4,62.5,64.46,60.89,23.12,24.32,27.35,26.45,27.1,0.77,0.78,1.36,1.23,1.4
2/19/2022 5:00,1.245,-99,5.36,1819,49.3,63.23,50.85,-4.539958,72.87,74.4,62.58,64.43,60.87,23.13,24.31,27.31,26.46,27.12,0.77,0.78,1.36,1.23,1.4
2/19/2022 5:15,1.257,-99,5.41,1819,49,63.09,50.82,-5.033075,72.81,74.54,62.78,64.43,60.87,23.11,24.26,27.25,26.45,27.08,0.77,0.77,1.35,1.23,1.4
2/19/2022 5:30,1.257,-99,5.41,1819,49.4,62.37,50.73,-4.868703,72.87,74.49,62.39,64.35,60.78,23.13,24.26,27.34,26.47,27.12,0.77,0.77,1.37,1.23,1.41
2/19/2022 5:45,1.245,-99,5.36,1818,49.4,62.83,50.68,-4.868703,72.82,74.5,62.52,64.33,60.81,23.15,24.29,27.36,26.48,27.14,0.77,0.77,1.36,1.23,1.41
2/19/2022 6:00,1.261,-99,5.43,1819,49.4,62.63,50.51,-4.868703,72.79,74.44,62.6,64.37,60.85,23.17,24.33,27.33,26.49,27.14,0.77,0.78,1.36,1.23,1.41
2/19/2022 6:15,1.266,-99,5.45,1819,49.5,62.44,50.56,-4.539958,72.76,74.55,62.56,64.45,60.86,23.2,24.33,27.39,26.5,27.18,0.77,0.77,1.37,1.23,1.41
2/19/2022 6:30,1.282,-99,5.52,1818,49.4,62.59,50.13,-4.539958,72.75,74.61,62.51,64.43,60.89,23.23,24.35,27.4,26.52,27.16,0.78,0.77,1.37,1.23,1.41
2/19/2022 6:45,1.296,-99,5.58,1819,49.5,62.42,50.04,-4.375585,72.84,74.75,62.79,64.63,60.92,23.21,24.33,27.36,26.5,27.19,0.77,0.77,1.35,1.22,1.41
2/19/2022 7:00,1.336,-99,5.75,1819,49.5,61.87,49.94,-0.923763,72.8,74.81,62.92,64.61,60.79,23.24,24.34,27.32,26.51,27.23,0.78,0.77,1.35,1.23,1.42
2/19/2022 7:15,1.342,-99,5.78,1818,49.5,61.37,48.89,9.102958,73.26,68.69,65.49,65.15,61.05,23.66,26.06,26.73,26.47,27.28,0.78,1.06,1.21,1.2,1.41
2/19/2022 7:30,1.907,-99,8.21,1818,49.5,53.86,40.93,31.128869,68.45,68.07,68.37,65.53,61.44,24.88,26.36,26.16,26.54,27.34,0.99,1.1,1.07,1.2,1.4
2/19/2022 7:45,2.285,-99,9.84,1817,49.4,49.15,34.69,49.045469,63.94,70.39,69.47,65.93,61.46,26.29,26.25,26.4,26.94,27.84,1.23,1.01,1.05,1.21,1.44
2/19/2022 8:00,2.627,-99,11.31,1815,49.4,45.97,32.61,69.427656,62.08,72.36,70.29,67.08,62.14,27.16,26.36,26.89,27.22,28.21,1.36,0.95,1.05,1.19,1.45
2/19/2022 8:15,2.896,-99,12.47,1813,49.5,44.92,32.87,89.152353,62.84,73.54,70.52,68.57,64.43,27.52,26.58,27.22,27.49,28.73,1.37,0.92,1.06,1.15,1.4
2/19/2022 8:30,10.768,-99,46.36,1810,49.4,43.25,33.56,112.657617,65.13,75.37,71.19,71.42,70.53,27.42,26.55,27.5,27.54,29.99,1.27,0.86,1.06,1.05,1.25
2/19/2022 8:45,11.225,-99,48.33,1806,49,41.24,33.56,299.877866,68.39,77.69,72.96,73.91,68.36,27.17,26.52,27.63,27.56,31.46,1.14,0.77,1,0.96,1.46
2/19/2022 9:00,2.237,-99,9.63,1806,48.9,28.71,32.51,174.62604,70.19,79.16,74.43,75.01,66.71,27.12,26.6,27.8,27.8,32.56,1.07,0.73,0.96,0.93,1.63
2/19/2022 9:15,14.043,-99,60.46,1798,49,42.22,39.97,250.401751,69.15,77.95,74.07,72.56,63.24,26.92,26.42,27.65,28.38,33.36,1.09,0.76,0.96,1.06,1.89
2/19/2022 9:30,13.813,-99,59.47,1795,48.8,51.09,40.95,460.798519,69.75,78.13,74.35,70.77,60.67,26.76,26.36,27.55,28.91,33.56,1.06,0.75,0.94,1.16,2.04
2/19/2022 9:45,14.27,-99,61.44,1790,48.6,43.03,39.88,255.826043,70.18,78.13,74.97,69.92,60.06,26.79,26.47,27.57,29.35,33.92,1.05,0.76,0.92,1.23,2.12
2/19/2022 10:00,14.319,-99,61.65,1788,48.3,41.6,40.4,286.399323,70.86,78.56,75.59,69.85,61.69,26.86,26.54,27.68,29.8,34.64,1.03,0.74,0.91,1.26,2.11
2/19/2022 10:15,14.133,-99,60.85,1784,48.1,41.74,40.69,268.482723,71.73,79.13,76.24,69.97,59.98,26.86,26.6,27.8,30.27,35.91,1,0.73,0.89,1.29,2.37
2/19/2022 10:30,14.412,-99,62.05,1783,48,41.67,40.78,287.714303,72.56,80.1,76.87,70.26,57.09,26.88,26.56,27.93,30.68,37.26,0.97,0.69,0.87,1.31,2.73
2/19/2022 10:45,13.901,-99,59.85,1782,47.7,41.31,40.28,353.29892,73.32,80.9,76.93,69.48,58.29,26.87,26.53,28.03,31.01,37.66,0.94,0.66,0.87,1.37,2.71
2/19/2022 11:00,14.263,-99,61.41,1781,47.2,42.48,40.88,395.378274,72.92,80.6,75.81,67.62,54.94,26.83,26.44,28.12,30.97,39.7,0.96,0.67,0.92,1.45,3.27
2/19/2022 11:15,14.04,-99,60.45,1780,46.7,40.83,40.14,441.238194,73.6,81.3,76.02,75.39,52.4,26.8,26.32,28.21,31.84,38.68,0.93,0.64,0.92,1.16,3.27
2/19/2022 11:30,14.277,-99,61.47,1780,46.5,41.53,40.28,746.806625,75.46,83.1,78.11,72.13,58.54,26.77,26.38,28.28,32.47,36.4,0.86,0.58,0.84,1.36,2.52
2/19/2022 11:45,13.896,-99,59.83,1780,46.3,41.93,40.33,965.915135,76.52,83.9,79.02,72.35,60.88,26.61,26.28,28.24,32.5,35.9,0.82,0.55,0.8,1.35,2.31
2/19/2022 12:00,13.81,-99,59.46,1781,46,42.1,39.88,870.579099,77.1,84.5,79.29,72.62,60.65,26.49,26.19,28.21,32.58,35.49,0.79,0.53,0.79,1.35,2.27
2/19/2022 12:15,13.985,-99,60.21,1781,45.8,42.39,39.3,931.232542,77.45,84.8,79.63,73,62.2,26.44,26.12,28.17,32.67,34.94,0.78,0.51,0.78,1.33,2.12
2/19/2022 12:30,13.534,-99,58.27,1781,45.6,43.01,38.87,649.333748,77.95,85.2,80,73.18,63.24,26.38,26.08,28.12,32.76,34.65,0.76,0.5,0.76,1.33,2.03
2/19/2022 12:45,13.009,-99,56.01,1780,45.6,43.08,37.99,461.949126,78.3,85.5,80.4,73.45,64.55,26.34,26.03,28.01,32.83,34.35,0.74,0.49,0.74,1.32,1.92
2/19/2022 13:00,12.424,-99,53.49,1781,45.4,43.58,37.32,421.349125,78.68,85.8,80.8,73.82,66.04,26.3,26,28,32.89,33.99,0.73,0.48,0.73,1.31,1.81
2/19/2022 13:15,12.224,-99,52.63,1782,45.5,44.23,36.31,385.515925,78.86,86.2,81,74.19,67.68,26.32,25.95,27.96,32.97,33.64,0.72,0.46,0.72,1.3,1.69
2/19/2022 13:30,11.908,-99,51.27,1784,45.4,45.47,35.5,363.490014,78.98,86.3,81,74.46,68.61,26.29,25.92,27.96,33.03,33.51,0.72,0.46,0.72,1.29,1.62
2/19/2022 13:45,11.372,-99,48.96,1787,45.5,46.5,34.74,364.147504,79.07,86.3,80.9,74.92,69.59,26.29,25.92,28.02,33.1,33.36,0.72,0.46,0.72,1.27,1.56
2/19/2022 14:00,10.663,-99,45.91,1790,45.5,47.57,34.26,365.133738,79.13,86.3,80.9,74.95,70.97,26.24,25.9,28.01,33.12,33.11,0.71,0.46,0.72,1.27,1.47
2/19/2022 14:15,9.806,-99,42.22,1792,45.4,49.13,33.92,356.257625,79.23,86.4,80.9,75.26,71.64,26.26,25.89,28.01,33.05,32.91,0.71,0.45,0.72,1.25,1.42
2/19/2022 14:30,3.221,-99,13.87,1794,45.5,50.71,33.92,341.464102,79.03,86.4,80.8,75.2,72.19,26.31,25.86,27.99,33.02,32.72,0.72,0.45,0.73,1.25,1.38
2/19/2022 14:45,3.038,-99,13.08,1797,45.5,52.4,34.28,316.479486,78.63,86.2,81.2,74.98,72.75,26.37,25.88,27.84,32.99,32.5,0.73,0.46,0.7,1.26,1.33
2/19/2022 15:00,2.657,-99,11.44,1799,45.5,47.43,33.88,278.509444,79.04,86.4,81.2,74.86,73.33,26.36,25.9,27.82,32.82,32.23,0.72,0.45,0.7,1.25,1.28
2/19/2022 15:15,2.367,-99,10.19,1801,45.7,-99,33.18,244.977459,84,90.4,85.8,76.12,75.37,27.09,26.75,28.2,32.82,32.22,0.57,0.34,0.54,1.19,1.19
2/19/2022 15:30,2.413,-99,10.39,1803,46,54.98,34.52,251.881103,83.6,90.3,86,75.98,76.06,27.71,27.16,28.72,32.61,31.92,0.61,0.35,0.55,1.18,1.13
2/19/2022 15:45,2.848,-99,12.26,1805,46,60.55,37.89,273.57827,77.4,85.9,81.5,75.74,75.13,27.25,26.56,28.6,32.13,31.45,0.82,0.49,0.72,1.16,1.15
2/19/2022 16:00,2.476,-99,10.66,1806,46.3,56.97,37.82,249.086771,80.7,88.3,82.8,77.25,75.91,26.52,26.02,28.01,31.68,31.25,0.67,0.39,0.65,1.06,1.1
2/19/2022 16:15,2.262,-99,9.74,1808,46.7,56.01,38.2,228.375839,82.8,89.9,84.5,78.53,76.62,26.51,25.99,27.91,31.43,31.23,0.6,0.34,0.58,0.99,1.06
2/19/2022 16:30,2.116,-99,9.11, ,47,56.04,38.92,507.315929,83.4,90.6,85.4,79.33,77.05,26.59,26.06,27.93,31.2,31.14,0.58,0.32,0.55,0.94,1.04
2/19/2022 16:45,2.046,-99,8.81,1811,47.4,57.47,40.14,174.62604,83.7,90.9,86,80.2,76.82,26.71,26.12,27.98,30.93,31.1,0.57,0.31,0.53,0.89,1.05
2/19/2022 17:00,1.986,-99,8.55,1812,47.5,59.72,42.05,143.230897,83.6,91,85.7,80.1,76.48,26.73,26.1,27.99,30.4,30.67,0.58,0.3,0.54,0.86,1.04
2/19/2022 17:15,1.772,-99,7.63,1813,47.7,59.5,43.92,132.711059,83.8,91.2,86.4,81.5,78.13,26.84,26.2,28.02,29.85,30.21,0.57,0.3,0.51,0.78,0.94
2/19/2022 17:30,1.617,-99,6.96,1814,47.9,60.58,45.59,139.614703,83.6,90.7,86.5,82.2,78.58,27,26.39,28.05,29.51,29.89,0.58,0.32,0.51,0.73,0.9
2/19/2022 17:45,1.473,-99,6.34,1815,48.1,61.49,47.48,90.96045,82.2,89.4,85.5,82,78.57,27.23,26.61,27.99,29.19,29.57,0.64,0.37,0.55,0.73,0.89
2/19/2022 18:00,1.352,-99,5.82,1816,48.2,63.42,49.65,29.485145,80.5,88.1,85,81.7,78.59,27.35,26.66,27.82,28.75,29.04,0.71,0.42,0.56,0.72,0.86
2/19/2022 18:15,1.245,-99,5.36,1817,48.5,65.31,52.09,-0.430646,79.13,87.1,84.3,81.7,78.97,27.26,26.53,27.59,28.18,28.4,0.76,0.45,0.58,0.7,0.81
2/19/2022 18:30,1.138,-99,4.9,1817,48.6,68.01,54.82,-4.375585,78.21,86.3,83.5,81.8,79.27,26.94,26.21,27.24,27.58,27.7,0.77,0.47,0.6,0.67,0.77
2/19/2022 18:45,1.041,-99,4.48,1817,48.7,69.23,56.83,-4.539958,77.62,85.6,83.2,81.8,79.28,26.5,25.85,26.72,27.04,27.12,0.77,0.48,0.59,0.65,0.74
2/19/2022 19:00,0.989,-99,4.26,1818,48.8,69.88,58.67,-5.033075,77.28,84.7,82.9,81.4,78.92,26.04,25.54,26.27,26.54,26.68,0.77,0.5,0.58,0.65,0.74
2/19/2022 19:15,0.885,-99,3.81,1818,48.9,70.4,59.67,-4.375585,77.34,83.9,82.6,81.2,78.53,25.53,25.25,25.86,26.1,26.26,0.74,0.52,0.58,0.64,0.73
2/19/2022 19:30,0.855,-99,3.68,1819,48.8,70.79,60.27,-4.375585,77.73,83.2,82.5,81,78.24,25.05,25,25.41,25.67,25.88,0.71,0.53,0.57,0.63,0.73
2/19/2022 19:45,0.801,-99,3.45,1819,48.7,71.1,62.13,-4.70433,78.03,82.8,82.5,80.9,77.89,24.6,24.71,25.02,25.31,25.55,0.68,0.54,0.56,0.62,0.72
2/19/2022 20:00,0.764,-99,3.29,1820,48.8,70.4,62.23,-4.211213,78.48,82.1,82.3,80.7,77.73,24.15,24.52,24.73,24.96,25.23,0.65,0.55,0.55,0.61,0.72
2/19/2022 20:15,0.676,-99,2.91,1820,48.7,69.38,61.99,-4.539958,78.81,81.7,82,80.6,77.57,23.78,24.33,24.45,24.66,24.95,0.62,0.56,0.55,0.6,0.71
2/19/2022 20:30,0.646,-99,2.78,1820,48.7,68.83,62.51,-4.70433,79.18,81.1,82,80.7,77.52,23.41,24.2,24.16,24.35,24.65,0.6,0.57,0.54,0.59,0.7
2/19/2022 20:45,0.599,-99,2.58,1819,48.7,69.35,62.61,-4.539958,79.48,80.8,81.9,80.8,77.41,23.09,24.02,23.91,24.07,24.42,0.58,0.57,0.54,0.58,0.69
2/19/2022 21:00,0.555,-99,2.39,1820,48.7,67.63,63.09,-4.70433,79.61,80.6,81.8,80.8,77.22,22.89,23.86,23.71,23.85,24.22,0.57,0.57,0.53,0.57,0.69
2/19/2022 21:15,0.481,-99,2.07,1819,48.8,67.01,63.85,-4.375585,79.91,80.6,80.7,80.5,76.77,22.6,23.71,23.84,23.74,24.22,0.55,0.57,0.57,0.57,0.7
2/19/2022 21:30,0.504,-99,2.17,1819,48.8,66.82,63.35,-4.211213,80.1,81.4,76.09,77.82,73.15,22.5,23.53,24.9,24.37,25.04,0.54,0.54,0.75,0.68,0.85
2/19/2022 21:45,0.546,-99,2.35,1819,49,66.6,62.47,-4.868703,79.76,80.8,74.23,75.84,71.39,22.53,23.6,25.29,24.77,25.41,0.55,0.56,0.83,0.75,0.93
2/19/2022 22:00,0.581,-99,2.5,1819,48.8,64.95,61.56,-4.70433,79.22,80.5,73.21,74.82,70.68,22.62,23.65,25.46,24.93,25.54,0.57,0.57,0.87,0.79,0.96
2/19/2022 22:15,0.592,-99,2.55,1820,48.8,65.05,61.03,-4.04684,78.69,80.2,72.31,74.12,70.25,22.68,23.64,25.64,25.03,25.57,0.59,0.58,0.91,0.82,0.97
2/19/2022 22:30,0.599,-99,2.58, ,48.8,66.65,60.24,-4.539958,78.38,80.1,71.94,73.65,69.88,22.72,23.65,25.69,25.09,25.61,0.6,0.58,0.93,0.84,0.99
2/19/2022 22:45,0.613,-99,2.64,1818,48.9,66.15,60.41,-4.375585,78.04,79.85,71.8,73.3,69.56,22.71,23.68,25.69,25.1,25.66,0.61,0.59,0.93,0.85,1
2/19/2022 23:00,0.655,-99,2.82,1819,49,64.83,59.26,-4.868703,77.62,79.5,71.41,73.01,69.25,22.79,23.74,25.74,25.14,25.69,0.62,0.6,0.95,0.86,1.01
2/19/2022 23:15,0.692,-99,2.98,1820,48.9,64.19,58.83,-4.868703,77.33,79.31,71.21,72.71,69.08,22.8,23.74,25.76,25.19,25.7,0.63,0.61,0.95,0.87,1.02
2/19/2022 23:30,0.72,-99,3.1,1820,48.9,64.69,58.59,-4.539958,77.17,79.03,70.83,72.4,68.98,22.8,23.78,25.81,25.2,25.69,0.63,0.62,0.97,0.88,1.02
2/19/2022 23:45,0.727,-99,3.13,1818,49,64.21,58.62,-4.539958,76.95,79.08,70.4,72.25,68.69,22.82,23.74,25.88,25.19,25.71,0.64,0.61,0.99,0.89,1.03
2/20/2022 0:00,0.681,-99,2.93,1819,48.9,65.1,58.55,-4.70433,76.95,79.17,69.65,71.83,68.42,22.79,23.67,26.09,25.3,25.77,0.64,0.61,1.03,0.91,1.05
2/20/2022 0:15,0.655,-99,2.82,1819,49,70.55,58.21,-4.539958,81.7,83,74.34,77.89,69.59,22.44,23.57,25.76,24.91,26.03,0.5,0.49,0.85,0.7,1.02
2/20/2022 0:30,0.606,-99,2.61,1819,49,68.8,60.89,-4.70433,85,87.6,74.47,79.95,71.95,21.92,22.75,26.09,24.72,25.94,0.39,0.34,0.86,0.62,0.94
2/20/2022 0:45,0.557,-99,2.4,1821,48.9,65.5,61.01,-4.868703,86.1,88.3,74.2,78.84,71.32,21.99,22.78,26.26,25.13,26.29,0.37,0.32,0.88,0.68,0.98
2/20/2022 1:00,0.543,-99,2.34,1822,48.8,65.24,60.29,-4.539958,86.2,87.8,73.28,77.21,70.42,22.09,22.98,26.53,25.49,26.57,0.37,0.34,0.93,0.74,1.03
2/20/2022 1:15,0.495,-99,2.13,1823,49.1,69.9,60.51,-4.539958,86.1,88.2,76.73,81.1,71.46,22.1,22.97,25.92,25,26.41,0.37,0.33,0.78,0.6,0.98
2/20/2022 1:30,0.476,-99,2.05,1823,49.3,68.32,62.4,-4.868703,86.8,90.1,75.17,81.2,72.7,22.05,22.62,26.3,24.9,26.21,0.35,0.27,0.85,0.59,0.93
2/20/2022 1:45,0.437,-99,1.88,1824,49.1,66.41,62.99,-4.70433,87,90,74.29,79.75,71.81,22.08,22.71,26.51,25.25,26.47,0.35,0.28,0.89,0.65,0.97
2/20/2022 2:00,0.458,-99,1.97,1825,49,65.62,61.94,-4.70433,87,89.3,74.3,78.37,70.91,22.14,22.87,26.51,25.51,26.68,0.35,0.3,0.89,0.71,1.02
2/20/2022 2:15,0.411,-99,1.77,1826,49.4,70.55,62.04,-4.539958,86.8,89.1,77.31,82.3,71.89,22.09,22.88,25.92,24.92,26.5,0.35,0.3,0.76,0.56,0.97
2/20/2022 2:30,0.376,-99,1.62,1826,49.4,68.99,63.35,-4.70433,87.2,90.6,76.26,81.7,72.94,22,22.59,26.16,24.91,26.23,0.34,0.26,0.81,0.58,0.92
2/20/2022 2:45,0.406,-99,1.75,1827,49.1,66.89,63.78,-4.70433,87.3,90.5,75.49,80.2,72.06,22.06,22.67,26.32,25.23,26.46,0.34,0.26,0.84,0.64,0.97
2/20/2022 3:00,0.388,-99,1.67,1827,49.3,65.65,62.95,-4.70433,87.2,89.8,74.23,78.51,71.13,22.07,22.79,26.6,25.54,26.67,0.34,0.28,0.9,0.7,1.01
2/20/2022 3:15,0.427,-99,1.84,1827,49.4,65.22,62.23,-4.539958,87,88.9,73.74,77.14,70.52,22.12,22.97,26.65,25.72,26.79,0.35,0.31,0.92,0.76,1.04
2/20/2022 3:30,0.439,-99,1.89,1827,49.4,65.36,61.7,-4.539958,86.6,88,73.14,76.03,70.02,22.17,23.13,26.76,25.9,26.88,0.36,0.34,0.94,0.8,1.06
2/20/2022 3:45,0.492,-99,2.12,1827,49.3,64.88,61.3,-4.539958,86.1,87.1,72.37,75.18,69.63,22.25,23.27,26.88,26,26.9,0.37,0.37,0.98,0.83,1.08
2/20/2022 4:00,0.492,-99,2.12,1827,49.3,64.67,60.79,-4.70433,85.5,86.6,72.03,74.52,69.28,22.3,23.35,26.9,26.11,26.94,0.39,0.38,0.99,0.86,1.09
2/20/2022 4:15,0.518,-99,2.23,1827,49.4,65.29,60.72,-4.70433,85.1,86.2,71.88,73.9,68.96,22.4,23.38,26.89,26.19,26.97,0.4,0.4,1,0.89,1.1
2/20/2022 4:30,0.562,-99,2.42, ,49.4,64.38,60.22,-4.539958,84.6,85.6,71.26,73.46,68.61,22.5,23.48,27.01,26.24,27.02,0.42,0.42,1.03,0.9,1.12
2/20/2022 4:45,0.574,-99,2.47,1828,49.4,64.5,60.03,-4.868703,84.2,84.8,70.73,73.06,68.34,22.53,23.58,27.07,26.28,27.06,0.43,0.44,1.05,0.92,1.13
2/20/2022 5:00,0.588,-99,2.53,1827,49.4,64.5,59.72,-4.70433,83.8,84.2,70.83,72.8,68.21,22.62,23.67,27.02,26.3,27.04,0.44,0.46,1.04,0.93,1.14
2/20/2022 5:15,0.613,-99,2.64,1828,49.3,64.5,59.12,-4.375585,83.3,83.6,70.35,72.39,67.98,22.7,23.75,27.09,26.34,27.06,0.46,0.48,1.06,0.95,1.15
2/20/2022 5:30,0.639,-99,2.75,1828,49.3,64.64,59,-4.539958,82.9,83.1,70.33,72.33,67.86,22.7,23.81,27.06,26.33,27.06,0.47,0.5,1.06,0.95,1.15
2/20/2022 5:45,0.664,-99,2.86,1827,49.3,64.55,58.91,-4.539958,82.6,82.6,69.69,72.07,67.7,22.76,23.89,27.18,26.34,27.07,0.48,0.52,1.09,0.96,1.16
2/20/2022 6:00,0.678,-99,2.92,1828,49.3,64.74,58.5,-4.868703,82.4,82.3,69.92,71.96,67.58,22.77,23.92,27.07,26.33,27.08,0.49,0.53,1.08,0.96,1.16
2/20/2022 6:15,0.704,-99,3.03,1827,49.3,64.38,58.19,-4.868703,82.1,82.3,70.06,71.88,67.37,22.78,23.93,27.03,26.33,27.09,0.5,0.53,1.07,0.96,1.17
2/20/2022 6:30,0.722,-99,3.11,1828,49.3,64.28,58.07,-4.868703,81.8,82,69.75,71.73,67.27,22.85,23.96,27.11,26.34,27.1,0.51,0.54,1.09,0.97,1.17
2/20/2022 6:45,0.748,-99,3.22,1827,49.1,63.93,57.49,-4.70433,81.7,81.7,69.39,71.54,67.19,22.88,24.05,27.17,26.39,27.13,0.51,0.55,1.1,0.98,1.18
2/20/2022 7:00,0.76,-99,3.27,1827,49.3,63.88,56.87,1.213079,81.5,81.5,68.97,71.35,67.07,22.92,24.1,27.28,26.41,27.15,0.52,0.56,1.12,0.99,1.18
2/20/2022 7:15,0.815,-99,3.51,1827,49.3,62.92,56.04,12.55478,77.21,76.31,72.56,72.09,67.48,24.56,25.59,26.51,26.38,27.21,0.7,0.78,0.95,0.96,1.17
2/20/2022 7:30,1.31,-99,5.64,1826,49.1,56.35,46.98,34.580691,71.76,75.07,75.08,72.53,67.57,25.81,26.07,26.09,26.46,27.38,0.94,0.84,0.84,0.95,1.18
2/20/2022 7:45,1.463,-99,6.3,1824,49.3,56.87,44.97,43.78555,70.58,76.61,75.59,72.73,67.94,26.26,26.01,26.34,26.76,27.6,1,0.79,0.84,0.96,1.18
2/20/2022 8:00,1.902,-99,8.19,1824,49.4,53.67,39.97,67.619559,70.1,78.01,76.11,73.58,68.82,26.53,25.95,26.46,26.8,27.64,1.04,0.74,0.83,0.93,1.15
2/20/2022 8:15,2.028,-99,8.73,1824,49.3,54.03,38.42,65.647089,69.24,79.22,76.8,74.12,69.1,26.9,26.01,26.67,27.05,27.87,1.09,0.7,0.81,0.93,1.16
2/20/2022 8:30,2.344,-99,10.09,1822,49.3,52.43,35.45,104.767738,69.66,79.99,77.38,75.23,70.54,26.97,26.07,26.78,27.06,27.76,1.08,0.68,0.8,0.89,1.1
2/20/2022 8:45,2.743,-99,11.81,1819,49.3,45.73,32.78,289.5224,70.87,80.7,77.44,76.57,71.67,26.88,26.06,26.92,27.19,28.05,1.03,0.65,0.8,0.84,1.07
2/20/2022 9:00,2.002,-99,8.62,1820,49.4,-99,29.07,178.570979,72.79,81.6,77.78,77.98,72.95,26.79,26.16,27.18,27.35,29.57,0.96,0.62,0.8,0.8,1.12
2/20/2022 9:15,11.95,-99,51.45,1816,49.1,49.41,36.65,279.166934,72,80.8,77.04,76.96,73,26.62,26.06,27.22,27.53,31.06,0.98,0.65,0.83,0.85,1.22
2/20/2022 9:30,11.715,-99,50.44,1815,49,57.59,37.01,170.023611,70.99,79.2,74.84,74.62,65.92,26.43,26.05,27.27,27.76,32.05,1,0.7,0.91,0.95,1.63
2/20/2022 9:45,12.305,-99,52.98,1814,49,49.51,36.98,311.548312,70.24,78.6,74.36,73.78,65.75,26.37,26.01,27.17,27.61,31.69,1.02,0.72,0.92,0.97,1.6
2/20/2022 10:00,13.541,-99,58.3,1809,49.1,43.2,38.35,328.149932,70.1,78.01,74.23,74.37,62.23,26.5,26.14,27.3,27.99,33.02,1.04,0.75,0.94,0.97,1.9
2/20/2022 10:15,13.397,-99,57.68, ,49.1,41.72,39.11,382.557221,70.48,78.01,75.06,74.19,61.1,26.63,26.39,27.55,28.94,34.22,1.03,0.76,0.92,1.03,2.09
2/20/2022 10:30,13.357,-99,57.51,1799,48.8,41.57,39.49,301.685963,71.3,78.3,75.86,73.92,61.34,26.79,26.54,27.83,29.98,35.19,1.01,0.75,0.9,1.11,2.2
2/20/2022 10:45,13.896,-99,59.83,1795,48.9,41.36,39.8,396.200136,71.96,78.94,76.38,73.19,60.27,26.89,26.62,28,30.73,35.41,0.99,0.73,0.89,1.19,2.29
2/20/2022 11:00,14.217,-99,61.21,1793,48.5,42.12,40.02,495.974229,72.81,79.85,76.84,73.05,59.1,26.78,26.49,28.05,31.21,35.75,0.96,0.7,0.88,1.23,2.4
2/20/2022 11:15,14.022,-99,60.37,1793,48.2,41.67,39.78,382.064103,74.03,81,77.36,73.35,59.94,26.6,26.33,28.06,31.52,35.97,0.9,0.65,0.86,1.23,2.38
2/20/2022 11:30,13.576,-99,58.45,1792,48.1,42.08,39.47,838.526466,75.08,81.9,78.07,73.33,59.66,26.46,26.22,28.03,31.82,36.05,0.86,0.62,0.83,1.26,2.4
2/20/2022 11:45,13.666,-99,58.84,1791,47.9,42.58,38.9,948.491652,75.92,82.7,78.57,73.24,59.17,26.34,26.16,28.02,31.99,35.63,0.83,0.59,0.81,1.27,2.38
2/20/2022 12:00,13.179,-99,56.74,1792,47.2,42.82,38.32,902.960477,76.39,83.2,79,73.47,61.07,26.29,26.05,27.96,32.06,34.97,0.81,0.57,0.79,1.27,2.19
2/20/2022 12:15,13.225,-99,56.94,1792,47.1,43.49,37.99,918.247117,76.78,83.7,79.25,73.65,61.91,26.26,25.96,27.91,32.08,34.58,0.79,0.55,0.78,1.26,2.09
2/20/2022 12:30,12.979,-99,55.88,1793,46.7,43.65,37.2,818.966142,77.28,84.1,79.79,74.04,62.86,26.21,25.89,27.85,32.12,34.31,0.77,0.53,0.76,1.24,2.01
2/20/2022 12:45,12.428,-99,53.51,1794,46.7,44.08,36.46,475.427669,77.8,84.7,80.2,74.31,64.48,26.24,25.93,27.81,32.11,33.82,0.76,0.51,0.74,1.23,1.87
2/20/2022 13:00,12.115,-99,52.16,1794,46.6,44.61,35.96,430.225239,77.79,84.6,80.4,75,65.96,26.35,25.99,27.8,32.06,33.53,0.76,0.52,0.73,1.19,1.76
2/20/2022 13:15,11.955,-99,51.47,1795,46.6,44.85,35.29,426.609044,77.33,84.3,80.6,75.35,67.84,26.51,26.07,27.82,32.22,33.2,0.79,0.53,0.73,1.19,1.64
2/20/2022 13:30,11.344,-99,48.84,1796,46.6,46.23,34.64,397.679489,77.21,84.5,81,75.73,69.36,26.56,26.06,27.83,32.32,32.97,0.79,0.52,0.71,1.18,1.54
2/20/2022 13:45,10.61,-99,45.68,1797,46.7,49.06,34.57,594.597714,77.15,84.6,80.9,75.1,69.97,26.49,25.94,27.76,32.16,32.53,0.79,0.52,0.71,1.19,1.47
2/20/2022 14:00,3.303,-99,14.22,1798,46.9,51.64,34.31,300.864101,77.44,85.1,81.4,76.52,71.93,26.27,25.67,27.49,31.48,31.74,0.77,0.49,0.68,1.08,1.32
2/20/2022 14:15,3.233,-99,13.92,1800,47,51.95,34.52,731.519985,77.57,85.4,81.8,76.91,73.06,26.09,25.48,27.25,30.94,31,0.76,0.48,0.66,1.03,1.21
2/20/2022 14:30,3.087,-99,13.29,1801,47.2,52.62,34.69,501.234148,77.53,85.2,82,79.04,74.58,26.03,25.43,27.13,30.63,30.72,0.76,0.48,0.65,0.92,1.12
2/20/2022 14:45,2.936,-99,12.64,1803,47.2,53.43,35.17,360.038192,77.63,85.5,82.5,79.49,75.56,26.03,25.42,27.08,30.93,30.77,0.75,0.47,0.63,0.92,1.08
2/20/2022 15:00,2.567,-99,11.05,1804,47.4,50.13,35.84,182.515919,78.47,86.3,82.9,79.07,76.14,26.01,25.43,27.1,31.15,30.81,0.72,0.45,0.61,0.95,1.06
2/20/2022 15:15,2.179,-99,9.38,1806,47.8,-99,34.45,180.379077,83.7,90.4,86.7,79.93,77.83,26.52,26.14,27.31,30.74,30.48,0.56,0.33,0.48,0.89,0.97
2/20/2022 15:30,2.49,-99,10.72,1807,47.5,63.16,37.37,135.176646,83.2,90.3,88.2,81.4,79.31,27.16,26.67,27.8,30.87,30.63,0.6,0.34,0.44,0.83,0.91
2/20/2022 15:45,2.713,-99,11.68,1810,47.8,62.61,39.83,323.547502,77.35,85.8,83.4,79.67,77.76,26.35,25.72,27.45,30.64,30.12,0.78,0.47,0.61,0.89,0.95
2/20/2022 16:00,2.436,-99,10.49,1810,48,60.58,39.88,328.971794,80.1,87.6,83.9,81,78.47,25.78,25.2,27.04,30.25,29.97,0.66,0.4,0.58,0.82,0.91
2/20/2022 16:15,2.285,-99,9.84, ,48.3,60.17,40.59,276.865719,81.2,88.4,84.5,81.2,78.48,25.53,24.98,26.8,30.01,29.86,0.61,0.37,0.55,0.8,0.91
2/20/2022 16:30,2.165,-99,9.32,1811,48.3,59.96,41.36,141.4228,80.6,88,84.1,80.5,77.55,25.47,24.85,26.68,29.8,29.71,0.63,0.38,0.56,0.82,0.94
2/20/2022 16:45,2.079,-99,8.95,1813,48.6,61.08,42.89,89.64547,79.56,87,83.4,79.7,76.81,25.43,24.87,26.51,29.22,29.19,0.66,0.41,0.58,0.82,0.94
2/20/2022 17:00,1.963,-99,8.45,1812,48.6,61.97,43.77,123.177455,78.48,86.1,82.6,79.2,76.47,25.32,24.79,26.22,28.32,28.32,0.69,0.43,0.59,0.8,0.91
2/20/2022 17:15,1.888,-99,8.13,1812,48.6,62.68,45.23,78.30377,74.9,84.6,82.8,78.78,76.13,25.1,24.66,26.03,27.5,27.52,0.8,0.48,0.58,0.78,0.88
2/20/2022 17:30,1.661,-99,7.15,1813,48.7,61.3,46.59,81.262474,75.53,84.3,81.9,79.11,76.98,24.94,24.53,25.92,26.73,26.78,0.77,0.48,0.61,0.73,0.81
2/20/2022 17:45,1.398,-99,6.02,1814,48.8,61.82,49.29,21.266521,81.8,88.1,84.4,82.3,80,25.02,24.67,25.78,26.32,26.49,0.58,0.37,0.52,0.61,0.69
2/20/2022 18:00,1.21,-99,5.21,1815,48.9,63.45,51.92,8.116723,81.4,88.6,85.1,83.8,81.2,25.19,24.63,25.67,25.96,26.1,0.6,0.35,0.49,0.54,0.64
2/20/2022 18:15,1.087,-99,4.68,1815,48.9,65.38,54.63,-0.595018,79.06,87.3,84.8,83.7,80.8,25.24,24.55,25.43,25.68,25.87,0.67,0.39,0.49,0.54,0.64
2/20/2022 18:30,0.955,-99,4.11,1815,48.9,67.22,56.85,-4.375585,77.82,85.8,84.2,83.1,80,25.08,24.49,25.17,25.38,25.62,0.71,0.44,0.51,0.55,0.66
2/20/2022 18:45,0.866,-99,3.73,1816,49.1,67.13,58.28,-4.211213,77.57,84.7,83.7,82.6,79.28,24.77,24.39,24.9,25.11,25.4,0.7,0.47,0.51,0.55,0.67
2/20/2022 19:00,0.755,-99,3.25,1815,49.1,67.44,59.86,-4.539958,78.06,83.9,83.4,82.3,78.73,24.34,24.25,24.64,24.84,25.2,0.67,0.49,0.51,0.56,0.68
2/20/2022 19:15,0.713,-99,3.07,1816,48.9,67.18,60.27,-4.868703,78.19,83.4,83.2,82.1,78.54,24.08,24.12,24.41,24.6,24.98,0.65,0.5,0.51,0.55,0.68
2/20/2022 19:30,0.669,-99,2.88,1816,48.9,67.2,60.89,-4.539958,78.25,82.9,83.1,82,78.4,23.83,23.99,24.18,24.39,24.78,0.64,0.51,0.51,0.55,0.68
2/20/2022 19:45,0.636,-99,2.74,1816,49.1,67.22,61.27,-4.375585,78.64,82.5,82.9,81.9,78.15,23.55,23.89,24.02,24.17,24.61,0.62,0.52,0.51,0.55,0.68
2/20/2022 20:00,0.606,-99,2.61,1817,48.9,66.99,61.73,-4.375585,79.21,82.1,82.8,81.8,78.05,23.26,23.81,23.85,23.99,24.46,0.59,0.53,0.51,0.54,0.67
2/20/2022 20:15,0.55,-99,2.37,1817,48.8,66.75,62.35,-4.868703,79.53,82,82.8,82,78.13,23.06,23.71,23.71,23.83,24.29,0.58,0.53,0.5,0.53,0.66
2/20/2022 20:30,0.492,-99,2.12,1818,48.9,66.08,62.95,-4.70433,79.76,81.3,81.9,81.7,77.63,22.82,23.73,23.82,23.75,24.27,0.56,0.55,0.53,0.54,0.68
2/20/2022 20:45,0.511,-99,2.2,1817,48.8,65.19,62.06,-4.539958,80.2,81.5,77.03,79.03,74.03,22.65,23.68,24.9,24.36,25.11,0.54,0.54,0.72,0.64,0.83
2/20/2022 21:00,0.525,-99,2.26,1817,49,63.95,61.22,-4.539958,79.99,81.2,75.15,76.92,72.45,22.7,23.74,25.32,24.77,25.43,0.55,0.55,0.8,0.72,0.9
2/20/2022 21:15,0.527,-99,2.27,1817,49,65.12,61.08,-4.70433,79.51,81.2,74.18,75.95,71.78,22.82,23.74,25.52,24.96,25.57,0.57,0.55,0.84,0.76,0.92
2/20/2022 21:30,0.557,-99,2.4,1818,48.9,65.74,60.65,-4.868703,78.9,80.6,73.67,75.21,71.14,22.83,23.77,25.57,25.03,25.6,0.59,0.57,0.86,0.79,0.95
2/20/2022 21:45,0.595,-99,2.56,1818,49.3,64.95,60.53,-5.033075,78.72,80.2,73.23,74.7,70.7,22.81,23.83,25.59,25.06,25.65,0.59,0.58,0.88,0.8,0.96
2/20/2022 22:00,0.606,-99,2.61,1817,49,65.36,60.17,-4.868703,78.4,79.98,72.9,74.22,70.36,22.78,23.79,25.6,25.09,25.65,0.6,0.59,0.89,0.82,0.98
2/20/2022 22:15,0.636,-99,2.74,1817,49,64.5,59.84,-4.70433,78.11,79.9,72.04,73.73,69.99,22.76,23.73,25.72,25.1,25.65,0.61,0.59,0.92,0.84,0.99
2/20/2022 22:30,0.664,-99,2.86,1817,49.4,64.98,59.45,-4.539958,77.79,79.82,71.39,73.23,69.57,22.71,23.65,25.77,25.13,25.63,0.61,0.59,0.95,0.85,1
2/20/2022 22:45,0.653,-99,2.81,1817,49.4,64.43,59.1,-4.375585,77.74,79.81,70.22,72.71,68.97,22.68,23.59,26.08,25.24,25.76,0.61,0.59,1.01,0.88,1.03
2/20/2022 23:00,0.701,-99,3.02,1818,49.3,63.26,58.12,-4.70433,77.57,79.71,67.35,70.64,66.93,22.75,23.67,26.81,25.76,26.31,0.62,0.59,1.15,0.97,1.13
2/20/2022 23:15,0.757,-99,3.26,1817,49,63.5,57.23,-4.375585,77.05,78.89,67.02,69.73,66.09,22.91,23.88,26.92,25.98,26.54,0.64,0.63,1.17,1.02,1.18
2/20/2022 23:30,0.801,-99,3.45,1818,49,63.33,56.8,-4.375585,76.6,78.49,66.69,69.39,65.59,22.98,23.98,26.99,26.06,26.67,0.66,0.64,1.19,1.03,1.2
2/20/2022 23:45,0.818,-99,3.52,1818,48.9,63.71,56.51,-4.868703,76.38,78.19,66.48,69.16,65.25,23.02,24.06,27.05,26.12,26.76,0.66,0.65,1.2,1.04,1.22
2/21/2022 0:00,0.866,-99,3.73,1817,49,63.61,56.18,-4.539958,76.26,77.86,66.32,68.79,64.89,23.04,24.13,27.09,26.18,26.81,0.67,0.67,1.21,1.06,1.24
2/21/2022 0:15,0.913,-99,3.93,1817,49.3,63.64,55.73,-4.539958,76.13,77.54,66.06,68.61,64.83,23.05,24.18,27.13,26.18,26.81,0.67,0.68,1.22,1.07,1.24
2/21/2022 0:30,0.894,-99,3.85,1817,49.1,64.21,56.06,-4.868703,75.76,77.32,67.67,69.31,65.81,23.04,24.15,26.57,25.9,26.44,0.68,0.68,1.12,1.03,1.18
2/21/2022 0:45,0.878,-99,3.78,1818,49.3,64.69,56.49,-4.539958,75.86,77.7,68.35,70.28,66.73,22.97,24,26.39,25.62,26.17,0.68,0.67,1.09,0.98,1.13
2/21/2022 1:00,0.878,-99,3.78,1817,49.4,64.09,56.28,-4.375585,76.15,77.92,68.26,70.33,66.93,22.84,23.92,26.36,25.57,26.08,0.66,0.66,1.09,0.97,1.12
2/21/2022 1:15,0.862,-99,3.71,1817,49.3,65.03,56.49,-4.539958,76.36,78.16,68.07,70.24,66.76,22.81,23.85,26.41,25.58,26.12,0.66,0.65,1.1,0.98,1.13
2/21/2022 1:30,0.841,-99,3.62,1817,49.3,65.31,56.99,-4.539958,76.2,78.09,67.81,70.01,66.39,22.81,23.85,26.44,25.61,26.19,0.66,0.65,1.11,0.99,1.14
2/21/2022 1:45,0.873,-99,3.76,1817,49.3,65.43,57.06,-4.868703,76.15,77.88,67.64,69.92,66.2,22.79,23.84,26.46,25.6,26.19,0.66,0.65,1.12,0.99,1.15
2/21/2022 2:00,0.869,-99,3.74,1818,49.4,63.78,56.83,-4.539958,76.24,77.95,67.45,69.83,66.23,22.78,23.87,26.53,25.64,26.21,0.66,0.65,1.13,0.99,1.15
2/21/2022 2:15,0.862,-99,3.71,1818,49.3,63.59,56.39,-4.375585,76.48,78.27,66.84,68.92,65.29,22.83,23.88,26.79,25.97,26.55,0.65,0.64,1.17,1.04,1.21
2/21/2022 2:30,0.88,-99,3.79,1818,49.3,62.95,55.58,-4.868703,76.29,78.04,66.02,68.19,64.41,22.97,24.02,27.1,26.24,26.86,0.66,0.66,1.22,1.08,1.26
2/21/2022 2:45,0.901,-99,3.88,1818,49.1,62.68,55.13,-4.539958,76.01,77.76,66.04,68.07,64.23,23.11,24.17,27.18,26.35,26.99,0.68,0.67,1.22,1.1,1.27
2/21/2022 3:00,0.927,-99,3.99,1817,49.3,62.59,54.51,-5.033075,75.74,77.38,66.01,67.97,64.23,23.23,24.34,27.21,26.4,27.03,0.69,0.69,1.23,1.1,1.28
2/21/2022 3:15,0.945,-99,4.07,1818,49.3,62.49,54.2,-4.868703,75.5,77.07,66.11,67.94,64.21,23.28,24.41,27.19,26.42,27.06,0.7,0.7,1.22,1.1,1.28
2/21/2022 3:30,0.957,-99,4.12,1818,49.3,62.06,53.6,-5.197448,75.41,76.94,65.89,67.89,64.14,23.3,24.43,27.23,26.4,27.05,0.7,0.71,1.23,1.11,1.28
2/21/2022 3:45,0.973,-99,4.19,1818,49.3,62.51,53.72,-5.197448,75.34,76.84,65.69,67.98,64.16,23.29,24.45,27.29,26.4,27.04,0.71,0.71,1.24,1.1,1.28
2/21/2022 4:00,0.978,-99,4.21, ,49.4,62.63,53.79,-4.868703,75.38,76.82,65.81,68.02,64.02,23.28,24.43,27.27,26.38,27.08,0.7,0.71,1.24,1.1,1.29
2/21/2022 4:15,0.978,-99,4.21,1818,49.4,62.63,53.79,-4.70433,75.43,76.78,66.03,68.08,64.03,23.27,24.45,27.19,26.38,27.07,0.7,0.71,1.22,1.1,1.29
2/21/2022 4:30,1.006,-99,4.33,1818,49.3,62.4,53.62,-4.539958,75.55,76.81,66.04,67.96,63.94,23.27,24.46,27.21,26.39,27.09,0.7,0.71,1.23,1.1,1.29
2/21/2022 4:45,1.022,-99,4.4,1818,49.4,62.71,53.6,-4.70433,75.45,76.71,65.58,67.93,63.98,23.31,24.48,27.34,26.42,27.12,0.7,0.72,1.25,1.11,1.29
2/21/2022 5:00,1.01,-99,4.35,1819,49.4,62.66,53.81,-4.539958,75.35,76.92,65.67,68.03,64.01,23.35,24.44,27.31,26.42,27.11,0.71,0.71,1.25,1.1,1.29
2/21/2022 5:15,1.038,-99,4.47,1819,49.4,62.75,53.41,-4.539958,75.28,76.91,65.6,68.03,63.89,23.34,24.45,27.32,26.4,27.13,0.71,0.71,1.25,1.1,1.3
2/21/2022 5:30,1.038,-99,4.47,1819,49.4,62.8,53.45,-4.70433,75.26,76.68,65.41,67.81,63.86,23.33,24.5,27.37,26.44,27.11,0.71,0.72,1.26,1.11,1.3
2/21/2022 5:45,1.054,-99,4.54,1819,49.4,63.09,53.41,-4.211213,75.08,76.67,65.42,67.71,63.82,23.38,24.49,27.33,26.45,27.11,0.72,0.72,1.26,1.11,1.3
2/21/2022 6:00,1.071,-99,4.61,1818,49.3,63.09,53.41,-4.211213,75.14,76.66,65.47,67.71,63.77,23.38,24.5,27.34,26.46,27.13,0.71,0.72,1.26,1.12,1.3
2/21/2022 6:15,1.08,-99,4.65,1819,49.3,62.99,53.07,-4.539958,74.82,76.56,65.26,67.6,63.5,23.38,24.47,27.32,26.42,27.16,0.72,0.72,1.26,1.12,1.31
2/21/2022 6:30,1.124,-99,4.84,1819,49.5,63.33,52.59,-4.70433,74.59,76.54,64.82,67.45,63.54,23.38,24.45,27.4,26.41,27.08,0.73,0.72,1.28,1.12,1.31
2/21/2022 6:45,1.143,-99,4.92,1819,49.5,63.23,52.5,-4.375585,74.33,76.28,64.95,67.38,63.45,23.36,24.43,27.3,26.37,27.06,0.74,0.73,1.27,1.12,1.31
2/21/2022 7:00,1.171,-99,5.04,1819,49.5,62.32,52.09,-1.252508,74.51,76.31,64.9,67.29,63.35,23.31,24.42,27.31,26.37,27.05,0.73,0.72,1.27,1.12,1.31
2/21/2022 7:15,1.215,-99,5.23,1819,49.4,61.97,51.33,6.966115,69.32,71.27,67.93,67.59,63.36,25.02,25.82,26.57,26.39,27.15,0.97,0.96,1.11,1.11,1.32
2/21/2022 7:30,1.326,-99,5.71,1819,49.4,61.94,50.16,17.979071,63.69,70.78,70.51,68.02,63.75,26.41,26.03,26.06,26.37,27.13,1.25,0.98,0.99,1.1,1.3
2/21/2022 7:45,2.165,-99,9.32,1818,49.5,53.55,38.73,51.346684,62.73,71.59,71.19,68.21,63.74,26.72,26,26.08,26.49,27.33,1.31,0.95,0.97,1.1,1.32
2/21/2022 8:00,2.683,-99,11.55,1816,49.5,49.61,34.31,71.400126,62.44,73.93,71.76,68.8,63.52,27.19,26.06,26.6,26.94,28,1.35,0.88,0.98,1.11,1.38
2/21/2022 8:15,2.999,-99,12.91,1815,49.3,46.71,33.61,92.27543,63.76,74.86,71.82,69.78,64.97,27.4,26.35,27.05,27.28,28.61,1.32,0.86,1.01,1.1,1.37
2/21/2022 8:30,10.526,-99,45.32,1811,48.9,44.97,33.88,116.438184,66.19,76.14,72.09,72.21,69.72,27.3,26.47,27.42,27.38,29.81,1.23,0.82,1.02,1.01,1.27
2/21/2022 8:45,11.374,-99,48.97,1806,49,43.92,34.62,266.510253,69.11,78.06,73.09,74.58,69.12,27.03,26.44,27.64,27.44,31.38,1.1,0.76,1,0.93,1.42
2/21/2022 9:00,2.197,-99,9.46,1806,49,33.71,31.6,181.365311,71.06,79.49,74.25,75.73,66.68,26.88,26.41,27.81,27.67,32.44,1.02,0.71,0.96,0.9,1.62
2/21/2022 9:15,12.849,-99,55.32,1803,49,47.76,37.75,253.196083,69.28,77.68,73.04,72.84,62.87,26.67,26.24,27.64,28.04,33,1.07,0.76,1,1.03,1.87
2/21/2022 9:30,13.91,-99,59.89,1800,49,49.08,40.45,516.849533,69.22,77.15,72.45,71.11,61.12,26.48,26.22,27.47,28.31,33.32,1.06,0.78,1.01,1.11,1.99
2/21/2022 9:45,13.541,-99,58.3,1796,49,44.15,38.49,289.686772,69.32,76.82,72.57,70.04,59.01,26.49,26.32,27.56,28.71,33.73,1.06,0.79,1.01,1.18,2.15
2/21/2022 10:00,13.232,-99,56.97,1794,48.8,43.08,38.39,285.084343,69.63,76.95,73.13,69.71,57.7,26.56,26.39,27.57,29.07,34.13,1.06,0.79,0.99,1.22,2.27
2/21/2022 10:15,13.362,-99,57.53,1793,48.8,42.74,38.39,268.647096,70.1,77.3,73.61,69.07,56.3,26.58,26.4,27.59,29.38,34.47,1.04,0.78,0.97,1.27,2.39
2/21/2022 10:30,13.404,-99,57.71,1793,48.6,42.82,38.3,293.960457,70.41,77.83,73.79,68.81,56.47,26.58,26.35,27.67,29.6,34.46,1.03,0.76,0.97,1.29,2.38
2/21/2022 10:45,13.49,-99,58.08,1792,48.2,42.94,38.25,328.643049,70.92,78.29,74.52,68.75,56.68,26.57,26.37,27.7,29.85,34.37,1.01,0.75,0.95,1.31,2.35
2/21/2022 11:00,13.016,-99,56.04,1792,48.1,42.86,38.2,346.230904,71.57,78.69,75.18,69.77,57.74,26.55,26.37,27.74,29.98,34.39,0.99,0.73,0.92,1.28,2.3
2/21/2022 11:15,13.056,-99,56.21,1792,48.2,43.08,37.92,360.531309,72.11,79.19,75.34,70.87,57.69,26.54,26.33,27.82,30.08,34.42,0.97,0.71,0.92,1.24,2.3
2/21/2022 11:30,13.06,-99,56.23,1792,47.9,42.91,37.8,878.797723,72.45,79.5,75.63,71.26,59.3,26.53,26.33,27.8,30.24,34.13,0.96,0.7,0.91,1.24,2.18
2/21/2022 11:45,13.016,-99,56.04,1792,47.8,43.82,37.6,833.759665,72.91,79.69,76.11,71.83,59.18,26.49,26.38,27.77,30.37,34.18,0.94,0.7,0.89,1.22,2.19
2/21/2022 12:00,12.426,-99,53.5,1793,47.5,43.75,36.84,1013.41878,72.63,79.4,75.34,71.07,57.53,26.45,26.35,27.78,30.34,34.34,0.94,0.71,0.92,1.25,2.3
2/21/2022 12:15,12.586,-99,54.19,1793,47.2,44.56,36.43,1043.33457,73.44,80.2,76.19,72.21,59.06,26.5,26.38,27.84,30.37,34.03,0.92,0.68,0.89,1.2,2.18
2/21/2022 12:30,11.829,-99,50.93,1793,47.1,45.09,35.84,930.246308,74.15,81,76.91,73.31,60.23,26.37,26.23,27.76,30.42,33.65,0.89,0.65,0.86,1.16,2.07
2/21/2022 12:45,11.667,-99,50.23,1795,47.1,45.66,35.24,685.824437,74.88,81.8,77.64,73.89,61.34,26.28,26.11,27.64,30.42,33.43,0.86,0.62,0.83,1.13,1.99
2/21/2022 13:00,11.525,-99,49.62,1795,47.1,46.14,34.76,420.034145,74.96,81.8,77.51,73.68,62.12,26.27,26.11,27.67,30.38,33.03,0.86,0.62,0.83,1.14,1.91
2/21/2022 13:15,10.742,-99,46.25,1795,47.1,47.33,34.19,380.913496,75.46,82.3,78.29,74.72,65.69,26.34,26.16,27.67,30.35,32.02,0.84,0.6,0.8,1.09,1.63
2/21/2022 13:30,10.148,-99,43.69,1797,47.1,48.74,34.02,363.983131,75.91,82.7,78.58,75.29,68.57,26.24,26.03,27.65,30.32,31.29,0.82,0.58,0.79,1.07,1.44
2/21/2022 13:45,9.509,-99,40.94,1799,47.2,49.58,33.85,408.856817,76.12,82.9,78.67,75.44,69.99,26.23,26,27.63,30.28,30.89,0.81,0.57,0.79,1.06,1.34
2/21/2022 14:00,3.071,-99,13.22,1799,47.4,52.24,34.16,863.675455,76.1,82.9,78.7,76.53,71.74,26.29,26.1,27.71,30.16,30.53,0.82,0.58,0.79,1.01,1.24
2/21/2022 14:15,2.959,-99,12.74,1801,47.5,52.9,34.64,1149.683562,75.95,83.1,79.1,76.49,72.91,26.33,26.09,27.61,29.96,30.07,0.82,0.57,0.77,1,1.15
2/21/2022 14:30,2.831,-99,12.19,1802,47.5,53.74,35.26,422.664105,77.16,84,79.6,77.87,74.53,26.11,25.88,27.47,29.72,29.7,0.77,0.53,0.75,0.92,1.06
2/21/2022 14:45,2.692,-99,11.59,1804,47.8,55.08,36.07,312.698919,77,83.8,80,76.88,74.19,26.17,25.91,27.35,29.39,29.41,0.78,0.54,0.73,0.95,1.06
2/21/2022 15:00,2.443,-99,10.52,1804,47.7,54.24,37.1,225.08839,76.33,83.5,79.37,75.83,74.01,26.22,25.87,27.26,28.74,28.68,0.81,0.55,0.75,0.95,1.02
2/21/2022 15:15,2.218,-99,9.55,1807,47.9,56.63,38.61,202.898106,79.48,86.5,81.8,78.08,77.3,26.4,25.97,27.17,28.05,27.85,0.71,0.45,0.66,0.83,0.85
2/21/2022 15:30,2.139,-99,9.21,1809,48,58.21,40.28,199.610656,79.75,87.4,83.2,81.4,79.69,26.46,25.92,27.05,27.31,27.37,0.7,0.42,0.6,0.68,0.74
2/21/2022 15:45,2.028,-99,8.73, ,48.2,58.69,41.24,405.898112,79.01,87.1,83.9,82.8,79.94,26.62,25.98,26.93,27.12,27.39,0.73,0.43,0.57,0.62,0.73
2/21/2022 16:00,1.842,-99,7.93,1811,48.3,59.38,43.27,330.286774,78.84,86.9,84.1,83.6,80,26.76,26.11,27.02,27.35,27.76,0.74,0.44,0.57,0.6,0.75
2/21/2022 16:15,1.63,-99,7.02,1812,48.5,60.44,45.42,221.14345,79.32,87.5,84.6,84.1,80.3,26.89,26.2,27.13,27.63,28.09,0.73,0.43,0.55,0.59,0.75
2/21/2022 16:30,1.459,-99,6.28,1813,48.6,61.58,47.65,361.517544,79.65,87.8,85.3,84,80.2,26.95,26.23,27.07,27.64,28.13,0.72,0.42,0.53,0.59,0.75
2/21/2022 16:45,1.315,-99,5.66,1814,48.8,62.32,49.44,223.77341,79.6,87.9,85.7,84.5,80.1,26.98,26.19,26.96,27.54,28.19,0.73,0.41,0.51,0.57,0.76
2/21/2022 17:00,1.208,-99,5.2,1816,48.8,62.78,50.92,183.666526,79.49,87.9,85.9,84.5,79.6,26.92,26.12,26.87,27.5,28.24,0.73,0.41,0.5,0.57,0.78
2/21/2022 17:15,1.12,-99,4.82,1816,48.9,63.61,52.47,217.691628,79.25,87.6,86,84.3,79.66,26.68,26.01,26.78,27.37,28.07,0.73,0.42,0.49,0.57,0.77
2/21/2022 17:30,1.05,-99,4.52,1817,48.8,66.01,53.98,125.314297,79.63,87.3,85.8,83.9,80.2,26.34,25.83,26.6,27.15,27.57,0.7,0.42,0.49,0.58,0.73
2/21/2022 17:45,0.985,-99,4.24,1817,49.1,67.39,55.77,49.209842,79.65,86.8,85.7,83.7,80.4,26,25.63,26.29,26.77,27.07,0.68,0.43,0.49,0.57,0.7
2/21/2022 18:00,0.934,-99,4.02,1817,49,68.66,57.85,23.403363,79.1,86.1,85.2,83.4,80.3,25.74,25.35,25.92,26.31,26.49,0.69,0.45,0.5,0.57,0.68
2/21/2022 18:15,0.845,-99,3.64,1818,49.3,71.65,60.72,0.391216,78.92,85.6,84.8,83.4,80.7,25.26,24.99,25.51,25.77,25.89,0.68,0.46,0.5,0.55,0.64
2/21/2022 18:30,0.78,-99,3.36,1818,48.8,72.22,62.44,-4.539958,79.27,84.4,84.4,83,80.4,24.56,24.75,25.02,25.26,25.41,0.64,0.49,0.49,0.55,0.64
2/21/2022 18:45,0.692,-99,2.98,1818,49,72.13,63.69,-4.70433,80.1,83,83.9,82.9,79.77,23.87,24.55,24.57,24.73,25.01,0.59,0.52,0.5,0.53,0.64
2/21/2022 19:00,0.618,-99,2.66,1818,48.8,72.63,64.76,-4.70433,80.5,82,83.4,82.7,79.13,23.32,24.27,24.16,24.25,24.61,0.56,0.55,0.5,0.52,0.65
2/21/2022 19:15,0.527,-99,2.27,1817,49,70.98,65.77,-4.70433,80.8,81.9,81.6,82.1,78.14,22.78,23.88,24.21,24.01,24.47,0.53,0.54,0.56,0.53,0.67
2/21/2022 19:30,0.518,-99,2.23,1817,48.9,68.92,64.98,-4.539958,81.4,83.2,76.8,79.18,74.8,22.47,23.37,25.11,24.47,25.01,0.51,0.48,0.74,0.64,0.8
2/21/2022 19:45,0.506,-99,2.18,1818,48.8,68.2,63.97,-4.211213,81.3,83.5,74.87,77.18,73.35,22.35,23.15,25.4,24.7,25.2,0.51,0.47,0.82,0.71,0.85
2/21/2022 20:00,0.504,-99,2.17,1818,49.1,67.15,63.69,-4.539958,81,83.1,73.45,75.92,72.19,22.33,23.13,25.57,24.82,25.3,0.51,0.48,0.87,0.75,0.9
2/21/2022 20:15,0.499,-99,2.15,1818,49,66.84,63.4,-4.539958,80.6,82.4,72.08,74.8,71.3,22.31,23.14,25.87,24.99,25.41,0.52,0.5,0.93,0.8,0.93
2/21/2022 20:30,0.52,-99,2.24,1818,49.1,65.74,62.06,-4.375585,80.5,82.2,69.92,72.91,69.53,22.26,23.14,26.36,25.41,25.82,0.52,0.5,1.03,0.88,1.01
2/21/2022 20:45,0.599,-99,2.58,1818,49.1,64.88,60.34,-4.70433,80.1,81.6,68.93,71.09,67.42,22.31,23.29,26.61,25.82,26.34,0.54,0.53,1.08,0.96,1.12
2/21/2022 21:00,0.662,-99,2.85,1817,49,63.33,58.09,-4.70433,79.32,79.11,68.25,69.6,65.37,22.57,24.07,26.74,26.14,26.83,0.57,0.63,1.11,1.03,1.22
2/21/2022 21:15,0.79,-99,3.4,1818,49.1,63.28,56.92,-4.70433,77.51,68.17,68.54,67.64,62.72,23.1,26.96,26.75,26.65,27.58,0.64,1.13,1.11,1.13,1.38
2/21/2022 21:30,0.924,-99,3.98,1817,49,63.11,55.18,-4.211213,76.07,64.06,68.22,66.69,62.02,23.4,28.11,26.84,26.91,27.78,0.69,1.37,1.12,1.18,1.42
2/21/2022 21:45,1.02,-99,4.39, ,49.1,63.42,53.86,-4.868703,75.68,62.81,67.86,66.49,61.73,23.53,28.41,26.94,26.97,27.86,0.71,1.44,1.14,1.19,1.43
2/21/2022 22:00,1.05,-99,4.52,1817,49.1,65.12,54.1,-4.539958,74.55,66.78,66.42,66.45,62.2,23.59,27.01,27.18,26.85,27.6,0.74,1.19,1.21,1.19,1.4
2/21/2022 22:15,1.031,-99,4.44,1817,49.3,64.45,54.89,-4.539958,74.98,74.15,65.43,67.65,64,23.32,24.93,27.29,26.42,27.01,0.72,0.82,1.25,1.11,1.28
2/21/2022 22:30,1.02,-99,4.39,1817,49.4,65.17,54.89,-4.539958,75.52,76.03,65.13,67.68,64.16,23.07,24.38,27.25,26.29,26.85,0.69,0.73,1.26,1.11,1.27
2/21/2022 22:45,1.015,-99,4.37,1817,49.3,63.73,55.13,-4.539958,75.54,76.66,65.39,67.68,64.14,22.94,24.13,27.08,26.16,26.73,0.68,0.7,1.24,1.1,1.26
2/21/2022 23:00,0.992,-99,4.27,1818,49.3,65.1,55.65,-4.70433,75.62,76.83,65.3,67.38,64,22.86,24.01,27.01,26.15,26.64,0.68,0.69,1.24,1.11,1.26
2/21/2022 23:15,0.955,-99,4.11,1816,49.3,63.83,55.44,-4.539958,75.84,76.89,65.33,67.1,63.83,22.71,23.92,26.95,26.15,26.65,0.67,0.69,1.23,1.12,1.26
2/21/2022 23:30,0.971,-99,4.18,1817,49.4,64.93,55.25,-4.868703,75.86,76.97,64.71,66.29,62.93,22.71,23.89,27.08,26.35,26.86,0.67,0.68,1.26,1.16,1.31
2/21/2022 23:45,0.957,-99,4.12,1818,49.4,63.02,54.55,-4.539958,75.8,76.93,64.04,64.94,61.68,22.74,23.9,27.28,26.72,27.24,0.67,0.68,1.3,1.23,1.39
2/22/2022 0:00,0.992,-99,4.27,1817,49.1,62.97,54,-4.375585,75.75,76.92,63.17,64.01,60.54,22.79,23.96,27.58,27.04,27.57,0.67,0.69,1.36,1.29,1.45
2/22/2022 0:15,0.913,-99,3.93,1817,49.4,69.62,54.17,-4.375585,81.1,83.2,69.03,72.69,63.5,22.42,23.46,27.05,26.08,27.46,0.51,0.49,1.11,0.92,1.34
2/22/2022 0:30,0.822,-99,3.54,1819,49.6,67.13,57.54,-4.868703,84.4,87.7,71.79,74.95,66.96,21.82,22.67,26.7,25.78,27.06,0.41,0.34,0.99,0.83,1.18
2/22/2022 0:45,0.753,-99,3.24,1821,49.6,65.05,58.4,-4.211213,85.6,88.4,72.54,73.6,66.75,21.88,22.58,26.56,26.18,27.28,0.38,0.32,0.95,0.9,1.21
2/22/2022 1:00,0.746,-99,3.21,1820,49.5,64.26,58.04,-4.868703,85.6,88,71.23,71.76,65.62,21.99,22.71,26.89,26.51,27.55,0.38,0.33,1.02,0.98,1.27
2/22/2022 1:15,0.639,-99,2.75,1823,49.6,69.69,58.33,-4.539958,85.7,88.7,72.65,75.56,66.81,22.03,22.71,26.85,26,27.41,0.38,0.31,0.97,0.82,1.21
2/22/2022 1:30,0.646,-99,2.78,1822,49.6,68.9,60.41,-4.375585,86.4,89.8,73.32,76.68,68,21.88,22.66,26.76,25.78,27.2,0.36,0.28,0.94,0.77,1.15
2/22/2022 1:45,0.655,-99,2.82,1824,49.4,65.69,59.86,-4.70433,86.5,87.7,73.59,76.87,66.47,22.06,23.29,26.72,25.81,27.65,0.36,0.35,0.93,0.77,1.24
2/22/2022 2:00,0.66,-99,2.84,1824,49.7,65.26,58.59,-4.70433,85.8,84.2,73.05,74.65,65.3,22.32,24.1,26.83,26.26,27.92,0.38,0.47,0.95,0.87,1.31
2/22/2022 2:15,0.711,-99,3.06,1824,49.6,71.22,58.02,-4.539958,83.2,79.62,75.78,78.24,66.62,23.1,25.13,26.36,25.72,27.71,0.47,0.65,0.83,0.72,1.24
2/22/2022 2:30,0.687,-99,2.96,1825,49.5,68.56,59.53,-4.539958,84.5,82.9,75.58,78.31,68.27,22.73,24.53,26.36,25.67,27.36,0.43,0.53,0.84,0.71,1.16
2/22/2022 2:45,0.681,-99,2.93,1825,49.6,67.03,60.39,-4.868703,84.8,84.6,74,77.34,68.85,22.4,23.72,26.48,25.63,27.05,0.41,0.45,0.9,0.75,1.11
2/22/2022 3:00,0.634,-99,2.73,1826,49.5,64.93,59.48,-4.375585,85.2,86.1,73.75,75.77,67.4,22.27,23.48,26.59,25.86,27.31,0.4,0.4,0.91,0.81,1.18
2/22/2022 3:15,0.687,-99,2.96,1826,49.5,65.34,58.64,-4.868703,85,82.9,72.15,73.26,65.21,22.39,24.26,26.92,26.41,27.84,0.41,0.52,0.99,0.92,1.3
2/22/2022 3:30,0.762,-99,3.28,1826,49.5,63.93,56.9,-5.197448,84.1,79.33,70.92,71.83,64.16,22.61,25.06,27.18,26.69,28.15,0.44,0.66,1.05,0.99,1.37
2/22/2022 3:45,0.815,-99,3.51, ,49.3,63.57,56.06,-4.539958,83.2,75.38,70.18,70.69,63.59,22.78,26.01,27.28,26.87,28.22,0.47,0.83,1.08,1.04,1.39
2/22/2022 4:00,0.894,-99,3.85,1827,49.5,64.07,55.94,-4.539958,82.1,72.57,69.69,69.86,63.09,22.99,26.68,27.33,26.99,28.3,0.5,0.96,1.1,1.07,1.42
2/22/2022 4:15,0.941,-99,4.05,1825,49.5,63.73,54.86,-4.868703,81,70.06,69.58,68.83,62.84,23.19,27.27,27.34,27.18,28.35,0.54,1.08,1.11,1.12,1.43
2/22/2022 4:30,0.996,-99,4.29,1827,49.5,63.02,54.03,-4.70433,79.96,68.13,69.34,68.01,62.52,23.36,27.73,27.33,27.3,28.39,0.58,1.19,1.11,1.16,1.45
2/22/2022 4:45,1.052,-99,4.53,1825,49.5,62.95,53.45,-4.539958,79.5,66.06,69.29,67.77,62.34,23.39,28.24,27.31,27.35,28.37,0.59,1.3,1.11,1.17,1.45
2/22/2022 5:00,1.08,-99,4.65,1826,49.6,63.02,53.29,-4.868703,78.91,64.79,69.23,67.39,62.1,23.44,28.47,27.26,27.35,28.38,0.61,1.37,1.11,1.19,1.46
2/22/2022 5:15,1.12,-99,4.82,1825,49.5,62.92,52.69,-4.70433,78.2,64.34,69.1,67.18,61.85,23.59,28.59,27.25,27.36,28.41,0.63,1.39,1.12,1.2,1.48
2/22/2022 5:30,1.147,-99,4.94,1825,49.5,63.04,52.31,-4.375585,77.2,64.2,69.11,67.17,61.93,23.81,28.58,27.21,27.33,28.36,0.67,1.4,1.11,1.19,1.47
2/22/2022 5:45,1.18,-99,5.08,1825,49.5,62.9,52.16,-4.375585,76.31,63.61,68.88,66.81,61.58,23.96,28.69,27.22,27.37,28.41,0.71,1.43,1.12,1.21,1.49
2/22/2022 6:00,1.208,-99,5.2,1823,49.6,63.3,51.76,-4.868703,75.81,62.99,68.55,66.47,61.51,23.97,28.82,27.26,27.37,28.39,0.72,1.47,1.14,1.22,1.49
2/22/2022 6:15,1.247,-99,5.37,1824,49.6,62.63,51.28,-4.539958,74.8,62.77,68.51,66.1,61.42,24.17,28.81,27.2,27.43,28.36,0.76,1.48,1.14,1.24,1.49
2/22/2022 6:30,1.277,-99,5.5,1823,49.5,63.09,50.92,-4.539958,73.68,63.09,68.58,65.91,61.28,24.4,28.7,27.18,27.42,28.36,0.8,1.45,1.13,1.25,1.49
2/22/2022 6:45,1.322,-99,5.69,1823,49.6,62.97,50.56,-4.375585,72.3,62.78,68.56,65.74,61.23,24.66,28.76,27.15,27.44,28.33,0.86,1.47,1.13,1.25,1.49
2/22/2022 7:00,1.373,-99,5.91,1823,49.5,61.7,49.89,-0.266273,72.7,62.11,68.43,65.67,61,24.52,28.9,27.13,27.41,28.36,0.84,1.51,1.13,1.25,1.51
2/22/2022 7:15,1.51,-99,6.5,1822,49.7,59.67,47.17,10.911055,68.51,67.58,68.06,65.18,61.27,25.98,27.39,27.16,27.55,28.35,1.06,1.18,1.15,1.28,1.49
2/22/2022 7:30,2.058,-99,8.86,1821,49.8,53.29,39.09,31.786359,63.86,72.08,68.47,65.07,61.43,27.17,26.4,27.19,27.74,28.45,1.3,0.96,1.14,1.3,1.5
2/22/2022 7:45,2.341,-99,10.08,1819,49.6,49.03,34.31,52.168546,64.23,73.91,69.83,65.4,61.56,27.35,26.44,27.34,28.07,28.81,1.3,0.9,1.1,1.31,1.52
2/22/2022 8:00,2.687,-99,11.57,1820,49.6,47.17,32.82,77.810652,65.67,75.1,71.37,65.61,62.07,27.36,26.71,27.59,28.43,29.16,1.25,0.87,1.06,1.33,1.53
2/22/2022 8:15,2.817,-99,12.13,1818,49.7,44.18,32.56,93.754782,67.21,76.38,71.62,66.2,63.32,27.4,26.81,27.89,28.67,29.39,1.2,0.83,1.07,1.33,1.5
2/22/2022 8:30,10.596,-99,45.62,1816,49.7,43.15,33.09,125.314297,69.31,78.06,71.41,66.9,67.08,27.34,26.9,28.36,28.95,30.27,1.12,0.78,1.1,1.32,1.42
2/22/2022 8:45,11.223,-99,48.32,1811,49.7,42.03,33.97,256.647905,71.24,79.31,73.42,67.86,70.38,27.38,27.09,28.41,29.23,32.05,1.05,0.74,1.03,1.3,1.41
2/22/2022 9:00,2.248,-99,9.68,1811,49.3,39.52,32.23,183.995271,71.75,80.1,73.92,68.05,69.2,27.62,27.36,28.74,29.68,33.75,1.04,0.72,1.03,1.33,1.62
2/22/2022 9:15,13.244,-99,57.02,1806,49.3,49.34,39.16,258.456002,70.46,78.19,70.14,65.92,64.9,27.09,27.15,29.1,29.88,34.81,1.06,0.78,1.2,1.44,1.95
2/22/2022 9:30,13.808,-99,59.45,1802,49.4,46.38,39.97,468.19528,70.72,78.12,68.54,64.98,62.12,26.66,26.8,29.17,29.86,35.27,1.02,0.77,1.27,1.47,2.16
2/22/2022 9:45,14.038,-99,60.44, ,49.4,43.58,38.78,242.676245,70.69,78.21,68.29,64.85,60.18,26.68,26.83,29.26,29.98,35.81,1.03,0.77,1.29,1.49,2.34
2/22/2022 10:00,13.36,-99,57.52,1797,49,42.84,38.61,282.454384,70.88,78.23,68.32,64.78,56.9,26.71,26.91,29.34,30.14,36.21,1.02,0.77,1.29,1.51,2.59
2/22/2022 10:15,13.671,-99,58.86,1796,49.3,43.15,39.04,267.660861,71.53,78.54,68.17,64.8,54.68,26.63,26.9,29.45,30.25,36.4,0.99,0.76,1.31,1.52,2.75
2/22/2022 10:30,13.541,-99,58.3,1795,48.8,42.31,38.94,298.234141,73.57,79.87,68.64,65.54,55.03,26.27,26.74,29.46,30.33,36.01,0.9,0.71,1.29,1.49,2.67
2/22/2022 10:45,13.281,-99,57.18,1792,48.6,42.17,38.82,324.04062,74.61,80.3,68.34,64.83,55.63,26.16,26.75,29.53,30.61,35.49,0.86,0.69,1.31,1.55,2.56
2/22/2022 11:00,13.81,-99,59.46,1794,48.3,42.98,38.58,336.03981,75.44,80.9,69.09,65.1,55.67,26.05,26.7,29.5,30.68,35.49,0.83,0.67,1.27,1.54,2.56
2/22/2022 11:15,13.23,-99,56.96,1793,48.3,43.41,38.32,372.694872,75.4,80.4,71.86,67.75,57.25,26.05,26.48,28.94,30.84,34.97,0.83,0.68,1.12,1.44,2.4
2/22/2022 11:30,12.979,-99,55.88,1793,48.2,43.34,37.65,908.220396,75.73,81.7,75.55,70.01,59.07,26.05,26.22,28.15,30.84,34.35,0.82,0.62,0.93,1.34,2.22
2/22/2022 11:45,12.77,-99,54.98,1794,48.1,43.63,37.44,996.324042,76.02,82.1,76.82,70.93,59.48,26.06,26.17,27.97,30.8,34.22,0.81,0.61,0.87,1.29,2.18
2/22/2022 12:00,12.598,-99,54.24,1795,47.8,43.99,36.98,1025.582343,76.31,82.6,77.6,72.56,60.62,26.11,26.12,27.93,30.72,34.11,0.8,0.59,0.84,1.21,2.11
2/22/2022 12:15,12.303,-99,52.97,1794,47.5,44.2,36.58,1094.125665,76.6,83.2,78.14,73.79,60.49,26.11,26.08,27.88,30.74,34.01,0.79,0.57,0.82,1.16,2.1
2/22/2022 12:30,12.185,-99,52.46,1795,47.5,45.06,36.22,945.204203,77.19,83.7,78.8,74.46,61.93,26.05,26.03,27.83,30.76,33.65,0.77,0.55,0.79,1.13,1.99
2/22/2022 12:45,11.985,-99,51.6,1796,47.3,46.38,35.86,737.766139,76.56,83.2,78.12,72.37,61.29,26.01,25.94,27.74,30.66,33.68,0.79,0.56,0.81,1.22,2.02
2/22/2022 13:00,11.485,-99,49.45,1796,47.3,46.83,35.33,447.977466,75.67,82.5,77.1,72.12,60.62,26.07,25.97,27.72,30.36,33.43,0.82,0.59,0.85,1.21,2.03
2/22/2022 13:15,10.563,-99,45.48,1797,47.4,47.84,34.62,426.609044,75.22,82.2,76.76,72.27,62.33,26.12,25.99,27.75,30.22,32.72,0.84,0.6,0.87,1.19,1.87
2/22/2022 13:30,9.843,-99,42.38,1798,47.3,49.68,34.43,416.417951,74.92,82,76.7,72.3,64.77,26.13,25.96,27.68,30.17,31.63,0.85,0.6,0.86,1.19,1.64
2/22/2022 13:45,3.233,-99,13.92,1799,47.5,50.25,34.19,380.420379,74.52,81.7,76.68,72.17,67.59,26.17,25.96,27.59,29.94,30.6,0.87,0.61,0.86,1.18,1.42
2/22/2022 14:00,3.18,-99,13.69,1800,47.8,51.71,34.5,1026.239833,73.95,81.1,76.38,72.88,69.27,26.2,26.02,27.6,29.66,30.02,0.89,0.64,0.87,1.13,1.31
2/22/2022 14:15,3.019,-99,13,1800,48,52.52,34.83,1041.855218,73.68,81,76.41,74.12,70.76,26.28,26.06,27.54,29.44,29.69,0.9,0.64,0.87,1.06,1.22
2/22/2022 14:30,2.903,-99,12.5,1802,47.8,53.67,35.29,969.531329,73.52,81,76.52,74.56,71.24,26.37,26.08,27.5,29.34,29.51,0.91,0.64,0.86,1.04,1.19
2/22/2022 14:45,2.697,-99,11.61,1803,48,53.79,36.1,789.379096,74.61,82.1,77.99,76.59,73.51,26.39,26.11,27.35,29.37,29.34,0.87,0.61,0.8,0.96,1.08
2/22/2022 15:00,2.481,-99,10.68,1805,48.1,53.43,36.72,431.375846,76.07,83.6,79.44,77.02,74.7,26.41,26.12,27.39,29.66,29.51,0.82,0.56,0.75,0.96,1.04
2/22/2022 15:15,2.144,-99,9.23,1807,48.5,52.9,37.44,260.099727,81,87.7,83.7,79.57,77.89,26.75,26.39,27.52,29.76,29.62,0.67,0.42,0.6,0.85,0.92
2/22/2022 15:30,2,-99,8.61,1809,48.3,54.39,39.25,261.743452,82.2,89.3,86.4,80.8,79.14,27.17,26.7,27.68,30.15,30.04,0.64,0.37,0.5,0.82,0.89
2/22/2022 15:45,1.979,-99,8.52,1810,48.8,58.24,40.59,395.542646,80.6,88.5,86,79.57,77.96,27.42,26.83,27.79,30.15,30.02,0.71,0.41,0.52,0.87,0.94
2/22/2022 16:00,1.756,-99,7.56,1812,48.7,59.91,43.77,257.798512,79.64,87.6,85,79.81,77.57,27.49,26.88,27.71,29.62,29.74,0.75,0.44,0.56,0.84,0.94
2/22/2022 16:15,1.575,-99,6.78,1814,49.1,60.84,45.9,217.691628,80.2,87.9,86,81.3,78.55,27.52,26.94,27.66,28.97,29.25,0.73,0.43,0.52,0.75,0.87
2/22/2022 16:30,1.449,-99,6.24,1815,49,62.25,47.84,119.068143,79.77,87.8,85.9,82.5,78.95,27.5,26.84,27.6,28.52,29.02,0.74,0.43,0.52,0.68,0.84
2/22/2022 16:45,1.356,-99,5.84,1816,49.3,62.87,49.58,88.001746,79.28,87.6,85.6,82.9,79.38,27.45,26.7,27.47,28.12,28.56,0.76,0.43,0.53,0.65,0.81
2/22/2022 17:00,1.282,-99,5.52,1818,48.9,63.3,50.8,82.413081,78.73,87.3,85.3,83.4,79.21,27.32,26.56,27.3,27.82,28.43,0.77,0.44,0.53,0.62,0.81
2/22/2022 17:15,1.203,-99,5.18,1817,49.3,64.12,52.09,237.74507,77.99,86.9,85.3,83,79.27,27.05,26.31,27.09,27.57,28.05,0.79,0.45,0.53,0.63,0.79
2/22/2022 17:30,1.124,-99,4.84,1818,49.1,65.03,53.26,119.725633,78.39,86.8,85.1,83.3,79.39,26.66,26.05,26.85,27.31,27.85,0.76,0.45,0.53,0.61,0.77
2/22/2022 17:45,1.054,-99,4.54,1817,49.1,66.41,54.79,65.318344,78.44,86.5,84.9,83.1,79.43,26.38,25.86,26.64,27.05,27.53,0.74,0.45,0.53,0.6,0.76
2/22/2022 18:00,1.073,-99,4.62,1818,49.1,67.37,55.75,25.86895,78.03,86,84.4,82.7,79.14,26.06,25.58,26.35,26.69,26.99,0.74,0.46,0.54,0.61,0.74
2/22/2022 18:15,1.126,-99,4.85,1819,49.3,66.67,55.53,1.213079,77.71,85.6,83,80.4,76.03,26.01,25.35,26.21,26.61,27.22,0.75,0.47,0.58,0.68,0.87
2/22/2022 18:30,1.145,-99,4.93,1818,49.3,66.67,55.25,-3.882468,75.05,84.1,80.7,77.49,72.91,26.19,25.32,26.36,26.88,27.58,0.85,0.51,0.66,0.8,1
2/22/2022 18:45,1.18,-99,5.08,1819,49,67.68,55.18,-4.868703,73.35,82.5,78.56,75.58,71.29,26.19,25.34,26.39,26.9,27.56,0.91,0.57,0.74,0.87,1.06
2/22/2022 19:00,1.203,-99,5.18,1818,49.1,67.01,54.7,-4.375585,72.02,80.7,76.56,73.97,69.56,26.17,25.42,26.55,26.93,27.65,0.95,0.63,0.81,0.92,1.13
2/22/2022 19:15,1.261,-99,5.43,1818,49.4,66.05,53.53,-4.375585,71.1,79.32,75.2,72.64,68.14,26.11,25.53,26.61,26.96,27.75,0.98,0.68,0.86,0.97,1.19
2/22/2022 19:30,1.287,-99,5.54,1818,49.3,66.1,52.81,-4.868703,70.56,77.39,73.75,71.11,67.1,26,25.82,26.73,27.11,27.8,0.99,0.75,0.92,1.04,1.23
2/22/2022 19:45,1.319,-99,5.68,1817,49.1,65.74,52.07,-4.211213,70.58,75.46,72.53,70.03,66.54,25.83,26.16,26.89,27.22,27.8,0.98,0.83,0.97,1.08,1.25
2/22/2022 20:00,1.375,-99,5.92,1817,49.3,65.22,51.9,-4.70433,71.1,73.62,71.57,69.01,65.86,25.57,26.5,27.01,27.32,27.84,0.95,0.91,1.01,1.13,1.28
2/22/2022 20:15,1.391,-99,5.99,1818,49.3,64.69,51.33,-4.70433,71.11,72.91,70.88,68.35,65.42,25.47,26.56,27.05,27.36,27.86,0.94,0.94,1.04,1.15,1.3
2/22/2022 20:30,1.398,-99,6.02,1817,49.3,64.52,51.18,-4.70433,71.01,71.17,70.43,67.71,64.83,25.4,26.94,27.07,27.43,27.9,0.94,1.02,1.06,1.18,1.32
2/22/2022 20:45,1.419,-99,6.11,1818,49.3,63.97,50.82,-4.539958,70.72,70.44,69.78,67.15,64.34,25.39,27.04,27.15,27.49,27.92,0.95,1.06,1.09,1.21,1.34
2/22/2022 21:00,1.401,-99,6.03,1817,49.1,64.16,50.68,-4.375585,70.42,69.38,69.7,66.89,63.89,25.39,27.22,27.1,27.45,27.98,0.96,1.11,1.09,1.21,1.36
2/22/2022 21:15,1.431,-99,6.16,1817,49.3,64.31,50.59,-4.539958,70.43,68.93,69.23,66.63,63.52,25.31,27.29,27.13,27.46,28,0.95,1.13,1.11,1.22,1.38
2/22/2022 21:30,1.396,-99,6.01, ,49.1,63.42,50.39,-4.375585,70.82,68.02,69.21,66.35,63.3,25.15,27.45,27.11,27.48,28.01,0.93,1.17,1.1,1.23,1.39
2/22/2022 21:45,1.412,-99,6.08,1817,49.3,64.48,50.44,-4.70433,70.3,67.46,68.98,66.12,63,25.22,27.57,27.11,27.47,28.03,0.95,1.2,1.11,1.24,1.4
2/22/2022 22:00,1.405,-99,6.05,1818,49.3,63.5,50.23,-4.375585,70.4,66.8,68.75,66.06,62.81,25.11,27.7,27.14,27.44,28.03,0.94,1.23,1.12,1.24,1.41
2/22/2022 22:15,1.398,-99,6.02,1817,49.3,63.16,50.23,-4.70433,70.92,66.44,68.54,65.81,62.49,24.96,27.74,27.12,27.44,28.06,0.92,1.25,1.13,1.25,1.42
2/22/2022 22:30,1.417,-99,6.1,1817,49.3,63.88,50.27,-4.70433,70.87,66.04,68.34,65.51,62.35,24.92,27.79,27.13,27.47,28.05,0.92,1.27,1.14,1.26,1.43
2/22/2022 22:45,1.417,-99,6.1,1818,49.3,63.3,50.35,-4.539958,71.01,65.56,67.96,65.33,61.91,24.81,27.87,27.18,27.47,28.11,0.91,1.29,1.15,1.27,1.45
2/22/2022 23:00,1.44,-99,6.2,1818,49.4,63.14,49.75,-4.539958,71.51,65.22,67.92,65.22,61.89,24.69,27.93,27.13,27.44,28.08,0.89,1.31,1.15,1.27,1.45
2/22/2022 23:15,1.403,-99,6.04,1818,49.4,62.54,49.8,-4.70433,71.56,65.06,67.85,65,61.62,24.69,27.95,27.14,27.46,28.12,0.88,1.32,1.16,1.28,1.46
2/22/2022 23:30,1.421,-99,6.12,1818,49.3,63.09,49.7,-4.375585,71.07,64.8,67.7,64.88,61.55,24.72,27.98,27.14,27.48,28.11,0.9,1.33,1.16,1.29,1.46
2/22/2022 23:45,1.428,-99,6.15,1818,49.3,63.16,49.77,-4.868703,71.05,64.68,67.26,64.72,61.33,24.7,27.97,27.18,27.45,28.12,0.9,1.33,1.18,1.29,1.47
2/23/2022 0:00,1.442,-99,6.21,1819,49.3,62.87,49.34,-4.70433,71.11,64.11,67.29,64.55,61.21,24.63,28.08,27.14,27.47,28.09,0.9,1.36,1.18,1.3,1.47
2/23/2022 0:15,1.442,-99,6.21,1819,49.3,62.99,49.46,-4.375585,71.1,63.75,67.16,64.33,60.99,24.59,28.12,27.11,27.46,28.09,0.89,1.38,1.18,1.31,1.48
2/23/2022 0:30,1.468,-99,6.32,1819,49.3,63.18,49.34,-4.868703,70.62,63.45,66.88,64.13,60.74,24.64,28.14,27.15,27.42,28.1,0.91,1.39,1.19,1.31,1.49
2/23/2022 0:45,1.461,-99,6.29,1819,49.3,62.9,48.94,-4.539958,70.36,62.83,66.52,64.02,60.51,24.62,28.25,27.15,27.39,28.1,0.92,1.43,1.2,1.31,1.5
2/23/2022 1:00,1.491,-99,6.42,1819,49.3,62.8,48.84,-4.70433,70.4,62.6,66.28,63.73,60.31,24.53,28.25,27.17,27.43,28.08,0.91,1.43,1.21,1.33,1.51
2/23/2022 1:15,1.461,-99,6.29,1818,49.3,62.51,49.1,-4.539958,70.11,62.93,66.25,63.62,60.46,24.57,28.16,27.16,27.43,28.05,0.92,1.41,1.21,1.33,1.5
2/23/2022 1:30,1.473,-99,6.34,1819,49.4,62.63,48.74,-4.70433,70.31,62.7,66.31,63.65,60.22,24.53,28.22,27.14,27.43,28.11,0.91,1.43,1.21,1.33,1.51
2/23/2022 1:45,1.466,-99,6.31,1819,49.4,62.9,48.72,-4.868703,70.53,62.34,66.29,63.67,60.2,24.5,28.32,27.16,27.43,28.1,0.91,1.45,1.21,1.33,1.51
2/23/2022 2:00,1.477,-99,6.36,1818,49.4,62.68,48.58,-4.539958,70.5,62.42,66.18,63.55,60.02,24.5,28.31,27.16,27.45,28.16,0.91,1.45,1.22,1.33,1.53
2/23/2022 2:15,1.459,-99,6.28,1818,49.4,61.89,48.67,-4.375585,70.37,62.68,66.13,63.59,60.12,24.54,28.22,27.19,27.44,28.12,0.91,1.43,1.22,1.33,1.52
2/23/2022 2:30,1.477,-99,6.36,1819,49.3,62.2,48.46,-4.375585,69.95,62.36,66.08,63.55,60.03,24.63,28.31,27.19,27.46,28.16,0.93,1.45,1.22,1.34,1.52
2/23/2022 2:45,1.466,-99,6.31,1820,49.4,62.63,48.77,-4.375585,70.44,61.78,65.93,63.38,59.92,24.49,28.45,27.23,27.46,28.14,0.91,1.48,1.23,1.34,1.53
2/23/2022 3:00,1.5,-99,6.46,1819,49.4,62.97,48.77,-4.868703,70.36,61.86,65.88,63.3,59.87,24.47,28.41,27.17,27.45,28.14,0.91,1.48,1.23,1.34,1.53
2/23/2022 3:15,1.466,-99,6.31,1819,49.4,62.56,48.48,-4.70433,70.47,61.93,65.77,63.21,59.76,24.42,28.35,27.18,27.47,28.15,0.9,1.47,1.23,1.35,1.53
2/23/2022 3:30,1.484,-99,6.39,1819,49.5,62.66,48.55,-4.70433,70.3,61.6,65.56,62.9,59.58,24.45,28.43,27.23,27.55,28.2,0.91,1.49,1.24,1.37,1.55
2/23/2022 3:45,1.484,-99,6.39,1819,49.4,62.44,48.39,-4.211213,70.59,60.82,65.37,62.72,59.34,24.31,28.63,27.28,27.56,28.23,0.89,1.54,1.26,1.37,1.56
2/23/2022 4:00,1.493,-99,6.43,1819,49.4,62.85,48.46,-4.70433,70.5,60.77,65.26,62.7,59.38,24.31,28.62,27.29,27.55,28.2,0.9,1.54,1.26,1.37,1.55
2/23/2022 4:15,1.5,-99,6.46,1820,49.3,62.92,48.51,-4.539958,70.77,60.89,65.23,62.54,59.13,24.24,28.57,27.24,27.55,28.23,0.88,1.53,1.26,1.38,1.57
2/23/2022 4:30,1.493,-99,6.43,1819,49.8,62.32,48.31,-4.70433,70.44,61.1,65.22,62.49,59.12,24.28,28.47,27.23,27.56,28.22,0.9,1.51,1.26,1.38,1.57
2/23/2022 4:45,1.493,-99,6.43,1820,49.8,62.25,48.27,-4.868703,70.52,60.77,65.04,62.4,58.86,24.22,28.58,27.27,27.57,28.28,0.89,1.53,1.27,1.39,1.58
2/23/2022 5:00,1.524,-99,6.56,1820,49.4,62.37,47.93,-4.539958,70.27,60.07,64.91,62.36,58.79,24.3,28.76,27.3,27.55,28.28,0.9,1.58,1.27,1.39,1.58
2/23/2022 5:15,1.526,-99,6.57,1820,49.4,61.68,47.48,-4.539958,70.08,60.48,64.71,62.14,58.69,24.37,28.6,27.33,27.58,28.28,0.91,1.55,1.28,1.4,1.59
2/23/2022 5:30,1.556,-99,6.7,1820,49.5,61.99,47.48,-4.70433,69.41,60.8,64.79,62.11,58.76,24.49,28.52,27.27,27.58,28.27,0.94,1.53,1.28,1.4,1.58
2/23/2022 5:45,1.575,-99,6.78,1820,49.8,61.99,47.48,-4.70433,69.45,60.79,64.72,62,58.69,24.48,28.53,27.31,27.63,28.29,0.94,1.53,1.28,1.41,1.59
2/23/2022 6:00,1.582,-99,6.81,1819,49.4,62.23,47.41,-4.868703,69.05,60.28,64.64,62.04,58.63,24.54,28.66,27.34,27.58,28.27,0.95,1.56,1.29,1.4,1.59
2/23/2022 6:15,1.61,-99,6.93,1820,49.7,62.32,47.05,-4.539958,68.85,60.21,64.67,62.02,58.63,24.58,28.67,27.31,27.57,28.27,0.96,1.56,1.28,1.4,1.59
2/23/2022 6:30,1.621,-99,6.98,1820,49.5,61.97,47.02,-4.375585,68.79,60.3,64.66,61.98,58.59,24.59,28.63,27.29,27.57,28.25,0.96,1.56,1.28,1.4,1.59
2/23/2022 6:45,1.649,-99,7.1,1819,49.4,61.18,46.5,-4.211213,68.41,60.25,64.63,62.01,58.53,24.67,28.61,27.29,27.53,28.26,0.98,1.56,1.28,1.4,1.59
2/23/2022 7:00,1.682,-99,7.24,1820,49.4,60.41,45.8,0.391216,68.46,60.47,64.64,61.87,58.36,24.68,28.54,27.25,27.55,28.26,0.98,1.54,1.28,1.4,1.6
2/23/2022 7:15,1.87,-99,8.05,1819,49.9,57.76,42.94,13.21227,65.43,65.1,64.91,61.72,58.53,25.74,27.29,27.17,27.63,28.31,1.14,1.27,1.26,1.42,1.6
2/23/2022 7:30,2.304,-99,9.92,1818,49.4,50.49,35.84,33.430084,60.48,69.35,66.06,61.87,58.6,27.12,26.42,27.13,27.82,28.49,1.42,1.06,1.22,1.43,1.61
2/23/2022 7:45,2.506,-99,10.79,1817,49.4,46.69,32.9,54.141016,60.61,71.28,67.65,62.57,59.25,27.49,26.5,27.31,28.12,28.82,1.45,0.99,1.17,1.42,1.62
2/23/2022 8:00,2.778,-99,11.96,1815,49.5,45.95,32.66,77.153162,62.68,73.01,69.26,63.1,60.43,27.48,26.73,27.66,28.53,29.05,1.37,0.95,1.14,1.44,1.59
2/23/2022 8:15,2.908,-99,12.52,1814,49.5,43.56,33.01,100.329681,65.05,74.84,70.35,64.32,61.86,27.41,26.83,27.83,28.75,29.3,1.28,0.89,1.11,1.41,1.55
2/23/2022 8:30,10.531,-99,45.34,1813,49.5,43.84,33.44,137.806606,67.19,76.6,70.16,65.21,63.52,27.37,26.93,28.28,29.05,30.04,1.2,0.83,1.15,1.4,1.55
2/23/2022 8:45,11.302,-99,48.66,1808,49.6,43.44,33.95,220.814705,68.94,77.85,71.54,66.19,66.35,27.46,27.12,28.44,29.3,31.23,1.14,0.8,1.1,1.38,1.53
2/23/2022 9:00,2.269,-99,9.77,1807,49.4,42.15,32.03,198.624421,69.68,78.61,72.55,66.63,64.8,27.57,27.34,28.63,29.64,32.36,1.12,0.78,1.08,1.39,1.71
2/23/2022 9:15,12.08,-99,52.01, ,49.5,52.62,36.67,282.618756,69.24,77.02,69.84,65.09,65.84,26.96,27.09,28.84,29.69,33.44,1.09,0.82,1.2,1.46,1.76
2/23/2022 9:30,12.726,-99,54.79,1803,49.6,42.19,37.32,446.004996,69.3,77.04,68.58,64.52,62.72,26.54,26.65,28.76,29.47,33.49,1.07,0.8,1.24,1.46,1.93
2/23/2022 9:45,12.809,-99,55.15,1800,49.3,45.52,37.1,281.468149,69.17,76.8,68.28,64.69,62.54,26.58,26.72,28.88,29.51,34.11,1.07,0.81,1.26,1.46,2
2/23/2022 10:00,12.642,-99,54.43,1798,49.1,44.13,36.94,289.686772,69.87,77.01,68.26,65.09,60.93,26.5,26.8,28.97,29.58,34.93,1.04,0.81,1.27,1.45,2.19
2/23/2022 10:15,12.853,-99,55.34,1797,49.4,43.46,37.15,270.455193,70.13,77.32,68.48,64.97,59.14,26.59,26.84,29.05,29.68,35.69,1.04,0.8,1.27,1.46,2.39
2/23/2022 10:30,12.649,-99,54.46,1796,49,43.72,37.51,312.041429,70.46,77.82,67.92,64.92,56.71,26.61,26.83,29.22,29.84,36.11,1.03,0.78,1.3,1.47,2.59
2/23/2022 10:45,12.986,-99,55.91,1797,49,43.39,37.25,359.051957,71.21,78.36,68.05,64.95,57.05,26.6,26.83,29.34,30.05,36.36,1,0.76,1.31,1.49,2.6
2/23/2022 11:00,13.028,-99,56.09,1796,49.1,44.3,36.77,363.490014,71.23,78.61,68.33,65.51,54.8,26.73,26.91,29.46,30.25,36.47,1.01,0.76,1.3,1.48,2.76
2/23/2022 11:15,11.913,-99,51.29,1797,49,40.11,34.59,445.347506,75.05,80.8,72.15,68.61,54.78,26.83,26.88,29.05,30.22,35.31,0.88,0.68,1.12,1.35,2.59
2/23/2022 11:30,11.88,-99,51.15,1796,49,41.74,34.14,990.242261,77.81,84.7,78.05,75.51,60.67,27.22,27.02,28.73,29.55,34.45,0.8,0.55,0.87,1.01,2.15
2/23/2022 11:45,11.65,-99,50.16,1797,49.1,42.31,34.16,977.256835,78.26,85.6,80.4,77.89,60.8,27.58,27.27,28.72,29.68,34.82,0.8,0.52,0.77,0.92,2.18
2/23/2022 12:00,11.379,-99,48.99,1796,49,43.63,34.33,1146.88923,78.28,85.7,81,78.56,61.46,27.94,27.57,28.97,29.97,34.96,0.82,0.53,0.76,0.91,2.16
2/23/2022 12:15,11.53,-99,49.64,1797,48.8,44.32,33.9,1125.68518,78.45,86,81,78.58,61.74,28.23,27.77,29.26,30.37,35.17,0.83,0.52,0.77,0.93,2.17
2/23/2022 12:30,10.928,-99,47.05,1798,49.3,45.92,33.68,1211.816357,78.89,86.6,81.3,78.93,62.8,28.41,27.89,29.48,30.65,34.93,0.82,0.5,0.77,0.93,2.08
2/23/2022 12:45,10.122,-99,43.58,1799,49,46.26,33.49,608.898119,79.37,87.1,81.6,79.31,65.24,28.6,28.05,29.69,30.95,34.31,0.81,0.49,0.77,0.93,1.88
2/23/2022 13:00,2.873,-99,12.37,1801,49.1,51.23,33.61,234.786366,79.81,87.5,81.9,79.05,69.63,28.77,28.23,29.89,31.2,33.03,0.8,0.48,0.76,0.95,1.53
2/23/2022 13:15,2.783,-99,11.98,1805,49.3,54.22,34.76,294.946692,79.39,87.3,81.8,77.7,73.33,28.83,28.23,29.86,31,31.57,0.82,0.49,0.77,1,1.24
2/23/2022 13:30,2.717,-99,11.7,1807,49.5,55.41,35.57,366.284346,79.1,87.1,81.6,78.6,75.47,28.79,28.16,29.78,30.54,30.81,0.83,0.49,0.77,0.94,1.09
2/23/2022 13:45,2.573,-99,11.08,1808,49.5,58.38,37.53,265.852764,78.94,87.1,81.8,79.62,77.06,28.76,28.11,29.58,30.04,30.24,0.83,0.49,0.75,0.87,0.99
2/23/2022 14:00,2.448,-99,10.54,1810,49.5,60.32,39.18,439.265725,78.57,87,82.4,80.6,78.62,28.61,27.9,29.17,29.44,29.56,0.84,0.49,0.71,0.8,0.88
2/23/2022 14:15,2.241,-99,9.65,1811,49.5,63.64,41.55,222.129685,78.18,86.8,83,81.8,79.04,28.45,27.67,28.78,28.95,29.23,0.85,0.49,0.67,0.73,0.85
2/23/2022 14:30,1.97,-99,8.48,1812,49.4,70.38,47.05,20.444658,77.34,86.2,83,81.8,79.29,28.08,27.3,28.21,28.4,28.59,0.86,0.5,0.65,0.7,0.81
2/23/2022 14:45,1.844,-99,7.94,1813,49.4,72.77,50.11,107.56207,75.46,84.9,82.2,81.2,78.7,27.49,26.63,27.44,27.55,27.74,0.9,0.53,0.65,0.69,0.79
2/23/2022 15:00,1.925,-99,8.29,1814,49.5,75.47,53,115.616321,73.24,83.1,80.5,79.62,76.92,26.7,25.76,26.55,26.59,26.79,0.94,0.56,0.68,0.71,0.81
2/23/2022 15:15,1.912,-99,8.23, ,49.5,78.48,54.75,65.153972,71.99,82,79.43,78.59,75.59,25.91,24.94,25.69,25.67,26.02,0.94,0.57,0.68,0.71,0.82
2/23/2022 15:30,1.872,-99,8.06,1816,49.5,76.43,55.63,54.469761,69.78,80.5,78.54,76.93,73.33,25.71,24.56,25.16,25.32,25.85,1,0.6,0.69,0.74,0.89
2/23/2022 15:45,1.781,-99,7.67,1817,49.7,75.14,54.86,29.978262,66.9,78.26,77.15,74.75,71.24,25.87,24.54,24.93,25.25,25.8,1.1,0.67,0.72,0.81,0.96
2/23/2022 16:00,1.709,-99,7.36,1817,49.7,72.53,54.03,40.004983,65.01,76.74,75.97,73.12,69.62,25.99,24.52,24.78,25.21,25.78,1.18,0.72,0.75,0.86,1.01
2/23/2022 16:15,1.744,-99,7.51,1816,49.5,72.79,53.98,24.55397,62.94,74.7,74.7,71.32,67.9,26.05,24.52,24.63,25.15,25.73,1.25,0.78,0.78,0.92,1.06
2/23/2022 16:30,1.793,-99,7.72,1815,49.6,69.62,52.47,24.389598,60.54,72.28,73.46,69.32,66.14,26.03,24.54,24.3,25.01,25.57,1.33,0.85,0.81,0.97,1.11
2/23/2022 16:45,2.046,-99,8.81,1814,49.6,62.54,46,26.033323,57.7,70.31,71.18,65.04,62.15,26.91,25.01,24.88,26.04,26.59,1.5,0.94,0.91,1.18,1.32
2/23/2022 17:00,2.123,-99,9.14,1813,49.5,62.3,43.51,20.115913,54.52,69.44,67.8,61.52,58.96,27.88,25.45,25.92,27.18,27.61,1.71,0.99,1.08,1.39,1.52
2/23/2022 17:15,2.016,-99,8.68,1814,49.6,61.7,43.17,16.664091,61.3,58.24,64.85,60.99,57.87,25.66,28.82,26.66,27.3,28.01,1.27,1.66,1.23,1.42,1.59
2/23/2022 17:30,1.916,-99,8.25,1813,49.5,60,43.1,15.349112,66.47,56.36,62.62,61.17,56.51,24.48,29.38,27.35,27.36,28.46,1.03,1.79,1.36,1.41,1.69
2/23/2022 17:45,1.888,-99,8.13,1813,49.5,59.93,43.41,3.349921,68.71,59.29,61.34,60.93,55.56,24.09,28.59,27.83,27.56,28.84,0.94,1.59,1.45,1.44,1.76
2/23/2022 18:00,1.84,-99,7.92,1811,49.5,59.84,43.89,-1.252508,69.6,60.63,61.01,60.78,55.18,23.93,28.23,27.99,27.7,29,0.9,1.51,1.47,1.46,1.8
2/23/2022 18:15,1.788,-99,7.7,1813,49.6,61.63,44.61,-3.224978,69.75,61.96,60.59,60.46,54.88,23.86,27.78,28.06,27.72,28.98,0.9,1.42,1.49,1.47,1.81
2/23/2022 18:30,1.719,-99,7.4,1813,49.6,62.13,45.52,-4.70433,69.1,62.73,59.96,59.64,54.4,23.92,27.42,28.12,27.84,29.01,0.92,1.36,1.52,1.51,1.83
2/23/2022 18:45,1.716,-99,7.39,1813,49.5,61.13,46.09,-4.868703,69.76,63.83,59.49,59.22,54.24,23.66,27.01,28.17,27.9,28.97,0.88,1.29,1.55,1.53,1.83
2/23/2022 19:00,1.656,-99,7.13,1814,49.6,60.84,45.71,-4.70433,70.74,65.29,59.13,58.67,53.91,23.48,26.67,28.33,28.03,29.1,0.85,1.21,1.57,1.56,1.86
2/23/2022 19:15,1.644,-99,7.08,1814,49.6,61.03,46,-5.197448,71.32,65.38,58.86,58.31,53.42,23.34,26.67,28.43,28.17,29.22,0.82,1.21,1.59,1.59,1.89
2/23/2022 19:30,1.654,-99,7.12,1813,49.7,61.49,46.14,-4.539958,71.11,64.7,58.52,58.3,53.32,23.46,26.89,28.51,28.16,29.31,0.83,1.25,1.62,1.59,1.9
2/23/2022 19:45,1.644,-99,7.08,1814,49.6,61.03,45.8,-4.539958,70.92,63.59,58.39,57.92,53.07,23.49,27.19,28.56,28.26,29.38,0.84,1.31,1.62,1.61,1.92
2/23/2022 20:00,1.654,-99,7.12,1813,49.7,61.92,46.4,-4.868703,70.61,63.51,58.29,57.46,53.04,23.58,27.2,28.59,28.39,29.38,0.86,1.32,1.63,1.64,1.92
2/23/2022 20:15,1.637,-99,7.05,1814,49.5,60.36,46,-4.539958,70.17,63.99,58.37,57.67,52.7,23.68,27.08,28.57,28.35,29.5,0.87,1.29,1.63,1.63,1.95
2/23/2022 20:30,1.603,-99,6.9,1814,49.6,59.62,45.49,-5.36182,70.47,63.58,58.57,57.89,52.98,23.76,27.34,28.62,28.38,29.53,0.87,1.32,1.62,1.63,1.94
2/23/2022 20:45,1.596,-99,6.87,1814,49.6,58.79,45.54,-4.70433,70.84,63.27,58.76,58.31,53.27,23.82,27.57,28.74,28.42,29.61,0.86,1.35,1.63,1.61,1.94
2/23/2022 21:00,1.612,-99,6.94, ,49.6,60.53,45.71,-4.868703,70.6,62.77,59.09,58.48,53.48,23.96,27.79,28.7,28.42,29.57,0.88,1.39,1.61,1.61,1.93
2/23/2022 21:15,1.637,-99,7.05,1814,49.7,61.3,46.02,-5.033075,70.66,61.31,59.27,58.24,53.61,23.91,28.17,28.61,28.45,29.52,0.87,1.48,1.6,1.62,1.91
2/23/2022 21:30,1.635,-99,7.04,1814,49.7,61.32,46.45,-4.868703,70.42,61.05,59.23,58.04,53.47,23.88,28.13,28.54,28.43,29.46,0.88,1.48,1.59,1.63,1.91
2/23/2022 21:45,1.642,-99,7.07,1813,49.6,61.58,46.4,-4.868703,70.6,61.46,59.2,57.92,53.35,23.82,28,28.51,28.4,29.47,0.87,1.46,1.59,1.63,1.92
2/23/2022 22:00,1.644,-99,7.08,1813,49.8,61.18,46.14,-4.539958,70.45,61.37,58.61,57.75,53.16,23.77,27.99,28.63,28.43,29.48,0.87,1.46,1.62,1.64,1.93
2/23/2022 22:15,1.626,-99,7,1814,49.7,60.7,46.23,-4.211213,70.51,61.2,58.45,57.6,53.06,23.74,28,28.65,28.44,29.46,0.87,1.47,1.63,1.64,1.93
2/23/2022 22:30,1.626,-99,7,1814,49.6,61.08,46.04,-4.375585,70.25,60.9,58.19,57.6,53.16,23.8,28.08,28.7,28.42,29.44,0.88,1.48,1.65,1.64,1.92
2/23/2022 22:45,1.63,-99,7.02,1814,49.7,60.84,45.71,-4.375585,70.21,62.09,58.33,57.57,52.97,23.85,27.75,28.71,28.48,29.55,0.88,1.41,1.64,1.65,1.94
2/23/2022 23:00,1.621,-99,6.98,1815,49.5,60.05,45.8,-5.197448,69.91,61.98,58.34,57.58,53.04,23.99,27.87,28.76,28.51,29.58,0.9,1.43,1.65,1.65,1.95
2/23/2022 23:15,1.63,-99,7.02,1814,49.7,60.46,45.85,-5.033075,69.61,61.02,58.83,57.84,53.45,24.05,28.13,28.63,28.46,29.48,0.91,1.48,1.61,1.64,1.92
2/23/2022 23:30,1.626,-99,7,1814,49.6,60.84,46.31,-5.197448,69.77,61.41,58.91,58,53.51,24.03,28.01,28.6,28.4,29.46,0.9,1.46,1.61,1.62,1.91
2/23/2022 23:45,1.61,-99,6.93,1814,49.7,61.8,46.12,-4.375585,69.46,62.01,58.78,58.08,53.37,24.09,27.87,28.68,28.41,29.52,0.92,1.43,1.62,1.62,1.92
2/24/2022 0:00,1.579,-99,6.8,1815,49.7,62.54,46.4,-4.375585,70.02,62.08,58.94,58.34,53.49,24.06,27.98,28.69,28.42,29.51,0.9,1.43,1.62,1.61,1.92
2/24/2022 0:15,1.459,-99,6.28,1816,50.2,73.27,47.67,-4.539958,73.93,69.47,66.17,68.2,57.81,24.47,26.93,27.87,27.12,29.04,0.8,1.08,1.27,1.14,1.69
2/24/2022 0:30,1.294,-99,5.57,1817,49.9,67.61,50.92,-5.033075,80.9,79.22,68.94,72.24,62.63,23.19,25.31,27.78,26.76,28.6,0.54,0.67,1.16,0.98,1.46
2/24/2022 0:45,1.175,-99,5.06,1818,49.9,62.87,51.95,-4.70433,82.6,79.99,67.56,71.54,61.44,23.05,25.3,28.4,27.18,29.15,0.49,0.65,1.26,1.03,1.56
2/24/2022 1:00,1.108,-99,4.77,1820,50.2,63.09,52.09,-4.70433,82.1,78.34,66.5,69.52,60,23.27,25.72,28.65,27.67,29.58,0.51,0.72,1.31,1.13,1.66
2/24/2022 1:15,1.087,-99,4.68,1820,50.2,72.6,52.33,-4.539958,79.98,75.88,70.18,73.77,61.86,24.23,26.58,28.07,27.06,29.35,0.61,0.84,1.13,0.94,1.56
2/24/2022 1:30,1.006,-99,4.33,1821,50.1,66.75,54.51,-4.70433,82.7,79,71.49,74.78,64.45,23.6,26.08,27.86,26.93,28.85,0.5,0.71,1.07,0.9,1.41
2/24/2022 1:45,0.982,-99,4.23,1822,49.7,64.36,55.08,-4.211213,83.3,80.5,69.83,73.42,63.09,23.43,25.68,28.33,27.28,29.26,0.48,0.64,1.16,0.96,1.5
2/24/2022 2:00,0.962,-99,4.14,1822,50.1,65.12,55.15,-4.70433,83.1,79.35,68.42,70.61,61.74,23.47,25.89,28.54,27.74,29.5,0.49,0.69,1.23,1.09,1.58
2/24/2022 2:15,0.929,-99,4,1823,50.2,72.68,55.2,-4.70433,81.6,76.61,71.6,74.9,63.31,24.09,26.59,27.96,27.08,29.2,0.55,0.81,1.07,0.9,1.49
2/24/2022 2:30,0.924,-99,3.98,1823,49.8,69.52,57.66,-4.868703,83.9,81.3,72.87,75.89,65.66,23.35,25.71,27.55,26.76,28.64,0.46,0.62,1,0.85,1.35
2/24/2022 2:45,0.908,-99,3.91,1824,50.2,67.39,57.45,-5.033075,84.5,78.47,72.5,75.53,64.85,23.13,26.19,27.59,26.75,28.76,0.44,0.73,1.01,0.86,1.39
2/24/2022 3:00,0.883,-99,3.8,1824,50.2,65.77,57.02,-4.70433,84.1,74.53,71.24,72.07,63.71,23.1,26.98,27.72,27.24,28.87,0.45,0.91,1.07,1.01,1.44
2/24/2022 3:15,0.985,-99,4.24,1824,50.1,66.58,56.01,-4.868703,82.6,70.03,68.95,68.96,61.84,23.12,27.51,27.76,27.52,28.96,0.49,1.1,1.16,1.14,1.53
2/24/2022 3:30,0.971,-99,4.18,1825,49.9,64.76,55.41,-4.868703,81.1,69.39,69.01,68.77,62.03,23.23,27.81,27.77,27.48,28.85,0.54,1.14,1.16,1.15,1.51
2/24/2022 3:45,1.001,-99,4.31,1825,50.1,63.76,54.63,-4.868703,81.6,71.23,68.32,68.87,62.02,23.15,27.25,27.96,27.48,28.89,0.52,1.04,1.19,1.14,1.51
2/24/2022 4:00,1.034,-99,4.45,1825,50.2,64.02,54.29,-4.868703,80.9,69.15,67.6,67.47,61.25,23.17,27.61,27.94,27.62,28.93,0.54,1.14,1.22,1.2,1.55
2/24/2022 4:15,1.078,-99,4.64,1825,50.2,64.4,53.84,-4.539958,80.5,67.19,67.01,66.39,60.81,23.11,27.94,27.96,27.75,28.92,0.55,1.24,1.24,1.25,1.56
2/24/2022 4:30,1.117,-99,4.81,1826,50.2,64.14,53.38,-4.70433,79.6,65.52,66.69,65.85,60.47,23.23,28.28,27.92,27.76,28.88,0.58,1.32,1.25,1.27,1.57
2/24/2022 4:45,1.14,-99,4.91,1825,50.1,63.14,52.88,-5.033075,78.79,65.23,66.19,65.58,60.09,23.32,28.29,27.98,27.76,28.92,0.61,1.34,1.28,1.28,1.59
2/24/2022 5:00,1.187,-99,5.11,1824,50.1,64.07,52.33,-4.70433,77.85,64.75,65.95,64.95,59.82,23.42,28.34,27.96,27.84,28.91,0.64,1.36,1.28,1.31,1.6
2/24/2022 5:15,1.215,-99,5.23,1824,50.2,63.47,52.14,-4.70433,76.26,63.41,65.74,64.6,59.43,23.71,28.66,27.94,27.87,28.95,0.7,1.44,1.29,1.33,1.62
2/24/2022 5:30,1.261,-99,5.43,1824,50.1,63.42,51.61,-4.539958,75.36,62.49,65.46,64.54,59.1,23.87,28.89,27.98,27.81,29.01,0.73,1.49,1.3,1.33,1.64
2/24/2022 5:45,1.277,-99,5.5,1823,50.2,63.45,50.92,-4.70433,74.26,61.64,65.25,64.21,58.86,24.06,29.09,27.99,27.84,29.02,0.77,1.54,1.31,1.34,1.65
2/24/2022 6:00,1.333,-99,5.74,1824,50.1,63.35,50.16,-4.70433,73.75,61.09,64.83,63.47,58.59,24.14,29.2,28.03,27.98,29.05,0.79,1.58,1.33,1.38,1.66
2/24/2022 6:15,1.363,-99,5.87,1822,50.2,63.66,50.37,-4.539958,72.86,59.62,64.77,63.45,58.43,24.29,29.61,27.98,27.93,29.03,0.82,1.68,1.33,1.38,1.67
2/24/2022 6:30,1.421,-99,6.12,1823,50.2,63.78,50.01,-4.539958,71.57,59.19,64.38,62.97,58.18,24.45,29.59,28,27.95,28.99,0.87,1.69,1.35,1.4,1.67
2/24/2022 6:45,1.433,-99,6.17,1821,50.2,63.38,49.49,-3.882468,70.74,58.79,63.97,62.61,57.89,24.56,29.6,28.01,27.93,28.96,0.9,1.71,1.36,1.41,1.68
2/24/2022 7:00,1.5,-99,6.46,1822,50.2,61.53,48.7,1.870569,70.63,59.1,63.71,62.52,57.89,24.51,29.41,27.99,27.88,28.9,0.9,1.68,1.37,1.41,1.68
2/24/2022 7:15,1.735,-99,7.47,1821,50.1,58.57,44.82,18.472189,65.26,64.3,64.01,61.68,57.82,26.39,27.86,27.81,28.08,28.93,1.19,1.34,1.35,1.46,1.68
2/24/2022 7:30,2.246,-99,9.67,1818,49.9,52.31,37.41,36.388788,58.13,68.75,64.93,61.36,57.89,28.25,26.91,27.75,28.33,29.08,1.61,1.11,1.31,1.49,1.69
2/24/2022 7:45,2.518,-99,10.84,1818,50.2,48.82,33.64,55.455996,58.34,70.59,66.3,61.99,57.93,28.5,26.94,27.89,28.63,29.5,1.62,1.04,1.27,1.49,1.73
2/24/2022 8:00,2.727,-99,11.74,1816,50.1,46.28,32.63,75.180693,59.99,72.08,67.53,63.02,58.6,28.42,27.13,28.2,28.82,29.76,1.55,1,1.24,1.47,1.73
2/24/2022 8:15,2.915,-99,12.55,1815,49.7,45.3,32.78,103.781503,61.81,73.14,68.65,63.76,59.44,28.32,27.34,28.39,29.02,29.96,1.47,0.98,1.21,1.45,1.72
2/24/2022 8:30,10.821,-99,46.59,1813,49.8,44.27,33.23,131.724824,64.62,74.98,69.17,64.44,60.23,28,27.3,28.59,29.19,30.3,1.34,0.91,1.21,1.44,1.72
2/24/2022 8:45,11.102,-99,47.8, ,49.9,43.37,33.64,200.596891,67.1,76.91,70.58,65.73,62.6,27.79,27.29,28.62,29.25,30.93,1.23,0.84,1.15,1.39,1.67
2/24/2022 9:00,2.232,-99,9.61,1807,49.7,39.54,31.77,213.746689,69.03,78.44,72.21,67.03,65.42,27.79,27.35,28.65,29.42,31.98,1.16,0.78,1.09,1.35,1.64
2/24/2022 9:15,12.243,-99,52.71,1807,49.8,41.05,35.79,287.056813,70.49,79.57,73.52,67.71,66.14,27.95,27.54,28.84,29.8,33.24,1.11,0.75,1.05,1.35,1.73
2/24/2022 9:30,12.891,-99,55.5,1805,49.8,37.34,36.31,315.328879,71.66,80.5,74.14,68,66.38,28.21,27.85,29.22,30.32,34.44,1.08,0.73,1.05,1.38,1.83
2/24/2022 9:45,13.058,-99,56.22,1804,49.8,43.37,37.1,269.304586,72.26,80.7,74.06,67.5,65.07,28.53,28.17,29.58,30.69,35.59,1.08,0.74,1.07,1.43,2.03
2/24/2022 10:00,13.504,-99,58.14,1802,49.6,41.12,37.29,421.513497,72.2,80,73.43,67.26,63.43,28.68,28.44,29.84,30.89,36.59,1.09,0.78,1.12,1.46,2.24
2/24/2022 10:15,13.683,-99,58.91,1799,49.7,41.17,37.77,281.303776,72.51,79.95,72.96,67.16,60.33,28.81,28.62,30.12,31.12,37.52,1.09,0.79,1.16,1.49,2.56
2/24/2022 10:30,13.727,-99,59.1,1797,49.7,41.26,38.03,531.149938,72.72,80.2,72.3,66.71,58.76,28.98,28.76,30.5,31.38,38.17,1.09,0.78,1.21,1.53,2.76
2/24/2022 10:45,13.643,-99,58.74,1796,49.6,40.98,37.92,338.998515,73,80.4,72.31,66.74,57.88,29.16,28.92,30.72,31.68,38.51,1.09,0.78,1.22,1.55,2.87
2/24/2022 11:00,13.78,-99,59.33,1795,49.3,43.65,38.85,346.066531,73.42,80.7,72.83,66.73,56.98,29.29,29.09,30.83,31.92,38.61,1.08,0.78,1.21,1.57,2.95
2/24/2022 11:15,13.237,-99,56.99,1795,49,44.2,38.85,391.926452,72.39,79.67,72.51,68.72,54.41,29.26,29,30.93,32.18,37.97,1.12,0.81,1.23,1.5,3.02
2/24/2022 11:30,13.632,-99,58.69,1794,49.1,43.58,38.49,918.575862,73.63,81,75.08,69.06,57.33,28.94,28.64,30.32,32.21,36.87,1.05,0.75,1.08,1.49,2.66
2/24/2022 11:45,13.148,-99,56.61,1795,49,43.41,37.89,1048.758862,74.53,81.8,76.67,70.4,57.8,28.76,28.51,30.01,32.02,36.51,1.01,0.71,0.99,1.41,2.58
2/24/2022 12:00,13.141,-99,56.58,1796,48.8,43.75,37.1,964.600155,75.11,82.5,77.39,71.5,58.81,28.7,28.38,29.87,31.86,36.44,0.98,0.68,0.95,1.34,2.51
2/24/2022 12:15,12.642,-99,54.43,1796,48.8,43.84,36.6,1178.284372,75.52,83,77.96,72.48,58.85,28.64,28.32,29.8,31.77,36.29,0.96,0.65,0.92,1.29,2.48
2/24/2022 12:30,12.561,-99,54.08,1795,48.8,44.63,35.76,1133.410687,75.99,83.5,78.19,73.01,59.54,28.61,28.28,29.8,31.73,36.09,0.94,0.63,0.91,1.26,2.42
2/24/2022 12:45,12.117,-99,52.17,1797,48.7,45.37,35.05,956.217159,76.22,83.9,78.52,74.13,59.84,28.63,28.21,29.76,31.64,35.79,0.93,0.62,0.9,1.21,2.36
2/24/2022 13:00,11.228,-99,48.34,1797,48.9,46.55,34.47,686.810672,76.36,84.2,78.78,74.2,60.98,28.61,28.21,29.78,31.64,35.34,0.93,0.6,0.89,1.2,2.24
2/24/2022 13:15,10.531,-99,45.34,1798,48.8,48.1,33.99,407.04872,76.51,84.4,78.6,74.28,63.2,28.63,28.19,29.83,31.63,34.27,0.92,0.6,0.9,1.2,1.99
2/24/2022 13:30,9.918,-99,42.7,1800,48.9,49.65,33.88,402.610663,76.4,84.5,78.14,74.12,66.6,28.62,28.12,29.89,31.66,33.15,0.92,0.59,0.92,1.21,1.69
2/24/2022 13:45,3.212,-99,13.83,1800,48.9,51.14,33.92,382.392848,76.45,84.5,78.16,74,69.7,28.59,28.1,29.85,31.68,32.27,0.92,0.59,0.92,1.21,1.46
2/24/2022 14:00,3.11,-99,13.39,1802,49,52.35,34.09,466.058438,76.43,84.6,78.62,74.63,71.53,28.59,28.08,29.73,31.5,31.78,0.92,0.58,0.89,1.17,1.34
2/24/2022 14:15,2.931,-99,12.62,1804,49,54.24,34.71,999.282747,76.39,84.6,78.61,75.63,72.91,28.56,28.03,29.73,31.2,31.35,0.92,0.58,0.89,1.11,1.24
2/24/2022 14:30,2.852,-99,12.28,1806,49.1,55.32,35.5,896.54995,76.07,84.7,78.94,76.42,73.7,28.59,27.97,29.54,30.83,31.01,0.94,0.58,0.87,1.05,1.18
2/24/2022 14:45,2.717,-99,11.7, ,49.4,56.75,36.41,949.477887,75.93,84.7,80.5,77.03,74.37,28.55,27.9,29.1,30.63,30.74,0.94,0.57,0.79,1.01,1.13
2/24/2022 15:00,2.613,-99,11.25,1808,49.6,58.14,37.56,520.301355,75.97,84.8,81.2,76.91,74.85,28.46,27.77,28.85,30.57,30.5,0.93,0.57,0.75,1.01,1.1
2/24/2022 15:15,2.448,-99,10.54,1810,49.6,59.14,38.82,257.305395,76.1,84.9,81.5,76.18,74.74,28.34,27.67,28.68,30.53,30.36,0.92,0.56,0.73,1.04,1.09
2/24/2022 15:30,2.325,-99,10.01,1811,49.6,60.27,40.11,236.923208,76.28,85,81.4,76.5,74.83,28.2,27.54,28.56,30.26,30.19,0.91,0.55,0.73,1.01,1.08
2/24/2022 15:45,2.216,-99,9.54,1811,49.6,61.8,41.29,304.15155,76.22,85.1,81.8,76.22,74.89,28.07,27.4,28.34,30.11,29.99,0.9,0.54,0.7,1.02,1.06
2/24/2022 16:00,2.1,-99,9.04,1813,49.6,61.94,42.55,274.89325,76.07,85.2,82.3,76.97,75.34,27.94,27.23,28.05,29.68,29.7,0.9,0.53,0.67,0.96,1.03
2/24/2022 16:15,1.974,-99,8.5,1813,49.6,62.56,43.84,221.80094,75.98,85,82.6,77.79,74.94,27.78,27.1,27.82,29.29,29.62,0.9,0.54,0.65,0.9,1.04
2/24/2022 16:30,1.805,-99,7.77,1815,49.7,61.61,45.18,227.882722,76.66,85.4,83.4,79.04,75.71,27.66,26.97,27.62,29.03,29.49,0.86,0.52,0.61,0.84,1
2/24/2022 16:45,1.64,-99,7.06,1817,49.6,61.94,46.4,198.460049,77.39,86,84,80,75.7,27.61,26.91,27.63,28.89,29.62,0.84,0.5,0.59,0.8,1.01
2/24/2022 17:00,1.542,-99,6.64,1817,49.5,63.02,47.96,181.858429,77.28,86,84,80.1,75.86,27.54,26.86,27.55,28.74,29.42,0.84,0.5,0.59,0.79,0.99
2/24/2022 17:15,1.421,-99,6.12,1816,49.6,63.93,49.63,242.3475,77.42,85.7,84.2,80.3,75.34,27.01,26.62,27.44,28.45,29.26,0.81,0.5,0.58,0.76,1
2/24/2022 17:30,1.342,-99,5.78,1817,49.8,66.15,51.37,95.727252,78.5,85.5,84,80.3,76.25,26.52,26.34,27.19,28.1,28.64,0.75,0.5,0.58,0.75,0.93
2/24/2022 17:45,1.268,-99,5.46,1817,49.8,67.58,53.33,72.057616,78.58,84.9,83.9,80.1,76.71,26.1,26.07,26.8,27.61,28.04,0.72,0.51,0.57,0.74,0.88
2/24/2022 18:00,1.21,-99,5.21,1818,49.7,68.13,55.51,42.634943,78.75,84.3,83.7,80,76.88,25.69,25.8,26.37,27.08,27.38,0.7,0.52,0.56,0.72,0.84
2/24/2022 18:15,1.126,-99,4.85,1820,49.7,67.49,55.87,2.528059,76.9,83.8,83,78.86,74.04,26.04,25.72,26.24,26.92,27.63,0.78,0.54,0.58,0.75,0.96
2/24/2022 18:30,1.082,-99,4.66,1819,49.8,69.14,56.83,-4.539958,74,81.9,80.6,76.5,71.04,26.33,25.77,26.39,27.08,28,0.89,0.6,0.67,0.84,1.09
2/24/2022 18:45,1.106,-99,4.76,1821,49.8,68.83,57.16,-4.70433,72.27,79.51,77.98,74.04,69.23,26.28,25.99,26.54,27.21,28.04,0.95,0.69,0.76,0.94,1.17
2/24/2022 19:00,1.168,-99,5.03,1820,49.7,67.89,56.44,-4.868703,71.62,76.35,74.94,71.58,67.46,26.1,26.45,26.88,27.4,28.13,0.96,0.82,0.89,1.04,1.24
2/24/2022 19:15,1.198,-99,5.16,1820,49.7,67.1,55.3,-4.868703,72.27,73.3,72.77,69.6,65.99,25.69,27.07,27.16,27.64,28.27,0.92,0.96,0.98,1.13,1.31
2/24/2022 19:30,1.245,-99,5.36,1820,49.7,66.08,54.29,-4.70433,72.27,70.87,71.31,68.15,64.69,25.56,27.55,27.38,27.84,28.47,0.91,1.07,1.05,1.19,1.37
2/24/2022 19:45,1.317,-99,5.67,1819,49.8,66.56,53.14,-5.033075,72.43,69.41,70.41,67.16,64.06,25.35,27.73,27.43,27.88,28.43,0.89,1.14,1.08,1.23,1.39
2/24/2022 20:00,1.359,-99,5.85,1819,49.5,66.44,52.28,-5.033075,72.52,67.65,69.77,66.56,63.06,25.17,28.03,27.44,27.88,28.52,0.88,1.22,1.11,1.26,1.44
2/24/2022 20:15,1.419,-99,6.11,1819,49.8,65.41,51.83,-4.375585,71.89,66.77,69.02,65.82,62.47,25.08,28.05,27.41,27.83,28.47,0.89,1.26,1.13,1.28,1.46
2/24/2022 20:30,1.414,-99,6.09,1818,49.8,65.14,51.18,-4.868703,72.35,65.1,68.41,65.26,61.8,24.8,28.34,27.38,27.8,28.49,0.87,1.35,1.15,1.3,1.49
2/24/2022 20:45,1.419,-99,6.11, ,49.8,64.55,50.78,-4.539958,72.72,63.73,67.82,64.8,61.17,24.56,28.57,27.39,27.76,28.48,0.84,1.42,1.17,1.31,1.51
2/24/2022 21:00,1.398,-99,6.02,1817,49.8,63.4,50.2,-4.70433,72.63,62.75,67.11,64.29,60.77,24.45,28.69,27.4,27.73,28.45,0.84,1.47,1.2,1.33,1.52
2/24/2022 21:15,1.421,-99,6.12,1819,49.8,62.92,49.61,-4.70433,72.29,61.99,66.67,63.69,60.09,24.36,28.77,27.38,27.75,28.47,0.84,1.5,1.22,1.35,1.55
2/24/2022 21:30,1.412,-99,6.08,1817,49.6,61.8,49.29,-4.539958,72.71,60.72,66.22,63.33,59.59,24.13,29.01,27.36,27.71,28.45,0.82,1.57,1.23,1.36,1.57
2/24/2022 21:45,1.38,-99,5.94,1818,49.7,60.22,48.39,-4.868703,72.33,60.57,65.73,62.83,58.93,24.15,28.97,27.4,27.79,28.59,0.83,1.58,1.25,1.39,1.61
2/24/2022 22:00,1.384,-99,5.96,1818,49.7,59.55,47.72,-4.70433,71.47,59.82,65.2,62.32,58.62,24.35,29.17,27.51,27.86,28.64,0.87,1.63,1.28,1.41,1.62
2/24/2022 22:15,1.401,-99,6.03,1817,49.8,59.65,47.79,-4.539958,71.78,58.94,64.69,62.12,58.22,24.24,29.37,27.61,27.87,28.7,0.85,1.68,1.3,1.42,1.64
2/24/2022 22:30,1.452,-99,6.25,1817,49.7,60.41,47.67,-4.70433,71.75,59.18,64.63,61.97,58.06,24.21,29.28,27.61,27.89,28.74,0.85,1.66,1.31,1.43,1.65
2/24/2022 22:45,1.449,-99,6.24,1818,49.7,60.53,47.98,-5.033075,70.82,59.24,64.58,61.86,57.91,24.44,29.24,27.63,27.91,28.75,0.89,1.66,1.31,1.43,1.66
2/24/2022 23:00,1.466,-99,6.31,1818,49.8,60.89,48,-4.539958,70.45,59.43,64.46,61.67,57.88,24.5,29.19,27.63,27.96,28.75,0.91,1.64,1.31,1.45,1.66
2/24/2022 23:15,1.48,-99,6.37,1818,49.7,60.29,48.24,-4.868703,69.85,58.74,64.32,61.33,57.64,24.61,29.38,27.64,28.01,28.8,0.93,1.69,1.32,1.46,1.68
2/24/2022 23:30,1.491,-99,6.42,1818,49.7,60.58,48,-5.033075,69.89,58.64,64.11,61.18,57.34,24.65,29.37,27.71,28.05,28.88,0.93,1.69,1.33,1.47,1.7
2/24/2022 23:45,1.491,-99,6.42,1817,49.7,61.22,48.03,-4.375585,69.54,58.69,63.85,61.13,57.42,24.72,29.35,27.75,28.05,28.83,0.95,1.69,1.35,1.47,1.69
2/25/2022 0:00,1.47,-99,6.33,1818,49.7,61.51,48.46,-5.033075,69.17,58.98,63.99,61.22,57.54,24.79,29.25,27.7,28.02,28.78,0.96,1.67,1.34,1.47,1.68
2/25/2022 0:15,1.498,-99,6.45,1819,49.8,61.58,48.29,-4.539958,69.69,58.28,64.02,61.24,57.48,24.62,29.45,27.67,27.99,28.79,0.94,1.72,1.33,1.46,1.68
2/25/2022 0:30,1.517,-99,6.53,1818,49.8,61.42,48.15,-4.539958,69.98,58.26,63.79,61.05,57.18,24.52,29.42,27.71,28.01,28.85,0.92,1.71,1.35,1.47,1.7
2/25/2022 0:45,1.517,-99,6.53,1817,49.7,61.53,48.24,-5.033075,70.54,58.77,63.84,60.87,57.16,24.36,29.23,27.66,28,28.8,0.9,1.67,1.34,1.48,1.7
2/25/2022 1:00,1.533,-99,6.6,1818,49.7,61.37,47.88,-5.033075,70.6,58.4,63.56,60.79,56.97,24.29,29.3,27.68,28.01,28.83,0.89,1.7,1.35,1.48,1.71
2/25/2022 1:15,1.533,-99,6.6,1818,49.8,61.46,47.98,-4.70433,71.01,57.77,63.48,60.62,56.61,24.16,29.46,27.66,28.01,28.88,0.87,1.74,1.35,1.49,1.73
2/25/2022 1:30,1.545,-99,6.65,1818,49.8,60.94,47.6,-4.539958,70.64,57.93,63.34,60.52,56.67,24.23,29.39,27.7,28.01,28.86,0.89,1.72,1.36,1.49,1.72
2/25/2022 1:45,1.545,-99,6.65,1818,49.7,61.2,47.81,-4.868703,70.37,58.15,63.28,60.43,56.59,24.31,29.33,27.72,28.02,28.87,0.9,1.71,1.37,1.5,1.73
2/25/2022 2:00,1.563,-99,6.73,1819,49.8,61.73,47.72,-4.04684,70.21,57.57,63.04,60.35,56.58,24.25,29.49,27.75,28.05,28.88,0.9,1.75,1.38,1.5,1.73
2/25/2022 2:15,1.545,-99,6.65,1818,49.6,61.39,47.5,-4.868703,69.62,57.17,62.75,60.3,56.32,24.38,29.58,27.79,28.01,28.9,0.93,1.77,1.39,1.5,1.74
2/25/2022 2:30,1.575,-99,6.78,1819,49.7,61.2,47.38,-4.868703,69.32,57.59,62.87,60.07,56.3,24.41,29.41,27.72,28.03,28.85,0.94,1.74,1.38,1.51,1.74
2/25/2022 2:45,1.556,-99,6.7, ,49.7,61.53,47.41,-4.70433,69.06,57.66,62.79,60.1,56.31,24.48,29.37,27.72,28.03,28.85,0.95,1.73,1.38,1.51,1.73
2/25/2022 3:00,1.591,-99,6.85,1819,49.7,60.79,47.1,-4.375585,68.86,57.09,62.51,59.96,56.12,24.53,29.55,27.82,28.08,28.9,0.96,1.77,1.4,1.52,1.75
2/25/2022 3:15,1.621,-99,6.98,1819,49.8,60.75,47.05,-4.70433,69.3,56.92,62.68,60.11,56.18,24.49,29.63,27.81,28.06,28.92,0.94,1.79,1.4,1.51,1.75
2/25/2022 3:30,1.614,-99,6.95,1818,49.8,61.18,46.95,-4.70433,68.89,57.57,62.67,59.92,56.11,24.56,29.43,27.81,28.12,28.95,0.96,1.74,1.4,1.53,1.75
2/25/2022 3:45,1.621,-99,6.98,1819,49.7,61.1,46.88,-4.70433,68.68,57.25,62.43,59.85,56.15,24.59,29.53,27.86,28.12,28.93,0.97,1.77,1.41,1.53,1.75
2/25/2022 4:00,1.633,-99,7.03,1819,49.7,60.48,46.47,-5.197448,68.64,56.7,62.26,59.7,55.93,24.54,29.66,27.88,28.13,28.97,0.97,1.8,1.42,1.53,1.76
2/25/2022 4:15,1.661,-99,7.15,1819,49.7,60.84,46.52,-4.539958,68.25,57.12,62.26,59.53,55.8,24.65,29.5,27.86,28.16,28.96,0.98,1.77,1.41,1.54,1.77
2/25/2022 4:30,1.661,-99,7.15,1819,49.8,60.87,46.55,-4.70433,67.76,57.47,62.13,59.41,55.92,24.73,29.37,27.84,28.15,28.92,1,1.74,1.42,1.55,1.76
2/25/2022 4:45,1.661,-99,7.15,1819,49.8,61.13,46.28,-4.70433,67.27,57.13,62.18,59.45,55.81,24.84,29.46,27.83,28.12,28.94,1.03,1.76,1.42,1.54,1.76
2/25/2022 5:00,1.661,-99,7.15,1819,49.7,60.94,46.4,-4.375585,67.64,56.81,62.13,59.6,55.84,24.73,29.55,27.84,28.08,28.9,1.01,1.79,1.42,1.53,1.76
2/25/2022 5:15,1.661,-99,7.15,1819,49.8,60.82,46.5,-4.04684,68.33,57.32,62.25,59.65,55.83,24.55,29.38,27.77,28.04,28.89,0.98,1.75,1.41,1.53,1.76
2/25/2022 5:30,1.649,-99,7.1,1820,49.8,60.7,46.4,-4.211213,68.16,57.5,62.4,59.79,55.95,24.58,29.32,27.73,27.99,28.83,0.98,1.73,1.4,1.52,1.75
2/25/2022 5:45,1.661,-99,7.15,1819,49.7,60.94,46.38,-4.70433,68.36,57.38,62.33,59.85,55.9,24.49,29.35,27.72,27.96,28.83,0.97,1.74,1.4,1.51,1.75
2/25/2022 6:00,1.679,-99,7.23,1819,49.7,60.44,46.43,-4.539958,68.54,56.4,62.14,59.83,55.79,24.41,29.6,27.76,27.92,28.83,0.96,1.81,1.41,1.51,1.75
2/25/2022 6:15,1.679,-99,7.23,1820,49.7,60.84,46.31,-4.868703,68.74,56.58,62.02,59.83,55.89,24.39,29.56,27.79,27.93,28.82,0.95,1.8,1.42,1.51,1.75
2/25/2022 6:30,1.691,-99,7.28,1820,49.8,64.64,47.26,-4.211213,68.75,58.25,62.05,60.12,56.51,24.23,28.95,27.66,27.78,28.57,0.95,1.67,1.41,1.49,1.7
2/25/2022 6:45,1.51,-99,6.5,1818,49.7,60.17,49.01,-3.882468,73.45,70.19,64.6,63.24,62.91,22.67,25.31,26.68,26.67,26.46,0.73,0.96,1.24,1.29,1.28
2/25/2022 7:00,1.547,-99,6.66,1819,49.7,60.51,47.33,1.706196,74.44,65.72,62.55,63.19,58.1,22.7,26.65,27.3,26.7,27.85,0.71,1.2,1.36,1.29,1.57
2/25/2022 7:15,1.997,-99,8.6,1819,49.9,56.13,41.91,25.540205,63.76,63.29,61.66,59.87,55.98,25.98,27.5,27.7,27.82,28.72,1.22,1.35,1.42,1.5,1.73
2/25/2022 7:30,2.483,-99,10.69,1817,49.9,50.01,35.72,51.346684,56.52,67.19,63.13,59.2,55.88,28.23,27.04,27.89,28.55,29.29,1.67,1.17,1.38,1.59,1.8
2/25/2022 7:45,2.727,-99,11.74,1816,49.5,48.05,33.85,76.495672,57.56,69.52,65.45,60.64,57.23,28.52,27.19,28.06,28.87,29.62,1.65,1.1,1.31,1.56,1.78
2/25/2022 8:00,3.036,-99,13.07,1816,49.8,46.64,33.64,95.891624,60.39,71.53,67.41,61.27,58.25,28.39,27.45,28.4,29.28,29.99,1.53,1.04,1.26,1.58,1.77
2/25/2022 8:15,10.285,-99,44.28,1814,49.8,44.08,33.49,122.026848,63.76,73.46,68.81,62.69,60.2,28.22,27.62,28.62,29.53,30.32,1.39,0.98,1.22,1.54,1.72
2/25/2022 8:30,11.297,-99,48.64,1811,49.8,42.03,34.38,159.175027,66.19,75.39,69.26,63.68,64.25,28.16,27.78,29.04,29.87,31.39,1.29,0.92,1.23,1.53,1.64
2/25/2022 8:45,11.955,-99,51.47,1807,49.6,40.5,35.07,192.378267,68.17,76.92,70.91,65.12,66.25,28.35,28.04,29.28,30.23,33.32,1.23,0.87,1.18,1.5,1.73
2/25/2022 9:00,12.979,-99,55.88,1804,49.5,45.33,36.55,293.467339,68.41,77.56,71.24,64.98,64.23,28.62,28.38,29.73,30.75,34.86,1.24,0.87,1.2,1.55,2
2/25/2022 9:15,13.947,-99,60.05,1800,49.5,44.97,39.64,353.792038,69.82,76.15,67.08,63.53,60.54,27.24,27.8,29.92,30.69,35.67,1.09,0.89,1.39,1.61,2.3
2/25/2022 9:30,13.59,-99,58.51,1797,49.7,44.49,39.09,387.981513,72.49,78.11,67.17,63.8,59.34,26.49,27.21,29.76,30.48,35.7,0.95,0.79,1.37,1.58,2.38
2/25/2022 9:45,13.367,-99,57.55,1795,49.3,41.91,39.23,362.996896,72.53,78.53,67.38,64.05,57.82,26.44,27.11,29.74,30.51,35.78,0.95,0.77,1.36,1.57,2.48
2/25/2022 10:00,13.685,-99,58.92,1793,49.1,41.09,39.45,493.837386,73.19,78.72,67.46,64.24,56.21,26.5,27.22,29.86,30.73,36.08,0.93,0.77,1.37,1.58,2.61
2/25/2022 10:15,13.195,-99,56.81,1791,48.8,42.29,38.47,265.688391,73.87,78.98,67.64,63.98,54.06,26.48,27.3,29.98,30.97,36.34,0.9,0.76,1.37,1.62,2.78
2/25/2022 10:30,13.908,-99,59.88,1791,48.7,41.41,39.25,689.440632,74.41,79.58,67.65,64.17,55.08,26.41,27.19,30,30.9,35.94,0.88,0.74,1.37,1.6,2.66
2/25/2022 10:45,13.82,-99,59.5,1789,48.5,41.07,39.9,357.572605,74.58,79.93,67.78,64.55,55.46,26.43,27.15,29.99,31.03,36.08,0.88,0.72,1.37,1.6,2.66
2/25/2022 11:00,14.28,-99,61.48,1788,48.1,41.6,40.26,366.941836,75.43,80.3,68.18,64.29,55.21,26.41,27.18,30.08,31.38,36.51,0.85,0.71,1.36,1.64,2.74
2/25/2022 11:15,14.043,-99,60.46,1786,47.7,41.88,39.71,442.224429,75.57,80.3,71.09,67.67,56.03,26.27,26.85,29.48,31.76,36.45,0.83,0.7,1.19,1.52,2.68
2/25/2022 11:30,13.717,-99,59.06,1786,47.3,42.15,38.82,815.678692,76.21,81.9,75.03,68.98,59.47,26.21,26.52,28.61,31.66,35.82,0.81,0.63,0.98,1.45,2.38
2/25/2022 11:45,13.541,-99,58.3,1786,47.3,42.27,38.61,874.852783,75.51,81.6,74.79,66.15,57.32,26.3,26.5,28.42,31.26,38.11,0.84,0.64,0.98,1.54,2.84
2/25/2022 12:00,13.406,-99,57.72,1786,47.2,42.55,38.25,827.020393,74.62,80.6,73.61,67.03,52,26.26,26.32,28.43,31.23,40.6,0.87,0.66,1.02,1.5,3.66
2/25/2022 12:15,13.058,-99,56.22,1787,46.7,42.17,36.72,871.236589,73.79,80.3,73.47,76.72,51.43,26.34,26.17,28.2,32.21,40.1,0.9,0.67,1.01,1.12,3.6
2/25/2022 12:30,12.751,-99,54.9,1787,46.6,42.7,35.98,1176.640648,76.37,83,77.13,73.13,61.2,26.39,26.27,28.16,32.97,35.3,0.81,0.58,0.87,1.35,2.22
2/25/2022 12:45,12.08,-99,52.01,1788,46.6,43.84,35.6,992.872221,78.15,84.9,79.23,71.57,62.82,26.38,26.33,28.25,32.7,34.35,0.75,0.52,0.8,1.41,2.02
2/25/2022 13:00,12.194,-99,52.5,1788,46.6,45.04,34.97,570.270587,78.73,85.4,79.52,72.87,64.67,26.33,26.27,28.24,32.35,33.77,0.73,0.5,0.79,1.32,1.86
2/25/2022 13:15,11.411,-99,49.13,1790,46.6,45.45,34.28,415.267343,79.12,85.6,79.73,73.34,66.6,26.29,26.19,28.18,32.15,33.18,0.71,0.49,0.77,1.28,1.7
2/25/2022 13:30,10.9,-99,46.93,1793,46.5,46.57,33.97,398.172606,79.51,85.9,80.1,74.24,68.59,26.28,26.21,28.14,32.01,32.67,0.7,0.48,0.76,1.23,1.55
2/25/2022 13:45,10.182,-99,43.84,1794,46.6,47.86,33.61,389.78961,79.69,86.2,80.6,74.89,70.3,26.32,26.18,28.11,31.98,32.29,0.7,0.47,0.74,1.19,1.44
2/25/2022 14:00,0.943,-99,4.06,1594,47.4,70.55,56.39,389.460865,79.89,86.4,80.8,75.74,71.57,26.34,26.16,28.09,31.84,32.04,0.69,0.46,0.73,1.14,1.35
2/25/2022 14:15,,,,,,,,1053.361291,80.2,86.7,81,76.64,73.18,26.31,26.15,28.1,31.74,31.7,0.68,0.45,0.72,1.09,1.25
2/25/2022 14:30,,,,,,,,983.996107,79.87,86.8,81.3,76.86,73.79,26.44,26.15,28.07,31.69,31.56,0.69,0.45,0.71,1.08,1.22
2/25/2022 14:45,0.878,-99,3.78,1593,47,69.76,58.02,841.649544,79.9,86.8,81.2,76.84,74.48,26.41,26.15,28.08,31.7,31.35,0.69,0.45,0.71,1.08,1.17
2/25/2022 15:00,1.422,-99,2.81,1594,47.1,73.25,65.84,460.469774,80.5,87,81.6,76.48,74.97,26.38,26.13,28,31.71,31.19,0.67,0.44,0.7,1.1,1.14
2/25/2022 15:15,1.23,-99,2.43,1593,47.4,72.05,65.14,292.645477,84.1,90.2,84.8,77.55,77,27.02,26.71,28.24,31.62,31.15,0.57,0.34,0.58,1.04,1.04
2/25/2022 15:30,1.25,-99,2.47,1592,47,77.7,66.82,267.496488,82.9,90,85,77.83,77.02,27.54,27.06,28.54,31.29,30.9,0.63,0.36,0.59,1.01,1.03
2/25/2022 15:45,1.225,-99,2.42,1593,47.2,78.58,68.4,280.317541,80.7,88.7,84.1,77.87,76.78,27.8,27.17,28.43,30.8,30.56,0.72,0.41,0.62,0.98,1.02
2/25/2022 16:00,1.103,-99,2.18,1593,47,76.91,68.85,266.345881,80.3,88.3,85.2,79.69,77.77,28.06,27.37,28.39,30.47,30.56,0.75,0.43,0.57,0.89,0.97
2/25/2022 16:15,1.048,-99,2.07,1594,47.1,77.1,69.33,239.71754,80.3,88.4,85.6,81.1,78.03,28.26,27.57,28.62,30.39,30.73,0.76,0.43,0.56,0.82,0.97
2/25/2022 16:30,0.982,-99,1.94,1594,47.2,78.1,70.14,244.484342,79.89,88.2,85.4,81.4,78.02,28.42,27.67,28.77,30.27,30.74,0.78,0.44,0.58,0.8,0.97
2/25/2022 16:45,0.941,-99,1.86,1593,46.7,78.58,70.55,198.131304,79.58,88.2,85.2,81.8,77.95,28.5,27.7,28.74,30.15,30.67,0.79,0.44,0.58,0.78,0.97
2/25/2022 17:00,0.901,-99,1.78,1593,47,78.41,71.36,173.475433,79.05,87.9,85.1,81.7,77.5,28.5,27.68,28.64,29.96,30.61,0.82,0.45,0.58,0.77,0.99
2/25/2022 17:15,0.86,-99,1.7,1594,47.1,79.92,72.29,234.950738,78.26,87.7,85.4,81.6,76.96,28.43,27.55,28.5,29.67,30.37,0.84,0.45,0.57,0.77,1
2/25/2022 17:30,0.845,-99,1.67,1594,47.1,81.52,73.3,91.782313,77.65,87.4,85,81.5,77.72,28.26,27.3,28.31,29.29,29.76,0.86,0.46,0.58,0.75,0.93
2/25/2022 17:45,0.865,-99,1.71,1594,46.6,82.72,74.28,71.728871,77.2,87.1,84.5,81.3,78.16,28.02,26.95,28.01,28.81,29.15,0.86,0.46,0.59,0.74,0.88
2/25/2022 18:00,0.876,-99,1.73,1594,47.2,83.82,75.19,41.977453,76.48,86.7,84,80.9,78.1,27.72,26.56,27.57,28.29,28.47,0.87,0.46,0.59,0.73,0.85
2/25/2022 18:15,0.769,-99,1.52,1595,47.2,82.76,75.35,1.706196,76.57,86.3,83.3,79.42,75.62,27.43,26.27,27.26,27.92,28.39,0.86,0.47,0.6,0.77,0.94
2/25/2022 18:30,0.769,-99,1.52,1596,46.7,82.38,75.4,-4.211213,74.91,84.9,81.1,77.14,72.97,27.28,26.08,27.24,27.88,28.48,0.91,0.51,0.68,0.86,1.05
2/25/2022 18:45,0.744,-99,1.47,1594,46.7,82.24,75.64,-4.868703,73.27,83.6,79,75.43,71.6,27.12,25.89,27.15,27.73,28.28,0.96,0.55,0.76,0.91,1.09
2/25/2022 19:00,0.744,-99,1.47,1595,47.2,81.66,75.52,-4.868703,71.97,82.6,77.33,74.23,70.76,26.94,25.69,27.02,27.51,28,1,0.57,0.81,0.95,1.11
2/25/2022 19:15,0.688,-99,1.36,1595,47,81.09,75.71,-5.033075,70.85,81.4,76.17,73.32,69.61,26.81,25.56,26.9,27.3,27.88,1.03,0.61,0.84,0.97,1.14
2/25/2022 19:30,0.638,-99,1.26,1595,47.1,80.52,75.93,-4.868703,70.04,79.71,75.23,72.42,68.4,26.74,25.72,26.84,27.23,27.91,1.05,0.67,0.87,1,1.19
2/25/2022 19:45,0.633,-99,1.25,1594,47.1,80.16,75.26,-4.539958,69.26,78.19,74.29,71.47,67.46,26.71,25.89,26.83,27.23,27.95,1.08,0.73,0.91,1.03,1.23
2/25/2022 20:00,0.602,-99,1.19,1594,46.9,79.15,75.42,-4.70433,68.69,75.98,72.84,70.06,66.13,26.65,26.28,27.03,27.4,28.14,1.09,0.82,0.97,1.09,1.29
2/25/2022 20:15,0.597,-99,1.18,1594,47.3,78.87,75.14,-4.868703,68.46,73.94,71.38,68.48,65.29,26.58,26.71,27.26,27.66,28.22,1.1,0.91,1.04,1.17,1.33
2/25/2022 20:30,0.597,-99,1.18,1593,47.2,78.91,74.85,-4.539958,68.46,73.14,70.31,67.65,64.67,26.47,26.81,27.41,27.79,28.29,1.09,0.95,1.08,1.21,1.36
2/25/2022 20:45,0.572,-99,1.13,1593,46.7,78.65,74.95,-4.70433,68.2,71.83,69.75,66.99,64.13,26.44,27.05,27.48,27.86,28.34,1.1,1.01,1.11,1.24,1.38
2/25/2022 21:00,0.572,-99,1.13,1592,47.2,79.32,74.85,-4.211213,68.05,70.77,69.21,66.51,63.73,26.38,27.24,27.52,27.9,28.35,1.1,1.06,1.13,1.26,1.4
2/25/2022 21:15,0.552,-99,1.09,1592,46.6,79.18,75.07,-4.70433,67.85,69.83,68.78,66.1,63.15,26.3,27.41,27.54,27.9,28.42,1.1,1.1,1.15,1.27,1.43
2/25/2022 21:30,0.547,-99,1.08,1584,47.2,79.03,74.92,-4.868703,68.02,68.8,68.34,65.72,62.8,26.15,27.57,27.54,27.87,28.39,1.08,1.15,1.17,1.29,1.44
2/25/2022 21:45,0.526,-99,1.04,1584,47.1,79.08,75.33,-5.197448,68.16,67.29,68.18,65.41,62.42,26.04,27.88,27.51,27.84,28.4,1.07,1.23,1.17,1.3,1.45
2/25/2022 22:00,0.526,-99,1.04,1584,46.6,79.08,75.33,-4.868703,68.28,67.19,67.93,65.05,62.05,25.9,27.81,27.49,27.86,28.44,1.06,1.23,1.18,1.31,1.47
2/25/2022 22:15,0.526,-99,1.04,1584,46.7,78.63,75.28,-4.70433,68.43,66.63,67.72,64.78,61.61,25.79,27.91,27.5,27.88,28.48,1.05,1.25,1.19,1.32,1.49
2/25/2022 22:30,0.501,-99,0.99,1584,46.9,79.46,75.3,-4.868703,68.69,66.28,67.44,64.53,61.47,25.69,27.98,27.51,27.92,28.49,1.03,1.27,1.2,1.33,1.5
2/25/2022 22:45,0.521,-99,1.03,1584,47,79.08,75.33,-5.197448,68.44,65.9,67.16,64.21,61.13,25.71,28.05,27.54,27.94,28.52,1.04,1.29,1.21,1.35,1.51
2/25/2022 23:00,0.476,-99,0.94,1584,46.7,78.32,75.33,-4.70433,68.38,65.61,66.88,64.06,60.95,25.71,28.09,27.56,27.94,28.54,1.04,1.31,1.22,1.35,1.52
2/25/2022 23:15,0.496,-99,0.98,1584,47.3,78.82,75.42,-4.539958,68.09,65.7,66.73,63.9,60.71,25.75,28.03,27.6,27.95,28.59,1.06,1.3,1.23,1.36,1.54
2/25/2022 23:30,0.501,-99,0.99,1585,46.7,78.7,75.33,-4.70433,67.82,65.35,66.59,63.74,60.48,25.78,28.09,27.61,27.97,28.63,1.07,1.32,1.23,1.37,1.55
2/25/2022 23:45,0.501,-99,0.99,1585,47.2,78.7,75.33,-4.70433,67.79,65.06,66.3,63.49,60.32,25.74,28.12,27.63,28,28.63,1.07,1.33,1.25,1.38,1.56
2/26/2022 0:00,0.476,-99,0.94,1584,47,78.75,75.38,-4.868703,67.79,64.88,66.07,63.41,60.19,25.71,28.17,27.68,27.99,28.64,1.06,1.34,1.26,1.38,1.56
2/26/2022 0:15,0.501,-99,0.99,1584,46.5,78.58,75.21,-5.033075,67.77,64.25,66.34,63.28,60.05,25.68,28.28,27.56,27.94,28.57,1.06,1.37,1.24,1.38,1.56
2/26/2022 0:30,0.476,-99,0.94,1584,47.1,78.6,75.59,-4.70433,67.9,63.35,65.9,63.13,59.78,25.56,28.43,27.53,27.87,28.55,1.05,1.42,1.25,1.38,1.57
2/26/2022 0:45,0.45,-99,0.89,1585,47.1,78.99,75.59,-4.868703,68.07,63.25,65.9,62.81,59.46,25.44,28.4,27.48,27.87,28.56,1.04,1.42,1.25,1.4,1.58
2/26/2022 1:00,0.45,-99,0.89,1585,46.9,79.06,75.66,-5.033075,68.04,63.02,65.92,62.56,59.26,25.37,28.38,27.42,27.88,28.55,1.03,1.43,1.25,1.41,1.59
2/26/2022 1:15,0.45,-99,0.89,1585,47,78.8,75.76,-4.70433,68.13,62.04,65.59,62.29,58.77,25.27,28.6,27.45,27.88,28.59,1.03,1.49,1.26,1.42,1.61
2/26/2022 1:30,0.476,-99,0.94,1585,46.6,78.75,75.38,-4.868703,68.29,62.09,65.2,62.1,58.66,25.15,28.5,27.45,27.86,28.55,1.01,1.48,1.27,1.42,1.61
2/26/2022 1:45,0.471,-99,0.93,1584,47,78.65,75.3,-4.70433,68.03,61.68,65,61.76,58.24,25.16,28.57,27.48,27.89,28.61,1.02,1.5,1.28,1.44,1.64
2/26/2022 2:00,0.45,-99,0.89, ,46.6,79.27,75.85,-4.70433,67.91,60.98,64.7,61.49,58.05,25.09,28.68,27.46,27.84,28.56,1.02,1.53,1.29,1.44,1.64
2/26/2022 2:15,0.471,-99,0.93,1584,47.3,78.65,75.66,-4.539958,67.92,60.48,64.32,61.36,57.75,25,28.72,27.46,27.81,28.55,1.02,1.56,1.31,1.44,1.65
2/26/2022 2:30,0.471,-99,0.93,1585,47.1,78.39,75.78,-4.70433,68.2,60.13,64.19,61.09,57.53,24.87,28.77,27.42,27.78,28.51,1,1.58,1.31,1.45,1.65
2/26/2022 2:45,0.445,-99,0.88,1585,47.1,79.18,75.78,-4.70433,68.27,60.02,63.83,60.9,57.12,24.78,28.69,27.41,27.74,28.55,0.99,1.57,1.32,1.46,1.67
2/26/2022 3:00,0.476,-99,0.94,1585,46.6,79.66,76.24,-4.868703,67.94,59.36,63.85,60.66,56.96,24.76,28.8,27.33,27.72,28.51,1,1.61,1.31,1.46,1.68
2/26/2022 3:15,0.476,-99,0.94,1584,46.6,79.34,75.95,-4.868703,68.1,58.55,63.65,60.46,56.68,24.63,28.96,27.29,27.69,28.49,0.99,1.66,1.32,1.47,1.68
2/26/2022 3:30,0.45,-99,0.89,1585,46.9,79.32,76.28,-4.539958,67.79,58.23,63.44,60.27,56.44,24.63,29.01,27.32,27.7,28.54,1,1.67,1.33,1.48,1.7
2/26/2022 3:45,0.425,-99,0.84,1585,46.9,79.08,76.43,-5.033075,67.56,57.78,63.24,60.12,56.2,24.73,29.19,27.45,27.82,28.7,1.01,1.71,1.35,1.49,1.72
2/26/2022 4:00,0.476,-99,0.94,1585,46.5,79.08,76.07,-4.70433,67.26,57.89,63.06,59.85,56.19,24.82,29.16,27.5,27.92,28.7,1.03,1.7,1.36,1.51,1.72
2/26/2022 4:15,0.476,-99,0.94,1585,47,79.2,76.19,-4.868703,67.3,58.06,63.23,59.95,56.31,24.82,29.12,27.48,27.9,28.68,1.02,1.69,1.35,1.51,1.72
2/26/2022 4:30,0.45,-99,0.89,1584,46.9,79.42,76.02,-4.539958,67.25,58.17,63.25,59.9,56.35,24.88,29.11,27.47,27.92,28.69,1.03,1.69,1.35,1.51,1.72
2/26/2022 4:45,0.501,-99,0.99,1584,46.7,79.42,76.02,-4.539958,67.24,58.19,63.17,60,56.2,24.84,29.11,27.52,27.92,28.74,1.03,1.69,1.35,1.5,1.73
2/26/2022 5:00,0.45,-99,0.89,1585,47.1,79.15,76.5,-5.033075,67.16,58.4,63.04,59.87,56.2,24.89,29.07,27.53,27.93,28.75,1.03,1.67,1.36,1.51,1.73
2/26/2022 5:15,0.501,-99,0.99,1586,46.9,79.51,76.09,-4.868703,67.03,58.38,63.01,60.13,56.25,24.9,29.07,27.55,27.89,28.71,1.04,1.67,1.36,1.5,1.72
2/26/2022 5:30,0.45,-99,0.89,1585,46.9,79.18,76.52,-4.868703,67.45,58.29,63.16,59.94,56.11,24.85,29.13,27.54,27.96,28.81,1.02,1.68,1.36,1.51,1.74
2/26/2022 5:45,0.476,-99,0.94,1586,46.6,79.25,76.21,-4.868703,67.29,58.8,63.21,60.01,56.28,24.92,29.02,27.59,27.99,28.81,1.03,1.65,1.36,1.51,1.73
2/26/2022 6:00,0.501,-99,0.99,1585,47,79.51,76.48,-4.868703,67.24,59.12,63.1,60.05,56.31,24.95,28.92,27.61,27.98,28.8,1.03,1.63,1.36,1.51,1.73
2/26/2022 6:15,0.476,-99,0.94,1586,47,79.66,76.62,-4.375585,67.08,58.6,63.21,59.96,56.39,24.92,29.06,27.55,27.98,28.74,1.04,1.66,1.35,1.51,1.72
2/26/2022 6:30,0.45,-99,0.89,1585,47,79.92,76.86,-4.70433,66.95,58.26,63.07,59.83,56.26,24.9,29.1,27.5,27.93,28.72,1.04,1.68,1.36,1.51,1.72
2/26/2022 6:45,0.476,-99,0.94,1586,47.1,79.3,76.64,-3.224978,66.48,58.08,62.86,59.86,56.34,24.96,29.1,27.52,27.86,28.64,1.06,1.69,1.37,1.5,1.71
2/26/2022 7:00,0.501,-99,0.99,1586,47.3,79.13,76.48,3.185549,66.1,57.18,62.91,59.73,56,25,29.32,27.48,27.86,28.71,1.07,1.75,1.36,1.51,1.73
2/26/2022 7:15,0.663,-99,1.31,1585,47.2,77.79,74.18,23.403363,62.53,63.02,62.61,59.66,56.4,26.35,27.71,27.56,27.99,28.71,1.29,1.37,1.38,1.52,1.72
2/26/2022 7:30,0.992,-99,1.96,1584,46.6,75.19,70.81,41.977453,57.53,67.56,63.78,59.85,56.51,27.89,26.93,27.69,28.31,29.03,1.6,1.15,1.34,1.55,1.75
2/26/2022 7:45,1.179,-99,2.33,1585,47,73.44,67.73,60.058425,58.17,69.72,65.4,60.8,57.5,28.2,27.05,27.93,28.64,29.34,1.6,1.08,1.3,1.54,1.74
2/26/2022 8:00,1.422,-99,2.81, ,46.9,72.77,65.17,77.317535,60.44,71.3,67.53,61.61,58.81,28.1,27.29,28.17,28.91,29.54,1.5,1.04,1.24,1.53,1.7
2/26/2022 8:15,1.665,-99,3.29,1583,47,72.77,62.78,102.302151,63.32,73.35,68.9,63.19,60.86,27.89,27.31,28.22,29.08,29.82,1.38,0.97,1.19,1.48,1.64
2/26/2022 8:30,1.827,-99,3.61,1581,47.1,71.65,60.67,121.533731,65.64,75.26,69.34,64.18,65.59,27.9,27.44,28.58,29.36,30.94,1.29,0.91,1.2,1.46,1.54
2/26/2022 8:45,1.959,-99,3.87,1580,46.6,72.41,59.79,154.572598,67.27,76.54,70.67,64.78,67.18,28.07,27.66,28.86,29.74,32.69,1.24,0.87,1.17,1.47,1.62
2/26/2022 9:00,2.156,-99,4.26,1582,47.1,77.74,59.81,258.620375,67.69,77.24,70.97,64.99,65.35,28.26,27.96,29.22,30.14,34.16,1.24,0.86,1.18,1.5,1.86
2/26/2022 9:15,2.338,-99,4.62,1582,46.6,78.34,60.65,289.686772,69.99,76.51,67.43,63.47,62.62,26.96,27.5,29.47,30.17,34.93,1.07,0.86,1.34,1.57,2.09
2/26/2022 9:30,2.419,-99,4.78,1583,46.4,76.55,59.53,264.373411,71.4,77.81,66.75,63.44,61.07,26.38,26.91,29.46,30.02,35.02,0.98,0.79,1.37,1.55,2.19
2/26/2022 9:45,2.445,-99,4.83,1581,46.7,75.59,58.93,272.26329,71.37,78.05,66.52,63.44,58.23,26.46,26.93,29.52,30.14,35.16,0.99,0.78,1.38,1.56,2.37
2/26/2022 10:00,2.546,-99,5.03,1581,46.4,75.23,58.24,282.618756,72.23,78.37,67.07,63.69,56.94,26.45,27.02,29.56,30.35,35.42,0.96,0.77,1.36,1.57,2.48
2/26/2022 10:15,2.596,-99,5.13,1580,46.7,75.95,57.78,281.632521,72.61,78.58,67.33,63.73,55.77,26.55,27.13,29.68,30.59,35.45,0.95,0.77,1.36,1.59,2.55
2/26/2022 10:30,2.677,-99,5.29,1578,46.7,75.71,57.16,442.881919,74.06,79.23,66.93,63.64,57.01,26.43,27.15,29.91,30.92,35.79,0.89,0.75,1.4,1.63,2.52
2/26/2022 10:45,2.693,-99,5.32,1578,47.1,76,57.16,346.888394,74.01,79.54,67.38,63.37,57.41,26.61,27.23,30.05,31.29,36.57,0.91,0.74,1.39,1.67,2.61
2/26/2022 11:00,2.687,-99,5.31,1576,46.6,76.86,57.21,366.448718,75.96,80.6,67.85,63.29,55.87,26.34,27.19,30.1,31.6,36.88,0.82,0.7,1.37,1.71,2.75
2/26/2022 11:15,2.728,-99,5.39,1575,46.6,77.74,57.97,552.353988,76.32,80.7,71.33,66.74,56.49,26.22,26.82,29.49,31.9,36.92,0.81,0.68,1.18,1.57,2.72
2/26/2022 11:30,2.682,-99,5.3,1574,46.9,76.81,57.83,989.420399,77.33,82.7,75.92,70.05,58.25,26.17,26.49,28.58,31.93,35.85,0.77,0.6,0.94,1.42,2.46
2/26/2022 11:45,2.652,-99,5.24,1573,46.6,76.93,57.92,1118.945909,77.91,83.7,77.61,71.76,59.53,26.19,26.41,28.39,32.02,35.63,0.75,0.56,0.87,1.34,2.36
2/26/2022 12:00,2.601,-99,5.14,1572,46.7,76.67,58.24,1074.565341,78.58,84.4,78.53,72.12,60.16,26.19,26.35,28.29,32.14,35.35,0.73,0.54,0.83,1.34,2.28
2/26/2022 12:15,2.581,-99,5.1,1571,46.5,76.93,58.59,1125.192063,78.92,85,79.02,72.52,61.49,26.18,26.3,28.24,32.27,35.06,0.72,0.51,0.8,1.33,2.17
2/26/2022 12:30,2.5,-99,4.94,1572,46.6,76.19,58.81,1175.49004,79.33,85.5,79.75,72.85,62.5,26.12,26.25,28.21,32.34,34.6,0.7,0.49,0.77,1.32,2.06
2/26/2022 12:45,2.45,-99,4.84,1571,46.6,76.93,59.05,979.064933,79.68,86,80.3,73.12,63.85,26.11,26.25,28.12,32.36,34.17,0.69,0.48,0.75,1.3,1.94
2/26/2022 13:00,2.399,-99,4.74,1571,46.7,76.98,59.81,755.682739,79.83,86.3,80.6,73.48,65.24,26.09,26.13,28.09,32.38,33.8,0.68,0.46,0.74,1.29,1.83
2/26/2022 13:15,2.298,-99,4.54,1569,46.6,77,60.29,432.690826,80.2,86.7,80.9,73.67,66.63,26.01,26.05,28.04,32.38,33.42,0.67,0.45,0.72,1.28,1.72
2/26/2022 13:30,2.247,-99,4.44,1571,46.6,76.91,60.7,407.706209,80.5,87,81,74.09,68.71,26.01,26.02,28.04,32.33,32.91,0.66,0.44,0.72,1.26,1.57
2/26/2022 13:45,2.146,-99,4.24,1570,47,77.05,61.56,398.665723,80.6,87.1,81.3,74.61,70.39,26.02,26.02,28.06,32.32,32.56,0.65,0.43,0.71,1.23,1.45
2/26/2022 14:00,1.999,-99,3.95, ,46.6,77.27,62.18,394.885156,80.8,87.3,81.2,75.25,71.56,26,26,28.05,32.13,32.22,0.65,0.43,0.71,1.19,1.37
2/26/2022 14:15,1.883,-99,3.72,1565,46.6,77.34,63.52,943.560478,80.8,87.4,81.2,76.2,72.73,25.99,25.98,28.07,31.99,31.93,0.65,0.42,0.71,1.13,1.29
2/26/2022 14:30,1.711,-99,3.38,1566,47,77.24,64.52,981.366147,80.6,87.5,81.5,76.36,73.52,26.08,25.98,28.04,31.91,31.7,0.66,0.42,0.7,1.12,1.24
2/26/2022 14:45,1.574,-99,3.11,1565,46.3,78.15,65.74,820.445494,80.6,87.4,81.4,76.5,74.33,26.04,25.97,28.01,31.85,31.43,0.65,0.42,0.7,1.11,1.18
2/26/2022 15:00,1.473,-99,2.91,1566,47,73.34,65.65,453.894875,81.4,87.8,81.8,75.95,75.09,26.06,25.96,27.92,31.83,31.16,0.63,0.41,0.68,1.13,1.13
2/26/2022 15:15,1.26,-99,2.49,1564,46.6,71.58,64.71,289.686772,84.9,90.9,85.2,77.25,77.14,26.82,26.55,28.23,31.83,31.2,0.53,0.32,0.57,1.07,1.04
2/26/2022 15:30,1.286,-99,2.54,1566,46.2,75.81,66.2,286.728068,84.1,90.9,85.3,77.5,77.17,27.38,26.95,28.6,31.59,31.1,0.58,0.32,0.58,1.05,1.03
2/26/2022 15:45,1.367,-99,2.7,1566,46.4,85.92,70.09,299.549121,79.18,88.1,83.5,77.45,76.34,27.53,27.01,28.53,31.15,30.79,0.77,0.42,0.64,1.02,1.05
2/26/2022 16:00,1.296,-99,2.56,1567,46.4,81.74,70.83,284.919971,77.56,84.9,79.93,76.86,75.35,26.29,26.13,28.02,30.51,30.19,0.77,0.51,0.76,1.01,1.06
2/26/2022 16:15,1.169,-99,2.31,1567,46.6,80.13,70.86,255.332925,80.7,87.2,82.1,78.45,76.31,25.84,25.72,27.47,29.95,29.92,0.64,0.42,0.66,0.91,1
2/26/2022 16:30,1.093,-99,2.16,1567,46.9,79.89,70.98,306.617137,81.6,88.1,83.1,79.31,76.49,25.79,25.59,27.24,29.55,29.68,0.61,0.39,0.61,0.86,0.98
2/26/2022 16:45,1.073,-99,2.12,1568,46.9,80.52,71.48,208.815515,81.2,88.4,83.2,79.64,76.49,25.76,25.4,27.1,29.16,29.38,0.62,0.38,0.6,0.82,0.96
2/26/2022 17:00,0.992,-99,1.96,1568,46.9,79.08,71.6,165.421181,79.8,87.6,82.7,79.41,75.85,25.79,25.34,26.91,28.7,29.08,0.67,0.4,0.61,0.81,0.97
2/26/2022 17:15,0.881,-99,1.74,1567,46.5,77.91,71.58,194.679482,81.3,88.2,84,80.3,76.39,25.93,25.48,26.88,28.23,28.89,0.63,0.38,0.57,0.75,0.94
2/26/2022 17:30,0.881,-99,1.74,1568,46.6,78.15,71.81,89.64547,82.4,89.5,85.6,82.3,78.57,26.12,25.68,26.91,27.97,28.47,0.6,0.35,0.51,0.67,0.83
2/26/2022 17:45,0.891,-99,1.76,1568,46.3,80.09,72.44,69.263283,81,89,85.5,82,78.58,26.26,25.65,26.82,27.72,28.11,0.65,0.36,0.51,0.67,0.81
2/26/2022 18:00,0.85,-99,1.68,1570,47,80.8,73.7,39.676238,79.06,87.7,84.5,81.2,78.25,26.35,25.55,26.63,27.37,27.67,0.72,0.4,0.54,0.68,0.81
2/26/2022 18:15,0.835,-99,1.65,1570,46.4,81.83,74.23,3.349921,77.35,86.5,84,80.8,78.2,26.27,25.36,26.29,26.92,27.05,0.77,0.44,0.55,0.68,0.78
2/26/2022 18:30,0.795,-99,1.57,1570,46.5,82.4,74.71,-3.718095,75.82,85.6,83.4,80.7,78.28,26.06,25.02,25.83,26.36,26.49,0.82,0.46,0.55,0.66,0.75
2/26/2022 18:45,0.769,-99,1.52,1569,46.9,82.45,75.47,-4.211213,74.41,84.6,82.6,80.3,77.73,25.75,24.66,25.41,25.83,25.98,0.85,0.48,0.56,0.66,0.75
2/26/2022 19:00,0.744,-99,1.47,1570,47.2,81.47,75.69,-4.375585,73.53,83.6,81.7,79.9,77.14,25.36,24.32,25.02,25.3,25.5,0.86,0.5,0.58,0.65,0.75
2/26/2022 19:15,0.719,-99,1.42,1570,46.5,82.17,75.95,-4.868703,73.15,82.8,81.3,79.42,76.57,24.91,24.01,24.57,24.86,25.1,0.85,0.51,0.58,0.65,0.75
2/26/2022 19:30,0.698,-99,1.38,1570,46.7,82.55,76.28,-4.539958,73.37,82,81.3,79.16,76.27,24.43,23.78,24.13,24.47,24.75,0.82,0.53,0.56,0.64,0.74
2/26/2022 19:45,0.668,-99,1.32,1570,46.7,82.12,76.28,-4.04684,73.79,81.5,81.3,79.09,76.17,23.99,23.57,23.76,24.12,24.4,0.78,0.54,0.55,0.63,0.73
2/26/2022 20:00,0.688,-99,1.36,1571,46.3,81.16,75.42,-4.70433,74.71,80.8,80,78.91,75.36,23.44,23.52,23.85,23.93,24.38,0.73,0.56,0.59,0.63,0.75
2/26/2022 20:15,0.602,-99,1.19,1571,47,80.83,75.14,-4.868703,77.52,80.9,73.81,75.86,70.72,22.67,23.39,25.18,24.53,25.36,0.62,0.55,0.84,0.74,0.95
2/26/2022 20:30,0.653,-99,1.29,1571,46.6,79.99,75.11,-4.868703,78.26,80.6,71.57,73.35,68.9,22.49,23.41,25.64,25.02,25.71,0.59,0.56,0.94,0.85,1.03
2/26/2022 20:45,0.633,-99,1.25,1571,47,82.05,75.85,-4.375585,78.15,79.95,70.09,72.03,68.15,22.44,23.45,25.92,25.22,25.8,0.59,0.58,1,0.9,1.06
2/26/2022 21:00,0.633,-99,1.25,1571,46.3,79.97,75.81,-4.539958,77.94,79.55,69.08,71.2,67.56,22.42,23.48,26.07,25.33,25.88,0.6,0.59,1.04,0.93,1.08
2/26/2022 21:15,0.607,-99,1.2,1572,46.9,79.56,76.14,-4.868703,77.6,79.12,68.4,70.52,66.97,22.44,23.55,26.19,25.39,25.93,0.61,0.61,1.07,0.96,1.11
2/26/2022 21:30,0.607,-99,1.2,1571,46.6,79.58,76.19,-4.868703,77.49,78.78,67.2,69.73,66.17,22.46,23.6,26.53,25.6,26.16,0.61,0.62,1.14,0.99,1.15
2/26/2022 21:45,0.602,-99,1.19,1571,46.4,79.23,75.85,-5.033075,77.23,78.29,64.54,67.31,63.68,22.61,23.8,27.31,26.26,26.87,0.62,0.64,1.29,1.12,1.29
2/26/2022 22:00,0.602,-99,1.19,1571,46.2,79.06,75.69,-4.868703,76.66,77.36,63.91,66.34,62.48,22.8,24.06,27.52,26.54,27.23,0.65,0.68,1.33,1.17,1.36
2/26/2022 22:15,0.577,-99,1.14,1571,46.9,78.89,75.9,-4.539958,75.97,76.66,63.34,65.74,61.91,22.98,24.27,27.7,26.7,27.41,0.67,0.71,1.36,1.2,1.39
2/26/2022 22:30,0.552,-99,1.09,1572,46.2,78.94,75.93,-4.868703,75.5,76.38,63.07,65.57,61.62,23.1,24.38,27.78,26.79,27.52,0.69,0.72,1.38,1.21,1.41
2/26/2022 22:45,0.572,-99,1.13,1572,46.3,78.96,75.59,-5.033075,74.94,75.72,62.53,65.19,61.49,23.2,24.52,27.92,26.84,27.5,0.71,0.75,1.41,1.23,1.41
2/26/2022 23:00,0.552,-99,1.09,1572,46.9,79.99,75.83,-4.70433,74.47,75.39,62.82,65.08,61.3,23.24,24.57,27.79,26.83,27.53,0.73,0.76,1.39,1.23,1.42
2/26/2022 23:15,0.526,-99,1.04,1573,46.4,79.46,76.05,-5.033075,74.3,75.23,62.67,64.94,61.2,23.24,24.56,27.78,26.82,27.5,0.73,0.76,1.39,1.24,1.42
2/26/2022 23:30,0.526,-99,1.04,1572,46.7,78.58,75.97,-4.868703,74.02,75.14,62.65,64.7,60.87,23.28,24.57,27.78,26.86,27.61,0.74,0.77,1.39,1.25,1.45
2/26/2022 23:45,0.526,-99,1.04,1572,46.6,79.3,75.93,-4.868703,73.8,74.97,62.18,64.36,60.72,23.28,24.57,27.83,26.91,27.56,0.75,0.77,1.42,1.26,1.45
2/27/2022 0:00,0.531,-99,1.05,1572,46.4,82.45,76.55,-4.375585,73.52,74.8,62.5,64.37,60.43,23.29,24.56,27.72,26.9,27.61,0.76,0.78,1.39,1.26,1.46
2/27/2022 0:15,0.496,-99,0.98,1574,47.1,84.63,78.46,-4.539958,79.99,78.14,70.51,73.1,64.08,22.78,24.63,26.55,25.76,27.16,0.55,0.68,1.02,0.89,1.29
2/27/2022 0:30,0.536,-99,1.06,1576,47.5,80.4,77.29,-4.70433,83.2,85.4,71.61,76.64,68.08,21.98,23.14,26.58,25.27,26.7,0.44,0.41,0.99,0.75,1.12
2/27/2022 0:45,0.557,-99,1.1,1578,47.2,80.52,76.67,-5.033075,84.5,86.6,71.1,74.84,67.09,21.95,22.95,26.74,25.72,27.06,0.41,0.38,1.01,0.83,1.18
2/27/2022 1:00,0.501,-99,0.99,1580,47.5,79.2,76.55,-4.868703,84.3,85.2,69.27,72.62,64.19,22.26,23.57,27.31,26.26,27.82,0.42,0.43,1.12,0.93,1.34
2/27/2022 1:15,0.501,-99,0.99,1583,48.3,81.97,76.14,-4.539958,82.3,78.06,71.86,75.78,63.91,23.26,25.43,27.13,26.14,28.28,0.51,0.71,1.01,0.82,1.39
2/27/2022 1:30,0.501,-99,0.99,1583,48.1,79.66,76.62,-5.033075,83.3,80.1,72.75,76.3,65.52,23,25.44,27,26.13,28.07,0.47,0.65,0.97,0.8,1.31
2/27/2022 1:45,0.476,-99,0.94, ,48.1,78.82,76.19,-4.539958,82.8,77.11,71.34,74.42,63.98,23.11,26.15,27.42,26.51,28.49,0.49,0.78,1.05,0.89,1.4
2/27/2022 2:00,0.476,-99,0.94,1584,48.6,78.84,76.21,-4.70433,81.7,72.18,69.94,71.27,62.53,23.37,27.31,27.67,27.09,28.81,0.53,1.01,1.11,1.03,1.48
2/27/2022 2:15,0.501,-99,0.99,1586,48.9,82.48,76.21,-4.868703,80.8,74.62,72.84,75.31,64,23.77,26.6,27.21,26.47,28.53,0.57,0.88,0.98,0.85,1.4
2/27/2022 2:30,0.506,-99,1,1585,48,79.85,76.79,-4.868703,82.6,77.83,74,76.75,65.98,23.31,26.19,26.92,26.23,28.09,0.5,0.75,0.92,0.79,1.29
2/27/2022 2:45,0.481,-99,0.95,1586,48.7,79.11,76.83,-4.539958,82.5,75.97,72.45,76.43,64.61,23.28,26.49,27.26,26.31,28.42,0.5,0.83,1,0.81,1.37
2/27/2022 3:00,0.476,-99,0.94,1587,48.5,79.23,76.57,-4.539958,81.5,73,70.69,75.12,63.06,23.39,27.07,27.54,26.52,28.68,0.53,0.97,1.08,0.86,1.45
2/27/2022 3:15,0.45,-99,0.89,1586,49,78.89,76.62,-4.868703,80.4,69.28,69.4,73.01,61.86,23.44,27.76,27.68,26.72,28.81,0.57,1.15,1.14,0.95,1.51
2/27/2022 3:30,0.476,-99,0.94,1587,48.7,78.8,76.17,-5.033075,79.39,67.28,68.76,69.74,61.04,23.53,28.12,27.7,27.21,28.92,0.6,1.25,1.16,1.09,1.55
2/27/2022 3:45,0.45,-99,0.89,1587,48.7,78.36,76.12,-4.70433,78.51,64.88,68.17,68.08,60.63,23.62,28.67,27.73,27.41,28.94,0.63,1.38,1.18,1.17,1.57
2/27/2022 4:00,0.476,-99,0.94,1588,48.2,79.23,76.21,-4.70433,77.61,63.77,67.38,67.23,60,23.73,28.9,27.85,27.55,29.02,0.66,1.44,1.22,1.21,1.6
2/27/2022 4:15,0.476,-99,0.94,1587,47.9,78.72,76.09,-4.70433,76.98,62.23,67.01,66.19,59.79,23.8,29.24,27.84,27.7,28.99,0.68,1.53,1.24,1.26,1.61
2/27/2022 4:30,0.496,-99,0.98,1588,48,78.8,76.17,-4.375585,76.37,61.34,66.63,65.28,59.35,23.83,29.34,27.82,27.77,29,0.7,1.58,1.25,1.29,1.63
2/27/2022 4:45,0.45,-99,0.89,1587,48.1,78.51,76.26,-4.868703,75.61,60.3,66,64.87,59.04,23.91,29.57,27.89,27.77,28.99,0.72,1.64,1.28,1.31,1.64
2/27/2022 5:00,0.496,-99,0.98,1587,47.9,78.48,75.88,-4.868703,75,59.49,65.78,64.32,58.67,23.95,29.73,27.86,27.83,29.02,0.74,1.69,1.28,1.34,1.66
2/27/2022 5:15,0.496,-99,0.98,1588,48.3,78.46,75.85,-4.70433,74.44,58.75,65.28,63.49,58.23,23.97,29.79,27.87,27.91,28.99,0.76,1.73,1.3,1.37,1.67
2/27/2022 5:30,0.496,-99,0.98,1589,48.2,78.53,75.93,-4.70433,73.78,58.29,64.89,63.16,57.96,23.96,29.78,27.8,27.85,28.93,0.78,1.75,1.31,1.38,1.68
2/27/2022 5:45,0.471,-99,0.93,1588,48.3,78.89,75.9,-4.375585,73.63,58.29,64.57,62.98,57.48,23.9,29.69,27.76,27.79,28.98,0.78,1.74,1.32,1.38,1.7
2/27/2022 6:00,0.496,-99,0.98,1588,47.8,78.48,75.88,-5.197448,73.68,57.83,64.63,62.86,57.45,23.94,29.86,27.79,27.83,28.99,0.78,1.77,1.32,1.39,1.7
2/27/2022 6:15,0.471,-99,0.93,1587,48.8,77.98,75.76,-4.375585,73.19,57.75,64.73,62.93,57.47,24.14,29.94,27.84,27.9,29.08,0.81,1.79,1.32,1.39,1.71
2/27/2022 6:30,0.466,-99,0.92,1588,48,77.7,75.5,-4.539958,72.73,58.25,65.04,62.91,57.67,24.33,29.85,27.83,27.9,29.08,0.83,1.76,1.31,1.39,1.7
2/27/2022 6:45,0.491,-99,0.97,1587,47.9,77.62,75.07,-3.553723,72.25,58.38,65.21,62.97,57.84,24.47,29.88,27.8,27.94,29.07,0.85,1.75,1.3,1.39,1.7
2/27/2022 7:00,0.491,-99,0.97,1587,47.9,76.5,75.07,4.829273,72.2,59.17,65.2,62.93,57.79,24.55,29.63,27.83,27.99,29.12,0.86,1.7,1.3,1.4,1.7
2/27/2022 7:15,0.693,-99,1.37,1586,48.1,74.25,71.89,27.348302,67.41,65.83,65.07,62,58.25,26.19,27.86,27.83,28.3,29.14,1.11,1.28,1.31,1.46,1.69
2/27/2022 7:30,0.926,-99,1.83,1586,47.5,73.68,69.76,38.361258,61.94,70.62,65.88,62.07,58.61,27.74,27.02,28,28.62,29.37,1.42,1.05,1.29,1.49,1.69
2/27/2022 7:45,1.194,-99,2.36, ,47.3,72.91,66.7,88.166118,62.07,72.37,67.27,63.17,59.6,28.02,27.08,28.19,28.77,29.51,1.44,0.99,1.25,1.46,1.67
2/27/2022 8:00,1.341,-99,2.65,1584,48,74.3,66.41,82.413081,63.59,73.79,69.23,63.45,60.43,28,27.23,28.32,29.02,29.67,1.38,0.95,1.18,1.47,1.65
2/27/2022 8:15,1.63,-99,3.22,1582,48,71.93,63.69,109.041422,65.69,75.47,70.92,64.65,62.13,27.77,27.17,28.19,29.06,29.65,1.28,0.88,1.11,1.42,1.57
2/27/2022 8:30,1.842,-99,3.64,1582,47.9,69.81,61.46,125.971787,67.59,77.03,70.34,65.14,66.07,27.78,27.31,28.67,29.4,30.76,1.21,0.83,1.17,1.43,1.5
2/27/2022 8:45,1.999,-99,3.95,1581,47.9,70.12,59.31,151.449521,69.38,78.31,71.9,66.03,69.52,27.97,27.56,28.95,29.82,33.11,1.16,0.8,1.12,1.43,1.54
2/27/2022 9:00,2.186,-99,4.32,1581,48,77.41,58.67,319.931308,69.64,78.79,72.15,66.34,66.39,28.24,27.92,29.39,30.33,34.95,1.16,0.8,1.14,1.46,1.88
2/27/2022 9:15,2.399,-99,4.74,1582,47.5,77.74,59.81,304.15155,70.55,77.93,68.32,64.63,59.02,27.2,27.45,29.63,30.36,35.5,1.06,0.81,1.32,1.53,2.37
2/27/2022 9:30,2.475,-99,4.89,1581,48,75.88,58.86,262.236569,72.61,79.21,68.22,64.76,59.88,26.44,26.95,29.48,30.19,35.12,0.94,0.74,1.31,1.51,2.27
2/27/2022 9:45,2.48,-99,4.9,1580,48.2,75.97,58.26,289.358027,72.2,79,67.66,63.97,57.91,26.38,26.86,29.48,30.28,35.14,0.96,0.74,1.33,1.55,2.38
2/27/2022 10:00,2.551,-99,5.04,1579,48.1,75.62,57.81,280.153169,71.51,78.28,67.11,63.93,55.63,26.52,26.95,29.52,30.49,35.37,0.99,0.77,1.36,1.57,2.55
2/27/2022 10:15,2.652,-99,5.24,1578,48,75.02,56.94,291.001752,71.52,77.99,66.66,63.15,55.17,26.53,27.07,29.69,30.75,35.62,0.99,0.79,1.39,1.63,2.61
2/27/2022 10:30,2.581,-99,5.1,1578,47.3,75.83,57.71,424.143457,71.79,78.07,65.95,62.59,54.46,26.46,27.04,29.88,30.96,35.75,0.97,0.78,1.43,1.68,2.67
2/27/2022 10:45,2.642,-99,5.22,1576,47.8,75.76,57.4,348.860863,71.74,78.28,65.9,62.47,55.13,26.41,26.96,29.84,31.01,35.54,0.97,0.77,1.43,1.69,2.6
2/27/2022 11:00,2.708,-99,5.35,1575,48,77.07,57.38,368.256816,72.04,78.38,66.05,62.3,54.7,26.36,26.93,29.79,31.1,35.51,0.96,0.77,1.42,1.7,2.62
2/27/2022 11:15,2.703,-99,5.34,1574,48,75.81,57.47,612.678686,71.67,77.28,68.48,66.26,55.25,26.36,26.82,29.27,31.35,35.61,0.97,0.8,1.28,1.55,2.6
2/27/2022 11:30,2.708,-99,5.35,1572,47.1,76.12,57.18,924.164526,71.63,77.64,71.89,68.29,56.74,26.49,26.77,28.62,31.55,35.34,0.98,0.79,1.1,1.47,2.48
2/27/2022 11:45,2.657,-99,5.25,1572,47.1,68.13,57.4,976.434973,71.92,78.29,72.87,69.36,58.28,26.53,26.72,28.47,31.68,34.97,0.97,0.76,1.05,1.43,2.34
2/27/2022 12:00,2.657,-99,5.25,1570,47.3,75.47,57.47,1028.376675,72.6,79,74.01,70.43,58.53,26.49,26.63,28.37,31.88,34.97,0.95,0.73,1,1.4,2.33
2/27/2022 12:15,2.627,-99,5.19,1570,47.9,76.33,57.57,1035.609064,73.09,79.47,74.66,70.8,60.29,26.52,26.62,28.36,32.11,34.62,0.93,0.72,0.98,1.4,2.19
2/27/2022 12:30,2.586,-99,5.11,1568,47.4,76.95,58.16,903.124849,73.79,80.3,75.45,71.13,61.11,26.49,26.53,28.32,32.35,34.36,0.91,0.68,0.95,1.4,2.11
2/27/2022 12:45,2.536,-99,5.01,1569,47.9,76.57,58.62,887.345092,74.47,81,75.93,71.38,63.14,26.43,26.45,28.3,32.37,33.76,0.88,0.66,0.93,1.39,1.93
2/27/2022 13:00,2.515,-99,4.97,1568,47.7,76.14,58.55,788.721607,74.91,81.4,76.47,72.15,64.38,26.38,26.38,28.26,32.43,33.62,0.86,0.64,0.9,1.36,1.85
2/27/2022 13:15,2.389,-99,4.72,1567,47.3,76.64,59.36,412.801756,74.97,81.6,76.78,72.77,65.38,26.44,26.43,28.28,32.59,33.58,0.86,0.63,0.89,1.34,1.8
2/27/2022 13:30,2.308,-99,4.56,1567,47.7,76.83,59.91,439.430097,76.07,82.6,77.38,72.95,67.42,26.33,26.31,28.25,32.67,33.16,0.82,0.6,0.87,1.34,1.65
2/27/2022 13:45,2.267,-99,4.48, ,47.4,78.96,61.32,441.566939,76.5,83.1,77.82,73.65,69.23,26.23,26.15,28.25,32.66,32.77,0.8,0.57,0.85,1.3,1.53
2/27/2022 14:00,2.217,-99,4.38,1566,47.7,77.62,61.42,476.578277,77.02,84,78.41,74.38,70.6,26.11,25.87,28.02,32.34,32.29,0.78,0.53,0.82,1.24,1.42
2/27/2022 14:15,2.06,-99,4.07,1566,47.7,77.29,62.2,611.856823,76.98,84.2,79.23,75.64,71.88,26.18,25.88,27.93,32.29,32.2,0.78,0.53,0.78,1.18,1.35
2/27/2022 14:30,1.873,-99,3.7,1567,47.2,76.6,63.02,897.20744,77.37,84.8,79.82,75.74,72.55,26.32,25.93,27.99,32.38,32.17,0.78,0.51,0.76,1.18,1.32
2/27/2022 14:45,1.711,-99,3.38,1567,47.9,77.53,64.71,854.470597,77.63,85,80.3,75.73,72.95,26.36,26.01,27.94,32.45,32.08,0.77,0.5,0.74,1.18,1.29
2/27/2022 15:00,1.645,-99,3.25,1567,47.5,77.34,65.41,460.798519,79.08,86.3,81.6,75.98,74.41,26.18,25.89,27.84,32.46,31.89,0.71,0.46,0.69,1.17,1.21
2/27/2022 15:15,1.574,-99,3.11,1568,47.5,77.7,65.96,287.714303,79.32,86.5,81.8,75.33,73.92,26.11,25.79,27.73,32.55,31.95,0.7,0.45,0.68,1.21,1.24
2/27/2022 15:30,1.523,-99,3.01,1567,47.7,77.72,66.27,281.796894,79.9,87.1,82.3,75.46,73.7,26.06,25.72,27.63,32.33,31.98,0.68,0.43,0.65,1.19,1.25
2/27/2022 15:45,1.463,-99,2.89,1567,47.7,78.03,67.08,265.195274,79.59,86.9,82.4,75.74,73.82,26.05,25.71,27.53,32.16,31.8,0.69,0.43,0.65,1.16,1.23
2/27/2022 16:00,1.437,-99,2.84,1567,47.3,78.75,67.32,288.700538,79.41,86.8,82.5,75.61,73.86,25.99,25.61,27.39,31.57,31.16,0.69,0.43,0.64,1.13,1.19
2/27/2022 16:15,1.402,-99,2.77,1567,47.4,79.3,68.35,194.843854,78.43,86,82,76.21,74.23,25.99,25.57,27.26,30.83,30.52,0.72,0.46,0.65,1.06,1.13
2/27/2022 16:30,1.336,-99,2.64,1568,47.7,80.35,68.83,179.885959,77.5,85.3,81.6,76.58,74.56,25.87,25.46,27.02,29.98,29.78,0.75,0.48,0.66,0.99,1.07
2/27/2022 16:45,1.316,-99,2.6,1567,47.7,80.06,69.54,198.624421,76.77,84.9,81.1,77.11,74.8,25.75,25.32,26.77,29.16,29.02,0.77,0.49,0.66,0.93,1.01
2/27/2022 17:00,1.23,-99,2.43,1568,47.8,79.32,69.59,139.614703,76.14,84.4,81.1,78.11,75.42,25.58,25.16,26.49,28.55,28.54,0.78,0.5,0.65,0.85,0.96
2/27/2022 17:15,1.083,-99,2.14,1568,47.4,75.38,69.09,115.945066,76.86,85.5,82.8,78.65,76.23,25.57,25.22,26.48,28.04,28.13,0.76,0.47,0.59,0.81,0.91
2/27/2022 17:30,1.027,-99,2.03,1568,47.5,76.19,69.16,72.550733,81.8,88.6,85.4,81.8,79.15,25.78,25.55,26.72,27.64,27.92,0.6,0.37,0.51,0.67,0.78
2/27/2022 17:45,1.012,-99,2,1568,47.8,78.08,69.81,29.485145,82.4,88.9,85.6,82.8,79.92,25.93,25.69,26.79,27.36,27.67,0.59,0.37,0.51,0.63,0.74
2/27/2022 18:00,0.957,-99,1.89,1569,47.5,79.54,71.31,20.115913,81.3,87.8,84.6,82.8,79.68,26.06,25.72,26.73,27.04,27.37,0.63,0.4,0.54,0.61,0.74
2/27/2022 18:15,0.911,-99,1.8,1571,47.7,79.99,71.69,0.226844,79.04,86.6,84,82.6,79.55,26.17,25.63,26.54,26.74,27.04,0.71,0.44,0.56,0.61,0.73
2/27/2022 18:30,0.871,-99,1.72,1572,47.3,80.35,72.65,-4.375585,77.18,85.6,83.3,82.1,79.01,26.14,25.48,26.27,26.45,26.72,0.77,0.47,0.57,0.62,0.74
2/27/2022 18:45,0.876,-99,1.73,1572,47.7,80.49,73.13,-4.539958,76.08,84.6,82.8,81.6,78.48,25.97,25.28,25.97,26.11,26.42,0.8,0.5,0.58,0.62,0.74
2/27/2022 19:00,0.83,-99,1.64,1572,47.3,80.37,73.7,-4.868703,75.57,83.8,82.4,81.1,77.9,25.69,25.09,25.68,25.82,26.13,0.81,0.52,0.58,0.63,0.75
2/27/2022 19:15,0.779,-99,1.54,1572,47,80.47,73.77,-4.539958,75.33,83.1,82.1,80.7,77.38,25.37,24.9,25.38,25.52,25.88,0.8,0.53,0.58,0.63,0.75
2/27/2022 19:30,0.734,-99,1.45, ,47.2,80.33,74.32,-4.70433,75.37,82.5,81.8,80.3,77.05,25.01,24.71,25.09,25.28,25.59,0.78,0.54,0.58,0.63,0.75
2/27/2022 19:45,0.734,-99,1.45,1572,47.2,80.78,74.75,-4.375585,75.72,82.1,81.7,80.2,76.86,24.63,24.5,24.79,24.97,25.35,0.75,0.55,0.57,0.63,0.75
2/27/2022 20:00,0.709,-99,1.4,1572,47.7,80.47,74.83,-4.375585,76.04,81.8,81.6,80.1,76.68,24.31,24.33,24.57,24.72,25.15,0.73,0.55,0.57,0.62,0.75
2/27/2022 20:15,0.683,-99,1.35,1572,47.3,81.5,74.99,-4.539958,76.53,81.3,81.4,80.1,76.58,23.99,24.2,24.33,24.49,24.91,0.7,0.56,0.57,0.61,0.74
2/27/2022 20:30,0.683,-99,1.35,1573,47.2,81.54,75.4,-4.868703,76.98,81.1,81.3,79.98,76.48,23.65,24.02,24.15,24.27,24.7,0.67,0.56,0.56,0.61,0.73
2/27/2022 20:45,0.668,-99,1.32,1573,47.2,82.57,76.28,-4.868703,77.58,80.8,81.3,80,76.51,23.37,23.91,23.95,24.11,24.53,0.64,0.57,0.56,0.6,0.72
2/27/2022 21:00,0.617,-99,1.22,1572,47.8,82.69,76.74,-4.70433,78.14,80.7,81.3,80.1,76.48,23.1,23.8,23.81,23.91,24.37,0.62,0.57,0.55,0.59,0.72
2/27/2022 21:15,0.658,-99,1.3,1573,47.3,79.42,75.64,-4.70433,78.94,81.1,77.96,78.81,74.63,22.77,23.7,24.64,24.24,24.87,0.58,0.55,0.68,0.64,0.8
2/27/2022 21:30,0.628,-99,1.24,1573,47.2,78.75,75.4,-4.539958,79.43,81.4,73.48,74.93,70.68,22.78,23.74,25.72,25.2,25.86,0.57,0.55,0.88,0.8,0.98
2/27/2022 21:45,0.628,-99,1.24,1573,47.3,79.3,75.19,-4.868703,79.16,80.8,72.64,73.76,69.69,22.97,23.98,26.02,25.55,26.2,0.58,0.57,0.92,0.86,1.03
2/27/2022 22:00,0.602,-99,1.19,1573,47.1,78.75,75.4,-4.539958,78.84,80.3,72.33,73.26,69.27,23.09,24.2,26.14,25.7,26.36,0.6,0.59,0.94,0.88,1.06
2/27/2022 22:15,0.597,-99,1.18,1573,47.5,78.94,75.21,-4.70433,78.4,79.74,72.09,72.83,68.88,23.24,24.35,26.23,25.82,26.48,0.62,0.62,0.95,0.9,1.08
2/27/2022 22:30,0.597,-99,1.18,1574,47.1,79.56,75.45,-4.539958,77.9,78.92,72.06,72.55,68.74,23.33,24.52,26.21,25.88,26.48,0.63,0.65,0.95,0.92,1.08
2/27/2022 22:45,0.552,-99,1.09,1573,47.5,79.56,75.81,-4.868703,77.48,78.86,72,72.34,68.46,23.36,24.5,26.18,25.87,26.5,0.65,0.65,0.95,0.92,1.09
2/27/2022 23:00,0.572,-99,1.13,1574,47.4,79.11,75.38,-4.70433,77.39,78.68,71.75,72.14,68.34,23.33,24.5,26.2,25.86,26.49,0.65,0.66,0.96,0.93,1.1
2/27/2022 23:15,0.552,-99,1.09,1573,47.3,79.56,75.81,-4.539958,77.35,78.64,71.49,72.05,68.22,23.36,24.52,26.29,25.89,26.53,0.65,0.66,0.97,0.93,1.1
2/27/2022 23:30,0.577,-99,1.14,1573,47.3,79.39,75.62,-4.375585,77.2,78.61,71.12,71.86,68.07,23.39,24.53,26.34,25.93,26.56,0.66,0.66,0.99,0.94,1.11
2/27/2022 23:45,0.552,-99,1.09,1574,47.8,79.54,75.76,-4.539958,76.92,78.38,70.88,71.72,67.77,23.44,24.57,26.42,25.93,26.62,0.67,0.67,1,0.95,1.12
2/28/2022 0:00,0.552,-99,1.09,1573,47.5,80.06,76.26,-4.868703,76.76,78.23,70.85,71.51,67.68,23.41,24.56,26.36,25.94,26.6,0.67,0.67,1,0.95,1.13
2/28/2022 0:15,0.552,-99,1.09,1574,47.3,79.63,75.85,-4.375585,76.78,78.14,70.71,71.39,67.56,23.34,24.52,26.35,25.92,26.55,0.67,0.67,1.01,0.96,1.13
2/28/2022 0:30,0.526,-99,1.04,1574,47.4,79.68,76.26,-4.211213,76.63,77.96,70.83,71.31,67.67,23.33,24.49,26.25,25.88,26.54,0.67,0.68,1,0.96,1.12
2/28/2022 0:45,0.552,-99,1.09,1573,47.4,79.42,76.02,-4.868703,76.55,78.01,70.6,71.31,67.46,23.29,24.42,26.26,25.82,26.63,0.67,0.67,1,0.95,1.14
2/28/2022 1:00,0.531,-99,1.05,1573,47.7,79.97,76.52,-4.70433,76.38,77.95,70.18,71,67.4,23.27,24.39,26.29,25.85,26.69,0.67,0.67,1.02,0.97,1.14
2/28/2022 1:15,0.526,-99,1.04,1573,47.3,79.27,76.24,-5.033075,76.32,77.79,69.9,70.77,67.19,23.21,24.41,26.33,25.84,26.76,0.67,0.68,1.03,0.97,1.15
2/28/2022 1:30,0.476,-99,0.94, ,47.1,79.97,76.52,-4.868703,76.26,77.71,69.8,70.68,67.11,23.19,24.36,26.3,25.81,26.52,0.67,0.68,1.03,0.97,1.14
2/28/2022 1:45,0.531,-99,1.05,1574,47.7,79.87,76.43,-5.033075,76.15,77.67,69.3,70.41,66.8,23.14,24.31,26.37,25.83,26.42,0.68,0.68,1.05,0.98,1.14
2/28/2022 2:00,0.501,-99,0.99,1575,47.9,79.15,76.5,-4.539958,76.24,77.72,69.21,70.28,66.81,23.1,24.28,26.37,25.82,26.61,0.67,0.68,1.06,0.99,1.16
2/28/2022 2:15,0.501,-99,0.99,1575,47.7,79.3,76.26,-4.539958,76.29,77.72,68.97,70.2,66.66,23.17,24.34,26.5,25.9,26.69,0.67,0.68,1.07,1,1.17
2/28/2022 2:30,0.501,-99,0.99,1574,47.5,79.15,76.14,-4.539958,76.33,77.75,68.92,70.17,66.71,23.22,24.39,26.55,25.94,26.52,0.67,0.68,1.08,1,1.15
2/28/2022 2:45,0.501,-99,0.99,1574,47.5,78.7,76.07,-4.375585,76.16,77.61,69.2,70.23,66.68,23.29,24.45,26.49,25.94,26.66,0.68,0.69,1.07,1,1.16
2/28/2022 3:00,0.501,-99,0.99,1574,47.9,79.01,76,-4.539958,75.91,77.38,69.05,70.03,66.48,23.31,24.47,26.49,25.97,26.87,0.69,0.69,1.07,1.01,1.19
2/28/2022 3:15,0.496,-99,0.98,1574,47.8,79.63,76.21,-4.539958,75.77,77.34,68.85,69.96,66.45,23.31,24.44,26.53,25.94,26.76,0.69,0.69,1.08,1.01,1.18
2/28/2022 3:30,0.501,-99,0.99,1575,47.5,79.44,76.05,-4.211213,75.86,77.41,68.72,69.88,66.51,23.27,24.44,26.55,25.98,26.88,0.69,0.69,1.09,1.01,1.19
2/28/2022 3:45,0.501,-99,0.99,1576,47.9,79.51,76.09,-5.033075,76,77.49,68.74,70.02,66.52,23.31,24.45,26.61,25.98,26.69,0.69,0.69,1.09,1.01,1.17
2/28/2022 4:00,0.526,-99,1.04,1575,47.7,79.01,76,-4.70433,75.91,77.44,68.84,69.98,66.51,23.37,24.52,26.59,26.03,26.79,0.69,0.69,1.08,1.01,1.18
2/28/2022 4:15,0.496,-99,0.98,1575,47.8,78.6,75.97,-4.04684,75.81,77.55,69.1,70.18,66.68,23.46,24.55,26.61,26.03,27.2,0.7,0.69,1.08,1,1.2
2/28/2022 4:30,0.496,-99,0.98,1574,47.8,79.03,75.66,-4.868703,75.68,77.49,69.17,70.28,66.73,23.54,24.63,26.61,26.06,26.74,0.71,0.7,1.07,1,1.17
2/28/2022 4:45,0.526,-99,1.04,1575,47.5,78.75,76.12,-4.70433,75.54,77.4,69.59,70.46,66.86,23.57,24.65,26.54,26.03,27.15,0.71,0.7,1.06,0.99,1.19
2/28/2022 5:00,0.526,-99,1.04,1575,47.8,78.68,75.69,-4.868703,75.48,77.38,69.62,70.38,66.84,23.6,24.69,26.54,26.07,27.12,0.71,0.7,1.05,1,1.19
2/28/2022 5:15,0.496,-99,0.98,1574,47.2,79.03,75.66,-4.70433,75.38,77.23,69.66,70.39,66.82,23.62,24.71,26.5,26.06,26.88,0.72,0.71,1.05,1,1.17
2/28/2022 5:30,0.496,-99,0.98,1575,47.5,79.13,75.76,-4.868703,75.21,77.17,69.76,70.39,66.74,23.64,24.71,26.47,26.04,27.07,0.72,0.71,1.05,1,1.19
2/28/2022 5:45,0.501,-99,0.99,1576,47.9,79.11,76.07,-4.70433,75.04,76.99,69.61,70.34,66.64,23.63,24.72,26.48,26.03,26.93,0.73,0.72,1.05,1,1.18
2/28/2022 6:00,0.501,-99,0.99,1576,47.7,79.54,76.14,-4.539958,74.72,76.78,69.25,69.97,66.36,23.58,24.62,26.44,25.98,26.88,0.74,0.72,1.06,1.01,1.19
2/28/2022 6:15,0.501,-99,0.99,1575,47.8,79.49,76.07,-4.539958,74.72,76.75,69.23,69.86,66.44,23.44,24.54,26.34,25.9,26.74,0.73,0.72,1.06,1.01,1.18
2/28/2022 6:30,0.501,-99,0.99,1576,47.4,79.54,76.5,-4.539958,74.93,76.92,69.21,70.01,66.59,23.42,24.5,26.35,25.86,26.86,0.72,0.71,1.06,1,1.18
2/28/2022 6:45,0.526,-99,1.04,1576,47.4,79.23,76.21,-4.04684,75.05,77.09,69.43,70.2,66.66,23.47,24.48,26.32,25.87,26.57,0.72,0.7,1.05,0.99,1.16
2/28/2022 7:00,0.501,-99,0.99,1576,47.3,79.66,76.24,0.884334,74.95,77.16,69.4,70.18,66.5,23.47,24.49,26.33,25.87,26.55,0.72,0.7,1.05,0.99,1.16
2/28/2022 7:15,0.547,-99,1.08, ,47.1,78.58,75.59,14.855994,74.74,73.28,71.05,70.41,66.51,23.92,25.57,26.04,25.9,26.75,0.75,0.88,0.98,0.99,1.18
2/28/2022 7:30,0.521,-99,1.03,1576,47.4,78.15,75.57,28.992027,69.55,72.95,72.49,70.37,66.32,25.18,25.73,25.83,26.03,26.85,0.97,0.89,0.92,1,1.19
2/28/2022 7:45,0.552,-99,1.09,1576,47.7,79.11,75.71,47.401744,66.25,73.75,72.93,70.37,66.66,26.04,25.64,25.83,26.13,26.75,1.14,0.86,0.9,1,1.17
2/28/2022 8:00,0.572,-99,1.13,1576,47.4,77.91,75.33,66.304579,65.17,74.38,73.38,70.61,66.96,26.37,25.61,25.85,26.21,26.92,1.2,0.84,0.89,1,1.17
2/28/2022 8:15,0.587,-99,1.16,1575,47.5,77.22,74.68,88.166118,65.16,75.29,73.6,71.11,67.3,26.53,25.58,25.97,26.28,27.14,1.21,0.81,0.89,0.99,1.18
2/28/2022 8:30,0.612,-99,1.21,1576,47.4,77.41,74.16,111.178265,65.41,76.14,73.79,71.7,67.74,26.66,25.61,26.15,26.37,27.04,1.21,0.78,0.89,0.97,1.15
2/28/2022 8:45,0.638,-99,1.26,1575,48.1,76.81,73.94,133.697294,65.73,76.97,74.31,72.38,68.54,26.78,25.65,26.24,26.4,27.22,1.21,0.76,0.88,0.95,1.14
2/28/2022 9:00,0.683,-99,1.35,1575,47.7,77.74,73.44,156.873813,66.03,77.78,75.12,73.14,69.1,26.87,25.7,26.32,26.52,27.46,1.2,0.73,0.85,0.93,1.13
2/28/2022 9:15,0.784,-99,1.55,1575,47.9,77.65,72.68,179.721587,64.06,76.22,73.77,71.48,67.54,26.81,25.74,26.36,26.53,27.69,1.27,0.79,0.9,0.99,1.2
2/28/2022 9:30,0.876,-99,1.73,1575,47.9,77.41,72.15,216.705394,63.66,75.55,73.01,70.72,67.06,26.62,25.71,26.24,26.44,27.16,1.27,0.81,0.92,1.01,1.19
2/28/2022 9:45,0.946,-99,1.87,1575,47.5,76.88,71,242.3475,64.04,75.71,72.73,70.81,67,26.53,25.69,26.3,26.43,27.06,1.25,0.8,0.93,1.01,1.18
2/28/2022 10:00,0.992,-99,1.96,1575,47.5,76.52,70.38,254.675435,64.72,76.13,73.11,71.24,67.34,26.51,25.73,26.37,26.53,27.13,1.22,0.79,0.92,1,1.17
2/28/2022 10:15,1.058,-99,2.09,1574,47.7,75.52,69.85,283.276246,65.04,75.93,73.34,71.16,67.2,26.46,25.79,26.37,26.67,27.23,1.21,0.8,0.92,1.01,1.19
2/28/2022 10:30,1.24,-99,2.45,1574,47.2,75.5,67.99,368.421188,65.72,75.35,73.07,71.13,67.12,26.39,25.88,26.42,26.85,27.42,1.18,0.82,0.93,1.02,1.2
2/28/2022 10:45,1.311,-99,2.59,1573,47.4,75.19,67.15,344.751552,66.46,75.35,72.8,71.82,66.88,26.4,26.01,26.62,27.15,27.9,1.15,0.83,0.95,1.01,1.24
2/28/2022 11:00,1.316,-99,2.6,1573,47.9,75.09,67.37,310.068959,67.03,75.51,72.81,71.7,67.27,26.38,26.05,26.73,27.31,28.05,1.13,0.83,0.95,1.03,1.24
2/28/2022 11:15,1.341,-99,2.65,1573,47.8,75.42,67.34,296.590416,67.49,75.73,73.14,72.23,68.25,26.38,26.09,26.76,27.43,27.98,1.12,0.82,0.94,1.02,1.2
2/28/2022 11:30,1.69,-99,3.34,1573,47.8,74.97,64.16,670.702169,67.84,75.83,73.21,72.73,68.98,26.37,26.11,26.78,27.51,28.17,1.1,0.82,0.94,1,1.18
2/28/2022 11:45,1.888,-99,3.73,1573,47.3,75.59,62.3,761.435776,68.53,76.15,73.62,73.81,68.87,26.43,26.23,27.01,27.87,29.48,1.09,0.81,0.94,0.98,1.28
2/28/2022 12:00,1.741,-99,3.44,1574,47.9,75.85,62.99,380.584751,69.74,77.14,74.75,74.94,66.23,26.51,26.34,27.3,28.52,30.72,1.05,0.78,0.92,0.98,1.49
2/28/2022 12:15,1.751,-99,3.46,1573,47.8,75.3,63.35,386.995278,70.57,77.83,75.42,74.5,67.06,26.57,26.34,27.34,28.91,30.4,1.02,0.76,0.89,1.02,1.43
2/28/2022 12:30,1.827,-99,3.61,1573,47.4,75.88,63.02,593.611479,71.09,78.42,76.15,74.95,68.77,26.54,26.29,27.32,29.11,30.15,1,0.74,0.87,1.01,1.34
2/28/2022 12:45,1.923,-99,3.8,1573,47.2,75.85,61.97,596.734556,71.7,79.04,76.83,75.48,69.16,26.51,26.27,27.33,29.36,30.4,0.98,0.72,0.84,1,1.34
2/28/2022 13:00,1.974,-99,3.9,1573,47.9,75.76,61.89,573.064919,72.47,79.65,77.76,76.23,69.03,26.56,26.33,27.45,29.74,31.03,0.96,0.7,0.81,0.99,1.39
2/28/2022 13:15,1.999,-99,3.95, ,47.2,75.69,61.85,571.585567,73.42,80.6,78.24,76.34,69.1,26.56,26.31,27.63,30.06,31.34,0.92,0.66,0.8,1.01,1.42
2/28/2022 13:30,1.893,-99,3.74,1572,47.3,76.79,62.85,391.268962,74.23,81.2,78.61,76.39,69.51,26.56,26.29,27.72,30.45,31.52,0.9,0.64,0.8,1.03,1.41
2/28/2022 13:45,1.863,-99,3.68,1573,47.3,76.07,63.14,447.155604,74.92,82.2,79.36,76.01,70.21,26.56,26.2,27.68,30.62,31.39,0.87,0.61,0.77,1.05,1.37
2/28/2022 14:00,1.802,-99,3.56,1572,47.3,76.02,63.61,640.622007,75.37,82.7,79.78,76.71,71.47,26.55,26.19,27.63,30.46,31.05,0.86,0.59,0.75,1.01,1.29
2/28/2022 14:15,1.706,-99,3.37,1573,47.3,76.93,64.57,351.819568,76.07,83.2,80.3,77.16,72.2,26.44,26.14,27.62,30.48,30.96,0.83,0.57,0.73,1,1.25
2/28/2022 14:30,1.635,-99,3.23,1573,47.3,76.95,65.14,567.969373,76.47,83.6,80.5,76.83,72.52,26.38,26.06,27.58,30.33,30.74,0.81,0.55,0.72,1,1.22
2/28/2022 14:45,1.574,-99,3.11,1572,47.4,77.79,66.03,327.985559,76.55,83.8,80.5,77,73,26.31,25.99,27.52,30.15,30.44,0.8,0.54,0.72,0.98,1.17
2/28/2022 15:00,1.468,-99,2.9,1573,47.7,76.21,66.53,494.659249,76.6,83.9,80.5,77.27,73.66,26.3,25.96,27.41,29.83,30.06,0.8,0.54,0.71,0.96,1.12
2/28/2022 15:15,1.296,-99,2.56,1572,47.3,77.22,67.3,277.851954,76.73,84.1,81,77.6,74.64,26.4,26.04,27.45,30.21,30.22,0.8,0.54,0.7,0.96,1.09
2/28/2022 15:30,1.326,-99,2.62,1573,47.2,77.93,67.56,274.071387,77.5,84.7,81.4,77.04,74.44,26.32,25.99,27.47,30.28,30.21,0.77,0.51,0.68,0.99,1.1
2/28/2022 15:45,1.311,-99,2.59,1573,47.2,78.41,68.23,260.592844,77.5,84.9,81.4,77.6,74.82,26.23,25.88,27.35,29.69,29.73,0.77,0.5,0.68,0.93,1.05
2/28/2022 16:00,1.28,-99,2.53,1573,47.7,79.2,69.18,270.126448,77.4,85,81.5,78.2,75.07,26.14,25.72,27.14,29.2,29.36,0.77,0.5,0.67,0.88,1.02
2/28/2022 16:15,1.184,-99,2.34,1573,47.1,79.2,69.78,203.062478,77.2,85.1,82,78.54,75.44,26.06,25.61,26.89,28.79,28.97,0.77,0.49,0.64,0.85,0.98
2/28/2022 16:30,1.083,-99,2.14,1572,47.1,79.27,70.48,221.14345,76.73,84.8,82.1,78.8,75.88,26.04,25.53,26.76,28.33,28.48,0.78,0.5,0.63,0.82,0.94
2/28/2022 16:45,1.012,-99,2,1573,47.3,78.68,70.93,305.630903,76.33,84.6,81.5,79,76.23,25.98,25.44,26.69,27.91,28.06,0.79,0.5,0.65,0.79,0.9
2/28/2022 17:00,0.967,-99,1.91,1573,47.2,79.08,71.91,136.162881,75.93,84.4,81,79.21,76.46,25.87,25.31,26.6,27.47,27.6,0.8,0.5,0.66,0.76,0.87
2/28/2022 17:15,0.896,-99,1.77,1574,47.4,79.08,72.24,89.481098,74.43,83.6,81.2,78.91,76.47,25.76,25.19,26.46,26.99,27.04,0.85,0.53,0.65,0.75,0.84
2/28/2022 17:30,0.815,-99,1.61,1573,47.4,79.32,72.79,64.496482,76.05,84.7,81.1,80.3,78.01,25.64,25.07,26.31,26.37,26.47,0.79,0.49,0.65,0.68,0.76
2/28/2022 17:45,0.769,-99,1.52,1572,47.2,78.75,73.32,96.055997,77.14,85.7,82.1,81.7,78.86,25.56,25.05,26.04,26.06,26.28,0.75,0.45,0.6,0.62,0.72
2/28/2022 18:00,0.724,-99,1.43,1572,47.4,79.51,73.97,71.071381,75.56,84.5,81.7,81,77.8,25.69,25.07,25.91,26,26.31,0.81,0.49,0.61,0.64,0.76
2/28/2022 18:15,0.673,-99,1.33,1573,47.8,79.99,74.4,7.459233,74.53,83.3,81.2,80.2,76.92,25.74,25.11,25.8,25.99,26.29,0.84,0.53,0.62,0.67,0.79
2/28/2022 18:30,0.628,-99,1.24,1574,47.4,80.01,75.14,-3.224978,73.87,82.3,80.6,79.37,76.64,25.58,25.04,25.63,25.8,25.98,0.86,0.56,0.64,0.69,0.78
2/28/2022 18:45,0.582,-99,1.15,1573,47.2,81.26,75.88,-4.539958,73.25,81.1,79.93,78.61,76.04,25.3,24.84,25.35,25.51,25.67,0.86,0.59,0.65,0.7,0.79
2/28/2022 19:00,0.587,-99,1.16,1573,47.9,81.52,76.45,-4.375585,72.85,80.1,79.26,77.7,75.2,24.95,24.61,25.02,25.21,25.36,0.86,0.62,0.66,0.72,0.8
2/28/2022 19:15,0.562,-99,1.11,1573,47.3,80.76,76.88,-4.539958,72.54,79.24,78.67,77.15,74.57,24.61,24.39,24.72,24.86,25.05,0.85,0.63,0.66,0.72,0.81
2/28/2022 19:30,0.511,-99,1.01,1574,47.7,81.11,76.83,-4.539958,72.51,78.32,78.27,76.95,73.98,24.27,24.19,24.39,24.5,24.79,0.83,0.65,0.66,0.71,0.81
2/28/2022 19:45,0.511,-99,1.01,1573,47.2,82.33,77.19,-4.868703,72.73,77.88,77.99,76.69,73.66,23.88,23.98,24.13,24.21,24.55,0.81,0.66,0.66,0.7,0.81
2/28/2022 20:00,0.486,-99,0.96,1574,47.4,81.35,77.79,-5.033075,73.48,75.94,77.17,76.27,72.78,23.48,24.23,24.05,24.04,24.5,0.77,0.73,0.68,0.71,0.84
2/28/2022 20:15,0.486,-99,0.96,1574,47.8,81.07,77.91,-4.539958,75,73.44,73.77,74.35,69.58,23,24.76,24.7,24.37,25.14,0.7,0.83,0.82,0.78,0.97
2/28/2022 20:30,0.461,-99,0.91,1574,47.7,80.61,77.86,-4.539958,75.27,73.09,72.23,72.68,68.17,22.86,24.75,24.95,24.63,25.39,0.69,0.84,0.88,0.85,1.03
2/28/2022 20:45,0.461,-99,0.91,1574,47.3,80.61,77.86,-4.70433,74.99,74.7,70.73,71.17,67.16,22.78,24.26,25.21,24.84,25.52,0.69,0.77,0.94,0.9,1.07
2/28/2022 21:00,0.481,-99,0.95,1574,47.1,79.8,77.48,-4.539958,74.48,76.12,68.97,69.55,65.57,22.85,23.9,25.6,25.22,25.88,0.71,0.71,1.02,0.98,1.15
2/28/2022 21:15,0.43,-99,0.85,1574,47.4,80.33,77.6,-4.539958,73.89,75.82,67.51,68.33,64.52,22.93,23.93,25.93,25.44,26.09,0.73,0.72,1.09,1.03,1.2
2/28/2022 21:30,0.43,-99,0.85,1574,47.7,79.15,77.24,-4.868703,73.46,75.26,66.12,67.39,63.7,22.99,24.01,26.2,25.61,26.23,0.75,0.74,1.15,1.07,1.24
2/28/2022 21:45,0.43,-99,0.85,1574,47.5,80.54,77.41,-4.70433,73.14,74.72,65.38,66.72,63.04,23.03,24.12,26.36,25.72,26.37,0.76,0.76,1.19,1.1,1.27
2/28/2022 22:00,0.43,-99,0.85,1574,47.5,79.15,77.24,-4.868703,72.77,74.31,64.98,66.32,62.64,23.07,24.17,26.41,25.78,26.41,0.77,0.77,1.21,1.12,1.29
2/28/2022 22:15,0.405,-99,0.8,1575,47.7,80.04,77.31,-4.211213,72.29,73.87,64.55,65.92,62.26,23.12,24.22,26.45,25.81,26.45,0.78,0.79,1.22,1.13,1.3
2/28/2022 22:30,0.43,-99,0.85,1574,47.4,79.89,77.22,-4.211213,71.98,73.68,64.37,65.72,62.06,23.14,24.23,26.46,25.82,26.46,0.79,0.8,1.23,1.14,1.31
2/28/2022 22:45,0.43,-99,0.85,1574,47.7,79.63,77.31,-5.033075,71.77,73.33,64.74,65.72,62.02,23.13,24.24,26.29,25.74,26.4,0.8,0.81,1.21,1.13,1.31
2/28/2022 23:00,0.405,-99,0.8,1576,47.4,80.56,77.46,-4.539958,71.66,73.22,64.52,65.61,61.93,23.13,24.24,26.3,25.7,26.37,0.8,0.81,1.21,1.14,1.31
2/28/2022 23:15,0.43,-99,0.85,1574,47.2,80.3,77.58,-5.033075,71.37,73,64.3,65.32,61.67,23.09,24.2,26.26,25.7,26.36,0.81,0.82,1.22,1.15,1.32
2/28/2022 23:30,0.43,-99,0.85,1575,47.8,79.89,77.58,-4.70433,71.21,72.7,64.13,65.11,61.52,23.02,24.2,26.25,25.68,26.32,0.81,0.82,1.22,1.15,1.32
2/28/2022 23:45,0.43,-99,0.85,1575,47.7,79.42,77.5,-4.375585,71.18,72.73,62.24,64.16,60.59,23.01,24.16,26.76,25.92,26.56,0.81,0.82,1.33,1.2,1.37
3/1/2022 0:00,0.405,-99,0.8,1575,47.1,80.97,77.43,-4.539958,71.39,72.52,60.31,62.55,59.07,23.02,24.28,27.35,26.42,27.01,0.8,0.83,1.44,1.29,1.46
3/1/2022 0:15,0.425,-99,0.84,1576,47.9,84.63,79.99,-4.375585,79.54,76.94,69.37,72.41,62.72,22.37,24.23,26.13,25.3,26.74,0.55,0.7,1.04,0.89,1.31
3/1/2022 0:30,0.415,-99,0.82,1578,47.8,81.4,78.99,-4.539958,83.9,84.6,70.46,75.14,66.62,21.65,22.9,26.47,25.05,26.51,0.42,0.43,1.02,0.79,1.16
3/1/2022 0:45,0.38,-99,0.75,1578,47.8,79.44,77.89,-5.033075,85.3,82.7,66.46,70.92,63.36,21.84,23.59,27.77,26.24,27.67,0.38,0.5,1.25,0.99,1.36
3/1/2022 1:00,0.4,-99,0.79, ,47.2,79.82,77.12,-4.70433,85,79.48,64.92,67.85,61.48,22.19,24.4,28.24,27.03,28.26,0.4,0.63,1.34,1.15,1.48
3/1/2022 1:15,0.375,-99,0.74,1581,48.3,79.42,77.12,-4.539958,84.2,77.89,69.75,73.94,63.23,22.71,25.27,27.37,26.26,28.13,0.44,0.71,1.1,0.89,1.4
3/1/2022 1:30,0.405,-99,0.8,1582,48.8,79.37,77.46,-4.211213,84.9,82.8,70.83,75.48,65.64,22.64,24.27,27.29,26.07,27.76,0.42,0.52,1.06,0.83,1.28
3/1/2022 1:45,0.375,-99,0.74,1582,48.3,79.03,77.15,-4.70433,85,84.8,70.37,74.48,65.88,22.45,23.61,27.14,26.05,27.56,0.41,0.44,1.07,0.86,1.26
3/1/2022 2:00,0.405,-99,0.8,1583,48.5,81.42,77.48,-4.868703,84.9,85.1,69.43,72.49,65.15,22.43,23.48,27.26,26.36,27.62,0.41,0.43,1.11,0.94,1.29
3/1/2022 2:15,0.38,-99,0.75,1584,48.5,79.18,78.01,-4.70433,85,87.4,72.96,77.24,66.38,22.38,23.16,26.57,25.62,27.4,0.41,0.36,0.94,0.75,1.23
3/1/2022 2:30,0.354,-99,0.7,1585,48.5,79.32,77.77,-4.539958,85.7,89.5,72.39,77.15,68.05,22.17,22.73,26.72,25.51,27.03,0.38,0.29,0.97,0.75,1.14
3/1/2022 2:45,0.354,-99,0.7,1584,48.6,79.34,77.81,-4.70433,86,89.3,71.18,74.5,66.98,22.17,22.69,26.89,26,27.23,0.37,0.3,1.02,0.86,1.19
3/1/2022 3:00,0.38,-99,0.75,1585,48.9,79.34,77.43,-4.70433,85.8,88.4,69.98,72.21,65.4,22.18,22.81,27.08,26.34,27.5,0.38,0.32,1.08,0.95,1.27
3/1/2022 3:15,0.354,-99,0.7,1585,48.6,79.68,77.74,-4.375585,85.2,86.8,69.02,70.48,64.59,22.21,23,27.19,26.54,27.59,0.4,0.37,1.12,1.02,1.31
3/1/2022 3:30,0.349,-99,0.69,1585,48.9,79.32,77.41,-4.70433,84.2,85.4,68.22,69.01,63.55,22.3,23.16,27.2,26.75,27.74,0.43,0.41,1.15,1.09,1.36
3/1/2022 3:45,0.349,-99,0.69,1586,48.1,79.3,77.38,-4.70433,83.2,84.1,67.03,67.91,63,22.39,23.32,27.4,26.86,27.75,0.45,0.46,1.2,1.13,1.38
3/1/2022 4:00,0.375,-99,0.74,1585,48.7,78.96,77.05,-5.033075,82.4,82.9,66.38,67.09,62.53,22.49,23.49,27.47,26.98,27.83,0.48,0.49,1.23,1.17,1.4
3/1/2022 4:15,0.349,-99,0.69,1586,48.8,78.91,77,-4.539958,81.5,82.1,65.92,66.34,62.12,22.59,23.62,27.53,27.09,27.86,0.51,0.52,1.25,1.21,1.42
3/1/2022 4:30,0.375,-99,0.74,1587,48.1,78.8,76.88,-4.70433,80.5,81.2,65.38,65.85,61.6,22.72,23.79,27.57,27.13,27.92,0.54,0.55,1.28,1.23,1.44
3/1/2022 4:45,0.375,-99,0.74,1586,48.5,79.03,77.15,-4.868703,79.51,79.93,64.63,65.11,61.08,22.76,23.93,27.61,27.15,27.89,0.57,0.6,1.31,1.25,1.46
3/1/2022 5:00,0.38,-99,0.75,1586,48.3,79.56,77.27,-4.70433,78.38,78.94,63.8,64.44,60.57,22.74,23.94,27.63,27.11,27.79,0.6,0.63,1.34,1.28,1.47
3/1/2022 5:15,0.349,-99,0.69,1586,48.5,78.96,77.43,-4.70433,77.58,78.29,63.07,63.84,59.98,22.67,23.88,27.6,27.06,27.76,0.62,0.64,1.36,1.29,1.49
3/1/2022 5:30,0.4,-99,0.79,1587,48.3,79.46,77.15,-4.70433,77.13,77.87,62.81,63.39,59.71,22.64,23.86,27.55,27.03,27.71,0.63,0.65,1.37,1.31,1.5
3/1/2022 5:45,0.375,-99,0.74,1587,48.6,79.46,77.15,-4.868703,76.86,77.33,62.47,62.96,59.23,22.62,23.92,27.55,27.07,27.76,0.64,0.67,1.38,1.33,1.52
3/1/2022 6:00,0.4,-99,0.79,1587,48.3,79.01,77.1,-4.868703,76.68,76.66,62.07,62.75,59.03,22.64,24,27.63,27.09,27.79,0.64,0.7,1.4,1.34,1.53
3/1/2022 6:15,0.4,-99,0.79,1587,49,78.91,76.62,-4.868703,76.4,76.16,61.86,62.49,58.72,22.71,24.09,27.68,27.15,27.9,0.65,0.72,1.42,1.35,1.55
3/1/2022 6:30,0.4,-99,0.79,1586,48.9,79.42,77.12,-4.375585,76.01,75.79,61.55,62.12,58.52,22.76,24.16,27.72,27.19,27.88,0.66,0.73,1.43,1.37,1.56
3/1/2022 6:45,0.4,-99,0.79,1587,48.7,78.56,76.67,-3.553723,75.72,75.69,61.49,61.84,58.22,22.8,24.13,27.69,27.2,27.92,0.67,0.73,1.43,1.38,1.57
3/1/2022 7:00,0.4,-99,0.79, ,48.3,79.58,76.52,5.815508,75.57,75.59,61.36,61.88,58.17,22.84,24.19,27.74,27.24,27.96,0.68,0.74,1.44,1.38,1.58
3/1/2022 7:15,0.81,-99,1.6,1586,48,75.54,72.41,26.197695,71.53,66.67,63.78,62.38,57.99,24.33,26.67,27.29,27.26,28.21,0.87,1.17,1.31,1.36,1.61
3/1/2022 7:30,1.144,-99,2.26,1584,48.6,73.2,68.71,43.292432,63.07,65.61,66.26,63.23,58.04,26.56,27.35,27.05,27.44,28.6,1.28,1.25,1.21,1.35,1.64
3/1/2022 7:45,1.412,-99,2.79,1584,48.1,73.46,65.72,78.30377,61.49,68.52,67.98,64.35,58.86,27.25,27.15,27.19,27.65,28.87,1.39,1.13,1.15,1.32,1.64
3/1/2022 8:00,1.66,-99,3.28,1583,48.7,72.72,63.23,84.221179,62.32,70.79,69.16,65.64,59.97,27.55,27.09,27.39,27.92,29.37,1.39,1.05,1.12,1.29,1.64
3/1/2022 8:15,1.888,-99,3.73,1583,47.5,73.3,61.58,108.87705,64.35,72.13,70.3,67.17,63.96,27.55,27.2,27.58,28.1,30.32,1.31,1.01,1.1,1.25,1.56
3/1/2022 8:30,2.111,-99,4.17,1581,48.2,72.51,59.6,132.546686,66.69,74.14,71.47,69.33,66.14,27.34,27.08,27.73,28.13,31.66,1.21,0.93,1.06,1.17,1.58
3/1/2022 8:45,2.288,-99,4.52,1581,48,71.36,58.07,168.215513,68.8,76.41,72.33,71.89,63.47,27.2,26.92,27.9,28.18,32.93,1.13,0.84,1.04,1.07,1.83
3/1/2022 9:00,2.439,-99,4.82,1581,48.2,75.21,57.71,342.450337,70.1,77.46,73.53,72.93,61.5,27.2,26.94,28.03,28.51,33.82,1.08,0.8,1,1.05,2.03
3/1/2022 9:15,2.596,-99,5.13,1581,48,75.19,57.9,310.068959,69.4,76.86,73.53,70.87,59.72,27.04,26.75,27.89,29.04,33.91,1.09,0.81,0.99,1.17,2.13
3/1/2022 9:30,2.627,-99,5.19,1581,48.2,75.5,57.42,259.113492,69.4,76.62,73.88,68.73,59.69,26.81,26.65,27.62,29.5,33.98,1.08,0.82,0.97,1.29,2.14
3/1/2022 9:45,2.713,-99,5.36,1579,47.8,74.09,56.78,303.658433,69.55,76.7,74.14,67.32,59.84,26.85,26.66,27.67,29.92,34.4,1.08,0.81,0.96,1.38,2.18
3/1/2022 10:00,2.758,-99,5.45,1578,48.1,74.01,56.73,281.796894,69.89,76.96,74.48,67.2,58.52,26.9,26.71,27.79,30.22,35.37,1.07,0.81,0.95,1.41,2.38
3/1/2022 10:15,2.829,-99,5.59,1577,48.1,73.7,56.11,303.49406,70.71,77.54,74.47,67.21,57.09,26.91,26.73,27.95,30.57,36.3,1.04,0.79,0.96,1.44,2.59
3/1/2022 10:30,2.844,-99,5.62,1576,47.8,74.32,55.61,440.087587,70.95,77.65,74.24,67.54,55.34,26.96,26.79,28.08,30.79,37.11,1.03,0.79,0.98,1.44,2.82
3/1/2022 10:45,2.865,-99,5.66,1575,48,74.83,55.53,458.661677,71.42,78.11,74.65,67.97,53.99,26.94,26.8,28.17,31.03,37.46,1.02,0.77,0.97,1.44,2.96
3/1/2022 11:00,2.849,-99,5.63,1574,47.7,74.83,55.32,473.126455,72.49,79.16,75.44,68.58,54.15,26.84,26.71,28.15,31.33,37.56,0.97,0.73,0.94,1.44,2.97
3/1/2022 11:15,2.87,-99,5.67,1572,48,75.57,55.13,696.673021,73.47,80.1,76.11,68.56,54.5,26.89,26.69,28.23,31.63,37.61,0.94,0.7,0.92,1.46,2.95
3/1/2022 11:30,2.814,-99,5.56,1572,47.9,75.42,55.65,1036.430926,74.52,81,76.88,69.84,55.39,26.75,26.64,28.22,31.93,37.36,0.9,0.66,0.89,1.43,2.85
3/1/2022 11:45,2.794,-99,5.52,1571,47.9,75.88,55.94,1108.097325,76.09,82.6,77.97,70.65,56.77,26.54,26.43,28.18,32.18,37.18,0.83,0.6,0.84,1.41,2.74
3/1/2022 12:00,2.758,-99,5.45,1571,47.5,76.24,56.56,1014.07627,77.23,83.7,78.79,71.25,57.19,26.41,26.26,28.09,32.3,36.84,0.78,0.56,0.81,1.39,2.66
3/1/2022 12:15,2.708,-99,5.35,1570,48.1,76.28,56.83,1181.736194,78.27,84.7,79.6,71.79,58.16,26.28,26.12,28.02,32.41,36.65,0.74,0.52,0.77,1.37,2.58
3/1/2022 12:30,2.657,-99,5.25,1570,48,76.17,57.18,1187.160486,79.14,85.6,80.5,72,58.75,26.19,26.02,27.98,32.52,36.21,0.71,0.48,0.74,1.37,2.48
3/1/2022 12:45,2.586,-99,5.11, ,47.8,76.09,57.57,1128.31514,79.76,86.1,81,72.24,60.41,26.14,25.99,27.94,32.63,35.45,0.69,0.47,0.72,1.37,2.28
3/1/2022 13:00,2.505,-99,4.95,1569,48,76.12,58.26,884.057642,80.3,86.6,81.4,72.45,62.02,26.13,25.93,27.89,32.69,34.89,0.67,0.45,0.7,1.36,2.12
3/1/2022 13:15,2.404,-99,4.75,1569,47.8,76.05,58.88,468.19528,80.7,87.2,81.8,73.1,63.97,26.09,25.84,27.88,32.72,34.41,0.65,0.43,0.68,1.33,1.96
3/1/2022 13:30,2.359,-99,4.66,1570,47.5,75.93,59.26,440.580705,81.2,87.5,82.2,73.13,65.82,26.16,25.88,27.89,32.89,33.97,0.64,0.42,0.67,1.34,1.82
3/1/2022 13:45,2.278,-99,4.5,1570,47.9,76.76,60.29,412.308639,81,87.5,82.2,73.48,67.83,26.11,25.85,27.92,32.87,33.43,0.64,0.42,0.67,1.32,1.66
3/1/2022 14:00,2.146,-99,4.24,1569,47.2,77.05,60.94,740.231726,81.8,88.1,82.5,74.09,69.16,25.98,25.76,27.89,32.7,33.07,0.61,0.39,0.66,1.28,1.56
3/1/2022 14:15,2.019,-99,3.99,1569,47.9,77.17,61.99,386.50216,81.8,88.1,82.4,74.1,70.22,25.94,25.72,27.86,32.58,32.72,0.61,0.39,0.66,1.27,1.47
3/1/2022 14:30,1.918,-99,3.79,1570,47.8,76.88,62.8,991.885986,81.7,88.1,82.6,74.41,71.13,25.98,25.69,27.77,32.42,32.34,0.61,0.39,0.65,1.25,1.4
3/1/2022 14:45,1.751,-99,3.46,1570,47.8,76.91,63.85,900.330517,81.7,88,82.5,74.18,71.87,25.99,25.71,27.78,32.35,32.06,0.61,0.4,0.65,1.25,1.34
3/1/2022 15:00,1.579,-99,3.12,1569,47.4,77.53,65.43,453.730503,81.6,87.8,82.7,73.56,72.45,26,25.73,27.67,32.4,31.81,0.62,0.4,0.64,1.29,1.3
3/1/2022 15:15,1.488,-99,2.94,1569,47.7,77.17,66.01,260.921589,81.3,87.7,82.9,72.56,72.99,26.02,25.7,27.59,32.51,31.58,0.63,0.41,0.63,1.34,1.25
3/1/2022 15:30,1.417,-99,2.8,1570,47.3,76.91,66.96,249.251144,81.1,87.6,82.6,72.26,72.6,26.01,25.66,27.54,32.32,31.45,0.64,0.41,0.64,1.34,1.26
3/1/2022 15:45,1.346,-99,2.66,1570,47.8,77.22,67.18,434.827668,80.6,87.2,82.2,72.72,72.74,26.03,25.66,27.48,31.85,31.11,0.65,0.42,0.65,1.29,1.23
3/1/2022 16:00,1.275,-99,2.52,1570,47.7,78.96,67.97,264.373411,80.2,86.8,82,73.85,73.25,26.02,25.67,27.48,31.32,30.78,0.67,0.44,0.66,1.2,1.19
3/1/2022 16:15,1.26,-99,2.49,1571,47.7,78.22,68.92,237.74507,79.91,86.7,81.8,74.48,73.41,25.94,25.57,27.38,30.91,30.49,0.67,0.44,0.66,1.14,1.16
3/1/2022 16:30,1.189,-99,2.35,1569,48,78.03,69.35,488.08435,79.45,86.5,81.9,74.83,73.29,25.97,25.54,27.24,30.57,30.33,0.69,0.44,0.65,1.1,1.15
3/1/2022 16:45,1.113,-99,2.2,1570,47.7,78.39,69.97,398.501351,78.74,85.9,81.8,75.08,73.04,26,25.55,27.16,30.24,30.12,0.71,0.46,0.66,1.07,1.15
3/1/2022 17:00,1.068,-99,2.11,1571,47.9,78.41,70.31,210.952357,78.03,85.4,81.4,75.62,73.29,25.97,25.5,27.06,29.77,29.74,0.74,0.48,0.67,1.02,1.12
3/1/2022 17:15,0.957,-99,1.89,1570,47.8,77.03,70.43,134.190411,77.24,85.1,82,75.78,73.05,25.91,25.51,27.05,29.28,29.43,0.76,0.49,0.64,0.99,1.11
3/1/2022 17:30,0.931,-99,1.84,1570,47.7,77.34,70.38,98.685956,79.08,86.3,82.9,77.36,74.58,25.99,25.65,27.19,28.8,29.02,0.7,0.45,0.62,0.9,1.02
3/1/2022 17:45,0.906,-99,1.79,1571,47.4,77.58,70.88,101.480289,77.1,85.2,81.1,77.28,74.3,26.28,25.87,27.15,28.46,28.68,0.78,0.49,0.68,0.88,1.01
3/1/2022 18:00,0.865,-99,1.71,1571,47.2,79.01,71.79,55.620368,74.9,83.4,80.4,76.8,73.98,26.58,26.08,27.03,28.1,28.32,0.87,0.56,0.7,0.88,1
3/1/2022 18:15,0.825,-99,1.63,1571,47.8,79.82,72.48,6.472998,73.4,82.3,79.76,76.71,73.96,26.6,26.04,26.88,27.62,27.85,0.93,0.6,0.72,0.86,0.98
3/1/2022 18:30,0.81,-99,1.6,1571,47.8,80.83,73.32,-3.224978,72.45,81.4,78.76,76.53,73.94,26.47,25.84,26.71,27.1,27.28,0.95,0.62,0.74,0.84,0.94
3/1/2022 18:45,0.815,-99,1.61,1572,48,81.33,74.09,-4.375585,71.88,80.6,78.09,76.14,73.93,26.14,25.51,26.34,26.63,26.74,0.95,0.63,0.75,0.83,0.92
3/1/2022 19:00,0.744,-99,1.47,1571,47.9,81.28,74.75,-4.375585,71.61,79.82,77.61,75.87,73.86,25.72,25.16,25.93,26.15,26.21,0.94,0.65,0.75,0.82,0.89
3/1/2022 19:15,0.724,-99,1.43,1572,47.4,81.23,75.07,-4.868703,71.61,79.11,77.21,75.57,73.34,25.3,24.86,25.55,25.69,25.85,0.92,0.66,0.75,0.81,0.89
3/1/2022 19:30,0.693,-99,1.37,1571,47.8,81.31,75.5,-4.539958,71.76,78.4,76.81,75.19,72.92,24.87,24.6,25.18,25.31,25.49,0.89,0.67,0.74,0.8,0.88
3/1/2022 19:45,0.693,-99,1.37,1572,47.9,81.38,75.19,-4.70433,72.09,77.63,76.8,75.01,72.51,24.51,24.39,24.8,24.96,25.16,0.86,0.68,0.73,0.79,0.88
3/1/2022 20:00,0.643,-99,1.27,1572,48.1,81.16,75.35,-4.539958,72.25,77.14,76.71,74.9,72.29,24.13,24.16,24.47,24.65,24.91,0.83,0.69,0.71,0.78,0.87
3/1/2022 20:15,0.668,-99,1.32,1572,48,81.31,75.47,-4.70433,72.3,76.75,76.5,74.84,72.03,23.83,23.97,24.2,24.36,24.64,0.82,0.69,0.71,0.77,0.87
3/1/2022 20:30,0.648,-99,1.28,1572,47.4,82.45,75.76,-4.70433,72.38,76.36,76.3,74.74,71.88,23.55,23.77,23.96,24.07,24.39,0.8,0.7,0.71,0.76,0.86
3/1/2022 20:45,0.602,-99,1.19,1574,47.8,82.14,76.95,-4.70433,72.4,75.91,76.27,74.69,71.71,23.3,23.6,23.72,23.82,24.17,0.79,0.7,0.7,0.75,0.85
3/1/2022 21:00,0.577,-99,1.14,1572,47.8,81.23,77.27,-4.539958,72.98,75.69,76.02,74.66,71.53,23,23.48,23.54,23.59,23.99,0.76,0.7,0.7,0.74,0.85
3/1/2022 21:15,0.617,-99,1.22,1573,48,79.73,76.28,-4.70433,73.55,76.6,68.2,70.78,67.26,22.67,23.36,25.44,24.52,25.05,0.73,0.67,1.03,0.9,1.04
3/1/2022 21:30,0.612,-99,1.21,1573,47.5,79.37,75.93,-4.539958,73.57,75.49,64.65,66.91,63.36,22.71,23.66,26.27,25.47,26.03,0.73,0.72,1.21,1.08,1.23
3/1/2022 21:45,0.607,-99,1.2,1573,47.8,79.37,75.57,-4.70433,72.83,74.3,63.63,65.48,62.06,22.87,23.95,26.52,25.78,26.35,0.76,0.76,1.26,1.15,1.3
3/1/2022 22:00,0.587,-99,1.16,1573,47.5,79.2,75.4,-4.868703,72.12,73.53,64.06,65.17,61.74,23.01,24.1,26.37,25.77,26.37,0.78,0.79,1.23,1.15,1.31
3/1/2022 22:15,0.587,-99,1.16,1573,47.9,79.63,75.42,-4.868703,71.66,73.04,64.1,64.98,61.69,23.05,24.19,26.31,25.77,26.35,0.8,0.81,1.23,1.16,1.31
3/1/2022 22:30,0.587,-99,1.16,1573,47.7,79.66,75.47,-4.70433,71.43,72.69,63.76,64.69,61.5,23.12,24.21,26.36,25.8,26.35,0.81,0.83,1.24,1.17,1.32
3/1/2022 22:45,0.557,-99,1.1,1573,47.7,79.32,75.88,-4.539958,71.1,72.38,63.17,64.36,61.17,23.16,24.25,26.49,25.83,26.39,0.82,0.84,1.27,1.19,1.34
3/1/2022 23:00,0.582,-99,1.15,1574,47.8,79.42,75.62,-4.70433,70.95,72.15,63,64.14,60.94,23.18,24.3,26.5,25.86,26.43,0.83,0.85,1.28,1.2,1.35
3/1/2022 23:15,0.531,-99,1.05,1574,47.3,79.63,75.81,-4.70433,70.73,71.97,62.6,63.94,60.75,23.16,24.3,26.57,25.9,26.44,0.83,0.85,1.3,1.2,1.35
3/1/2022 23:30,0.531,-99,1.05,1574,47.3,79.61,75.78,-4.375585,70.46,71.79,62.6,63.7,60.53,23.21,24.33,26.54,25.92,26.48,0.84,0.86,1.3,1.21,1.36
3/1/2022 23:45,0.531,-99,1.05,1573,47.9,79.56,75.74,-4.539958,70.23,71.58,62.31,63.57,60.37,23.24,24.33,26.58,25.93,26.49,0.85,0.86,1.31,1.22,1.37
3/2/2022 0:00,0.557,-99,1.1,1574,48,79.27,75.85,-4.868703,70.07,71.39,62.14,63.41,60.26,23.21,24.35,26.58,25.9,26.49,0.85,0.87,1.32,1.22,1.38
3/2/2022 0:15,0.531,-99,1.05,1573,47.8,79.27,75.85,-4.70433,69.78,71.26,62.05,63.16,59.96,23.25,24.32,26.57,25.92,26.51,0.86,0.87,1.32,1.23,1.39
3/2/2022 0:30,0.506,-99,1, ,47.8,79.15,76.09,-4.868703,69.59,71.1,61.56,62.93,59.71,23.21,24.32,26.62,25.94,26.49,0.87,0.88,1.34,1.24,1.39
3/2/2022 0:45,0.506,-99,1,1574,47.5,79.32,76.26,-4.868703,69.37,70.86,61.44,62.71,59.65,23.2,24.31,26.6,25.91,26.45,0.87,0.89,1.34,1.25,1.39
3/2/2022 1:00,0.531,-99,1.05,1573,47.3,79.63,75.81,-4.211213,69.2,70.73,61.28,62.53,59.37,23.19,24.29,26.59,25.92,26.47,0.88,0.89,1.35,1.25,1.4
3/2/2022 1:15,0.506,-99,1,1573,47.5,79.15,76.12,-4.539958,69.12,70.57,61.2,62.37,59.26,23.19,24.3,26.58,25.92,26.47,0.88,0.89,1.35,1.26,1.41
3/2/2022 1:30,0.506,-99,1,1574,47.8,79.3,75.88,-4.868703,69.08,70.57,61.19,62.33,59.19,23.17,24.3,26.57,25.92,26.47,0.88,0.89,1.35,1.26,1.41
3/2/2022 1:45,0.481,-99,0.95,1574,48,79.08,76.02,-4.70433,68.9,70.48,60.93,62.17,59.04,23.21,24.28,26.62,25.95,26.49,0.88,0.9,1.36,1.27,1.42
3/2/2022 2:00,0.531,-99,1.05,1574,47.8,79.63,75.81,-4.868703,68.71,70.3,60.88,62.06,58.93,23.22,24.3,26.57,25.9,26.47,0.89,0.9,1.36,1.27,1.42
3/2/2022 2:15,0.481,-99,0.95,1575,47.5,78.99,76.31,-4.375585,68.65,70.15,60.76,61.97,58.8,23.17,24.25,26.55,25.87,26.46,0.89,0.9,1.36,1.27,1.42
3/2/2022 2:30,0.506,-99,1,1574,48.1,79.34,76.28,-4.70433,68.45,69.93,60.17,61.66,58.61,23.15,24.26,26.67,25.89,26.46,0.89,0.91,1.39,1.28,1.43
3/2/2022 2:45,0.506,-99,1,1574,48,79.32,76.26,-4.539958,68.25,69.84,59.97,61.4,58.41,23.14,24.22,26.64,25.89,26.42,0.9,0.91,1.4,1.29,1.43
3/2/2022 3:00,0.481,-99,0.95,1575,47.8,79.37,76.31,-4.211213,68.12,69.58,60.12,61.31,58.26,23.09,24.19,26.54,25.86,26.41,0.9,0.92,1.38,1.29,1.44
3/2/2022 3:15,0.481,-99,0.95,1574,47.9,79.15,76.48,-4.539958,68.07,69.6,59.97,61.14,58.13,23.08,24.17,26.57,25.88,26.41,0.9,0.92,1.39,1.3,1.44
3/2/2022 3:30,0.481,-99,0.95,1574,47.3,80.92,76.24,-4.539958,68.14,69.55,59.83,60.94,57.99,23.03,24.14,26.55,25.9,26.41,0.9,0.92,1.39,1.31,1.45
3/2/2022 3:45,0.481,-99,0.95,1574,47.8,79.2,75.76,-4.539958,67.89,69.39,59.55,60.78,57.87,23.02,24.12,26.57,25.88,26.38,0.9,0.92,1.41,1.31,1.45
3/2/2022 4:00,0.481,-99,0.95,1574,47.5,79.58,76.12,-4.868703,67.8,69.44,59.26,60.72,57.86,23.03,24.1,26.61,25.85,26.35,0.91,0.92,1.42,1.31,1.45
3/2/2022 4:15,0.506,-99,1,1574,47.5,78.99,76.31,-4.539958,67.8,69.41,59.57,60.68,57.61,22.99,24.07,26.5,25.84,26.38,0.9,0.92,1.4,1.31,1.46
3/2/2022 4:30,0.506,-99,1,1575,47.9,78.72,75.71,-5.197448,67.78,69.28,59.17,60.51,57.64,22.98,24.08,26.59,25.86,26.35,0.9,0.92,1.42,1.32,1.45
3/2/2022 4:45,0.531,-99,1.05,1575,47.8,78.96,75.93,-5.033075,67.67,69.24,59.28,60.37,57.42,22.95,24.05,26.52,25.85,26.38,0.91,0.92,1.41,1.32,1.46
3/2/2022 5:00,0.506,-99,1,1575,47.7,78.87,75.83,-4.70433,67.54,69.25,59.13,60.29,57.46,22.96,24.02,26.55,25.85,26.34,0.91,0.92,1.42,1.32,1.46
3/2/2022 5:15,0.531,-99,1.05,1574,47.5,79.06,75.64,-4.70433,67.56,69.32,58.94,60.2,57.31,22.93,23.98,26.55,25.86,26.35,0.91,0.91,1.43,1.33,1.46
3/2/2022 5:30,0.506,-99,1,1575,47.8,78.65,75.64,-4.868703,67.64,69.25,58.95,60.15,57.35,22.92,24.01,26.57,25.88,26.35,0.9,0.92,1.43,1.33,1.46
3/2/2022 5:45,0.557,-99,1.1,1575,47.8,79.23,75.78,-4.70433,67.75,69.33,58.87,60.05,57.23,22.94,24,26.62,25.91,26.4,0.9,0.92,1.43,1.34,1.47
3/2/2022 6:00,0.557,-99,1.1,1575,47.7,79.15,75.38,-4.70433,67.57,69.36,58.78,60,57.22,22.95,23.98,26.61,25.9,26.39,0.91,0.91,1.44,1.34,1.47
3/2/2022 6:15,0.557,-99,1.1,1574,47.3,78.91,75.52,-4.868703,67.48,69.5,58.7,59.95,57.16,22.95,23.93,26.6,25.89,26.37,0.91,0.91,1.44,1.34,1.47
3/2/2022 6:30,0.557,-99,1.1, ,47.9,78.89,75.5,-4.211213,67.49,69.52,58.8,60.09,57.27,22.94,23.92,26.56,25.84,26.33,0.91,0.91,1.43,1.33,1.46
3/2/2022 6:45,0.557,-99,1.1,1574,48,78.89,75.47,-2.403116,67.71,69.49,59.03,60.28,57.41,22.92,23.97,26.59,25.85,26.35,0.9,0.91,1.43,1.32,1.46
3/2/2022 7:00,0.602,-99,1.19,1575,47.4,78.58,74.85,6.472998,67.82,69.43,58.94,60.38,57.49,22.98,24.03,26.66,25.87,26.38,0.9,0.91,1.43,1.32,1.46
3/2/2022 7:15,0.972,-99,1.92,1575,47.5,76.21,71.34,29.485145,62.7,64.83,61.82,61.21,57.44,24.59,25.56,26.16,25.89,26.67,1.15,1.15,1.3,1.3,1.49
3/2/2022 7:30,1.336,-99,2.64,1574,47.8,74.47,67.37,46.415509,56.99,65.22,64.69,62.08,57.32,26.32,26,25.97,26.19,27.21,1.47,1.17,1.18,1.29,1.54
3/2/2022 7:45,1.579,-99,3.12,1572,47.9,73.77,64.79,64.660854,56.81,67.23,66.06,62.7,57.7,26.86,26.1,26.28,26.62,27.73,1.53,1.11,1.16,1.3,1.57
3/2/2022 8:00,1.787,-99,3.53,1572,47.8,73.63,63.04,87.837373,58.78,68.47,66.87,63.28,59.98,26.96,26.3,26.58,27.08,28.45,1.47,1.08,1.15,1.32,1.55
3/2/2022 8:15,1.994,-99,3.94,1571,47.7,74.13,61.13,113.972597,61.32,70.01,67.96,65.08,64.94,26.86,26.42,26.83,27.25,29.61,1.37,1.03,1.13,1.26,1.45
3/2/2022 8:30,2.207,-99,4.36,1570,47.8,72.7,59.38,138.628468,63.32,71.94,69.09,66.96,64.65,26.85,26.41,27.03,27.43,31.1,1.3,0.97,1.1,1.21,1.6
3/2/2022 8:45,2.303,-99,4.55,1571,47.4,71.96,58.16,168.379886,65.13,73.56,69.83,68.78,62.01,26.86,26.49,27.36,27.65,32.28,1.23,0.91,1.1,1.16,1.84
3/2/2022 9:00,2.399,-99,4.74,1570,47.7,73.08,57.57,291.987987,66.88,74.63,70.51,70.5,59.88,26.84,26.58,27.61,27.96,33.01,1.17,0.88,1.09,1.11,2.02
3/2/2022 9:15,2.561,-99,5.06,1570,47.4,73.27,57.23,351.98394,67.6,75.19,71.84,69.77,58.95,26.74,26.56,27.55,28.48,33.34,1.14,0.86,1.04,1.17,2.1
3/2/2022 9:30,2.612,-99,5.16,1570,47.7,73.66,56.8,376.475439,68.45,75.72,72.61,67.69,60.51,26.65,26.52,27.51,29.21,33.54,1.1,0.84,1.01,1.31,2.05
3/2/2022 9:45,2.708,-99,5.35,1570,47.7,73.89,56.3,314.671389,69.22,76.27,73.42,66.4,58.94,26.67,26.54,27.6,29.88,34.61,1.08,0.82,0.98,1.42,2.26
3/2/2022 10:00,2.743,-99,5.42,1569,47.1,74.61,55.87,286.23495,70.16,77.08,74.24,66.15,55.71,26.71,26.61,27.71,30.28,36.03,1.05,0.8,0.96,1.46,2.64
3/2/2022 10:15,2.763,-99,5.46,1569,47.7,74.42,55.56,331.108636,71.77,78.56,75.05,66.63,54.58,26.57,26.49,27.83,30.69,37.22,0.98,0.74,0.93,1.47,2.88
3/2/2022 10:30,2.814,-99,5.56,1567,47.4,74.85,55.41,460.962891,73.08,79.6,75.32,67.16,53.14,26.51,26.43,27.97,30.94,37.9,0.93,0.7,0.93,1.47,3.09
3/2/2022 10:45,2.809,-99,5.55,1566,47.2,75.4,55.51,498.111071,74.39,80.9,76.21,67.98,54.41,26.39,26.3,27.98,31.27,37.57,0.88,0.65,0.9,1.46,2.95
3/2/2022 11:00,2.789,-99,5.51,1565,47.8,75.02,55.7,448.141838,75.75,82.4,77.25,68.91,54.8,26.27,26.13,27.94,31.56,37.26,0.83,0.6,0.86,1.44,2.88
3/2/2022 11:15,2.789,-99,5.51,1565,47.4,75.42,55.73,780.831728,76.38,83.6,78.3,69.65,55.71,26.36,26.05,27.91,31.78,37.19,0.81,0.55,0.82,1.43,2.81
3/2/2022 11:30,2.738,-99,5.41,1564,47.4,75.83,56.2,1088.865746,77.51,84.3,79.29,70.69,56.2,26.25,26.06,27.91,31.97,37.03,0.77,0.53,0.78,1.39,2.75
3/2/2022 11:45,2.718,-99,5.37,1564,47.3,74.99,56.32,1133.739432,78.59,85.2,79.9,71.23,57.7,26.17,25.97,27.92,32.16,36.81,0.73,0.5,0.76,1.38,2.63
3/2/2022 12:00,2.687,-99,5.31,1564,47.1,75.64,56.47,916.43902,79.11,85.8,80.4,71.83,57.95,26.18,25.98,27.94,32.3,36.77,0.71,0.48,0.74,1.36,2.61
3/2/2022 12:15,2.652,-99,5.24,1563,47.5,75.64,56.92,1257.676278,80.1,86.5,81.1,72.33,58.32,26.06,25.93,27.98,32.5,36.54,0.67,0.45,0.71,1.35,2.55
3/2/2022 12:30,2.566,-99,5.07, ,47.5,75.71,57.42,1210.501377,81,87.2,81.7,72.4,59.06,25.99,25.86,27.95,32.67,36.12,0.64,0.43,0.69,1.36,2.45
3/2/2022 12:45,2.5,-99,4.94,1563,47.4,76.19,57.95,1021.637404,81.6,87.8,82.4,72.52,61.03,25.95,25.8,27.89,32.75,35.51,0.62,0.41,0.66,1.36,2.25
3/2/2022 13:00,2.45,-99,4.84,1563,47.8,76.17,58.62,858.415536,82,88.2,82.8,73.1,63.24,25.92,25.75,27.86,32.84,34.9,0.6,0.39,0.64,1.34,2.06
3/2/2022 13:15,2.328,-99,4.6,1563,47.7,75.76,59.31,457.182324,82.5,88.6,83.1,73.56,64.43,25.89,25.75,27.88,32.99,34.58,0.58,0.38,0.63,1.33,1.95
3/2/2022 13:30,2.217,-99,4.38,1563,47.1,76,59.91,523.424432,82.9,89,83.6,73.6,66.54,25.85,25.71,27.9,33.12,34.07,0.57,0.36,0.62,1.34,1.79
3/2/2022 13:45,2.146,-99,4.24,1563,47.3,76.28,60.63,428.252769,83.2,89.3,83.7,73.84,68.46,25.85,25.71,27.92,33.19,33.56,0.56,0.35,0.61,1.33,1.64
3/2/2022 14:00,2.03,-99,4.01,1562,47.5,76.6,61.56,468.359653,83.3,89.5,83.9,74.21,69.97,25.87,25.71,27.97,33.12,33.27,0.56,0.35,0.61,1.31,1.53
3/2/2022 14:15,1.938,-99,3.83,1562,47.8,76.81,62.47,390.611472,83.4,89.3,83.6,74.06,70.89,25.85,25.72,27.98,33.09,32.94,0.55,0.35,0.62,1.31,1.46
3/2/2022 14:30,1.802,-99,3.56,1563,47.4,77.31,63.61,923.507036,83.3,89.3,83.5,74.11,71.79,25.87,25.71,27.96,32.94,32.61,0.56,0.35,0.62,1.3,1.39
3/2/2022 14:45,1.63,-99,3.22,1563,47.7,77.15,64.83,913.315943,83.3,89.2,83.7,74.09,72.51,25.86,25.72,27.91,32.86,32.36,0.56,0.36,0.61,1.29,1.33
3/2/2022 15:00,1.508,-99,2.98,1563,47.4,77.74,65.89,458.332932,83.5,89.3,84.2,73.46,72.85,25.8,25.7,27.79,32.96,32.23,0.55,0.35,0.59,1.33,1.31
3/2/2022 15:15,1.392,-99,2.75,1563,47.5,77.22,66.63,266.181509,83.6,89.6,84.4,72.54,73.39,25.77,25.61,27.69,32.99,32,0.54,0.34,0.58,1.38,1.27
3/2/2022 15:30,1.346,-99,2.66,1563,47.2,77.48,67.39,255.990415,83.7,89.7,84.7,72.7,73.54,25.78,25.6,27.59,32.83,31.85,0.54,0.34,0.56,1.36,1.25
3/2/2022 15:45,1.275,-99,2.52,1564,47.4,77.84,67.94,627.965326,83.8,89.7,84.9,73.5,73.88,25.73,25.54,27.51,32.44,31.63,0.54,0.34,0.55,1.29,1.22
3/2/2022 16:00,1.255,-99,2.48,1564,47.2,77.89,68.3,196.323207,83.9,89.9,85.1,74.2,74.19,25.68,25.49,27.37,32.05,31.39,0.53,0.33,0.54,1.23,1.19
3/2/2022 16:15,1.184,-99,2.34,1563,47.5,77.86,68.9,230.348309,83.9,90.2,85.4,74.77,74.03,25.69,25.4,27.29,31.7,31.22,0.53,0.32,0.53,1.18,1.18
3/2/2022 16:30,1.134,-99,2.24,1563,47.5,78.15,69.47,530.821193,83.9,90.3,85.4,75.35,74.44,25.65,25.33,27.21,31.4,30.99,0.53,0.31,0.53,1.13,1.15
3/2/2022 16:45,1.063,-99,2.1,1563,47.2,78.39,69.97,431.211473,83.8,90.3,85.5,75.9,74.5,25.66,25.28,27.15,31.1,30.78,0.53,0.31,0.52,1.09,1.13
3/2/2022 17:00,1.068,-99,2.11,1564,47,78.32,70.21,321.246288,83.5,90.2,85.3,76.23,74.77,25.61,25.23,27.1,30.68,30.43,0.54,0.31,0.53,1.05,1.1
3/2/2022 17:15,0.962,-99,1.9,1563,47.4,78.01,70.6,147.011464,82.2,89.8,85.3,76.72,74.53,25.65,25.24,27.22,30.21,30.16,0.59,0.33,0.53,1,1.09
3/2/2022 17:30,0.921,-99,1.82,1564,47.8,79.15,71.55,86.029276,80.4,88.6,83.5,77.32,75.02,25.77,25.32,27.43,29.69,29.66,0.65,0.37,0.6,0.95,1.04
3/2/2022 17:45,0.876,-99,1.73,1564,47.4,79.63,71.98,65.975834,78.41,87.1,81.9,76.85,75.06,25.83,25.32,27.39,29.12,28.98,0.72,0.42,0.66,0.93,1
3/2/2022 18:00,0.906,-99,1.79,1564,47.3,79.11,72.2,20.115913,76.45,85.7,81.7,76.49,74.92,25.82,25.25,27.15,28.36,28.19,0.78,0.46,0.66,0.91,0.96
3/2/2022 18:15,0.881,-99,1.74,1565,47.4,79.68,72.68,4.007411,75.87,85.4,78.56,73.96,71.28,25.74,25.27,27.01,27.76,27.94,0.8,0.47,0.76,0.97,1.08
3/2/2022 18:30,0.835,-99,1.65, ,47.3,79.94,72.91,-3.718095,73.83,82.2,75.61,71.89,69.26,25.7,25.35,27.03,27.54,27.79,0.86,0.58,0.87,1.03,1.15
3/2/2022 18:45,0.81,-99,1.6,1564,47.1,80.06,73.34,-4.868703,71.88,80,73.82,70.19,68.04,25.67,25.32,26.88,27.38,27.56,0.93,0.65,0.93,1.09,1.18
3/2/2022 19:00,0.759,-99,1.5,1564,47.4,79.42,73.49,-4.868703,69.81,78.31,72.55,69.07,66.54,25.77,25.33,26.75,27.2,27.51,1,0.7,0.96,1.12,1.23
3/2/2022 19:15,0.759,-99,1.5,1564,47.7,79.61,73.63,-4.211213,67.76,76.7,71.13,67.71,64.72,25.94,25.39,26.7,27.17,27.6,1.08,0.76,1.01,1.16,1.3
3/2/2022 19:30,0.734,-99,1.45,1564,47.4,79.61,73.99,-4.70433,66.07,75.39,69.32,66.17,63.42,26.13,25.46,26.79,27.18,27.61,1.15,0.8,1.08,1.22,1.35
3/2/2022 19:45,0.704,-99,1.39,1564,47.4,78.91,73.75,-4.70433,67.99,76.52,69.72,67.08,64.69,26.31,25.54,26.87,27.16,27.56,1.1,0.77,1.07,1.18,1.3
3/2/2022 20:00,0.653,-99,1.29,1565,47.2,78.72,73.89,-4.70433,65.91,75.5,69.51,67,64.04,26.5,25.63,26.87,27.08,27.58,1.18,0.81,1.08,1.18,1.33
3/2/2022 20:15,0.678,-99,1.34,1565,47.1,78.89,74.06,-4.70433,64.56,74.69,69.61,66.61,63.41,26.61,25.64,26.69,26.99,27.54,1.23,0.83,1.06,1.19,1.35
3/2/2022 20:30,0.628,-99,1.24,1566,47.4,78.72,74.25,-4.539958,63.77,74.07,69.44,66.31,63.03,26.66,25.66,26.56,26.91,27.49,1.27,0.85,1.06,1.19,1.36
3/2/2022 20:45,0.653,-99,1.29,1565,47.4,78.87,74.04,-4.70433,63.05,73.39,68.52,65.79,62.33,26.72,25.7,26.66,26.91,27.57,1.3,0.88,1.1,1.21,1.39
3/2/2022 21:00,0.653,-99,1.29,1565,47.1,78.32,73.89,-4.375585,62.31,72.6,67.72,65.08,61.62,26.78,25.79,26.75,26.98,27.63,1.33,0.91,1.13,1.24,1.42
3/2/2022 21:15,0.628,-99,1.24,1565,47.3,78.6,74.13,-4.539958,61.59,71.61,66.68,64.36,60.82,26.86,25.9,26.84,27.03,27.73,1.36,0.95,1.18,1.27,1.46
3/2/2022 21:30,0.602,-99,1.19,1565,47.5,78.65,74.21,-4.539958,60.97,71.5,66.42,63.82,60.68,26.82,25.76,26.77,26.98,27.56,1.38,0.94,1.18,1.29,1.45
3/2/2022 21:45,0.602,-99,1.19,1566,47.5,78.89,74.42,-4.539958,60.95,71.8,65.83,63.77,60.72,26.67,25.53,26.72,26.83,27.39,1.37,0.92,1.2,1.28,1.43
3/2/2022 22:00,0.602,-99,1.19,1565,47.1,78.75,74.64,-4.70433,60.68,71.53,66.12,63.67,60.37,26.63,25.51,26.59,26.79,27.4,1.37,0.93,1.18,1.28,1.45
3/2/2022 22:15,0.577,-99,1.14,1566,47.3,78.46,74.75,-4.539958,60.25,71.25,66.17,63.53,60.12,26.68,25.53,26.54,26.78,27.43,1.39,0.94,1.17,1.28,1.46
3/2/2022 22:30,0.552,-99,1.09,1567,47.4,78.34,74.28,-4.868703,59.88,71.12,65.98,63.22,59.93,26.75,25.55,26.57,26.82,27.46,1.41,0.95,1.18,1.3,1.47
3/2/2022 22:45,0.552,-99,1.09,1566,47.4,77.84,74.16,-4.868703,59.73,70.93,66.2,63.25,59.8,26.79,25.59,26.55,26.8,27.5,1.42,0.95,1.17,1.29,1.48
3/2/2022 23:00,0.572,-99,1.13,1567,47.8,78.34,74.28,-4.539958,59.58,70.73,66.41,63.24,59.85,26.78,25.63,26.48,26.79,27.45,1.42,0.96,1.16,1.29,1.47
3/2/2022 23:15,0.572,-99,1.13,1567,47.5,77.96,74.28,-4.375585,59.51,70.59,66.4,63.4,59.86,26.78,25.63,26.41,26.72,27.39,1.43,0.97,1.16,1.28,1.46
3/2/2022 23:30,0.552,-99,1.09,1568,47,78.7,74.59,-4.868703,59.39,70.38,66.09,63.38,59.91,26.76,25.63,26.42,26.66,27.33,1.43,0.97,1.17,1.28,1.46
3/2/2022 23:45,0.552,-99,1.09,1568,47.4,77.93,74.59,-4.70433,59.33,70.11,65.71,63.13,59.7,26.72,25.63,26.46,26.67,27.33,1.43,0.98,1.18,1.29,1.46
3/3/2022 0:00,0.526,-99,1.04,1568,47.1,82.84,74.64,-4.70433,59.25,70.16,65.49,63.01,59.4,26.76,25.65,26.52,26.7,27.4,1.43,0.98,1.2,1.3,1.48
3/3/2022 0:15,0.557,-99,1.1,1571,47.3,88.43,78.08,-4.868703,69.49,77.33,73.83,72.36,63.94,25.44,24.88,25.62,25.77,26.95,0.99,0.71,0.86,0.92,1.28
3/3/2022 0:30,0.521,-99,1.03, ,47.3,80.64,77.46,-4.868703,79.15,78.77,78.47,75.95,69.28,23.99,25.25,25.13,25.39,26.61,0.62,0.68,0.69,0.78,1.07
3/3/2022 0:45,0.542,-99,1.07,1574,47.1,79.13,76.81,-4.70433,80.7,76.09,77.51,73.73,68.12,23.86,26.03,25.56,26.02,27.04,0.57,0.81,0.74,0.88,1.14
3/3/2022 1:00,0.536,-99,1.06,1574,47.2,80.37,76.48,-4.868703,79.92,74.17,75.24,71.16,66.77,23.92,26.4,25.98,26.45,27.27,0.6,0.89,0.83,1,1.2
3/3/2022 1:15,0.516,-99,1.02,1576,47.7,82.95,77.31,-4.375585,80.3,79.05,78.19,77.8,68.45,23.79,25.4,25.64,25.57,27.02,0.58,0.68,0.72,0.73,1.13
3/3/2022 1:30,0.516,-99,1.02,1577,47.4,79.56,77.22,-4.375585,83.8,78.3,79.79,77.8,70.3,23.3,25.84,25.3,25.43,26.77,0.46,0.72,0.65,0.72,1.04
3/3/2022 1:45,0.511,-99,1.01,1577,47.7,78.7,76.43,-4.375585,84.7,75.85,78.63,75.26,68.78,23.22,26.39,25.6,25.99,27.14,0.44,0.83,0.7,0.83,1.12
3/3/2022 2:00,0.511,-99,1.01,1577,47.3,80.4,76.5,-4.539958,85,74.52,76.73,73.35,67.68,23.22,26.63,25.97,26.34,27.35,0.43,0.89,0.78,0.91,1.18
3/3/2022 2:15,0.511,-99,1.01,1580,48.7,82.12,76.93,-4.70433,84.3,79.17,78.81,78.34,69.14,23.37,25.66,25.68,25.72,27.12,0.45,0.69,0.7,0.72,1.11
3/3/2022 2:30,0.516,-99,1.02,1580,48.5,79.89,76.79,-4.868703,85.2,79.02,80.1,79.99,70.92,23.29,25.87,25.43,25.33,26.86,0.42,0.7,0.65,0.65,1.03
3/3/2022 2:45,0.506,-99,1,1580,48.5,79.27,76.21,-4.868703,85.3,77.07,79.02,77.26,69.5,23.32,26.33,25.74,25.83,27.2,0.42,0.79,0.69,0.76,1.1
3/3/2022 3:00,0.506,-99,1,1581,48.2,79.06,76.02,-4.70433,85,75.94,77.13,74.26,68.15,23.42,26.52,26.07,26.4,27.47,0.43,0.83,0.77,0.89,1.17
3/3/2022 3:15,0.481,-99,0.95,1581,48.1,79.3,76.24,-4.375585,83.8,75.06,75.41,72,67.06,23.55,26.58,26.27,26.68,27.57,0.47,0.87,0.84,0.98,1.21
3/3/2022 3:30,0.481,-99,0.95,1581,47.9,78.68,76.02,-4.375585,82.2,74.27,74.31,70.63,66.41,23.72,26.57,26.38,26.82,27.59,0.52,0.89,0.88,1.04,1.24
3/3/2022 3:45,0.506,-99,1,1582,48.2,78.7,75.69,-4.539958,80.3,73.53,73.07,69.7,65.9,24,26.59,26.5,26.89,27.57,0.59,0.92,0.93,1.07,1.26
3/3/2022 4:00,0.501,-99,0.99,1582,47.9,77.91,75.64,-4.375585,77.33,73.04,72.4,68.79,65.45,24.47,26.61,26.52,26.97,27.6,0.7,0.94,0.96,1.11,1.28
3/3/2022 4:15,0.501,-99,0.99,1582,47.7,78.58,75.57,-4.70433,74.95,73.14,71.56,68.07,64.95,24.86,26.5,26.64,27.06,27.63,0.79,0.93,0.99,1.14,1.3
3/3/2022 4:30,0.501,-99,0.99,1583,48.3,78.25,75.26,-4.868703,73.57,73.02,70.92,67.84,64.75,25.07,26.46,26.71,27.07,27.62,0.84,0.93,1.02,1.15,1.3
3/3/2022 4:45,0.501,-99,0.99,1584,48.2,77.91,75.28,-4.868703,72.24,72.85,70.48,67.61,64.37,25.29,26.45,26.74,27.09,27.67,0.89,0.94,1.04,1.16,1.32
3/3/2022 5:00,0.501,-99,0.99,1584,47.8,77.96,75.35,-4.375585,71.28,73.27,70.08,67.38,64.5,25.48,26.32,26.79,27.07,27.6,0.94,0.92,1.05,1.17,1.31
3/3/2022 5:15,0.501,-99,0.99,1584,47.9,78.44,75.07,-4.70433,70.66,73.37,69.77,66.91,64.31,25.57,26.27,26.85,27.15,27.64,0.96,0.91,1.07,1.19,1.32
3/3/2022 5:30,0.501,-99,0.99,1583,48.2,78.29,75.28,-4.539958,70.08,73.55,69.58,66.82,64.29,25.7,26.17,26.83,27.15,27.57,0.99,0.9,1.07,1.19,1.32
3/3/2022 5:45,0.501,-99,0.99,1583,47.7,77.36,75.52,-4.868703,69.1,73.71,69.57,66.7,64.19,25.85,26.1,26.81,27.12,27.56,1.03,0.89,1.07,1.2,1.32
3/3/2022 6:00,0.526,-99,1.04,1583,47.5,78.2,75.21,-5.033075,68.27,73.39,69.23,66.61,63.95,25.99,26.15,26.82,27.11,27.57,1.07,0.9,1.09,1.2,1.33
3/3/2022 6:15,0.501,-99,0.99, ,47.9,77.93,74.95,-4.539958,67.6,73.14,69.06,66.28,63.6,26.05,26.13,26.82,27.12,27.58,1.09,0.91,1.09,1.21,1.34
3/3/2022 6:30,0.501,-99,0.99,1583,47.4,78.75,75.35,-4.70433,67.16,73.25,69.16,66.36,63.6,26.08,26.04,26.76,27.03,27.53,1.11,0.9,1.08,1.2,1.34
3/3/2022 6:45,0.526,-99,1.04,1583,48,78.68,75.28,-3.553723,66.79,73.37,68.95,66.05,63.41,26.13,25.96,26.76,27.06,27.55,1.12,0.89,1.09,1.21,1.35
3/3/2022 7:00,0.552,-99,1.09,1581,48,78.34,74.99,3.514293,66.58,73.2,69.01,66.01,63.37,26.15,25.99,26.73,27.07,27.52,1.13,0.9,1.09,1.22,1.35
3/3/2022 7:15,0.577,-99,1.14,1582,47.7,78.53,75.16,17.814699,66.51,73.66,68.95,65.88,63.49,26.33,25.93,26.77,27.19,27.62,1.15,0.88,1.09,1.23,1.35
3/3/2022 7:30,0.628,-99,1.24,1582,47.7,78.34,74.64,28.49891,66.29,74.65,69.18,65.72,64.1,26.48,25.81,26.8,27.3,27.59,1.17,0.84,1.09,1.24,1.32
3/3/2022 7:45,0.698,-99,1.38,1580,47.5,78.01,73.63,70.742636,66.86,75.39,69.56,66.03,64.46,26.51,25.8,26.86,27.39,27.64,1.15,0.82,1.08,1.24,1.32
3/3/2022 8:00,0.82,-99,1.62,1581,47.5,77.22,72.58,75.67381,67.65,76.16,70.02,66.57,65.18,26.48,25.83,26.96,27.47,27.69,1.12,0.79,1.07,1.23,1.29
3/3/2022 8:15,0.987,-99,1.95,1580,48,76.55,71.31,91.124823,68.37,77,70.94,66.89,65.71,26.57,25.93,27.11,27.65,27.84,1.1,0.77,1.04,1.23,1.28
3/3/2022 8:30,1.903,-99,3.76,1578,47.7,69.54,61.65,260.264099,69,77.66,71.86,66.43,65.87,26.71,26.14,27.31,28.04,28.34,1.09,0.76,1.02,1.27,1.32
3/3/2022 8:45,2.05,-99,4.05,1577,47.8,68.59,58.71,242.3475,70.62,78.31,71.43,65.69,69.48,27.09,26.76,28.14,28.98,30.99,1.05,0.76,1.09,1.37,1.37
3/3/2022 9:00,1.508,-99,2.98,1577,47.9,78.84,64.14,145.203367,71.12,78.69,71.11,65.92,63.88,27.51,27.27,28.81,29.64,32.9,1.06,0.77,1.14,1.42,1.81
3/3/2022 9:15,1.827,-99,3.61,1577,48.3,78.46,64.43,318.451956,71.06,78.42,66.16,63.12,61.96,26.45,26.35,28.59,29.42,31.66,1,0.74,1.32,1.51,1.77
3/3/2022 9:30,1.837,-99,3.63,1577,47.7,76.79,64.04,158.353165,69.46,77.2,64.82,61.47,60.38,25.99,25.83,28.08,28.76,30.68,1.03,0.76,1.34,1.52,1.75
3/3/2022 9:45,1.756,-99,3.47,1576,47.9,77.22,64.09,135.505391,67.95,75.94,64.55,61.58,62.07,26.07,25.91,27.96,28.39,29.94,1.08,0.8,1.34,1.49,1.6
3/3/2022 10:00,2.186,-99,4.32,1575,48.1,75.71,60.96,331.108636,67.57,75.61,64.5,61.92,61.5,26.14,25.93,27.9,28.27,29.85,1.1,0.82,1.33,1.46,1.62
3/3/2022 10:15,2.465,-99,4.87,1574,47.4,74.06,58.67,414.281108,67.79,75.51,64.59,62.22,61.99,26.2,26.02,27.98,28.52,30.72,1.1,0.82,1.34,1.47,1.68
3/3/2022 10:30,2.475,-99,4.89,1573,48,75.81,57.71,347.052766,68.7,75.86,64.47,61.83,59.6,26.28,26.17,28.23,29.08,32.16,1.07,0.82,1.36,1.54,1.94
3/3/2022 10:45,2.48,-99,4.9,1571,48,75.47,58.64,326.506207,70.49,76.88,65.21,61.74,57.99,26.17,26.2,28.33,29.5,32.5,1,0.79,1.34,1.58,2.05
3/3/2022 11:00,2.935,-99,5.8,1571,47.4,75.35,55.68,549.724028,71.68,78.12,65.99,62.14,58.79,26.06,26.09,28.38,29.63,32.42,0.96,0.74,1.31,1.57,2.01
3/3/2022 11:15,3.006,-99,5.94,1569,48,75.16,55.18,905.754809,72.27,78.28,69.82,69.26,59.41,26.03,26.07,28.45,30.1,33.66,0.93,0.73,1.17,1.31,2.12
3/3/2022 11:30,3.006,-99,5.94,1569,47.8,75.35,54.84,1076.209065,74.7,80.8,73.29,72.29,60.03,26.06,26,28.32,30.73,34.43,0.85,0.65,1.03,1.23,2.18
3/3/2022 11:45,2.814,-99,5.56,1568,48,76.17,56.39,438.443862,76.6,82.9,76.25,73.28,60.15,26.06,25.93,28.16,31.37,34.83,0.79,0.57,0.91,1.23,2.22
3/3/2022 12:00,2.885,-99,5.7,1566,47.5,75.26,55.61,822.089219,78.09,84.4,78.29,73.15,61.63,26.02,25.84,27.96,31.75,34.45,0.74,0.52,0.82,1.26,2.09
3/3/2022 12:15,2.799,-99,5.53, ,47.8,75.69,56.3,1281.181542,78.99,85.2,79.2,73.15,62.46,25.97,25.82,28,32.11,34.39,0.7,0.49,0.79,1.28,2.04
3/3/2022 12:30,2.703,-99,5.34,1565,47.8,75.35,56.75,1227.102997,79.98,86.3,80.1,73.48,63.98,25.98,25.78,28.05,32.33,34.19,0.67,0.45,0.75,1.28,1.94
3/3/2022 12:45,2.632,-99,5.2,1564,47.5,76.12,57.45,859.894888,80.4,86.9,80.7,73.77,65.37,26.1,25.83,28.1,32.56,34.06,0.66,0.44,0.73,1.29,1.85
3/3/2022 13:00,2.571,-99,5.08,1565,47.8,76.05,58.07,886.523229,80.5,87.3,81.3,74.17,66.42,26.03,25.72,28.12,32.63,33.88,0.66,0.42,0.71,1.27,1.77
3/3/2022 13:15,2.409,-99,4.76,1565,47.2,76.98,59.14,470.496495,81.5,88.1,81.8,74.72,67.55,25.85,25.59,28.08,32.73,33.72,0.62,0.39,0.69,1.25,1.7
3/3/2022 13:30,2.369,-99,4.68,1564,47.9,76.12,59.53,602.816337,82.2,88.6,82.2,74.53,69.42,25.74,25.53,28.04,32.82,33.23,0.59,0.37,0.67,1.27,1.56
3/3/2022 13:45,2.237,-99,4.42,1565,47.5,76.38,60.41,439.923215,82.6,88.9,82.5,74.69,70.92,25.75,25.53,28.11,32.83,32.88,0.58,0.36,0.67,1.26,1.45
3/3/2022 14:00,2.1,-99,4.15,1564,47.9,76.91,61.53,417.73293,82.7,89,82.4,75.1,71.91,25.74,25.5,28.15,32.68,32.62,0.57,0.36,0.67,1.23,1.38
3/3/2022 14:15,1.949,-99,3.85,1564,47.5,77.19,62.73,405.240622,82.7,89.1,82.1,75.27,72.76,25.75,25.51,28.16,32.59,32.34,0.57,0.36,0.68,1.22,1.32
3/3/2022 14:30,1.756,-99,3.47,1564,47.4,77.05,63.95,425.458437,82.6,89.1,82.3,75.14,73.43,25.86,25.52,28.07,32.52,32.1,0.58,0.36,0.67,1.22,1.27
3/3/2022 14:45,1.64,-99,3.24,1565,47.9,77.31,65.26,879.126468,82.5,89.3,82.3,74.94,74.16,25.91,25.49,28.04,32.46,31.85,0.59,0.35,0.67,1.22,1.22
3/3/2022 15:00,1.463,-99,2.89,1564,47.8,77.17,66.27,426.773417,82.7,89.4,82.9,74.31,74.34,25.91,25.48,27.84,32.4,31.64,0.58,0.35,0.64,1.25,1.2
3/3/2022 15:15,1.392,-99,2.75,1565,47.9,77.34,66.72,295.932927,82.8,89.6,83.3,73.66,74.8,25.91,25.5,27.75,32.5,31.48,0.58,0.34,0.62,1.29,1.16
3/3/2022 15:30,1.351,-99,2.67,1565,47.9,78.44,67.85,161.311869,82.9,89.7,83.6,73.86,74.83,25.9,25.47,27.7,32.42,31.47,0.57,0.34,0.61,1.27,1.16
3/3/2022 15:45,1.311,-99,2.59,1565,47.9,77.58,68.06,483.317548,82.9,89.8,83.8,74.54,75.14,25.81,25.34,27.49,31.73,30.92,0.57,0.33,0.59,1.19,1.11
3/3/2022 16:00,1.24,-99,2.45,1566,47.7,78.84,68.78,149.805796,82.8,89.9,84.2,75.74,75.64,25.75,25.25,27.35,31.3,30.69,0.57,0.32,0.57,1.11,1.08
3/3/2022 16:15,1.22,-99,2.41,1566,47.5,79.42,69.18,193.035757,82.7,89.7,84,75.42,75.41,25.62,25.13,27.15,30.56,29.97,0.57,0.33,0.58,1.08,1.04
3/3/2022 16:30,1.205,-99,2.38,1565,47.7,79.58,69.97,139.779075,82.2,89.3,83.7,77.03,76.36,25.51,24.98,26.91,29.38,29.04,0.58,0.34,0.58,0.94,0.95
3/3/2022 16:45,1.129,-99,2.23,1566,47.2,78.91,70.4,333.902968,80.9,88.2,82.9,78.35,76.46,25.41,24.89,26.7,28.39,28.32,0.62,0.37,0.6,0.84,0.91
3/3/2022 17:00,1.093,-99,2.16,1566,47.3,78.39,70.26,271.112683,79.4,86.9,82,78.97,76.38,25.42,24.95,26.61,27.84,27.97,0.67,0.41,0.63,0.79,0.89
3/3/2022 17:15,0.992,-99,1.96,1565,47.8,78.44,70.95,72.715105,76.99,85.5,82.3,77.97,75.77,25.47,25.05,26.75,27.77,27.76,0.75,0.46,0.62,0.82,0.9
3/3/2022 17:30,0.921,-99,1.82,1566,47.9,78.82,71.62,44.44304,76.52,84.9,80.6,77.3,76.48,25.52,25.1,26.85,27.47,27.19,0.77,0.48,0.69,0.83,0.85
3/3/2022 17:45,0.896,-99,1.77,1565,47.7,79.15,71.91,23.89648,76.01,85,80.2,78.04,77.24,25.54,25.07,26.61,26.94,26.74,0.78,0.48,0.69,0.78,0.8
3/3/2022 18:00,0.906,-99,1.79, ,47.5,79.56,72.24,10.746682,75.42,84.9,80.3,78.48,77.43,25.55,24.95,26.27,26.5,26.35,0.8,0.48,0.67,0.75,0.77
3/3/2022 18:15,0.881,-99,1.74,1564,47.9,78.75,72.22,2.034941,76.45,84.6,79,76.62,74.68,25.57,24.92,26.13,26.4,26.61,0.77,0.49,0.71,0.8,0.88
3/3/2022 18:30,0.805,-99,1.59,1566,47.5,81.07,72.79,-3.38935,75.07,82.3,77.33,74.13,71.73,25.68,25.21,26.35,26.79,27.09,0.82,0.57,0.78,0.91,1.01
3/3/2022 18:45,0.754,-99,1.49,1566,47.5,79.23,73.32,-4.868703,73.24,80.5,75.78,72.33,70.14,25.88,25.37,26.47,26.9,27.15,0.89,0.63,0.84,0.98,1.07
3/3/2022 19:00,0.749,-99,1.48,1565,47.9,78.51,73.37,-4.70433,71.44,79.29,74.43,71.09,69.01,26.03,25.4,26.47,26.9,27.16,0.96,0.67,0.88,1.02,1.12
3/3/2022 19:15,0.729,-99,1.44,1566,47.3,79.87,73.51,-4.868703,69.95,78.36,73.74,70.23,68.03,26.09,25.41,26.43,26.84,27.13,1.02,0.7,0.91,1.05,1.15
3/3/2022 19:30,0.704,-99,1.39,1565,47.4,77.96,73.58,-4.868703,68.73,77.38,72.84,69.54,67.22,26.13,25.42,26.4,26.78,27.11,1.06,0.73,0.93,1.07,1.18
3/3/2022 19:45,0.673,-99,1.33,1566,47.5,78.34,73.56,-4.539958,67.77,76.7,72.26,68.88,66.35,26.17,25.46,26.37,26.8,27.18,1.09,0.76,0.95,1.1,1.21
3/3/2022 20:00,0.653,-99,1.29,1566,48,78.32,73.89,-4.70433,67.15,76.28,71.87,68.41,65.87,26.23,25.47,26.37,26.8,27.19,1.12,0.77,0.97,1.11,1.23
3/3/2022 20:15,0.623,-99,1.23,1566,47.5,78.41,73.99,-4.70433,66.54,75.77,71.44,67.99,65.42,26.27,25.5,26.39,26.79,27.21,1.14,0.79,0.98,1.13,1.25
3/3/2022 20:30,0.602,-99,1.19,1566,47.8,78.77,74.3,-4.375585,65.96,75.39,70.97,67.42,65.01,26.33,25.53,26.42,26.84,27.23,1.17,0.8,1,1.15,1.26
3/3/2022 20:45,0.602,-99,1.19,1565,47.8,78.41,74.35,-4.70433,65.5,74.98,70.58,67.41,64.64,26.34,25.55,26.42,26.78,27.23,1.18,0.82,1.01,1.15,1.28
3/3/2022 21:00,0.597,-99,1.18,1566,47.7,78.48,74.04,-4.70433,65.15,74.7,70.34,67.03,64.35,26.41,25.53,26.41,26.81,27.23,1.2,0.83,1.02,1.16,1.29
3/3/2022 21:15,0.602,-99,1.19,1566,47.5,78.6,74.16,-4.70433,64.68,74.32,70,66.67,63.94,26.41,25.58,26.43,26.81,27.27,1.22,0.84,1.03,1.18,1.31
3/3/2022 21:30,0.577,-99,1.14,1567,47.7,78.89,74.78,-4.539958,64.1,73.87,69.67,66.33,63.56,26.43,25.58,26.39,26.77,27.23,1.24,0.86,1.04,1.18,1.32
3/3/2022 21:45,0.552,-99,1.09,1566,47.3,78.72,74.97,-4.375585,63.48,73.5,69.28,65.94,63.12,26.41,25.53,26.32,26.68,27.18,1.26,0.87,1.05,1.19,1.33
3/3/2022 22:00,0.552,-99,1.09,1566,47.5,79.23,74.71,-4.70433,62.91,73.03,69.03,65.57,62.64,26.43,25.47,26.25,26.66,27.18,1.28,0.88,1.06,1.2,1.35
3/3/2022 22:15,0.526,-99,1.04,1567,47.4,78.41,74.71,-4.539958,62.46,72.55,68.96,65.49,62.32,26.44,25.52,26.2,26.59,27.19,1.3,0.9,1.06,1.2,1.36
3/3/2022 22:30,0.526,-99,1.04,1567,47.4,78.36,74.99,-5.033075,62.23,72.32,68.33,65.12,62.03,26.46,25.53,26.28,26.64,27.21,1.3,0.9,1.08,1.22,1.37
3/3/2022 22:45,0.501,-99,0.99,1568,47.7,79.37,74.83,-4.70433,62.17,72.13,68.24,64.97,61.87,26.48,25.6,26.32,26.68,27.25,1.31,0.91,1.09,1.23,1.38
3/3/2022 23:00,0.501,-99,0.99,1568,47.3,77.72,75.11,-4.70433,62.05,72.07,67.94,64.63,61.62,26.53,25.62,26.39,26.77,27.36,1.32,0.92,1.1,1.24,1.4
3/3/2022 23:15,0.496,-99,0.98,1568,47.4,77.58,74.64,-4.70433,61.82,71.89,67.28,64.31,61.37,26.57,25.66,26.51,26.85,27.41,1.33,0.93,1.13,1.26,1.41
3/3/2022 23:30,0.501,-99,0.99,1569,47.8,78.29,74.95,-4.539958,61.36,71.43,66.75,63.81,61.01,26.61,25.7,26.61,26.93,27.43,1.35,0.94,1.16,1.29,1.43
3/3/2022 23:45,0.501,-99,0.99,1568,47.8,78.39,75.02,-5.033075,61.1,71.12,66.85,63.58,60.63,26.62,25.71,26.53,26.89,27.45,1.36,0.95,1.15,1.29,1.44
3/4/2022 0:00,0.501,-99,0.99, ,47.3,78.1,75.11,-4.70433,60.97,71.1,66.82,63.28,60.51,26.6,25.67,26.5,26.91,27.41,1.36,0.95,1.15,1.3,1.44
3/4/2022 0:15,0.501,-99,0.99,1569,47.8,78.87,75.11,-4.70433,60.86,70.94,66.55,63.24,60.38,26.57,25.66,26.49,26.89,27.41,1.36,0.96,1.16,1.3,1.45
3/4/2022 0:30,0.476,-99,0.94,1568,47.4,78.32,74.95,-4.70433,60.72,70.91,66.31,63.23,60.26,26.57,25.65,26.49,26.84,27.4,1.37,0.96,1.17,1.3,1.45
3/4/2022 0:45,0.501,-99,0.99,1568,47.3,78.36,74.99,-4.539958,60.51,70.67,66.33,63.11,59.99,26.57,25.66,26.49,26.83,27.42,1.37,0.97,1.16,1.3,1.46
3/4/2022 1:00,0.476,-99,0.94,1568,47.7,78.27,74.92,-4.70433,60.12,70.17,65.72,62.77,59.69,26.59,25.68,26.5,26.83,27.43,1.39,0.98,1.19,1.31,1.47
3/4/2022 1:15,0.501,-99,0.99,1569,47.5,78.32,75.3,-4.539958,59.91,69.68,65.47,62.46,59.44,26.55,25.69,26.48,26.78,27.36,1.39,1,1.19,1.32,1.48
3/4/2022 1:30,0.476,-99,0.94,1568,47.7,78.22,75.23,-4.375585,60.07,68.78,64.8,61.89,58.99,26.41,25.77,26.45,26.77,27.35,1.38,1.04,1.22,1.34,1.49
3/4/2022 1:45,0.45,-99,0.89,1569,47.3,78.63,75.26,-4.70433,59.9,68.47,63.91,61.45,58.65,26.32,25.79,26.55,26.78,27.34,1.37,1.05,1.25,1.36,1.5
3/4/2022 2:00,0.476,-99,0.94,1570,47.5,78.87,75.47,-4.375585,59.7,68.05,63.64,61.09,58.37,26.29,25.79,26.58,26.77,27.34,1.38,1.06,1.26,1.37,1.51
3/4/2022 2:15,0.456,-99,0.9,1569,47.4,79.13,76.07,-5.033075,59.52,67.52,63.52,60.62,58.11,26.25,25.85,26.5,26.78,27.32,1.38,1.08,1.26,1.39,1.52
3/4/2022 2:30,0.481,-99,0.95,1569,47.3,79.27,75.83,-4.70433,59.22,67.1,62.65,60.36,57.81,26.21,25.83,26.57,26.75,27.26,1.39,1.09,1.3,1.39,1.53
3/4/2022 2:45,0.481,-99,0.95,1569,47.4,79.3,75.88,-4.868703,59.13,66.49,62.38,60.14,57.52,26.1,25.87,26.55,26.71,27.25,1.38,1.12,1.31,1.4,1.54
3/4/2022 3:00,0.481,-99,0.95,1569,47.2,79.56,76.09,-4.375585,59.08,65.31,61.71,59.57,57.05,26.02,26.11,26.61,26.78,27.27,1.38,1.17,1.33,1.42,1.56
3/4/2022 3:15,0.481,-99,0.95,1571,47.1,79.94,76.09,-5.033075,59.28,64.06,61.34,58.89,56.48,25.97,26.35,26.67,26.88,27.38,1.37,1.23,1.35,1.46,1.59
3/4/2022 3:30,0.481,-99,0.95,1572,47.3,79.99,76.5,-4.868703,59.61,63.28,60.96,58.7,56.35,25.79,26.48,26.68,26.87,27.36,1.34,1.27,1.37,1.46,1.59
3/4/2022 3:45,0.481,-99,0.95,1573,47.4,80.06,76.57,-5.197448,59.68,62.94,60.72,58.39,56.04,25.69,26.51,26.67,26.89,27.36,1.33,1.28,1.37,1.47,1.6
3/4/2022 4:00,0.461,-99,0.91,1571,47.7,79.92,76.81,-4.868703,59.64,62,60.77,58.12,55.7,25.65,26.7,26.62,26.89,27.36,1.33,1.33,1.37,1.48,1.61
3/4/2022 4:15,0.511,-99,1.01,1571,47.4,79.61,76.52,-4.70433,59.94,61.19,60.56,57.87,55.23,25.51,26.83,26.58,26.85,27.41,1.31,1.37,1.37,1.49,1.64
3/4/2022 4:30,0.511,-99,1.01,1572,47.3,79.89,76.4,-4.70433,60.29,60.74,60.43,57.67,55.07,25.4,26.92,26.59,26.85,27.39,1.29,1.39,1.38,1.5,1.64
3/4/2022 4:45,0.511,-99,1.01,1571,47.3,79.7,76.6,-5.033075,61.13,59.74,60.59,57.56,54.67,25.23,27.17,26.55,26.85,27.46,1.25,1.45,1.37,1.5,1.66
3/4/2022 5:00,0.511,-99,1.01,1572,47.7,79.56,76.48,-4.211213,61.89,58.64,60.39,57.48,54.4,25,27.49,26.61,26.88,27.52,1.21,1.52,1.38,1.51,1.68
3/4/2022 5:15,0.511,-99,1.01,1571,47,79.39,76.31,-5.033075,62.2,58.33,60.25,57.27,54.21,24.91,27.56,26.64,26.94,27.54,1.19,1.54,1.39,1.52,1.69
3/4/2022 5:30,0.536,-99,1.06,1571,47.5,79.66,76.21,-4.539958,62.34,57.61,60.05,57.14,53.89,24.86,27.74,26.64,26.95,27.61,1.18,1.58,1.39,1.52,1.7
3/4/2022 5:45,0.536,-99,1.06,1571,47.2,79.94,76.09,-4.70433,62.3,57.75,59.92,56.86,53.84,24.83,27.66,26.67,26.95,27.6,1.18,1.57,1.4,1.53,1.7
3/4/2022 6:00,0.587,-99,1.16, ,47.4,79.51,75.71,-4.70433,62.96,57.84,59.72,56.85,53.81,24.7,27.54,26.61,26.89,27.51,1.15,1.55,1.4,1.53,1.7
3/4/2022 6:15,0.587,-99,1.16,1571,47.7,79.78,75.54,-4.539958,62.05,58.14,59.5,56.4,53.57,24.7,27.27,26.53,26.84,27.43,1.18,1.52,1.4,1.54,1.7
3/4/2022 6:30,0.587,-99,1.16,1571,47.2,80.09,75.85,-4.539958,60.66,57.58,58.92,56.03,53.21,24.83,27.22,26.48,26.81,27.38,1.23,1.53,1.42,1.55,1.71
3/4/2022 6:45,0.612,-99,1.21,1571,47.3,79.39,75.59,-1.416881,59.92,57.5,58.56,55.69,52.79,24.91,27.09,26.48,26.77,27.35,1.26,1.52,1.43,1.56,1.72
3/4/2022 7:00,0.658,-99,1.3,1571,47.4,79.25,75.11,8.774213,59.75,57.24,58.76,55.76,52.77,24.91,27.16,26.38,26.7,27.35,1.27,1.54,1.42,1.55,1.72
3/4/2022 7:15,1.058,-99,2.09,1570,47.7,77.53,71.81,27.019557,57.25,60.81,58.52,55.4,52.81,25.59,26.34,26.51,26.9,27.53,1.4,1.34,1.44,1.58,1.74
3/4/2022 7:30,1.483,-99,2.93,1569,47.8,75.42,67.22,52.168546,54.43,63.85,59.16,55.47,53.1,26.6,25.9,26.68,27.24,27.8,1.59,1.21,1.43,1.61,1.75
3/4/2022 7:45,1.822,-99,3.6,1568,47.2,73.18,62.95,71.235753,54.48,64.98,60.71,55.5,53.13,27.01,26.18,27.08,27.71,28.36,1.62,1.19,1.41,1.65,1.81
3/4/2022 8:00,2.08,-99,4.11,1568,47.4,72.65,61.03,97.699722,55.46,65.5,61.41,55.32,54.96,27.21,26.58,27.43,28.04,28.87,1.61,1.2,1.41,1.69,1.79
3/4/2022 8:15,2.333,-99,4.61,1567,47.2,72.51,58.52,122.519965,56.53,66.27,60.59,56.09,59.1,27.22,26.72,27.71,28.16,29.9,1.57,1.18,1.46,1.68,1.73
3/4/2022 8:30,2.657,-99,5.25,1566,47.5,73.8,56.87,191.22766,57.97,66.99,60.63,57.2,58.41,27.12,26.75,27.94,28.13,31.39,1.51,1.16,1.48,1.63,1.91
3/4/2022 8:45,2.703,-99,5.34,1565,47.1,73.32,55.53,172.324825,58.81,67.41,60.77,57.11,56.43,27.11,26.86,28.07,28.35,32.44,1.48,1.15,1.49,1.65,2.12
3/4/2022 9:00,2.885,-99,5.7,1563,47.2,73.99,54.67,342.450337,59.79,67.88,60.24,56.1,56.76,27.07,26.95,28.28,28.72,33.34,1.44,1.14,1.53,1.73,2.22
3/4/2022 9:15,2.895,-99,5.72,1561,47.9,74.18,54.55,403.596898,60.23,67.95,59.33,55.89,55.25,27.1,27.04,28.56,28.99,33.88,1.43,1.15,1.59,1.77,2.36
3/4/2022 9:30,2.976,-99,5.88,1560,47.1,74.18,54.36,301.357218,61.06,68.65,58.92,55.81,55.94,26.97,26.98,28.71,29.21,34.4,1.39,1.12,1.62,1.79,2.4
3/4/2022 9:45,3.027,-99,5.98,1560,47.2,74.95,54.2,327.328069,61.75,68.97,59.05,55.75,54.4,26.94,26.97,28.83,29.46,34.96,1.36,1.1,1.62,1.82,2.56
3/4/2022 10:00,3.077,-99,6.08,1559,47.4,74.49,53.93,279.988796,62.58,69.55,59.1,55.91,51.98,26.98,27.03,28.97,29.75,35.48,1.33,1.09,1.64,1.84,2.77
3/4/2022 10:15,3.062,-99,6.05,1558,47.4,74.83,53.91,325.519972,64.21,71.05,60.74,56.85,49.77,26.98,27.1,29.09,30.14,35.74,1.27,1.04,1.58,1.85,2.94
3/4/2022 10:30,3.087,-99,6.1,1555,47.1,76.05,54.2,509.288399,66.99,73.13,61.97,57.71,49.6,26.72,26.95,29.19,30.45,35.65,1.16,0.96,1.54,1.84,2.94
3/4/2022 10:45,3.103,-99,6.13,1554,47.2,75.64,54.17,454.716737,69.9,75.24,63.56,57.94,50.56,26.32,26.7,29.09,30.7,35.38,1.03,0.87,1.47,1.86,2.84
3/4/2022 11:00,3.087,-99,6.1,1552,47.3,77.1,54.55,450.114308,71.61,76.97,64.49,58.77,52.66,26.14,26.58,29.08,30.79,35.15,0.96,0.8,1.43,1.83,2.68
3/4/2022 11:15,3.047,-99,6.02,1551,47.2,76.38,55.01,1024.760481,73.14,78.32,68.52,66.31,54.67,26.01,26.26,28.98,30.89,34.92,0.9,0.74,1.26,1.5,2.54
3/4/2022 11:30,3.032,-99,5.99,1550,46.9,76.05,55.03,1111.877892,75.2,81.3,73.47,70.04,57.33,26.01,26.03,28.34,30.93,34.5,0.83,0.63,1.02,1.34,2.33
3/4/2022 11:45,2.966,-99,5.86,1549,47,76.05,55.22,1131.602589,76.45,82.8,76.54,71.56,59.95,26.04,25.99,27.97,31.13,34.12,0.79,0.58,0.89,1.29,2.14
3/4/2022 12:00,2.966,-99,5.86,1548,47,76.02,55.22,905.426064,77.76,84.3,78.16,72.93,62.61,25.98,25.86,27.86,31.3,33.62,0.75,0.52,0.82,1.24,1.95
3/4/2022 12:15,2.915,-99,5.76,1547,47.1,76.21,55.77,1027.061695,78.8,85.1,78.86,73.55,63.89,25.94,25.81,27.92,31.46,33.45,0.71,0.5,0.8,1.22,1.86
3/4/2022 12:30,2.829,-99,5.59,1547,47.2,75.74,56.13,1087.386394,79.67,86,79.21,74.07,65.55,25.88,25.71,27.96,31.52,33.15,0.68,0.46,0.78,1.2,1.75
3/4/2022 12:45,2.758,-99,5.45,1547,47.2,76.19,56.83,942.245498,79.93,86.6,79.59,74.7,67.11,25.89,25.67,27.9,31.55,32.79,0.67,0.44,0.77,1.17,1.64
3/4/2022 13:00,2.693,-99,5.32,1547,47.2,76.02,57.14,732.50622,80.6,87.2,79.97,75.62,68.92,25.85,25.63,27.98,31.44,32.42,0.65,0.42,0.76,1.12,1.51
3/4/2022 13:15,2.46,-99,4.86,1546,47.2,77.27,58.38,625.006621,81.1,87.5,80,76.7,70.29,25.85,25.62,28.07,31.47,32.28,0.63,0.41,0.76,1.08,1.44
3/4/2022 13:30,2.45,-99,4.84,1546,47.3,76.43,58.76,781.160473,81.5,88.2,80.5,76.59,72.39,25.82,25.5,27.99,31.36,31.61,0.62,0.39,0.74,1.07,1.28
3/4/2022 13:45,2.262,-99,4.47,1546,47.2,77.46,60.36,769.983144,81.4,88.3,80.6,76.87,73.68,25.74,25.41,27.91,30.99,31.04,0.62,0.38,0.73,1.04,1.19
3/4/2022 14:00,2.171,-99,4.29,1547,47,78.08,61.53,204.213085,81.2,88.3,81.6,77.2,74.45,25.68,25.42,27.62,30.28,30.29,0.62,0.38,0.68,0.98,1.1
3/4/2022 14:15,1.949,-99,3.85,1547,46.7,77.93,62.97,187.447093,80.9,87.7,82.7,77.33,74.97,25.62,25.4,27.16,29.48,29.49,0.63,0.4,0.62,0.93,1.03
3/4/2022 14:30,1.888,-99,3.73,1546,47.3,77.46,63.16,479.536981,80,87.2,82.5,77.72,75.7,25.68,25.34,27,28.77,28.75,0.66,0.41,0.62,0.88,0.96
3/4/2022 14:45,1.766,-99,3.49,1547,47.2,77.6,64.09,818.14428,79.11,86.7,81.7,78.85,76.43,25.77,25.38,27.16,28.62,28.68,0.69,0.43,0.66,0.83,0.93
3/4/2022 15:00,1.716,-99,3.39,1547,47,78.39,64.64,458.004187,78.81,86.6,81.1,78.71,76.4,25.77,25.36,27.18,28.47,28.53,0.7,0.43,0.68,0.83,0.92
3/4/2022 15:15,1.615,-99,3.19,1547,47.2,76.69,65.05,178.899724,78.46,86.3,80.6,78.3,76.54,25.7,25.31,27.09,28.09,28.03,0.71,0.44,0.7,0.82,0.89
3/4/2022 15:30,1.574,-99,3.11,1547,46.7,77.81,65.93,471.811475,78.51,86.6,81.2,79.26,77.86,25.78,25.31,26.87,27.39,27.31,0.71,0.43,0.67,0.76,0.8
3/4/2022 15:45,1.427,-99,2.82,1547,47.2,74.71,65.79,435.485158,78.37,85.8,80.9,80.4,79.4,25.8,25.32,26.75,27.33,27.52,0.72,0.46,0.67,0.71,0.76
3/4/2022 16:00,1.437,-99,2.84,1548,46.7,78.29,67.42,405.569367,78.67,86.5,82.3,83,79.64,25.91,25.37,26.74,27.77,27.89,0.71,0.44,0.62,0.63,0.76
3/4/2022 16:15,1.412,-99,2.79,1547,47,78.29,67.42,321.903778,77.1,85.2,80.9,82.5,79.08,25.74,25.14,26.56,28.32,28.37,0.76,0.47,0.66,0.67,0.81
3/4/2022 16:30,1.351,-99,2.67,1548,46.9,77.62,67.51,570.270587,76.58,84.4,80.6,81.4,78.08,25.76,25.19,26.5,28.53,28.54,0.78,0.5,0.67,0.73,0.85
3/4/2022 16:45,1.306,-99,2.58,1548,46.9,78.89,67.89,447.155604,76.97,85.1,81.6,79.15,76.41,25.78,25.3,26.5,28.38,28.45,0.76,0.48,0.64,0.81,0.92
3/4/2022 17:00,1.286,-99,2.54,1547,46.9,78.58,68.54,339.820377,76.65,85.2,81.6,79.25,76.3,25.78,25.28,26.41,27.86,28.06,0.77,0.48,0.63,0.78,0.9
3/4/2022 17:15,1.25,-99,2.47,1548,46.9,79.37,69.16,258.456002,74.99,84.8,83,78.76,75.88,25.73,25.21,26.35,27.41,27.69,0.83,0.49,0.58,0.78,0.9
3/4/2022 17:30,1.184,-99,2.34,1549,47.4,79.42,69.83,125.643042,75.53,85.4,82.4,78.98,76.11,25.64,25.07,26.22,27.02,27.26,0.81,0.46,0.6,0.75,0.86
3/4/2022 17:45,1.098,-99,2.17, ,46.9,79.18,70.28,90.467333,78.28,86.8,82.9,80.3,78.24,25.61,24.93,26,26.6,26.79,0.71,0.42,0.57,0.69,0.77
3/4/2022 18:00,1.134,-99,2.24,1553,47.3,79.66,70.69,44.607412,79.02,87.5,84.2,81.9,79.25,25.59,24.81,25.8,26.28,26.48,0.69,0.39,0.52,0.62,0.72
3/4/2022 18:15,1.103,-99,2.18,1555,47.1,79.3,70.71,10.417937,78.6,86.2,83.3,80.1,75.54,25.6,24.89,25.77,26.24,26.88,0.7,0.43,0.55,0.68,0.87
3/4/2022 18:30,1.058,-99,2.09,1556,46.4,79.8,71.1,-3.060606,76.85,83.9,80.4,76.94,72.45,25.69,25.07,26.04,26.6,27.23,0.76,0.51,0.66,0.8,1
3/4/2022 18:45,1.012,-99,2,1555,47,80.33,71.53,-4.70433,74.25,82,77.98,74.66,70.71,25.76,25.07,26.11,26.63,27.2,0.85,0.57,0.75,0.88,1.06
3/4/2022 19:00,0.992,-99,1.96,1556,46.9,79.63,71.96,-4.868703,71.99,80.3,76.24,72.94,69.34,25.84,25.06,26.09,26.6,27.15,0.93,0.63,0.8,0.94,1.1
3/4/2022 19:15,0.936,-99,1.85,1555,47,79.06,72.15,-4.375585,70.31,78.74,74.77,71.62,67.96,25.87,25.14,26.11,26.56,27.16,0.99,0.68,0.85,0.99,1.15
3/4/2022 19:30,0.886,-99,1.75,1556,47,79.23,72.29,-4.539958,68.95,77.11,73.04,70.37,66.59,25.94,25.3,26.25,26.61,27.25,1.04,0.74,0.92,1.03,1.21
3/4/2022 19:45,0.886,-99,1.75,1555,46.7,78.87,72.65,-4.868703,67.69,75.98,71.57,69.21,65.67,26.03,25.41,26.41,26.68,27.3,1.09,0.78,0.98,1.08,1.25
3/4/2022 20:00,0.825,-99,1.63,1556,47,78.48,72.34,-4.868703,66.82,75.1,70.52,68.33,65.11,26.13,25.53,26.55,26.81,27.32,1.12,0.81,1.02,1.12,1.27
3/4/2022 20:15,0.8,-99,1.58,1556,47.1,78.68,72.15,-4.70433,66.2,74.43,70.22,67.72,64.58,26.19,25.63,26.58,26.88,27.4,1.15,0.84,1.04,1.14,1.29
3/4/2022 20:30,0.774,-99,1.53,1556,47.3,78.7,72.84,-4.70433,65.42,73.62,69.51,67.05,63.96,26.28,25.73,26.64,26.92,27.45,1.18,0.87,1.06,1.17,1.32
3/4/2022 20:45,0.8,-99,1.58,1556,47,78.91,73.06,-4.375585,64.86,73.07,69.17,66.64,63.79,26.31,25.76,26.62,26.93,27.39,1.2,0.89,1.07,1.18,1.32
3/4/2022 21:00,0.734,-99,1.45,1556,46.9,79.97,73.61,-4.868703,64.47,72.59,68.66,66.22,63.45,26.28,25.77,26.65,26.92,27.39,1.21,0.91,1.09,1.2,1.33
3/4/2022 21:15,0.729,-99,1.44,1556,47,79.49,73.54,-4.539958,64.03,72.08,68.41,65.94,63.14,26.29,25.81,26.6,26.9,27.37,1.23,0.93,1.1,1.21,1.34
3/4/2022 21:30,0.678,-99,1.34,1556,46.9,79.54,73.58,-4.868703,64.03,71.53,68.51,65.64,62.9,26.28,25.93,26.57,26.98,27.43,1.23,0.95,1.09,1.22,1.36
3/4/2022 21:45,0.678,-99,1.34,1556,47,79.13,73.92,-4.375585,64.06,71.56,68.13,65.6,62.61,26.3,25.98,26.72,27.05,27.54,1.23,0.95,1.12,1.23,1.38
3/4/2022 22:00,0.678,-99,1.34,1556,47.2,78.58,73.77,-4.539958,64.01,71.41,68.12,65.44,62.71,26.36,26.07,26.77,27.13,27.56,1.24,0.97,1.12,1.24,1.37
3/4/2022 22:15,0.653,-99,1.29,1557,46.7,79.13,74.25,-4.70433,63.96,71.84,68.13,65.59,62.82,26.44,26,26.81,27.12,27.6,1.24,0.95,1.12,1.24,1.37
3/4/2022 22:30,0.658,-99,1.3,1557,47,79.44,74.54,-4.211213,63.82,71.6,68.04,65.44,62.81,26.46,26.07,26.86,27.16,27.69,1.25,0.96,1.13,1.24,1.38
3/4/2022 22:45,0.633,-99,1.25,1557,46.7,78.99,74.49,-5.033075,63.64,71.35,67.86,65.38,62.59,26.49,26.08,26.85,27.15,27.79,1.26,0.97,1.14,1.25,1.4
3/4/2022 23:00,0.633,-99,1.25,1557,47.1,79.49,74.95,-4.539958,63.32,71.09,67.72,65.1,62.38,26.46,26.07,26.81,27.13,27.58,1.27,0.98,1.14,1.25,1.39
3/4/2022 23:15,0.607,-99,1.2,1557,46.7,79.56,75.38,-4.70433,63.34,70.47,67.46,64.77,62.1,26.37,26.12,26.78,27.13,27.83,1.26,1,1.15,1.27,1.42
3/4/2022 23:30,0.607,-99,1.2,1558,46.9,79.66,75.47,-4.375585,63.37,69.76,67.12,64.41,61.83,26.25,26.24,26.79,27.13,27.64,1.25,1.03,1.16,1.28,1.41
3/4/2022 23:45,0.607,-99,1.2, ,46.7,79.54,75.35,-4.539958,63.44,69.13,66.72,64.09,61.66,26.16,26.32,26.79,27.13,27.88,1.24,1.06,1.17,1.29,1.44
3/5/2022 0:00,0.582,-99,1.15,1559,47.1,79.2,75.42,-4.70433,63.79,68.24,66.49,63.82,61.33,26.04,26.5,26.81,27.15,27.86,1.22,1.1,1.18,1.3,1.45
3/5/2022 0:15,0.582,-99,1.15,1559,46.7,79.42,75.23,-4.375585,64.13,67.9,66.36,63.73,61.24,25.92,26.59,26.83,27.15,27.74,1.2,1.12,1.19,1.3,1.44
3/5/2022 0:30,0.582,-99,1.15,1558,47.1,79.89,75.3,-4.539958,63.98,67.42,66.11,63.56,61.19,25.92,26.66,26.85,27.16,28.02,1.21,1.14,1.2,1.31,1.47
3/5/2022 0:45,0.557,-99,1.1,1559,47,79.63,75.81,-4.70433,64.03,67.45,65.89,63.42,61.08,25.88,26.64,26.89,27.16,27.88,1.2,1.14,1.21,1.32,1.46
3/5/2022 1:00,0.557,-99,1.1,1561,47.1,79.56,75.74,-4.70433,64.21,67.08,65.76,63.4,60.85,25.81,26.71,26.87,27.14,27.9,1.19,1.15,1.21,1.32,1.47
3/5/2022 1:15,0.531,-99,1.05,1559,46.7,79.32,75.9,-4.375585,64.39,66.8,65.97,63.41,60.84,25.72,26.74,26.79,27.11,27.89,1.18,1.17,1.2,1.31,1.47
3/5/2022 1:30,0.557,-99,1.1,1560,47,79.51,75.33,-4.70433,64.32,66.76,66.13,63.3,60.82,25.73,26.74,26.76,27.12,27.71,1.18,1.17,1.19,1.32,1.46
3/5/2022 1:45,0.531,-99,1.05,1560,46.9,79.18,75.76,-4.375585,64.19,66.49,66.02,63.19,60.71,25.75,26.81,26.78,27.15,27.89,1.19,1.18,1.2,1.32,1.48
3/5/2022 2:00,0.557,-99,1.1,1559,47,79.42,75.59,-4.539958,64.08,66.87,65.72,62.83,60.44,25.78,26.73,26.89,27.26,27.74,1.19,1.16,1.21,1.35,1.47
3/5/2022 2:15,0.531,-99,1.05,1559,47.1,79.15,75.74,-4.70433,63.74,66.77,65.75,62.86,60.34,25.9,26.76,26.88,27.26,27.76,1.21,1.17,1.21,1.34,1.48
3/5/2022 2:30,0.506,-99,1,1561,46.7,79.15,75.74,-4.375585,63.57,66.81,65.7,62.85,60.37,25.92,26.74,26.87,27.26,27.77,1.22,1.17,1.21,1.34,1.48
3/5/2022 2:45,0.506,-99,1,1559,47,79.85,75.62,-4.539958,63.69,66.62,65.77,62.85,60.49,25.88,26.79,26.89,27.25,28,1.21,1.18,1.21,1.34,1.49
3/5/2022 3:00,0.536,-99,1.06,1560,47.1,79.56,76.09,-4.375585,63.45,66.97,65.58,62.69,60.36,25.94,26.69,26.9,27.28,27.67,1.22,1.16,1.22,1.35,1.47
3/5/2022 3:15,0.531,-99,1.05,1559,46.9,78.72,75.71,-4.70433,63.56,66.33,65.43,62.53,60.27,25.87,26.86,26.95,27.31,27.74,1.22,1.19,1.23,1.36,1.48
3/5/2022 3:30,0.506,-99,1,1561,46.5,79.08,76.05,-4.868703,63.6,66.92,65.2,62.42,60.11,25.87,26.67,26.97,27.32,27.75,1.21,1.16,1.24,1.37,1.49
3/5/2022 3:45,0.531,-99,1.05,1561,46.6,78.8,75.76,-4.868703,63.39,66.77,65.34,62.3,59.98,25.91,26.69,26.93,27.34,27.87,1.22,1.16,1.23,1.37,1.5
3/5/2022 4:00,0.506,-99,1,1561,47,78.72,75.71,-4.539958,63.06,67.1,65.2,62.27,59.93,26,26.62,26.97,27.35,27.85,1.24,1.15,1.24,1.37,1.5
3/5/2022 4:15,0.531,-99,1.05,1564,46.9,79.15,75.74,-4.539958,62.92,66.74,65.06,62.2,59.79,26.06,26.74,27.03,27.41,27.82,1.25,1.17,1.25,1.38,1.5
3/5/2022 4:30,0.531,-99,1.05,1568,46.9,79.42,75.95,-4.375585,63.07,67.25,64.92,62.07,59.84,26.04,26.62,27.08,27.46,27.88,1.24,1.14,1.26,1.39,1.51
3/5/2022 4:45,0.481,-99,0.95,1567,46.9,79.61,76.14,-4.539958,62.82,67.22,64.79,62,59.79,26.14,26.65,27.14,27.51,27.9,1.26,1.14,1.27,1.4,1.51
3/5/2022 5:00,0.506,-99,1,1568,46.9,78.32,75.66,-4.539958,62.56,67.53,64.88,62,59.79,26.2,26.59,27.14,27.52,27.94,1.27,1.13,1.26,1.4,1.51
3/5/2022 5:15,0.531,-99,1.05,1567,46.9,79.63,75.45,-4.868703,62.1,68.08,64.7,62.17,59.87,26.32,26.43,27.17,27.44,27.9,1.3,1.1,1.27,1.38,1.51
3/5/2022 5:30,0.531,-99,1.05, ,47.3,79.92,75.71,-5.033075,61.81,68.03,64.95,62.12,59.64,26.38,26.4,27.08,27.43,27.85,1.31,1.1,1.26,1.38,1.51
3/5/2022 5:45,0.531,-99,1.05,1567,46.9,79.2,75.78,-4.539958,61.64,67.44,64.53,61.97,59.57,26.34,26.51,27.11,27.41,27.98,1.32,1.13,1.27,1.39,1.53
3/5/2022 6:00,0.506,-99,1,1566,47,78.77,75.76,-4.211213,61.83,66.92,64.48,61.68,59.54,26.27,26.62,27.12,27.46,27.83,1.3,1.15,1.28,1.4,1.51
3/5/2022 6:15,0.557,-99,1.1,1566,46.7,79.15,75.71,-4.539958,62.23,66.86,64.31,61.53,59.36,26.15,26.62,27.13,27.48,27.84,1.28,1.16,1.28,1.41,1.52
3/5/2022 6:30,0.506,-99,1,1566,46.6,79.18,75.76,-4.211213,62.37,67.2,64.49,61.81,59.54,26.15,26.54,27.09,27.42,27.81,1.28,1.14,1.27,1.4,1.51
3/5/2022 6:45,0.557,-99,1.1,1567,47,79.3,75.88,-0.759391,62.25,66.9,64.92,62.11,59.69,26.15,26.63,26.97,27.34,27.74,1.28,1.15,1.25,1.38,1.5
3/5/2022 7:00,0.607,-99,1.2,1567,47,78.68,75.28,9.92482,62.26,67.1,65,62.3,59.84,26.19,26.55,26.94,27.27,27.72,1.28,1.14,1.24,1.37,1.49
3/5/2022 7:15,1.002,-99,1.98,1567,47.1,79.3,71.69,32.115104,61.9,69.3,65.96,62.17,59.53,26.45,26.21,26.89,27.43,27.96,1.32,1.04,1.21,1.38,1.53
3/5/2022 7:30,1.331,-99,2.63,1566,46.9,76.07,68.06,51.017939,59.8,70.32,66.06,60.79,58.43,26.73,25.98,26.83,27.57,28.05,1.41,1,1.2,1.45,1.58
3/5/2022 7:45,1.594,-99,3.15,1565,47,75.42,65.79,70.249518,58.44,69.37,65.01,59.04,56.98,26.64,25.96,26.9,27.57,28.01,1.45,1.03,1.24,1.51,1.63
3/5/2022 8:00,1.863,-99,3.68,1563,47.1,74.78,63.14,94.2479,58.41,69.14,63.63,57.71,58.09,26.51,25.94,26.98,27.63,28.31,1.44,1.03,1.3,1.56,1.61
3/5/2022 8:15,2.131,-99,4.21,1563,47,74.95,60.91,120.054378,58.79,69.18,63.06,57.43,60.19,26.42,25.97,27.1,27.72,29.35,1.42,1.03,1.32,1.58,1.63
3/5/2022 8:30,2.328,-99,4.6,1562,47,73.89,59.45,160.818752,59.21,69.5,62.31,57.03,60.13,26.39,26.06,27.38,27.94,30.95,1.4,1.03,1.37,1.62,1.79
3/5/2022 8:45,2.531,-99,5,1561,46.5,73.85,58.26,174.62604,59.68,69.36,60.72,56.76,59.28,26.4,26.16,27.77,28.26,32.6,1.39,1.04,1.46,1.66,2
3/5/2022 9:00,2.652,-99,5.24,1560,47.1,73.87,57.14,340.806612,60.2,69.09,60.18,56.51,57.95,26.44,26.32,28.01,28.54,33.97,1.37,1.06,1.51,1.7,2.23
3/5/2022 9:15,2.738,-99,5.41,1557,46.7,74.04,56.39,393.898922,60.95,69.33,59.57,56.43,56.08,26.46,26.43,28.35,28.91,34.97,1.35,1.06,1.56,1.74,2.47
3/5/2022 9:30,2.809,-99,5.55,1557,46.5,73.63,55.51,259.770982,61.72,69.7,59.14,56.19,53.35,26.51,26.55,28.59,29.31,35.31,1.33,1.05,1.6,1.79,2.67
3/5/2022 9:45,2.839,-99,5.61,1554,46.7,74.56,55.41,332.916733,62.35,70.19,59.16,55.58,51.93,26.56,26.58,28.74,29.65,35.2,1.31,1.04,1.61,1.85,2.73
3/5/2022 10:00,2.925,-99,5.78,1553,47,75.42,54.89,285.906206,63.51,71.07,59.3,56.15,50.13,26.43,26.52,28.84,29.93,35.27,1.26,1,1.62,1.85,2.85
3/5/2022 10:15,2.956,-99,5.84,1552,46.6,75.07,55.1,322.561267,64.69,71.99,59.55,55.87,50.47,26.35,26.46,28.94,30.24,35.2,1.21,0.97,1.61,1.9,2.82
3/5/2022 10:30,2.941,-99,5.81,1549,46.7,74.97,54.82,488.577467,65.64,72.45,59.69,55.58,51.45,26.31,26.5,29.02,30.49,35.73,1.18,0.95,1.62,1.94,2.84
3/5/2022 10:45,2.991,-99,5.91,1547,47,75.59,54.53,390.940217,66.46,73.01,60.25,55.67,50.2,26.3,26.51,29.05,30.74,36.33,1.15,0.93,1.6,1.96,3.01
3/5/2022 11:00,2.986,-99,5.9,1546,46.4,76.12,55.08,412.308639,67.5,74.18,60.52,55.87,49.77,26.09,26.33,29.03,30.9,36.63,1.1,0.88,1.58,1.97,3.09
3/5/2022 11:15,2.966,-99,5.86,1545,46.4,75.62,55.18,891.783148,69.04,75.3,66.7,63.07,50.93,26,26.21,28.68,31.17,36.41,1.04,0.84,1.31,1.68,2.98
3/5/2022 11:30,2.885,-99,5.7,1545,46.6,75.35,55.25,1137.355626,71.68,78.08,71.89,67.03,54.27,26.08,26.17,28.16,31.4,35.98,0.96,0.74,1.07,1.52,2.71
3/5/2022 11:45,2.829,-99,5.59,1544,46.5,76.4,56.06,1207.049555,72.67,79.25,74.25,68.56,55.1,26.26,26.23,28.02,31.6,35.78,0.93,0.71,0.97,1.46,2.64
3/5/2022 12:00,2.829,-99,5.59,1543,46.3,76.07,56.3,590.652774,74.04,81.5,76.24,69.84,57.67,26.14,25.92,27.8,31.73,35.18,0.88,0.62,0.89,1.41,2.4
3/5/2022 12:15,2.758,-99,5.45,1542,46.4,76.38,56.71,1252.251986,75.35,82.6,77.07,70.37,58.67,25.97,25.8,27.76,31.83,34.56,0.83,0.58,0.85,1.4,2.27
3/5/2022 12:30,2.642,-99,5.22,1542,46.4,76.17,57.26,1225.788018,76.31,83.4,77.8,70.57,60.66,25.91,25.7,27.71,31.87,33.98,0.79,0.55,0.83,1.39,2.09
3/5/2022 12:45,2.627,-99,5.19,1541,46.5,76.33,57.54,1141.300565,76.93,84.4,78.49,71.29,62.52,25.87,25.6,27.67,31.78,33.36,0.77,0.51,0.8,1.35,1.92
3/5/2022 13:00,2.571,-99,5.08,1542,46.4,76.05,58.07,780.9961,77.41,84.7,78.77,72.26,64.59,25.83,25.55,27.62,31.64,32.87,0.75,0.5,0.78,1.29,1.77
3/5/2022 13:15,2.46,-99,4.86,1541,46.3,76.55,58.64,482.166941,77.75,85.1,79.03,73.13,66.31,25.8,25.53,27.62,31.5,32.43,0.74,0.49,0.78,1.24,1.64
3/5/2022 13:30,2.338,-99,4.62,1541,46.6,76.33,59.41,335.546693,78.14,85.4,79.48,73.9,68.7,25.8,25.5,27.61,31.45,31.9,0.73,0.48,0.76,1.2,1.48
3/5/2022 13:45,2.298,-99,4.54,1541,46.4,76.43,60.2,486.76937,78.18,85.4,79.89,74.17,70.64,25.81,25.53,27.55,31.05,31.14,0.73,0.48,0.74,1.16,1.33
3/5/2022 14:00,2.05,-99,4.05,1542,46.2,77.86,61.63,536.081112,78.04,85.4,80.3,76.13,72.49,25.77,25.48,27.42,30.62,30.67,0.73,0.48,0.72,1.05,1.21
3/5/2022 14:15,2.06,-99,4.07,1541,46.3,76.88,62.01,686.153182,78,85.5,80.4,75.96,73.21,25.67,25.4,27.25,30.26,30.14,0.73,0.47,0.71,1.04,1.15
3/5/2022 14:30,1.878,-99,3.71,1541,46.3,77.55,63.23,595.090831,77.38,84.7,79.87,77.36,74.15,25.76,25.45,27.23,29.96,29.85,0.75,0.5,0.73,0.96,1.09
3/5/2022 14:45,1.731,-99,3.42,1542,46.2,76.93,64.16,574.051154,77.21,84.6,80,77.3,75.11,25.84,25.53,27.28,30.22,29.81,0.76,0.5,0.72,0.98,1.04
3/5/2022 15:00,1.66,-99,3.28,1542,46.5,77.46,64.79,408.856817,77.61,85.3,80.4,77.09,75.66,25.86,25.51,27.29,30.42,29.76,0.75,0.48,0.71,1,1.02
3/5/2022 15:15,1.559,-99,3.08,1542,46.5,77.22,65.48,334.067341,77.92,85.9,81,76.05,75.65,25.8,25.38,27.19,30.41,29.68,0.73,0.46,0.69,1.04,1.01
3/5/2022 15:30,1.468,-99,2.9,1542,46.2,77.41,66.15,315.493251,78.27,86.2,81,76.47,75.79,25.79,25.37,27.17,30.08,29.53,0.72,0.45,0.68,1,1
3/5/2022 15:45,1.448,-99,2.86,1543,46.3,77.46,66.48,343.107827,78.47,86.3,81.2,77.7,76.31,25.75,25.31,27.18,29.65,29.36,0.71,0.44,0.68,0.93,0.97
3/5/2022 16:00,1.377,-99,2.72,1543,46.2,78.48,67.3,358.230095,78.6,86.6,81,78.19,76.29,25.69,25.25,27.14,29.33,29.2,0.71,0.43,0.68,0.89,0.96
3/5/2022 16:15,1.331,-99,2.63,1543,46.4,77.98,67.77,286.728068,78.76,86.8,81.4,78.7,76.39,25.64,25.19,27.01,28.93,28.95,0.7,0.42,0.66,0.85,0.94
3/5/2022 16:30,1.28,-99,2.53,1543,46.3,78.03,68.13,572.078685,78.55,86.7,81.4,78.91,76.3,25.62,25.16,26.93,28.65,28.74,0.7,0.43,0.66,0.83,0.94
3/5/2022 16:45,1.26,-99,2.49,1545,46,78.84,68.78,466.222811,78.39,86.6,81.3,79.11,76.4,25.58,25.11,26.77,28.3,28.46,0.71,0.43,0.66,0.8,0.92
3/5/2022 17:00,1.189,-99,2.35,1544,46.2,78.03,69.04,381.077869,78.12,86.4,81.5,78.98,76.27,25.61,25.1,26.55,27.95,28.17,0.72,0.43,0.64,0.79,0.91
3/5/2022 17:15,1.083,-99,2.14, ,46.1,77.6,69.64,270.455193,81.1,88.1,84.4,81,78.19,25.75,25.28,26.49,27.63,28.03,0.63,0.38,0.54,0.7,0.83
3/5/2022 17:30,1.063,-99,2.1,1545,46.3,77.81,69.78,127.122395,81.6,88.9,85.6,82.5,78.75,25.89,25.35,26.5,27.44,27.95,0.61,0.36,0.5,0.64,0.8
3/5/2022 17:45,1.017,-99,2.01,1550,46.7,79.03,70.48,90.796078,80.4,88.3,85.3,81.9,78.71,25.97,25.34,26.39,27.22,27.56,0.66,0.38,0.51,0.65,0.78
3/5/2022 18:00,1.129,-99,2.23,1551,46.3,79.75,70.45,45.10053,79.14,87.4,84.7,81.5,78.86,26.01,25.26,26.23,26.88,27.13,0.7,0.41,0.52,0.65,0.76
3/5/2022 18:15,1.129,-99,2.23,1550,46,79.08,70.21,12.719152,78.93,86.8,83.9,79.77,75.9,25.99,25.22,26.14,26.79,27.32,0.71,0.42,0.55,0.71,0.88
3/5/2022 18:30,1.007,-99,1.99,1550,46.4,79.99,71.26,-2.238743,77.56,85.3,81.7,77.7,73.65,26.02,25.26,26.35,26.97,27.52,0.76,0.47,0.63,0.79,0.97
3/5/2022 18:45,0.987,-99,1.95,1550,45.7,80.01,71.93,-4.211213,75.64,83.8,79.6,75.87,72.35,26,25.21,26.36,26.93,27.39,0.82,0.52,0.7,0.86,1.01
3/5/2022 19:00,0.936,-99,1.85,1551,46,79.7,72.36,-4.539958,73.87,82.3,78.19,74.55,71.02,25.98,25.14,26.25,26.82,27.3,0.88,0.57,0.74,0.9,1.05
3/5/2022 19:15,0.911,-99,1.8,1550,46.3,79.08,72.51,-5.197448,72.56,81.1,77.14,73.3,69.81,25.92,25.1,26.14,26.76,27.28,0.92,0.6,0.77,0.94,1.09
3/5/2022 19:30,0.855,-99,1.69,1551,46.2,79.06,72.48,-4.375585,71.44,80,76.15,72.32,68.59,25.92,25.09,26.12,26.73,27.31,0.96,0.64,0.81,0.97,1.14
3/5/2022 19:45,0.83,-99,1.64,1551,46,78.75,72.56,-4.539958,70.38,79.05,75.52,71.47,67.67,25.96,25.16,26.1,26.76,27.37,0.99,0.67,0.83,1,1.18
3/5/2022 20:00,0.83,-99,1.64,1551,46.4,78.68,72.82,-4.70433,69.53,78.37,74.71,70.75,66.98,26.07,25.2,26.15,26.81,27.43,1.03,0.69,0.86,1.03,1.21
3/5/2022 20:15,0.779,-99,1.54,1550,46.2,78.44,72.96,-4.375585,68.77,77.86,73.97,70.06,66.28,26.14,25.25,26.23,26.86,27.52,1.06,0.71,0.89,1.06,1.24
3/5/2022 20:30,0.774,-99,1.53,1551,46.5,78.29,72.82,-4.539958,68.1,77.43,73.09,69.48,65.87,26.23,25.32,26.36,26.92,27.53,1.09,0.73,0.92,1.08,1.26
3/5/2022 20:45,0.724,-99,1.43,1552,46.3,77.86,73.13,-4.539958,67.75,77.12,72.13,69.19,65.62,26.28,25.4,26.57,26.98,27.6,1.1,0.74,0.97,1.1,1.27
3/5/2022 21:00,0.749,-99,1.48,1553,46.2,77.98,72.91,-4.375585,67.38,76.76,71.42,68.87,65.35,26.37,25.51,26.76,27.09,27.68,1.12,0.76,1,1.12,1.29
3/5/2022 21:15,0.698,-99,1.38,1552,46.3,78.05,73.32,-4.375585,67.16,76.56,71.34,68.65,65.33,26.45,25.59,26.82,27.16,27.72,1.13,0.77,1.01,1.13,1.29
3/5/2022 21:30,0.698,-99,1.38,1552,46,79.08,73.18,-4.375585,66.81,76.4,71.51,68.52,65.13,26.53,25.61,26.77,27.19,27.76,1.15,0.78,1,1.13,1.3
3/5/2022 21:45,0.704,-99,1.39,1552,46.1,78.82,73.63,-4.70433,66.63,76.32,70.94,68.53,65.12,26.55,25.6,26.88,27.15,27.72,1.16,0.78,1.03,1.13,1.3
3/5/2022 22:00,0.673,-99,1.33,1553,46.5,78.7,73.54,-4.70433,66.37,76,70.68,68.24,65.04,26.55,25.64,26.87,27.16,27.69,1.17,0.79,1.04,1.14,1.3
3/5/2022 22:15,0.653,-99,1.29,1553,46,79.08,74.23,-4.868703,66.05,75.73,70.22,67.83,64.92,26.58,25.62,26.91,27.2,27.65,1.18,0.8,1.06,1.16,1.3
3/5/2022 22:30,0.658,-99,1.3,1553,46.2,79.92,74.61,-4.539958,65.58,75.48,69.76,67.52,64.58,26.52,25.54,26.88,27.13,27.6,1.19,0.8,1.07,1.17,1.31
3/5/2022 22:45,0.633,-99,1.25,1553,46.3,80.35,74.99,-4.539958,65.03,74.74,69.26,67.16,64.13,26.47,25.52,26.82,27.04,27.53,1.21,0.83,1.08,1.17,1.32
3/5/2022 23:00,0.638,-99,1.26,1553,46.4,79.49,74.95,-4.539958,64.54,73.6,69.13,66.63,63.69,26.46,25.67,26.71,26.99,27.51,1.22,0.87,1.08,1.19,1.33
3/5/2022 23:15,0.587,-99,1.16, ,46.5,79.92,75.33,-4.211213,64.66,72.82,68.71,66.21,63.32,26.39,25.84,26.78,27.08,27.57,1.22,0.91,1.1,1.21,1.35
3/5/2022 23:30,0.633,-99,1.25,1554,46.3,79.68,75.14,-4.539958,64.39,72.86,68.43,65.94,63.12,26.43,25.79,26.83,27.11,27.57,1.23,0.9,1.11,1.22,1.36
3/5/2022 23:45,0.582,-99,1.15,1554,46.3,79.46,75.28,-5.197448,63.95,72.12,68.07,65.48,62.83,26.44,25.91,26.81,27.14,27.57,1.24,0.93,1.13,1.24,1.37
3/6/2022 0:00,0.612,-99,1.21,1554,46.1,82.45,75.76,-4.70433,63.79,71.32,67.38,65.1,62.2,26.4,26.01,26.9,27.17,27.63,1.25,0.96,1.16,1.26,1.4
3/6/2022 0:15,0.617,-99,1.22,1557,46,87.86,78.75,-5.033075,70.33,76.91,73.84,74.03,65.88,25.38,25.41,26.07,26.02,27.15,0.96,0.75,0.88,0.87,1.23
3/6/2022 0:30,0.602,-99,1.19,1559,46.5,80.01,76.91,-4.70433,78.62,75.51,78.41,77.13,69.88,24.07,26.23,25.45,25.59,26.83,0.64,0.83,0.7,0.75,1.06
3/6/2022 0:45,0.612,-99,1.21,1562,46.6,78.65,75.64,-4.868703,79.95,73.01,77.53,74.84,69.01,23.87,26.88,25.82,26.18,27.15,0.59,0.96,0.75,0.85,1.11
3/6/2022 1:00,0.582,-99,1.15,1564,46,78.6,75.21,-4.70433,79.61,72.09,75.93,73.13,67.96,24.02,27.14,26.16,26.53,27.45,0.61,1,0.82,0.93,1.17
3/6/2022 1:15,0.592,-99,1.17,1566,46.5,83.22,76.02,-4.375585,80.4,77.59,78.61,78.61,69.55,23.94,26.04,25.89,25.83,27.25,0.58,0.76,0.71,0.71,1.1
3/6/2022 1:30,0.587,-99,1.16,1566,47.8,79.23,75.81,-4.868703,83.1,76.94,80.8,79.4,71.17,23.67,26.37,25.53,25.66,27.06,0.49,0.79,0.63,0.68,1.03
3/6/2022 1:45,0.557,-99,1.1,1566,47.9,78.1,75.5,-4.70433,82.9,75.03,79.9,76.53,70.1,23.75,26.84,25.71,26.2,27.35,0.5,0.88,0.66,0.8,1.09
3/6/2022 2:00,0.582,-99,1.15,1568,48.1,80.35,75.35,-4.539958,81.9,73.51,77.73,74.04,68.66,23.91,27.04,26.06,26.61,27.56,0.54,0.95,0.75,0.9,1.15
3/6/2022 2:15,0.597,-99,1.18,1571,47.8,83.72,76.45,-5.033075,81.1,77.82,79.17,78.7,69.58,23.73,25.94,25.71,25.73,27.29,0.55,0.74,0.69,0.7,1.1
3/6/2022 2:30,0.592,-99,1.17,1572,48.1,80.09,76.6,-4.70433,83.4,75.64,80.4,78.82,70.51,23.31,26.46,25.33,25.5,27.25,0.48,0.84,0.63,0.69,1.07
3/6/2022 2:45,0.592,-99,1.17,1572,47.7,79.89,76.05,-4.375585,83,72.89,79.26,75.46,69.19,23.31,27.02,25.53,26.04,27.4,0.49,0.97,0.68,0.83,1.12
3/6/2022 3:00,0.562,-99,1.11,1572,48.2,79.54,75.71,-4.868703,81.9,71.33,77.45,72.71,67.92,23.43,27.2,25.73,26.45,27.32,0.52,1.03,0.75,0.94,1.17
3/6/2022 3:15,0.531,-99,1.05,1572,47.8,78.68,75.66,-4.70433,80.6,69.91,76.39,71.61,67.1,23.56,27.43,25.93,26.62,27.43,0.56,1.1,0.79,0.99,1.2
3/6/2022 3:30,0.557,-99,1.1,1573,48.2,78.2,75.21,-4.375585,79.45,69.43,75.5,70.82,66.77,23.82,27.57,26.11,26.82,27.54,0.61,1.13,0.83,1.03,1.22
3/6/2022 3:45,0.531,-99,1.05,1573,48.1,78.82,75.42,-4.70433,78.22,69.11,74.6,70.48,66.44,24.03,27.67,26.28,26.91,27.62,0.65,1.15,0.87,1.05,1.24
3/6/2022 4:00,0.531,-99,1.05,1574,47.9,78.25,75.23,-5.033075,77.45,69.25,74.09,70.07,66.14,24.15,27.61,26.4,26.98,27.69,0.68,1.14,0.89,1.07,1.26
3/6/2022 4:15,0.501,-99,0.99,1574,48.2,78.39,75.38,-4.868703,76.68,68.99,73.64,69.56,65.85,24.33,27.64,26.48,27.09,27.73,0.71,1.15,0.91,1.09,1.27
3/6/2022 4:30,0.501,-99,0.99,1575,47.9,78.6,75.21,-4.70433,75.57,68.98,72.94,69.05,65.35,24.5,27.62,26.6,27.15,27.81,0.75,1.15,0.94,1.11,1.3
3/6/2022 4:45,0.501,-99,0.99,1575,47.5,78.75,75.35,-4.539958,74.67,68.84,72.71,68.69,65.15,24.65,27.58,26.62,27.19,27.81,0.79,1.15,0.95,1.13,1.3
3/6/2022 5:00,0.501,-99,0.99, ,47.7,78.32,75.3,-4.539958,73.82,69.28,72.41,68.27,64.89,24.79,27.4,26.6,27.18,27.8,0.82,1.12,0.96,1.14,1.31
3/6/2022 5:15,0.531,-99,1.05,1576,47.9,78.68,75.3,-4.868703,72.43,68.67,72.03,67.87,64.48,24.95,27.43,26.57,27.2,27.79,0.87,1.15,0.97,1.16,1.33
3/6/2022 5:30,0.531,-99,1.05,1576,47.5,79.97,75.74,-4.539958,71.34,68.39,71.06,67.17,63.98,25.01,27.31,26.59,27.18,27.71,0.91,1.15,1.01,1.18,1.34
3/6/2022 5:45,0.536,-99,1.06,1576,47.7,79.51,76.05,-4.375585,70.54,66.99,70.57,66.63,63.28,24.94,27.46,26.5,27.08,27.67,0.93,1.21,1.02,1.2,1.36
3/6/2022 6:00,0.506,-99,1,1576,47.7,79.51,76.05,-5.197448,70.13,65.75,70.69,66.22,62.92,24.9,27.63,26.35,27,27.59,0.94,1.27,1.01,1.2,1.37
3/6/2022 6:15,0.506,-99,1,1577,47.8,78.99,75.95,-4.539958,69.36,65.34,70.21,65.59,62.35,24.88,27.56,26.27,26.98,27.56,0.96,1.28,1.02,1.23,1.39
3/6/2022 6:30,0.531,-99,1.05,1577,47.8,79.11,75.69,-4.539958,68.78,64.73,69.69,65.3,62.03,24.88,27.59,26.23,26.9,27.51,0.98,1.3,1.03,1.23,1.39
3/6/2022 6:45,0.557,-99,1.1,1576,47.3,78.89,75.5,-0.430646,68.39,64.05,69.33,65.04,61.7,24.91,27.71,26.25,26.91,27.51,1,1.34,1.05,1.24,1.41
3/6/2022 7:00,0.607,-99,1.2,1576,47.7,77.91,74.95,13.21227,68.07,63.78,68.92,64.58,61.26,25,27.77,26.34,26.97,27.61,1.01,1.35,1.07,1.26,1.43
3/6/2022 7:15,0.977,-99,1.93,1575,47.7,74.01,70.33,36.881906,67.13,69.34,68.98,64.33,60.89,25.72,26.51,26.49,27.29,27.99,1.09,1.06,1.07,1.29,1.48
3/6/2022 7:30,1.2,-99,2.37,1575,47.7,72.46,67.39,53.319153,65.31,73.7,69.85,64.64,61.27,26.58,26.01,26.82,27.72,28.35,1.21,0.88,1.06,1.31,1.49
3/6/2022 7:45,1.427,-99,2.82,1574,47.7,73.46,65.36,72.38636,65.79,75.35,70.74,64.94,62.08,26.87,26.21,27.25,28.15,28.66,1.21,0.84,1.06,1.34,1.49
3/6/2022 8:00,1.69,-99,3.34,1573,47.7,73.97,63.57,99.014701,67.06,76.74,72,65.66,63.28,27.02,26.4,27.51,28.53,28.89,1.18,0.8,1.03,1.34,1.46
3/6/2022 8:15,1.868,-99,3.69,1572,47.8,72.24,61.75,126.13616,68.56,78.13,71.91,66.28,64.41,27.1,26.56,27.87,28.79,29.53,1.13,0.76,1.05,1.33,1.47
3/6/2022 8:30,2.035,-99,4.02,1571,47.5,72.01,60.08,194.186364,70.17,79.42,72.83,67.09,66.54,27.17,26.72,28.1,29.01,30.97,1.07,0.72,1.03,1.32,1.5
3/6/2022 8:45,2.186,-99,4.32,1571,47.7,70.79,58.47,195.336972,71.5,80.5,73.84,67.73,65.64,27.33,26.91,28.32,29.36,32.58,1.04,0.69,1.01,1.32,1.69
3/6/2022 9:00,2.328,-99,4.6,1570,47.7,78.32,59,353.134548,71.61,80.8,73.72,67.34,63.74,27.55,27.22,28.71,29.8,33.73,1.05,0.69,1.04,1.37,1.9
3/6/2022 9:15,2.617,-99,5.17,1570,47.2,76.79,59.45,291.49487,69.62,78.2,67.28,62.48,62.52,26.81,26.7,28.83,29.55,34.66,1.07,0.76,1.3,1.55,2.07
3/6/2022 9:30,2.662,-99,5.26,1568,47.3,76,58.26,258.94912,68.26,76.53,64.42,60.67,59.28,26.24,26.28,28.64,29.27,34.89,1.08,0.8,1.4,1.6,2.28
3/6/2022 9:45,2.723,-99,5.38,1567,47,75.04,57.69,332.752361,67.24,75.25,63.66,60.02,57.92,26.28,26.35,28.63,29.28,35.16,1.12,0.85,1.42,1.63,2.39
3/6/2022 10:00,2.794,-99,5.52,1565,47.5,74.9,56.92,279.660051,67.18,74.86,63.4,59.72,54.94,26.32,26.4,28.66,29.39,35.76,1.12,0.87,1.44,1.65,2.64
3/6/2022 10:15,2.865,-99,5.66,1563,47.4,75.09,56.18,326.013089,67.59,75.35,63.09,60.45,52.11,26.29,26.41,28.72,29.56,36.03,1.11,0.85,1.45,1.64,2.85
3/6/2022 10:30,2.88,-99,5.69,1560,47.7,74.32,55.94,481.180706,68.34,75.77,63.37,59.88,50.4,26.23,26.37,28.81,29.82,35.73,1.08,0.83,1.45,1.68,2.9
3/6/2022 10:45,2.855,-99,5.64,1558,47.2,75.47,55.77,371.544265,69.18,76.52,63.65,59.94,51.7,26.18,26.35,28.92,30.09,35.28,1.05,0.81,1.45,1.71,2.76
3/6/2022 11:00,2.849,-99,5.63, ,47.3,76.02,55.85,413.130501,69.95,77.27,63.95,59.56,52.9,26.12,26.26,28.96,30.29,35.04,1.02,0.78,1.44,1.74,2.65
3/6/2022 11:15,2.849,-99,5.63,1556,47.4,75.02,55.92,1112.206637,71.06,77.48,68.74,63.68,54.21,26.08,26.26,28.55,30.58,35.17,0.98,0.77,1.22,1.59,2.6
3/6/2022 11:30,2.834,-99,5.6,1554,47.1,75.42,55.75,1144.91676,72.7,79.3,73.03,68.07,56.09,26.16,26.22,28.03,30.63,35.13,0.93,0.7,1.02,1.4,2.49
3/6/2022 11:45,2.834,-99,5.6,1554,47.1,76.05,55.87,1262.771824,73.47,80.3,74.87,70.11,56.69,26.21,26.18,27.92,30.77,35.02,0.9,0.67,0.95,1.33,2.44
3/6/2022 12:00,2.763,-99,5.46,1553,46.9,76.05,56.51,537.724837,74.59,81.5,76.18,71.31,57.96,26.14,26.09,27.78,30.78,34.71,0.86,0.63,0.89,1.27,2.33
3/6/2022 12:15,2.748,-99,5.43,1553,46.9,76.19,56.61,1228.911095,75.55,82.5,77.14,72.21,58.94,26.05,25.97,27.78,30.91,34.46,0.82,0.59,0.85,1.24,2.24
3/6/2022 12:30,2.667,-99,5.27,1552,46.9,74.92,56.71,1131.109472,76.45,83.4,77.88,72.66,60.59,26.02,25.87,27.75,31.03,33.9,0.79,0.55,0.82,1.23,2.08
3/6/2022 12:45,2.652,-99,5.24,1551,47.2,75.83,57.28,1136.862509,76.68,83.6,78.55,73.35,62.4,26.16,25.96,27.79,31.16,33.42,0.79,0.55,0.8,1.21,1.94
3/6/2022 13:00,2.551,-99,5.04,1550,46.9,75.26,57.57,827.513511,76.87,84,78.71,73.89,64.58,26.23,25.95,27.81,31.27,32.91,0.79,0.54,0.8,1.19,1.77
3/6/2022 13:15,2.434,-99,4.81,1550,47.1,75.81,58.4,459.976657,77.32,84.5,79.7,74.11,66.58,26.27,25.96,27.75,31.35,32.53,0.77,0.52,0.76,1.19,1.64
3/6/2022 13:30,2.348,-99,4.64,1550,47,76.02,58.98,856.114321,77.53,84.9,80.2,74.6,69.21,26.31,25.94,27.71,31.36,31.93,0.77,0.51,0.74,1.16,1.46
3/6/2022 13:45,2.247,-99,4.44,1550,47.1,76.5,59.77,864.332945,77.8,85.1,79.8,75.28,71.02,26.33,25.92,27.87,31.31,31.53,0.76,0.5,0.76,1.13,1.34
3/6/2022 14:00,2.111,-99,4.17,1550,47.1,76.86,60.98,457.346697,78.07,85.6,80.2,76.36,72.55,26.33,25.88,27.86,31.17,31.23,0.75,0.48,0.74,1.07,1.25
3/6/2022 14:15,2.009,-99,3.97,1551,47,77.46,62.37,412.144266,77.9,86.1,80.5,76.9,73.81,26.25,25.72,27.71,31.01,30.89,0.75,0.46,0.72,1.04,1.17
3/6/2022 14:30,1.837,-99,3.63,1551,47.2,77.53,63.47,390.282727,78.79,86.8,81,77.42,75.01,26.01,25.51,27.58,30.92,30.56,0.71,0.43,0.7,1.01,1.09
3/6/2022 14:45,1.711,-99,3.38,1551,46.9,77.19,64.33,651.47059,79.97,87.1,81.2,77.01,75.71,25.84,25.5,27.57,31,30.37,0.67,0.42,0.69,1.03,1.05
3/6/2022 15:00,1.609,-99,3.18,1552,47,77.15,65.12,317.465721,80.4,87.5,81.2,77.02,75.94,25.75,25.47,27.55,30.91,30.21,0.65,0.41,0.69,1.03,1.03
3/6/2022 15:15,1.539,-99,3.04,1550,47.1,77.19,65.72,287.056813,80.6,87.6,81.5,76.96,76.24,25.75,25.41,27.41,30.71,30.08,0.64,0.4,0.68,1.02,1.01
3/6/2022 15:30,1.427,-99,2.82,1551,47.2,78.29,66.82,282.290011,80.8,87.9,81.8,76.98,76.4,25.68,25.33,27.32,30.56,29.94,0.63,0.39,0.66,1.01,1
3/6/2022 15:45,1.361,-99,2.69,1552,47,78.41,67.82,474.277062,81,88.1,82.1,77.94,76.83,25.56,25.21,27.19,30.12,29.72,0.62,0.38,0.65,0.94,0.97
3/6/2022 16:00,1.311,-99,2.59,1551,47,78.87,68.49,447.319976,81.2,88.5,82.8,79.07,77.28,25.49,25.04,26.95,29.62,29.43,0.61,0.37,0.61,0.87,0.93
3/6/2022 16:15,1.24,-99,2.45,1552,46.7,78.46,69.09,232.485151,81.1,88.6,83.5,79.78,77.29,25.46,24.99,26.75,29.25,29.3,0.62,0.36,0.58,0.82,0.93
3/6/2022 16:30,1.194,-99,2.36,1551,47.1,78.72,69.28,554.983947,80.7,88.3,83.6,80.1,77.1,25.48,24.96,26.63,28.94,29.12,0.63,0.37,0.57,0.79,0.92
3/6/2022 16:45,1.144,-99,2.26, ,46.9,78.84,69.71,529.999331,80.2,88,83.6,80.4,76.88,25.43,24.9,26.46,28.52,28.85,0.64,0.38,0.57,0.76,0.92
3/6/2022 17:00,1.124,-99,2.22,1552,47.2,78.03,69.97,406.226857,79.9,87.8,83.6,80.4,77.14,25.37,24.82,26.26,28.08,28.42,0.65,0.38,0.56,0.74,0.89
3/6/2022 17:15,1.012,-99,2,1552,47,77.24,70.28,297.576651,82.7,89.5,86.2,82.1,78.5,25.5,24.98,26.29,27.67,28.25,0.56,0.33,0.47,0.66,0.82
3/6/2022 17:30,0.987,-99,1.95,1554,46.9,77.96,70.57,149.805796,83.3,90.3,86.9,83.6,79.35,25.64,25.09,26.33,27.44,28.1,0.55,0.31,0.45,0.6,0.79
3/6/2022 17:45,0.992,-99,1.96,1554,47.2,78.68,70.83,115.780694,81.9,89.8,86.7,83.1,79.04,25.78,25.07,26.25,27.28,27.8,0.6,0.32,0.45,0.61,0.78
3/6/2022 18:00,0.982,-99,1.94,1554,46.9,79.87,71.5,52.497291,80.3,88.8,86,82.4,79.26,25.83,24.99,26.06,26.96,27.27,0.66,0.35,0.47,0.63,0.75
3/6/2022 18:15,0.941,-99,1.86,1555,46.9,81.07,72.46,14.362877,78.78,87.8,85.2,81.8,79.19,25.72,24.8,25.78,26.51,26.68,0.7,0.38,0.49,0.63,0.73
3/6/2022 18:30,0.901,-99,1.78,1555,47.1,81.42,73.11,-2.567488,77.35,86.5,84.4,81.7,79.3,25.54,24.53,25.37,25.95,25.98,0.74,0.42,0.51,0.61,0.69
3/6/2022 18:45,0.901,-99,1.78,1554,47.2,81.62,73.61,-4.375585,75.72,84.9,83.8,81.2,78.59,25.24,24.35,24.93,25.4,25.53,0.78,0.46,0.51,0.61,0.7
3/6/2022 19:00,0.911,-99,1.8,1556,46.7,82.86,74.28,-4.211213,74.5,81,82.4,80.1,77.08,24.92,24.71,24.66,25.05,25.3,0.8,0.59,0.55,0.63,0.74
3/6/2022 19:15,0.865,-99,1.71,1555,47.3,82.84,74.97,-4.539958,74.3,76.6,80.4,78.53,75.15,24.41,25.33,24.56,24.9,25.25,0.79,0.76,0.6,0.68,0.8
3/6/2022 19:30,0.84,-99,1.66,1556,46.9,82.48,75.4,-4.539958,75.11,74.39,78.72,77.43,73.71,23.83,25.53,24.54,24.73,25.19,0.74,0.84,0.66,0.7,0.84
3/6/2022 19:45,0.805,-99,1.59,1557,47.1,81.16,74.99,-4.70433,75.81,75.23,76.43,76.52,72.24,23.29,24.99,24.77,24.61,25.22,0.69,0.78,0.74,0.73,0.89
3/6/2022 20:00,0.8,-99,1.58,1556,47,81.09,74.92,-4.539958,77.15,77.13,73.45,74.79,70.03,22.82,24.32,25.31,24.8,25.56,0.64,0.7,0.86,0.79,0.98
3/6/2022 20:15,0.774,-99,1.53,1556,47.3,80.71,74.59,-4.539958,77.45,77.62,72.07,73.58,68.84,22.59,24.06,25.48,24.95,26.06,0.62,0.67,0.91,0.83,1.05
3/6/2022 20:30,0.8,-99,1.58,1556,47.1,79.56,74.66,-4.868703,76.9,73.55,71.46,71.78,66.97,22.84,25.15,25.55,25.18,26.87,0.64,0.85,0.93,0.9,1.17
3/6/2022 20:45,0.784,-99,1.55,1556,46.9,78.39,73.94,-4.70433,71.42,65.27,71.06,68.31,63.63,24.2,27.34,25.68,26.01,27.6,0.86,1.26,0.95,1.07,1.34
3/6/2022 21:00,0.759,-99,1.5,1556,47.2,78.99,73.77,-4.868703,69.13,64.91,69.88,66.41,62.47,24.71,27.39,25.93,26.43,27.74,0.96,1.28,1.01,1.16,1.4
3/6/2022 21:15,0.734,-99,1.45,1557,47.1,79.11,74.25,-4.868703,67.67,66.29,69.18,65.72,62.54,24.92,26.88,25.97,26.45,27.19,1.02,1.19,1.03,1.18,1.35
3/6/2022 21:30,0.709,-99,1.4,1557,46.7,79.13,74.28,-4.375585,66.85,65.64,68.78,65.17,62.31,24.97,26.93,25.93,26.43,27.15,1.05,1.22,1.05,1.2,1.36
3/6/2022 21:45,0.709,-99,1.4,1557,47,79.25,74.37,-4.70433,66.28,65.25,68.36,64.79,61.81,24.98,26.9,25.92,26.4,26.99,1.07,1.23,1.06,1.21,1.36
3/6/2022 22:00,0.714,-99,1.41,1557,47,79.49,74.25,-4.539958,66.08,65.04,67.99,64.31,61.45,24.89,26.85,25.87,26.41,27.08,1.07,1.24,1.07,1.23,1.38
3/6/2022 22:15,0.714,-99,1.41,1557,47.3,79.34,74.47,-4.211213,65.33,64.49,67.38,63.86,61.07,25.04,26.9,25.92,26.43,27.03,1.1,1.26,1.09,1.25,1.39
3/6/2022 22:30,0.683,-99,1.35,1558,46.6,79.23,74.35,-4.868703,64.77,63.54,66.97,63.58,60.66,25.06,27.06,25.94,26.41,26.96,1.12,1.3,1.11,1.25,1.4
3/6/2022 22:45,0.658,-99,1.3, ,47,79.11,74.61,-4.375585,64.86,62.32,66.71,63.23,60.09,24.96,27.37,26,26.46,27.03,1.11,1.37,1.12,1.27,1.43
3/6/2022 23:00,0.658,-99,1.3,1557,46.6,79.75,74.83,-4.868703,64.71,61.61,66.31,62.85,59.69,24.92,27.47,26.02,26.49,27.18,1.11,1.41,1.13,1.29,1.45
3/6/2022 23:15,0.658,-99,1.3,1559,46.6,79.2,75.04,-4.375585,64.58,61.31,65.99,62.43,59.27,24.87,27.46,26.03,26.51,27.3,1.11,1.42,1.15,1.3,1.48
3/6/2022 23:30,0.633,-99,1.25,1559,46.5,78.48,74.75,-4.868703,64.11,60.95,65.83,62.1,59.11,24.92,27.51,26.02,26.55,27.13,1.13,1.43,1.15,1.32,1.47
3/6/2022 23:45,0.633,-99,1.25,1558,46.7,79.11,74.59,-4.868703,63.79,60.76,65.51,61.9,58.81,25.01,27.61,26.13,26.63,27.21,1.15,1.45,1.17,1.33,1.49
3/7/2022 0:00,0.628,-99,1.24,1559,46.7,77.93,74.59,-4.539958,63.79,59.71,65.09,61.71,58.3,25.07,27.95,26.29,26.74,27.43,1.15,1.52,1.19,1.34,1.52
3/7/2022 0:15,0.628,-99,1.24,1559,47,78.84,74.37,-4.539958,63.91,59.68,65,61.47,58.11,25.06,28,26.35,26.84,27.49,1.15,1.52,1.2,1.36,1.54
3/7/2022 0:30,0.602,-99,1.19,1560,46.7,78.8,74.68,-4.539958,64.29,59.86,64.81,61.43,58.02,24.97,27.97,26.4,26.86,27.54,1.13,1.51,1.21,1.36,1.54
3/7/2022 0:45,0.602,-99,1.19,1560,47,78.68,74.92,-4.868703,64.48,60.34,64.98,61.44,58.15,24.93,27.81,26.36,26.84,27.47,1.12,1.48,1.2,1.36,1.53
3/7/2022 1:00,0.602,-99,1.19,1560,46.9,78.89,74.78,-5.197448,64.53,60.46,64.92,61.35,58.14,24.88,27.74,26.35,26.84,27.47,1.12,1.47,1.2,1.37,1.53
3/7/2022 1:15,0.582,-99,1.15,1560,46.9,78.77,75.02,-4.375585,64.47,61.31,64.88,61.44,58.5,24.89,27.46,26.34,26.8,27.35,1.12,1.42,1.2,1.36,1.51
3/7/2022 1:30,0.552,-99,1.09,1561,46.5,79.15,75.02,-4.868703,64.28,60.97,64.85,61.39,58.3,24.91,27.55,26.31,26.78,27.37,1.13,1.44,1.2,1.36,1.52
3/7/2022 1:45,0.582,-99,1.15,1561,46.4,78.72,74.97,-5.033075,63.87,60.46,64.86,61.38,58.11,25,27.68,26.31,26.78,27.43,1.14,1.47,1.2,1.36,1.53
3/7/2022 2:00,0.582,-99,1.15,1561,46.7,78.72,74.97,-4.70433,63.68,60.04,64.74,61.24,58,25.02,27.82,26.34,26.83,27.47,1.15,1.49,1.21,1.37,1.54
3/7/2022 2:15,0.557,-99,1.1,1562,46.6,78.7,75.3,-4.375585,63.71,60.2,64.51,61.22,58.02,25.02,27.77,26.42,26.82,27.45,1.15,1.48,1.22,1.37,1.54
3/7/2022 2:30,0.531,-99,1.05,1562,46.9,78.72,75.33,-4.868703,63.16,59.93,64.57,61.04,57.85,25.15,27.82,26.39,26.85,27.49,1.18,1.5,1.22,1.38,1.55
3/7/2022 2:45,0.552,-99,1.09,1561,46.9,78.68,75.3,-4.868703,62.97,59.84,64.56,60.97,57.82,25.19,27.83,26.35,26.88,27.51,1.19,1.5,1.22,1.38,1.55
3/7/2022 3:00,0.552,-99,1.09,1561,46.9,78.84,75.45,-4.375585,62.76,59.61,64.21,60.82,57.71,25.19,27.9,26.4,26.89,27.51,1.19,1.52,1.23,1.39,1.55
3/7/2022 3:15,0.557,-99,1.1,1561,46.7,78.82,75.42,-5.033075,63.33,59.52,64.09,60.82,57.71,25.03,27.94,26.46,26.9,27.51,1.16,1.52,1.24,1.39,1.55
3/7/2022 3:30,0.552,-99,1.09,1562,46.6,79.11,75.3,-4.868703,63.29,59.34,64.14,60.8,57.64,25.06,27.97,26.45,26.9,27.53,1.17,1.53,1.24,1.39,1.56
3/7/2022 3:45,0.557,-99,1.1,1563,47.2,78.6,75.21,-4.539958,63.24,59.22,64.13,60.78,57.46,25.07,28,26.45,26.92,27.56,1.17,1.54,1.24,1.39,1.57
3/7/2022 4:00,0.531,-99,1.05,1561,46.9,79.78,75.57,-4.539958,63.78,58.98,64.02,60.57,57.4,24.89,28.07,26.46,26.92,27.56,1.14,1.56,1.24,1.4,1.57
3/7/2022 4:15,0.557,-99,1.1,1562,46.7,79.03,75.62,-4.70433,63.58,58.98,63.78,60.62,57.39,24.94,28.04,26.48,26.9,27.55,1.15,1.55,1.25,1.4,1.57
3/7/2022 4:30,0.531,-99,1.05,1562,46.6,79.08,75.66,-4.70433,63.57,59.06,63.75,60.47,57.24,24.9,27.97,26.47,26.91,27.56,1.15,1.54,1.25,1.4,1.58
3/7/2022 4:45,0.557,-99,1.1, ,46.9,78.65,75.26,-4.539958,63.75,58.66,63.76,60.43,57.21,24.84,28.08,26.45,26.89,27.53,1.14,1.57,1.25,1.4,1.57
3/7/2022 5:00,0.557,-99,1.1,1565,46.7,79.2,75.4,-5.197448,63.96,58.36,63.79,60.43,57.05,24.78,28.16,26.44,26.9,27.61,1.13,1.59,1.25,1.4,1.59
3/7/2022 5:15,0.557,-99,1.1,1563,46.6,79.06,75.28,-4.539958,64.01,58.36,63.77,60.45,57.03,24.73,28.16,26.43,26.87,27.57,1.12,1.59,1.25,1.4,1.58
3/7/2022 5:30,0.582,-99,1.15,1564,46.9,78.99,75.21,-4.70433,63.95,58.53,63.55,60.31,57.05,24.74,28.09,26.49,26.9,27.55,1.12,1.58,1.26,1.41,1.58
3/7/2022 5:45,0.557,-99,1.1,1564,47,78.82,75.42,-4.539958,64.22,58.48,63.38,60.2,57,24.68,28.11,26.52,26.9,27.57,1.11,1.58,1.27,1.41,1.59
3/7/2022 6:00,0.582,-99,1.15,1565,46.5,79.49,75.3,-4.70433,64.06,58.51,63.54,60.19,56.96,24.71,28.1,26.48,26.93,27.58,1.12,1.58,1.26,1.41,1.59
3/7/2022 6:15,0.557,-99,1.1,1565,46.4,78.75,75.38,-4.868703,64.05,58.38,63.6,60.36,57.02,24.71,28.13,26.47,26.87,27.57,1.12,1.59,1.26,1.4,1.58
3/7/2022 6:30,0.557,-99,1.1,1565,46.9,79.18,75.4,-4.211213,63.49,58.3,63.64,60.3,56.86,24.87,28.13,26.43,26.88,27.59,1.15,1.59,1.25,1.41,1.59
3/7/2022 6:45,0.607,-99,1.2,1565,46.9,79.15,74.99,0.226844,63.03,57.94,63.74,60.21,56.71,24.99,28.23,26.4,26.87,27.62,1.17,1.61,1.25,1.41,1.6
3/7/2022 7:00,0.678,-99,1.34,1564,47.2,77.43,74.49,16.335347,62.94,58.31,63.74,60.2,56.83,25.05,28.14,26.41,26.88,27.6,1.18,1.59,1.25,1.41,1.59
3/7/2022 7:15,1.022,-99,2.02,1563,47.1,74.16,69.81,38.525631,61.12,64.8,64.26,60.12,56.68,26.03,26.66,26.61,27.28,28.02,1.31,1.23,1.25,1.45,1.64
3/7/2022 7:30,1.26,-99,2.49,1562,46.9,73.44,66.75,56.770975,59.15,69.49,65.91,60.45,57.2,27.11,26.17,26.9,27.84,28.5,1.47,1.04,1.21,1.48,1.67
3/7/2022 7:45,1.498,-99,2.96,1562,46.9,73.7,64.69,73.536968,60.53,71.34,67.37,61.08,58.52,27.31,26.45,27.35,28.28,28.77,1.43,0.99,1.19,1.5,1.64
3/7/2022 8:00,1.696,-99,3.35,1560,46.6,72.48,62.68,102.466523,63.23,73.19,67.54,61.97,60.06,27.22,26.59,27.79,28.57,29.11,1.33,0.93,1.21,1.49,1.61
3/7/2022 8:15,1.863,-99,3.68,1560,47,72.01,60.77,131.067334,65.72,75.09,68.13,63.28,64.7,27.2,26.75,28.15,28.85,30.24,1.24,0.88,1.22,1.46,1.52
3/7/2022 8:30,1.994,-99,3.94,1560,46.7,70.98,59.53,196.651952,67.67,76.66,69.91,64.11,65.14,27.34,26.95,28.32,29.18,32.08,1.18,0.83,1.16,1.45,1.67
3/7/2022 8:45,2.111,-99,4.17,1558,46.6,71,58.59,228.211467,69.19,77.53,70.86,64.86,63.12,27.59,27.3,28.66,29.65,33.94,1.14,0.82,1.14,1.46,1.96
3/7/2022 9:00,2.288,-99,4.52,1557,47,77.46,58.69,280.153169,69.21,77.61,70.46,64.84,61.12,27.85,27.69,29.17,30.19,35.55,1.15,0.83,1.19,1.51,2.25
3/7/2022 9:15,2.546,-99,5.03,1559,46.7,77.72,59.72,242.511872,71.98,76.88,65.05,61.27,56.44,26.37,27.01,29.2,30.12,35.7,0.96,0.82,1.42,1.65,2.55
3/7/2022 9:30,2.571,-99,5.08,1558,46.5,76.55,59.02,263.551549,72.32,77.41,64.3,59.89,55.06,25.7,26.32,28.89,29.86,34.98,0.91,0.77,1.42,1.69,2.52
3/7/2022 9:45,2.632,-99,5.2,1558,46.4,75.64,58.5,339.98475,71.95,76.98,63.61,59.42,53.65,25.67,26.28,28.86,30.04,35.02,0.92,0.79,1.45,1.73,2.61
3/7/2022 10:00,2.687,-99,5.31,1556,46.5,75.59,57.54,292.15236,71.96,76.98,63.36,58.5,52.64,25.69,26.27,28.92,30.33,35.16,0.93,0.79,1.46,1.79,2.69
3/7/2022 10:15,2.708,-99,5.35,1556,46.6,75.35,56.92,346.724021,72.5,77.3,63.31,58.41,52.57,25.69,26.29,29.03,30.62,35.75,0.91,0.78,1.47,1.83,2.78
3/7/2022 10:30,2.748,-99,5.43,1554,46.4,75.21,56.63,519.808237,73.07,77.73,63.34,58.13,51.97,25.72,26.3,29.13,30.87,36.4,0.89,0.76,1.48,1.87,2.92
3/7/2022 10:45,2.763,-99,5.46, ,46.3,75.45,56.32,380.749124,74.04,78.29,63.52,58.36,51.58,25.65,26.3,29.19,31.07,37.28,0.85,0.74,1.48,1.88,3.08
3/7/2022 11:00,2.713,-99,5.36,1553,46.6,76.5,56.3,432.362081,74.78,78.85,64.38,58.06,49.04,25.64,26.34,29.21,31.26,37.58,0.83,0.73,1.44,1.91,3.3
3/7/2022 11:15,2.728,-99,5.39,1551,46.6,75.85,56.8,998.460885,75.6,79.95,70.53,65.81,51.43,25.66,26.14,28.81,31.42,37.17,0.8,0.68,1.17,1.57,3.08
3/7/2022 11:30,2.693,-99,5.32,1550,46.2,75.85,56.8,1185.516761,77.26,82.5,75.34,69.82,54.22,25.74,25.99,28.21,31.51,36.8,0.75,0.59,0.94,1.4,2.84
3/7/2022 11:45,2.693,-99,5.32,1549,46.9,76,56.92,1241.23903,78.13,83.6,77.73,71.03,55.87,25.8,25.94,27.94,31.71,36.48,0.73,0.55,0.84,1.36,2.69
3/7/2022 12:00,2.662,-99,5.26,1550,46.5,75.5,57.02,530.821193,79.04,84.7,78.83,71.53,57.58,25.81,25.89,27.88,31.86,35.82,0.7,0.51,0.79,1.34,2.5
3/7/2022 12:15,2.591,-99,5.12,1548,46.2,76.38,57.59,1323.58964,79.84,85.6,79.61,72.07,59.07,25.76,25.79,27.82,32.02,35.61,0.67,0.48,0.76,1.33,2.38
3/7/2022 12:30,2.51,-99,4.96,1549,46.3,75.85,57.92,1240.910285,80.6,86.5,80.6,72.38,60.87,25.69,25.73,27.75,32.15,34.83,0.64,0.45,0.72,1.32,2.18
3/7/2022 12:45,2.439,-99,4.82,1548,46.4,76.24,58.38,1177.626882,81.2,87.4,80.9,72.95,63,25.67,25.64,27.78,32.2,34.18,0.62,0.41,0.71,1.3,1.99
3/7/2022 13:00,2.409,-99,4.76,1548,46.3,76.14,58.79,795.953995,81.7,87.8,81.5,73.51,65,25.67,25.6,27.76,32.22,33.63,0.6,0.4,0.69,1.28,1.82
3/7/2022 13:15,2.278,-99,4.5,1547,46.3,76.36,59.65,468.85277,82.2,88.1,81.6,74.49,67.3,25.72,25.64,27.84,32.21,33.15,0.59,0.39,0.69,1.23,1.66
3/7/2022 13:30,2.207,-99,4.36,1547,46.2,76.24,60.05,936.163717,82.5,88.5,82,74.88,69.86,25.72,25.62,27.85,32.24,32.6,0.58,0.38,0.67,1.21,1.48
3/7/2022 13:45,2.151,-99,4.25,1548,46.2,76.81,60.94,927.123231,82.4,88.6,82.2,75.02,71.01,25.69,25.56,27.77,32.17,32.28,0.58,0.37,0.66,1.2,1.4
3/7/2022 14:00,2.04,-99,4.03,1548,46.6,76.48,61.46,519.97261,82.9,88.9,82.3,75.84,72.3,25.71,25.53,27.75,31.95,31.91,0.57,0.36,0.66,1.15,1.31
3/7/2022 14:15,1.918,-99,3.79,1548,46.5,76.62,62.3,417.075441,82.7,88.9,82.5,76.46,73.28,25.89,25.6,27.76,31.76,31.61,0.58,0.36,0.65,1.1,1.24
3/7/2022 14:30,1.802,-99,3.56,1548,46.2,77.19,63.52,512.411476,82,88.5,82.3,76.67,74.39,25.93,25.65,27.77,31.62,31.23,0.6,0.38,0.66,1.09,1.17
3/7/2022 14:45,1.66,-99,3.28,1548,46.1,77.41,64.74,377.626047,81.7,88.3,82.2,76.21,75.08,25.95,25.63,27.79,31.62,30.97,0.61,0.38,0.66,1.11,1.12
3/7/2022 15:00,1.569,-99,3.1,1548,46.2,78.25,65.36,320.588798,81.7,88.3,82,76.23,75.84,25.92,25.62,27.77,31.51,30.72,0.61,0.38,0.67,1.1,1.07
3/7/2022 15:15,1.458,-99,2.88,1549,46.5,78.7,66.84,332.752361,81.3,88,81.7,77.43,76.89,25.84,25.41,27.46,31.47,30.71,0.62,0.39,0.67,1.04,1.02
3/7/2022 15:30,1.382,-99,2.73,1549,46.2,78.1,67.27,336.6973,81,88,82.9,77,77.15,25.78,25.27,27.07,31.62,30.68,0.63,0.39,0.61,1.07,1.01
3/7/2022 15:45,1.306,-99,2.58,1549,46.1,77.96,68.06,387.981513,80.7,87.8,83.3,77.3,77.16,25.78,25.24,26.92,31.34,30.51,0.64,0.39,0.59,1.04,1
3/7/2022 16:00,1.26,-99,2.49,1549,45.8,78.22,68.56,351.98394,80.2,87.5,83,77.9,77.11,25.76,25.22,26.89,30.89,30.31,0.66,0.4,0.6,0.99,0.99
3/7/2022 16:15,1.21,-99,2.39,1549,46.5,77.81,68.85,288.20742,80.1,87.4,82.2,78.74,77.05,25.78,25.2,26.93,30.42,30.12,0.66,0.4,0.63,0.92,0.98
3/7/2022 16:30,1.159,-99,2.29,1550,46.2,79.49,69.26,579.146701,79.73,86.9,81.7,78.75,76.72,25.7,25.21,26.85,30.06,29.87,0.67,0.42,0.65,0.9,0.98
3/7/2022 16:45,1.154,-99,2.28, ,46.4,80.11,70.05,513.233338,79.42,86.8,81.6,79.07,76.78,25.63,25.06,26.7,29.62,29.53,0.68,0.42,0.64,0.87,0.96
3/7/2022 17:00,1.078,-99,2.13,1549,46.1,78.51,70.36,404.254388,79.56,87.2,81.5,79.39,76.87,25.42,24.8,26.46,29.14,29.11,0.66,0.4,0.64,0.83,0.93
3/7/2022 17:15,1.017,-99,2.01,1551,46.3,77.38,70.4,249.908633,82.5,89.4,84.8,80.3,77.81,25.5,25.02,26.31,28.73,28.74,0.57,0.34,0.52,0.78,0.88
3/7/2022 17:30,0.967,-99,1.91,1550,46.1,78.1,70.67,153.586363,82.4,89.6,86.1,81,78.32,25.64,25.1,26.26,28.33,28.39,0.58,0.33,0.47,0.73,0.84
3/7/2022 17:45,0.946,-99,1.87,1551,46.4,79.42,71.43,112.657617,80.6,88.4,85.3,80.8,78.42,25.82,25.2,26.22,27.76,27.82,0.65,0.37,0.5,0.72,0.81
3/7/2022 18:00,1.058,-99,2.09,1550,46.2,80.76,71.24,48.059234,79.13,87.1,84.4,80.8,78.2,25.82,25.17,26.07,27.09,27.23,0.69,0.41,0.53,0.69,0.79
3/7/2022 18:15,0.946,-99,1.87,1551,46.1,81.4,73.08,8.116723,77.91,86.1,83.6,78.89,75.92,25.79,25.02,25.87,26.73,27.05,0.73,0.44,0.55,0.74,0.86
3/7/2022 18:30,0.876,-99,1.73,1552,46.1,82.4,73.92,-1.909998,77.08,84.7,83,79.14,77.5,25.25,24.79,25.41,26.22,26.14,0.74,0.48,0.55,0.71,0.76
3/7/2022 18:45,0.886,-99,1.75,1552,46,81.76,74.06,-4.211213,77.18,83.7,83,79.74,78.25,24.62,24.42,24.79,25.44,25.36,0.71,0.5,0.53,0.66,0.7
3/7/2022 19:00,0.83,-99,1.64,1553,46.2,82.31,74.54,-4.70433,76.98,78.72,81.6,79.6,76.77,24.13,25.13,24.59,24.95,25.24,0.69,0.68,0.57,0.64,0.75
3/7/2022 19:15,0.835,-99,1.65,1552,46.3,82.57,74.73,-4.70433,76.83,75.7,79.49,78.45,74.94,23.79,25.52,24.65,24.78,25.22,0.68,0.79,0.64,0.67,0.8
3/7/2022 19:30,0.815,-99,1.61,1553,46.3,81.95,75.66,-4.375585,77.18,74.02,78.11,77.64,74.04,23.44,25.7,24.67,24.66,25.14,0.66,0.86,0.68,0.69,0.83
3/7/2022 19:45,0.779,-99,1.54,1553,46.2,81.81,75.16,-4.70433,77.57,73.74,77.04,76.91,72.98,23.11,25.51,24.68,24.56,25.1,0.63,0.86,0.71,0.71,0.86
3/7/2022 20:00,0.749,-99,1.48,1553,46.5,81.11,75.3,-4.375585,78.01,76.41,74.28,75.47,71.3,22.8,24.63,25.18,24.72,25.33,0.61,0.73,0.82,0.76,0.93
3/7/2022 20:15,0.749,-99,1.48,1553,46.3,80.52,75.14,-4.70433,77.81,77.79,72.55,73.69,69.68,22.71,24.16,25.44,24.97,25.6,0.61,0.67,0.89,0.83,1
3/7/2022 20:30,0.744,-99,1.47,1554,46.3,80.59,75.21,-4.868703,77.72,77.7,71.27,72.54,68.78,22.61,24.05,25.63,25.08,25.71,0.61,0.67,0.94,0.87,1.03
3/7/2022 20:45,0.693,-99,1.37,1553,46.2,80.66,75.26,-4.868703,77.66,78.02,70.35,71.76,68.05,22.52,23.87,25.77,25.19,25.86,0.61,0.65,0.98,0.9,1.07
3/7/2022 21:00,0.693,-99,1.37,1554,46.2,80.61,75.23,-4.375585,77.48,77.67,69.02,70.92,67.52,22.49,23.85,26.01,25.28,25.81,0.61,0.66,1.04,0.94,1.08
3/7/2022 21:15,0.719,-99,1.42,1554,46.3,79.92,74.97,-4.70433,76.78,77.87,67.91,69.98,66.58,22.45,23.61,26.16,25.37,25.87,0.63,0.65,1.09,0.97,1.11
3/7/2022 21:30,0.688,-99,1.36,1553,46.2,79.03,74.54,-4.70433,76.43,75.78,65.83,68.14,64.07,22.52,24.3,26.63,25.78,26.45,0.64,0.74,1.19,1.06,1.24
3/7/2022 21:45,0.704,-99,1.39,1554,46.4,78.2,74.13,-4.70433,73.48,64.35,65.81,66.6,60.98,23.35,27.46,26.78,26.27,27.38,0.76,1.31,1.2,1.14,1.42
3/7/2022 22:00,0.658,-99,1.3,1554,45.8,78.46,74.37,-4.70433,71.17,60.36,65.82,65.31,59.83,23.9,28.56,26.82,26.62,27.75,0.86,1.55,1.21,1.21,1.5
3/7/2022 22:15,0.633,-99,1.25,1558,46.3,79.44,74.9,-4.70433,69.03,62.12,67.14,64.61,59.93,24.41,27.94,26.42,26.72,27.65,0.95,1.43,1.13,1.24,1.48
3/7/2022 22:30,0.683,-99,1.35,1559,46.2,79.34,74.47,-4.539958,67.85,65.08,68.07,64.47,60.28,24.7,27.02,26.13,26.69,27.5,1,1.25,1.08,1.24,1.46
3/7/2022 22:45,0.658,-99,1.3,1560,46.2,79.44,74.9,-4.539958,67.01,68.46,69.49,64.98,61.1,24.79,26.03,25.69,26.44,27.19,1.03,1.06,1.01,1.21,1.4
3/7/2022 23:00,0.658,-99,1.3,1560,45.8,79.08,74.95,-4.539958,66.04,67.42,69.44,64.81,60.69,24.99,26.3,25.66,26.49,27.28,1.08,1.11,1.01,1.22,1.42
3/7/2022 23:15,0.633,-99,1.25,1560,45.8,79.08,74.95,-5.033075,65.31,66.97,68.57,64.22,60.41,25.15,26.38,25.85,26.58,27.33,1.11,1.14,1.05,1.24,1.44
3/7/2022 23:30,0.607,-99,1.2,1560,46.2,78.82,75.04,-4.70433,65.26,66.55,68.25,63.85,60.11,25.13,26.45,25.92,26.66,27.37,1.11,1.15,1.06,1.26,1.45
3/7/2022 23:45,0.633,-99,1.25,1560,46.1,79.08,74.95,-4.70433,64.7,66.58,67.99,63.63,59.93,25.21,26.41,25.94,26.67,27.38,1.13,1.15,1.07,1.27,1.46
3/8/2022 0:00,0.607,-99,1.2,1560,46,82.72,75.23,-5.033075,64.91,66.66,68.04,63.67,59.79,25.22,26.42,25.92,26.69,27.39,1.13,1.15,1.07,1.27,1.47
3/8/2022 0:15,0.592,-99,1.17,1561,46.1,87.23,78.63,-4.868703,71.18,75.02,74.63,73.71,63.88,24.43,25.12,25.16,25.44,26.89,0.88,0.8,0.81,0.85,1.28
3/8/2022 0:30,0.592,-99,1.17,1562,46.1,79.78,76.28,-4.539958,77.84,75.11,78.02,78.9,67.9,23.5,25.87,24.98,24.7,26.68,0.64,0.83,0.7,0.66,1.12
3/8/2022 0:45,0.582,-99,1.15,1563,46.2,77.5,75.28,-4.539958,79.24,75.11,73.73,77.27,66,23.29,26.03,26.31,25.4,27.4,0.59,0.84,0.9,0.74,1.24
3/8/2022 1:00,0.531,-99,1.05,1564,46.1,79.34,75.19,-4.868703,79.02,71.18,71.61,73.66,64.38,23.49,27.09,26.8,26.12,27.83,0.61,1.03,1,0.89,1.33
3/8/2022 1:15,0.562,-99,1.11,1569,48.1,82.4,76.07,-4.70433,78.25,74.86,74.92,77.51,66.16,23.87,26.2,26.16,25.6,27.48,0.64,0.86,0.85,0.74,1.24
3/8/2022 1:30,0.592,-99,1.17,1569,47.8,80.23,76.36,-4.539958,81.1,76.29,76.87,79.25,68.62,23.3,26.13,25.76,25.25,26.99,0.54,0.8,0.77,0.67,1.12
3/8/2022 1:45,0.557,-99,1.1,1568,47.8,78.22,75.59,-4.868703,80.2,73.15,76.2,78.1,67.45,23.35,26.69,25.88,25.43,27.21,0.57,0.94,0.79,0.71,1.17
3/8/2022 2:00,0.536,-99,1.06,1569,48.1,79.7,75.85,-4.868703,79.94,74.61,72.69,76.47,65.53,23.33,26.24,26.64,25.75,27.61,0.57,0.87,0.95,0.78,1.27
3/8/2022 2:15,0.567,-99,1.12,1573,47.9,83.67,76.43,-4.539958,79.68,75.93,74.95,79.35,66.83,23.67,25.97,26.18,25.25,27.36,0.59,0.81,0.85,0.66,1.21
3/8/2022 2:30,0.597,-99,1.18,1573,48,80.3,76.79,-4.375585,81.7,77,76.27,79.79,68.53,23.07,25.81,25.9,25.12,26.98,0.52,0.76,0.79,0.64,1.12
3/8/2022 2:45,0.542,-99,1.07,1572,48.1,79.51,76.43,-4.04684,82.4,79.26,72.86,78.32,66.41,22.83,25.2,26.74,25.51,27.59,0.49,0.66,0.95,0.71,1.24
3/8/2022 3:00,0.506,-99,1,1574,48.2,78.72,76.07,-4.70433,81.5,75.2,72.23,75.74,65.14,23.02,26.04,26.81,25.89,27.77,0.52,0.84,0.98,0.81,1.3
3/8/2022 3:15,0.531,-99,1.05,1574,48.1,78.46,75.45,-4.539958,81.2,76.59,70.25,73.55,63.9,23.05,25.65,27.24,26.33,28.05,0.53,0.77,1.08,0.91,1.37
3/8/2022 3:30,0.481,-99,0.95,1573,48,79.49,76.02,-4.868703,79.75,70.3,71.08,71.8,63.72,23.33,27.18,26.82,26.45,27.93,0.58,1.07,1.02,0.97,1.37
3/8/2022 3:45,0.506,-99,1,1574,48,79.15,76.09,-4.539958,78.25,67.48,71.45,70.92,63.76,23.45,27.7,26.58,26.46,27.77,0.63,1.21,0.99,1,1.35
3/8/2022 4:00,0.481,-99,0.95,1574,47.8,79.2,76.14,-5.033075,77.11,65.82,71.35,70.06,63.37,23.58,27.99,26.47,26.49,27.76,0.67,1.29,0.99,1.04,1.37
3/8/2022 4:15,0.506,-99,1,1574,48,78.96,75.9,-4.211213,76.14,65.14,70.63,69.48,63.2,23.63,28.04,26.48,26.51,27.66,0.7,1.32,1.02,1.06,1.36
3/8/2022 4:30,0.531,-99,1.05, ,48.1,78.94,75.52,-4.539958,75.86,64.38,70.36,68.97,62.82,23.57,28.14,26.46,26.47,27.64,0.7,1.36,1.02,1.07,1.38
3/8/2022 4:45,0.506,-99,1,1575,48,78.89,75.47,-4.539958,75.13,64.21,69.94,68.34,62.43,23.6,28.05,26.47,26.53,27.65,0.72,1.36,1.04,1.1,1.39
3/8/2022 5:00,0.531,-99,1.05,1575,47.8,78.63,75.62,-4.375585,74.43,64.05,69.48,67.87,62.05,23.65,28.04,26.49,26.56,27.66,0.75,1.36,1.06,1.12,1.41
3/8/2022 5:15,0.531,-99,1.05,1576,47.8,78.7,75.69,-4.375585,73.94,63.47,69.13,67.26,61.84,23.68,28.11,26.49,26.61,27.66,0.76,1.39,1.07,1.14,1.41
3/8/2022 5:30,0.506,-99,1,1576,48,78.15,75.52,-4.868703,73.25,63.21,68.78,66.76,61.62,23.7,28.09,26.5,26.65,27.61,0.78,1.4,1.08,1.16,1.42
3/8/2022 5:45,0.531,-99,1.05,1577,48,78.63,75.62,-4.70433,72.78,62.95,68.62,66.49,61.32,23.79,28.1,26.47,26.65,27.64,0.8,1.41,1.08,1.17,1.43
3/8/2022 6:00,0.506,-99,1,1577,47.7,78.41,75.4,-4.868703,72.28,62.65,68.34,66.44,61,23.81,28.1,26.48,26.59,27.64,0.82,1.42,1.09,1.17,1.44
3/8/2022 6:15,0.531,-99,1.05,1578,47.9,78.89,75.47,-4.70433,71.94,61.69,67.76,66.1,60.74,23.8,28.32,26.53,26.59,27.61,0.83,1.48,1.12,1.18,1.45
3/8/2022 6:30,0.506,-99,1,1578,48,78.17,75.52,-3.882468,71.46,60.96,67.56,66.07,60.57,23.85,28.44,26.53,26.53,27.59,0.84,1.51,1.13,1.18,1.46
3/8/2022 6:45,0.506,-99,1,1578,47.8,78.75,75.74,1.048706,71,60.46,67.24,65.58,60.22,23.9,28.49,26.51,26.57,27.62,0.86,1.54,1.13,1.2,1.47
3/8/2022 7:00,0.602,-99,1.19,1578,47.8,76.69,74.49,16.992836,71.02,60.69,67.04,65.16,60.02,23.9,28.38,26.52,26.59,27.61,0.86,1.52,1.14,1.21,1.48
3/8/2022 7:15,0.911,-99,1.8,1577,47.5,72.29,69.69,42.799315,64.21,66.82,67.85,64.21,59.63,26.16,26.94,26.54,27.12,28.06,1.21,1.18,1.12,1.29,1.53
3/8/2022 7:30,1.108,-99,2.19,1576,47.4,71.46,66.79,65.153972,60.43,72.57,68.78,63.61,59.78,27.6,26.15,26.93,27.87,28.6,1.46,0.93,1.11,1.37,1.57
3/8/2022 7:45,1.387,-99,2.74,1575,48,72.39,64.74,74.35883,62.08,74.23,69.53,63.8,60.52,27.61,26.38,27.41,28.29,28.92,1.4,0.89,1.11,1.39,1.57
3/8/2022 8:00,1.655,-99,3.27,1576,47.9,72.72,63.11,110.19203,64.4,75.43,70.13,64.52,61.54,27.47,26.58,27.79,28.58,29.19,1.3,0.85,1.12,1.39,1.56
3/8/2022 8:15,1.868,-99,3.69,1574,47.8,72.68,61.51,146.025229,66.68,77.02,69.98,65.16,63.05,27.35,26.69,28.16,28.82,29.83,1.21,0.8,1.15,1.38,1.55
3/8/2022 8:30,2.05,-99,4.05,1575,47.9,72.99,60.03,172.817943,68.67,78.51,71.14,65.88,64.79,27.3,26.79,28.27,29.06,31.3,1.14,0.76,1.11,1.37,1.61
3/8/2022 8:45,2.146,-99,4.24,1574,47.5,71.69,58.88,232.156406,70.15,79.37,72.62,66.44,63.85,27.36,26.97,28.34,29.35,32.82,1.09,0.73,1.06,1.37,1.8
3/8/2022 9:00,2.323,-99,4.59,1573,47.8,77.46,58.45,216.705394,70.53,79.88,72.71,66.09,62.26,27.51,27.2,28.59,29.71,33.81,1.08,0.73,1.07,1.42,1.99
3/8/2022 9:15,2.612,-99,5.16,1574,47.9,78.1,58.81,228.540212,69.46,76.95,66.6,61.52,60.32,26.5,26.82,28.79,29.53,34.43,1.06,0.81,1.32,1.59,2.16
3/8/2022 9:30,2.617,-99,5.17,1573,47.7,77.58,58.57,265.359646,67.09,75.05,63.28,59.04,58.08,26.24,26.37,28.63,29.24,34.45,1.12,0.86,1.44,1.66,2.29
3/8/2022 9:45,2.687,-99,5.31,1572,47.7,76.67,57.73,353.134548,65.42,73.79,62.57,57.84,57.17,26.33,26.45,28.56,29.24,34.54,1.19,0.9,1.46,1.71,2.35
3/8/2022 10:00,2.738,-99,5.41,1570,47.5,76.72,57.33,297.083534,64.94,73.1,61.86,57.74,56.08,26.37,26.48,28.61,29.35,35.14,1.2,0.93,1.49,1.73,2.49
3/8/2022 10:15,2.794,-99,5.52,1568,47.4,75.83,56.78,446.498114,65,72.9,60.9,57.82,53.03,26.39,26.55,28.78,29.48,35.75,1.2,0.94,1.55,1.74,2.75
3/8/2022 10:30,2.844,-99,5.62,1567,47.8,75.21,56.42,531.807428,65.42,72.96,60.99,57.56,50.51,26.39,26.56,28.9,29.67,36.06,1.19,0.94,1.55,1.77,2.95
3/8/2022 10:45,2.91,-99,5.75,1564,47.4,74.83,55.96,362.175034,65.97,73.52,61.07,57.57,50.59,26.38,26.58,28.98,29.96,35.91,1.17,0.92,1.56,1.8,2.92
3/8/2022 11:00,2.824,-99,5.58,1562,47,75.81,56.32,427.102162,66.86,74.13,61.55,57.42,50.28,26.36,26.57,29.03,30.22,35.27,1.14,0.9,1.54,1.83,2.84
3/8/2022 11:15,2.87,-99,5.67,1562,47.4,75.45,56.73,1170.887611,68.69,74.5,66.1,62.6,53.29,26.22,26.58,28.77,30.53,34.74,1.07,0.89,1.34,1.64,2.59
3/8/2022 11:30,2.804,-99,5.54,1559,47.2,75.11,56.75,1337.232556,70.56,76.46,70.48,66.44,55.67,26.3,26.59,28.25,30.63,34.76,1.01,0.82,1.13,1.48,2.46
3/8/2022 11:45,2.804,-99,5.54,1557,47.1,75.93,56.83,1217.405021,71.81,77.78,72.56,68.3,57.09,26.31,26.54,28.14,30.73,34.58,0.97,0.77,1.05,1.4,2.36
3/8/2022 12:00,2.794,-99,5.52,1556,46.9,75.76,56.99,512.411476,73.45,79,74.02,70.47,58.61,26.15,26.44,28.07,30.85,34.41,0.9,0.72,0.99,1.32,2.25
3/8/2022 12:15,2.723,-99,5.38,1555,47.1,75.57,57.26,1274.771015,74.71,80.3,75.33,71.5,59.67,26.04,26.29,27.98,31.09,34.13,0.85,0.67,0.93,1.29,2.16
3/8/2022 12:30,2.662,-99,5.26,1554,46.9,75.14,57.4,1217.405021,75.91,81.7,76.56,71.61,61.5,25.96,26.16,27.91,31.35,33.49,0.81,0.62,0.88,1.3,1.99
3/8/2022 12:45,2.632,-99,5.2,1554,47.2,75.45,57.59,1098.728094,76.68,82.5,77.11,72.06,63.56,25.92,26.07,27.92,31.47,33.03,0.78,0.59,0.86,1.29,1.84
3/8/2022 13:00,2.536,-99,5.01,1554,46.9,76.02,58.19,814.19934,77.53,83.4,77.79,72.54,64.9,25.85,25.96,27.87,31.52,32.77,0.75,0.56,0.83,1.27,1.74
3/8/2022 13:15,2.465,-99,4.87,1553,47.1,75.83,58.26,471.647102,78.31,84.3,78.56,73.14,66.54,25.79,25.83,27.74,31.54,32.47,0.72,0.52,0.8,1.24,1.63
3/8/2022 13:30,2.369,-99,4.68,1552,46.9,75.83,58.71,977.421208,78.71,84.8,79.17,73.42,68.16,25.8,25.82,27.71,31.62,32.18,0.71,0.51,0.77,1.24,1.53
3/8/2022 13:45,2.272,-99,4.49,1554,47.2,75.78,59.36,983.831734,79.08,85.3,79.5,74.26,69.88,25.78,25.77,27.74,31.6,31.87,0.69,0.49,0.76,1.2,1.42
3/8/2022 14:00,2.156,-99,4.26,1553,47.1,75.88,60.6,742.204196,79.48,85.6,79.63,75.17,71.28,25.81,25.77,27.78,31.49,31.59,0.68,0.48,0.76,1.15,1.33
3/8/2022 14:15,1.994,-99,3.94,1554,47,76.17,61.49,417.404186,79.76,85.7,79.75,75.78,72.67,25.81,25.8,27.83,31.46,31.33,0.67,0.48,0.76,1.12,1.25
3/8/2022 14:30,1.863,-99,3.68,1554,47,76.83,62.68,544.957226,79.74,85.8,79.78,75.83,73.43,25.87,25.8,27.87,31.48,31.13,0.68,0.47,0.76,1.12,1.2
3/8/2022 14:45,1.726,-99,3.41,1554,46.9,77.07,64.16,359.709447,79.84,85.9,79.59,75.41,74.11,25.91,25.81,27.92,31.53,30.89,0.67,0.47,0.77,1.14,1.16
3/8/2022 15:00,1.66,-99,3.28,1554,46.7,77.36,64.62,311.548312,79.96,86.1,79.3,75.36,74.68,25.87,25.77,27.97,31.51,30.76,0.67,0.46,0.78,1.14,1.12
3/8/2022 15:15,1.564,-99,3.09,1554,46.7,77.38,65.19,293.796084,80.2,86.5,80.1,75.7,74.84,25.86,25.74,27.75,31.31,30.64,0.66,0.45,0.74,1.11,1.11
3/8/2022 15:30,1.478,-99,2.92,1554,46.5,77.17,66.08,320.09568,80.3,86.6,80.9,75.57,74.96,25.82,25.71,27.57,31.16,30.55,0.66,0.44,0.7,1.11,1.1
3/8/2022 15:45,1.407,-99,2.78,1555,47.1,77.62,66.72,413.459246,80.5,87,81.3,76.46,75.37,25.79,25.6,27.42,30.8,30.34,0.65,0.43,0.68,1.05,1.07
3/8/2022 16:00,1.402,-99,2.77,1555,46.5,78.72,67.56,343.436572,80.6,87.2,81.6,77.4,75.52,25.69,25.48,27.31,30.37,30.17,0.64,0.42,0.67,0.98,1.05
3/8/2022 16:15,1.306,-99,2.58, ,46.6,78.87,68.25,275.057622,81,87.8,82.5,78.17,75.73,25.57,25.35,27.09,29.96,29.93,0.62,0.39,0.63,0.92,1.03
3/8/2022 16:30,1.235,-99,2.44,1556,46.7,78.91,68.9,566.161275,81,88,83,78.77,75.66,25.53,25.18,26.89,29.59,29.75,0.62,0.38,0.6,0.88,1.02
3/8/2022 16:45,1.22,-99,2.41,1555,46.7,78.8,69.07,563.038198,80.8,88,83.3,78.89,75.69,25.46,25.08,26.72,29.29,29.51,0.63,0.38,0.59,0.86,1
3/8/2022 17:00,1.164,-99,2.3,1555,46.6,77.34,69.4,419.04791,80.7,88,83.3,79.37,76,25.48,25.05,26.56,28.88,29.14,0.63,0.38,0.58,0.82,0.97
3/8/2022 17:15,1.058,-99,2.09,1557,46.5,76.52,69.3,315.328879,83.4,89.7,86.2,81.2,77.66,25.77,25.31,26.61,28.49,29.03,0.55,0.33,0.48,0.73,0.9
3/8/2022 17:30,1.007,-99,1.99,1560,47.2,77.38,69.45,183.009036,83.4,90.4,87.3,82.7,78.36,26,25.47,26.81,28.25,28.92,0.56,0.31,0.45,0.66,0.86
3/8/2022 17:45,0.992,-99,1.96,1560,47,78.39,70.26,153.421991,81.8,90,86.4,82.4,78.06,26.29,25.55,26.8,28.02,28.66,0.62,0.33,0.48,0.67,0.86
3/8/2022 18:00,0.962,-99,1.9,1561,47.1,80.3,71.5,83.234944,80.1,89,85.7,81.9,78.12,26.37,25.52,26.68,27.71,28.17,0.68,0.36,0.5,0.67,0.84
3/8/2022 18:15,0.982,-99,1.94,1561,47,81.5,72.46,19.951541,78.58,87.8,84.8,81.2,78.2,26.24,25.3,26.39,27.2,27.5,0.73,0.39,0.52,0.68,0.8
3/8/2022 18:30,0.941,-99,1.86,1562,46.7,83.05,73.39,-1.252508,77.18,86.7,84,80.6,78.29,25.91,24.94,25.93,26.58,26.63,0.76,0.42,0.54,0.67,0.76
3/8/2022 18:45,0.946,-99,1.87,1562,46.9,82.84,73.89,-4.868703,75.54,85.6,83.3,80.5,78.47,25.5,24.44,25.28,25.84,25.84,0.8,0.44,0.54,0.65,0.72
3/8/2022 19:00,0.886,-99,1.75,1563,47,84.37,75.11,-4.70433,74.53,84.6,82.8,80.3,77.94,25,23.98,24.69,25.12,25.24,0.81,0.46,0.53,0.63,0.71
3/8/2022 19:15,0.84,-99,1.66,1564,47.2,84.53,76.33,-4.211213,74.08,83.6,82.4,80.1,77.45,24.49,23.59,24.12,24.53,24.71,0.8,0.48,0.53,0.61,0.7
3/8/2022 19:30,0.84,-99,1.66,1564,46.9,82.81,75.95,-4.539958,75.2,80.4,81.3,79.81,76.37,23.75,24.03,23.92,24.12,24.52,0.73,0.59,0.56,0.61,0.73
3/8/2022 19:45,0.86,-99,1.7,1565,46.7,81.19,75.59,-4.868703,76.86,75.42,78.49,78.32,73.41,23.09,24.98,24.28,24.2,24.95,0.65,0.78,0.65,0.65,0.84
3/8/2022 20:00,0.8,-99,1.58,1565,46.9,80.71,75.16,-4.539958,77.89,77.08,75.51,76.66,71.29,22.68,24.36,24.84,24.41,25.28,0.61,0.7,0.77,0.71,0.92
3/8/2022 20:15,0.815,-99,1.61,1565,47.1,79.94,74.16,-4.70433,78.81,79.55,71.13,74.12,69.2,22.43,23.64,25.86,24.95,25.71,0.58,0.6,0.96,0.82,1.02
3/8/2022 20:30,0.784,-99,1.55,1565,46.7,79.49,74.09,-4.70433,78.82,80.4,68.49,71.7,67.38,22.4,23.42,26.47,25.45,26.11,0.57,0.56,1.09,0.92,1.1
3/8/2022 20:45,0.81,-99,1.6,1565,46.7,79.15,74.13,-4.539958,77.68,75.39,67.75,69.28,64.97,22.79,24.81,26.56,25.85,26.59,0.62,0.77,1.12,1.02,1.22
3/8/2022 21:00,0.779,-99,1.54,1565,46.9,79.3,73.92,-4.375585,71.68,64.81,69.64,67.29,62.51,24.19,27.57,26.08,26.31,27.23,0.85,1.3,1.03,1.12,1.35
3/8/2022 21:15,0.754,-99,1.49,1565,46.9,78.8,73.8,-4.539958,68.57,64.07,69.12,65.81,61.46,24.91,27.71,26.19,26.6,27.48,0.99,1.34,1.05,1.19,1.41
3/8/2022 21:30,0.754,-99,1.49,1564,47.4,78.58,73.97,-4.868703,66.43,64.8,68.49,64.98,61.27,25.34,27.38,26.2,26.69,27.5,1.09,1.28,1.07,1.23,1.42
3/8/2022 21:45,0.749,-99,1.48,1563,47,78.36,73.44,-4.70433,64.94,65.34,67.81,64.37,61.03,25.58,27.12,26.24,26.72,27.35,1.15,1.24,1.1,1.25,1.42
3/8/2022 22:00,0.729,-99,1.44,1564,46.6,79.3,73.94,-4.539958,64.38,64.99,67.24,63.8,60.72,25.6,27.13,26.31,26.75,27.35,1.17,1.26,1.12,1.27,1.43
3/8/2022 22:15,0.704,-99,1.39, ,47,80.33,74.16,-4.70433,63.73,64.73,66.93,63.34,60.3,25.69,27.12,26.31,26.81,27.37,1.2,1.27,1.13,1.29,1.45
3/8/2022 22:30,0.683,-99,1.35,1563,47,79.85,74.42,-4.211213,62.93,64.73,66.46,62.96,60.06,25.81,27,26.32,26.81,27.37,1.23,1.26,1.15,1.31,1.46
3/8/2022 22:45,0.709,-99,1.4,1564,47.3,78.72,74.42,-4.868703,62.77,65.94,66.01,62.86,60.33,25.72,26.54,26.31,26.68,27.13,1.23,1.18,1.16,1.3,1.43
3/8/2022 23:00,0.683,-99,1.35,1564,47.1,79.13,74.44,-4.375585,62.72,65.68,65.82,62.85,60.31,25.57,26.48,26.18,26.58,27.01,1.22,1.19,1.16,1.29,1.42
3/8/2022 23:15,0.658,-99,1.3,1564,46.7,79.82,74.73,-4.868703,62.87,64.63,65.74,62.73,60.07,25.46,26.7,26.16,26.55,27.02,1.21,1.24,1.16,1.29,1.43
3/8/2022 23:30,0.658,-99,1.3,1564,46.7,80.3,74.83,-4.375585,62.66,63.34,65.86,62.38,59.64,25.46,27.02,26.14,26.64,27.15,1.22,1.31,1.16,1.31,1.45
3/8/2022 23:45,0.653,-99,1.29,1563,46.6,79.18,74.49,-4.70433,62.71,63.04,65.48,62.14,59.26,25.4,27.1,26.23,26.68,27.21,1.21,1.33,1.18,1.32,1.47
3/9/2022 0:00,0.653,-99,1.29,1565,46.6,79.3,74.95,-4.539958,62.58,62.1,65.02,61.89,58.99,25.44,27.34,26.3,26.72,27.27,1.22,1.38,1.2,1.34,1.49
3/9/2022 0:15,0.633,-99,1.25,1567,46.7,79.61,74.9,-4.868703,62.09,61.95,65.02,61.73,58.84,25.52,27.35,26.31,26.74,27.43,1.24,1.38,1.2,1.34,1.5
3/9/2022 0:30,0.607,-99,1.2,1566,47,79.11,74.78,-5.197448,61.98,61.93,65.1,61.8,58.69,25.57,27.33,26.29,26.74,27.32,1.25,1.38,1.19,1.34,1.5
3/9/2022 0:45,0.633,-99,1.25,1567,46.9,79.11,75.11,-4.211213,61.55,62.05,65.01,61.7,58.67,25.66,27.3,26.3,26.76,27.33,1.27,1.38,1.2,1.35,1.5
3/9/2022 1:00,0.628,-99,1.24,1568,46.9,78.72,74.75,-4.868703,61.75,62.14,64.9,61.64,58.67,25.59,27.27,26.33,26.75,27.33,1.25,1.37,1.2,1.35,1.5
3/9/2022 1:15,0.628,-99,1.24,1568,47.2,79.46,74.73,-4.868703,61.82,61.58,64.59,61.56,58.48,25.52,27.41,26.36,26.73,27.33,1.25,1.4,1.22,1.35,1.51
3/9/2022 1:30,0.607,-99,1.2,1567,46.5,78.8,74.83,-4.868703,61.83,61.4,64.9,61.49,58.49,25.51,27.42,26.3,26.73,27.33,1.25,1.41,1.2,1.35,1.51
3/9/2022 1:45,0.607,-99,1.2,1569,47.1,79.11,75.11,-4.539958,61.28,61.31,64.77,61.39,58.34,25.64,27.44,26.3,26.74,27.36,1.27,1.42,1.21,1.36,1.52
3/9/2022 2:00,0.607,-99,1.2,1569,46.6,80.3,75.14,-4.868703,61.04,61.51,64.52,61.31,58.33,25.67,27.36,26.32,26.75,27.34,1.28,1.4,1.22,1.36,1.52
3/9/2022 2:15,0.557,-99,1.1,1569,46.6,78.56,75.33,-4.375585,61.66,61.19,64.67,61.14,58.2,25.48,27.43,26.29,26.76,27.32,1.25,1.42,1.21,1.37,1.52
3/9/2022 2:30,0.628,-99,1.24,1570,46.7,78.84,74.87,-4.539958,61.22,61.12,64.75,61.23,58.27,25.57,27.44,26.25,26.73,27.3,1.27,1.42,1.2,1.36,1.51
3/9/2022 2:45,0.582,-99,1.15,1570,46.9,79.13,75.47,-4.375585,61.33,60.92,64.55,61.14,58.09,25.52,27.48,26.31,26.75,27.36,1.26,1.43,1.21,1.37,1.53
3/9/2022 3:00,0.557,-99,1.1,1570,46.7,79.78,75.02,-4.70433,61.34,60.61,64.57,61.05,58.09,25.56,27.56,26.29,26.78,27.34,1.27,1.45,1.21,1.37,1.52
3/9/2022 3:15,0.557,-99,1.1,1570,47,79.66,75.26,-5.033075,61.2,61.2,64.73,61.05,58.07,25.57,27.41,26.24,26.77,27.37,1.27,1.42,1.2,1.37,1.53
3/9/2022 3:30,0.582,-99,1.15,1570,47.1,78.29,75.04,-4.70433,61.38,60.23,64.61,60.98,57.85,25.48,27.69,26.28,26.77,27.42,1.26,1.48,1.21,1.37,1.54
3/9/2022 3:45,0.557,-99,1.1,1569,46.7,78.72,75.11,-4.70433,61.17,59.47,64.08,60.74,57.32,25.57,27.88,26.41,26.86,27.56,1.27,1.52,1.24,1.39,1.57
3/9/2022 4:00,0.582,-99,1.15,1569,46.9,79.11,75.11,-4.375585,61.12,59.16,63.99,60.57,57.13,25.58,27.99,26.44,26.91,27.61,1.27,1.54,1.24,1.4,1.58
3/9/2022 4:15,0.557,-99,1.1, ,46.9,80.04,75.26,-4.70433,61.33,58.88,63.73,60.49,57.09,25.49,28.07,26.53,26.91,27.61,1.26,1.56,1.26,1.4,1.59
3/9/2022 4:30,0.577,-99,1.14,1569,47.1,77.96,74.73,-4.539958,60.77,58.77,63.6,60.49,57,25.64,28.08,26.55,26.91,27.64,1.29,1.57,1.26,1.4,1.59
3/9/2022 4:45,0.602,-99,1.19,1570,46.5,79.2,74.87,-4.375585,60.66,59.03,63.86,60.42,57.05,25.69,28.01,26.47,26.92,27.62,1.3,1.55,1.25,1.4,1.59
3/9/2022 5:00,0.602,-99,1.19,1571,46.7,78.75,74.78,-4.539958,60.48,58.91,63.78,60.41,56.92,25.73,28.04,26.48,26.94,27.64,1.31,1.56,1.25,1.41,1.59
3/9/2022 5:15,0.582,-99,1.15,1571,46.7,78.77,75.16,-4.70433,60.52,58.7,63.69,60.33,56.91,25.67,28.11,26.49,26.94,27.65,1.3,1.57,1.26,1.41,1.6
3/9/2022 5:30,0.602,-99,1.19,1571,46.5,78.82,74.87,-5.033075,60.73,58.74,63.63,60.2,56.91,25.6,28.05,26.46,26.94,27.61,1.29,1.56,1.26,1.41,1.59
3/9/2022 5:45,0.582,-99,1.15,1572,46.7,78.46,75.21,-4.868703,60.69,58.76,63.59,60.2,56.85,25.6,28.04,26.46,26.9,27.6,1.29,1.56,1.26,1.41,1.59
3/9/2022 6:00,0.602,-99,1.19,1571,47.2,79.25,74.9,-5.033075,60.67,58.29,63.56,60.17,56.76,25.59,28.18,26.48,26.93,27.64,1.29,1.59,1.26,1.41,1.6
3/9/2022 6:15,0.582,-99,1.15,1570,46.9,78.44,74.85,-4.70433,60.5,58.34,63.63,60.21,56.83,25.67,28.17,26.46,26.92,27.63,1.3,1.59,1.26,1.41,1.6
3/9/2022 6:30,0.602,-99,1.19,1571,46.9,79.11,74.78,-3.882468,60.32,58.71,63.58,60.21,56.81,25.68,28.05,26.48,26.92,27.67,1.31,1.57,1.26,1.41,1.6
3/9/2022 6:45,0.602,-99,1.19,1571,46.7,78.7,74.73,1.377451,60.43,58.71,63.54,60.22,56.82,25.69,28.06,26.48,26.91,27.6,1.31,1.57,1.26,1.41,1.59
3/9/2022 7:00,0.724,-99,1.43,1570,46.9,77.55,73.68,17.321581,59.93,58.56,63.38,60.26,56.89,25.87,28.12,26.55,26.93,27.64,1.34,1.58,1.27,1.41,1.6
3/9/2022 7:15,1.027,-99,2.03,1568,47,74.83,69.38,42.634943,57.44,64.89,64.19,59.97,56.67,27.05,26.75,26.74,27.41,28.18,1.52,1.23,1.26,1.46,1.66
3/9/2022 7:30,1.311,-99,2.59,1567,47.1,73.44,66.72,77.810652,57.53,69.27,65.72,60.47,57.29,27.57,26.32,27.02,27.94,28.61,1.57,1.05,1.22,1.49,1.67
3/9/2022 7:45,1.564,-99,3.09,1567,46.7,73.3,64.43,78.468142,60,71.26,67.2,61,58.44,27.48,26.52,27.42,28.32,29.03,1.47,1,1.2,1.5,1.67
3/9/2022 8:00,1.756,-99,3.47,1565,46.7,73.7,62.68,141.915917,62.86,73.05,67.53,62.11,60.26,27.33,26.66,27.8,28.59,29.47,1.35,0.94,1.21,1.48,1.64
3/9/2022 8:15,1.949,-99,3.85,1566,46.7,74.01,60.94,184.488388,65.46,74.99,68.76,63.24,64.33,27.28,26.83,28.05,28.83,30.56,1.25,0.88,1.18,1.46,1.56
3/9/2022 8:30,2.065,-99,4.08,1566,46.6,72.03,59.31,157.695675,67.55,76.45,69.99,64.28,62.39,27.4,27,28.31,29.18,32.67,1.18,0.84,1.15,1.45,1.86
3/9/2022 8:45,2.121,-99,4.19,1563,46.6,71.29,58.79,212.102964,69.2,77.52,70.6,65.01,62.89,27.66,27.35,28.76,29.69,34.26,1.14,0.82,1.16,1.46,2
3/9/2022 9:00,2.237,-99,4.42,1563,47,76.55,58.74,203.88434,69.54,77.81,70.34,65.15,61.3,27.93,27.74,29.29,30.24,35.61,1.15,0.83,1.21,1.5,2.25
3/9/2022 9:15,2.48,-99,4.9,1565,46.7,77.98,59.84,230.019564,70.63,76.34,64.65,60.21,55.38,26.66,27.22,29.41,30.27,35.99,1.03,0.85,1.45,1.71,2.65
3/9/2022 9:30,2.5,-99,4.94,1564,46.9,76.69,59.22,274.23576,70.92,76.48,62.85,58.98,55.57,25.93,26.49,29.1,30.11,35.4,0.97,0.81,1.5,1.75,2.55
3/9/2022 9:45,2.607,-99,5.15,1562,46.7,75.97,58.33,333.574223,70.39,76.07,62.13,58.35,52.97,25.93,26.36,29.09,30.21,35.49,0.99,0.82,1.52,1.79,2.72
3/9/2022 10:00,2.627,-99,5.19,1561,46.3,74.87,57.64,299.384748,70.52,75.95,61.92,57.11,52.73,25.94,26.38,29.16,30.59,35.87,0.99,0.83,1.54,1.88,2.79
3/9/2022 10:15,2.723,-99,5.38, ,46.5,75.09,57.38,515.534553,71.04,76.39,61.83,56.55,50.31,25.95,26.4,29.3,30.89,36.56,0.97,0.81,1.56,1.94,3.04
3/9/2022 10:30,2.723,-99,5.38,1558,46.7,74.92,57.02,425.458437,71.68,76.74,62.05,56.49,51.25,25.94,26.44,29.3,31.09,37.19,0.95,0.8,1.55,1.96,3.09
3/9/2022 10:45,2.758,-99,5.45,1557,46.5,75.3,57.06,388.803375,72.64,77.21,62.66,56.22,50.12,25.87,26.49,29.33,31.26,37.85,0.91,0.79,1.52,2,3.28
3/9/2022 11:00,2.774,-99,5.48,1556,46.5,76.09,56.9,506.822812,73.58,77.92,63.34,57.47,48.44,25.84,26.48,29.4,31.44,38.3,0.88,0.76,1.5,1.96,3.47
3/9/2022 11:15,2.758,-99,5.45,1555,46.3,76.09,57.11,1063.22364,75.02,79.02,69.63,65.4,51.02,25.81,26.35,29.03,31.66,37.77,0.83,0.72,1.22,1.61,3.2
3/9/2022 11:30,2.758,-99,5.45,1553,46.6,75.88,57.23,1239.92405,76.73,81.6,74.33,68.7,53.41,25.82,26.13,28.43,31.86,37.2,0.77,0.62,0.99,1.48,2.96
3/9/2022 11:45,2.693,-99,5.32,1553,46.5,75.71,57.3,1289.564538,77.57,83.1,76.65,69.93,55.01,25.87,26.07,28.15,32.1,36.99,0.75,0.57,0.89,1.44,2.82
3/9/2022 12:00,2.632,-99,5.2,1552,46.3,76.09,57.33,523.588804,78.1,83.9,77.84,70.4,56.15,25.9,26.07,28.09,32.31,36.57,0.73,0.54,0.84,1.43,2.69
3/9/2022 12:15,2.601,-99,5.14,1552,46.3,76.12,57.57,1354.82041,78.67,84.6,78.72,70.58,58.75,25.87,25.96,28.01,32.52,35.65,0.71,0.52,0.8,1.44,2.4
3/9/2022 12:30,2.52,-99,4.98,1552,46.3,75.93,58.14,1314.549154,79.24,85.2,79.09,70.8,60.85,25.85,25.91,28.02,32.61,34.89,0.69,0.49,0.79,1.44,2.19
3/9/2022 12:45,2.465,-99,4.87,1551,46.4,75.74,57.97,1115.987204,79.76,85.8,79.82,71.59,62.38,25.87,25.94,28.02,32.66,34.47,0.68,0.48,0.76,1.4,2.05
3/9/2022 13:00,2.394,-99,4.73,1551,46.3,75.88,58.47,783.461687,80.1,86.4,80.3,72.06,63.69,25.83,25.89,28.02,32.72,34.2,0.66,0.45,0.75,1.38,1.95
3/9/2022 13:15,2.303,-99,4.55,1551,46.2,75.83,59.12,477.400139,80.5,87.1,80.7,72.43,65.68,25.84,25.79,27.97,32.75,33.66,0.65,0.43,0.73,1.37,1.79
3/9/2022 13:30,2.252,-99,4.45,1551,46.4,76.02,59.72,995.337808,80.7,87.2,81,72.81,67.83,25.81,25.8,27.91,32.74,33.14,0.64,0.43,0.71,1.35,1.63
3/9/2022 13:45,2.136,-99,4.22,1551,46.1,75.88,60.55,979.393678,80.9,87.2,80.9,73.53,69.45,25.8,25.79,27.99,32.64,32.71,0.63,0.42,0.72,1.3,1.51
3/9/2022 14:00,2.05,-99,4.05,1551,46.5,76.76,61.63,872.715941,81,87.4,81.1,74.16,70.96,25.77,25.74,27.98,32.47,32.35,0.63,0.42,0.71,1.26,1.41
3/9/2022 14:15,1.954,-99,3.86,1551,46.3,76.69,62.06,433.183943,81.1,87.5,81.1,74.78,72.1,25.74,25.73,27.95,32.24,32.03,0.63,0.41,0.71,1.22,1.33
3/9/2022 14:30,1.792,-99,3.54,1551,46.1,77.19,63.18,391.597707,81.1,87.4,81.1,75.17,73.16,25.77,25.75,27.94,32.05,31.66,0.63,0.42,0.71,1.18,1.25
3/9/2022 14:45,1.685,-99,3.33,1551,46.1,77.31,64.28,361.846289,81,87.5,80.9,75.1,73.91,25.8,25.75,27.95,31.99,31.36,0.63,0.41,0.72,1.18,1.2
3/9/2022 15:00,1.569,-99,3.1,1552,46.4,77.46,65.22,327.328069,81,87.6,80.6,74.59,74.37,25.74,25.69,27.97,31.95,31.09,0.63,0.41,0.73,1.2,1.16
3/9/2022 15:15,1.498,-99,2.96,1551,46.1,77.96,65.86,338.834142,81.4,87.8,81.4,75.02,74.92,25.69,25.63,27.73,31.6,30.81,0.61,0.4,0.69,1.16,1.11
3/9/2022 15:30,1.412,-99,2.79,1552,45.8,77.77,66.53,348.696491,81.3,87.8,82,75.61,75.4,25.7,25.59,27.54,31.28,30.59,0.62,0.4,0.66,1.11,1.08
3/9/2022 15:45,1.372,-99,2.71,1552,46.1,77.89,67.46,403.432525,81.6,88.1,82.5,76.45,75.77,25.61,25.47,27.38,30.89,30.32,0.6,0.39,0.64,1.05,1.05
3/9/2022 16:00,1.351,-99,2.67,1553,46.2,78.27,67.77,358.723212,81.9,88.7,83.1,77.63,76.35,25.53,25.29,27.22,30.38,30.07,0.59,0.36,0.61,0.97,1.01
3/9/2022 16:15,1.255,-99,2.48,1553,46,78.34,68.42,294.124829,82.1,89.1,83.5,78.61,76.42,25.5,25.19,27.09,29.9,29.82,0.58,0.35,0.59,0.9,0.99
3/9/2022 16:30,1.189,-99,2.35,1554,46.3,78.53,68.54,522.438197,82.1,89.2,83.9,79.15,76.71,25.5,25.13,26.93,29.54,29.57,0.58,0.34,0.57,0.86,0.96
3/9/2022 16:45,1.169,-99,2.31,1554,46.3,79.08,69.3,504.02848,81.7,89.1,83.9,79.47,76.63,25.43,25.04,26.8,29.14,29.29,0.59,0.35,0.57,0.83,0.95
3/9/2022 17:00,1.144,-99,2.26,1554,46,77.62,69.64,426.115927,81.5,88.9,83.7,79.64,76.84,25.41,24.94,26.62,28.66,28.88,0.6,0.35,0.57,0.8,0.92
3/9/2022 17:15,1.058,-99,2.09,1554,46.4,76.88,69.62,233.307014,83.6,90.2,85.9,81.4,78.36,25.66,25.18,26.69,28.25,28.64,0.54,0.31,0.49,0.71,0.85
3/9/2022 17:30,1.012,-99,2,1554,46,77.77,69.73,214.239806,83.5,90.4,86.5,82.5,78.54,25.85,25.35,26.76,27.99,28.54,0.55,0.31,0.47,0.66,0.84
3/9/2022 17:45,1.002,-99,1.98,1555,46.3,78.96,70.71,164.434946,82,89.6,85.8,82.1,78.31,26.05,25.42,26.67,27.75,28.21,0.61,0.34,0.5,0.67,0.83
3/9/2022 18:00,0.962,-99,1.9,1556,46.3,79.66,71.26,87.508628,80.3,88.3,85.2,81.6,78.33,26.15,25.43,26.55,27.43,27.8,0.67,0.38,0.51,0.67,0.81
3/9/2022 18:15,0.946,-99,1.87,1556,45.8,80.47,71.96,23.732108,78.79,87.3,84.5,81.3,78.73,26.12,25.31,26.31,27,27.2,0.72,0.41,0.53,0.67,0.77
3/9/2022 18:30,0.886,-99,1.75,1555,46,82.07,72.91,-0.595018,77.49,86.5,84.1,81.3,78.81,25.94,25.05,25.94,26.47,26.58,0.75,0.43,0.53,0.65,0.74
3/9/2022 18:45,0.911,-99,1.8,1556,46.2,81.31,73.3,-4.211213,76.07,85.4,83.6,81.3,78.98,25.7,24.74,25.43,25.89,25.99,0.79,0.46,0.53,0.62,0.71
3/9/2022 19:00,0.896,-99,1.77,1557,46,81.71,73.97,-5.033075,74.97,83.7,83.1,80.9,77.97,25.4,24.62,25.05,25.44,25.67,0.81,0.5,0.54,0.62,0.73
3/9/2022 19:15,0.845,-99,1.67,1556,46.3,82.14,74.32,-4.539958,74.36,81.5,82.2,79.99,76.93,25.05,24.67,24.76,25.12,25.43,0.81,0.57,0.56,0.64,0.75
3/9/2022 19:30,0.825,-99,1.63,1557,46.2,82.29,74.78,-4.868703,74.65,79.46,81.4,79.28,75.84,24.59,24.81,24.54,24.88,25.26,0.78,0.64,0.57,0.65,0.78
3/9/2022 19:45,0.805,-99,1.59,1557,45.8,82.19,75.4,-5.033075,75.13,77.98,80.6,78.4,74.79,24.11,24.87,24.37,24.72,25.18,0.75,0.69,0.59,0.67,0.81
3/9/2022 20:00,0.805,-99,1.59,1558,46.4,82.62,75.78,-5.033075,75.79,76.68,79.86,77.87,74.23,23.72,24.97,24.27,24.59,25.06,0.71,0.74,0.61,0.68,0.82
3/9/2022 20:15,0.769,-99,1.52,1557,45.8,81.35,75.04,-4.375585,76.42,75.73,77.22,77.14,72.52,23.4,25.08,24.74,24.58,25.3,0.68,0.77,0.71,0.71,0.89
3/9/2022 20:30,0.744,-99,1.47,1557,45.8,80.37,74.85,-4.868703,77.06,74.16,75.86,76.12,71.31,23.12,25.35,24.91,24.66,25.47,0.65,0.84,0.76,0.74,0.93
3/9/2022 20:45,0.739,-99,1.46,1557,46.2,80.49,74.97,-4.539958,77.46,74.2,75.34,75.55,70.7,22.9,25.2,24.87,24.66,25.44,0.63,0.83,0.78,0.76,0.95
3/9/2022 21:00,0.739,-99,1.46,1559,46.1,80.61,75.07,-4.375585,77.69,75.19,74.85,75.1,70.22,22.73,24.84,24.89,24.63,25.46,0.62,0.78,0.79,0.77,0.97
3/9/2022 21:15,0.719,-99,1.42,1561,46.2,80.37,74.85,-4.70433,77.53,75.02,74.33,74.76,69.94,22.67,24.74,24.89,24.6,25.42,0.62,0.78,0.81,0.78,0.98
3/9/2022 21:30,0.739,-99,1.46,1561,46.1,80.28,74.78,-4.70433,77.46,75.56,73.78,74.2,69.46,22.59,24.53,24.96,24.65,25.45,0.62,0.75,0.83,0.8,0.99
3/9/2022 21:45,0.709,-99,1.4,1560,46,79.87,74.75,-4.70433,77.41,77.58,71.53,72.97,68.27,22.56,23.95,25.48,24.9,25.87,0.62,0.67,0.93,0.85,1.06
3/9/2022 22:00,0.709,-99,1.4, ,46.3,79.25,74.56,-4.539958,77.12,78.1,70.22,71.93,67.45,22.59,23.8,25.8,25.13,25.98,0.63,0.65,0.99,0.9,1.09
3/9/2022 22:15,0.683,-99,1.35,1561,46.1,79.46,74.73,-4.70433,76.85,77.42,69.75,71.28,66.87,22.62,23.93,25.87,25.23,26.09,0.64,0.67,1.01,0.92,1.12
3/9/2022 22:30,0.683,-99,1.35,1561,46.2,80.64,74.75,-4.539958,76.56,77.63,69.13,70.98,66.59,22.66,23.86,25.98,25.27,26.01,0.65,0.66,1.04,0.93,1.12
3/9/2022 22:45,0.638,-99,1.26,1561,46.2,79.42,75.04,-4.70433,76.34,77.27,68.77,70.66,66.36,22.68,23.91,26.04,25.3,26.03,0.65,0.67,1.05,0.95,1.13
3/9/2022 23:00,0.638,-99,1.26,1561,46.2,79.78,75.02,-4.70433,76.23,77.47,68.72,70.37,66.18,22.67,23.86,26.04,25.37,26.05,0.65,0.67,1.05,0.96,1.14
3/9/2022 23:15,0.638,-99,1.26,1560,46.2,79.42,75.07,-4.70433,76.03,77.23,68.07,70.24,65.9,22.7,23.88,26.19,25.36,26.36,0.66,0.67,1.09,0.96,1.17
3/9/2022 23:30,0.633,-99,1.25,1561,46.3,79.78,75.04,-4.539958,75.93,77.35,67.03,69.71,65.46,22.68,23.83,26.44,25.47,26.74,0.66,0.67,1.14,0.99,1.21
3/9/2022 23:45,0.607,-99,1.2,1560,46,79.08,75.09,-4.539958,75.85,77.29,66.7,69.17,64.97,22.69,23.82,26.5,25.56,26.72,0.67,0.67,1.15,1.01,1.23
3/10/2022 0:00,0.612,-99,1.21,1561,46.4,81.38,75.4,-4.539958,75.84,77.31,66.61,69.06,64.79,22.7,23.85,26.53,25.63,26.42,0.67,0.67,1.16,1.02,1.21
3/10/2022 0:15,0.623,-99,1.23,1562,47.5,84.46,76.62,-4.539958,80.9,80.1,73.52,77.6,67.37,22.28,24.04,25.66,24.73,26.6,0.51,0.6,0.87,0.7,1.14
3/10/2022 0:30,0.617,-99,1.22,1563,47.4,78.96,75.66,-4.70433,83.8,75.95,77.57,79.08,69.1,22.46,25.85,25.28,24.86,26.83,0.44,0.8,0.72,0.66,1.09
3/10/2022 0:45,0.602,-99,1.19,1565,47.2,77.48,74.66,-4.539958,81.3,71.49,77.99,77.09,67.94,23.15,27.09,25.5,25.46,27.68,0.53,1.02,0.72,0.75,1.19
3/10/2022 1:00,0.557,-99,1.1,1566,46.9,81.02,75.07,-4.868703,79.73,75.3,73.94,76,67.97,23.22,25.69,26.22,25.6,27.24,0.58,0.82,0.89,0.79,1.16
3/10/2022 1:15,0.587,-99,1.16,1568,47.9,80.97,75.74,-4.375585,82.5,82,76.48,80.6,71.01,22.46,24.19,25.66,24.74,27.1,0.48,0.54,0.77,0.61,1.04
3/10/2022 1:30,0.592,-99,1.17,1569,48.1,81.02,76.12,-4.539958,84.9,86.9,75.55,82,72.87,21.95,23.01,25.83,24.39,26.67,0.4,0.37,0.81,0.55,0.95
3/10/2022 1:45,0.587,-99,1.16,1569,48,78.32,75.42,-4.539958,85.7,79.99,76.72,80.5,70.37,22.23,25.12,25.71,24.83,27.07,0.38,0.64,0.77,0.61,1.06
3/10/2022 2:00,0.557,-99,1.1,1569,47.9,80.23,75.42,-4.70433,83.3,73.42,75.6,77.62,68.01,22.77,26.46,26.04,25.5,27.59,0.46,0.92,0.82,0.73,1.18
3/10/2022 2:15,0.562,-99,1.11,1571,47.7,80.92,75.71,-4.539958,83.8,82.6,77.3,81.7,70.96,22.35,24.16,25.58,24.66,26.86,0.44,0.52,0.74,0.57,1.03
3/10/2022 2:30,0.567,-99,1.12,1571,47.4,79.61,76.62,-4.539958,85.5,83,77.98,82.1,71.78,22.15,24.39,25.43,24.53,26.87,0.39,0.52,0.72,0.55,1
3/10/2022 2:45,0.536,-99,1.06,1572,48.1,78.7,75.78,-4.868703,85,74.44,78.18,79.34,68.91,22.53,26.55,25.6,25.24,27.42,0.41,0.89,0.72,0.66,1.14
3/10/2022 3:00,0.531,-99,1.05,1572,47.9,78.44,75.54,-4.539958,83.4,73.78,75.37,76.56,68.02,22.69,26.36,26.13,25.71,27.31,0.46,0.9,0.83,0.77,1.16
3/10/2022 3:15,0.511,-99,1.01,1572,47.7,79.32,75.66,-4.70433,83.3,81.4,72.96,76.81,69.35,22.35,24.2,26.43,25.39,26.62,0.45,0.56,0.93,0.75,1.07
3/10/2022 3:30,0.511,-99,1.01,1573,48,79.75,76.05,-4.375585,83.7,83.2,71.79,76.47,69.58,22.13,23.58,26.49,25.24,26.56,0.43,0.49,0.98,0.76,1.06
3/10/2022 3:45,0.516,-99,1.02, ,47.8,79.01,76.07,-4.70433,83.8,83.6,70.89,75.49,69.34,22,23.38,26.54,25.28,26.55,0.43,0.47,1.01,0.79,1.06
3/10/2022 4:00,0.511,-99,1.01,1573,47.9,79.32,75.66,-4.70433,83.6,83.4,70.12,74.33,69.03,21.93,23.29,26.58,25.39,26.92,0.43,0.47,1.04,0.83,1.1
3/10/2022 4:15,0.536,-99,1.06,1574,47.5,79.75,75.69,-4.70433,83.3,83.1,69.62,73.69,68.51,21.89,23.28,26.61,25.43,26.86,0.44,0.48,1.06,0.86,1.11
3/10/2022 4:30,0.511,-99,1.01,1574,48.1,79.61,75.93,-4.868703,83,82.7,69.13,73.01,68.27,21.87,23.25,26.64,25.47,26.47,0.45,0.49,1.08,0.88,1.1
3/10/2022 4:45,0.536,-99,1.06,1574,48,79.34,75.69,-4.868703,82.8,82.3,68.76,72.72,68,21.9,23.29,26.68,25.48,26.34,0.45,0.51,1.09,0.89,1.1
3/10/2022 5:00,0.511,-99,1.01,1575,47.9,79.94,75.88,-4.70433,82.5,82,68.5,72.37,67.69,21.87,23.31,26.66,25.49,26.43,0.46,0.52,1.1,0.9,1.11
3/10/2022 5:15,0.511,-99,1.01,1575,47.7,79.42,76.09,-4.70433,82.2,81.6,68.33,72.15,67.33,21.88,23.36,26.66,25.49,26.35,0.47,0.53,1.11,0.91,1.12
3/10/2022 5:30,0.511,-99,1.01,1576,47.8,78.96,75.69,-4.539958,81.7,81.2,68.18,71.64,67.1,21.92,23.35,26.63,25.52,26.29,0.48,0.54,1.11,0.93,1.13
3/10/2022 5:45,0.511,-99,1.01,1576,47.4,79.54,75.85,-4.539958,81.4,81.1,67.95,71.4,66.88,21.93,23.35,26.64,25.55,26.29,0.49,0.54,1.12,0.94,1.13
3/10/2022 6:00,0.486,-99,0.96,1577,47.4,78.77,75.85,-4.539958,81.1,80.6,67.72,71.17,66.67,21.94,23.41,26.63,25.51,26.32,0.5,0.56,1.13,0.94,1.14
3/10/2022 6:15,0.511,-99,1.01,1577,47.4,79.23,75.57,-4.868703,80.9,80.4,67.57,70.96,66.58,21.96,23.42,26.64,25.54,26.59,0.5,0.56,1.13,0.95,1.16
3/10/2022 6:30,0.486,-99,0.96,1577,47.9,78.94,75.64,-3.718095,80.8,80.4,67.67,70.72,66.27,21.93,23.38,26.58,25.56,26.59,0.51,0.56,1.12,0.96,1.17
3/10/2022 6:45,0.511,-99,1.01,1577,47.5,78.8,75.88,2.692431,80.6,80.4,67.41,70.7,66.28,21.94,23.34,26.61,25.52,26.4,0.51,0.56,1.14,0.96,1.16
3/10/2022 7:00,0.653,-99,1.29,1577,47.5,77.53,74.35,20.444658,80.6,80.4,67.54,70.4,66.04,21.96,23.37,26.6,25.59,26.46,0.51,0.56,1.13,0.97,1.17
3/10/2022 7:15,0.84,-99,1.66,1576,47.3,73.77,70.86,43.949922,80.8,74.27,71.24,70.77,65.44,22.93,25.36,26.05,25.87,26.92,0.54,0.83,0.97,0.98,1.23
3/10/2022 7:30,1.073,-99,2.12,1575,47.5,72.96,68.01,70.085146,73.94,75.07,73.98,71.01,65.47,24.78,25.76,25.95,26.39,27.45,0.81,0.83,0.87,1,1.26
3/10/2022 7:45,1.301,-99,2.57,1575,47.2,73.01,66.08,79.454377,70.93,76.93,74.75,71.7,66.28,25.86,25.86,26.33,26.74,27.92,0.97,0.77,0.87,0.99,1.27
3/10/2022 8:00,1.518,-99,3,1575,47.1,73.25,64.12,142.902152,70.88,77.77,74.73,72.46,67.93,26.31,26.09,26.78,27.08,28.76,1,0.75,0.89,0.99,1.27
3/10/2022 8:15,1.701,-99,3.36,1574,47.1,72.79,62.49,202.733733,71.76,78.78,75.11,74.16,68.15,26.48,26.23,27.11,27.21,30.25,0.98,0.72,0.89,0.93,1.37
3/10/2022 8:30,1.888,-99,3.73,1574,47.4,72.24,60.87,160.983125,72.88,80.4,75.08,76.41,67.13,26.54,26.2,27.5,27.23,32.12,0.94,0.67,0.91,0.85,1.57
3/10/2022 8:45,2.035,-99,4.02,1573,47,72.1,59.6,249.744261,74.33,81.8,75.79,77.48,64.2,26.63,26.25,27.76,27.55,33.37,0.9,0.62,0.9,0.83,1.84
3/10/2022 9:00,2.166,-99,4.28,1572,47,77.24,59.6,202.898106,75.03,82.5,77.45,77.96,62.37,26.75,26.4,27.75,27.96,34.2,0.88,0.6,0.84,0.83,2.02
3/10/2022 9:15,2.379,-99,4.7,1574,47,77.67,59.89,235.115111,72.93,80.5,77.3,74.27,59.4,26.57,26.22,27.44,28.69,34.54,0.94,0.66,0.83,1.01,2.23
3/10/2022 9:30,2.424,-99,4.79, ,46.5,75.9,59,291.823615,72.76,80,77.39,70.39,58.52,26.38,26.06,27.15,29.39,34.41,0.94,0.67,0.81,1.21,2.26
3/10/2022 9:45,2.445,-99,4.83,1573,46.9,75.28,58.57,328.971794,72.91,79.93,77.42,69.37,58.33,26.3,26.05,27.11,29.65,34.49,0.93,0.68,0.81,1.27,2.28
3/10/2022 10:00,2.51,-99,4.96,1573,47.1,75.23,57.85,292.974222,73.04,79.93,77.37,69.24,57.75,26.31,26.11,27.25,29.81,34.93,0.92,0.68,0.82,1.29,2.37
3/10/2022 10:15,2.561,-99,5.06,1571,47,75.76,57.78,439.265725,73.27,79.81,77.22,68.97,56.63,26.39,26.21,27.44,30.05,35.49,0.92,0.69,0.83,1.32,2.51
3/10/2022 10:30,2.622,-99,5.18,1571,47.1,75.74,57.54,389.78961,73.34,80.2,76.97,69.38,55.69,26.45,26.26,27.66,30.2,35.79,0.92,0.68,0.85,1.31,2.6
3/10/2022 10:45,2.591,-99,5.12,1570,47.1,74.73,57.57,374.831714,74.09,80.7,77.23,70.55,55.05,26.46,26.28,27.75,30.32,36.2,0.89,0.66,0.85,1.27,2.7
3/10/2022 11:00,2.632,-99,5.2,1568,46.6,75.02,57.76,679.249538,74.58,81.2,77.8,70.66,55.55,26.53,26.29,27.77,30.57,36.09,0.88,0.64,0.83,1.29,2.65
3/10/2022 11:15,2.612,-99,5.16,1568,46.9,74.99,57.73,1169.737004,75.07,81.6,77.91,71.22,56.77,26.52,26.31,27.88,30.81,35.8,0.86,0.63,0.83,1.28,2.54
3/10/2022 11:30,2.612,-99,5.16,1567,46.7,74.75,57.81,1220.528098,75.61,81.9,78.2,72.15,58.05,26.5,26.35,27.95,30.98,35.53,0.84,0.62,0.82,1.25,2.43
3/10/2022 11:45,2.612,-99,5.16,1567,46.5,75.54,57.9,1405.447133,76.08,82.4,79.08,72.55,58.52,26.51,26.36,27.85,31.11,35.3,0.83,0.6,0.78,1.24,2.37
3/10/2022 12:00,2.601,-99,5.14,1566,46.3,75.21,57.9,525.725647,76.7,83.1,79.89,73.59,59.74,26.51,26.32,27.81,31.24,35.13,0.81,0.58,0.75,1.2,2.28
3/10/2022 12:15,2.581,-99,5.1,1565,46.6,75.07,58,1289.235793,77.29,83.8,80.4,74.36,60.59,26.51,26.26,27.8,31.38,34.93,0.79,0.55,0.73,1.18,2.21
3/10/2022 12:30,2.475,-99,4.89,1565,46.6,75.35,58.19,1262.936197,78.25,84.6,80.9,74.48,62.79,26.39,26.19,27.83,31.61,34.15,0.75,0.52,0.71,1.19,2
3/10/2022 12:45,2.414,-99,4.77,1564,46.6,75.74,58.43,1025.746715,78.88,85.2,81.4,74.8,65.22,26.32,26.1,27.82,31.71,33.54,0.72,0.5,0.7,1.18,1.8
3/10/2022 13:00,2.394,-99,4.73,1564,46.7,75.69,58.59,830.472215,79.58,86,81.8,75.29,66.65,26.23,26.01,27.77,31.74,33.22,0.7,0.47,0.68,1.16,1.7
3/10/2022 13:15,2.338,-99,4.62,1565,46.5,76.74,59.26,485.45439,79.64,86.2,82,75.92,68.82,26.09,25.88,27.74,31.75,32.68,0.69,0.46,0.67,1.13,1.54
3/10/2022 13:30,2.313,-99,4.57,1565,46.6,76.12,59.57,1030.0204,80.4,86.8,82.1,76.06,70.39,25.86,25.69,27.67,31.77,32.32,0.65,0.44,0.66,1.12,1.43
3/10/2022 13:45,2.197,-99,4.34,1564,46.6,76,60.41,224.266527,81,87.3,82.3,76.86,71.73,25.8,25.66,27.71,31.75,32.12,0.63,0.42,0.66,1.08,1.35
3/10/2022 14:00,1.984,-99,3.92,1563,46.7,77.1,62.11,196.487579,81.3,87.4,82.4,77.1,73.05,25.76,25.68,27.75,31.59,31.68,0.62,0.42,0.66,1.06,1.26
3/10/2022 14:15,1.908,-99,3.77,1563,46.7,78.32,63.21,165.421181,81.2,87.2,82.3,77.59,74.01,25.72,25.61,27.69,31.13,31.16,0.62,0.42,0.66,1.01,1.18
3/10/2022 14:30,1.832,-99,3.62,1564,46.4,77.36,63.59,496.467346,81.5,87.5,82.7,77.75,74.93,25.69,25.62,27.57,30.72,30.63,0.61,0.41,0.64,0.98,1.1
3/10/2022 14:45,1.66,-99,3.28,1564,46.5,77.17,64.48,438.27949,81.2,87.1,82.7,78.76,75.93,25.76,25.69,27.57,30.6,30.41,0.62,0.43,0.64,0.93,1.05
3/10/2022 15:00,1.564,-99,3.09,1564,46.4,76.88,65.34,412.801756,81.2,87,82.4,78.27,76.62,25.74,25.68,27.61,30.53,30.07,0.62,0.43,0.65,0.95,1
3/10/2022 15:15,1.478,-99,2.92, ,46.6,77.27,65.91,235.772601,81.3,87,82.9,79.07,77.53,25.78,25.69,27.51,30.64,30.11,0.62,0.43,0.63,0.92,0.96
3/10/2022 15:30,1.427,-99,2.82,1564,46.2,76.93,66.46,359.545074,81.5,87.3,83.3,78.73,77.48,25.82,25.68,27.46,30.72,30.18,0.62,0.42,0.61,0.94,0.97
3/10/2022 15:45,1.387,-99,2.74,1564,46.4,77.81,66.84,805.816344,81.5,87.4,83,78.46,77.09,25.79,25.65,27.43,30.5,30.06,0.61,0.41,0.62,0.94,0.98
3/10/2022 16:00,1.346,-99,2.66,1564,46.2,77.58,67.54,576.352369,81.4,87.8,83.5,79.41,77.6,25.77,25.5,27.3,29.93,29.7,0.62,0.4,0.6,0.87,0.93
3/10/2022 16:15,1.23,-99,2.43,1565,46.6,78.25,68.32,264.866529,81.3,88,83.6,80.1,77.74,25.72,25.4,27.22,29.59,29.55,0.62,0.39,0.59,0.82,0.92
3/10/2022 16:30,1.215,-99,2.4,1564,46.5,78.29,68.95,374.174225,81.2,88.2,83.4,80.5,77.65,25.66,25.26,27.12,29.23,29.31,0.62,0.38,0.6,0.79,0.91
3/10/2022 16:45,1.194,-99,2.36,1565,46.3,78.58,69.18,523.095687,80.7,88.1,83.3,80.3,77.39,25.59,25.16,26.98,28.87,28.98,0.63,0.38,0.59,0.78,0.9
3/10/2022 17:00,1.119,-99,2.21,1564,46.4,77.1,69.5,465.565321,80.5,88.1,83.1,80.1,77.29,25.57,25.06,26.77,28.38,28.59,0.64,0.38,0.59,0.77,0.89
3/10/2022 17:15,1.027,-99,2.03,1565,46.2,76.26,69.42,230.348309,82.9,89.4,85.7,82.2,79.16,25.86,25.29,26.75,27.99,28.38,0.57,0.34,0.5,0.67,0.81
3/10/2022 17:30,0.987,-99,1.95,1565,46.6,78.27,69.85,71.235753,83.1,90.1,86.7,83.5,79.77,26.09,25.49,26.85,27.84,28.28,0.57,0.32,0.47,0.62,0.78
3/10/2022 17:45,1.012,-99,2,1565,46.6,80.66,71.17,23.403363,81.2,89.2,85.7,82.5,79.72,26.19,25.48,26.71,27.38,27.57,0.64,0.35,0.5,0.64,0.75
3/10/2022 18:00,0.977,-99,1.93,1566,46.5,80.61,72.39,16.992836,78.83,87.8,84.6,82.6,80.3,26.19,25.28,26.39,26.76,26.84,0.72,0.39,0.53,0.61,0.7
3/10/2022 18:15,0.952,-99,1.88,1566,46.4,80.76,72.51,-0.759391,77.35,86.8,84.4,83,80.4,25.99,25.03,25.91,26.19,26.34,0.76,0.42,0.52,0.58,0.67
3/10/2022 18:30,0.906,-99,1.79,1566,46.5,80.76,73.18,-3.882468,76.22,85.8,84.1,82.9,79.74,25.74,24.77,25.48,25.7,25.97,0.79,0.44,0.52,0.56,0.68
3/10/2022 18:45,0.86,-99,1.7,1567,46.5,81.21,73.56,-4.375585,75.27,83.6,83.3,82,78.39,25.52,24.81,25.23,25.43,25.82,0.81,0.51,0.54,0.58,0.72
3/10/2022 19:00,0.835,-99,1.65,1567,46.5,80.99,73.37,-4.539958,74.65,79.69,82,80.5,76.64,25.28,25.38,25.12,25.36,25.87,0.82,0.66,0.57,0.63,0.78
3/10/2022 19:15,0.81,-99,1.6,1567,46.6,81.23,73.92,-4.70433,75.13,76.75,80.3,79.03,74.94,24.9,25.93,25.23,25.44,26,0.78,0.78,0.63,0.68,0.84
3/10/2022 19:30,0.815,-99,1.61,1568,46.5,82.19,74.37,-4.375585,75.84,74.76,79.07,78.09,73.85,24.54,26.25,25.32,25.43,26.06,0.74,0.86,0.68,0.71,0.88
3/10/2022 19:45,0.79,-99,1.56,1568,46.5,81.11,74.83,-4.211213,76.74,74.5,77.79,77.48,72.98,24.19,26.28,25.49,25.43,26.14,0.7,0.87,0.72,0.73,0.92
3/10/2022 20:00,0.764,-99,1.51,1568,46.4,80.16,74.68,-4.375585,77.37,74.69,77.32,77.15,72.66,24.05,26.15,25.54,25.46,26.15,0.68,0.86,0.74,0.74,0.93
3/10/2022 20:15,0.739,-99,1.46,1568,46.1,80.11,74.64,-4.70433,77.64,75.44,76.93,76.85,72.1,23.92,25.89,25.58,25.46,26.23,0.66,0.82,0.76,0.75,0.95
3/10/2022 20:30,0.709,-99,1.4,1567,46.4,79.75,74.66,-4.539958,77.84,75.37,76.56,76.7,71.8,23.83,25.89,25.65,25.48,26.29,0.65,0.82,0.77,0.76,0.96
3/10/2022 20:45,0.688,-99,1.36,1568,46.5,80.68,75.14,-4.868703,77.63,75.53,76,76.37,71.42,23.81,25.8,25.73,25.49,26.28,0.66,0.81,0.79,0.77,0.98
3/10/2022 21:00,0.693,-99,1.37, ,46.4,81.26,75.28,-4.868703,76.72,75.52,74.63,75.04,70.47,23.61,25.35,25.65,25.4,26.11,0.68,0.79,0.84,0.81,1
3/10/2022 21:15,0.673,-99,1.33,1568,46.2,81.19,75.57,-4.539958,76.61,76.09,72.9,73.99,69.57,23.21,24.83,25.7,25.25,25.95,0.67,0.75,0.89,0.84,1.02
3/10/2022 21:30,0.673,-99,1.33,1568,46.5,81.07,75.83,-4.539958,76.93,77.33,71.91,73.37,68.91,22.97,24.3,25.72,25.19,25.89,0.65,0.69,0.93,0.85,1.04
3/10/2022 21:45,0.668,-99,1.32,1568,46.3,80.56,75.74,-4.375585,77,77.89,71.28,72.55,68.29,22.85,24.09,25.77,25.26,25.97,0.64,0.66,0.95,0.88,1.06
3/10/2022 22:00,0.643,-99,1.27,1568,46.3,79.85,75.78,-4.211213,76.8,77.39,70.43,72,67.59,22.82,24.12,25.91,25.31,26.11,0.64,0.68,0.99,0.9,1.1
3/10/2022 22:15,0.643,-99,1.27,1569,46.3,80.68,75.83,-4.539958,77.25,77.58,69.83,71.95,67.43,22.82,24.18,26.13,25.32,26.12,0.63,0.68,1.02,0.91,1.1
3/10/2022 22:30,0.633,-99,1.25,1567,46.2,77.98,75.11,-4.868703,76.54,70.24,71.7,70.3,65.58,23.53,26.52,25.94,25.92,27.09,0.68,1.03,0.95,0.99,1.23
3/10/2022 22:45,0.628,-99,1.24,1568,46.3,78.29,74.71,-4.868703,71.6,67.14,71.2,67.88,63.89,24.78,27.44,26.21,26.64,27.59,0.89,1.2,0.98,1.12,1.33
3/10/2022 23:00,0.623,-99,1.23,1569,46.5,77.96,74.42,-4.868703,68.41,67.77,70.14,66.83,63.34,25.62,27.29,26.49,26.98,27.67,1.04,1.17,1.03,1.18,1.36
3/10/2022 23:15,0.623,-99,1.23,1570,46.5,78.72,74.42,-4.539958,66.5,68.45,69.18,66.14,62.93,26.05,27.08,26.69,27.1,27.78,1.13,1.13,1.08,1.21,1.38
3/10/2022 23:30,0.602,-99,1.19,1570,46.4,78.99,74.66,-4.539958,65.68,68.63,68.93,65.75,62.57,26.16,26.92,26.67,27.11,28.1,1.16,1.11,1.09,1.23,1.42
3/10/2022 23:45,0.577,-99,1.14,1570,46.3,78.94,74.61,-4.70433,64.69,68.3,67.92,65.1,62.2,26.28,26.9,26.77,27.16,27.93,1.21,1.12,1.13,1.26,1.42
3/11/2022 0:00,0.582,-99,1.15,1570,46.4,79.61,75.23,-4.70433,64.33,67.2,67.42,64.51,61.72,26.18,27.05,26.76,27.14,28.49,1.21,1.17,1.15,1.28,1.49
3/11/2022 0:15,0.582,-99,1.15,1572,46.2,79.49,75.47,-4.868703,64.2,66.24,67.13,64.17,61.23,26.05,27.14,26.71,27.1,28.43,1.21,1.21,1.15,1.28,1.5
3/11/2022 0:30,0.562,-99,1.11,1572,46.3,79.8,75.74,-4.375585,64.25,65.57,66.94,63.77,60.83,25.91,27.21,26.65,27.04,28.34,1.2,1.24,1.15,1.29,1.51
3/11/2022 0:45,0.562,-99,1.11,1572,46.4,79.39,75.38,-4.70433,64.21,65,66.36,63.3,60.52,25.76,27.22,26.64,27.02,28.31,1.19,1.26,1.17,1.31,1.52
3/11/2022 1:00,0.582,-99,1.15,1571,46.3,79.54,75.5,-4.375585,64.18,64.2,66.18,63.19,60.22,25.72,27.38,26.64,26.99,28.13,1.18,1.31,1.18,1.31,1.52
3/11/2022 1:15,0.582,-99,1.15,1571,46.6,79.11,75.45,-4.375585,63.95,64.33,66.09,63.09,59.98,25.75,27.33,26.64,27.02,28.35,1.19,1.3,1.18,1.32,1.54
3/11/2022 1:30,0.582,-99,1.15,1572,46.6,79.85,75.45,-4.539958,63.69,64.08,65.81,62.81,59.82,25.72,27.28,26.62,26.99,28.01,1.2,1.3,1.19,1.33,1.52
3/11/2022 1:45,0.562,-99,1.11,1571,46.4,79.44,75.42,-4.868703,63.35,63.33,65.4,62.46,59.4,25.66,27.37,26.59,26.94,28.28,1.21,1.34,1.2,1.33,1.56
3/11/2022 2:00,0.587,-99,1.16,1572,46.4,79.7,75.64,-4.868703,62.87,62.55,65.15,62.08,59,25.65,27.44,26.54,26.92,27.91,1.22,1.37,1.21,1.35,1.54
3/11/2022 2:15,0.612,-99,1.21,1572,46.4,79.78,75.71,-4.868703,62.63,62.18,64.86,61.94,58.71,25.59,27.47,26.52,26.86,27.94,1.23,1.39,1.22,1.35,1.56
3/11/2022 2:30,0.562,-99,1.11,1570,46.3,79.56,75.52,-4.70433,62.92,61.99,64.94,61.79,58.61,25.49,27.5,26.48,26.87,27.75,1.21,1.4,1.21,1.35,1.54
3/11/2022 2:45,0.587,-99,1.16, ,46.5,79.7,75.66,-4.70433,62.55,61.84,65.05,61.72,58.58,25.59,27.54,26.44,26.86,27.67,1.23,1.4,1.21,1.35,1.54
3/11/2022 3:00,0.562,-99,1.11,1572,46.4,79.54,75.52,-5.033075,62.84,61.27,65.1,61.71,58.44,25.47,27.68,26.42,26.86,27.69,1.21,1.44,1.2,1.35,1.54
3/11/2022 3:15,0.536,-99,1.06,1572,46.6,79.61,75.59,-4.70433,63.1,60.73,65,61.67,58.17,25.36,27.8,26.43,26.86,27.56,1.19,1.47,1.21,1.36,1.54
3/11/2022 3:30,0.582,-99,1.15,1570,46.2,79.56,75.54,-4.539958,63.11,60.87,64.97,61.59,58.16,25.3,27.72,26.4,26.86,27.82,1.19,1.46,1.21,1.36,1.57
3/11/2022 3:45,0.562,-99,1.11,1569,46.6,79.56,75.88,-4.539958,63.2,60.72,64.73,61.53,58.09,25.23,27.69,26.39,26.81,27.86,1.18,1.46,1.21,1.36,1.57
3/11/2022 4:00,0.582,-99,1.15,1569,46.1,79.08,75.45,-4.868703,63.7,60.68,64.89,61.53,58.22,25.1,27.71,26.38,26.8,27.69,1.16,1.46,1.21,1.36,1.55
3/11/2022 4:15,0.557,-99,1.1,1569,46.6,78.8,75.19,-4.868703,63.42,60.08,64.42,61.12,57.72,25.15,27.85,26.47,26.89,27.87,1.17,1.5,1.23,1.38,1.59
3/11/2022 4:30,0.607,-99,1.2,1569,46.1,78.91,74.92,-4.868703,62.55,60.12,63.89,60.57,57.28,25.27,27.75,26.53,26.95,27.81,1.21,1.49,1.25,1.4,1.6
3/11/2022 4:45,0.582,-99,1.15,1569,46.1,79.97,75.21,-4.70433,62.09,59.61,63.75,60.39,57.05,25.28,27.81,26.49,26.92,27.67,1.22,1.51,1.25,1.41,1.59
3/11/2022 5:00,0.582,-99,1.15,1569,46.4,79.44,75.42,-4.70433,62.2,59.43,63.72,60.35,57.11,25.23,27.86,26.46,26.89,27.54,1.21,1.52,1.25,1.4,1.58
3/11/2022 5:15,0.607,-99,1.2,1569,46.4,79.78,75.35,-4.868703,62.37,59.02,63.67,60.39,57.07,25.16,27.96,26.44,26.87,27.6,1.2,1.55,1.25,1.4,1.59
3/11/2022 5:30,0.582,-99,1.15,1570,46.4,80.9,75.33,-4.70433,62.56,58.68,63.82,60.41,57.07,25.08,28.06,26.4,26.84,27.65,1.19,1.57,1.25,1.4,1.59
3/11/2022 5:45,0.607,-99,1.2,1569,46.3,79.11,75.47,-5.033075,63.09,58.8,63.88,60.46,57.03,25.01,28.06,26.4,26.86,27.73,1.17,1.56,1.24,1.4,1.6
3/11/2022 6:00,0.582,-99,1.15,1569,46.5,78.8,75.16,-4.868703,63.42,58.93,63.85,60.66,57.17,24.98,28.07,26.47,26.87,27.64,1.16,1.56,1.25,1.39,1.59
3/11/2022 6:15,0.582,-99,1.15,1569,46.5,79.44,75.07,-4.539958,62.77,58.92,63.84,60.6,57.1,25.12,28.06,26.46,26.91,27.6,1.19,1.56,1.25,1.4,1.58
3/11/2022 6:30,0.607,-99,1.2,1569,46.1,79.46,75.45,-3.553723,62.7,58.67,63.77,60.49,57.03,25.07,28.08,26.42,26.86,27.58,1.19,1.57,1.25,1.4,1.58
3/11/2022 6:45,0.587,-99,1.16,1569,46.6,80.21,75.4,2.856804,62.81,58.56,63.64,60.44,56.96,24.98,28.06,26.42,26.81,27.52,1.18,1.57,1.25,1.39,1.58
3/11/2022 7:00,0.729,-99,1.44,1569,46.6,77.07,73.92,20.937776,62.75,58.31,63.67,60.59,56.9,25.05,28.1,26.38,26.78,27.56,1.18,1.59,1.25,1.39,1.59
3/11/2022 7:15,1.058,-99,2.09,1569,46.4,74.56,69.73,44.44304,60.9,64.86,64.16,60.32,56.93,26.12,26.66,26.59,27.21,27.98,1.32,1.23,1.25,1.43,1.63
3/11/2022 7:30,1.27,-99,2.51,1568,46.4,73.66,67.18,64.003364,59.77,69.73,65.82,60.87,57.54,27.02,26.08,26.88,27.72,28.41,1.44,1.02,1.21,1.46,1.64
3/11/2022 7:45,1.508,-99,2.98,1566,46.3,73.99,64.71,80.111867,61.6,71.46,67.32,61.38,58.79,27.17,26.37,27.29,28.16,28.7,1.38,0.98,1.19,1.47,1.62
3/11/2022 8:00,1.736,-99,3.43,1566,46.5,73.39,62.95,115.616321,63.81,73.19,67.88,62.47,60.43,27.17,26.56,27.7,28.44,29.12,1.3,0.93,1.19,1.46,1.6
3/11/2022 8:15,1.923,-99,3.8,1567,46.4,72.2,61.32,242.018755,65.89,75.02,69.3,63.42,63.82,27.16,26.71,27.88,28.72,30.3,1.23,0.88,1.15,1.44,1.56
3/11/2022 8:30,2.045,-99,4.04, ,46.3,72.96,59.74,164.106202,67.33,76.23,70.32,64.01,64.54,27.26,26.86,28.07,29.02,32.11,1.18,0.84,1.13,1.44,1.7
3/11/2022 8:45,2.237,-99,4.42,1565,46.2,71.86,59,291.49487,68.2,76.93,70.4,64.4,62.17,27.4,27.1,28.37,29.3,33.18,1.16,0.83,1.14,1.45,1.92
3/11/2022 9:00,2.338,-99,4.62,1564,46.3,77.05,59,205.034948,68.52,77.21,70.12,63.9,60.68,27.51,27.29,28.65,29.65,33.79,1.16,0.83,1.17,1.5,2.07
3/11/2022 9:15,2.607,-99,5.15,1566,46.2,77.27,59.62,249.415516,67.61,75.28,64.51,59.63,58.97,26.53,26.66,28.7,29.43,34.11,1.12,0.86,1.4,1.66,2.2
3/11/2022 9:30,2.612,-99,5.16,1565,45.7,76.33,58.76,318.780701,66.27,73.9,61.79,57.78,57.92,26.02,26.15,28.49,29.08,34.05,1.14,0.89,1.49,1.7,2.24
3/11/2022 9:45,2.682,-99,5.3,1563,46,76.07,58.19,293.960457,65.54,72.45,60.88,56.58,55.48,25.99,26.24,28.43,29.13,34.16,1.16,0.94,1.52,1.75,2.39
3/11/2022 10:00,2.799,-99,5.53,1561,46.5,76.09,57.33,295.439809,65.07,71.67,60.39,56.28,54.81,26.05,26.34,28.51,29.24,34.43,1.18,0.97,1.54,1.78,2.46
3/11/2022 10:15,2.819,-99,5.57,1560,46.1,75.71,56.87,526.383136,65.04,71.31,60.11,56.45,54.01,26.11,26.44,28.65,29.37,35.06,1.18,0.99,1.57,1.78,2.59
3/11/2022 10:30,2.855,-99,5.64,1558,46.2,75.42,56.51,366.941836,65.35,71.78,59.94,56.42,52.33,26.16,26.43,28.76,29.53,35.47,1.18,0.97,1.58,1.8,2.75
3/11/2022 10:45,2.885,-99,5.7,1556,46.1,75.3,56.2,400.966938,66.44,72.97,60.28,56.19,50.61,25.99,26.27,28.8,29.74,35.5,1.13,0.92,1.57,1.83,2.85
3/11/2022 11:00,2.809,-99,5.55,1553,45.6,76.55,56.35,804.830109,67.57,73.84,60.5,56.48,51.55,25.88,26.21,28.8,30,35.15,1.08,0.89,1.56,1.85,2.75
3/11/2022 11:15,2.824,-99,5.58,1552,46,76.14,56.32,1189.461701,69.19,74.6,65.52,61.88,54.15,25.85,26.25,28.58,30.27,34.55,1.03,0.87,1.35,1.64,2.51
3/11/2022 11:30,2.794,-99,5.52,1552,45.7,75.95,56.37,1352.847941,71.13,76.79,70.39,65.93,56.6,25.91,26.24,28.01,30.39,34.33,0.97,0.79,1.12,1.48,2.35
3/11/2022 11:45,2.779,-99,5.49,1551,45.5,75.64,56.42,1363.696524,72.07,78.24,72.05,68.24,56.93,25.96,26.16,27.94,30.41,34.6,0.94,0.74,1.05,1.38,2.37
3/11/2022 12:00,2.733,-99,5.4,1551,45.8,76.24,56.59,524.246294,73.15,79.31,73.34,69.45,56.51,25.89,26.1,27.85,30.48,34.64,0.9,0.7,1,1.33,2.4
3/11/2022 12:15,2.682,-99,5.3,1549,46,76.31,56.8,1334.931341,74.28,80.3,74.39,70.76,58.24,25.84,26.01,27.83,30.6,34.2,0.86,0.66,0.96,1.28,2.25
3/11/2022 12:30,2.612,-99,5.16,1549,45.7,76.12,57.57,1425.82932,75.01,81.3,74.97,71.16,59.77,25.79,25.93,27.83,30.77,33.62,0.83,0.63,0.94,1.28,2.1
3/11/2022 12:45,2.551,-99,5.04,1549,45.8,76.14,57.81,1073.743478,75.75,82,75.88,71.78,62.12,25.76,25.86,27.76,30.91,32.95,0.8,0.6,0.9,1.26,1.9
3/11/2022 13:00,2.485,-99,4.91,1549,46.1,76.4,58.38,754.367759,76.51,82.7,76.96,72.13,64.23,25.71,25.77,27.67,30.99,32.41,0.78,0.57,0.85,1.25,1.74
3/11/2022 13:15,2.409,-99,4.76,1548,45.6,76.52,58.71,483.646293,77.2,83.6,77.56,73.05,67.09,25.68,25.74,27.7,30.98,31.74,0.75,0.54,0.83,1.21,1.54
3/11/2022 13:30,2.313,-99,4.57,1548,45.8,76.45,59.55,1021.801776,77.83,84.2,78.12,73.69,69.3,25.65,25.66,27.69,30.98,31.35,0.73,0.52,0.81,1.18,1.41
3/11/2022 13:45,2.197,-99,4.34,1548,45.6,76.52,60.53,1062.894895,78.42,84.9,78.57,75.02,71.19,25.61,25.61,27.67,31,31.12,0.71,0.5,0.79,1.12,1.3
3/11/2022 14:00,2.05,-99,4.05,1549,45.8,76.43,61.42,1016.541857,79.26,85.5,78.83,75.73,72.6,25.59,25.56,27.75,31.09,31.01,0.68,0.47,0.79,1.1,1.23
3/11/2022 14:15,1.954,-99,3.86, ,45.7,76.79,62.16,775.243064,79.57,85.8,79.16,76.02,73.49,25.62,25.59,27.75,31.2,30.94,0.67,0.47,0.78,1.09,1.19
3/11/2022 14:30,1.771,-99,3.5,1548,45.7,76.93,63.54,399.487586,79.71,86,78.54,76.14,74.04,25.65,25.55,27.91,31.26,30.85,0.67,0.46,0.81,1.09,1.16
3/11/2022 14:45,1.685,-99,3.33,1549,45.7,77.15,64.19,357.24386,79.94,86.4,78.82,75.64,74.16,25.67,25.56,27.93,31.29,30.79,0.66,0.45,0.8,1.11,1.15
3/11/2022 15:00,1.62,-99,3.2,1549,45.6,77.15,64.98,322.232523,80.1,86.5,78.97,75.21,74.67,25.64,25.53,27.83,31.26,30.62,0.65,0.44,0.79,1.13,1.11
3/11/2022 15:15,1.523,-99,3.01,1549,45.6,77.41,65.69,294.124829,80.3,86.7,80,75.51,74.65,25.66,25.54,27.61,31.07,30.51,0.65,0.44,0.74,1.1,1.11
3/11/2022 15:30,1.483,-99,2.93,1549,45.6,77.77,66.24,301.028473,80.5,87,80.6,76,74.98,25.63,25.47,27.46,30.84,30.36,0.64,0.42,0.71,1.07,1.08
3/11/2022 15:45,1.422,-99,2.81,1549,45.4,78.1,66.77,659.031724,80.6,87.3,81,76.14,75.15,25.61,25.41,27.29,30.54,30.17,0.64,0.41,0.69,1.04,1.06
3/11/2022 16:00,1.382,-99,2.73,1551,45.5,78.29,67.8,600.35075,80.3,87.2,81.2,76.91,75.32,25.53,25.3,27.16,30.1,29.95,0.64,0.41,0.68,0.99,1.04
3/11/2022 16:15,1.331,-99,2.63,1552,45.5,78.34,68.13,265.852764,80.2,87.2,81.8,77.52,74.97,25.53,25.25,26.97,29.69,29.79,0.65,0.41,0.65,0.94,1.05
3/11/2022 16:30,1.291,-99,2.55,1551,45.7,78.96,68.59,313.520781,79.97,87.2,82.1,78.01,75.01,25.47,25.18,26.84,29.33,29.52,0.65,0.41,0.63,0.9,1.03
3/11/2022 16:45,1.22,-99,2.41,1551,45.6,78.75,69.04,535.423623,79.47,87.1,82.2,78.18,74.77,25.51,25.14,26.75,28.99,29.36,0.67,0.41,0.63,0.87,1.03
3/11/2022 17:00,1.164,-99,2.3,1552,45.8,77.36,69.09,459.319167,79.25,86.9,81.9,78.6,75.21,25.56,25.15,26.7,28.53,28.98,0.68,0.42,0.63,0.83,0.99
3/11/2022 17:15,1.058,-99,2.09,1554,46,77.07,69.47,291.823615,82.3,88.8,84.8,80.6,77.23,25.84,25.35,26.76,28.21,28.8,0.59,0.36,0.53,0.74,0.9
3/11/2022 17:30,1.017,-99,2.01,1555,45.6,77.77,70.02,238.40256,82.6,89.8,86.2,82.5,78.17,26,25.45,26.81,27.95,28.7,0.58,0.33,0.49,0.66,0.86
3/11/2022 17:45,1.002,-99,1.98,1556,45.7,78.44,70.26,168.379886,81.2,89.4,85.8,82.2,77.87,26.17,25.49,26.73,27.78,28.42,0.64,0.35,0.5,0.66,0.86
3/11/2022 18:00,1.108,-99,2.19,1557,45.8,79.78,70.43,108.548305,79.8,88.4,85.3,81.6,77.89,26.25,25.44,26.57,27.49,27.95,0.69,0.38,0.51,0.68,0.83
3/11/2022 18:15,1.113,-99,2.2,1557,45.6,79.7,70.38,29.1564,79.06,87.6,84.5,79,74.8,26.34,25.4,26.45,27.33,27.93,0.72,0.4,0.54,0.76,0.95
3/11/2022 18:30,1.017,-99,2.01,1558,45.7,80.35,71.19,-0.430646,76.8,85.8,82.3,77.18,73.09,26.46,25.4,26.53,27.34,27.87,0.8,0.46,0.61,0.83,1.01
3/11/2022 18:45,1.002,-99,1.98,1559,45.7,80.52,71.98,-4.70433,74.6,84.3,80.2,75.61,71.97,26.4,25.23,26.45,27.2,27.64,0.87,0.5,0.68,0.88,1.04
3/11/2022 19:00,0.982,-99,1.94,1560,46,80.37,72.48,-4.375585,72.47,82.8,78.23,74.03,70.78,26.26,25.05,26.26,26.93,27.36,0.94,0.55,0.74,0.92,1.06
3/11/2022 19:15,0.936,-99,1.85,1560,45.7,80.8,72.53,-4.70433,70.47,81.2,76.77,72.66,69.2,26.28,24.97,26.12,26.77,27.27,1.01,0.59,0.79,0.96,1.12
3/11/2022 19:30,0.906,-99,1.79,1561,45.4,81.35,72.99,-4.70433,68.85,79.36,75.58,71.29,67.66,26.29,25.05,26.05,26.72,27.3,1.07,0.66,0.82,1.01,1.17
3/11/2022 19:45,0.886,-99,1.75,1562,45.8,81.23,73.56,-4.539958,67.36,78.01,74.34,70.08,66.43,26.32,25.12,26.04,26.71,27.33,1.12,0.7,0.86,1.05,1.22
3/11/2022 20:00,0.835,-99,1.65, ,45.4,80.56,73.68,-4.539958,66.48,76.54,73.22,69.35,65.54,26.33,25.29,26.1,26.69,27.36,1.15,0.76,0.91,1.07,1.25
3/11/2022 20:15,0.815,-99,1.61,1561,45.6,80.47,74.25,-4.868703,65.73,74.77,71.6,68.09,64.72,26.37,25.6,26.3,26.83,27.43,1.18,0.83,0.97,1.13,1.29
3/11/2022 20:30,0.81,-99,1.6,1563,45.6,79.89,74.11,-4.868703,65.24,73.58,70.39,67.32,64.23,26.35,25.78,26.48,26.89,27.43,1.19,0.88,1.02,1.16,1.31
3/11/2022 20:45,0.784,-99,1.55,1563,45.6,79.7,73.94,-4.539958,65.1,72.46,69.63,66.68,63.88,26.26,25.93,26.53,26.96,27.41,1.19,0.92,1.05,1.19,1.32
3/11/2022 21:00,0.784,-99,1.55,1564,45.8,81.09,74.13,-4.375585,64.94,71.42,68.78,66.12,63.39,26.18,26.12,26.66,26.98,27.46,1.19,0.97,1.09,1.21,1.34
3/11/2022 21:15,0.754,-99,1.49,1563,45.5,78.94,74.25,-5.033075,64.96,70.92,68.4,65.66,63.02,26.09,26.16,26.63,27.01,27.44,1.18,0.99,1.1,1.23,1.35
3/11/2022 21:30,0.754,-99,1.49,1564,45.7,78.75,74.47,-4.539958,64.73,70.1,67.74,65.19,62.74,26.07,26.29,26.73,27.05,27.47,1.19,1.02,1.13,1.24,1.37
3/11/2022 21:45,0.754,-99,1.49,1564,45.7,79.75,74.3,-4.70433,64.36,69.22,67.3,64.84,62.31,26.08,26.46,26.79,27.06,27.46,1.2,1.06,1.15,1.26,1.38
3/11/2022 22:00,0.663,-99,1.31,1564,45.7,82.07,74.95,-4.539958,64.16,68.57,67.2,64.41,61.89,26.04,26.54,26.72,27.11,27.52,1.21,1.09,1.15,1.28,1.4
3/11/2022 22:15,0.709,-99,1.4,1565,45.7,80.21,74.73,-5.033075,63.94,67.99,66.9,64.22,61.63,26.06,26.66,26.75,27.1,27.6,1.22,1.12,1.16,1.28,1.42
3/11/2022 22:30,0.709,-99,1.4,1564,45.7,79.56,74.49,-4.868703,63.58,67.61,66.9,63.95,61.41,26.09,26.72,26.72,27.11,27.69,1.23,1.14,1.16,1.29,1.43
3/11/2022 22:45,0.683,-99,1.35,1564,45.6,79.46,74.75,-4.868703,63.41,67,66.52,63.66,61.05,26.08,26.82,26.77,27.15,27.71,1.24,1.16,1.18,1.31,1.45
3/11/2022 23:00,0.683,-99,1.35,1566,45.7,78.99,74.99,-4.539958,63.62,66.23,66.51,63.51,60.83,25.96,26.96,26.73,27.13,27.62,1.22,1.2,1.18,1.31,1.45
3/11/2022 23:15,0.683,-99,1.35,1565,45.4,79.25,74.9,-4.539958,63.37,66.41,66.14,63.33,60.75,25.98,26.88,26.76,27.12,27.75,1.23,1.19,1.19,1.32,1.46
3/11/2022 23:30,0.633,-99,1.25,1566,45.7,79.01,74.68,-4.211213,63.33,65.76,66.05,63.14,60.52,25.93,26.98,26.75,27.12,27.97,1.23,1.22,1.19,1.32,1.49
3/11/2022 23:45,0.633,-99,1.25,1564,45.6,79.51,75.14,-5.197448,63.09,65.49,65.99,62.99,60.26,25.96,27.06,26.73,27.14,27.93,1.24,1.23,1.19,1.33,1.5
3/12/2022 0:00,0.607,-99,1.2,1565,45.7,79.89,75.11,-4.539958,63.34,65.03,65.84,62.89,60.12,25.85,27.14,26.78,27.13,27.88,1.22,1.26,1.2,1.33,1.5
3/12/2022 0:15,0.663,-99,1.31,1564,45.6,79.49,75.47,-4.70433,63.5,65.03,66.04,62.77,60.11,25.79,27.14,26.71,27.16,27.85,1.21,1.26,1.19,1.34,1.49
3/12/2022 0:30,0.633,-99,1.25,1566,45.8,79.06,75.07,-4.70433,63.54,64.87,65.63,62.77,59.9,25.77,27.13,26.76,27.13,28.12,1.21,1.26,1.21,1.34,1.53
3/12/2022 0:45,0.607,-99,1.2,1567,45.6,79.89,75.47,-4.211213,63.32,64.58,65.81,62.62,59.74,25.78,27.18,26.72,27.13,27.9,1.22,1.28,1.2,1.34,1.51
3/12/2022 1:00,0.658,-99,1.3,1567,45.6,78.7,75.07,-4.70433,63.19,64.1,65.76,62.37,59.6,25.76,27.27,26.67,27.14,27.96,1.22,1.3,1.2,1.35,1.52
3/12/2022 1:15,0.607,-99,1.2,1567,45.6,79.73,75.33,-4.375585,62.99,63.42,65.17,62.22,59.21,25.71,27.36,26.73,27.11,27.93,1.22,1.33,1.22,1.36,1.54
3/12/2022 1:30,0.612,-99,1.21,1567,45.8,80.01,75.59,-4.539958,62.73,63.24,65.11,62.05,59.17,25.7,27.33,26.68,27.09,28.04,1.23,1.34,1.22,1.36,1.55
3/12/2022 1:45,0.587,-99,1.16, ,45.7,81.02,75.45,-4.375585,62.8,63.28,65.08,61.89,58.94,25.62,27.29,26.66,27.06,28.13,1.22,1.33,1.22,1.36,1.56
3/12/2022 2:00,0.587,-99,1.16,1565,45.7,79.8,75.74,-4.539958,62.97,62.62,64.82,61.73,58.71,25.54,27.41,26.66,27.06,28.36,1.21,1.37,1.23,1.37,1.59
3/12/2022 2:15,0.587,-99,1.16,1566,45.7,80.49,75.66,-4.539958,62.57,62.4,64.69,61.52,58.49,25.58,27.42,26.65,27.07,27.87,1.23,1.37,1.23,1.38,1.56
3/12/2022 2:30,0.587,-99,1.16,1568,45.7,78.89,75.26,-4.375585,62.9,62.27,64.72,61.49,58.51,25.43,27.42,26.58,27.02,27.79,1.21,1.38,1.23,1.37,1.55
3/12/2022 2:45,0.562,-99,1.11,1567,45.7,79.94,75.88,-4.868703,62.94,61.66,64.74,61.58,58.42,25.39,27.58,26.55,26.97,27.65,1.2,1.41,1.22,1.37,1.54
3/12/2022 3:00,0.587,-99,1.16,1569,45.6,80.06,75.62,-4.539958,62.69,65.53,64.39,61.88,59.19,25.44,26.39,26.52,26.82,27.38,1.21,1.19,1.23,1.34,1.49
3/12/2022 3:15,0.587,-99,1.16,1568,45.8,81.02,75.78,-4.375585,62.31,66.88,65.01,62.3,59.76,25.47,25.97,26.33,26.64,27.1,1.23,1.11,1.2,1.32,1.44
3/12/2022 3:30,0.587,-99,1.16,1569,45.6,79.85,75.78,-5.033075,62.49,66.36,64.8,62.02,59.53,25.36,26.05,26.33,26.68,27.18,1.21,1.13,1.21,1.33,1.46
3/12/2022 3:45,0.562,-99,1.11,1569,45.2,79.82,75.76,-4.868703,62.37,66.34,64.53,61.69,59.32,25.38,26.04,26.36,26.73,27.12,1.22,1.13,1.22,1.34,1.46
3/12/2022 4:00,0.587,-99,1.16,1569,45.5,81.11,75.88,-5.033075,62.16,66.34,64.65,61.67,59.29,25.42,26.02,26.32,26.71,27.12,1.23,1.13,1.21,1.34,1.46
3/12/2022 4:15,0.562,-99,1.11,1570,45.5,78.75,75.83,-4.539958,62.25,66.37,64.78,61.7,59.38,25.4,26.03,26.29,26.71,27.09,1.22,1.13,1.2,1.34,1.46
3/12/2022 4:30,0.562,-99,1.11,1569,45.7,79.32,75.3,-4.70433,62.37,66.57,64.78,61.94,59.38,25.45,26.03,26.35,26.7,27.17,1.22,1.13,1.21,1.33,1.46
3/12/2022 4:45,0.582,-99,1.15,1568,45.5,78.22,74.99,-5.033075,62.35,66.83,65.17,62.15,59.51,25.51,26.02,26.3,26.72,27.2,1.23,1.12,1.19,1.33,1.46
3/12/2022 5:00,0.557,-99,1.1,1569,45.8,78.56,75.3,-4.70433,62.55,67.26,65.14,62.21,59.48,25.51,25.99,26.39,26.77,27.27,1.22,1.1,1.2,1.33,1.47
3/12/2022 5:15,0.582,-99,1.15,1568,45.7,78.34,75.11,-4.70433,62.21,67.62,65.11,62.43,59.61,25.64,25.96,26.45,26.77,27.28,1.24,1.09,1.2,1.32,1.46
3/12/2022 5:30,0.582,-99,1.15,1568,45.6,79.13,75.14,-4.539958,62.31,67.65,64.94,62.25,59.65,25.67,25.97,26.53,26.86,27.31,1.24,1.09,1.22,1.33,1.46
3/12/2022 5:45,0.582,-99,1.15,1568,45.5,79.27,75.26,-4.539958,62.26,68.17,65.09,62.39,59.75,25.72,25.85,26.47,26.81,27.29,1.25,1.06,1.21,1.33,1.46
3/12/2022 6:00,0.582,-99,1.15,1569,45.7,78.99,75.02,-4.375585,62.12,68.27,65.15,62.45,59.93,25.76,25.84,26.51,26.82,27.28,1.26,1.06,1.21,1.32,1.45
3/12/2022 6:15,0.582,-99,1.15,1569,45.7,78.82,75.21,-4.375585,62.04,68.62,65.2,62.73,59.93,25.82,25.79,26.51,26.79,27.29,1.26,1.04,1.21,1.31,1.45
3/12/2022 6:30,0.607,-99,1.2,1569,45.5,78.89,74.92,-3.553723,62.2,68.8,65.12,62.67,59.87,25.78,25.75,26.55,26.82,27.33,1.25,1.03,1.21,1.32,1.46
3/12/2022 6:45,0.607,-99,1.2,1569,45.5,78.58,74.97,4.664901,61.97,69.13,65.45,62.8,60.02,25.87,25.71,26.47,26.82,27.33,1.27,1.02,1.19,1.31,1.45
3/12/2022 7:00,0.835,-99,1.65,1569,45.5,75.28,72.27,22.417128,61.78,69.59,65.89,62.86,60.03,26,25.68,26.51,26.87,27.41,1.28,1,1.18,1.31,1.46
3/12/2022 7:15,1.073,-99,2.12,1567,45.5,74.16,68.78,45.10053,62.6,72.2,67.1,62.32,59.89,26.37,25.62,26.68,27.45,27.92,1.28,0.91,1.15,1.38,1.51
3/12/2022 7:30,1.356,-99,2.68, ,45.4,73.94,66.29,61.537777,64.53,73.75,69.23,62.26,60.87,26.48,25.93,26.93,28.11,28.3,1.23,0.88,1.09,1.44,1.51
3/12/2022 7:45,1.549,-99,3.06,1565,45.6,72.79,64,81.426847,66.49,75.19,69.9,63.5,62.74,26.62,26.25,27.38,28.4,28.83,1.17,0.85,1.1,1.41,1.48
3/12/2022 8:00,1.751,-99,3.46,1564,45.7,72.72,61.97,112.657617,68.07,76.54,70.64,64.35,67.38,26.87,26.59,27.78,28.8,30.29,1.13,0.82,1.1,1.41,1.41
3/12/2022 8:15,1.873,-99,3.7,1564,45.5,70.79,60.48,262.400942,69.55,77.4,71,65.16,66.49,27.24,26.97,28.31,29.28,32.54,1.1,0.8,1.12,1.42,1.64
3/12/2022 8:30,1.964,-99,3.88,1562,45.4,71.1,60.03,167.558024,70.72,77.89,71.34,65.61,62.57,27.6,27.45,28.85,29.87,34.64,1.08,0.81,1.14,1.45,2.06
3/12/2022 8:45,2.019,-99,3.99,1561,45.6,70.36,59,370.722403,71.76,78.44,71.09,66.04,61.15,27.99,27.92,29.52,30.47,36.21,1.07,0.81,1.19,1.48,2.33
3/12/2022 9:00,2.222,-99,4.39,1561,45.7,79.32,58.57,207.500535,71.13,78.5,69.8,64.93,59.49,28.31,28.28,30.22,31.09,37.35,1.11,0.83,1.3,1.58,2.59
3/12/2022 9:15,2.485,-99,4.91,1563,45.4,80.54,60.22,273.085152,68.58,74.78,62.62,58.85,54.39,27.12,27.56,29.94,31.13,37.31,1.13,0.93,1.58,1.86,2.91
3/12/2022 9:30,2.546,-99,5.03,1562,45.5,77.41,59.24,322.561267,72.85,76.82,62.52,57.92,52.19,25.89,26.69,29.37,30.87,36.7,0.91,0.81,1.53,1.88,2.95
3/12/2022 9:45,2.601,-99,5.14,1563,45.6,76.31,58.55,295.932927,73.19,77.16,62.62,57.3,52.61,25.63,26.41,29.23,30.97,36.67,0.88,0.79,1.52,1.92,2.92
3/12/2022 10:00,2.637,-99,5.21,1563,45.7,76.43,57.97,311.219567,73.28,77.29,62.26,56.46,51.2,25.57,26.26,29.25,31.13,37.14,0.88,0.78,1.53,1.97,3.09
3/12/2022 10:15,2.647,-99,5.23,1562,45.5,75.93,57.42,548.244676,73.79,77.59,62.69,56.62,49.43,25.53,26.27,29.26,31.18,37.99,0.86,0.77,1.52,1.97,3.35
3/12/2022 10:30,2.682,-99,5.3,1560,45.2,75.3,56.85,381.242241,74.45,78.15,63.4,57.46,49.93,25.55,26.28,29.3,31.16,38.47,0.84,0.75,1.49,1.93,3.4
3/12/2022 10:45,2.718,-99,5.37,1558,45.6,75.23,56.37,474.441434,75.57,78.86,64,58.19,48.6,25.55,26.4,29.41,31.37,38.8,0.8,0.73,1.48,1.92,3.56
3/12/2022 11:00,2.718,-99,5.37,1556,45.3,76.28,56.37,725.273831,76.52,79.52,64.65,58.22,48.59,25.6,26.47,29.53,31.81,38.42,0.77,0.71,1.46,1.97,3.48
3/12/2022 11:15,2.698,-99,5.33,1556,45.5,75.74,56.9,1174.668178,77.49,80.4,70.7,66.03,52.67,25.63,26.36,29.22,32.17,37.73,0.74,0.67,1.19,1.63,3.09
3/12/2022 11:30,2.652,-99,5.24,1555,45.4,75.23,56.99,1248.635792,79.28,83.3,75.51,69.06,54.75,25.74,26.13,28.64,32.48,37.45,0.69,0.57,0.96,1.51,2.91
3/12/2022 11:45,2.622,-99,5.18,1554,45.4,75.83,57.21,1400.844703,79.92,84.6,77.65,69.82,56.7,25.81,26.1,28.45,32.79,36.86,0.67,0.52,0.87,1.5,2.7
3/12/2022 12:00,2.622,-99,5.18,1554,45.3,75.71,57.3,529.177469,80.6,85.1,79.01,70.33,58.09,25.84,26.18,28.41,33.08,36.34,0.65,0.51,0.81,1.5,2.54
3/12/2022 12:15,2.541,-99,5.02,1553,45.4,75.71,57.76,1306.823648,81.1,86,79.73,71.05,60.65,25.84,26.14,28.54,33.31,35.94,0.63,0.47,0.79,1.48,2.33
3/12/2022 12:30,2.48,-99,4.9,1553,45.2,75.78,57.78,1342.16373,81.5,86.5,79.95,71.49,62.48,25.82,26.14,28.69,33.53,35.44,0.62,0.46,0.79,1.48,2.16
3/12/2022 12:45,2.404,-99,4.75,1552,45.2,75.54,58.55,957.203393,82,87.1,80.2,71.75,64.77,25.85,26.13,28.76,33.76,34.98,0.6,0.44,0.78,1.48,1.98
3/12/2022 13:00,2.278,-99,4.5,1552,45.3,75.78,58.91,726.260066,82.3,87.5,80.7,72.18,65.91,25.91,26.14,28.82,33.96,34.72,0.59,0.42,0.77,1.48,1.89
3/12/2022 13:15,2.197,-99,4.34, ,44.9,75.38,59.77,502.877873,82.5,87.7,81.2,72.63,67.66,25.95,26.19,28.86,34.13,34.45,0.59,0.42,0.75,1.47,1.76
3/12/2022 13:30,2.136,-99,4.22,1551,45.2,75.45,60.05,1062.237405,82.8,87.9,81.6,73.19,69.24,26.02,26.23,28.94,34.25,34.24,0.58,0.41,0.73,1.45,1.66
3/12/2022 13:45,2.024,-99,4,1551,45.4,76.09,60.96,1097.906232,82.9,88.1,81.8,73.61,70.27,26.08,26.28,28.98,34.34,34.18,0.58,0.41,0.73,1.43,1.6
3/12/2022 14:00,1.893,-99,3.74,1551,45,75.93,61.8,1061.744288,83,88.2,81.7,74.03,71.18,26.09,26.32,29.1,34.32,34.02,0.57,0.4,0.74,1.41,1.53
3/12/2022 14:15,1.832,-99,3.62,1551,45,76.72,62.85,912.658453,83,88.2,81.6,73.97,71.63,26.14,26.37,29.11,34.34,33.91,0.58,0.41,0.74,1.41,1.5
3/12/2022 14:30,1.726,-99,3.41,1552,45.3,77.05,63.85,406.226857,82.8,88.1,80.8,73.45,71.71,26.19,26.37,29.2,34.2,33.64,0.58,0.41,0.78,1.43,1.47
3/12/2022 14:45,1.609,-99,3.18,1551,45.5,77.29,65.1,356.58637,82.5,87.7,81.1,72.87,72.11,26.22,26.44,29.03,34.02,33.29,0.6,0.42,0.76,1.44,1.43
3/12/2022 15:00,1.528,-99,3.02,1552,45.2,78.2,65.74,322.396895,82.3,87.5,81.6,72.56,72.55,26.18,26.44,28.89,33.95,33.13,0.6,0.43,0.73,1.46,1.39
3/12/2022 15:15,1.468,-99,2.9,1552,45.5,79.13,66.72,289.686772,81.9,87.2,81.8,72.49,72.5,26.06,26.32,28.68,33.75,32.95,0.61,0.44,0.72,1.44,1.38
3/12/2022 15:30,1.407,-99,2.78,1552,44.9,79.06,67.54,278.345072,81.9,87.4,82,72.84,72.5,25.92,26.09,28.45,33.43,32.72,0.61,0.43,0.7,1.4,1.36
3/12/2022 15:45,1.387,-99,2.74,1552,45.4,79.01,68.04,611.692451,82,87.6,82.1,72.65,72.6,25.78,25.93,28.26,33.21,32.53,0.6,0.42,0.69,1.39,1.34
3/12/2022 16:00,1.336,-99,2.64,1553,45.3,79.06,68.4,377.626047,82.1,87.7,82.3,73.29,72.41,25.69,25.79,28.06,32.79,32.35,0.59,0.41,0.67,1.33,1.34
3/12/2022 16:15,1.291,-99,2.55,1553,45.3,78.94,68.59,288.20742,82.3,88,82.6,73.51,72.42,25.58,25.66,27.83,32.48,32.1,0.58,0.4,0.65,1.29,1.32
3/12/2022 16:30,1.22,-99,2.41,1553,45,78.58,69.18,256.812277,82.5,88.3,82.7,73.99,72.39,25.53,25.51,27.7,32.11,31.87,0.57,0.38,0.64,1.24,1.3
3/12/2022 16:45,1.169,-99,2.31,1553,45,78.96,69.5,570.106215,82.7,88.6,83.2,74.67,72.54,25.51,25.45,27.49,31.68,31.64,0.56,0.37,0.62,1.18,1.28
3/12/2022 17:00,1.124,-99,2.22,1553,45.5,78.25,69.83,475.263297,82.7,88.6,83.6,75.38,73.12,25.49,25.4,27.31,31.3,31.25,0.56,0.37,0.6,1.13,1.22
3/12/2022 17:15,1.119,-99,2.21,1555,45.2,78.25,69.81,346.230904,82.5,88.7,84.5,76.02,73.5,25.58,25.46,27.49,30.87,30.88,0.57,0.37,0.57,1.07,1.18
3/12/2022 17:30,1.098,-99,2.17,1555,44.9,78.6,70.12,229.690819,81.7,88.2,83,76.76,73.9,25.8,25.64,27.78,30.42,30.54,0.61,0.39,0.63,1.01,1.14
3/12/2022 17:45,1.007,-99,1.99,1555,45.3,79.2,70.93,130.574217,80.9,87.6,82.1,77.03,74.52,25.89,25.71,27.84,29.85,29.94,0.64,0.41,0.67,0.97,1.08
3/12/2022 18:00,1.083,-99,2.14,1556,45.2,79.78,70.76,113.315107,80,87,81.9,77.31,74.89,25.9,25.69,27.67,29.13,29.25,0.67,0.43,0.67,0.92,1.02
3/12/2022 18:15,1.098,-99,2.17,1556,45,81.76,71.41,23.732108,79.42,87.2,80.4,73.96,71.22,25.82,25.58,27.43,28.5,28.6,0.68,0.42,0.72,1.01,1.13
3/12/2022 18:30,1.083,-99,2.14,1557,45,81.62,72.24,-0.101901,77.13,84.3,76.62,71.53,69.37,25.67,25.38,27.23,28.01,28.11,0.75,0.51,0.84,1.08,1.17
3/12/2022 18:45,1.017,-99,2.01,1557,44.9,81.26,72.58,-4.211213,75.54,82.6,75.13,70.89,69.18,25.5,25.11,26.88,27.43,27.5,0.8,0.55,0.88,1.06,1.13
3/12/2022 19:00,0.952,-99,1.88, ,45.2,79.58,72.84,-4.375585,76.91,83.5,75.94,72.46,70.57,25.45,24.93,26.52,27.07,27.28,0.75,0.52,0.83,0.99,1.07
3/12/2022 19:15,0.901,-99,1.78,1557,45.2,80.23,72.39,-4.375585,74.28,82.2,76.22,72.29,69.38,25.77,25.07,26.49,27.08,27.45,0.85,0.57,0.82,0.99,1.12
3/12/2022 19:30,0.876,-99,1.73,1558,45.3,79.89,72.77,-4.868703,71.42,80.5,74.84,70.87,68.02,26.08,25.21,26.53,27.09,27.5,0.97,0.63,0.87,1.04,1.17
3/12/2022 19:45,0.855,-99,1.69,1558,45.3,80.18,73.01,-4.868703,69.72,79.44,73.84,69.99,67.26,26.14,25.17,26.49,27.04,27.4,1.03,0.66,0.91,1.07,1.19
3/12/2022 20:00,0.83,-99,1.64,1558,45,81.97,73.54,-4.211213,68.66,78.73,73.08,69.36,66.77,26.12,25.09,26.36,26.9,27.25,1.06,0.68,0.92,1.09,1.2
3/12/2022 20:15,0.83,-99,1.64,1557,45,80.13,73.3,-4.868703,67.84,78.14,72.74,68.94,66.31,26.08,25.01,26.24,26.77,27.15,1.09,0.69,0.93,1.09,1.21
3/12/2022 20:30,0.784,-99,1.55,1560,45.2,80.66,73.75,-4.868703,66.93,77.5,72.49,68.63,65.73,26.11,25,26.13,26.68,27.11,1.12,0.71,0.93,1.1,1.23
3/12/2022 20:45,0.784,-99,1.55,1561,45.4,80.64,73.73,-4.375585,66.27,77.08,71.99,68.22,65.32,26.09,24.94,26.05,26.6,27.05,1.14,0.72,0.94,1.11,1.24
3/12/2022 21:00,0.779,-99,1.54,1561,45,79.13,73.77,-4.375585,65.8,76.65,71.59,67.77,64.95,26.05,24.9,26.02,26.54,27.02,1.15,0.74,0.96,1.12,1.25
3/12/2022 21:15,0.739,-99,1.46,1561,45.3,83,74.71,-4.539958,65.3,76.21,71.28,67.5,64.63,26.03,24.87,25.96,26.49,26.96,1.17,0.75,0.96,1.12,1.26
3/12/2022 21:30,0.709,-99,1.4,1562,45.3,80.16,73.99,-4.375585,64.97,75.85,71.11,67.41,64.25,26.04,24.85,25.91,26.46,26.98,1.18,0.76,0.97,1.13,1.27
3/12/2022 21:45,0.683,-99,1.35,1563,45,81.52,74.49,-4.539958,64.61,75.56,71.12,67.11,63.96,26.04,24.87,25.89,26.46,27.02,1.19,0.77,0.96,1.14,1.29
3/12/2022 22:00,0.709,-99,1.4,1564,45.2,80.54,74.66,-4.539958,64.28,75.46,70.67,66.89,63.77,26.1,24.86,25.94,26.46,27.02,1.21,0.77,0.98,1.14,1.29
3/12/2022 22:15,0.683,-99,1.35,1563,45.2,79.85,74.75,-4.868703,63.85,75.24,70.6,66.77,63.44,26.17,24.86,25.93,26.48,27.07,1.23,0.78,0.98,1.15,1.31
3/12/2022 22:30,0.683,-99,1.35,1563,45.3,79.3,74.95,-4.70433,63.56,75.01,70.33,66.73,63.36,26.19,24.89,25.92,26.45,27.06,1.24,0.79,0.99,1.15,1.31
3/12/2022 22:45,0.709,-99,1.4,1564,45.2,80.37,75.21,-4.539958,63.26,74.84,70.14,66.59,63.22,26.21,24.89,25.93,26.44,27.06,1.25,0.79,1,1.15,1.32
3/12/2022 23:00,0.663,-99,1.31,1564,45.4,79.89,75.5,-5.033075,63.07,74.61,70.17,66.43,63.1,26.22,24.91,25.92,26.44,27.07,1.26,0.8,1,1.16,1.32
3/12/2022 23:15,0.638,-99,1.26,1563,45.6,79.68,75.28,-4.868703,63.03,74.45,69.98,66.44,63.04,26.21,24.9,25.92,26.41,27.04,1.26,0.8,1,1.16,1.32
3/12/2022 23:30,0.638,-99,1.26,1564,45.4,79.99,75.23,-4.70433,62.84,74.31,69.87,66.33,62.87,26.22,24.92,25.92,26.41,27.07,1.27,0.81,1.01,1.16,1.33
3/12/2022 23:45,0.638,-99,1.26,1565,45.3,80.04,75.62,-4.375585,62.67,74.2,69.76,66.46,62.86,26.23,24.91,25.92,26.35,27.04,1.27,0.81,1.01,1.15,1.33
3/13/2022 0:00,0.612,-99,1.21,1565,45.2,81.9,75.52,-4.539958,62.7,74.1,69.81,66.55,62.81,26.23,24.92,25.9,26.36,27.02,1.27,0.82,1.01,1.15,1.33
3/13/2022 0:15,0.668,-99,1.32,1566,45.2,87.52,78.05,-4.539958,71.96,79.65,76.26,74.45,66.67,24.8,24.41,25.21,25.55,26.62,0.88,0.62,0.76,0.84,1.16
3/13/2022 0:30,0.648,-99,1.28,1566,45.2,79.73,76.38,-4.70433,79.66,81.5,80.9,77.87,70.92,23.89,24.5,24.72,25.18,26.33,0.6,0.57,0.6,0.71,1
3/13/2022 0:45,0.638,-99,1.26, ,45.2,78.87,75.62,-4.70433,79.11,80.2,79.49,76.28,70.37,24.11,24.87,25.14,25.62,26.63,0.63,0.62,0.66,0.78,1.03
3/13/2022 1:00,0.638,-99,1.26,1567,45.2,80.97,75.38,-4.539958,76.31,79.17,78.22,75.04,69.33,24.68,25.1,25.42,25.93,26.86,0.74,0.66,0.71,0.84,1.08
3/13/2022 1:15,0.673,-99,1.33,1569,45.3,83.5,76.52,-4.375585,77.58,81.9,80.7,80.7,70.47,24.28,24.69,25.12,25.16,26.7,0.68,0.56,0.62,0.62,1.03
3/13/2022 1:30,0.592,-99,1.17,1569,45.4,80.01,76.31,-4.868703,82.2,81.5,81.8,79.66,72.03,23.75,24.87,24.93,25.23,26.53,0.52,0.58,0.57,0.65,0.97
3/13/2022 1:45,0.607,-99,1.2,1570,45.3,79.08,75.42,-4.70433,80.9,80.7,79.72,76.81,70.97,24.08,25.04,25.31,25.81,26.76,0.57,0.61,0.65,0.77,1.02
3/13/2022 2:00,0.617,-99,1.22,1570,45.5,82.17,75.74,-5.033075,78.16,79.81,78.13,74.75,70.11,24.54,25.2,25.66,26.2,26.92,0.67,0.65,0.72,0.86,1.06
3/13/2022 2:15,0.617,-99,1.22,1570,47.3,81.57,76.28,-4.868703,78.87,82.4,80.7,79.85,71.13,24.17,24.71,25.27,25.44,26.75,0.64,0.55,0.62,0.66,1.01
3/13/2022 2:30,0.597,-99,1.18,1572,46.9,80.01,76.67,-4.375585,82.9,81.7,82.1,80.5,72.35,23.69,24.92,24.95,25.18,26.52,0.5,0.58,0.57,0.62,0.96
3/13/2022 2:45,0.567,-99,1.12,1572,47.5,79.85,76.14,-4.539958,81.8,80.3,80.4,77.71,71.22,23.89,25.15,25.26,25.71,26.76,0.54,0.63,0.63,0.74,1.01
3/13/2022 3:00,0.562,-99,1.11,1572,47.4,79.49,75.83,-4.375585,79.78,79.58,78.51,75.44,70.28,24.21,25.28,25.54,26.05,26.9,0.61,0.66,0.7,0.83,1.05
3/13/2022 3:15,0.562,-99,1.11,1572,47.7,79.37,75.71,-4.539958,77.32,78.56,77.36,73.59,69.42,24.62,25.4,25.76,26.33,27.03,0.7,0.7,0.75,0.91,1.09
3/13/2022 3:30,0.536,-99,1.06,1573,47.7,79.66,75.97,-4.539958,75.56,78.18,76.56,72.57,68.81,24.86,25.44,25.86,26.45,27.09,0.77,0.71,0.78,0.95,1.12
3/13/2022 3:45,0.536,-99,1.06,1573,47.4,79.42,75.74,-4.539958,74.21,78.04,75.74,72.02,68.34,25.08,25.38,25.94,26.5,27.13,0.82,0.71,0.81,0.97,1.14
3/13/2022 4:00,0.557,-99,1.1,1574,47.5,78.84,75.57,-4.70433,72.8,77.68,74.91,71.56,68.05,25.31,25.4,26.05,26.55,27.11,0.88,0.72,0.85,0.99,1.15
3/13/2022 4:15,0.536,-99,1.06,1575,47.1,79.44,75.76,-4.375585,71.9,77.38,74.37,71.09,67.66,25.38,25.35,26.07,26.58,27.14,0.91,0.73,0.87,1.01,1.16
3/13/2022 4:30,0.562,-99,1.11,1575,47.3,79.61,75.93,-4.868703,71.4,76.95,73.92,70.57,67.25,25.44,25.37,26.12,26.62,27.16,0.93,0.75,0.88,1.03,1.18
3/13/2022 4:45,0.557,-99,1.1,1575,47.1,79.46,75.45,-4.539958,71.07,76.54,73.1,70.25,66.91,25.42,25.4,26.23,26.63,27.16,0.94,0.76,0.92,1.04,1.19
3/13/2022 5:00,0.531,-99,1.05,1577,46.7,78.25,75.35,-5.033075,70.47,76.25,73.04,70.01,66.63,25.51,25.41,26.19,26.63,27.19,0.96,0.77,0.92,1.05,1.2
3/13/2022 5:15,0.557,-99,1.1,1576,46.9,78.84,75.21,-4.375585,69.89,76.08,72.73,69.65,66.49,25.57,25.41,26.19,26.63,27.17,0.99,0.78,0.93,1.06,1.21
3/13/2022 5:30,0.557,-99,1.1,1576,46.7,78.7,75.07,-5.033075,69.47,75.62,72.29,69.21,66.23,25.62,25.5,26.26,26.71,27.2,1,0.8,0.95,1.08,1.22
3/13/2022 5:45,0.531,-99,1.05,1576,46.6,78.53,75.28,-4.539958,69.19,75.67,71.89,69.1,66.01,25.62,25.42,26.3,26.67,27.21,1.01,0.79,0.96,1.08,1.23
3/13/2022 6:00,0.582,-99,1.15,1576,46.7,79.23,75.23,-4.868703,68.53,75.52,71.75,68.96,65.74,25.75,25.43,26.33,26.66,27.23,1.04,0.8,0.97,1.08,1.24
3/13/2022 6:15,0.557,-99,1.1,1576,46.6,78.34,75.11,-4.70433,67.67,75.68,71.65,68.9,65.55,25.89,25.33,26.3,26.63,27.23,1.08,0.79,0.97,1.08,1.24
3/13/2022 6:30,0.557,-99,1.1, ,46.4,79.08,75.09,-2.896233,67.44,75.21,71.2,68.56,65.47,25.95,25.43,26.4,26.7,27.22,1.09,0.81,0.99,1.1,1.25
3/13/2022 6:45,0.557,-99,1.1,1576,46.5,78.46,74.85,5.486763,66.76,75.42,70.84,68.45,65.28,26.08,25.36,26.41,26.69,27.25,1.12,0.8,1,1.1,1.26
3/13/2022 7:00,0.81,-99,1.6,1575,46.6,75.74,72.34,24.389598,66.09,75.7,70.84,68.42,64.99,26.27,25.31,26.44,26.72,27.34,1.16,0.78,1.01,1.11,1.27
3/13/2022 7:15,1.068,-99,2.11,1574,46.2,73.27,68.9,47.566117,67.56,77.75,72.23,67.5,65.07,26.35,25.36,26.57,27.32,27.75,1.11,0.72,0.97,1.18,1.3
3/13/2022 7:30,1.286,-99,2.54,1573,46.6,73.54,66.51,62.688384,69.68,79.1,73.82,67.13,65.55,26.28,25.62,26.83,27.92,28.14,1.04,0.69,0.92,1.24,1.31
3/13/2022 7:45,1.503,-99,2.97,1573,46.4,72.53,64.33,84.714296,71.23,80.2,73.94,67.7,67.04,26.42,25.93,27.25,28.28,28.84,0.99,0.66,0.94,1.24,1.31
3/13/2022 8:00,1.761,-99,3.48,1573,46.3,75.33,62.87,112.821989,71.85,80.8,73.96,67.42,71.24,26.67,26.23,27.64,28.69,30.46,0.98,0.65,0.96,1.28,1.25
3/13/2022 8:15,1.984,-99,3.92,1573,46.3,77.41,62.06,277.523209,70.21,78.84,69.87,64.56,65.82,26.56,26.2,28.07,28.82,32.59,1.04,0.72,1.14,1.4,1.68
3/13/2022 8:30,2.156,-99,4.26,1572,46.4,76.38,61.13,173.96855,69.73,77.79,66.79,62.57,62.61,26.25,26.03,28.27,28.87,34.27,1.03,0.75,1.28,1.49,2.02
3/13/2022 8:45,2.283,-99,4.51,1572,46.2,75.93,60.36,311.548312,69.34,76.74,65.05,61.27,58.89,26.12,26.07,28.38,29,35.49,1.04,0.79,1.35,1.55,2.37
3/13/2022 9:00,2.389,-99,4.72,1571,46,76.05,59.29,215.554786,69.4,76.31,64.04,60.45,55.97,26.01,26.11,28.53,29.31,36.21,1.03,0.8,1.4,1.61,2.65
3/13/2022 9:15,2.495,-99,4.93,1569,46.1,75.57,58.71,250.237378,70.01,76.14,63.34,59.13,54.01,25.86,26.14,28.66,29.71,36.46,1,0.81,1.44,1.71,2.8
3/13/2022 9:30,2.596,-99,5.13,1568,46.2,74.85,58.04,337.519163,70.3,75.97,62.55,58.5,51.93,25.87,26.19,28.83,30.18,36.5,0.99,0.82,1.49,1.78,2.94
3/13/2022 9:45,2.677,-99,5.29,1567,46.2,74.8,57.59,294.782319,70.6,76.12,62.23,56.92,52.99,25.87,26.2,28.93,30.72,36.97,0.98,0.81,1.51,1.9,2.94
3/13/2022 10:00,2.758,-99,5.45,1565,46.1,74.95,57.04,313.849526,71.16,76.17,62.02,56.24,49.54,25.82,26.23,28.99,30.97,37.82,0.96,0.81,1.52,1.96,3.31
3/13/2022 10:15,2.794,-99,5.52,1564,46.1,75.02,56.47,566.161275,71.84,76.23,62.27,56.63,48.17,25.77,26.31,29.07,30.99,38.7,0.93,0.81,1.52,1.95,3.57
3/13/2022 10:30,2.844,-99,5.62,1563,46.3,75.19,56.11,382.064103,72.49,76.7,62.26,57.42,47.28,25.73,26.31,29.19,31.09,39.46,0.91,0.8,1.53,1.92,3.78
3/13/2022 10:45,2.844,-99,5.62,1560,46.1,75.14,55.87,493.673014,73.72,77.4,62.31,57.5,47.25,25.59,26.3,29.34,31.36,39.27,0.86,0.77,1.54,1.95,3.74
3/13/2022 11:00,2.829,-99,5.59,1559,45.5,75.9,55.92,811.076263,74.42,77.81,62.73,58.6,47.18,25.56,26.33,29.4,31.7,38.47,0.84,0.76,1.53,1.94,3.59
3/13/2022 11:15,2.809,-99,5.55,1557,46.2,75.62,55.99,1188.639838,75.62,78.89,69.58,66.1,51.7,25.54,26.21,29.05,32.15,38.28,0.8,0.72,1.22,1.63,3.25
3/13/2022 11:30,2.799,-99,5.53,1556,46.1,75.14,55.87,1281.181542,77.69,81.8,74.1,67.68,52.82,25.6,26.01,28.59,32.7,38.04,0.73,0.61,1.01,1.6,3.13
3/13/2022 11:45,2.738,-99,5.41,1557,46.2,75.66,56.23,1381.284379,78.72,83.3,76.3,68.25,54.56,25.63,25.96,28.44,33.05,37.58,0.7,0.56,0.92,1.6,2.94
3/13/2022 12:00,2.698,-99,5.33,1556,45.7,75.93,56.78,533.122408,79.38,83.7,77.37,69.12,56.47,25.63,25.99,28.4,33.26,36.89,0.68,0.55,0.88,1.58,2.72
3/13/2022 12:15,2.601,-99,5.14, ,45.8,76.09,57.33,1409.063327,79.95,84.1,77.9,69.88,58.99,25.63,25.98,28.41,33.35,36.2,0.66,0.53,0.86,1.55,2.46
3/13/2022 12:30,2.551,-99,5.04,1554,45.6,76.24,57.59,1286.112716,80.5,85,78.67,70.57,61.67,25.57,25.91,28.38,33.45,35.27,0.64,0.5,0.82,1.52,2.19
3/13/2022 12:45,2.455,-99,4.85,1555,45.3,76.43,58.4,913.15157,81.1,85.7,79.01,71.1,64.47,25.55,25.85,28.44,33.54,34.6,0.62,0.48,0.81,1.5,1.95
3/13/2022 13:00,2.389,-99,4.72,1554,45.6,76.19,58.88,697.659255,81.3,86.1,79.23,71.66,65.7,25.53,25.83,28.47,33.63,34.38,0.61,0.46,0.81,1.48,1.86
3/13/2022 13:15,2.313,-99,4.57,1554,45.6,76.38,59.48,512.904594,81.6,86.2,79.83,72.34,67.66,25.51,25.82,28.43,33.66,33.88,0.6,0.46,0.78,1.44,1.71
3/13/2022 13:30,2.197,-99,4.34,1553,45.8,76.28,60.12,1050.731332,81.8,86.6,80.3,72.96,69.44,25.51,25.74,28.34,33.68,33.58,0.59,0.44,0.76,1.41,1.59
3/13/2022 13:45,2.126,-99,4.2,1554,45.6,76.81,61.2,1126.835788,81.9,86.9,80.5,73.55,70.44,25.48,25.71,28.32,33.57,33.32,0.59,0.43,0.75,1.37,1.51
3/13/2022 14:00,2.05,-99,4.05,1554,45.5,76.64,61.53,1089.523236,82.2,87,80.6,74.04,71.39,25.5,25.73,28.34,33.48,33.09,0.58,0.43,0.75,1.34,1.45
3/13/2022 14:15,1.918,-99,3.79,1554,45.5,76.86,62.71,960.655215,82.3,87.1,81.1,74.19,72.23,25.54,25.78,28.29,33.37,32.89,0.58,0.43,0.73,1.33,1.39
3/13/2022 14:30,1.812,-99,3.58,1554,45.7,76.48,63.18,542.491639,82.4,87.3,80.3,74.56,72.84,25.62,25.81,28.48,33.27,32.7,0.58,0.42,0.77,1.3,1.34
3/13/2022 14:45,1.847,-99,3.65,1554,45.7,77.41,63.06,395.871391,82.4,87.4,81.2,74.32,73.14,25.69,25.85,28.31,33.28,32.59,0.58,0.42,0.72,1.31,1.32
3/13/2022 15:00,1.802,-99,3.56,1554,45.5,77.05,63.33,480.030099,82.4,87.6,81.7,74.1,73.17,25.65,25.75,28.17,32.9,32.2,0.58,0.41,0.7,1.3,1.29
3/13/2022 15:15,1.665,-99,3.29,1554,45.6,77.62,64.5,293.631712,82.6,87.8,82.5,74.77,74.04,25.68,25.74,28.03,32.82,32.06,0.57,0.4,0.66,1.26,1.24
3/13/2022 15:30,1.584,-99,3.13,1555,45.5,78.13,65.67,261.907824,82.7,88,83,74.7,74.63,25.62,25.7,27.89,32.41,31.54,0.57,0.4,0.64,1.23,1.18
3/13/2022 15:45,1.544,-99,3.05,1555,45.2,77.86,66.32,425.951554,82.7,88.2,83.3,75.49,75.39,25.56,25.59,27.58,31.61,30.8,0.57,0.39,0.62,1.14,1.09
3/13/2022 16:00,1.442,-99,2.85,1555,45.5,78.08,66.75,370.886775,82.8,88.5,84,77.34,76.44,25.54,25.46,27.39,31.09,30.57,0.56,0.37,0.58,1.02,1.03
3/13/2022 16:15,1.392,-99,2.75,1555,45.4,78.13,67.08,302.83657,82.9,88.9,84.1,78.25,76.68,25.54,25.39,27.34,30.67,30.45,0.56,0.36,0.58,0.96,1.02
3/13/2022 16:30,1.331,-99,2.63,1555,45.5,78.15,67.94,281.303776,82.9,89.1,84.4,78.61,76.55,25.52,25.3,27.25,30.44,30.34,0.56,0.35,0.56,0.93,1.01
3/13/2022 16:45,1.291,-99,2.55,1554,45.7,78.53,68.25,563.695688,82.8,89.3,84.3,78.71,76.46,25.45,25.19,27.15,30.09,30.07,0.56,0.34,0.56,0.91,1
3/13/2022 17:00,1.235,-99,2.44,1555,45.6,78.25,68.63,468.688398,82.8,89.5,84.3,79.13,76.79,25.41,25.09,27.06,29.65,29.72,0.56,0.33,0.56,0.87,0.97
3/13/2022 17:15,1.159,-99,2.29,1555,45.5,78.08,68.75,84.221179,82.1,89.3,84.8,79.78,76.81,25.48,25.14,27.15,29.29,29.49,0.58,0.34,0.55,0.82,0.96
3/13/2022 17:30,1.164,-99,2.3,1556,45.6,78.25,69.21,162.955594,82.4,89.1,84.6,79.33,77.12,25.63,25.25,27.24,28.8,28.88,0.58,0.35,0.56,0.82,0.91
3/13/2022 17:45,1.098,-99,2.17,1556,45.4,78.46,69.69,128.601747,82.1,89,84.3,80.5,78.14,25.73,25.33,27.13,28.12,28.33,0.59,0.36,0.56,0.74,0.84
3/13/2022 18:00,1.129,-99,2.23, ,45.4,79.13,69.62,105.5896,82,89.1,84.7,81.7,78.94,25.79,25.31,26.92,27.71,27.99,0.6,0.35,0.54,0.68,0.8
3/13/2022 18:15,1.129,-99,2.23,1556,45.3,79.2,69.95,23.074618,82.2,89.2,84.2,79.74,76.11,25.8,25.28,26.78,27.54,27.98,0.59,0.35,0.56,0.75,0.9
3/13/2022 18:30,1.088,-99,2.15,1556,45.5,80.04,70.64,0.226844,81.1,87.9,82,77.71,74.24,25.88,25.27,26.86,27.61,28.04,0.63,0.39,0.64,0.82,0.98
3/13/2022 18:45,1.048,-99,2.07,1558,45.3,79.92,71.17,-4.211213,79.97,86.9,80.6,76.8,73.99,25.85,25.2,26.81,27.47,27.76,0.67,0.42,0.68,0.85,0.97
3/13/2022 19:00,0.997,-99,1.97,1557,45.3,80.16,72.01,-4.211213,78.92,86.2,79.74,76.13,73.59,25.73,25.03,26.68,27.26,27.5,0.7,0.44,0.71,0.86,0.97
3/13/2022 19:15,0.952,-99,1.88,1556,45.5,79.99,72.2,-4.70433,77.69,85.4,79.14,75.68,73.03,25.6,24.86,26.47,27.03,27.28,0.73,0.46,0.72,0.87,0.98
3/13/2022 19:30,0.926,-99,1.83,1558,45.7,80.13,72.65,-4.70433,76.2,84.5,78.52,75.01,72.03,25.58,24.76,26.3,26.85,27.18,0.78,0.48,0.73,0.88,1.01
3/13/2022 19:45,0.876,-99,1.73,1557,45.7,78.91,72.58,-4.70433,74.91,83.6,77.82,74.18,71.32,25.59,24.71,26.2,26.78,27.13,0.82,0.51,0.75,0.91,1.03
3/13/2022 20:00,0.876,-99,1.73,1556,45.4,79.61,72.84,-4.211213,73.03,82.4,77.05,73.47,70.15,25.8,24.82,26.2,26.77,27.24,0.9,0.55,0.78,0.93,1.08
3/13/2022 20:15,0.871,-99,1.72,1557,45.5,78.82,72.51,-4.70433,71.61,81.5,76.14,72.43,69.4,25.95,24.88,26.25,26.84,27.25,0.95,0.58,0.81,0.97,1.11
3/13/2022 20:30,0.825,-99,1.63,1558,45.5,79.34,72.63,-4.375585,70.6,80.8,75.59,71.67,68.61,26.06,24.91,26.25,26.87,27.31,0.99,0.6,0.83,1,1.14
3/13/2022 20:45,0.8,-99,1.58,1557,45.3,79.06,73.03,-5.033075,69.77,80.3,75.07,71.09,68.16,26.13,24.93,26.24,26.91,27.32,1.02,0.62,0.85,1.03,1.16
3/13/2022 21:00,0.774,-99,1.53,1558,45.6,79.58,72.82,-4.70433,69.37,79.98,74.81,70.85,67.97,26.15,24.94,26.22,26.87,27.29,1.04,0.63,0.86,1.03,1.16
3/13/2022 21:15,0.774,-99,1.53,1557,45.4,79.06,73.03,-4.375585,69.13,79.66,74.5,70.7,67.83,26.07,24.92,26.21,26.8,27.24,1.04,0.64,0.87,1.03,1.16
3/13/2022 21:30,0.729,-99,1.44,1558,45.2,79.58,73.49,-5.033075,68.85,79.52,74.2,70.67,67.79,26.08,24.88,26.19,26.74,27.17,1.05,0.64,0.88,1.03,1.16
3/13/2022 21:45,0.754,-99,1.49,1558,45.6,80.01,73.54,-4.539958,68.49,79.28,73.74,70.56,67.52,26.07,24.85,26.24,26.71,27.17,1.06,0.65,0.9,1.03,1.17
3/13/2022 22:00,0.704,-99,1.39,1558,45.7,79.63,73.87,-5.033075,68.16,79.09,73.7,70.41,67.12,26.09,24.85,26.2,26.68,27.2,1.08,0.66,0.89,1.04,1.19
3/13/2022 22:15,0.704,-99,1.39,1558,45.5,79.23,74.18,-4.539958,67.89,78.84,73.68,70,66.9,26.12,24.87,26.14,26.72,27.22,1.09,0.67,0.89,1.05,1.2
3/13/2022 22:30,0.683,-99,1.35,1558,45.4,80.49,74.61,-4.70433,67.64,78.57,73.38,69.8,66.73,26.11,24.91,26.16,26.7,27.21,1.09,0.68,0.9,1.06,1.2
3/13/2022 22:45,0.683,-99,1.35,1558,45.3,79.97,74.49,-4.70433,67.35,78.44,73.39,69.66,66.53,26.14,24.87,26.11,26.69,27.22,1.11,0.68,0.9,1.06,1.21
3/13/2022 23:00,0.688,-99,1.36,1559,45.6,79.99,74.87,-4.868703,67.14,78.26,73.07,69.55,66.42,26.12,24.89,26.13,26.66,27.18,1.11,0.68,0.91,1.06,1.21
3/13/2022 23:15,0.688,-99,1.36,1559,45.7,79.94,75.16,-4.70433,66.91,78.04,72.56,69.28,66.18,26.13,24.88,26.19,26.68,27.19,1.12,0.69,0.93,1.07,1.22
3/13/2022 23:30,0.638,-99,1.26,1559,45.6,80.56,75.38,-4.539958,66.64,77.87,72.36,69.23,66.12,26.14,24.87,26.19,26.64,27.16,1.13,0.7,0.94,1.07,1.22
3/13/2022 23:45,0.638,-99,1.26, ,45.2,79.99,75.21,-4.70433,66.51,77.69,72.29,69,65.95,26.14,24.89,26.16,26.66,27.14,1.14,0.7,0.94,1.08,1.22
3/14/2022 0:00,0.612,-99,1.21,1559,45.5,79.32,75.28,-4.70433,66.33,77.44,71.51,68.92,65.78,26.16,24.9,26.31,26.67,27.15,1.14,0.71,0.98,1.09,1.23
3/14/2022 0:15,0.612,-99,1.21,1560,45.3,80.06,75.62,-4.375585,66.24,77.35,71.53,68.74,65.61,26.16,24.9,26.27,26.65,27.18,1.15,0.71,0.97,1.09,1.24
3/14/2022 0:30,0.612,-99,1.21,1560,45.4,79.97,75.52,-4.539958,66.07,77.11,71.28,68.5,65.48,26.16,24.93,26.32,26.68,27.19,1.15,0.72,0.98,1.1,1.24
3/14/2022 0:45,0.612,-99,1.21,1560,45.6,80.59,75.4,-4.539958,65.86,77.08,71.1,68.39,65.36,26.16,24.89,26.3,26.68,27.17,1.16,0.72,0.99,1.11,1.25
3/14/2022 1:00,0.612,-99,1.21,1561,45.4,79.97,75.19,-4.211213,65.79,76.97,71.14,68.27,65.27,26.14,24.91,26.29,26.67,27.19,1.16,0.73,0.99,1.11,1.25
3/14/2022 1:15,0.587,-99,1.16,1562,45.7,79.73,75.69,-4.539958,65.56,76.81,70.61,68.32,65.2,26.21,24.94,26.37,26.66,27.18,1.17,0.73,1.01,1.11,1.25
3/14/2022 1:30,0.607,-99,1.2,1562,45.4,79.32,75.28,-4.70433,65.51,76.75,70.22,68.07,64.95,26.2,24.93,26.48,26.72,27.24,1.17,0.73,1.03,1.12,1.27
3/14/2022 1:45,0.562,-99,1.11,1562,45.4,79.82,75.42,-4.375585,65.49,76.66,70.21,67.99,65.02,26.2,24.95,26.47,26.7,27.2,1.17,0.74,1.03,1.12,1.26
3/14/2022 2:00,0.582,-99,1.15,1563,45.6,79.27,75.26,-4.868703,65.34,76.48,70.7,67.99,65.02,26.21,24.95,26.35,26.69,27.19,1.18,0.74,1.01,1.12,1.26
3/14/2022 2:15,0.562,-99,1.11,1563,45.4,79.39,75.38,-4.539958,65.33,76.38,70.81,67.96,64.84,26.18,24.99,26.29,26.68,27.2,1.18,0.75,1,1.12,1.27
3/14/2022 2:30,0.587,-99,1.16,1562,45.4,79.63,75.57,-4.868703,65.3,76.29,70.29,67.9,64.7,26.19,24.97,26.38,26.67,27.24,1.18,0.75,1.02,1.12,1.28
3/14/2022 2:45,0.562,-99,1.11,1562,45.6,79.32,75.66,-4.375585,65.14,76.31,70.03,67.73,64.64,26.18,24.95,26.43,26.68,27.23,1.18,0.75,1.03,1.13,1.28
3/14/2022 3:00,0.587,-99,1.16,1563,45.5,79.66,75.62,-4.70433,64.95,76.2,70.04,67.81,64.58,26.21,24.98,26.41,26.65,27.23,1.19,0.75,1.03,1.12,1.28
3/14/2022 3:15,0.536,-99,1.06,1563,45.6,79.25,75.95,-4.70433,64.73,76.01,69.8,67.64,64.5,26.26,25.01,26.46,26.71,27.23,1.2,0.76,1.04,1.13,1.28
3/14/2022 3:30,0.562,-99,1.11,1564,45.3,79.39,75.74,-4.70433,64.75,75.94,70.3,67.6,64.52,26.26,25.01,26.34,26.7,27.21,1.2,0.76,1.02,1.13,1.28
3/14/2022 3:45,0.562,-99,1.11,1566,45.5,79.42,75.74,-4.375585,64.69,75.95,69.93,67.5,64.34,26.24,25.01,26.39,26.69,27.23,1.2,0.76,1.03,1.14,1.29
3/14/2022 4:00,0.562,-99,1.11,1566,45.3,79.39,75.74,-4.868703,64.64,76.02,69.67,67.43,64.34,26.26,24.96,26.47,26.71,27.25,1.21,0.76,1.05,1.14,1.29
3/14/2022 4:15,0.562,-99,1.11,1566,45.5,79.13,75.47,-4.70433,64.54,75.85,69.65,67.56,64.26,26.27,25,26.46,26.64,27.25,1.21,0.77,1.05,1.13,1.29
3/14/2022 4:30,0.562,-99,1.11,1565,45.3,79.23,75.57,-4.539958,64.57,75.92,69.57,67.34,64.23,26.26,24.96,26.48,26.7,27.23,1.21,0.76,1.05,1.14,1.29
3/14/2022 4:45,0.587,-99,1.16,1566,45.3,79.58,75.21,-4.539958,64.47,75.78,69.43,67.2,64.16,26.24,24.97,26.47,26.7,27.23,1.21,0.77,1.06,1.15,1.3
3/14/2022 5:00,0.562,-99,1.11,1566,45.3,79.37,75.71,-4.70433,64.49,75.79,69.56,67.14,64.14,26.22,24.95,26.42,26.69,27.2,1.21,0.76,1.05,1.15,1.29
3/14/2022 5:15,0.562,-99,1.11,1567,45.2,79.39,75.74,-4.70433,64.39,75.59,69.78,67.18,64.06,26.21,24.98,26.33,26.65,27.22,1.21,0.77,1.04,1.15,1.3
3/14/2022 5:30,0.536,-99,1.06, ,45.4,79.97,75.54,-4.70433,64.23,75.4,69.13,67.12,64.01,26.22,25.01,26.47,26.68,27.2,1.22,0.78,1.07,1.15,1.3
3/14/2022 5:45,0.562,-99,1.11,1566,45.4,79.32,75.66,-4.70433,64.05,75.44,69.2,66.91,63.95,26.27,24.98,26.45,26.7,27.19,1.23,0.78,1.06,1.16,1.3
3/14/2022 6:00,0.587,-99,1.16,1565,45.5,79.32,75.66,-4.539958,63.94,75.26,69.35,66.81,63.76,26.27,25.01,26.41,26.72,27.25,1.23,0.78,1.06,1.16,1.31
3/14/2022 6:15,0.562,-99,1.11,1566,45.5,79.25,75.57,-4.539958,63.9,75.18,69.43,66.8,63.75,26.24,25,26.37,26.68,27.22,1.23,0.79,1.05,1.16,1.31
3/14/2022 6:30,0.587,-99,1.16,1566,45.5,79.3,75.64,-2.896233,63.62,75.42,69.07,66.86,63.79,26.34,24.94,26.45,26.68,27.21,1.25,0.78,1.07,1.16,1.31
3/14/2022 6:45,0.607,-99,1.2,1565,45.5,79.32,75.3,6.637371,63.62,75.44,68.7,66.93,63.64,26.35,24.93,26.52,26.65,27.26,1.25,0.77,1.08,1.16,1.32
3/14/2022 7:00,0.795,-99,1.57,1566,45.6,76.69,73.22,25.047088,63.85,75.7,68.73,66.98,63.56,26.38,25,26.62,26.74,27.36,1.24,0.77,1.09,1.16,1.33
3/14/2022 7:15,1.058,-99,2.09,1565,45.5,74.92,69.73,49.045469,65.64,76.84,70.21,65.88,64.01,26.38,25.25,26.7,27.42,27.69,1.18,0.74,1.04,1.25,1.34
3/14/2022 7:30,1.255,-99,2.48,1563,45.6,74.54,67.34,65.153972,67.96,77.69,72.59,65.69,64.87,26.34,25.66,26.87,28.04,28.06,1.1,0.73,0.97,1.3,1.33
3/14/2022 7:45,1.463,-99,2.89,1563,45.5,73.03,65.03,86.686766,69.79,78.96,73.11,66.45,66.37,26.53,26.02,27.27,28.45,28.8,1.05,0.71,0.97,1.3,1.33
3/14/2022 8:00,1.645,-99,3.25,1562,45.6,70.95,62.8,117.424419,71.22,79.9,73.26,66.96,70.77,26.84,26.41,27.82,28.95,30.46,1.02,0.69,1,1.32,1.27
3/14/2022 8:15,1.852,-99,3.66,1561,45,71.12,60.75,291.987987,72.43,80.4,73.33,67.36,67.44,27.22,26.87,28.48,29.49,32.72,1,0.69,1.04,1.34,1.61
3/14/2022 8:30,1.974,-99,3.9,1560,45.4,70.95,58.76,176.59851,73.44,80.6,73.56,67.33,63.76,27.64,27.39,29.05,30.18,34.87,0.98,0.71,1.06,1.4,2.02
3/14/2022 8:45,2.019,-99,3.99,1558,45.5,71.24,58.28,255.332925,74.28,81.1,72.98,67.32,62.06,28.09,27.9,29.86,30.86,36.63,0.98,0.71,1.14,1.46,2.33
3/14/2022 9:00,2.192,-99,4.33,1558,45.2,78.51,58.76,246.949929,73.37,80.7,70.99,65.72,60.13,28.45,28.25,30.48,31.42,37.89,1.03,0.74,1.27,1.58,2.63
3/14/2022 9:15,2.434,-99,4.81,1561,45.2,80.54,60.46,244.977459,71.76,77.78,65.32,61.56,56.29,27.21,27.7,30.49,31.48,38.16,1.02,0.83,1.51,1.77,2.92
3/14/2022 9:30,2.505,-99,4.95,1561,45,78.53,59.67,338.01228,75.57,79,64.5,59.76,54.09,26,26.9,29.94,31.46,37.81,0.82,0.74,1.5,1.86,3.01
3/14/2022 9:45,2.52,-99,4.98,1560,45.4,77.07,58.79,298.562886,77.44,80.2,65.03,59.53,53.64,25.74,26.65,29.77,31.58,37.64,0.75,0.69,1.46,1.88,3.01
3/14/2022 10:00,2.607,-99,5.15,1560,45.4,76.19,58,321.903778,77.82,80.6,65.58,59.68,53.34,25.78,26.65,29.79,31.75,38.32,0.74,0.68,1.44,1.89,3.15
3/14/2022 10:15,2.647,-99,5.23,1559,45.2,76.02,57.71,561.394474,78.3,80.9,66.04,59.69,51.58,25.86,26.7,29.83,31.86,38.91,0.72,0.67,1.43,1.9,3.37
3/14/2022 10:30,2.682,-99,5.3,1558,44.9,75.52,56.94,387.981513,78.72,81.2,66.69,60.4,49.6,25.91,26.73,29.9,32.06,39.47,0.71,0.66,1.41,1.89,3.61
3/14/2022 10:45,2.667,-99,5.27,1557,45.4,75.11,56.68,441.238194,79.35,81.7,66.92,61.39,49.74,25.92,26.85,30.11,32.31,39.47,0.69,0.65,1.41,1.87,3.6
3/14/2022 11:00,2.622,-99,5.18,1555,44.8,76.64,56.99,865.154807,79.87,81.8,67.53,61.81,51.06,25.97,27.01,30.23,32.69,38.76,0.68,0.65,1.4,1.89,3.38
3/14/2022 11:15,2.612,-99,5.16, ,45.2,75.93,57.64,1181.243077,80.1,82.1,72.95,67.81,54.65,26,26.9,29.82,32.91,38.09,0.67,0.63,1.14,1.61,3.02
3/14/2022 11:30,2.612,-99,5.16,1555,44.7,76.19,57.57,1310.439842,81,84.3,77.34,69.68,55.93,26,26.66,29.18,33.14,37.44,0.64,0.55,0.92,1.54,2.83
3/14/2022 11:45,2.551,-99,5.04,1554,45.2,76.07,57.95,1337.725673,81.7,85.5,79.24,70.31,58.52,26.11,26.6,28.95,33.35,36.83,0.62,0.5,0.83,1.52,2.58
3/14/2022 12:00,2.551,-99,5.04,1554,45,75.93,57.85,544.135364,82.1,85.8,80.1,71.21,60.64,26.13,26.69,28.94,33.45,36.18,0.61,0.5,0.79,1.49,2.36
3/14/2022 12:15,2.536,-99,5.01,1554,45,75.9,58.04,1308.796117,82.4,86.4,80.7,72.11,62.71,26.16,26.65,29.01,33.6,35.62,0.6,0.48,0.77,1.45,2.17
3/14/2022 12:30,2.455,-99,4.85,1554,45,76.38,58.59,1263.429314,82.7,87,81.2,72.43,65.27,26.16,26.56,29.06,33.79,35.09,0.59,0.45,0.76,1.45,1.96
3/14/2022 12:45,2.389,-99,4.72,1553,45.2,76.31,58.98,959.011491,82.9,87.3,81.5,72.91,66.73,26.16,26.55,29.09,34,34.81,0.58,0.44,0.74,1.44,1.85
3/14/2022 13:00,2.323,-99,4.59,1553,44.8,76.36,59.72,664.620388,83,87.3,81.4,72.48,67.31,26.19,26.56,29.06,34.03,34.62,0.58,0.44,0.75,1.47,1.8
3/14/2022 13:15,2.237,-99,4.42,1552,44.9,77.07,60.41,541.176659,82.9,87.4,81.5,72.49,67.87,26.23,26.49,28.96,33.94,34.34,0.58,0.44,0.74,1.46,1.74
3/14/2022 13:30,2.156,-99,4.26,1554,44.9,77.48,61.15,973.969386,83,87.5,81.8,72.97,69.07,26.2,26.47,28.88,33.87,33.98,0.58,0.43,0.72,1.43,1.64
3/14/2022 13:45,2.04,-99,4.03,1554,44.9,77.41,61.82,1125.02769,82.9,87.6,81.5,72.97,69.48,26.2,26.43,28.91,33.66,33.68,0.58,0.43,0.74,1.41,1.59
3/14/2022 14:00,1.954,-99,3.86,1553,44.9,77.34,62.49,1117.795302,82.9,87.5,81.4,73.57,70.59,26.19,26.43,28.87,33.4,33.31,0.58,0.43,0.74,1.36,1.51
3/14/2022 14:15,1.857,-99,3.67,1553,44.7,77.48,63.38,1018.021209,82.9,87.4,81.2,73.95,71.4,26.24,26.49,28.9,33.28,33.05,0.58,0.44,0.75,1.33,1.44
3/14/2022 14:30,1.721,-99,3.4,1553,44.7,78.2,64.67,600.843868,82.9,87.4,80.6,73.97,72.25,26.26,26.49,29.02,33.18,32.76,0.58,0.44,0.78,1.32,1.38
3/14/2022 14:45,1.604,-99,3.17,1553,44.8,77.48,65.77,368.749933,82.7,87.4,80.8,73.23,72.6,26.27,26.43,28.85,33.17,32.5,0.59,0.43,0.76,1.36,1.34
3/14/2022 15:00,1.468,-99,2.9,1554,44.9,78.03,66.7,333.574223,82.9,87.7,81.7,72.38,73.21,26.3,26.41,28.68,33.32,32.34,0.59,0.42,0.72,1.41,1.3
3/14/2022 15:15,1.372,-99,2.71,1553,44.8,78.53,67.39,297.083534,82.8,88,82.2,72.26,73.49,26.3,26.31,28.53,33.24,32.12,0.59,0.41,0.69,1.41,1.27
3/14/2022 15:30,1.331,-99,2.63,1553,45,78.41,67.87,287.54993,82.9,88.3,82.7,72.67,73.83,26.29,26.29,28.42,33,32.02,0.58,0.4,0.67,1.37,1.25
3/14/2022 15:45,1.26,-99,2.49,1554,45.2,78.46,68.49,737.766139,82.9,88.4,83.1,73.44,74.04,26.26,26.23,28.27,32.72,31.9,0.58,0.4,0.65,1.32,1.23
3/14/2022 16:00,1.189,-99,2.35,1555,44.9,78.1,69.09,389.460865,83.1,88.6,83.8,74.68,74.16,26.24,26.21,28.15,32.45,31.92,0.58,0.39,0.62,1.23,1.22
3/14/2022 16:15,1.139,-99,2.25,1554,44.8,78.75,69.28,289.5224,83.2,88.8,84.3,75.11,74.09,26.26,26.18,28.08,32.27,31.87,0.57,0.38,0.6,1.2,1.22
3/14/2022 16:30,1.129,-99,2.23,1554,44.8,80.37,69.97,257.469767,82.9,88.8,84.2,75.34,74.03,26.21,26.09,28.01,32.1,31.71,0.58,0.38,0.6,1.18,1.21
3/14/2022 16:45,1.149,-99,2.27,1554,44.7,81.28,71,557.942652,82.5,88.5,83.6,75.46,74.01,25.98,25.85,27.76,31.81,31.42,0.59,0.38,0.61,1.15,1.2
3/14/2022 17:00,1.078,-99,2.13, ,45,79.97,71.53,454.716737,82.9,89,84,75.85,74.62,25.62,25.47,27.43,31.32,30.91,0.56,0.36,0.59,1.1,1.13
3/14/2022 17:15,0.982,-99,1.94,1555,44.8,78.27,71.07,321.246288,84,89.5,85.6,76.93,75.64,25.63,25.45,27.45,30.78,30.5,0.53,0.34,0.53,1.02,1.06
3/14/2022 17:30,0.906,-99,1.79,1556,45.4,77.79,71.31,237.416325,84.9,90,85.6,78.7,76.69,25.89,25.69,27.73,30.17,30.2,0.5,0.33,0.54,0.91,1
3/14/2022 17:45,0.876,-99,1.73,1557,44.7,76.98,71.22,95.398507,85.8,91,86.2,80.8,78.24,26.34,26,27.89,29.66,29.91,0.49,0.3,0.52,0.8,0.92
3/14/2022 18:00,0.83,-99,1.64,1558,44.9,78.48,71.58,110.19203,85.5,91.2,86.4,81.5,78.71,26.55,26.16,27.91,29.25,29.55,0.5,0.3,0.51,0.75,0.88
3/14/2022 18:15,0.871,-99,1.72,1559,44.9,79.46,72.39,26.033323,83.6,90.4,85.6,81.2,78.61,26.83,26.19,27.78,28.86,29.11,0.58,0.33,0.54,0.75,0.86
3/14/2022 18:30,0.81,-99,1.6,1560,44.7,81.62,73.89,1.377451,81.2,89.1,84.7,81.4,79.08,27.04,26.13,27.58,28.33,28.47,0.67,0.37,0.56,0.72,0.81
3/14/2022 18:45,0.845,-99,1.67,1559,44.7,82.5,74.61,-3.718095,79.08,87.8,83.7,81.7,79.55,27,25.97,27.29,27.67,27.78,0.75,0.41,0.59,0.68,0.76
3/14/2022 19:00,0.774,-99,1.53,1561,45.2,82.09,74.97,-4.375585,77.33,86.8,83.2,81.9,79.93,26.79,25.69,26.84,27.1,27.16,0.8,0.44,0.59,0.65,0.72
3/14/2022 19:15,0.749,-99,1.48,1560,44.9,82.57,75.71,-5.033075,76.3,86.1,83.2,81.6,79.35,26.47,25.37,26.33,26.65,26.79,0.82,0.45,0.58,0.64,0.73
3/14/2022 19:30,0.749,-99,1.48,1561,44.6,82.17,75.71,-4.868703,75.67,85.5,83.1,81.4,79.02,26.14,25.04,25.9,26.2,26.39,0.82,0.46,0.56,0.63,0.72
3/14/2022 19:45,0.704,-99,1.39,1560,44.9,82.07,75.97,-4.375585,75.31,84.9,82.8,81.3,78.56,25.82,24.76,25.54,25.8,26.06,0.82,0.47,0.56,0.62,0.72
3/14/2022 20:00,0.724,-99,1.43,1562,44.7,81.57,75.54,-4.539958,75.22,84.6,82.6,81.3,78.33,25.48,24.53,25.2,25.42,25.76,0.81,0.47,0.56,0.61,0.72
3/14/2022 20:15,0.704,-99,1.39,1562,45,81.57,75.9,-4.375585,75.19,84.2,82.6,81.5,78.21,25.16,24.28,24.91,25.07,25.45,0.79,0.48,0.55,0.59,0.71
3/14/2022 20:30,0.673,-99,1.33,1561,44.8,81.11,75.52,-5.033075,75.22,84,82.7,81.4,78.11,24.89,24.1,24.62,24.82,25.19,0.78,0.48,0.54,0.58,0.7
3/14/2022 20:45,0.648,-99,1.28,1562,44.7,81.21,75.93,-4.70433,75.22,83.5,82.6,81.2,77.98,24.61,23.95,24.35,24.55,24.95,0.77,0.49,0.53,0.58,0.7
3/14/2022 21:00,0.628,-99,1.24,1561,44.9,82.38,76.26,-4.375585,75.39,83.3,82.7,81.3,77.94,24.33,23.75,24.08,24.32,24.7,0.75,0.49,0.52,0.57,0.69
3/14/2022 21:15,0.602,-99,1.19,1561,44.9,81.95,76.24,-4.70433,75.62,82.8,82.5,81,77.79,24.01,23.61,23.87,24.07,24.46,0.73,0.5,0.52,0.57,0.68
3/14/2022 21:30,0.678,-99,1.34,1561,44.7,81.66,76.72,-5.36182,75.87,81.9,82.4,81.1,77.55,23.78,23.69,23.72,23.89,24.34,0.71,0.53,0.52,0.56,0.68
3/14/2022 21:45,0.643,-99,1.27,1562,45,81.69,75.66,-4.375585,76.32,78.98,81.1,80.2,75.87,23.46,24.28,23.9,23.95,24.63,0.68,0.64,0.56,0.59,0.75
3/14/2022 22:00,0.617,-99,1.22,1561,44.9,81.57,75.57,-4.539958,77.49,75.62,78.46,78.86,73.48,23.17,25.1,24.46,24.25,25.15,0.64,0.78,0.66,0.64,0.85
3/14/2022 22:15,0.597,-99,1.18,1562,44.8,81.19,75.93,-4.375585,77.72,75.24,77.29,77.7,72.35,23.08,25.14,24.65,24.43,25.34,0.63,0.79,0.7,0.68,0.89
3/14/2022 22:30,0.623,-99,1.23,1562,45.3,80.35,76.24,-4.868703,77.81,75.25,76.81,76.92,71.89,23.04,25.11,24.74,24.55,25.4,0.62,0.79,0.72,0.71,0.91
3/14/2022 22:45,0.597,-99,1.18, ,45.3,80.68,76.19,-4.868703,77.7,75.16,76.26,76.47,71.5,23,25.06,24.8,24.59,25.44,0.63,0.79,0.74,0.73,0.93
3/14/2022 23:00,0.597,-99,1.18,1562,44.8,80.61,76.12,-4.375585,77.48,75.04,75.95,75.99,71.09,22.99,25.06,24.83,24.66,25.47,0.63,0.79,0.75,0.75,0.94
3/14/2022 23:15,0.567,-99,1.12,1561,45.2,80.04,76.31,-4.211213,77.37,74.76,75.69,75.61,70.9,22.99,25.08,24.85,24.68,25.47,0.64,0.8,0.76,0.76,0.95
3/14/2022 23:30,0.567,-99,1.12,1562,44.9,79.94,76.21,-4.539958,77.21,74.38,75.5,75.37,70.62,23.01,25.15,24.87,24.73,25.5,0.64,0.82,0.77,0.77,0.96
3/14/2022 23:45,0.567,-99,1.12,1561,44.6,80.11,76.02,-4.539958,77.33,74.92,75.25,75.17,70.44,22.94,24.94,24.88,24.72,25.51,0.63,0.79,0.78,0.77,0.97
3/15/2022 0:00,0.572,-99,1.13,1562,45,82.67,76.5,-4.375585,77.13,74.86,75.38,75.28,70.3,22.96,25,24.85,24.7,25.52,0.64,0.8,0.77,0.77,0.97
3/15/2022 0:15,0.587,-99,1.16,1562,44.9,84.53,77.77,-4.70433,80.9,80.4,79.89,82,73,22.55,24.1,24.38,23.93,25.24,0.52,0.59,0.61,0.53,0.87
3/15/2022 0:30,0.577,-99,1.14,1564,45.2,80.83,77.41,-4.868703,84.2,85.6,81.6,85.5,76.23,22.01,23.18,24.24,23.39,24.9,0.42,0.41,0.56,0.42,0.75
3/15/2022 0:45,0.542,-99,1.07,1565,45.2,79.78,76.43,-4.539958,85.2,86.4,80.2,85.4,75.76,21.89,22.94,24.59,23.55,25.08,0.39,0.38,0.61,0.42,0.77
3/15/2022 1:00,0.542,-99,1.07,1566,45.2,81.66,76.33,-4.70433,85.5,86.6,79.02,83.6,74.91,21.92,22.95,24.9,23.92,25.3,0.38,0.38,0.66,0.49,0.81
3/15/2022 1:15,0.547,-99,1.08,1568,45.3,81.54,76.6,-4.70433,85.7,85.3,80.7,85.1,75.47,21.89,23.31,24.67,23.79,25.28,0.38,0.42,0.6,0.44,0.79
3/15/2022 1:30,0.521,-99,1.03,1568,46.5,80.01,77,-4.375585,86.3,87.6,80.7,85.8,76.31,21.81,22.87,24.65,23.65,25.16,0.36,0.35,0.6,0.41,0.76
3/15/2022 1:45,0.516,-99,1.02,1568,47,79.39,76.43,-4.868703,86.5,87.9,79.42,84.8,75.49,21.78,22.74,24.93,23.84,25.31,0.35,0.33,0.65,0.45,0.79
3/15/2022 2:00,0.521,-99,1.03,1570,46.7,82.09,76.72,-4.539958,86.6,87.7,78.58,83.6,74.84,21.8,22.79,25.11,24.07,25.45,0.35,0.34,0.68,0.49,0.82
3/15/2022 2:15,0.521,-99,1.03,1570,47,81.11,76.57,-4.70433,86.5,86.4,80.6,84.7,75.41,21.75,23.13,24.75,23.92,25.38,0.35,0.39,0.61,0.45,0.8
3/15/2022 2:30,0.526,-99,1.04,1570,46.9,80.49,77.1,-4.539958,86.8,87.9,80.1,84.9,76.21,21.72,22.79,24.81,23.83,25.17,0.34,0.34,0.62,0.45,0.76
3/15/2022 2:45,0.521,-99,1.03,1571,47,79.27,76.67,-4.70433,86.8,88.2,78.6,84.2,75.21,21.66,22.66,25.14,23.97,25.4,0.34,0.32,0.68,0.47,0.8
3/15/2022 3:00,0.516,-99,1.02,1571,47.2,78.84,76.64,-4.70433,86.8,88.2,77.45,83,74.43,21.68,22.68,25.43,24.23,25.56,0.34,0.33,0.73,0.51,0.84
3/15/2022 3:15,0.536,-99,1.06,1572,46.6,78.99,76.05,-4.211213,86.7,88.1,73.12,79.34,72.44,21.8,22.84,26.56,25.09,26.15,0.35,0.33,0.93,0.66,0.93
3/15/2022 3:30,0.516,-99,1.02,1572,47,78.94,76.02,-4.539958,86.5,86.5,74.19,78.23,71.82,21.94,23.24,26.21,25.23,26.28,0.36,0.38,0.88,0.7,0.96
3/15/2022 3:45,0.491,-99,0.97,1573,47,79.66,76.33,-4.868703,85.8,84.6,77.41,79.79,73.28,21.99,23.52,25.32,24.76,25.79,0.38,0.45,0.73,0.63,0.89
3/15/2022 4:00,0.491,-99,0.97,1573,47.1,79.32,76.38,-4.375585,85.1,84.5,77.81,80.1,73.68,22.05,23.47,25.16,24.6,25.62,0.4,0.45,0.71,0.62,0.87
3/15/2022 4:15,0.491,-99,0.97,1573,47.2,79.7,76.36,-4.70433,84.5,84.1,77.76,79.69,73.6,22.08,23.42,25.07,24.55,25.55,0.41,0.46,0.71,0.63,0.86
3/15/2022 4:30,0.466,-99,0.92, ,46.9,80.06,76.69,-4.539958,84,83.6,77.28,79.42,73.35,22.1,23.44,25.07,24.5,25.51,0.43,0.47,0.72,0.63,0.87
3/15/2022 4:45,0.516,-99,1.02,1573,47,79.3,76.33,-4.70433,83.5,83.7,76.93,79,73.15,22.1,23.32,25.05,24.49,25.45,0.44,0.47,0.73,0.65,0.87
3/15/2022 5:00,0.466,-99,0.92,1573,47,79.68,76.69,-4.211213,83.2,83.5,76.38,78.48,73.01,22.11,23.29,25.11,24.52,25.41,0.45,0.47,0.75,0.66,0.88
3/15/2022 5:15,0.44,-99,0.87,1575,47.1,79.3,76.69,-4.539958,82.9,83.1,75.99,78.12,72.77,22.14,23.29,25.16,24.54,25.39,0.46,0.48,0.77,0.67,0.88
3/15/2022 5:30,0.516,-99,1.02,1574,46.7,79.06,76.12,-4.539958,82.7,83.1,75.87,77.74,72.6,22.15,23.29,25.16,24.6,25.42,0.46,0.48,0.77,0.69,0.89
3/15/2022 5:45,0.516,-99,1.02,1574,46.7,79.15,76.19,-4.375585,82.5,82.5,75.72,77.44,72.28,22.14,23.4,25.15,24.62,25.44,0.47,0.5,0.78,0.7,0.9
3/15/2022 6:00,0.491,-99,0.97,1575,46.6,79.61,76.62,-4.211213,82.3,82.2,75.16,77.21,72.19,22.13,23.44,25.26,24.64,25.44,0.47,0.51,0.8,0.71,0.9
3/15/2022 6:15,0.491,-99,0.97,1575,46.6,78.8,76.24,-4.539958,82.3,81.6,75.05,76.9,72.11,22.12,23.56,25.25,24.67,25.45,0.47,0.53,0.8,0.72,0.91
3/15/2022 6:30,0.491,-99,0.97,1576,46.4,79.2,75.9,-2.074371,82.1,82.2,75.23,76.88,71.99,22.15,23.42,25.2,24.67,25.45,0.48,0.51,0.79,0.72,0.91
3/15/2022 6:45,0.461,-99,0.91,1576,46.2,78.87,76.28,7.623605,82,82.1,75.47,76.73,71.82,22.16,23.45,25.12,24.7,25.5,0.48,0.52,0.78,0.72,0.92
3/15/2022 7:00,0.648,-99,1.28,1576,46.5,76.28,74.21,27.348302,82.1,81.6,75.49,76.75,71.62,22.26,23.7,25.23,24.76,25.65,0.48,0.54,0.79,0.73,0.93
3/15/2022 7:15,0.865,-99,1.71,1574,46.3,73.89,70.64,57.264093,82.7,81.1,77.84,76.83,71.34,23.02,24.46,25.25,25.28,26.25,0.49,0.58,0.71,0.75,0.98
3/15/2022 7:30,1.103,-99,2.18,1574,46.3,73.49,68.18,66.962069,78.62,81.9,79.14,76.65,71.36,24.32,24.78,25.47,25.83,26.87,0.65,0.57,0.68,0.78,1.01
3/15/2022 7:45,1.28,-99,2.53,1574,46.6,73.58,66.27,88.001746,75.94,82,79.27,77.13,73.26,25.34,25.16,25.89,26.22,28,0.78,0.58,0.69,0.78,1.01
3/15/2022 8:00,1.544,-99,3.05,1574,46.4,72.15,63.76,125.643042,75.34,82.8,78.95,78.86,73.57,25.85,25.38,26.36,26.39,29.64,0.82,0.56,0.72,0.73,1.1
3/15/2022 8:15,1.776,-99,3.51,1573,46.4,71.91,61.82,,76.23,83.9,79.05,80,70.81,26.06,25.53,26.78,26.74,31.74,0.8,0.53,0.74,0.7,1.37
3/15/2022 8:30,1.969,-99,3.89,1573,46.5,72.24,60.15,,77.41,84.7,80.4,80.2,66.41,26.27,25.78,26.97,27.35,33.61,0.77,0.51,0.7,0.72,1.75
3/15/2022 8:45,2.08,-99,4.11,1572,46.4,71.19,58.24,,78.5,85.5,81.9,80.6,63.62,26.54,26.11,27.19,27.95,34.77,0.75,0.49,0.65,0.73,2.02
3/15/2022 9:00,2.267,-99,4.48,1572,46.2,76.91,58.24,,78.47,85.7,83.1,80.2,63.08,26.88,26.48,27.5,28.77,0,,,,,
