TIMESTAMP,TotalSapFlow_L_hr,Vh_Outer_cm_hr,Vh_Inner_cm_hr,Dendro_um,TDR315_VWC,SWC_Outer_percent,SWC_Inner_percent,radiation_mtn1300_PAR,humidity_mtn_100,humidity_mtn_300,humidity_mtn_700,humidity_mtn_1300,humidity_mtn_2000,temperature_mtn_100,temperature_mtn_300,temperature_mtn_700,temperature_mtn_1300,temperature_mtn_2000,VPD_1m,VPD_3m,VPD_7m,VPD_13m,VPD_20m
10/29/2021 14:00,11.185,8.71,65.33, ,46.6,25.68,11.24,893.098128,83.3,89.1,84.7,79.68,76.44,23.4,23.49,25.63,30.38,30.19,0.48,0.32,0.5,0.88,1.01
10/29/2021 14:15,11.255,8.58,65.94, ,46.5,25.77,11.28,722.315127,83.2,88.9,84.6,79.49,76.98,23.41,23.54,25.65,30.36,30,0.48,0.32,0.51,0.89,0.98
10/29/2021 15:00,11.148,8.69,65.1, ,46.6,25.58,11.24,217.856001,83.5,89,84.4,77.1,77.01,23.34,23.43,25.59,30.53,29.64,0.47,0.32,0.51,1,0.96
10/29/2021 15:15,10.935,8.69,63.68, ,46.5,25.63,11.26,216.047904,83.6,89.2,84.7,77.4,76.95,23.33,23.35,25.45,30.17,29.4,0.47,0.31,0.5,0.97,0.94
10/29/2021 15:30,10.988,8.81,63.9, ,46.6,25.53,11.24,291.001752,83.7,89.4,85,78.59,77.21,23.28,23.28,25.31,29.79,29.22,0.47,0.3,0.48,0.9,0.92
10/29/2021 15:45,10.86,8.8,63.06, ,45.1,25.58,11.21,176.269765,83.8,89.6,85.2,78.74,76.81,23.22,23.21,25.21,29.48,29.07,0.46,0.3,0.47,0.88,0.93
10/29/2021 16:00,19.626,7.94,66.92, ,46.6,29.95,15.54,193.364502,83.8,89.6,85,79.18,76.72,23.21,23.14,25.18,29.14,28.89,0.46,0.29,0.48,0.84,0.93
10/29/2021 16:15,18.52,8.03,62.57, ,46.7,30.03,15.54,139.285958,83.5,89.5,85,78.8,75.99,23.14,23.02,25.02,28.81,28.66,0.47,0.3,0.48,0.84,0.94
10/29/2021 16:30,18.272,8.08,61.56, ,45.3,29.95,15.54,122.84871,83.2,89.2,84.7,78.74,75.55,23.01,22.86,24.76,28.33,28.3,0.47,0.3,0.48,0.82,0.94
10/29/2021 17:00, , , , ,46.6, , ,116.602556,83,89,84.6,78.41,75.48,22.6,22.47,24.34,27.15,27.24,0.47,0.3,0.47,0.78,0.89
10/29/2021 17:15, , , , ,46.8,51.37,23.33,53.647898,83.5,89.5,84.7,78.76,76.24,22.52,22.41,24.25,26.5,26.53,0.45,0.28,0.46,0.74,0.82
10/29/2021 17:30, , , , ,46.8,30.77,15.85,7.29486,83.3,89.7,85.4,78.78,76.73,22.88,22.79,24.63,26.11,26.12,0.47,0.29,0.45,0.72,0.79
10/29/2021 17:45,14.665,7.28,48.55, ,46.6,31.03,16.14,-3.553723,81.2,88.7,83.6,78.91,76.81,23.2,22.95,24.81,25.63,25.73,0.53,0.32,0.51,0.69,0.77
10/29/2021 18:00,14.25,6.96,47.3, ,46.7,31.8,16.66,-4.211213,79.15,87.6,82.2,79.17,76.97,23.32,22.87,24.65,25.07,25.23,0.6,0.35,0.55,0.66,0.74
10/29/2021 18:15,13.665,6.81,45.21, ,46.6,32.37,17.21,-4.375585,77.68,87,81.8,79.54,77.14,23.31,22.71,24.36,24.57,24.77,0.64,0.36,0.55,0.63,0.71
10/29/2021 18:30,12.836,6.47,42.39,6860,46.5,33.35,17.74,-5.033075,76.47,86.3,81.6,80.1,77.35,23.19,22.49,24.04,24.08,24.35,0.67,0.37,0.55,0.6,0.69
10/29/2021 18:45,12.474,6.18,41.31,6862,46.7,33.88,18.29,-5.197448,75.77,85.9,81.6,80.2,77.35,23.01,22.3,23.66,23.69,24.01,0.68,0.38,0.54,0.58,0.68
10/29/2021 19:00,12.16,5.82,40.49,6864,46.8,34.5,18.81,-4.539958,75.09,85.7,81.7,80.3,77.41,22.82,22.09,23.3,23.37,23.67,0.69,0.38,0.52,0.57,0.66
10/29/2021 19:15,12.02,5.49,40.31,6866,46.8,35.26,19.46,-4.70433,74.51,85.3,81.7,80,77.25,22.65,21.87,22.99,23.1,23.4,0.7,0.39,0.51,0.57,0.65
10/29/2021 19:30,11.38,5.34,38.01,6867,45.2,35.21,19.96,-4.211213,74.06,85.1,81.6,79.83,76.97,22.52,21.65,22.7,22.87,23.19,0.71,0.39,0.51,0.56,0.65
10/29/2021 19:45,11.206,5.08,37.62,6868,46.9,35.55,20.32,-4.211213,73.76,85,81.6,79.85,77.07,22.39,21.45,22.48,22.62,22.95,0.71,0.38,0.5,0.55,0.64
10/29/2021 20:00,10.983,4.73,37.14,6871,46.7,35.84,20.77,-4.539958,73.88,85,81.7,80,77.23,22.24,21.31,22.25,22.41,22.75,0.7,0.38,0.49,0.54,0.63
10/29/2021 20:15,10.713,4.48,36.37,6872,46.9,36.03,21.25,-4.539958,73.98,85,81.6,80.1,77.23,22.13,21.19,22.12,22.26,22.61,0.69,0.38,0.49,0.53,0.62
10/29/2021 20:30,10.479,4.24,35.73,6875,46.9,36.39,21.59,-4.375585,74.27,85.1,81.8,80.4,77.49,21.98,21.09,21.99,22.1,22.47,0.68,0.37,0.48,0.52,0.61
10/29/2021 20:45,4.195,3.99,11.83,6877,46.7,36.72,21.87,-5.033075,74.97,85.3,81.9,80.7,77.78,21.85,21.03,21.92,21.98,22.37,0.66,0.37,0.48,0.51,0.6
10/29/2021 21:00,4.105,3.92,11.56,6878,46.2,37.01,22.3,-4.04684,75.56,85.3,82,81,77.77,21.64,20.97,21.84,21.88,22.3,0.63,0.36,0.47,0.5,0.6
10/29/2021 21:15,4.011,3.75,11.38,6880,47,37.49,22.64,-4.539958,75.65,85.1,82.2,81,77.77,21.53,20.91,21.7,21.77,22.21,0.63,0.37,0.46,0.5,0.6
10/29/2021 21:30,3.913,3.66,11.1,6881,47,37.53,22.93,-4.375585,75.5,84.6,82.4,81,77.62,21.51,20.93,21.61,21.65,22.14,0.63,0.38,0.45,0.49,0.6
10/29/2021 21:45,3.867,3.59,11,6884,45.7,37.94,23.17,-4.70433,76.38,81.7,81.9,80.6,76.52,21.56,21.47,21.63,21.68,22.32,0.61,0.47,0.47,0.5,0.63
10/29/2021 22:00,3.825,3.54,10.89,6885,47.1,37.75,23.28,-4.211213,76.36,79.96,80.9,79.65,75.48,21.58,21.8,21.79,21.8,22.46,0.61,0.52,0.5,0.53,0.67
10/29/2021 22:15,3.787,3.47,10.82,6887,46.9,37.96,23.31,-3.882468,77.03,79.06,80.3,78.97,74.92,21.43,21.91,21.87,21.88,22.53,0.59,0.55,0.52,0.55,0.68
10/29/2021 22:30,3.734,3.42,10.67,6890,47,38.11,23.48,-4.539958,77.15,78.79,79.94,78.48,74.55,21.4,21.95,21.88,21.93,22.58,0.58,0.56,0.53,0.57,0.7
10/29/2021 22:45,3.678,3.35,10.53,6891,47,37.87,23.57,-4.04684,77.2,78.61,79.74,78.29,74.46,21.35,21.94,21.88,21.95,22.53,0.58,0.56,0.53,0.57,0.7
10/29/2021 23:00, , , ,6893,47,  ,  ,-4.70433,77.16,78.21,79.54,78.07,74.35,21.33,21.99,21.89,21.95,22.53,0.58,0.58,0.54,0.58,0.7
10/29/2021 23:15,3.583,3.28,10.24,6896,45.5,37.77,23.67,-4.868703,77.24,78.02,79.46,77.88,74.16,21.27,21.99,21.86,21.93,22.52,0.58,0.58,0.54,0.58,0.71
10/29/2021 23:30,3.55,3.22,10.18,6897,47,37.99,23.86,-4.70433,77,78.01,79.36,77.78,74.13,21.28,21.96,21.84,21.91,22.46,0.58,0.58,0.54,0.58,0.7
10/29/2021 23:45,3.521,3.18,10.11,6899,47,38.3,23.88,-4.375585,76.59,78.06,79.28,77.76,74.14,21.27,21.91,21.8,21.87,22.42,0.59,0.58,0.54,0.58,0.7
10/30/2021 0:00,3.465,3.14,9.94,6901,45.4,38.32,23.98,-4.211213,76.63,78.07,79.33,77.75,74.08,21.26,21.87,21.77,21.83,22.41,0.59,0.58,0.54,0.58,0.7
10/30/2021 0:15,3.44,3.06,9.93,6903,47.2,37.53,23.79,-4.70433,77.09,78.64,78.09,77.7,74.23,21.12,21.93,22.24,21.95,22.47,0.57,0.56,0.59,0.59,0.7
10/30/2021 0:30,3.503,3.18,10.04,6906,47,36.77,23.26,-3.882468,78.7,80.2,67.9,73.14,70.01,21.11,22.2,25.35,23.72,24.14,0.53,0.53,1.04,0.79,0.9
10/30/2021 0:45,3.605,3.34,10.26,6909,47,36.53,23.07,-4.539958,78.94,79.41,65.13,69.49,66.46,21.62,22.86,26.48,25.03,25.48,0.54,0.57,1.21,0.97,1.09
10/30/2021 1:00,3.666,3.41,10.42,6913,47.1,36.19,22.66,-4.211213,78.21,78.67,64.6,68.09,65.1,22.15,23.4,26.98,25.69,26.19,0.58,0.61,1.26,1.05,1.19
10/30/2021 1:15,3.731,3.53,10.54,6915,46.3,35.98,22.35,-4.375585,77.56,78.25,64.73,67.93,64.62,22.58,23.78,27.22,26,26.6,0.61,0.64,1.27,1.08,1.23
10/30/2021 1:30,3.778,3.57,10.68,6918,46,35.93,22.26,-5.033075,77.02,78.11,64.85,67.89,64.43,22.93,24.06,27.43,26.25,26.88,0.64,0.66,1.29,1.1,1.26
10/30/2021 1:45, , , ,6920,47,  ,  ,-4.211213,76.81,77.91,65.24,68.13,64.55,23.17,24.32,27.53,26.39,27.04,0.66,0.67,1.28,1.1,1.27
10/30/2021 2:00,3.872,3.71,10.89,6923,45.5,35.6,21.95,-4.211213,76.81,78.1,65.24,68.13,64.55,23.32,24.41,27.67,26.55,27.24,0.66,0.67,1.29,1.11,1.28
10/30/2021 2:15, , , ,6926,47,  ,  ,-4.375585,76.61,78.1,64.92,67.9,64.4,23.49,24.55,27.93,26.76,27.42,0.68,0.68,1.32,1.13,1.3
10/30/2021 2:30,3.953,3.84,11.06,6928,47.1,35.55,21.78,-4.539958,76.44,77.97,64.73,67.57,64.23,23.69,24.72,28.12,26.95,27.59,0.69,0.69,1.34,1.15,1.32
10/30/2021 2:45,3.995,3.84,11.22,6930,47.1,35.93,21.85,-4.375585,76.46,77.99,64.7,67.31,63.99,23.77,24.83,28.24,27.15,27.77,0.69,0.69,1.35,1.18,1.34
10/30/2021 3:00,4.028,3.94,11.24,6933,45.5,35.84,21.78,-4.211213,76.36,78.01,64.69,67.18,63.87,23.89,24.93,28.35,27.28,27.91,0.7,0.69,1.36,1.19,1.36
10/30/2021 3:15,4.073,3.98,11.37,6935,46.9,35.67,21.54,-4.375585,76.44,77.95,64.38,67.06,63.67,23.97,25.04,28.55,27.42,28.07,0.7,0.7,1.39,1.2,1.38
10/30/2021 3:30, , , ,6937,45.6,  ,  ,-4.539958,76.55,77.87,64.05,67.08,63.63,24.07,25.15,28.73,27.51,28.17,0.7,0.71,1.42,1.21,1.39
10/30/2021 3:45,4.122,4.09,11.44,6940,45.8,35.55,21.52,-4.868703,76.48,77.8,64.6,67.2,63.71,24.16,25.24,28.65,27.54,28.24,0.71,0.71,1.39,1.21,1.39
10/30/2021 4:00,4.137,4.06,11.53,6942,47,35.91,21.64,-4.70433,76.31,77.81,64.95,67.36,63.83,24.22,25.29,28.58,27.55,28.25,0.72,0.72,1.37,1.2,1.39
10/30/2021 4:15,4.137,4.04,11.55,6943,47.2,36.03,21.59,-4.375585,76.21,77.78,65.13,67.65,64.05,24.27,25.35,28.58,27.52,28.26,0.72,0.72,1.36,1.19,1.38
10/30/2021 4:30,4.18,4.15,11.6,6945,47,35.93,21.78,-4.375585,76.32,77.57,65.19,67.76,64.23,24.31,25.45,28.61,27.55,28.26,0.72,0.73,1.36,1.19,1.37
10/30/2021 4:45,10.526,4.15,36.01,6947,47.1,36.05,21.64,-4.375585,76.42,77.74,65.04,67.55,64.22,24.32,25.43,28.69,27.63,28.3,0.72,0.72,1.38,1.2,1.38
10/30/2021 5:00, , , ,6949,46.4,  ,  ,-4.70433,76.53,77.76,64.8,67.48,64.02,24.35,25.49,28.82,27.69,28.39,0.72,0.73,1.4,1.21,1.39
10/30/2021 5:15,10.595,4.3,36.11,6950,47,35.93,21.56,-4.539958,76.21,77.18,64.36,66.85,63.24,24.36,25.51,28.62,27.67,28.38,0.73,0.75,1.4,1.23,1.42
10/30/2021 5:30,10.761,4.31,36.74,6951,47.1,36.15,21.59,-4.375585,74.93,75.65,64.64,66.31,62.54,24.3,25.46,28.04,27.31,28.09,0.76,0.79,1.34,1.22,1.42
10/30/2021 5:45,10.282,4.4,34.8,6952,47.2,36.05,21.56,-4.539958,74.15,74.53,64.48,65.9,62,24.16,25.39,27.74,27.06,27.89,0.78,0.83,1.32,1.22,1.43
10/30/2021 6:00,10.718,4.48,36.39,6954,46.3,36.27,21.4,-4.539958,73.68,73.93,64.08,65.63,61.68,24.02,25.32,27.6,26.88,27.72,0.79,0.84,1.33,1.22,1.43
10/30/2021 6:15,10.576,4.54,35.78,6954,45.9,36.27,21.37,-4.539958,73.29,73.31,64.04,65.19,61.45,23.94,25.29,27.44,26.78,27.61,0.79,0.86,1.32,1.23,1.42
10/30/2021 6:30,10.667,4.53,36.14,6954,47.2,36.17,21.28,-3.224978,72.99,72.76,63.77,65.09,61.31,23.86,25.27,27.34,26.67,27.48,0.8,0.88,1.32,1.22,1.42
10/30/2021 6:45,10.765,4.63,36.41,6955,47.1,36.15,21.23,4.171783,72.7,72.55,63.55,65.07,61.06,23.78,25.19,27.29,26.55,27.41,0.8,0.88,1.32,1.21,1.42
10/30/2021 7:00,10.42,4.68,35.03,6957,47.2,35.91,21.16,15.349112,72.42,72.31,63.55,64.98,61.06,23.79,25.19,27.21,26.47,27.33,0.81,0.89,1.32,1.21,1.42
10/30/2021 7:15,10.828,4.89,36.37,6958,47.1,34.88,20.32,39.347493,72.5,71.55,63.76,65.02,60.85,23.81,25.32,27.15,26.47,27.44,0.81,0.92,1.3,1.21,1.43
10/30/2021 7:30,10.87,5.15,36.25,6959,45.7,35.93,20.39,69.098911,70.72,65.03,65.79,65.43,60.38,24.16,26.94,27.07,26.67,27.88,0.88,1.24,1.22,1.21,1.49
10/30/2021 7:45,11.138,5.06,37.38,6957,47,35.5,20.25,87.015511,65.79,68.54,65.64,65.68,62.85,24.43,25.48,26.74,26.59,27.77,1.05,1.03,1.21,1.19,1.39
10/30/2021 8:00,11.335,5.29,37.89,6954,45.7,35,19.82,114.794459,65.89,73.8,67.08,68.06,82.3,24.35,24.08,26.21,26.1,28.45,1.04,0.79,1.12,1.08,0.69
10/30/2021 8:15,11.524,5.6,38.28,6952,47,34.19,19.15,148.326444,67.34,76.98,69.44,71.31,83.5,24.05,23.57,25.76,25.57,29.95,0.98,0.67,1.01,0.94,0.7
10/30/2021 8:30,12.258,6.04,40.63,6949,47,33.28,18.53,263.058431,70,78.79,71.88,73.79,82.3,23.61,23.42,25.43,25.48,31.06,0.87,0.61,0.91,0.85,0.8
10/30/2021 8:45,12.525,6.37,41.3,6946,45.4,32.44,17.74,219.992843,72.19,79.99,74.03,75.37,81,23.39,23.45,25.27,25.64,32.07,0.8,0.58,0.84,0.81,0.91
10/30/2021 9:00,13.111,6.7,43.2,6943,46.8,31.58,17.09,325.519972,73.49,80.9,75.69,76.61,79.27,23.4,23.55,25.31,25.92,32.89,0.76,0.55,0.78,0.78,1.04
10/30/2021 9:15,14.543,6.89,48.5,6939,45.6,30.89,16.52,230.677054,74.29,81.8,76.56,77.85,77.76,23.55,23.67,25.48,26.38,33.61,0.75,0.53,0.76,0.76,1.16
10/30/2021 9:30,14.993,7.18,49.92,6934,47,30.27,16.09,237.08758,74.9,82.4,77.49,79.02,76.12,23.72,23.82,25.65,26.94,34.35,0.74,0.52,0.74,0.75,1.3
10/30/2021 9:45,15.563,7.44,51.83,6930,46.8,29.84,15.83,282.783128,75.55,82.9,78.39,78.51,74.72,23.87,23.99,25.85,27.48,34.94,0.72,0.51,0.72,0.79,1.42
10/30/2021 10:00,16.486,7.72,55.08,6925,45.4,31.03,15.66,269.63333,76.15,83.4,79.21,79.12,73.44,24.06,24.15,26.04,27.99,35.43,0.71,0.5,0.7,0.79,1.53
10/30/2021 10:15,17.173,8.23,57.17,6917,46.8,30.91,15.8,310.233332,73.12,81.2,78.15,77.45,71.16,23.71,23.82,25.97,28.35,35.76,0.79,0.55,0.73,0.87,1.69
10/30/2021 10:30,17.735,8.16,59.41,6911,45.6,30.7,15.75,351.326451,76.09,82.7,78.97,76.61,69.83,22.35,22.72,24.91,28.1,35.54,0.65,0.48,0.66,0.89,1.75
10/30/2021 10:45,17.74,8.13,59.46,6905,45.6,30.03,15.59,327.163697,78.64,84.8,81.1,77.13,69.97,21.85,22.25,24.41,28,35.47,0.56,0.41,0.58,0.86,1.73
10/30/2021 11:00,18.23,7.95,61.54,6900,46.9,29.84,15.59,365.133738,80,85.9,81.9,77.51,69.44,21.75,22.11,24.29,28,35.41,0.52,0.38,0.55,0.85,1.76
10/30/2021 11:15,18.601,7.79,63.14,6897,46.5,29.62,15.44,346.559649,80.9,86.7,82.5,78.03,69.98,21.78,22.14,24.26,28.02,35.24,0.5,0.35,0.53,0.83,1.71
10/30/2021 11:30,18.547,7.82,62.9,6892,46,29.4,15.44,386.830905,81.4,87.1,83.1,78.31,69.78,21.84,22.19,24.26,28.05,34.85,0.49,0.35,0.51,0.82,1.69
10/30/2021 11:45,18.919,7.81,64.34,6889,46.9,29.52,15.49,450.93617,82,87.6,83.6,79.14,70.21,21.9,22.17,24.36,28.06,34.44,0.47,0.33,0.5,0.79,1.62
10/30/2021 12:00,18.686,7.75,63.51,6885,46.4,29.4,15.4,410.829287,82.5,88.2,83.8,79.85,71.81,22.01,22.28,24.37,28.11,34.15,0.46,0.32,0.49,0.77,1.51
10/30/2021 12:15,18.978,7.64,64.75,6883,45.5,29.43,15.4,402.939408,82.8,88.5,84.4,80.3,72.17,22.07,22.34,24.42,28.23,33.9,0.46,0.31,0.48,0.75,1.47
10/30/2021 12:30,19.536,7.63,66.91,6880,45.4,29.52,15.49,649.826865,83,88.6,84.6,80.8,72.43,22.19,22.42,24.43,28.31,33.47,0.45,0.31,0.47,0.74,1.42
10/30/2021 12:45,19.174,7.7,65.44,6878,46.7,29.5,15.4,506.494067,83.3,88.8,85.1,81.2,71.39,22.27,22.45,24.38,28.35,32.01,0.45,0.3,0.45,0.73,1.36
10/30/2021 13:00,19.677,7.77,67.3,6876,45,29.5,15.44,340.64224,83.4,89,85.5,81.5,72.61,22.38,22.51,24.43,28.4,30.07,0.45,0.3,0.44,0.72,1.17
10/30/2021 13:15,19.941,7.73,68.36,6876,46.7,29.57,15.47,823.732944,83.4,89.3,85.4,81.6,75.52,22.44,22.51,24.48,28.49,29.09,0.45,0.29,0.45,0.72,0.99
10/30/2021 13:30,19.867,7.65,68.16,6875,46.6,29.69,15.47,939.286794,83.7,89.5,85.7,82.1,76.9,22.53,22.57,24.5,28.58,28.85,0.45,0.29,0.44,0.7,0.92
10/30/2021 13:45,19.43,7.87,66.24,6873,46.1,29.62,15.47,905.590436,83.9,89.7,85.8,81.9,77.79,22.59,22.63,24.58,28.67,28.72,0.44,0.28,0.44,0.71,0.88
10/30/2021 14:00,19.819,7.83,67.78,6873,46.7,29.6,15.44,860.388006,83.9,89.6,85.6,81.6,78.27,22.67,22.69,24.65,28.78,28.64,0.44,0.29,0.45,0.73,0.85
10/30/2021 14:15,19.759,7.83,67.55,6873,46.6,29.72,15.52,397.186371,83.7,89.6,85.8,81.2,78.59,22.7,22.71,24.63,28.87,28.53,0.45,0.29,0.44,0.75,0.83
10/30/2021 14:30,19.915,7.94,68.03,6873,46.7,29.69,15.49,261.414707,83.8,89.6,85.7,80.5,78.63,22.66,22.72,24.68,28.93,28.42,0.45,0.29,0.44,0.78,0.83
10/30/2021 14:45,19.492,7.86,66.49,6873,46.7,29.81,15.47,226.074625,84,89.7,85.4,79.47,78.79,22.63,22.65,24.64,29.03,28.28,0.44,0.28,0.45,0.82,0.81
10/30/2021 15:00,19.272,7.9,65.6,6873,45.8,29.69,15.49,216.376649,84,89.7,85.7,78.9,78.69,22.58,22.6,24.53,28.99,28.14,0.44,0.28,0.44,0.84,0.81
10/30/2021 15:15,19.153,7.83,65.22,6872,46.7,29.91,15.54,214.404179,84.1,89.9,85.6,79.05,78.53,22.52,22.5,24.47,28.74,27.99,0.43,0.28,0.44,0.83,0.81
10/30/2021 15:30,19.013,7.97,64.53,6872,45.2,29.84,15.49,273.57827,84.2,90,85.8,79.93,78.6,22.45,22.4,24.33,28.36,27.83,0.43,0.27,0.43,0.77,0.8
10/30/2021 15:45,18.814,8.01,63.72,6872,46.6,29.84,15.44,177.584744,84.2,89.9,85.7,80.1,78.14,22.37,22.34,24.23,28.02,27.6,0.43,0.27,0.43,0.75,0.81
10/30/2021 16:00,18.696,7.95,63.33,6873,46,29.84,15.47,160.161262,84.1,89.9,85.8,80.4,77.91,22.3,22.21,24.09,27.7,27.4,0.43,0.27,0.43,0.73,0.81
10/30/2021 16:15,18.649,7.98,63.12,6873,46.7,29.93,15.54,140.10782,84,89.9,85.5,80.2,77.08,22.2,22.09,23.93,27.33,27.27,0.43,0.27,0.43,0.72,0.83
10/30/2021 16:30,17.754,8.06,59.59,6874,46.5,29.91,15.47,127.944257,83.7,89.7,85.4,79.76,76.61,22.07,21.94,23.81,26.92,26.93,0.43,0.27,0.43,0.72,0.83
10/30/2021 16:45,17.885,7.96,60.2,6874,46.6,30.1,15.52,95.234135,83.5,89.6,85,79.5,76.39,21.92,21.76,23.69,26.3,26.4,0.43,0.27,0.44,0.7,0.81
10/30/2021 17:00,16.638,7.78,55.6,6875,46.7,29.76,15.71,110.19203,83.3,89.4,84.3,79.68,76.67,21.77,21.58,23.53,25.63,25.79,0.44,0.27,0.46,0.67,0.77
10/30/2021 17:15,15.968,7.45,53.38,6877,46.7,29.95,15.75,47.401744,83.5,89.7,85.1,79.9,77.09,21.71,21.56,23.41,25.08,25.18,0.43,0.27,0.43,0.64,0.73
10/30/2021 17:30,14.824,7.3,49.14,6879,45.5,30.62,16.14,4.664901,83,89.4,84.6,79.84,77.51,22.03,21.97,23.81,24.73,24.85,0.45,0.28,0.45,0.63,0.71
10/30/2021 17:45,14.052,6.94,46.56,6882,46.7,31.6,16.69,-3.718095,80.8,88.2,82.9,79.83,77.43,22.31,22.08,23.85,24.34,24.49,0.52,0.31,0.51,0.61,0.69
10/30/2021 18:00,13.377,6.58,44.35,6884,46.6,32.35,17.28,-4.211213,78.96,87.4,82,79.95,77.48,22.44,21.96,23.67,23.88,24.08,0.57,0.33,0.53,0.59,0.68
10/30/2021 18:15,12.762,6.29,42.3,6888,46.7,33.44,17.88,-4.04684,77.63,86.8,81.8,80.5,77.68,22.43,21.81,23.36,23.37,23.68,0.61,0.34,0.52,0.56,0.65
10/30/2021 18:30,12.401,5.92,41.31,6888,45.3,33.23,18.41,-4.211213,76.58,86.2,81.8,80.9,77.7,22.33,21.65,23,22.95,23.33,0.63,0.36,0.51,0.53,0.64
10/30/2021 18:45,11.91,5.54,39.83,6891,46.1,33.52,18.74,-4.539958,77.41,83.7,81.8,80.5,77.46,22.27,22.21,22.83,22.88,23.26,0.61,0.44,0.51,0.54,0.64
10/30/2021 19:00,11.661,5.33,39.1,6893,46.6,33.76,18.91,-4.539958,75.64,72.83,79.07,77.26,72.83,23,24.9,23.63,23.71,24.49,0.68,0.86,0.61,0.67,0.83
10/30/2021 19:15,11.34,5.16,38.05,6895,46.8,34.02,19.15,-4.375585,75.44,70.03,76.22,74.54,69.77,23.1,25.69,24.32,24.41,25.28,0.69,0.99,0.72,0.78,0.97
10/30/2021 19:30,10.924,5.01,36.61,6897,46.6,34.35,19.58,-4.375585,74.93,69.77,75.28,72.94,68.68,23.24,25.77,24.54,24.76,25.55,0.71,1,0.76,0.85,1.03
10/30/2021 19:45,11.657,4.87,39.58,6899,46.9,34.64,19.77,-4.539958,74.27,69.61,75.02,72.21,68.23,23.36,25.77,24.58,24.91,25.64,0.74,1.01,0.77,0.88,1.05
10/30/2021 20:00,10.814,4.74,36.48,6900,46.8,34.9,20.08,-4.868703,74.81,69.46,74.35,71.8,67.74,23.25,25.8,24.71,24.98,25.72,0.72,1.01,0.8,0.89,1.07
10/30/2021 20:15,10.89,4.62,36.9,6903,46.6,34.88,20.2,-4.539958,75.04,69.36,73.63,71.29,67.27,23.17,25.81,24.86,25.07,25.81,0.71,1.02,0.83,0.91,1.09
10/30/2021 20:30,11.187,4.52,38.15,6906,46.8,35.12,20.44,-4.375585,74.72,68.8,73.2,71.02,66.87,23.21,25.96,24.94,25.11,25.9,0.72,1.05,0.85,0.92,1.11
10/30/2021 20:45,10.313,4.4,34.92,6908,45.1,35.55,20.61,-3.882468,74.33,69.06,72.8,70.92,66.63,23.31,25.93,25.05,25.16,25.97,0.73,1.04,0.86,0.93,1.12
10/30/2021 21:00,10.876,4.32,37.17, ,46.7,35.41,20.73,-4.375585,74.35,69.26,72.62,70.99,66.59,23.34,25.93,25.11,25.18,26.01,0.74,1.03,0.87,0.93,1.12
10/30/2021 21:15,10.675,4.29,36.43,6912,47.2,35.48,20.77,-4.70433,75.18,72.86,69.67,70.59,65.54,23.18,25.11,25.89,25.32,26.32,0.7,0.87,1.01,0.95,1.18
10/30/2021 21:30,10.535,4.3,35.88,6914,46.8,35.5,20.85,-4.04684,75.39,73.95,68.66,69.6,64.7,23.17,24.85,26.12,25.57,26.55,0.7,0.82,1.06,1,1.23
10/30/2021 21:45,11.094,4.17,38.17,6916,46.7,35.5,20.85,-4.539958,75.04,73.75,68.22,68.86,64.33,23.22,24.88,26.21,25.72,26.6,0.71,0.83,1.08,1.03,1.24
10/30/2021 22:00,10.974,4.15,37.73,6918,45.4,35.81,20.97,-4.539958,74.64,73.77,67.54,68.23,63.94,23.3,24.87,26.33,25.83,26.69,0.73,0.82,1.11,1.06,1.26
10/30/2021 22:15,10.33,4.09,35.32,6921,46.8,35.72,20.97,-4.375585,74.45,73.98,67.58,68.35,64.01,23.35,24.89,26.5,25.9,26.76,0.73,0.82,1.12,1.06,1.27
10/30/2021 22:30,10.314,4.04,35.31,6923,45.9,35.48,21.09,-4.539958,75.92,76.71,67.31,69.78,65.63,23.51,24.79,27.28,26.24,27,0.7,0.73,1.18,1.03,1.23
10/30/2021 22:45,10.868,3.95,37.54,6925,46.8,35.69,21.13,-4.211213,75.66,76.81,64.96,68.21,64.79,23.78,24.94,27.99,26.75,27.4,0.72,0.73,1.32,1.12,1.29
10/30/2021 23:00,10.3,4,35.3,6929,46.8,35.62,21.11,-4.70433,74.95,76.68,64.43,67.33,64.31,24.09,25.11,28.26,27.11,27.65,0.75,0.74,1.37,1.17,1.32
10/30/2021 23:15,10.373,4.03,35.55,6932,46.8,35.6,21.09,-4.211213,74.42,76.48,64.09,67.06,63.95,24.33,25.27,28.49,27.29,27.86,0.78,0.76,1.4,1.19,1.35
10/30/2021 23:30,10.517,3.96,36.18,6934,46.9,35.64,21.04,-4.211213,74.25,76.42,63.81,66.74,63.73,24.48,25.4,28.68,27.47,28.04,0.79,0.76,1.42,1.22,1.37
10/30/2021 23:45,10.815,4.01,37.27,6936,46.9,35.72,21.16,-4.868703,74.15,76.54,63.88,66.57,63.63,24.61,25.5,28.76,27.63,28.17,0.8,0.77,1.43,1.24,1.39
10/31/2021 0:00,10.461,4.01,35.91,6940,46.8,35.6,21.06,-4.868703,74.03,76.55,64.04,66.5,63.47,24.73,25.59,28.8,27.73,28.3,0.81,0.77,1.42,1.25,1.41
10/31/2021 0:15,4.093,3.94,11.49,6941,46.8,36.82,21.56,-4.375585,77.66,76.61,69.03,72.31,65.06,24.52,26.17,28.17,27.15,28.23,0.69,0.79,1.18,1,1.34
10/31/2021 0:30,3.962,3.76,11.18,6943,46.9,36.98,22.04,-3.882468,83.9,84.3,75.83,79.24,70.61,23.54,24.93,27.14,26.11,27.66,0.47,0.5,0.87,0.7,1.09
10/31/2021 0:45,3.869,3.66,10.93,6947,47,36.53,22.33,-4.539958,86.2,87.8,75.61,81.3,73.19,23.51,24.34,27.44,26,27.38,0.4,0.37,0.89,0.63,0.98
10/31/2021 1:00,3.839,3.62,10.86,6950,47,36.65,22.4,-4.70433,86.6,87.8,74.59,79.15,72.41,23.53,24.3,27.65,26.39,27.53,0.39,0.37,0.94,0.72,1.01
10/31/2021 1:15,3.69,3.45,10.47,6953,45.3,36.55,22.69,-4.375585,86.7,87.9,76.11,80.3,72.11,23.59,24.48,27.46,26.37,27.69,0.39,0.37,0.88,0.68,1.04
10/31/2021 1:30,3.639,3.47,10.25,6957,47,37.05,23.05,-4.539958,87.2,90.2,77.28,82.7,73.94,23.49,24.1,27.37,25.99,27.47,0.37,0.29,0.83,0.58,0.96
10/31/2021 1:45,3.613,3.35,10.28,6959,47,37.13,23.07,-4.539958,87.5,90.2,75.85,82,74.06,23.48,24.04,27.66,26.17,27.51,0.36,0.29,0.89,0.61,0.95
10/31/2021 2:00,3.611,3.4,10.22,6963,46.9,37.25,23.19,-4.539958,87.7,89.5,75.03,79.61,72.84,23.53,24.16,27.81,26.59,27.73,0.36,0.32,0.93,0.71,1.01
10/31/2021 2:15,3.492,3.28,9.89,6966,45.9,38.51,23.5,-4.375585,87.7,89.2,76.28,80.9,72.44,23.54,24.35,27.65,26.52,27.88,0.36,0.33,0.88,0.66,1.03
10/31/2021 2:30,3.494,3.29,9.89,6969,47,38.18,23.72,-4.211213,87.9,90.8,77.9,83,74.03,23.46,24.11,27.41,26.12,27.67,0.35,0.28,0.81,0.58,0.96
10/31/2021 2:45,3.419,3.17,9.73,6972,47,38.35,23.95,-4.539958,88.1,91,76.72,82,74.18,23.46,23.99,27.63,26.38,27.7,0.34,0.27,0.86,0.62,0.96
10/31/2021 3:00,3.477,3.22,9.9,6974,45.2,38.25,23.72,-4.375585,88.1,90.6,76.23,79.65,72.89,23.49,24.08,27.7,26.78,27.93,0.34,0.28,0.88,0.72,1.02
10/31/2021 3:15,3.489,3.26,9.9,6977,45.5,38.08,23.81,-4.539958,88,89.8,75.22,78.17,71.94,23.49,24.23,27.9,27.04,28.1,0.35,0.31,0.93,0.78,1.07
10/31/2021 3:30,3.485,3.22,9.93,6980,47.1,38.2,23.79,-4.375585,87.8,88.8,74.53,77.67,71.44,23.51,24.41,27.98,27.04,28.16,0.35,0.34,0.96,0.8,1.09
10/31/2021 3:45,3.517,3.27,10,6982,47,38.08,23.79,-4.04684,87.3,87.9,73.8,76.67,71.19,23.57,24.54,28.1,27.17,28.16,0.37,0.37,1,0.84,1.1
10/31/2021 4:00,3.507,3.27,9.96,6985,47,38.39,23.81,-4.539958,86.5,86.9,72.5,75.9,71.03,23.68,24.71,28.36,27.29,28.15,0.4,0.41,1.06,0.87,1.1
10/31/2021 4:15,3.542,3.32,10.04,6988,47.1,38.15,23.83,-4.04684,85.9,86.1,72.28,75.06,70.7,23.79,24.85,28.37,27.44,28.24,0.42,0.44,1.07,0.91,1.12
10/31/2021 4:30,3.548,3.26,10.13,6990,47.1,38.27,23.69,-4.375585,85.3,85.5,71.87,74.4,70.25,23.97,25,28.49,27.59,28.34,0.44,0.46,1.09,0.94,1.15
10/31/2021 4:45,3.596,3.43,10.13,6993,47.1,38.03,23.62,-4.868703,84.7,85.1,71.55,73.81,69.79,24.15,25.11,28.58,27.72,28.47,0.46,0.48,1.11,0.97,1.17
10/31/2021 5:00,3.628,3.45,10.23,6995,46.3,37.96,23.43,-4.375585,84.1,84.8,70.99,73.29,69.47,24.34,25.22,28.73,27.86,28.57,0.48,0.49,1.14,1,1.19
10/31/2021 5:15,3.774,3.61,10.62,6997,47.3,38.2,23.26,-4.539958,83,83.4,68.32,71.23,67.49,24.38,25.31,28.73,27.81,28.6,0.52,0.54,1.25,1.08,1.27
10/31/2021 5:30,3.891,3.75,10.92,6998,47.1,38.39,23.12,-4.375585,80.6,80.3,66.53,69.68,65.69,24.28,25.31,28.39,27.43,28.28,0.59,0.64,1.29,1.11,1.32
10/31/2021 5:45,3.988,3.88,11.15,7000,47.3,38.39,23.14,-4.539958,79.53,78.72,65.88,69.32,65.23,24.02,25.26,28.13,27.11,27.97,0.61,0.68,1.3,1.1,1.31
10/31/2021 6:00,4.036,3.98,11.23,7001,47.3,38.23,22.97,-4.70433,78.82,77.86,65.96,69.05,64.88,23.82,25.14,27.81,26.87,27.75,0.63,0.71,1.27,1.1,1.31
10/31/2021 6:15,4.11,4.03,11.46,7002,47.1,38.3,22.95,-4.539958,78.29,76.36,66.16,69.01,64.8,23.65,25.19,27.46,26.61,27.48,0.63,0.76,1.24,1.08,1.29
10/31/2021 6:30,4.157,4.13,11.53,7004,47.9,38.08,22.81,-3.718095,77.85,75.52,66.31,68.96,64.63,23.48,25.15,27.2,26.39,27.27,0.64,0.78,1.22,1.07,1.28
10/31/2021 6:45,4.176,4.17,11.56,7006,47.1,37.96,22.78,2.034941,77.44,74.16,66.43,68.92,64.7,23.36,25.24,26.96,26.19,27.06,0.65,0.83,1.19,1.06,1.26
10/31/2021 7:00,10.492,4.24,35.78,7007,47.3,37.6,22.54,25.21146,77.13,73.12,66.02,68.64,64.42,23.27,25.39,27,26.1,27.01,0.65,0.87,1.21,1.06,1.27
10/31/2021 7:15,10.188,4.39,34.45,7008,47.7,36.55,21.9,47.401744,77.11,72.9,65.83,68.45,64.2,23.31,25.4,27.04,26.15,27.05,0.66,0.88,1.22,1.07,1.28
10/31/2021 7:30,11.092,4.85,37.43,7010,48.1,37.8,21.49,74.851948,76.34,69.95,66.73,68.63,63.8,23.53,26.13,27.05,26.26,27.34,0.69,1.02,1.19,1.07,1.32
10/31/2021 7:45,10.703,4.87,35.91,7009,46.4,38.01,22.14,29.485145,69.9,70.26,67.42,69.08,64.47,23.84,25.45,26.65,26.2,27.07,0.89,0.97,1.14,1.05,1.27
10/31/2021 8:00,10.318,4.74,34.57,7009,45.9,38.25,22.28,60.222797,69.38,75.53,68.45,71.03,67.96,23.52,23.75,25.88,25.39,25.64,0.89,0.72,1.05,0.94,1.05
10/31/2021 8:15,11.011,4.83,37.14,7009,47.7,36.84,21.42,140.10782,69.94,77.96,70.39,72.67,71.72,23.06,22.97,25.07,24.62,24.75,0.85,0.62,0.94,0.85,0.88
10/31/2021 8:30,10.988,5.34,36.5,7007,47,35.24,20.18,257.798512,70.77,79.7,72.86,75.68,87.7,22.84,22.73,24.66,24.33,27.03,0.81,0.56,0.84,0.74,0.44
10/31/2021 8:45,11.891,5.79,39.49,7005,47.1,33.78,18.98,190.734543,72.47,81.1,75.08,77.79,88,22.77,22.76,24.55,24.5,29.59,0.76,0.52,0.77,0.68,0.5
10/31/2021 9:00,12.525,6.25,41.43,7002,47.1,32.68,17.95,383.379083,73.79,82,76.66,78.75,84.9,22.82,22.87,24.58,24.95,31.34,0.73,0.5,0.72,0.67,0.69
10/31/2021 9:15,13.32,6.72,43.98,6999,46.3,31.56,17.24,229.362074,74.88,83,78.36,79.79,81.9,22.95,23.01,24.63,25.44,32.58,0.7,0.48,0.67,0.66,0.89
10/31/2021 9:30,14.074,6.98,46.6,6994,46.5,30.89,16.54,233.800131,75.7,83.8,79.29,80.7,80.3,23.14,23.24,24.89,26.01,33.43,0.69,0.46,0.65,0.65,1.02
10/31/2021 9:45,14.976,7.24,49.79,6991,47.1,30.17,16.04,285.906206,76.49,84.3,79.97,80.7,78.53,23.32,23.46,25.17,26.71,34.09,0.67,0.45,0.64,0.68,1.15
10/31/2021 10:00,15.876,8.03,52.4,6987,47,31.58,15.83,267.003371,77.17,84.7,80.5,80.9,76.62,23.5,23.67,25.49,27.3,34.58,0.66,0.45,0.64,0.69,1.28
10/31/2021 10:15,16.983,8.37,56.29,6978,47,31.05,15.87,291.001752,74.14,81.8,79.09,79.46,73.98,23.12,23.38,25.47,27.77,34.95,0.73,0.52,0.68,0.77,1.46
10/31/2021 10:30,17.439,8.3,58.12,6972,45.9,30.84,15.75,312.370174,77.01,83.1,80.5,78.12,71.68,21.86,22.32,24.38,27.64,34.82,0.6,0.46,0.6,0.81,1.58
10/31/2021 10:45,17.753,8.41,59.21,6967,46.8,30.41,15.63,314.835761,79.22,85.1,82,78.52,71.8,21.47,21.9,23.97,27.49,34.7,0.53,0.39,0.54,0.79,1.56
10/31/2021 11:00,17.97,8.3,60.16,6963,46.9,30.03,15.47,345.737786,80.3,86.2,82.7,78.83,71.47,21.39,21.84,23.86,27.47,34.57,0.5,0.36,0.51,0.78,1.57
10/31/2021 11:15,18.889,8.27,63.73,6957,46.9,29.84,15.35,339.98475,81,86.6,83.2,79.24,71.74,21.44,21.84,23.77,27.55,34.48,0.49,0.35,0.49,0.76,1.54
10/31/2021 11:30,18.383,8.16,61.9,6955,46.9,29.67,15.35,367.270581,81.5,87.1,84,79.7,71.45,21.48,21.88,23.8,27.56,34.26,0.47,0.34,0.47,0.75,1.54
10/31/2021 11:45,18.892,7.88,64.16,6950,45.9,29.52,15.23,473.783944,82,87.5,84.2,80.4,72.88,21.56,21.92,23.86,27.59,33.99,0.46,0.33,0.47,0.72,1.44
10/31/2021 12:00,19.184,7.95,65.21,6947,45.8,29.6,15.25,403.925643,82.4,87.9,84.5,80.7,72.72,21.64,21.94,23.96,27.65,33.73,0.46,0.32,0.46,0.71,1.43
10/31/2021 12:15,18.957,7.91,64.38,6945,46.7,29.64,15.25,436.30702,82.8,88.4,84.8,81.3,73.51,21.73,22,23.98,27.74,33.53,0.45,0.31,0.45,0.7,1.37
10/31/2021 12:30,19.42,7.8,66.28,6942,46.7,29.84,15.2,590.817147,83,88.5,85.1,81.6,72.01,21.81,22.08,23.95,27.83,33.05,0.44,0.31,0.44,0.69,1.41
10/31/2021 12:45,19.3,7.77,65.85,6940,46.7,29.64,15.35,566.654393,83.2,88.8,85.4,81.9,71.8,21.88,22.13,24.03,27.86,31.9,0.44,0.3,0.44,0.68,1.33
10/31/2021 13:00,19.219,7.72,65.59,6939,46.7,29.86,15.32,341.95722,83.4,88.9,85.5,82.4,72.43,21.96,22.16,24.05,27.89,29.82,0.44,0.3,0.43,0.66,1.16
10/31/2021 13:15,19.647,7.83,67.12,6937,45.2,29.76,15.37,821.267357,83.4,89,85.5,82.1,75.31,22.03,22.16,24.02,27.93,28.69,0.44,0.29,0.43,0.67,0.97
10/31/2021 13:30,20.01,7.9,68.44,6936,46.8,29.84,15.35,906.247926,83.5,89.2,85.9,82.5,77.1,22.04,22.16,24.05,27.9,28.29,0.44,0.29,0.42,0.66,0.88
10/31/2021 13:45,19.439,7.93,66.21,6934,46.7,29.64,15.32,874.524038,83.5,89.2,85.4,82.5,77.85,22.05,22.16,24.12,27.89,28.04,0.44,0.29,0.44,0.66,0.84
10/31/2021 14:00,19.558,7.93,66.67,6934,46.8,29.95,15.37,858.086791,83.5,89.2,85.7,82.2,78.61,22.06,22.19,24.06,27.89,27.8,0.44,0.29,0.43,0.67,0.8
10/31/2021 14:15,19.452,7.93,66.26,6934,46.7,29.52,15.35,296.261671,83.6,89.2,85.7,81.8,79.21,22.06,22.16,24.03,27.88,27.59,0.44,0.29,0.43,0.68,0.77
10/31/2021 14:30,19.463,7.97,66.26,6934,46.3,29.88,15.35,262.894059,83.7,89.2,85.7,81.5,79.48,22.05,22.17,23.99,27.92,27.41,0.43,0.29,0.43,0.7,0.75
10/31/2021 14:45,19.138,7.97,65.01,6934,46.6,29.86,15.35,224.759645,83.7,89.3,85.8,79.91,79.61,22.01,22.12,23.92,28.03,27.25,0.43,0.28,0.42,0.76,0.74
10/31/2021 15:00,19.227,7.9,65.43,6933,46.7,29.86,15.3,214.732924,83.8,89.4,85.9,79.63,79.68,21.98,22.05,23.86,27.93,27.05,0.43,0.28,0.42,0.77,0.73
10/31/2021 15:15,18.846,7.94,63.92,6933,46.8,29.88,15.4,214.075434,83.8,89.6,86.1,80.4,79.81,21.96,21.96,23.74,27.59,26.85,0.43,0.27,0.41,0.72,0.71
10/31/2021 15:30,18.978,8.05,64.31,6934,46.8,29.91,15.35,281.468149,83.8,89.7,86.3,81,79.71,21.9,21.89,23.67,27.23,26.66,0.43,0.27,0.4,0.69,0.71
10/31/2021 15:45,18.851,7.94,63.94,6933,46.8,29.76,15.37,182.844664,83.8,89.7,85.9,81.7,79.72,21.83,21.76,23.58,26.85,26.46,0.42,0.27,0.41,0.65,0.7
10/31/2021 16:00,18.59,7.98,62.89,6934,45.1,29.76,15.42,164.599319,83.8,90,86.2,81.9,79.39,21.81,21.68,23.51,26.6,26.34,0.42,0.26,0.4,0.63,0.71
10/31/2021 16:15,17.808,7.92,59.95,6934,46.7,29.79,15.44,140.929683,83.8,90,85.8,81.7,78.83,21.72,21.6,23.47,26.27,26.2,0.42,0.26,0.41,0.63,0.72
10/31/2021 16:30,17.883,8.02,60.13,6934,46.8,29.98,15.47,121.204986,83.6,89.8,85.6,81.6,78.15,21.63,21.49,23.41,25.89,25.98,0.42,0.26,0.41,0.61,0.73
10/31/2021 16:45,17.344,7.99,58.09,6934,46.5,29.95,15.56,91.946685,83.3,89.6,85.3,81.1,77.71,21.5,21.36,23.26,25.44,25.6,0.43,0.26,0.42,0.61,0.73
10/31/2021 17:00,16.567,7.85,55.25,6934,46.7,29.62,15.66,105.260855,83.2,89.5,84.8,81.2,77.97,21.38,21.19,23.03,24.86,25.05,0.43,0.26,0.43,0.59,0.7
10/31/2021 17:15,15.755,7.92,52.05,6935,46.7,29.93,15.8,44.607412,83.5,89.9,85.6,81.4,78.34,21.35,21.19,22.88,24.39,24.53,0.42,0.25,0.4,0.57,0.67
10/31/2021 17:30,15.359,7.27,51.23,6937,46.7,30.67,16.21,3.678666,83.1,90.3,85.3,81.3,78.79,21.66,21.57,23.25,24.12,24.24,0.44,0.25,0.42,0.56,0.64
10/31/2021 17:45,13.896,6.93,45.97, ,46.8,31.56,16.76,-3.882468,81.1,89.2,83.8,81.1,78.53,21.9,21.65,23.3,23.74,23.95,0.5,0.28,0.46,0.56,0.64
10/31/2021 18:00,13.317,6.72,43.97,6940,45.6,32.58,17.48,-4.70433,79.2,88,83.1,81.1,78.27,22.03,21.57,23.09,23.33,23.58,0.55,0.31,0.48,0.54,0.63
10/31/2021 18:15,12.699,6.35,41.99,6943,46.7,33.16,18.1,-4.211213,77.79,87.2,82.8,81.5,78.39,21.96,21.46,22.8,22.87,23.21,0.59,0.33,0.48,0.52,0.61
10/31/2021 18:30,12.042,5.9,39.95,6944,46.7,33.61,18.6,-3.882468,76.96,86.8,82.9,81.8,78.4,21.88,21.28,22.45,22.51,22.89,0.6,0.33,0.46,0.5,0.6
10/31/2021 18:45,11.487,5.6,38.14,6946,46.8,33.9,19.17,-4.211213,77.65,87,83.1,82,78.97,21.76,21.14,22.19,22.3,22.66,0.58,0.33,0.45,0.48,0.58
10/31/2021 19:00,11.42,5.36,38.14,6948,46.9,34.4,19.65,-4.375585,76.7,86,83.5,82.2,78.46,21.96,21.27,22.07,22.19,22.73,0.61,0.35,0.44,0.48,0.6
10/31/2021 19:15,11.102,5.08,37.22,6950,47.3,35.12,20.11,-4.868703,74.01,84.4,82.6,80.9,76.15,22.43,21.51,22.23,22.39,23.12,0.71,0.4,0.47,0.52,0.67
10/31/2021 19:30,11.028,4.91,37.12,6951,46.8,35.12,20.63,-4.539958,73.64,84,81.7,79.89,75.32,22.58,21.64,22.36,22.55,23.27,0.72,0.41,0.49,0.55,0.7
10/31/2021 19:45,10.855,4.55,36.84,6953,45.3,35.33,21.01,-4.539958,76.08,84.8,82.3,80.8,76.43,22.74,22,22.51,22.68,23.43,0.66,0.4,0.48,0.53,0.68
10/31/2021 20:00,10.815,4.4,36.85,6956,45.9,35.43,21.2,-4.375585,75.58,81.3,82.4,80.6,75.74,22.89,22.91,22.83,23.01,23.81,0.68,0.52,0.49,0.55,0.72
10/31/2021 20:15,10.668,4.32,36.37,6958,46.8,35.45,21.35,-4.539958,75.21,78.68,81.4,79.03,74.23,23.01,23.57,23.11,23.37,24.19,0.7,0.62,0.53,0.6,0.78
10/31/2021 20:30,10.575,4.22,36.12,6959,45.8,35.55,21.66,-4.539958,74.63,77.86,80.8,78.06,73.61,23.18,23.81,23.27,23.63,24.37,0.72,0.65,0.55,0.64,0.81
10/31/2021 20:45,10.5,4.11,35.95,6962,44.9,35.93,21.78,-4.04684,74.46,77.26,80.4,77.66,73.21,23.26,23.97,23.37,23.74,24.47,0.73,0.68,0.56,0.66,0.82
10/31/2021 21:00,4.091,3.97,11.45,6964,48.6,36,22.11,-3.882468,74.44,76.78,80.3,77.55,73.09,23.3,24.13,23.45,23.8,24.56,0.73,0.7,0.57,0.66,0.83
10/31/2021 21:15,4.046,3.92,11.33,6966,46.8,35.93,22.11,-4.868703,74.42,76.5,80,77.41,72.93,23.34,24.24,23.52,23.86,24.61,0.73,0.71,0.58,0.67,0.84
10/31/2021 21:30,3.988,3.88,11.15,6968,46.9,36.22,22.23,-4.539958,74.73,76.37,80,77.27,72.83,23.31,24.32,23.58,23.93,24.69,0.72,0.72,0.58,0.68,0.84
10/31/2021 21:45,3.923,3.77,11.02,6971,46.9,36.65,22.52,-4.375585,74.98,76.29,79.96,77.17,72.85,23.28,24.37,23.63,23.99,24.71,0.71,0.72,0.58,0.68,0.85
10/31/2021 22:00,3.853,3.65,10.88,6971,46.9,36.67,22.66,-4.868703,75.4,76.02,79.95,77.14,72.81,23.2,24.45,23.65,24,24.72,0.7,0.74,0.59,0.68,0.85
10/31/2021 22:15,3.808,3.61,10.75,6973,46.8,36.77,22.78,-4.539958,75.74,75.87,79.95,77.14,72.78,23.14,24.52,23.69,24.05,24.78,0.69,0.74,0.59,0.68,0.85
10/31/2021 22:30,3.771,3.61,10.61,6976,47.1,36.7,22.97,-4.539958,75.84,75.75,79.81,77.1,72.76,23.16,24.56,23.72,24.06,24.79,0.69,0.75,0.59,0.69,0.85
10/31/2021 22:45,3.737,3.58,10.51,6977,46.9,36.96,23.05,-4.868703,75.73,75.64,79.71,77.09,72.84,23.2,24.59,23.75,24.1,24.79,0.69,0.75,0.6,0.69,0.85
10/31/2021 23:00,3.69,3.58,10.33,6980,45.4,37.08,23.26,-4.539958,75.97,75.59,79.74,77.16,72.82,23.15,24.63,23.74,24.08,24.81,0.68,0.76,0.6,0.68,0.85
10/31/2021 23:15,3.673,3.48,10.37,6982,45.3,36.96,23.26,-4.539958,75.62,75.55,79.72,77.12,72.75,23.23,24.62,23.77,24.09,24.84,0.69,0.76,0.6,0.69,0.86
10/31/2021 23:30,3.614,3.4,10.23,6985,46,36.94,23.31,-3.882468,75.7,75.46,79.74,77.25,72.82,23.23,24.7,23.79,24.11,24.85,0.69,0.76,0.6,0.68,0.85
10/31/2021 23:45,3.591,3.41,10.13,6986,46.2,37.44,23.45,-4.375585,76.03,75.2,79.83,77.22,72.87,23.2,24.76,23.79,24.13,24.88,0.68,0.77,0.59,0.69,0.85
11/1/2021 0:00,3.56,3.34,10.09,6988,46.8,37.2,23.48,-4.375585,75.72,75.62,79.93,77.33,72.94,23.3,24.69,23.82,24.12,24.89,0.69,0.76,0.59,0.68,0.85
11/1/2021 0:15,3.556,3.35,10.06,6990,47,37.32,23.55,-4.70433,75.39,75.42,79.9,77.41,72.95,23.4,24.79,23.86,24.15,24.92,0.71,0.77,0.59,0.68,0.85
11/1/2021 0:30,3.519,3.34,9.93,6992,45.9,37.49,23.76,-4.70433,75.71,75.39,79.83,77.44,72.94,23.38,24.85,23.88,24.19,24.95,0.7,0.77,0.6,0.68,0.85
11/1/2021 0:45,3.467,3.24,9.84,6994,45.5,37.44,23.74,-4.539958,75.7,75.46,79.84,77.5,73.11,23.39,24.86,23.94,24.19,24.95,0.7,0.77,0.6,0.68,0.85
11/1/2021 1:00,3.467,3.24,9.84,6996,45.5,37.63,23.76,-4.375585,75.72,75.41,79.83,77.59,73.06,23.38,24.88,23.95,24.19,24.96,0.7,0.77,0.6,0.68,0.85
11/1/2021 1:15,3.463,3.26,9.8,6998,46.9,37.68,24.03,-4.539958,76.15,75.24,79.81,77.57,73,23.29,24.92,23.95,24.2,24.98,0.68,0.78,0.6,0.68,0.85
11/1/2021 1:30,3.431,3.23,9.71,6999,46.8,37.77,24,-4.539958,75.97,75.12,79.74,77.35,72.86,23.3,24.89,23.94,24.21,24.97,0.69,0.78,0.6,0.68,0.86
11/1/2021 1:45,3.444,3.22,9.77,7001,46.6,37.75,23.98,-4.375585,75.62,74.98,79.63,77.26,72.75,23.34,24.89,23.91,24.18,24.97,0.7,0.79,0.6,0.69,0.86
11/1/2021 2:00,3.406,3.18,9.67,7003,45.4,37.89,24.15,-4.539958,75.76,74.73,79.63,77.26,72.73,23.24,24.92,23.86,24.15,24.92,0.69,0.8,0.6,0.68,0.86
11/1/2021 2:15,3.418,3.22,9.67,7004,45.6,37.89,24.24,-4.375585,76.11,74.64,79.46,77.35,72.68,23.12,24.91,23.87,24.08,24.91,0.68,0.8,0.61,0.68,0.86
11/1/2021 2:30,3.417,3.18,9.71,7006,45.9,38.08,24.26,-5.197448,76.52,74.6,79.41,77.25,72.6,23.03,24.89,23.86,24.09,24.9,0.66,0.8,0.61,0.68,0.86
11/1/2021 2:45,3.398,3.15,9.67,7010,45.6,38.08,24.17,-4.539958,76.92,74.68,79.38,77.29,72.64,22.91,24.85,23.84,24.05,24.87,0.64,0.79,0.61,0.68,0.86
11/1/2021 3:00,3.382,3.15,9.61,7011,45.8,37.94,24.26,-4.375585,76.69,74.61,79.33,77.27,72.53,22.92,24.81,23.8,24.03,24.85,0.65,0.8,0.61,0.68,0.86
11/1/2021 3:15,3.379,3.23,9.51,7013,47,37.96,24.43,-4.539958,76.81,74.31,79.13,77.18,72.52,22.83,24.85,23.81,23.98,24.79,0.64,0.81,0.62,0.68,0.86
11/1/2021 3:30,3.356,3.15,9.51,7014,45.4,38.18,24.46,-4.211213,76.98,74.09,79.03,77.12,72.49,22.77,24.86,23.78,23.97,24.78,0.64,0.81,0.62,0.68,0.86
11/1/2021 3:45,3.389,3.2,9.58,7016,47,38.15,24.43,-4.70433,77.08,74.32,78.98,77.13,72.39,22.7,24.79,23.79,23.94,24.77,0.63,0.8,0.62,0.68,0.86
11/1/2021 4:00,3.372,3.14,9.58,7017,47,38.11,24.46,-4.70433,77.4,74.26,79.14,77.19,72.54,22.64,24.8,23.72,23.92,24.72,0.62,0.81,0.61,0.68,0.86
11/1/2021 4:15,3.356,3.15,9.51,7019,47,38.06,24.48,-4.70433,77.45,74.1,79.25,77.33,72.65,22.64,24.85,23.72,23.9,24.72,0.62,0.81,0.61,0.67,0.85
11/1/2021 4:30,3.368,3.19,9.51,7021,47,38.23,24.58,-4.211213,77.87,74.28,79.34,77.4,72.64,22.58,24.84,23.73,23.93,24.75,0.61,0.81,0.61,0.67,0.85
11/1/2021 4:45,3.394,3.19,9.61,7023,47.1,38.23,24.58,-4.868703,77.89,74.3,79.38,77.4,72.64,22.58,24.84,23.75,23.94,24.78,0.61,0.81,0.61,0.67,0.86
11/1/2021 5:00,3.422,3.29,9.61,7025,47,38.08,24.48,-4.539958,77.97,74.31,79.44,77.4,72.65,22.57,24.84,23.72,23.94,24.77,0.6,0.81,0.6,0.67,0.85
11/1/2021 5:15,3.426,3.27,9.65,7026,47,38.44,24.62,-4.04684,75.84,75.25,79.25,76.82,72.3,22.82,24.23,23.61,23.89,24.64,0.67,0.75,0.6,0.69,0.86
11/1/2021 5:30,3.444,3.35,9.63,7027,45.6,38.68,24.74,-4.375585,71.62,78.86,78.98,76.26,72.23,23.19,22.86,23.23,23.55,24.19,0.81,0.59,0.6,0.69,0.84
11/1/2021 5:45,3.414,3.31,9.56,7028,47.2,38.58,24.74,-4.375585,70.34,79.85,78.89,76.12,72.18,23.04,22.34,22.91,23.24,23.82,0.84,0.54,0.59,0.68,0.82
11/1/2021 6:00,3.451,3.31,9.7,7030,47.1,38.9,24.86,-4.04684,69.79,80.1,78.69,76.01,72.28,22.87,22.03,22.68,22.97,23.53,0.84,0.53,0.59,0.67,0.8
11/1/2021 6:15,3.451,3.31,9.7,7030,47.1,38.63,24.89,-4.70433,69.63,80.1,78.64,75.93,72.21,22.69,21.81,22.46,22.77,23.33,0.84,0.52,0.58,0.67,0.8
11/1/2021 6:30,3.451,3.31,9.7,7031,46.1,38.78,24.81,-3.553723,69.55,79.85,78.56,75.84,72.02,22.54,21.7,22.3,22.6,23.19,0.83,0.52,0.58,0.66,0.8
11/1/2021 6:45,3.446,3.35,9.64,7032,47.1,38.7,24.91,2.363686,69.41,79.82,78.42,75.76,71.91,22.41,21.56,22.17,22.48,23.07,0.83,0.52,0.58,0.66,0.79
11/1/2021 7:00,3.456,3.33,9.7,7033,47,38.68,24.81,12.55478,69.31,80.1,78.3,75.72,71.86,22.32,21.41,22.08,22.39,22.98,0.83,0.51,0.58,0.66,0.79
11/1/2021 7:15,3.536,3.4,9.93,7033,47.3,38.18,24.48,36.224416,69.19,80.3,78.46,75.66,71.87,22.25,21.32,21.99,22.33,22.92,0.83,0.5,0.57,0.66,0.79
11/1/2021 7:30,3.638,3.59,10.12,7036,47,37.17,24.05,66.633324,69.18,80.7,78.6,75.7,71.97,22.28,21.27,21.99,22.35,22.98,0.83,0.49,0.57,0.66,0.79
11/1/2021 7:45,3.784,3.69,10.57,7035,47.1,36.34,23.21,64.167737,68.89,81.4,79.13,75.92,71.87,22.43,21.36,22.16,22.49,23.27,0.84,0.47,0.56,0.66,0.8
11/1/2021 8:00,3.947,3.94,10.93,7036,45.8,36.03,22.69,89.974215,68.63,81.8,79.8,76.07,71.84,22.63,21.56,22.37,22.79,23.54,0.86,0.47,0.55,0.66,0.82
11/1/2021 8:15,4.212,4.31,11.55,7037,47.1,35.12,21.61,197.638186,68.74,82.1,78.8,76.44,71.96,22.82,21.8,22.68,23.09,23.94,0.87,0.47,0.58,0.67,0.83
11/1/2021 8:30,10.294,4.58,34.65,7037,47,34.43,20.87,211.116729,69.33,82.1,78.61,76.61,85.9,23.07,22.16,23.09,23.58,26.04,0.87,0.48,0.6,0.68,0.48
11/1/2021 8:45,10.697,4.87,35.89,7037,47.1,33.64,20.25,167.064906,70.64,82.4,78.56,77.82,81.1,23.29,22.58,23.57,24.16,27.29,0.84,0.48,0.62,0.67,0.69
11/1/2021 9:00,10.683,5.07,35.62,7037,45.5,33.56,19.87,218.020373,71.27,82.8,78.64,77.97,80.4,23.51,22.88,24.02,24.62,28.01,0.83,0.48,0.64,0.68,0.74
11/1/2021 9:15,11.234,5.3,37.49,7038,47,32.8,19.15,198.131304,71.78,83.2,78.6,77.95,76.43,23.7,23.11,24.37,24.94,28,0.83,0.48,0.65,0.7,0.89
11/1/2021 9:30,11.705,5.69,38.88,7037,46.1,32.25,18.77,162.462477,72.18,83.4,78.65,78.21,75.8,23.89,23.33,24.66,25.22,27.94,0.82,0.48,0.66,0.7,0.91
11/1/2021 9:45,12.228,6.33,40.2,7036,45.8,30.77,17.31,280.481914,72.68,83.6,78.85,78.33,80.1,24.04,23.56,24.95,25.48,28.46,0.82,0.48,0.67,0.71,0.77
11/1/2021 10:00,14.241,7.13,47.08,7033,47,30.7,16.38,279.166934,73.35,83.6,79.17,81,87.5,24.28,23.94,25.38,26.12,31.26,0.81,0.49,0.67,0.64,0.57
11/1/2021 10:15,15.245,7.55,50.49,7025,47,29.69,16.02,274.071387,71.09,80,74.33,76.53,82.5,23.84,23.76,25.97,27.09,33.21,0.85,0.59,0.86,0.84,0.89
11/1/2021 10:30,16.018,7.69,53.31,7021,47,29.57,15.78,306.452765,76.71,82.4,72.18,73.83,78.05,22.3,22.81,26.73,27.62,33.92,0.63,0.49,0.98,0.97,1.16
11/1/2021 10:45,17.388,7.81,58.45,7014,47,29.43,15.61,316.315113,79.9,84.5,72.11,74.06,77.25,22.02,22.71,27.12,28.11,34.5,0.53,0.43,1,0.99,1.24
11/1/2021 11:00,17.432,7.8,58.63,7009,46.8,29.38,15.47,340.970985,81.1,85.1,71.51,73.58,75.65,22.11,22.9,27.44,28.55,35.06,0.5,0.42,1.04,1.03,1.37
11/1/2021 11:15,17.898,7.87,60.35,7004,46.9,29.26,15.44,349.682726,81.8,85.2,70.97,74.09,74.11,22.27,23.15,27.74,29.03,35.48,0.49,0.42,1.08,1.04,1.49
11/1/2021 11:30,17.98,7.82,60.72,7001,45.1,29.57,15.4,377.297302,82.4,85.7,71.24,73.81,73.07,22.45,23.34,27.99,29.41,35.53,0.48,0.41,1.09,1.07,1.56
11/1/2021 11:45,18.974,7.82,64.54,6997,47.2,29.33,15.42,425.458437,82.7,85.8,71.68,74.66,72.37,22.64,23.54,28.17,29.66,35.31,0.48,0.41,1.08,1.05,1.58
11/1/2021 12:00,18.83,7.81,64,6993,46.9,29.48,15.37,444.361271,83,86.2,72.06,74.69,72.55,22.82,23.63,28.22,29.87,35.12,0.47,0.4,1.07,1.07,1.55
11/1/2021 12:15,18.845,7.75,64.12,6990,46.8,29.45,15.52,447.648721,83.3,86.6,72.59,74.7,73.34,22.94,23.67,28.31,29.99,34.84,0.47,0.39,1.05,1.07,1.49
11/1/2021 12:30,18.792,7.73,63.94,6988,46.8,29.6,15.35,456.19609,83.6,87.1,72.49,74.53,72.58,23.08,23.73,28.43,29.92,34.34,0.46,0.38,1.07,1.08,1.49
11/1/2021 12:45,18.956,7.73,64.57,6986,45.9,29.74,15.47,572.900547,83.7,87.3,72.53,75.22,69.69,23.23,23.81,28.54,30,33.8,0.46,0.37,1.07,1.05,1.59
11/1/2021 13:00,19.246,7.79,65.62,6984,44.9,29.67,15.42,344.422807,83.8,87.3,72.59,75.37,67.89,23.32,23.95,28.65,30.06,32.05,0.46,0.38,1.08,1.05,1.53
11/1/2021 13:15,19.188,7.76,65.43,6984,46.8,29.72,15.44,614.322411,83.8,87.3,72.68,75.3,70.66,23.4,23.99,28.68,30.12,30.84,0.47,0.38,1.07,1.06,1.31
11/1/2021 13:30,19.665,7.68,67.35,6980,46.7,29.91,15.49,912.000963,83.8,87.4,73.12,75.86,71.92,23.46,24.03,28.79,30.17,30.46,0.47,0.38,1.06,1.03,1.22
11/1/2021 13:45,19.608,7.68,67.13,6979,46.7,29.84,15.47,919.726469,83.9,87.6,73,75.75,72.83,23.5,24.03,28.87,30.29,30.3,0.47,0.37,1.07,1.05,1.17
11/1/2021 14:00,19.548,7.68,66.9,6977,46.8,29.74,15.52,866.798532,83.8,87.7,73.21,75.48,73.45,23.56,24.07,28.85,30.42,30.19,0.47,0.37,1.06,1.07,1.14
11/1/2021 14:15,19.625,7.75,67.12,6977,46.6,29.93,15.47,260.757217,83.8,87.6,73.03,74.97,73.83,23.61,24.13,28.95,30.5,30.04,0.47,0.37,1.08,1.09,1.11
11/1/2021 14:30,19.433,7.65,66.49,6976,45.6,29.84,15.52,296.590416,83.9,87.6,73.38,74.1,73.8,23.58,24.13,29.04,30.45,29.8,0.47,0.37,1.07,1.13,1.1
11/1/2021 14:45,19.128,7.75,65.21,6977,46.8,29.93,15.47,283.769363,83.9,87.8,72.78,73.2,74,23.55,24.01,29.1,30.46,29.49,0.47,0.36,1.1,1.17,1.07
11/1/2021 15:00,19.061,7.9,64.79,6976,46.8,29.93,15.54,211.445474,83.9,87.9,72.94,72.95,74.36,23.53,23.96,29.02,30.42,29.36,0.47,0.36,1.09,1.18,1.05
11/1/2021 15:15,18.323,7.9,61.95,6975,47.3,30.05,15.47,172.489198,83.8,88.3,72.85,73.01,73.36,23.49,23.86,28.99,29.78,29.09,0.47,0.35,1.09,1.13,1.07
11/1/2021 15:30,18.826,7.84,63.95,6976,46.7,29.84,15.52,285.741833,83.6,88.4,72.89,73.49,72.53,23.33,23.67,28.76,28.96,28.75,0.47,0.34,1.07,1.06,1.08
11/1/2021 15:45,18.37,7.91,62.12,6975,45.5,30.05,15.52,136.655998,83.7,88.5,73.05,76.24,73.79,23.23,23.56,28.62,28.73,28.69,0.46,0.33,1.06,0.94,1.03
11/1/2021 16:00,18.534,7.94,62.72,6975,45.3,30.05,15.56,310.890822,83.7,88.7,73.07,74.55,72.6,23.19,23.49,28.54,28.68,28.62,0.46,0.33,1.05,1,1.07
11/1/2021 16:15,18.529,7.94,62.7,6975,46.7,30.07,15.52,169.530493,83.4,88.5,72.98,75.85,72.83,23.08,23.36,28.34,28.42,28.54,0.47,0.33,1.04,0.94,1.06
11/1/2021 16:30,18.033,7.98,60.75,6974,46.5,30.17,15.61,125.643042,83.4,88.7,73.79,75.58,72.55,22.95,23.19,28.04,28.12,28.31,0.46,0.32,0.99,0.93,1.06
11/1/2021 16:45,17.243,7.99,57.7,6974,45.3,30.5,15.78,58.743445,83.3,88.6,73.31,74.11,71.71,22.77,23.08,27.77,27.71,27.87,0.46,0.32,1,0.96,1.06
11/1/2021 17:00,16.634,7.96,55.39,6974,46.8,30.41,15.87,101.151544,83.1,87.6,72.72,72.96,71.1,22.54,23,27.36,27.16,27.28,0.46,0.35,0.99,0.97,1.05
11/1/2021 17:15,15.637,7.39,52.17,6975,46.7,29.98,15.9,26.855185,84.5,88.1,73.57,73.14,71.47,22.64,23.22,27,26.84,26.99,0.43,0.34,0.94,0.95,1.02
11/1/2021 17:30,15.25,7.16,50.93,6976,46.7,30.24,16.11,0.062472,83.2,86.4,75.08,73.3,70.71,23.49,23.97,26.93,27.06,27.41,0.49,0.41,0.88,0.96,1.07
11/1/2021 17:45,14.169,6.95,47,6979,46.7,31.01,16.54,-3.882468,80.1,85.2,74.81,72.43,69.97,23.99,24.15,26.89,27.12,27.42,0.59,0.45,0.89,0.99,1.1
11/1/2021 18:00,14.071,6.71,46.88,6980,46.7,31.56,16.9,-4.211213,78.13,84.6,73.92,71.46,69.14,24.11,24.03,26.82,27.05,27.32,0.66,0.46,0.92,1.02,1.12
11/1/2021 18:15,13.332,6.68,44.07,6980,46.7,32.08,17.36,-4.211213,76.83,84.1,73.11,70.45,68.26,24.02,23.86,26.71,26.96,27.23,0.69,0.47,0.94,1.05,1.15
11/1/2021 18:30,13.029,6.37,43.24,6981,46.8,32.8,17.69,-4.211213,75.96,83.6,72.2,69.89,67.73,23.91,23.7,26.64,26.83,27.07,0.71,0.48,0.97,1.06,1.16
11/1/2021 18:45,12.755,6.2,42.37,6982,45.1,33.16,18.07,-4.539958,75.33,83.2,71.57,69.43,67.29,23.79,23.54,26.53,26.67,26.92,0.73,0.49,0.99,1.07,1.16
11/1/2021 19:00,12.202,5.98,40.48,6983,46.8,33.73,18.31,-4.868703,74.76,83,71.25,68.86,66.77,23.69,23.36,26.38,26.58,26.81,0.74,0.49,0.99,1.08,1.17
11/1/2021 19:15,11.651,5.72,38.64,6984,46.8,34.35,18.96,-4.539958,74.04,82.6,71.39,69.24,67.67,23.57,23.11,26.03,26.16,26.25,0.75,0.49,0.96,1.04,1.1
11/1/2021 19:30,11.474,5.47,38.23,6986,46.7,35.88,19.72,-4.211213,72.9,83.3,73.57,72.13,71.35,23.36,22.55,25.07,24.98,24.87,0.78,0.46,0.84,0.88,0.9
11/1/2021 19:45,11.463,5.21,38.47,6986,46.8,35.98,20.49,-3.882468,72.18,84.1,76.31,74.69,73.54,23.06,22,24.04,24.04,24.04,0.78,0.42,0.71,0.76,0.79
11/1/2021 20:00,10.834,4.82,36.47,6986,45.7,35.5,20.73,-4.539958,72.29,84.4,77.89,75.92,74.66,22.73,21.62,23.35,23.48,23.47,0.77,0.4,0.63,0.7,0.73
11/1/2021 20:15,11.07,4.52,37.7,6987,46.8,36.27,21.4,-4.04684,76.38,86.5,79.33,78.11,76.79,22.47,21.46,22.91,23.01,23.13,0.64,0.35,0.58,0.62,0.66
11/1/2021 20:30,10.689,4.21,36.57,6990,46.9,36.62,21.78,-4.211213,78.47,87,82.3,81.1,78.58,22.42,21.68,22.78,22.83,23.16,0.58,0.34,0.49,0.53,0.61
11/1/2021 20:45,11.18,4.08,38.6,6991,46.9,36.96,22.16,-4.539958,76.28,85.1,82.6,81.3,77.65,22.81,22.02,22.75,22.83,23.35,0.66,0.39,0.48,0.52,0.64
11/1/2021 21:00,4.094,3.86,11.58,6993,46.9,37.29,22.5,-4.211213,75.48,84.4,82.4,81,77.2,22.93,22.14,22.77,22.86,23.42,0.69,0.42,0.49,0.53,0.66
11/1/2021 21:15,3.967,3.75,11.21,6996,46.8,37.17,22.69,-4.211213,75.35,83.3,82.2,80.8,77.01,22.89,22.39,22.78,22.86,23.44,0.69,0.45,0.49,0.53,0.66
11/1/2021 21:30,3.862,3.59,10.98,6999,46.7,37.15,22.85,-4.70433,75.14,79.61,81.2,79.59,75.03,23.02,23.29,23.1,23.22,23.98,0.7,0.58,0.53,0.58,0.74
11/1/2021 21:45,3.828,3.6,10.84,7000,46.8,37.32,22.93,-4.375585,75.13,78.51,80.2,78.08,73.77,23.07,23.62,23.38,23.61,24.31,0.7,0.63,0.57,0.64,0.8
11/1/2021 22:00,3.775,3.55,10.69,7002,45.1,37.2,22.93,-4.539958,74.92,77.77,79.69,77.35,73.21,23.15,23.85,23.54,23.8,24.48,0.71,0.66,0.59,0.67,0.82
11/1/2021 22:15,3.766,3.49,10.72,7003,46.9,37.2,23.02,-4.70433,74.99,77.46,79.47,77.01,72.88,23.18,23.97,23.66,23.93,24.61,0.71,0.67,0.6,0.68,0.84
11/1/2021 22:30,3.711,3.45,10.55,7006,46.9,37.15,23.09,-4.04684,75,77.23,79.34,76.88,72.66,23.22,24.07,23.72,24.01,24.72,0.71,0.68,0.61,0.69,0.85
11/1/2021 22:45,3.674,3.41,10.45,7008,46.8,37.37,23.33,-4.539958,74.88,77.14,79.34,76.72,72.69,23.28,24.14,23.75,24.09,24.75,0.72,0.69,0.61,0.7,0.85
11/1/2021 23:00,3.649,3.46,10.3,7010,45.5,37.25,23.26,-4.375585,74.81,76.91,79.28,76.72,72.62,23.35,24.23,23.82,24.12,24.81,0.72,0.7,0.61,0.7,0.86
11/1/2021 23:15,3.613,3.36,10.27,7013,46.9,37.53,23.5,-4.375585,74.91,76.9,79.27,76.61,72.49,23.39,24.27,23.86,24.2,24.9,0.72,0.7,0.61,0.71,0.87
11/1/2021 23:30,3.563,3.34,10.1,7015,46.8,37.51,23.48,-4.211213,74.64,76.87,79.26,76.7,72.59,23.47,24.31,23.9,24.21,24.91,0.73,0.7,0.62,0.7,0.86
11/1/2021 23:45,3.598,3.37,10.2,7016,46.8,37.58,23.62,-4.70433,74.45,76.63,79.24,76.67,72.55,23.49,24.37,23.9,24.23,24.92,0.74,0.71,0.62,0.71,0.87
11/2/2021 0:00,3.555,3.34,10.07,7018,46.9,37.51,23.62,-4.211213,74.43,76.47,79.18,76.51,72.4,23.5,24.4,23.91,24.24,24.95,0.74,0.72,0.62,0.71,0.87
11/2/2021 0:15,3.478,3.27,9.85,7020,46.9,38.8,24.17,-4.70433,77.81,80.1,81.3,79.83,73.35,23.13,23.94,23.8,23.95,24.86,0.63,0.59,0.55,0.6,0.84
11/2/2021 0:30,3.318,3.04,9.48,7023,46.8,38.51,24.48,-4.70433,84.3,84.4,85.5,86,78.12,22.1,23.43,23.32,23.12,24.42,0.42,0.45,0.42,0.4,0.67
11/2/2021 0:45,3.285,3.07,9.32,7025,47,38.37,24.72,-4.211213,85.7,84.4,88,88.3,79.73,22.07,23.56,23.05,22.9,24.32,0.38,0.45,0.34,0.33,0.62
11/2/2021 1:00,3.204,2.94,9.15,7028,47,38.44,24.84,-4.868703,85.5,82.7,88.3,88.4,78.86,22.17,23.88,22.98,22.91,24.44,0.39,0.51,0.33,0.32,0.65
11/2/2021 1:15,3.066,2.81,8.76,7031,48.2,38.68,24.98,-4.539958,85.3,83.8,88.3,88.4,78.79,22.22,23.72,23.02,22.94,24.48,0.39,0.48,0.33,0.32,0.65
11/2/2021 1:30,3.013,2.77,8.6,7034,47,38.78,25.27,-4.375585,86.6,86.3,88.8,89.7,80.6,22.01,23.32,22.98,22.73,24.27,0.35,0.39,0.31,0.28,0.59
11/2/2021 1:45,2.981,2.74,8.51,7036,46.9,39.9,25.65,-4.375585,86.7,85.3,89.1,90.1,80.8,22.01,23.51,22.96,22.7,24.25,0.35,0.43,0.31,0.27,0.58
11/2/2021 2:00,3.017,2.84,8.54,7038,47,40.14,25.68,-4.211213,86.5,83.5,89.1,89.6,79.59,22.05,23.8,22.91,22.75,24.41,0.36,0.49,0.3,0.29,0.62
11/2/2021 2:15,2.685,2.01,8.16,7042,46.9,42.39,25.77,-4.04684,86.2,84.2,88.9,89.2,79.52,22.1,23.71,22.97,22.83,24.44,0.37,0.46,0.31,0.3,0.63
11/2/2021 2:30,2.58,1.69,8.1,7043,45.9,43.8,25.91,-4.539958,87,86.5,88.9,90.3,81,21.88,23.36,22.97,22.65,24.25,0.34,0.39,0.31,0.27,0.58
11/2/2021 2:45,2.699,2.18,8.03,7046,47,41.45,26.2,-4.375585,87.3,86,89.4,91,81.2,21.92,23.45,22.95,22.59,24.25,0.33,0.4,0.3,0.25,0.57
11/2/2021 3:00,2.762,2.46,7.97,7048,47,40.88,26.27,-4.539958,87.3,84.1,89.4,90.7,80,21.9,23.74,22.88,22.64,24.42,0.33,0.47,0.3,0.26,0.61
11/2/2021 3:15,2.744,2.45,7.91,7051,47,40.74,26.37,-4.211213,87,82.9,89.1,90,79.37,21.93,24,22.92,22.73,24.49,0.34,0.51,0.3,0.28,0.63
11/2/2021 3:30,2.764,2.52,7.91,7054,47,40.45,26.39,-4.375585,86.6,82.3,88.7,89.2,78.96,22.03,24.1,22.98,22.9,24.58,0.35,0.53,0.32,0.3,0.65
11/2/2021 3:45,2.786,2.6,7.91,7055,47,40.02,26.3,-4.375585,86.1,81.4,88.2,88.4,78.69,22.07,24.22,23.03,23.01,24.57,0.37,0.56,0.33,0.33,0.66
11/2/2021 4:00,2.739,2.47,7.87,7058,46.9,40.11,26.34,-4.375585,85.9,81.1,87.7,87.8,78.44,22.07,24.26,23.1,23.09,24.61,0.37,0.57,0.35,0.34,0.67
11/2/2021 4:15,2.716,2.5,7.75,7061,47,40.14,26.39,-4.70433,85.7,80.7,87.4,87.3,78.23,22.1,24.35,23.12,23.14,24.62,0.38,0.59,0.36,0.36,0.67
11/2/2021 4:30,2.75,2.47,7.91,7064,47,40.11,26.39,-4.375585,85.3,80.3,87.1,86.2,78.01,22.23,24.44,23.17,23.29,24.66,0.39,0.6,0.37,0.39,0.68
11/2/2021 4:45,2.74,2.5,7.84,7066,45.8,40.02,26.3,-5.033075,84.9,80.2,86.8,85.5,77.94,22.3,24.43,23.21,23.39,24.64,0.41,0.61,0.38,0.42,0.68
11/2/2021 5:00,2.787,2.52,8,7069,47.1,40.16,26.39,-4.868703,84.3,79.85,86.3,85.1,77.76,22.37,24.5,23.27,23.45,24.67,0.42,0.62,0.39,0.43,0.69
11/2/2021 5:15,2.862,2.64,8.16,7070,47,40.55,26.44,-4.211213,82.1,79.43,85.3,83.5,76.41,22.45,23.94,23.22,23.47,24.59,0.49,0.61,0.42,0.48,0.73
11/2/2021 5:30,2.869,2.61,8.22,7072,45.6,40.45,26.37,-4.539958,78.67,82.7,84.1,82,76.13,22.55,22.66,22.91,23.2,24.08,0.58,0.48,0.44,0.51,0.72
11/2/2021 5:45,2.922,2.74,8.28,7074,45.6,40.98,26.49,-4.375585,77.16,83.6,83.8,81.9,76.23,22.39,22.14,22.63,22.86,23.7,0.62,0.44,0.45,0.5,0.7
11/2/2021 6:00,2.937,2.73,8.35,7075,47.1,40.88,26.44,-4.211213,76.21,83.5,83.6,81.6,75.99,22.27,21.87,22.38,22.62,23.45,0.64,0.43,0.44,0.51,0.69
11/2/2021 6:15,2.937,2.73,8.35,7078,45.6,41.07,26.46,-4.211213,75.3,83.4,83.3,81.3,75.69,22.2,21.67,22.17,22.44,23.28,0.66,0.43,0.45,0.51,0.69
11/2/2021 6:30,2.967,2.78,8.41,7080,47,40.93,26.56,-3.553723,74.48,83.1,82.8,81,75.54,22.12,21.5,22.02,22.26,23.09,0.68,0.43,0.46,0.51,0.69
11/2/2021 6:45,3.012,2.82,8.54,7081,45.9,40.62,26.46,0.226844,73.73,83.1,82.6,80.5,75.24,22.05,21.31,21.88,22.14,22.94,0.7,0.43,0.46,0.52,0.69
11/2/2021 7:00,2.995,2.79,8.51,7082,47.1,40.55,26.25,11.568545,73.12,83.2,82.4,80.3,75.22,22.04,21.16,21.77,22.03,22.8,0.71,0.42,0.46,0.52,0.69
11/2/2021 7:15,3.035,2.84,8.61,7083,47,39.97,26.01,29.1564,73.08,83.4,82.3,80.1,75.01,21.95,21.07,21.69,21.98,22.78,0.71,0.41,0.46,0.53,0.69
11/2/2021 7:30,3.064,2.82,8.74,7085,47.1,39.9,25.82,50.689194,73,83.7,82.3,80.1,74.93,21.95,21.04,21.71,22.01,22.81,0.71,0.41,0.46,0.53,0.7
11/2/2021 7:45,3.138,2.91,8.93,7086,47.1,39.28,25.39,65.482717,72.77,84,82.3,80,74.99,22.06,21.08,21.78,22.09,22.89,0.72,0.4,0.46,0.53,0.7
11/2/2021 8:00,3.228,3.11,9.06,7088,47.2,38.85,25.15,77.153162,72.69,84.4,82.5,79.96,75.2,22.17,21.11,21.85,22.2,22.95,0.73,0.39,0.46,0.54,0.69
11/2/2021 8:15,3.286,3.14,9.25,7089,46.1,38.51,24.81,90.467333,72.46,84.7,82.4,79.76,75.43,22.3,21.2,22.01,22.4,23.05,0.74,0.39,0.47,0.55,0.69
11/2/2021 8:30,3.484,3.41,9.72,7090,47.1,37.53,24.03,80.111867,71.89,84.8,82.7,79.53,75.33,22.48,21.32,22.12,22.55,23.2,0.77,0.39,0.46,0.56,0.7
11/2/2021 8:45,3.751,3.75,10.38,7092,47.1,36.82,23.07,164.270574,71.69,84.9,83.2,79.37,74.71,22.65,21.49,22.32,22.77,23.57,0.78,0.39,0.45,0.57,0.74
11/2/2021 9:00,4.083,4.11,11.27,7091,47.8,36.27,22.23,376.475439,71.57,84.8,82.4,79.67,74.23,22.77,21.76,22.61,23.12,24.07,0.79,0.4,0.48,0.58,0.77
11/2/2021 9:15,10.822,4.99,36.24,7091,47,33.88,20.08,348.696491,72.06,85.1,81.7,79.75,80.9,22.95,22.05,23.02,23.63,25.48,0.78,0.4,0.51,0.59,0.62
11/2/2021 9:30,11.391,5.72,37.64,7090,47,32.35,18.58,284.098108,73.24,85.4,81.4,80.9,88.8,23.24,22.54,23.7,24.44,29.41,0.76,0.4,0.55,0.59,0.46
11/2/2021 9:45,12.255,6.13,40.52,7088,47,30.38,17.16,277.194464,74.65,85.5,81,82.1,86.3,23.63,23.14,24.52,25.44,31.7,0.74,0.41,0.58,0.58,0.64
11/2/2021 10:00,13.958,6.89,46.25,7087,47,31.96,16.59,260.428472,75.31,86.2,81.1,80.5,83.8,24.24,23.85,25.4,26.89,33.2,0.75,0.41,0.61,0.69,0.82
11/2/2021 10:15,15.077,7.47,49.93,7080,47,31.15,16.42,279.002562,71.59,81.3,78.49,80.7,79.66,23.87,23.64,25.69,27.69,34,0.84,0.55,0.71,0.72,1.08
11/2/2021 10:30,15.721,7.69,52.17,7074,46.8,30.77,16.21,298.234141,76.08,83.5,79.42,80.2,77.24,22.18,22.19,24.79,27.74,33.93,0.64,0.44,0.64,0.74,1.21
11/2/2021 10:45,16.338,7.71,54.52,7070,46.8,30.65,16.07,302.83657,78.95,85.7,81,80.6,76.45,21.71,21.8,24.51,27.82,34,0.55,0.37,0.58,0.73,1.25
11/2/2021 11:00,16.871,7.83,56.44,7065,47,30.46,15.92,325.519972,80.2,86.7,81.5,80.7,75.05,21.62,21.8,24.58,28.08,34.31,0.51,0.35,0.57,0.73,1.35
11/2/2021 11:15,17,7.79,56.98,7061,46.2,30.22,15.78,329.464911,81,87.1,81.6,80.7,75.32,21.71,21.92,24.71,28.41,34.54,0.49,0.34,0.57,0.75,1.35
11/2/2021 11:30,18.148,8,61.17,7056,46.9,29.98,15.63,401.7888,81.5,87.5,81.8,81.2,75,21.82,22.03,24.83,28.72,34.67,0.48,0.33,0.57,0.74,1.38
11/2/2021 11:45,17.958,7.86,60.59,7053,46.9,29.88,15.59,380.749124,81.9,87.8,82.1,80.9,73.65,21.96,22.13,25.01,28.99,34.64,0.48,0.33,0.57,0.76,1.45
11/2/2021 12:00,18.423,7.71,62.54,7049,46.8,30,15.49,410.171797,82.3,88.2,82.2,80.8,73.09,22.08,22.25,25.13,29.29,34.4,0.47,0.32,0.57,0.78,1.46
11/2/2021 12:15,18.689,7.75,63.52,7046,46.9,29.91,15.49,616.787998,82.5,88.4,82.4,81,69.92,22.2,22.34,25.28,29.52,33.31,0.47,0.31,0.57,0.78,1.54
11/2/2021 12:30,19.158,7.7,65.38,7044,46.8,30.05,15.49,385.84467,82.9,88.7,82.6,81.6,71.13,22.33,22.44,25.44,29.83,31.53,0.46,0.31,0.57,0.77,1.34
11/2/2021 12:45,18.683,7.6,63.66,7042,46.9,30.19,15.47,673.332129,83.1,89,82.9,81.4,74.06,22.47,22.5,25.53,30.09,30.75,0.46,0.3,0.56,0.79,1.15
11/2/2021 13:00,19.182,7.59,65.59,7040,46.8,30.22,15.52,371.21552,83.3,89.1,82.9,82.1,75.97,22.54,22.56,25.6,29.95,30.38,0.46,0.3,0.56,0.76,1.04
11/2/2021 13:15,18.853,7.66,64.25,7040,46.8,30.36,15.66,321.246288,83.4,89.4,83.4,82.9,77.34,22.65,22.67,25.72,30.2,30.49,0.46,0.29,0.55,0.73,0.99
11/2/2021 13:30,19.289,7.59,66,7038,46.6,30.17,15.59,1013.911897,83.5,89.3,83.2,82.2,77.43,22.73,22.74,25.76,30.16,30.15,0.46,0.3,0.56,0.76,0.97
11/2/2021 13:45,19.144,7.62,65.41,7036,46.6,30.41,15.54,883.89327,83.6,89.5,83.4,83.6,79.36,22.78,22.8,25.83,30.22,30.18,0.45,0.29,0.55,0.7,0.88
11/2/2021 14:00,19.246,7.77,65.64,7036,45,30.1,15.54,518.986375,83.8,89.5,83.6,83,78.97,22.86,22.9,25.92,30.42,30.22,0.45,0.29,0.55,0.74,0.9
11/2/2021 14:15,18.183,7.81,61.51,7036,45.7,30.43,15.61,258.127257,83.6,89.5,83.4,81.8,78.35,22.86,22.87,25.83,30,29.68,0.46,0.29,0.55,0.77,0.9
11/2/2021 14:30,18.289,7.77,61.96,7035,46.7,30.29,15.54,312.863291,83.5,89.3,83.3,82,79.03,22.83,22.84,25.71,29.35,29.02,0.46,0.3,0.55,0.74,0.84
11/2/2021 14:45,17.7,7.84,59.62,7034,46.8,30.43,15.52,228.704584,83.3,89.2,83.6,83.4,80.7,22.78,22.8,25.64,29.35,28.92,0.46,0.3,0.54,0.68,0.77
11/2/2021 15:00,17.19,7.92,57.57,7034,46.7,30.74,15.8,173.31106,83.2,89.1,83.5,81,78.79,22.71,22.7,25.44,28.83,28.47,0.46,0.3,0.54,0.75,0.82
11/2/2021 15:15,16.85,7.86,56.33,7034,46.8,30.96,15.95,217.691628,82.7,88.9,83.4,80.5,78.26,22.58,22.47,25.19,27.63,27.49,0.47,0.3,0.53,0.72,0.8
11/2/2021 15:30,16.136,7.76,53.69,7035,46.8,31.15,16.11,184.324016,82.3,88.9,83,81.4,78.64,22.42,22.16,24.89,26.55,26.61,0.48,0.3,0.54,0.65,0.74
11/2/2021 15:45,16.384,7.67,54.74,7035,46.9,30.36,15.85,308.589607,82.2,88.9,82.9,82.2,79.3,22.25,21.97,24.63,25.88,26.02,0.48,0.29,0.53,0.59,0.7
11/2/2021 16:00,16.742,7.67,56.12,7033,46.6,30.34,15.8,330.286774,82.8,89.4,83.8,84.9,81.1,22.19,21.92,24.58,25.77,25.99,0.46,0.28,0.5,0.5,0.63
11/2/2021 16:15,17.098,7.76,57.39,7034,46.7,30.19,15.59,229.526447,83.2,89.8,83.9,85.8,81.1,22.2,21.9,24.53,26.06,26.37,0.45,0.27,0.5,0.48,0.65
11/2/2021 16:30,16.88,7.66,56.66,7034,46.7,30.41,15.68,209.966122,83.1,89.8,84,85.3,80.1,22.24,21.89,24.49,26.29,26.65,0.45,0.27,0.49,0.5,0.7
11/2/2021 16:45,16.886,7.7,56.64,7033,46.8,30.53,15.78,96.549114,83,89.8,83.8,84,79.55,22.18,21.83,24.39,26.24,26.5,0.45,0.27,0.49,0.55,0.71
11/2/2021 17:00,16.125,7.61,53.81,7033,45.8,30.7,15.92,82.741826,82.8,89.6,83.7,82.7,79.06,22.07,21.72,24.31,25.89,26.02,0.46,0.27,0.5,0.58,0.7
11/2/2021 17:15,14.933,7.16,49.71,7034,45.2,30.17,16.07,28.005792,83.8,90.8,83.8,81.6,78.92,22.28,21.95,24.28,25.43,25.53,0.44,0.24,0.49,0.6,0.69
11/2/2021 17:30,14.29,6.98,47.43,7035,46.8,30.96,16.52,2.199314,81.9,90.6,85.2,81.4,78.65,23.19,22.63,24.45,25.18,25.43,0.51,0.26,0.45,0.6,0.69
11/2/2021 17:45,13.931,6.75,46.3,7035,46.7,32.06,17.19,-2.896233,78.07,88.6,84.6,81,77.95,23.75,22.77,24.32,24.89,25.19,0.64,0.32,0.47,0.6,0.71
11/2/2021 18:00,13.346,6.5,44.32,7036,46.8,32.85,17.83,-4.868703,75.67,87.2,83.5,80.4,77.26,23.89,22.71,24.11,24.57,24.85,0.72,0.35,0.5,0.61,0.71
11/2/2021 18:15,12.903,6.3,42.83,7036,46.8,33.61,18.48,-4.04684,74.08,86.1,82.5,79.45,76.46,23.8,22.55,23.91,24.32,24.63,0.76,0.38,0.52,0.63,0.73
11/2/2021 18:30,12.48,5.97,41.56,7037,46.7,34.28,19.1,-4.04684,72.83,85.1,81.6,78.61,75.64,23.65,22.38,23.67,24.08,24.38,0.79,0.4,0.54,0.64,0.74
11/2/2021 18:45,11.521,5.73,38.13,7037,46.9,34.88,19.56,-4.211213,71.88,84.1,81,77.95,75.08,23.48,22.24,23.4,23.86,24.14,0.81,0.43,0.55,0.65,0.75
11/2/2021 19:00,11.174,5.44,37.11,7037,46.8,35.41,20.13,-4.04684,71.57,83.7,80.6,77.58,74.63,23.25,22.05,23.17,23.56,23.89,0.81,0.43,0.55,0.65,0.75
11/2/2021 19:15,11.112,5.19,37.14,7037,47.3,36.07,20.58,-5.033075,71.3,83.1,80.3,77.25,74.27,23.05,21.9,22.92,23.39,23.71,0.81,0.44,0.55,0.65,0.75
11/2/2021 19:30,11.227,4.96,37.83,7038,45.3,36.12,21.01,-4.539958,70.97,82.7,79.97,76.83,73.8,22.87,21.75,22.75,23.2,23.54,0.81,0.45,0.55,0.66,0.76
11/2/2021 19:45,10.822,4.76,36.49,7040,46.9,36.46,21.37,-4.539958,70.48,82.1,79.63,76.44,73.37,22.73,21.62,22.56,23.02,23.4,0.82,0.46,0.56,0.66,0.77
11/2/2021 20:00,10.983,4.58,37.3,7039,45.4,36.86,21.9,-4.539958,70.17,81.8,79.39,76.08,73.09,22.58,21.47,22.38,22.86,23.22,0.82,0.47,0.56,0.67,0.77
11/2/2021 20:15,10.911,4.24,37.39,7041,46.9,36.46,22.19,-4.70433,73.82,83.2,80.2,77.46,74.63,22.57,21.71,22.29,22.75,23.14,0.72,0.44,0.53,0.62,0.72
11/2/2021 20:30,10.784,4.05,37.11,7042,45.2,36.77,22.5,-4.04684,74.99,81.5,81.9,79.77,75.76,22.72,22.52,22.52,22.81,23.42,0.69,0.5,0.49,0.56,0.7
11/2/2021 20:45,4.098,3.95,11.5,7043,46.8,36.82,22.59,-4.539958,74.95,77.67,81.2,78.8,74.44,22.73,23.43,22.79,23.08,23.78,0.69,0.64,0.52,0.6,0.75
11/2/2021 21:00,4.017,3.9,11.24,7043,46.1,36.74,22.83,-4.539958,74.94,76.72,80.6,77.92,73.78,22.74,23.68,22.95,23.32,23.97,0.69,0.68,0.54,0.63,0.78
11/2/2021 21:15,3.913,3.77,10.98,7045,46.9,37.01,22.97,-4.70433,75.27,76.24,80.4,77.64,73.58,22.73,23.87,23.05,23.43,24.07,0.68,0.7,0.55,0.64,0.79
11/2/2021 21:30,3.84,3.67,10.81,7048,46.8,37.17,23.21,-4.539958,75.45,76.03,80.3,77.67,73.47,22.74,23.97,23.11,23.48,24.15,0.68,0.71,0.56,0.65,0.8
11/2/2021 21:45,3.768,3.55,10.66,7048,46.9,37.17,23.21,-4.539958,75.27,75.64,80.2,77.65,73.46,22.82,24.1,23.19,23.52,24.17,0.69,0.73,0.56,0.65,0.8
11/2/2021 22:00,3.713,3.54,10.46,7052,47,37.03,23.52,-4.375585,75.35,75.57,79.99,77.54,73.39,22.83,24.13,23.24,23.58,24.23,0.69,0.73,0.57,0.65,0.81
11/2/2021 22:15,3.67,3.46,10.38,7053,46.8,37.2,23.62,-4.70433,75.62,75.34,80,77.45,73.41,22.78,24.23,23.26,23.6,24.25,0.68,0.75,0.57,0.66,0.81
11/2/2021 22:30,3.625,3.42,10.25,7055,46.8,37.39,23.69,-4.539958,76.21,75.51,79.9,77.41,73.41,22.71,24.24,23.34,23.67,24.33,0.66,0.74,0.58,0.66,0.81
11/2/2021 22:45,3.566,3.34,10.11,7055,46.9,37.6,23.81,-4.04684,76.42,75.54,79.8,77.37,73.39,22.66,24.23,23.39,23.69,24.33,0.65,0.74,0.58,0.66,0.81
11/2/2021 23:00,3.558,3.34,10.08,7056,46.9,37.41,23.88,-4.70433,76.52,75.42,79.84,77.44,73.4,22.65,24.28,23.38,23.7,24.33,0.65,0.75,0.58,0.66,0.81
11/2/2021 23:15,3.521,3.3,9.98,7059,45.1,37.75,24.05,-4.539958,76.52,75.28,79.85,77.33,73.34,22.62,24.3,23.37,23.71,24.32,0.64,0.75,0.58,0.66,0.81
11/2/2021 23:30,3.486,3.27,9.88,7060,47.1,37.84,24.1,-4.211213,76.69,75.27,79.83,77.4,73.31,22.62,24.3,23.38,23.68,24.35,0.64,0.75,0.58,0.66,0.81
11/2/2021 23:45,3.461,3.18,9.88,7061,46.9,37.87,24.19,-3.882468,76.68,75.15,79.81,77.41,73.21,22.6,24.34,23.38,23.67,24.35,0.64,0.76,0.58,0.66,0.82
11/3/2021 0:00,3.446,3.22,9.78,7062,46.9,37.92,24.31,-4.375585,76.68,75.1,79.65,77.3,73.21,22.6,24.34,23.41,23.71,24.37,0.64,0.76,0.59,0.67,0.82
11/3/2021 0:15,3.406,3.14,9.71,7064,47,37.89,24.29,-4.375585,76.38,74.93,79.64,77.27,73.22,22.68,24.38,23.4,23.68,24.34,0.65,0.77,0.59,0.67,0.82
11/3/2021 0:30,3.387,3.14,9.64,7065,47,38.01,24.43,-4.375585,76.5,74.86,79.58,77.26,73.21,22.61,24.39,23.41,23.68,24.35,0.64,0.77,0.59,0.67,0.82
11/3/2021 0:45,3.39,3.14,9.65,7067,46.9,38.11,24.58,-5.033075,77.03,74.83,79.45,77.27,73.06,22.49,24.39,23.4,23.69,24.36,0.63,0.77,0.59,0.67,0.82
11/3/2021 1:00,3.353,3.1,9.55,7068,47.1,38.06,24.55,-4.04684,77.14,74.77,79.4,77.24,73.11,22.46,24.38,23.39,23.66,24.34,0.62,0.77,0.59,0.67,0.82
11/3/2021 1:15,3.316,3.06,9.45,7069,47,38.25,24.74,-4.539958,76.98,74.64,79.39,77.32,73.17,22.46,24.41,23.39,23.63,24.32,0.63,0.78,0.59,0.66,0.82
11/3/2021 1:30,3.327,3.1,9.45,7071,47,38.32,24.7,-4.211213,76.99,74.69,79.38,77.3,73.15,22.45,24.37,23.39,23.62,24.3,0.63,0.77,0.59,0.66,0.82
11/3/2021 1:45,3.319,3.1,9.42,7073,47.1,38.42,24.77,-5.033075,77.04,74.58,79.4,77.31,73.08,22.42,24.41,23.35,23.58,24.31,0.62,0.78,0.59,0.66,0.82
11/3/2021 2:00,3.313,3.05,9.45,7074,46.9,38.2,24.79,-4.868703,76.78,74.55,79.5,77.46,73.13,22.48,24.39,23.33,23.58,24.29,0.63,0.78,0.59,0.66,0.82
11/3/2021 2:15,3.289,3.03,9.38, ,46.4,38.44,24.86,-4.375585,76.87,74.58,79.27,77.39,73.12,22.42,24.34,23.34,23.56,24.25,0.63,0.77,0.59,0.66,0.81
11/3/2021 2:30,3.266,3.03,9.29,7077,47,38.49,24.93,-4.04684,77.23,74.48,79.19,77.35,72.99,22.32,24.37,23.35,23.55,24.25,0.61,0.78,0.6,0.66,0.82
11/3/2021 2:45,3.236,2.99,9.22,7079,46.9,38.47,24.93,-4.70433,76.92,74.31,79.11,77.19,73.08,22.35,24.38,23.31,23.54,24.2,0.62,0.78,0.6,0.66,0.81
11/3/2021 3:00,3.225,2.98,9.19,7080,45.4,38.32,25.01,-5.033075,76.78,74.26,79.17,77.25,73.02,22.33,24.34,23.28,23.48,24.19,0.63,0.78,0.6,0.66,0.81
11/3/2021 3:15,3.225,2.98,9.19,7081,47,38.56,25.08,-4.375585,77.1,74.31,79.1,77.36,72.97,22.23,24.3,23.26,23.43,24.17,0.61,0.78,0.6,0.65,0.81
11/3/2021 3:30,3.221,3.03,9.12,7083,47,38.47,25.01,-4.211213,77.32,74.36,79.18,77.47,73,22.17,24.28,23.23,23.38,24.16,0.61,0.78,0.59,0.65,0.81
11/3/2021 3:45,3.199,2.95,9.12,7084,47,38.7,25.17,-4.211213,77.46,74.45,79.19,77.46,73.01,22.13,24.25,23.24,23.38,24.12,0.6,0.77,0.59,0.65,0.81
11/3/2021 4:00,3.207,2.98,9.12,7086,45.5,38.47,25.01,-4.539958,77.49,74.41,79.13,77.46,73.07,22.08,24.25,23.22,23.37,24.12,0.6,0.78,0.59,0.65,0.81
11/3/2021 4:15,3.192,2.98,9.06,7088,47.1,38.61,25.13,-4.539958,77.55,74.42,78.97,77.55,72.95,22.05,24.22,23.22,23.33,24.13,0.6,0.77,0.6,0.64,0.81
11/3/2021 4:30,3.18,2.94,9.06,7090,46.9,38.56,25.17,-4.211213,77.55,74.24,79.07,77.63,72.98,22.08,24.25,23.22,23.29,24.11,0.6,0.78,0.6,0.64,0.81
11/3/2021 4:45,3.171,2.97,8.99,7091,47,38.61,25.13,-4.539958,77.53,74.23,79.1,77.63,72.95,22.08,24.26,23.19,23.29,24.1,0.6,0.78,0.59,0.64,0.81
11/3/2021 5:00,3.222,3.06,9.09,7094,45.5,38.3,25.03,-4.04684,77.34,74.03,79,77.5,72.87,22.08,24.28,23.2,23.32,24.11,0.6,0.79,0.6,0.64,0.81
11/3/2021 5:15,3.257,3.12,9.16,7096,47,38.75,25.17,-4.211213,74.51,74.26,78.58,76.3,71.87,22.31,23.66,23.03,23.29,24,0.69,0.75,0.6,0.68,0.84
11/3/2021 5:30,3.31,3.15,9.33,7096,46.5,39.21,25.27,-4.211213,69.84,78.36,78.05,74.95,71.33,22.57,22.05,22.57,22.98,23.47,0.83,0.57,0.6,0.7,0.83
11/3/2021 5:45,3.331,3.16,9.4,7097,47,39.47,25.41,-4.539958,68.67,79.23,78.02,74.79,71.42,22.38,21.46,22.15,22.58,23.01,0.85,0.53,0.59,0.69,0.8
11/3/2021 6:00,3.334,3.2,9.37,7100,45.6,39.23,25.32,-4.539958,68.51,79.26,77.85,74.87,71.41,22.15,21.17,21.87,22.25,22.72,0.84,0.52,0.58,0.67,0.79
11/3/2021 6:15,3.334,3.2,9.37,7102,47,39.4,25.32,-4.375585,68.8,79.27,77.84,74.89,71.28,21.88,20.94,21.62,22.03,22.5,0.82,0.51,0.57,0.67,0.78
11/3/2021 6:30,3.317,3.11,9.4,7101,47.1,39.21,25.34,-4.04684,68.91,79.26,77.82,74.86,71.38,21.69,20.81,21.45,21.84,22.33,0.81,0.51,0.57,0.66,0.77
11/3/2021 6:45,3.349,3.19,9.44,7102,45.7,39.16,25.41,1.706196,68.59,79.31,77.81,74.84,71.3,21.56,20.63,21.3,21.68,22.19,0.81,0.5,0.56,0.65,0.77
11/3/2021 7:00,3.363,3.21,9.47,7103,47.9,38.92,25.17,12.719152,68.44,79.34,77.81,74.85,71.28,21.48,20.52,21.18,21.55,22.07,0.81,0.5,0.56,0.65,0.76
11/3/2021 7:15,3.475,3.35,9.75,7104,46.5,37.44,24.55,34.745064,67.88,79.58,78.06,74.81,71.14,21.47,20.44,21.11,21.54,22.1,0.82,0.49,0.55,0.65,0.77
11/3/2021 7:30,3.61,3.48,10.13,7104,45.5,36.86,23.81,55.949113,67,80.4,78.84,74.71,70.67,21.72,20.52,21.29,21.75,22.58,0.86,0.47,0.54,0.66,0.8
11/3/2021 7:45,3.736,3.67,10.41, ,45.9,36.46,22.97,98.028467,66.68,81,77.42,75.32,71.92,22.02,20.75,21.74,22.21,23.23,0.88,0.47,0.59,0.66,0.8
11/3/2021 8:00,3.988,4.02,11, ,45.9,35.62,22.26,112.986362,66.98,81.1,77,75.52,78.46,22.28,21.12,22.2,22.67,24.44,0.89,0.47,0.62,0.67,0.66
11/3/2021 8:15,12.984,4.67,44.9, ,47,48.6,31.03,127.615512,68.04,81.6,77.1,76.08,86.5,22.51,21.49,22.64,23.19,26.93,0.87,0.47,0.63,0.68,0.48
11/3/2021 8:30,10.355,4.79,34.66, ,45.4,34.07,20.22,256.647905,68.91,81.9,77.18,76.5,85.5,22.73,21.92,23.18,23.77,28.7,0.86,0.48,0.65,0.69,0.57
11/3/2021 8:45,13.319,5.31,45.5, ,45.7,46.74,28.54,182.515919,69.81,82.2,77.31,77.05,84.5,22.99,22.33,23.7,24.41,30.07,0.85,0.48,0.66,0.7,0.66
11/3/2021 9:00,11.741,5.68,39.03, ,45.6,31.89,18.14,300.042238,70.71,82.7,77.43,77.89,83.8,23.28,22.74,24.23,25.05,31.29,0.84,0.48,0.68,0.7,0.74
11/3/2021 9:15,12.264,6.08,40.61, ,45.3,30.7,17.31,407.870582,71.68,83.2,77.68,78.79,81.4,23.55,23.15,24.72,25.78,32.48,0.82,0.48,0.7,0.7,0.91
11/3/2021 9:30,13.198,6.35,43.91, ,46.8,29.95,16.76,380.749124,72.51,83.4,77.62,79.53,79,23.84,23.53,25.19,26.52,33.35,0.81,0.48,0.72,0.71,1.08
11/3/2021 9:45,14.102,6.58,47.14, ,46.9,29.64,16.23,278.838189,73.38,83.5,77.93,79.65,77.72,24.11,23.92,25.61,27.24,33.9,0.8,0.49,0.72,0.74,1.18
11/3/2021 10:00,15.171,7.25,50.53, ,45.4,31.13,16.09,257.63414,74.13,83.7,77.95,79.88,77.16,24.37,24.26,26.07,27.88,34.46,0.79,0.49,0.74,0.76,1.25
11/3/2021 10:15,16.256,7.77,54.14, ,45.4,30.96,16.21,274.071387,71.86,80.5,76.92,79.22,74.61,23.87,23.94,26.2,28.34,34.88,0.83,0.58,0.79,0.8,1.42
11/3/2021 10:30,16.242,7.73,54.13, ,46.8,30.55,16.02,292.316732,76.36,83,78.53,79.03,72.66,22.24,22.47,25.24,28.26,34.84,0.63,0.46,0.69,0.8,1.52
11/3/2021 10:45,16.766,7.79,56.08, ,46.7,30.53,15.83,300.370983,79.22,85.7,80.1,79.52,71.52,21.81,21.98,24.93,28.27,34.93,0.54,0.38,0.63,0.79,1.6
11/3/2021 11:00,18.205,7.22,62.23, ,46.9,44.51,21.85,318.287583,80.4,86.9,80.9,80,71.75,21.75,21.9,24.86,28.43,35,0.51,0.34,0.6,0.78,1.59
11/3/2021 11:15,17.576,7.85,59.13,7066,46.5,30.27,15.83,321.575033,80.9,87.2,81.2,80.2,71.33,21.81,21.96,24.95,28.6,35.06,0.5,0.34,0.59,0.77,1.62
11/3/2021 11:30,18.002,7.75,60.88,7063,46.4,30.17,15.8,399.651958,81.3,87.6,81.1,80.5,72.63,21.85,22,25.01,28.76,34.73,0.49,0.33,0.6,0.77,1.52
11/3/2021 11:45, , , ,7060,46.9,  ,  ,369.736168,81.7,87.9,81.5,81.1,71.03,21.95,22.09,25.08,28.96,34.17,0.48,0.32,0.59,0.76,1.56
11/3/2021 12:00,18.313,7.79,62.03,7057,46.8,29.79,15.68,395.871391,82,88.1,81.9,81.2,68.32,22.03,22.12,25.18,29.16,33,0.48,0.32,0.58,0.76,1.59
11/3/2021 12:15,18.596,7.64,63.28,7054,46.2,29.95,15.63,630.430913,82.2,88.6,82,81.2,70.66,22.15,22.16,25.29,29.37,31.26,0.47,0.3,0.58,0.77,1.34
11/3/2021 12:30,18.994,7.53,64.93,7051,46.7,30.15,15.66,419.212283,82.3,88.8,82.2,81.3,73.55,22.27,22.22,25.35,29.58,30.52,0.48,0.3,0.58,0.77,1.16
11/3/2021 12:45,18.938,7.49,64.76,7050,46.6,29.98,15.56,637.49893,82.4,88.9,82.4,81.8,74.86,22.34,22.27,25.42,29.76,30.39,0.48,0.3,0.57,0.76,1.09
11/3/2021 13:00,19.085,7.43,65.39,7048,46.6,29.84,15.59,340.64224,82.6,89.3,82.6,81.9,76.07,22.46,22.35,25.52,30,30.4,0.47,0.29,0.57,0.77,1.04
11/3/2021 13:15,19.247,7.45,65.99,7049,44.9,30.1,15.63,342.285964,82.8,89.3,82.7,82,76.62,22.55,22.46,25.6,30.23,30.4,0.47,0.29,0.57,0.77,1.02
11/3/2021 13:30,18.981,7.42,65,7046,46.5,29.93,15.59,898.686792,83,89.4,82.8,82.2,77.64,22.61,22.51,25.69,30.36,30.38,0.47,0.29,0.57,0.77,0.97
11/3/2021 13:45,19.227,7.37,66,7044,46.8,30.19,15.71,882.907035,83.2,89.5,83,81.9,78.12,22.65,22.6,25.76,30.48,30.39,0.46,0.29,0.56,0.79,0.95
11/3/2021 14:00,19.348,7.44,66.39,7044,46.7,30.22,15.78,628.129698,83.2,89.5,83,81.6,78.37,22.74,22.63,25.83,30.64,30.35,0.46,0.29,0.57,0.81,0.94
11/3/2021 14:15,19.103,7.54,65.34,7044,46.7,30.31,15.61,283.604991,83.2,89.6,82.9,81.1,78.57,22.81,22.7,25.86,30.69,30.26,0.47,0.29,0.57,0.83,0.92
11/3/2021 14:30,19.492,7.51,66.87,7042,45.4,30.17,15.68,415.760461,83.2,89.5,82.9,80.8,78.87,22.87,22.76,25.87,30.73,30.14,0.47,0.29,0.57,0.85,0.9
11/3/2021 14:45,19.609,7.51,67.32,7042,46.6,30.17,15.63,220.321588,83.3,89.5,82.9,79.77,79.17,22.87,22.76,25.87,30.86,30.09,0.47,0.29,0.57,0.9,0.89
11/3/2021 15:00,19.215,7.55,65.76,7042,46.6,30.17,15.68,208.651142,83.4,89.7,83.1,79.6,79.23,22.88,22.71,25.87,30.79,29.94,0.46,0.28,0.56,0.91,0.88
11/3/2021 15:15,19.128,7.47,65.51,7042,46.6,30.29,15.78,413.294874,83.4,89.9,83.2,79.9,79.07,22.87,22.67,25.82,30.49,29.73,0.46,0.28,0.56,0.88,0.87
11/3/2021 15:30,18.984,7.55,64.87,7041,46.6,30.22,15.66,238.566933,83.4,89.8,83.1,80.6,79.15,22.88,22.64,25.71,30.17,29.56,0.46,0.28,0.56,0.83,0.86
11/3/2021 15:45,18.735,7.58,63.88,7042,46.4,30.31,15.68,279.331307,83.5,90,83.4,81.1,79.12,22.84,22.58,25.56,29.8,29.33,0.46,0.27,0.54,0.79,0.85
11/3/2021 16:00,18.418,7.59,62.65,7042,46,30.36,15.68,401.7888,83.6,90.1,83.6,81.4,78.98,22.8,22.56,25.5,29.44,29.06,0.46,0.27,0.54,0.76,0.84
11/3/2021 16:15,18.071,7.66,61.24,7042,45.1,30.43,15.73,139.943448,83.6,90.1,83.3,81.6,77.74,22.76,22.48,25.37,28.95,28.94,0.45,0.27,0.54,0.73,0.89
11/3/2021 16:30,17.899,7.77,60.46,7042,46.6,30.34,15.68,208.48677,83.3,89.9,83.2,81.5,77.15,22.67,22.35,25.2,28.42,28.51,0.46,0.27,0.54,0.72,0.89
11/3/2021 16:45,17.906,7.75,60.51,7042,45,30.5,15.78,83.892434,83.2,89.8,83.1,80.5,77.03,22.51,22.21,24.89,27.73,27.75,0.46,0.27,0.53,0.73,0.86
11/3/2021 17:00,17.244,7.66,58.06,7042,46.6,30.34,15.83,56.113485,83,89.6,83.2,80,77.1,22.4,22.07,24.68,26.9,26.86,0.46,0.28,0.52,0.71,0.81
11/3/2021 17:15,16.262,7.17,54.81,7043,46.7,29.86,15.9,25.21146,84,90.7,83.4,79.88,77.71,22.57,22.25,24.59,26.13,26.1,0.44,0.25,0.51,0.68,0.75
11/3/2021 17:30,15.094,7.03,50.47,7045,46.7,30.46,16.16,2.034941,81.9,90.6,84.6,80.1,77.82,23.51,22.93,24.8,25.76,25.89,0.52,0.26,0.48,0.66,0.74
11/3/2021 17:45,14.424,6.81,48.13,7045,45.5,31.37,16.76,-3.718095,78.89,88.8,84.1,80.1,77.43,23.99,23.06,24.74,25.38,25.61,0.63,0.32,0.5,0.64,0.74
11/3/2021 18:00,13.701,6.68,45.49,7047,44.9,32.23,17.28,-4.70433,76.54,87.5,83.3,79.96,77.11,24.06,22.97,24.49,24.97,25.22,0.7,0.35,0.51,0.63,0.73
11/3/2021 18:15,12.761,6.47,42.1,7048,46.7,32.99,17.88,-4.211213,74.82,86.6,82.6,79.49,76.72,24.03,22.8,24.23,24.66,24.92,0.75,0.37,0.53,0.64,0.73
11/3/2021 18:30,12.743,6.13,42.4,7050,45.2,33.71,18.31,-4.868703,73.49,85.6,81.9,78.78,76.03,23.94,22.64,24,24.41,24.67,0.79,0.4,0.54,0.65,0.74
11/3/2021 18:45,12.098,5.87,40.2,7050,46.7,34.07,18.84,-4.868703,72.67,84.8,81.4,78.06,75.38,23.75,22.47,23.73,24.2,24.45,0.8,0.41,0.55,0.66,0.75
11/3/2021 19:00,11.795,5.64,39.28,7052,46.8,34.47,19.36,-4.211213,72.08,84.1,80.9,77.54,74.89,23.57,22.33,23.5,23.99,24.23,0.81,0.43,0.55,0.67,0.76
11/3/2021 19:15,11.423,5.4,38.11,7053,46.8,35.02,19.84,-4.04684,71.66,83.5,80.5,77.1,74.45,23.37,22.21,23.28,23.76,24.04,0.81,0.44,0.56,0.67,0.76
11/3/2021 19:30,11.161,5.15,37.37,7054,46.8,35.38,20.22,-4.375585,71.53,83,80.3,76.95,74.21,23.24,22.1,23.07,23.56,23.86,0.81,0.45,0.56,0.67,0.76
11/3/2021 19:45,11.021,4.92,37.08,7055,45.3,35.67,20.7,-4.868703,71.66,82.8,80.1,76.88,74.05,23.12,21.99,22.93,23.4,23.72,0.8,0.45,0.56,0.67,0.76
11/3/2021 20:00,10.975,4.73,37.11, ,46.8,36.17,21.16,-4.868703,71.78,82.4,80.1,76.96,73.96,23,22,22.8,23.27,23.62,0.79,0.47,0.55,0.66,0.76
11/3/2021 20:15,10.868,4.46,36.99,7058,45.3,35.81,21.44,-4.868703,74.38,83.5,80.8,78.2,75.23,23,22.18,22.75,23.17,23.6,0.72,0.44,0.53,0.62,0.72
11/3/2021 20:30,10.56,4.24,36.04,7059,47.3,36.12,21.75,-4.211213,75.03,81.4,82,79.82,75.83,23.1,22.93,22.96,23.23,23.84,0.71,0.52,0.5,0.57,0.71
11/3/2021 20:45,10.702,4.11,36.73,7064,45.5,36.07,22.02,-4.70433,74.94,78.29,81.2,79.13,74.64,23.18,23.71,23.2,23.43,24.16,0.71,0.64,0.53,0.6,0.76
11/3/2021 21:00,10.274,3.99,35.21,7066,46.8,36.31,22.21,-4.539958,74.9,77.57,80.8,78.51,74.11,23.2,23.94,23.37,23.62,24.35,0.71,0.67,0.55,0.63,0.79
11/3/2021 21:15,4.089,3.88,11.54,7067,46.7,36.55,22.47,-4.211213,74.98,77.17,80.4,77.95,73.8,23.26,24.08,23.48,23.82,24.46,0.71,0.68,0.57,0.65,0.8
11/3/2021 21:30,4.022,3.78,11.39,7069,45.9,36.65,22.52,-5.033075,74.82,76.85,80.3,77.54,73.68,23.33,24.2,23.55,23.95,24.52,0.72,0.7,0.57,0.67,0.81
11/3/2021 21:45,3.956,3.74,11.18,7071,46.8,36.72,22.69,-4.539958,75.12,76.79,80.2,77.47,73.57,23.28,24.23,23.59,23.98,24.58,0.71,0.7,0.58,0.67,0.82
11/3/2021 22:00,3.874,3.65,10.96,7073,46.8,36.91,22.88,-4.539958,74.81,76.66,80.1,77.39,73.53,23.39,24.28,23.62,24.01,24.59,0.72,0.71,0.58,0.68,0.82
11/3/2021 22:15,3.799,3.55,10.78,7075,46.7,37.03,23.02,-4.375585,74.9,76.58,80.2,77.28,73.47,23.39,24.36,23.64,24.07,24.66,0.72,0.71,0.58,0.68,0.82
11/3/2021 22:30,3.753,3.48,10.68,7077,45.1,37.01,23.05,-4.375585,74.77,76.51,80.1,77.34,73.48,23.47,24.42,23.72,24.1,24.69,0.73,0.72,0.58,0.68,0.82
11/3/2021 22:45,3.719,3.48,10.55,7078,46.9,37.1,23.36,-4.04684,74.86,76.51,80,77.29,73.5,23.51,24.44,23.76,24.15,24.73,0.73,0.72,0.59,0.68,0.83
11/3/2021 23:00,3.692,3.41,10.52,7081,46.9,37.17,23.43,-4.211213,74.43,76.63,80.1,77.3,73.53,23.62,24.44,23.77,24.18,24.76,0.75,0.72,0.59,0.68,0.83
11/3/2021 23:15,3.645,3.41,10.34,7083,46.8,37.53,23.64,-4.70433,74.64,76.43,79.97,77.26,73.47,23.58,24.5,23.82,24.2,24.78,0.74,0.72,0.59,0.69,0.83
11/3/2021 23:30,3.627,3.41,10.27,7085,46.9,37.32,23.74,-4.04684,75.16,76.19,80,77.23,73.44,23.48,24.58,23.82,24.23,24.83,0.72,0.74,0.59,0.69,0.83
11/3/2021 23:45,3.594,3.33,10.23,7086,46.8,37.49,23.64,-4.375585,74.98,76.1,79.93,77.23,73.41,23.53,24.61,23.85,24.22,24.81,0.73,0.74,0.59,0.69,0.83
11/4/2021 0:00,3.538,3.28,10.07,7088,45.3,37.39,23.81,-5.033075,74.75,75.99,79.83,77.32,73.47,23.58,24.63,23.87,24.2,24.81,0.73,0.74,0.6,0.68,0.83
11/4/2021 0:15,3.495,3.3,9.88,7090,46.8,38.49,24.22,-4.375585,78.13,79.6,81.8,80.6,74.31,23.17,24.11,23.74,23.93,24.76,0.62,0.61,0.53,0.58,0.8
11/4/2021 0:30,3.37,3.16,9.55,7092,47.1,38.15,24.7,-4.70433,83.9,84.5,85.6,86.3,78.33,22.15,23.41,23.29,23.12,24.39,0.43,0.45,0.41,0.39,0.66
11/4/2021 0:45,3.287,3.05,9.35,7094,46.8,38.15,24.79,-4.211213,85.5,84,87.9,88.8,79.88,22.13,23.67,23.03,22.83,24.23,0.39,0.47,0.34,0.31,0.61
11/4/2021 1:00,3.206,2.92,9.18,7097,45.9,38.27,24.93,-4.211213,85.2,82.6,88.3,88.9,79.36,22.2,23.9,22.96,22.79,24.33,0.4,0.52,0.33,0.31,0.63
11/4/2021 1:15,3.085,2.85,8.79,7101,45.7,38.47,25.1,-4.539958,85.3,83.4,88.4,88.9,79.39,22.21,23.81,22.98,22.81,24.34,0.39,0.49,0.33,0.31,0.63
11/4/2021 1:30,3.06,2.78,8.77,7103,46.3,38.9,25.44,-4.70433,86.4,86.4,88.4,90,80.8,21.96,23.27,23.01,22.65,24.22,0.36,0.39,0.33,0.28,0.58
11/4/2021 1:45,3.016,2.77,8.61,7105,45.9,39.02,25.77,-4.539958,86.8,85.3,89.1,90.7,80.9,22.02,23.53,22.94,22.57,24.19,0.35,0.43,0.31,0.25,0.58
11/4/2021 2:00,2.981,2.74,8.51,7108,45.8,38.99,25.84,-4.375585,86.5,83.7,89.1,90.1,80.1,21.99,23.77,22.87,22.63,24.28,0.36,0.48,0.3,0.27,0.6
11/4/2021 2:15,2.894,2.66,8.26,7111,45.4,39.23,25.87,-4.375585,86.3,84.1,89.2,90.1,79.91,22.06,23.68,22.86,22.65,24.3,0.36,0.47,0.3,0.27,0.61
11/4/2021 2:30,2.857,2.62,8.16,7113,47,39.37,26.23,-4.211213,87.1,86.7,89.1,90.7,81.2,21.83,23.18,22.84,22.5,24.12,0.34,0.38,0.3,0.25,0.57
11/4/2021 2:45,2.818,2.63,8,7116,47,39.66,26.39,-4.375585,87.3,85.6,89.6,91.2,81.2,21.8,23.41,22.76,22.43,24.07,0.33,0.41,0.29,0.24,0.56
11/4/2021 3:00,2.774,2.5,7.97,7117,47,39.52,26.37,-4.375585,87.1,83.7,89.3,90.7,80.3,21.85,23.68,22.77,22.49,24.19,0.34,0.48,0.3,0.25,0.59
11/4/2021 3:15,2.774,2.53,7.94,7120,47.1,39.47,26.37,-4.539958,86.5,82.7,88.8,90.4,79.71,21.88,23.85,22.79,22.49,24.24,0.35,0.51,0.31,0.26,0.61
11/4/2021 3:30,2.74,2.5,7.84,7122,47,39.56,26.39,-4.211213,86,82.1,88.4,89.8,79.3,21.93,23.93,22.8,22.55,24.27,0.37,0.53,0.32,0.28,0.63
11/4/2021 3:45,2.747,2.46,7.91,7124,45.9,39.71,26.49,-4.70433,85.6,81.7,87.8,89.2,78.95,21.97,23.98,22.86,22.62,24.3,0.38,0.55,0.34,0.3,0.64
11/4/2021 4:00,2.721,2.49,7.78,7128,45.8,39.54,26.46,-4.70433,85.3,81.2,87.3,88.5,78.66,21.99,24.07,22.93,22.72,24.33,0.39,0.56,0.36,0.32,0.65
11/4/2021 4:15,2.74,2.53,7.81,7129,45.5,39.56,26.58,-4.868703,85.1,80.4,86.9,87.8,78.44,21.98,24.19,22.95,22.84,24.32,0.39,0.59,0.37,0.34,0.66
11/4/2021 4:30,2.716,2.5,7.75,7131,47,39.56,26.58,-4.539958,84.7,79.72,86.6,87.1,78.16,22.04,24.3,22.96,22.9,24.35,0.41,0.62,0.38,0.36,0.67
11/4/2021 4:45,2.687,2.45,7.69,7134,47.1,39.78,26.63,-4.539958,84.4,79.37,86.3,86.2,78.05,22.09,24.35,23.01,23,24.35,0.41,0.63,0.39,0.39,0.67
11/4/2021 5:00,2.714,2.49,7.75,7136,47.9,39.52,26.46,-4.211213,84.3,78.88,86.1,85.9,77.87,22.07,24.45,23.02,23.07,24.36,0.42,0.65,0.39,0.4,0.67
11/4/2021 5:15,2.756,2.53,7.87,7139,46.2,40.07,26.54,-4.375585,82.6,78.37,85.4,84.3,76.6,22.17,23.95,22.94,23.07,24.29,0.46,0.64,0.41,0.44,0.71
11/4/2021 5:30,2.788,2.59,7.93,7140,47.8,40.33,26.66,-4.539958,78.29,81.7,84.2,82.4,75.85,22.37,22.55,22.57,22.86,23.8,0.59,0.5,0.43,0.49,0.71
11/4/2021 5:45,2.828,2.61,8.06,7141,47,40.4,26.8,-4.211213,76.02,82.7,83.6,81.9,75.76,22.24,21.97,22.26,22.54,23.4,0.64,0.46,0.44,0.49,0.7
11/4/2021 6:00,2.847,2.65,8.09,7144,45.7,40.31,26.63,-4.539958,74.85,82.9,83.2,81.7,75.56,22.11,21.64,22.04,22.29,23.14,0.67,0.44,0.45,0.49,0.69
11/4/2021 6:15,2.874,2.69,8.15,7145,47.2,40.43,26.73,-4.70433,73.62,82.7,83,81.2,75.29,22.13,21.45,21.85,22.08,22.96,0.7,0.44,0.45,0.5,0.69
11/4/2021 6:30,2.881,2.65,8.22, ,47.2,40.26,26.73,-4.04684,72.83,82.8,82.7,80.8,75.2,22.05,21.27,21.72,21.98,22.8,0.72,0.43,0.45,0.51,0.69
11/4/2021 6:45,2.878,2.64,8.22,7148,47.3,40.16,26.56,1.706196,72.29,82.9,82.6,80.5,75.06,22.03,21.09,21.61,21.88,22.67,0.73,0.43,0.45,0.51,0.69
11/4/2021 7:00,2.915,2.68,8.32,7150,47.1,40,26.37,12.061662,71.87,83,82.4,80.2,74.76,21.97,20.97,21.52,21.82,22.61,0.74,0.42,0.45,0.52,0.69
11/4/2021 7:15,2.984,2.72,8.54,7150,47.1,38.94,25.87,33.594456,71.41,83,82.2,79.83,74.66,21.94,20.89,21.45,21.78,22.56,0.75,0.42,0.46,0.53,0.69
11/4/2021 7:30,3.181,2.95,9.05,7153,47,37.84,25.1,55.291623,70.45,83.5,82.1,79.24,73.59,22.05,20.9,21.58,21.98,23.01,0.78,0.41,0.46,0.55,0.74
11/4/2021 7:45,3.324,3.11,9.43,7153,47.1,37.46,24.29,112.328872,69.79,83.7,80.8,79.21,73.75,22.32,21.1,21.97,22.43,23.66,0.81,0.41,0.51,0.56,0.77
11/4/2021 8:00,3.634,3.52,10.18,7153,47,36.74,23.36,106.575835,69.78,83.7,80.5,78.99,79.11,22.57,21.42,22.36,22.92,24.8,0.83,0.42,0.53,0.59,0.65
11/4/2021 8:15,3.963,3.95,10.98,7152,47,35.88,22.26,122.84871,70.26,84,80.4,79.37,86.4,22.85,21.77,22.78,23.43,27.12,0.83,0.42,0.54,0.59,0.49
11/4/2021 8:30,10.56,4.51,35.75,7151,47,34.9,20.99,258.620375,70.93,84.1,80.1,79.38,81.8,23.04,22.15,23.29,24.02,28.58,0.82,0.42,0.57,0.62,0.71
11/4/2021 8:45,10.638,5.02,35.5,7151,47.1,33.66,19.79,181.694056,71.51,84.3,80,79.43,84.6,23.27,22.49,23.75,24.56,29.89,0.81,0.43,0.59,0.63,0.65
11/4/2021 9:00,11.618,5.5,38.75,7148,47,32.46,18.74,342.285964,72.34,84.8,80,80.3,84,23.51,22.86,24.21,25.19,31.04,0.8,0.42,0.6,0.63,0.72
11/4/2021 9:15,12.022,5.96,39.81,7148,47,31.22,17.86,405.569367,73.21,85.1,80.3,80.9,82.6,23.73,23.19,24.66,25.79,31.88,0.79,0.42,0.61,0.63,0.82
11/4/2021 9:30,12.755,6.31,42.25,7145,47,30.48,17.12,389.460865,73.95,85.5,80.4,81.3,81.5,23.99,23.52,25.1,26.47,32.62,0.78,0.42,0.62,0.65,0.91
11/4/2021 9:45,13.634,6.57,45.35,7142,46.2,29.88,16.54,273.907015,74.88,85.5,80.7,81.9,80.1,24.27,23.87,25.51,27.18,33.45,0.76,0.43,0.63,0.65,1.03
11/4/2021 10:00,14.802,7.24,49.12,7139,45.9,31.39,16.33,259.113492,75.6,85.6,81.1,82.1,79.07,24.53,24.26,25.93,27.94,34.17,0.75,0.44,0.63,0.67,1.12
11/4/2021 10:15,15.998,7.77,53.15,7134,46.7,31.08,16.42,270.619565,72.84,82,79.69,80.8,76.33,23.98,23.86,26.1,28.51,34.85,0.81,0.53,0.69,0.75,1.32
11/4/2021 10:30,16.59,7.83,55.36,7128,46.7,30.74,16.16,287.714303,77.32,84.3,79.99,80.4,74,22.34,22.51,25.32,28.51,35.23,0.61,0.43,0.65,0.76,1.48
11/4/2021 10:45,17.157,7.86,57.51,7124,46.9,30.55,15.97,295.932927,79.94,86.4,81.5,80.6,72.19,21.99,22.23,25.02,28.56,35.41,0.53,0.36,0.59,0.76,1.6
11/4/2021 11:00,17.534,7.86,58.96,7120,46.9,30.31,15.8,312.205802,81,87.1,81.8,80.9,72.48,21.96,22.22,25.04,28.73,35.42,0.5,0.35,0.58,0.75,1.58
11/4/2021 11:15,17.714,7.76,59.76,7116,46.9,30.1,15.78,319.931308,81.6,87.5,81.9,81.3,71.86,22.02,22.22,25.14,28.93,35.25,0.49,0.33,0.58,0.75,1.6
11/4/2021 11:30,17.859,7.75,60.33,7112,46.1,30.1,15.73,346.395276,82,88,82.2,81.2,71.9,22.06,22.24,25.19,29.15,34.85,0.48,0.32,0.57,0.76,1.57
11/4/2021 11:45,18.106,7.72,61.31,7109,46.8,29.93,15.66,369.90054,82.5,88.4,82.6,81.5,70.06,22.18,22.37,25.29,29.39,33.8,0.47,0.31,0.56,0.76,1.57
11/4/2021 12:00,18.347,7.71,62.25,7106,45.2,30,15.66,449.456818,82.8,88.6,82.7,81.4,71.29,22.3,22.42,25.45,29.65,33.01,0.46,0.31,0.56,0.77,1.44
11/4/2021 12:15,18.826,7.7,64.1,7103,46.9,30.05,15.66,706.206624,83.1,88.9,82.8,81.6,71.53,22.43,22.52,25.59,29.93,31.84,0.46,0.3,0.56,0.78,1.34
11/4/2021 12:30,19.049,7.56,65.11,7100,45.8,29.91,15.61,420.527263,83.3,89.2,83,81.7,73.68,22.54,22.68,25.7,30.25,31.25,0.46,0.3,0.56,0.79,1.2
11/4/2021 12:45,18.984,7.45,64.98,7098,46.8,30.15,15.54,612.514313,83.6,89.3,83.2,81.8,74.81,22.67,22.75,25.79,30.51,31.21,0.45,0.3,0.56,0.8,1.15
11/4/2021 13:00,18.815,7.45,64.33,7096,46.9,30.1,15.63,339.32726,83.9,89.6,83.5,82.1,75.6,22.81,22.86,25.86,30.77,31.19,0.45,0.29,0.55,0.79,1.11
11/4/2021 13:15,19.296,7.55,66.07,7097,46.7,30.24,15.66,338.341025,83.9,89.6,83.5,81.9,76.35,22.9,22.92,25.98,30.95,31.19,0.45,0.29,0.55,0.81,1.07
11/4/2021 13:30,19.511,7.51,66.94,7094,46.7,30.12,15.66,922.192056,84,89.8,83.6,81.8,77.1,22.98,22.98,26.07,31.09,31.13,0.45,0.29,0.55,0.82,1.04
11/4/2021 13:45,19.286,7.36,66.24,7093,46.7,30.5,15.75,836.225252,84.1,89.9,83.6,81.8,77.62,23.02,23.05,26.1,31.15,31.04,0.45,0.28,0.55,0.82,1.01
11/4/2021 14:00,19.277,7.51,66.04,7091,46.8,30.24,15.68,330.944264,84.1,89.8,83.8,81.4,78.09,23.07,23.09,26.11,31.24,30.96,0.45,0.29,0.55,0.85,0.98
11/4/2021 14:15,19.547,7.5,67.09,7091,46.6,30.36,15.71,284.426853,84.1,89.8,83.8,81.1,78.19,23.14,23.12,26.16,31.28,30.84,0.45,0.29,0.55,0.86,0.97
11/4/2021 14:30,19.129,7.39,65.6,7090,46.7,30.5,15.8,438.443862,84.1,89.7,83.5,80.4,78.55,23.16,23.19,26.18,31.33,30.74,0.45,0.29,0.56,0.9,0.95
11/4/2021 14:45,19.08,7.57,65.22,7089,46.8,30.34,15.63,220.321588,84.1,89.6,83.5,79.53,78.39,23.15,23.16,26.16,31.31,30.54,0.45,0.3,0.56,0.94,0.95
11/4/2021 15:00,19.28,7.57,65.99,7089,46.8,30.15,15.71,207.336162,84.1,89.8,83.4,79.3,78.77,23.15,23.1,26.15,31.19,30.26,0.45,0.29,0.56,0.94,0.91
11/4/2021 15:15,19.217,7.54,65.78,7089,46.6,30.48,15.71,416.911068,84.1,89.8,83.4,79.74,78.89,23.11,23.08,26.04,30.79,30.05,0.45,0.29,0.56,0.9,0.9
11/4/2021 15:30,18.803,7.61,64.11,7088,46.7,30.48,15.8,223.280293,84.1,89.8,83.9,80.8,78.9,23.08,23.03,25.92,30.3,29.78,0.45,0.29,0.54,0.83,0.88
11/4/2021 15:45,18.947,7.54,64.74,7089,46.7,30.5,15.78,316.643858,84.1,90,83.9,81.6,79.1,23.06,22.96,25.83,29.83,29.45,0.45,0.28,0.54,0.77,0.86
11/4/2021 16:00,18.177,7.62,61.69,7087,46.7,30.29,15.66,391.433334,84,90.1,83.9,82.2,79.12,23.04,22.84,25.71,29.38,29.13,0.45,0.28,0.53,0.73,0.84
11/4/2021 16:15,18.292,7.66,62.09,7088,46.7,30.6,15.75,133.039804,83.9,89.9,83.6,82.3,78.3,22.96,22.82,25.57,28.9,28.95,0.45,0.28,0.54,0.7,0.87
11/4/2021 16:30,17.988,7.7,60.88, ,46.5,30.41,15.71,198.624421,83.6,89.7,83.6,82,77.59,22.87,22.64,25.32,28.43,28.51,0.46,0.28,0.53,0.7,0.87
11/4/2021 16:45,17.409,7.7,58.65,7088,45.6,30.6,15.8,82.413081,83.4,89.7,83.7,81.3,77.71,22.73,22.46,25.05,27.85,27.82,0.46,0.28,0.52,0.7,0.83
11/4/2021 17:00,16.922,7.69,56.79,7088,46.5,30.48,15.95,53.154781,83.1,89.4,83.7,80.4,77.42,22.62,22.29,24.78,27.12,27.04,0.46,0.29,0.51,0.7,0.81
11/4/2021 17:15,15.891,7.11,53.45,7089,46.7,29.93,15.9,24.060853,84.1,90.6,84,80.3,77.92,22.79,22.41,24.72,26.37,26.36,0.44,0.25,0.5,0.68,0.76
11/4/2021 17:30,15.099,7.03,50.49,7090,46.7,30.5,16.16,1.048706,82.8,90.9,84.7,80.6,78.23,23.66,23.16,25.03,26.06,26.18,0.5,0.26,0.49,0.65,0.74
11/4/2021 17:45,14.226,6.94,47.23,7091,46.8,31.17,16.59,-4.211213,79.58,89.3,84.4,80.7,77.84,24.21,23.34,25.01,25.67,25.91,0.62,0.31,0.49,0.64,0.74
11/4/2021 18:00,13.667,6.69,45.35,7092,46.8,31.89,17.14,-4.211213,77.38,88,83.8,80.6,77.53,24.35,23.31,24.82,25.26,25.61,0.69,0.34,0.51,0.62,0.74
11/4/2021 18:15,13.083,6.45,43.36, ,45.4,32.56,17.67,-4.868703,75.84,87.1,83.1,80.3,77.23,24.31,23.16,24.6,25,25.29,0.73,0.37,0.52,0.62,0.73
11/4/2021 18:30,12.498,6.32,41.25,7093,45.1,33.47,18.38,-4.539958,74.71,86.3,82.5,79.87,76.85,24.21,23.01,24.36,24.72,25.02,0.76,0.39,0.53,0.63,0.73
11/4/2021 18:45,12.36,5.93,41.14,7095,46.8,34.16,18.93,-4.70433,73.85,85.4,82.1,79.32,76.34,24.01,22.85,24.1,24.47,24.79,0.78,0.41,0.54,0.63,0.74
11/4/2021 19:00,11.782,5.67,39.2,7095,46.9,34.52,19.41,-4.375585,73.36,84.8,81.8,78.91,76.01,23.85,22.72,23.87,24.26,24.58,0.79,0.42,0.54,0.64,0.74
11/4/2021 19:15,11.289,5.47,37.52,7096,45.4,34.86,19.89,-4.211213,72.69,84.2,81.5,78.58,75.64,23.72,22.58,23.65,24.07,24.39,0.8,0.43,0.54,0.64,0.74
11/4/2021 19:30,10.991,5.26,36.6,7097,46.8,35.24,20.3,-4.539958,72.18,83.7,81.3,78.24,75.26,23.59,22.47,23.47,23.9,24.2,0.81,0.44,0.54,0.65,0.75
11/4/2021 19:45,11.095,5.01,37.27,7098,46.8,35.81,20.73,-4.539958,71.78,83.3,81,77.9,74.9,23.45,22.32,23.3,23.73,24.08,0.81,0.45,0.54,0.65,0.75
11/4/2021 20:00,10.562,4.87,35.37,7099,46.7,36.15,21.06,-4.211213,71.57,83,80.7,77.61,74.63,23.33,22.19,23.15,23.61,23.92,0.81,0.45,0.55,0.65,0.75
11/4/2021 20:15,10.747,4.5,36.48,7101,47.2,35.76,21.4,-4.211213,74.92,84.7,81.4,78.88,76.06,23.32,22.33,23.06,23.48,23.87,0.72,0.41,0.52,0.61,0.71
11/4/2021 20:30,10.314,4.33,35,7102,46.9,35.91,21.68,-4.211213,76.36,84.1,83.3,81.5,77.53,23.49,22.93,23.25,23.49,24.11,0.68,0.44,0.48,0.54,0.67
11/4/2021 20:45,10.724,4.16,36.76,7105,46.7,35.96,21.87,-3.882468,75.52,81.3,82.6,80.8,76.35,23.69,23.59,23.53,23.75,24.42,0.72,0.54,0.5,0.56,0.72
11/4/2021 21:00,10.607,4.04,36.44,7105,46.8,36.39,22.3,-4.211213,75.37,80,81.8,79.87,75.56,23.74,23.92,23.75,23.98,24.64,0.72,0.59,0.53,0.6,0.76
11/4/2021 21:15,4.1,3.92,11.54,7108,46.7,36.6,22.4,-4.375585,75.32,79.49,81.4,79.44,75.14,23.8,24.09,23.86,24.11,24.78,0.73,0.62,0.55,0.62,0.78
11/4/2021 21:30,3.988,3.79,11.25,7110,46.8,36.79,22.66,-4.868703,75.12,78.85,81.3,79.1,74.84,23.86,24.27,23.91,24.2,24.86,0.74,0.64,0.55,0.63,0.79
11/4/2021 21:45,3.949,3.79,11.1,7111,46.8,36.91,22.81,-4.70433,75.13,78.34,81.2,78.78,74.64,23.86,24.39,23.95,24.28,24.93,0.74,0.66,0.56,0.64,0.8
11/4/2021 22:00,3.896,3.72,10.97,7113,45.3,36.94,22.95,-4.375585,75.48,78.05,81.1,78.6,74.47,23.78,24.47,23.99,24.32,24.97,0.72,0.67,0.56,0.65,0.81
11/4/2021 22:15,3.819,3.64,10.76,7115,46.8,37.17,23.21,-4.868703,75.25,77.92,81,78.42,74.51,23.87,24.53,24.01,24.38,24.99,0.73,0.68,0.57,0.66,0.81
11/4/2021 22:30,3.786,3.55,10.73,7117,45.3,37.25,23.4,-4.70433,75.71,77.97,81.1,78.53,74.55,23.81,24.55,24.01,24.39,25,0.72,0.68,0.56,0.66,0.81
11/4/2021 22:45,3.747,3.54,10.59,7119,46.8,37.2,23.45,-4.539958,76.51,77.69,81.2,78.61,74.61,23.65,24.68,24.04,24.42,25.04,0.69,0.69,0.56,0.65,0.81
11/4/2021 23:00,3.563,2.95,10.52,7122,45.4,37.46,23.52,-4.70433,76.62,77.48,81.2,78.6,74.51,23.66,24.74,24.06,24.44,25.08,0.68,0.7,0.56,0.66,0.81
11/4/2021 23:15,3.658,3.42,10.38,7124,45.6,37.58,23.76,-4.375585,76.86,77.52,81.2,78.55,74.42,23.59,24.75,24.08,24.46,25.1,0.67,0.7,0.56,0.66,0.82
11/4/2021 23:30,3.646,3.43,10.32,7126,46.9,37.65,23.93,-4.211213,77.18,77.53,81.2,78.64,74.55,23.56,24.76,24.09,24.46,25.09,0.66,0.7,0.56,0.66,0.81
11/4/2021 23:45,3.598,3.39,10.18,7127,45.5,37.58,23.88,-4.539958,77.4,77.24,81.2,78.7,74.57,23.51,24.85,24.09,24.44,25.11,0.65,0.71,0.56,0.65,0.81
11/5/2021 0:00,3.528,3.3,10.01,7129,47,37.72,24.07,-4.211213,77.29,77.25,81.1,78.66,74.51,23.55,24.87,24.11,24.45,25.11,0.66,0.72,0.57,0.65,0.81
11/5/2021 0:15,3.53,3.36,9.95,7132,46.9,37.82,24.17,-4.375585,77.24,77.18,81,78.65,74.56,23.54,24.86,24.11,24.45,25.1,0.66,0.72,0.57,0.65,0.81
11/5/2021 0:30,3.507,3.37,9.85,7133,45.9,37.82,24.34,-4.539958,77.27,77.21,81.1,78.72,74.56,23.52,24.85,24.08,24.44,25.1,0.66,0.72,0.57,0.65,0.81
11/5/2021 0:45,3.478,3.27,9.85,7134,46.9,38.01,24.36,-5.033075,77.29,77.09,81.2,78.7,74.51,23.53,24.87,24.08,24.42,25.1,0.66,0.72,0.56,0.65,0.81
11/5/2021 1:00,3.442,3.27,9.71,7136,47,37.94,24.5,-4.375585,77.6,76.83,80.9,78.75,74.43,23.44,24.93,24.12,24.39,25.1,0.65,0.73,0.57,0.65,0.81
11/5/2021 1:15,3.422,3.19,9.72,7138,46.9,38.2,24.55,-4.211213,77.68,76.83,80.9,78.69,74.33,23.42,24.91,24.12,24.39,25.1,0.64,0.73,0.57,0.65,0.82
11/5/2021 1:30,3.429,3.28,9.65,7140,45.5,38.08,24.65,-4.539958,77.38,76.77,80.9,78.73,74.44,23.43,24.89,24.11,24.37,25.06,0.65,0.73,0.57,0.65,0.81
11/5/2021 1:45,3.392,3.24,9.55,7142,47,38.18,24.7,-4.211213,77.63,76.69,80.7,78.65,74.42,23.34,24.9,24.1,24.36,25.04,0.64,0.73,0.58,0.65,0.81
11/5/2021 2:00,3.367,3.15,9.55,7144,45.7,38.27,24.77,-4.375585,77.74,76.68,80.6,78.55,74.25,23.34,24.9,24.11,24.38,25.07,0.64,0.73,0.58,0.65,0.82
11/5/2021 2:15,3.344,3.19,9.42,7145,47.1,38.44,24.86,-4.70433,77.76,76.43,80.8,78.54,74.31,23.34,24.96,24.06,24.37,25.06,0.64,0.74,0.57,0.65,0.82
11/5/2021 2:30,3.325,3.16,9.38,7147,46.8,38.42,24.81,-4.375585,77.47,76.33,80.8,78.67,74.32,23.38,24.98,24.05,24.33,25.05,0.65,0.75,0.57,0.65,0.82
11/5/2021 2:45,3.275,3.13,9.22,7149,47,38.58,24.91,-4.70433,77.21,76.36,80.8,78.76,74.36,23.45,24.96,24.08,24.31,25.03,0.66,0.75,0.58,0.65,0.81
11/5/2021 3:00,3.27,3.11,9.22,7150,45.8,38.47,24.96,-4.04684,77.34,76.36,80.9,78.76,74.33,23.4,24.97,24.04,24.31,25.04,0.65,0.75,0.57,0.65,0.82
11/5/2021 3:15,3.237,3.03,9.18,7152,46.1,38.58,25.01,-4.375585,77.83,76.38,80.8,78.76,74.2,23.29,24.99,24.07,24.32,25.07,0.63,0.75,0.58,0.65,0.82
11/5/2021 3:30,3.248,3.07,9.18,7154,47,38.58,25.03,-4.868703,78.13,76.4,80.8,78.97,74.38,23.24,24.97,24.1,24.29,25.06,0.62,0.75,0.58,0.64,0.81
11/5/2021 3:45,3.23,3.06,9.12,7156,47,38.47,25.13,-4.375585,77.98,76.33,80.8,79.01,74.41,23.31,25.01,24.08,24.29,25.05,0.63,0.75,0.58,0.64,0.81
11/5/2021 4:00,3.275,3.25,9.09,7159,47,38.63,25.13,-4.70433,78.25,76.25,80.9,78.93,74.38,23.23,25.04,24.07,24.31,25.06,0.62,0.75,0.57,0.64,0.81
11/5/2021 4:15,3.291,3.12,9.29,7160,47,38.9,25.1,-4.868703,77.73,75.81,80.7,78.64,74,23.23,24.9,24.06,24.3,25.05,0.63,0.76,0.58,0.65,0.83
11/5/2021 4:30,3.337,3.22,9.36,7163,47,39.21,25.13,-4.868703,73.09,79.13,79.47,76.84,72.9,23.47,23.39,23.79,24.12,24.65,0.78,0.6,0.6,0.7,0.84
11/5/2021 4:45,3.289,3.14,9.26,7165,47,39.23,25.27,-4.70433,71.55,80.8,79.35,76.44,73.11,23.4,22.64,23.36,23.74,24.17,0.82,0.53,0.59,0.69,0.81
11/5/2021 5:00,3.342,3.2,9.4,7166,47,39.16,25.22,-4.375585,71.17,81.1,79.66,76.75,73.43,23.25,22.4,23.04,23.42,23.85,0.82,0.51,0.57,0.67,0.79
11/5/2021 5:15,3.289,3.14,9.26,7167,47,39.33,25.34,-5.033075,70.98,80.9,79.95,77.15,73.49,23.19,22.33,22.83,23.2,23.72,0.82,0.52,0.56,0.65,0.78
11/5/2021 5:30,3.322,3.13,9.4,7168,45.9,39.61,25.22,-3.882468,70.98,81.1,80,77.36,73.55,23.09,22.2,22.72,23.07,23.63,0.82,0.51,0.55,0.64,0.77
11/5/2021 5:45,3.358,3.22,9.44,7168,47.1,39.45,25.46,-4.375585,70.79,80.9,78.49,76.65,73.04,22.51,21.64,22.58,22.85,23.28,0.8,0.49,0.59,0.65,0.77
11/5/2021 6:00,3.231,2.99,9.2,7169,47,40.21,25.65,-4.211213,75.13,83.8,79.76,77.83,74.84,21.53,20.96,22.04,22.4,22.76,0.64,0.4,0.54,0.6,0.7
11/5/2021 6:15,3.268,3.15,9.17,7171,45.9,39.3,25.79,-4.539958,77.05,85.1,82.6,79.17,75.88,21.02,20.59,21.32,22.04,22.44,0.57,0.36,0.44,0.55,0.66
11/5/2021 6:30,3.148,3,8.87,7171,45.5,39.47,25.75,-4.539958,77.38,85.4,83.5,79.65,76.11,20.91,20.45,21.01,21.8,22.29,0.56,0.35,0.41,0.53,0.64
11/5/2021 6:45,3.104,2.9,8.81,7172,45.7,39.88,26.13,0.391216,80,86.9,84.4,80.9,78.09,20.64,20.36,21.04,21.72,22.09,0.49,0.31,0.39,0.5,0.58
11/5/2021 7:00,3.089,2.91,8.74,7174,46.2,39.33,25.99,11.89729,79.34,84.7,83.7,81.6,77.98,20.92,20.85,21.32,21.55,22.1,0.51,0.38,0.41,0.47,0.59
11/5/2021 7:15,3.209,3.07,9.03,7176,45.8,38.08,25.46,32.608222,73.71,82.2,82.7,80.4,75.93,22.05,21.39,21.57,21.85,22.58,0.7,0.45,0.45,0.51,0.66
11/5/2021 7:30,3.379,3.24,9.5,7177,47.1,37.25,24.48,52.497291,71.8,82.7,81.8,79.31,74.21,22.44,21.46,21.93,22.25,23.2,0.77,0.44,0.48,0.56,0.73
11/5/2021 7:45,3.605,3.49,10.1,7177,45.4,37.32,24.07,91.782313,70.67,83.3,80.7,78.86,74.42,22.79,21.63,22.47,22.82,23.96,0.81,0.43,0.53,0.59,0.76
11/5/2021 8:00,3.872,3.84,10.75, ,45.9,37.05,23.24,102.302151,71.54,83.7,79.72,78.86,80.1,22.68,21.64,22.83,23.2,25.11,0.78,0.42,0.56,0.6,0.63
11/5/2021 8:15,4.198,4.23,11.58,7176,47,36.05,22.07,119.725633,74.07,84.9,80,80.2,82.1,22.28,21.59,23.04,23.28,26.48,0.7,0.39,0.56,0.57,0.62
11/5/2021 8:30,10.271,4.77,34.36,7176,47,34.97,20.87,275.715112,75.92,85.7,80.5,81.1,84.1,22.09,21.68,23.28,23.53,28.03,0.64,0.37,0.56,0.55,0.6
11/5/2021 8:45,10.949,5.24,36.46,7175,45.9,33.8,19.84,184.488388,77.22,86.2,80.7,81.9,85.6,22.07,21.83,23.57,23.89,29.71,0.6,0.36,0.56,0.54,0.6
11/5/2021 9:00,11.53,5.79,38.1,7172,47,32.61,18.62,320.424425,78.2,86.3,80.9,82.9,83.4,22.16,22.09,23.81,24.38,30.87,0.58,0.36,0.56,0.52,0.74
11/5/2021 9:15,12.733,6.12,42.37,7169,47,31.32,17.71,394.063294,79.08,86.5,81.4,84.3,81.3,22.34,22.35,24.06,25.02,31.9,0.56,0.36,0.56,0.5,0.88
11/5/2021 9:30,13.421,6.47,44.64,7167,,30.58,16.97,284.591226,79.68,86.8,82,84.3,79.29,22.55,22.62,24.43,25.74,32.68,0.56,0.36,0.55,0.52,1.02
11/5/2021 9:45, , , ,7164,,  ,  ,266.838998,80.2,87,82.1,84,77.81,22.78,22.86,24.79,26.41,33.3,0.55,0.36,0.56,0.55,1.14
12/3/2021 14:30,18.547,9.25,61.02,4099,48.5,31.53,18.96,399.487586,83,89.4,87,84.2,81.3,22.65,22.29,24.48,28.54,28.17,0.47,0.29,0.4,0.62,0.71
12/3/2021 14:45,18.922,9.22,62.49,4094,48.5,31.82,18.86,195.994462,83,89.4,86.8,84.5,81.6,22.58,22.19,24.45,28.38,27.98,0.47,0.28,0.4,0.6,0.69
12/3/2021 15:00,18.625,9.26,61.31,4087,48.6,31.7,18.84,174.790412,83,89.5,86.7,84.5,81.6,22.48,22.09,24.41,28.18,27.78,0.46,0.28,0.41,0.59,0.69
12/3/2021 15:15,18.537,9.3,60.93,4084,48.2,31.63,18.72,167.722396,83,89.5,86.7,84.3,81.6,22.44,22.03,24.29,27.92,27.53,0.46,0.28,0.4,0.59,0.68
12/3/2021 15:30,18.457,9.21,60.72,4081,48.3,31.65,18.84,148.655189,82.8,89.5,86.8,84.6,81.7,22.38,21.94,24.13,27.52,27.26,0.47,0.28,0.4,0.57,0.66
12/3/2021 15:45,18.256,9.21,59.95,4079,48.2,31.84,18.74,228.047094,82.7,89.4,87,84.8,81.6,22.33,21.86,23.95,27.2,27,0.47,0.28,0.39,0.55,0.66
12/3/2021 16:00,17.989,9.2,58.94,4077,48.5,31.94,18.79,138.628468,82.4,89.2,86.8,84.9,81.2,22.21,21.73,23.74,26.84,26.72,0.47,0.28,0.39,0.53,0.66
12/3/2021 16:15,17.571,9.07,57.48,4077,48.5,31.75,18.6,142.573407,82.4,89.2,86.9,84.9,80.9,22.11,21.61,23.42,26.48,26.33,0.47,0.28,0.38,0.52,0.65
12/3/2021 16:30,17.051,9.03,55.53,4075,48.3,32.27,18.67,69.920773,82.3,89.2,86.8,84.1,80.6,22.02,21.51,23.07,26.02,25.87,0.47,0.28,0.37,0.54,0.65
12/3/2021 16:45,16.168,8.91,52.28,4076,48.5,32.46,18.74,44.936157,81.9,89,87.1,83.7,80.7,21.89,21.38,22.83,25.41,25.24,0.48,0.28,0.36,0.53,0.62
12/3/2021 17:00,15.389,8.87,49.34,4076,48.5,32.75,18.91,20.937776,81.4,88.7,86.5,83.4,80.7,21.73,21.16,22.67,24.64,24.54,0.48,0.28,0.37,0.51,0.59
12/3/2021 17:15,14.502,8.41,46.44,4075,48.2,33.33,19.13,1.870569,81.1,89.3,87.1,83.5,81.1,21.59,21.08,22.68,23.91,23.92,0.49,0.27,0.36,0.49,0.56
12/3/2021 17:30,13.557,7.98,43.29,4077,48.2,34.28,19.63,-3.224978,80.2,89.9,87.1,84.2,81.5,21.58,21.11,22.77,23.29,23.47,0.51,0.25,0.36,0.45,0.53
12/3/2021 17:45,12.498,7.4,39.86,4079,48.2,34.71,20.01,-4.868703,79.18,89.3,86,84.5,81.4,21.58,20.86,22.48,22.74,22.97,0.54,0.26,0.38,0.43,0.52
12/3/2021 18:00,12.235,7.08,39.2,4082,48.5,35.48,20.42,-3.882468,79.34,82.2,84.3,83.2,79.61,21.92,21.95,22.31,22.45,22.88,0.54,0.47,0.42,0.46,0.57
12/3/2021 18:15,11.448,6.5,36.81,4085,48.5,36.1,21.09,-4.211213,78.84,81.5,84,83.2,79.36,22.22,22.91,22.51,22.57,23.07,0.57,0.52,0.44,0.46,0.58
12/3/2021 18:30,11.067,6.18,35.7,4088,48.5,36.72,21.8,-5.36182,81.3,82.8,83.4,84.2,80.3,21.88,22.76,23,22.71,23.21,0.49,0.48,0.47,0.44,0.56
12/3/2021 18:45,10.545,5.92,33.98,4092,48.3,37.13,22.28,-4.211213,82.5,85.7,79.15,82.1,78.73,21.53,21.92,23.88,23.15,23.55,0.45,0.38,0.62,0.51,0.62
12/3/2021 19:00,10.5,5.65,34.1,4094,48.6,37.65,22.81,-4.868703,83.2,87.2,78.52,79.27,76.47,21.4,21.57,23.97,23.66,24,0.43,0.33,0.64,0.61,0.7
12/3/2021 19:15,4.435,5.42,11.13,4097,48.5,38.27,23.21,-4.04684,83.2,87.1,78.22,78.06,75.08,21.38,21.54,23.98,23.88,24.25,0.43,0.33,0.65,0.65,0.75
12/3/2021 19:30,4.329,5.23,10.93,4100,48.7,38.63,23.62,-4.868703,83.1,87,78.09,77.37,74.28,21.42,21.56,23.98,23.97,24.37,0.43,0.33,0.65,0.67,0.78
12/3/2021 19:45,4.168,5,10.56,4103,48.5,39.23,24.05,-4.539958,82.7,86.5,77.79,77.13,73.82,21.45,21.6,23.99,23.97,24.42,0.44,0.35,0.66,0.68,0.8
12/3/2021 20:00,4.061,4.9,10.26,4107,48.5,39.37,24.41,-4.539958,82.6,86.4,77.65,76.87,73.63,21.43,21.61,24,23.99,24.43,0.44,0.35,0.67,0.69,0.81
12/3/2021 20:15,3.969,4.75,10.07,4109,48.8,39.73,24.74,-4.211213,82.6,86.3,77.3,76.42,73.23,21.44,21.58,24.01,24.05,24.47,0.44,0.35,0.68,0.71,0.82
12/3/2021 20:30,3.935,4.75,9.94,4110,48.7,40.09,25.13,-4.375585,82.5,86.3,77.2,76.1,72.97,21.42,21.55,23.98,24.06,24.48,0.45,0.35,0.68,0.72,0.83
12/3/2021 20:45,3.819,4.57,9.69,4113,48.6,40.43,25.36,-4.868703,82.5,86.2,77.2,75.74,72.78,21.4,21.54,23.96,24.12,24.5,0.45,0.35,0.68,0.73,0.84
12/3/2021 21:00,3.777,4.55,9.55,4115,48.6,40.43,25.58,-4.539958,82.5,86.1,76.9,75.62,72.65,21.38,21.57,24.04,24.13,24.52,0.45,0.36,0.69,0.73,0.84
12/3/2021 21:15,3.693,4.41,9.38,4118,48.7,40.57,25.79,-4.04684,82.4,86,77.14,75.58,72.51,21.39,21.58,23.95,24.12,24.54,0.45,0.36,0.68,0.73,0.85
12/3/2021 21:30,3.651,4.4,9.23,4121,48.6,40.52,25.96,-4.211213,82.5,86.3,77.28,74.11,72.11,21.43,21.54,23.96,24.56,24.69,0.45,0.35,0.68,0.8,0.87
12/3/2021 21:45,3.646,4.38,9.23,4122,48.7,40.74,25.82,-4.868703,82,86.3,76.63,72.09,70.66,21.63,21.63,24.18,25.07,25.12,0.47,0.35,0.7,0.89,0.94
12/3/2021 22:00,3.618,4.32,9.19,4123,48.7,40.66,25.79,-4.375585,81.4,85.6,75.84,71.5,69.56,21.8,21.84,24.42,25.23,25.42,0.49,0.38,0.74,0.92,0.99
12/3/2021 22:15,3.609,4.38,9.09,4125,48.8,40.52,26.06,-5.033075,80.9,85.1,75.75,71.02,68.87,21.95,22,24.5,25.4,25.66,0.5,0.39,0.75,0.94,1.03
12/3/2021 22:30,3.591,4.28,9.13,4127,48.5,40.5,25.91,-4.375585,80.5,84.7,75.36,70.69,68.29,22.07,22.16,24.64,25.54,25.85,0.52,0.41,0.76,0.96,1.06
12/3/2021 22:45,3.568,4.3,9.02,4128,48.6,40.71,26.18,-4.868703,80.2,84.4,74.95,70.87,68.03,22.17,22.26,24.77,25.5,25.94,0.53,0.42,0.78,0.95,1.07
12/3/2021 23:00,3.538,4.22,8.99,4130,48.8,41.19,26.34,-4.211213,80.4,84.3,75.49,73.03,69.37,22,22.19,24.56,24.91,25.47,0.52,0.42,0.76,0.85,1
12/3/2021 23:15,3.463,4.15,8.78,4131,48.5,41.53,26.7,-4.375585,80.9,84.7,76.07,73.97,70.46,21.84,22.02,24.35,24.6,25.16,0.5,0.41,0.73,0.81,0.94
12/3/2021 23:30,3.439,4.13,8.71,4133,48.5,41.48,26.8,-4.539958,81.3,85.1,76.49,74.06,71.02,21.7,21.88,24.18,24.54,24.98,0.49,0.39,0.71,0.8,0.92
12/3/2021 23:45,3.372,4.01,8.58,4134,48.9,41.76,26.92,-4.539958,81.5,85.3,77,74.11,71.25,21.58,21.78,23.99,24.46,24.86,0.48,0.38,0.69,0.79,0.9
12/4/2021 0:00,3.338,4.01,8.45,4135,48.9,41.79,27.01,-4.539958,81.5,85.5,77.2,74.07,71.33,21.53,21.67,23.9,24.43,24.78,0.48,0.38,0.68,0.79,0.9
12/4/2021 0:15,3.3,3.94,8.38,4137,48.5,41.81,27.3,-4.211213,81.6,85.7,76.9,74.04,71.3,21.46,21.6,23.94,24.38,24.75,0.47,0.37,0.69,0.79,0.9
12/4/2021 0:30,3.214,3.82,8.18, ,48.8,42.22,27.37,-4.70433,81.8,85.7,76.78,74.19,71.26,21.41,21.55,23.91,24.28,24.72,0.46,0.37,0.69,0.78,0.9
12/4/2021 0:45,3.222,3.85,8.18,4139,48.8,41.86,27.16,-4.375585,81.9,85.8,77.03,73.2,71.14,21.44,21.52,23.87,24.57,24.76,0.46,0.36,0.68,0.83,0.9
12/4/2021 1:00,3.181,3.76,8.12,4140,49,41.76,27.16,-4.211213,81.7,85.7,76.18,71.81,70.02,21.55,21.63,24.13,24.97,25.11,0.47,0.37,0.72,0.89,0.96
12/4/2021 1:15,3.22,3.87,8.15,4142,48.7,41.76,27.16,-4.70433,81.3,85.2,75.84,71.27,68.92,21.72,21.83,24.29,25.18,25.46,0.49,0.39,0.73,0.92,1.01
12/4/2021 1:30,3.262,3.87,8.31,4142,48.9,41.64,27.01,-4.539958,80.9,84.6,75.25,70.65,68.34,21.86,22.03,24.51,25.38,25.69,0.5,0.41,0.76,0.95,1.04
12/4/2021 1:45,3.263,3.96,8.22,4144,48.7,41.43,26.85,-4.539958,80.6,84.3,74.83,70.28,67.92,22,22.18,24.7,25.55,25.85,0.51,0.42,0.78,0.97,1.07
12/4/2021 2:00,3.25,3.92,8.21,4145,48.8,41.93,27.09,-4.211213,80.2,83.9,74.86,72.04,68.21,22.04,22.23,24.63,25.01,25.68,0.52,0.43,0.78,0.89,1.05
12/4/2021 2:15,3.187,3.82,8.08,4146,49,42.19,27.35,-4.211213,80.4,84.2,75.85,73.86,69.97,21.82,22.05,24.29,24.49,25.14,0.51,0.42,0.73,0.8,0.96
12/4/2021 2:30,3.161,3.79,8.01,4147,48.9,42.36,27.49,-4.539958,80.9,84.7,76.55,74.38,70.92,21.6,21.83,24,24.29,24.84,0.49,0.4,0.7,0.78,0.91
12/4/2021 2:45,3.127,3.79,7.88,4148,49,42.43,27.56,-4.539958,81.2,85.1,76.79,73.82,70.97,21.51,21.65,23.89,24.35,24.74,0.48,0.39,0.69,0.8,0.91
12/4/2021 3:00,3.128,3.73,7.95,4149,48.9,42.7,27.78,-4.211213,81.3,85.3,76.62,73.42,70.63,21.43,21.59,23.9,24.42,24.81,0.48,0.38,0.69,0.81,0.92
12/4/2021 3:15,3.11,3.72,7.89,4150,48.9,42.58,27.83,-4.70433,81.4,85.2,76.42,73.35,70.46,21.34,21.54,23.89,24.38,24.79,0.47,0.38,0.7,0.81,0.92
12/4/2021 3:30,3.111,3.77,7.84,4151,49,42.6,27.59,-4.868703,81.2,85.2,76.8,73.31,70.31,21.31,21.48,23.74,24.34,24.79,0.48,0.38,0.68,0.81,0.93
12/4/2021 3:45,3.088,3.71,7.82,4152,48.9,42.46,27.83,-4.375585,81.2,85.2,76.6,73.17,70.21,21.28,21.44,23.73,24.28,24.75,0.48,0.38,0.69,0.81,0.93
12/4/2021 4:00,3.081,3.71,7.79,4153,48.7,42.6,27.73,-4.375585,81.2,85.2,76.61,73.2,70.2,21.21,21.4,23.68,24.25,24.7,0.47,0.38,0.68,0.81,0.93
12/4/2021 4:15,3.072,3.68,7.79,4154,49,42.58,27.87,-4.539958,81.4,85.3,76.79,73.27,70.25,21.15,21.36,23.62,24.21,24.68,0.47,0.37,0.68,0.81,0.92
12/4/2021 4:30,3.064,3.68,7.76,4155,48.8,42.6,27.87,-4.70433,81.3,85.3,76.66,73.3,70.2,21.16,21.35,23.64,24.2,24.68,0.47,0.37,0.68,0.81,0.93
12/4/2021 4:45,3.043,3.64,7.72,4156,49,42.67,27.92,-4.868703,81.4,85.3,76.66,73.14,70.09,21.12,21.3,23.63,24.22,24.69,0.47,0.37,0.68,0.81,0.93
12/4/2021 5:00,3.057,3.7,7.71,4159,48.8,42.62,27.95,-4.375585,81.4,85.2,76.8,73.04,70.05,21.04,21.28,23.54,24.2,24.66,0.46,0.37,0.67,0.81,0.93
12/4/2021 5:15,3.07,3.71,7.75,4159,49.1,42.55,27.97,-4.70433,81.4,85.2,76.76,72.94,70.01,21.03,21.28,23.53,24.21,24.66,0.46,0.37,0.67,0.82,0.93
12/4/2021 5:30,3.04,3.63,7.72,4160,49.1,42.65,27.9,-4.70433,81.4,85.3,76.66,72.85,69.99,21.03,21.26,23.56,24.22,24.66,0.46,0.37,0.68,0.82,0.93
12/4/2021 5:45,3.066,3.63,7.82,4160,49.1,42.67,27.83,-4.539958,81.5,85.3,76.8,72.89,69.93,21.04,21.24,23.55,24.2,24.67,0.46,0.37,0.67,0.82,0.93
12/4/2021 6:00,3.061,3.64,7.79,4161,48.9,42.62,27.78,-4.539958,81.5,85.4,76.74,72.86,69.88,21.01,21.25,23.55,24.23,24.7,0.46,0.37,0.68,0.82,0.94
12/4/2021 6:15,3.061,3.64,7.79,4161,49.1,42.62,27.71,-4.868703,81.6,85.4,76.51,72.86,69.94,21.02,21.25,23.62,24.23,24.69,0.46,0.37,0.69,0.82,0.93
12/4/2021 6:30,3.091,3.72,7.82,4162,49.1,42.65,27.87,-4.211213,81.5,85.4,76.56,72.87,69.78,21.05,21.23,23.59,24.21,24.71,0.46,0.37,0.68,0.82,0.94
12/4/2021 6:45,3.076,3.72,7.76,4162,48.9,42.43,27.73,-4.868703,81.3,85.2,76.36,72.72,69.63,21.02,21.25,23.61,24.19,24.72,0.47,0.37,0.69,0.82,0.95
12/4/2021 7:00,3.094,3.74,7.81,4163,48.9,42.43,27.73,-4.04684,81.3,85.2,76.29,72.76,69.62,21.04,21.24,23.59,24.17,24.7,0.47,0.37,0.69,0.82,0.95
12/4/2021 7:15,3.284,3.95,8.31,4163,48.7,42.6,27.3,1.541824,77.48,81.9,75.04,71.83,68.32,21.59,21.64,23.59,24.06,24.61,0.58,0.47,0.73,0.84,0.98
12/4/2021 7:30,3.465,4.25,8.68,4163,49,42.55,27.04,10.417937,67.1,78.79,72.48,70.52,67.26,23.02,21.75,23.56,23.73,24.14,0.93,0.55,0.8,0.87,0.99
12/4/2021 7:45,3.618,4.41,9.09,4163,48.9,41.6,26.3,43.456805,64.36,78.81,71.13,69.82,66.9,23.09,21.33,23.44,23.42,23.76,1.01,0.54,0.83,0.87,0.97
12/4/2021 8:00,3.892,4.81,9.71,4163,48.8,39.8,25.05,75.345065,63.63,79.15,70.62,69.48,66.16,22.91,21.13,23.37,23.31,23.78,1.02,0.52,0.84,0.87,1
12/4/2021 8:15,4.259,5.37,10.51,4162,49,38.92,23.88,94.90539,63.44,78.88,70.76,69.64,65.26,22.87,21.29,23.54,23.46,24.14,1.02,0.53,0.85,0.88,1.05
12/4/2021 8:30,4.494,5.73,11.02,4161,48.8,40.31,24.07,95.727252,64.41,76.91,70.22,70,74.5,22.58,21.45,23.6,23.82,24.85,0.97,0.59,0.87,0.89,0.8
12/4/2021 8:45,4.741,6.08,11.59, ,48.9,39.54,23.55,115.945066,69.37,78,75,70.66,80.1,21.32,20.8,22.33,23.69,26,0.78,0.54,0.67,0.86,0.67
12/4/2021 9:00,10.898,6.57,34.63,4155,48.8,38.3,22.62,125.643042,72.38,80.2,78.2,74.23,80.9,20.71,20.41,21.74,23.28,26.81,0.67,0.47,0.57,0.74,0.67
12/4/2021 9:15,11.764,7,37.48,4152,48.9,36.65,21.68,148.983934,73.81,81.4,79.67,79.08,82.2,20.56,20.31,21.69,23.09,27.69,0.63,0.44,0.53,0.59,0.66
12/4/2021 9:30,12.233,7.48,38.76,4149,48.9,35.64,20.82,171.174218,74.83,82.2,80.6,80.9,81.3,20.51,20.37,21.79,23.42,28.41,0.61,0.43,0.51,0.55,0.72
12/4/2021 9:45,12.737,7.85,40.29,4146,48.8,34.33,20.08,202.076243,75.72,82.8,81.4,81.7,80.9,20.57,20.49,21.92,23.85,29.15,0.59,0.41,0.49,0.54,0.77
12/4/2021 10:00,13.717,8.1,43.77,4141,48.8,33.23,19.36,196.980697,76.48,83.4,82.1,82.3,78.71,20.63,20.63,22.11,24.32,29.93,0.57,0.4,0.48,0.54,0.9
12/4/2021 10:15,14.388,8.24,46.19,4138,48.7,32.32,18.98,272.26329,77.32,83.8,82.7,82.7,76.8,20.75,20.71,22.28,24.81,30.67,0.56,0.4,0.47,0.54,1.02
12/4/2021 10:30,14.883,8.41,47.9,4133,48.8,31.65,18.62,481.016333,78.01,84.7,83.4,82.9,76.11,20.86,20.83,22.48,25.31,31.02,0.54,0.38,0.45,0.55,1.07
12/4/2021 10:45,16.012,8.55,52.07,4128,48.9,31.39,18.48,226.896487,78.59,85.3,83.9,82.9,74.88,21.03,20.93,22.65,25.77,31.16,0.53,0.36,0.44,0.57,1.14
12/4/2021 11:00,16.54,8.73,53.9,4123,48.7,31.01,18.46,267.989606,79.15,86,84.3,83,76.03,21.18,21.03,22.83,26.21,31.29,0.52,0.35,0.44,0.58,1.09
12/4/2021 11:15,17.178,8.74,56.33,4117,48.9,31.03,18.46,284.919971,79.73,86.4,84.8,83,72.6,21.32,21.14,23,26.58,31.17,0.51,0.34,0.43,0.59,1.24
12/4/2021 11:30,17.059,8.82,55.79,4111,49,31.25,18.46,364.311876,80.2,86.9,85.2,82.8,71.26,21.46,21.25,23.13,26.92,30.45,0.51,0.33,0.42,0.61,1.25
12/4/2021 11:45,17.547,9.01,57.45,4106,49,31.25,18.5,295.604182,80.4,87.2,85.5,82.5,71.85,21.6,21.36,23.2,27.08,29.47,0.51,0.33,0.41,0.63,1.16
12/4/2021 12:00,17.453,9.03,57.07,4100,48.8,31.13,18.38,653.936177,80.8,87.5,86.1,83.2,71.86,21.66,21.45,23.34,27.26,29.14,0.5,0.32,0.4,0.61,1.14
12/4/2021 12:15,17.857,9.11,58.53,4094,48.6,31.15,18.5,602.487592,81.1,87.7,86.2,83.1,73.38,21.74,21.5,23.45,27.46,28.75,0.49,0.32,0.4,0.62,1.05
12/4/2021 12:30,18.067,9.04,59.41,4089,48.8,31.6,18.58,326.177462,81.4,88.3,86.2,83.1,75.07,21.81,21.52,23.52,27.56,28.31,0.49,0.3,0.4,0.62,0.96
12/4/2021 12:45,18.034,9.2,59.11,4082,48.8,31.65,18.5,325.191227,81.5,88.3,86.3,83.1,77.13,21.87,21.52,23.55,27.51,27.96,0.49,0.3,0.4,0.62,0.86
12/4/2021 13:00,18.138,9.43,59.26,4077,48.8,31.94,18.5,320.260053,80.4,87.6,83.5,82.3,89.4,21.84,21.31,23.37,27.63,30.34,0.51,0.31,0.47,0.65,0.46
12/4/2021 13:15,17.27,9.41,55.96,4074,48.7,32.42,18.6,162.133732,79.95,87.4,82.9,86.8,90,21.63,21.04,23.09,27.83,33.55,0.52,0.31,0.48,0.49,0.52
12/4/2021 13:30,17.659,9.28,57.59,4071,48.8,32.03,18.6,554.162085,80,87.6,83.5,91.1,87.7,21.44,20.86,22.85,28.27,33.99,0.51,0.31,0.46,0.34,0.65
12/4/2021 13:45,16.963,8.95,55.28,4068,48.8,31.82,18.41,186.625231,82.3,89.2,88.1,88.3,77.13,21.56,21.22,23.3,28.6,29.88,0.46,0.27,0.34,0.46,0.96
12/4/2021 14:00,17.32,9.06,56.53,4066,48.6,31.56,18.29,262.894059,82.8,89.4,87.9,83.8,79.3,21.74,21.47,23.56,28.16,28.05,0.45,0.27,0.35,0.62,0.78
12/4/2021 14:15,17.047,9.23,55.3,4064,49,32.01,18.38,251.881103,82.4,89.1,87.5,84.4,81,21.8,21.54,23.6,27.43,27.17,0.46,0.28,0.36,0.57,0.68
12/4/2021 14:30,17.025,9.18,55.27,4061,48.6,32.51,18.55,77.975025,82.2,88.7,86.8,84.7,81.6,21.76,21.55,23.39,26.85,26.51,0.46,0.29,0.38,0.54,0.64
12/4/2021 14:45,16.348,9.15,52.71,4061,48.7,32.56,18.58,307.767745,81.9,88.4,86.8,83.4,81.1,21.62,21.39,22.98,26.2,25.81,0.47,0.3,0.37,0.56,0.63
12/4/2021 15:00,15.948,9.14,51.19,4059,48.8,32.99,18.6,238.731305,81.6,88.1,86.7,84.6,81.8,21.51,21.27,22.7,25.54,25.26,0.47,0.3,0.37,0.5,0.59
12/4/2021 15:15,14.906,8.78,47.59,4060,48.7,33.54,19.03,131.396079,81.4,88,86.9,83.5,81.5,21.4,21.15,22.54,24.96,24.72,0.47,0.3,0.36,0.52,0.58
12/4/2021 15:30,14.314,8.45,45.68,4060,48.9,34.26,19.41,112.657617,81,87.6,86.3,83.6,81.4,21.23,20.95,22.38,24.14,24.05,0.48,0.31,0.37,0.49,0.56
12/4/2021 15:45,14.336,8.13,46.11,4060,49,32.61,18.86,98.357212,80.7,88,85.9,82.7,79.46,21.25,20.92,22.35,23.46,23.64,0.49,0.3,0.38,0.5,0.6
12/4/2021 16:00,14.259,8.17,45.77,4060,48.8,32.75,18.93,163.119967,76.98,87.1,82.3,79.35,75.55,22.14,21.53,23.11,23.68,24.1,0.61,0.33,0.5,0.6,0.73
12/4/2021 16:15,14.387,8.06,46.38,4060,48.8,33.35,19.05,58.743445,74.28,85.7,79.82,78.41,74.61,22.61,21.77,23.54,23.78,24.23,0.71,0.37,0.59,0.64,0.77
12/4/2021 16:30,13.462,7.89,43.02,4060,49.1,33.9,19.44,33.430084,73.06,85.1,78.61,77.32,73.94,22.72,21.77,23.67,23.75,24.1,0.74,0.39,0.63,0.67,0.78
12/4/2021 16:45,12.933,7.74,41.16,4060,48.9,34.5,19.84,25.375833,71.91,84.5,77.38,76.59,73.54,22.71,21.56,23.58,23.54,23.86,0.78,0.4,0.66,0.68,0.78
12/4/2021 17:00,13.045,7.7,41.63, ,48.9,34.88,20.01,17.650326,71.15,84.2,76.66,75.94,72.85,22.65,21.39,23.46,23.39,23.74,0.79,0.4,0.67,0.69,0.8
12/4/2021 17:15,12.014,7.13,38.3,4061,49,35.38,20.37,6.801743,73.64,80.2,76.33,76.02,72.96,22.61,22.31,23.54,23.4,23.84,0.72,0.53,0.69,0.69,0.8
12/4/2021 17:30,11.538,6.81,36.82,4062,48.9,35.88,20.89,-3.882468,76.69,75.29,74.55,75.82,72.48,22.38,23.63,24.13,23.66,24.16,0.63,0.72,0.77,0.71,0.83
12/4/2021 17:45,11.035,6.64,35.08,4064,48.8,36.67,21.52,-4.375585,77.62,77.46,72.71,75.06,71.81,22.17,23.22,24.53,23.82,24.28,0.6,0.64,0.84,0.74,0.86
12/4/2021 18:00,10.789,6.25,34.56,4065,48.9,37.32,22.09,-4.868703,78.03,79.66,72,74.48,71.21,21.93,22.63,24.56,23.82,24.29,0.58,0.56,0.86,0.75,0.87
12/4/2021 18:15,10.603,5.93,34.19,4066,48.8,37.87,22.69,-4.04684,78.75,82.1,74.52,75.67,72.3,21.74,22.2,24.4,23.82,24.32,0.55,0.48,0.78,0.72,0.84
12/4/2021 18:30,4.476,5.62,11.07,4068,49,38.54,23.38,-4.539958,80.1,84.2,75.83,76.29,73,21.65,21.93,24.23,23.95,24.44,0.52,0.42,0.73,0.71,0.83
12/4/2021 18:45,4.312,5.39,10.69,4070,48.8,38.97,23.62,-4.70433,80.2,84.4,75.62,75.36,72.14,21.62,21.83,24.17,24.03,24.52,0.51,0.41,0.73,0.74,0.86
12/4/2021 19:00,4.184,5.17,10.44,4071,49,39.33,24.15,-4.375585,80.1,84.3,75.56,74.59,71.5,21.54,21.75,24.07,24.08,24.53,0.51,0.41,0.73,0.76,0.88
12/4/2021 19:15,4.067,5.06,10.11,4072,48.8,39.49,24.55,-4.04684,80,84.3,75.62,74.29,71.21,21.47,21.68,23.97,24.07,24.51,0.51,0.41,0.73,0.77,0.89
12/4/2021 19:30,3.954,4.9,9.85,4075,49,40,24.84,-3.882468,79.88,84.1,75.11,74.01,70.88,21.43,21.64,23.99,24.04,24.49,0.51,0.41,0.74,0.78,0.89
12/4/2021 19:45,3.868,4.78,9.65,4075,48.9,40.23,25.27,-4.375585,79.97,84,74.91,73.62,70.69,21.3,21.55,23.97,24.04,24.45,0.51,0.41,0.75,0.79,0.9
12/4/2021 20:00,3.795,4.65,9.51,4076,48.9,40.88,25.56,-4.04684,80,84.1,75.29,73.37,70.43,21.21,21.47,23.77,23.99,24.43,0.5,0.41,0.73,0.79,0.91
12/4/2021 20:15,3.701,4.51,9.3,4078,49.1,41.21,25.87,-4.539958,80,84.1,75.51,73.33,70.31,21.15,21.39,23.66,23.94,24.39,0.5,0.41,0.72,0.79,0.91
12/4/2021 20:30,3.617,4.38,9.12,4078,48.9,41.17,26.01,-4.04684,80.1,84.1,75.3,73.16,70.06,21.08,21.33,23.65,23.91,24.39,0.5,0.4,0.72,0.8,0.91
12/4/2021 20:45,3.562,4.25,9.05,4079,49.3,41.48,26.32,-4.04684,80.3,84.2,75.22,72.81,70.04,21,21.26,23.63,23.95,24.36,0.49,0.4,0.72,0.81,0.91
12/4/2021 21:00,3.501,4.19,8.88,4081,48.9,41.38,26.3,-4.868703,80.2,84.4,75.24,72.76,69.9,20.97,21.17,23.56,23.92,24.33,0.49,0.39,0.72,0.81,0.92
12/4/2021 21:15,3.451,4.2,8.68,4082,49,41.6,26.56,-4.539958,80.4,84.4,75.76,72.83,69.95,20.91,21.17,23.43,23.89,24.32,0.48,0.39,0.7,0.81,0.91
12/4/2021 21:30,3.375,4.05,8.55,4083,49.1,41.6,26.7,-4.04684,80.6,84.6,75.93,72.84,69.98,20.88,21.11,23.38,23.87,24.29,0.48,0.39,0.69,0.8,0.91
12/4/2021 21:45,3.35,4,8.51,4084,49.3,41.57,26.73,-4.539958,80.6,84.6,75.98,72.66,69.93,20.87,21.09,23.33,23.88,24.28,0.48,0.39,0.69,0.81,0.91
12/4/2021 22:00,3.309,4,8.35,4086,49,41.79,26.99,-4.70433,80.7,84.5,76.05,72.65,69.89,20.84,21.08,23.28,23.87,24.26,0.48,0.39,0.68,0.81,0.91
12/4/2021 22:15,3.295,3.99,8.31,4086,49,41.88,27.16,-4.04684,80.7,84.6,75.96,72.59,69.82,20.82,21.02,23.27,23.85,24.25,0.47,0.38,0.69,0.81,0.91
12/4/2021 22:30,3.216,3.8,8.21,4087,48.8,42.17,27.06,-4.04684,80.5,84.7,76.19,72.54,69.82,20.81,21.01,23.22,23.85,24.26,0.48,0.38,0.68,0.81,0.91
12/4/2021 22:45,3.214,3.85,8.15,4087,48.9,42,27.25,-4.539958,80.7,84.6,76.06,72.53,69.72,20.78,21,23.23,23.84,24.22,0.47,0.38,0.68,0.81,0.92
12/4/2021 23:00,3.154,3.73,8.05,4089,48.8,42.15,27.4,-4.539958,80.8,84.5,76.1,72.32,69.74,20.71,20.99,23.2,23.87,24.21,0.47,0.39,0.68,0.82,0.91
12/4/2021 23:15,3.179,3.79,8.08,4089,48.9,42.27,27.37,-4.868703,80.8,84.7,75.91,72.2,69.63,20.73,20.97,23.23,23.87,24.23,0.47,0.38,0.69,0.82,0.92
12/4/2021 23:30,3.143,3.69,8.05,4091,48.8,42.29,27.44,-4.70433,80.6,84.7,75.81,72.21,69.56,20.72,20.94,23.25,23.86,24.22,0.47,0.38,0.69,0.82,0.92
12/4/2021 23:45,3.101,3.69,7.89,4091,49,42.46,27.56,-4.70433,80.7,84.7,75.84,72.31,69.45,20.7,20.92,23.22,23.81,24.24,0.47,0.38,0.69,0.82,0.92
12/5/2021 0:00,3.109,3.69,7.92,4092,49,42.55,27.54,-4.04684,80.7,84.7,75.79,72.15,69.34,20.7,20.9,23.2,23.85,24.24,0.47,0.38,0.69,0.82,0.93
12/5/2021 0:15,3.008,3.59,7.64,4096,48.9,43.13,27.9,-4.868703,82.9,87.4,78.13,77.56,71.05,20.69,20.83,23.29,23.33,24.15,0.42,0.31,0.63,0.64,0.87
12/5/2021 0:30,2.955,3.57,7.46,4100,49.1,42.89,28.21,-4.539958,85.6,91.1,83.3,82.6,74.78,20.25,20.25,22.47,22.57,23.77,0.34,0.21,0.45,0.48,0.74
12/5/2021 0:45,2.894,3.42,7.39,4103,48.9,42.96,28.4,-4.375585,86.8,92.4,84.9,82.6,76.1,20.04,19.97,22.15,22.63,23.59,0.31,0.18,0.4,0.48,0.7
12/5/2021 1:00,2.823,3.36,7.18,4106,48.8,43.22,28.62,-4.375585,87.4,92.9,84.4,80.9,75.49,19.93,19.87,22.16,22.85,23.66,0.29,0.16,0.42,0.53,0.72
12/5/2021 1:15,2.712,3.18,6.95,4112,49,43.37,28.74,-5.033075,87.9,93.3,85.2,83,75.85,20.05,19.93,22.26,22.69,23.73,0.28,0.16,0.4,0.47,0.71
12/5/2021 1:30,2.701,3.18,6.91,4115,49.1,43.56,29.02,-4.868703,88,93.8,88,85.2,77.02,19.96,19.79,21.78,22.31,23.56,0.28,0.14,0.31,0.4,0.67
12/5/2021 1:45,2.705,3.22,6.88,4120,48.9,43.51,29.07,-4.539958,88.2,94,87,83.6,77.21,19.91,19.71,21.86,22.58,23.48,0.27,0.14,0.34,0.45,0.66
12/5/2021 2:00,2.678,3.18,6.82,4124,49.1,43.65,29.17,-4.375585,88.3,94.1,85.7,81.8,76.17,19.84,19.61,21.98,22.83,23.63,0.27,0.13,0.38,0.51,0.7
12/5/2021 2:15,2.545,2.94,6.57,4128,49,43.63,29.17,-4.375585,88.5,94.4,85.7,83.3,76.21,19.96,19.71,22.23,22.71,23.71,0.27,0.13,0.38,0.46,0.7
12/5/2021 2:30,2.549,3.01,6.51,4134,49,43.75,29.5,-4.375585,88.5,94.5,87.5,85.4,77.35,19.89,19.66,21.92,22.31,23.54,0.27,0.13,0.33,0.39,0.66
12/5/2021 2:45,2.554,3,6.54,4135,49,44.13,29.36,-4.539958,88.5,94.6,87.3,84.2,77.4,19.79,19.53,21.79,22.48,23.48,0.27,0.12,0.33,0.43,0.65
12/5/2021 3:00,2.528,3,6.44,4138,49,44.2,29.62,-4.539958,88.7,94.6,86.2,82.6,76.41,19.7,19.47,21.91,22.71,23.6,0.26,0.12,0.36,0.48,0.69
12/5/2021 3:15,2.508,2.9,6.47, ,49,44.06,29.5,-4.70433,88.7,94.5,85.2,81.3,75.62,19.63,19.43,22.01,22.88,23.71,0.26,0.12,0.39,0.52,0.71
12/5/2021 3:30,2.527,2.95,6.49,4142,49,44.23,29.57,-4.375585,88.7,94.4,84.5,80.6,75.21,19.57,19.39,22.1,22.93,23.74,0.26,0.13,0.41,0.54,0.73
12/5/2021 3:45,2.508,2.92,6.45,4145,48.9,44.35,29.6,-4.211213,88.7,94.3,84,79.96,74.87,19.51,19.38,22.15,22.98,23.76,0.26,0.13,0.43,0.56,0.74
12/5/2021 4:00,2.526,2.91,6.53,4147,49,44.13,29.52,-4.211213,88.7,94.1,83.7,79.37,74.58,19.47,19.35,22.17,23.06,23.79,0.26,0.13,0.44,0.58,0.75
12/5/2021 4:15,2.508,2.92,6.45,4149,49,43.99,29.48,-4.375585,88.7,93.9,83.2,78.89,74.26,19.43,19.37,22.26,23.09,23.84,0.26,0.14,0.45,0.6,0.76
12/5/2021 4:30,2.526,2.93,6.51,4151,48.9,44.08,29.48,-4.375585,88.6,93.7,82.8,78.28,73.96,19.43,19.4,22.31,23.2,23.89,0.26,0.14,0.46,0.62,0.77
12/5/2021 4:45,2.526,2.91,6.53,4153,48.8,43.99,29.31,-4.539958,88.5,93.3,82.5,77.77,73.74,19.37,19.42,22.35,23.25,23.88,0.26,0.15,0.47,0.63,0.78
12/5/2021 5:00,2.542,2.92,6.58,4155,49.3,44.18,29.33,-4.70433,88.4,93,82.1,77.37,73.46,19.35,19.46,22.38,23.29,23.9,0.26,0.16,0.48,0.65,0.79
12/5/2021 5:15,2.545,2.93,6.58,4156,49,44.04,29.12,-4.211213,88.2,92.5,82,77.23,73.39,19.34,19.5,22.37,23.32,23.9,0.26,0.17,0.49,0.65,0.79
12/5/2021 5:30,2.583,3.03,6.62,4158,49,44.06,29.29,-4.375585,88,92.1,81.7,77.02,73.29,19.35,19.57,22.41,23.31,23.9,0.27,0.18,0.5,0.66,0.79
12/5/2021 5:45,2.585,2.98,6.68,4159,49,44.3,29.31,-4.868703,87.8,91.5,81.2,76.8,73.14,19.37,19.63,22.47,23.32,23.9,0.27,0.19,0.51,0.66,0.8
12/5/2021 6:00,2.585,2.98,6.68,4161,49,44.39,29.33,-4.539958,87.6,91.2,81,76.64,73.03,19.4,19.72,22.49,23.29,23.89,0.28,0.2,0.52,0.67,0.8
12/5/2021 6:15,2.656,3.12,6.8,4163,49.3,43.89,29.17,-4.539958,87.3,90.9,80.7,76.41,72.82,19.43,19.73,22.52,23.34,23.92,0.29,0.21,0.53,0.68,0.81
12/5/2021 6:30,2.63,3.01,6.82,4163,48.9,44.2,28.97,-4.375585,87,90.5,80.5,76.11,72.49,19.49,19.75,22.53,23.33,23.93,0.29,0.22,0.53,0.68,0.82
12/5/2021 6:45,2.677,3.15,6.85,4164,49,44.2,29.05,-4.70433,86.8,90.1,80.4,75.79,72.23,19.49,19.78,22.48,23.34,23.95,0.3,0.23,0.53,0.69,0.83
12/5/2021 7:00,2.704,3.16,6.94,4166,49.1,43.94,29.05,-3.224978,86.7,89.8,80.2,75.71,72.1,19.51,19.83,22.51,23.35,23.96,0.3,0.24,0.54,0.7,0.83
12/5/2021 7:15,2.779,3.25,7.13,4167,49,43.72,28.69,2.856804,85.5,86.1,79.33,75.49,71.49,20.19,20.59,22.59,23.25,23.93,0.34,0.34,0.57,0.7,0.85
12/5/2021 7:30,2.905,3.42,7.43,4167,49.1,44.01,28.59,13.21227,77.6,82.6,78.57,76.13,72.03,21.99,21.3,22.72,23.07,23.7,0.59,0.44,0.59,0.67,0.82
12/5/2021 7:45,3.038,3.56,7.79,4169,48.8,42.55,27.85,51.675429,72.84,82.2,77.46,75.23,71.51,22.42,21.09,22.7,22.99,23.52,0.74,0.45,0.62,0.7,0.83
12/5/2021 8:00,3.309,3.91,8.45,4169,49.3,40.62,26.23,80.933729,70.62,82.6,76.28,74.55,70.11,22.46,20.99,22.93,23.03,23.73,0.8,0.43,0.66,0.72,0.88
12/5/2021 8:15,3.725,4.57,9.33,4169,49.3,39.8,25.03,93.754782,69.64,82.1,75.26,74.15,68.83,22.44,21.17,23.25,23.32,24.09,0.82,0.45,0.71,0.74,0.94
12/5/2021 8:30,4.104,5.09,10.22,4169,49,38.63,23.64,94.741017,68.85,81.3,73.59,73.14,68.61,22.53,21.48,23.62,23.74,24.6,0.85,0.48,0.77,0.79,0.97
12/5/2021 8:45,4.378,5.58,10.74,4169,49,37.53,22.62,116.109439,68.42,79.99,72.7,72.25,76.66,22.68,21.87,23.92,24.19,25.7,0.87,0.52,0.81,0.84,0.77
12/5/2021 9:00,10.761,6.15,34.56,4168,48.9,36.67,21.61,124.656808,68.28,78.75,71.73,72.17,81.4,22.82,22.19,24.19,24.47,27.49,0.88,0.57,0.85,0.85,0.68
12/5/2021 9:15,11.022,7,34.64,4168,49.1,37.53,21.64,148.490816,68.67,77.51,72.98,74.33,80,22.74,22.22,24.11,24.77,28.7,0.87,0.6,0.81,0.8,0.79
12/5/2021 9:30,11.976,7.29,37.98, ,49,36.19,20.97,184.488388,72.59,80.1,79.14,79.04,80.6,21.7,21.46,22.83,24.51,29.29,0.71,0.51,0.58,0.64,0.79
12/5/2021 9:45,12.524,7.78,39.55,4165,48.9,34.76,20.18,222.951548,75.63,82.4,81.7,81.9,78.97,21.11,21.05,22.39,24.49,29.67,0.61,0.44,0.5,0.56,0.88
12/5/2021 10:00,13.182,8.13,41.69,4163,49,33.88,19.67,193.20013,76.99,83.6,83.1,82.5,77.89,20.96,20.9,22.33,24.72,30.27,0.57,0.41,0.46,0.55,0.95
12/5/2021 10:15,14.244,8.34,45.53,4160,49.3,33.13,19.22,291.166125,77.93,84.6,83.7,83.1,76.46,20.9,20.84,22.42,25,30.62,0.55,0.38,0.44,0.54,1.03
12/5/2021 10:30,14.562,8.45,46.63,4157,49.1,32.68,18.96,458.990422,78.74,85.2,84.3,83.3,75.5,20.95,20.87,22.53,25.33,30.65,0.53,0.37,0.43,0.54,1.08
12/5/2021 10:45,15.56,8.7,50.18,4152,49,32.08,18.74,218.677863,79.23,85.6,84.6,83.5,75.73,20.99,20.88,22.66,25.59,30.55,0.52,0.36,0.42,0.54,1.06
12/5/2021 11:00,16.089,8.74,52.16,4149,49,31.89,18.6,260.921589,79.63,86.1,85,83.7,75.49,21.05,20.89,22.73,25.85,30.49,0.51,0.34,0.41,0.54,1.07
12/5/2021 11:15,16.653,8.86,54.19,4144,49.1,31.89,18.6,238.238188,80,86.5,85.4,83.8,74.9,21.11,20.97,22.81,26.12,30.35,0.5,0.34,0.41,0.55,1.09
12/5/2021 11:30,17.193,8.83,56.29,4140,49.3,31.75,18.58,270.29082,80.5,86.8,85.7,84.2,74.26,21.17,21.02,22.86,26.36,29.58,0.49,0.33,0.4,0.54,1.07
12/5/2021 11:45,17.411,8.91,57.04,4135,49.1,31.82,18.65,282.947501,80.9,87.1,86.2,84.1,72.71,21.24,21.08,22.93,26.61,29.1,0.48,0.32,0.39,0.55,1.1
12/5/2021 12:00,17.492,9.04,57.21,4130,48.8,31.77,18.69,660.675449,81.3,87.7,86.3,84.1,73.29,21.31,21.09,23.01,26.83,28.75,0.47,0.31,0.39,0.56,1.05
12/5/2021 12:15,18.238,9.09,60.01,4125,48.7,31.68,18.77,581.941033,81.6,88,86.7,84.1,74.26,21.39,21.13,23.04,27.01,28.37,0.47,0.3,0.37,0.57,0.99
12/5/2021 12:30,18.236,9.1,59.99,4120,49,31.96,18.77,338.66977,81.9,88.3,86.8,84,75.78,21.43,21.15,23.15,27.15,27.96,0.46,0.29,0.37,0.58,0.91
12/5/2021 12:45,18.431,9.1,60.74,4115,48.8,32.01,18.81,306.12402,82.1,88.6,86.8,84.2,76.96,21.49,21.19,23.17,27.28,27.82,0.46,0.29,0.37,0.57,0.86
12/5/2021 13:00,18.457,9.22,60.71,4109,48.7,31.87,18.81,285.084343,82.2,88.6,87.3,84.4,77.93,21.58,21.25,23.21,27.4,27.7,0.46,0.29,0.36,0.57,0.82
12/5/2021 13:15,19.031,9.3,62.82,4105,48.8,31.89,18.86,263.387176,82.3,88.7,87.2,84.3,78.81,21.57,21.3,23.23,27.52,27.56,0.46,0.29,0.36,0.58,0.78
12/5/2021 13:30,18.678,9.39,61.37,4098,48.8,32.01,18.89,523.917549,82.5,88.8,87.5,84.4,79.72,21.64,21.31,23.3,27.58,27.49,0.45,0.28,0.36,0.58,0.74
12/5/2021 13:45,19.01,9.31,62.73,4094,48.9,32.2,18.93,302.014708,82.5,88.9,87.2,84.7,80.3,21.64,21.33,23.37,27.59,27.41,0.45,0.28,0.37,0.56,0.72
12/5/2021 14:00,18.952,9.25,62.57,4089,48.8,32.32,18.91,244.319969,82.7,89.1,87.3,84.6,80.9,21.65,21.35,23.4,27.6,27.34,0.45,0.28,0.37,0.57,0.69
12/5/2021 14:15,18.731,9.19,61.79,4085,49,32.06,18.89,236.101346,82.8,89,87.3,84.8,81.5,21.64,21.39,23.45,27.57,27.23,0.44,0.28,0.37,0.56,0.67
12/5/2021 14:30,18.561,9.29,61.03,4080,49,31.94,18.93,404.583132,82.9,88.9,87.3,84.8,81.8,21.61,21.4,23.45,27.49,27.14,0.44,0.28,0.37,0.56,0.65
12/5/2021 14:45,18.845,9.28,62.13,4077,49,32.01,18.89,203.391223,82.9,88.9,87,84.6,81.8,21.56,21.36,23.43,27.39,26.95,0.44,0.28,0.37,0.56,0.65
12/5/2021 15:00,18.83,9.06,62.31,4075,48.7,32.23,18.86,171.33859,83,89,87.1,84.9,82,21.52,21.26,23.35,27.12,26.72,0.44,0.28,0.37,0.54,0.63
12/5/2021 15:15,18.566,9.15,61.2,4071,48.8,32.03,18.86,166.407416,83,89.2,87.2,84.8,82.1,21.5,21.2,23.28,26.84,26.52,0.44,0.27,0.37,0.54,0.62
12/5/2021 15:30,18.513,9.14,61.01,4069,48.8,32.23,18.86,156.216323,83,89.2,87.2,85.2,82.1,21.46,21.15,23.14,26.53,26.28,0.43,0.27,0.36,0.51,0.61
12/5/2021 15:45,18.363,9.18,60.39, ,48.6,32.42,18.81,231.498916,83,89.3,87.3,85.3,82,21.42,21.04,22.95,26.25,26.04,0.43,0.27,0.36,0.5,0.61
12/5/2021 16:00,18.172,9.05,59.8,4065,48.9,31.99,18.79,120.383123,82.8,89.2,87.2,85.4,81.7,21.31,20.93,22.71,25.87,25.76,0.44,0.27,0.35,0.49,0.61
12/5/2021 16:15,17.362,8.52,57.27,4065,48.6,31.25,18.53,125.971787,82.5,89.6,86.7,82.3,78.35,21.62,21.22,22.85,25.61,25.65,0.45,0.26,0.37,0.58,0.71
12/5/2021 16:30,17.082,8.52,56.2,4064,48.7,31.44,18.5,73.208223,79.06,87.9,82.2,79.65,75.79,22.54,21.92,23.92,25.43,25.68,0.57,0.32,0.53,0.66,0.8
12/5/2021 16:45,16.964,8.63,55.63,4065,49,31.65,18.53,46.251137,76.68,87,80,78.63,75.12,22.99,22.13,24.34,25.12,25.43,0.65,0.35,0.61,0.68,0.81
12/5/2021 17:00,16.082,8.67,52.21,4064,49,32.44,18.81,23.074618,75.54,86.7,79.52,77.83,74.85,23.11,22.09,24.32,24.76,25.04,0.69,0.35,0.62,0.69,0.8
12/5/2021 17:15,14.742,8.41,47.36,4065,48.8,32.82,18.93,2.856804,77.31,82.5,79.71,78.2,75.41,23.08,22.85,24.13,24.4,24.75,0.64,0.49,0.61,0.67,0.77
12/5/2021 17:30,14.335,8.08,46.16,4065,49,33.83,19.46,-3.060606,79.34,76.35,78.86,78.11,75.02,22.8,24.28,24.2,24.3,24.67,0.57,0.72,0.64,0.67,0.78
12/5/2021 17:45,13.514,7.88,43.23,4067,48.9,34.43,19.84,-4.868703,79.96,77.31,76.9,77.35,74.2,22.4,23.85,24.31,24.13,24.55,0.54,0.67,0.7,0.68,0.8
12/5/2021 18:00,12.739,7.56,40.61,4069,48.9,35.45,20.46,-4.04684,80.4,79.28,74.26,76.56,73.28,22.01,23.18,24.57,23.98,24.43,0.52,0.59,0.79,0.7,0.82
12/5/2021 18:15,12.092,7.1,38.63,4071,49.1,36,21.06,-3.882468,81.2,82.7,75.94,77.87,74.22,21.69,22.44,24.51,23.86,24.35,0.49,0.47,0.74,0.65,0.79
12/5/2021 18:30,11.292,6.68,36.02,4076,49.3,36.7,21.49,-4.375585,82.5,85.6,77.2,78.54,75.04,21.5,21.98,24.39,23.91,24.42,0.45,0.38,0.7,0.64,0.76
12/5/2021 18:45,10.859,6.33,34.74,4079,49.3,37.25,22.02,-5.033075,82.9,86.2,77.03,77.45,74.06,21.38,21.74,24.27,24.02,24.49,0.44,0.36,0.7,0.67,0.8
12/5/2021 19:00,10.632,6.08,34.14,4081,49.3,37.92,22.64,-3.882468,82.7,86.2,76.77,76.65,73.4,21.31,21.6,24.18,24.04,24.48,0.44,0.36,0.7,0.7,0.82
12/5/2021 19:15,10.288,5.76,33.17,4085,49.1,38.35,23.12,-4.868703,82.5,86.2,77.12,76.26,72.97,21.23,21.48,23.96,23.98,24.46,0.44,0.35,0.68,0.71,0.83
12/5/2021 19:30,4.513,5.51,11.33,4088,49,39.06,23.57,-4.70433,82.3,86.2,77.14,75.8,72.58,21.18,21.36,23.84,23.95,24.43,0.45,0.35,0.68,0.72,0.84
12/5/2021 19:45,4.375,5.31,11.02,4090,49,39.37,24.05,-4.375585,82.2,86.1,76.9,75.47,72.36,21.09,21.31,23.81,23.94,24.37,0.45,0.35,0.68,0.73,0.84
12/5/2021 20:00,4.251,5.12,10.75,4093,48.9,39.71,24.46,-4.539958,82.2,86,76.77,75.18,72.08,20.99,21.22,23.7,23.87,24.33,0.44,0.35,0.68,0.73,0.85
12/5/2021 20:15,4.122,4.94,10.45,4097,49.1,40.45,24.84,-4.211213,82.3,86.1,77.23,74.99,72.01,20.9,21.12,23.52,23.84,24.28,0.44,0.35,0.66,0.74,0.85
12/5/2021 20:30,3.969,4.71,10.11,4099,49.1,40.43,25.1,-5.033075,82.4,86.1,77.52,74.76,71.77,20.85,21.06,23.38,23.85,24.24,0.43,0.35,0.65,0.75,0.85
12/5/2021 20:45,3.884,4.55,9.96,4101,48.9,40.59,25.17,-4.375585,82.4,86.2,77.43,74.66,71.68,20.79,20.99,23.36,23.81,24.24,0.43,0.34,0.65,0.75,0.86
12/5/2021 21:00,3.794,4.48,9.69,4104,49,41,25.72,-4.211213,82.4,86.3,77.52,74.5,71.5,20.77,20.91,23.28,23.75,24.2,0.43,0.34,0.64,0.75,0.86
12/5/2021 21:15,3.684,4.36,9.4,4106,49.4,41.55,25.99,-4.70433,82.3,86.3,77.29,74.43,71.44,20.72,20.87,23.29,23.77,24.18,0.43,0.34,0.65,0.75,0.86
12/5/2021 21:30,3.599,4.15,9.3,4108,49.3,41.41,26.15,-4.375585,82.5,86.4,77.58,74.16,71.37,20.66,20.82,23.17,23.79,24.19,0.43,0.33,0.64,0.76,0.86
12/5/2021 21:45,3.532,4.08,9.12,4111,49.4,41.62,26.46,-4.375585,82.5,86.3,77.49,74.2,71.24,20.67,20.79,23.18,23.74,24.18,0.43,0.34,0.64,0.76,0.87
12/5/2021 22:00,3.494,4.01,9.05,4112,48.9,41.93,26.49,-4.375585,82.5,86.3,77.23,74.2,71.07,20.61,20.78,23.21,23.73,24.17,0.42,0.34,0.65,0.76,0.87
12/5/2021 22:15,3.398,3.92,8.78,4114,49.3,41.84,26.58,-4.539958,82.4,86.3,77.3,73.82,70.88,20.58,20.75,23.13,23.74,24.16,0.43,0.34,0.64,0.77,0.88
12/5/2021 22:30,3.369,3.91,8.68,4115,49.3,42.15,26.82,-4.539958,82.5,86.2,77.44,73.93,70.79,20.53,20.71,23.07,23.68,24.15,0.42,0.34,0.64,0.76,0.88
12/5/2021 22:45,3.332,3.87,8.58,4118,49.1,42.1,26.87,-4.375585,82.5,86.2,77.14,73.79,70.73,20.49,20.69,23.11,23.69,24.13,0.42,0.34,0.65,0.77,0.88
12/5/2021 23:00,3.257,3.76,8.41,4120,49,42.48,27.23,-4.375585,82.5,86.3,77.13,73.58,70.74,20.46,20.64,23.08,23.69,24.09,0.42,0.33,0.65,0.77,0.88
12/5/2021 23:15,3.226,3.68,8.38,4122,49,42.53,27.23,-4.375585,82.6,86.2,77.18,73.65,70.74,20.43,20.62,23.02,23.64,24.08,0.42,0.34,0.64,0.77,0.88
12/5/2021 23:30,3.208,3.68,8.31,4123,49.1,42.55,27.32,-4.375585,82.4,86.2,77.27,73.61,70.71,20.39,20.6,22.97,23.61,24.03,0.42,0.33,0.64,0.77,0.88
12/5/2021 23:45,3.159,3.59,8.22,4125,49,42.65,27.28,-4.539958,82.3,86.2,77.25,73.64,70.65,20.4,20.55,22.95,23.58,24,0.42,0.33,0.64,0.77,0.88
12/6/2021 0:00,3.144,3.63,8.12,4126,49.1,42.72,27.52,-4.868703,82.2,86.2,77.36,73.42,70.53,20.38,20.53,22.88,23.61,23.99,0.43,0.33,0.63,0.77,0.88
12/6/2021 0:15,3.115,3.59,8.05,4127,49.3,42.74,27.68,-4.04684,82.2,86.1,77.28,73.27,70.43,20.34,20.51,22.85,23.59,24,0.43,0.34,0.63,0.78,0.88
12/6/2021 0:30,3.107,3.6,8.01,4129,49,42.89,27.73,-4.539958,82.2,86.1,77.35,73.34,70.38,20.32,20.52,22.82,23.56,24,0.42,0.34,0.63,0.77,0.88
12/6/2021 0:45,3.042,3.49,7.88,4130,48.9,43.13,27.71,-4.539958,82.3,86,77.45,73.31,70.39,20.28,20.49,22.8,23.56,23.98,0.42,0.34,0.63,0.78,0.88
12/6/2021 1:00,3.038,3.53,7.82,4132,49.3,42.94,27.78,-4.375585,82.2,86.1,77.17,73.35,70.3,20.3,20.47,22.84,23.54,23.99,0.42,0.33,0.64,0.77,0.89
12/6/2021 1:15,3.008,3.48,7.76,4133,49.1,43.25,27.97,-4.868703,82.1,86.2,77.27,73,70.21,20.27,20.44,22.77,23.59,23.98,0.43,0.33,0.63,0.79,0.89
12/6/2021 1:30,3.016,3.49,7.78,4135,49,43.01,27.95,-4.868703,82.2,86.2,77.44,73.01,70.26,20.23,20.43,22.73,23.55,23.95,0.42,0.33,0.62,0.78,0.88
12/6/2021 1:45,2.989,3.44,7.73,4136,49.3,43.17,27.95,-4.539958,82.2,86.1,77.39,73.08,70.14,20.21,20.39,22.71,23.52,23.95,0.42,0.33,0.62,0.78,0.89
12/6/2021 2:00,2.99,3.48,7.69,4138,49.3,43.37,28.16,-4.70433,82.3,86.1,77.17,73.15,70.16,20.15,20.39,22.76,23.49,23.92,0.42,0.33,0.63,0.78,0.89
12/6/2021 2:15,2.955,3.44,7.6,4139,49.4,42.91,28.02,-4.539958,82.3,86.1,77.27,73.06,70.09,20.18,20.35,22.7,23.49,23.94,0.42,0.33,0.63,0.78,0.89
12/6/2021 2:30,2.936,3.4,7.57,4139,49.3,43.15,28.02,-4.70433,82.3,86.1,77.3,73.05,70.06,20.16,20.37,22.67,23.48,23.91,0.42,0.33,0.63,0.78,0.89
12/6/2021 2:45,2.96,3.43,7.63,4141,49.3,43.15,28.02,-4.211213,82.2,86,77.24,72.69,69.97,20.14,20.35,22.68,23.56,23.92,0.42,0.33,0.63,0.79,0.89
12/6/2021 3:00,2.939,3.45,7.53,4143,48.9,43.06,28.07,-4.375585,82.2,86,77.04,72.78,69.94,20.09,20.38,22.76,23.52,23.93,0.42,0.34,0.64,0.79,0.89
12/6/2021 3:15,2.956,3.47,7.57,4143,48.9,42.98,28.04,-4.375585,82.5,85.9,76.88,72.73,69.9,20.07,20.38,22.79,23.52,23.95,0.41,0.34,0.64,0.79,0.9
12/6/2021 3:30,2.942,3.45,7.54,4144,49.1,43.22,28.14,-4.375585,82.4,86,77.04,72.91,69.87,20.11,20.37,22.73,23.49,23.97,0.41,0.33,0.63,0.78,0.9
12/6/2021 3:45,2.928,3.4,7.54,4146,49.3,43.13,28.16,-4.70433,82.3,85.9,76.96,72.76,69.79,20.16,20.38,22.77,23.55,23.99,0.42,0.34,0.64,0.79,0.9
12/6/2021 4:00,2.928,3.4,7.54, ,49.1,43.13,27.99,-4.539958,82.2,85.8,76.77,72.78,69.74,20.11,20.38,22.81,23.53,23.99,0.42,0.34,0.65,0.79,0.9
12/6/2021 4:15,2.944,3.4,7.6,4149,48.9,43.37,28.04,-4.04684,82,85.8,76.8,72.86,69.61,20.14,20.39,22.79,23.5,23.99,0.42,0.34,0.64,0.79,0.91
12/6/2021 4:30,2.917,3.36,7.54,4150,49.3,43.68,28.14,-4.211213,82,85.9,76.87,72.87,69.56,20.1,20.37,22.72,23.45,23.98,0.42,0.34,0.64,0.78,0.91
12/6/2021 4:45,2.938,3.4,7.58,4151,49.1,43.27,28.11,-4.375585,82.1,85.7,76.94,72.67,69.59,20.08,20.37,22.69,23.47,23.95,0.42,0.34,0.64,0.79,0.9
12/6/2021 5:00,2.958,3.44,7.61,4152,49,43.44,28.14,-4.539958,82.1,85.6,76.95,72.56,69.48,20.06,20.34,22.68,23.47,23.95,0.42,0.34,0.64,0.79,0.91
12/6/2021 5:15,2.93,3.37,7.58,4153,49.1,43.32,28.16,-5.033075,82.1,85.7,77.05,72.59,69.52,20.05,20.33,22.66,23.46,23.95,0.42,0.34,0.63,0.79,0.91
12/6/2021 5:30,2.936,3.39,7.58,4153,49.3,43.41,28.11,-4.70433,82.1,85.8,77.12,72.74,69.48,20.05,20.34,22.62,23.44,23.98,0.42,0.34,0.63,0.79,0.91
12/6/2021 5:45,2.917,3.39,7.51,4155,49.3,43.29,28.04,-4.04684,82,85.7,76.9,72.84,69.47,20.02,20.32,22.69,23.41,23.98,0.42,0.34,0.64,0.78,0.91
12/6/2021 6:00,2.955,3.43,7.61,4156,49.1,43.22,28.02,-4.211213,82.2,85.8,77.04,72.71,69.5,20,20.33,22.68,23.44,23.98,0.42,0.34,0.63,0.79,0.91
12/6/2021 6:15,2.932,3.35,7.61,4157,49,43.58,28.02,-4.539958,82.2,85.8,76.8,72.66,69.35,19.99,20.33,22.72,23.43,24.02,0.42,0.34,0.64,0.79,0.92
12/6/2021 6:30,2.943,3.39,7.61,4158,49.4,43.29,27.92,-4.211213,82,85.7,76.45,72.49,69.18,19.98,20.35,22.76,23.44,24,0.42,0.34,0.65,0.79,0.92
12/6/2021 6:45,2.977,3.39,7.74,4159,49,43.1,27.73,-4.375585,82,85.5,76.39,72.31,69.1,19.97,20.34,22.74,23.46,23.98,0.42,0.35,0.65,0.8,0.92
12/6/2021 7:00,2.983,3.41,7.74,4159,49.1,42.89,27.92,-4.04684,81.9,85.4,76.48,72.29,68.99,19.95,20.33,22.7,23.45,23.98,0.42,0.35,0.65,0.8,0.92
12/6/2021 7:15,3.102,3.63,7.96,4161,49,42.94,27.66,2.692431,79.58,82.3,76.02,72.19,68.56,20.62,20.95,22.7,23.36,23.95,0.5,0.44,0.66,0.8,0.94
12/6/2021 7:30,3.173,3.64,8.22,4161,49.3,43.22,27.25,12.719152,69.2,79.79,74.26,71.9,68.44,22.39,21.19,22.83,23.08,23.6,0.83,0.51,0.72,0.79,0.92
12/6/2021 7:45,3.351,3.88,8.64,4163,49.1,41.69,26.61,46.086765,65.79,79.8,72.93,71.08,68.06,22.6,20.84,22.78,22.9,23.31,0.94,0.5,0.75,0.81,0.91
12/6/2021 8:00,3.66,4.34,9.33,4163,49.3,40.35,25.29,86.522393,65.28,80.2,72.16,70.58,67.02,22.44,20.71,22.89,22.92,23.49,0.94,0.48,0.78,0.82,0.95
12/6/2021 8:15,3.978,4.78,10.07,4163,49.3,39.3,24.12,89.481098,65,79.72,71.97,70.77,65.76,22.36,20.9,23.17,23.16,23.86,0.95,0.5,0.8,0.83,1.01
12/6/2021 8:30,4.216,5.18,10.55,4162,49.1,38.08,23.26,94.412272,64.93,79.02,70.68,70.57,66.28,22.41,21.26,23.51,23.63,24.48,0.95,0.53,0.85,0.86,1.04
12/6/2021 8:45,4.503,5.69,11.1,4162,49.1,37.08,22.21,118.410653,64.95,77.5,69.67,69.89,78.35,22.61,21.78,23.82,24.09,25.85,0.96,0.59,0.9,0.9,0.72
12/6/2021 9:00,11.054,6.15,35.68,4161,49.1,35.98,21.09,124.492435,65.26,76.49,68.94,69.85,81.7,22.75,22.12,24.18,24.49,27.84,0.96,0.63,0.94,0.93,0.69
12/6/2021 9:15,11.316,6.56,36.24,4159,48.9,34.9,20.46,144.874622,65.94,75.69,68.7,70.42,75.75,22.87,22.48,24.46,24.84,28.86,0.95,0.66,0.96,0.93,0.96
12/6/2021 9:30,12.546,6.96,40.52,4157,49.1,34.11,19.65,197.145069,66.56,75.39,69.09,70.29,77.67,22.97,22.69,24.59,25.17,29.66,0.94,0.68,0.96,0.95,0.93
12/6/2021 9:45,13.26,7.36,42.82,4153,49,33.21,19.32,243.00499,67.22,75.22,69.65,71.94,78.19,23.1,22.89,24.84,25.63,30.8,0.93,0.69,0.95,0.92,0.97
12/6/2021 10:00,13.968,7.62,45.25,4149,48.9,32.58,18.93,192.378267,67.83,75.32,69.72,73.75,76.32,23.21,23.12,25.09,26.17,31.65,0.92,0.7,0.96,0.89,1.1
12/6/2021 10:15,14.915,7.92,48.55,4145,49,32.08,18.72,332.423616,68.49,75.36,70.74,74.18,72,23.33,23.32,25.41,26.7,32.14,0.9,0.71,0.95,0.9,1.34
12/6/2021 10:30,15.863,8.16,51.92,4138,49.3,32.11,18.58,468.524025,69.19,75.86,71.33,74.69,73.39,23.43,23.47,25.7,27.14,32.43,0.89,0.7,0.95,0.91,1.3
12/6/2021 10:45,16.001,8.3,52.3,4133,49,31.63,18.58,220.650333,69.85,76.3,71.71,74.92,71.78,23.51,23.55,25.89,27.53,32.39,0.87,0.69,0.94,0.92,1.37
12/6/2021 11:00,16.873,8.41,55.52,4127,49,31.82,18.58,253.031711,70.49,76.92,72.37,75.24,71.83,23.58,23.63,26.01,27.89,32.32,0.86,0.67,0.93,0.93,1.36
12/6/2021 11:15,17.214,8.45,56.78,4120,49.3,31.89,18.69,238.238188,71.16,77.22,72.68,75.36,71.05,23.66,23.76,26.13,28.21,32.44,0.84,0.67,0.93,0.94,1.41
12/6/2021 11:30,17.294,8.56,56.97,4114,48.9,31.99,18.65,263.058431,71.79,77.64,73.1,75.52,69.2,23.75,23.85,26.24,28.46,32.17,0.83,0.66,0.92,0.95,1.48
12/6/2021 11:45,17.635,8.6,58.23,4107,49.3,31.94,18.6,277.194464,72.47,77.97,73.98,75.57,67.26,23.79,23.96,26.32,28.65,31.31,0.81,0.66,0.89,0.96,1.5
12/6/2021 12:00,18.383,8.64,61.05,4102,49.1,32.06,18.74,676.290834,72.9,78.34,74.43,75.92,68.2,23.85,24.05,26.41,28.75,30.45,0.8,0.65,0.88,0.95,1.38
12/6/2021 12:15,18.449,8.68,61.26, ,49.4,31.99,18.79,568.955607,73.3,78.65,75.17,76.57,69.12,23.91,24.12,26.4,28.83,30.04,0.79,0.64,0.85,0.93,1.31
12/6/2021 12:30,18.271,8.8,60.45,4090,49.3,32.35,18.98,373.023617,73.71,79.13,75.28,76.62,70.11,23.93,24.13,26.45,28.9,29.72,0.78,0.63,0.85,0.93,1.25
12/6/2021 12:45,18.204,8.72,60.28,4082,49.3,32.3,19.13,320.75317,73.94,79.27,75.82,76.92,71.08,23.96,24.16,26.48,28.94,29.5,0.78,0.62,0.84,0.92,1.19
12/6/2021 13:00,18.368,8.81,60.81,4076,49,32.51,19.17,287.54993,74.37,79.8,76.18,77.45,72.24,23.99,24.18,26.53,28.95,29.28,0.76,0.61,0.83,0.9,1.13
12/6/2021 13:15,18.32,8.77,60.67,4071,49,32.58,19.27,269.797703,74.75,80.1,76.76,77.59,73.12,23.98,24.18,26.53,28.92,29.05,0.75,0.6,0.81,0.89,1.08
12/6/2021 13:30,18.42,8.81,61.01,4065,49,32.63,19.27,513.726456,74.98,80.5,77.14,78.14,74.03,24.03,24.14,26.51,28.91,28.86,0.75,0.59,0.79,0.87,1.03
12/6/2021 13:45,17.934,8.65,59.32,4060,49.1,32.97,19.27,277.030092,75.2,81,77.93,78.38,74.6,24,24.05,26.5,28.89,28.68,0.74,0.57,0.76,0.86,1
12/6/2021 14:00,18.633,8.61,62.04,4055,49,32.8,19.22,243.00499,75.26,81.1,77.94,78.64,75.22,23.99,24.03,26.35,28.82,28.53,0.74,0.56,0.76,0.85,0.97
12/6/2021 14:15,18.465,8.57,61.44,4050,49.1,32.8,19.36,235.443856,75.49,81.3,78.19,78.76,75.74,23.99,24.05,26.46,28.75,28.34,0.73,0.56,0.75,0.84,0.94
12/6/2021 14:30,18.269,8.57,60.69,4046,49.1,32.99,19.22,409.678679,75.64,81.6,78.39,79.26,76.14,23.96,23.99,26.47,28.58,28.18,0.73,0.55,0.75,0.81,0.91
12/6/2021 14:45,18.164,8.57,60.29,4042,48.8,32.97,19.24,217.856001,75.67,81.9,78.68,78.97,76.38,23.93,23.86,26.42,28.47,27.99,0.72,0.54,0.73,0.82,0.89
12/6/2021 15:00,18.06,8.57,59.89,4039,48.8,32.87,19.27,195.830089,75.6,82.3,78.21,79.29,76.48,23.91,23.78,26.4,28.22,27.82,0.72,0.52,0.75,0.79,0.88
12/6/2021 15:15,17.985,8.49,59.69,4035,48.9,32.99,19.22,202.569361,75.52,82.3,77.23,79.55,76.74,23.91,23.71,26.22,28.05,27.67,0.73,0.52,0.78,0.78,0.86
12/6/2021 15:30,17.809,8.57,58.93,4033,48.9,33.04,19.17,145.696484,75.39,82.5,78.03,79.65,76.43,23.87,23.62,26.08,27.82,27.52,0.73,0.51,0.74,0.76,0.87
12/6/2021 15:45,17.5,8.52,57.8,4032,49,33.16,19.17,244.484342,75.21,82.5,77.64,79.09,75.88,23.81,23.51,25.88,27.43,27.21,0.73,0.51,0.75,0.76,0.87
12/6/2021 16:00,17.724,8.49,58.69,4030,48.9,33.13,19.2,125.807415,74.89,82.5,77.96,79.38,75.89,23.72,23.37,25.73,27.01,26.97,0.74,0.5,0.73,0.74,0.86
12/6/2021 16:15,17.118,8.48,56.38,4029,49,33.09,19.1,100.822799,74.92,82.6,77.74,79.07,75.39,23.64,23.27,25.59,26.73,26.8,0.73,0.5,0.73,0.73,0.87
12/6/2021 16:30,16.862,8.37,55.52,4029,49.3,33.18,18.93,77.153162,74.75,82.6,78.01,78.15,74.77,23.59,23.23,25.46,26.3,26.41,0.74,0.5,0.72,0.75,0.87
12/6/2021 16:45,15.897,8.33,51.87,4028,49,33.37,19.05,30.964497,74.52,83.1,77.97,77.35,74.41,23.54,23.09,25.33,25.74,25.88,0.74,0.48,0.71,0.75,0.85
12/6/2021 17:00,15.385,8.08,50.18,4028,49,33.78,19.15,28.005792,74.36,84.1,77.4,76.98,74.18,23.48,22.83,25.07,25.14,25.32,0.74,0.44,0.72,0.74,0.83
12/6/2021 17:15,14.676,7.9,47.66,4030,49,33.97,19.36,2.034941,76.19,81.3,78.29,77.38,74.56,23.49,23.43,24.73,24.75,25.1,0.69,0.54,0.68,0.71,0.81
12/6/2021 17:30,13.819,7.63,44.67,4033,49.1,34.57,19.56,-3.553723,77.54,75.41,78.61,77.62,74.24,23.36,24.77,24.57,24.66,25.12,0.64,0.77,0.66,0.69,0.82
12/6/2021 17:45,13.276,7.37,42.87,4036,49,35.19,19.91,-4.04684,77.88,75.53,77.65,76.95,73.63,23.12,24.6,24.5,24.52,24.99,0.63,0.76,0.69,0.71,0.83
12/6/2021 18:00,12.374,7.11,39.7,4041,49,35.74,20.3,-4.375585,78.36,76.54,75.67,76.11,72.82,22.77,24.13,24.63,24.38,24.86,0.6,0.71,0.75,0.73,0.85
12/6/2021 18:15,12.106,6.76,39.05,4044,49,36.58,20.82,-4.70433,79.45,80.8,76.42,77.45,73.96,22.4,23.38,24.87,24.27,24.77,0.56,0.55,0.74,0.68,0.81
12/6/2021 18:30,11.068,6.35,35.52,4047,49,36.82,21.35,-3.882468,81.3,84.3,76.65,78.7,75.1,22.2,22.8,25.01,24.27,24.81,0.5,0.44,0.74,0.65,0.78
12/6/2021 18:45,10.639,6.07,34.18,4053,49.3,37.49,21.97,-4.375585,81.8,85,75.95,77.73,74.29,22.08,22.55,25,24.39,24.86,0.48,0.41,0.76,0.68,0.81
12/6/2021 19:00,10.739,5.84,34.81,4056,49.3,38.01,22.35,-4.04684,81.7,85.2,75.96,77.18,73.72,22.02,22.38,24.88,24.39,24.88,0.48,0.4,0.76,0.7,0.83
12/6/2021 19:15,10.194,5.49,33.1,4060,49.3,38.78,22.88,-4.539958,81.6,85.3,76.06,76.75,73.42,21.93,22.26,24.77,24.36,24.85,0.48,0.39,0.75,0.71,0.83
12/6/2021 19:30,4.43,5.3,11.24,4064,49.3,38.92,23.31,-4.211213,81.5,85.3,75.88,76.18,73.02,21.86,22.18,24.67,24.38,24.83,0.48,0.39,0.75,0.73,0.85
12/6/2021 19:45,4.316,5.11,11.01,4068,48.9,39.4,23.81,-4.868703,81.4,85.1,75.98,75.83,72.63,21.77,22.12,24.56,24.35,24.8,0.48,0.4,0.74,0.74,0.86
12/6/2021 20:00,4.166,4.92,10.64,4072,49.3,39.88,24.12,-4.211213,81.5,85,75.96,75.6,72.38,21.67,22.01,24.47,24.3,24.76,0.48,0.4,0.74,0.74,0.86
12/6/2021 20:15,4.034,4.71,10.36,4075,49.3,40.07,24.55,-4.375585,81.5,85.1,75.83,75.26,72.22,21.59,21.94,24.42,24.33,24.72,0.48,0.39,0.74,0.75,0.87
12/6/2021 20:30,3.926,4.57,10.1, ,49.4,40.33,24.96,-4.539958,81.7,85.3,76.15,75.21,72.13,21.54,21.88,24.3,24.29,24.71,0.47,0.39,0.72,0.75,0.87
12/6/2021 20:45,3.843,4.47,9.89,4081,49.3,40.52,25.32,-4.375585,81.8,85.4,76.03,75.08,72.02,21.5,21.83,24.3,24.26,24.72,0.47,0.38,0.73,0.76,0.87
12/6/2021 21:00,3.757,4.32,9.72,4083,49,40.9,25.44,-5.197448,81.9,85.4,76.45,74.93,71.96,21.47,21.8,24.17,24.28,24.71,0.46,0.38,0.71,0.76,0.87
12/6/2021 21:15,3.658,4.23,9.44,4087,49.1,40.98,25.79,-4.539958,81.9,85.4,76.42,74.94,71.9,21.45,21.76,24.17,24.27,24.7,0.46,0.38,0.71,0.76,0.87
12/6/2021 21:30,3.583,4.12,9.27,4089,49.3,41.05,25.94,-4.375585,82,85.5,76.74,74.97,71.91,21.43,21.74,24.1,24.27,24.69,0.46,0.38,0.7,0.76,0.87
12/6/2021 21:45,3.5,4.01,9.07,4092,49,41.48,26.23,-4.211213,82.1,85.7,77.06,74.88,71.86,21.43,21.7,24.02,24.27,24.7,0.46,0.37,0.69,0.76,0.88
12/6/2021 22:00,3.452,3.99,8.91,4095,49.1,41.36,26.32,-4.70433,82.1,85.8,77.2,74.75,71.83,21.42,21.66,23.94,24.29,24.68,0.46,0.37,0.68,0.77,0.88
12/6/2021 22:15,3.401,3.94,8.77,4097,49.3,41.43,26.56,-4.70433,82.1,85.8,77.13,74.82,71.86,21.41,21.68,23.96,24.27,24.68,0.46,0.37,0.68,0.76,0.87
12/6/2021 22:30,3.364,3.9,8.67,4099,49.4,41.55,26.75,-4.539958,82.3,85.8,77.35,74.85,71.81,21.38,21.65,23.93,24.26,24.7,0.45,0.37,0.67,0.76,0.88
12/6/2021 22:45,3.289,3.81,8.48,4102,49.4,41.79,26.85,-3.882468,82.3,85.9,77.11,74.78,71.74,21.33,21.62,23.96,24.27,24.68,0.45,0.36,0.68,0.76,0.88
12/6/2021 23:00,3.278,3.77,8.48,4105,49.5,41.88,27.01,-4.539958,82.3,85.9,77.13,74.57,71.7,21.34,21.6,23.93,24.3,24.7,0.45,0.36,0.68,0.77,0.88
12/6/2021 23:15,3.2,3.68,8.28,4106,49.4,41.69,26.87,-5.033075,82.3,85.9,77.11,74.42,71.6,21.34,21.57,23.89,24.3,24.68,0.45,0.36,0.68,0.78,0.88
12/6/2021 23:30,3.179,3.66,8.22,4109,49.3,42.08,27.21,-4.211213,82.2,85.8,77.45,74.44,71.43,21.32,21.57,23.77,24.26,24.69,0.45,0.37,0.66,0.77,0.89
12/6/2021 23:45,3.141,3.62,8.12,4110,49.3,41.98,27.32,-4.211213,82.2,85.7,77.25,74.25,71.37,21.27,21.59,23.83,24.29,24.68,0.45,0.37,0.67,0.78,0.89
12/7/2021 0:00,3.104,3.57,8.03,4112,49.4,41.96,27.4,-4.70433,82.4,85.6,77.24,74.42,71.43,21.27,21.59,23.82,24.24,24.67,0.45,0.37,0.67,0.77,0.89
12/7/2021 0:15,3.046,3.55,7.83,4118,49.3,42.67,27.61,-5.033075,83.7,87.4,78.62,78.19,72.52,21.26,21.57,23.97,23.9,24.64,0.41,0.32,0.64,0.65,0.85
12/7/2021 0:30,2.97,3.4,7.7,4123,49.3,42.6,27.97,-3.882468,85.9,90.5,82.8,82.5,75.26,20.88,21.04,23.29,23.22,24.33,0.35,0.24,0.49,0.5,0.75
12/7/2021 0:45,2.863,3.28,7.42,4125,49.1,42.84,28.19,-4.375585,86.8,92,84.5,83,76.78,20.7,20.7,22.86,23.19,24.14,0.32,0.2,0.43,0.48,0.7
12/7/2021 1:00,2.807,3.23,7.26,4128,49.1,43.13,28.35,-4.211213,87.3,92.7,84.3,81.9,76.26,20.6,20.57,22.88,23.34,24.19,0.31,0.18,0.44,0.52,0.72
12/7/2021 1:15,2.696,3.03,7.05,4132,49.3,43.2,28.57,-4.868703,87.7,93.1,84,83,76.29,20.64,20.56,23.14,23.29,24.24,0.3,0.17,0.45,0.49,0.72
12/7/2021 1:30,2.693,3.03,7.04,4137,48.9,43.27,28.81,-4.375585,88,93.6,85.9,84.5,77.08,20.62,20.46,22.78,23.01,24.12,0.29,0.15,0.39,0.44,0.69
12/7/2021 1:45,2.631,2.95,6.89,4140,49.3,43.37,28.97,-4.539958,88.1,93.8,86.1,83.8,77.45,20.49,20.32,22.62,23.09,24.04,0.29,0.15,0.38,0.46,0.67
12/7/2021 2:00,2.616,2.99,6.79,4143,49.3,43.37,28.97,-4.539958,88.3,94,85.1,82.3,76.82,20.47,20.28,22.74,23.36,24.15,0.28,0.14,0.41,0.51,0.7
12/7/2021 2:15,2.555,2.9,6.65,4147,49,43.51,29.05,-4.868703,88.4,94.1,84.8,83.4,76.71,20.49,20.32,23,23.27,24.21,0.28,0.14,0.43,0.47,0.7
12/7/2021 2:30,2.52,2.87,6.55,4150,49.1,43.82,29.12,-4.211213,88.4,94.3,86.9,84.3,77.1,20.41,20.22,22.52,23.03,24.12,0.28,0.14,0.36,0.44,0.69
12/7/2021 2:45,2.506,2.83,6.54,4151,49.1,44.08,29.38,-4.375585,88.5,94.5,86,83.6,77.32,20.4,20.19,22.67,23.12,24.05,0.28,0.13,0.39,0.46,0.68
12/7/2021 3:00,2.502,2.87,6.48,4153,49.4,44.04,29.57,-4.211213,88.5,94.5,85.2,82.3,76.59,20.25,20.06,22.67,23.29,24.12,0.27,0.13,0.41,0.51,0.7
12/7/2021 3:15,2.51,2.88,6.5,4155,49.4,44.11,29.6,-4.868703,88.6,94.4,84.5,81.4,76,20.15,20,22.72,23.34,24.16,0.27,0.13,0.43,0.53,0.72
12/7/2021 3:30,2.48,2.83,6.44,4158,49.3,44.18,29.45,-4.539958,88.6,94.4,83.8,80.6,75.49,20.06,19.94,22.8,23.44,24.19,0.27,0.13,0.45,0.56,0.74
12/7/2021 3:45,2.51,2.88,6.5,4160,49.3,44.13,29.62,-4.868703,88.7,94.3,83.5,80.1,75.18,19.98,19.92,22.79,23.48,24.22,0.26,0.13,0.46,0.58,0.75
12/7/2021 4:00,2.467,2.83,6.39,4162,49.4,44.01,29.4,-4.539958,88.7,94.2,83.2,79.75,74.93,19.97,19.91,22.82,23.5,24.25,0.26,0.13,0.47,0.59,0.76
12/7/2021 4:15,2.494,2.88,6.44,4163,49.3,44.13,29.6,-4.539958,88.7,94.1,82.7,79.04,74.72,19.92,19.89,22.9,23.61,24.26,0.26,0.14,0.48,0.61,0.77
12/7/2021 4:30,2.48,2.83,6.44,4165,49,44.08,29.57,-4.868703,88.7,93.9,82.5,78.62,74.53,19.9,19.93,22.92,23.67,24.27,0.26,0.14,0.49,0.63,0.77
12/7/2021 4:45,2.486,2.87,6.42,4167,49.1,44.04,29.67,-4.70433,88.6,93.6,82.3,78.42,74.37,19.89,19.96,22.93,23.68,24.31,0.26,0.15,0.5,0.63,0.78
12/7/2021 5:00,2.482,2.82,6.46,4168,49.3,44.13,29.5,-4.375585,88.5,93.4,82.1,78.33,74.18,19.92,20.01,23.02,23.73,24.36,0.27,0.15,0.5,0.64,0.79
12/7/2021 5:15,2.494,2.86,6.46,4171,49.4,44.01,29.45,-4.375585,88.4,93.1,82,77.8,73.96,19.91,20.08,23.05,23.85,24.45,0.27,0.16,0.51,0.66,0.8
12/7/2021 5:30,2.507,2.86,6.51,4173,49.1,44.01,29.45,-4.539958,88.3,92.9,81.8,77.74,73.77,19.95,20.13,23.08,23.87,24.47,0.27,0.17,0.51,0.66,0.81
12/7/2021 5:45,2.514,2.83,6.57,4174,49,44.18,29.4,-4.539958,88.1,92.6,81.5,77.6,73.57,19.96,20.17,23.14,23.86,24.52,0.28,0.17,0.52,0.66,0.81
12/7/2021 6:00,2.531,2.91,6.55,4175,49,44.11,29.38,-4.211213,88,92.5,81.5,77.32,73.45,20.01,20.2,23.12,23.92,24.53,0.28,0.18,0.52,0.67,0.82
12/7/2021 6:15,2.51,2.78,6.61,4177,49.1,44.15,29.43,-4.868703,87.7,92.1,81.1,77.13,73.21,20.03,20.23,23.22,23.93,24.56,0.29,0.19,0.54,0.68,0.83
12/7/2021 6:30,2.532,2.84,6.63,4178,49.1,44.39,29.33,-4.70433,87.5,91.9,80.7,76.63,72.96,20.03,20.25,23.23,23.94,24.55,0.29,0.19,0.55,0.69,0.83
12/7/2021 6:45,2.532,2.84,6.63,4179,49.3,44.3,29.29,-4.375585,87.3,91.4,80.6,76.76,72.81,20.03,20.26,23.2,23.86,24.52,0.3,0.2,0.55,0.69,0.84
12/7/2021 7:00,2.573,2.93,6.69,4180,49.3,44.39,29.33,-3.553723,87.1,91.1,80.5,76.62,72.82,20.04,20.29,23.16,23.85,24.5,0.3,0.21,0.55,0.69,0.84
12/7/2021 7:15,2.581,2.94,6.71,4181,49.3,43.77,29,-0.101901,86.9,88,79.92,77.02,72.94,20.78,21.25,23.47,23.92,24.62,0.32,0.3,0.58,0.68,0.84
12/7/2021 7:30,2.627,2.98,6.84,4182,49.1,43.75,28.88,9.431703,79.24,82.9,80.3,77.67,73.13,22.97,22.59,23.63,24.01,24.8,0.58,0.47,0.57,0.67,0.84
12/7/2021 7:45,2.734,3.13,7.09,4184,49,42.72,28.31,24.882715,75.68,82.6,80.2,77.63,73.25,23.8,22.81,23.76,24.14,24.9,0.72,0.48,0.58,0.67,0.84
12/7/2021 8:00,2.805,3.26,7.22,4184,49.1,42.67,27.99,49.045469,73.47,82.9,80.1,77.72,73.12,24.21,22.9,23.96,24.3,25.06,0.8,0.48,0.59,0.68,0.85
12/7/2021 8:15,2.941,3.4,7.59,4185,49.4,42.48,27.52,56.277858,72.54,83,80.2,77.82,73.47,24.55,23.02,24.13,24.45,25.18,0.85,0.48,0.6,0.68,0.85
12/7/2021 8:30,3.013,3.48,7.78,4185,48.9,41.96,27.18,76.660045,72.55,83.5,80.3,78.21,73.82,24.71,23.11,24.28,24.56,25.28,0.85,0.47,0.6,0.67,0.84
12/7/2021 8:45,3.104,3.6,8, ,49.3,41.55,26.89,86.522393,73.04,84.1,80.6,78.59,74.22,24.8,23.18,24.42,24.7,25.41,0.84,0.45,0.59,0.67,0.84
12/7/2021 9:00,3.219,3.71,8.32,4186,49.1,40.95,26.18,112.328872,73.57,84.3,80.8,78.93,74.43,24.9,23.38,24.63,24.86,25.61,0.83,0.45,0.59,0.66,0.84
12/7/2021 9:15,3.397,3.99,8.7,4186,49.4,40.11,25.65,143.230897,74.2,84.7,81,79.31,74.82,25,23.57,24.84,25.06,25.79,0.82,0.44,0.6,0.66,0.84
12/7/2021 9:30,3.513,4.14,8.98,4186,49.4,39.47,24.96,119.396888,74.66,85.1,81.5,79.74,75.1,25.2,23.8,25.06,25.27,26.03,0.81,0.44,0.59,0.65,0.84
12/7/2021 9:45,3.74,4.51,9.45,4188,49.5,38.82,24.29,174.62604,74.78,85.3,81.8,80.2,75.56,25.4,24.02,25.27,25.48,26.22,0.82,0.44,0.59,0.65,0.83
12/7/2021 10:00,4.162,5.12,10.41,4187,49.3,36.84,22.69,252.538593,74.97,85.8,82.1,80.6,75.44,25.57,24.18,25.44,25.67,26.55,0.82,0.43,0.58,0.64,0.85
12/7/2021 10:15,4.456,5.69,10.92,4186,49.5,35.76,21.59,392.748314,75.87,85.7,82.3,80.9,75.77,25.82,24.56,25.82,26.13,27.39,0.8,0.44,0.59,0.65,0.88
12/7/2021 10:30,10.983,6.02,35.55,4186,49.1,35.19,21.25,443.210664,77.5,85.9,82.9,82.1,76.88,25.96,24.97,26.18,26.48,27.98,0.75,0.45,0.58,0.62,0.87
12/7/2021 10:45,10.78,6.03,34.76,4186,49.1,35.45,21.06,236.265718,78.58,86.2,83.4,83.2,78.04,26.08,25.25,26.41,26.68,28.21,0.72,0.44,0.57,0.59,0.84
12/7/2021 11:00,11.822,6.69,38.04,4185,49.5,34.38,20.25,291.987987,79.13,86.5,83.9,84.4,80.3,26.13,25.36,26.51,26.75,28.45,0.71,0.44,0.56,0.55,0.76
12/7/2021 11:15,11.617,6.61,37.34,4184,49.6,34.81,20.49,205.85681,79.91,86.9,84.3,86.5,80.3,26.27,25.57,26.71,27.27,29.57,0.69,0.43,0.55,0.49,0.82
12/7/2021 11:30,12.161,6.76,39.26,4183,49.6,34.78,20.39,219.499726,80.6,87.1,84.8,85.5,77.85,26.35,25.73,26.83,27.63,29.23,0.67,0.43,0.54,0.54,0.9
12/7/2021 11:45,12.142,6.84,39.1,4183,49.5,34.9,20.27,322.232523,80.9,87.3,84.9,85.4,78.67,26.41,25.83,26.92,27.64,28.82,0.66,0.42,0.54,0.54,0.85
12/7/2021 12:00,13.022,7.21,42.07,4181,49.4,34.26,19.77,320.75317,81.1,87.3,85,86.5,79.95,26.49,25.89,27,27.65,28.84,0.65,0.42,0.53,0.5,0.8
12/7/2021 12:15,12.178,6.82,39.26,4179,49.5,35.57,20.56,171.502963,81.5,87.5,85.4,86.5,79.59,26.56,26.03,27.08,27.91,29.06,0.64,0.42,0.52,0.51,0.82
12/7/2021 12:30,11.968,7.03,38.23,4180,49.4,35.57,20.58,109.863285,81.6,87.7,85.7,85.3,80.3,26.54,25.94,27.06,27.59,28.52,0.64,0.41,0.51,0.54,0.77
12/7/2021 12:45,13.485,7.52,43.51,4179,49.3,34.45,20.01,220.321588,81.3,87.6,85.4,85.8,80.5,26.47,25.89,26.94,27.24,28.22,0.65,0.41,0.52,0.51,0.75
12/7/2021 13:00,15.104,8.12,49.06,4174,49.4,33.23,19.27,362.996896,81.1,87.6,85.5,88,81.1,26.5,25.85,26.92,27.27,28.54,0.65,0.41,0.51,0.43,0.74
12/7/2021 13:15,14.573,8.06,47.09,4170,49.5,33.49,19.27,260.921589,81.9,88.3,86.3,89,81.4,26.59,25.96,27.02,28.01,29.27,0.63,0.39,0.49,0.42,0.76
12/7/2021 13:30,12.974,7.79,41.26,4170,49.5,34.4,19.89,126.958022,82.6,88.8,86.9,87.1,81.4,26.67,26.06,27.14,28.35,29.18,0.61,0.38,0.47,0.5,0.75
12/7/2021 13:45,15.539,8.19,50.65,4167,49.4,32.97,19.05,320.917543,82.5,88.7,87,86.5,81.7,26.71,26.09,27.17,28.09,28.75,0.61,0.38,0.47,0.51,0.72
12/7/2021 14:00,15.017,8.34,48.49,4164,49.1,32.99,19.03,161.476242,82.6,88.8,87,88.3,83,26.85,26.16,27.22,28.23,29,0.61,0.38,0.47,0.45,0.68
12/7/2021 14:15,15.148,8.37,48.96,4162,49.4,32.94,19.01,313.027664,82.8,89,87.2,87.6,83,26.86,26.2,27.29,28.37,28.97,0.61,0.37,0.46,0.48,0.68
12/7/2021 14:30,15.229,8.37,49.27,4158,49.3,33.13,19.01,224.4309,82.9,89,87.2,88.1,83.5,26.89,26.25,27.36,28.37,28.94,0.61,0.38,0.47,0.46,0.66
12/7/2021 14:45,15,8.26,48.51,4157,49.4,33.01,19.05,250.894868,83,89.2,87.3,87.8,83.4,26.93,26.25,27.39,28.47,29.01,0.6,0.37,0.46,0.47,0.67
12/7/2021 15:00,15.684,8.37,51.01,4155,49.4,32.68,18.86,203.88434,83.1,89.4,87.4,88.2,83.8,26.96,26.27,27.39,28.45,29,0.6,0.36,0.46,0.46,0.65
12/7/2021 15:15,15.815,8.52,51.35,4151,49.4,32.92,18.96,213.582317,83.3,89.5,87.6,88.7,84.1,26.98,26.29,27.42,28.63,29.11,0.59,0.36,0.45,0.44,0.64
12/7/2021 15:30,16.026,8.37,52.32,4147,49.3,32.73,18.89,210.459239,83.5,89.7,87.9,89,84.2,27.08,26.36,27.44,28.86,29.36,0.59,0.35,0.44,0.44,0.65
12/7/2021 15:45,16.042,8.37,52.38,4146,49.1,32.87,18.96,173.475433,83.8,89.9,88.3,88.9,84,27.11,26.41,27.49,29.03,29.56,0.58,0.35,0.43,0.45,0.66
12/7/2021 16:00,15.883,8.41,51.73,4143,49.3,33.04,18.93,124.16369,83.7,90,88.3,88.4,83.4,27.13,26.41,27.5,29.07,29.6,0.59,0.34,0.43,0.47,0.69
12/7/2021 16:15,15.586,8.45,50.55,4142,49.3,33.13,19.01,133.204176,83.6,89.9,88.3,87.9,83.1,27.12,26.37,27.46,28.92,29.51,0.59,0.35,0.43,0.48,0.7
12/7/2021 16:30,14.849,8.3,47.89,4142,49.4,33.35,19.13,89.316725,83.4,89.8,88.2,87.4,82.7,27.04,26.29,27.34,28.63,29.22,0.59,0.35,0.43,0.49,0.7
12/7/2021 16:45,14.298,8.19,45.9,4141,49.5,34.21,19.58,43.949922,83.2,89.7,88.1,87,82.8,26.89,26.12,27.18,28.22,28.78,0.6,0.35,0.43,0.5,0.68
12/7/2021 17:00,12.86,7.73,40.89, ,49.1,35.29,20.22,23.89648,82.9,89.6,88,86.5,82.7,26.73,25.91,26.97,27.72,28.23,0.6,0.35,0.43,0.5,0.66
12/7/2021 17:15,12.058,7.34,38.24,4141,49.3,36.7,21.16,0.555589,82,89.1,87.9,86.5,83.1,26.41,25.56,26.71,27.14,27.59,0.62,0.36,0.42,0.49,0.62
12/7/2021 17:30,11.108,6.76,35.23,4142,49.1,37.94,22.28,-3.882468,81.5,88.6,87.7,87.1,83.7,26.01,25.2,26.29,26.5,26.87,0.62,0.37,0.42,0.45,0.58
12/7/2021 17:45,4.8,6.12,11.77,4142,49.1,39.21,23.09,-4.539958,81.1,87.4,87.5,87.3,84,25.7,25.05,25.79,25.93,26.3,0.62,0.4,0.41,0.43,0.55
12/7/2021 18:00,4.499,5.72,11.05,4144,49.5,40.19,24.12,-4.70433,81.2,85.1,87.2,87,83.4,25.15,25.17,25.36,25.46,25.95,0.6,0.48,0.41,0.42,0.56
12/7/2021 18:15,4.215,5.24,10.48,4145,49.5,40.93,24.89,-4.211213,82.3,84.9,85.6,86.3,82.4,24.49,24.88,25.3,25.18,25.75,0.54,0.47,0.46,0.44,0.58
12/7/2021 18:30,3.982,4.88,9.98,4148,49.6,41.84,25.6,-4.04684,83.2,86.4,83.2,85.4,81.4,23.94,24.19,25.47,25.04,25.61,0.5,0.41,0.55,0.46,0.61
12/7/2021 18:45,3.805,4.62,9.58,4148,49.5,42.31,26.13,-4.70433,83.9,87.4,81.7,84.4,80.5,23.49,23.65,25.5,24.93,25.49,0.47,0.37,0.6,0.49,0.64
12/7/2021 19:00,3.636,4.41,9.16,4151,49.4,42.84,26.7,-4.211213,84.3,88.3,81.1,83.5,79.78,23.11,23.18,25.35,24.81,25.36,0.44,0.33,0.61,0.52,0.65
12/7/2021 19:15,3.479,4.17,8.82,4153,49.5,43.06,27.25,-4.375585,84.6,88.7,80.8,82.8,79.19,22.8,22.84,25.18,24.71,25.24,0.43,0.31,0.61,0.54,0.67
12/7/2021 19:30,3.309,3.91,8.45,4154,49.6,43.25,27.64,-4.70433,84.8,89,80.6,82,78.64,22.52,22.58,25.02,24.65,25.15,0.41,0.3,0.62,0.56,0.68
12/7/2021 19:45,3.183,3.75,8.14,4156,49.4,43.58,27.99,-4.375585,85.1,89.2,80.2,81.6,78.28,22.3,22.37,24.95,24.56,25.08,0.4,0.29,0.63,0.57,0.69
12/7/2021 20:00,3.091,3.6,7.95,4158,49.5,43.94,28.23,-4.375585,85.3,89.3,80.5,81.1,77.89,22.15,22.19,24.73,24.53,25,0.39,0.29,0.61,0.58,0.7
12/7/2021 20:15,3.002,3.56,7.65,4159,49.3,43.99,28.62,-4.211213,85.4,89.4,80.7,80.6,77.52,22,22.08,24.58,24.52,24.97,0.39,0.28,0.6,0.6,0.71
12/7/2021 20:30,2.923,3.41,7.51,4161,49.5,44.27,28.71,-4.70433,85.4,89.4,80.9,80,77.02,21.9,21.95,24.42,24.5,24.94,0.38,0.28,0.58,0.61,0.73
12/7/2021 20:45,2.867,3.35,7.36,4161,49.6,44.3,28.78,-4.868703,85.4,89.4,81.1,79.71,76.69,21.79,21.85,24.24,24.46,24.89,0.38,0.28,0.57,0.62,0.73
12/7/2021 21:00,2.791,3.23,7.2,4164,49.5,44.39,28.97,-4.375585,85.4,89.4,81.1,79.3,76.28,21.67,21.75,24.14,24.41,24.86,0.38,0.28,0.57,0.63,0.75
12/7/2021 21:15,2.783,3.23,7.17,4167,49.3,44.37,29.19,-4.539958,85.4,89.3,81.1,79.26,76.02,21.58,21.66,24.04,24.34,24.83,0.38,0.28,0.57,0.63,0.75
12/7/2021 21:30,2.7,3.13,6.96,4170,49.3,44.51,29.12,-4.70433,85.4,89.4,81.4,78.93,75.83,21.47,21.6,23.91,24.35,24.81,0.37,0.27,0.55,0.64,0.76
12/7/2021 21:45,2.684,3.11,6.92,4170,49.3,44.27,29.29,-4.211213,85.4,89.3,81.1,78.63,75.56,21.4,21.52,23.89,24.33,24.79,0.37,0.27,0.56,0.65,0.76
12/7/2021 22:00,2.657,3.07,6.86,4172,49.4,44.49,29.29,-4.375585,85.4,89.3,80.8,78.48,75.37,21.33,21.46,23.88,24.29,24.75,0.37,0.27,0.57,0.65,0.77
12/7/2021 22:15,2.635,3.02,6.83,4172,49.5,44.3,29.36,-4.70433,85.4,89.2,80.9,78.19,75.11,21.29,21.39,23.78,24.29,24.73,0.37,0.28,0.56,0.66,0.78
12/7/2021 22:30,2.602,2.94,6.79,4174,49.3,44.99,29.45,-4.375585,85.4,89.2,80.8,77.8,74.88,21.23,21.37,23.74,24.3,24.72,0.37,0.27,0.56,0.67,0.78
12/7/2021 22:45,2.594,2.93,6.77,4174,49.4,44.75,29.4,-4.375585,85.3,89.1,80.7,77.78,74.67,21.18,21.33,23.68,24.24,24.69,0.37,0.28,0.56,0.67,0.79
12/7/2021 23:00,2.579,2.97,6.67,4175,49.1,44.68,29.45,-4.375585,85.3,89.1,80.8,77.59,74.47,21.11,21.25,23.61,24.22,24.7,0.37,0.28,0.56,0.68,0.79
12/7/2021 23:15,2.579,2.93,6.71,4175,49.4,44.82,29.57,-4.70433,85.3,89,80.7,77.35,74.22,21.06,21.2,23.61,24.2,24.68,0.37,0.28,0.56,0.68,0.8
12/7/2021 23:30,2.582,2.98,6.67,4176,49.4,44.68,29.45,-4.539958,85.3,89,80.3,76.97,74.04,21.01,21.18,23.6,24.21,24.67,0.37,0.28,0.57,0.7,0.81
12/7/2021 23:45,2.533,2.89,6.58,4176,49.4,45.02,29.52,-4.70433,85.2,88.8,80.5,76.98,73.82,20.96,21.15,23.52,24.16,24.65,0.37,0.28,0.57,0.69,0.81
12/8/2021 0:00,2.556,2.83,6.73,4177,49.3,44.85,29.45,-4.211213,85.1,88.7,80.1,76.83,73.61,20.94,21.11,23.54,24.14,24.64,0.37,0.28,0.58,0.7,0.82
12/8/2021 0:15,2.517,2.83,6.58,4179,49.3,45.21,29.52,-4.539958,85,88.6,79.91,76.39,73.35,20.91,21.1,23.52,24.17,24.61,0.37,0.29,0.58,0.71,0.82
12/8/2021 0:30,2.568,2.91,6.69,4180,49.1,44.87,29.48,-4.70433,84.8,88.5,79.99,76.36,73.25,20.86,21.07,23.45,24.13,24.58,0.37,0.29,0.58,0.71,0.83
12/8/2021 0:45,2.547,2.81,6.72,4180,49.1,45.14,29.31,-4.375585,84.8,88.4,79.97,76.22,73.04,20.82,21.01,23.39,24.09,24.57,0.37,0.29,0.58,0.71,0.83
12/8/2021 1:00,2.583,2.89,6.77,4180,49.3,44.9,29.38,-5.197448,84.7,88.2,79.7,75.95,72.76,20.77,20.97,23.36,24.05,24.58,0.38,0.29,0.58,0.72,0.84
12/8/2021 1:15,2.562,2.86,6.72, ,49.5,44.63,29.26,-4.211213,84.6,88.1,79.58,75.7,72.54,20.72,20.95,23.35,24.07,24.53,0.38,0.3,0.59,0.73,0.85
12/8/2021 1:30,2.562,2.86,6.72,4181,49.3,45.02,29.4,-4.539958,84.5,88.1,79.22,75.69,72.46,20.67,20.9,23.36,23.99,24.49,0.38,0.29,0.6,0.72,0.85
12/8/2021 1:45,2.569,2.86,6.75,4181,49.5,44.85,29.31,-4.868703,84.3,87.9,79.35,75.61,72.37,20.62,20.86,23.25,23.96,24.45,0.38,0.3,0.59,0.73,0.85
12/8/2021 2:00,2.562,2.86,6.72,4182,49.3,45.23,29.31,-4.539958,84.4,87.8,79.15,75.47,72.22,20.57,20.82,23.25,23.93,24.42,0.38,0.3,0.59,0.73,0.85
12/8/2021 2:15,2.582,2.85,6.81,4182,49.1,44.78,29.4,-4.375585,84.4,87.8,78.88,75.44,72.06,20.49,20.77,23.23,23.87,24.4,0.38,0.3,0.6,0.73,0.85
12/8/2021 2:30,2.583,2.91,6.75,4183,49.1,44.94,29.38,-4.375585,84.3,87.8,79.12,75.07,71.95,20.46,20.72,23.12,23.9,24.37,0.38,0.3,0.59,0.74,0.86
12/8/2021 2:45,2.599,2.91,6.81,4184,49.6,44.85,29.43,-4.375585,84.1,87.7,79.1,75.04,71.99,20.42,20.66,23.07,23.84,24.29,0.38,0.3,0.59,0.74,0.85
12/8/2021 3:00,2.59,2.85,6.84,4184,49.4,44.85,29.26,-4.539958,84.2,87.8,79.2,75.08,71.95,20.33,20.62,23,23.79,24.27,0.38,0.3,0.58,0.73,0.85
12/8/2021 3:15,2.637,2.96,6.9,4186,49.5,44.9,29.24,-4.539958,84.2,87.8,78.96,74.75,71.83,20.29,20.6,23.01,23.83,24.26,0.38,0.3,0.59,0.75,0.85
12/8/2021 3:30,2.607,2.91,6.84,4186,49.1,44.92,29.17,-4.539958,84.2,87.7,78.99,74.68,71.65,20.25,20.55,22.97,23.79,24.23,0.38,0.3,0.59,0.75,0.86
12/8/2021 3:45,2.617,2.89,6.9,4187,49.3,44.9,29.26,-4.539958,84.2,87.6,78.68,74.57,71.49,20.21,20.55,23,23.76,24.23,0.37,0.3,0.6,0.75,0.86
12/8/2021 4:00,2.629,2.95,6.88,4188,49.3,44.82,29.14,-4.70433,84.2,87.6,78.4,74.66,71.5,20.16,20.49,23.02,23.7,24.21,0.37,0.3,0.61,0.74,0.86
12/8/2021 4:15,2.658,3,6.94,4189,49.1,44.9,29.14,-4.375585,84.2,87.5,78.58,74.57,71.6,20.14,20.49,22.95,23.69,24.18,0.37,0.3,0.6,0.74,0.86
12/8/2021 4:30,2.647,2.96,6.94,4189,49.3,44.7,29.02,-4.375585,84.1,87.4,78.53,74.58,71.77,20.12,20.46,22.94,23.67,24.11,0.37,0.3,0.6,0.74,0.85
12/8/2021 4:45,2.666,3,6.97,4190,49.1,44.75,28.95,-4.539958,84.1,87.5,78.74,74.55,71.7,20.09,20.45,22.85,23.65,24.08,0.37,0.3,0.59,0.74,0.85
12/8/2021 5:00,2.701,3.03,7.07,4191,49.3,44.25,28.88,-4.539958,84.2,87.4,78.54,74.45,71.52,20.09,20.44,22.9,23.65,24.12,0.37,0.3,0.6,0.75,0.86
12/8/2021 5:15,2.699,3.08,7.01,4192,49.3,44.39,29,-4.539958,84.2,87.4,78.41,74.55,71.42,20.07,20.42,22.95,23.58,24.12,0.37,0.3,0.6,0.74,0.86
12/8/2021 5:30,2.76,3.12,7.2,4193,49.3,44.27,28.83,-4.539958,84.2,87.5,78.47,74.4,71.28,20.03,20.4,22.87,23.6,24.14,0.37,0.3,0.6,0.75,0.86
12/8/2021 5:45,2.742,3.12,7.13,4194,49.1,44.49,28.85,-4.539958,84.1,87.2,78.25,74.26,71.11,20.06,20.43,22.9,23.61,24.15,0.37,0.31,0.61,0.75,0.87
12/8/2021 6:00,2.731,3.08,7.13,4194,49.3,44.56,28.78,-4.539958,84,87.3,78.34,74.31,70.9,20.05,20.39,22.86,23.58,24.16,0.38,0.3,0.6,0.75,0.88
12/8/2021 6:15,2.779,3.13,7.26,4195,49.1,44.49,28.74,-4.375585,83.8,87.1,78.56,74.08,70.72,20.01,20.4,22.78,23.6,24.18,0.38,0.31,0.59,0.76,0.88
12/8/2021 6:30,2.798,3.17,7.29,4196,49,44.39,28.69,-4.539958,83.7,87.1,78.23,73.71,70.6,19.98,20.37,22.79,23.63,24.14,0.38,0.31,0.6,0.77,0.88
12/8/2021 6:45,2.813,3.16,7.36,4196,49,44.49,28.57,-4.539958,83.7,86.9,78.28,73.71,70.52,19.93,20.36,22.74,23.56,24.14,0.38,0.31,0.6,0.76,0.89
12/8/2021 7:00,2.809,3.21,7.29,4197,49.1,44.15,28.57,-3.882468,83.7,86.9,77.83,73.79,70.4,19.93,20.33,22.83,23.54,24.14,0.38,0.31,0.62,0.76,0.89
12/8/2021 7:15,2.87,3.24,7.49,4198,49,43.25,28.16,-1.252508,83.8,83.1,77.34,74.14,70.25,20.38,21.47,23.12,23.61,24.34,0.39,0.43,0.64,0.75,0.91
12/8/2021 7:30,2.899,3.28,7.56, ,49.3,43.27,27.78,8.281095,77.26,78.28,77.33,74.82,70.57,22.3,22.88,23.41,23.76,24.54,0.61,0.61,0.65,0.74,0.91
12/8/2021 7:45,2.975,3.4,7.72,4199,49.1,42.67,27.47,27.677047,72.1,79.14,77.55,75.14,70.99,23.57,22.88,23.56,23.88,24.63,0.81,0.58,0.65,0.74,0.9
12/8/2021 8:00,3.108,3.52,8.1,4200,49.4,42.31,27.09,40.826845,70.32,80,77.71,75.25,71.15,24.09,22.88,23.74,24.06,24.8,0.89,0.56,0.65,0.74,0.9
12/8/2021 8:15,3.186,3.65,8.26,4201,49.3,41.96,26.73,54.798506,69.54,80.6,77.85,75.66,71.49,24.49,22.96,23.96,24.22,24.96,0.94,0.54,0.66,0.74,0.9
12/8/2021 8:30,3.306,3.87,8.48,4201,49.5,41.53,26.23,78.30377,68.75,81.1,77.79,75.7,71.42,24.82,23.01,24.12,24.39,25.13,0.98,0.53,0.67,0.74,0.91
12/8/2021 8:45,3.405,3.99,8.73,4201,49.5,40.74,25.72,107.233325,69.34,81.9,78.19,76.11,71.85,24.93,23.11,24.32,24.58,25.33,0.97,0.51,0.66,0.74,0.91
12/8/2021 9:00,3.526,4.15,9.02,4202,49.4,39.9,25.08,116.766929,70.16,82.6,78.82,76.61,72.28,25.13,23.34,24.58,24.85,25.6,0.95,0.5,0.65,0.73,0.91
12/8/2021 9:15,3.627,4.34,9.2,4200,49.1,39.13,24.5,136.327253,71.14,83.1,79.31,77.31,72.94,25.32,23.65,24.9,25.17,25.9,0.93,0.49,0.65,0.73,0.9
12/8/2021 9:30,3.836,4.64,9.68,4201,49.4,37.72,23.43,190.405798,71.93,83.6,79.74,77.72,73.15,25.54,23.96,25.24,25.49,26.29,0.92,0.49,0.65,0.73,0.92
12/8/2021 9:45,4.097,5.11,10.17,4201,49.4,36.46,22.33,207.664907,72.41,84.1,80.1,77.87,72.86,25.86,24.3,25.64,25.95,26.83,0.92,0.48,0.65,0.74,0.96
12/8/2021 10:00,4.424,5.62,10.87,4201,49.4,35.02,21.16,271.6058,73.19,84.6,80.7,78.44,72.74,26.16,24.76,26.05,26.49,27.49,0.91,0.48,0.65,0.75,1
12/8/2021 10:15,11.813,6.38,38.34,4200,49.5,33.18,19.58,466.387183,74.46,84.4,80.8,79.36,77.23,26.54,25.32,26.6,27.16,28.78,0.89,0.5,0.67,0.74,0.9
12/8/2021 10:30,12.982,6.7,42.47,4198,49.4,32.37,19.01,353.463293,75.97,84.6,81.2,82.6,78.58,27.06,25.98,27.28,28.17,31.04,0.86,0.52,0.68,0.66,0.96
12/8/2021 10:45,13.164,6.91,42.94,4197,49.3,32.7,19.22,297.905396,77.33,85.2,81.8,83.4,74.16,27.5,26.54,27.93,29.14,31.61,0.83,0.51,0.69,0.67,1.2
12/8/2021 11:00,13.887,7.25,45.34,4194,49.5,32.3,18.77,349.353981,77.89,85.7,82,82.6,75.99,27.82,26.88,28.38,29.62,31.05,0.83,0.51,0.7,0.72,1.08
12/8/2021 11:15,14.366,7.43,46.98,4190,49.5,32.25,18.72,361.024427,78.15,85.9,82,83.8,76.47,28.15,27.21,28.78,30.1,31.8,0.83,0.51,0.71,0.69,1.11
12/8/2021 11:30,15.107,7.73,49.49,4186,49.4,32.49,18.65,287.54993,78.53,86.2,82.1,83.7,76.65,28.4,27.45,29.1,30.51,32.07,0.83,0.51,0.72,0.71,1.11
12/8/2021 11:45,15.965,7.82,52.68,4181,49.4,32.39,18.58,271.6058,78.57,86.3,82.1,83.7,75.96,28.66,27.67,29.34,30.83,32.52,0.84,0.51,0.73,0.73,1.18
12/8/2021 12:00,16.418,8.12,54.09,4178,49.3,32.78,18.65,571.74994,79.06,86.7,82.6,84,74.92,28.84,27.87,29.57,31.16,32.9,0.83,0.5,0.72,0.73,1.25
12/8/2021 12:15,16.666,8.37,54.77,4172,49.4,32.46,18.69,540.519169,79.32,87,83,83.7,75.57,28.98,27.98,29.71,31.29,32.77,0.83,0.49,0.71,0.74,1.21
12/8/2021 12:30,16.711,8.37,54.94,4167,49.4,32.97,18.77,294.782319,79.34,87.2,83.1,83.7,75.93,29.09,28.06,29.82,31.39,32.65,0.83,0.49,0.71,0.75,1.19
12/8/2021 12:45,16.759,8.56,54.92,4163,49.3,33.13,18.79,279.988796,79.58,87.3,83.1,83.6,76.76,29.15,28.13,29.91,31.48,32.54,0.83,0.48,0.71,0.76,1.14
12/8/2021 13:00,16.762,8.45,55.05,4159,49.1,33.42,18.84,269.63333,79.36,87.3,83.3,83.1,77.54,29.21,28.15,29.93,31.36,32.16,0.84,0.48,0.71,0.77,1.08
12/8/2021 13:15,16.997,8.45,55.95,4155,49.3,33.33,18.81,228.211467,79.45,87.4,83.5,83.5,78.5,29.28,28.18,29.97,31.2,31.88,0.84,0.48,0.7,0.75,1.02
12/8/2021 13:30,16.786,8.11,55.51,4151,49.3,32.99,18.65,355.92888,79.67,87.7,83.8,83.7,78.95,29.25,28.16,29.89,30.98,31.61,0.83,0.47,0.68,0.73,0.98
12/8/2021 13:45,16.972,8.14,56.19,4147,49.4,33.33,18.84,303.000943,79.87,88,84.1,84,79.38,29.23,28.09,29.85,30.84,31.44,0.82,0.46,0.67,0.71,0.95
12/8/2021 14:00,16.945,8.22,56,4144,49.1,33.13,18.84,243.662479,79.79,88,84.4,84.2,79.76,29.23,28.06,29.84,30.75,31.34,0.82,0.46,0.66,0.7,0.93
12/8/2021 14:15,16.951,8.25,55.99,4140,49.4,33.23,18.84,290.508635,79.61,87.8,84,84.2,79.84,29.21,28.08,29.83,30.72,31.25,0.83,0.46,0.67,0.7,0.92
12/8/2021 14:30,16.893,8.37,55.64,4136,49.4,33.35,18.77,357.736977,79.77,87.8,84.3,84.2,80.1,29.18,28.1,29.85,30.74,31.23,0.82,0.46,0.66,0.7,0.91
12/8/2021 14:45,17.174,9.19,55.83,4132,49.3,34.52,19.17,255.990415,79.77,87.9,83.8,84,80.4,29.11,27.99,29.79,30.63,31.04,0.82,0.46,0.68,0.7,0.88
12/8/2021 15:00,17.434,8.99,57.04,4129,49.3,34.71,19.13,173.31106,80.2,88.2,83.1,84.9,81.3,28.74,27.67,29.55,30.25,30.61,0.78,0.44,0.7,0.65,0.82
12/8/2021 15:15,16.824,8.93,54.77,4126,49.4,34.31,19.08,207.82928,80.9,88.6,83.7,85.4,81.7,28.48,27.43,29.23,30.01,30.34,0.74,0.42,0.66,0.62,0.79
12/8/2021 15:30,17.021,8.85,55.61,4125,49.4,34.14,18.91,149.805796,81.2,88.9,84.4,85.5,81.8,28.28,27.21,28.93,29.81,30.16,0.72,0.4,0.62,0.61,0.78
12/8/2021 15:45,16.658,8.6,54.49,4124,49.5,33.83,18.98,138.79284,81.4,89.2,85.1,85.4,81.6,28.11,27.04,28.62,29.58,29.95,0.71,0.39,0.58,0.6,0.78
12/8/2021 16:00,16.075,8.45,52.42,4122,49.3,33.64,18.84,132.382314,81.4,89.3,85.7,85.5,81.4,27.96,26.86,28.37,29.31,29.78,0.7,0.38,0.55,0.59,0.78
12/8/2021 16:15,15.635,8.15,51.06,4122,49,33.61,18.84,120.054378,81.3,89.5,86.2,85.6,81.4,27.84,26.68,28.12,29,29.58,0.7,0.37,0.53,0.58,0.77
12/8/2021 16:30,15.431,8.02,50.42,4122,49.4,33.61,18.84,72.879478,81.2,89.5,86.6,85.6,81.3,27.67,26.49,27.87,28.64,29.24,0.7,0.36,0.5,0.56,0.76
12/8/2021 16:45,14.646,7.95,47.49,4123,49.3,34.26,19.08,44.771785,81.1,89.5,86.8,85.7,81.5,27.46,26.24,27.61,28.22,28.83,0.69,0.36,0.49,0.55,0.73
12/8/2021 17:00,13.412,7.63,43.11,4123,49.3,35.12,19.48,22.088383,80.8,89.4,86.8,85.7,81.8,27.24,25.96,27.28,27.77,28.32,0.69,0.36,0.48,0.53,0.7
12/8/2021 17:15,12.494,7.35,39.9,4124,49.4,36.62,20.2,2.363686,80.2,88.5,87.1,85.9,82.2,26.78,25.67,26.92,27.28,27.76,0.7,0.38,0.46,0.51,0.66
12/8/2021 17:30,11.844,6.87,37.93,4126,49.3,37.96,21.23,-3.882468,80.7,87.2,86.9,86.1,82.8,26.14,25.45,26.44,26.7,27.07,0.65,0.42,0.45,0.49,0.62
12/8/2021 17:45,11.267,6.34,36.29,4128,49.1,38.94,22.07,-4.539958,80.8,86,86.6,86,83,25.54,25.25,25.91,26.13,26.44,0.63,0.45,0.45,0.47,0.59
12/8/2021 18:00,4.757,5.96,11.78,4131,49.4,39.88,22.95,-4.539958,81.4,83.7,86.4,85.5,82.5,24.89,25.29,25.42,25.67,26.05,0.59,0.53,0.44,0.48,0.59
12/8/2021 18:15,4.546,5.62,11.34,4135,49.4,40.83,23.88,-4.868703,82.3,83.6,85.6,85.2,81.6,24.28,24.99,25.1,25.27,25.78,0.54,0.52,0.46,0.48,0.61
12/8/2021 18:30,4.285,5.22,10.77,4138,49.5,41.64,24.55,-4.70433,82.9,84.1,85.4,85.1,81.7,23.78,24.53,24.74,24.89,25.34,0.5,0.49,0.46,0.47,0.59
12/8/2021 18:45,4.092,5.02,10.25,4142,49.4,42.08,25.27,-4.211213,83.2,85.3,85.7,85.6,82.2,23.4,23.92,24.33,24.42,24.9,0.48,0.44,0.44,0.44,0.56
12/8/2021 19:00,3.869,4.72,9.72,4145,49.7,42.72,26.01,-3.882468,83.5,86.1,85.6,85.9,82.3,23.02,23.45,24.03,24.03,24.55,0.46,0.4,0.43,0.42,0.55
12/8/2021 19:15,3.689,4.47,9.3,4148,49.3,43.22,26.63,-4.539958,84,86.6,85.4,86,82.4,22.67,23.08,23.78,23.71,24.25,0.44,0.38,0.43,0.41,0.53
12/8/2021 19:30,3.495,4.16,8.89,4151,49.6,43.63,27.09,-4.375585,84.4,87,85.1,86.1,82.4,22.32,22.7,23.59,23.44,23.99,0.42,0.36,0.43,0.4,0.52
12/8/2021 19:45,3.367,4.02,8.55,4154,49.6,43.75,27.52,-3.882468,84.7,87.5,85.1,86.1,82.5,22.03,22.36,23.35,23.2,23.73,0.41,0.34,0.43,0.4,0.51
12/8/2021 20:00,3.233,3.86,8.21,4157,49.4,43.77,27.92,-4.539958,84.9,87.8,84.7,86.2,82.5,21.73,22.06,23.2,22.96,23.47,0.39,0.32,0.44,0.39,0.51
12/8/2021 20:15,3.122,3.68,7.98,4160,49.5,43.96,28.33,-4.211213,85,88.2,84.5,85.3,82.3,21.47,21.71,23.13,22.97,23.35,0.38,0.31,0.44,0.41,0.51
12/8/2021 20:30,2.99,3.51,7.66,4163,49.3,43.8,28.33,-4.868703,85.3,89.5,83.2,81.4,79.65,21.29,21.41,23.37,23.74,23.91,0.37,0.27,0.48,0.55,0.6
12/8/2021 20:45,2.936,3.4,7.57,4165,49.5,44.01,28.45,-4.539958,85.5,89.8,82.1,79.96,77.6,21.22,21.31,23.58,23.98,24.27,0.37,0.26,0.52,0.6,0.68
12/8/2021 21:00,2.877,3.34,7.41,4168,49.1,43.96,28.62,-4.211213,85.6,89.7,81.5,79.1,76.46,21.21,21.31,23.67,24.09,24.48,0.36,0.26,0.54,0.63,0.72
12/8/2021 21:15,2.814,3.21,7.31,4170,49.4,44.35,28.62,-4.375585,85.5,89.4,81.2,78.58,75.83,21.16,21.3,23.69,24.1,24.53,0.36,0.27,0.55,0.64,0.74
12/8/2021 21:30,2.803,3.17,7.31,4172,49.3,43.94,28.78,-4.868703,85.4,89.3,80.1,78.23,75.53,21.13,21.32,23.93,24.21,24.59,0.37,0.27,0.59,0.66,0.76
12/8/2021 21:45,2.804,3.22,7.26,4174,49.5,43.2,28.38,-4.868703,85.1,87.7,73.17,75.58,73.11,21.48,21.94,25.82,25.08,25.38,0.38,0.32,0.89,0.78,0.87
12/8/2021 22:00,2.79,3.19,7.24,4174,49.5,43.37,28.28,-5.033075,83.8,84.6,72.5,74.64,71.56,21.93,22.78,26.09,25.39,25.88,0.43,0.43,0.93,0.82,0.95
12/8/2021 22:15,2.809,3.23,7.27,4178,49.5,43.32,28.28,-4.375585,82.7,83.2,73.68,75.57,71.98,22.16,23.1,25.83,25.22,25.8,0.46,0.47,0.88,0.78,0.93
12/8/2021 22:30,2.836,3.27,7.33,4178,49.5,43.01,28.19,-4.211213,82.1,83.3,72.52,74.89,71.4,22.34,23.15,26.15,25.4,25.97,0.48,0.47,0.93,0.81,0.96
12/8/2021 22:45,2.856,3.31,7.36,4181,49.5,43.01,28.16,-4.70433,81.7,82.8,72.57,74.68,70.98,22.44,23.29,26.17,25.48,26.09,0.5,0.49,0.93,0.83,0.98
12/8/2021 23:00,2.858,3.32,7.36,4181,49.4,43.17,28.16,-4.70433,81.3,82.2,72.09,74.34,70.77,22.52,23.47,26.32,25.56,26.16,0.51,0.51,0.96,0.84,0.99
12/8/2021 23:15,2.895,3.33,7.49,4183,49.5,43.49,28.07,-4.539958,81.2,82.2,71.65,74.26,70.57,22.56,23.47,26.41,25.57,26.18,0.51,0.51,0.98,0.84,1
12/8/2021 23:30,2.933,3.41,7.55,4184,49.5,43.13,27.97,-4.211213,81,82.1,71.66,74.04,70.47,22.59,23.48,26.38,25.62,26.2,0.52,0.52,0.97,0.85,1
12/8/2021 23:45,2.943,3.39,7.61,4184,49.1,43.17,27.87,-4.04684,80.7,82.2,72.06,73.75,70.12,22.64,23.46,26.27,25.64,26.27,0.53,0.51,0.95,0.86,1.02
12/9/2021 0:00,2.965,3.44,7.64,4186,49.5,43.17,27.97,-4.375585,80.4,81.8,71.83,73.71,70,22.69,23.53,26.3,25.63,26.26,0.54,0.53,0.96,0.86,1.02
12/9/2021 0:15,2.827,3.21,7.36,4191,49.5,43.7,28.07,-4.539958,82.5,83,75.09,78.31,71.25,22.54,23.64,25.89,25.14,26.15,0.48,0.5,0.83,0.69,0.98
12/9/2021 0:30,2.779,3.16,7.23,4192,49.3,43.89,28.45,-4.70433,85.8,87.6,78.67,83.3,74.66,21.92,22.79,25.36,24.32,25.72,0.37,0.34,0.69,0.51,0.84
12/9/2021 0:45,2.741,3.08,7.17,4193,49.3,44.15,28.62,-4.375585,87,89.2,78.24,82.8,75.49,21.78,22.47,25.5,24.47,25.63,0.34,0.29,0.71,0.53,0.81
12/9/2021 1:00,2.718,3.12,7.04,4194,49.4,44.11,28.78,-4.539958,87.5,89.2,76.53,80.8,74.51,21.76,22.45,25.83,24.82,25.82,0.33,0.29,0.78,0.6,0.85
12/9/2021 1:15,2.618,2.95,6.84,4197,49.4,43.89,28.76,-4.539958,87.8,89.1,77.72,82.7,74.45,21.79,22.54,25.7,24.62,25.87,0.32,0.3,0.74,0.54,0.85
12/9/2021 1:30,2.616,2.99,6.79,4198,49.5,44.44,28.95,-4.70433,87.9,90.7,79.6,84.5,75.71,21.66,22.23,25.32,24.21,25.66,0.31,0.25,0.66,0.47,0.8
12/9/2021 1:45,2.591,2.91,6.78,4200,49.5,44.82,29.17,-4.70433,88.2,90.6,78.25,83.7,75.64,21.64,22.21,25.59,24.38,25.64,0.31,0.25,0.71,0.5,0.8
12/9/2021 2:00,2.591,2.91,6.78,4199,49.3,44.9,29.12,-4.539958,88.2,90.3,76.48,81.7,74.64,21.59,22.24,25.93,24.72,25.85,0.3,0.26,0.79,0.57,0.84
12/9/2021 2:15,2.428,2.59,6.5,4204,49.1,44.56,29,-4.70433,88.3,90.1,78.16,83.2,74.56,21.64,22.31,25.64,24.61,25.92,0.3,0.27,0.72,0.52,0.85
12/9/2021 2:30,2.436,2.61,6.51,4204,49.3,45.11,29.45,-4.375585,88.4,91.1,79.91,85,75.77,21.56,22.15,25.33,24.22,25.72,0.3,0.24,0.65,0.45,0.8
12/9/2021 2:45,2.479,2.68,6.6,4205,49.3,45.59,29.48,-4.375585,88.4,91.1,78.74,84.1,75.92,21.49,22.11,25.53,24.37,25.66,0.3,0.24,0.7,0.49,0.79
12/9/2021 3:00,2.484,2.64,6.66,4206,49.4,45.59,29.36,-4.211213,88.4,90.6,77.23,82.1,74.87,21.46,22.21,25.83,24.71,25.85,0.3,0.25,0.76,0.56,0.84
12/9/2021 3:15,2.519,2.71,6.72,4205,49.1,45.21,29.26,-4.375585,88.4,89.9,76.44,80.8,74.03,21.43,22.34,25.96,24.93,25.98,0.3,0.27,0.79,0.61,0.87
12/9/2021 3:30,2.526,2.68,6.78,4208,49.4,45.52,29.36,-4.539958,88.3,88.9,75.97,79.49,73.46,21.39,22.49,26.02,25.11,26.05,0.3,0.3,0.81,0.65,0.89
12/9/2021 3:45,2.556,2.73,6.84,4207,49.3,45.4,29.07,-5.033075,88.3,87.9,75.45,78.57,73.04,21.36,22.67,26.05,25.21,26.14,0.3,0.33,0.83,0.69,0.91
12/9/2021 4:00,2.565,2.76,6.84, ,49.5,45.21,29.07,-4.211213,88.1,87.7,74.59,77.84,72.7,21.39,22.68,26.2,25.32,26.18,0.3,0.34,0.86,0.72,0.93
12/9/2021 4:15,2.605,2.81,6.94,4211,49.3,45.21,28.97,-4.211213,87.9,87.2,74.27,77.24,72.43,21.39,22.76,26.21,25.4,26.2,0.31,0.35,0.88,0.74,0.94
12/9/2021 4:30,2.643,2.77,7.13,4211,49.6,45.64,28.88,-4.70433,87.6,86.1,73.41,76.66,72.1,21.41,22.93,26.38,25.44,26.2,0.32,0.39,0.91,0.76,0.95
12/9/2021 4:45,2.662,2.81,7.16,4211,49.5,45.33,28.85,-4.539958,87.3,85.6,73.35,76.44,72,21.46,23.02,26.31,25.45,26.2,0.32,0.41,0.91,0.77,0.95
12/9/2021 5:00,2.702,2.95,7.16,4212,49.1,45.09,28.71,-4.539958,86.9,85.3,73.07,75.97,71.81,21.5,23.03,26.34,25.49,26.19,0.34,0.41,0.92,0.78,0.96
12/9/2021 5:15,2.74,2.91,7.35,4214,49.4,44.8,28.45,-4.375585,86.5,84.5,72.62,75.65,71.53,21.62,23.17,26.42,25.52,26.24,0.35,0.44,0.94,0.8,0.97
12/9/2021 5:30,2.781,3,7.41,4215,49.3,44.92,28.52,-4.375585,86.2,83.9,72.61,75.3,71.29,21.66,23.26,26.39,25.55,26.24,0.36,0.46,0.94,0.81,0.98
12/9/2021 5:45,2.81,3.01,7.51,4215,49.1,45.09,28.42,-4.375585,85.9,83.4,72.18,74.92,71.08,21.75,23.33,26.43,25.59,26.23,0.37,0.48,0.96,0.82,0.99
12/9/2021 6:00,2.821,3.05,7.51,4215,49.3,44.75,28.11,-4.70433,85.4,83.5,71.95,74.6,70.81,21.8,23.27,26.44,25.6,26.24,0.38,0.47,0.97,0.83,1
12/9/2021 6:15,2.912,3.14,7.76,4215,49.5,44.51,28.02,-4.539958,85,83.3,72.07,74.26,70.63,21.9,23.27,26.35,25.62,26.26,0.39,0.48,0.96,0.85,1
12/9/2021 6:30,2.912,3.14,7.76,4216,49.3,44.61,27.97,-4.211213,84.7,83,71.29,73.98,70.44,21.9,23.31,26.5,25.63,26.23,0.4,0.49,0.99,0.86,1.01
12/9/2021 6:45,2.996,3.28,7.93,4216,49.6,44.25,27.68,-4.868703,84.4,83,71.21,73.72,70.3,21.91,23.29,26.46,25.67,26.24,0.41,0.49,0.99,0.87,1.01
12/9/2021 7:00,3.004,3.28,7.96,4216,49.4,44.27,27.78,-4.539958,84.2,82.8,70.9,73.75,70.18,21.95,23.3,26.55,25.66,26.25,0.42,0.49,1.01,0.86,1.02
12/9/2021 7:15,3.074,3.41,8.09,4217,49.5,43.99,27.47,0.719961,83,80.1,72.78,74.15,70.14,22.76,24.08,26.17,25.64,26.37,0.47,0.6,0.92,0.85,1.03
12/9/2021 7:30,3.152,3.51,8.28,4218,49.4,43.68,27.18,10.911055,76.65,80.3,76.17,74.8,70.68,24.38,24.16,25.51,25.67,26.37,0.71,0.59,0.78,0.83,1.01
12/9/2021 7:45,3.224,3.58,8.48,4218,49.4,43.01,26.85,37.539396,74.52,81.3,77.31,75.16,71.01,24.79,23.98,25.34,25.63,26.34,0.8,0.56,0.73,0.82,0.99
12/9/2021 8:00,3.311,3.74,8.64,4219,49.6,40.26,25.58,69.920773,73.86,82.2,77.77,75.42,70.81,25,24.02,25.45,25.77,26.61,0.83,0.53,0.72,0.82,1.02
12/9/2021 8:15,3.467,3.95,9.01,4219,49.5,39.13,24.48,63.181502,73.96,83.2,78.43,76.26,71.15,25.27,24.25,25.79,26.05,27.04,0.84,0.51,0.72,0.8,1.03
12/9/2021 8:30,3.67,4.29,9.42,4219,49.3,38.49,23.83,90.467333,74.45,83.5,78.51,77.26,71.84,25.5,24.57,26.13,26.27,27.37,0.83,0.51,0.73,0.78,1.03
12/9/2021 8:45,3.918,4.68,9.95,4218,49.5,38.15,22.97,141.4228,75.06,83.4,78.92,78.27,76.39,25.75,24.91,26.38,26.41,28.07,0.83,0.52,0.72,0.75,0.9
12/9/2021 9:00,4.06,4.96,10.19,4218,49.4,38.15,22.69,123.341828,76.22,84.2,79.86,79.86,80.7,25.89,25.09,26.58,26.51,29.41,0.79,0.5,0.7,0.7,0.79
12/9/2021 9:15,4.368,5.44,10.85,4218,49.3,36.86,21.8,138.628468,77.28,85.1,80.9,81.3,81.4,25.97,25.2,26.68,26.54,30.18,0.76,0.48,0.67,0.65,0.8
12/9/2021 9:30,10.934,5.92,35.47,4217,49.5,35.81,20.92,209.308632,78.22,85.6,81.8,82.7,79.21,26.11,25.43,26.78,26.71,31.48,0.74,0.47,0.64,0.61,0.96
12/9/2021 9:45,11.861,6.29,38.62,4217,49.6,34.97,20.25,194.350737,79.09,85.7,83,84.3,79.04,26.33,25.77,26.92,27.1,32.3,0.72,0.47,0.6,0.56,1.01
12/9/2021 10:00,12.768,6.67,41.68,4215,49.6,34.66,19.87,189.748308,79.72,86.2,84.1,85.1,79.21,26.55,26.01,27.05,27.55,32.89,0.7,0.46,0.57,0.55,1.04
12/9/2021 10:15,13.187,7,42.93,4213,49.6,34.14,19.41,299.877866,80.4,86.7,84.8,85.5,78.36,26.73,26.21,27.23,27.98,33.47,0.69,0.45,0.55,0.55,1.12
12/9/2021 10:30,13.971,7.27,45.64,4209,49.4,33.83,19.13,494.659249,80.9,87.2,85.4,86.6,79.57,26.92,26.35,27.39,28.5,34.04,0.68,0.44,0.53,0.52,1.09
12/9/2021 10:45,14.539,7.59,47.47,4206,49.3,33.35,19.05,213.582317,81.3,87.8,86,86.5,77.61,27.11,26.52,27.56,29.06,34.17,0.67,0.42,0.52,0.54,1.2
12/9/2021 11:00,15.087,7.68,49.47,4203,49.3,33.61,18.93,223.11592,81.7,88.1,86.4,86.3,77.15,27.33,26.7,27.76,29.5,34.02,0.67,0.42,0.51,0.56,1.22
12/9/2021 11:15,15.72,7.98,51.57,4199,49.4,33.73,18.93,232.813896,81.7,88.2,86.3,85.4,77.31,27.48,26.84,27.93,29.78,33.89,0.67,0.42,0.52,0.61,1.2
12/9/2021 11:30,15.769,8.04,51.69,4194,49.1,33.52,19.05,202.898106,81.7,88.1,86.3,85.2,77.53,27.59,26.92,28.02,29.92,33.86,0.68,0.42,0.52,0.63,1.19
12/9/2021 11:45,16.238,8.26,53.25,4190,49.4,33.56,18.93,277.851954,81.7,88.2,86.3,85.2,75.43,27.67,27,28.12,30.02,33.79,0.68,0.42,0.52,0.63,1.29
12/9/2021 12:00,17.037,8.22,56.35,4185,49.3,33.47,18.91,654.429294,81.8,88.3,86.4,85.3,74.32,27.75,27.06,28.18,30.11,33.9,0.68,0.42,0.52,0.63,1.36
12/9/2021 12:15,16.712,8.33,54.99,4182,49.4,33.52,18.89,422.828477,81.8,88.4,86.5,85.2,74,27.87,27.14,28.25,30.21,33.69,0.68,0.42,0.52,0.64,1.36
12/9/2021 12:30,15.999,8.3,52.29,4180,49.4,33.83,18.93,207.82928,81.9,88.4,86.7,84.1,74.39,27.91,27.18,28.27,30.14,32.52,0.68,0.42,0.51,0.68,1.25
12/9/2021 12:45,15.034,8.12,48.79,4180,49.4,34.14,19.15,518.986375,81.6,88.2,86.5,83.4,76.57,27.92,27.19,28.28,29.53,31.15,0.69,0.43,0.52,0.69,1.06
12/9/2021 13:00,15.07,8.12,48.93,4178,49.4,33.92,19.27,348.532119,81.3,88,86.2,85.2,78.67,27.89,27.16,28.23,28.81,30.33,0.7,0.43,0.53,0.59,0.92
12/9/2021 13:15,14.458,7.94,46.78,4179,49.5,34.47,19.41,216.705394,81.2,87.9,86.2,85.9,79.72,27.87,27.11,28.17,28.56,29.93,0.71,0.43,0.53,0.55,0.86
12/9/2021 13:30,14.819,8.12,47.97,4177,49.5,34.28,19.24,201.418753,81.1,87.8,86.3,86.4,80.5,27.85,27.09,28.12,28.45,29.66,0.71,0.44,0.52,0.53,0.81
12/9/2021 13:45,13.405,7.7,43.01,4177,49.5,35.31,19.87,148.819561,81.1,87.8,86.3,86.2,80.7,27.82,27.08,28.08,28.39,29.51,0.71,0.44,0.52,0.53,0.8
12/9/2021 14:00,14.114,7.84,45.57,4177,49.3,35,19.72,287.714303,80.6,87.3,85.9,86,80.9,27.68,26.96,27.93,28.01,28.89,0.72,0.45,0.53,0.53,0.76
12/9/2021 14:15,15.315,8.19,49.79,4177,49.3,34.09,19.2,179.557214,80.2,87.2,85.9,86.9,81.9,27.57,26.83,27.77,27.82,28.74,0.73,0.45,0.53,0.49,0.71
12/9/2021 14:30,14.789,8.15,47.82,4175,49.4,34.52,19.39,190.898915,80.8,87.5,86.4,87.3,82.4,27.53,26.83,27.73,28.08,28.92,0.71,0.44,0.51,0.48,0.7
12/9/2021 14:45,15.525,8.37,50.4,4175,49.4,34.16,19.2,387.981513,80.9,87.5,86.3,86.5,82,27.48,26.83,27.75,28.15,28.88,0.7,0.44,0.51,0.51,0.72
12/9/2021 15:00,15.856,8.33,51.71,4171,49.3,33.88,19.08,149.970169,81.2,87.7,86.3,87.6,82.8,27.54,26.85,27.84,28.29,29.08,0.69,0.43,0.51,0.48,0.69
12/9/2021 15:15,15.351,8.3,49.81,4171,49.6,34.26,19.2,256.31916,81.6,87.9,86.6,86.9,82.4,27.57,26.91,27.85,28.52,29.19,0.68,0.43,0.5,0.51,0.71
12/9/2021 15:30,15.368,8.37,49.8,4169,49.4,33.95,19.13,172.982315,81.4,87.7,86.6,86.4,82.2,27.5,26.88,27.8,28.34,28.99,0.68,0.44,0.5,0.52,0.71
12/9/2021 15:45,15.635,8.41,50.78,4167,49.7,34.23,19.17,154.243853,81.6,87.9,86.8,86.9,82.4,27.44,26.84,27.7,28.33,29.05,0.67,0.43,0.49,0.5,0.71
12/9/2021 16:00,15.376,8.52,49.67,4166,49.3,34.31,19.22,138.13535,81.6,87.8,87,86.5,81.9,27.38,26.76,27.55,28.32,29.01,0.67,0.43,0.48,0.52,0.73
12/9/2021 16:15,15.091,8.37,48.74,4165,49.4,34.38,19.32,116.766929,81.5,87.8,87,86.1,81.5,27.26,26.62,27.43,28.18,28.87,0.67,0.43,0.48,0.53,0.74
12/9/2021 16:30,14.532,8.48,46.48,4165,49.4,34.86,19.65,72.715105,81.4,87.8,86.9,85.6,81.2,27.08,26.44,27.23,27.91,28.61,0.67,0.42,0.47,0.54,0.74
12/9/2021 16:45,13.72,7.77,44.14,4164,49.3,35.14,19.79,44.278667,81.2,87.8,86.9,85.6,81.3,26.91,26.24,27.04,27.57,28.25,0.67,0.42,0.47,0.53,0.72
12/9/2021 17:00,12.758,7.45,40.8,4165,49.3,36.12,20.3,22.088383,81.1,88,86.9,85.7,81.6,26.71,25.96,26.84,27.19,27.83,0.66,0.4,0.46,0.52,0.69
12/9/2021 17:15,11.743,7.12,37.27,4165,49.5,37.99,21.52,2.363686,80.1,87.7,86.5,85.7,81.8,26.38,25.57,26.61,26.77,27.32,0.68,0.4,0.47,0.5,0.66
12/9/2021 17:30,10.772,6.4,34.33,4166,49.4,39.4,22.54,-3.224978,80.3,87.6,86.3,85.7,82.2,25.81,25.12,26.16,26.26,26.74,0.65,0.4,0.46,0.49,0.63
12/9/2021 17:45,10.468,6.01,33.59,4167,49.3,40.4,23.4,-4.539958,80.6,86.6,86,85.4,81.4,25.26,24.89,25.72,25.81,26.42,0.62,0.42,0.46,0.49,0.64
12/9/2021 18:00,4.501,5.58,11.21,4169,49.4,40.9,24.29,-4.211213,81.4,83.2,85,84.4,79.95,24.59,25.3,25.5,25.62,26.34,0.57,0.54,0.49,0.51,0.69
12/9/2021 18:15,4.271,5.2,10.74, ,49.5,41.62,24.84,-3.882468,82.4,79.86,83.1,83.2,78.45,24.06,25.82,25.61,25.55,26.3,0.53,0.67,0.56,0.55,0.74
12/9/2021 18:30,4.064,4.92,10.25,4173,49.4,42.05,25.34,-4.211213,82.7,79.07,81.6,82.2,77.29,23.74,25.81,25.65,25.49,26.3,0.51,0.7,0.61,0.58,0.78
12/9/2021 18:45,3.892,4.67,9.86,4176,49.4,42.51,25.89,-4.539958,82.7,78.13,80.2,81.3,76.33,23.54,25.83,25.75,25.48,26.28,0.5,0.73,0.66,0.61,0.81
12/9/2021 19:00,3.714,4.41,9.46,4177,49.5,42.6,26.18,-4.211213,82.6,78.53,79.24,80.5,75.58,23.39,25.56,25.82,25.44,26.29,0.5,0.7,0.69,0.63,0.84
12/9/2021 19:15,3.601,4.26,9.19,4178,49.4,43.06,26.54,-4.539958,82.8,78.89,78.25,79.94,75.08,23.21,25.38,25.92,25.48,26.25,0.49,0.68,0.73,0.65,0.85
12/9/2021 19:30,3.491,4.09,8.95,4180,49.7,43.08,26.92,-5.033075,82.8,79.43,77.91,79.54,74.84,23.16,25.2,25.95,25.49,26.26,0.49,0.66,0.74,0.67,0.86
12/9/2021 19:45,3.367,3.94,8.64,4183,49.5,43.13,26.89,-4.375585,82.7,80.2,77.51,79.06,74.43,23.1,24.93,25.98,25.53,26.29,0.49,0.62,0.76,0.68,0.87
12/9/2021 20:00,3.304,3.89,8.45,4184,49.4,43.13,27.28,-4.539958,82.7,80.5,77.03,78.65,74.07,23.06,24.8,26.05,25.55,26.33,0.49,0.61,0.77,0.7,0.89
12/9/2021 20:15,3.247,3.78,8.35,4186,49.4,43.2,27.32,-4.375585,82.7,80.8,76.47,78.18,73.7,23.05,24.68,26.09,25.61,26.35,0.49,0.6,0.8,0.72,0.9
12/9/2021 20:30,3.221,3.78,8.25,4188,49.3,43.29,27.47,-4.868703,82.5,80.9,76.48,77.9,73.57,23.07,24.67,26.14,25.67,26.37,0.49,0.59,0.8,0.73,0.91
12/9/2021 20:45,3.155,3.64,8.15,4189,49.3,43.61,27.64,-4.70433,82.2,80.7,76.1,77.51,73.31,23.07,24.64,26.14,25.67,26.37,0.5,0.6,0.81,0.74,0.92
12/9/2021 21:00,3.129,3.64,8.05,4190,49.4,43.68,27.76,-4.375585,81.8,81.3,75.54,77.1,72.94,23.02,24.37,26.14,25.64,26.32,0.51,0.57,0.83,0.75,0.93
12/9/2021 21:15,3.077,3.55,7.95,4193,49.4,43.84,27.85,-4.375585,81.8,81.7,74.92,76.66,72.6,22.93,24.19,26.21,25.65,26.31,0.51,0.55,0.85,0.77,0.94
12/9/2021 21:30,3.067,3.57,7.89,4194,49.3,43.68,27.87,-4.211213,81.9,82,74.75,76.42,72.53,22.9,24.1,26.24,25.67,26.29,0.51,0.54,0.86,0.78,0.94
12/9/2021 21:45,3.026,3.48,7.83,4196,49.1,43.87,27.95,-4.539958,81.8,82.3,74.53,76.35,72.4,22.94,24.03,26.29,25.68,26.34,0.51,0.53,0.87,0.78,0.95
12/9/2021 22:00,3.04,3.53,7.83,4196,49.4,43.7,27.85,-4.539958,81.6,82.5,74.24,76.09,72.1,22.99,23.97,26.37,25.73,26.38,0.52,0.52,0.89,0.79,0.96
12/9/2021 22:15,2.986,3.43,7.73,4197,49.5,43.84,28.04,-4.70433,81.2,82.4,74.1,75.75,71.96,23.05,23.96,26.34,25.78,26.39,0.53,0.52,0.89,0.8,0.96
12/9/2021 22:30,2.99,3.38,7.8,4199,49,44.08,27.87,-4.868703,81,82.4,73.59,75.47,71.67,23.05,23.94,26.44,25.79,26.42,0.54,0.52,0.91,0.81,0.98
12/9/2021 22:45,2.99,3.38,7.8,4199,49.1,44.04,27.95,-4.868703,80.6,82,73.16,75.13,71.31,23.06,23.97,26.48,25.82,26.43,0.55,0.54,0.93,0.83,0.99
12/9/2021 23:00,2.997,3.44,7.76,4201,49.1,44.11,27.9,-4.70433,80.3,81.6,72.78,74.8,71.19,23.04,23.99,26.48,25.78,26.38,0.55,0.55,0.94,0.84,0.99
12/9/2021 23:15,2.997,3.44,7.76,4201,49.3,43.84,27.92,-4.70433,80,81.1,72.62,74.76,70.97,23.03,24.06,26.46,25.74,26.36,0.56,0.57,0.95,0.84,1
12/9/2021 23:30,2.963,3.43,7.64,4202,49.3,43.96,28.02,-4.375585,79.99,80.9,72.64,74.53,70.78,22.99,24.06,26.42,25.75,26.36,0.56,0.57,0.94,0.84,1
12/9/2021 23:45,2.981,3.44,7.7,4204,49.1,44.01,28.02,-4.211213,79.94,80.7,72.49,74.58,70.78,23.05,24.11,26.46,25.73,26.37,0.57,0.58,0.95,0.84,1
12/10/2021 0:00,2.969,3.37,7.73,4205,49.3,43.99,27.95,-4.375585,79.85,80.8,72.66,74.58,70.88,23.06,24.1,26.44,25.78,26.38,0.57,0.58,0.94,0.84,1
12/10/2021 0:15,2.997,3.47,7.73,4206,49.5,43.8,28.04,-4.868703,79.94,80.8,72.37,74.58,70.84,23.04,24.13,26.51,25.75,26.37,0.56,0.58,0.96,0.84,1
12/10/2021 0:30,3.004,3.43,7.8, ,49.4,43.99,28.04,-4.539958,79.81,80.6,72.12,74.37,70.59,23.03,24.12,26.55,25.78,26.39,0.57,0.58,0.97,0.85,1.01
12/10/2021 0:45,3.007,3.44,7.8,4207,49.3,43.99,28.04,-4.539958,79.78,80.8,71.82,73.95,70.45,22.98,24.02,26.57,25.82,26.39,0.57,0.57,0.98,0.87,1.02
12/10/2021 1:00,3.007,3.44,7.8,4208,49.3,44.01,27.97,-4.539958,79.71,81.2,71.75,73.78,70.21,22.94,23.87,26.54,25.8,26.38,0.57,0.56,0.98,0.87,1.02
12/10/2021 1:15,3.034,3.48,7.86,4209,49.1,43.89,27.87,-4.04684,79.76,81.1,71.65,73.64,70.03,22.9,23.87,26.54,25.81,26.39,0.57,0.56,0.98,0.88,1.03
12/10/2021 1:30,3.05,3.51,7.89,4210,49.1,44.18,27.95,-4.868703,79.47,81.1,71.15,73.31,69.76,22.9,23.78,26.57,25.79,26.4,0.57,0.56,1,0.89,1.04
12/10/2021 1:45,3.102,3.6,7.99,4210,49.3,44.13,27.83,-4.868703,79.2,81.1,70.79,72.82,69.44,22.73,23.57,26.47,25.71,26.27,0.57,0.55,1.01,0.9,1.04
12/10/2021 2:00,3.11,3.6,8.02,4211,49.4,44.2,27.97,-4.539958,79.26,81.4,70.66,72.56,69.16,22.58,23.39,26.38,25.63,26.21,0.57,0.54,1.01,0.9,1.05
12/10/2021 2:15,3.109,3.57,8.05,4211,49.4,44.37,27.85,-4.211213,79.15,81.2,70.3,72.34,68.76,22.52,23.34,26.35,25.57,26.21,0.57,0.54,1.02,0.91,1.06
12/10/2021 2:30,3.11,3.6,8.02,4212,49,43.99,27.85,-4.70433,79.14,81.1,69.2,71.61,68.43,22.39,23.25,26.51,25.65,26.15,0.56,0.54,1.07,0.93,1.07
12/10/2021 2:45,3.139,3.64,8.09,4213,49.3,43.8,27.64,-4.70433,78.95,80.8,68.91,71.23,68.18,22.34,23.24,26.47,25.62,26.1,0.57,0.55,1.07,0.95,1.08
12/10/2021 3:00,3.142,3.65,8.09,4213,49.4,43.96,27.64,-4.539958,78.7,80.7,68.37,71,68.02,22.31,23.17,26.53,25.61,26.04,0.57,0.55,1.1,0.95,1.08
12/10/2021 3:15,3.166,3.65,8.18,4213,49.1,43.96,27.73,-5.197448,78.7,80.8,68.92,71.1,67.94,22.23,23.1,26.35,25.53,26.06,0.57,0.54,1.07,0.94,1.08
12/10/2021 3:30,3.218,3.8,8.22,4215,49.3,43.96,27.73,-4.375585,79.01,81.2,69.46,71.08,67.77,22.12,22.99,26.16,25.5,26.05,0.56,0.53,1.04,0.94,1.09
12/10/2021 3:45,3.215,3.76,8.25,4215,49,43.87,27.49,-5.033075,79.2,81.3,69.27,70.83,67.65,22.06,22.92,26.19,25.51,26.03,0.55,0.52,1.04,0.95,1.09
12/10/2021 4:00,3.242,3.8,8.31,4216,49,43.82,27.59,-4.211213,79.03,80.9,67.91,70.25,67.34,22.01,22.91,26.36,25.51,25.97,0.55,0.53,1.1,0.97,1.1
12/10/2021 4:15,3.295,3.86,8.45,4215,49,43.8,27.54,-4.539958,78.42,80.5,67.01,69.58,66.78,21.88,22.79,26.37,25.44,25.86,0.57,0.54,1.13,0.99,1.11
12/10/2021 4:30,3.307,3.9,8.45,4216,49.3,43.61,27.25,-4.375585,78.52,80.4,66.82,69.45,66.56,21.77,22.7,26.32,25.36,25.83,0.56,0.54,1.14,0.99,1.11
12/10/2021 4:45,3.327,3.89,8.54,4216,48.9,43.49,27.21,-4.70433,78.53,80.6,66.57,69.23,66.45,21.71,22.64,26.34,25.37,25.81,0.56,0.53,1.15,1,1.12
12/10/2021 5:00,3.345,3.98,8.51,4217,49.4,43.29,27.09,-4.70433,78.54,80.5,66.71,69.15,66.38,21.69,22.64,26.28,25.38,25.82,0.56,0.54,1.14,1,1.12
12/10/2021 5:15,3.357,3.96,8.58,4218,49,43.27,26.92,-4.70433,78.66,80.4,66.6,69.24,66.17,21.62,22.6,26.28,25.32,25.84,0.55,0.54,1.14,0.99,1.13
12/10/2021 5:30,3.433,4.08,8.74,4219,49.3,43.08,26.78,-4.375585,78.61,80.3,66.29,68.94,66.02,21.61,22.62,26.31,25.34,25.84,0.55,0.54,1.15,1,1.13
12/10/2021 5:45,3.423,4.1,8.68,4220,48.9,43.03,26.87,-4.539958,78.71,80.2,66.17,68.87,65.96,21.59,22.62,26.33,25.34,25.85,0.55,0.54,1.16,1.01,1.13
12/10/2021 6:00,3.476,4.14,8.84,4220,49.3,42.94,26.58,-4.375585,78.95,80.3,66.48,69.13,66.07,21.6,22.65,26.31,25.36,25.89,0.54,0.54,1.15,1,1.13
12/10/2021 6:15,3.456,4.04,8.87,4220,49,42.65,26.49,-4.211213,78.81,80.2,66.58,68.98,65.97,21.66,22.72,26.3,25.39,25.93,0.55,0.55,1.14,1.01,1.14
12/10/2021 6:30,3.514,4.18,8.94,4220,49.3,42.6,26.49,-4.375585,78.56,79.95,66.29,68.76,65.77,21.64,22.72,26.32,25.4,25.94,0.55,0.55,1.15,1.01,1.15
12/10/2021 6:45,3.563,4.29,9.01,4221,49,42.31,26.32,-4.04684,78.6,79.93,66.02,68.64,65.76,21.63,22.72,26.37,25.39,25.91,0.55,0.55,1.17,1.02,1.14
12/10/2021 7:00,3.55,4.18,9.08,4221,49.1,42.55,26.25,-4.375585,78.62,79.81,66.35,68.69,65.85,21.63,22.77,26.32,25.41,25.9,0.55,0.56,1.15,1.02,1.14
12/10/2021 7:15,3.588,4.26,9.14,4221,49.4,42.12,26.13,-2.731861,76.21,76.89,68.64,69.21,66.07,22.73,23.65,25.86,25.44,26.02,0.66,0.68,1.05,1,1.14
12/10/2021 7:30,3.67,4.43,9.27,4221,49.3,41.72,25.91,2.528059,69.26,77.05,72.2,70.33,66.69,24.67,23.82,25.24,25.46,26.13,0.95,0.68,0.89,0.97,1.13
12/10/2021 7:45,3.683,4.41,9.34,4223,49.1,42,25.82,5.815508,68.18,78.24,73.11,70.93,67.35,25.03,23.66,25.17,25.44,26.1,1.01,0.64,0.86,0.95,1.1
12/10/2021 8:00,3.72,4.45,9.44,4222,48.9,41.91,25.77,13.869759,67.93,78.55,73.53,71.28,67.66,25.11,23.65,25.12,25.41,26.08,1.02,0.63,0.84,0.93,1.09
12/10/2021 8:15,3.775,4.58,9.51,4223,49,41.45,25.6,38.196886,67.83,78.86,73.77,71.48,67.88,25.14,23.61,25.11,25.4,26.08,1.03,0.62,0.84,0.93,1.08
12/10/2021 8:30,3.84,4.69,9.64,4223,49.3,41.19,25.32,61.537777,67.88,79.51,73.91,71.65,68.04,25.21,23.52,25.17,25.42,26.09,1.03,0.59,0.83,0.92,1.08
12/10/2021 8:45,3.94,4.86,9.84,4222,49,40.71,24.91,87.673001,68.13,80.1,74.11,72.06,68.34,25.26,23.51,25.24,25.45,26.14,1.03,0.58,0.83,0.91,1.07
12/10/2021 9:00,3.982,4.85,10.01,4222,49.1,39.97,24.36,129.587982,68.59,80.5,74.53,72.35,68.67,25.3,23.61,25.29,25.57,26.25,1.01,0.57,0.82,0.91,1.07
12/10/2021 9:15,4.093,5.03,10.24,4223,49.3,39.37,23.88,80.111867,69.22,81,75.15,73.39,69.12,25.36,23.78,25.43,25.62,26.42,1,0.56,0.81,0.87,1.06
12/10/2021 9:30,4.266,5.34,10.57,4222,49.3,37.46,22.85,189.748308,69.72,81.4,75.77,74.07,69.38,25.47,23.93,25.56,25.75,26.59,0.99,0.55,0.79,0.86,1.07
12/10/2021 9:45,4.502,5.74,11.04,4222,49.3,34.86,21.16,230.019564,70.24,82.2,76.42,74.58,69.22,25.65,24.16,25.84,26.03,27.09,0.98,0.54,0.79,0.86,1.1
12/10/2021 10:00,11.349,6.17,36.79,4221,48.9,33.71,20.13,186.625231,71.41,82.8,77.05,76.24,69.19,25.89,24.61,26.31,26.43,27.93,0.95,0.53,0.79,0.82,1.16
12/10/2021 10:15,12.254,6.61,39.78,4220,49.3,33.54,19.56,264.373411,73.12,82.7,77.84,77.51,72.66,26.02,25.1,26.6,26.65,29,0.9,0.55,0.77,0.79,1.1
12/10/2021 10:30,12.911,6.92,41.96,4219,49.1,32.99,19.17,441.402567,74.72,83.1,79.29,79.65,79.55,26.18,25.45,26.72,26.79,30.38,0.86,0.55,0.73,0.72,0.89
12/10/2021 10:45,13.534,7.21,44.03, ,49.4,32.92,18.93,215.883531,76.12,83.8,80.7,81.3,78.17,26.33,25.75,26.85,26.99,31.32,0.82,0.54,0.68,0.67,1
12/10/2021 11:00,14.022,7.44,45.65,4213,49.1,32.87,18.91,228.540212,77.19,84.6,82,82.8,77.97,26.5,25.94,26.99,27.3,31.7,0.79,0.52,0.64,0.62,1.03
12/10/2021 11:15,14.886,7.69,48.69,4210,49.1,33.04,18.96,289.193655,77.89,85.1,82.6,83.4,79.3,26.62,26.09,27.14,27.55,32.04,0.77,0.5,0.63,0.61,0.99
12/10/2021 11:30,15.124,7.82,49.46,4207,49.1,33.01,18.79,238.073815,78.66,85.8,83.5,84.1,76.66,26.75,26.2,27.22,27.82,32.11,0.75,0.48,0.6,0.59,1.12
12/10/2021 11:45,15.615,8.05,51.09,4202,49.3,32.97,18.74,365.298111,79.43,86.4,84.3,85.1,75.86,26.87,26.32,27.36,28.14,32.11,0.73,0.47,0.57,0.57,1.15
12/10/2021 12:00,14.82,7.88,48.23,4200,49.4,33.61,18.98,98.192839,80,86.9,85,84.6,72.83,27.07,26.48,27.48,28.53,31.9,0.72,0.45,0.55,0.6,1.28
12/10/2021 12:15,15.27,8.19,49.62,4198,49.1,33.16,18.79,671.852777,79.8,86.8,85,84.2,75.57,27.13,26.51,27.5,28.1,30.43,0.73,0.46,0.55,0.6,1.06
12/10/2021 12:30,16.341,8.19,53.72,4193,49.3,33.06,18.96,396.035764,79.8,86.8,85,86.8,77.7,27.2,26.56,27.55,28.25,30.8,0.73,0.46,0.55,0.51,0.99
12/10/2021 12:45,15.678,8.33,51.03,4192,49.3,33.66,18.98,386.666533,80.4,87.4,85.7,84.9,75.77,27.3,26.67,27.66,28.73,30.85,0.71,0.44,0.53,0.6,1.08
12/10/2021 13:00,16.115,8.48,52.54,4188,49.4,33.85,19.03,354.120783,80.1,87.1,85.3,84.7,77.48,27.34,26.66,27.65,28.37,30,0.72,0.45,0.54,0.59,0.96
12/10/2021 13:15,14.862,8.41,47.82,4187,49.3,34.19,19.39,207.82928,80.3,87.1,85.5,84.6,78.21,27.36,26.7,27.69,28.39,29.7,0.72,0.45,0.54,0.6,0.91
12/10/2021 13:30,14.694,8.01,47.61,4186,49.3,34.33,19.27,219.992843,79.83,86.7,85.1,84.8,79.36,27.31,26.64,27.59,27.91,28.89,0.73,0.46,0.55,0.57,0.82
12/10/2021 13:45,14.664,8.19,47.3,4185,49.3,33.71,19.24,422.33536,79.75,86.8,85.4,85.1,80.5,27.24,26.58,27.47,27.71,28.45,0.73,0.46,0.54,0.55,0.76
12/10/2021 14:00,16.035,8.52,52.19,4183,49.4,33.59,19.03,297.905396,79.95,87.1,85.7,86.3,81.6,27.22,26.54,27.43,27.72,28.5,0.72,0.45,0.52,0.51,0.72
12/10/2021 14:15,16.499,8.76,53.71,4179,49.3,33.95,19.08,320.09568,80.4,87.4,86,86.7,81.8,27.24,26.59,27.48,28.02,28.8,0.71,0.44,0.51,0.5,0.72
12/10/2021 14:30,16.649,8.8,54.24,4175,49.3,33.83,19.13,424.143457,80.7,87.6,86.3,86.3,81.9,27.28,26.64,27.52,28.27,28.91,0.7,0.43,0.5,0.53,0.72
12/10/2021 14:45,16.74,8.8,54.59,4172,49.4,33.85,19.15,267.825233,80.8,87.7,86.5,86,81.9,27.3,26.62,27.53,28.36,28.93,0.7,0.43,0.5,0.54,0.72
12/10/2021 15:00,16.383,8.72,53.31,4170,49.5,33.85,19.27,181.365311,80.8,87.8,86.4,85.9,81.9,27.26,26.58,27.53,28.35,28.88,0.7,0.42,0.5,0.54,0.72
12/10/2021 15:15,14.943,8.05,48.52,4169,49.5,34.21,19.39,54.469761,80.8,87.9,86.6,85.3,81.6,27.21,26.45,27.39,28.16,28.67,0.69,0.42,0.49,0.56,0.72
12/10/2021 15:30,13.056,7.74,41.63,4169,49.1,35.17,20.06,98.685956,80.4,87.9,86.4,84.6,81.3,27.08,26.21,27.2,27.62,28.07,0.7,0.41,0.49,0.57,0.71
12/10/2021 15:45,12.476,7.46,39.71,4170,49.5,36.05,20.61,103.452758,79.67,87.4,85.9,85.1,81.4,26.81,25.95,26.85,26.99,27.51,0.72,0.42,0.5,0.53,0.68
12/10/2021 16:00,12.12,7.18,38.65,4171,49.3,37.1,21.13,76.98879,79.37,87,85.8,85.5,81.5,26.54,25.72,26.52,26.54,27.14,0.72,0.43,0.49,0.5,0.67
12/10/2021 16:15,10.937,6.8,34.53,4172,49.1,38.03,21.9,60.715915,79.06,86.9,85.8,85.5,81.5,26.29,25.43,26.19,26.21,26.82,0.72,0.43,0.48,0.49,0.65
12/10/2021 16:30,11.151,6.56,35.61,4173,49.4,38.75,22.38,42.47057,78.73,86.8,85.5,85.3,81.2,26,25.08,25.89,25.89,26.5,0.71,0.42,0.48,0.49,0.65
12/10/2021 16:45,11.006,6.38,35.25,4175,49.4,39.45,22.93,25.540205,78.39,86.7,85.2,84.9,80.8,25.74,24.8,25.65,25.64,26.25,0.72,0.42,0.49,0.5,0.65
12/10/2021 17:00,4.768,6.1,11.67,4176,49.4,40.09,23.55,14.198504,77.87,86.5,84.5,84.3,80.1,25.53,24.53,25.46,25.48,26.07,0.72,0.42,0.5,0.51,0.67
12/10/2021 17:15,4.625,5.77,11.48,4178,49.4,41.24,24.17,1.048706,77.11,85,83.8,83.5,79.35,25.15,24.54,25.31,25.32,25.92,0.73,0.46,0.52,0.53,0.69
12/10/2021 17:30,4.448,5.55,11.04,4180,49.5,41.55,24.65,-3.38935,79.11,79.1,82.1,82.3,77.8,24.28,25.58,25.33,25.2,25.94,0.63,0.69,0.58,0.57,0.74
12/10/2021 17:45,4.254,5.26,10.61,4181,49.3,41.96,25.05,-4.375585,80.4,77.6,79.86,81.2,76.16,23.69,25.67,25.52,25.16,26,0.57,0.74,0.66,0.6,0.8
12/10/2021 18:00,4.094,5.08,10.19,4183,49.3,41.96,25.41,-4.868703,81,78.17,78.17,79.92,74.89,23.32,25.27,25.64,25.18,26.01,0.54,0.7,0.72,0.64,0.84
12/10/2021 18:15,3.94,4.74,9.97,4185,49.3,42.27,25.79,-4.868703,81.4,79.3,76.85,78.8,73.81,23.13,24.82,25.81,25.25,26.09,0.53,0.65,0.77,0.68,0.89
12/10/2021 18:30,3.805,4.63,9.57,4185,49.3,42.48,26.11,-4.211213,81.2,80.4,75.96,77.79,72.95,23.05,24.45,25.89,25.36,26.19,0.53,0.6,0.8,0.72,0.92
12/10/2021 18:45,3.685,4.4,9.36,4188,49.4,42.77,26.46,-5.197448,81.1,81.1,75.24,77.05,72.41,22.97,24.22,25.97,25.42,26.23,0.53,0.57,0.83,0.75,0.94
12/10/2021 19:00,3.549,4.24,9.01,4189,49.4,42.7,26.56,-4.375585,81.1,80.7,74.68,76.56,71.92,22.96,24.28,26.07,25.47,26.27,0.53,0.59,0.85,0.76,0.96
12/10/2021 19:15,3.48,4.09,8.91,4190,49.5,43.08,26.87,-4.868703,81.1,80.1,74.07,76.24,71.51,22.92,24.37,26.18,25.5,26.33,0.53,0.61,0.88,0.78,0.98
12/10/2021 19:30,3.396,4.04,8.64,4191,49.5,43.2,26.92,-4.375585,80.9,79.62,73.68,75.93,71.24,22.91,24.42,26.2,25.48,26.33,0.53,0.62,0.9,0.78,0.99
12/10/2021 19:45,3.334,3.94,8.51,4192,49.4,43.2,27.18,-4.539958,80.4,77.95,73.72,75.12,70.5,22.87,24.66,26,25.47,26.29,0.55,0.68,0.88,0.81,1.01
12/10/2021 20:00,3.289,3.93,8.35,4195,49.4,43.22,27.23,-4.868703,80.8,79.9,74.3,75.83,71.32,22.89,24.37,26.07,25.53,26.3,0.54,0.61,0.87,0.79,0.98
12/10/2021 20:15,3.246,3.87,8.25,4196,49.6,43.25,27.42,-4.539958,80.5,80.5,73.48,75.29,70.76,22.96,24.18,26.2,25.6,26.37,0.55,0.59,0.9,0.81,1
12/10/2021 20:30,3.213,3.78,8.22,4196,49.3,43.25,27.42,-5.033075,80.2,79.79,72.86,74.78,70.46,22.97,24.33,26.32,25.67,26.41,0.56,0.62,0.93,0.83,1.02
12/10/2021 20:45,3.185,3.72,8.18,4196,49.1,43.25,27.52,-4.211213,80,78.89,72.49,74.38,70.16,22.99,24.52,26.39,25.73,26.45,0.56,0.65,0.95,0.85,1.03
12/10/2021 21:00,3.177,3.72,8.15, ,49.6,43.44,27.61,-4.539958,80.1,78.93,71.97,74.26,69.97,22.99,24.51,26.5,25.75,26.49,0.56,0.65,0.97,0.85,1.04
12/10/2021 21:15,3.137,3.67,8.05,4199,49.7,43.56,27.71,-4.868703,79.8,78.95,71.94,74.09,69.79,23.01,24.48,26.48,25.74,26.5,0.57,0.65,0.97,0.86,1.05
12/10/2021 21:30,3.14,3.68,8.05,4200,49.1,43.41,27.68,-4.539958,79.68,79.88,72.06,73.84,69.61,23.03,24.24,26.46,25.78,26.53,0.57,0.61,0.97,0.87,1.05
12/10/2021 21:45,3.129,3.67,8.02,4202,49.4,43.37,27.61,-4.539958,79.58,80.2,71.74,73.59,69.37,23.02,24.15,26.51,25.83,26.58,0.57,0.6,0.98,0.88,1.07
12/10/2021 22:00,3.126,3.63,8.05,4202,49.4,43.56,27.61,-5.033075,79.63,79.6,71.73,73.42,69.23,23.02,24.29,26.48,25.84,26.59,0.57,0.62,0.98,0.89,1.07
12/10/2021 22:15,3.101,3.57,8.02,4203,49.6,43.44,27.52,-4.70433,79.55,78.74,71.72,73.51,69.28,23.04,24.49,26.5,25.81,26.57,0.58,0.65,0.98,0.88,1.07
12/10/2021 22:30,3.118,3.63,8.02,4203,49.3,43.7,27.56,-4.211213,79.36,78.64,71.51,73.39,69.28,23.04,24.5,26.52,25.83,26.56,0.58,0.66,0.99,0.89,1.07
12/10/2021 22:45,3.113,3.64,7.99,4203,49.5,43.58,27.59,-5.033075,79.06,78.8,71.48,73.24,69.18,23.06,24.39,26.48,25.81,26.51,0.59,0.65,0.99,0.89,1.07
12/10/2021 23:00,3.115,3.59,8.05,4203,49.5,43.58,27.49,-4.868703,78.81,79.4,71.34,72.92,68.9,23.04,24.2,26.44,25.83,26.53,0.6,0.62,0.99,0.9,1.08
12/10/2021 23:15,3.132,3.68,8.02,4204,49.3,43.68,27.66,-4.375585,78.58,79.84,71.24,72.57,68.58,23.03,24.02,26.39,25.84,26.56,0.6,0.6,0.99,0.91,1.09
12/10/2021 23:30,3.107,3.59,8.02,4204,49.6,43.56,27.59,-4.375585,78.4,79.33,70.66,72.39,68.45,22.98,24.1,26.5,25.8,26.5,0.61,0.62,1.02,0.92,1.09
12/10/2021 23:45,3.12,3.61,8.05,4206,49.4,43.99,27.71,-4.70433,78.27,78.78,70.01,72.2,68.17,22.93,24.15,26.58,25.78,26.49,0.61,0.64,1.04,0.92,1.1
12/11/2021 0:00,3.175,3.71,8.15,4206,49.1,43.89,27.56,-4.70433,78.04,78.71,69.84,71.68,67.96,22.84,24.05,26.52,25.8,26.46,0.61,0.64,1.05,0.94,1.11
12/11/2021 0:15,3.148,3.68,8.08,4206,49.1,44.08,27.66,-4.375585,77.98,79.31,69.46,71.35,67.6,22.74,23.78,26.47,25.74,26.39,0.61,0.61,1.06,0.95,1.11
12/11/2021 0:30,3.174,3.68,8.18,4206,49.1,44.04,27.71,-4.375585,77.9,79.32,68.67,70.77,67.22,22.59,23.62,26.53,25.72,26.34,0.61,0.6,1.09,0.97,1.12
12/11/2021 0:45,3.217,3.74,8.28,4207,49.3,43.92,27.66,-4.539958,77.68,79.02,68.3,70.36,66.88,22.49,23.56,26.47,25.67,26.28,0.61,0.61,1.1,0.98,1.13
12/11/2021 1:00,3.206,3.7,8.28,4211,49.5,44.08,27.64,-4.868703,77.55,79.09,67.71,70.01,66.57,22.39,23.43,26.5,25.61,26.21,0.61,0.6,1.12,0.99,1.14
12/11/2021 1:15,3.231,3.79,8.28,4212,49.4,44.13,27.68,-4.539958,77.53,79.14,67.3,69.65,66.18,22.31,23.3,26.47,25.58,26.2,0.61,0.6,1.13,1,1.15
12/11/2021 1:30,3.247,3.82,8.31,4212,49.4,44.04,27.66,-4.539958,77.5,79.06,67.33,69.45,65.99,22.23,23.24,26.4,25.55,26.17,0.6,0.6,1.12,1,1.15
12/11/2021 1:45,3.25,3.83,8.31,4213,49.5,43.89,27.54,-4.211213,77.47,78.93,66.85,69.17,65.72,22.17,23.22,26.45,25.56,26.17,0.6,0.6,1.14,1.01,1.16
12/11/2021 2:00,3.235,3.74,8.35,4213,49.3,43.92,27.47,-4.868703,77.31,78.8,66.6,68.82,65.45,22.11,23.15,26.43,25.56,26.18,0.6,0.6,1.15,1.02,1.17
12/11/2021 2:15,3.252,3.8,8.35,4213,49.3,43.58,27.49,-4.375585,77.35,78.71,66.69,68.77,65.31,22.06,23.12,26.36,25.51,26.13,0.6,0.6,1.14,1.02,1.18
12/11/2021 2:30,3.285,3.86,8.41,4213,49.1,43.06,27.13,-4.211213,77.65,78.96,66.18,67.39,64.63,22.04,23.11,26.54,25.91,26.37,0.59,0.6,1.17,1.09,1.22
12/11/2021 2:45,3.353,3.89,8.64,4214,49.3,43.01,26.73,-4.539958,77.39,78.39,66.69,65.53,62,22.25,23.43,26.53,26.52,27.24,0.61,0.62,1.16,1.19,1.37
12/11/2021 3:00,3.349,3.93,8.58,4213,49.1,43.27,26.97,-4.211213,76.54,77.44,67.16,66.58,62.57,22.44,23.63,26.38,26.19,27.04,0.64,0.66,1.13,1.14,1.34
12/11/2021 3:15,3.38,4.04,8.58, ,49.3,43.34,27.01,-4.211213,76.43,77.8,67.3,68.2,63.94,22.33,23.44,26.25,25.71,26.57,0.64,0.64,1.12,1.05,1.25
12/11/2021 3:30,3.384,4,8.64,4214,49.3,43.39,26.94,-4.539958,76.63,78.05,67.13,68.42,64.14,22.22,23.3,26.22,25.54,26.42,0.63,0.63,1.12,1.03,1.24
12/11/2021 3:45,3.391,4.05,8.61,4214,49.4,43.49,27.09,-4.211213,76.75,78.11,66.61,68.29,64.02,22.11,23.2,26.26,25.53,26.37,0.62,0.62,1.14,1.04,1.24
12/11/2021 4:00,3.388,4.04,8.61,4214,49.5,43.06,26.94,-4.539958,76.73,78.21,66.95,68.26,64.01,22.03,23.13,26.13,25.45,26.33,0.62,0.62,1.12,1.03,1.23
12/11/2021 4:15,3.411,4,8.74,4215,49.5,43.29,26.99,-4.539958,76.52,78.2,66.87,68.12,63.95,22.03,23.08,26.09,25.43,26.31,0.62,0.62,1.12,1.04,1.23
12/11/2021 4:30,3.433,4.08,8.74,4215,49.4,43.2,26.78,-4.539958,76.51,78.08,66.86,68.06,63.84,21.97,23.06,26.03,25.4,26.27,0.62,0.62,1.12,1.04,1.24
12/11/2021 4:45,3.444,4.12,8.74,4215,49.3,42.84,26.78,-4.70433,76.46,78.12,66.61,67.85,63.69,21.94,22.99,26.06,25.41,26.26,0.62,0.61,1.13,1.04,1.24
12/11/2021 5:00,3.465,4.13,8.81,4216,49,43.15,26.82,-4.539958,76.5,77.95,66.51,67.64,63.5,21.87,23.01,26.03,25.39,26.25,0.62,0.62,1.13,1.05,1.25
12/11/2021 5:15,3.477,4.17,8.81,4215,49.3,43.01,26.75,-4.375585,76.61,77.87,66.63,67.6,63.44,21.86,22.99,25.98,25.38,26.25,0.61,0.62,1.12,1.05,1.25
12/11/2021 5:30,3.479,4.15,8.84,4216,49.3,43.01,26.66,-4.868703,76.45,77.9,66.68,67.61,63.47,21.84,22.98,25.95,25.38,26.24,0.62,0.62,1.12,1.05,1.25
12/11/2021 5:45,3.545,4.32,8.91,4216,49.1,42.7,26.66,-4.70433,76.43,78.01,66.44,67.45,63.39,21.84,22.91,25.99,25.39,26.22,0.62,0.61,1.13,1.06,1.25
12/11/2021 6:00,3.544,4.25,8.98,4216,49,42.48,26.39,-4.539958,76.39,78.01,66.55,67.46,63.32,21.8,22.91,25.93,25.36,26.25,0.62,0.61,1.12,1.05,1.25
12/11/2021 6:15,3.557,4.27,9.01,4217,49.5,42.62,26.46,-4.539958,76.46,77.85,66.44,67.36,63.33,21.8,22.93,25.96,25.37,26.23,0.61,0.62,1.13,1.06,1.25
12/11/2021 6:30,3.609,4.36,9.11,4217,49.4,42.46,26.25,-4.539958,76.48,77.75,66.41,67.32,63.22,21.78,22.94,25.94,25.36,26.21,0.61,0.62,1.13,1.06,1.25
12/11/2021 6:45,3.627,4.36,9.18,4217,49.3,42.36,26.2,-4.539958,76.57,77.69,65.9,67.15,63.05,21.74,22.95,26.05,25.39,26.24,0.61,0.62,1.15,1.07,1.26
12/11/2021 7:00,3.624,4.35,9.18,4217,49.3,42.31,26.2,-4.375585,76.59,77.62,66.12,67.15,63.06,21.71,22.96,25.98,25.37,26.24,0.61,0.63,1.14,1.06,1.26
12/11/2021 7:15,3.719,4.5,9.38,4217,49.4,42.05,25.96,0.391216,74.27,74.3,67.48,67.23,63.09,22.76,23.92,25.73,25.44,26.32,0.71,0.76,1.08,1.07,1.26
12/11/2021 7:30,3.759,4.58,9.45,4217,49,41.6,25.82,9.92482,66.71,74.66,69.47,67.24,63.51,24.76,23.92,25.36,25.59,26.36,1.04,0.75,0.99,1.07,1.25
12/11/2021 7:45,3.926,4.79,9.86,4218,49.5,41.12,25.32,36.388788,64.8,75.7,69.9,67.3,63.71,25.15,23.65,25.24,25.57,26.27,1.13,0.71,0.97,1.07,1.24
12/11/2021 8:00,3.991,4.92,9.97,4217,49.3,38.9,24.1,72.550733,64.51,76.59,70.42,67.52,63.59,25.23,23.58,25.28,25.63,26.47,1.14,0.68,0.95,1.07,1.26
12/11/2021 8:15,4.119,5.15,10.21,4217,49.5,37.15,23,90.467333,65.05,77.89,71.49,68.32,64.05,25.46,23.79,25.59,25.93,26.82,1.14,0.65,0.94,1.06,1.27
12/11/2021 8:30,4.291,5.42,10.58,4218,49.4,35.96,21.99,92.439802,65.95,78.89,72.41,69.52,64.79,25.64,24.12,25.87,26.13,27.11,1.12,0.63,0.92,1.03,1.26
12/11/2021 8:45,4.42,5.68,10.79,4217,49.3,35.55,21.42,142.244662,67,79.22,73.2,70.89,66.26,25.84,24.5,26.15,26.27,27.4,1.1,0.64,0.91,0.99,1.23
12/11/2021 9:00,10.971,5.95,35.58,4217,49,35.09,21.04,118.903771,68.32,79.59,73.67,72.43,68.57,25.99,24.79,26.37,26.38,28,1.06,0.64,0.9,0.95,1.19
12/11/2021 9:15,11.16,6.36,35.86,4217,49.1,34.74,20.46,137.970978,69.7,80.2,74.79,73.69,74.06,26.08,25.07,26.55,26.51,28.97,1.02,0.63,0.88,0.91,1.04
12/11/2021 9:30,11.775,6.78,37.76,4215,49.3,34.62,20.15,204.213085,71.07,80.8,75.96,75.64,77.08,26.18,25.27,26.66,26.55,30.13,0.98,0.62,0.84,0.85,0.98
12/11/2021 9:45,12.375,7,39.82,4214,49.1,34.02,19.82,175.612275,72.6,81.7,77.43,77.4,75.64,26.25,25.43,26.73,26.58,30.96,0.93,0.59,0.79,0.79,1.09
12/11/2021 10:00,13.017,7.25,42.01,4210,49.4,33.68,19.44,189.090818,73.94,82.4,78.79,79.48,77.8,26.33,25.67,26.76,26.72,31.57,0.89,0.58,0.75,0.72,1.03
12/11/2021 10:15,13.44,7.47,43.39,4208,48.9,33.42,19.24,261.743452,75.06,82.8,79.86,80.6,76.68,26.42,25.88,26.88,27.02,32.01,0.86,0.57,0.71,0.69,1.11
12/11/2021 10:30,14.35,7.76,46.56,4206,49.3,33.21,19.08,506.165322,76,83.5,80.8,81.6,77.41,26.57,26.05,26.98,27.32,32.23,0.83,0.56,0.68,0.67,1.09
12/11/2021 10:45,15.097,8.02,49.14,4203,49.4,32.97,18.91,209.14426,76.8,84.2,81.8,82.1,78.72,26.68,26.18,27.07,27.64,32.41,0.81,0.54,0.65,0.66,1.04
12/11/2021 11:00,15.574,8.12,50.86,4199,49.3,32.82,18.79,217.856001,77.54,84.8,82.5,82.7,78.51,26.8,26.28,27.21,27.9,32.48,0.79,0.52,0.63,0.65,1.05
12/11/2021 11:15,15.522,8.23,50.54,4195,49.4,32.94,18.84,222.787175,78.21,85.4,83.2,84,77.18,26.94,26.4,27.34,28.29,32.62,0.77,0.5,0.61,0.62,1.12
12/11/2021 11:30,16.172,8.37,52.88, ,49.5,32.85,18.77,270.455193,78.75,85.9,83.8,83.9,75.77,27.05,26.52,27.47,28.67,32.52,0.76,0.49,0.59,0.63,1.19
12/11/2021 11:45,16.628,8.3,54.7,4188,49.3,32.68,18.91,263.715921,79.3,86.4,84.3,84.3,72.34,27.21,26.65,27.61,28.94,32.65,0.75,0.48,0.58,0.63,1.36
12/11/2021 12:00,16.567,8.64,54.1,4184,49.6,33.06,19.01,618.102977,79.36,86.4,84.5,84,72.59,27.36,26.75,27.7,29.16,32.27,0.75,0.48,0.58,0.65,1.32
12/11/2021 12:15,17.048,8.76,55.81,4179,49.3,33.09,19.03,603.802572,79.13,86.3,84.4,83.4,72.28,27.41,26.77,27.71,29.24,32.11,0.76,0.48,0.58,0.67,1.33
12/11/2021 12:30,17.256,8.84,56.52,4174,49.4,33.4,19.17,327.656814,79.13,86.3,84.3,83.3,72.97,27.44,26.79,27.74,29.26,31.54,0.76,0.48,0.58,0.68,1.25
12/11/2021 12:45,17.239,8.93,56.36,4169,49.1,33.33,19.05,280.481914,79.2,86.4,84.5,83.3,74.43,27.46,26.82,27.73,29.26,30.98,0.76,0.48,0.58,0.68,1.15
12/11/2021 13:00,17.726,8.85,58.31,4164,49.4,33.09,19.13,265.030901,79.23,86.4,84.6,83.2,75.71,27.48,26.85,27.74,29.24,30.64,0.76,0.48,0.57,0.68,1.07
12/11/2021 13:15,17.49,8.81,57.45,4160,49.3,33.3,19.17,251.059241,79.28,86.3,84.6,83.2,76.58,27.53,26.91,27.76,29.23,30.37,0.76,0.49,0.57,0.68,1.02
12/11/2021 13:30,17.663,8.93,57.98,4155,49.1,33.16,19.22,366.777463,79.28,86.3,84.7,83.1,77.59,27.57,26.92,27.76,29.25,30.08,0.76,0.49,0.57,0.69,0.96
12/11/2021 13:45,18.08,9.02,59.48,4151,49.3,33.23,19.17,268.975841,79.35,86.4,84.9,83,78.41,27.61,26.96,27.78,29.23,29.87,0.76,0.48,0.56,0.69,0.91
12/11/2021 14:00,17.898,8.93,58.88,4148,49.5,33.01,19.13,235.115111,79.41,86.3,85,83.3,78.91,27.65,27.01,27.81,29.17,29.75,0.76,0.49,0.56,0.68,0.88
12/11/2021 14:15,17.933,8.85,59.1,4144,49.4,33.42,19.24,262.236569,79.44,86.2,85,83.4,79.44,27.66,27.05,27.86,29.11,29.62,0.76,0.49,0.56,0.67,0.85
12/11/2021 14:30,17.621,8.81,57.95,4140,49.4,33.28,19.17,419.541028,79.49,86.2,85,83.6,79.75,27.66,27.09,27.91,29.05,29.52,0.76,0.49,0.56,0.66,0.84
12/11/2021 14:45,17.691,8.9,58.12,4137,49.4,33.25,19.22,229.855192,79.46,86.2,85,83.6,79.89,27.68,27.07,27.87,29.01,29.47,0.76,0.49,0.56,0.66,0.83
12/11/2021 15:00,18.072,8.89,59.59,4134,49.4,33.35,19.32,165.092436,79.37,86.3,84.8,83.6,79.99,27.65,27.03,27.88,28.96,29.38,0.76,0.49,0.57,0.66,0.82
12/11/2021 15:15,17.434,8.85,57.19,4132,49.1,33.35,19.27,190.077053,79.3,86.3,84.7,83.6,80,27.6,26.97,27.82,28.85,29.26,0.76,0.49,0.57,0.65,0.81
12/11/2021 15:30,17.463,8.77,57.39,4130,49.4,33.61,19.27,165.914299,79.16,86.4,85,83.6,79.91,27.56,26.87,27.67,28.76,29.17,0.77,0.48,0.56,0.65,0.81
12/11/2021 15:45,17.098,8.81,55.95,4128,49.4,33.71,19.2,179.557214,79.1,86.4,85.2,83.4,79.76,27.48,26.78,27.52,28.65,29.08,0.77,0.48,0.54,0.65,0.81
12/11/2021 16:00,16.707,8.72,54.55,4128,49.3,33.56,19.13,173.639805,79.01,86.4,85.3,83.1,79.31,27.37,26.65,27.35,28.48,28.97,0.76,0.48,0.53,0.66,0.83
12/11/2021 16:15,16.383,8.72,53.31,4127,49.1,33.76,19.22,95.727252,78.94,86.6,85.5,83.1,78.98,27.24,26.47,27.14,28.23,28.79,0.76,0.46,0.52,0.65,0.83
12/11/2021 16:30,16.219,8.6,52.81,4126,49.3,34.14,19.36,71.893243,78.87,86.7,85.6,82.7,78.66,27.07,26.25,26.96,27.97,28.54,0.76,0.45,0.51,0.65,0.83
12/11/2021 16:45,15.706,8.41,51.05,4127,49.5,34.02,19.22,45.10053,79.07,86.8,85.6,83.1,79.11,26.87,26.08,26.77,27.63,28.21,0.74,0.45,0.51,0.63,0.8
12/11/2021 17:00,14.404,8.22,46.27,4128,49.1,34.74,19.58,26.52644,79.19,87,85.7,83.4,79.49,26.71,25.88,26.61,27.27,27.85,0.73,0.43,0.5,0.6,0.77
12/11/2021 17:15,13.658,8.04,43.61,4129,49.1,35.96,20.3,4.336156,78.26,86.6,85.6,83.3,79.62,26.47,25.56,26.38,26.84,27.39,0.75,0.44,0.5,0.59,0.74
12/11/2021 17:30,12.663,7.43,40.46,4132,49.1,37.08,20.94,-3.224978,77.89,86.8,85.4,83.5,80,26.11,25.06,26.01,26.32,26.79,0.75,0.42,0.49,0.57,0.7
12/11/2021 17:45,11.821,6.98,37.72,4136,49.5,37.89,21.54,-4.375585,77.3,86.1,84.9,83.4,79.52,25.77,24.85,25.67,25.88,26.45,0.75,0.44,0.5,0.55,0.71
12/11/2021 18:00,11.132,6.65,35.44,4140,49.4,38.61,22.09,-4.375585,77.76,82.9,84,82.4,77.87,25.19,25.22,25.48,25.69,26.42,0.71,0.55,0.52,0.58,0.76
12/11/2021 18:15,10.809,6.19,34.7,4143,49.3,39.16,22.78,-4.70433,79.67,79.33,82.4,80.8,76.21,24.37,25.8,25.45,25.67,26.43,0.62,0.69,0.57,0.63,0.82
12/11/2021 18:30,10.585,5.96,34.09,4147,49.5,39.85,23.28,-4.868703,81,77.98,80.3,79.61,74.73,23.81,25.84,25.58,25.64,26.47,0.56,0.73,0.65,0.67,0.87
12/11/2021 18:45,4.633,5.63,11.66,4150,49.5,40.14,23.88,-4.375585,81.6,77.51,78.59,78.65,73.7,23.48,25.71,25.73,25.58,26.43,0.53,0.74,0.71,0.7,0.91
12/11/2021 19:00,4.463,5.37,11.29,4155,49.6,40.71,24.24,-4.539958,81.6,77.82,77.29,77.93,72.82,23.27,25.42,25.8,25.53,26.4,0.53,0.72,0.75,0.72,0.94
12/11/2021 19:15,4.299,5.16,10.89,4158,49.3,41,24.65,-4.868703,81.6,78.19,76.39,77.32,72.1,23.09,25.13,25.83,25.45,26.38,0.52,0.7,0.79,0.74,0.96
12/11/2021 19:30,4.158,4.9,10.63,4161,49.4,41.45,25.03,-4.70433,81.4,79.03,75.46,76.76,71.43,22.96,24.77,25.89,25.45,26.38,0.52,0.66,0.82,0.76,0.98
12/11/2021 19:45,4.058,4.75,10.41,4165,49.4,41.33,25.27,-5.197448,81.2,79.3,74.6,76.01,70.79,22.82,24.55,25.91,25.43,26.36,0.52,0.64,0.85,0.78,1
12/11/2021 20:00,3.968,4.67,10.15,4167,49.4,41.86,25.63,-4.539958,81.1,79.57,73.92,75.35,70.44,22.7,24.31,25.93,25.42,26.29,0.52,0.62,0.87,0.8,1.01
12/11/2021 20:15,3.841,4.49,9.86,4170,49.4,42.05,25.82,-4.211213,80.8,79.68,73.36,74.76,69.98,22.6,24.16,25.94,25.4,26.25,0.53,0.61,0.89,0.82,1.02
12/11/2021 20:30,3.734,4.34,9.61,4172,49.5,42.08,26.11,-4.539958,80.7,79.34,72.37,74.27,69.55,22.52,24.11,26.07,25.38,26.25,0.53,0.62,0.93,0.83,1.04
12/11/2021 20:45,3.688,4.28,9.5,4174,49.5,42.31,26.25,-4.868703,80.1,78.31,71.73,73.53,68.64,22.48,24.15,25.95,25.31,26.23,0.54,0.65,0.95,0.85,1.07
12/11/2021 21:00,3.632,4.24,9.33,4176,49.5,42.36,26.34,-4.539958,79.81,78.76,71.88,73.54,68.67,22.44,23.97,25.89,25.25,26.16,0.55,0.63,0.94,0.85,1.06
12/11/2021 21:15,3.565,4.13,9.19,4178,49.3,42.51,26.54,-4.375585,79.89,78.97,71.74,73.5,68.65,22.35,23.9,25.92,25.24,26.15,0.54,0.62,0.95,0.85,1.06
12/11/2021 21:30,3.508,4.06,9.05,4179,49.4,42.55,26.54,-4.70433,79.99,79.49,70.84,73.07,68.37,22.3,23.73,26.14,25.32,26.19,0.54,0.6,0.99,0.87,1.08
12/11/2021 21:45,3.478,3.99,9.01,4181,49.3,42.19,26.51,-4.70433,80.1,80.4,68.05,70.33,66.36,22.34,23.56,26.88,26.02,26.74,0.54,0.57,1.13,1,1.18
12/11/2021 22:00,3.507,4.12,8.98,4183,49.3,42,26.42,-4.539958,79.47,79.93,67.45,69.27,65.21,22.53,23.74,27.04,26.29,27.06,0.56,0.59,1.16,1.05,1.24
12/11/2021 22:15,3.49,4.03,9.01,4184,49.4,42.15,26.32,-4.539958,78.89,79.54,67.57,68.79,64.81,22.68,23.85,27.05,26.41,27.19,0.58,0.61,1.16,1.07,1.27
12/11/2021 22:30,3.5,4.04,9.04,4185,49.4,41.98,26.23,-4.375585,78.44,79.27,67.37,68.58,64.57,22.78,23.93,27.1,26.48,27.26,0.6,0.62,1.17,1.09,1.28
12/11/2021 22:45,3.49,4.03,9.01,4187,49.3,42.1,26.32,-4.70433,78.09,79.01,67.59,68.4,64.47,22.84,23.99,27.02,26.49,27.26,0.61,0.63,1.16,1.09,1.29
12/11/2021 23:00,3.492,4.04,9.01,4188,49.5,42.27,26.39,-4.70433,77.75,78.8,67.7,68.52,64.41,22.89,24.03,26.96,26.42,27.25,0.62,0.63,1.15,1.08,1.29
12/11/2021 23:15,3.49,4.06,8.98,4189,49.1,42.67,26.61,-4.539958,77.47,78.62,68,69.22,65.21,22.86,23.97,26.78,26.17,26.96,0.63,0.64,1.13,1.05,1.24
12/11/2021 23:30,3.465,4,8.95,4190,49.3,42.51,26.49,-4.868703,77.6,78.87,68.07,69.45,65.44,22.76,23.86,26.73,26.06,26.82,0.62,0.63,1.12,1.03,1.22
12/11/2021 23:45,3.464,4.06,8.88,4191,49.1,42.46,26.46,-4.7043305,77.62,78.72,67.53,69.17,65.18,22.72,23.84,26.82,26.09,26.85,0.62,0.63,1.15,1.04,1.23
12/12/2021 0:00,3.461,4.02,8.91,4193,49.4,42.48,26.56,-4.293399,77.75,78.76,67.31,69.02,65.04,22.66,23.81,26.81,26.09,26.85,0.61,0.63,1.15,1.05,1.24
12/12/2021 0:15,3.374,3.99,8.61,4200,49.4,43.51,27.13,-4.539958,80.8,79.33,71.92,74.15,66.45,22.6,24.18,26.26,25.54,26.77,0.53,0.62,0.96,0.85,1.18
12/12/2021 0:30,3.26,3.8,8.38,4202,49.4,43.32,27.49,-4.70433,84.4,85.4,76.16,79.57,70.78,21.85,23.09,25.61,24.7,26.23,0.41,0.41,0.78,0.64,1
12/12/2021 0:45,3.203,3.69,8.28,4204,49.4,42.79,27.4,-4.70433,86.4,87.5,75.24,76.6,69.75,21.71,22.82,26.05,25.63,26.83,0.35,0.35,0.83,0.77,1.07
12/12/2021 1:00,3.211,3.72,8.28,4205,49.4,42.34,27.13,-4.539958,87.2,87.1,73.42,72.5,65.92,21.9,23.17,26.68,26.67,27.98,0.34,0.37,0.93,0.96,1.29
12/12/2021 1:15,3.163,3.79,8.02,4210,49.4,42.72,27.32,-4.70433,87.5,86.8,73.65,75.39,66.31,22.14,23.45,27.04,26.48,28.05,0.33,0.38,0.94,0.85,1.28
12/12/2021 1:30,3.14,3.68,8.05,4212,49.6,43.13,27.42,-4.375585,87.7,89.2,76.5,78.64,68.81,22.11,23.07,26.41,25.79,27.63,0.33,0.3,0.81,0.71,1.15
12/12/2021 1:45,3.094,3.61,7.95,4213,49.3,43.44,27.56,-4.70433,87.8,88.8,75.59,78.35,69.81,22.13,23.05,26.45,25.71,27.3,0.33,0.32,0.84,0.72,1.1
12/12/2021 2:00,3.086,3.61,7.92,4214,49.5,43.56,27.76,-4.539958,87.7,88.1,74.9,77.15,69.58,22.11,23.12,26.52,25.82,27.22,0.33,0.34,0.87,0.76,1.1
12/12/2021 2:15,2.954,3.4,7.64,4219,49.6,43.56,27.85,-4.04684,87.7,87.7,76.31,79.94,70.21,22.05,23.16,26.29,25.45,27.07,0.33,0.35,0.81,0.65,1.07
12/12/2021 2:30,2.939,3.42,7.56,4220,49.4,44.51,28.35,-4.868703,87.7,89.4,79.57,83.4,73.02,21.88,22.78,25.32,24.46,26.31,0.32,0.29,0.66,0.51,0.92
12/12/2021 2:45,2.947,3.42,7.59,4222,49.5,44.44,28.38,-4.211213,87.7,88.8,77.37,82.4,73.59,21.73,22.67,25.73,24.57,26.05,0.32,0.31,0.75,0.54,0.89
12/12/2021 3:00,2.895,3.33,7.49,4223,49.4,44.61,28.54,-4.539958,87.7,88.7,76.28,80.3,72.15,21.62,22.63,25.85,24.88,26.27,0.32,0.31,0.79,0.62,0.95
12/12/2021 3:15,2.881,3.26,7.51,4223,49.4,44.94,28.54,-4.375585,87.7,87.9,75.96,78.92,71.47,21.58,22.69,25.83,25.01,26.32,0.32,0.33,0.8,0.67,0.98
12/12/2021 3:30,2.873,3.27,7.47,4224,49.1,44.85,28.64,-4.375585,87.5,87.1,75.16,77.81,70.85,21.52,22.78,25.89,25.12,26.36,0.32,0.36,0.83,0.71,1
12/12/2021 3:45,2.913,3.31,7.58,4226,49.3,44.92,28.47,-4.70433,87.3,86.3,74.1,76.58,70.22,21.46,22.81,26.01,25.23,26.4,0.32,0.38,0.87,0.75,1.02
12/12/2021 4:00,2.924,3.35,7.58, ,49.4,44.75,28.4,-4.375585,87,85.3,73.28,75.76,69.69,21.4,22.89,26.04,25.25,26.4,0.33,0.41,0.9,0.78,1.04
12/12/2021 4:15,2.943,3.38,7.62,4228,49.3,44.7,28.52,-4.70433,86.8,84.5,72.61,75.05,69.21,21.37,22.97,26.09,25.29,26.4,0.34,0.43,0.93,0.8,1.06
12/12/2021 4:30,2.912,3.27,7.62,4229,49.5,44.97,28.26,-4.211213,86.5,84.3,72.39,74.52,68.98,21.38,22.96,26.09,25.33,26.38,0.34,0.44,0.93,0.82,1.07
12/12/2021 4:45,2.967,3.37,7.72,4230,49.5,44.78,28.16,-4.211213,86.3,83.6,71.98,73.85,68.63,21.39,23.04,26.09,25.39,26.41,0.35,0.46,0.95,0.85,1.08
12/12/2021 5:00,3.004,3.41,7.82,4230,49.4,44.63,28.21,-4.375585,86.1,82.9,71.5,73.61,68.37,21.42,23.15,26.14,25.4,26.41,0.35,0.48,0.97,0.86,1.09
12/12/2021 5:15,3.017,3.4,7.88,4232,49.5,44.44,28.21,-4.539958,85.8,82.6,71.15,72.99,68.2,21.44,23.19,26.17,25.48,26.4,0.36,0.49,0.98,0.88,1.09
12/12/2021 5:30,3.06,3.46,7.98,4233,49.3,44.44,27.87,-4.539958,85.6,82.4,70.75,72.66,67.97,21.46,23.17,26.23,25.51,26.43,0.37,0.5,1,0.89,1.1
12/12/2021 5:45,3.065,3.48,7.98,4233,49.4,44.42,27.76,-4.70433,85.3,82.2,70.58,72.41,67.74,21.49,23.21,26.21,25.5,26.43,0.38,0.51,1,0.9,1.11
12/12/2021 6:00,3.127,3.55,8.14,4234,49,44.25,27.76,-4.539958,84.8,81.7,70.36,72.15,67.58,21.5,23.23,26.18,25.5,26.41,0.39,0.52,1.01,0.91,1.12
12/12/2021 6:15,3.164,3.59,8.24,4235,49.5,44.11,27.52,-4.70433,84.5,81.4,70.24,72,67.41,21.5,23.26,26.18,25.47,26.39,0.4,0.53,1.01,0.91,1.12
12/12/2021 6:30,3.219,3.69,8.34,4235,49.1,43.82,27.37,-4.539958,84.1,81.5,70.05,71.62,67.24,21.53,23.23,26.18,25.52,26.39,0.41,0.53,1.02,0.93,1.13
12/12/2021 6:45,3.243,3.71,8.41,4235,49.6,43.89,27.4,-2.731861,83.6,81.1,69.53,71.29,66.91,21.58,23.26,26.23,25.54,26.41,0.42,0.54,1.04,0.94,1.14
12/12/2021 7:00,3.312,3.8,8.58,4235,49.4,43.84,27.21,4.829273,83,80.7,69.26,70.96,66.69,21.58,23.25,26.22,25.52,26.34,0.44,0.55,1.05,0.95,1.14
12/12/2021 7:15,3.355,3.86,8.68,4237,49.7,43.68,26.87,14.691622,82.9,77.62,70.68,70.85,66.64,22.08,24.07,25.9,25.61,26.45,0.45,0.67,0.98,0.96,1.15
12/12/2021 7:30,3.4,3.99,8.71,4237,49.5,43.06,26.73,60.551542,77.98,77.9,73.36,71.18,67.28,23.53,24.15,25.44,25.7,26.47,0.64,0.67,0.87,0.95,1.13
12/12/2021 7:45,3.483,4.1,8.91,4238,49.4,42.53,26.34,138.957213,73.85,79.37,73.98,71.76,67.88,24.4,23.93,25.44,25.7,26.44,0.8,0.61,0.85,0.93,1.11
12/12/2021 8:00,3.527,4.09,9.09,4238,49.1,39.85,24.96,83.728061,71.23,80.4,74.53,72.1,67.92,25.02,23.96,25.58,25.88,26.71,0.91,0.58,0.84,0.93,1.12
12/12/2021 8:15,3.698,4.37,9.44,4239,49.3,38.56,23.86,100.987171,70.42,81.4,75.55,72.88,68.11,25.56,24.29,25.92,26.22,27.17,0.97,0.56,0.82,0.92,1.15
12/12/2021 8:30,3.854,4.62,9.77,4238,49.3,37.7,23.05,117.588791,71.03,81.8,76.03,74.11,68.93,25.82,24.72,26.25,26.42,27.55,0.96,0.57,0.82,0.89,1.14
12/12/2021 8:45,4.015,4.94,10.04,4238,49.3,37.41,22.42,127.944257,72.2,81.8,76.66,75.47,73.87,26.03,25.14,26.56,26.56,28.27,0.94,0.58,0.81,0.85,1
12/12/2021 9:00,4.282,5.36,10.61,4238,49.5,36.74,21.83,152.600128,73.56,82.3,77.95,77.21,81.5,26.18,25.41,26.71,26.66,29.72,0.9,0.57,0.77,0.8,0.77
12/12/2021 9:15,10.732,5.77,34.86,4238,49.4,36.03,21.09,279.824424,74.9,83.3,79.32,79.14,81.5,26.33,25.64,26.86,26.71,31.1,0.86,0.55,0.73,0.73,0.84
12/12/2021 9:30,11.483,6.19,37.28,4237,49.5,35.14,20.37,171.33859,76.05,83.8,80.4,80.8,79.41,26.49,25.9,27.01,26.89,32.41,0.83,0.54,0.7,0.68,1
12/12/2021 9:45,12.131,6.58,39.34,4236,49.3,34.43,19.91,217.034138,77.16,84.4,81.5,82.8,78.24,26.66,26.16,27.16,27.29,33.13,0.8,0.53,0.67,0.62,1.1
12/12/2021 10:00,12.79,7,41.41,4234,49.7,34.04,19.6,490.549937,78,84.8,82.6,83.6,77.44,26.85,26.41,27.31,27.79,33.77,0.78,0.52,0.63,0.61,1.18
12/12/2021 10:15,13.862,7.31,45.18,4232,49.6,33.66,19.34,430.225239,78.77,85.4,83.4,84.5,78.21,27.02,26.59,27.47,28.38,34.31,0.76,0.51,0.61,0.6,1.18
12/12/2021 10:30,14.196,7.53,46.22,4227,49.5,33.09,18.98,213.417944,79.43,86,84.2,84.9,78.32,27.21,26.78,27.64,28.95,34.69,0.74,0.49,0.58,0.6,1.2
12/12/2021 10:45,15.281,7.95,49.92,4224,49.6,33.35,18.93,218.677863,79.95,86.5,84.7,84.5,78.04,27.41,26.96,27.84,29.47,34.77,0.73,0.48,0.57,0.64,1.22
12/12/2021 11:00,15.425,8.12,50.29,4219,49.6,33.59,19.05,231.170171,79.7,86.2,84.3,83.6,77.74,27.56,27.08,27.98,29.76,34.85,0.75,0.49,0.59,0.69,1.24
12/12/2021 11:15,16.092,8.41,52.53,4215,49.6,33.52,18.98,258.127257,79.62,86.3,84.2,83.3,75.87,27.63,27.13,28.08,29.98,34.72,0.75,0.49,0.6,0.71,1.34
12/12/2021 11:30,16.651,8.52,54.55,4211,49.5,33.42,19.13,586.707835,79.88,86.5,84.4,83.3,75.29,27.7,27.2,28.14,30.16,34.58,0.75,0.49,0.59,0.72,1.36
12/12/2021 11:45,16.933,8.52,55.63,4205,49.5,33.37,18.96,676.783951,80.1,86.6,84.6,83.5,74.71,27.79,27.3,28.22,30.39,34.75,0.74,0.49,0.59,0.72,1.4
12/12/2021 12:00,17.329,8.6,57.06,4200,49.5,33.25,19.05,457.675442,80.2,86.6,84.8,83.1,72.22,27.88,27.37,28.31,30.59,34.87,0.74,0.49,0.59,0.74,1.55
12/12/2021 12:15,17.361,8.6,57.18, ,49.6,33.25,18.96,279.660051,80.3,86.7,84.9,83.2,72.15,27.98,27.46,28.38,30.72,34.73,0.74,0.49,0.58,0.74,1.54
12/12/2021 12:30,18.023,8.69,59.62,4188,49.3,33.37,19.01,273.57827,80.5,86.9,85.2,83,72.7,28.05,27.54,28.44,30.77,34.33,0.74,0.48,0.57,0.75,1.48
12/12/2021 12:45,18.029,8.69,59.64,4182,49.1,33.35,19.2,259.935354,80.4,86.8,85.2,83,72.93,28.14,27.59,28.5,30.85,33.62,0.75,0.49,0.58,0.76,1.41
12/12/2021 13:00,18.004,8.77,59.46,4177,49.4,33.3,19.24,246.128067,80.3,87,85.4,82.8,73.42,28.22,27.64,28.53,30.88,32.84,0.75,0.48,0.57,0.77,1.33
12/12/2021 13:15,18.214,8.82,60.21,4171,49,33.28,19.27,321.903778,80.5,87,85.6,82.8,75.24,28.26,27.71,28.55,30.89,32.18,0.75,0.48,0.56,0.77,1.19
12/12/2021 13:30,17.981,8.69,59.46,4166,49.5,33.21,19.39,242.183127,80.5,87.1,85.6,82.7,76.86,28.34,27.76,28.61,30.89,31.74,0.75,0.48,0.56,0.77,1.08
12/12/2021 13:45,18.459,8.78,61.19,4160,49,33.4,19.32,230.183936,80.5,87.1,85.7,82.5,77.67,28.35,27.8,28.65,30.85,31.47,0.75,0.48,0.56,0.78,1.03
12/12/2021 14:00,18.549,8.74,61.58,4156,49.3,33.49,19.24,458.661677,80.6,87,85.7,82.7,78.25,28.41,27.86,28.69,30.74,31.28,0.75,0.49,0.56,0.77,0.99
12/12/2021 14:15,18.523,8.86,61.35,4151,49.4,33.71,19.22,359.380702,80.5,86.8,85.6,82.9,78.74,28.46,27.92,28.74,30.64,31.09,0.76,0.5,0.57,0.75,0.96
12/12/2021 14:30,18.163,8.61,60.24,4146,49.3,33.59,19.24,182.844664,80.5,86.6,85.4,82.8,79.06,28.44,27.94,28.79,30.53,30.93,0.76,0.5,0.58,0.75,0.94
12/12/2021 14:45,18.447,8.74,61.19,4142,49.3,33.99,19.24,184.817133,80.4,86.7,85.5,83,79.37,28.45,27.92,28.79,30.41,30.77,0.76,0.5,0.57,0.74,0.91
12/12/2021 15:00,18.303,8.57,60.82,4139,49.5,34.33,19.2,163.777457,80.2,86.7,85.1,83.1,79.55,28.44,27.88,28.8,30.26,30.63,0.77,0.5,0.59,0.73,0.9
12/12/2021 15:15,17.859,8.57,59.12,4136,49.1,34.09,19.05,143.066525,80.1,86.7,85.1,83.3,79.73,28.41,27.85,28.74,30.11,30.49,0.77,0.5,0.59,0.71,0.88
12/12/2021 15:30,18.179,8.65,60.26,4134,49.3,34.21,19.13,130.574217,80,86.6,85.2,83.2,79.68,28.32,27.77,28.62,29.96,30.34,0.77,0.5,0.58,0.71,0.88
12/12/2021 15:45,17.978,8.65,59.49,4132,49.4,34.52,19.17,127.286767,80,86.5,85.4,83.1,79.53,28.24,27.72,28.46,29.76,30.21,0.77,0.5,0.57,0.71,0.88
12/12/2021 16:00,17.299,8.65,56.89,4130,49.3,34.43,19.05,100.987171,79.99,86.4,85.5,83.3,79.26,28.1,27.6,28.31,29.54,30.08,0.76,0.5,0.56,0.69,0.88
12/12/2021 16:15,16.963,8.57,55.69,4130,49.1,34.76,19.1,53.647898,79.98,86.4,85.5,83,78.81,27.99,27.47,28.14,29.32,29.92,0.76,0.5,0.55,0.69,0.89
12/12/2021 16:30,17.096,8.57,56.2,4129,49.3,34.52,19.03,40.333728,79.79,86.3,85.4,82.9,78.63,27.84,27.31,27.94,29.02,29.67,0.76,0.5,0.55,0.69,0.89
12/12/2021 16:45,16.128,8.48,52.59,4129,49.3,34.54,19.17,11.2398,79.56,86.4,85.3,82.6,78.58,27.65,27.07,27.75,28.68,29.28,0.76,0.49,0.55,0.68,0.87
12/12/2021 17:00,15.684,8.25,51.14,4130,49.4,35.17,19.15,-1.088136,79.23,86.3,85.2,82.5,78.85,27.43,26.8,27.48,28.27,28.78,0.76,0.48,0.54,0.67,0.84
12/12/2021 17:15,14.376,8.14,46.25,4130,49.3,36.19,19.6,-4.211213,78.26,86.1,85.2,82.6,79.05,27.19,26.41,27.22,27.8,28.28,0.78,0.48,0.53,0.65,0.8
12/12/2021 17:30,13.638,7.7,43.9,4132,49.5,37.08,20.18,-3.882468,78.01,87,85.5,83.2,79.8,26.9,25.93,26.85,27.3,27.78,0.78,0.44,0.51,0.61,0.75
12/12/2021 17:45,12.567,7.32,40.21,4136,49.5,37.49,20.77,-4.539958,76.98,86.1,85.1,83.4,79.3,26.76,25.76,26.57,26.85,27.47,0.81,0.46,0.52,0.59,0.76
12/12/2021 18:00,11.778,6.8,37.75,4140,49.5,38.58,21.28,-4.375585,75.96,83.6,84.1,82.5,77.99,26.6,26,26.42,26.66,27.38,0.84,0.55,0.55,0.61,0.8
12/12/2021 18:15,11.73,6.53,37.86,4143,49.4,38.97,21.75,-5.033075,77.3,80.3,82.6,81.2,76.5,25.96,26.58,26.42,26.63,27.39,0.76,0.69,0.6,0.66,0.86
12/12/2021 18:30,10.662,6.16,34.17,4147,49.5,39.23,22.16,-4.868703,79.37,78.05,80.4,80,74.82,25.22,26.93,26.67,26.67,27.57,0.66,0.78,0.69,0.7,0.93
12/12/2021 18:45,10.868,5.89,35.25,4151,49.4,39.83,22.71,-4.868703,80.4,77.7,78.74,78.94,73.67,24.82,26.82,26.85,26.68,27.62,0.61,0.79,0.75,0.74,0.97
12/12/2021 19:00,10.537,5.68,34.21,4155,49.4,40.09,23.21,-4.868703,81,78.27,77.64,78.23,72.84,24.56,26.52,26.95,26.68,27.67,0.59,0.75,0.79,0.76,1.01
12/12/2021 19:15,4.53,5.47,11.44,4159,49.6,40.28,23.64,-4.539958,81.1,78.81,76.45,77.55,72.13,24.4,26.24,27.09,26.7,27.68,0.58,0.72,0.84,0.79,1.03
12/12/2021 19:30,4.387,5.25,11.13,4163,49.5,40.45,23.95,-4.70433,81,79.5,75.59,77.04,71.58,24.32,25.98,27.2,26.72,27.7,0.58,0.69,0.88,0.81,1.06
12/12/2021 19:45,4.249,5.02,10.85,4166,49.5,41.05,24.22,-4.539958,81.2,79.68,75.17,76.5,71.22,24.2,25.85,27.23,26.75,27.71,0.57,0.68,0.9,0.83,1.07
12/12/2021 20:00,4.164,4.92,10.63,4170,49.5,40.98,24.58,-4.70433,81.1,79.32,74.19,75.83,70.57,24.14,25.84,27.37,26.78,27.77,0.57,0.69,0.94,0.85,1.1
12/12/2021 20:15,4.128,4.86,10.56,4173,49.3,41.21,24.7,-4.539958,81,79.68,73.46,75.24,70.14,24.08,25.67,27.46,26.84,27.77,0.57,0.67,0.97,0.87,1.11
12/12/2021 20:30,4.011,4.72,10.26, ,49.5,41.62,25.01,-4.04684,80.8,79.38,72.81,74.89,69.73,24.05,25.68,27.54,26.82,27.8,0.57,0.68,1,0.89,1.13
12/12/2021 20:45,3.927,4.59,10.08,4179,49.7,41.69,25.25,-5.033075,80.6,79.82,72.39,74.51,69.3,24.03,25.5,27.59,26.84,27.85,0.58,0.66,1.02,0.9,1.15
12/12/2021 21:00,3.883,4.47,10.04,4182,49.5,41.91,25.39,-4.539958,80.4,80.3,72.21,74.32,69.17,24.03,25.33,27.57,26.84,27.83,0.59,0.64,1.02,0.91,1.15
12/12/2021 21:15,3.809,4.45,9.78,4185,49.3,41.96,25.51,-4.70433,80.2,80.2,72.25,74.03,68.99,24.03,25.3,27.52,26.85,27.82,0.59,0.64,1.02,0.92,1.16
12/12/2021 21:30,3.773,4.36,9.74,4188,49.6,42.05,25.68,-4.539958,79.93,80.5,71.94,73.82,68.8,24.02,25.19,27.54,26.84,27.8,0.6,0.62,1.03,0.92,1.17
12/12/2021 21:45,3.719,4.26,9.64,4191,49.6,42.19,25.75,-4.539958,79.81,80.5,71.46,73.63,68.52,23.99,25.13,27.61,26.83,27.83,0.6,0.62,1.05,0.93,1.18
12/12/2021 22:00,3.689,4.22,9.57,4192,49.4,42.41,25.91,-4.375585,79.63,80.8,71.44,73.22,68.31,23.96,25.04,27.55,26.84,27.81,0.61,0.61,1.05,0.95,1.18
12/12/2021 22:15,3.629,4.2,9.36,4196,49.4,42.08,25.89,-4.375585,79.52,80.9,71.44,73.08,68.21,23.95,24.96,27.52,26.84,27.8,0.61,0.6,1.05,0.95,1.19
12/12/2021 22:30,3.607,4.15,9.33,4196,49.5,42.12,26.08,-4.539958,79.31,81.1,71.19,72.97,67.99,24,24.9,27.55,26.86,27.83,0.62,0.6,1.06,0.96,1.2
12/12/2021 22:45,3.589,4.15,9.26,4199,49.3,42.27,26.08,-4.211213,79.28,81,70.95,72.66,67.9,24.01,24.92,27.61,26.93,27.84,0.62,0.6,1.07,0.97,1.2
12/12/2021 23:00,3.578,4.15,9.22,4202,49.1,42.1,25.94,-4.70433,79.22,80.9,71.07,72.65,67.82,23.98,24.95,27.56,26.93,27.86,0.62,0.6,1.07,0.97,1.21
12/12/2021 23:15,3.553,4.09,9.19,4203,49.5,42.22,26.15,-4.375585,79.07,80.7,70.79,72.45,67.69,24,24.96,27.62,26.94,27.86,0.62,0.61,1.08,0.98,1.21
12/12/2021 23:30,3.547,4.16,9.09,4204,49.5,42.24,26.2,-4.868703,78.84,80.6,70.54,72.28,67.61,24.03,24.93,27.64,26.94,27.83,0.63,0.61,1.09,0.98,1.21
12/12/2021 23:45,3.541,4.11,9.12,4206,49.5,42.31,26.15,-4.539958,78.68,80.3,70.57,72.18,67.5,23.99,24.98,27.55,26.9,27.8,0.64,0.62,1.08,0.99,1.21
12/13/2021 0:00,3.495,4.04,9.02,4207,49.5,42.53,26.34,-4.70433,78.43,80.2,70.33,71.92,67.29,23.96,24.93,27.57,26.89,27.8,0.64,0.62,1.09,0.99,1.22
12/13/2021 0:15,3.485,4.07,8.95,4210,49.5,42.27,26.23,-4.539958,78.26,80.2,70.41,71.85,67.18,23.98,24.87,27.49,26.86,27.75,0.65,0.62,1.09,1,1.22
12/13/2021 0:30,3.504,4.11,8.98,4211,49.3,42.7,26.61,-5.033075,78.17,80.3,70.2,71.74,67.04,23.93,24.8,27.48,26.83,27.75,0.65,0.62,1.09,1,1.23
12/13/2021 0:45,3.459,4.07,8.85,4213,49.4,42.53,26.49,-4.539958,78.26,80.3,70.09,71.58,66.85,23.89,24.79,27.49,26.83,27.78,0.64,0.62,1.1,1,1.24
12/13/2021 1:00,3.45,4.01,8.88,4215,49.3,42.6,26.46,-4.375585,78.13,80.1,69.99,71.5,66.68,23.91,24.8,27.51,26.84,27.8,0.65,0.62,1.1,1.01,1.24
12/13/2021 1:15,3.443,4.05,8.81,4215,49.1,42.74,26.46,-4.211213,77.89,79.9,69.74,71.16,66.49,23.9,24.8,27.51,26.87,27.78,0.66,0.63,1.11,1.02,1.25
12/13/2021 1:30,3.46,4.11,8.81,4217,49.4,42.72,26.63,-4.868703,77.64,79.87,69.73,71.02,66.37,23.89,24.75,27.46,26.82,27.74,0.66,0.63,1.11,1.02,1.25
12/13/2021 1:45,3.431,3.97,8.85,4219,49.6,42.89,26.54,-4.211213,77.3,79.64,69.42,71,66.36,23.89,24.73,27.48,26.78,27.71,0.67,0.63,1.12,1.02,1.25
12/13/2021 2:00,3.432,4.01,8.81,4220,49.7,42.89,26.63,-4.539958,77.29,79.82,69.65,70.97,66.23,23.84,24.64,27.36,26.73,27.68,0.67,0.63,1.11,1.02,1.25
12/13/2021 2:15,3.456,4.03,8.88,4221,49.6,42.94,26.66,-4.375585,77.21,79.83,69.68,70.82,66.11,23.79,24.58,27.28,26.7,27.63,0.67,0.62,1.1,1.02,1.25
12/13/2021 2:30,3.431,3.97,8.85,4222,49.5,42.91,26.66,-4.375585,77.22,80,69.24,70.6,65.98,23.7,24.46,27.33,26.7,27.62,0.67,0.61,1.12,1.03,1.26
12/13/2021 2:45,3.417,4.05,8.71,4223,49.4,42.74,26.56,-4.539958,77.35,80.1,69.16,70.47,65.92,23.68,24.42,27.32,26.68,27.59,0.66,0.61,1.12,1.03,1.26
12/13/2021 3:00,3.394,3.94,8.74,4224,49.5,42.55,26.54,-4.70433,77.61,79.99,69.15,70.45,65.84,23.64,24.47,27.32,26.68,27.62,0.65,0.61,1.12,1.03,1.26
12/13/2021 3:15,3.404,3.94,8.78,4225,49.4,42.46,26.39,-4.539958,77.63,79.88,69.32,70.47,65.89,23.69,24.54,27.34,26.72,27.65,0.66,0.62,1.12,1.04,1.26
12/13/2021 3:30,3.395,4,8.68,4227,49.3,42.6,26.46,-4.04684,77.5,79.82,69.28,70.55,65.86,23.78,24.58,27.38,26.75,27.69,0.66,0.62,1.12,1.03,1.27
12/13/2021 3:45,3.422,4.04,8.74,4228,49.5,42.43,26.37,-4.375585,77.29,79.82,69.07,70.41,65.85,23.81,24.62,27.45,26.8,27.7,0.67,0.62,1.13,1.04,1.27
12/13/2021 4:00,3.436,4.09,8.74,4229,49.4,42.43,26.46,-4.539958,77.29,79.67,69.27,70.49,65.79,23.82,24.64,27.37,26.78,27.73,0.67,0.63,1.12,1.04,1.27
12/13/2021 4:15,3.479,4.15,8.84,4230,49.5,42.46,26.39,-4.375585,77.16,79.71,69.24,70.45,65.69,23.82,24.65,27.38,26.77,27.75,0.67,0.63,1.12,1.04,1.28
12/13/2021 4:30,3.489,4.15,8.88,4230,49.6,42.46,26.39,-4.539958,77.09,79.56,69.01,70.27,65.58,23.85,24.64,27.41,26.81,27.74,0.68,0.63,1.13,1.05,1.28
12/13/2021 4:45,3.497,4.15,8.91, ,49.5,42.48,26.23,-4.375585,76.89,79.36,68.89,70.05,65.47,23.79,24.65,27.41,26.78,27.72,0.68,0.64,1.14,1.05,1.28
12/13/2021 5:00,3.51,4.16,8.95,4231,49.4,42.46,26.39,-4.375585,76.83,79.27,68.67,70.05,65.43,23.74,24.58,27.39,26.73,27.67,0.68,0.64,1.14,1.05,1.28
12/13/2021 5:15,3.53,4.2,8.98,4233,49.4,42.51,26.25,-4.211213,76.96,79.32,68.81,69.94,65.42,23.64,24.5,27.3,26.69,27.6,0.67,0.64,1.13,1.05,1.28
12/13/2021 5:30,3.565,4.26,9.05,4233,49.4,42.55,26.27,-4.375585,76.86,79.16,68.77,69.75,65.36,23.62,24.5,27.24,26.67,27.57,0.67,0.64,1.13,1.06,1.28
12/13/2021 5:45,3.559,4.24,9.05,4234,49.3,42.58,26.3,-4.539958,76.84,79.14,69.06,69.85,65.38,23.61,24.46,27.12,26.61,27.52,0.68,0.64,1.11,1.05,1.27
12/13/2021 6:00,3.57,4.27,9.06,4235,49.3,42.58,26.27,-4.211213,76.74,78.76,70.1,70.85,66.41,23.56,24.5,26.8,26.3,27.18,0.68,0.65,1.05,1,1.21
12/13/2021 6:15,3.595,4.33,9.09,4235,49.1,42.67,26.32,-4.70433,76.98,78.79,69.98,71.3,66.76,23.44,24.42,26.74,26.13,27.02,0.66,0.65,1.05,0.97,1.19
12/13/2021 6:30,3.592,4.32,9.09,4236,49.4,42.55,26.37,-4.539958,77.01,78.37,69.73,71.29,66.77,23.33,24.43,26.69,26.02,26.9,0.66,0.66,1.06,0.97,1.18
12/13/2021 6:45,3.596,4.37,9.05,4236,49.3,42.74,26.32,-3.224978,77.08,77.39,69.51,71.23,66.84,23.27,24.6,26.69,25.99,26.84,0.65,0.7,1.07,0.97,1.17
12/13/2021 7:00,3.583,4.26,9.12,4236,49.4,42.51,26.27,4.664901,77.04,77.9,69.93,71.15,66.8,23.23,24.44,26.57,25.96,26.82,0.65,0.68,1.05,0.97,1.17
12/13/2021 7:15,3.66,4.44,9.22,4238,49.4,41.93,26.15,15.184739,75.29,76.21,70.93,70.98,66.63,24.07,24.99,26.39,26.09,26.95,0.74,0.75,1,0.98,1.19
12/13/2021 7:30,3.707,4.45,9.39,4237,49.4,42.1,25.84,48.716724,70.68,76.46,73.12,71,66.92,25.33,25.04,25.98,26.22,26.96,0.95,0.75,0.9,0.99,1.18
12/13/2021 7:45,3.77,4.57,9.5,4242,49.3,41.45,25.51,89.481098,69.57,77.43,73.67,71.36,67.47,25.62,24.87,25.91,26.16,26.91,1,0.71,0.88,0.97,1.15
12/13/2021 8:00,3.837,4.68,9.64,4242,49.1,39.52,24.7,77.975025,68.72,78.33,74.06,71.56,67.55,25.85,24.81,25.98,26.26,27.06,1.04,0.68,0.87,0.97,1.16
12/13/2021 8:15,3.972,4.89,9.93,4241,49,38.06,23.62,90.467333,68.32,79.37,74.77,72.28,67.94,26.2,24.97,26.27,26.51,27.33,1.08,0.65,0.86,0.96,1.17
12/13/2021 8:30,4.096,5.05,10.23,4241,49.5,37.96,23.09,112.000127,68.98,79.87,75.32,73.99,68.91,26.34,25.23,26.49,26.61,27.52,1.06,0.65,0.85,0.91,1.14
12/13/2021 8:45,4.203,5.29,10.38,4241,49.3,37.68,22.69,128.273002,70.89,79.91,76.64,76.26,72.62,26.2,25.48,26.41,26.34,27.79,0.99,0.65,0.8,0.81,1.02
12/13/2021 9:00,4.43,5.68,10.83,4241,49.5,37.08,22.07,138.628468,72.39,81.2,78.05,78.15,81.8,26.14,25.47,26.4,26.18,28.71,0.94,0.61,0.76,0.74,0.72
12/13/2021 9:15,10.736,6.05,34.57,4240,49.6,36.22,21.25,275.221995,73.84,82.3,79.4,79.83,84.8,26.28,25.62,26.52,26.3,30.32,0.89,0.58,0.71,0.69,0.66
12/13/2021 9:30,11.53,6.46,37.17,4240,49.5,34.78,20.56,171.33859,75.19,83.1,80.6,81.3,81.3,26.49,25.92,26.75,26.64,31.82,0.86,0.57,0.68,0.65,0.88
12/13/2021 9:45,11.976,6.8,38.51,4238,49.4,34.23,19.96,245.306204,76.41,83.7,81.8,82.8,78.85,26.78,26.29,27.01,27.12,32.81,0.83,0.56,0.65,0.62,1.05
12/13/2021 10:00,12.975,7.11,42,4235,49.4,33.44,19.56,446.826859,77.17,84.3,82.7,83.8,79.26,27.06,26.59,27.32,27.72,33.62,0.82,0.55,0.63,0.6,1.08
12/13/2021 10:15,13.561,7.38,43.95,4233,49.5,33.35,19.27,490.549937,77.93,85.1,83.4,84.3,78.41,27.35,26.87,27.63,28.37,34.36,0.8,0.53,0.61,0.61,1.17
12/13/2021 10:30,14.465,7.92,46.83,4229,49.4,33.54,19.03,216.541021,77.86,84.9,83.2,85,78.91,27.5,26.96,27.77,29.08,34.83,0.81,0.54,0.63,0.6,1.17
12/13/2021 10:45,14.903,8.23,48.17,4224,49.1,33.56,19.1,221.965313,77.48,84.6,83,83.8,77.06,27.5,26.89,27.63,29.61,34.85,0.83,0.55,0.63,0.67,1.28
12/13/2021 11:00,15.937,8.48,51.86,4220,49.4,33.47,19.03,236.758835,77.8,84.8,83.2,83.1,74.58,27.48,26.86,27.62,29.92,34.71,0.81,0.54,0.62,0.71,1.41
12/13/2021 11:15,16.455,8.91,53.38,4215,49.4,33.59,19.03,258.127257,77.82,84.9,83.2,82.2,76.1,27.49,26.87,27.62,30.11,34.63,0.81,0.53,0.62,0.76,1.32
12/13/2021 11:30,16.931,9.04,55.06,4209,49.4,33.42,19.1,594.762086,76.9,84,82.2,82.6,76.43,27.45,26.74,27.4,30.18,34.78,0.85,0.56,0.65,0.75,1.31
12/13/2021 11:45,17.062,8.68,55.95,4204,49.6,32.87,18.98,670.537797,77.64,84.9,83.3,82.8,74.69,27.41,26.73,27.34,30.33,35.02,0.82,0.53,0.61,0.74,1.42
12/13/2021 12:00,17.503,8.56,57.77,4198,49.6,32.61,18.77,444.690016,79.06,86.3,85.2,83.7,73.01,27.59,26.91,27.54,30.61,35.2,0.77,0.49,0.54,0.72,1.53
12/13/2021 12:15,17.622,8.6,58.18,4193,49.4,32.73,18.96,283.604991,79.55,86.7,85.4,83.9,70.02,27.79,27.08,27.78,30.88,34.99,0.76,0.48,0.54,0.72,1.68
12/13/2021 12:30,17.623,8.81,57.96,4186,49.4,32.9,19.03,292.974222,79.35,86.4,85.1,83.4,71.4,27.97,27.19,27.91,31.07,34.55,0.78,0.49,0.56,0.75,1.57
12/13/2021 12:45,17.904,9.11,58.71,4181,49.5,33.64,19.22,270.783938,78.76,86,84.4,82.7,71.84,27.96,27.17,27.88,31.16,33.45,0.8,0.5,0.59,0.78,1.45
12/13/2021 13:00,18.21,9.15,59.84, ,49.3,33.44,19.27,251.552358,78.59,86.1,84.6,82.1,74.06,27.86,26.99,27.63,31.09,32.5,0.8,0.5,0.57,0.81,1.27
12/13/2021 13:15,18.062,9.15,59.27,4170,49.1,33.25,19.17,317.301348,78.72,86.1,84.8,82.1,75.55,27.84,26.99,27.59,30.99,31.99,0.8,0.5,0.56,0.8,1.16
12/13/2021 13:30,19.162,10.94,61.55,4161,49.3,35.55,19.67,246.292439,74.88,83.3,83.1,81.6,75.87,27.46,26.6,27.43,30.93,31.61,0.92,0.58,0.62,0.82,1.12
12/13/2021 13:45,18.858,10.26,61.12,4156,49.3,35.21,19.87,240.046285,76.48,84.5,83.4,81,76.41,25.76,25.16,26.23,30.51,30.82,0.78,0.5,0.57,0.83,1.05
12/13/2021 14:00,18.489,9.5,60.53,4150,49.1,33.95,19.63,436.30702,79.72,86.8,85.8,83.3,77.58,24.99,24.54,25.65,29.87,30.24,0.64,0.41,0.47,0.7,0.96
12/13/2021 14:15,18.419,8.9,60.91,4146,49.3,33.16,19.27,315.000134,84.4,89.5,88,88.5,78.9,24.46,24.32,25.34,28.65,29.87,0.48,0.32,0.39,0.45,0.89
12/13/2021 14:30,17.897,8.65,59.18,4141,49.1,33.09,19.24,214.239806,85.7,90,88.9,88,79.53,24.55,24.43,25.44,28.83,29.78,0.44,0.31,0.36,0.48,0.86
12/13/2021 14:45,18.176,8.61,60.29,4139,49.1,33.18,19.13,294.617947,85.4,89.6,88.7,86.6,79.58,24.73,24.53,25.59,28.96,29.64,0.46,0.32,0.37,0.54,0.85
12/13/2021 15:00,17.746,8.69,58.56,4137,49,33.37,19.15,70.907008,84.7,89.1,88,85.7,79.84,24.85,24.58,25.67,28.85,29.36,0.48,0.34,0.4,0.57,0.82
12/13/2021 15:15,17.806,8.69,58.79,4135,48.9,33.33,19.15,64.332109,84.1,88.7,87.3,85.7,80.3,24.92,24.66,25.74,28.8,29.21,0.5,0.35,0.42,0.57,0.8
12/13/2021 15:30,16.621,8.48,54.48,4134,49,33.44,18.98,57.09972,83.8,88.5,87,85.4,80.4,25,24.69,25.75,28.73,29.09,0.51,0.36,0.43,0.58,0.79
12/13/2021 15:45,15.202,8.3,49.24,4135,48.9,34.31,19.22,69.263283,83.7,88.2,87.2,84.1,79.97,25.03,24.8,25.67,28.19,28.45,0.52,0.37,0.42,0.61,0.78
12/13/2021 16:00,14.399,8.01,46.48,4135,48.9,34.86,19.56,78.796887,83.2,87.9,86.8,83.4,79.82,24.92,24.68,25.5,27.37,27.63,0.53,0.38,0.43,0.6,0.75
12/13/2021 16:15,13.663,7.53,44.18,4137,49,34.95,19.72,48.223607,82.6,87.7,86.7,82.3,79.05,24.89,24.65,25.38,26.57,26.97,0.55,0.38,0.43,0.62,0.75
12/13/2021 16:30,13.022,7.36,41.91,4139,49,35.57,20.08,27.18393,80.9,86.3,85.5,82.3,78.19,25.26,24.95,25.59,26.19,26.81,0.61,0.43,0.48,0.6,0.77
12/13/2021 16:45,12.253,7.19,39.15,4142,49,36.17,20.32,5.322391,78.98,85.1,84,81.9,77.63,25.43,25.07,25.71,26.08,26.72,0.68,0.47,0.53,0.61,0.78
12/13/2021 17:00,12.072,7.02,38.64,4144,49.3,36.48,20.77,-2.403116,77.14,84.3,83.2,81.2,76.96,25.57,25.06,25.69,26.01,26.67,0.75,0.5,0.55,0.63,0.81
12/13/2021 17:15,11.846,6.81,38,4148,49.4,37.34,21.23,-4.375585,75.17,82.7,82.8,80.4,76.24,25.64,25.09,25.58,25.92,26.55,0.82,0.55,0.56,0.66,0.83
12/13/2021 17:30,11.205,6.54,35.84,4150,49.3,37.94,21.66,-4.375585,74.95,80.3,81.9,79.42,75.19,25.5,25.33,25.45,25.82,26.46,0.82,0.64,0.59,0.68,0.86
12/13/2021 17:45,11.044,6.3,35.48,4153,49.5,38.68,22.23,-4.211213,76.32,77.78,80.5,78.22,73.97,24.99,25.62,25.43,25.75,26.43,0.75,0.73,0.63,0.72,0.9
12/13/2021 18:00,10.63,6.01,34.21,4156,49.4,39.18,22.78,-4.539958,76.87,75.8,79.33,77.3,72.92,24.62,25.87,25.45,25.68,26.39,0.72,0.81,0.67,0.75,0.93
12/13/2021 18:15,4.575,5.62,11.45,4159,49.4,39.45,23.31,-4.868703,78.08,77.15,79.85,78.6,73.81,24.42,26.04,25.55,25.62,26.44,0.67,0.77,0.66,0.7,0.9
12/13/2021 18:30,4.365,5.31,10.98,4163,49.4,40.04,23.83,-4.70433,79.81,77.83,79.8,79.96,74.59,24.24,26.08,25.84,25.6,26.54,0.61,0.75,0.67,0.66,0.88
12/13/2021 18:45,4.237,5.08,10.74,4165,49.5,40.28,24.17,-4.70433,80.3,77.09,78.6,78.97,73.73,24.1,26.11,26,25.73,26.65,0.59,0.78,0.72,0.7,0.92
12/13/2021 19:00,4.097,4.88,10.42,4169,49.5,40.83,24.79,-4.04684,80.4,76.9,77.96,78.22,73.27,24.01,26.05,26.03,25.77,26.65,0.59,0.78,0.74,0.72,0.93
12/13/2021 19:15,3.998,4.73,10.2,4171,49.4,41.02,24.96,-4.375585,80.5,76.34,77.47,77.76,72.91,23.89,26.13,26.06,25.79,26.64,0.58,0.8,0.76,0.74,0.95
12/13/2021 19:30,3.854,4.5,9.9,4175,49.6,41.57,25.34,-5.033075,80.7,75.96,77.23,77.68,72.79,23.8,26.18,26.05,25.76,26.62,0.57,0.82,0.77,0.74,0.95
12/13/2021 19:45,3.764,4.4,9.66,4176,49.6,41.81,25.6,-4.539958,80.9,76.03,76.9,77.37,72.52,23.7,26.09,26.07,25.79,26.64,0.56,0.81,0.78,0.75,0.96
12/13/2021 20:00,3.677,4.25,9.49,4179,49.3,41.93,25.65,-4.539958,80.9,76.26,76.5,77,72.28,23.66,25.98,26.11,25.82,26.64,0.56,0.8,0.8,0.76,0.97
12/13/2021 20:15,3.602,4.17,9.29,4181,49.5,42.27,25.99,-4.04684,80.9,76.47,76.03,76.61,71.99,23.62,25.9,26.18,25.84,26.63,0.56,0.79,0.81,0.78,0.98
12/13/2021 20:30,3.532,4.08,9.12,4183,49.7,42.41,26.15,-4.211213,80.8,76.44,75.8,76.36,71.86,23.58,25.87,26.2,25.86,26.66,0.56,0.79,0.82,0.79,0.98
12/13/2021 20:45,3.453,3.93,8.98,4186,49.4,42.67,26.39,-5.033075,80.8,76.66,75.37,76.06,71.57,23.54,25.76,26.27,25.88,26.64,0.56,0.77,0.84,0.8,0.99
12/13/2021 21:00,3.417,3.93,8.84,4189,49.5,42.84,26.56,-5.033075,80.6,76.82,75.09,75.87,71.38,23.53,25.67,26.27,25.84,26.64,0.56,0.76,0.85,0.8,1
12/13/2021 21:15,3.398,3.89,8.81,4191,49.3,42.79,26.63,-4.539958,80.4,76.65,74.86,75.53,71.23,23.52,25.65,26.24,25.85,26.63,0.57,0.77,0.86,0.82,1
12/13/2021 21:30,3.334,3.85,8.61,4193,49.1,43.13,27.01,-4.868703,80.3,77.08,74.51,75.33,70.95,23.46,25.46,26.27,25.85,26.63,0.57,0.75,0.87,0.82,1.01
12/13/2021 21:45,3.281,3.78,8.48,4195,49.3,43.01,26.92,-4.70433,80.3,77.5,74.48,75.2,70.91,23.39,25.34,26.25,25.85,26.6,0.57,0.73,0.87,0.83,1.01
12/13/2021 22:00,3.233,3.73,8.35,4196,49.6,42.96,26.99,-4.211213,80.4,77.43,74.36,74.97,70.81,23.39,25.36,26.28,25.88,26.62,0.56,0.73,0.88,0.84,1.02
12/13/2021 22:15,3.218,3.68,8.35,4200,49.7,43.06,27.16,-4.211213,80.4,77.39,74.12,74.85,70.69,23.38,25.34,26.32,25.9,26.62,0.56,0.73,0.89,0.84,1.02
12/13/2021 22:30,3.192,3.68,8.25,4199,49.5,42.98,27.18,-4.868703,80.4,76.99,73.76,74.62,70.54,23.35,25.44,26.38,25.91,26.66,0.56,0.75,0.9,0.85,1.03
12/13/2021 22:45,3.175,3.59,8.28,4201,49.6,43.34,27.28,-4.375585,80.3,76.48,73.38,74.39,70.24,23.34,25.51,26.46,25.94,26.68,0.56,0.77,0.92,0.86,1.04
12/13/2021 23:00,3.155,3.64,8.15,4202,49.7,43.1,27.16,-4.868703,80.3,76.56,73.16,74.35,70.19,23.32,25.49,26.49,25.95,26.7,0.56,0.76,0.93,0.86,1.04
12/13/2021 23:15,3.096,3.55,8.02, ,49.4,43.46,27.25,-5.36182,80.4,77.06,73.32,74.3,70.11,23.34,25.39,26.47,25.97,26.74,0.56,0.74,0.92,0.86,1.05
12/13/2021 23:30,3.09,3.53,8.02,4206,49.6,43.41,27.42,-4.04684,80.4,77.73,73.46,74.22,70.07,23.38,25.27,26.46,26.03,26.78,0.56,0.72,0.92,0.87,1.05
12/13/2021 23:45,3.091,3.59,7.96,4206,49.1,43.41,27.44,-4.868703,80.2,77.96,73.32,74.13,70.09,23.43,25.21,26.49,26.04,26.78,0.57,0.71,0.92,0.87,1.05
12/14/2021 0:00,3.076,3.51,7.99,4208,49.4,43.56,27.61,-4.868703,79.92,77.37,73.37,74.06,69.97,23.47,25.32,26.44,26.03,26.76,0.58,0.73,0.92,0.87,1.06
12/14/2021 0:15,3.01,3.46,7.79,4213,49.5,44.35,27.83,-4.375585,81.9,79.05,76.49,79.2,71.26,23.38,25.3,26.14,25.49,26.66,0.52,0.68,0.8,0.68,1
12/14/2021 0:30,2.928,3.38,7.56,4216,49.3,44.04,28.21,-4.868703,84.8,85.3,80.1,84.4,75.06,22.81,24.13,25.61,24.63,26.2,0.42,0.44,0.65,0.48,0.85
12/14/2021 0:45,2.809,3.22,7.28,4220,49.4,44.23,28.52,-4.70433,86.3,86.9,79.43,83.9,75.62,22.69,23.87,25.9,24.82,26.28,0.38,0.39,0.69,0.5,0.83
12/14/2021 1:00,2.744,3.1,7.16,4221,49.6,44.32,28.5,-4.868703,86.8,86.6,78.76,82,75.05,22.74,24.01,26.11,25.24,26.46,0.37,0.4,0.72,0.58,0.86
12/14/2021 1:15,2.668,3.06,6.91,4227,49.5,44.37,28.59,-4.70433,87.1,86.1,80.4,84.2,75.33,22.86,24.28,25.93,25.09,26.53,0.36,0.42,0.66,0.5,0.86
12/14/2021 1:30,2.635,2.98,6.87,4228,49.3,44.66,29.07,-4.70433,87.4,88.7,82.1,86.4,76.85,22.78,23.79,25.63,24.66,26.29,0.35,0.33,0.59,0.42,0.79
12/14/2021 1:45,2.641,3.03,6.84,4228,49.5,44.7,28.97,-4.539958,87.7,88.7,80.9,85.6,76.61,22.85,23.82,25.95,24.89,26.42,0.34,0.33,0.64,0.45,0.81
12/14/2021 2:00,2.615,3.03,6.74,4231,49.4,44.61,29.02,-4.539958,87.8,88.4,79.91,83.9,75.89,22.79,23.83,26.09,25.18,26.55,0.34,0.34,0.68,0.52,0.84
12/14/2021 2:15,2.511,2.82,6.57,4235,49.5,44.63,28.9,-4.539958,87.9,87.7,81.4,85.4,76.06,22.85,24.1,25.87,25.07,26.58,0.34,0.37,0.62,0.46,0.83
12/14/2021 2:30,2.458,2.63,6.57,4236,49.8,45.97,29.52,-4.539958,88,89.1,82.8,86.9,77.23,22.75,23.83,25.61,24.7,26.36,0.33,0.32,0.56,0.41,0.78
12/14/2021 2:45,2.505,2.76,6.61,4238,49.6,45.97,29.6,-4.375585,88.1,88.7,81.4,86.1,77.03,22.8,23.96,25.92,24.91,26.45,0.33,0.34,0.62,0.44,0.79
12/14/2021 3:00,2.517,2.75,6.67,4238,49.5,45.85,29.72,-4.539958,88.1,87.4,80.5,84.8,76.31,22.78,24.17,26.11,25.13,26.55,0.33,0.38,0.66,0.49,0.82
12/14/2021 3:15,2.55,2.81,6.73,4240,49.4,45.68,29.48,-4.539958,88,86.6,79.8,83.5,75.78,22.67,24.2,26.15,25.31,26.57,0.33,0.4,0.69,0.53,0.84
12/14/2021 3:30,2.581,2.9,6.75,4241,49.6,46.31,29.67,-4.539958,88,86.5,79.04,81.9,75.01,22.53,24.06,26.11,25.41,26.55,0.33,0.4,0.71,0.59,0.87
12/14/2021 3:45,2.642,2.97,6.91,4241,49.6,46.57,29.69,-4.375585,87.8,86.1,77.99,80.3,74.32,22.27,23.83,26.08,25.4,26.4,0.33,0.41,0.74,0.64,0.88
12/14/2021 4:00,2.663,2.95,7.01,4243,49.6,46.67,29.64,-4.70433,87.8,86.3,76.88,79.14,73.81,22.04,23.51,26.09,25.39,26.3,0.32,0.4,0.78,0.68,0.9
12/14/2021 4:15,2.639,2.93,6.94,4244,49.7,46.52,29.69,-4.375585,87.7,86.2,76.47,78.42,73.29,21.9,23.42,25.99,25.39,26.26,0.32,0.4,0.79,0.7,0.91
12/14/2021 4:30,2.666,2.98,6.99,4246,49.6,46.21,29.55,-4.539958,87.6,85.8,75.57,77.94,72.84,21.8,23.4,26.14,25.41,26.27,0.32,0.41,0.83,0.72,0.93
12/14/2021 4:45,2.665,2.92,7.05,4246,49.4,46.23,29.45,-4.539958,87.5,85.7,75.22,77.31,72.51,21.75,23.3,26.11,25.46,26.26,0.33,0.41,0.84,0.74,0.94
12/14/2021 5:00,2.718,2.99,7.18,4248,49.7,46.55,29.43,-4.539958,87.3,85.8,74.79,76.61,72.14,21.71,23.17,26.09,25.5,26.26,0.33,0.4,0.85,0.76,0.95
12/14/2021 5:15,2.768,3.1,7.25,4248,49.5,45.97,29.36,-4.375585,87.1,85.7,74.46,76.02,71.61,21.67,23.11,26.06,25.51,26.26,0.33,0.4,0.86,0.78,0.97
12/14/2021 5:30,2.756,3.06,7.25,4250,49.4,46.14,29.31,-4.539958,86.8,85,74.53,75.79,71.66,21.61,23.14,25.91,25.42,26.13,0.34,0.42,0.85,0.79,0.96
12/14/2021 5:45,2.786,3.1,7.32,4250,49.5,46.02,29.17,-4.375585,86.7,85.3,73.76,75.11,71.02,21.6,23.06,26.07,25.54,26.25,0.34,0.41,0.89,0.81,0.99
12/14/2021 6:00,2.784,3.12,7.29,4251,49.4,45.73,29.05,-4.868703,86.5,85.2,73.42,74.62,70.53,21.66,23.1,26.15,25.66,26.4,0.35,0.42,0.9,0.84,1.01
12/14/2021 6:15,2.837,3.16,7.45,4251,49.5,45.37,28.64,-4.375585,86.3,84.9,73.26,74.49,70.35,21.76,23.19,26.24,25.73,26.47,0.36,0.43,0.91,0.84,1.02
12/14/2021 6:30,2.891,3.26,7.55,4252,49.6,45.25,28.69,-4.868703,86,84.6,72.9,74.36,70.25,21.83,23.28,26.32,25.76,26.5,0.37,0.44,0.93,0.85,1.03
12/14/2021 6:45,2.902,3.26,7.59,4253,49.4,45.21,28.45,-3.553723,85.7,84.2,72.54,74.09,70.07,21.9,23.36,26.39,25.79,26.54,0.38,0.45,0.94,0.86,1.04
12/14/2021 7:00,2.94,3.33,7.66,4254,49.6,44.78,28.26,1.048706,85.5,84,72.52,74.07,69.96,21.98,23.39,26.39,25.8,26.56,0.38,0.46,0.95,0.86,1.04
12/14/2021 7:15,3.008,3.37,7.88,4253,49.5,44.75,28.04,12.55478,83.4,79.53,73.51,74.29,70.16,22.97,24.63,26.22,25.81,26.54,0.47,0.63,0.9,0.85,1.04
12/14/2021 7:30,3.057,3.45,7.98,4254,49.3,44.32,27.9,49.374214,73.92,74.91,76.45,75.14,71.13,25.24,25.88,25.67,25.74,26.43,0.84,0.84,0.78,0.82,1
12/14/2021 7:45,3.118,3.51,8.15,4256,49.3,44.18,27.66,63.838992,70.45,75.45,77.71,75.86,71.73,25.91,25.84,25.5,25.67,26.42,0.99,0.82,0.73,0.8,0.97
12/14/2021 8:00,3.2,3.65,8.31,4255,49.4,43.41,27.25,80.604984,70.03,76.14,78.48,76.21,72.18,26.06,25.77,25.42,25.7,26.39,1.01,0.79,0.7,0.79,0.96
12/14/2021 8:15,3.311,3.74,8.64,4255,49.5,42.22,26.37,158.02442,70.1,77.43,79.07,76.62,72.87,26.2,25.71,25.52,25.84,26.54,1.02,0.75,0.68,0.78,0.94
12/14/2021 8:30,3.38,3.9,8.73,4255,49.1,41.12,25.51,97.206604,69.64,79.88,80.1,77.43,72.44,26.64,25.67,25.83,26.17,27.27,1.06,0.66,0.66,0.77,1
12/14/2021 8:45,3.541,4.11,9.12,4256,49.4,40.09,24.55,85.864903,70.17,81.8,80.8,78.31,73.18,26.93,25.66,26.13,26.41,27.57,1.06,0.6,0.65,0.75,0.99
12/14/2021 9:00,3.486,4.1,8.92,4255,49.5,40.88,25.15,113.315107,71.81,82.1,80.9,78.76,72.56,26.89,25.88,26.41,26.66,28.16,1,0.6,0.66,0.74,1.05
12/14/2021 9:15,3.401,3.94,8.77,4255,49.3,41.79,25.79,110.520775,74.36,83.2,81.5,80.2,74.95,26.43,25.74,26.38,26.49,27.46,0.88,0.56,0.64,0.69,0.92
12/14/2021 9:30,3.466,4.05,8.9, ,49.1,41.74,25.63,74.194458,75.72,84.2,82.5,81.8,77.56,26.12,25.51,26.16,26.16,26.83,0.82,0.52,0.59,0.62,0.79
12/14/2021 9:45,3.417,3.93,8.84,4255,49.4,42.17,25.89,145.532112,76.33,84.7,83.5,82.7,78.34,26,25.4,25.95,25.97,26.68,0.8,0.5,0.55,0.58,0.76
12/14/2021 10:00,3.365,3.93,8.64,4256,49.3,42.91,26.44,250.401751,76.88,85.2,84.2,83.3,79.07,25.93,25.32,25.84,25.89,26.55,0.77,0.48,0.53,0.56,0.73
12/14/2021 10:15,3.449,4.07,8.81,4256,49.7,42.43,26.25,262.729687,77.31,85.3,84.8,83.9,79.72,25.87,25.26,25.71,25.78,26.41,0.76,0.47,0.5,0.53,0.7
12/14/2021 10:30,3.6,4.21,9.24,4256,49.5,41.36,25.39,337.519163,77.84,85.7,85.3,84.3,79.84,25.87,25.27,25.68,25.77,26.53,0.74,0.46,0.48,0.52,0.7
12/14/2021 10:45,3.662,4.31,9.37,4257,49.5,41.19,25.05,178.406607,78.47,86.1,85.7,84.7,79.79,25.99,25.44,25.85,25.95,26.85,0.72,0.45,0.48,0.51,0.71
12/14/2021 11:00,3.739,4.45,9.51,4256,49.4,41.17,24.96,214.075434,78.86,86.1,85.8,85,80,26.17,25.67,26.08,26.17,27.05,0.72,0.46,0.48,0.51,0.72
12/14/2021 11:15,3.68,4.4,9.34,4256,49.5,41.33,25.29,141.258428,79.12,86.2,85.7,85.2,80.3,26.33,25.88,26.31,26.38,27.23,0.72,0.46,0.49,0.51,0.71
12/14/2021 11:30,3.672,4.37,9.34,4257,49.5,41.67,25.27,170.352356,79.13,86.1,85.6,85.2,80.7,26.39,25.98,26.45,26.44,27.19,0.72,0.47,0.5,0.51,0.7
12/14/2021 11:45,3.609,4.27,9.21,4257,49.7,42.24,25.68,138.79284,78.95,86.2,85.5,85.2,80.8,26.47,25.93,26.47,26.45,27.16,0.73,0.46,0.5,0.51,0.69
12/14/2021 12:00,3.585,4.21,9.18,4257,49.7,42.53,25.79,146.353974,78.93,86.3,85.4,85.2,81.1,26.45,25.9,26.46,26.4,27.06,0.73,0.46,0.5,0.51,0.68
12/14/2021 12:15,3.515,4.12,9.01,4257,49.5,42.89,26.15,186.460858,79,86.3,85.6,85.5,81.4,26.42,25.9,26.44,26.35,27.04,0.72,0.46,0.5,0.5,0.66
12/14/2021 12:30,3.533,4.12,9.08,4256,49.7,42.91,26.25,241.196892,78.94,86.5,85.7,85.7,81.6,26.43,25.86,26.39,26.33,26.99,0.73,0.45,0.49,0.49,0.66
12/14/2021 12:45,3.606,4.25,9.22,4257,49.5,42.53,26.06,199.939401,78.84,86.5,85.9,85.7,81.6,26.43,25.84,26.33,26.29,26.96,0.73,0.45,0.48,0.49,0.65
12/14/2021 13:00,3.67,4.29,9.42,4257,49.6,42.46,25.75,200.761263,79.08,86.6,86.1,85.9,81.6,26.44,25.87,26.34,26.32,27.04,0.72,0.45,0.48,0.48,0.66
12/14/2021 13:15,3.644,4.29,9.32,4257,49.7,42.39,25.91,223.609037,79.37,86.8,86.3,86.1,81.7,26.5,25.92,26.42,26.39,27.13,0.71,0.44,0.47,0.48,0.66
12/14/2021 13:30,3.585,4.21,9.18,4257,49.5,42.94,25.94,181.200939,79.47,86.7,86.3,86.2,81.8,26.52,25.98,26.48,26.42,27.15,0.71,0.45,0.47,0.48,0.65
12/14/2021 13:45,3.649,4.31,9.32,4257,49.6,42.55,25.82,128.437374,79.65,86.8,86.4,86.2,82.1,26.58,26.03,26.48,26.47,27.17,0.71,0.44,0.47,0.48,0.64
12/14/2021 14:00,3.592,4.17,9.25,4256,49.4,42.84,26.03,80.111867,79.83,86.7,86.5,86.4,82.1,26.62,26.16,26.55,26.53,27.23,0.7,0.45,0.47,0.47,0.65
12/14/2021 14:15,3.523,4.15,9.01,4255,49.6,43.29,26.37,72.38636,79.82,86.7,86.5,86.5,82.2,26.68,26.18,26.6,26.55,27.24,0.71,0.45,0.47,0.47,0.64
12/14/2021 14:30,3.393,3.93,8.75,4255,49.5,44.08,26.87,69.098911,79.69,86.7,86.4,86.4,82.3,26.64,26.11,26.55,26.51,27.17,0.71,0.45,0.47,0.47,0.64
12/14/2021 14:45,3.307,3.81,8.55,4255,49.4,44.66,27.23,74.194458,79.46,86.8,86.4,86.3,82.3,26.56,25.96,26.41,26.38,27.03,0.71,0.44,0.47,0.47,0.63
12/14/2021 15:00,3.205,3.67,8.31,4255,49.4,44.66,27.49,50.031704,79.33,86.6,86.4,86.2,82.3,26.46,25.85,26.25,26.24,26.84,0.71,0.45,0.46,0.47,0.63
12/14/2021 15:15,3.19,3.67,8.25,4255,49.5,44.92,27.68,35.402554,79.2,86.5,86.4,86.2,82.2,26.3,25.75,26.09,26.1,26.74,0.71,0.45,0.46,0.47,0.63
12/14/2021 15:30,3.111,3.55,8.08,4255,49.5,45.35,27.85,64.003364,79.18,86.4,86.4,86.1,82.1,26.19,25.63,25.97,25.99,26.6,0.71,0.45,0.46,0.47,0.62
12/14/2021 15:45,3.003,3.35,7.88,4255,49.5,45.73,28.26,54.798506,79.09,86.2,86.1,86.1,82.1,26.02,25.49,25.84,25.82,26.43,0.7,0.45,0.46,0.46,0.62
12/14/2021 16:00,2.974,3.34,7.78,4255,49.4,45.45,28.47,34.416319,79.06,86.4,86.3,86.1,82.1,25.9,25.31,25.65,25.64,26.3,0.7,0.44,0.45,0.46,0.61
12/14/2021 16:15,2.934,3.2,7.78,4255,49.4,45.73,28.45,28.170165,79.11,86.3,86.6,86.2,81.9,25.76,25.21,25.51,25.51,26.22,0.69,0.44,0.44,0.45,0.62
12/14/2021 16:30,2.882,3.2,7.58,4255,49.4,45.9,28.74,27.348302,79.14,86.4,86.5,86.3,81.9,25.69,25.11,25.4,25.43,26.11,0.69,0.43,0.44,0.45,0.61
12/14/2021 16:45,2.833,3.12,7.48,4254,49.4,46.14,28.85,14.198504,79.12,86.2,86.3,86.1,81.8,25.56,25.01,25.32,25.31,25.99,0.68,0.44,0.44,0.45,0.61
12/14/2021 17:00,2.852,3.12,7.55,4253,49.5,46.02,28.76,-0.430646,79.1,86.1,86.1,86,81.7,25.42,24.89,25.21,25.19,25.88,0.68,0.44,0.45,0.45,0.61
12/14/2021 17:15,2.843,3.1,7.54,4254,49.5,46.4,28.85,-3.882468,78.88,85.5,85.9,85.9,81.6,25.19,24.82,25.05,25.06,25.73,0.68,0.45,0.45,0.45,0.61
12/14/2021 17:30,2.696,2.91,7.18,4253,49.4,47.02,29.38,-4.70433,79.32,84.8,85.8,86,81.8,24.86,24.72,24.86,24.81,25.47,0.65,0.47,0.45,0.44,0.59
12/14/2021 17:45,2.56,2.77,6.81, ,49.5,47.48,29.93,-4.04684,79.65,84.4,85.6,86,81.6,24.54,24.57,24.61,24.53,25.24,0.63,0.48,0.45,0.43,0.59
12/14/2021 18:00,2.508,2.69,6.7,4252,49.3,47.69,30.27,-4.04684,80,84.2,85.6,85.8,81.4,24.14,24.42,24.38,24.3,25.01,0.6,0.48,0.44,0.43,0.59
12/14/2021 18:15,2.395,2.53,6.44,4252,49.5,48.27,30.7,-4.539958,81,83.9,85.4,85.7,81.3,23.64,24.23,24.18,24.09,24.8,0.55,0.49,0.44,0.43,0.59
12/14/2021 18:30,2.285,2.38,6.18,4252,49.4,48.15,30.93,-4.70433,81.7,83.6,85.3,85.5,81.2,23.32,24.12,23.99,23.89,24.59,0.52,0.49,0.44,0.43,0.58
12/14/2021 18:45,2.229,2.33,6.02,4253,49.5,48.29,31.13,-4.211213,81.9,83.3,85.1,85.5,81,23.17,23.95,23.79,23.69,24.4,0.51,0.5,0.44,0.42,0.58
12/14/2021 19:00,2.164,2.19,5.92,4252,49.4,48.58,31.27,-4.211213,81.5,83.1,85,85.3,80.8,23.01,23.78,23.62,23.53,24.23,0.52,0.5,0.44,0.43,0.58
12/14/2021 19:15,2.154,2.25,5.82,4253,49.6,48.67,31.46,-4.04684,81.4,82.4,84.6,84.8,80.4,22.75,23.61,23.4,23.33,24.01,0.51,0.51,0.44,0.44,0.59
12/14/2021 19:30,2.109,2.19,5.71,4253,49.5,48.94,31.72,-4.375585,81.4,82.1,84.2,84.4,80.1,22.44,23.38,23.19,23.11,23.77,0.51,0.51,0.45,0.44,0.59
12/14/2021 19:45,2.051,2.04,5.65,4252,49.3,49.13,31.72,-4.70433,81.8,82.3,84.2,84.4,80.1,22.13,23.2,22.99,22.9,23.6,0.49,0.5,0.44,0.44,0.58
12/14/2021 20:00,2.012,2.04,5.5,4253,49.3,49.1,31.82,-4.211213,82.2,82.3,84.3,84.6,80.2,21.9,23.05,22.8,22.73,23.42,0.47,0.5,0.44,0.43,0.57
12/14/2021 20:15,1.979,1.98,5.44,4252,49.5,49.1,31.94,-4.211213,82.6,82.4,84.5,84.7,80.3,21.66,22.95,22.66,22.56,23.27,0.45,0.49,0.43,0.42,0.56
12/14/2021 20:30,1.964,2.02,5.34,4252,49.5,48.67,31.94,-5.033075,82.9,82.3,84.5,84.7,80.3,21.5,22.89,22.54,22.46,23.14,0.44,0.49,0.42,0.42,0.56
12/14/2021 20:45,1.924,1.98,5.23,4252,49.3,48.91,32.06,-5.033075,83.2,82.5,84.5,84.7,80.3,21.33,22.73,22.46,22.33,23.03,0.43,0.48,0.42,0.41,0.55
12/14/2021 21:00,1.914,1.98,5.19,4253,49.3,48.89,32.03,-4.868703,83.4,82.7,84.5,84.7,80.4,21.17,22.6,22.34,22.25,22.92,0.42,0.47,0.42,0.41,0.55
12/14/2021 21:15,1.883,1.87,5.19,4252,49.4,48.91,32.08,-4.211213,83.4,82.7,84.5,84.7,80.3,21.06,22.5,22.26,22.15,22.82,0.41,0.47,0.42,0.41,0.55
12/14/2021 21:30,1.896,1.88,5.23,4253,49.5,48.94,32.08,-4.868703,83.3,82.6,84.4,84.6,80.4,20.93,22.4,22.16,22.04,22.7,0.41,0.47,0.42,0.41,0.54
12/14/2021 21:45,1.87,1.88,5.13,4252,49.3,49.03,32.11,-4.211213,83.4,82.6,84.3,84.6,80.3,20.79,22.32,22.05,21.93,22.6,0.41,0.47,0.42,0.41,0.54
12/14/2021 22:00,1.867,1.87,5.13,4252,49.1,48.84,32.13,-4.70433,83.6,82.6,84.4,84.7,80.4,20.64,22.25,21.95,21.82,22.49,0.4,0.47,0.41,0.4,0.53
12/14/2021 22:15,1.849,1.86,5.07,4252,49.4,48.72,32.2,-4.868703,83.7,82.7,84.4,84.7,80.4,20.53,22.15,21.89,21.73,22.41,0.39,0.46,0.41,0.4,0.53
12/14/2021 22:30,1.766,1.76,4.86,4253,49.3,48.74,32.2,-4.375585,83.9,82.9,84.4,84.8,80.5,20.45,22.07,21.82,21.66,22.33,0.39,0.45,0.41,0.39,0.53
12/14/2021 22:45,1.801,1.81,4.94,4253,49.1,47.45,31.8,-4.539958,84.3,83.7,81.4,83,78.7,20.41,21.78,22.72,22.23,22.87,0.38,0.43,0.51,0.46,0.59
12/14/2021 23:00,1.813,1.79,5.01,4253,49.3,47.14,31.53,-4.539958,85,86.3,75.47,77.57,73.2,20.57,21.53,24.4,23.78,24.48,0.36,0.35,0.75,0.66,0.82
12/14/2021 23:15,1.886,1.89,5.18,4252,49.3,46.88,31.15,-4.70433,85,86.5,74.13,75.3,71.19,20.9,21.81,24.96,24.5,25.17,0.37,0.35,0.82,0.76,0.92
12/14/2021 23:30,1.936,1.93,5.33,4253,49.1,46.95,31.1,-4.375585,84.6,86.1,73.57,74.64,70.37,21.14,22.04,25.25,24.78,25.52,0.39,0.37,0.85,0.79,0.97
12/14/2021 23:45,2.003,1.98,5.53,4253,49.4,46.83,30.72,-4.539958,84.2,85.7,72.87,74.05,69.71,21.37,22.25,25.54,25.03,25.78,0.4,0.38,0.89,0.82,1.01
12/15/2021 0:00,2.062,2.09,5.64,4252,49.1,46.71,30.62,-4.539958,83.7,85.4,72.64,73.46,69.27,21.54,22.41,25.66,25.24,25.95,0.42,0.4,0.9,0.85,1.03
12/15/2021 0:15,2.17,2.23,5.9,4253,49.1,47.05,30.38,-4.04684,83.3,85,72.22,73.11,69.08,21.66,22.55,25.81,25.36,26.03,0.43,0.41,0.92,0.87,1.04
12/15/2021 0:30,2.24,2.32,6.07,4253,49.4,46.52,30.19,-4.375585,83.1,84.6,72.65,73.23,68.96,21.72,22.66,25.72,25.34,26.1,0.44,0.42,0.9,0.87,1.05
12/15/2021 0:45,2.28,2.37,6.17,4253,49.1,46.52,30.1,-4.70433,82.8,84.5,72.29,73.07,68.76,21.81,22.73,25.83,25.4,26.15,0.45,0.43,0.92,0.87,1.06
12/15/2021 1:00,2.331,2.47,6.26,4253,49.5,46.52,29.98,-4.211213,82.7,84.3,71.86,72.82,68.57,21.79,22.74,25.93,25.44,26.19,0.45,0.43,0.94,0.88,1.07
12/15/2021 1:15,2.382,2.5,6.42,4252,49.1,46.12,29.67,-4.70433,82.8,84.1,71.99,72.65,68.56,21.88,22.81,25.89,25.49,26.22,0.45,0.44,0.94,0.89,1.07
12/15/2021 1:30,2.4,2.5,6.49,4253,49.3,46.26,29.67,-4.539958,82.3,83.4,71.98,72.73,68.49,22.09,23.03,25.95,25.49,26.28,0.47,0.47,0.94,0.89,1.08
12/15/2021 1:45,2.478,2.6,6.68,4252,49.3,45.83,29.24,-4.868703,81.4,83,71.36,72.46,68.38,22.22,23.1,26.07,25.55,26.3,0.5,0.48,0.97,0.9,1.08
12/15/2021 2:00,2.502,2.65,6.72,4252,49.5,46.02,29.21,-4.70433,80.8,82.6,71.38,72.49,68.29,22.34,23.21,26.06,25.52,26.3,0.52,0.5,0.97,0.9,1.08
12/15/2021 2:15,2.565,2.77,6.83,4253,49,46.23,29.24,-4.868703,80.3,82.1,72.72,73.08,68.73,22.32,23.24,25.69,25.34,26.15,0.53,0.51,0.9,0.87,1.06
12/15/2021 2:30,2.612,2.78,7,4252,49.1,46.74,29.36,-4.70433,80.7,82.9,77.37,75.72,70.61,21.87,22.73,24.31,24.45,25.42,0.51,0.47,0.69,0.74,0.95
12/15/2021 2:45,2.614,2.85,6.93,4253,49.5,46.88,29.52,-4.539958,81.5,84.4,79.63,76.82,71.34,21.36,22.04,23.48,23.91,24.92,0.47,0.41,0.59,0.69,0.9
12/15/2021 3:00,2.64,2.87,7.01,4253,49,47.38,29.69,-4.539958,82.2,85.4,80.6,77.33,71.38,20.92,21.42,22.92,23.49,24.6,0.44,0.37,0.54,0.66,0.89
12/15/2021 3:15,2.697,2.98,7.11,4253,49.3,47.5,29.64,-4.375585,82.7,86.3,81,77.29,71.12,20.57,20.97,22.54,23.17,24.35,0.42,0.34,0.52,0.64,0.88
12/15/2021 3:30,2.741,2.96,7.3,4253,49.5,47.88,29.76,-4.04684,82.1,86.5,80.8,76.34,70.2,20.13,20.59,22.13,22.85,24.06,0.42,0.33,0.51,0.66,0.89
12/15/2021 3:45,2.777,3.03,7.36,4253,49.3,47.74,29.67,-4.70433,81.6,86.2,80.4,75.34,69.11,19.62,20.14,21.64,22.52,23.72,0.42,0.33,0.51,0.67,0.91
12/15/2021 4:00,2.838,3.09,7.53,4253,49.5,47.36,29.48,-4.539958,81.8,86.4,79.51,72.3,66.18,19.11,19.7,21.52,22.88,24.16,0.4,0.31,0.53,0.77,1.02
12/15/2021 4:15,2.899,3.24,7.6,4253,49.1,46.47,29.26,-4.211213,82.3,86.9,77.9,70.62,63.8,18.86,19.47,21.75,23.17,24.62,0.39,0.3,0.58,0.83,1.12
12/15/2021 4:30,2.902,3.15,7.71,4253,49.3,45.35,28.57,-4.375585,83.3,86.9,70.57,63.9,61.9,19.09,19.78,23.82,25.25,25.38,0.37,0.3,0.87,1.16,1.23
12/15/2021 4:45,2.988,3.29,7.89,4253,49.4,44.54,27.95,-4.211213,82.3,84.7,66.4,61.08,59.68,19.84,20.71,25.31,26.35,26.41,0.41,0.37,1.08,1.34,1.39
12/15/2021 5:00,3.086,3.45,8.09,4253,49.3,43.65,27.49,-4.211213,81.2,82.6,65.14,59.6,58.26,20.4,21.48,25.98,27.11,27.18,0.45,0.45,1.17,1.45,1.5
12/15/2021 5:15,3.214,3.61,8.41,4252,49.1,43.06,26.92,-4.375585,80.4,81.3,63.96,58.66,57.2,20.89,22.12,26.62,27.71,27.82,0.48,0.5,1.26,1.54,1.6
12/15/2021 5:30,3.322,3.78,8.64,4253,49.1,42.39,26.27,-4.70433,79.71,80.4,63.27,58.25,56.33,21.35,22.59,27.13,28.09,28.39,0.52,0.54,1.32,1.59,1.69
12/15/2021 5:45,3.374,3.87,8.74,4253,49.3,42.77,26.27,-4.868703,78.81,79.43,63.55,60.12,56.3,21.7,23,27.12,27.64,28.56,0.55,0.58,1.31,1.48,1.71
12/15/2021 6:00,3.446,3.97,8.91, ,49,42.58,26.01,-4.539958,77.97,78.96,64.62,62.29,57.65,21.88,23.06,26.82,27.05,28.15,0.58,0.59,1.25,1.35,1.61
12/15/2021 6:15,3.536,4.11,9.1,4252,49.3,42.46,25.87,-5.033075,77.71,79.1,64.81,62.64,57.99,21.95,23.04,26.82,27.01,28.07,0.59,0.59,1.24,1.33,1.59
12/15/2021 6:30,3.561,4.2,9.1,4253,49.3,42.34,25.82,-5.033075,77.79,79.23,64.79,62.75,58.09,21.97,23.07,26.85,26.99,28.1,0.59,0.59,1.24,1.33,1.59
12/15/2021 6:45,3.59,4.24,9.17,4252,49.3,42.15,25.72,-4.211213,78.09,79.25,64.94,62.67,58.14,21.98,23.12,26.87,27.13,28.16,0.58,0.59,1.24,1.34,1.6
12/15/2021 7:00,3.611,4.22,9.27,4252,49.3,41.88,25.48,1.377451,78.26,79.37,64.78,62.75,58.08,22.11,23.24,27.03,27.19,28.28,0.58,0.59,1.26,1.34,1.61
12/15/2021 7:15,3.596,4.23,9.2,4252,49.3,41.36,25.48,11.075427,77.62,72.48,65.32,63.51,58.68,22.77,25.27,27.13,27.2,28.34,0.62,0.89,1.25,1.32,1.59
12/15/2021 7:30,3.659,4.39,9.27,4252,49.4,41.88,25.56,26.362067,69.51,67.19,68.26,66.09,61.68,24.93,26.74,26.51,26.7,27.66,0.96,1.15,1.1,1.19,1.42
12/15/2021 7:45,3.675,4.41,9.31,4253,49,41.84,25.46,46.086765,65.66,69.1,70.75,68.37,63.4,25.8,26.22,25.93,26.16,27.23,1.14,1.05,0.98,1.07,1.32
12/15/2021 8:00,3.788,4.56,9.58,4253,49.3,41.81,25.29,63.510247,64.6,69.78,71.75,69.05,64.06,25.95,26.01,25.68,25.97,27.05,1.19,1.02,0.93,1.04,1.29
12/15/2021 8:15,3.83,4.58,9.72,4253,49,41.36,25.15,78.796887,63.4,70.77,72.28,69.43,64.62,26.28,25.79,25.58,25.9,26.93,1.25,0.97,0.91,1.02,1.26
12/15/2021 8:30,3.892,4.67,9.86,4253,49.4,41.19,24.89,118.739398,62.87,71.77,72.83,69.87,65.22,26.51,25.68,25.59,25.95,26.93,1.29,0.93,0.89,1.01,1.23
12/15/2021 8:45,3.978,4.79,10.06,4253,49.1,40.69,24.55,132.546686,63.17,73.19,73.31,70.4,65.91,26.58,25.49,25.64,25.99,26.91,1.28,0.87,0.88,0.99,1.21
12/15/2021 9:00,4.051,4.92,10.2,4252,49.1,40.33,24.05,158.846282,62.55,73.91,73.83,70.95,66.46,26.88,25.53,25.71,26.08,27,1.33,0.85,0.86,0.98,1.2
12/15/2021 9:15,4.148,5.07,10.41,4253,49.3,39.83,23.67,191.556405,63.01,74.72,74.34,71.47,67.13,26.99,25.56,25.82,26.15,27.07,1.32,0.83,0.85,0.97,1.18
12/15/2021 9:30,4.273,5.29,10.65,4253,49.1,38.97,23.07,214.075434,63.54,75.45,74.87,72.02,67.57,27.04,25.6,25.95,26.29,27.19,1.3,0.81,0.84,0.96,1.17
12/15/2021 9:45,4.316,5.35,10.75,4252,49.1,38.35,22.76,217.856001,64.36,76.6,75.67,72.75,68.29,27.1,25.62,26.03,26.43,27.3,1.28,0.77,0.82,0.94,1.15
12/15/2021 10:00,4.338,5.39,10.79,4252,49.1,38.49,22.69,236.430091,67.52,78.75,76.93,74.54,70.23,26.51,25.34,25.95,26.21,27,1.13,0.69,0.77,0.87,1.06
12/15/2021 10:15,4.363,5.47,10.8,4252,49,38.75,22.76,289.5224,69.87,80.5,78.51,76.44,72.15,26.06,25.02,25.69,25.93,26.67,1.02,0.62,0.71,0.79,0.97
12/15/2021 10:30,4.453,5.54,11.07,4251,49,38.27,22.59,284.262481,70.97,81.7,79.68,77.66,73.24,25.99,24.97,25.62,25.86,26.61,0.98,0.58,0.67,0.74,0.93
12/15/2021 10:45,4.551,5.74,11.23,4251,49.4,37.56,21.99,283.933736,71.77,82.5,80.5,78.53,73.96,26,24.97,25.65,25.9,26.68,0.95,0.55,0.64,0.72,0.91
12/15/2021 11:00,10.71,5.83,34.71,4251,49.5,37.41,21.71,267.167743,72.81,83.4,81.3,79.39,74.52,26.08,25.08,25.77,26.05,26.87,0.92,0.53,0.62,0.69,0.9
12/15/2021 11:15,10.955,5.92,35.55,4250,49.4,37.27,21.64,283.933736,73.83,83.9,81.8,80.2,75.39,26.15,25.22,25.95,26.21,26.97,0.89,0.52,0.61,0.67,0.88
12/15/2021 11:30,10.796,5.94,34.92,4249,49.1,37.53,21.8,255.826043,74.95,84.6,82.5,81,76.5,26.15,25.33,26.05,26.29,26.95,0.85,0.5,0.59,0.65,0.84
12/15/2021 11:45,10.655,5.95,34.37,4248,49.4,37.72,21.8,277.523209,75.58,85,83,81.7,77.25,26.16,25.37,26.07,26.3,26.93,0.83,0.49,0.57,0.63,0.81
12/15/2021 12:00,10.838,5.93,35.09,4248,49.5,38.15,22.14,298.398514,76.12,85.3,83.4,82.1,77.82,26.21,25.42,26.1,26.31,26.95,0.81,0.48,0.56,0.61,0.79
12/15/2021 12:15,10.717,5.92,34.64,4248,49.4,38.47,22.35,319.602563,76.4,85.6,83.9,82.4,78.39,26.23,25.44,26.1,26.32,26.91,0.8,0.47,0.54,0.6,0.77
12/15/2021 12:30,10.751,6.02,34.66,4247,49.5,38.25,22.21,275.057622,76.69,85.8,84.2,82.8,78.76,26.24,25.43,26.1,26.29,26.89,0.79,0.46,0.53,0.59,0.75
12/15/2021 12:45,10.839,6.02,35,4246,49.4,38.15,22.07,265.030901,77.07,86.1,84.5,83.3,78.94,26.26,25.47,26.13,26.28,26.98,0.78,0.45,0.53,0.57,0.75
12/15/2021 13:00,10.85,6.02,35.04,4245,49.6,38.15,22.04,267.989606,77.39,86.4,84.8,83.6,79.23,26.33,25.54,26.22,26.39,27.07,0.77,0.44,0.52,0.56,0.74
12/15/2021 13:15,10.765,6.09,34.64,4245,49.3,38.78,22.19,290.83738,77.33,86.5,84.8,83.6,79.43,26.39,25.56,26.26,26.41,27.08,0.78,0.44,0.52,0.56,0.74
12/15/2021 13:30,11.333,6.03,36.88,4244,49.3,38.63,22.11,278.180699,77.38,86.5,85,83.8,79.68,26.41,25.57,26.23,26.39,27.03,0.78,0.44,0.51,0.56,0.73
12/15/2021 13:45,11.024,6.21,35.5,4243,49.4,38.63,21.97,287.385558,77.42,86.7,85.2,84,79.85,26.4,25.54,26.21,26.36,27,0.78,0.44,0.5,0.55,0.72
12/15/2021 14:00,11.148,6.31,35.87,4242,49.4,38.32,21.9,259.442237,77.64,86.8,85.5,84.3,80,26.44,25.55,26.18,26.34,27.02,0.77,0.43,0.49,0.54,0.71
12/15/2021 14:15,11.335,6.37,36.52,4241,49.6,38.18,21.85,229.033329,77.91,87.2,85.9,84.6,80.4,26.45,25.55,26.19,26.39,27.06,0.76,0.42,0.48,0.53,0.7
12/15/2021 14:30,11.662,6.5,37.63,4241,49.4,38.18,21.68,188.5977,78.09,87.4,86,84.7,80.6,26.46,25.53,26.2,26.43,27.08,0.76,0.41,0.48,0.53,0.69
12/15/2021 14:45,11.088,6.27,35.68,4240,49.4,38.58,21.97,176.105392,78.17,87.5,86.1,84.8,80.8,26.46,25.54,26.21,26.43,27.06,0.75,0.41,0.47,0.52,0.69
12/15/2021 15:00,10.794,5.99,34.86,4239,49.7,39.47,22.57,173.146688,78.1,87.5,86.2,84.9,80.9,26.47,25.51,26.15,26.39,26.99,0.76,0.41,0.47,0.52,0.68
12/15/2021 15:15,10.831,5.97,35.02,4239,49.5,39.9,22.83,122.84871,78.06,87.5,86.2,85.1,81.1,26.41,25.41,26.08,26.24,26.86,0.76,0.41,0.47,0.51,0.67
12/15/2021 15:30,4.642,5.82,11.49,4239,49.6,40.47,23.24,97.370977,78,87.5,86.3,85.3,81.1,26.31,25.32,25.95,26.09,26.74,0.75,0.4,0.46,0.5,0.66
12/15/2021 15:45,4.539,5.64,11.29,4239,49.6,40.83,23.64,78.632515,77.93,87.4,86.3,85.3,81.1,26.19,25.19,25.79,25.93,26.62,0.75,0.4,0.45,0.49,0.66
12/15/2021 16:00,4.431,5.48,11.05,4238,49.6,41.21,23.93,46.251137,77.62,87.3,86.3,85.4,81.1,26.04,25.04,25.63,25.75,26.41,0.75,0.4,0.45,0.48,0.65
12/15/2021 16:15,4.292,5.32,10.69,4239,49.5,42.12,24.7,30.307007,77.54,87,86.1,85.3,81,25.88,24.91,25.44,25.56,26.2,0.75,0.41,0.45,0.48,0.65
12/15/2021 16:30,4.151,5.06,10.43,4239,49.6,42.98,25.34,20.609031,77.4,86.6,85.8,85.1,80.9,25.64,24.73,25.23,25.34,25.97,0.74,0.42,0.46,0.48,0.64
12/15/2021 16:45,4.005,4.84,10.11,4239,49.6,43.61,25.79,12.226035,77.51,86.2,85.6,84.8,80.7,25.33,24.53,24.99,25.06,25.68,0.73,0.43,0.46,0.48,0.64
12/15/2021 17:00,3.921,4.68,9.96,4239,49.6,44.08,26.23,-1.416881,77.51,85.6,85.2,84.6,80.4,25.02,24.34,24.74,24.8,25.42,0.71,0.44,0.46,0.48,0.64
12/15/2021 17:15,3.858,4.55,9.86,4239,49.6,44.44,26.39,-3.882468,77.61,84.6,84.8,84.4,80.2,24.54,24.2,24.52,24.53,25.16,0.69,0.47,0.47,0.48,0.63
12/15/2021 17:30,3.646,4.27,9.35,4240,49.7,45.18,27.04,-4.539958,78.64,83.5,84.5,84.1,79.99,23.96,24.08,24.23,24.25,24.88,0.64,0.49,0.47,0.48,0.63
12/15/2021 17:45,3.552,4.13,9.14,4239,49.5,44.87,27.23,-4.539958,79.05,82.6,83.9,83.6,79.53,23.49,23.89,23.95,23.92,24.55,0.61,0.52,0.48,0.49,0.63
12/15/2021 18:00,3.501,4.08,9,4240,49.7,44.78,27.21,-4.70433,79.69,82.5,77.91,80.9,76.04,22.99,23.69,25.1,24.29,25.11,0.57,0.51,0.7,0.58,0.76
12/15/2021 18:15,3.455,3.98,8.93, ,49.5,44.87,27.32,-4.539958,80.3,82.8,74.49,77.38,72.47,22.72,23.45,25.66,24.88,25.73,0.54,0.5,0.84,0.71,0.91
12/15/2021 18:30,3.337,3.85,8.62,4239,49.3,45.66,27.8,-4.70433,80.2,80.7,75.22,76.31,72.01,22.58,23.72,25.15,24.8,25.54,0.54,0.57,0.79,0.74,0.92
12/15/2021 18:45,3.184,3.66,8.24,4239,49.6,46.23,28.38,-4.70433,80.3,78.81,79.04,78.54,74.71,22.31,23.82,23.9,23.91,24.53,0.53,0.63,0.62,0.64,0.78
12/15/2021 19:00,3.054,3.45,7.97,4240,49.3,46.83,28.83,-4.375585,80.7,78.89,80.1,79.61,75.45,21.91,23.46,23.33,23.34,24.01,0.51,0.61,0.57,0.58,0.73
12/15/2021 19:15,2.942,3.31,7.69,4240,49.4,46.95,29.26,-4.539958,81,79.08,80.3,79.81,75.59,21.57,23.14,23,22.98,23.67,0.49,0.59,0.55,0.57,0.71
12/15/2021 19:30,2.873,3.25,7.49,4239,49.5,47.12,29.45,-5.197448,81.1,78.92,80.4,79.91,75.7,21.28,22.92,22.7,22.69,23.37,0.48,0.59,0.54,0.55,0.7
12/15/2021 19:45,2.791,3.11,7.33,4240,49.4,47.24,29.69,-4.70433,81.2,79.06,80.5,80,75.79,21.01,22.69,22.45,22.42,23.12,0.47,0.58,0.53,0.54,0.69
12/15/2021 20:00,2.7,3.01,7.09,4240,49.4,47.55,30.1,-4.539958,81.4,79.09,80.5,80.1,75.73,20.81,22.48,22.25,22.2,22.92,0.46,0.57,0.52,0.53,0.68
12/15/2021 20:15,2.63,2.88,6.96,4240,49.4,47.45,30.03,-4.868703,81.6,79.08,80.4,80,75.65,20.58,22.27,22.05,22,22.73,0.45,0.56,0.52,0.53,0.67
12/15/2021 20:30,2.572,2.85,6.77,4240,49.5,47.67,30.24,-4.868703,81.6,79.22,80.4,80.1,75.66,20.38,22.07,21.88,21.83,22.52,0.44,0.55,0.51,0.52,0.66
12/15/2021 20:45,2.508,2.78,6.6,4241,49.3,47.72,30.5,-4.70433,81.9,79.33,80.4,80.1,75.7,20.18,21.9,21.71,21.66,22.37,0.43,0.54,0.51,0.52,0.66
12/15/2021 21:00,2.44,2.66,6.47,4241,49.4,46.43,30.24,-4.375585,81.8,80.3,76.62,78.55,74.19,19.96,21.54,22.72,22.07,22.75,0.42,0.51,0.65,0.57,0.71
12/15/2021 21:15,2.488,2.73,6.58,4241,49.5,46.31,29.86,-4.868703,82,82.3,70.8,73.51,69.06,20.03,21.3,24.28,23.42,24.2,0.42,0.45,0.89,0.76,0.93
12/15/2021 21:30,2.496,2.71,6.63,4241,49.4,46,29.62,-4.70433,81.4,82,69.53,71.71,67.18,20.39,21.61,24.78,23.98,24.83,0.45,0.46,0.95,0.84,1.03
12/15/2021 21:45,2.571,2.8,6.82,4242,49.5,45.73,29.36,-4.539958,80.5,81.4,69.3,70.95,66.29,20.69,21.89,24.97,24.28,25.17,0.48,0.49,0.97,0.88,1.08
12/15/2021 22:00,2.585,2.84,6.83,4242,49.5,45.47,29.31,-4.539958,79.93,80.9,69.05,70.45,65.83,20.95,22.12,25.12,24.5,25.37,0.5,0.51,0.99,0.91,1.11
12/15/2021 22:15,2.624,2.84,6.98,4242,49.3,45.61,29.12,-4.539958,79.44,80.5,69.22,70.08,65.45,21.13,22.3,25.15,24.67,25.56,0.52,0.53,0.98,0.93,1.13
12/15/2021 22:30,2.67,2.94,7.05,4242,49.3,45.28,28.9,-4.70433,79.05,80.2,68.47,69.64,65.09,21.26,22.41,25.39,24.81,25.7,0.53,0.54,1.02,0.95,1.15
12/15/2021 22:45,2.74,3.04,7.21,4242,49.5,45.11,28.81,-4.375585,78.74,79.77,68.43,69.39,64.78,21.34,22.52,25.41,24.9,25.8,0.54,0.55,1.02,0.96,1.17
12/15/2021 23:00,2.748,3.04,7.24,4242,49.3,45.4,28.69,-4.868703,78.53,79.66,68.41,69.1,64.54,21.39,22.58,25.44,24.97,25.87,0.55,0.56,1.03,0.98,1.18
12/15/2021 23:15,2.807,3.1,7.4,4242,49.6,45.11,28.62,-4.375585,78.25,79.53,68.37,69.01,64.43,21.44,22.59,25.44,24.99,25.9,0.56,0.56,1.03,0.98,1.19
12/15/2021 23:30,2.822,3.1,7.46,4242,49.3,45.18,28.42,-4.539958,78.07,79.27,68.13,69,64.26,21.51,22.66,25.51,24.99,25.94,0.56,0.57,1.04,0.98,1.2
12/15/2021 23:45,2.79,3.16,7.27,4246,49.1,45.9,28.93,-4.539958,81.5,81.7,73.29,75.44,66.33,21.31,22.72,24.96,24.39,25.79,0.47,0.51,0.84,0.75,1.12
12/16/2021 0:00,2.709,3.03,7.1,4247,49.4,45.61,29.17,-4.375585,85.1,87.1,76,79.51,70.4,20.72,21.75,24.67,23.73,25.33,0.36,0.34,0.75,0.6,0.96
12/16/2021 0:15,2.635,3,6.85,4250,49.1,45.68,29.43,-4.211213,86.7,88.5,76.6,81.6,71.1,20.67,21.69,24.79,23.69,25.35,0.32,0.3,0.73,0.54,0.93
12/16/2021 0:30,2.657,2.92,7.02,4251,49.3,45.4,29.09,-4.375585,87.5,90.3,75.94,77.03,67.98,20.69,21.48,25.14,24.89,26.43,0.31,0.25,0.77,0.72,1.1
12/16/2021 0:45,2.724,3.03,7.16,4251,49.4,44.68,28.59,-4.868703,88,90.6,72.49,71.27,63.24,20.96,21.72,26.18,26.33,27.93,0.3,0.24,0.93,0.98,1.38
12/16/2021 1:00,2.789,3.11,7.32,4251,49.4,44.35,28.21,-4.539958,88.1,90.1,70.02,68.13,60.7,21.29,22.08,27,27.26,28.86,0.3,0.26,1.07,1.15,1.56
12/16/2021 1:15,2.778,3.12,7.27,4254,49.5,43.89,28.09,-4.375585,88.1,89.7,70.48,70.5,60.21,21.65,22.64,27.61,27.4,29.43,0.31,0.28,1.09,1.08,1.63
12/16/2021 1:30,2.87,3.24,7.49,4254,49.6,43.94,27.99,-4.868703,88.1,90.5,72.52,72.82,62.59,21.75,22.77,27.42,27.15,29.27,0.31,0.26,1,0.98,1.52
12/16/2021 1:45,2.945,3.33,7.68,4254,49.5,43.84,27.78,-4.539958,88.3,90.3,71.21,69.78,61.7,22.08,22.99,27.82,27.99,29.71,0.31,0.27,1.08,1.14,1.6
12/16/2021 2:00,3.046,3.55,7.83,4255,49.4,43.77,27.44,-4.70433,88.2,90.1,69.75,67.31,59.98,22.27,23.18,28.27,28.6,30.25,0.32,0.28,1.16,1.28,1.72
12/16/2021 2:15,2.981,3.43,7.71,4256,49.5,43.61,27.44,-4.868703,88,89.6,70.24,70.4,60.02,22.42,23.49,28.57,28.31,30.46,0.33,0.3,1.16,1.14,1.74
12/16/2021 2:30,3.092,3.65,7.9,4256,49.3,43.87,27.49,-4.375585,87.9,90.3,72.2,72.6,62.21,22.34,23.53,28.2,27.92,30.1,0.33,0.28,1.06,1.03,1.61
12/16/2021 2:45,3.159,3.71,8.09,4256,49.3,43.87,27.49,-5.033075,88.1,90,70.55,70.16,61.5,22.55,23.62,28.61,28.53,30.38,0.33,0.29,1.15,1.16,1.67
12/16/2021 3:00,3.271,3.93,8.28,4257,49.3,43.65,27.09,-4.539958,88,90,69.6,67.75,59.9,22.68,23.69,28.89,29.03,30.82,0.33,0.29,1.21,1.29,1.78
12/16/2021 3:15,3.362,4.07,8.48,4256,49.5,43.7,26.92,-4.539958,87.8,89.4,68.64,66.01,58.65,22.77,23.86,29.01,29.36,31.12,0.34,0.31,1.26,1.39,1.87
12/16/2021 3:30,3.366,4.11,8.45,4257,49.3,44.82,27.37,-4.868703,86.9,87.1,72.14,69.35,63.15,22.68,24.01,27.62,28,29.37,0.36,0.39,1.03,1.16,1.51
12/16/2021 3:45,3.351,4.16,8.34,4257,49.4,45.21,27.85,-4.539958,85.4,85.9,74.1,73.61,67.3,22.5,23.71,26.69,26.49,27.83,0.4,0.41,0.91,0.91,1.22
12/16/2021 4:00,3.304,4.05,8.28,4257,49.6,46.02,28.16,-4.868703,84.6,85.2,74.31,74.9,68.5,22.31,23.43,26.21,25.79,27.12,0.41,0.43,0.87,0.83,1.13
12/16/2021 4:15,3.224,3.96,8.07,4258,49.7,46.21,28.57,-4.70433,84.3,84.4,74.26,75.47,69.11,22.1,23.21,25.85,25.35,26.62,0.42,0.44,0.86,0.79,1.08
12/16/2021 4:30,3.183,3.88,8, ,49.4,46.67,28.9,-4.375585,84.1,83.6,74.14,75.62,69.49,21.9,23.07,25.53,25.01,26.21,0.42,0.46,0.85,0.77,1.04
12/16/2021 4:45,3.133,3.82,7.87,4259,49.6,46.55,28.93,-4.868703,83.8,83.1,74.27,75.77,69.71,21.65,22.94,25.24,24.71,25.89,0.42,0.47,0.83,0.75,1.01
12/16/2021 5:00,3.097,3.76,7.8,4260,49.6,46.64,29.31,-4.211213,83.4,83,74.47,75.83,69.9,21.48,22.75,24.97,24.48,25.61,0.43,0.47,0.81,0.74,0.99
12/16/2021 5:15,3.048,3.65,7.73,4261,49.5,46.83,29.29,-4.70433,83.5,82.8,74.46,75.8,69.95,21.28,22.62,24.79,24.29,25.43,0.42,0.47,0.8,0.73,0.98
12/16/2021 5:30,3.03,3.65,7.66,4262,49.5,46.93,29.45,-4.539958,83.5,82.7,74.39,75.83,69.97,21.14,22.5,24.68,24.15,25.3,0.41,0.47,0.8,0.73,0.97
12/16/2021 5:45,3.011,3.65,7.59,4262,49.4,46.71,29.31,-4.375585,83.2,82.3,74.33,75.6,69.78,21.04,22.45,24.55,24.05,25.18,0.42,0.48,0.79,0.73,0.97
12/16/2021 6:00,3.025,3.66,7.63,4263,49.3,47.07,29.4,-4.211213,82.9,82.2,74.17,75.55,69.66,20.91,22.29,24.43,23.9,25.04,0.42,0.48,0.79,0.73,0.96
12/16/2021 6:15,2.99,3.63,7.53,4264,49.4,46.71,29.67,-4.70433,82.7,82,73.83,75.37,69.57,20.77,22.21,24.36,23.81,24.93,0.42,0.48,0.8,0.73,0.96
12/16/2021 6:30,2.99,3.63,7.53,4265,49.4,46.64,29.6,-4.211213,82.5,81.7,73.77,75.24,69.49,20.71,22.17,24.22,23.69,24.82,0.43,0.49,0.79,0.73,0.96
12/16/2021 6:45,2.951,3.52,7.5,4265,49.1,46.74,29.43,-3.553723,82.2,81.1,73.94,75.15,69.42,20.71,22.22,24.07,23.6,24.72,0.43,0.51,0.78,0.72,0.95
12/16/2021 7:00,2.933,3.52,7.43,4266,49.5,46.64,29.5,2.199314,82.1,80.7,74.03,75.17,69.37,20.66,22.25,24,23.54,24.67,0.44,0.52,0.77,0.72,0.95
12/16/2021 7:15,2.966,3.6,7.47,4267,49.6,46.52,29.57,13.541014,80.4,78.48,74.99,75.04,69.2,21.4,22.84,23.81,23.58,24.73,0.5,0.6,0.74,0.73,0.96
12/16/2021 7:30,2.993,3.63,7.54,4267,49,45.97,29.24,54.962878,72.81,76.82,76.81,75,69.19,23.22,23.31,23.45,23.62,24.77,0.77,0.66,0.67,0.73,0.96
12/16/2021 7:45,3.049,3.7,7.68,4267,49.4,45.54,29.05,124.656808,71.3,77.34,77.68,75.04,69.54,23.51,23.21,23.31,23.65,24.74,0.83,0.64,0.64,0.73,0.95
12/16/2021 8:00,3.074,3.66,7.82,4267,49.4,43.46,27.83,80.604984,70.67,77.94,78.02,75.02,69.49,23.69,23.15,23.33,23.78,24.87,0.86,0.63,0.63,0.74,0.96
12/16/2021 8:15,3.289,3.93,8.35,4268,49.3,41.67,26.51,95.562879,69.02,79.65,78.43,75.22,69.22,24.3,23.27,23.74,24.23,25.37,0.94,0.58,0.63,0.75,1
12/16/2021 8:30,3.572,4.34,8.99,4267,49.4,40.33,25.08,113.479479,68.83,81,78.2,75.77,69.1,24.72,23.55,24.36,24.75,25.97,0.97,0.55,0.66,0.76,1.04
12/16/2021 8:45,3.85,4.81,9.55,4267,49.3,39.25,24.12,121.533731,69.73,81.1,77.96,75.69,69.4,25.09,24.1,24.99,25.38,26.74,0.96,0.57,0.7,0.79,1.07
12/16/2021 9:00,4.126,5.23,10.15,4267,49.4,38.06,22.9,139.45033,70.72,81.2,77.89,75.89,73.87,25.48,24.63,25.56,25.92,27.84,0.95,0.58,0.72,0.81,0.98
12/16/2021 9:15,4.386,5.7,10.64,4266,49.3,36.82,21.92,282.454384,71.74,81.8,78.16,77.04,81.3,25.86,25.06,26.1,26.48,29.5,0.94,0.58,0.74,0.79,0.77
12/16/2021 9:30,11.398,6.1,37.05,4265,49.6,35.72,20.99,167.393651,72.19,82.2,78.66,77.81,78.24,26.39,25.54,26.59,27.05,31.12,0.96,0.58,0.74,0.79,0.98
12/16/2021 9:45,11.526,6.52,37.09,4262,49.4,34.88,20.2,194.843854,72.8,82.6,79.25,78.25,77.71,26.87,26.02,27.09,27.59,32.35,0.96,0.59,0.74,0.8,1.08
12/16/2021 10:00,12.432,6.84,40.21,4259,49.3,34.35,19.72,451.922405,73.3,83.2,79.92,78.89,76.26,27.33,26.4,27.5,28.09,33.19,0.97,0.58,0.74,0.8,1.21
12/16/2021 10:15,13.303,7.15,43.21,4255,49.3,34.5,19.46,548.409048,73.89,83.7,80.3,79.28,75.85,27.69,26.76,27.94,28.59,33.85,0.97,0.57,0.74,0.81,1.27
12/16/2021 10:30,13.903,7.52,45.11,4253,49.4,34.76,19.36,209.637377,75.9,84.4,80.8,82.1,77.08,27.49,26.8,28.18,28.83,34.2,0.88,0.55,0.73,0.71,1.23
12/16/2021 10:45,14.394,7.64,46.86,4249,49.5,34.52,19.27,216.705394,77.65,85.7,81.9,82.6,76.68,27.41,26.75,28.24,29.13,34.2,0.82,0.5,0.69,0.7,1.25
12/16/2021 11:00,15.088,7.95,49.18,4245,49.6,34.4,19.1,225.910252,78.6,86.8,83,83,76.51,27.48,26.78,28.35,29.38,34.06,0.78,0.46,0.66,0.7,1.25
12/16/2021 11:15,15.595,8.12,50.94,4240,49.3,34.33,19.1,248.100536,79.38,87.4,83.5,84.3,77.78,27.57,26.86,28.49,29.66,34.27,0.76,0.45,0.64,0.65,1.2
12/16/2021 11:30,16.045,8.41,52.35,4237,49.6,34.54,19.05,546.765323,80.1,87.9,84.3,84.4,74.87,27.72,26.98,28.62,30.05,34.31,0.74,0.43,0.62,0.66,1.36
12/16/2021 11:45,16.756,8.56,54.91,4232,49.4,34.64,19.03,642.101359,79.98,88,84.1,83.4,74.19,27.81,27.06,28.7,30.26,34.2,0.75,0.43,0.63,0.71,1.39
12/16/2021 12:00,16.926,8.8,55.3,4227,49.1,35.02,19.29,415.102971,79.66,87.8,83.7,83.2,73.02,27.86,27.09,28.65,30.35,34.13,0.76,0.44,0.64,0.73,1.45
12/16/2021 12:15,17.063,9.14,55.46,4221,49.4,35.21,19.32,275.715112,79.38,87.7,83.8,82.7,73.31,27.88,27.07,28.61,30.39,34.02,0.77,0.44,0.63,0.75,1.42
12/16/2021 12:30,17.267,8.73,56.68,4216,49.5,34.88,19.2,270.783938,79.62,87.8,83.8,82.9,71.81,27.88,27.07,28.55,30.37,33.3,0.76,0.44,0.63,0.74,1.44
12/16/2021 12:45,17.746,8.9,58.33, ,49.4,35.02,19.27,259.442237,79.72,87.9,84.1,82.8,73.35,27.9,27.08,28.51,30.38,32.52,0.76,0.43,0.62,0.75,1.3
12/16/2021 13:00,17.933,9.02,58.92,4204,49.1,34.93,19.24,245.141832,79.65,87.9,84.3,82.9,74.46,27.93,27.1,28.42,30.37,31.85,0.77,0.43,0.61,0.74,1.2
12/16/2021 13:15,17.821,9.02,58.49,4200,49.4,34.9,19.2,283.604991,79.61,87.8,84.5,82.6,76.06,27.94,27.11,28.37,30.32,31.37,0.77,0.44,0.6,0.75,1.1
12/16/2021 13:30,18.33,8.98,60.48,4194,49.4,35.19,19.24,248.429281,79.63,87.8,84.6,82.6,76.97,27.92,27.13,28.32,30.26,31.08,0.77,0.44,0.59,0.75,1.04
12/16/2021 13:45,18.5,8.86,61.26,4189,49.4,35.07,19.1,227.882722,79.68,87.8,84.8,82.5,77.63,27.93,27.12,28.26,30.18,30.83,0.76,0.44,0.58,0.75,1
12/16/2021 14:00,18.289,9.03,60.27,4185,49.4,35.33,19.1,457.017952,79.73,87.8,85,82.8,78.14,27.92,27.13,28.23,30.05,30.62,0.76,0.44,0.57,0.73,0.96
12/16/2021 14:15,18.262,8.99,60.21,4180,49.3,35.29,19.05,359.709447,79.71,87.6,85.1,82.8,78.68,27.92,27.15,28.19,29.89,30.37,0.76,0.45,0.57,0.73,0.92
12/16/2021 14:30,18.029,8.99,59.32,4176,49,35.33,19.22,185.145878,79.66,87.5,85.2,83,79.09,27.9,27.17,28.13,29.7,30.19,0.76,0.45,0.56,0.71,0.9
12/16/2021 14:45,18.283,8.86,60.43,4173,49.3,35.69,19.13,211.116729,79.54,87.5,85.4,83.1,79.35,27.86,27.12,28.01,29.55,29.99,0.77,0.45,0.55,0.7,0.88
12/16/2021 15:00,17.871,9.03,58.67,4170,49.3,35.33,19.08,164.434946,79.44,87.6,85.4,83.2,79.61,27.81,27.03,27.97,29.42,29.84,0.77,0.44,0.55,0.69,0.86
12/16/2021 15:15,18.107,8.82,59.8,4167,49.3,35.45,19.08,139.779075,79.43,87.8,85.7,83.4,79.82,27.79,26.94,27.86,29.3,29.7,0.77,0.43,0.54,0.68,0.84
12/16/2021 15:30,17.769,8.77,58.56,4164,49.1,35.55,19.17,129.094864,79.53,88.1,86.1,83.6,79.96,27.72,26.84,27.75,29.16,29.57,0.76,0.42,0.52,0.66,0.83
12/16/2021 15:45,17.28,8.77,56.69,4163,49.3,35.33,19.03,170.352356,79.43,88.2,86.4,83.8,79.93,27.69,26.75,27.6,28.96,29.42,0.76,0.41,0.5,0.65,0.82
12/16/2021 16:00,17.048,8.77,55.8,4163,49.3,35.72,19.13,132.217941,79.8,88.5,86.9,84.5,80.1,27.62,26.7,27.55,28.82,29.41,0.75,0.4,0.48,0.61,0.82
12/16/2021 16:15,16.689,8.57,54.64,4162,49.5,35.72,19.03,55.291623,79.94,88.5,87,84.6,79.93,27.5,26.61,27.44,28.55,29.28,0.74,0.4,0.48,0.6,0.82
12/16/2021 16:30,16.238,8.49,53,4162,49.1,35.84,19.27,34.745064,79.91,88.3,87,84.6,79.78,27.36,26.49,27.3,28.28,29.05,0.73,0.4,0.47,0.59,0.81
12/16/2021 16:45,15.686,8.49,50.89,4162,49.4,36.55,19.39,12.883525,79.75,88.1,86.7,84.4,79.7,27.15,26.31,27.11,27.93,28.7,0.73,0.41,0.48,0.59,0.8
12/16/2021 17:00,14.874,8.21,48.08,4163,49.3,37.03,19.56,-0.595018,79.39,87.7,86.4,84.3,79.85,26.91,26.08,26.87,27.5,28.18,0.73,0.42,0.48,0.58,0.77
12/16/2021 17:15,13.856,7.87,44.55,4164,49,38.11,20.2,-4.211213,78.92,87.2,86.2,84.2,80.1,26.54,25.72,26.57,27.03,27.6,0.73,0.42,0.48,0.56,0.73
12/16/2021 17:30,13.179,7.61,42.24,4164,49.1,39.13,21.04,-4.211213,79.01,87.1,85.9,84,80.4,25.98,25.22,26.13,26.47,26.95,0.7,0.41,0.48,0.55,0.7
12/16/2021 17:45,11.78,7.14,37.39,4168,49.5,40.07,21.83,-4.539958,78.49,86.7,85.3,84.2,80.3,25.57,24.8,25.68,25.82,26.39,0.7,0.42,0.48,0.53,0.68
12/16/2021 18:00,11.575,6.7,37.08,4172,49.6,41.07,22.66,-4.539958,78.65,85.8,84.9,84,79.79,25.01,24.48,25.19,25.31,25.9,0.68,0.44,0.48,0.52,0.68
12/16/2021 18:15,10.759,6.31,34.38,4175,49.7,42.19,23.4,-4.539958,79.06,84.7,84.7,83.6,79.45,24.45,24.24,24.73,24.88,25.5,0.64,0.46,0.48,0.52,0.67
12/16/2021 18:30,10.791,5.84,35.01,4179,49.6,42.55,24.07,-4.539958,79.43,83.8,84.2,83.3,79.01,23.94,24.06,24.4,24.52,25.16,0.61,0.49,0.48,0.51,0.67
12/16/2021 18:45,4.567,5.5,11.55,4183,49.3,42.51,24.36,-4.211213,80.3,82,78.71,81.3,75.95,23.35,24.27,25.44,24.72,25.64,0.57,0.55,0.69,0.58,0.79
12/16/2021 19:00,4.374,5.14,11.2,4186,49.4,42.96,24.74,-4.375585,81.2,82.1,74.3,77.98,72.1,23.1,24.16,26.35,25.39,26.45,0.53,0.54,0.88,0.71,0.96
12/16/2021 19:15,4.207,5,10.71,4190,49.4,42.82,25.01,-4.868703,81.2,81.8,72.97,75.97,70.39,23.05,24.14,26.59,25.74,26.76,0.53,0.55,0.94,0.8,1.04
12/16/2021 19:30,4.101,4.8,10.52,4194,49.6,43.34,25.25,-4.211213,81.1,80.8,72.02,74.93,69.52,22.95,24.33,26.74,25.86,26.87,0.53,0.58,0.98,0.84,1.08
12/16/2021 19:45,4.008,4.72,10.25,4197,49.4,43.39,25.46,-4.868703,80.9,80.5,71.42,74.33,69.05,22.88,24.32,26.79,25.87,26.88,0.53,0.59,1.01,0.86,1.1
12/16/2021 20:00,3.917,4.6,10.03,4200,49.6,43.37,25.7,-4.211213,80.7,80.6,71.01,73.83,68.66,22.87,24.22,26.81,25.93,26.9,0.54,0.59,1.02,0.88,1.11
12/16/2021 20:15,3.861,4.54,9.88,4202,49.7,43.32,26.03,-4.211213,80.4,80.9,70.81,73.32,68.25,22.94,24.08,26.8,25.98,26.96,0.55,0.57,1.03,0.9,1.13
12/16/2021 20:30,3.784,4.4,9.74,4205,49.5,43.68,26.2,-4.70433,79.97,81.1,70.58,72.89,67.89,22.95,24.02,26.82,26.04,26.99,0.56,0.56,1.04,0.91,1.14
12/16/2021 20:45,3.721,4.35,9.55,4208,49.4,43.65,26.3,-4.70433,79.62,80.8,70.28,72.57,67.62,22.97,24.06,26.84,26.02,27,0.57,0.57,1.05,0.92,1.15
12/16/2021 21:00,3.647,4.21,9.42, ,49.6,43.89,26.46,-4.868703,79.54,80.3,69.98,72.3,67.43,22.93,24.14,26.89,26.06,26.99,0.57,0.59,1.06,0.93,1.16
12/16/2021 21:15,3.61,4.15,9.34,4214,49.4,44.08,26.56,-4.868703,79.34,80.3,69.83,72.02,67.26,22.92,24.06,26.85,26.06,27,0.58,0.59,1.07,0.94,1.17
12/16/2021 21:30,3.574,4.09,9.27,4216,49.3,44.15,26.61,-4.539958,79.02,80.7,69.98,71.94,67.08,22.97,23.96,26.77,26.04,26.98,0.59,0.57,1.06,0.95,1.17
12/16/2021 21:45,3.502,3.99,9.1,4218,49.6,44.15,26.89,-4.539958,78.98,80.4,69.69,71.77,66.88,22.91,23.98,26.82,26.05,27.02,0.59,0.58,1.07,0.95,1.18
12/16/2021 22:00,3.519,4.05,9.1,4220,49.3,44.56,26.82,-4.375585,79.04,80.2,69.59,71.52,66.63,22.9,24.03,26.83,26.06,27.04,0.59,0.59,1.07,0.96,1.19
12/16/2021 22:15,3.491,3.99,9.06,4223,49.6,44.39,26.89,-5.033075,78.91,79.93,69.16,71.26,66.41,22.86,24.04,26.89,26.08,27.04,0.59,0.6,1.09,0.97,1.2
12/16/2021 22:30,3.465,3.99,8.96,4223,49.5,44.44,26.92,-4.70433,78.7,79.99,69.24,71.03,66.29,22.89,23.96,26.8,26.08,27.02,0.59,0.6,1.08,0.98,1.2
12/16/2021 22:45,3.453,4.01,8.89,4227,49.5,44.66,27.04,-4.375585,78.41,79.83,68.83,70.72,66.06,22.87,23.95,26.83,26.09,27.02,0.6,0.6,1.1,0.99,1.21
12/16/2021 23:00,3.444,3.98,8.89,4228,49.4,44.35,27.09,-4.70433,78.37,79.46,68.88,70.6,65.87,22.83,23.97,26.77,26.07,27.03,0.6,0.61,1.09,0.99,1.22
12/16/2021 23:15,3.429,3.99,8.82,4230,49.4,44.25,27.01,-4.211213,78.32,79.78,68.71,70.49,65.8,22.83,23.88,26.82,26.09,27,0.6,0.6,1.1,1,1.22
12/16/2021 23:30,3.403,3.9,8.82,4232,49.6,44.39,27.09,-4.70433,78.03,79.58,68.57,70.41,65.69,22.86,23.92,26.8,26.06,26.99,0.61,0.61,1.11,1,1.22
12/16/2021 23:45,3.428,3.95,8.86,4233,49.4,44.44,27.21,-4.539958,77.75,79.36,68.63,70.1,65.46,22.82,23.87,26.7,26.02,26.97,0.62,0.61,1.1,1.01,1.23
12/17/2021 0:00,3.367,3.9,8.68,4235,49.3,44.44,27.21,-4.211213,77.72,79.33,68.23,69.76,65.3,22.76,23.83,26.72,26.03,26.93,0.62,0.61,1.11,1.02,1.23
12/17/2021 0:15,3.385,3.9,8.75,4237,49,44.2,27.28,-4.868703,77.77,79.27,68.4,69.62,65.14,22.71,23.8,26.64,26.05,26.94,0.61,0.61,1.1,1.02,1.24
12/17/2021 0:30,3.409,3.95,8.79,4238,49.5,44.37,27.25,-4.375585,77.64,79.26,68.47,69.65,65.07,22.67,23.75,26.56,25.98,26.91,0.62,0.61,1.1,1.02,1.24
12/17/2021 0:45,3.38,3.91,8.72,4239,49.3,44.44,27.3,-4.868703,77.44,78.86,67.84,69.36,64.84,22.62,23.74,26.66,25.95,26.86,0.62,0.62,1.12,1.03,1.24
12/17/2021 1:00,3.367,3.9,8.68,4242,49.6,44.44,27.4,-4.539958,77.49,78.86,67.79,69.3,64.66,22.53,23.68,26.61,25.9,26.85,0.61,0.62,1.12,1.03,1.25
12/17/2021 1:15,3.362,3.94,8.62,4242,49.5,44.39,27.4,-4.375585,77.57,79.04,67.8,69.26,64.59,22.52,23.63,26.57,25.88,26.84,0.61,0.61,1.12,1.03,1.25
12/17/2021 1:30,3.362,3.94,8.62,4244,49.4,44.37,27.47,-4.70433,77.43,78.96,67.8,69.07,64.52,22.55,23.63,26.54,25.89,26.85,0.62,0.61,1.12,1.03,1.25
12/17/2021 1:45,3.352,3.94,8.58,4245,49.5,44.27,27.3,-4.539958,77.33,78.79,67.54,68.94,64.42,22.57,23.66,26.6,25.95,26.85,0.62,0.62,1.13,1.04,1.26
12/17/2021 2:00,3.378,3.94,8.68,4246,49.6,44.32,27.25,-4.868703,77.26,78.76,67.29,68.61,64.24,22.57,23.66,26.63,25.99,26.87,0.62,0.62,1.14,1.05,1.27
12/17/2021 2:15,3.37,3.94,8.65,4248,49.4,44.37,27.28,-4.868703,77,78.57,67.29,68.56,64.11,22.59,23.66,26.58,25.94,26.87,0.63,0.63,1.14,1.05,1.27
12/17/2021 2:30,3.396,3.94,8.75,4249,49.5,44.3,27.25,-4.539958,76.65,78.32,67.28,68.45,64.01,22.58,23.67,26.53,25.9,26.83,0.64,0.63,1.13,1.05,1.27
12/17/2021 2:45,3.37,3.94,8.65,4250,49.3,44.15,27.28,-4.539958,76.46,78.12,66.55,68.1,63.64,22.53,23.63,26.64,25.92,26.83,0.64,0.64,1.17,1.07,1.28
12/17/2021 3:00,3.37,3.94,8.65,4251,49.5,44.35,27.28,-4.04684,76.56,77.98,66.58,67.89,63.47,22.46,23.61,26.58,25.92,26.83,0.64,0.64,1.16,1.07,1.29
12/17/2021 3:15,3.44,4.03,8.82,4252,49.6,44.13,27.16,-4.211213,76.6,77.99,66.67,68,63.38,22.41,23.57,26.51,25.85,26.8,0.63,0.64,1.15,1.07,1.29
12/17/2021 3:30,3.429,3.99,8.82,4253,49.6,44.35,27.18,-4.539958,76.5,77.89,66.27,67.77,63.21,22.38,23.55,26.58,25.86,26.8,0.64,0.64,1.17,1.07,1.3
12/17/2021 3:45,3.436,3.99,8.85,4254,49.3,44.35,27.09,-4.868703,76.4,77.77,66.13,67.61,63.04,22.33,23.49,26.53,25.83,26.81,0.64,0.64,1.17,1.08,1.3
12/17/2021 4:00,3.421,3.99,8.79,4255,49.5,44.3,27.13,-4.70433,76.38,77.77,66.37,67.49,63.06,22.3,23.44,26.42,25.82,26.75,0.64,0.64,1.16,1.08,1.3
12/17/2021 4:15,3.477,4.07,8.92,4256,49.6,44.3,26.94,-4.539958,76.3,77.73,65.86,67.35,62.92,22.32,23.44,26.53,25.81,26.72,0.64,0.64,1.18,1.09,1.3
12/17/2021 4:30,3.489,4.11,8.92,4257,49.3,44.32,26.97,-4.211213,76.17,77.57,66.2,67.47,62.92,22.27,23.44,26.42,25.75,26.69,0.64,0.65,1.16,1.08,1.3
12/17/2021 4:45,3.483,4.09,8.92,4258,49.5,44.11,26.97,-4.70433,76.06,77.54,66.29,67.38,63,22.27,23.42,26.36,25.74,26.65,0.64,0.65,1.16,1.08,1.29
12/17/2021 5:00,3.491,4.08,8.96,4258,49.3,43.94,26.87,-4.539958,76.19,77.57,66.17,67.37,62.84,22.2,23.36,26.33,25.68,26.66,0.64,0.64,1.16,1.08,1.3
12/17/2021 5:15,3.522,4.19,8.96, ,49.5,43.92,26.97,-4.70433,76.3,77.66,66.28,67.28,62.79,22.16,23.33,26.27,25.68,26.64,0.63,0.64,1.15,1.08,1.3
12/17/2021 5:30,3.527,4.21,8.96,4260,49.4,44.11,26.85,-4.539958,76.28,77.68,66.1,67.28,62.79,22.17,23.29,26.33,25.66,26.62,0.63,0.64,1.16,1.08,1.3
12/17/2021 5:45,3.557,4.25,9.03,4260,49.5,43.92,26.75,-4.868703,76.13,77.72,66.15,67.17,62.8,22.17,23.28,26.29,25.67,26.59,0.64,0.64,1.16,1.08,1.29
12/17/2021 6:00,3.576,4.29,9.06,4261,49.5,43.7,26.75,-4.539958,76.07,77.67,66.17,67.03,62.63,22.16,23.28,26.24,25.68,26.63,0.64,0.64,1.15,1.09,1.3
12/17/2021 6:15,3.585,4.23,9.16,4262,49.5,43.75,26.58,-3.882468,76.25,77.44,65.99,67.06,62.58,22.11,23.32,26.28,25.64,26.62,0.63,0.65,1.16,1.08,1.3
12/17/2021 6:30,3.613,4.33,9.16,4262,49.4,43.46,26.51,-4.70433,76.37,77.48,66.12,66.88,62.52,22.06,23.3,26.22,25.66,26.59,0.63,0.64,1.15,1.09,1.3
12/17/2021 6:45,3.663,4.44,9.23,4263,49.3,43.25,26.42,-3.38935,76.36,77.19,66.09,66.8,62.34,22.02,23.32,26.17,25.65,26.62,0.63,0.65,1.15,1.09,1.31
12/17/2021 7:00,3.712,4.54,9.31,4263,49.4,43.27,26.32,2.692431,76.25,77.22,66.14,66.71,62.32,22.02,23.3,26.14,25.67,26.59,0.63,0.65,1.15,1.1,1.31
12/17/2021 7:15,3.807,4.62,9.59,4263,49.1,43.03,26.11,12.719152,74.01,72.52,66.96,66.83,62.31,22.95,24.55,26,25.65,26.65,0.73,0.85,1.11,1.09,1.32
12/17/2021 7:30,3.801,4.57,9.62,4263,48.9,42.62,25.82,54.634133,65.58,68.57,69.65,67.21,62.61,25.18,25.61,25.43,25.69,26.68,1.1,1.03,0.99,1.08,1.31
12/17/2021 7:45,3.917,4.76,9.86,4264,49.5,42.58,25.46,124.985552,64.44,69.01,70.35,67.58,62.93,25.54,25.57,25.36,25.66,26.67,1.16,1.02,0.96,1.07,1.3
12/17/2021 8:00,4.011,4.88,10.09,4263,49.5,40.19,24.34,84.385551,63.42,69.78,70.69,67.74,62.91,25.78,25.47,25.39,25.74,26.84,1.21,0.98,0.95,1.07,1.31
12/17/2021 8:15,4.157,5.09,10.42,4263,49.4,38.58,23.12,97.864094,60.64,71.79,71.43,68.36,62.85,26.74,25.45,25.76,26.12,27.34,1.38,0.92,0.95,1.07,1.35
12/17/2021 8:30,4.334,5.44,10.72,4263,49.4,37.46,22.26,123.177455,59.39,74.02,72.12,68.63,63.11,27.47,25.53,26.29,26.67,27.85,1.49,0.85,0.95,1.1,1.38
12/17/2021 8:45,4.464,5.67,10.97,4263,49.6,36.67,21.44,126.958022,59.75,75.1,72.95,69.28,63.45,27.92,25.95,26.72,27.16,28.41,1.51,0.83,0.95,1.11,1.41
12/17/2021 9:00,10.974,5.83,35.72,4262,49.6,36,20.97,147.833327,60.81,75.73,72.57,69.79,64.4,28.29,26.4,27.3,27.63,29.04,1.51,0.84,1,1.12,1.43
12/17/2021 9:15,11.257,6.11,36.5,4262,49.1,35.19,20.37,283.604991,62.38,76.57,73.15,70.72,70.02,28.56,26.79,27.71,28.09,30.02,1.47,0.83,1,1.11,1.27
12/17/2021 9:30,11.985,6.48,38.89,4261,49.3,34.9,19.94,184.488388,64.54,77.53,74.02,72.16,76.42,28.65,27.08,28.08,28.43,31.64,1.39,0.8,0.99,1.08,1.1
12/17/2021 9:45,12.955,6.78,42.28,4259,49.3,34.52,19.53,232.813896,66.87,78.51,75.01,73.99,77.28,28.69,27.43,28.41,28.74,32.99,1.3,0.79,0.97,1.03,1.14
12/17/2021 10:00,13.346,7.12,43.41,4257,49.4,34.11,19.27,283.111873,69.01,79.66,76.19,75.38,76.22,28.71,27.6,28.66,29,33.81,1.22,0.75,0.94,0.99,1.25
12/17/2021 10:15,13.741,7.39,44.63,4254,49.3,34.09,19.2,209.473005,71.38,80.9,77.45,77.89,74.94,28.57,27.7,28.84,29.21,34.3,1.12,0.71,0.89,0.9,1.36
12/17/2021 10:30,13.828,7.66,44.67,4252,49.4,35.07,19.34,223.77341,73.54,82,78.62,79.39,74.75,28.41,27.76,28.93,29.43,34.5,1.02,0.67,0.85,0.85,1.38
12/17/2021 10:45,14.789,8.04,47.94,4248,49.5,35.09,19.27,183.502154,74.97,83.1,79.4,79.75,74.27,28.3,27.69,28.93,29.49,33.92,0.96,0.63,0.82,0.83,1.36
12/17/2021 11:00,14.893,8.15,48.22,4244,49.5,35.14,19.39,269.962075,75.6,83.8,79.97,80.8,75.59,28.3,27.65,28.93,29.56,33.75,0.94,0.6,0.8,0.79,1.28
12/17/2021 11:15,14.798,8.11,47.9,4242,49.3,35.98,19.58,364.969366,76.19,84.5,80.4,80.6,70.68,28.35,27.64,29.01,29.63,33.24,0.92,0.57,0.79,0.81,1.49
12/17/2021 11:30,15.105,8.18,49,4241,49.7,35.72,19.51,116.766929,76.17,84.8,80.6,79.93,71.5,28.34,27.57,28.94,29.35,31.83,0.92,0.56,0.77,0.82,1.34
12/17/2021 11:45,15.468,8.29,50.27,4236,49.6,35.93,19.51,590.159657,76.2,84.9,80.9,82.1,75.93,28.37,27.53,28.88,29.15,31.56,0.92,0.56,0.76,0.72,1.12
12/17/2021 12:00,14.656,8.18,47.28,4235,49.5,35.96,19.56,345.573414,76.64,85.3,81.5,81.6,72.91,28.36,27.56,28.82,29.41,31.54,0.9,0.54,0.73,0.75,1.25
12/17/2021 12:15,,,,,49.3,,,256.154788,75.71,84.9,81.3,80.7,75.77,28.23,27.39,28.62,29.01,30.7,0.93,0.55,0.73,0.77,1.07
12/17/2021 12:30,5.814,12.1,9.2,3004,25,29.24,37.1,293.960457,75.96,84.9,81.3,82.4,73.8,28.18,27.37,28.65,29.14,31.37,0.92,0.55,0.73,0.71,1.2
12/17/2021 12:45,5.489,11.54,8.56,3003,25.2,30.15,38.42,284.426853,75.99,84.8,80.8,80.7,74.12,28.14,27.36,28.7,29.34,30.71,0.91,0.55,0.76,0.79,1.14
12/17/2021 13:00,4.993,10.67,7.6,3003,25.4,31.25,39.92,248.264909,75.88,84.8,80.4,80.9,75.51,28.07,27.29,28.66,29.11,30.35,0.92,0.55,0.77,0.77,1.06
12/17/2021 13:15,4.541,9.8,6.81,3003,25.5,32.56,41.53,334.067341,75.87,84.9,80.9,81.6,75.42,28.1,27.28,28.58,29.22,30.45,0.92,0.55,0.75,0.75,1.07
2/11/2022 14:15,12.32,34.85,9.56,3542,48,30.1,30.34,950.464122,78.71,85.6,81.4,76.69,72.79,25.94,25.85,27.78,32.41,32.31,0.71,0.48,0.69,1.13,1.32
2/11/2022 14:30,12.139,34.28,9.48,3535,47.4,30.27,29.91,922.520801,78.95,85.7,81.3,76.68,73.31,25.92,25.82,27.77,32.37,32.13,0.7,0.48,0.7,1.13,1.28
2/11/2022 14:45,12.244,34.59,9.55,3530,47,30.38,29.67,751.902172,78.93,85.8,81.3,76.61,74.09,25.94,25.79,27.68,32.24,31.79,0.71,0.47,0.69,1.13,1.22
2/11/2022 15:00,12.062,34.09,9.39,3525,47.1,29.98,29.5,261.250334,79.5,86,81.6,76.12,74.54,25.89,25.8,27.56,32.16,31.48,0.68,0.47,0.68,1.15,1.18
2/11/2022 15:15,4.889,9.19,8.8,3523,47,28.69,28.26,232.156406,84.8,90,86.1,77.85,77.17,26.63,26.4,27.91,32.01,31.4,0.53,0.34,0.52,1.05,1.05
2/11/2022 15:30,4.946,9.43,8.76,3521,46.6,29.4,28.28,249.908633,84.6,90.6,86.5,78.17,77.45,27.26,26.91,28.41,31.85,31.34,0.56,0.33,0.52,1.03,1.03
2/11/2022 15:45,11.796,33,9.55,3518,46.6,30.7,28.81,236.923208,81,89.2,84.8,78.27,77.08,27.55,26.99,28.36,31.27,30.88,0.7,0.38,0.59,0.99,1.02
2/11/2022 16:00,12.005,32.75,10.62,3515,46.6,31.7,30.03,222.951548,72.09,82.6,80.2,77.82,75.92,27.05,26.24,27.84,30.65,30.32,1,0.59,0.74,0.98,1.04
2/11/2022 16:15,11.607,31.54,10.4,3513,46.9,31.34,29.84,218.513491,75.49,84.1,81.8,78.97,76.67,26.29,25.77,27.26,30.08,29.92,0.84,0.53,0.66,0.9,0.99
2/11/2022 16:30,11.162,30.35,9.98,3513,46.9,31.13,29.57,243.662479,77.2,85.4,82.3,79.65,76.27,25.96,25.5,27.02,29.61,29.72,0.76,0.48,0.63,0.84,0.99
2/11/2022 16:45,11.045,30.14,9.76,3511,46.6,30.89,29.43,183.995271,77.36,85.5,81.6,79.18,74.87,25.83,25.35,26.92,29.16,29.52,0.75,0.47,0.65,0.84,1.04
2/11/2022 17:00,10.333,27.8,9.56,3510,46.7,31.05,29.36,169.201748,76.24,84.7,80.3,78.33,74.42,25.82,25.34,26.88,28.69,29.04,0.79,0.49,0.7,0.85,1.03
2/11/2022 17:15,5.119,9.72,9.11,3510,46.7,30.31,29.09,123.670573,79.81,86.4,82.4,79.23,76.51,26.02,25.55,26.92,28.23,28.52,0.68,0.45,0.62,0.8,0.92
2/11/2022 17:30,5.026,9.6,8.88,3510,47,30.72,28.93,107.726443,81.8,88.5,85,82.3,79.38,26.26,25.77,26.95,27.88,28.18,0.62,0.38,0.53,0.66,0.79
2/11/2022 17:45,5.038,9.56,8.97,3510,47.2,31.37,29.26,49.867331,80.8,88.8,85.5,82.8,79.6,26.39,25.7,26.87,27.54,27.89,0.66,0.37,0.51,0.63,0.77
2/11/2022 18:00,4.949,9.33,8.88,3511,47.2,32.32,29.81,7.459233,78.98,88.1,84.8,82.7,79.47,26.55,25.59,26.7,27.2,27.54,0.73,0.39,0.53,0.62,0.76
2/11/2022 18:15,4.882,9.24,8.72,3511,47.8,33.59,30.84,-3.553723,77.37,87.3,84.3,82.4,79.41,26.51,25.4,26.42,26.8,27.02,0.78,0.41,0.54,0.62,0.73
2/11/2022 18:30,4.752,8.99,8.49,NAN,47.9,34.66,31.65,-4.539958,76.29,86.6,83.7,82,79.49,26.28,25.13,26.08,26.45,26.55,0.81,0.43,0.55,0.62,0.71
2/11/2022 18:45,4.647,8.73,8.37,3512,48.1,35.72,32.11,-4.70433,75.91,85.7,83.3,81.7,79,25.96,24.9,25.71,26.03,26.19,0.81,0.45,0.55,0.62,0.71
2/11/2022 19:00,4.436,8.36,7.96,3513,48.3,36.41,32.85,-5.36182,75.94,85,82.9,81.4,78.59,25.52,24.69,25.38,25.68,25.88,0.79,0.47,0.55,0.61,0.71
2/11/2022 19:15,4.271,7.99,7.73,3515,48.2,37.41,33.59,-4.70433,76.57,84.3,82.7,81.2,78.21,25.03,24.48,25.07,25.35,25.6,0.74,0.48,0.55,0.61,0.72
2/11/2022 19:30,4.135,7.69,7.53,3517,48.7,37.82,33.8,-4.70433,77.1,83.7,82.6,81.1,78.06,24.61,24.32,24.78,25.07,25.31,0.71,0.5,0.54,0.6,0.71
2/11/2022 19:45,3.964,7.39,7.2,3518,48.5,38.58,34.64,-5.526193,77.4,83.1,82.5,80.9,77.96,24.26,24.17,24.53,24.79,25.05,0.68,0.51,0.54,0.6,0.7
2/11/2022 20:00,3.811,7.07,6.96,3521,48.8,39.21,35.12,-5.197448,78.01,82.6,82.3,80.8,77.78,23.86,24.04,24.29,24.53,24.79,0.65,0.52,0.54,0.59,0.7
2/11/2022 20:15,3.673,6.85,6.67,3524,48.8,40.19,35.81,-4.539958,78.34,82.2,82.1,80.7,77.56,23.51,23.87,24.07,24.27,24.61,0.63,0.53,0.54,0.59,0.69
2/11/2022 20:30,3.583,6.66,6.53,3527,48.8,40.55,35.93,-4.70433,78.74,81.8,82.1,80.9,77.5,23.22,23.76,23.86,24.02,24.41,0.61,0.54,0.53,0.57,0.69
2/11/2022 20:45,3.476,6.41,6.39,3530,48.6,40.62,36.15,-4.04684,78.85,81.3,81.9,80.8,77.28,22.98,23.65,23.66,23.82,24.2,0.59,0.55,0.53,0.57,0.69
2/11/2022 21:00,3.384,6.25,6.21,3532,48.9,40.98,36.27,-5.197448,79.35,81,81.9,80.7,77.19,22.71,23.56,23.49,23.64,24.06,0.57,0.55,0.52,0.56,0.68
2/11/2022 21:15,3.248,5.99,5.97,3535,48.7,41.36,36.6,-4.70433,79.6,80.9,79.41,80.2,76.2,22.48,23.45,24,23.69,24.16,0.56,0.55,0.61,0.58,0.72
2/11/2022 21:30,3.163,5.78,5.87,3537,48.6,41,36.46,-4.70433,80.1,81.7,74.02,76.87,72.65,22.35,23.3,25.26,24.44,25.03,0.54,0.52,0.84,0.71,0.87
2/11/2022 21:45,3.134,5.77,5.77,3541,48.8,41.12,36.6,-4.539958,79.86,81.4,72.77,75.13,71.18,22.43,23.41,25.56,24.82,25.36,0.55,0.54,0.89,0.78,0.93
2/11/2022 22:00,3.073,5.62,5.7,3542,48.8,41.41,36.53,-5.033075,79.38,80.9,72.19,74.31,70.57,22.55,23.56,25.72,25.03,25.52,0.56,0.56,0.92,0.82,0.96
2/11/2022 22:15,3.021,5.51,5.62,3544,48.9,41.24,36.34,-4.539958,78.84,80.3,71.8,73.77,70.22,22.65,23.68,25.81,25.12,25.61,0.58,0.58,0.94,0.84,0.98
2/11/2022 22:30,3.016,5.51,5.6,3545,48.5,41.53,36.24,-4.539958,78.45,79.96,71.47,73.54,69.9,22.72,23.74,25.85,25.14,25.67,0.6,0.59,0.95,0.85,0.99
2/11/2022 22:45,3.007,5.44,5.64,3547,48.9,41.57,36.19,-4.375585,78.23,79.79,71.17,73.11,69.51,22.71,23.74,25.88,25.19,25.69,0.6,0.59,0.96,0.86,1.01
2/11/2022 23:00,2.959,5.42,5.48,3549,48.8,42.08,36.62,-4.539958,77.87,79.68,71.03,72.94,69.4,22.77,23.73,25.9,25.2,25.69,0.61,0.6,0.97,0.87,1.01
2/11/2022 23:15,2.951,5.4,5.47,3550,48.8,41.91,36.58,-4.539958,77.55,79.54,70.95,72.81,69.28,22.81,23.77,25.9,25.22,25.72,0.62,0.6,0.97,0.87,1.02
2/11/2022 23:30,2.917,5.4,5.34,3552,48.7,42.08,36.62,-4.868703,77.45,79.54,70.74,72.55,69.19,22.84,23.76,25.93,25.25,25.73,0.63,0.6,0.98,0.88,1.02
2/11/2022 23:45,2.91,5.44,5.27,3553,48.7,41.98,37.01,-5.033075,77.33,79.39,70.41,72.37,69.04,22.83,23.78,26.01,25.28,25.75,0.63,0.61,1,0.89,1.03
2/12/2022 0:00,2.892,5.46,5.18,3556,48.9,42.34,37.17,-4.868703,77.2,79.3,70.32,72.24,68.96,22.84,23.78,25.99,25.28,25.73,0.63,0.61,1,0.89,1.03
2/12/2022 0:15,2.853,5.32,5.18,3557,48.8,42.41,37.56,-4.539958,77,79.08,70.26,72.01,68.77,22.84,23.8,25.98,25.3,25.73,0.64,0.62,1,0.9,1.03
2/12/2022 0:30,2.801,5.2,5.11,3556,48.7,42.67,37.63,-4.868703,77.03,78.92,70.05,71.92,68.65,22.8,23.81,26.01,25.3,25.75,0.64,0.62,1.01,0.91,1.04
2/12/2022 0:45,2.811,5.2,5.15,3557,48.8,42.77,37.65,-4.375585,77,79.2,69.63,71.72,68.68,22.79,23.74,26.1,25.33,25.73,0.64,0.61,1.03,0.91,1.04
2/12/2022 1:00,2.799,5.23,5.07,3558,48.7,42.86,37.53,-4.539958,76.95,79.15,69.68,71.72,68.56,22.81,23.74,26.09,25.32,25.74,0.64,0.61,1.02,0.91,1.04
2/12/2022 1:15,2.729,5.01,5.04,3558,48.9,43.63,37.89,-4.70433,76.87,78.9,69.51,71.54,68.39,22.81,23.77,26.11,25.33,25.76,0.64,0.62,1.03,0.92,1.05
2/12/2022 1:30,2.715,4.96,5.04,3558,48.6,43.61,37.84,-4.868703,76.77,78.86,69.41,71.39,68.32,22.78,23.77,26.1,25.35,25.75,0.64,0.62,1.03,0.93,1.05
2/12/2022 1:45,2.715,4.98,5.02,3557,48.6,43.58,37.8,-4.211213,76.67,78.75,69.29,71.32,68.12,22.77,23.75,26.09,25.32,25.77,0.65,0.62,1.04,0.93,1.06
2/12/2022 2:00,2.724,5.05,4.98,3558,49,43.75,37.94,-4.868703,76.57,78.74,69.39,71.17,68.11,22.72,23.73,26.04,25.32,25.73,0.65,0.62,1.03,0.93,1.05
2/12/2022 2:15,2.749,5.12,5,3559,48.7,43.46,38.18,-4.70433,76.51,78.76,69.01,70.99,67.96,22.72,23.68,26.08,25.32,25.71,0.65,0.62,1.05,0.94,1.06
2/12/2022 2:30,2.749,5.12,5,3559,48.6,43.77,38.13,-4.868703,76.45,78.46,68.82,70.74,67.85,22.66,23.67,26.06,25.31,25.69,0.65,0.63,1.05,0.94,1.06
2/12/2022 2:45,2.755,5.16,4.98,3559,48.7,43.72,37.94,-4.375585,76.35,78.42,68.41,70.6,67.68,22.63,23.61,26.1,25.27,25.66,0.65,0.63,1.07,0.95,1.06
2/12/2022 3:00,2.754,5.09,5.05,3559,48.9,43.72,38.11,-4.539958,76.15,78.46,68.3,70.42,67.4,22.59,23.55,26.08,25.26,25.65,0.65,0.63,1.07,0.95,1.07
2/12/2022 3:15,2.798,5.21,5.09,3558,48.8,43.89,38.03,-4.70433,76.2,78.36,67.95,70.15,67.3,22.53,23.52,26.08,25.27,25.63,0.65,0.63,1.08,0.96,1.08
2/12/2022 3:30,2.777,5.19,5.03,3559,48.8,43.72,38.18,-4.70433,76.02,78.19,67.69,69.96,67.14,22.53,23.51,26.11,25.26,25.61,0.65,0.63,1.09,0.97,1.08
2/12/2022 3:45,2.78,5.21,5.02,3559,48.8,43.99,38.18,-4.539958,75.92,78.16,67.62,69.78,67.04,22.52,23.5,26.12,25.29,25.61,0.66,0.63,1.1,0.97,1.08
2/12/2022 4:00,2.755,5.14,5,3559,48.6,44.01,38.15,-4.868703,75.7,77.87,67.28,69.62,66.83,22.53,23.51,26.14,25.26,25.6,0.66,0.64,1.11,0.98,1.09
2/12/2022 4:15,2.773,5.14,5.07,3558,48.8,43.8,38.15,-4.375585,75.57,77.74,67.22,69.32,66.56,22.51,23.5,26.08,25.29,25.61,0.67,0.64,1.11,0.99,1.1
2/12/2022 4:30,2.818,5.3,5.07,3559,49,43.65,38.01,-5.197448,75.48,77.63,66.94,69.13,66.39,22.47,23.48,26.14,25.28,25.6,0.67,0.65,1.12,0.99,1.1
2/12/2022 4:45,2.769,5.21,4.98,3559,48.9,43.92,38.23,-5.197448,75.54,77.67,66.71,69.05,66.32,22.43,23.47,26.17,25.28,25.61,0.66,0.65,1.13,1,1.11
2/12/2022 5:00,2.794,5.25,5.03,3559,48.7,43.53,38.23,-4.375585,75.57,77.54,66.6,69.04,66.25,22.45,23.48,26.19,25.27,25.64,0.66,0.65,1.14,1,1.11
2/12/2022 5:15,2.802,5.28,5.03,3559,48.8,43.65,38.01,-5.033075,75.45,77.45,66.56,68.84,66.24,22.42,23.48,26.19,25.31,25.61,0.67,0.65,1.14,1.01,1.11
2/12/2022 5:30,2.799,5.25,5.05,3558,48.9,43.37,38.08,-4.375585,75.31,77.3,66.43,68.67,66.18,22.45,23.48,26.19,25.3,25.58,0.67,0.66,1.14,1.01,1.11
2/12/2022 5:45,2.804,5.25,5.07,3559,48.7,43.65,38.18,-5.033075,75.37,77.29,66.55,68.85,66.11,22.4,23.48,26.13,25.25,25.59,0.67,0.66,1.13,1,1.11
2/12/2022 6:00,2.829,5.3,5.11,3559,49,43.46,37.72,-4.375585,75.49,77.39,66.52,68.79,66.09,22.36,23.43,26.13,25.26,25.57,0.66,0.65,1.13,1,1.11
2/12/2022 6:15,2.837,5.32,5.12,3559,48.9,43.63,37.89,-4.539958,75.56,77.44,66.59,68.78,66.09,22.32,23.4,26.1,25.22,25.54,0.66,0.65,1.13,1,1.11
2/12/2022 6:30,2.869,5.37,5.19,3559,48.8,43.22,37.77,-4.70433,75.72,77.28,66.36,68.61,66.06,22.26,23.39,26.12,25.22,25.52,0.65,0.65,1.14,1.01,1.11
2/12/2022 6:45,2.9,5.48,5.19,3559,48.8,43.08,37.82,-4.868703,75.74,77.19,66.53,68.66,65.94,22.2,23.38,26.02,25.18,25.51,0.65,0.66,1.13,1,1.11
2/12/2022 7:00,2.869,5.37,5.19,NAN,49,43.2,37.75,-3.882468,75.82,77.14,66.49,68.63,65.94,22.17,23.36,26.02,25.16,25.49,0.65,0.66,1.13,1,1.11
2/12/2022 7:15,2.896,5.41,5.25,3559,48.7,42.7,37.68,3.678666,70.62,72.28,69.15,69.26,65.94,24,24.72,25.39,25.08,25.59,0.88,0.86,1,0.98,1.12
2/12/2022 7:30,2.938,5.54,5.27,3559,49.1,42.36,37.58,14.034132,64.94,71.11,71.2,69.81,66.1,25.39,25.05,25.01,25.03,25.65,1.14,0.92,0.91,0.96,1.12
2/12/2022 7:45,3.022,5.67,5.45,3558,48.9,40.55,36.94,42.141825,64.6,71.6,71.11,69.74,65.79,25.4,25.11,25.24,25.25,25.96,1.15,0.91,0.93,0.97,1.15
2/12/2022 8:00,3.149,6.02,5.56,3557,49,38.44,36.12,84.221179,69.88,73.44,68.54,69.27,64.74,24.35,25.05,26.22,25.76,26.64,0.92,0.84,1.07,1.02,1.23
2/12/2022 8:15,3.249,6.15,5.8,3556,48.9,37.05,34.97,84.056806,66.25,72.96,70.38,67.56,63.67,25.09,25.46,26.06,26.29,27.09,1.07,0.88,1,1.11,1.3
2/12/2022 8:30,3.401,6.47,6.04,3555,48.9,36.31,34.11,121.204986,61.82,72.58,69.59,66.53,65.53,26.16,25.5,26.15,26.6,27.75,1.3,0.89,1.03,1.17,1.28
2/12/2022 8:45,3.552,6.82,6.24,3556,48.9,36.07,33.99,151.449521,61.6,72.6,69.41,68.01,68.51,26.4,25.61,26.35,26.59,28.86,1.32,0.9,1.05,1.11,1.25
2/12/2022 9:00,3.79,7.33,6.6,3554,48.9,35.55,33.83,209.80175,62.35,72.59,69.4,69.66,69.2,26.31,25.73,26.49,26.54,29.99,1.29,0.91,1.06,1.05,1.31
2/12/2022 9:15,3.97,7.69,6.9,3554,48.9,35.07,33.37,194.186364,63.37,72.43,69.15,70.54,66.39,26.19,25.8,26.7,26.71,30.89,1.25,0.92,1.08,1.03,1.5
2/12/2022 9:30,4.172,8.1,7.23,3549,48.8,34.21,32.82,505.672205,64.45,72.72,69.85,69.19,64.7,26.07,25.91,26.74,27.23,31.6,1.2,0.91,1.06,1.11,1.64
2/12/2022 9:45,4.325,8.45,7.44,3544,49,33.78,32.56,217.691628,65.07,73.17,70.33,68.39,61.34,26.06,25.92,26.79,27.62,32.46,1.18,0.9,1.04,1.17,1.89
2/12/2022 10:00,4.417,8.61,7.62,3541,49,33.23,32.27,237.74507,65.75,74.03,70.23,69.39,59.64,26.1,25.87,26.95,27.69,33.3,1.16,0.87,1.06,1.14,2.06
2/12/2022 10:15,4.543,8.89,7.8,3536,49,32.58,31.94,288.700538,66.65,74.68,70.92,70.04,57.97,26.08,25.9,27.04,27.87,33.77,1.13,0.85,1.04,1.12,2.21
2/12/2022 10:30,4.638,9.05,7.99,3529,48.9,32.2,31.68,263.387176,67.66,75.62,72.56,70.36,58.16,26.11,25.94,27.05,28.35,33.72,1.09,0.82,0.98,1.14,2.19
2/12/2022 10:45,4.674,9.14,8.03,3524,49,32.06,31.56,313.520781,68.44,76.49,73.98,70.72,59.72,26.22,26.02,27.22,28.93,33.94,1.07,0.79,0.94,1.17,2.14
2/12/2022 11:00,4.772,9.32,8.21,3518,48.9,31.99,31.48,328.149932,68.89,76.98,74.54,72.47,59.44,26.43,26.14,27.45,29.4,34.18,1.07,0.78,0.93,1.13,2.18
2/12/2022 11:15,4.872,9.49,8.41,3511,48.9,31.75,31.13,312.698919,69.28,77.87,75.05,73.14,60.12,26.58,26.13,27.57,29.81,34.26,1.07,0.75,0.92,1.13,2.15
2/12/2022 11:30,4.974,9.78,8.49,3505,49,31.05,31.32,412.308639,69.55,78.55,75.75,73.39,61.67,26.71,26.14,27.6,30.23,34.25,1.07,0.73,0.9,1.14,2.07
2/12/2022 11:45,4.989,9.72,8.61,3499,48.9,30.5,30.89,362.339406,70.45,79.56,76.57,73.84,62.26,26.75,26.15,27.64,30.62,34.36,1.04,0.69,0.87,1.15,2.05
2/12/2022 12:00,5.031,9.87,8.61,3491,48.8,30.43,30.91,391.762079,71.08,79.9,76.86,74.16,61.33,26.76,26.25,27.76,30.95,34.39,1.02,0.69,0.86,1.16,2.1
2/12/2022 12:15,5.056,9.81,8.77,3483,48.7,30.12,30.72,394.556411,71.62,80.6,77.65,74.49,61.56,26.8,26.23,27.76,31.16,34.23,1,0.66,0.83,1.16,2.07
2/12/2022 12:30,10.994,30.71,8.95,3476,48.9,30.12,30.62,509.124027,72.57,81.4,78.44,74.67,62.71,26.72,26.17,27.66,31.33,33.81,0.96,0.63,0.8,1.16,1.96
2/12/2022 12:45,5.127,9.85,9,3469,48.9,30.1,30.36,400.802566,73.26,82,78.9,74.94,64.58,26.63,26.11,27.63,31.47,33.31,0.93,0.61,0.78,1.16,1.81
2/12/2022 13:00,11.813,33.55,9.02,3461,48.7,30.03,30.38,399.980703,74.25,82.9,79.6,75.66,67.04,26.49,25.99,27.59,31.64,32.89,0.89,0.57,0.75,1.13,1.65
2/12/2022 13:15,11.729,33.18,9.1,3452,48.7,29.64,29.76,381.899731,75.26,83.5,79.98,75.95,68.31,26.33,25.9,27.57,31.79,32.71,0.85,0.55,0.74,1.13,1.57
2/12/2022 13:30,12.25,34.97,9.16,3445,48.7,29.76,29.64,342.943454,76.01,84.2,80.4,76.12,69.16,26.26,25.82,27.55,31.93,32.66,0.82,0.53,0.72,1.13,1.52
2/12/2022 13:45,11.894,33.7,9.17,3437,48.2,29.29,29.29,861.867358,76.66,84.5,80.8,76.35,70.32,26.16,25.79,27.52,32.02,32.49,0.79,0.51,0.71,1.13,1.45
2/12/2022 14:00,11.626,32.72,9.2,3433,48.1,29.52,29.02,997.639022,77.34,84.8,81,76.65,72.05,26.03,25.74,27.53,32.07,32.17,0.76,0.5,0.7,1.11,1.34
2/12/2022 14:15,11.556,32.38,9.3,3426,48.2,29.5,28.69,964.9289,77.74,85,81.2,76.97,73.06,25.93,25.73,27.52,32.07,31.92,0.75,0.5,0.69,1.1,1.28
2/12/2022 14:30,12.247,34.85,9.28,3419,48.2,29.48,28.64,905.261691,77.85,85.1,81.2,76.97,73.73,25.97,25.74,27.53,32.13,31.84,0.74,0.49,0.69,1.1,1.24
2/12/2022 14:45,11.917,33.54,9.43,3413,47.8,29.55,28.52,770.311889,77.75,85.1,81.2,76.89,74.21,25.98,25.74,27.51,32.11,31.72,0.75,0.49,0.69,1.11,1.21
2/12/2022 15:00,11.67,32.83,9.25,3409,47.9,29.14,28.33,262.565314,78.76,85.4,81.5,76.53,74.89,25.92,25.74,27.47,32.13,31.5,0.71,0.48,0.68,1.12,1.16
2/12/2022 15:15,4.745,8.94,8.52,3406,47.9,27.9,27.56,227.718349,84.4,90.1,85.9,78.07,77.1,26.64,26.38,27.85,32.2,31.57,0.54,0.34,0.53,1.05,1.06
2/12/2022 15:30,4.8,9.05,8.61,3405,47.7,28.35,27.56,225.417135,84.5,90.8,87,78.19,77.59,27.32,26.87,28.33,32.12,31.6,0.56,0.33,0.5,1.04,1.04
2/12/2022 15:45,11.816,32.71,9.94,3403,47.5,30.86,28.83,230.841426,78.91,88,84.3,78.45,76.82,27.28,26.77,28.35,31.65,31.24,0.76,0.42,0.61,1,1.06
2/12/2022 16:00,12.055,33.27,10.25,3400,47.8,30.77,29.67,239.06005,77.95,84.8,81.7,78.23,76.36,25.98,25.85,27.65,31.27,30.88,0.74,0.51,0.68,0.99,1.05
2/12/2022 16:15,11.19,30.34,10.1,3398,47.4,30.31,29.26,198.295676,81,86.8,83.5,78.6,76.44,25.5,25.47,27.09,31.07,30.74,0.62,0.43,0.59,0.97,1.04
2/12/2022 16:30,11.449,31.37,9.98,3395,47.5,30.24,29.09,290.015517,81.6,88.1,84.3,78.82,76.01,25.38,25.13,26.78,30.72,30.54,0.6,0.38,0.55,0.94,1.05
2/12/2022 16:45,10.884,29.43,9.91,3394,47.5,30.17,29.02,156.05195,81.1,88,84.1,78.73,75.42,25.34,24.94,26.68,30.28,30.26,0.61,0.38,0.56,0.92,1.06
2/12/2022 17:00,5.396,10.21,9.64,3393,47.5,30.24,29.09,197.638186,79.84,87.3,83.4,78.7,75.26,25.38,24.91,26.61,29.64,29.71,0.65,0.4,0.58,0.89,1.03
2/12/2022 17:15,5.409,10.23,9.67,3394,47.5,30.22,29.07,137.477861,76.38,86,82.8,78.61,74.99,25.3,24.89,26.56,28.89,29.03,0.76,0.44,0.6,0.85,1
2/12/2022 17:30,5.052,9.37,9.23,3394,47.7,29.81,28.9,111.342637,80.4,87.4,83.2,79.58,77.38,25.37,25.01,26.57,28.16,28.2,0.63,0.4,0.58,0.78,0.87
2/12/2022 17:45,4.879,9.09,8.87,3394,47.9,30.29,28.9,53.647898,83.8,89.7,86,82.4,80,25.67,25.27,26.53,27.64,27.8,0.53,0.33,0.49,0.65,0.75
2/12/2022 18:00,4.855,9.04,8.83,3394,48.1,31.03,29.36,7.95235,82.7,89.7,86.5,83.3,80.5,25.85,25.25,26.4,27.16,27.39,0.58,0.33,0.46,0.6,0.71
2/12/2022 18:15,4.767,8.84,8.71,3395,48.3,32.25,30.03,-3.060606,80.5,88.7,85.5,83.2,80.4,26,25.15,26.27,26.71,26.92,0.66,0.36,0.5,0.59,0.7
2/12/2022 18:30,4.628,8.56,8.48,3395,48.7,33.35,30.65,-5.033075,78.6,87.7,84.6,83.1,80.4,25.96,24.93,25.97,26.28,26.4,0.72,0.39,0.52,0.58,0.67
2/12/2022 18:45,4.513,8.33,8.29,3398,48.5,34.11,31.32,-4.211213,77.69,86.8,84.2,82.9,80.3,25.7,24.74,25.64,25.91,26.01,0.74,0.41,0.52,0.57,0.66
2/12/2022 19:00,4.414,8.09,8.17,3400,48.5,35.38,32.03,-5.033075,77.24,85.9,83.7,82.6,79.86,25.39,24.56,25.31,25.54,25.67,0.74,0.44,0.53,0.57,0.66
2/12/2022 19:15,4.25,7.82,7.83,3403,48.8,35.93,32.39,-4.375585,77.21,84.9,83.3,82.2,79.38,24.97,24.37,25.01,25.21,25.39,0.72,0.46,0.53,0.57,0.67
2/12/2022 19:30,4.085,7.42,7.63,3407,48.6,37.08,33.11,-5.033075,77.74,84.2,83.2,82,78.88,24.53,24.21,24.69,24.9,25.15,0.69,0.48,0.52,0.57,0.68
2/12/2022 19:45,3.953,7.25,7.31,3409,48.9,37.72,33.88,-5.197448,78.05,83.8,83.2,81.9,78.79,24.17,24.05,24.39,24.6,24.88,0.66,0.48,0.51,0.56,0.67
2/12/2022 20:00,3.801,6.84,7.17,3412,48.9,38.42,34.09,-4.868703,78.61,83.1,83,81.8,78.56,23.75,23.91,24.16,24.34,24.64,0.63,0.5,0.51,0.55,0.66
2/12/2022 20:15,3.691,6.69,6.91,3421,49,38.94,34.59,-4.539958,79.04,82.5,82.8,81.7,78.21,23.44,23.79,23.93,24.08,24.46,0.6,0.52,0.51,0.55,0.67
2/12/2022 20:30,3.571,6.47,6.69,3423,49,39.59,35.02,-4.375585,79.27,81.9,82.6,81.6,78.16,23.14,23.71,23.72,23.86,24.25,0.59,0.53,0.51,0.54,0.66
2/12/2022 20:45,3.42,6.21,6.39,3424,49,39.85,35.64,-4.70433,79.88,81.6,82.6,81.6,77.99,22.8,23.62,23.55,23.67,24.08,0.56,0.54,0.51,0.54,0.66
2/12/2022 21:00,3.304,6.03,6.14,3427,48.9,40.09,35.98,-4.70433,80.3,81.3,81.6,81.4,77.59,22.52,23.51,23.66,23.58,24.03,0.54,0.54,0.54,0.54,0.67
2/12/2022 21:15,3.194,5.78,5.99,3429,48.9,39.85,35.88,-4.868703,80.7,82.5,75.68,78.5,74.37,22.36,23.27,25.06,24.28,24.77,0.52,0.5,0.77,0.65,0.8
2/12/2022 21:30,3.116,5.67,5.81,3433,48.9,40.09,36.07,-4.70433,80.5,82.4,73.94,76.16,72.4,22.49,23.33,25.45,24.76,25.23,0.53,0.5,0.85,0.74,0.89
2/12/2022 21:45,3.073,5.62,5.7,3433,49,39.92,36.07,-4.539958,79.76,81.9,73.24,75.25,71.66,22.62,23.45,25.61,24.98,25.42,0.56,0.52,0.88,0.78,0.92
2/12/2022 22:00,3.065,5.6,5.69,3439,49.3,40.57,36.03,-5.033075,79.19,81.2,72.65,74.8,71.15,22.72,23.63,25.75,25.04,25.53,0.57,0.55,0.91,0.8,0.94
2/12/2022 22:15,3.052,5.61,5.63,3440,49.1,40.64,36.05,-4.868703,78.78,80.8,72.19,74.41,70.84,22.84,23.68,25.85,25.13,25.59,0.59,0.56,0.93,0.82,0.96
2/12/2022 22:30,3.027,5.56,5.59,3442,48.8,41.05,36.1,-4.70433,78.52,80.6,71.95,74.03,70.5,22.85,23.73,25.87,25.17,25.64,0.6,0.57,0.94,0.83,0.97
2/12/2022 22:45,3.045,5.65,5.56,3443,49,41.09,36.17,-4.211213,78.41,80.3,72.01,73.86,70.37,22.85,23.76,25.84,25.2,25.68,0.6,0.58,0.93,0.84,0.98
2/12/2022 23:00,3.01,5.58,5.5,3447,48.9,41.05,36.15,-5.033075,78.29,80.3,71.75,73.61,70.25,22.86,23.74,25.88,25.23,25.66,0.6,0.58,0.94,0.85,0.98
2/12/2022 23:15,3.005,5.49,5.58,3449,48.7,41.33,36.41,-4.868703,77.8,80.2,71.59,73.42,70.07,22.92,23.74,25.89,25.25,25.66,0.62,0.58,0.95,0.85,0.99
2/12/2022 23:30,2.966,5.49,5.43,3454,49,41.69,36.36,-4.375585,77.64,80.1,71.18,73.12,69.93,22.9,23.72,25.95,25.27,25.67,0.62,0.58,0.97,0.87,0.99
2/12/2022 23:45,2.968,5.46,5.47,3453,48.9,41.62,36.36,-4.375585,77.51,79.97,71.25,73.01,69.82,22.91,23.73,25.91,25.25,25.67,0.63,0.59,0.96,0.87,0.99
2/13/2022 0:00,2.911,5.36,5.36,3454,48.9,41.76,36.43,-5.033075,77.46,79.94,71.14,72.9,69.64,22.93,23.73,25.92,25.26,25.68,0.63,0.59,0.97,0.87,1
2/13/2022 0:15,2.893,5.37,5.28,3473,48.9,42.96,37.13,-4.375585,81.8,83.2,77.11,80,72.4,22.5,23.56,25.1,24.46,25.4,0.5,0.49,0.73,0.61,0.9
2/13/2022 0:30,2.818,5.14,5.24,3481,49,43.22,37.17,-4.539958,84.9,87.5,78.03,82.6,75.28,21.97,22.72,25.11,24.07,25.07,0.4,0.35,0.7,0.52,0.79
2/13/2022 0:45,2.713,5.01,4.98,3489,49,42.82,37.32,-4.70433,85.9,87.8,75.14,79.73,73.4,22.04,22.86,26.03,24.91,25.78,0.37,0.34,0.84,0.64,0.88
2/13/2022 1:00,2.673,4.83,5.02,3493,48.9,43.15,37.1,-4.375585,86,86.4,73.03,77.59,71.62,22.23,23.28,26.62,25.45,26.32,0.38,0.39,0.94,0.73,0.97
2/13/2022 1:15,2.657,4.81,4.98,3505,49.3,43.56,37.13,-4.70433,86,86.8,77.16,81.2,72.42,22.19,23.34,25.92,24.99,26.29,0.37,0.38,0.76,0.6,0.94
2/13/2022 1:30,2.61,4.72,4.9,3508,49.3,44.3,37.39,-4.70433,86.8,89.1,75.82,81.7,73.57,22.13,22.97,26.24,24.86,26.08,0.35,0.31,0.82,0.57,0.89
2/13/2022 1:45,2.566,4.7,4.75,NAN,49,44.54,37.56,-4.539958,87,88.7,74.78,79.79,72.93,22.2,23.07,26.49,25.29,26.3,0.35,0.32,0.87,0.65,0.93
2/13/2022 2:00,2.487,4.42,4.75,3516,48.9,44.8,37.49,-4.539958,86.8,87.8,74.11,78.14,71.96,22.27,23.28,26.63,25.61,26.54,0.35,0.35,0.9,0.72,0.97
2/13/2022 2:15,2.479,4.41,4.73,3527,49,45.02,37.6,-4.70433,86.6,88.2,77.74,81.5,72.69,22.2,23.2,25.92,25.09,26.39,0.36,0.34,0.74,0.59,0.94
2/13/2022 2:30,2.436,4.36,4.62,3528,49,45.83,38.01,-4.539958,87,89.6,75.96,81.7,73.76,22.1,22.88,26.24,24.95,26.1,0.35,0.29,0.82,0.58,0.89
2/13/2022 2:45,2.395,4.28,4.55,3530,48.9,45.66,38.15,-4.868703,87.2,89.2,74.87,79.8,72.97,22.12,22.98,26.49,25.35,26.33,0.34,0.3,0.87,0.65,0.93
2/13/2022 3:00,2.439,4.37,4.62,3533,48.9,45.35,38.2,-4.868703,87.1,88.4,74.02,78.16,71.89,22.15,23.14,26.68,25.64,26.55,0.34,0.33,0.91,0.72,0.98
2/13/2022 3:15,2.407,4.24,4.64,3536,49.1,45.66,37.94,-4.70433,86.8,87.6,73.35,76.98,71.37,22.22,23.33,26.79,25.84,26.65,0.35,0.36,0.94,0.77,1
2/13/2022 3:30,2.447,4.4,4.62,3540,49.3,45.02,37.96,-4.70433,86.4,86.7,72.56,75.93,70.89,22.28,23.47,26.91,25.98,26.73,0.37,0.38,0.97,0.81,1.02
2/13/2022 3:45,2.48,4.48,4.66,3544,49.3,45.47,38.06,-4.539958,85.9,85.7,71.6,75.22,70.37,22.33,23.58,27.09,26.03,26.8,0.38,0.42,1.02,0.83,1.04
2/13/2022 4:00,2.458,4.44,4.62,3547,49,44.99,38.06,-4.70433,85.4,85.1,71.45,74.6,70.01,22.39,23.66,27.03,26.11,26.81,0.4,0.44,1.02,0.86,1.06
2/13/2022 4:15,2.474,4.44,4.68,3548,49.1,44.99,38.3,-4.539958,85,84.3,70.77,73.89,69.66,22.43,23.74,27.13,26.18,26.82,0.41,0.46,1.05,0.89,1.07
2/13/2022 4:30,2.557,4.65,4.77,3551,49.1,44.54,37.89,-4.868703,84.6,84,70.41,73.39,69.35,22.49,23.8,27.13,26.22,26.84,0.42,0.47,1.06,0.91,1.08
2/13/2022 4:45,2.516,4.56,4.71,3554,49,44.7,37.96,-4.868703,84.3,83.6,70.19,73.13,69,22.54,23.82,27.17,26.24,26.89,0.43,0.48,1.07,0.92,1.1
2/13/2022 5:00,2.545,4.7,4.67,3556,49.1,44.63,38.18,-4.868703,83.9,83.2,70.08,72.7,68.66,22.59,23.86,27.15,26.28,26.9,0.44,0.5,1.08,0.93,1.11
2/13/2022 5:15,2.561,4.74,4.69,3558,49.1,44.75,38.08,-4.539958,83.6,82.8,69.5,72.23,68.4,22.6,23.89,27.2,26.32,26.88,0.45,0.51,1.1,0.95,1.12
2/13/2022 5:30,2.643,4.9,4.83,3577,49,44.66,37.96,-4.539958,83.3,82.3,69.11,71.77,68.15,22.6,23.92,27.22,26.34,26.88,0.46,0.53,1.12,0.97,1.13
2/13/2022 5:45,2.631,4.81,4.88,3576,48.9,44.51,37.96,-4.375585,83,81.8,68.93,71.31,67.9,22.6,23.97,27.22,26.37,26.9,0.47,0.54,1.12,0.99,1.14
2/13/2022 6:00,2.677,4.92,4.94,3575,49.1,44.3,37.96,-4.70433,82.6,81.1,68.92,71.33,67.72,22.62,24.06,27.17,26.34,26.89,0.48,0.57,1.12,0.98,1.14
2/13/2022 6:15,2.672,4.92,4.92,3575,49.1,44.13,37.89,-4.211213,82.3,80.8,68.29,70.95,67.48,22.6,24.08,27.29,26.36,26.86,0.49,0.58,1.15,1,1.15
2/13/2022 6:30,2.762,5.1,5.07,3576,49.3,43.49,37.96,-4.539958,81.8,80,67.14,69.97,66.29,22.58,24.07,27.17,26.3,26.9,0.5,0.6,1.18,1.03,1.19
2/13/2022 6:45,2.823,5.26,5.13,3576,49,43.56,37.56,-4.70433,79.85,77.68,64.07,67.7,64.3,22.53,24.11,27.25,26.18,26.76,0.55,0.67,1.3,1.1,1.26
2/13/2022 7:00,2.907,5.44,5.26,3576,49.1,43.25,37.82,-3.224978,78.8,76.76,63.22,66.53,63.28,22.39,23.99,27.18,26.12,26.69,0.57,0.69,1.33,1.13,1.29
2/13/2022 7:15,3.008,5.64,5.43,3576,49,42.77,37.41,3.843038,72.88,71.2,66.84,66.58,62.76,23.77,25.18,26.31,26.06,26.76,0.8,0.92,1.14,1.13,1.31
2/13/2022 7:30,3.08,5.85,5.48,3576,49,41.98,37.37,14.527249,64.99,70.73,68.85,66.29,62.5,25.4,25.26,25.76,26.06,26.74,1.14,0.94,1.03,1.14,1.32
2/13/2022 7:45,3.155,5.91,5.7,3576,49.1,39.47,36.31,46.251137,60.96,71.53,68.97,65.89,61.83,26.09,25.13,25.77,26.18,26.96,1.32,0.91,1.03,1.16,1.36
2/13/2022 8:00,3.278,6.2,5.86,3576,48.8,37.51,35.29,72.221988,57.61,72.6,68.56,65.44,60.84,26.97,25.36,26.28,26.72,27.58,1.51,0.89,1.07,1.21,1.44
2/13/2022 8:15,3.407,6.47,6.06,3575,48.9,36.43,34.31,85.043041,57.35,72.2,67.91,64.76,60.52,27.21,25.73,26.73,27.2,28.13,1.54,0.92,1.13,1.27,1.5
2/13/2022 8:30,3.551,6.76,6.3,3575,48.9,36.03,33.76,136.491626,58.56,71.55,67.24,65.63,66.93,27.1,26.02,26.99,27.29,29.1,1.49,0.96,1.17,1.25,1.33
2/13/2022 8:45,3.76,7.27,6.55,3575,49,35.96,33.49,159.3394,59.95,71.22,67.22,67.5,68.47,26.96,26.17,27.13,27.27,30.55,1.42,0.98,1.18,1.18,1.38
2/13/2022 9:00,3.951,7.64,6.88,3575,49.1,35.05,33.18,185.638996,61.66,71.97,68.26,68.01,65.52,26.73,26.18,27.19,27.41,31.62,1.35,0.95,1.14,1.17,1.6
2/13/2022 9:15,4.087,7.9,7.12,3581,49,34.26,32.85,200.103774,63.02,72.69,68.86,68.05,63.32,26.58,26.18,27.25,27.66,32.46,1.29,0.93,1.13,1.18,1.79
2/13/2022 9:30,4.266,8.25,7.43,3580,49.1,33.59,32.39,481.509451,64.38,73.37,69.42,67.99,62.3,26.52,26.25,27.4,28.01,33.05,1.23,0.91,1.12,1.21,1.9
2/13/2022 9:45,4.345,8.41,7.56,3580,49.1,32.97,31.91,224.595272,65.67,73.71,69.66,68.83,58.88,26.56,26.38,27.62,28.39,33.73,1.19,0.9,1.12,1.21,2.15
2/13/2022 10:00,4.49,8.73,7.77,3580,49.3,32.42,31.63,239.881913,66.6,74.27,70.35,69.48,60.34,26.58,26.5,27.75,28.85,33.99,1.16,0.89,1.1,1.21,2.11
2/13/2022 10:15,4.575,8.93,7.88,3580,48.9,31.65,31.39,296.754789,67.87,75.21,72.19,69.16,59.32,26.58,26.54,27.7,29.42,34.75,1.12,0.86,1.03,1.27,2.26
2/13/2022 10:30,4.685,9.19,8.02,3578,49.1,30.79,31.17,268.318351,68.93,76.19,73.4,69.66,58.8,26.61,26.57,27.79,29.98,35.21,1.08,0.83,0.99,1.29,2.34
2/13/2022 10:45,4.774,9.33,8.21,3574,49,30.72,30.96,364.969366,69.8,76.96,74.27,70.02,58.1,26.66,26.59,27.95,30.4,35.67,1.06,0.8,0.97,1.3,2.44
2/13/2022 11:00,4.877,9.47,8.45,3569,48.9,30.29,30.79,368.256816,70.79,77.84,75.3,71.79,58.73,26.64,26.57,27.96,30.74,35.37,1.02,0.77,0.93,1.25,2.37
2/13/2022 11:15,4.935,9.53,8.61,3564,48.9,30.03,30.5,328.807422,71.7,78.79,76.06,72.83,60.23,26.64,26.52,27.97,31.04,35.5,0.99,0.74,0.9,1.22,2.3
2/13/2022 11:30,5.055,9.74,8.84,3559,48.8,29.84,30.67,481.838196,72.49,79.78,76.84,73.1,59.36,26.64,26.48,27.99,31.33,35.53,0.96,0.7,0.87,1.23,2.35
2/13/2022 11:45,5.101,9.82,8.93,3553,48.9,29.57,30.41,364.969366,73.36,80.7,77.5,73.47,60.3,26.58,26.39,27.99,31.57,35.42,0.93,0.66,0.85,1.23,2.28
2/13/2022 12:00,11.245,31.47,9.09,3547,48.7,29.36,29.93,440.909449,74.39,81.7,78.3,73.73,61.63,26.44,26.29,28,31.81,35.02,0.88,0.63,0.82,1.24,2.16
2/13/2022 12:15,11.588,32.67,9.11,3543,48.9,29.48,29.95,399.816331,75.32,82.5,78.89,74,61.82,26.34,26.15,27.91,31.99,34.71,0.85,0.59,0.79,1.24,2.11
2/13/2022 12:30,11.762,33.25,9.15,3536,48.6,29.02,29.48,424.965319,76.24,83.4,79.75,74.47,63.21,26.24,26.09,27.87,32.13,34.34,0.81,0.56,0.76,1.22,1.99
2/13/2022 12:45,12.468,35.54,9.38,NAN,49.1,28.97,29.09,405.898112,77.05,84.1,80.3,74.85,65.38,26.16,26.03,27.81,32.2,33.81,0.78,0.54,0.74,1.21,1.82
2/13/2022 13:00,12.418,35.4,9.34,3524,48.9,28.85,28.74,394.556411,77.66,84.6,80.8,75.44,67.4,26.08,25.99,27.78,32.3,33.38,0.75,0.52,0.72,1.19,1.68
2/13/2022 13:15,12.506,35.5,9.57,3517,48.6,28.62,28.4,374.667342,78.07,84.9,81.1,75.74,68.47,26.08,25.95,27.8,32.45,33.3,0.74,0.51,0.71,1.18,1.61
2/13/2022 13:30,12.376,35.01,9.6,3511,48.8,28.83,28.28,344.258434,78.49,85.3,81.4,76.24,69.34,26.05,25.91,27.81,32.56,33.31,0.73,0.49,0.7,1.17,1.57
2/13/2022 13:45,12.407,35.13,9.59,3504,48.3,28.88,27.87,893.098128,78.96,85.5,81.6,76.53,70.47,26.01,25.94,27.88,32.72,33.13,0.71,0.49,0.69,1.16,1.5
2/13/2022 14:00,12.547,35.46,9.77,3499,48.3,29.07,28.02,999.775864,79.44,85.8,82,76.65,72.11,25.92,25.89,27.84,32.82,32.91,0.69,0.47,0.67,1.16,1.4
2/13/2022 14:15,12.322,34.67,9.76,3493,48.3,29.17,27.95,956.710276,80.2,86.7,82.9,77.05,73.27,25.78,25.7,27.71,32.8,32.7,0.66,0.44,0.64,1.14,1.32
2/13/2022 14:30,12.198,34.25,9.74,3488,48.3,29.55,28.21,927.123231,80.4,87.2,83,77.25,74.05,25.81,25.59,27.64,32.84,32.56,0.65,0.42,0.63,1.13,1.27
2/13/2022 14:45,11.974,33.53,9.66,3483,48.2,29.31,28.4,809.268166,80.1,87.3,83.3,76.95,74.26,25.86,25.59,27.57,32.83,32.38,0.66,0.42,0.62,1.15,1.25
2/13/2022 15:00,12.107,34,9.66,3478,48.3,29.48,28.66,266.181509,80.4,87.4,83.3,76.45,74.7,25.82,25.56,27.58,32.8,32.19,0.65,0.41,0.62,1.17,1.22
2/13/2022 15:15,12.141,34.03,9.76,3474,48.1,29.33,28.64,228.375839,80.5,87.6,83.1,75.99,75.12,25.78,25.5,27.52,32.74,31.97,0.65,0.4,0.62,1.19,1.18
2/13/2022 15:30,11.719,32.69,9.59,3470,48,29.29,28.38,228.047094,80.7,87.7,83.3,75.72,75.28,25.83,25.49,27.43,32.64,31.81,0.64,0.4,0.61,1.2,1.16
2/13/2022 15:45,11.637,32.37,9.62,3467,48.1,29.17,28.5,236.265718,80.5,87.8,83.8,76.51,75.47,25.9,25.48,27.32,32.26,31.59,0.65,0.4,0.59,1.13,1.14
2/13/2022 16:00,11.652,32.47,9.57,3465,47.9,29.17,28.5,230.841426,80.6,87.9,83.9,77.45,75.62,25.87,25.46,27.24,31.88,31.38,0.65,0.39,0.58,1.06,1.12
2/13/2022 16:15,11.381,31.47,9.61,3462,47.9,29.26,28.47,202.898106,80.8,88.1,84.1,77.84,75.97,25.83,25.43,27.19,31.53,31.1,0.64,0.39,0.57,1.03,1.09
2/13/2022 16:30,11.433,31.58,9.69,3461,47.8,29.29,28.62,271.6058,81,88.1,84.3,78.27,75.55,25.78,25.35,27.08,31.15,30.97,0.63,0.38,0.56,0.98,1.1
2/13/2022 16:45,11.269,30.99,9.7,3460,47.8,29.45,28.64,154.243853,81.1,88.1,84.3,78.54,75.22,25.66,25.28,26.95,30.74,30.74,0.62,0.38,0.56,0.95,1.1
2/13/2022 17:00,10.77,29.24,9.68,3460,48.1,29.45,28.76,288.043048,80.9,88,84.3,78.97,75.78,25.59,25.18,26.87,30.22,30.22,0.63,0.38,0.56,0.9,1.04
2/13/2022 17:15,5.398,10.18,9.68,3460,48,29.76,28.69,160.983125,78.66,87.3,84.3,78.94,75.3,25.51,25.14,26.9,29.62,29.7,0.7,0.41,0.56,0.87,1.03
2/13/2022 17:30,5.349,10.1,9.58,NAN,47.9,29.72,28.66,126.13616,77.81,86.5,82.8,79.07,76.21,25.49,25.1,26.95,28.82,28.82,0.72,0.43,0.61,0.83,0.94
2/13/2022 17:45,5.212,9.79,9.39,3461,48,30.19,28.9,60.058425,78.33,86.7,83.1,79.28,77.11,25.44,24.99,26.78,28.04,27.98,0.7,0.42,0.59,0.79,0.86
2/13/2022 18:00,5.07,9.49,9.17,3460,48,30.48,29.05,9.92482,79.48,87.5,83.6,80,78.17,25.36,24.85,26.42,27.22,27.23,0.66,0.39,0.57,0.72,0.79
2/13/2022 18:15,4.907,9.18,8.88,3461,48.5,31.25,29.52,-2.238743,82.3,89.1,84.6,82.6,80.6,25.39,24.82,26.08,26.56,26.68,0.57,0.34,0.52,0.6,0.68
2/13/2022 18:30,4.795,8.93,8.72,3462,48.7,32.3,30,-3.882468,81.2,88.9,85,83.8,81.2,25.41,24.63,25.83,26.09,26.24,0.61,0.34,0.5,0.55,0.64
2/13/2022 18:45,4.639,8.6,8.48,3464,48.9,33.35,30.74,-5.197448,78.96,87.8,84.8,83.5,80.8,25.43,24.5,25.48,25.77,25.91,0.68,0.38,0.5,0.55,0.64
2/13/2022 19:00,4.524,8.33,8.33,3467,48.7,34.26,31.29,-4.70433,77.63,86.6,84.2,83,80,25.29,24.36,25.24,25.45,25.71,0.72,0.41,0.51,0.55,0.66
2/13/2022 19:15,4.382,8.05,8.09,3471,49.1,35.19,31.99,-4.70433,77.25,85.8,83.7,82.6,79.49,25,24.19,24.96,25.18,25.43,0.72,0.43,0.52,0.56,0.67
2/13/2022 19:30,4.237,7.72,7.89,3477,49.4,35.86,32.66,-5.033075,77.36,85.1,83.6,82.3,79.18,24.65,24.06,24.7,24.91,25.2,0.7,0.45,0.51,0.56,0.67
2/13/2022 19:45,4.111,7.45,7.7,3480,49,36.58,32.9,-4.375585,77.76,84.4,83.5,82.2,78.99,24.3,23.95,24.43,24.64,24.96,0.68,0.46,0.51,0.55,0.66
2/13/2022 20:00,3.973,7.21,7.43,3486,49,37.46,33.66,-4.539958,77.97,83.9,83.3,82.1,78.85,23.98,23.79,24.21,24.38,24.73,0.66,0.47,0.5,0.55,0.66
2/13/2022 20:15,3.832,6.93,7.19,3489,49,38.13,34.07,-4.539958,78.46,83.5,83.2,82.1,78.63,23.62,23.66,23.96,24.16,24.51,0.63,0.48,0.5,0.54,0.66
2/13/2022 20:30,3.722,6.69,7.03,3493,49.3,38.47,34.5,-5.197448,79.29,82.9,83.2,82,78.46,23.23,23.61,23.74,23.93,24.31,0.59,0.5,0.49,0.53,0.65
2/13/2022 20:45,3.655,6.59,6.88,3497,49.3,39.13,34.9,-4.539958,79.99,82.4,83.2,82.1,78.41,22.92,23.56,23.57,23.72,24.17,0.56,0.51,0.49,0.53,0.65
2/13/2022 21:00,3.511,6.34,6.6,3502,49.3,39.47,35.21,-5.033075,80.3,82.2,83,82,78.31,22.67,23.43,23.41,23.56,23.97,0.54,0.51,0.49,0.52,0.65
2/13/2022 21:15,3.412,6.11,6.47,3506,49.1,39.52,35.26,-4.70433,80.9,81.9,82.1,81.9,77.94,22.4,23.36,23.56,23.49,23.96,0.52,0.52,0.52,0.52,0.66
2/13/2022 21:30,3.334,5.97,6.32,3510,49.4,39.56,35.45,-4.868703,81.2,82.5,75.84,78.72,74.38,22.21,23.21,24.98,24.23,24.8,0.5,0.5,0.76,0.64,0.8
2/13/2022 21:45,3.293,5.92,6.22,3514,49,39.25,35.33,-4.375585,81.1,82.8,73.94,76.44,72.55,22.32,23.18,25.44,24.71,25.22,0.51,0.49,0.85,0.73,0.88
2/13/2022 22:00,3.205,5.69,6.13,3517,49,39.49,35.52,-4.375585,80.6,82.4,73.29,75.43,71.76,22.43,23.27,25.57,24.9,25.4,0.53,0.5,0.88,0.77,0.92
2/13/2022 22:15,3.19,5.71,6.05,3521,49,39.52,35.81,-4.868703,80.1,82,72.77,74.88,71.29,22.52,23.38,25.7,25,25.48,0.54,0.52,0.9,0.8,0.94
2/13/2022 22:30,3.163,5.66,6,3524,48.9,39.68,35.76,-5.033075,79.53,81.3,72.24,74.49,70.98,22.64,23.52,25.8,25.04,25.54,0.56,0.54,0.92,0.81,0.95
2/13/2022 22:45,3.172,5.72,5.97,3527,49.1,39.76,35.6,-4.539958,79.26,81,72.2,74.28,70.64,22.68,23.56,25.77,25.1,25.58,0.57,0.55,0.92,0.82,0.96
2/13/2022 23:00,3.098,5.56,5.86,3531,49.5,40.23,35.84,-5.033075,78.89,80.7,71.76,73.91,70.46,22.69,23.59,25.85,25.14,25.59,0.58,0.56,0.94,0.83,0.97
2/13/2022 23:15,3.037,5.41,5.79,3533,49.4,40.71,35.79,-4.539958,78.5,80.4,71.73,73.69,70.29,22.73,23.63,25.83,25.15,25.6,0.59,0.57,0.94,0.84,0.98
2/13/2022 23:30,3,5.39,5.67,3535,49.1,40.93,36.19,-4.70433,78.26,80,71.47,73.29,70,22.76,23.69,25.84,25.21,25.62,0.6,0.59,0.95,0.86,0.99
2/13/2022 23:45,2.971,5.37,5.58,3536,49,40.78,36.1,-4.375585,78.07,80.1,71.09,73.05,69.89,22.74,23.62,25.93,25.22,25.62,0.61,0.58,0.97,0.86,0.99
2/14/2022 0:00,2.969,5.4,5.54,3539,49.4,40.9,36.15,-4.375585,78.2,80.2,70.83,72.92,69.73,22.7,23.6,25.95,25.19,25.63,0.6,0.58,0.98,0.87,1
2/14/2022 0:15,2.963,5.35,5.57,3542,49.4,41.14,36.19,-4.868703,78.18,80.1,70.84,72.82,69.63,22.67,23.59,25.93,25.22,25.65,0.6,0.58,0.98,0.87,1
2/14/2022 0:30,2.991,5.45,5.57,3545,48.9,41.09,36.29,-4.375585,78.17,80.1,70.57,72.69,69.46,22.65,23.59,25.97,25.2,25.65,0.6,0.58,0.99,0.88,1.01
2/14/2022 0:45,2.972,5.43,5.52,3547,49.3,41.45,36.15,-4.70433,77.98,80,70.58,72.64,69.49,22.65,23.58,25.94,25.21,25.64,0.61,0.58,0.99,0.88,1
2/14/2022 1:00,2.929,5.35,5.44,3548,49.1,41.43,36.39,-4.70433,77.97,80,70.3,72.43,69.31,22.63,23.55,25.98,25.21,25.65,0.61,0.58,1,0.88,1.01
2/14/2022 1:15,2.924,5.38,5.39,3551,49.3,41.64,36.46,-4.70433,77.75,79.8,70.33,72.31,69.19,22.67,23.57,25.97,25.22,25.65,0.61,0.59,1,0.89,1.01
2/14/2022 1:30,2.937,5.46,5.35,3552,49.1,41.76,36.53,-4.539958,77.65,79.71,70,72.1,69.16,22.65,23.58,25.99,25.22,25.61,0.61,0.59,1.01,0.9,1.01
2/14/2022 1:45,2.885,5.38,5.24,3554,49.3,41.96,36.89,-4.70433,77.76,79.8,69.85,71.88,68.98,22.61,23.54,26.08,25.33,25.68,0.61,0.59,1.02,0.91,1.02
2/14/2022 2:00,2.885,5.36,5.26,3555,49.3,41.62,36.94,-4.868703,77.6,79.23,67.09,69.75,67.09,22.74,23.76,26.85,25.89,26.24,0.62,0.61,1.16,1.01,1.12
2/14/2022 2:15,2.838,5.22,5.23,3558,49.1,42.03,36.7,-4.70433,77.06,78.35,66.41,68.98,66.01,22.93,24.05,27.11,26.17,26.56,0.64,0.65,1.21,1.05,1.18
2/14/2022 2:30,2.868,5.29,5.27,3558,49.1,42.22,36.53,-4.375585,76.67,77.94,66.43,68.72,65.56,23.09,24.21,27.16,26.29,26.74,0.66,0.67,1.21,1.07,1.21
2/14/2022 2:45,2.867,5.27,5.29,3559,49.1,42.27,36.46,-4.375585,76.37,77.71,66.17,68.58,65.47,23.19,24.3,27.28,26.36,26.81,0.67,0.68,1.23,1.08,1.22
2/14/2022 3:00,2.878,5.27,5.33,3561,49.4,42.82,36.6,-4.868703,76.15,77.57,66.1,68.56,65.38,23.23,24.35,27.3,26.36,26.83,0.68,0.68,1.23,1.08,1.22
2/14/2022 3:15,2.821,5.2,5.19,3563,49,42.51,36.79,-4.70433,76.04,77.57,66.26,68.57,65.34,23.28,24.37,27.26,26.37,26.86,0.68,0.68,1.22,1.08,1.23
2/14/2022 3:30,2.848,5.22,5.27,3565,49,43.06,36.82,-4.868703,75.95,77.47,67.65,69.36,66.23,23.24,24.36,26.8,26.09,26.58,0.69,0.69,1.14,1.04,1.17
2/14/2022 3:45,2.821,5.2,5.19,3565,49.1,43.44,37.1,-4.70433,76.22,78.02,69.06,70.73,67.57,23.09,24.12,26.39,25.72,26.15,0.67,0.66,1.06,0.97,1.1
2/14/2022 4:00,2.795,5.07,5.23,3566,49.1,43.53,37.15,-4.868703,76.44,78.45,69.26,70.96,67.88,22.95,23.93,26.23,25.53,25.96,0.66,0.64,1.05,0.95,1.08
2/14/2022 4:15,2.789,5.14,5.13,3567,49.1,43.63,37.22,-4.868703,76.48,78.52,68.98,71.08,67.86,22.86,23.82,26.21,25.42,25.88,0.66,0.63,1.06,0.94,1.07
2/14/2022 4:30,2.785,5.07,5.19,3569,49.5,43.44,37.39,-4.70433,76.64,78.68,69.15,71.11,67.93,22.75,23.74,26.11,25.36,25.81,0.65,0.63,1.04,0.93,1.07
2/14/2022 4:45,2.758,5.05,5.11,3569,49.4,43.61,37.39,-4.539958,76.57,78.65,69.14,70.91,67.94,22.71,23.68,26.06,25.36,25.75,0.65,0.62,1.04,0.94,1.06
2/14/2022 5:00,2.748,5.05,5.07,3571,49.4,43.65,37.37,-4.539958,76.71,78.66,68.81,70.79,67.84,22.65,23.64,26.1,25.32,25.75,0.64,0.62,1.05,0.94,1.07
2/14/2022 5:15,2.77,5.09,5.11,3572,49.5,43.58,37.72,-4.539958,76.79,78.73,68.58,70.72,67.79,22.59,23.59,26.12,25.31,25.73,0.64,0.62,1.06,0.94,1.07
2/14/2022 5:30,2.783,5.12,5.13,3573,49.4,43.49,37.6,-4.868703,76.76,78.7,68.56,70.64,67.67,22.57,23.56,26.08,25.28,25.7,0.64,0.62,1.06,0.95,1.07
2/14/2022 5:45,2.805,5.18,5.15,3573,49.3,43.27,37.58,-5.033075,76.73,78.63,68.59,70.54,67.71,22.56,23.55,26.06,25.29,25.65,0.64,0.62,1.06,0.95,1.06
2/14/2022 6:00,2.784,5.05,5.21,3575,49.5,43.89,37.49,-4.70433,76.76,78.72,68.55,70.52,67.62,22.51,23.52,26.03,25.26,25.66,0.63,0.62,1.06,0.95,1.07
2/14/2022 6:15,2.746,5.07,5.04,3575,49.4,43.32,37.46,-4.70433,76.83,78.69,68.61,70.5,67.66,22.5,23.5,26.02,25.29,25.65,0.63,0.62,1.06,0.95,1.06
2/14/2022 6:30,2.816,5.2,5.17,3576,49.4,43.27,37.77,-4.539958,76.72,78.58,68.46,70.42,67.59,22.54,23.52,26.03,25.28,25.64,0.64,0.62,1.06,0.95,1.07
2/14/2022 6:45,2.799,5.14,5.17,3577,49.5,43.41,37.68,-4.70433,76.6,78.64,68.64,70.55,67.65,22.54,23.49,25.97,25.21,25.62,0.64,0.62,1.05,0.94,1.06
2/14/2022 7:00,2.819,5.23,5.15,3579,49.4,43.17,37.51,-2.731861,76.54,78.62,68.56,70.45,67.5,22.53,23.48,25.96,25.23,25.62,0.64,0.62,1.05,0.95,1.07
2/14/2022 7:15,2.869,5.37,5.19,3579,49.6,42.79,37.53,4.829273,74.19,73.81,71.08,70.86,67.55,23.67,24.8,25.4,25.2,25.72,0.76,0.82,0.94,0.93,1.07
2/14/2022 7:30,2.907,5.4,5.3,NAN,49.5,42.34,37.44,15.349112,68.64,72.96,73.07,71.36,67.78,24.99,25.1,25.02,25.18,25.76,0.99,0.86,0.85,0.92,1.07
2/14/2022 7:45,2.962,5.57,5.33,3581,49.6,39.66,36.5,48.881097,66.4,74.01,73.8,71.66,67.61,25.6,25.08,25.15,25.38,26.09,1.1,0.83,0.84,0.92,1.09
2/14/2022 8:00,3.038,5.71,5.47,3580,49.6,37.27,35.26,63.345874,64.68,76.05,74.41,71.71,67.12,26.34,25.19,25.58,25.94,26.78,1.21,0.77,0.84,0.95,1.16
2/14/2022 8:15,3.112,5.85,5.6,3580,49.6,36.89,34.52,151.285148,65.42,76.97,74.68,71.56,68.62,26.68,25.49,26.05,26.55,27.53,1.21,0.75,0.85,0.99,1.15
2/14/2022 8:30,3.298,6.29,5.84,3582,49.3,36.55,34.38,153.586363,67.19,77.91,75.17,72.71,72.39,26.77,25.74,26.42,26.89,28.92,1.15,0.73,0.86,0.97,1.1
2/14/2022 8:45,3.416,6.52,6.04,3582,49.3,35.76,33.73,183.666526,69.48,79.2,75.78,75.59,72.24,26.79,25.91,26.82,26.94,30.54,1.07,0.7,0.85,0.87,1.21
2/14/2022 9:00,3.564,6.86,6.24,3581,49.4,35.19,33.06,173.146688,71.84,80.7,76.89,77.51,70.58,26.72,26.09,27.11,27.23,31.79,0.99,0.65,0.83,0.81,1.38
2/14/2022 9:15,3.845,7.48,6.65,3582,49.7,34.71,32.9,213.582317,70.46,79.48,75.82,75.85,66.51,26.6,26.1,27.28,27.72,32.59,1.03,0.69,0.88,0.9,1.65
2/14/2022 9:30,4.104,7.99,7.09,3581,49.7,33.76,32.42,475.920787,70.41,78.76,74.86,73.89,64.23,26.48,26.11,27.41,28.26,33.13,1.02,0.72,0.92,1,1.81
2/14/2022 9:45,4.253,8.26,7.37,3581,49.7,33.18,32.13,226.40337,71,78.79,75.88,72.64,64.09,26.5,26.24,27.41,28.94,33.76,1,0.72,0.88,1.09,1.88
2/14/2022 10:00,4.442,8.64,7.68,3580,49.7,32.49,31.58,246.621184,71.75,79.27,77.08,71.88,62.18,26.55,26.27,27.47,29.53,34.7,0.98,0.71,0.84,1.16,2.09
2/14/2022 10:15,4.587,8.96,7.89,3578,49.4,31.63,31.27,294.782319,72.74,80.2,77.79,72.24,61.2,26.57,26.28,27.59,30,35.75,0.95,0.68,0.82,1.18,2.27
2/14/2022 10:30,4.704,9.21,8.07,3574,49.6,31.32,31.2,271.112683,73.44,81.1,78.64,73.09,58.52,26.69,26.29,27.67,30.53,36.22,0.93,0.65,0.79,1.18,2.49
2/14/2022 10:45,4.835,9.47,8.29,3569,49.3,30.29,30.77,390.118355,74.47,82.1,79.26,73.22,59.39,26.62,26.29,27.78,30.98,36.3,0.89,0.61,0.77,1.2,2.45
2/14/2022 11:00,4.957,9.69,8.52,3563,49.5,29.64,30.6,398.336978,76.44,83.4,80.1,74.73,59.67,26.36,26.18,27.79,31.31,36.61,0.81,0.56,0.74,1.16,2.48
2/14/2022 11:15,5.018,9.72,8.72,3557,49.5,29.31,30.6,336.204183,77.84,84.5,81.2,74.97,59.27,26.21,26.09,27.8,31.61,36.54,0.75,0.52,0.7,1.16,2.49
2/14/2022 11:30,5.08,9.83,8.84,3552,49,29.36,30.77,540.190424,79.05,85.3,81.6,75.45,61.22,26.13,26.12,27.94,31.91,36.8,0.71,0.5,0.69,1.16,2.41
2/14/2022 11:45,11.091,31.11,8.89,3545,49.1,28.85,30.24,386.50216,79.99,85.8,81.9,75.5,62.31,26.11,26.15,28.03,32.23,36.55,0.68,0.48,0.69,1.18,2.31
2/14/2022 12:00,11.492,32.42,9.01,3538,48.9,28.57,30.05,550.217145,80.7,86.4,82.7,75.5,62.36,26.06,26.15,28.09,32.48,35.93,0.65,0.46,0.66,1.2,2.23
2/14/2022 12:15,11.726,33.28,8.98,3532,48.8,28.57,30.05,415.596088,81.3,87,82.9,75.74,63.22,26.06,26.13,28.09,32.67,35.43,0.63,0.44,0.65,1.2,2.12
2/14/2022 12:30,11.806,33.34,9.22,3524,49,28.28,29.38,412.144266,81.6,87.6,83.6,75.86,64.55,26.02,26.04,28.05,32.79,35.11,0.62,0.42,0.62,1.2,2.01
2/14/2022 12:45,12.094,34.4,9.18,3517,49.1,28.45,29.24,428.088396,82,88,84.1,76.28,66.53,25.99,26.02,28.04,32.92,34.6,0.6,0.4,0.6,1.19,1.84
2/14/2022 13:00,12.068,34.15,9.35,3511,48.7,28.54,28.85,396.528881,82.2,88.2,84.3,76.34,68.44,25.97,26.01,28.06,33.03,34.11,0.6,0.4,0.6,1.19,1.69
2/14/2022 13:15,12.079,34.15,9.39,3505,48.9,28.64,28.64,374.996087,82.5,88.2,84.5,76.73,69.74,25.98,26.05,28.08,33.11,33.86,0.59,0.4,0.59,1.18,1.6
2/14/2022 13:30,12.016,33.88,9.44,3499,48.8,28.74,28.52,346.395276,82.6,88.2,84.7,76.97,70.26,26.01,26.09,28.14,33.18,33.85,0.59,0.4,0.58,1.17,1.57
2/14/2022 13:45,12.142,34.16,9.62,NAN,48.7,28.88,28.42,916.603392,82.5,87.9,84.1,77.53,71.87,26,26.05,28.14,33.22,33.6,0.59,0.41,0.61,1.14,1.46
2/14/2022 14:00,11.807,32.99,9.6,3485,48.3,28.95,28.38,1021.801776,82.4,88.5,82.7,78.65,74.21,25.92,25.69,27.99,33.42,33.48,0.59,0.38,0.65,1.1,1.33
2/14/2022 14:15,11.807,32.87,9.73,3480,48.5,29.07,28.28,993.694083,82.6,89.2,83,78.93,75.12,25.88,25.59,27.93,33.57,33.45,0.58,0.35,0.64,1.09,1.28
2/14/2022 14:30,11.864,33.12,9.68,3475,48.3,29.07,28.31,947.834162,82.7,89.4,83.7,79.12,75.88,25.89,25.58,27.83,33.65,33.43,0.58,0.35,0.61,1.09,1.24
2/14/2022 14:45,12.209,34.39,9.63,3450,48.5,28.95,28.59,806.966951,82.4,89.5,83.7,79.04,76.51,26,25.55,27.86,33.69,33.26,0.59,0.34,0.61,1.1,1.2
2/14/2022 15:00,11.679,32.61,9.52,3448,48.3,28.45,28.35,274.400132,82.9,89.9,83.8,78.58,76.86,25.98,25.57,27.84,33.76,33.16,0.57,0.33,0.61,1.12,1.17
2/14/2022 15:15,4.877,9.11,8.84,3446,48.2,27.44,27.44,238.073815,86.1,92.6,87.6,78.77,77.79,26.83,26.39,28.17,33.8,33.13,0.49,0.25,0.47,1.12,1.13
2/14/2022 15:30,4.999,9.35,9.05,3444,48,28.07,27.73,242.3475,86.1,92.4,87.3,78.23,78.07,27.29,26.7,28.55,33.65,32.89,0.5,0.27,0.5,1.14,1.1
2/14/2022 15:45,11.429,31.79,9.45,3442,48,28.64,28.09,244.813087,85,91.2,85.9,78.89,77.97,27.55,26.93,28.75,33.21,32.68,0.55,0.31,0.56,1.07,1.09
2/14/2022 16:00,11.747,32.89,9.48,3441,48.3,28.76,28.42,231.498916,83.2,89.4,84.6,79.15,77.71,27.93,27.28,28.93,32.91,32.52,0.63,0.38,0.61,1.04,1.09
2/14/2022 16:15,11.695,32.63,9.56,3438,48.3,28.59,28.14,210.294867,82.5,88.9,85.1,78.44,76.83,28.28,27.62,28.96,32.33,32.12,0.67,0.41,0.6,1.04,1.11
2/14/2022 16:30,11.773,32.37,10.14,3437,48.2,30.22,28.64,194.186364,79.81,87.8,85.1,79.18,76.61,28.4,27.63,28.84,31.73,31.68,0.78,0.45,0.59,0.97,1.09
2/14/2022 16:45,11.916,32.48,10.57,3434,48.2,30.77,29.57,157.695675,74.52,84.2,81.8,78,74.96,27.53,26.68,28.32,31.05,31.04,0.94,0.55,0.7,0.99,1.13
2/14/2022 17:00,11.091,29.71,10.4,3433,48.1,30.22,29.24,291.823615,77.28,85.3,83,78.94,75.86,26.5,25.99,27.56,30.26,30.31,0.79,0.49,0.63,0.91,1.04
2/14/2022 17:15,10.543,28.09,10.05,3434,48.1,30.12,29.14,164.599319,78.23,86.2,84.1,79.29,75.66,25.99,25.73,27.34,29.67,29.84,0.73,0.46,0.58,0.86,1.02
2/14/2022 17:30,5.497,10.44,9.78,3434,48.2,30.19,29.12,136.984743,76.94,85.7,82.4,79.06,76.22,25.85,25.61,27.32,28.99,29.01,0.77,0.47,0.64,0.84,0.95
2/14/2022 17:45,5.384,10.15,9.66,3434,48.2,30.36,29.24,67.948304,75.37,84.8,82.1,78.29,76.05,25.74,25.38,27.1,28.24,28.19,0.82,0.49,0.64,0.83,0.92
2/14/2022 18:00,5.259,9.89,9.46,3434,48.6,30.77,29.45,13.21227,73.85,84.5,81.4,77.48,75.52,25.57,25.12,26.65,27.46,27.42,0.86,0.49,0.65,0.82,0.89
2/14/2022 18:15,5.069,9.53,9.12,3436,48.6,31.89,30.05,-1.581253,72.34,83.8,79.74,76.8,74.75,25.44,24.78,26.2,26.72,26.68,0.9,0.51,0.69,0.81,0.88
2/14/2022 18:30,4.963,9.25,9.02,3436,48.7,32.44,30.62,-4.539958,72.02,82.9,78.68,76.34,74.67,25.43,24.5,25.77,26.13,26.11,0.91,0.53,0.71,0.8,0.86
2/14/2022 18:45,4.652,8.61,8.52,3439,48.8,32.97,30.74,-4.70433,76.8,85.2,82,79.93,78.07,25.3,24.54,25.41,25.78,25.84,0.75,0.46,0.58,0.67,0.73
2/14/2022 19:00,4.48,8.21,8.29,3441,49,33.49,31.22,-4.539958,76.91,83.6,82.6,80.8,78.03,25.14,24.84,25.3,25.64,25.87,0.74,0.51,0.56,0.63,0.73
2/14/2022 19:15,4.37,7.97,8.13,3444,49,34.38,31.46,-4.375585,77.06,80.6,81.6,80.1,76.66,24.86,25.31,25.28,25.55,25.94,0.72,0.63,0.59,0.65,0.78
2/14/2022 19:30,4.228,7.67,7.91,3448,48.9,35.12,32.2,-4.539958,77.67,78.09,80.5,79.2,75.53,24.47,25.73,25.32,25.53,25.99,0.69,0.72,0.63,0.68,0.82
2/14/2022 19:45,4.107,7.5,7.63,3455,49,35.64,32.61,-4.868703,78.28,76.79,79.51,78.47,74.74,24.16,25.88,25.34,25.49,25.98,0.65,0.77,0.66,0.7,0.85
2/14/2022 20:00,4.002,7.2,7.55,3458,49.3,36.03,32.8,-4.868703,78.57,75.96,78.45,77.86,74.01,23.9,25.92,25.38,25.43,25.95,0.64,0.8,0.7,0.72,0.87
2/14/2022 20:15,3.897,7.06,7.3,3462,49.1,36.62,33.23,-4.868703,78.63,75.96,77.61,77.33,73.5,23.69,25.73,25.42,25.36,25.89,0.63,0.8,0.73,0.73,0.89
2/14/2022 20:30,3.806,6.84,7.19,3465,49.1,37.08,33.66,-4.70433,78.8,75.89,76.81,76.82,73.03,23.5,25.58,25.44,25.33,25.83,0.61,0.79,0.75,0.75,0.9
2/14/2022 20:45,3.718,6.63,7.08,3470,49.3,37.6,33.97,-4.70433,78.95,76.28,76.1,76.56,72.67,23.36,25.34,25.48,25.24,25.77,0.6,0.77,0.78,0.75,0.91
2/14/2022 21:00,3.613,6.47,6.85,3474,49.1,37.87,34.35,-4.539958,79.01,76.91,75.67,76.24,72.24,23.21,25.08,25.48,25.19,25.76,0.6,0.73,0.79,0.76,0.92
2/14/2022 21:15,3.603,6.49,6.79,3478,48.9,37.89,34.52,-4.375585,79.06,77.51,74.93,75.82,71.91,23.1,24.83,25.55,25.17,25.75,0.59,0.71,0.82,0.77,0.93
2/14/2022 21:30,3.52,6.27,6.71,3481,49.3,38.49,34.62,-4.539958,79.03,78.18,74.46,75.54,71.66,23,24.59,25.58,25.17,25.72,0.59,0.67,0.84,0.78,0.94
2/14/2022 21:45,3.473,6.27,6.53,3485,49.1,38.47,34.88,-4.539958,78.78,79.01,73.98,75.13,71.4,23.03,24.29,25.63,25.16,25.68,0.6,0.64,0.86,0.8,0.94
2/14/2022 22:00,3.366,6.02,6.39,3488,49,38.66,35.19,-4.868703,78.7,79.43,73.21,74.81,71.2,22.96,24.15,25.75,25.16,25.69,0.6,0.62,0.89,0.81,0.95
2/14/2022 22:15,3.378,6.07,6.38,3491,49.1,38.78,35.29,-4.539958,78.53,79.86,72.85,74.48,70.82,22.92,23.97,25.78,25.18,25.68,0.6,0.6,0.9,0.82,0.96
2/14/2022 22:30,3.334,6,6.29,3494,49,38.87,35.67,-4.70433,78.22,80,72.43,74.15,70.63,22.95,23.9,25.82,25.2,25.67,0.61,0.59,0.92,0.83,0.97
2/14/2022 22:45,3.301,5.92,6.25,3497,49,38.99,35.72,-4.539958,78.27,79.86,72.01,73.85,70.44,22.87,23.87,25.86,25.2,25.68,0.61,0.6,0.93,0.84,0.97
2/14/2022 23:00,3.269,5.88,6.17,3499,49.3,39.25,36,-4.375585,78.02,80,71.72,73.6,70.21,22.88,23.79,25.87,25.21,25.68,0.61,0.59,0.94,0.85,0.98
2/14/2022 23:15,3.204,5.74,6.07,3501,49,39.35,36.24,-4.70433,77.87,79.94,71.49,73.36,70.08,22.87,23.76,25.88,25.22,25.67,0.62,0.59,0.95,0.86,0.99
2/14/2022 23:30,3.201,5.73,6.07,3504,49,39.71,35.91,-4.70433,77.69,79.66,71.25,73.1,69.81,22.85,23.79,25.9,25.25,25.69,0.62,0.6,0.96,0.86,1
2/14/2022 23:45,3.137,5.68,5.88,3505,49.1,39.52,36.53,-4.868703,77.46,79.68,71.13,72.95,69.6,22.87,23.74,25.89,25.22,25.68,0.63,0.6,0.96,0.87,1
2/15/2022 0:00,3.12,5.62,5.88,3507,49.1,39.52,36.36,-4.70433,77.38,79.69,70.93,72.89,69.59,22.86,23.73,25.93,25.24,25.67,0.63,0.6,0.97,0.87,1
2/15/2022 0:15,3.109,5.61,5.85,3519,49.3,40.88,36.82,-4.539958,81.9,83,76.91,80.1,72.33,22.41,23.54,25.1,24.39,25.39,0.49,0.49,0.74,0.61,0.9
2/15/2022 0:30,3.049,5.47,5.77,3522,49.1,40.95,36.67,-4.70433,85.1,87.5,78.01,82.9,75.36,21.83,22.64,25.05,23.95,25.02,0.39,0.34,0.7,0.51,0.78
2/15/2022 0:45,2.962,5.28,5.64,3526,49.1,40.98,36.46,-4.539958,85.8,88,76.94,81.9,75.17,21.81,22.58,25.33,24.21,25.14,0.37,0.33,0.74,0.55,0.79
2/15/2022 1:00,2.928,5.28,5.51,3529,49.5,40.78,36.29,-4.539958,85.9,87.5,76.56,80.5,74.36,21.86,22.68,25.42,24.46,25.34,0.37,0.34,0.76,0.6,0.83
2/15/2022 1:15,2.878,5.18,5.43,3535,49.1,41.31,36.36,-4.539958,86,88.1,79.32,83.9,75.08,21.81,22.65,24.93,24.01,25.22,0.37,0.33,0.65,0.48,0.8
2/15/2022 1:30,2.893,5.27,5.39,3540,49.4,41.76,36.58,-4.539958,86.7,90,78.19,84.3,76.22,21.64,22.22,25.17,23.83,25,0.34,0.27,0.7,0.46,0.75
2/15/2022 1:45,2.836,5.14,5.31,3541,49.1,42.12,36.7,-4.539958,86.9,90,77,82.8,75.52,21.64,22.23,25.4,24.16,25.15,0.34,0.27,0.75,0.52,0.78
2/15/2022 2:00,2.808,5.07,5.28,3542,49.1,42.19,36.91,-4.868703,86.8,89.3,76.25,81.4,74.77,21.69,22.38,25.57,24.37,25.31,0.34,0.29,0.78,0.57,0.81
2/15/2022 2:15,2.711,4.9,5.09,3550,49.3,43.01,36.89,-4.868703,86.7,89.5,79.06,84.4,75.33,21.6,22.31,24.99,23.91,25.18,0.34,0.28,0.66,0.46,0.79
2/15/2022 2:30,2.652,4.71,5.07,3552,49,44.37,37.22,-4.375585,87.2,90.8,78.38,84.2,76.23,21.49,21.98,25.07,23.81,24.93,0.33,0.24,0.69,0.47,0.75
2/15/2022 2:45,2.538,4.49,4.87,3553,49.1,44.87,37.51,-4.375585,87.2,90.5,77.13,82.4,75.24,21.46,22.02,25.3,24.14,25.15,0.33,0.25,0.74,0.53,0.79
2/15/2022 3:00,2.553,4.48,4.94,3554,48.8,45.54,37.6,-4.868703,86.8,89.2,73.96,78.95,72.58,21.41,22.12,25.36,24.31,25.24,0.34,0.29,0.84,0.64,0.88
2/15/2022 3:15,2.512,4.37,4.9,3554,49,45.64,37.63,-4.539958,86.4,88.1,75.26,79.25,73.39,21.28,22.15,25.39,24.37,25.17,0.34,0.32,0.8,0.63,0.85
2/15/2022 3:30,2.434,4.25,4.73,3556,49.3,45.45,37.7,-4.70433,86.5,88.6,76.36,79.49,74.21,21.47,22.34,25.4,24.56,25.3,0.35,0.31,0.77,0.63,0.83
2/15/2022 3:45,2.407,4.24,4.64,3558,49.4,45.4,37.6,-4.868703,86.3,88.1,75.14,78.08,73.27,21.55,22.47,25.63,24.83,25.48,0.35,0.32,0.82,0.69,0.87
2/15/2022 4:00,2.409,4.21,4.68,3560,48.9,45.64,37.75,-4.211213,86,87.3,74.38,77.04,72.67,21.61,22.58,25.74,24.95,25.54,0.36,0.35,0.85,0.73,0.89
2/15/2022 4:15,2.375,4.21,4.55,3561,49.1,46.02,38.06,-4.375585,85.6,86.8,74.07,76.61,72.47,21.62,22.64,25.71,24.98,25.54,0.37,0.36,0.86,0.74,0.9
2/15/2022 4:30,2.398,4.17,4.68,3562,49.3,46.02,37.8,-4.70433,85.3,86,73.86,76.07,72.01,21.63,22.69,25.7,25.01,25.56,0.38,0.39,0.86,0.76,0.92
2/15/2022 4:45,2.371,4.13,4.62,3565,49.1,45.85,37.8,-4.375585,85.1,85.5,73.4,75.62,71.8,21.64,22.76,25.74,25.04,25.57,0.39,0.4,0.88,0.77,0.92
2/15/2022 5:00,2.418,4.24,4.68,3565,49,45.95,38.06,-4.868703,85,85.1,72.86,75.22,71.57,21.65,22.8,25.84,25.08,25.57,0.39,0.41,0.9,0.79,0.93
2/15/2022 5:15,2.387,4.15,4.66,3566,49.3,45.78,37.92,-4.868703,84.7,84.8,72.54,75.02,71.36,21.69,22.83,25.88,25.1,25.61,0.4,0.42,0.92,0.8,0.94
2/15/2022 5:30,2.439,4.27,4.73,3567,49.3,46,37.96,-4.70433,84.5,84.4,72.85,74.84,71.2,21.7,22.86,25.77,25.09,25.62,0.4,0.43,0.9,0.8,0.95
2/15/2022 5:45,2.438,4.33,4.66,3569,49,45.61,37.99,-4.70433,84.3,83.8,72.49,74.59,71.09,21.72,22.95,25.79,25.11,25.58,0.41,0.45,0.91,0.81,0.95
2/15/2022 6:00,2.486,4.38,4.79,3569,49.3,45.68,38.06,-4.539958,84,83.3,72.16,74.32,70.87,21.72,23.01,25.85,25.11,25.6,0.42,0.47,0.93,0.82,0.96
2/15/2022 6:15,2.491,4.4,4.79,3570,48.9,45.45,38.01,-4.539958,83.6,83.1,71.77,74.04,70.67,21.77,23,25.88,25.11,25.58,0.43,0.47,0.94,0.83,0.96
2/15/2022 6:30,2.527,4.49,4.83,3571,49.1,45.21,38.2,-4.70433,83.3,82.9,71.72,73.87,70.5,21.73,22.98,25.81,25.07,25.56,0.43,0.48,0.94,0.83,0.97
2/15/2022 6:45,2.571,4.58,4.9,3572,49.3,44.78,38.03,-4.375585,83.1,82.6,71.75,73.62,70.26,21.73,23.03,25.76,25.08,25.56,0.44,0.49,0.94,0.84,0.97
2/15/2022 7:00,2.587,4.6,4.94,3572,49,45.06,37.92,-2.731861,82.9,82.5,71.41,73.51,70.19,21.76,23.04,25.82,25.08,25.56,0.45,0.49,0.95,0.84,0.98
2/15/2022 7:15,2.61,4.72,4.9,3574,49.1,44.51,37.68,5.815508,82.6,79.51,74.98,75.13,71.64,22.79,24.08,25.18,24.92,25.47,0.48,0.61,0.8,0.78,0.92
2/15/2022 7:30,2.663,4.85,4.96,3574,49.1,43.65,37.8,16.992836,76.83,77.17,77.25,75.83,71.64,24.13,24.68,24.81,24.89,25.56,0.7,0.71,0.71,0.76,0.93
2/15/2022 7:45,2.728,4.96,5.09,3574,49,41,36.72,47.730489,73.84,77.23,77.44,75.38,70.72,24.68,24.85,24.97,25.21,25.99,0.81,0.71,0.71,0.79,0.98
2/15/2022 8:00,2.787,5.16,5.1,3576,49.4,38.42,35.52,64.989599,70.62,79.14,77.77,75.34,69.99,25.64,24.98,25.42,25.75,26.7,0.97,0.66,0.72,0.82,1.05
2/15/2022 8:15,2.904,5.39,5.3,3575,49.3,38.06,35.07,124.328063,70,80.1,77.84,74.88,70.92,26.11,25.19,25.81,26.31,27.46,1.02,0.64,0.74,0.86,1.07
2/15/2022 8:30,3.098,5.82,5.58,3575,49.3,37.39,34.62,158.517537,71.24,80.7,77.83,75.31,74.95,26.32,25.46,26.26,26.78,28.91,0.99,0.63,0.76,0.87,1
2/15/2022 8:45,3.21,6.03,5.78,3575,49,36.6,34.04,212.760454,73.3,81.7,78.15,77.47,72.99,26.33,25.68,26.69,26.89,30.49,0.92,0.6,0.76,0.8,1.18
2/15/2022 9:00,3.442,6.56,6.1,3575,49.1,36.12,33.35,166.736161,75.04,82.6,78.71,79.55,70.69,26.3,25.86,27.01,27.13,31.83,0.85,0.58,0.76,0.73,1.38
2/15/2022 9:15,3.821,7.3,6.75,3576,49,35.52,33.21,235.608228,71.94,79.93,76.18,76.65,66.59,26.13,25.9,27.13,27.5,32.54,0.95,0.67,0.86,0.86,1.64
2/15/2022 9:30,4.048,7.79,7.09,3575,49.1,34.59,32.78,511.918359,71.51,78.8,75,74.86,63.07,26.05,25.97,27.19,27.87,32.95,0.96,0.71,0.9,0.94,1.85
2/15/2022 9:45,4.218,8.17,7.33,3575,49.1,33.71,32.46,234.128876,71.66,78.67,75.5,73.64,61.16,26.09,26.05,27.23,28.35,33.58,0.96,0.72,0.89,1.02,2.02
2/15/2022 10:00,4.362,8.45,7.58,NAN,49.4,33.35,32.25,270.94831,72.18,79.28,76.39,72.81,59.61,26.12,26.06,27.27,28.79,34.08,0.94,0.7,0.86,1.08,2.16
2/15/2022 10:15,4.475,8.61,7.84,3573,49.1,32.78,31.96,289.029283,72.84,79.73,77.1,72.5,59.54,26.15,26.1,27.3,29.17,34.08,0.92,0.69,0.83,1.11,2.16
2/15/2022 10:30,4.571,8.82,7.98,3571,48.9,32.44,31.77,270.619565,73.46,80.2,77.82,72.96,61,26.18,26.11,27.4,29.5,34.16,0.9,0.67,0.81,1.11,2.09
2/15/2022 10:45,4.661,9.04,8.09,3568,49.1,31.84,31.58,371.379893,74.06,80.8,77.88,72.98,60.01,26.22,26.09,27.53,29.79,34.43,0.88,0.65,0.81,1.13,2.18
2/15/2022 11:00,4.726,9.13,8.24,3564,49.3,31.6,31.34,374.996087,74.78,81.4,78.58,73.45,60.95,26.18,26.08,27.55,30.03,34.58,0.86,0.63,0.79,1.13,2.15
2/15/2022 11:15,4.807,9.27,8.4,3560,49.3,31.13,31.39,341.29973,75.45,81.8,79.3,74.71,60.4,26.17,26.12,27.56,30.19,34.33,0.83,0.62,0.76,1.08,2.15
2/15/2022 11:30,4.982,9.62,8.69,3555,49.3,30.31,31.29,696.837393,76.13,82.5,79.74,75.42,61.43,26.13,26.05,27.62,30.37,34.31,0.81,0.59,0.75,1.07,2.09
2/15/2022 11:45,5.068,9.77,8.86,3550,48.9,29.76,31.01,488.577467,76.84,83.2,80.2,75.86,61.6,26.13,26.06,27.6,30.54,34.25,0.78,0.57,0.73,1.06,2.07
2/15/2022 12:00,5.078,9.76,8.91,3544,49.1,29.31,30.79,809.432538,77.45,83.8,81,76.48,62.04,26.14,26,27.56,30.72,34.09,0.76,0.54,0.7,1.04,2.03
2/15/2022 12:15,5.153,9.96,8.98,3539,48.8,29.19,30.5,433.183943,77.89,84.3,81.7,76.6,63.29,26.13,26,27.51,30.77,33.81,0.75,0.53,0.67,1.04,1.93
2/15/2022 12:30,5.235,10.13,9.11,3533,48.9,29,30.43,408.363699,78.34,84.8,81.9,77.08,64.22,26.08,25.93,27.45,30.84,33.49,0.73,0.51,0.66,1.02,1.85
2/15/2022 12:45,11.458,32.19,9.13,3528,49,28.76,30.46,487.42686,79.1,85.4,82.3,77.06,65.96,25.97,25.8,27.37,30.79,33,0.7,0.48,0.64,1.02,1.71
2/15/2022 13:00,11.049,30.72,9.15,3524,48.9,28.35,30.1,387.981513,79.6,85.8,83,77.92,68.74,25.89,25.78,27.35,30.72,32.28,0.68,0.47,0.62,0.98,1.51
2/15/2022 13:15,11.784,33.16,9.33,3518,49,28.42,29.81,371.708637,80.1,86.2,83.2,78.44,70.74,25.89,25.8,27.4,30.72,31.8,0.66,0.46,0.61,0.95,1.38
2/15/2022 13:30,11.295,31.37,9.39,3513,48.8,28.26,29.43,350.175843,80.3,86.4,83.4,78.93,71.76,25.88,25.78,27.43,30.71,31.65,0.66,0.45,0.61,0.93,1.32
2/15/2022 13:45,11.611,32.63,9.24,3508,48.9,28.52,29.33,865.97667,80.6,86.8,83.5,79.48,73.19,25.94,25.81,27.46,30.7,31.39,0.65,0.44,0.6,0.91,1.23
2/15/2022 14:00,11.267,31.15,9.52,3504,48.7,28.4,28.74,953.258454,80.8,87.1,83.8,79.94,75.07,25.95,25.75,27.49,30.62,30.94,0.64,0.43,0.59,0.88,1.12
2/15/2022 14:15,11.361,31.55,9.45,3501,48.9,28.64,28.64,811.076263,80.5,87.1,83.9,80.2,76.04,26,25.8,27.48,30.56,30.65,0.66,0.43,0.59,0.87,1.06
2/15/2022 14:30,11.431,31.64,9.62,3496,48.6,28.81,28.59,782.475452,80.6,87.1,83.9,80.5,76.87,25.96,25.73,27.46,30.46,30.41,0.65,0.43,0.59,0.85,1
2/15/2022 14:45,11.364,31.41,9.61,3491,48.7,28.83,28.59,591.145892,80.8,87.4,83.8,80.6,77.57,25.91,25.67,27.44,30.4,30.16,0.64,0.42,0.59,0.84,0.96
2/15/2022 15:00,5.228,9.8,9.44,3489,48.9,28.54,28.54,354.285155,81.3,87.7,83.9,80.8,78.31,25.95,25.67,27.42,30.26,29.95,0.63,0.41,0.59,0.83,0.92
2/15/2022 15:15,4.784,8.89,8.72,3486,48.5,27.49,27.71,239.388795,84.7,90.4,86.3,82.3,80.5,26.6,26.17,27.57,30.18,29.95,0.53,0.33,0.51,0.76,0.83
2/15/2022 15:30,5.108,9.67,9.12,3485,48.6,28.28,27.97,226.896487,85.1,91.4,88.2,83.1,81.5,27.14,26.56,27.76,30.32,30.11,0.54,0.3,0.44,0.73,0.79
2/15/2022 15:45,5.359,10.06,9.66,3484,48.9,29.21,28.52,360.366937,84.3,91.3,88.7,83.4,81.3,27.37,26.66,27.71,30.18,30.09,0.57,0.3,0.42,0.71,0.8
2/15/2022 16:00,5.349,10.07,9.61,3483,48.6,29.6,28.69,236.758835,83.3,90.9,88.8,83.9,81,27.59,26.74,27.69,29.92,30.01,0.62,0.32,0.42,0.68,0.81
2/15/2022 16:15,5.406,10.17,9.72,NAN,48.7,29.6,28.88,181.036566,82.4,90.3,88.4,84,80.8,27.72,26.79,27.69,29.7,29.92,0.65,0.34,0.43,0.67,0.81
2/15/2022 16:30,5.352,10.08,9.61,3481,48.8,29.45,28.64,220.814705,81.6,89.8,88,84.1,80.4,27.72,26.8,27.65,29.48,29.81,0.68,0.36,0.44,0.65,0.82
2/15/2022 16:45,5.305,10.08,9.43,3482,49,29.79,28.97,209.308632,81.2,89.3,87.8,84,79.5,27.67,26.79,27.56,29.24,29.78,0.7,0.38,0.45,0.65,0.86
2/15/2022 17:00,5.246,9.88,9.42,3481,48.7,30.05,28.88,236.430091,81.3,89.3,87.8,84.4,79.85,27.61,26.75,27.5,28.97,29.55,0.69,0.38,0.45,0.62,0.83
2/15/2022 17:15,5.178,9.76,9.29,3482,48.7,30.34,29.38,170.352356,81.2,89,87.9,84.6,80.2,27.52,26.7,27.46,28.68,29.3,0.69,0.39,0.44,0.61,0.81
2/15/2022 17:30,5.059,9.45,9.17,3481,48.7,30.5,29.17,131.724824,81.1,89,87.6,84.9,80.8,27.4,26.56,27.42,28.33,28.86,0.69,0.38,0.45,0.58,0.76
2/15/2022 17:45,4.898,9.11,8.92,3482,48.9,31.22,29.6,63.017129,80.6,88.9,87.1,85,81.4,27.21,26.3,27.29,27.88,28.32,0.7,0.38,0.47,0.56,0.72
2/15/2022 18:00,4.75,8.77,8.72,3482,49.1,32.37,30.34,11.89729,80.2,88.7,86.6,85.1,81.6,26.94,26,27,27.41,27.76,0.7,0.38,0.48,0.54,0.69
2/15/2022 18:15,4.623,8.57,8.45,3482,48.9,33.66,31.1,-1.909998,79.73,88.3,86.2,85.1,82,26.61,25.63,26.61,26.91,27.13,0.71,0.38,0.48,0.53,0.65
2/15/2022 18:30,4.454,8.24,8.16,3484,49,34.95,32.11,-4.70433,79.19,87.8,85.8,85,82,26.2,25.28,26.18,26.42,26.6,0.71,0.39,0.48,0.52,0.63
2/15/2022 18:45,4.314,7.92,7.97,3485,49.1,36.05,32.7,-5.197448,79.21,87,85.7,84.8,81.8,25.73,25.07,25.77,25.97,26.2,0.69,0.41,0.47,0.51,0.62
2/15/2022 19:00,4.147,7.55,7.73,3487,49.1,36.82,33.06,-4.868703,80,85.1,85.5,84.8,81.1,25.06,25.15,25.4,25.6,26.02,0.64,0.48,0.47,0.5,0.64
2/15/2022 19:15,3.956,7.16,7.42,3490,49.3,37.49,33.66,-4.868703,81.2,82.9,84.8,84.3,79.96,24.49,25.4,25.24,25.4,25.95,0.58,0.55,0.49,0.51,0.67
2/15/2022 19:30,3.797,6.8,7.2,3494,49.4,37.7,33.73,-4.04684,82,81.6,83.9,83.8,79.28,24.08,25.55,25.2,25.26,25.85,0.54,0.6,0.52,0.52,0.69
2/15/2022 19:45,3.671,6.6,6.93,3498,49,38.42,34.02,-4.539958,82.3,81.1,83,83.3,78.5,23.82,25.47,25.21,25.15,25.81,0.52,0.62,0.55,0.53,0.71
2/15/2022 20:00,3.546,6.37,6.7,3502,49.3,38.51,34.31,-4.539958,82.4,82,82.2,82.8,78.04,23.66,25.08,25.24,25.09,25.76,0.51,0.57,0.57,0.55,0.73
2/15/2022 20:15,3.439,6.12,6.56,3505,49.4,38.75,34.62,-4.539958,82,83.4,81.1,81.9,77.2,23.59,24.54,25.33,25.12,25.78,0.52,0.51,0.61,0.58,0.76
2/15/2022 20:30,3.371,6.01,6.42,3508,49.4,39.23,34.88,-4.375585,81.6,84.1,80.3,81.1,76.66,23.47,24.14,25.32,25.08,25.68,0.53,0.48,0.64,0.6,0.77
2/15/2022 20:45,3.281,5.81,6.29,3511,49.5,39.66,35.07,-4.375585,81.3,84.7,79.52,80.4,76.08,23.37,23.84,25.32,25.05,25.64,0.54,0.45,0.66,0.62,0.79
2/15/2022 21:00,3.214,5.74,6.11,3515,49.1,40.09,35.62,-4.211213,81.4,84.9,78.3,79.7,75.54,23.21,23.66,25.46,25.07,25.63,0.53,0.44,0.71,0.65,0.8
2/15/2022 21:15,3.165,5.63,6.04,3518,49.5,39.97,35.64,-4.539958,81.3,84.7,77.42,79.05,74.93,23.12,23.61,25.57,25.07,25.63,0.53,0.45,0.74,0.67,0.82
2/15/2022 21:30,3.118,5.54,5.96,3520,49.1,40.16,35.67,-5.033075,81.1,84.3,76.15,78.32,74.43,23.02,23.57,25.75,25.11,25.65,0.53,0.46,0.79,0.69,0.84
2/15/2022 21:45,3.118,5.5,6,3523,49.3,40.5,35.48,-4.04684,81,84.1,75.45,77.69,74.03,22.9,23.49,25.8,25.14,25.62,0.53,0.46,0.82,0.71,0.85
2/15/2022 22:00,3.04,5.43,5.78,3525,49.1,40.78,36.03,-4.868703,80.9,83.9,74.88,77.13,73.56,22.85,23.45,25.83,25.15,25.62,0.53,0.46,0.84,0.73,0.87
2/15/2022 22:15,3.044,5.48,5.74,3528,49.3,41.05,36.07,-4.539958,80.7,83.6,74.36,76.59,73.2,22.79,23.39,25.85,25.16,25.57,0.54,0.47,0.85,0.75,0.88
2/15/2022 22:30,3.031,5.46,5.71,3529,49.3,40.9,35.96,-4.211213,80.6,83.3,73.77,76.12,72.86,22.69,23.36,25.9,25.17,25.56,0.53,0.48,0.88,0.76,0.89
2/15/2022 22:45,3.006,5.39,5.69,3532,49,41.74,36.17,-4.868703,80.3,83,73.42,75.83,72.49,22.67,23.35,25.87,25.1,25.55,0.54,0.49,0.89,0.77,0.9
2/15/2022 23:00,2.952,5.3,5.58,3533,49.1,41.67,36.07,-4.539958,80.1,82.7,72.98,75.48,72.14,22.61,23.34,25.87,25.1,25.53,0.55,0.5,0.9,0.78,0.91
2/15/2022 23:15,2.962,5.3,5.62,3535,48.9,42.19,36.39,-5.197448,80,82.6,72.5,75.13,71.78,22.54,23.29,25.9,25.1,25.52,0.55,0.5,0.92,0.79,0.92
2/15/2022 23:30,2.922,5.26,5.51,3537,49,42.67,36.6,-4.539958,80.1,82.3,72.3,74.64,71.47,22.46,23.27,25.87,25.11,25.49,0.54,0.51,0.92,0.81,0.93
2/15/2022 23:45,2.902,5.17,5.53,3538,49.1,42.48,36.48,-4.70433,79.89,82.2,72.26,74.52,71.29,22.43,23.24,25.84,25.11,25.49,0.55,0.51,0.92,0.81,0.94
2/16/2022 0:00,2.888,5.14,5.51,3540,49.3,42.62,36.62,-4.539958,79.76,82,72.32,74.29,71.1,22.42,23.22,25.78,25.1,25.53,0.55,0.51,0.92,0.82,0.94
2/16/2022 0:15,2.873,5.19,5.4,3541,49,42.86,36.79,-4.375585,79.73,81.9,72.19,74,70.95,22.4,23.21,25.78,25.13,25.5,0.55,0.52,0.92,0.83,0.95
2/16/2022 0:30,2.8,5.03,5.29,3544,49.1,42.77,37.37,-4.868703,79.62,81.8,71.63,73.76,70.71,22.38,23.24,25.88,25.15,25.53,0.55,0.52,0.95,0.84,0.96
2/16/2022 0:45,2.766,5.05,5.14,3545,49.1,42.89,37.27,-4.539958,79.42,81.5,71.31,73.5,70.37,22.35,23.26,25.88,25.15,25.52,0.56,0.53,0.96,0.85,0.97
2/16/2022 1:00,2.716,4.92,5.09,3546,49,43.63,37.44,-4.539958,79.29,81.4,71.18,73.28,70.35,22.33,23.22,25.85,25.12,25.48,0.56,0.53,0.96,0.85,0.97
2/16/2022 1:15,2.729,4.92,5.14,3548,49.3,44.04,37.72,-4.70433,78.98,81.2,71.06,73.09,70.04,22.33,23.2,25.82,25.12,25.49,0.57,0.53,0.96,0.86,0.98
2/16/2022 1:30,2.649,4.8,4.96,3549,49.4,44.23,37.87,-4.211213,78.92,81,70.81,72.85,69.88,22.28,23.18,25.85,25.11,25.47,0.57,0.54,0.97,0.87,0.98
2/16/2022 1:45,2.637,4.76,4.96,NAN,49,44.37,37.8,-4.211213,78.91,81,70.87,72.71,69.77,22.27,23.14,25.82,25.13,25.48,0.57,0.54,0.97,0.87,0.99
2/16/2022 2:00,2.623,4.71,4.96,3550,49.1,44.51,37.89,-4.868703,78.85,80.9,70.5,72.47,69.4,22.23,23.13,25.87,25.14,25.54,0.57,0.54,0.98,0.88,1
2/16/2022 2:15,2.583,4.67,4.85,3551,49.1,44.7,38.06,-5.033075,78.76,80.8,70.12,72.11,69.22,22.22,23.15,25.93,25.2,25.56,0.57,0.54,1,0.89,1.01
2/16/2022 2:30,2.577,4.62,4.88,3551,48.9,44.61,38.01,-4.375585,78.74,80.7,70.06,71.97,69.11,22.22,23.16,25.93,25.2,25.56,0.57,0.55,1,0.9,1.01
2/16/2022 2:45,2.552,4.56,4.85,3553,49,44.94,38.13,-4.868703,78.9,80.6,70.26,71.96,69.06,22.18,23.19,25.89,25.23,25.59,0.56,0.55,0.99,0.9,1.02
2/16/2022 3:00,2.583,4.64,4.88,3553,48.9,44.85,37.84,-4.70433,78.91,80.6,70.25,71.95,69.03,22.24,23.21,25.91,25.25,25.62,0.57,0.55,0.99,0.9,1.02
2/16/2022 3:15,2.564,4.6,4.85,3554,49.3,44.73,37.96,-4.70433,78.6,80.5,70,71.76,68.78,22.27,23.22,25.93,25.27,25.62,0.58,0.56,1,0.91,1.03
2/16/2022 3:30,2.57,4.64,4.83,3554,49.1,44.8,37.96,-4.539958,78.56,80.3,70.13,71.65,68.78,22.22,23.18,25.87,25.24,25.59,0.57,0.56,1,0.91,1.02
2/16/2022 3:45,2.575,4.64,4.85,3554,48.9,44.85,38.15,-4.70433,78.42,80.2,69.41,71.41,68.61,22.19,23.16,25.97,25.2,25.55,0.58,0.56,1.03,0.92,1.03
2/16/2022 4:00,2.629,4.73,4.96,3554,48.9,44.85,37.82,-4.375585,77.97,79.71,68.8,70.89,68.08,22.13,23.15,25.93,25.16,25.53,0.59,0.58,1.04,0.93,1.04
2/16/2022 4:15,2.623,4.71,4.96,3554,49,44.75,38.11,-4.70433,77.71,79.35,68.67,70.59,67.82,22.02,23.1,25.8,25.06,25.4,0.59,0.58,1.04,0.93,1.04
2/16/2022 4:30,2.67,4.83,5.01,3555,49.3,44.78,38.13,-4.539958,77.32,79.14,68.16,70.14,67.52,21.96,23,25.78,25.05,25.34,0.6,0.59,1.06,0.95,1.05
2/16/2022 4:45,2.692,4.89,5.03,3555,49.3,44.78,38.15,-4.539958,77.16,78.8,67.83,70.1,67.41,21.87,22.98,25.78,24.97,25.25,0.6,0.59,1.07,0.95,1.05
2/16/2022 5:00,2.701,4.94,5.01,3555,48.8,44.51,38.06,-4.868703,77.35,78.81,68.33,70.14,67.49,21.76,22.89,25.59,24.87,25.18,0.59,0.59,1.04,0.94,1.04
2/16/2022 5:15,2.701,4.94,5.01,3557,49.1,44.92,38.39,-5.033075,77.57,78.84,68.29,70.07,67.44,21.66,22.79,25.54,24.81,25.13,0.58,0.59,1.04,0.94,1.04
2/16/2022 5:30,2.742,5.01,5.09,3557,49,44.37,38.44,-4.868703,77.66,78.87,68.18,69.98,67.54,21.55,22.72,25.48,24.75,25.03,0.57,0.58,1.04,0.94,1.03
2/16/2022 5:45,2.769,5.06,5.14,3558,49.3,44.18,38.11,-4.70433,77.81,78.94,68.32,70.03,67.4,21.48,22.64,25.39,24.68,25,0.57,0.58,1.03,0.93,1.03
2/16/2022 6:00,2.756,5.08,5.07,3559,49.3,43.94,37.94,-4.539958,77.82,78.98,68.39,69.95,67.22,21.42,22.62,25.35,24.65,25.01,0.57,0.58,1.02,0.93,1.04
2/16/2022 6:15,2.761,5.05,5.12,3559,49,43.96,38.32,-4.539958,78.06,78.96,68.38,69.88,67.23,21.37,22.56,25.28,24.64,24.93,0.56,0.58,1.02,0.93,1.03
2/16/2022 6:30,2.794,5.15,5.14,NAN,49.1,43.94,38.27,-4.375585,78.13,78.92,68.43,69.99,67.18,21.29,22.51,25.23,24.55,24.9,0.55,0.57,1.01,0.93,1.03
2/16/2022 6:45,2.798,5.21,5.09,3559,49,43.32,37.94,-4.375585,78.37,79.12,68.36,70.06,67.34,21.28,22.48,25.25,24.55,24.88,0.55,0.57,1.02,0.92,1.03
2/16/2022 7:00,2.805,5.17,5.16,3561,49,43.1,37.96,-3.882468,78.68,79.6,68.68,70.37,67.53,21.31,22.48,25.25,24.55,24.97,0.54,0.56,1.01,0.91,1.03
2/16/2022 7:15,2.803,5.21,5.11,3561,49.1,42.65,37.72,-0.101901,75.94,73.5,70.99,70.87,67.3,22.68,24.23,24.85,24.59,25.14,0.66,0.8,0.91,0.9,1.04
2/16/2022 7:30,2.918,5.46,5.28,3562,49.3,42.24,37.58,6.801743,68.66,71.43,72.21,70.8,66.77,24.24,24.63,24.53,24.54,25.22,0.95,0.89,0.86,0.9,1.07
2/16/2022 7:45,2.977,5.64,5.31,3562,48.9,42.05,37.41,6.144253,66.89,71.85,72.74,70.81,66.85,24.6,24.48,24.39,24.52,25.15,1.02,0.86,0.83,0.9,1.06
2/16/2022 8:00,3.052,5.75,5.48,3575,49.3,41.5,37.25,27.019557,66.76,72.52,73.17,71,67.17,24.64,24.36,24.31,24.5,25.14,1.03,0.84,0.82,0.89,1.05
2/16/2022 8:15,3.145,5.93,5.64,3574,49.3,38.78,36.31,116.602556,66.38,73.56,73.63,71.39,67.12,24.94,24.42,24.47,24.69,25.46,1.06,0.81,0.81,0.89,1.07
2/16/2022 8:30,3.204,6.02,5.77,3573,49,34.5,34.35,216.376649,63.91,75.11,74.18,71.38,65.96,25.94,24.86,25.18,25.52,26.56,1.21,0.78,0.83,0.94,1.18
2/16/2022 8:45,3.25,6.22,5.73,3573,48.9,37.37,34.43,40.333728,63.46,76.23,74.37,71.74,65.89,26.51,25.2,25.73,26,27.14,1.27,0.76,0.85,0.95,1.23
2/16/2022 9:00,3.44,6.69,5.95,3574,49.3,39.13,35.62,121.204986,64.15,76.89,75.21,73.5,69.34,26.26,24.86,25.4,25.52,26.05,1.22,0.73,0.8,0.87,1.03
2/16/2022 9:15,3.548,6.88,6.16,3575,49.3,38.63,35.5,195.665717,62.2,75.8,73.89,72.26,68.32,25.96,24.39,24.99,25.08,25.61,1.27,0.74,0.83,0.88,1.04
2/16/2022 9:30,3.703,7.15,6.46,3574,49.1,37.82,35.43,208.158025,60.42,74.96,72.47,70.89,66.94,25.86,24.11,24.78,24.86,25.46,1.32,0.75,0.86,0.91,1.08
2/16/2022 9:45,3.771,7.31,6.55,3573,49.3,37.75,35.24,187.775838,60.29,74.67,72.2,70.5,66.73,25.74,23.96,24.63,24.72,25.29,1.31,0.75,0.86,0.92,1.07
2/16/2022 10:00,3.842,7.42,6.7,3574,49.3,36.94,35.21,262.072197,60.59,74.5,72.3,70.42,66.76,25.57,23.89,24.49,24.63,25.17,1.29,0.76,0.85,0.92,1.06
2/16/2022 10:15,3.87,7.52,6.7,3574,48.9,37.56,35.5,204.213085,60.47,74.78,72.43,70.34,66.61,25.59,23.82,24.47,24.65,25.21,1.3,0.74,0.85,0.92,1.07
2/16/2022 10:30,3.913,7.6,6.78,3573,49.1,36.82,35.38,336.532928,60.42,74.1,72.24,70.15,66.46,25.5,23.82,24.4,24.57,25.13,1.29,0.76,0.85,0.92,1.07
2/16/2022 10:45,4.019,7.78,6.99,3572,49.1,35.5,34.59,327.328069,60.17,74.65,72.16,70.2,66.08,25.61,23.86,24.5,24.67,25.35,1.31,0.75,0.86,0.93,1.1
2/16/2022 11:00,4.152,8.02,7.24,3572,49.3,33.28,32.99,488.906212,60.27,75.47,72.65,70.55,65.4,25.91,24.11,24.81,25.05,26.01,1.33,0.74,0.86,0.94,1.16
2/16/2022 11:15,4.016,7.79,6.97,3571,49.3,34.23,33.23,268.318351,60.53,75.78,72.7,70.31,65.18,26.15,24.52,25.31,25.57,26.48,1.34,0.75,0.88,0.97,1.2
2/16/2022 11:30,4.029,7.78,7.03,3570,49,35.5,33.73,141.915917,61.03,75.87,72.57,70.77,67.15,26.06,24.48,25.34,25.41,25.93,1.31,0.74,0.89,0.95,1.1
2/16/2022 11:45,4.166,8.06,7.25,3569,49,34.26,33.25,385.84467,60.88,75.81,72.35,70.81,67.02,25.99,24.33,25.16,25.22,25.79,1.31,0.74,0.88,0.94,1.09
2/16/2022 12:00,4.207,8.17,7.29,3567,49.1,34.14,33.01,212.431709,60.81,75.79,72.46,70.59,66.01,26.14,24.55,25.35,25.53,26.32,1.33,0.75,0.89,0.96,1.16
2/16/2022 12:15,4.223,8.17,7.35,3566,49.3,34.78,33.33,230.677054,61.06,75.55,72.32,70.73,67.16,26.11,24.63,25.42,25.49,26.02,1.32,0.76,0.9,0.95,1.11
2/16/2022 12:30,4.318,8.37,7.5,3564,49.3,33.25,32.42,392.255197,61.4,75.72,72.64,71.05,66.94,26.09,24.63,25.4,25.49,26.16,1.3,0.75,0.89,0.94,1.12
2/16/2022 12:45,4.354,8.45,7.55,3561,49.3,32.25,31.87,404.254388,62.13,75.97,72.95,71.8,65.75,26.22,24.94,25.72,25.88,26.89,1.29,0.76,0.89,0.94,1.21
2/16/2022 13:00,4.373,8.49,7.58,3559,49.3,32.25,31.7,405.73374,63.56,76.57,73.17,71.63,66.98,26.18,25.15,25.98,26.22,26.84,1.24,0.75,0.9,0.97,1.17
2/16/2022 13:15,4.455,8.65,7.72,3556,49,32.18,31.91,432.855198,65.02,77.17,73.98,72.29,68.14,26.11,25.21,26.08,26.34,26.83,1.18,0.73,0.88,0.95,1.12
2/16/2022 13:30,4.442,8.65,7.67,3555,49,32.63,31.96,333.081106,66.1,77.31,74.57,73.01,69.1,26,25.26,26.05,26.37,26.77,1.14,0.73,0.86,0.93,1.09
2/16/2022 13:45,4.451,8.7,7.65,3554,49.1,33.59,32.87,315.328879,66.82,77.7,75.01,73.3,70.44,25.81,25.17,25.91,26.1,26.32,1.1,0.71,0.84,0.9,1.01
2/16/2022 14:00,4.508,8.82,7.74,3554,49.1,34.14,32.99,183.666526,66.79,77.9,75.1,73.79,70.87,25.67,24.99,25.67,25.74,26.01,1.09,0.7,0.82,0.87,0.98
2/16/2022 14:15,4.47,8.74,7.68,3552,49.1,34.9,33.85,104.603366,66.78,77.78,75.12,74.16,71,25.53,24.78,25.46,25.41,25.78,1.09,0.69,0.81,0.84,0.96
2/16/2022 14:30,4.47,8.74,7.68,3552,49.3,35.24,34.19,135.176646,66.04,77.46,75.2,74.1,70.82,25.46,24.56,25.15,25.13,25.55,1.11,0.7,0.79,0.83,0.96
2/16/2022 14:45,4.515,8.79,7.8,3551,49,34.78,34.04,225.252762,64.5,77.25,75.01,73.75,70.27,25.62,24.42,25,25.02,25.51,1.17,0.7,0.79,0.83,0.97
2/16/2022 15:00,4.417,8.57,7.66,3550,49,34.33,33.76,204.377458,64.11,77.22,74.84,73.48,69.82,25.79,24.46,25.05,25.11,25.65,1.19,0.7,0.8,0.85,0.99
2/16/2022 15:15,4.273,8.32,7.38,3548,49.4,33.95,33.8,237.74507,68.48,79.87,77.72,76.62,72.81,25.96,24.63,25.19,25.27,25.86,1.06,0.62,0.71,0.75,0.91
2/16/2022 15:30,4.337,8.4,7.54,3548,48.9,32.94,32.94,257.141022,69.39,81.4,79.16,77.92,73.96,26.19,24.76,25.38,25.51,26.09,1.04,0.58,0.68,0.72,0.88
2/16/2022 15:45,4.382,8.52,7.58,3547,49,31.91,32.32,396.035764,70.49,82,79.78,78.35,74.68,26.34,24.99,25.66,25.87,26.36,1.01,0.57,0.67,0.72,0.87
2/16/2022 16:00,4.312,8.45,7.39,3546,49.1,33.09,32.94,142.08029,71.58,82.6,80.5,79.15,75.55,26.33,25.08,25.75,25.94,26.39,0.97,0.55,0.65,0.7,0.84
2/16/2022 16:15,4.304,8.33,7.49,3547,48.9,33.28,32.99,117.260046,71.68,82.5,80.7,79.36,75.78,26.3,25.05,25.66,25.84,26.32,0.97,0.56,0.64,0.69,0.83
2/16/2022 16:30,4.22,8.17,7.34,3544,49.3,34.04,33.47,98.521584,71.41,82.5,80.7,79.36,75.79,26.27,24.97,25.57,25.75,26.22,0.98,0.55,0.63,0.68,0.82
2/16/2022 16:45,4.163,8.05,7.25,3545,49,34.76,34.02,93.919155,71.27,82.1,80.7,79.31,75.59,26.2,24.97,25.47,25.63,26.14,0.98,0.57,0.63,0.68,0.83
2/16/2022 17:00,4.154,8.01,7.26,3545,49.1,34.69,33.97,90.796078,70.74,81.6,80.6,79.05,75.25,26.16,24.96,25.35,25.54,26.08,0.99,0.58,0.63,0.69,0.84
2/16/2022 17:15,4.169,8.08,7.24,3545,49.1,34.71,34.11,77.153162,71.03,78.53,79.69,78.87,74.65,25.72,25.63,25.46,25.52,26.13,0.96,0.71,0.66,0.69,0.86
2/16/2022 17:30,4.024,7.77,7.02,3544,49.4,35.79,34.57,28.663282,73.88,77.3,78.06,78.39,74.5,24.85,25.69,25.63,25.43,25.96,0.82,0.75,0.72,0.7,0.86
2/16/2022 17:45,3.919,7.48,6.93,3545,49.3,36.53,34.81,19.787169,75.64,78.48,76.39,77.73,73.89,24.14,25.08,25.69,25.27,25.77,0.73,0.68,0.78,0.72,0.87
2/16/2022 18:00,3.887,7.46,6.83,3544,49,36.94,35.02,10.58231,76.7,80.4,75.21,77.07,73.38,23.71,24.35,25.67,25.11,25.61,0.68,0.6,0.82,0.73,0.87
2/16/2022 18:15,3.765,7.14,6.71,3545,49.3,37.75,35.48,-2.567488,77.14,81.1,73.98,76.11,72.58,23.31,23.93,25.7,25.04,25.5,0.65,0.56,0.86,0.76,0.89
2/16/2022 18:30,3.646,6.93,6.48,3545,49,38.7,35.91,-4.539958,77.37,81.3,72.96,75.22,71.89,23,23.59,25.67,24.98,25.39,0.64,0.54,0.89,0.78,0.91
2/16/2022 18:45,3.544,6.69,6.35,3544,49,39.42,36.15,-5.197448,77.52,81.5,71.77,74.3,71.18,22.77,23.3,25.75,24.95,25.31,0.62,0.53,0.94,0.81,0.93
2/16/2022 19:00,3.44,6.45,6.21,3544,49,40.38,36.55,-4.70433,77.4,81.2,70.75,73.38,70.41,22.54,23.12,25.76,24.9,25.24,0.62,0.53,0.97,0.84,0.95
2/16/2022 19:15,3.349,6.22,6.11,3544,48.9,41.09,36.86,-4.70433,77.49,80.8,69.46,72.3,69.59,22.24,22.95,25.8,24.86,25.16,0.6,0.54,1.01,0.87,0.97
2/16/2022 19:30,3.21,5.94,5.88,3544,49.3,41.98,36.89,-4.539958,77.6,80.3,69.1,71.44,68.78,22,22.84,25.67,24.83,25.13,0.59,0.55,1.02,0.9,1
2/16/2022 19:45,3.121,5.77,5.72,3544,49.3,42.17,37.17,-4.539958,77.7,79.92,68.97,71.1,68.41,21.87,22.79,25.57,24.77,25.11,0.58,0.56,1.02,0.9,1.01
2/16/2022 20:00,2.992,5.51,5.51,3545,48.9,42.74,37.37,-4.539958,77.84,79.85,69.03,70.98,68.29,21.71,22.72,25.48,24.72,25.05,0.58,0.56,1.01,0.9,1.01
2/16/2022 20:15,2.951,5.39,5.48,3544,49.3,43.29,37.49,-4.539958,77.87,79.66,68.94,70.8,68.22,21.63,22.67,25.4,24.67,24.99,0.57,0.56,1.01,0.91,1.01
2/16/2022 20:30,2.829,5.17,5.25,3544,49,43.37,37.77,-4.211213,77.8,79.6,68.79,70.62,68.04,21.6,22.62,25.38,24.67,24.97,0.57,0.56,1.01,0.91,1.01
2/16/2022 20:45,2.784,5.03,5.23,3545,49.1,44.15,37.7,-4.70433,77.78,79.51,68.82,70.51,67.81,21.52,22.6,25.31,24.62,24.95,0.57,0.56,1.01,0.91,1.02
2/16/2022 21:00,2.773,5.01,5.21,3545,49,44.2,37.84,-4.539958,77.68,79.43,68.69,70.24,67.63,21.46,22.54,25.26,24.6,24.93,0.57,0.56,1.01,0.92,1.02
2/16/2022 21:15,2.715,4.85,5.16,3545,49.3,44.2,37.82,-4.70433,77.61,79.26,68.64,70.09,67.43,21.41,22.47,25.19,24.54,24.85,0.57,0.56,1,0.92,1.02
2/16/2022 21:30,2.69,4.8,5.12,3544,49.4,45.02,37.99,-4.375585,77.46,79.04,68.51,69.85,67.35,21.34,22.43,25.12,24.51,24.78,0.57,0.57,1,0.93,1.02
2/16/2022 21:45,2.7,4.87,5.08,3545,49.3,44.73,38.06,-4.539958,77.32,78.92,68.37,69.48,66.95,21.26,22.36,25.03,24.48,24.76,0.57,0.57,1,0.94,1.03
2/16/2022 22:00,2.642,4.73,5.01,3544,49,44.87,38.2,-4.868703,77.18,78.74,67.78,69.15,66.88,21.17,22.3,25.07,24.43,24.65,0.57,0.57,1.02,0.94,1.03
2/16/2022 22:15,2.637,4.76,4.96,3544,48.9,45.04,38.15,-4.70433,77.08,78.58,68,69.01,66.63,21.1,22.24,24.92,24.38,24.61,0.57,0.57,1.01,0.95,1.03
2/16/2022 22:30,2.624,4.73,4.94,3545,49,45.11,38.37,-4.70433,76.98,78.32,67.97,68.78,66.41,21,22.17,24.81,24.31,24.55,0.57,0.58,1,0.95,1.04
2/16/2022 22:45,2.638,4.78,4.94,3544,49,45.23,38.13,-4.868703,76.91,78.23,67.75,68.59,66.14,20.89,22.1,24.75,24.24,24.53,0.57,0.58,1.01,0.95,1.04
2/16/2022 23:00,2.593,4.62,4.94,3544,49.1,45.25,38.35,-4.539958,76.89,78.17,67.82,68.59,66.14,20.84,22.03,24.64,24.15,24.41,0.57,0.58,1,0.95,1.04
2/16/2022 23:15,2.598,4.64,4.94,3544,49,45.4,38.27,-4.539958,76.84,78.15,67.61,68.46,66.15,20.75,21.96,24.63,24.12,24.35,0.57,0.58,1,0.95,1.03
2/16/2022 23:30,2.587,4.62,4.92,3544,49.3,45.02,38.13,-4.539958,76.98,78.08,67.46,68.26,66.08,20.65,21.91,24.59,24.1,24.31,0.56,0.58,1.01,0.95,1.03
2/16/2022 23:45,2.569,4.62,4.85,3545,49.4,45.37,38.27,-4.539958,77.01,77.96,67.74,68.2,65.79,20.6,21.85,24.48,24.03,24.3,0.56,0.58,0.99,0.95,1.04
2/17/2022 0:00,2.569,4.62,4.85,3545,49.3,45.66,38.25,-4.868703,76.98,78.02,67.64,68.33,65.92,20.54,21.78,24.45,23.97,24.21,0.56,0.57,0.99,0.94,1.03
2/17/2022 0:15,2.586,4.66,4.87,3548,48.9,46.62,38.68,-4.539958,80.7,84.6,73.35,77.09,69.2,20.35,21.04,23.85,22.98,23.88,0.46,0.38,0.79,0.64,0.91
2/17/2022 0:30,2.472,4.36,4.76,3548,49.1,46.86,38.85,-5.033075,83,88.6,75.77,79.12,72.46,19.87,20.29,23.44,22.59,23.43,0.39,0.27,0.7,0.57,0.79
2/17/2022 0:45,2.347,4.09,4.57,3551,49.1,46.52,38.61,-4.868703,84.5,89,75.72,77.9,72.29,19.66,20.27,23.42,22.8,23.5,0.35,0.26,0.7,0.61,0.8
2/17/2022 1:00,2.329,4.12,4.47,3551,48.9,46.55,38.66,-4.868703,85,88.4,74.47,76.41,71.48,19.64,20.35,23.64,23.03,23.64,0.34,0.28,0.75,0.66,0.83
2/17/2022 1:15,2.299,4.04,4.44,3558,49.4,47.12,38.87,-4.539958,85.4,89.4,77.1,80.6,72.75,19.59,20.22,23.34,22.48,23.51,0.33,0.25,0.66,0.53,0.79
2/17/2022 1:30,2.233,3.91,4.33,3558,48.9,47.1,38.85,-4.539958,85.9,90.6,77.06,80.7,73.8,19.55,20.03,23.32,22.4,23.29,0.32,0.22,0.66,0.52,0.75
2/17/2022 1:45,2.205,3.83,4.31,3559,49,47.48,39.11,-4.70433,86.2,90.4,76.74,79.38,73.05,19.52,20.07,23.33,22.63,23.47,0.31,0.23,0.67,0.57,0.78
2/17/2022 2:00,2.206,3.84,4.3,3561,48.9,47.05,38.82,-4.70433,86.3,89.9,75.71,77.87,72.11,19.53,20.19,23.52,22.93,23.7,0.31,0.24,0.7,0.62,0.82
2/17/2022 2:15,2.194,3.8,4.3,3564,49,47.53,38.66,-4.375585,86.4,90.3,78.05,81.4,73.23,19.58,20.19,23.25,22.43,23.58,0.31,0.23,0.63,0.5,0.78
2/17/2022 2:30,2.126,3.67,4.18,3566,49.1,47.98,39.13,-4.868703,86.5,91,76.98,81,74.12,19.51,20.05,23.49,22.45,23.33,0.31,0.21,0.67,0.52,0.74
2/17/2022 2:45,2.176,3.8,4.23,3566,49.1,45.83,38.92,-4.375585,87.1,89.1,71.09,78.94,69.01,19.81,21.02,25.38,23.44,24.99,0.3,0.27,0.94,0.61,0.98
2/17/2022 3:00,2.217,3.88,4.3,3566,49.1,44.7,38.15,-4.868703,86.9,83.6,68.31,74.26,64.39,20.45,22.54,26.46,24.86,26.6,0.31,0.45,1.09,0.81,1.24
2/17/2022 3:15,2.303,4.14,4.35,3566,48.8,43.82,37.82,-4.868703,86.2,80.5,66.45,71.62,62.4,21.04,23.55,27.19,25.72,27.41,0.34,0.57,1.21,0.94,1.37
2/17/2022 3:30,2.391,4.33,4.48,3567,49.1,42.6,37.25,-4.539958,84.8,78.33,65.63,69.69,60.98,21.64,24.41,27.65,26.42,28.11,0.39,0.66,1.27,1.04,1.48
2/17/2022 3:45,2.486,4.53,4.63,3567,48.9,42.12,37.08,-4.70433,83,76.78,64.77,67.79,59.99,22.3,25.05,28.1,27.06,28.62,0.46,0.74,1.34,1.15,1.57
2/17/2022 4:00,2.615,4.81,4.82,3566,49.3,41.67,36.72,-4.539958,81,74.5,64.31,66.36,59.28,22.87,25.76,28.34,27.54,28.95,0.53,0.85,1.38,1.24,1.63
2/17/2022 4:15,2.64,4.9,4.82,3567,49.3,41.36,36.79,-4.539958,79.24,72.23,64.09,65.61,59.08,23.28,26.46,28.5,27.8,29.12,0.59,0.96,1.4,1.28,1.65
2/17/2022 4:30,2.725,5.07,4.96,NAN,48.9,41.21,36.5,-4.539958,77.73,69.65,64.76,65.45,59.11,23.7,27.11,28.38,27.89,29.17,0.65,1.09,1.36,1.3,1.65
2/17/2022 4:45,2.82,5.27,5.11,3567,48.9,40.76,36.46,-4.211213,76.59,66.96,65.26,65.6,59.29,24.01,27.93,28.33,27.9,29.19,0.7,1.24,1.34,1.29,1.65
2/17/2022 5:00,2.875,5.37,5.21,3567,49,40.64,36.36,-4.539958,75.48,64.52,65.96,65.6,59.63,24.32,28.67,28.2,27.89,29.15,0.75,1.39,1.3,1.29,1.63
2/17/2022 5:15,2.894,5.44,5.21,3566,49,40.57,36.46,-4.539958,74.64,63.55,66.53,65.32,59.96,24.53,28.97,28.09,28,29.1,0.78,1.46,1.27,1.31,1.61
2/17/2022 5:30,2.996,5.66,5.36,3567,48.9,40.23,36.34,-4.868703,74.06,62.9,66.86,65.25,60.02,24.71,29.17,28.03,28.04,29.11,0.81,1.5,1.25,1.32,1.61
2/17/2022 5:45,3.009,5.69,5.38,3567,49.3,40.23,36.29,-4.70433,73.39,62.35,67.17,65.46,60.15,24.84,29.34,27.96,28,29.08,0.83,1.54,1.24,1.31,1.6
2/17/2022 6:00,3.069,5.82,5.47,3566,49,40.19,36.29,-4.70433,72.78,62.07,67.35,65.27,60.3,24.96,29.39,27.9,28,29.02,0.86,1.55,1.23,1.31,1.59
2/17/2022 6:15,3.131,6,5.51,3567,49.4,39.8,36.12,-4.70433,72.42,61.86,67.3,65.19,60.4,25.03,29.45,27.88,28.02,29,0.88,1.57,1.23,1.32,1.59
2/17/2022 6:30,3.168,6.05,5.6,3567,49.1,40.02,36.12,-4.539958,72.2,61.69,67.25,65.1,60.49,25.08,29.46,27.9,28.02,28.94,0.88,1.58,1.23,1.32,1.58
2/17/2022 6:45,3.22,6.14,5.7,3566,49.1,39.88,36.19,-4.539958,71.71,61.94,67.46,65.43,60.59,25.2,29.42,27.83,27.95,28.93,0.91,1.56,1.22,1.3,1.57
2/17/2022 7:00,3.236,6.17,5.73,3566,49.5,39.59,36.07,-2.567488,71.04,62.39,67.54,65.21,60.72,25.4,29.27,27.78,27.97,28.89,0.94,1.53,1.21,1.31,1.56
2/17/2022 7:15,3.292,6.38,5.72,3567,49.3,38.97,35.72,4.829273,68.38,67.83,66.97,64.58,60.93,26.44,27.74,27.81,28.1,28.86,1.09,1.2,1.23,1.35,1.55
2/17/2022 7:30,3.25,6.22,5.73,3569,49.3,39.21,36.03,13.541014,64.34,72.04,67.59,64.63,61.54,27.38,26.66,27.68,28.08,28.71,1.3,0.98,1.2,1.34,1.51
2/17/2022 7:45,3.348,6.42,5.89,3569,49,38.61,35.69,22.417128,62.61,73.15,68.32,64.8,61.89,27.77,26.43,27.53,28.11,28.67,1.39,0.93,1.17,1.34,1.5
2/17/2022 8:00,3.35,6.39,5.93,3569,49.1,38.87,35.72,34.745064,62.3,73.84,69.01,65.17,62.3,27.94,26.36,27.46,28.11,28.64,1.42,0.9,1.14,1.33,1.48
2/17/2022 8:15,3.427,6.59,6.01,3568,49.3,38.27,35.57,63.838992,62.69,74.38,69.59,65.83,62.8,27.88,26.36,27.43,28.04,28.62,1.4,0.88,1.11,1.29,1.46
2/17/2022 8:30,3.515,6.79,6.13,3569,49.4,37.39,35.19,77.481907,62.98,74.92,70.15,66.09,62.95,27.91,26.36,27.42,28.11,28.74,1.39,0.86,1.09,1.29,1.46
2/17/2022 8:45,3.591,6.91,6.29,3568,49.5,35.88,34.38,204.048713,63.45,75.46,70.77,66.37,63.19,27.95,26.41,27.49,28.22,28.86,1.38,0.85,1.07,1.29,1.46
2/17/2022 9:00,3.673,7.08,6.42,3568,49.3,34.31,33.18,184.817133,63.98,76.13,71.37,65.71,62.61,27.9,26.68,27.88,28.66,29.34,1.35,0.84,1.07,1.35,1.53
2/17/2022 9:15,4.091,7.98,7.05,3567,49,34.16,32.75,270.29082,61.91,74.48,68.42,63.16,64.6,27.44,26.72,28.06,28.9,29.92,1.39,0.9,1.2,1.47,1.5
2/17/2022 9:30,4.277,8.41,7.3,3567,49.3,33.95,32.97,460.798519,62.52,74.04,66.91,62.57,61.76,26.96,26.62,28.12,28.93,31.13,1.33,0.91,1.26,1.49,1.73
2/17/2022 9:45,4.344,8.45,7.51,3566,49.3,33.54,32.58,137.477861,63.1,74.36,66.85,62.38,64.11,26.75,26.47,28.03,28.78,31.19,1.3,0.89,1.26,1.49,1.63
2/17/2022 10:00,4.341,8.45,7.5,3567,49.1,34.23,33.11,194.843854,63.67,74.68,67.15,62.63,56.62,26.65,26.39,27.97,28.75,30.88,1.27,0.87,1.24,1.48,1.94
2/17/2022 10:15,4.441,8.61,7.71,3567,49.5,33.64,32.8,126.464905,63.54,74.88,68.15,63.48,61.05,26.57,26.19,27.69,28.44,28.91,1.27,0.85,1.18,1.42,1.55
2/17/2022 10:30,4.595,8.98,7.9,3566,49.3,32.94,32.27,249.415516,64,75.1,67.49,62.86,61.17,26.63,26.29,27.94,28.72,30.42,1.26,0.85,1.22,1.46,1.69
2/17/2022 10:45,4.532,8.86,7.79,3564,49.5,33.23,32.13,406.062485,65.28,75.37,67.56,63.34,60.59,26.56,26.42,28.19,28.98,31.48,1.21,0.85,1.24,1.47,1.82
2/17/2022 11:00,4.509,8.77,7.8,3563,49.4,33.71,32.49,254.34669,65.88,76.41,68.06,63.56,59.48,26.49,26.3,28.11,28.81,29.7,1.18,0.81,1.22,1.44,1.69
2/17/2022 11:15,4.643,9.04,8.02,3560,49,33.28,32.18,204.213085,65.66,74.64,68.34,65.99,64.24,26.45,26.21,27.85,28.6,29.72,1.19,0.86,1.19,1.33,1.49
2/17/2022 11:30,4.768,9.27,8.25,3558,49.1,32.87,32.32,758.477071,66.57,74.8,69.65,67.7,62.38,26.29,26.14,27.52,28.15,29.44,1.14,0.85,1.12,1.23,1.55
2/17/2022 11:45,4.743,9.32,8.1,3556,49.4,33.09,32.15,116.109439,66.95,75.18,70.64,69.56,64.81,26.31,26.14,27.37,28.05,30.16,1.13,0.84,1.07,1.15,1.51
2/17/2022 12:00,4.793,9.36,8.25,3554,49,32.06,32.06,564.188806,67.24,76.17,71.67,69.43,64.59,26.22,26,27.17,27.76,28.81,1.12,0.8,1.02,1.14,1.4
2/17/2022 12:15,4.956,9.64,8.57,3549,49.3,30.03,31.01,805.980716,67.3,76.11,71.8,71.23,65.1,26.32,26.01,27.22,27.87,30.36,1.12,0.8,1.02,1.08,1.51
2/17/2022 12:30,5.018,9.75,8.69,3543,49.1,29.55,30.62,489.563702,68.94,76.31,72.21,74.15,60.47,26.42,26.31,27.64,28.69,32.66,1.07,0.81,1.03,1.02,1.95
2/17/2022 12:45,5.042,9.76,8.77,3537,49,29.24,30.55,441.566939,70.35,77.22,73.49,74.01,59.78,26.39,26.4,27.8,29.45,33.09,1.02,0.78,0.99,1.07,2.03
2/17/2022 13:00,5.095,9.91,8.81,3531,49.3,29.17,30.22,447.977466,71.37,78.2,74.28,74.17,61.91,26.44,26.41,27.85,29.9,32.63,0.99,0.75,0.96,1.09,1.88
2/17/2022 13:15,5.09,9.93,8.77,3525,49.3,28.74,30.41,382.721593,72.12,79.02,75.21,74.08,65.13,26.45,26.4,27.87,30.21,31.82,0.96,0.72,0.93,1.11,1.64
2/17/2022 13:30,11.096,31.08,8.94,3520,48.9,28.52,30.15,362.503779,72.86,79.82,76.06,74.31,67.34,26.44,26.36,27.86,30.27,31.34,0.94,0.69,0.9,1.11,1.5
2/17/2022 13:45,11.26,31.46,9.16,3514,48.8,28.54,29.95,378.283536,73.24,80.3,76.41,74.22,68.66,26.45,26.34,27.85,30.36,31.04,0.92,0.68,0.88,1.12,1.41
2/17/2022 14:00,11.704,33.09,9.1,NAN,49.1,28.54,29.69,384.200946,73.64,80.7,76.76,75.47,70.67,26.41,26.28,27.86,30.24,30.64,0.91,0.66,0.87,1.06,1.29
2/17/2022 14:15,11.427,32.06,9.15,3502,48.9,28.38,29.76,375.817949,73.96,81.1,77.27,76.06,71.81,26.44,26.26,27.84,30.3,30.47,0.9,0.65,0.85,1.03,1.23
2/17/2022 14:30,11.73,33.1,9.19,3498,49,28.33,29.12,353.134548,74.22,81.6,77.43,75.9,72.55,26.43,26.23,27.84,30.22,30.22,0.89,0.63,0.85,1.04,1.18
2/17/2022 14:45,11.684,32.89,9.24,3493,48.9,28.38,28.71,325.026855,74.11,81.5,77.09,75.97,73.48,26.45,26.22,27.81,30.13,29.85,0.89,0.63,0.86,1.03,1.12
2/17/2022 15:00,11.64,32.63,9.35,3489,48.9,28.21,28.42,288.043048,74.93,81.9,77.24,76.18,73.86,26.41,26.18,27.78,29.97,29.71,0.86,0.61,0.85,1.01,1.09
2/17/2022 15:15,5.015,9.45,9,3485,49,27.78,27.9,274.23576,80,86.4,81.2,78.43,76.91,26.61,26.27,27.8,29.84,29.6,0.7,0.46,0.7,0.91,0.96
2/17/2022 15:30,4.985,9.42,8.92,3484,48.8,27.95,27.64,258.456002,81.4,88.6,84.1,79.96,78.83,26.8,26.34,27.78,29.86,29.65,0.66,0.39,0.59,0.84,0.88
2/17/2022 15:45,5.077,9.54,9.14,3482,48.7,28.47,27.92,287.221185,81,88.8,84.9,81.1,78.99,27.07,26.44,27.71,29.69,29.67,0.68,0.39,0.56,0.79,0.87
2/17/2022 16:00,5.155,9.67,9.3,3479,48.8,28.57,28.02,252.867338,80.5,88.6,85.4,81.8,78.88,27.29,26.58,27.69,29.5,29.71,0.71,0.4,0.54,0.75,0.88
2/17/2022 16:15,5.285,10.01,9.43,3478,49,28.9,28.11,198.953166,79.93,88.3,85.4,82.1,78.45,27.35,26.63,27.63,29.35,29.7,0.73,0.41,0.54,0.73,0.9
2/17/2022 16:30,5.358,10.14,9.57,3478,48.9,29.07,28.4,250.566123,79.65,88,85.6,82.1,78.55,27.35,26.61,27.46,29.14,29.55,0.74,0.42,0.53,0.72,0.89
2/17/2022 16:45,5.368,10.14,9.61,3477,48.8,29.36,28.54,208.651142,79.48,88.1,86,82.4,78.04,27.35,26.57,27.4,28.97,29.51,0.75,0.41,0.51,0.7,0.91
2/17/2022 17:00,5.395,10.18,9.67,3477,48.9,29.81,28.5,199.939401,79.08,88,85.8,82.3,77.58,27.31,26.45,27.27,28.67,29.35,0.76,0.41,0.51,0.7,0.92
2/17/2022 17:15,5.425,10.23,9.73,3477,48.9,30.07,29,134.190411,78.45,87.8,85.9,82.4,77.77,27.18,26.23,27.15,28.31,28.99,0.78,0.42,0.51,0.68,0.89
2/17/2022 17:30,5.318,9.97,9.6,3477,49.3,30.36,29.07,131.231707,78.25,87.7,85.3,82.4,78.28,26.92,25.96,27.02,27.91,28.44,0.77,0.41,0.52,0.66,0.84
2/17/2022 17:45,5.254,9.91,9.42,3478,49.1,30.89,29.43,73.865713,77.94,87.5,84.9,82.1,78.86,26.62,25.57,26.7,27.4,27.77,0.77,0.41,0.53,0.65,0.79
2/17/2022 18:00,5.144,9.66,9.27,3478,48.9,31.77,29.74,20.115913,77.6,87.1,84.6,82.1,78.95,26.27,25.21,26.26,26.83,27.13,0.77,0.41,0.53,0.63,0.76
2/17/2022 18:15,5.036,9.37,9.17,3478,49.3,32.37,30.22,-1.581253,77.62,86.4,83.7,79.91,75.4,26.06,25.04,26.01,26.61,27.25,0.75,0.43,0.55,0.7,0.89
2/17/2022 18:30,4.857,9.03,8.85,3478,49.3,33.04,30.79,-4.539958,75.32,84.3,80.8,76.88,72.32,26.18,25.13,26.21,26.87,27.56,0.84,0.5,0.65,0.82,1.02
2/17/2022 18:45,4.687,8.65,8.61,3479,49.1,33.66,31.34,-4.539958,72.88,82,78.1,74.59,70.44,26.22,25.3,26.37,26.94,27.6,0.92,0.58,0.75,0.9,1.09
2/17/2022 19:00,4.499,8.28,8.29,3480,49.3,34.26,31.6,-5.033075,71.96,79.41,75.5,72.56,68.9,26.08,25.6,26.6,27.05,27.62,0.95,0.68,0.85,0.98,1.15
2/17/2022 19:15,4.414,8.09,8.17,3481,49.4,34.88,31.94,-4.70433,71.42,78.14,74.41,71.29,68.09,25.89,25.63,26.59,27.01,27.52,0.95,0.72,0.89,1.02,1.17
2/17/2022 19:30,4.275,7.81,7.94,3483,49.4,35.09,32.01,-4.70433,71.57,76.09,73.21,70.06,67.13,25.56,25.92,26.61,27.08,27.52,0.93,0.8,0.93,1.07,1.21
2/17/2022 19:45,4.191,7.66,7.78,3485,49.4,35.36,32.37,-4.70433,71.64,73.84,71.9,68.99,66.22,25.38,26.34,26.76,27.15,27.59,0.92,0.9,0.99,1.12,1.25
2/17/2022 20:00,4.088,7.47,7.59,3489,49,35.72,32.82,-4.539958,71.68,71.63,71.04,68.17,65.35,25.21,26.76,26.82,27.19,27.67,0.91,1,1.02,1.15,1.28
2/17/2022 20:15,3.976,7.24,7.41,3490,49.5,36.03,32.82,-4.868703,71.84,69.93,70.69,67.67,64.54,25.01,27.08,26.81,27.17,27.71,0.89,1.08,1.03,1.16,1.32
2/17/2022 20:30,3.955,7.24,7.33,3493,49.1,36.22,33.13,-4.868703,71.53,68.34,70.31,67.16,63.95,24.93,27.36,26.76,27.16,27.72,0.9,1.15,1.04,1.18,1.34
2/17/2022 20:45,3.901,7.12,7.25,3494,49.5,36.29,33.33,-4.70433,71.66,67.12,69.67,66.74,63.36,24.79,27.54,26.78,27.16,27.73,0.89,1.21,1.07,1.2,1.36
2/17/2022 21:00,3.842,7.05,7.1,3498,49.1,36.41,33.56,-4.70433,71.75,66.2,69.26,66.25,62.94,24.61,27.68,26.77,27.15,27.72,0.87,1.25,1.08,1.21,1.38
2/17/2022 21:15,3.807,7,7.02,3499,49.4,36.67,33.92,-4.868703,71.81,65.5,68.74,65.81,62.37,24.49,27.76,26.77,27.13,27.77,0.87,1.29,1.1,1.23,1.4
2/17/2022 21:30,3.747,6.89,6.91,3502,49.1,36.6,34.02,-4.539958,71.98,64.35,68.31,65.44,61.93,24.29,27.95,26.79,27.11,27.76,0.85,1.34,1.12,1.24,1.42
2/17/2022 21:45,3.721,6.88,6.82,3505,49.1,36.82,34.5,-4.70433,71.87,63.7,67.85,65.07,61.54,24.21,28.01,26.77,27.11,27.75,0.85,1.37,1.13,1.25,1.43
2/17/2022 22:00,3.693,6.81,6.79,3507,49.1,36.86,34.33,-4.868703,71.78,63.19,67.46,64.61,61.09,24.12,28.06,26.77,27.11,27.77,0.85,1.4,1.14,1.27,1.45
2/17/2022 22:15,3.677,6.78,6.76,3508,49.3,37.15,34.66,-4.539958,71.59,62.97,66.95,64.28,60.73,24.03,28.01,26.82,27.1,27.78,0.85,1.4,1.17,1.28,1.47
2/17/2022 22:30,3.638,6.65,6.75,3511,49.5,37.22,34.74,-4.539958,71.75,61.92,66.78,63.98,60.37,23.91,28.23,26.79,27.09,27.78,0.84,1.46,1.17,1.29,1.48
2/17/2022 22:45,3.601,6.64,6.62,3512,49,37.41,34.81,-5.033075,72.1,61.63,66.49,63.94,60.1,23.77,28.24,26.8,27.04,27.78,0.82,1.47,1.18,1.29,1.49
2/17/2022 23:00,3.536,6.52,6.5,3514,49.4,37.65,34.97,-4.375585,71.83,61.42,66.11,63.65,59.74,23.8,28.28,26.85,27.07,27.84,0.83,1.48,1.2,1.3,1.51
2/17/2022 23:15,3.567,6.54,6.6,3515,49.1,37.75,34.78,-4.539958,71.54,60.81,65.67,63.35,59.37,23.83,28.42,26.94,27.14,27.93,0.84,1.52,1.22,1.32,1.53
2/17/2022 23:30,3.532,6.47,6.54,3517,49.1,37.56,34.83,-4.70433,71.65,60.79,65.61,63.17,59.26,23.78,28.38,26.9,27.13,27.9,0.83,1.52,1.22,1.32,1.53
2/17/2022 23:45,3.52,6.54,6.42,3519,49.1,37.8,34.93,-4.539958,71.68,60.78,65.44,62.99,59.21,23.73,28.36,26.91,27.15,27.9,0.83,1.51,1.23,1.33,1.53
2/18/2022 0:00,3.537,6.57,6.45,3519,49.5,37.56,34.86,-4.70433,71.61,60.54,65.3,62.89,58.96,23.73,28.39,26.95,27.17,27.93,0.83,1.53,1.23,1.34,1.54
2/18/2022 0:15,3.513,6.56,6.37,3521,49.5,37.63,34.74,-4.211213,72.13,60.43,64.98,62.93,58.84,23.62,28.42,27,27.13,27.94,0.81,1.53,1.25,1.33,1.55
2/18/2022 0:30,3.536,6.66,6.35,3521,49.5,37.75,34.83,-4.70433,72.13,60.45,64.88,62.59,58.61,23.57,28.38,27.01,27.18,27.97,0.81,1.53,1.25,1.35,1.56
2/18/2022 0:45,3.518,6.55,6.4,3524,49.5,38.42,34.93,-4.70433,71.28,59.91,64.62,62.4,58.36,23.72,28.48,27.03,27.2,28.01,0.84,1.56,1.26,1.36,1.57
2/18/2022 1:00,3.508,6.57,6.34,3525,49.6,38.3,35.26,-5.033075,70.99,59.62,64.46,62.13,58.24,23.71,28.48,26.96,27.18,27.97,0.85,1.57,1.26,1.36,1.58
2/18/2022 1:15,3.5,6.57,6.31,3526,49.1,38.42,34.88,-4.375585,70.52,59.73,64.38,61.97,58.12,23.78,28.4,26.99,27.21,27.97,0.87,1.56,1.27,1.37,1.58
2/18/2022 1:30,3.5,6.56,6.32,3527,49.4,38.94,34.97,-4.211213,70.3,59.24,64.12,61.84,57.94,23.79,28.55,27.01,27.18,27.99,0.88,1.59,1.28,1.37,1.59
2/18/2022 1:45,3.478,6.52,6.28,3529,49,38.94,35.26,-4.539958,70.55,59.45,63.96,61.98,57.85,23.68,28.44,27.02,27.12,27.99,0.86,1.57,1.29,1.37,1.59
2/18/2022 2:00,3.468,6.54,6.22,3529,49.3,39.23,35.33,-4.539958,70.53,59.45,63.92,61.76,57.64,23.65,28.41,27.01,27.16,27.99,0.86,1.57,1.29,1.38,1.6
2/18/2022 2:15,3.466,6.55,6.2,3531,49.1,38.87,35.29,-4.868703,70.41,59.17,63.45,61.72,57.49,23.62,28.48,27.13,27.15,28.05,0.86,1.59,1.31,1.38,1.61
2/18/2022 2:30,3.421,6.39,6.2,3532,49,39.37,35.55,-4.211213,70.43,58.86,63.24,61.65,57.35,23.6,28.55,27.17,27.15,28.03,0.86,1.61,1.32,1.38,1.61
2/18/2022 2:45,3.419,6.43,6.15,3533,49.1,39.52,35.69,-4.04684,70.29,58.86,63.11,61.32,57.23,23.63,28.5,27.13,27.17,28.03,0.87,1.6,1.33,1.39,1.62
2/18/2022 3:00,3.394,6.38,6.11,3533,49.4,39.66,35.74,-5.36182,69.87,58.92,62.89,61.11,56.94,23.62,28.41,27.1,27.17,28,0.88,1.59,1.33,1.4,1.63
2/18/2022 3:15,3.422,6.47,6.12,3534,49.3,39.64,35.64,-4.868703,69.8,58.6,62.4,60.92,56.86,23.58,28.46,27.2,27.16,28,0.88,1.61,1.36,1.41,1.63
2/18/2022 3:30,3.366,6.27,6.12,3535,49.4,39.78,35.76,-4.539958,70.02,58.69,62.18,60.99,56.67,23.48,28.41,27.24,27.13,28.04,0.87,1.6,1.37,1.4,1.64
2/18/2022 3:45,3.373,6.36,6.05,3535,49.5,39.83,35.84,-4.70433,69.62,58.46,62.25,60.95,56.63,23.64,28.45,27.19,27.12,28.06,0.89,1.61,1.36,1.4,1.65
2/18/2022 4:00,3.39,6.4,6.07,3538,49.4,39.78,35.79,-4.539958,68.86,58.82,62.48,60.69,56.58,23.81,28.32,27.14,27.18,28.04,0.92,1.59,1.35,1.42,1.65
2/18/2022 4:15,3.322,6.27,5.95,3538,49.3,39.85,35.67,-4.375585,68.47,58.65,62.37,60.66,56.58,23.93,28.42,27.18,27.21,28.07,0.94,1.6,1.36,1.42,1.65
2/18/2022 4:30,3.374,6.39,6.02,3538,49.1,40.02,35.57,-4.868703,68.48,58.45,62.48,60.9,56.54,23.95,28.54,27.18,27.17,28.12,0.94,1.62,1.35,1.41,1.65
2/18/2022 4:45,3.333,6.3,5.96,3539,49.5,40.11,35.96,-4.375585,68.54,58.81,62.57,60.86,56.67,23.98,28.45,27.19,27.24,28.14,0.94,1.6,1.35,1.42,1.65
2/18/2022 5:00,3.345,6.29,6.02,3540,49.4,40.02,35.74,-4.539958,68.37,58.97,62.81,60.81,56.81,24.06,28.47,27.19,27.26,28.13,0.95,1.59,1.34,1.42,1.64
2/18/2022 5:15,3.294,6.19,5.93,3542,49.4,40.09,35.76,-4.70433,68.19,58.27,62.69,60.97,56.76,24.11,28.69,27.22,27.24,28.14,0.96,1.64,1.35,1.41,1.65
2/18/2022 5:30,3.334,6.36,5.9,3542,49.3,39.66,35.84,-4.70433,67.98,58.79,62.78,60.65,56.87,24.18,28.49,27.18,27.31,28.1,0.97,1.6,1.34,1.43,1.64
2/18/2022 5:45,3.326,6.24,6,3542,49.1,40.26,35.69,-4.375585,67.58,58.34,62.79,60.68,56.66,24.24,28.61,27.16,27.29,28.15,0.98,1.63,1.34,1.43,1.65
2/18/2022 6:00,3.382,6.39,6.05,3544,49.4,40.04,35.91,-4.70433,67.26,57.52,62.54,60.62,56.5,24.21,28.78,27.15,27.22,28.08,0.99,1.68,1.35,1.42,1.65
2/18/2022 6:15,3.405,6.38,6.15,3544,49.3,39.85,35.62,-4.539958,67.19,58.27,62.13,60.31,56.48,24.18,28.45,27.19,27.26,28.03,0.99,1.62,1.37,1.44,1.65
2/18/2022 6:30,3.43,6.48,6.14,3545,49.4,39.52,35.88,-4.70433,66.81,57.63,62.26,60.17,56.45,24.23,28.68,27.18,27.28,28.09,1,1.67,1.36,1.44,1.65
2/18/2022 6:45,3.409,6.47,6.07,3545,49.1,39.64,35.98,-4.70433,67.06,57.73,62.23,60.41,56.47,24.19,28.68,27.18,27.24,28.04,0.99,1.66,1.36,1.43,1.65
2/18/2022 7:00,3.41,6.5,6.04,3545,49.3,39.42,35.74,-1.252508,67.17,57.66,62.23,60.4,56.59,24.22,28.71,27.2,27.24,28.04,0.99,1.67,1.36,1.43,1.64
2/18/2022 7:15,3.413,6.42,6.14,3547,49.1,38.97,35.45,8.281095,62.73,63.08,62.36,59.81,56.73,25.92,27.19,27.2,27.47,28.14,1.25,1.33,1.36,1.47,1.65
2/18/2022 7:30,3.477,6.57,6.22,3546,49.3,38.27,35.36,29.1564,57.41,67.62,63.3,60.23,57.42,27.39,26.16,27.1,27.54,28.12,1.55,1.1,1.32,1.46,1.62
2/18/2022 7:45,3.49,6.6,6.24,3546,49.4,36.12,34.19,46.744254,57.15,69.65,64.8,60.63,57.46,27.76,26.16,27.22,27.9,28.59,1.6,1.03,1.27,1.48,1.66
2/18/2022 8:00,3.529,6.69,6.29,3546,49.1,34.45,33.06,68.770166,58.52,71,66.36,61.5,58.31,27.91,26.54,27.58,28.3,28.96,1.56,1.01,1.24,1.48,1.67
2/18/2022 8:15,3.595,6.87,6.35,3546,49.1,33.66,32.18,88.823608,60.81,72.25,67.57,62.18,59.6,27.8,26.84,27.93,28.61,29.16,1.46,0.98,1.22,1.48,1.63
2/18/2022 8:30,3.734,7.15,6.58,3546,49.4,32.99,31.6,113.972597,63.56,74.07,67.67,63.11,61.44,27.57,26.84,28.22,28.82,29.51,1.34,0.92,1.24,1.46,1.59
2/18/2022 8:45,3.854,7.37,6.8,3546,49.3,32.56,31.6,270.29082,66.07,76.1,69.84,64.62,68.41,27.43,26.88,28.15,28.95,30.7,1.24,0.85,1.15,1.41,1.4
2/18/2022 9:00,3.967,7.68,6.9,3546,49.1,32.75,31.27,172.489198,67.53,77.51,71.32,65.64,69.05,27.52,27.09,28.33,29.27,32.24,1.19,0.81,1.11,1.4,1.49
2/18/2022 9:15,4.375,8.45,7.63,3546,49.3,33.09,31.56,243.00499,66.8,76.17,68.38,63.9,65.5,26.9,26.94,28.58,29.55,33.45,1.18,0.85,1.24,1.49,1.78
2/18/2022 9:30,4.571,8.83,7.97,3544,49.3,32.75,31.91,500.247913,67.29,76.02,66.99,62.95,64.44,26.53,26.74,28.7,29.65,33.99,1.13,0.84,1.3,1.54,1.89
2/18/2022 9:45,4.693,9.04,8.21,3541,49.4,32.46,31.8,232.813896,67.65,75.93,66.61,62.92,61.66,26.45,26.84,28.83,29.73,34.79,1.12,0.85,1.32,1.55,2.13
2/18/2022 10:00,4.792,9.4,8.2,3537,49.4,31.94,31.39,282.783128,68.54,76.12,66.83,63.53,58.38,26.44,26.87,28.95,29.89,35.73,1.09,0.84,1.32,1.54,2.44
2/18/2022 10:15,4.856,9.47,8.37,NAN,49.1,31.39,31.27,260.099727,69.21,76.61,66.86,63.58,57.5,26.45,26.9,29.12,30.04,36.56,1.06,0.83,1.34,1.55,2.6
2/18/2022 10:30,4.905,9.57,8.45,3529,49.4,30.6,30.98,276.208229,69.34,76.77,66.79,63.59,55.16,26.59,27.01,29.28,30.25,37.1,1.07,0.83,1.35,1.57,2.83
2/18/2022 10:45,4.919,9.51,8.57,3523,49,29.86,30.86,422.664105,69.94,77.29,66.7,63.57,52.76,26.63,27.02,29.45,30.43,37.07,1.05,0.81,1.37,1.58,2.98
2/18/2022 11:00,5.031,9.76,8.73,3518,49.1,29.74,30.72,488.577467,70.89,77.95,66.99,64.38,52.96,26.55,27.05,29.57,30.6,36.35,1.01,0.79,1.37,1.56,2.85
2/18/2022 11:15,5.208,10.07,9.07,3514,49.1,29.62,30.6,386.995278,71.53,77.22,69.38,66.88,55.14,26.39,26.94,29.12,30.81,35.5,0.98,0.81,1.24,1.47,2.59
2/18/2022 11:30,5.175,10,9.02,3508,49,29.24,30.53,841.978288,72.18,78.37,72.95,69.45,57.67,26.37,26.7,28.4,30.82,34.92,0.96,0.76,1.05,1.36,2.37
2/18/2022 11:45,5.182,9.95,9.1,3502,49.1,29.05,30.1,817.979907,73.08,79.32,74.88,71.12,59.38,26.32,26.61,28.2,30.91,34.56,0.92,0.72,0.96,1.29,2.23
2/18/2022 12:00,11.018,30.62,9.14,3497,49.1,28.74,30.12,817.651162,73.84,80.3,75.84,72.54,59.95,26.34,26.51,28.15,31.05,34.47,0.9,0.68,0.92,1.24,2.19
2/18/2022 12:15,11.211,31.36,9.08,3492,49.1,28.38,29.93,916.932137,74.55,81.3,76.81,72.75,60.14,26.3,26.42,28.06,31.19,34.4,0.87,0.64,0.88,1.24,2.17
2/18/2022 12:30,11.503,32.2,9.29,3486,49.1,28.69,29.64,492.522407,74.43,81.4,76.79,71.54,60.05,26.27,26.3,27.9,31.14,34.28,0.87,0.64,0.87,1.29,2.16
2/18/2022 12:45,11.64,32.65,9.33,3480,49,28.42,29.45,445.840624,74.98,81.7,77.27,72.11,60.33,26.07,26.17,27.75,30.96,33.85,0.84,0.62,0.85,1.25,2.09
2/18/2022 13:00,11.74,32.8,9.55,3474,49,28.42,29.24,450.93617,75.87,82.2,77.39,72.48,62.18,25.99,26.06,27.66,30.79,33.08,0.81,0.6,0.84,1.22,1.91
2/18/2022 13:15,11.685,32.54,9.62,3469,48.8,28.5,28.62,379.927261,75.48,82.1,77.23,72.56,64.21,26.25,26.12,27.71,30.66,32.35,0.84,0.61,0.85,1.21,1.74
2/18/2022 13:30,11.6,32.24,9.62,3463,48.7,28.66,28.54,359.051957,74.52,82,77.1,72.66,65.87,26.49,26.18,27.73,30.56,31.8,0.88,0.61,0.85,1.2,1.6
2/18/2022 13:45,11.718,32.52,9.77,3456,48.8,29.19,28.5,363.983131,73.86,82,76.91,72.71,67.26,26.58,26.13,27.75,30.5,31.24,0.91,0.61,0.86,1.19,1.49
2/18/2022 14:00,12.038,33.56,9.87,3451,48.6,29.29,28.59,361.188799,74.21,82.5,77.72,74.2,69.61,26.35,25.8,27.4,30.14,30.56,0.89,0.58,0.81,1.1,1.33
2/18/2022 14:15,11.378,31.34,9.74,3447,48.6,29.21,28.4,352.970175,75.86,83.4,79.03,75.38,71.55,26.03,25.64,27.12,29.94,30.17,0.81,0.55,0.75,1.04,1.22
2/18/2022 14:30,11.75,32.64,9.76,3443,48.6,29,28.31,336.368555,76.48,83.7,79.54,75.72,72.41,25.93,25.58,27.03,29.87,29.94,0.79,0.53,0.73,1.02,1.17
2/18/2022 14:45,11.339,31.2,9.74,3438,48.6,29.14,28.21,313.356409,76.55,83.8,79.73,75.56,73.37,25.92,25.56,26.96,29.94,29.67,0.78,0.53,0.72,1.03,1.11
2/18/2022 15:00,11.289,31.2,9.55,NAN,48.7,28.59,28.26,275.386367,77.1,84.3,80.1,75.71,73.98,25.88,25.54,26.91,29.91,29.52,0.76,0.51,0.71,1.03,1.07
2/18/2022 15:15,5.026,9.36,9.14,3433,48.5,28.14,27.59,238.895678,80.5,87.5,83.1,76.93,75.74,26.34,25.97,27.11,29.95,29.63,0.67,0.42,0.61,0.98,1.01
2/18/2022 15:30,11.557,32.04,9.67,3431,48.3,29.02,28.11,236.594463,77.19,85.2,81.9,76.18,75.34,26.39,25.88,27.25,30.15,29.7,0.78,0.49,0.65,1.02,1.03
2/18/2022 15:45,11.238,30.77,9.82,3428,48.5,29.36,28.66,286.23495,76.8,84.7,80.6,76.06,74.88,26.13,25.63,27.15,29.84,29.53,0.79,0.5,0.7,1.01,1.04
2/18/2022 16:00,11.433,31.35,9.94,3425,48.2,29.45,28.64,242.018755,76.86,85,80.3,76.6,74.58,25.95,25.46,27.06,29.42,29.34,0.78,0.49,0.7,0.96,1.04
2/18/2022 16:15,11.228,30.64,9.92,3423,48.2,29.33,28.52,222.294058,76.8,85,80.3,77.16,74.43,25.86,25.35,26.91,28.99,29.08,0.77,0.49,0.7,0.91,1.03
2/18/2022 16:30,11.205,30.68,9.79,3421,48.2,29.55,28.74,363.818759,76.64,84.9,80.3,77.36,74.43,25.73,25.21,26.71,28.63,28.79,0.77,0.48,0.69,0.89,1.01
2/18/2022 16:45,5.422,10.21,9.74,3420,48.3,29.45,28.42,171.33859,76.44,84.9,80.3,77.56,74.2,25.63,25.09,26.47,28.25,28.56,0.77,0.48,0.68,0.86,1.01
2/18/2022 17:00,5.437,10.3,9.7,3420,48.6,29.57,28.76,162.791222,76.02,84.9,80.9,77.54,73.75,25.53,24.94,26.08,27.85,28.26,0.78,0.48,0.65,0.84,1.01
2/18/2022 17:15,5.233,9.8,9.46,3420,48.3,29.26,28.59,113.972597,75.4,85,82.7,77.71,74.24,25.45,24.79,25.88,27.31,27.71,0.8,0.47,0.58,0.81,0.96
2/18/2022 17:30,5.102,9.61,9.16,3420,48.3,29.45,28.54,141.094055,79.49,87.6,83.9,80.3,77.3,25.4,24.8,25.88,26.91,27.26,0.67,0.39,0.54,0.7,0.82
2/18/2022 17:45,5.126,9.66,9.2,3420,48.8,30.1,28.93,83.728061,79.13,87.4,84.3,80.9,77.52,25.38,24.77,25.79,26.61,26.98,0.68,0.39,0.52,0.67,0.8
2/18/2022 18:00,5.058,9.41,9.21,3421,48.7,30.96,29.38,25.704578,77.62,85.9,83.2,80.3,76.81,25.38,24.74,25.69,26.3,26.66,0.73,0.44,0.55,0.67,0.81
2/18/2022 18:15,4.927,9.14,9,3422,49,31.8,29.79,-0.430646,76.63,85.2,82.6,79.98,76.85,25.33,24.62,25.45,25.93,26.24,0.75,0.46,0.57,0.67,0.79
2/18/2022 18:30,4.76,8.77,8.76,3423,49.4,32.97,30.62,-4.539958,76.2,84.8,82.4,80.1,77.44,25.16,24.41,25.18,25.58,25.73,0.76,0.46,0.56,0.65,0.75
2/18/2022 18:45,4.607,8.45,8.52,3427,49.1,34.02,31.2,-5.197448,75.36,84.1,82.1,79.97,77.46,24.94,24.18,24.85,25.2,25.33,0.78,0.48,0.56,0.64,0.73
2/18/2022 19:00,4.477,8.2,8.29,3431,49,34.86,31.82,-4.868703,74.76,83.3,81.5,79.65,77.03,24.64,23.96,24.58,24.87,25.03,0.78,0.5,0.57,0.64,0.73
2/18/2022 19:15,4.334,7.88,8.09,3434,49.3,35.74,32.3,-4.70433,74.38,82.3,81.1,79.28,76.44,24.33,23.8,24.24,24.52,24.76,0.78,0.52,0.57,0.64,0.74
2/18/2022 19:30,4.163,7.55,7.79,3438,49.3,36.34,32.8,-4.539958,74.25,81.8,81,79,76.22,24.01,23.58,23.91,24.22,24.44,0.77,0.53,0.56,0.63,0.73
2/18/2022 19:45,4.008,7.27,7.5,NAN,49.1,36.53,33.09,-4.868703,74.44,80.8,80,78.62,75.5,23.6,23.59,23.85,23.99,24.32,0.74,0.56,0.59,0.64,0.75
2/18/2022 20:00,3.907,7.05,7.35,3447,49.3,36.7,33.23,-4.375585,76,78.72,75.31,76.48,71.75,23.07,23.96,24.83,24.37,25.07,0.68,0.63,0.77,0.72,0.9
2/18/2022 20:15,3.796,6.84,7.15,3449,49.3,37.13,33.64,-4.868703,76.63,78.44,73.08,74.36,70.02,22.83,23.87,25.21,24.68,25.33,0.65,0.64,0.86,0.8,0.97
2/18/2022 20:30,3.752,6.75,7.08,3453,49.4,37.2,33.59,-4.868703,76.65,78.73,72.19,73.35,69.28,22.71,23.7,25.31,24.81,25.41,0.64,0.62,0.9,0.83,1
2/18/2022 20:45,3.664,6.53,6.98,3459,49.4,37.63,33.83,-5.033075,76.64,78.93,71.28,72.48,68.67,22.62,23.53,25.41,24.88,25.44,0.64,0.61,0.93,0.87,1.02
2/18/2022 21:00,3.616,6.48,6.85,3459,49.4,37.63,33.97,-4.375585,76.63,78.94,68.36,71.03,67.49,22.57,23.47,26.19,25.21,25.71,0.64,0.61,1.08,0.93,1.07
2/18/2022 21:15,3.555,6.44,6.66,3461,49.5,37.68,34.26,-4.375585,76.58,78.42,65.56,68.91,65.28,22.65,23.67,26.9,25.74,26.31,0.64,0.63,1.22,1.03,1.19
2/18/2022 21:30,3.5,6.3,6.6,3463,49.4,37.46,34.35,-4.539958,76.06,77.51,65.1,68.06,64.43,22.79,23.92,27.05,25.96,26.56,0.66,0.67,1.25,1.07,1.24
2/18/2022 21:45,3.414,6.2,6.38,3465,49.4,37.99,34.66,-4.211213,75.49,77.09,64.74,67.56,63.9,22.92,24.01,27.13,26.09,26.67,0.69,0.68,1.27,1.1,1.26
2/18/2022 22:00,3.381,6.13,6.33,3466,49.1,38.27,35,-4.868703,75,76.53,65.34,67.43,63.91,23,24.12,26.91,26.08,26.63,0.7,0.71,1.23,1.1,1.26
2/18/2022 22:15,3.371,6.13,6.29,3468,49.3,38.61,35.24,-4.70433,74.68,76.47,67.66,68.67,65.42,22.96,24.06,26.2,25.65,26.14,0.71,0.7,1.1,1.03,1.17
2/18/2022 22:30,3.318,5.98,6.25,3468,49.1,38.75,35.26,-4.70433,74.65,76.73,67.5,69.21,65.82,22.87,23.89,26.15,25.43,25.94,0.71,0.69,1.1,1,1.14
2/18/2022 22:45,3.272,5.9,6.16,3469,49.4,38.99,35.45,-4.539958,74.7,76.92,66.69,68.82,65.47,22.76,23.77,26.32,25.47,25.96,0.7,0.68,1.14,1.02,1.16
2/18/2022 23:00,3.25,5.84,6.14,3470,49.1,38.92,35.52,-4.70433,74.68,76.9,65.4,68.08,64.77,22.75,23.74,26.65,25.65,26.13,0.7,0.68,1.21,1.05,1.19
2/18/2022 23:15,3.262,5.92,6.1,3472,49.4,38.94,35.26,-4.539958,74.43,76.39,64.24,66.99,63.78,22.8,23.86,26.92,25.89,26.35,0.71,0.7,1.27,1.1,1.24
2/18/2022 23:30,3.219,5.84,6.02,3473,49.3,39.11,35.38,-4.70433,74.23,76.03,64.06,66.6,63.31,22.82,23.91,26.94,25.97,26.44,0.72,0.71,1.28,1.12,1.27
2/18/2022 23:45,3.188,5.77,5.98,3473,49.5,39.3,35.69,-5.033075,74.16,75.87,63.67,66.28,63.01,22.83,23.97,27.06,26.03,26.55,0.72,0.72,1.3,1.14,1.28
2/19/2022 0:00,3.146,5.76,5.83,3473,49,39.11,35.55,-4.211213,74.13,75.77,63.82,66,62.54,22.87,24,27.08,26.16,26.7,0.72,0.72,1.3,1.15,1.31
2/19/2022 0:15,3.156,5.71,5.92,3475,49.5,39.28,35.74,-4.539958,74.06,75.67,63.69,65.89,62.24,22.92,24.08,27.15,26.22,26.85,0.73,0.73,1.31,1.16,1.33
2/19/2022 0:30,3.137,5.69,5.87,NAN,49.3,39.28,35.86,-4.868703,73.81,75.46,63.2,65.42,61.98,22.97,24.15,27.27,26.33,26.87,0.73,0.74,1.33,1.19,1.35
2/19/2022 0:45,3.145,5.8,5.78,3476,49.1,39.21,35.67,-4.868703,73.71,75.29,63.22,65.21,61.76,23.01,24.17,27.25,26.36,26.95,0.74,0.74,1.33,1.19,1.36
2/19/2022 1:00,3.091,5.72,5.66,3476,49.3,39.33,35.91,-4.868703,73.61,75.11,63.36,65.03,61.63,22.99,24.2,27.2,26.39,26.99,0.74,0.75,1.32,1.2,1.37
2/19/2022 1:15,3.069,5.69,5.61,3476,49.3,39.49,36.1,-4.375585,73.56,75.12,63.31,65.09,61.53,23.04,24.22,27.23,26.4,27.03,0.74,0.75,1.33,1.2,1.37
2/19/2022 1:30,3.078,5.74,5.59,3476,49.1,39.9,36.15,-4.539958,73.35,74.97,62.93,65.02,61.65,23.08,24.25,27.34,26.41,26.97,0.75,0.76,1.35,1.2,1.36
2/19/2022 1:45,3.02,5.59,5.53,3476,49.4,40.4,36.24,-4.868703,73.27,74.82,63.1,65.17,61.66,23.1,24.28,27.28,26.36,26.98,0.76,0.76,1.34,1.2,1.37
2/19/2022 2:00,3.004,5.57,5.49,3476,49.4,40.86,36.43,-4.539958,73.07,74.92,63.07,65.14,61.6,23.13,24.26,27.29,26.36,27,0.76,0.76,1.34,1.2,1.37
2/19/2022 2:15,2.935,5.37,5.44,3477,49.4,41.24,36.34,-5.033075,73.09,74.85,62.99,65.13,61.6,23.18,24.3,27.33,26.39,27,0.76,0.76,1.35,1.2,1.37
2/19/2022 2:30,2.96,5.46,5.44,3476,49.3,41.74,36.6,-4.539958,73.1,74.85,63.37,65.12,61.58,23.18,24.28,27.22,26.39,27.01,0.76,0.76,1.32,1.2,1.37
2/19/2022 2:45,2.949,5.42,5.44,3477,49.5,41.81,36.53,-4.70433,73.14,74.88,63.13,65.04,61.45,23.16,24.3,27.29,26.42,27.06,0.76,0.76,1.34,1.2,1.38
2/19/2022 3:00,2.932,5.38,5.42,3480,49.4,41.98,36.6,-4.868703,73.19,74.71,62.88,64.9,61.36,23.15,24.32,27.36,26.46,27.09,0.76,0.77,1.35,1.21,1.38
2/19/2022 3:15,2.938,5.4,5.42,3479,49.5,41.91,36.39,-4.539958,73.2,74.61,62.87,64.83,61.34,23.15,24.35,27.36,26.47,27.1,0.76,0.77,1.35,1.22,1.39
2/19/2022 3:30,2.955,5.45,5.43,3479,49.1,41.93,36.53,-4.539958,73.04,74.47,62.95,64.69,61.09,23.15,24.36,27.29,26.46,27.12,0.76,0.78,1.34,1.22,1.4
2/19/2022 3:45,2.955,5.45,5.43,3480,49.1,41.91,36.84,-4.868703,72.92,74.43,62.78,64.68,61.07,23.14,24.31,27.31,26.42,27.09,0.77,0.78,1.35,1.22,1.4
2/19/2022 4:00,2.98,5.53,5.44,3480,49.1,41.76,36.48,-4.70433,72.84,74.44,62.51,64.59,61.03,23.14,24.31,27.33,26.43,27.09,0.77,0.78,1.36,1.22,1.4
2/19/2022 4:15,2.976,5.46,5.5,3479,49.3,41.62,36.7,-4.375585,72.85,74.41,62.64,64.58,61.02,23.13,24.32,27.32,26.42,27.08,0.77,0.78,1.36,1.22,1.4
2/19/2022 4:30,2.977,5.51,5.45,3479,49.3,41.57,36.91,-4.375585,72.86,74.47,62.73,64.54,60.92,23.12,24.29,27.3,26.43,27.1,0.77,0.78,1.35,1.22,1.4
2/19/2022 4:45,3.009,5.56,5.52,3479,49.4,41.74,36.86,-5.033075,72.91,74.4,62.5,64.46,60.89,23.12,24.32,27.35,26.45,27.1,0.77,0.78,1.36,1.23,1.4
2/19/2022 5:00,2.987,5.52,5.48,3479,49.3,41.38,36.7,-4.539958,72.87,74.4,62.58,64.43,60.87,23.13,24.31,27.31,26.46,27.12,0.77,0.78,1.36,1.23,1.4
2/19/2022 5:15,3.048,5.67,5.55,3480,49.5,41.33,36.74,-5.033075,72.81,74.54,62.78,64.43,60.87,23.11,24.26,27.25,26.45,27.08,0.77,0.77,1.35,1.23,1.4
2/19/2022 5:30,3.06,5.74,5.52,3480,49.3,41.17,36.84,-4.868703,72.87,74.49,62.39,64.35,60.78,23.13,24.26,27.34,26.47,27.12,0.77,0.77,1.37,1.23,1.41
2/19/2022 5:45,3.047,5.74,5.47,3479,49.5,41.21,36.91,-4.868703,72.82,74.5,62.52,64.33,60.81,23.15,24.29,27.36,26.48,27.14,0.77,0.77,1.36,1.23,1.41
2/19/2022 6:00,3.086,5.76,5.6,3479,49.3,41.09,36.62,-4.868703,72.79,74.44,62.6,64.37,60.85,23.17,24.33,27.33,26.49,27.14,0.77,0.78,1.36,1.23,1.41
2/19/2022 6:15,3.084,5.75,5.6,3479,49,41.12,36.86,-4.539958,72.76,74.55,62.56,64.45,60.86,23.2,24.33,27.39,26.5,27.18,0.77,0.77,1.37,1.23,1.41
2/19/2022 6:30,3.078,5.74,5.59,3479,49.4,40.88,36.53,-4.539958,72.75,74.61,62.51,64.43,60.89,23.23,24.35,27.4,26.52,27.16,0.78,0.77,1.37,1.23,1.41
2/19/2022 6:45,3.097,5.79,5.61,3479,49.1,40.93,36.7,-4.375585,72.84,74.75,62.79,64.63,60.92,23.21,24.33,27.36,26.5,27.19,0.77,0.77,1.35,1.22,1.41
2/19/2022 7:00,3.115,5.86,5.6,3480,49.1,40.64,36.6,-0.923763,72.8,74.81,62.92,64.61,60.79,23.24,24.34,27.32,26.51,27.23,0.78,0.77,1.35,1.23,1.42
2/19/2022 7:15,3.176,6.03,5.65,3479,49,39.85,36.36,9.102958,73.26,68.69,65.49,65.15,61.05,23.66,26.06,26.73,26.47,27.28,0.78,1.06,1.21,1.2,1.41
2/19/2022 7:30,3.29,6.24,5.86,3479,49.5,38.68,36.03,31.128869,68.45,68.07,68.37,65.53,61.44,24.88,26.36,26.16,26.54,27.34,0.99,1.1,1.07,1.2,1.4
2/19/2022 7:45,3.339,6.35,5.93,3478,49,36.84,34.76,49.045469,63.94,70.39,69.47,65.93,61.46,26.29,26.25,26.4,26.94,27.84,1.23,1.01,1.05,1.21,1.44
2/19/2022 8:00,3.415,6.51,6.05,3478,49.1,35.41,34.26,69.427656,62.08,72.36,70.29,67.08,62.14,27.16,26.36,26.89,27.22,28.21,1.36,0.95,1.05,1.19,1.45
2/19/2022 8:15,3.475,6.63,6.15,3477,49,35.12,33.59,89.152353,62.84,73.54,70.52,68.57,64.43,27.52,26.58,27.22,27.49,28.73,1.37,0.92,1.06,1.15,1.4
2/19/2022 8:30,3.571,6.86,6.27,3476,49,34.78,33.16,112.657617,65.13,75.37,71.19,71.42,70.53,27.42,26.55,27.5,27.54,29.99,1.27,0.86,1.06,1.05,1.25
2/19/2022 8:45,3.694,7.09,6.49,3476,49.1,34.28,32.9,299.877866,68.39,77.69,72.96,73.91,68.36,27.17,26.52,27.63,27.56,31.46,1.14,0.77,1,0.96,1.46
2/19/2022 9:00,3.825,7.35,6.71,3476,49,34.4,32.49,174.62604,70.19,79.16,74.43,75.01,66.71,27.12,26.6,27.8,27.8,32.56,1.07,0.73,0.96,0.93,1.63
2/19/2022 9:15,4.136,8.02,7.18,3475,49.1,34.07,32.54,250.401751,69.15,77.95,74.07,72.56,63.24,26.92,26.42,27.65,28.38,33.36,1.09,0.76,0.96,1.06,1.89
2/19/2022 9:30,4.327,8.41,7.49,3474,49.3,33.23,32.18,460.798519,69.75,78.13,74.35,70.77,60.67,26.76,26.36,27.55,28.91,33.56,1.06,0.75,0.94,1.16,2.04
2/19/2022 9:45,4.482,8.68,7.79,3472,49.5,32.78,32.25,255.826043,70.18,78.13,74.97,69.92,60.06,26.79,26.47,27.57,29.35,33.92,1.05,0.76,0.92,1.23,2.12
2/19/2022 10:00,4.615,8.95,8.01,3469,49.4,31.99,31.63,286.399323,70.86,78.56,75.59,69.85,61.69,26.86,26.54,27.68,29.8,34.64,1.03,0.74,0.91,1.26,2.11
2/19/2022 10:15,4.722,9.2,8.15,3465,49.3,31.89,31.63,268.482723,71.73,79.13,76.24,69.97,59.98,26.86,26.6,27.8,30.27,35.91,1,0.73,0.89,1.29,2.37
2/19/2022 10:30,4.798,9.34,8.29,3459,49.4,31.48,31.25,287.714303,72.56,80.1,76.87,70.26,57.09,26.88,26.56,27.93,30.68,37.26,0.97,0.69,0.87,1.31,2.73
2/19/2022 10:45,4.842,9.42,8.37,3455,49.1,30.84,30.96,353.29892,73.32,80.9,76.93,69.48,58.29,26.87,26.53,28.03,31.01,37.66,0.94,0.66,0.87,1.37,2.71
2/19/2022 11:00,4.944,9.68,8.48,3450,49.4,30.82,31.17,395.378274,72.92,80.6,75.81,67.62,54.94,26.83,26.44,28.12,30.97,39.7,0.96,0.67,0.92,1.45,3.27
2/19/2022 11:15,4.988,9.69,8.64,3444,49.4,30.07,31.03,441.238194,73.6,81.3,76.02,75.39,52.4,26.8,26.32,28.21,31.84,38.68,0.93,0.64,0.92,1.16,3.27
2/19/2022 11:30,5.111,9.94,8.84,NAN,49.3,29.81,30.74,746.806625,75.46,83.1,78.11,72.13,58.54,26.77,26.38,28.28,32.47,36.4,0.86,0.58,0.84,1.36,2.52
2/19/2022 11:45,5.145,9.94,8.97,3433,49,29.57,30.65,965.915135,76.52,83.9,79.02,72.35,60.88,26.61,26.28,28.24,32.5,35.9,0.82,0.55,0.8,1.35,2.31
2/19/2022 12:00,11.16,31.16,9.1,3427,49.4,29.02,30.29,870.579099,77.1,84.5,79.29,72.62,60.65,26.49,26.19,28.21,32.58,35.49,0.79,0.53,0.79,1.35,2.27
2/19/2022 12:15,11.65,32.76,9.25,3420,49.1,28.81,30.05,931.232542,77.45,84.8,79.63,73,62.2,26.44,26.12,28.17,32.67,34.94,0.78,0.51,0.78,1.33,2.12
2/19/2022 12:30,12.079,34.28,9.25,3413,49,28.5,29.93,649.333748,77.95,85.2,80,73.18,63.24,26.38,26.08,28.12,32.76,34.65,0.76,0.5,0.76,1.33,2.03
2/19/2022 12:45,11.769,33.05,9.39,3405,49.1,28.31,29.74,461.949126,78.3,85.5,80.4,73.45,64.55,26.34,26.03,28.01,32.83,34.35,0.74,0.49,0.74,1.32,1.92
2/19/2022 13:00,12.182,34.48,9.43,3398,48.9,28.16,29.26,421.349125,78.68,85.8,80.8,73.82,66.04,26.3,26,28,32.89,33.99,0.73,0.48,0.73,1.31,1.81
2/19/2022 13:15,12.277,34.77,9.48,3392,48.7,28.26,29.24,385.515925,78.86,86.2,81,74.19,67.68,26.32,25.95,27.96,32.97,33.64,0.72,0.46,0.72,1.3,1.69
2/19/2022 13:30,12.063,33.9,9.6,3384,48.9,28.33,28.78,363.490014,78.98,86.3,81,74.46,68.61,26.29,25.92,27.96,33.03,33.51,0.72,0.46,0.72,1.29,1.62
2/19/2022 13:45,12.324,34.66,9.78,3377,48.6,28.42,28.64,364.147504,79.07,86.3,80.9,74.92,69.59,26.29,25.92,28.02,33.1,33.36,0.72,0.46,0.72,1.27,1.56
2/19/2022 14:00,12.163,34.05,9.82,3371,48.6,28.54,28.45,365.133738,79.13,86.3,80.9,74.95,70.97,26.24,25.9,28.01,33.12,33.11,0.71,0.46,0.72,1.27,1.47
2/19/2022 14:15,11.888,33.16,9.73,3365,48.6,28.95,28.52,356.257625,79.23,86.4,80.9,75.26,71.64,26.26,25.89,28.01,33.05,32.91,0.71,0.45,0.72,1.25,1.42
2/19/2022 14:30,11.741,32.59,9.78,3358,48.5,29,28.21,341.464102,79.03,86.4,80.8,75.2,72.19,26.31,25.86,27.99,33.02,32.72,0.72,0.45,0.73,1.25,1.38
2/19/2022 14:45,11.891,33.18,9.72,3353,48.5,28.95,28.5,316.479486,78.63,86.2,81.2,74.98,72.75,26.37,25.88,27.84,32.99,32.5,0.73,0.46,0.7,1.26,1.33
2/19/2022 15:00,5.215,9.69,9.51,3347,48.5,28.31,28.09,278.509444,79.04,86.4,81.2,74.86,73.33,26.36,25.9,27.82,32.82,32.23,0.72,0.45,0.7,1.25,1.28
2/19/2022 15:15,4.778,8.88,8.71,3346,48.3,27.37,27.28,244.977459,84,90.4,85.8,76.12,75.37,27.09,26.75,28.2,32.82,32.22,0.57,0.34,0.54,1.19,1.19
2/19/2022 15:30,4.9,9.21,8.82,3343,48.2,27.68,27.47,251.881103,83.6,90.3,86,75.98,76.06,27.71,27.16,28.72,32.61,31.92,0.61,0.35,0.55,1.18,1.13
2/19/2022 15:45,11.589,31.68,10.18,3341,48.3,29.72,28.71,273.57827,77.4,85.9,81.5,75.74,75.13,27.25,26.56,28.6,32.13,31.45,0.82,0.49,0.72,1.16,1.15
2/19/2022 16:00,11.364,31.15,9.89,3339,48.2,29.43,28.76,249.086771,80.7,88.3,82.8,77.25,75.91,26.52,26.02,28.01,31.68,31.25,0.67,0.39,0.65,1.06,1.1
2/19/2022 16:15,5.239,9.81,9.47,3338,48.2,28.76,28.31,228.375839,82.8,89.9,84.5,78.53,76.62,26.51,25.99,27.91,31.43,31.23,0.6,0.34,0.58,0.99,1.06
2/19/2022 16:30,5.218,9.8,9.4,3337,48.3,28.76,28.11,507.315929,83.4,90.6,85.4,79.33,77.05,26.59,26.06,27.93,31.2,31.14,0.58,0.32,0.55,0.94,1.04
2/19/2022 16:45,5.174,9.72,9.32,3338,48.1,29.02,28.14,174.62604,83.7,90.9,86,80.2,76.82,26.71,26.12,27.98,30.93,31.1,0.57,0.31,0.53,0.89,1.05
2/19/2022 17:00,5.232,9.87,9.38,3338,48.2,29.09,28.21,143.230897,83.6,91,85.7,80.1,76.48,26.73,26.1,27.99,30.4,30.67,0.58,0.3,0.54,0.86,1.04
2/19/2022 17:15,5.206,9.73,9.43,3338,48.2,29.29,28.4,132.711059,83.8,91.2,86.4,81.5,78.13,26.84,26.2,28.02,29.85,30.21,0.57,0.3,0.51,0.78,0.94
2/19/2022 17:30,5.191,9.76,9.34,3337,48.6,29.79,28.69,139.614703,83.6,90.7,86.5,82.2,78.58,27,26.39,28.05,29.51,29.89,0.58,0.32,0.51,0.73,0.9
2/19/2022 17:45,5.114,9.57,9.25,3338,48.6,29.95,28.74,90.96045,82.2,89.4,85.5,82,78.57,27.23,26.61,27.99,29.19,29.57,0.64,0.37,0.55,0.73,0.89
2/19/2022 18:00,5.021,9.39,9.09,3339,48.8,30.36,29,29.485145,80.5,88.1,85,81.7,78.59,27.35,26.66,27.82,28.75,29.04,0.71,0.42,0.56,0.72,0.86
2/19/2022 18:15,4.934,9.19,8.97,3341,48.9,31.44,29.45,-0.430646,79.13,87.1,84.3,81.7,78.97,27.26,26.53,27.59,28.18,28.4,0.76,0.45,0.58,0.7,0.81
2/19/2022 18:30,4.805,8.91,8.78,3344,49.3,32.35,30.05,-4.375585,78.21,86.3,83.5,81.8,79.27,26.94,26.21,27.24,27.58,27.7,0.77,0.47,0.6,0.67,0.77
2/19/2022 18:45,4.699,8.6,8.71,3348,49.1,33.33,30.82,-4.539958,77.62,85.6,83.2,81.8,79.28,26.5,25.85,26.72,27.04,27.12,0.77,0.48,0.59,0.65,0.74
2/19/2022 19:00,4.574,8.37,8.48,3353,49,34.09,31.51,-5.033075,77.28,84.7,82.9,81.4,78.92,26.04,25.54,26.27,26.54,26.68,0.77,0.5,0.58,0.65,0.74
2/19/2022 19:15,4.39,8.06,8.11,3357,49.5,35.02,31.94,-4.375585,77.34,83.9,82.6,81.2,78.53,25.53,25.25,25.86,26.1,26.26,0.74,0.52,0.58,0.64,0.73
2/19/2022 19:30,4.294,7.83,7.99,3361,49.3,35.79,32.49,-4.375585,77.73,83.2,82.5,81,78.24,25.05,25,25.41,25.67,25.88,0.71,0.53,0.57,0.63,0.73
2/19/2022 19:45,4.152,7.53,7.77,3367,49.4,36.77,32.94,-4.70433,78.03,82.8,82.5,80.9,77.89,24.6,24.71,25.02,25.31,25.55,0.68,0.54,0.56,0.62,0.72
2/19/2022 20:00,4.007,7.23,7.54,3370,49.5,37.13,33.4,-4.211213,78.48,82.1,82.3,80.7,77.73,24.15,24.52,24.73,24.96,25.23,0.65,0.55,0.55,0.61,0.72
2/19/2022 20:15,3.887,6.97,7.36,3374,49.4,37.63,33.83,-4.539958,78.81,81.7,82,80.6,77.57,23.78,24.33,24.45,24.66,24.95,0.62,0.56,0.55,0.6,0.71
2/19/2022 20:30,3.807,6.75,7.29,3378,49.5,38.37,34.09,-4.70433,79.18,81.1,82,80.7,77.52,23.41,24.2,24.16,24.35,24.65,0.6,0.57,0.54,0.59,0.7
2/19/2022 20:45,3.683,6.56,7.02,3383,49.3,38.87,34.62,-4.539958,79.48,80.8,81.9,80.8,77.41,23.09,24.02,23.91,24.07,24.42,0.58,0.57,0.54,0.58,0.69
2/19/2022 21:00,3.549,6.28,6.81,3387,49.1,39.04,34.78,-4.70433,79.61,80.6,81.8,80.8,77.22,22.89,23.86,23.71,23.85,24.22,0.57,0.57,0.53,0.57,0.69
2/19/2022 21:15,3.429,6.02,6.63,3390,49.6,38.97,34.97,-4.375585,79.91,80.6,80.7,80.5,76.77,22.6,23.71,23.84,23.74,24.22,0.55,0.57,0.57,0.57,0.7
2/19/2022 21:30,3.299,5.81,6.36,3394,49.4,39.33,35.29,-4.211213,80.1,81.4,76.09,77.82,73.15,22.5,23.53,24.9,24.37,25.04,0.54,0.54,0.75,0.68,0.85
2/19/2022 21:45,3.278,5.81,6.28,3398,49.3,39.33,35.55,-4.868703,79.76,80.8,74.23,75.84,71.39,22.53,23.6,25.29,24.77,25.41,0.55,0.56,0.83,0.75,0.93
2/19/2022 22:00,3.205,5.68,6.14,3399,49.4,39.45,35.67,-4.70433,79.22,80.5,73.21,74.82,70.68,22.62,23.65,25.46,24.93,25.54,0.57,0.57,0.87,0.79,0.96
2/19/2022 22:15,3.186,5.65,6.1,3401,49.1,39.54,35.81,-4.04684,78.69,80.2,72.31,74.12,70.25,22.68,23.64,25.64,25.03,25.57,0.59,0.58,0.91,0.82,0.97
2/19/2022 22:30,3.132,5.55,6,3403,49.3,39.8,35.96,-4.539958,78.38,80.1,71.94,73.65,69.88,22.72,23.65,25.69,25.09,25.61,0.6,0.58,0.93,0.84,0.99
2/19/2022 22:45,3.073,5.47,5.86,3405,49.5,40.02,36.15,-4.375585,78.04,79.85,71.8,73.3,69.56,22.71,23.68,25.69,25.1,25.66,0.61,0.59,0.93,0.85,1
2/19/2022 23:00,3.042,5.36,5.86,3407,49.6,40.16,36.12,-4.868703,77.62,79.5,71.41,73.01,69.25,22.79,23.74,25.74,25.14,25.69,0.62,0.6,0.95,0.86,1.01
2/19/2022 23:15,3.005,5.38,5.7,3408,49.3,40.33,35.96,-4.868703,77.33,79.31,71.21,72.71,69.08,22.8,23.74,25.76,25.19,25.7,0.63,0.61,0.95,0.87,1.02
2/19/2022 23:30,3.005,5.34,5.74,3409,49.3,40.16,35.79,-4.539958,77.17,79.03,70.83,72.4,68.98,22.8,23.78,25.81,25.2,25.69,0.63,0.62,0.97,0.88,1.02
2/19/2022 23:45,2.98,5.28,5.71,3413,49.1,40.52,35.81,-4.539958,76.95,79.08,70.4,72.25,68.69,22.82,23.74,25.88,25.19,25.71,0.64,0.61,0.99,0.89,1.03
2/20/2022 0:00,2.951,5.28,5.6,3413,49.3,40.62,36.12,-4.70433,76.95,79.17,69.65,71.83,68.42,22.79,23.67,26.09,25.3,25.77,0.64,0.61,1.03,0.91,1.05
2/20/2022 0:15,2.948,5.36,5.5,3438,49.6,41.67,36.48,-4.539958,81.7,83,74.34,77.89,69.59,22.44,23.57,25.76,24.91,26.03,0.5,0.49,0.85,0.7,1.02
2/20/2022 0:30,2.854,5.12,5.4,3449,49.5,41.57,36.84,-4.70433,85,87.6,74.47,79.95,71.95,21.92,22.75,26.09,24.72,25.94,0.39,0.34,0.86,0.62,0.94
2/20/2022 0:45,2.776,5.03,5.2,3456,49.3,41.19,36.48,-4.868703,86.1,88.3,74.2,78.84,71.32,21.99,22.78,26.26,25.13,26.29,0.37,0.32,0.88,0.68,0.98
2/20/2022 1:00,2.697,4.85,5.09,3461,49.1,42.15,36.77,-4.539958,86.2,87.8,73.28,77.21,70.42,22.09,22.98,26.53,25.49,26.57,0.37,0.34,0.93,0.74,1.03
2/20/2022 1:15,2.65,4.73,5.04,3473,49.3,42.7,36.72,-4.539958,86.1,88.2,76.73,81.1,71.46,22.1,22.97,25.92,25,26.41,0.37,0.33,0.78,0.6,0.98
2/20/2022 1:30,2.597,4.58,5,3478,49.1,43.63,36.86,-4.868703,86.8,90.1,75.17,81.2,72.7,22.05,22.62,26.3,24.9,26.21,0.35,0.27,0.85,0.59,0.93
2/20/2022 1:45,2.532,4.46,4.88,3481,49.4,43.87,37.22,-4.70433,87,90,74.29,79.75,71.81,22.08,22.71,26.51,25.25,26.47,0.35,0.28,0.89,0.65,0.97
2/20/2022 2:00,2.533,4.52,4.82,3486,49.4,43.7,37.1,-4.70433,87,89.3,74.3,78.37,70.91,22.14,22.87,26.51,25.51,26.68,0.35,0.3,0.89,0.71,1.02
2/20/2022 2:15,2.492,4.43,4.76,3498,49.5,44.47,37.41,-4.539958,86.8,89.1,77.31,82.3,71.89,22.09,22.88,25.92,24.92,26.5,0.35,0.3,0.76,0.56,0.97
2/20/2022 2:30,2.496,4.39,4.82,3501,49.3,45.16,37.51,-4.70433,87.2,90.6,76.26,81.7,72.94,22,22.59,26.16,24.91,26.23,0.34,0.26,0.81,0.58,0.92
2/20/2022 2:45,2.439,4.28,4.72,3505,49.1,44.92,37.63,-4.70433,87.3,90.5,75.49,80.2,72.06,22.06,22.67,26.32,25.23,26.46,0.34,0.26,0.84,0.64,0.97
2/20/2022 3:00,2.506,4.48,4.76,3505,49.1,44.37,37.68,-4.70433,87.2,89.8,74.23,78.51,71.13,22.07,22.79,26.6,25.54,26.67,0.34,0.28,0.9,0.7,1.01
2/20/2022 3:15,2.481,4.41,4.74,3508,49.3,44.51,37.65,-4.539958,87,88.9,73.74,77.14,70.52,22.12,22.97,26.65,25.72,26.79,0.35,0.31,0.92,0.76,1.04
2/20/2022 3:30,2.503,4.43,4.8,3511,49.4,44.56,37.68,-4.539958,86.6,88,73.14,76.03,70.02,22.17,23.13,26.76,25.9,26.88,0.36,0.34,0.94,0.8,1.06
2/20/2022 3:45,2.554,4.52,4.9,3512,49.4,44.44,37.41,-4.539958,86.1,87.1,72.37,75.18,69.63,22.25,23.27,26.88,26,26.9,0.37,0.37,0.98,0.83,1.08
2/20/2022 4:00,2.533,4.52,4.82,3516,49.3,44.3,37.63,-4.70433,85.5,86.6,72.03,74.52,69.28,22.3,23.35,26.9,26.11,26.94,0.39,0.38,0.99,0.86,1.09
2/20/2022 4:15,2.607,4.69,4.92,3518,49.1,44.01,37.7,-4.70433,85.1,86.2,71.88,73.9,68.96,22.4,23.38,26.89,26.19,26.97,0.4,0.4,1,0.89,1.1
2/20/2022 4:30,2.62,4.79,4.86,3520,49.1,43.82,37.41,-4.539958,84.6,85.6,71.26,73.46,68.61,22.5,23.48,27.01,26.24,27.02,0.42,0.42,1.03,0.9,1.12
2/20/2022 4:45,2.607,4.69,4.92,NAN,49.6,44.04,37.72,-4.868703,84.2,84.8,70.73,73.06,68.34,22.53,23.58,27.07,26.28,27.06,0.43,0.44,1.05,0.92,1.13
2/20/2022 5:00,2.64,4.77,4.96,3525,49.4,43.56,37.65,-4.70433,83.8,84.2,70.83,72.8,68.21,22.62,23.67,27.02,26.3,27.04,0.44,0.46,1.04,0.93,1.14
2/20/2022 5:15,2.681,4.86,5.02,3526,49.3,43.8,37.53,-4.375585,83.3,83.6,70.35,72.39,67.98,22.7,23.75,27.09,26.34,27.06,0.46,0.48,1.06,0.95,1.15
2/20/2022 5:30,2.714,4.94,5.06,3528,49.1,43.51,37.49,-4.539958,82.9,83.1,70.33,72.33,67.86,22.7,23.81,27.06,26.33,27.06,0.47,0.5,1.06,0.95,1.15
2/20/2022 5:45,2.721,5.02,5,3530,49.1,43.29,37.46,-4.539958,82.6,82.6,69.69,72.07,67.7,22.76,23.89,27.18,26.34,27.07,0.48,0.52,1.09,0.96,1.16
2/20/2022 6:00,2.756,5.05,5.1,3531,49.3,43.27,37.27,-4.868703,82.4,82.3,69.92,71.96,67.58,22.77,23.92,27.07,26.33,27.08,0.49,0.53,1.08,0.96,1.16
2/20/2022 6:15,2.804,5.13,5.2,3532,49.5,42.98,37.37,-4.868703,82.1,82.3,70.06,71.88,67.37,22.78,23.93,27.03,26.33,27.09,0.5,0.53,1.07,0.96,1.17
2/20/2022 6:30,2.841,5.26,5.2,3534,49.4,42.79,37.03,-4.868703,81.8,82,69.75,71.73,67.27,22.85,23.96,27.11,26.34,27.1,0.51,0.54,1.09,0.97,1.17
2/20/2022 6:45,2.87,5.28,5.29,3536,49.3,42.55,36.98,-4.70433,81.7,81.7,69.39,71.54,67.19,22.88,24.05,27.17,26.39,27.13,0.51,0.55,1.1,0.98,1.18
2/20/2022 7:00,2.903,5.36,5.33,3537,49.4,42.67,36.94,1.213079,81.5,81.5,68.97,71.35,67.07,22.92,24.1,27.28,26.41,27.15,0.52,0.56,1.12,0.99,1.18
2/20/2022 7:15,2.972,5.51,5.43,3538,49.4,41.79,36.79,12.55478,77.21,76.31,72.56,72.09,67.48,24.56,25.59,26.51,26.38,27.21,0.7,0.78,0.95,0.96,1.17
2/20/2022 7:30,3.005,5.61,5.45,3539,49.1,40.11,36.24,34.580691,71.76,75.07,75.08,72.53,67.57,25.81,26.07,26.09,26.46,27.38,0.94,0.84,0.84,0.95,1.18
2/20/2022 7:45,3.092,5.78,5.6,3540,49.1,39.71,35.98,43.78555,70.58,76.61,75.59,72.73,67.94,26.26,26.01,26.34,26.76,27.6,1,0.79,0.84,0.96,1.18
2/20/2022 8:00,3.155,5.93,5.68,3541,49.5,38.25,35.09,67.619559,70.1,78.01,76.11,73.58,68.82,26.53,25.95,26.46,26.8,27.64,1.04,0.74,0.83,0.93,1.15
2/20/2022 8:15,3.218,6.08,5.76,3540,49,37.56,34.71,65.647089,69.24,79.22,76.8,74.12,69.1,26.9,26.01,26.67,27.05,27.87,1.09,0.7,0.81,0.93,1.16
2/20/2022 8:30,3.308,6.26,5.91,3541,49.3,37.01,34.21,104.767738,69.66,79.99,77.38,75.23,70.54,26.97,26.07,26.78,27.06,27.76,1.08,0.68,0.8,0.89,1.1
2/20/2022 8:45,3.431,6.51,6.11,3541,49.1,36.27,33.92,289.5224,70.87,80.7,77.44,76.57,71.67,26.88,26.06,26.92,27.19,28.05,1.03,0.65,0.8,0.84,1.07
2/20/2022 9:00,3.547,6.79,6.25,3542,49.5,36.19,33.83,178.570979,72.79,81.6,77.78,77.98,72.95,26.79,26.16,27.18,27.35,29.57,0.96,0.62,0.8,0.8,1.12
2/20/2022 9:15,3.972,7.65,6.95,3542,49.1,35.86,33.44,279.166934,72,80.8,77.04,76.96,73,26.62,26.06,27.22,27.53,31.06,0.98,0.65,0.83,0.85,1.22
2/20/2022 9:30,4.074,7.93,7.04,3541,49.5,35.72,33.52,170.023611,70.99,79.2,74.84,74.62,65.92,26.43,26.05,27.27,27.76,32.05,1,0.7,0.91,0.95,1.63
2/20/2022 9:45,4.299,8.33,7.47,3541,49.6,34.59,33.18,311.548312,70.24,78.6,74.36,73.78,65.75,26.37,26.01,27.17,27.61,31.69,1.02,0.72,0.92,0.97,1.6
2/20/2022 10:00,4.542,8.84,7.85,3541,49.5,32.99,32.35,328.149932,70.1,78.01,74.23,74.37,62.23,26.5,26.14,27.3,27.99,33.02,1.04,0.75,0.94,0.97,1.9
2/20/2022 10:15,4.693,9.18,8.06,3541,49.5,31.8,31.53,382.557221,70.48,78.01,75.06,74.19,61.1,26.63,26.39,27.55,28.94,34.22,1.03,0.76,0.92,1.03,2.09
2/20/2022 10:30,4.765,9.26,8.25,3540,49.5,31.65,31.39,301.685963,71.3,78.3,75.86,73.92,61.34,26.79,26.54,27.83,29.98,35.19,1.01,0.75,0.9,1.11,2.2
2/20/2022 10:45,4.856,9.47,8.37,3538,49.6,31.03,31.15,396.200136,71.96,78.94,76.38,73.19,60.27,26.89,26.62,28,30.73,35.41,0.99,0.73,0.89,1.19,2.29
2/20/2022 11:00,4.906,9.51,8.52,3535,49.4,31.27,31.15,495.974229,72.81,79.85,76.84,73.05,59.1,26.78,26.49,28.05,31.21,35.75,0.96,0.7,0.88,1.23,2.4
2/20/2022 11:15,4.952,9.56,8.64,3530,49.4,31.34,30.98,382.064103,74.03,81,77.36,73.35,59.94,26.6,26.33,28.06,31.52,35.97,0.9,0.65,0.86,1.23,2.38
2/20/2022 11:30,5.025,9.71,8.76,3526,49.5,31.08,31.08,838.526466,75.08,81.9,78.07,73.33,59.66,26.46,26.22,28.03,31.82,36.05,0.86,0.62,0.83,1.26,2.4
2/20/2022 11:45,5.098,9.81,8.93,3520,49.1,30.46,30.93,948.491652,75.92,82.7,78.57,73.24,59.17,26.34,26.16,28.02,31.99,35.63,0.83,0.59,0.81,1.27,2.38
2/20/2022 12:00,5.148,9.98,8.94,3513,49.1,29.93,30.91,902.960477,76.39,83.2,79,73.47,61.07,26.29,26.05,27.96,32.06,34.97,0.81,0.57,0.79,1.27,2.19
2/20/2022 12:15,11.428,32.1,9.11,3509,49.1,29.64,30.72,918.247117,76.78,83.7,79.25,73.65,61.91,26.26,25.96,27.91,32.08,34.58,0.79,0.55,0.78,1.26,2.09
2/20/2022 12:30,11.734,33.04,9.27,3502,49.1,29.36,30.29,818.966142,77.28,84.1,79.79,74.04,62.86,26.21,25.89,27.85,32.12,34.31,0.77,0.53,0.76,1.24,2.01
2/20/2022 12:45,11.372,31.83,9.19,3495,49.3,29.17,30.34,475.427669,77.8,84.7,80.2,74.31,64.48,26.24,25.93,27.81,32.11,33.82,0.76,0.51,0.74,1.23,1.87
2/20/2022 13:00,11.755,33.01,9.38,3491,49.1,28.76,29.64,430.225239,77.79,84.6,80.4,75,65.96,26.35,25.99,27.8,32.06,33.53,0.76,0.52,0.73,1.19,1.76
2/20/2022 13:15,11.998,33.91,9.34,3484,49,28.4,29.62,426.609044,77.33,84.3,80.6,75.35,67.84,26.51,26.07,27.82,32.22,33.2,0.79,0.53,0.73,1.19,1.64
2/20/2022 13:30,12.522,35.64,9.48,3479,49,28.54,29.43,397.679489,77.21,84.5,81,75.73,69.36,26.56,26.06,27.83,32.32,32.97,0.79,0.52,0.71,1.18,1.54
2/20/2022 13:45,11.934,33.32,9.73,3474,48.7,28.54,29.19,594.597714,77.15,84.6,80.9,75.1,69.97,26.49,25.94,27.76,32.16,32.53,0.79,0.52,0.71,1.19,1.47
2/20/2022 14:00,11.646,32.17,9.87,3471,48.8,28.93,29.05,300.864101,77.44,85.1,81.4,76.52,71.93,26.27,25.67,27.49,31.48,31.74,0.77,0.49,0.68,1.08,1.32
2/20/2022 14:15,11.811,32.83,9.79,3468,49,28.95,29.17,731.519985,77.57,85.4,81.8,76.91,73.06,26.09,25.48,27.25,30.94,31,0.76,0.48,0.66,1.03,1.21
2/20/2022 14:30,11.463,31.53,9.86,3466,48.9,28.81,28.93,501.234148,77.53,85.2,82,79.04,74.58,26.03,25.43,27.13,30.63,30.72,0.76,0.48,0.65,0.92,1.12
2/20/2022 14:45,11.354,31.32,9.67,3462,49,28.57,28.66,360.038192,77.63,85.5,82.5,79.49,75.56,26.03,25.42,27.08,30.93,30.77,0.75,0.47,0.63,0.92,1.08
2/20/2022 15:00,5.281,9.95,9.48,3458,48.7,28.38,28.81,182.515919,78.47,86.3,82.9,79.07,76.14,26.01,25.43,27.1,31.15,30.81,0.72,0.45,0.61,0.95,1.06
2/20/2022 15:15,4.714,8.7,8.66,3457,48.9,27.16,27.47,180.379077,83.7,90.4,86.7,79.93,77.83,26.52,26.14,27.31,30.74,30.48,0.56,0.33,0.48,0.89,0.97
2/20/2022 15:30,5.078,9.75,8.92,3457,48.7,28.69,27.54,135.176646,83.2,90.3,88.2,81.4,79.31,27.16,26.67,27.8,30.87,30.63,0.6,0.34,0.44,0.83,0.91
2/20/2022 15:45,10.872,29.23,10.08,3456,48.8,29.76,28.97,323.547502,77.35,85.8,83.4,79.67,77.76,26.35,25.72,27.45,30.64,30.12,0.78,0.47,0.61,0.89,0.95
2/20/2022 16:00,10.966,29.58,10.06,3454,48.9,30.05,29.26,328.971794,80.1,87.6,83.9,81,78.47,25.78,25.2,27.04,30.25,29.97,0.66,0.4,0.58,0.82,0.91
2/20/2022 16:15,10.891,29.38,9.99,3453,48.9,29.86,28.95,276.865719,81.2,88.4,84.5,81.2,78.48,25.53,24.98,26.8,30.01,29.86,0.61,0.37,0.55,0.8,0.91
2/20/2022 16:30,5.443,10.2,9.83,3452,48.7,29.86,28.83,141.4228,80.6,88,84.1,80.5,77.55,25.47,24.85,26.68,29.8,29.71,0.63,0.38,0.56,0.82,0.94
2/20/2022 16:45,5.427,10.31,9.65,3452,48.9,30.48,29.09,89.64547,79.56,87,83.4,79.7,76.81,25.43,24.87,26.51,29.22,29.19,0.66,0.41,0.58,0.82,0.94
2/20/2022 17:00,5.329,10.01,9.6,3452,48.9,30.62,29.14,123.177455,78.48,86.1,82.6,79.2,76.47,25.32,24.79,26.22,28.32,28.32,0.69,0.43,0.59,0.8,0.91
2/20/2022 17:15,5.183,9.76,9.31,NAN,49,31.05,29.52,78.30377,74.9,84.6,82.8,78.78,76.13,25.1,24.66,26.03,27.5,27.52,0.8,0.48,0.58,0.78,0.88
2/20/2022 17:30,5.001,9.31,9.1,3452,48.8,30.6,29.43,81.262474,75.53,84.3,81.9,79.11,76.98,24.94,24.53,25.92,26.73,26.78,0.77,0.48,0.61,0.73,0.81
2/20/2022 17:45,4.658,8.63,8.52,3452,48.9,31.1,29.57,21.266521,81.8,88.1,84.4,82.3,80,25.02,24.67,25.78,26.32,26.49,0.58,0.37,0.52,0.61,0.69
2/20/2022 18:00,4.592,8.6,8.3,3454,49.3,32.27,30.41,8.116723,81.4,88.6,85.1,83.8,81.2,25.19,24.63,25.67,25.96,26.1,0.6,0.35,0.49,0.54,0.64
2/20/2022 18:15,4.505,8.29,8.3,3456,49,33.52,30.93,-0.595018,79.06,87.3,84.8,83.7,80.8,25.24,24.55,25.43,25.68,25.87,0.67,0.39,0.49,0.54,0.64
2/20/2022 18:30,4.369,8.06,8.03,3457,48.9,34.45,31.91,-4.375585,77.82,85.8,84.2,83.1,80,25.08,24.49,25.17,25.38,25.62,0.71,0.44,0.51,0.55,0.66
2/20/2022 18:45,4.225,7.75,7.81,3459,49.3,35.52,32.49,-4.211213,77.57,84.7,83.7,82.6,79.28,24.77,24.39,24.9,25.11,25.4,0.7,0.47,0.51,0.55,0.67
2/20/2022 19:00,4.109,7.45,7.69,3462,49.1,36.31,33.04,-4.539958,78.06,83.9,83.4,82.3,78.73,24.34,24.25,24.64,24.84,25.2,0.67,0.49,0.51,0.56,0.68
2/20/2022 19:15,3.954,7.18,7.39,3465,49.3,36.86,33.78,-4.868703,78.19,83.4,83.2,82.1,78.54,24.08,24.12,24.41,24.6,24.98,0.65,0.5,0.51,0.55,0.68
2/20/2022 19:30,3.805,6.92,7.1,3470,49.1,37.53,34.16,-4.539958,78.25,82.9,83.1,82,78.4,23.83,23.99,24.18,24.39,24.78,0.64,0.51,0.51,0.55,0.68
2/20/2022 19:45,3.679,6.62,6.94,3472,49.1,38.25,34.81,-4.375585,78.64,82.5,82.9,81.9,78.15,23.55,23.89,24.02,24.17,24.61,0.62,0.52,0.51,0.55,0.68
2/20/2022 20:00,3.563,6.44,6.69,3476,49.4,38.8,35.31,-4.375585,79.21,82.1,82.8,81.8,78.05,23.26,23.81,23.85,23.99,24.46,0.59,0.53,0.51,0.54,0.67
2/20/2022 20:15,3.454,6.22,6.51,3479,49.4,39.3,35.48,-4.868703,79.53,82,82.8,82,78.13,23.06,23.71,23.71,23.83,24.29,0.58,0.53,0.5,0.53,0.66
2/20/2022 20:30,3.31,5.95,6.25,3482,49,39.09,35.55,-4.70433,79.76,81.3,81.9,81.7,77.63,22.82,23.73,23.82,23.75,24.27,0.56,0.55,0.53,0.54,0.68
2/20/2022 20:45,3.22,5.76,6.11,3486,49.1,39.04,35.6,-4.539958,80.2,81.5,77.03,79.03,74.03,22.65,23.68,24.9,24.36,25.11,0.54,0.54,0.72,0.64,0.83
2/20/2022 21:00,3.212,5.77,6.07,3490,49.4,39.13,35.72,-4.539958,79.99,81.2,75.15,76.92,72.45,22.7,23.74,25.32,24.77,25.43,0.55,0.55,0.8,0.72,0.9
2/20/2022 21:15,3.152,5.67,5.95,3494,49.4,39.59,35.76,-4.70433,79.51,81.2,74.18,75.95,71.78,22.82,23.74,25.52,24.96,25.57,0.57,0.55,0.84,0.76,0.92
2/20/2022 21:30,3.079,5.51,5.84,3496,49.3,40.02,36.15,-4.868703,78.9,80.6,73.67,75.21,71.14,22.83,23.77,25.57,25.03,25.6,0.59,0.57,0.86,0.79,0.95
2/20/2022 21:45,3.011,5.4,5.7,3498,49,40.23,36.17,-5.033075,78.72,80.2,73.23,74.7,70.7,22.81,23.83,25.59,25.06,25.65,0.59,0.58,0.88,0.8,0.96
2/20/2022 22:00,2.968,5.32,5.62,NAN,49.3,40.33,36.53,-4.868703,78.4,79.98,72.9,74.22,70.36,22.78,23.79,25.6,25.09,25.65,0.6,0.59,0.89,0.82,0.98
2/20/2022 22:15,2.952,5.34,5.54,3503,49.1,40.78,36.53,-4.70433,78.11,79.9,72.04,73.73,69.99,22.76,23.73,25.72,25.1,25.65,0.61,0.59,0.92,0.84,0.99
2/20/2022 22:30,2.948,5.36,5.5,3505,49.1,40.88,36.62,-4.539958,77.79,79.82,71.39,73.23,69.57,22.71,23.65,25.77,25.13,25.63,0.61,0.59,0.95,0.85,1
2/20/2022 22:45,2.909,5.27,5.45,3506,49.3,41.24,36.77,-4.375585,77.74,79.81,70.22,72.71,68.97,22.68,23.59,26.08,25.24,25.76,0.61,0.59,1.01,0.88,1.03
2/20/2022 23:00,2.893,5.27,5.39,3508,49.4,41.57,36.67,-4.70433,77.57,79.71,67.35,70.64,66.93,22.75,23.67,26.81,25.76,26.31,0.62,0.59,1.15,0.97,1.13
2/20/2022 23:15,2.934,5.34,5.47,3509,49,41.5,36.53,-4.375585,77.05,78.89,67.02,69.73,66.09,22.91,23.88,26.92,25.98,26.54,0.64,0.63,1.17,1.02,1.18
2/20/2022 23:30,2.974,5.37,5.59,3510,49.5,41.74,36.34,-4.375585,76.6,78.49,66.69,69.39,65.59,22.98,23.98,26.99,26.06,26.67,0.66,0.64,1.19,1.03,1.2
2/20/2022 23:45,2.945,5.38,5.47,3513,49.3,41.74,36.31,-4.868703,76.38,78.19,66.48,69.16,65.25,23.02,24.06,27.05,26.12,26.76,0.66,0.65,1.2,1.04,1.22
2/21/2022 0:00,2.945,5.38,5.47,3513,49,41.93,36.39,-4.539958,76.26,77.86,66.32,68.79,64.89,23.04,24.13,27.09,26.18,26.81,0.67,0.67,1.21,1.06,1.24
2/21/2022 0:15,2.98,5.41,5.57,3515,49.1,41.88,36.12,-4.539958,76.13,77.54,66.06,68.61,64.83,23.05,24.18,27.13,26.18,26.81,0.67,0.68,1.22,1.07,1.24
2/21/2022 0:30,2.953,5.48,5.39,3516,49.4,42.17,36.36,-4.868703,75.76,77.32,67.67,69.31,65.81,23.04,24.15,26.57,25.9,26.44,0.68,0.68,1.12,1.03,1.18
2/21/2022 0:45,2.938,5.39,5.43,3517,49,42.41,36.58,-4.539958,75.86,77.7,68.35,70.28,66.73,22.97,24,26.39,25.62,26.17,0.68,0.67,1.09,0.98,1.13
2/21/2022 1:00,2.892,5.32,5.33,3518,49.1,42.48,36.65,-4.375585,76.15,77.92,68.26,70.33,66.93,22.84,23.92,26.36,25.57,26.08,0.66,0.66,1.09,0.97,1.12
2/21/2022 1:15,2.912,5.41,5.31,3521,49.1,42.43,36.72,-4.539958,76.36,78.16,68.07,70.24,66.76,22.81,23.85,26.41,25.58,26.12,0.66,0.65,1.1,0.98,1.13
2/21/2022 1:30,2.916,5.35,5.39,3522,49.5,42.51,36.48,-4.539958,76.2,78.09,67.81,70.01,66.39,22.81,23.85,26.44,25.61,26.19,0.66,0.65,1.11,0.99,1.14
2/21/2022 1:45,2.906,5.35,5.35,3523,49.3,42.67,36.94,-4.868703,76.15,77.88,67.64,69.92,66.2,22.79,23.84,26.46,25.6,26.19,0.66,0.65,1.12,0.99,1.15
2/21/2022 2:00,2.879,5.35,5.25,3524,49.4,42.43,36.86,-4.539958,76.24,77.95,67.45,69.83,66.23,22.78,23.87,26.53,25.64,26.21,0.66,0.65,1.13,0.99,1.15
2/21/2022 2:15,2.895,5.36,5.3,3526,49.5,42.41,36.58,-4.375585,76.48,78.27,66.84,68.92,65.29,22.83,23.88,26.79,25.97,26.55,0.65,0.64,1.17,1.04,1.21
2/21/2022 2:30,2.9,5.34,5.34,3526,49.1,42.17,36.7,-4.868703,76.29,78.04,66.02,68.19,64.41,22.97,24.02,27.1,26.24,26.86,0.66,0.66,1.22,1.08,1.26
2/21/2022 2:45,2.919,5.38,5.37,3529,49.4,41.81,36.53,-4.539958,76.01,77.76,66.04,68.07,64.23,23.11,24.17,27.18,26.35,26.99,0.68,0.67,1.22,1.1,1.27
2/21/2022 3:00,2.938,5.51,5.3,3530,49.3,41.93,36.62,-5.033075,75.74,77.38,66.01,67.97,64.23,23.23,24.34,27.21,26.4,27.03,0.69,0.69,1.23,1.1,1.28
2/21/2022 3:15,2.937,5.49,5.32,3530,49,42,36.41,-4.868703,75.5,77.07,66.11,67.94,64.21,23.28,24.41,27.19,26.42,27.06,0.7,0.7,1.22,1.1,1.28
2/21/2022 3:30,2.948,5.53,5.32,3530,49,41.79,36.53,-5.197448,75.41,76.94,65.89,67.89,64.14,23.3,24.43,27.23,26.4,27.05,0.7,0.71,1.23,1.11,1.28
2/21/2022 3:45,2.986,5.57,5.42,3532,49.1,41.6,36.36,-5.197448,75.34,76.84,65.69,67.98,64.16,23.29,24.45,27.29,26.4,27.04,0.71,0.71,1.24,1.1,1.28
2/21/2022 4:00,2.978,5.55,5.41,3534,49,41.72,36.77,-4.868703,75.38,76.82,65.81,68.02,64.02,23.28,24.43,27.27,26.38,27.08,0.7,0.71,1.24,1.1,1.29
2/21/2022 4:15,3.007,5.6,5.47,3535,49.3,41.67,36.41,-4.70433,75.43,76.78,66.03,68.08,64.03,23.27,24.45,27.19,26.38,27.07,0.7,0.71,1.22,1.1,1.29
2/21/2022 4:30,3.019,5.66,5.45,3535,49.4,41.84,36.41,-4.539958,75.55,76.81,66.04,67.96,63.94,23.27,24.46,27.21,26.39,27.09,0.7,0.71,1.23,1.1,1.29
2/21/2022 4:45,3.036,5.7,5.47,3535,49.1,41.69,36.43,-4.70433,75.45,76.71,65.58,67.93,63.98,23.31,24.48,27.34,26.42,27.12,0.7,0.72,1.25,1.11,1.29
2/21/2022 5:00,3.038,5.7,5.48,3535,49,41.57,36.5,-4.539958,75.35,76.92,65.67,68.03,64.01,23.35,24.44,27.31,26.42,27.11,0.71,0.71,1.25,1.1,1.29
2/21/2022 5:15,3.042,5.74,5.45,3535,49.1,41.38,36.48,-4.539958,75.28,76.91,65.6,68.03,63.89,23.34,24.45,27.32,26.4,27.13,0.71,0.71,1.25,1.1,1.3
2/21/2022 5:30,3.05,5.77,5.45,3536,49.4,41.53,36.46,-4.70433,75.26,76.68,65.41,67.81,63.86,23.33,24.5,27.37,26.44,27.11,0.71,0.72,1.26,1.11,1.3
2/21/2022 5:45,3.08,5.85,5.48,3538,49.3,41.33,36.46,-4.211213,75.08,76.67,65.42,67.71,63.82,23.38,24.49,27.33,26.45,27.11,0.72,0.72,1.26,1.11,1.3
2/21/2022 6:00,3.091,5.85,5.52,3539,49.6,41.24,36.36,-4.211213,75.14,76.66,65.47,67.71,63.77,23.38,24.5,27.34,26.46,27.13,0.71,0.72,1.26,1.12,1.3
2/21/2022 6:15,3.151,5.96,5.63,3539,49.4,41.07,36.22,-4.539958,74.82,76.56,65.26,67.6,63.5,23.38,24.47,27.32,26.42,27.16,0.72,0.72,1.26,1.12,1.31
2/21/2022 6:30,3.13,5.87,5.65,3540,49.4,41.33,36.46,-4.70433,74.59,76.54,64.82,67.45,63.54,23.38,24.45,27.4,26.41,27.08,0.73,0.72,1.28,1.12,1.31
2/21/2022 6:45,3.186,6.01,5.71,3540,49.3,41.24,36.19,-4.375585,74.33,76.28,64.95,67.38,63.45,23.36,24.43,27.3,26.37,27.06,0.74,0.73,1.27,1.12,1.31
2/21/2022 7:00,3.164,5.97,5.67,3541,49.6,41.24,36.53,-1.252508,74.51,76.31,64.9,67.29,63.35,23.31,24.42,27.31,26.37,27.05,0.73,0.72,1.27,1.12,1.31
2/21/2022 7:15,3.257,6.17,5.81,3541,49.5,40.5,36.19,6.966115,69.32,71.27,67.93,67.59,63.36,25.02,25.82,26.57,26.39,27.15,0.97,0.96,1.11,1.11,1.32
2/21/2022 7:30,3.348,6.39,5.92,3540,49.3,40.26,36.12,17.979071,63.69,70.78,70.51,68.02,63.75,26.41,26.03,26.06,26.37,27.13,1.25,0.98,0.99,1.1,1.3
2/21/2022 7:45,3.415,6.5,6.06,3541,49.4,37.99,35,51.346684,62.73,71.59,71.19,68.21,63.74,26.72,26,26.08,26.49,27.33,1.31,0.95,0.97,1.1,1.32
2/21/2022 8:00,3.491,6.63,6.21,3541,49,35.93,34.11,71.400126,62.44,73.93,71.76,68.8,63.52,27.19,26.06,26.6,26.94,28,1.35,0.88,0.98,1.11,1.38
2/21/2022 8:15,3.529,6.71,6.27,3539,49.4,35.24,33.47,92.27543,63.76,74.86,71.82,69.78,64.97,27.4,26.35,27.05,27.28,28.61,1.32,0.86,1.01,1.1,1.37
2/21/2022 8:30,3.664,7.06,6.41,3540,49.4,35.17,33.13,116.438184,66.19,76.14,72.09,72.21,69.72,27.3,26.47,27.42,27.38,29.81,1.23,0.82,1.02,1.01,1.27
2/21/2022 8:45,3.751,7.22,6.57,3540,49.3,34.81,32.8,266.510253,69.11,78.06,73.09,74.58,69.12,27.03,26.44,27.64,27.44,31.38,1.1,0.76,1,0.93,1.42
2/21/2022 9:00,3.932,7.62,6.83,NAN,49.4,34.81,32.3,181.365311,71.06,79.49,74.25,75.73,66.68,26.88,26.41,27.81,27.67,32.44,1.02,0.71,0.96,0.9,1.62
2/21/2022 9:15,4.279,8.37,7.35,3539,49.5,34.33,32.35,253.196083,69.28,77.68,73.04,72.84,62.87,26.67,26.24,27.64,28.04,33,1.07,0.76,1,1.03,1.87
2/21/2022 9:30,4.422,8.56,7.69,3539,49.5,33.59,32.15,516.849533,69.22,77.15,72.45,71.11,61.12,26.48,26.22,27.47,28.31,33.32,1.06,0.78,1.01,1.11,1.99
2/21/2022 9:45,4.605,8.95,7.97,3538,49.4,32.87,31.96,289.686772,69.32,76.82,72.57,70.04,59.01,26.49,26.32,27.56,28.71,33.73,1.06,0.79,1.01,1.18,2.15
2/21/2022 10:00,4.719,9.19,8.15,3535,49.1,32.42,31.65,285.084343,69.63,76.95,73.13,69.71,57.7,26.56,26.39,27.57,29.07,34.13,1.06,0.79,0.99,1.22,2.27
2/21/2022 10:15,4.8,9.44,8.19,3532,49.3,32.15,31.53,268.647096,70.1,77.3,73.61,69.07,56.3,26.58,26.4,27.59,29.38,34.47,1.04,0.78,0.97,1.27,2.39
2/21/2022 10:30,4.859,9.52,8.33,3529,49.4,31.6,31.37,293.960457,70.41,77.83,73.79,68.81,56.47,26.58,26.35,27.67,29.6,34.46,1.03,0.76,0.97,1.29,2.38
2/21/2022 10:45,4.916,9.61,8.45,3526,48.9,31.34,31.22,328.643049,70.92,78.29,74.52,68.75,56.68,26.57,26.37,27.7,29.85,34.37,1.01,0.75,0.95,1.31,2.35
2/21/2022 11:00,4.966,9.76,8.48,3521,49,31.46,31.08,346.230904,71.57,78.69,75.18,69.77,57.74,26.55,26.37,27.74,29.98,34.39,0.99,0.73,0.92,1.28,2.3
2/21/2022 11:15,5.044,9.86,8.67,3517,49,31.44,31.08,360.531309,72.11,79.19,75.34,70.87,57.69,26.54,26.33,27.82,30.08,34.42,0.97,0.71,0.92,1.24,2.3
2/21/2022 11:30,5.055,9.89,8.68,3510,49.3,31.53,30.93,878.797723,72.45,79.5,75.63,71.26,59.3,26.53,26.33,27.8,30.24,34.13,0.96,0.7,0.91,1.24,2.18
2/21/2022 11:45,5.129,9.94,8.91,3506,49.3,31.1,31.1,833.759665,72.91,79.69,76.11,71.83,59.18,26.49,26.38,27.77,30.37,34.18,0.94,0.7,0.89,1.22,2.19
2/21/2022 12:00,5.141,9.98,8.91,3501,48.9,30.34,30.7,1013.41878,72.63,79.4,75.34,71.07,57.53,26.45,26.35,27.78,30.34,34.34,0.94,0.71,0.92,1.25,2.3
2/21/2022 12:15,5.164,9.99,8.99,3493,49.1,30.03,30.48,1043.33457,73.44,80.2,76.19,72.21,59.06,26.5,26.38,27.84,30.37,34.03,0.92,0.68,0.89,1.2,2.18
2/21/2022 12:30,5.143,9.87,9.04,3489,48.8,29.88,30.34,930.246308,74.15,81,76.91,73.31,60.23,26.37,26.23,27.76,30.42,33.65,0.89,0.65,0.86,1.16,2.07
2/21/2022 12:45,5.176,9.91,9.12,3480,49,29.64,30.22,685.824437,74.88,81.8,77.64,73.89,61.34,26.28,26.11,27.64,30.42,33.43,0.86,0.62,0.83,1.13,1.99
2/21/2022 13:00,11.44,32.06,9.2,3473,49,29.33,30.12,420.034145,74.96,81.8,77.51,73.68,62.12,26.27,26.11,27.67,30.38,33.03,0.86,0.62,0.83,1.14,1.91
2/21/2022 13:15,11.39,31.92,9.16,3470,49,29.33,29.91,380.913496,75.46,82.3,78.29,74.72,65.69,26.34,26.16,27.67,30.35,32.02,0.84,0.6,0.8,1.09,1.63
2/21/2022 13:30,11.479,32.16,9.24,3466,48.8,28.93,29.72,363.983131,75.91,82.7,78.58,75.29,68.57,26.24,26.03,27.65,30.32,31.29,0.82,0.58,0.79,1.07,1.44
2/21/2022 13:45,11.692,32.77,9.4,3464,48.8,28.93,29.48,408.856817,76.12,82.9,78.67,75.44,69.99,26.23,26,27.63,30.28,30.89,0.81,0.57,0.79,1.06,1.34
2/21/2022 14:00,11.489,32.05,9.4,3456,48.6,28.81,29.02,863.675455,76.1,82.9,78.7,76.53,71.74,26.29,26.1,27.71,30.16,30.53,0.82,0.58,0.79,1.01,1.24
2/21/2022 14:15,11.453,31.92,9.4,3453,49,28.81,28.93,1149.683562,75.95,83.1,79.1,76.49,72.91,26.33,26.09,27.61,29.96,30.07,0.82,0.57,0.77,1,1.15
2/21/2022 14:30,11.157,30.76,9.52,3451,49,28.83,28.52,422.664105,77.16,84,79.6,77.87,74.53,26.11,25.88,27.47,29.72,29.7,0.77,0.53,0.75,0.92,1.06
2/21/2022 14:45,5.291,10.04,9.42,3450,49,29.07,28.76,312.698919,77,83.8,80,76.88,74.19,26.17,25.91,27.35,29.39,29.41,0.78,0.54,0.73,0.95,1.06
2/21/2022 15:00,5.134,9.68,9.21,3450,48.9,29.29,28.95,225.08839,76.33,83.5,79.37,75.83,74.01,26.22,25.87,27.26,28.74,28.68,0.81,0.55,0.75,0.95,1.02
2/21/2022 15:15,4.878,9.17,8.78,NAN,48.7,29.57,28.9,202.898106,79.48,86.5,81.8,78.08,77.3,26.4,25.97,27.17,28.05,27.85,0.71,0.45,0.66,0.83,0.85
2/21/2022 15:30,4.824,9.05,8.7,3452,49.1,30.12,29.21,199.610656,79.75,87.4,83.2,81.4,79.69,26.46,25.92,27.05,27.31,27.37,0.7,0.42,0.6,0.68,0.74
2/21/2022 15:45,4.903,9.22,8.82,3451,49.1,29.36,29.02,405.898112,79.01,87.1,83.9,82.8,79.94,26.62,25.98,26.93,27.12,27.39,0.73,0.43,0.57,0.62,0.73
2/21/2022 16:00,5.037,9.52,9.01,3451,49,29.26,28.83,330.286774,78.84,86.9,84.1,83.6,80,26.76,26.11,27.02,27.35,27.76,0.74,0.44,0.57,0.6,0.75
2/21/2022 16:15,5.08,9.6,9.09,3452,48.9,29.52,29.07,221.14345,79.32,87.5,84.6,84.1,80.3,26.89,26.2,27.13,27.63,28.09,0.73,0.43,0.55,0.59,0.75
2/21/2022 16:30,5.13,9.74,9.13,3452,49,30,29.43,361.517544,79.65,87.8,85.3,84,80.2,26.95,26.23,27.07,27.64,28.13,0.72,0.42,0.53,0.59,0.75
2/21/2022 16:45,5.126,9.65,9.21,3452,49.4,30.17,29.48,223.77341,79.6,87.9,85.7,84.5,80.1,26.98,26.19,26.96,27.54,28.19,0.73,0.41,0.51,0.57,0.76
2/21/2022 17:00,5.115,9.65,9.17,3452,48.8,30.22,29.52,183.666526,79.49,87.9,85.9,84.5,79.6,26.92,26.12,26.87,27.5,28.24,0.73,0.41,0.5,0.57,0.78
2/21/2022 17:15,5.095,9.57,9.18,3452,49.3,30.65,29.95,217.691628,79.25,87.6,86,84.3,79.66,26.68,26.01,26.78,27.37,28.07,0.73,0.42,0.49,0.57,0.77
2/21/2022 17:30,4.983,9.32,9.02,3453,49.1,31.2,30.24,125.314297,79.63,87.3,85.8,83.9,80.2,26.34,25.83,26.6,27.15,27.57,0.7,0.42,0.49,0.58,0.73
2/21/2022 17:45,4.863,9.08,8.82,3453,49,32.51,30.77,49.209842,79.65,86.8,85.7,83.7,80.4,26,25.63,26.29,26.77,27.07,0.68,0.43,0.49,0.57,0.7
2/21/2022 18:00,4.716,8.8,8.56,3456,49.1,33.54,31.37,23.403363,79.1,86.1,85.2,83.4,80.3,25.74,25.35,25.92,26.31,26.49,0.69,0.45,0.5,0.57,0.68
2/21/2022 18:15,4.535,8.37,8.33,3458,49.3,35.21,31.87,0.391216,78.92,85.6,84.8,83.4,80.7,25.26,24.99,25.51,25.77,25.89,0.68,0.46,0.5,0.55,0.64
2/21/2022 18:30,4.389,8.13,8.03,3461,49.4,36.58,32.63,-4.539958,79.27,84.4,84.4,83,80.4,24.56,24.75,25.02,25.26,25.41,0.64,0.49,0.49,0.55,0.64
2/21/2022 18:45,4.15,7.53,7.76,3464,49.3,38.15,33.3,-4.70433,80.1,83,83.9,82.9,79.77,23.87,24.55,24.57,24.73,25.01,0.59,0.52,0.5,0.53,0.64
2/21/2022 19:00,3.992,7.25,7.46,3466,49,39.64,33.85,-4.70433,80.5,82,83.4,82.7,79.13,23.32,24.27,24.16,24.25,24.61,0.56,0.55,0.5,0.52,0.65
2/21/2022 19:15,3.809,6.86,7.18,3470,49.3,39.45,33.97,-4.70433,80.8,81.9,81.6,82.1,78.14,22.78,23.88,24.21,24.01,24.47,0.53,0.54,0.56,0.53,0.67
2/21/2022 19:30,3.662,6.57,6.93,3471,49.5,39.8,33.99,-4.539958,81.4,83.2,76.8,79.18,74.8,22.47,23.37,25.11,24.47,25.01,0.51,0.48,0.74,0.64,0.8
2/21/2022 19:45,3.554,6.28,6.83,3474,49.1,40.71,34.02,-4.211213,81.3,83.5,74.87,77.18,73.35,22.35,23.15,25.4,24.7,25.2,0.51,0.47,0.82,0.71,0.85
2/21/2022 20:00,3.43,6.07,6.58,3478,49.1,40.9,34.59,-4.539958,81,83.1,73.45,75.92,72.19,22.33,23.13,25.57,24.82,25.3,0.51,0.48,0.87,0.75,0.9
2/21/2022 20:15,3.352,5.95,6.41,3481,49,41.33,34.5,-4.539958,80.6,82.4,72.08,74.8,71.3,22.31,23.14,25.87,24.99,25.41,0.52,0.5,0.93,0.8,0.93
2/21/2022 20:30,3.3,5.85,6.32,3483,48.9,41.29,34.45,-4.375585,80.5,82.2,69.92,72.91,69.53,22.26,23.14,26.36,25.41,25.82,0.52,0.5,1.03,0.88,1.01
2/21/2022 20:45,3.198,5.61,6.19,3486,49.4,41.69,34.62,-4.70433,80.1,81.6,68.93,71.09,67.42,22.31,23.29,26.61,25.82,26.34,0.54,0.53,1.08,0.96,1.12
2/21/2022 21:00,3.202,5.69,6.12,3488,48.9,41.5,34.76,-4.70433,79.32,79.11,68.25,69.6,65.37,22.57,24.07,26.74,26.14,26.83,0.57,0.63,1.11,1.03,1.22
2/21/2022 21:15,3.163,5.69,5.97,3489,49,40.95,34.76,-4.70433,77.51,68.17,68.54,67.64,62.72,23.1,26.96,26.75,26.65,27.58,0.64,1.13,1.11,1.13,1.38
2/21/2022 21:30,3.219,5.86,6,NAN,49.3,40.78,34.64,-4.211213,76.07,64.06,68.22,66.69,62.02,23.4,28.11,26.84,26.91,27.78,0.69,1.37,1.12,1.18,1.42
2/21/2022 21:45,3.203,5.82,5.98,3492,49,41,34.5,-4.868703,75.68,62.81,67.86,66.49,61.73,23.53,28.41,26.94,26.97,27.86,0.71,1.44,1.14,1.19,1.43
2/21/2022 22:00,3.197,5.78,6,3493,49.4,40.95,34.76,-4.539958,74.55,66.78,66.42,66.45,62.2,23.59,27.01,27.18,26.85,27.6,0.74,1.19,1.21,1.19,1.4
2/21/2022 22:15,3.181,5.79,5.93,3494,49.1,41.53,34.93,-4.539958,74.98,74.15,65.43,67.65,64,23.32,24.93,27.29,26.42,27.01,0.72,0.82,1.25,1.11,1.28
2/21/2022 22:30,3.143,5.72,5.86,3494,49.4,41.81,35.02,-4.539958,75.52,76.03,65.13,67.68,64.16,23.07,24.38,27.25,26.29,26.85,0.69,0.73,1.26,1.11,1.27
2/21/2022 22:45,3.143,5.72,5.86,3497,49,41.72,35.07,-4.539958,75.54,76.66,65.39,67.68,64.14,22.94,24.13,27.08,26.16,26.73,0.68,0.7,1.24,1.1,1.26
2/21/2022 23:00,3.081,5.63,5.72,3498,48.9,41.91,35.38,-4.70433,75.62,76.83,65.3,67.38,64,22.86,24.01,27.01,26.15,26.64,0.68,0.69,1.24,1.11,1.26
2/21/2022 23:15,3.096,5.72,5.68,3499,49.3,41.72,35.5,-4.539958,75.84,76.89,65.33,67.1,63.83,22.71,23.92,26.95,26.15,26.65,0.67,0.69,1.23,1.12,1.26
2/21/2022 23:30,3.087,5.65,5.72,3500,49,41.74,35.52,-4.868703,75.86,76.97,64.71,66.29,62.93,22.71,23.89,27.08,26.35,26.86,0.67,0.68,1.26,1.16,1.31
2/21/2022 23:45,3.054,5.59,5.66,3501,49,41.79,35.41,-4.539958,75.8,76.93,64.04,64.94,61.68,22.74,23.9,27.28,26.72,27.24,0.67,0.68,1.3,1.23,1.39
2/22/2022 0:00,3.085,5.67,5.69,3502,49.4,41.24,35.29,-4.375585,75.75,76.92,63.17,64.01,60.54,22.79,23.96,27.58,27.04,27.57,0.67,0.69,1.36,1.29,1.45
2/22/2022 0:15,3.136,5.78,5.77,3518,49.3,42.51,35.69,-4.375585,81.1,83.2,69.03,72.69,63.5,22.42,23.46,27.05,26.08,27.46,0.51,0.49,1.11,0.92,1.34
2/22/2022 0:30,3.012,5.46,5.64,3520,49.3,42.39,35.88,-4.868703,84.4,87.7,71.79,74.95,66.96,21.82,22.67,26.7,25.78,27.06,0.41,0.34,0.99,0.83,1.18
2/22/2022 0:45,2.965,5.43,5.49,3522,49.3,42.39,35.74,-4.211213,85.6,88.4,72.54,73.6,66.75,21.88,22.58,26.56,26.18,27.28,0.38,0.32,0.95,0.9,1.21
2/22/2022 1:00,2.891,5.28,5.37,3523,49.3,42.19,35.76,-4.868703,85.6,88,71.23,71.76,65.62,21.99,22.71,26.89,26.51,27.55,0.38,0.33,1.02,0.98,1.27
2/22/2022 1:15,2.9,5.35,5.33,3532,49,42.55,35.88,-4.539958,85.7,88.7,72.65,75.56,66.81,22.03,22.71,26.85,26,27.41,0.38,0.31,0.97,0.82,1.21
2/22/2022 1:30,2.88,5.24,5.37,3533,48.9,42.94,36.34,-4.375585,86.4,89.8,73.32,76.68,68,21.88,22.66,26.76,25.78,27.2,0.36,0.28,0.94,0.77,1.15
2/22/2022 1:45,2.891,5.26,5.39,3533,49,42.67,35.81,-4.70433,86.5,87.7,73.59,76.87,66.47,22.06,23.29,26.72,25.81,27.65,0.36,0.35,0.93,0.77,1.24
2/22/2022 2:00,2.886,5.3,5.33,3534,49.4,42.36,35.88,-4.70433,85.8,84.2,73.05,74.65,65.3,22.32,24.1,26.83,26.26,27.92,0.38,0.47,0.95,0.87,1.31
2/22/2022 2:15,2.846,5.24,5.24,3542,49.1,42.22,35.62,-4.539958,83.2,79.62,75.78,78.24,66.62,23.1,25.13,26.36,25.72,27.71,0.47,0.65,0.83,0.72,1.24
2/22/2022 2:30,2.905,5.33,5.37,3542,49.1,43.01,36.07,-4.539958,84.5,82.9,75.58,78.31,68.27,22.73,24.53,26.36,25.67,27.36,0.43,0.53,0.84,0.71,1.16
2/22/2022 2:45,2.817,5.11,5.27,3542,49.4,43.13,36.17,-4.868703,84.8,84.6,74,77.34,68.85,22.4,23.72,26.48,25.63,27.05,0.41,0.45,0.9,0.75,1.11
2/22/2022 3:00,2.836,5.16,5.29,3543,49,43.15,36.31,-4.375585,85.2,86.1,73.75,75.77,67.4,22.27,23.48,26.59,25.86,27.31,0.4,0.4,0.91,0.81,1.18
2/22/2022 3:15,2.881,5.28,5.33,3544,49.3,42.46,36.24,-4.868703,85,82.9,72.15,73.26,65.21,22.39,24.26,26.92,26.41,27.84,0.41,0.52,0.99,0.92,1.3
2/22/2022 3:30,2.922,5.39,5.37,3545,49.1,42.34,35.98,-5.197448,84.1,79.33,70.92,71.83,64.16,22.61,25.06,27.18,26.69,28.15,0.44,0.66,1.05,0.99,1.37
2/22/2022 3:45,2.953,5.37,5.51,NAN,49.1,42.17,35.86,-4.539958,83.2,75.38,70.18,70.69,63.59,22.78,26.01,27.28,26.87,28.22,0.47,0.83,1.08,1.04,1.39
2/22/2022 4:00,3.025,5.59,5.55,3547,49,41.93,35.96,-4.539958,82.1,72.57,69.69,69.86,63.09,22.99,26.68,27.33,26.99,28.3,0.5,0.96,1.1,1.07,1.42
2/22/2022 4:15,3.037,5.63,5.55,3548,49.1,41.57,35.84,-4.868703,81,70.06,69.58,68.83,62.84,23.19,27.27,27.34,27.18,28.35,0.54,1.08,1.11,1.12,1.43
2/22/2022 4:30,3.047,5.63,5.59,3550,49,41.79,35.72,-4.70433,79.96,68.13,69.34,68.01,62.52,23.36,27.73,27.33,27.3,28.39,0.58,1.19,1.11,1.16,1.45
2/22/2022 4:45,3.096,5.74,5.66,3550,49.5,41.62,35.88,-4.539958,79.5,66.06,69.29,67.77,62.34,23.39,28.24,27.31,27.35,28.37,0.59,1.3,1.11,1.17,1.45
2/22/2022 5:00,3.139,5.8,5.76,3551,49.5,41.38,35.69,-4.868703,78.91,64.79,69.23,67.39,62.1,23.44,28.47,27.26,27.35,28.38,0.61,1.37,1.11,1.19,1.46
2/22/2022 5:15,3.125,5.84,5.66,3552,49.1,41.12,35.74,-4.70433,78.2,64.34,69.1,67.18,61.85,23.59,28.59,27.25,27.36,28.41,0.63,1.39,1.12,1.2,1.48
2/22/2022 5:30,3.132,5.84,5.69,3552,49.3,41.14,35.76,-4.375585,77.2,64.2,69.11,67.17,61.93,23.81,28.58,27.21,27.33,28.36,0.67,1.4,1.11,1.19,1.47
2/22/2022 5:45,3.237,6.09,5.82,3552,49,40.86,35.69,-4.375585,76.31,63.61,68.88,66.81,61.58,23.96,28.69,27.22,27.37,28.41,0.71,1.43,1.12,1.21,1.49
2/22/2022 6:00,3.237,6.09,5.82,3553,49.1,40.78,35.62,-4.868703,75.81,62.99,68.55,66.47,61.51,23.97,28.82,27.26,27.37,28.39,0.72,1.47,1.14,1.22,1.49
2/22/2022 6:15,3.282,6.14,5.94,3554,49,40.52,35.41,-4.539958,74.8,62.77,68.51,66.1,61.42,24.17,28.81,27.2,27.43,28.36,0.76,1.48,1.14,1.24,1.49
2/22/2022 6:30,3.33,6.28,5.97,3554,49,40.5,35.38,-4.539958,73.68,63.09,68.58,65.91,61.28,24.4,28.7,27.18,27.42,28.36,0.8,1.45,1.13,1.25,1.49
2/22/2022 6:45,3.313,6.25,5.94,3554,49,40,35.29,-4.375585,72.3,62.78,68.56,65.74,61.23,24.66,28.76,27.15,27.44,28.33,0.86,1.47,1.13,1.25,1.49
2/22/2022 7:00,3.387,6.39,6.07,3555,48.9,40,35.26,-0.266273,72.7,62.11,68.43,65.67,61,24.52,28.9,27.13,27.41,28.36,0.84,1.51,1.13,1.25,1.51
2/22/2022 7:15,3.414,6.44,6.12,3555,49.4,39.56,35.07,10.911055,68.51,67.58,68.06,65.18,61.27,25.98,27.39,27.16,27.55,28.35,1.06,1.18,1.15,1.28,1.49
2/22/2022 7:30,3.471,6.53,6.24,3555,49.3,38.11,34.64,31.786359,63.86,72.08,68.47,65.07,61.43,27.17,26.4,27.19,27.74,28.45,1.3,0.96,1.14,1.3,1.5
2/22/2022 7:45,3.501,6.62,6.26,3556,49.3,36.24,33.42,52.168546,64.23,73.91,69.83,65.4,61.56,27.35,26.44,27.34,28.07,28.81,1.3,0.9,1.1,1.31,1.52
2/22/2022 8:00,3.569,6.75,6.38,3555,49.3,34.81,32.78,77.810652,65.67,75.1,71.37,65.61,62.07,27.36,26.71,27.59,28.43,29.16,1.25,0.87,1.06,1.33,1.53
2/22/2022 8:15,3.679,6.99,6.54,3554,49.1,34.35,31.99,93.754782,67.21,76.38,71.62,66.2,63.32,27.4,26.81,27.89,28.67,29.39,1.2,0.83,1.07,1.33,1.5
2/22/2022 8:30,3.81,7.26,6.75,3554,49.1,33.49,31.32,125.314297,69.31,78.06,71.41,66.9,67.08,27.34,26.9,28.36,28.95,30.27,1.12,0.78,1.1,1.32,1.42
2/22/2022 8:45,3.88,7.4,6.87,3554,49.3,32.7,30.93,256.647905,71.24,79.31,73.42,67.86,70.38,27.38,27.09,28.41,29.23,32.05,1.05,0.74,1.03,1.3,1.41
2/22/2022 9:00,4.086,7.86,7.16,3554,49.4,33.21,30.67,183.995271,71.75,80.1,73.92,68.05,69.2,27.62,27.36,28.74,29.68,33.75,1.04,0.72,1.03,1.33,1.62
2/22/2022 9:15,4.533,8.76,7.9,3554,49.5,33.68,31.25,258.456002,70.46,78.19,70.14,65.92,64.9,27.09,27.15,29.1,29.88,34.81,1.06,0.78,1.2,1.44,1.95
2/22/2022 9:30,4.721,9.13,8.22,3552,49.1,33.01,31.34,468.19528,70.72,78.12,68.54,64.98,62.12,26.66,26.8,29.17,29.86,35.27,1.02,0.77,1.27,1.47,2.16
2/22/2022 9:45,4.832,9.46,8.29,3553,49.3,32.42,31.29,242.676245,70.69,78.21,68.29,64.85,60.18,26.68,26.83,29.26,29.98,35.81,1.03,0.77,1.29,1.49,2.34
2/22/2022 10:00,4.965,9.72,8.52,NAN,49.3,31.96,31.1,282.454384,70.88,78.23,68.32,64.78,56.9,26.71,26.91,29.34,30.14,36.21,1.02,0.77,1.29,1.51,2.59
2/22/2022 10:15,5.004,9.82,8.56,3547,49.1,31.8,30.82,267.660861,71.53,78.54,68.17,64.8,54.68,26.63,26.9,29.45,30.25,36.4,0.99,0.76,1.31,1.52,2.75
2/22/2022 10:30,5.049,9.87,8.68,3545,49.3,31.39,30.55,298.234141,73.57,79.87,68.64,65.54,55.03,26.27,26.74,29.46,30.33,36.01,0.9,0.71,1.29,1.49,2.67
2/22/2022 10:45,5.033,9.85,8.64,3542,49.3,31.37,30.5,324.04062,74.61,80.3,68.34,64.83,55.63,26.16,26.75,29.53,30.61,35.49,0.86,0.69,1.31,1.55,2.56
2/22/2022 11:00,5.034,9.78,8.72,3536,49.1,31.7,30.48,336.03981,75.44,80.9,69.09,65.1,55.67,26.05,26.7,29.5,30.68,35.49,0.83,0.67,1.27,1.54,2.56
2/22/2022 11:15,5.122,9.98,8.84,3533,49.3,31.65,30.55,372.694872,75.4,80.4,71.86,67.75,57.25,26.05,26.48,28.94,30.84,34.97,0.83,0.68,1.12,1.44,2.4
2/22/2022 11:30,5.129,9.93,8.92,3529,49,31.08,30.36,908.220396,75.73,81.7,75.55,70.01,59.07,26.05,26.22,28.15,30.84,34.35,0.82,0.62,0.93,1.34,2.22
2/22/2022 11:45,5.164,9.98,9,3524,48.9,30.55,30.22,996.324042,76.02,82.1,76.82,70.93,59.48,26.06,26.17,27.97,30.8,34.22,0.81,0.61,0.87,1.29,2.18
2/22/2022 12:00,5.138,9.85,9.04,3519,49.1,30.27,29.81,1025.582343,76.31,82.6,77.6,72.56,60.62,26.11,26.12,27.93,30.72,34.11,0.8,0.59,0.84,1.21,2.11
2/22/2022 12:15,11.017,30.66,9.09,3514,49,29.72,29.72,1094.125665,76.6,83.2,78.14,73.79,60.49,26.11,26.08,27.88,30.74,34.01,0.79,0.57,0.82,1.16,2.1
2/22/2022 12:30,5.206,10.01,9.13,3509,48.8,29.57,29.24,945.204203,77.19,83.7,78.8,74.46,61.93,26.05,26.03,27.83,30.76,33.65,0.77,0.55,0.79,1.13,1.99
2/22/2022 12:45,11.39,31.79,9.3,3503,49.3,29.55,28.97,737.766139,76.56,83.2,78.12,72.37,61.29,26.01,25.94,27.74,30.66,33.68,0.79,0.56,0.81,1.22,2.02
2/22/2022 13:00,11.38,31.67,9.39,3499,49.1,29.43,28.88,447.977466,75.67,82.5,77.1,72.12,60.62,26.07,25.97,27.72,30.36,33.43,0.82,0.59,0.85,1.21,2.03
2/22/2022 13:15,11.987,33.75,9.47,3494,49,29.29,28.74,426.609044,75.22,82.2,76.76,72.27,62.33,26.12,25.99,27.75,30.22,32.72,0.84,0.6,0.87,1.19,1.87
2/22/2022 13:30,11.725,32.71,9.59,3489,49,29.19,28.52,416.417951,74.92,82,76.7,72.3,64.77,26.13,25.96,27.68,30.17,31.63,0.85,0.6,0.86,1.19,1.64
2/22/2022 13:45,11.56,32.16,9.55,3485,48.9,28.95,28.62,380.420379,74.52,81.7,76.68,72.17,67.59,26.17,25.96,27.59,29.94,30.6,0.87,0.61,0.86,1.18,1.42
2/22/2022 14:00,12.079,33.92,9.64,3480,48.7,28.88,28.54,1026.239833,73.95,81.1,76.38,72.88,69.27,26.2,26.02,27.6,29.66,30.02,0.89,0.64,0.87,1.13,1.31
2/22/2022 14:15,11.867,33.14,9.67,3477,48.8,28.78,28.23,1041.855218,73.68,81,76.41,74.12,70.76,26.28,26.06,27.54,29.44,29.69,0.9,0.64,0.87,1.06,1.22
2/22/2022 14:30,12.144,34.16,9.63,3473,48.7,28.83,28.19,969.531329,73.52,81,76.52,74.56,71.24,26.37,26.08,27.5,29.34,29.51,0.91,0.64,0.86,1.04,1.19
2/22/2022 14:45,11.466,31.8,9.58,NAN,48.9,28.5,27.97,789.379096,74.61,82.1,77.99,76.59,73.51,26.39,26.11,27.35,29.37,29.34,0.87,0.61,0.8,0.96,1.08
2/22/2022 15:00,11.528,32.15,9.44,3466,48.9,28.07,27.95,431.375846,76.07,83.6,79.44,77.02,74.7,26.41,26.12,27.39,29.66,29.51,0.82,0.56,0.75,0.96,1.04
2/22/2022 15:15,4.928,9.2,8.94,3465,48.6,27.54,27.23,260.099727,81,87.7,83.7,79.57,77.89,26.75,26.39,27.52,29.76,29.62,0.67,0.42,0.6,0.85,0.92
2/22/2022 15:30,4.991,9.32,9.05,3465,48.9,27.8,27.3,261.743452,82.2,89.3,86.4,80.8,79.14,27.17,26.7,27.68,30.15,30.04,0.64,0.37,0.5,0.82,0.89
2/22/2022 15:45,5.272,10.01,9.38,3465,49,28.62,27.76,395.542646,80.6,88.5,86,79.57,77.96,27.42,26.83,27.79,30.15,30.02,0.71,0.41,0.52,0.87,0.94
2/22/2022 16:00,5.264,9.91,9.46,3464,48.6,29.21,28.02,257.798512,79.64,87.6,85,79.81,77.57,27.49,26.88,27.71,29.62,29.74,0.75,0.44,0.56,0.84,0.94
2/22/2022 16:15,5.25,9.86,9.46,3464,48.7,29.69,28.45,217.691628,80.2,87.9,86,81.3,78.55,27.52,26.94,27.66,28.97,29.25,0.73,0.43,0.52,0.75,0.87
2/22/2022 16:30,5.227,9.85,9.38,3464,49,30.27,28.66,119.068143,79.77,87.8,85.9,82.5,78.95,27.5,26.84,27.6,28.52,29.02,0.74,0.43,0.52,0.68,0.84
2/22/2022 16:45,5.159,9.62,9.37,3465,48.8,30.53,28.71,88.001746,79.28,87.6,85.6,82.9,79.38,27.45,26.7,27.47,28.12,28.56,0.76,0.43,0.53,0.65,0.81
2/22/2022 17:00,5.148,9.58,9.37,3465,48.9,31.22,29.12,82.413081,78.73,87.3,85.3,83.4,79.21,27.32,26.56,27.3,27.82,28.43,0.77,0.44,0.53,0.62,0.81
2/22/2022 17:15,5.108,9.54,9.26,3464,49.3,31.44,29.55,237.74507,77.99,86.9,85.3,83,79.27,27.05,26.31,27.09,27.57,28.05,0.79,0.45,0.53,0.63,0.79
2/22/2022 17:30,5.039,9.37,9.18,3466,49.1,31.65,29.5,119.725633,78.39,86.8,85.1,83.3,79.39,26.66,26.05,26.85,27.31,27.85,0.76,0.45,0.53,0.61,0.77
2/22/2022 17:45,4.984,9.25,9.1,3466,49.1,32.18,29.76,65.318344,78.44,86.5,84.9,83.1,79.43,26.38,25.86,26.64,27.05,27.53,0.74,0.45,0.53,0.6,0.76
2/22/2022 18:00,4.971,9.24,9.06,3469,49.3,32.39,30.07,25.86895,78.03,86,84.4,82.7,79.14,26.06,25.58,26.35,26.69,26.99,0.74,0.46,0.54,0.61,0.74
2/22/2022 18:15,4.789,8.92,8.71,3469,49.1,32.97,30.48,1.213079,77.71,85.6,83,80.4,76.03,26.01,25.35,26.21,26.61,27.22,0.75,0.47,0.58,0.68,0.87
2/22/2022 18:30,4.699,8.6,8.71,3471,49.1,33.73,30.91,-3.882468,75.05,84.1,80.7,77.49,72.91,26.19,25.32,26.36,26.88,27.58,0.85,0.51,0.66,0.8,1
2/22/2022 18:45,4.557,8.41,8.37,3473,49.4,34.35,31.34,-4.868703,73.35,82.5,78.56,75.58,71.29,26.19,25.34,26.39,26.9,27.56,0.91,0.57,0.74,0.87,1.06
2/22/2022 19:00,4.421,8.14,8.14,3477,49.4,34.71,31.77,-4.375585,72.02,80.7,76.56,73.97,69.56,26.17,25.42,26.55,26.93,27.65,0.95,0.63,0.81,0.92,1.13
2/22/2022 19:15,4.291,7.91,7.89,3480,49.1,35.07,32.08,-4.375585,71.1,79.32,75.2,72.64,68.14,26.11,25.53,26.61,26.96,27.75,0.98,0.68,0.86,0.97,1.19
2/22/2022 19:30,4.128,7.61,7.59,3484,49.1,35.5,32.61,-4.868703,70.56,77.39,73.75,71.11,67.1,26,25.82,26.73,27.11,27.8,0.99,0.75,0.92,1.04,1.23
2/22/2022 19:45,4.049,7.46,7.45,3486,49.1,35.96,33.01,-4.211213,70.58,75.46,72.53,70.03,66.54,25.83,26.16,26.89,27.22,27.8,0.98,0.83,0.97,1.08,1.25
2/22/2022 20:00,3.957,7.31,7.26,3489,49.1,36.36,33.23,-4.70433,71.1,73.62,71.57,69.01,65.86,25.57,26.5,27.01,27.32,27.84,0.95,0.91,1.01,1.13,1.28
2/22/2022 20:15,3.908,7.24,7.15,3492,49.3,36.43,33.68,-4.70433,71.11,72.91,70.88,68.35,65.42,25.47,26.56,27.05,27.36,27.86,0.94,0.94,1.04,1.15,1.3
2/22/2022 20:30,3.821,7.06,7.01,3495,48.9,36.86,33.8,-4.70433,71.01,71.17,70.43,67.71,64.83,25.4,26.94,27.07,27.43,27.9,0.94,1.02,1.06,1.18,1.32
2/22/2022 20:45,3.781,7.02,6.9,3497,49.3,36.94,34.14,-4.539958,70.72,70.44,69.78,67.15,64.34,25.39,27.04,27.15,27.49,27.92,0.95,1.06,1.09,1.21,1.34
2/22/2022 21:00,3.714,6.91,6.76,NAN,49,37.25,34.14,-4.375585,70.42,69.38,69.7,66.89,63.89,25.39,27.22,27.1,27.45,27.98,0.96,1.11,1.09,1.21,1.36
2/22/2022 21:15,3.68,6.81,6.74,3501,49.1,37.39,33.99,-4.539958,70.43,68.93,69.23,66.63,63.52,25.31,27.29,27.13,27.46,28,0.95,1.13,1.11,1.22,1.38
2/22/2022 21:30,3.645,6.76,6.66,3502,49,37.8,34.21,-4.375585,70.82,68.02,69.21,66.35,63.3,25.15,27.45,27.11,27.48,28.01,0.93,1.17,1.1,1.23,1.39
2/22/2022 21:45,3.58,6.62,6.56,3505,49.4,37.65,34.52,-4.70433,70.3,67.46,68.98,66.12,63,25.22,27.57,27.11,27.47,28.03,0.95,1.2,1.11,1.24,1.4
2/22/2022 22:00,3.535,6.59,6.42,3508,49.3,38.11,34.93,-4.375585,70.4,66.8,68.75,66.06,62.81,25.11,27.7,27.14,27.44,28.03,0.94,1.23,1.12,1.24,1.41
2/22/2022 22:15,3.495,6.58,6.28,3511,49,38.35,35.26,-4.70433,70.92,66.44,68.54,65.81,62.49,24.96,27.74,27.12,27.44,28.06,0.92,1.25,1.13,1.25,1.42
2/22/2022 22:30,3.43,6.48,6.14,3514,49,38.58,35.5,-4.70433,70.87,66.04,68.34,65.51,62.35,24.92,27.79,27.13,27.47,28.05,0.92,1.27,1.14,1.26,1.43
2/22/2022 22:45,3.45,6.55,6.14,3514,49.4,38.75,35.81,-4.539958,71.01,65.56,67.96,65.33,61.91,24.81,27.87,27.18,27.47,28.11,0.91,1.29,1.15,1.27,1.45
2/22/2022 23:00,3.385,6.41,6.04,3516,49.1,38.82,35.86,-4.539958,71.51,65.22,67.92,65.22,61.89,24.69,27.93,27.13,27.44,28.08,0.89,1.31,1.15,1.27,1.45
2/22/2022 23:15,3.373,6.37,6.04,3518,49.3,38.82,36,-4.70433,71.56,65.06,67.85,65,61.62,24.69,27.95,27.14,27.46,28.12,0.88,1.32,1.16,1.28,1.46
2/22/2022 23:30,3.389,6.48,5.98,3519,49.1,38.7,36.19,-4.375585,71.07,64.8,67.7,64.88,61.55,24.72,27.98,27.14,27.48,28.11,0.9,1.33,1.16,1.29,1.46
2/22/2022 23:45,3.389,6.48,5.98,3521,49,38.94,36.27,-4.868703,71.05,64.68,67.26,64.72,61.33,24.7,27.97,27.18,27.45,28.12,0.9,1.33,1.18,1.29,1.47
2/23/2022 0:00,3.356,6.4,5.94,3521,49.4,39.35,36.17,-4.70433,71.11,64.11,67.29,64.55,61.21,24.63,28.08,27.14,27.47,28.09,0.9,1.36,1.18,1.3,1.47
2/23/2022 0:15,3.344,6.36,5.94,3522,49.3,39.35,36.03,-4.375585,71.1,63.75,67.16,64.33,60.99,24.59,28.12,27.11,27.46,28.09,0.89,1.38,1.18,1.31,1.48
2/23/2022 0:30,3.324,6.25,5.98,3523,49,39.9,36.22,-4.868703,70.62,63.45,66.88,64.13,60.74,24.64,28.14,27.15,27.42,28.1,0.91,1.39,1.19,1.31,1.49
2/23/2022 0:45,3.284,6.21,5.87,3525,49.4,39.97,36.27,-4.539958,70.36,62.83,66.52,64.02,60.51,24.62,28.25,27.15,27.39,28.1,0.92,1.43,1.2,1.31,1.5
2/23/2022 1:00,3.346,6.31,6,3526,49.1,40.33,36.27,-4.70433,70.4,62.6,66.28,63.73,60.31,24.53,28.25,27.17,27.43,28.08,0.91,1.43,1.21,1.33,1.51
2/23/2022 1:15,3.269,6.13,5.9,3531,49.4,40.45,36.53,-4.539958,70.11,62.93,66.25,63.62,60.46,24.57,28.16,27.16,27.43,28.05,0.92,1.41,1.21,1.33,1.5
2/23/2022 1:30,3.282,6.24,5.83,3531,48.9,40.43,36.53,-4.70433,70.31,62.7,66.31,63.65,60.22,24.53,28.22,27.14,27.43,28.11,0.91,1.43,1.21,1.33,1.51
2/23/2022 1:45,3.269,6.13,5.9,NAN,49.3,40.62,36.53,-4.868703,70.53,62.34,66.29,63.67,60.2,24.5,28.32,27.16,27.43,28.1,0.91,1.45,1.21,1.33,1.51
2/23/2022 2:00,3.292,6.24,5.87,3532,49.1,40.5,36.27,-4.539958,70.5,62.42,66.18,63.55,60.02,24.5,28.31,27.16,27.45,28.16,0.91,1.45,1.22,1.33,1.53
2/23/2022 2:15,3.268,6.21,5.81,3533,49.1,40.35,36.46,-4.375585,70.37,62.68,66.13,63.59,60.12,24.54,28.22,27.19,27.44,28.12,0.91,1.43,1.22,1.33,1.52
2/23/2022 2:30,3.292,6.24,5.87,3533,49.3,40.35,36.29,-4.375585,69.95,62.36,66.08,63.55,60.03,24.63,28.31,27.19,27.46,28.16,0.93,1.45,1.22,1.34,1.52
2/23/2022 2:45,3.3,6.24,5.9,3534,49.3,40.45,36.39,-4.375585,70.44,61.78,65.93,63.38,59.92,24.49,28.45,27.23,27.46,28.14,0.91,1.48,1.23,1.34,1.53
2/23/2022 3:00,3.299,6.2,5.94,3534,49.4,40.62,36.36,-4.868703,70.36,61.86,65.88,63.3,59.87,24.47,28.41,27.17,27.45,28.14,0.91,1.48,1.23,1.34,1.53
2/23/2022 3:15,3.323,6.35,5.87,3535,49,40.38,36.31,-4.70433,70.47,61.93,65.77,63.21,59.76,24.42,28.35,27.18,27.47,28.15,0.9,1.47,1.23,1.35,1.53
2/23/2022 3:30,3.303,6.24,5.91,3536,49.1,40.47,36.27,-4.70433,70.3,61.6,65.56,62.9,59.58,24.45,28.43,27.23,27.55,28.2,0.91,1.49,1.24,1.37,1.55
2/23/2022 3:45,3.319,6.29,5.92,3537,49,40.5,36.41,-4.211213,70.59,60.82,65.37,62.72,59.34,24.31,28.63,27.28,27.56,28.23,0.89,1.54,1.26,1.37,1.56
2/23/2022 4:00,3.317,6.32,5.88,3537,49.1,40.78,36.65,-4.70433,70.5,60.77,65.26,62.7,59.38,24.31,28.62,27.29,27.55,28.2,0.9,1.54,1.26,1.37,1.55
2/23/2022 4:15,3.348,6.39,5.92,3538,49,40.59,36.34,-4.539958,70.77,60.89,65.23,62.54,59.13,24.24,28.57,27.24,27.55,28.23,0.88,1.53,1.26,1.38,1.57
2/23/2022 4:30,3.325,6.33,5.9,3538,49.4,40.59,36.34,-4.70433,70.44,61.1,65.22,62.49,59.12,24.28,28.47,27.23,27.56,28.22,0.9,1.51,1.26,1.38,1.57
2/23/2022 4:45,3.324,6.27,5.96,3538,49.4,40.62,36.36,-4.868703,70.52,60.77,65.04,62.4,58.86,24.22,28.58,27.27,27.57,28.28,0.89,1.53,1.27,1.39,1.58
2/23/2022 5:00,3.345,6.4,5.9,3541,49,40.35,36.27,-4.539958,70.27,60.07,64.91,62.36,58.79,24.3,28.76,27.3,27.55,28.28,0.9,1.58,1.27,1.39,1.58
2/23/2022 5:15,3.377,6.42,6,3541,49,40.23,36.19,-4.539958,70.08,60.48,64.71,62.14,58.69,24.37,28.6,27.33,27.58,28.28,0.91,1.55,1.28,1.4,1.59
2/23/2022 5:30,3.35,6.38,5.94,3541,49.5,40.19,36.29,-4.70433,69.41,60.8,64.79,62.11,58.76,24.49,28.52,27.27,27.58,28.27,0.94,1.53,1.28,1.4,1.58
2/23/2022 5:45,3.407,6.49,6.04,3542,48.9,40.09,36.05,-4.70433,69.45,60.79,64.72,62,58.69,24.48,28.53,27.31,27.63,28.29,0.94,1.53,1.28,1.41,1.59
2/23/2022 6:00,3.429,6.53,6.08,3542,49.3,39.83,36,-4.868703,69.05,60.28,64.64,62.04,58.63,24.54,28.66,27.34,27.58,28.27,0.95,1.56,1.29,1.4,1.59
2/23/2022 6:15,3.407,6.49,6.04,3542,48.9,40,36.15,-4.539958,68.85,60.21,64.67,62.02,58.63,24.58,28.67,27.31,27.57,28.27,0.96,1.56,1.28,1.4,1.59
2/23/2022 6:30,3.418,6.53,6.04,NAN,49.4,39.97,36.12,-4.375585,68.79,60.3,64.66,61.98,58.59,24.59,28.63,27.29,27.57,28.25,0.96,1.56,1.28,1.4,1.59
2/23/2022 6:45,3.435,6.56,6.07,3544,49.4,39.9,36.19,-4.211213,68.41,60.25,64.63,62.01,58.53,24.67,28.61,27.29,27.53,28.26,0.98,1.56,1.28,1.4,1.59
2/23/2022 7:00,3.461,6.68,6.04,3543,49.1,39.33,36.15,0.391216,68.46,60.47,64.64,61.87,58.36,24.68,28.54,27.25,27.55,28.26,0.98,1.54,1.28,1.4,1.6
2/23/2022 7:15,3.495,6.69,6.16,3544,49.1,38.99,35.84,13.21227,65.43,65.1,64.91,61.72,58.53,25.74,27.29,27.17,27.63,28.31,1.14,1.27,1.26,1.42,1.6
2/23/2022 7:30,3.531,6.78,6.2,3544,49,37.46,35.05,33.430084,60.48,69.35,66.06,61.87,58.6,27.12,26.42,27.13,27.82,28.49,1.42,1.06,1.22,1.43,1.61
2/23/2022 7:45,3.598,6.89,6.34,3542,49.1,35.79,34.09,54.141016,60.61,71.28,67.65,62.57,59.25,27.49,26.5,27.31,28.12,28.82,1.45,0.99,1.17,1.42,1.62
2/23/2022 8:00,3.601,6.89,6.35,3543,48.9,34.47,33.11,77.153162,62.68,73.01,69.26,63.1,60.43,27.48,26.73,27.66,28.53,29.05,1.37,0.95,1.14,1.44,1.59
2/23/2022 8:15,3.736,7.26,6.47,3544,49.4,33.76,32.44,100.329681,65.05,74.84,70.35,64.32,61.86,27.41,26.83,27.83,28.75,29.3,1.28,0.89,1.11,1.41,1.55
2/23/2022 8:30,3.861,7.46,6.73,3543,49.4,33.42,31.87,137.806606,67.19,76.6,70.16,65.21,63.52,27.37,26.93,28.28,29.05,30.04,1.2,0.83,1.15,1.4,1.55
2/23/2022 8:45,3.99,7.77,6.89,3544,49,32.92,31.63,220.814705,68.94,77.85,71.54,66.19,66.35,27.46,27.12,28.44,29.3,31.23,1.14,0.8,1.1,1.38,1.53
2/23/2022 9:00,4.169,8.08,7.24,3543,49.1,33.3,31.63,198.624421,69.68,78.61,72.55,66.63,64.8,27.57,27.34,28.63,29.64,32.36,1.12,0.78,1.08,1.39,1.71
2/23/2022 9:15,4.56,8.92,7.83,3542,49,33.88,32.15,282.618756,69.24,77.02,69.84,65.09,65.84,26.96,27.09,28.84,29.69,33.44,1.09,0.82,1.2,1.46,1.76
2/23/2022 9:30,4.671,9.12,8.04,3541,49.4,33.35,32.32,446.004996,69.3,77.04,68.58,64.52,62.72,26.54,26.65,28.76,29.47,33.49,1.07,0.8,1.24,1.46,1.93
2/23/2022 9:45,4.855,9.54,8.29,3538,49.1,32.97,32.2,281.468149,69.17,76.8,68.28,64.69,62.54,26.58,26.72,28.88,29.51,34.11,1.07,0.81,1.26,1.46,2
2/23/2022 10:00,4.893,9.64,8.33,3533,49.4,32.73,32.08,289.686772,69.87,77.01,68.26,65.09,60.93,26.5,26.8,28.97,29.58,34.93,1.04,0.81,1.27,1.45,2.19
2/23/2022 10:15,4.955,9.72,8.48,3530,49,32.03,31.77,270.455193,70.13,77.32,68.48,64.97,59.14,26.59,26.84,29.05,29.68,35.69,1.04,0.8,1.27,1.46,2.39
2/23/2022 10:30,5.05,9.91,8.64,3525,49,31.63,31.51,312.041429,70.46,77.82,67.92,64.92,56.71,26.61,26.83,29.22,29.84,36.11,1.03,0.78,1.3,1.47,2.59
2/23/2022 10:45,5,9.77,8.6,3520,49,31.17,31.17,359.051957,71.21,78.36,68.05,64.95,57.05,26.6,26.83,29.34,30.05,36.36,1,0.76,1.31,1.49,2.6
2/23/2022 11:00,5.023,9.75,8.71,3516,49.4,31.48,31.13,363.490014,71.23,78.61,68.33,65.51,54.8,26.73,26.91,29.46,30.25,36.47,1.01,0.76,1.3,1.48,2.76
2/23/2022 11:15,4.765,9.15,8.37,3512,48.9,30.55,30.91,445.347506,75.05,80.8,72.15,68.61,54.78,26.83,26.88,29.05,30.22,35.31,0.88,0.68,1.12,1.35,2.59
2/23/2022 11:30,4.652,8.98,8.12,3510,49,29.95,30.31,990.242261,77.81,84.7,78.05,75.51,60.67,27.22,27.02,28.73,29.55,34.45,0.8,0.55,0.87,1.01,2.15
2/23/2022 11:45,4.652,8.98,8.12,3508,49.3,29.4,29.98,977.256835,78.26,85.6,80.4,77.89,60.8,27.58,27.27,28.72,29.68,34.82,0.8,0.52,0.77,0.92,2.18
2/23/2022 12:00,4.73,9.19,8.19,3507,49.3,29.29,30.1,1146.88923,78.28,85.7,81,78.56,61.46,27.94,27.57,28.97,29.97,34.96,0.82,0.53,0.76,0.91,2.16
2/23/2022 12:15,4.768,9.16,8.37,3501,49.1,29.52,30.46,1125.68518,78.45,86,81,78.58,61.74,28.23,27.77,29.26,30.37,35.17,0.83,0.52,0.77,0.93,2.17
2/23/2022 12:30,4.859,9.38,8.48,3499,49.3,29.45,30.5,1211.816357,78.89,86.6,81.3,78.93,62.8,28.41,27.89,29.48,30.65,34.93,0.82,0.5,0.77,0.93,2.08
2/23/2022 12:45,4.925,9.54,8.56,3493,49,29.31,30.34,608.898119,79.37,87.1,81.6,79.31,65.24,28.6,28.05,29.69,30.95,34.31,0.81,0.49,0.77,0.93,1.88
2/23/2022 13:00,4.936,9.58,8.56,3490,49.1,29.88,30.34,234.786366,79.81,87.5,81.9,79.05,69.63,28.77,28.23,29.89,31.2,33.03,0.8,0.48,0.76,0.95,1.53
2/23/2022 13:15,4.881,9.42,8.52,3490,49,30.24,30.48,294.946692,79.39,87.3,81.8,77.7,73.33,28.83,28.23,29.86,31,31.57,0.82,0.49,0.77,1,1.24
2/23/2022 13:30,4.878,9.41,8.52,3489,49.1,30.36,30.82,366.284346,79.1,87.1,81.6,78.6,75.47,28.79,28.16,29.78,30.54,30.81,0.83,0.49,0.77,0.94,1.09
2/23/2022 13:45,4.875,9.54,8.37,3490,49.1,31.08,31.32,265.852764,78.94,87.1,81.8,79.62,77.06,28.76,28.11,29.58,30.04,30.24,0.83,0.49,0.75,0.87,0.99
2/23/2022 14:00,4.9,9.45,8.56,3490,49,31.46,31.7,439.265725,78.57,87,82.4,80.6,78.62,28.61,27.9,29.17,29.44,29.56,0.84,0.49,0.71,0.8,0.88
2/23/2022 14:15,4.787,9.3,8.29,3490,49.1,32.63,32.39,222.129685,78.18,86.8,83,81.8,79.04,28.45,27.67,28.78,28.95,29.23,0.85,0.49,0.67,0.73,0.85
2/23/2022 14:30,4.739,9.27,8.14,3490,49.1,34.71,33.21,20.444658,77.34,86.2,83,81.8,79.29,28.08,27.3,28.21,28.4,28.59,0.86,0.5,0.65,0.7,0.81
2/23/2022 14:45,4.694,9.12,8.13,3491,49.5,35.79,34.23,107.56207,75.46,84.9,82.2,81.2,78.7,27.49,26.63,27.44,27.55,27.74,0.9,0.53,0.65,0.69,0.79
2/23/2022 15:00,4.793,9.36,8.25,3492,49.3,37.7,35,115.616321,73.24,83.1,80.5,79.62,76.92,26.7,25.76,26.55,26.59,26.79,0.94,0.56,0.68,0.71,0.81
2/23/2022 15:15,4.807,9.38,8.28,3493,49.4,38.56,35.64,65.153972,71.99,82,79.43,78.59,75.59,25.91,24.94,25.69,25.67,26.02,0.94,0.57,0.68,0.71,0.82
2/23/2022 15:30,4.671,9.01,8.16,3494,49.3,38.73,35.76,54.469761,69.78,80.5,78.54,76.93,73.33,25.71,24.56,25.16,25.32,25.85,1,0.6,0.69,0.74,0.89
2/23/2022 15:45,4.549,8.79,7.93,3494,49.1,39.09,36.1,29.978262,66.9,78.26,77.15,74.75,71.24,25.87,24.54,24.93,25.25,25.8,1.1,0.67,0.72,0.81,0.96
2/23/2022 16:00,4.357,8.36,7.66,3496,49.3,39.09,36.1,40.004983,65.01,76.74,75.97,73.12,69.62,25.99,24.52,24.78,25.21,25.78,1.18,0.72,0.75,0.86,1.01
2/23/2022 16:15,4.336,8.32,7.62,3496,49,39.73,36.07,24.55397,62.94,74.7,74.7,71.32,67.9,26.05,24.52,24.63,25.15,25.73,1.25,0.78,0.78,0.92,1.06
2/23/2022 16:30,4.317,8.32,7.55,3497,49.1,39.56,35.93,24.389598,60.54,72.28,73.46,69.32,66.14,26.03,24.54,24.3,25.01,25.57,1.33,0.85,0.81,0.97,1.11
2/23/2022 16:45,4.153,7.93,7.34,3496,49.4,38.25,35.64,26.033323,57.7,70.31,71.18,65.04,62.15,26.91,25.01,24.88,26.04,26.59,1.5,0.94,0.91,1.18,1.32
2/23/2022 17:00,3.975,7.55,7.07,3496,49.1,37.87,35.29,20.115913,54.52,69.44,67.8,61.52,58.96,27.88,25.45,25.92,27.18,27.61,1.71,0.99,1.08,1.39,1.52
2/23/2022 17:15,3.902,7.45,6.9,3496,49.3,37.96,35.24,16.664091,61.3,58.24,64.85,60.99,57.87,25.66,28.82,26.66,27.3,28.01,1.27,1.66,1.23,1.42,1.59
2/23/2022 17:30,3.857,7.41,6.77,3497,49,37.92,34.88,15.349112,66.47,56.36,62.62,61.17,56.51,24.48,29.38,27.35,27.36,28.46,1.03,1.79,1.36,1.41,1.69
2/23/2022 17:45,3.682,7.03,6.51,3498,49,37.77,34.93,3.349921,68.71,59.29,61.34,60.93,55.56,24.09,28.59,27.83,27.56,28.84,0.94,1.59,1.45,1.44,1.76
2/23/2022 18:00,3.704,6.96,6.67,3498,48.9,38.15,34.71,-1.252508,69.6,60.63,61.01,60.78,55.18,23.93,28.23,27.99,27.7,29,0.9,1.51,1.47,1.46,1.8
2/23/2022 18:15,3.656,7.02,6.42,3499,48.8,38.35,35,-3.224978,69.75,61.96,60.59,60.46,54.88,23.86,27.78,28.06,27.72,28.98,0.9,1.42,1.49,1.47,1.81
2/23/2022 18:30,3.633,6.91,6.45,3499,49,38.7,35.31,-4.70433,69.1,62.73,59.96,59.64,54.4,23.92,27.42,28.12,27.84,29.01,0.92,1.36,1.52,1.51,1.83
2/23/2022 18:45,3.597,6.81,6.42,3500,49.1,38.75,35.21,-4.868703,69.76,63.83,59.49,59.22,54.24,23.66,27.01,28.17,27.9,28.97,0.88,1.29,1.55,1.53,1.83
2/23/2022 19:00,3.519,6.73,6.21,NAN,49,39.21,35.33,-4.70433,70.74,65.29,59.13,58.67,53.91,23.48,26.67,28.33,28.03,29.1,0.85,1.21,1.57,1.56,1.86
2/23/2022 19:15,3.473,6.54,6.24,3502,48.8,39.33,35.41,-5.197448,71.32,65.38,58.86,58.31,53.42,23.34,26.67,28.43,28.17,29.22,0.82,1.21,1.59,1.59,1.89
2/23/2022 19:30,3.466,6.54,6.21,3502,48.8,39.49,35.43,-4.539958,71.11,64.7,58.52,58.3,53.32,23.46,26.89,28.51,28.16,29.31,0.83,1.25,1.62,1.59,1.9
2/23/2022 19:45,3.486,6.65,6.17,3503,48.7,39.18,35.45,-4.539958,70.92,63.59,58.39,57.92,53.07,23.49,27.19,28.56,28.26,29.38,0.84,1.31,1.62,1.61,1.92
2/23/2022 20:00,3.409,6.47,6.07,3503,49.3,39.64,35.55,-4.868703,70.61,63.51,58.29,57.46,53.04,23.58,27.2,28.59,28.39,29.38,0.86,1.32,1.63,1.64,1.92
2/23/2022 20:15,3.466,6.58,6.17,3503,48.9,39.49,35.41,-4.539958,70.17,63.99,58.37,57.67,52.7,23.68,27.08,28.57,28.35,29.5,0.87,1.29,1.63,1.63,1.95
2/23/2022 20:30,3.404,6.48,6.04,3503,49.3,39.23,35.48,-5.36182,70.47,63.58,58.57,57.89,52.98,23.76,27.34,28.62,28.38,29.53,0.87,1.32,1.62,1.63,1.94
2/23/2022 20:45,3.389,6.35,6.12,3504,49,39.4,35.19,-4.70433,70.84,63.27,58.76,58.31,53.27,23.82,27.57,28.74,28.42,29.61,0.86,1.35,1.63,1.61,1.94
2/23/2022 21:00,3.388,6.44,6.02,3503,49.1,39.42,35.36,-4.868703,70.6,62.77,59.09,58.48,53.48,23.96,27.79,28.7,28.42,29.57,0.88,1.39,1.61,1.61,1.93
2/23/2022 21:15,3.392,6.4,6.08,3504,49,39.85,35.45,-5.033075,70.66,61.31,59.27,58.24,53.61,23.91,28.17,28.61,28.45,29.52,0.87,1.48,1.6,1.62,1.91
2/23/2022 21:30,3.401,6.43,6.08,3504,48.8,39.97,35.55,-4.868703,70.42,61.05,59.23,58.04,53.47,23.88,28.13,28.54,28.43,29.46,0.88,1.48,1.59,1.63,1.91
2/23/2022 21:45,3.399,6.46,6.04,3504,49.3,39.95,35.5,-4.868703,70.6,61.46,59.2,57.92,53.35,23.82,28,28.51,28.4,29.47,0.87,1.46,1.59,1.63,1.92
2/23/2022 22:00,3.381,6.36,6.08,3504,49.1,39.95,35.67,-4.539958,70.45,61.37,58.61,57.75,53.16,23.77,27.99,28.63,28.43,29.48,0.87,1.46,1.62,1.64,1.93
2/23/2022 22:15,3.416,6.53,6.03,3504,49,39.76,35.79,-4.211213,70.51,61.2,58.45,57.6,53.06,23.74,28,28.65,28.44,29.46,0.87,1.47,1.63,1.64,1.93
2/23/2022 22:30,3.434,6.54,6.09,3505,49,39.25,35.5,-4.375585,70.25,60.9,58.19,57.6,53.16,23.8,28.08,28.7,28.42,29.44,0.88,1.48,1.65,1.64,1.92
2/23/2022 22:45,3.42,6.47,6.11,3503,49.1,39.54,35.6,-4.375585,70.21,62.09,58.33,57.57,52.97,23.85,27.75,28.71,28.48,29.55,0.88,1.41,1.64,1.65,1.94
2/23/2022 23:00,3.421,6.54,6.04,3504,49.1,39.45,35.38,-5.197448,69.91,61.98,58.34,57.58,53.04,23.99,27.87,28.76,28.51,29.58,0.9,1.43,1.65,1.65,1.95
2/23/2022 23:15,3.4,6.4,6.11,3505,49.3,39.78,35.52,-5.033075,69.61,61.02,58.83,57.84,53.45,24.05,28.13,28.63,28.46,29.48,0.91,1.48,1.61,1.64,1.92
2/23/2022 23:30,3.391,6.47,6,3505,49.1,39.54,35.62,-5.197448,69.77,61.41,58.91,58,53.51,24.03,28.01,28.6,28.4,29.46,0.9,1.46,1.61,1.62,1.91
2/23/2022 23:45,3.386,6.47,5.98,3505,49.4,39.59,35.5,-4.375585,69.46,62.01,58.78,58.08,53.37,24.09,27.87,28.68,28.41,29.52,0.92,1.43,1.62,1.62,1.92
2/24/2022 0:00,3.403,6.44,6.08,3504,48.9,39.45,35.52,-4.375585,70.02,62.08,58.94,58.34,53.49,24.06,27.98,28.69,28.42,29.51,0.9,1.43,1.62,1.61,1.92
2/24/2022 0:15,3.406,6.54,5.98,3507,49.3,41.6,36.31,-4.539958,73.93,69.47,66.17,68.2,57.81,24.47,26.93,27.87,27.12,29.04,0.8,1.08,1.27,1.14,1.69
2/24/2022 0:30,3.238,6.13,5.78,3510,49,40.83,36.41,-5.033075,80.9,79.22,68.94,72.24,62.63,23.19,25.31,27.78,26.76,28.6,0.54,0.67,1.16,0.98,1.46
2/24/2022 0:45,3.131,5.89,5.63,3510,49.4,40.35,36.03,-4.70433,82.6,79.99,67.56,71.54,61.44,23.05,25.3,28.4,27.18,29.15,0.49,0.65,1.26,1.03,1.56
2/24/2022 1:00,3.124,5.93,5.56,3511,48.9,40.16,35.98,-4.70433,82.1,78.34,66.5,69.52,60,23.27,25.72,28.65,27.67,29.58,0.51,0.72,1.31,1.13,1.66
2/24/2022 1:15,3.038,5.7,5.48,3521,49.3,41,35.96,-4.539958,79.98,75.88,70.18,73.77,61.86,24.23,26.58,28.07,27.06,29.35,0.61,0.84,1.13,0.94,1.56
2/24/2022 1:30,2.993,5.67,5.34,3522,49,42,36.48,-4.70433,82.7,79,71.49,74.78,64.45,23.6,26.08,27.86,26.93,28.85,0.5,0.71,1.07,0.9,1.41
2/24/2022 1:45,3.008,5.62,5.45,3522,48.9,41.45,36.34,-4.211213,83.3,80.5,69.83,73.42,63.09,23.43,25.68,28.33,27.28,29.26,0.48,0.64,1.16,0.96,1.5
2/24/2022 2:00,2.985,5.64,5.34,3523,49.4,41.5,36.53,-4.70433,83.1,79.35,68.42,70.61,61.74,23.47,25.89,28.54,27.74,29.5,0.49,0.69,1.23,1.09,1.58
2/24/2022 2:15,2.916,5.47,5.26,3529,49.4,41.64,36.5,-4.70433,81.6,76.61,71.6,74.9,63.31,24.09,26.59,27.96,27.08,29.2,0.55,0.81,1.07,0.9,1.49
2/24/2022 2:30,2.953,5.52,5.35,3533,49.3,42.84,36.86,-4.868703,83.9,81.3,72.87,75.89,65.66,23.35,25.71,27.55,26.76,28.64,0.46,0.62,1,0.85,1.35
2/24/2022 2:45,2.917,5.39,5.35,3535,49.1,42.86,37.03,-5.033075,84.5,78.47,72.5,75.53,64.85,23.13,26.19,27.59,26.75,28.76,0.44,0.73,1.01,0.86,1.39
2/24/2022 3:00,2.906,5.37,5.33,3536,49.4,42.7,36.91,-4.70433,84.1,74.53,71.24,72.07,63.71,23.1,26.98,27.72,27.24,28.87,0.45,0.91,1.07,1.01,1.44
2/24/2022 3:15,2.957,5.57,5.31,3537,49.3,42.55,37.1,-4.868703,82.6,70.03,68.95,68.96,61.84,23.12,27.51,27.76,27.52,28.96,0.49,1.1,1.16,1.14,1.53
2/24/2022 3:30,2.937,5.48,5.33,3539,49.4,42.86,37.2,-4.868703,81.1,69.39,69.01,68.77,62.03,23.23,27.81,27.77,27.48,28.85,0.54,1.14,1.16,1.15,1.51
2/24/2022 3:45,2.968,5.59,5.33,3541,49.3,42.6,36.96,-4.868703,81.6,71.23,68.32,68.87,62.02,23.15,27.25,27.96,27.48,28.89,0.52,1.04,1.19,1.14,1.51
2/24/2022 4:00,2.983,5.55,5.43,3543,49.3,42.62,36.98,-4.868703,80.9,69.15,67.6,67.47,61.25,23.17,27.61,27.94,27.62,28.93,0.54,1.14,1.22,1.2,1.55
2/24/2022 4:15,2.983,5.57,5.41,3544,49.3,42.53,36.94,-4.539958,80.5,67.19,67.01,66.39,60.81,23.11,27.94,27.96,27.75,28.92,0.55,1.24,1.24,1.25,1.56
2/24/2022 4:30,3.003,5.66,5.39,3545,49.3,42.67,37.03,-4.70433,79.6,65.52,66.69,65.85,60.47,23.23,28.28,27.92,27.76,28.88,0.58,1.32,1.25,1.27,1.57
2/24/2022 4:45,3.03,5.7,5.45,3546,49.5,42.43,36.98,-5.033075,78.79,65.23,66.19,65.58,60.09,23.32,28.29,27.98,27.76,28.92,0.61,1.34,1.28,1.28,1.59
2/24/2022 5:00,3.041,5.72,5.47,3547,49,42.12,36.86,-4.70433,77.85,64.75,65.95,64.95,59.82,23.42,28.34,27.96,27.84,28.91,0.64,1.36,1.28,1.31,1.6
2/24/2022 5:15,3.071,5.79,5.51,3548,49,42.1,36.72,-4.70433,76.26,63.41,65.74,64.6,59.43,23.71,28.66,27.94,27.87,28.95,0.7,1.44,1.29,1.33,1.62
2/24/2022 5:30,3.095,5.81,5.58,3548,49.3,42.27,36.7,-4.539958,75.36,62.49,65.46,64.54,59.1,23.87,28.89,27.98,27.81,29.01,0.73,1.49,1.3,1.33,1.64
2/24/2022 5:45,3.118,5.89,5.58,3551,49.4,41.67,36.5,-4.70433,74.26,61.64,65.25,64.21,58.86,24.06,29.09,27.99,27.84,29.02,0.77,1.54,1.31,1.34,1.65
2/24/2022 6:00,3.164,5.96,5.68,3551,49.4,41.72,36.55,-4.70433,73.75,61.09,64.83,63.47,58.59,24.14,29.2,28.03,27.98,29.05,0.79,1.58,1.33,1.38,1.66
2/24/2022 6:15,3.21,6.07,5.74,3553,49.1,41.53,36.39,-4.539958,72.86,59.62,64.77,63.45,58.43,24.29,29.61,27.98,27.93,29.03,0.82,1.68,1.33,1.38,1.67
2/24/2022 6:30,3.229,6.1,5.78,3552,49.5,41.48,36.5,-4.539958,71.57,59.19,64.38,62.97,58.18,24.45,29.59,28,27.95,28.99,0.87,1.69,1.35,1.4,1.67
2/24/2022 6:45,3.279,6.21,5.85,3553,49.5,41.31,36.53,-3.882468,70.74,58.79,63.97,62.61,57.89,24.56,29.6,28.01,27.93,28.96,0.9,1.71,1.36,1.41,1.68
2/24/2022 7:00,3.312,6.29,5.89,3553,49,41.14,36.24,1.870569,70.63,59.1,63.71,62.52,57.89,24.51,29.41,27.99,27.88,28.9,0.9,1.68,1.37,1.41,1.68
2/24/2022 7:15,3.374,6.42,5.99,3555,49.3,40.5,36.29,18.472189,65.26,64.3,64.01,61.68,57.82,26.39,27.86,27.81,28.08,28.93,1.19,1.34,1.35,1.46,1.68
2/24/2022 7:30,3.404,6.45,6.07,3555,48.9,38.58,35.36,36.388788,58.13,68.75,64.93,61.36,57.89,28.25,26.91,27.75,28.33,29.08,1.61,1.11,1.31,1.49,1.69
2/24/2022 7:45,3.513,6.68,6.24,3554,49.1,36.58,34.4,55.455996,58.34,70.59,66.3,61.99,57.93,28.5,26.94,27.89,28.63,29.5,1.62,1.04,1.27,1.49,1.73
2/24/2022 8:00,3.576,6.84,6.31,3554,48.9,35.52,33.56,75.180693,59.99,72.08,67.53,63.02,58.6,28.42,27.13,28.2,28.82,29.76,1.55,1,1.24,1.47,1.73
2/24/2022 8:15,3.664,7.06,6.41,3553,49.3,34.52,32.9,103.781503,61.81,73.14,68.65,63.76,59.44,28.32,27.34,28.39,29.02,29.96,1.47,0.98,1.21,1.45,1.72
2/24/2022 8:30,3.762,7.24,6.59,3553,49.1,33.4,31.96,131.724824,64.62,74.98,69.17,64.44,60.23,28,27.3,28.59,29.19,30.3,1.34,0.91,1.21,1.44,1.72
2/24/2022 8:45,3.857,7.4,6.78,3553,49.4,33.28,31.63,200.596891,67.1,76.91,70.58,65.73,62.6,27.79,27.29,28.62,29.25,30.93,1.23,0.84,1.15,1.39,1.67
2/24/2022 9:00,3.963,7.6,6.97,3552,49,32.78,31.39,213.746689,69.03,78.44,72.21,67.03,65.42,27.79,27.35,28.65,29.42,31.98,1.16,0.78,1.09,1.35,1.64
2/24/2022 9:15,4.065,7.88,7.06,3552,49,32.25,31.39,287.056813,70.49,79.57,73.52,67.71,66.14,27.95,27.54,28.84,29.8,33.24,1.11,0.75,1.05,1.35,1.73
2/24/2022 9:30,4.23,8.16,7.39,3551,49.4,31.99,30.89,315.328879,71.66,80.5,74.14,68,66.38,28.21,27.85,29.22,30.32,34.44,1.08,0.73,1.05,1.38,1.83
2/24/2022 9:45,4.424,8.67,7.58,3550,49.4,32.06,30.96,269.304586,72.26,80.7,74.06,67.5,65.07,28.53,28.17,29.58,30.69,35.59,1.08,0.74,1.07,1.43,2.03
2/24/2022 10:00,4.499,8.75,7.78,3548,49.1,31.72,30.98,421.513497,72.2,80,73.43,67.26,63.43,28.68,28.44,29.84,30.89,36.59,1.09,0.78,1.12,1.46,2.24
2/24/2022 10:15,4.69,9.15,8.08,3547,49.1,31.32,30.72,281.303776,72.51,79.95,72.96,67.16,60.33,28.81,28.62,30.12,31.12,37.52,1.09,0.79,1.16,1.49,2.56
2/24/2022 10:30,4.763,9.28,8.22,3546,49.1,31.25,30.89,531.149938,72.72,80.2,72.3,66.71,58.76,28.98,28.76,30.5,31.38,38.17,1.09,0.78,1.21,1.53,2.76
2/24/2022 10:45,4.865,9.54,8.33,NAN,49.1,31.2,30.72,338.998515,73,80.4,72.31,66.74,57.88,29.16,28.92,30.72,31.68,38.51,1.09,0.78,1.22,1.55,2.87
2/24/2022 11:00,4.962,9.67,8.56,3537,49.3,31.51,30.65,346.066531,73.42,80.7,72.83,66.73,56.98,29.29,29.09,30.83,31.92,38.61,1.08,0.78,1.21,1.57,2.95
2/24/2022 11:15,5.229,10.32,8.88,3532,48.9,31.99,31.25,391.926452,72.39,79.67,72.51,68.72,54.41,29.26,29,30.93,32.18,37.97,1.12,0.81,1.23,1.5,3.02
2/24/2022 11:30,5.246,10.27,9,3526,49.1,31.53,31.27,918.575862,73.63,81,75.08,69.06,57.33,28.94,28.64,30.32,32.21,36.87,1.05,0.75,1.08,1.49,2.66
2/24/2022 11:45,5.195,10.09,9,3520,48.9,31.37,31.37,1048.758862,74.53,81.8,76.67,70.4,57.8,28.76,28.51,30.01,32.02,36.51,1.01,0.71,0.99,1.41,2.58
2/24/2022 12:00,5.128,10,8.84,3517,49,31.2,31.32,964.600155,75.11,82.5,77.39,71.5,58.81,28.7,28.38,29.87,31.86,36.44,0.98,0.68,0.95,1.34,2.51
2/24/2022 12:15,5.174,10.09,8.92,3513,48.9,31.03,31.03,1178.284372,75.52,83,77.96,72.48,58.85,28.64,28.32,29.8,31.77,36.29,0.96,0.65,0.92,1.29,2.48
2/24/2022 12:30,5.184,10.2,8.84,3508,49,30.74,30.98,1133.410687,75.99,83.5,78.19,73.01,59.54,28.61,28.28,29.8,31.73,36.09,0.94,0.63,0.91,1.26,2.42
2/24/2022 12:45,11.292,31.71,9.01,3502,49.1,29.95,30.89,956.217159,76.22,83.9,78.52,74.13,59.84,28.63,28.21,29.76,31.64,35.79,0.93,0.62,0.9,1.21,2.36
2/24/2022 13:00,11.53,32.52,9.05,3499,49,29.91,30.72,686.810672,76.36,84.2,78.78,74.2,60.98,28.61,28.21,29.78,31.64,35.34,0.93,0.6,0.89,1.2,2.24
2/24/2022 13:15,11.622,32.92,8.97,3493,48.9,29.88,30.72,407.04872,76.51,84.4,78.6,74.28,63.2,28.63,28.19,29.83,31.63,34.27,0.92,0.6,0.9,1.2,1.99
2/24/2022 13:30,11.98,34.07,9.1,3489,49.3,29.67,30.6,402.610663,76.4,84.5,78.14,74.12,66.6,28.62,28.12,29.89,31.66,33.15,0.92,0.59,0.92,1.21,1.69
2/24/2022 13:45,11.851,33.5,9.22,3484,48.8,29.38,30.41,382.392848,76.45,84.5,78.16,74,69.7,28.59,28.1,29.85,31.68,32.27,0.92,0.59,0.92,1.21,1.46
2/24/2022 14:00,12.188,34.62,9.3,3480,48.9,29.33,30.24,466.058438,76.43,84.6,78.62,74.63,71.53,28.59,28.08,29.73,31.5,31.78,0.92,0.58,0.89,1.17,1.34
2/24/2022 14:15,12.215,34.68,9.34,3475,48.8,28.93,29.93,999.282747,76.39,84.6,78.61,75.63,72.91,28.56,28.03,29.73,31.2,31.35,0.92,0.58,0.89,1.11,1.24
2/24/2022 14:30,12.022,33.83,9.52,3472,48.9,28.88,29.67,896.54995,76.07,84.7,78.94,76.42,73.7,28.59,27.97,29.54,30.83,31.01,0.94,0.58,0.87,1.05,1.18
2/24/2022 14:45,12.143,34.1,9.69,3468,49,28.71,29.26,949.477887,75.93,84.7,80.5,77.03,74.37,28.55,27.9,29.1,30.63,30.74,0.94,0.57,0.79,1.01,1.13
2/24/2022 15:00,12.489,35.29,9.73,3466,49,28.88,29.21,520.301355,75.97,84.8,81.2,76.91,74.85,28.46,27.77,28.85,30.57,30.5,0.93,0.57,0.75,1.01,1.1
2/24/2022 15:15,12.314,34.66,9.74,3462,48.7,28.83,29.17,257.305395,76.1,84.9,81.5,76.18,74.74,28.34,27.67,28.68,30.53,30.36,0.92,0.56,0.73,1.04,1.09
2/24/2022 15:30,12.513,35.3,9.81,3460,49,28.64,28.85,236.923208,76.28,85,81.4,76.5,74.83,28.2,27.54,28.56,30.26,30.19,0.91,0.55,0.73,1.01,1.08
2/24/2022 15:45,12.26,34.33,9.89,3458,48.9,28.64,28.95,304.15155,76.22,85.1,81.8,76.22,74.89,28.07,27.4,28.34,30.11,29.99,0.9,0.54,0.7,1.02,1.06
2/24/2022 16:00,12.087,33.68,9.93,3455,48.8,28.57,28.81,274.89325,76.07,85.2,82.3,76.97,75.34,27.94,27.23,28.05,29.68,29.7,0.9,0.53,0.67,0.96,1.03
2/24/2022 16:15,11.752,32.49,9.93,3454,48.7,28.69,28.69,221.80094,75.98,85,82.6,77.79,74.94,27.78,27.1,27.82,29.29,29.62,0.9,0.54,0.65,0.9,1.04
2/24/2022 16:30,11.447,31.63,9.69,3454,48.7,28.59,28.47,227.882722,76.66,85.4,83.4,79.04,75.71,27.66,26.97,27.62,29.03,29.49,0.86,0.52,0.61,0.84,1
2/24/2022 16:45,10.833,29.61,9.52,3453,48.9,28.52,28.52,198.460049,77.39,86,84,80,75.7,27.61,26.91,27.63,28.89,29.62,0.84,0.5,0.59,0.8,1.01
2/24/2022 17:00,10.663,28.83,9.71,NAN,49,28.78,28.45,181.858429,77.28,86,84,80.1,75.86,27.54,26.86,27.55,28.74,29.42,0.84,0.5,0.59,0.79,0.99
2/24/2022 17:15,5.476,10.42,9.72,3453,49,29.17,28.95,242.3475,77.42,85.7,84.2,80.3,75.34,27.01,26.62,27.44,28.45,29.26,0.81,0.5,0.58,0.76,1
2/24/2022 17:30,5.433,10.35,9.63,3454,49.1,29.67,29.12,95.727252,78.5,85.5,84,80.3,76.25,26.52,26.34,27.19,28.1,28.64,0.75,0.5,0.58,0.75,0.93
2/24/2022 17:45,5.36,10.25,9.46,3454,49.1,30.17,29.48,72.057616,78.58,84.9,83.9,80.1,76.71,26.1,26.07,26.8,27.61,28.04,0.72,0.51,0.57,0.74,0.88
2/24/2022 18:00,5.34,10.14,9.5,3454,48.9,30.86,29.93,42.634943,78.75,84.3,83.7,80,76.88,25.69,25.8,26.37,27.08,27.38,0.7,0.52,0.56,0.72,0.84
2/24/2022 18:15,5.129,9.69,9.18,3455,49.1,31.2,30.36,2.528059,76.9,83.8,83,78.86,74.04,26.04,25.72,26.24,26.92,27.63,0.78,0.54,0.58,0.75,0.96
2/24/2022 18:30,4.934,9.32,8.83,3455,49,32.18,31.05,-4.539958,74,81.9,80.6,76.5,71.04,26.33,25.77,26.39,27.08,28,0.89,0.6,0.67,0.84,1.09
2/24/2022 18:45,4.784,9.04,8.56,3457,49.3,32.85,31.84,-4.70433,72.27,79.51,77.98,74.04,69.23,26.28,25.99,26.54,27.21,28.04,0.95,0.69,0.76,0.94,1.17
2/24/2022 19:00,4.61,8.6,8.37,3460,49,33.59,32.66,-4.868703,71.62,76.35,74.94,71.58,67.46,26.1,26.45,26.88,27.4,28.13,0.96,0.82,0.89,1.04,1.24
2/24/2022 19:15,4.446,8.37,7.99,3463,49.1,33.95,33.13,-4.868703,72.27,73.3,72.77,69.6,65.99,25.69,27.07,27.16,27.64,28.27,0.92,0.96,0.98,1.13,1.31
2/24/2022 19:30,4.284,7.96,7.81,3471,49.3,34.52,33.3,-4.70433,72.27,70.87,71.31,68.15,64.69,25.56,27.55,27.38,27.84,28.47,0.91,1.07,1.05,1.19,1.37
2/24/2022 19:45,4.154,7.77,7.52,3474,49.1,35.05,33.78,-5.033075,72.43,69.41,70.41,67.16,64.06,25.35,27.73,27.43,27.88,28.43,0.89,1.14,1.08,1.23,1.39
2/24/2022 20:00,4.026,7.62,7.19,3477,49.1,35.52,34.4,-5.033075,72.52,67.65,69.77,66.56,63.06,25.17,28.03,27.44,27.88,28.52,0.88,1.22,1.11,1.26,1.44
2/24/2022 20:15,3.919,7.37,7.05,3480,49.1,35.88,34.47,-4.375585,71.89,66.77,69.02,65.82,62.47,25.08,28.05,27.41,27.83,28.47,0.89,1.26,1.13,1.28,1.46
2/24/2022 20:30,3.863,7.33,6.88,3483,49.1,36.41,34.95,-4.868703,72.35,65.1,68.41,65.26,61.8,24.8,28.34,27.38,27.8,28.49,0.87,1.35,1.15,1.3,1.49
2/24/2022 20:45,3.806,7.19,6.81,3487,49.3,36.77,35.29,-4.539958,72.72,63.73,67.82,64.8,61.17,24.56,28.57,27.39,27.76,28.48,0.84,1.42,1.17,1.31,1.51
2/24/2022 21:00,3.714,7.04,6.62,3489,49.5,37.05,35.55,-4.70433,72.63,62.75,67.11,64.29,60.77,24.45,28.69,27.4,27.73,28.45,0.84,1.47,1.2,1.33,1.52
2/24/2022 21:15,3.675,6.96,6.56,3491,49.1,37.15,35.5,-4.70433,72.29,61.99,66.67,63.69,60.09,24.36,28.77,27.38,27.75,28.47,0.84,1.5,1.22,1.35,1.55
2/24/2022 21:30,3.637,6.89,6.49,3494,49.5,37.44,35.76,-4.539958,72.71,60.72,66.22,63.33,59.59,24.13,29.01,27.36,27.71,28.45,0.82,1.57,1.23,1.36,1.57
2/24/2022 21:45,3.589,6.82,6.38,3495,49.4,37.44,35.79,-4.868703,72.33,60.57,65.73,62.83,58.93,24.15,28.97,27.4,27.79,28.59,0.83,1.58,1.25,1.39,1.61
2/24/2022 22:00,3.559,6.75,6.34,3497,48.9,37.58,35.91,-4.70433,71.47,59.82,65.2,62.32,58.62,24.35,29.17,27.51,27.86,28.64,0.87,1.63,1.28,1.41,1.62
2/24/2022 22:15,3.589,6.82,6.38,3500,49.3,37.82,35.98,-4.539958,71.78,58.94,64.69,62.12,58.22,24.24,29.37,27.61,27.87,28.7,0.85,1.68,1.3,1.42,1.64
2/24/2022 22:30,3.535,6.75,6.25,3503,49,37.87,35.86,-4.70433,71.75,59.18,64.63,61.97,58.06,24.21,29.28,27.61,27.89,28.74,0.85,1.66,1.31,1.43,1.65
2/24/2022 22:45,3.532,6.74,6.25,3505,48.9,38.15,36.12,-5.033075,70.82,59.24,64.58,61.86,57.91,24.44,29.24,27.63,27.91,28.75,0.89,1.66,1.31,1.43,1.66
2/24/2022 23:00,3.494,6.66,6.19,3506,49.3,38.78,35.96,-4.539958,70.45,59.43,64.46,61.67,57.88,24.5,29.19,27.63,27.96,28.75,0.91,1.64,1.31,1.45,1.66
2/24/2022 23:15,3.463,6.55,6.19,NAN,49,39.16,35.86,-4.868703,69.85,58.74,64.32,61.33,57.64,24.61,29.38,27.64,28.01,28.8,0.93,1.69,1.32,1.46,1.68
2/24/2022 23:30,3.415,6.47,6.09,3511,49,39.52,35.88,-5.033075,69.89,58.64,64.11,61.18,57.34,24.65,29.37,27.71,28.05,28.88,0.93,1.69,1.33,1.47,1.7
2/24/2022 23:45,3.443,6.47,6.2,3511,49.4,39.64,35.69,-4.375585,69.54,58.69,63.85,61.13,57.42,24.72,29.35,27.75,28.05,28.83,0.95,1.69,1.35,1.47,1.69
2/25/2022 0:00,3.422,6.43,6.16,3514,49.4,39.83,35.86,-5.033075,69.17,58.98,63.99,61.22,57.54,24.79,29.25,27.7,28.02,28.78,0.96,1.67,1.34,1.47,1.68
2/25/2022 0:15,3.403,6.43,6.09,3517,49.3,39.88,35.76,-4.539958,69.69,58.28,64.02,61.24,57.48,24.62,29.45,27.67,27.99,28.79,0.94,1.72,1.33,1.46,1.68
2/25/2022 0:30,3.403,6.43,6.09,3517,49.3,39.92,35.79,-4.539958,69.98,58.26,63.79,61.05,57.18,24.52,29.42,27.71,28.01,28.85,0.92,1.71,1.35,1.47,1.7
2/25/2022 0:45,3.359,6.32,6.04,3518,49.3,40.35,36.03,-5.033075,70.54,58.77,63.84,60.87,57.16,24.36,29.23,27.66,28,28.8,0.9,1.67,1.34,1.48,1.7
2/25/2022 1:00,3.379,6.28,6.16,3520,49,40.21,35.74,-5.033075,70.6,58.4,63.56,60.79,56.97,24.29,29.3,27.68,28.01,28.83,0.89,1.7,1.35,1.48,1.71
2/25/2022 1:15,3.393,6.42,6.06,3520,49.1,40.23,35.74,-4.70433,71.01,57.77,63.48,60.62,56.61,24.16,29.46,27.66,28.01,28.88,0.87,1.74,1.35,1.49,1.73
2/25/2022 1:30,3.345,6.28,6.03,3523,49.1,40.35,35.86,-4.539958,70.64,57.93,63.34,60.52,56.67,24.23,29.39,27.7,28.01,28.86,0.89,1.72,1.36,1.49,1.72
2/25/2022 1:45,3.379,6.28,6.16,3523,49.4,40.4,35.91,-4.868703,70.37,58.15,63.28,60.43,56.59,24.31,29.33,27.72,28.02,28.87,0.9,1.71,1.37,1.5,1.73
2/25/2022 2:00,3.393,6.42,6.06,3525,48.9,40.38,35.86,-4.04684,70.21,57.57,63.04,60.35,56.58,24.25,29.49,27.75,28.05,28.88,0.9,1.75,1.38,1.5,1.73
2/25/2022 2:15,3.35,6.27,6.06,3526,49.4,40.57,35.88,-4.868703,69.62,57.17,62.75,60.3,56.32,24.38,29.58,27.79,28.01,28.9,0.93,1.77,1.39,1.5,1.74
2/25/2022 2:30,3.375,6.33,6.09,3526,48.9,40.74,35.86,-4.868703,69.32,57.59,62.87,60.07,56.3,24.41,29.41,27.72,28.03,28.85,0.94,1.74,1.38,1.51,1.74
2/25/2022 2:45,3.361,6.29,6.08,3528,49.4,40.43,35.74,-4.70433,69.06,57.66,62.79,60.1,56.31,24.48,29.37,27.72,28.03,28.85,0.95,1.73,1.38,1.51,1.73
2/25/2022 3:00,3.369,6.31,6.09,3529,49.3,40.55,35.86,-4.375585,68.86,57.09,62.51,59.96,56.12,24.53,29.55,27.82,28.08,28.9,0.96,1.77,1.4,1.52,1.75
2/25/2022 3:15,3.346,6.21,6.11,3530,49,40.38,35.6,-4.70433,69.3,56.92,62.68,60.11,56.18,24.49,29.63,27.81,28.06,28.92,0.94,1.79,1.4,1.51,1.75
2/25/2022 3:30,3.34,6.29,6,3531,49.1,40.26,35.79,-4.70433,68.89,57.57,62.67,59.92,56.11,24.56,29.43,27.81,28.12,28.95,0.96,1.74,1.4,1.53,1.75
2/25/2022 3:45,3.349,6.32,6,3532,49.4,40.35,35.57,-4.70433,68.68,57.25,62.43,59.85,56.15,24.59,29.53,27.86,28.12,28.93,0.97,1.77,1.41,1.53,1.75
2/25/2022 4:00,3.358,6.25,6.11,3533,49.4,40.45,35.79,-5.197448,68.64,56.7,62.26,59.7,55.93,24.54,29.66,27.88,28.13,28.97,0.97,1.8,1.42,1.53,1.76
2/25/2022 4:15,3.356,6.29,6.06,3534,49.1,40.33,35.57,-4.539958,68.25,57.12,62.26,59.53,55.8,24.65,29.5,27.86,28.16,28.96,0.98,1.77,1.41,1.54,1.77
2/25/2022 4:30,3.386,6.35,6.11,3534,49.1,40.62,35.64,-4.70433,67.76,57.47,62.13,59.41,55.92,24.73,29.37,27.84,28.15,28.92,1,1.74,1.42,1.55,1.76
2/25/2022 4:45,3.391,6.36,6.12,3535,49.5,40.62,35.84,-4.70433,67.27,57.13,62.18,59.45,55.81,24.84,29.46,27.83,28.12,28.94,1.03,1.76,1.42,1.54,1.76
2/25/2022 5:00,3.356,6.29,6.06,3536,49.5,40.64,35.86,-4.375585,67.64,56.81,62.13,59.6,55.84,24.73,29.55,27.84,28.08,28.9,1.01,1.79,1.42,1.53,1.76
2/25/2022 5:15,3.393,6.33,6.16,3536,49.4,40.52,35.91,-4.04684,68.33,57.32,62.25,59.65,55.83,24.55,29.38,27.77,28.04,28.89,0.98,1.75,1.41,1.53,1.76
2/25/2022 5:30,3.403,6.4,6.12,3537,49,40.55,35.79,-4.211213,68.16,57.5,62.4,59.79,55.95,24.58,29.32,27.73,27.99,28.83,0.98,1.73,1.4,1.52,1.75
2/25/2022 5:45,3.421,6.4,6.19,3539,49.3,40.5,35.74,-4.70433,68.36,57.38,62.33,59.85,55.9,24.49,29.35,27.72,27.96,28.83,0.97,1.74,1.4,1.51,1.75
2/25/2022 6:00,3.454,6.5,6.21,3540,49,40.35,35.74,-4.539958,68.54,56.4,62.14,59.83,55.79,24.41,29.6,27.76,27.92,28.83,0.96,1.81,1.41,1.51,1.75
2/25/2022 6:15,3.411,6.42,6.13,3540,48.9,40.23,35.76,-4.868703,68.74,56.58,62.02,59.83,55.89,24.39,29.56,27.79,27.93,28.82,0.95,1.8,1.42,1.51,1.75
2/25/2022 6:30,3.392,6.39,6.09,3540,49,40.88,35.72,-4.211213,68.75,58.25,62.05,60.12,56.51,24.23,28.95,27.66,27.78,28.57,0.95,1.67,1.41,1.49,1.7
2/25/2022 6:45,3.479,6.54,6.26,3541,49.1,41.81,36.17,-3.882468,73.45,70.19,64.6,63.24,62.91,22.67,25.31,26.68,26.67,26.46,0.73,0.96,1.24,1.29,1.28
2/25/2022 7:00,3.454,6.49,6.22,3542,49.5,40.21,35.74,1.706196,74.44,65.72,62.55,63.19,58.1,22.7,26.65,27.3,26.7,27.85,0.71,1.2,1.36,1.29,1.57
2/25/2022 7:15,3.429,6.43,6.19,3544,49.1,39.06,35.19,25.540205,63.76,63.29,61.66,59.87,55.98,25.98,27.5,27.7,27.82,28.72,1.22,1.35,1.42,1.5,1.73
2/25/2022 7:30,3.521,6.56,6.4,3544,49.4,37.17,34.26,51.346684,56.52,67.19,63.13,59.2,55.88,28.23,27.04,27.89,28.55,29.29,1.67,1.17,1.38,1.59,1.8
2/25/2022 7:45,3.593,6.77,6.45,3543,49.3,35.84,33.33,76.495672,57.56,69.52,65.45,60.64,57.23,28.52,27.19,28.06,28.87,29.62,1.65,1.1,1.31,1.56,1.78
2/25/2022 8:00,3.634,6.83,6.54,3543,49.3,34.09,32.13,95.891624,60.39,71.53,67.41,61.27,58.25,28.39,27.45,28.4,29.28,29.99,1.53,1.04,1.26,1.58,1.77
2/25/2022 8:15,3.755,7.16,6.65,3543,49.1,33.56,31.41,122.026848,63.76,73.46,68.81,62.69,60.2,28.22,27.62,28.62,29.53,30.32,1.39,0.98,1.22,1.54,1.72
2/25/2022 8:30,3.88,7.36,6.91,3542,49.4,32.73,31.1,159.175027,66.19,75.39,69.26,63.68,64.25,28.16,27.78,29.04,29.87,31.39,1.29,0.92,1.23,1.53,1.64
2/25/2022 8:45,3.986,7.56,7.1,3542,49.1,32.18,30.72,192.378267,68.17,76.92,70.91,65.12,66.25,28.35,28.04,29.28,30.23,33.32,1.23,0.87,1.18,1.5,1.73
2/25/2022 9:00,4.357,8.45,7.56,3542,49.4,33.06,30.84,293.467339,68.41,77.56,71.24,64.98,64.23,28.62,28.38,29.73,30.75,34.86,1.24,0.87,1.2,1.55,2
2/25/2022 9:15,4.75,9.3,8.15,3542,49.1,33.44,31.39,353.792038,69.82,76.15,67.08,63.53,60.54,27.24,27.8,29.92,30.69,35.67,1.09,0.89,1.39,1.61,2.3
2/25/2022 9:30,4.852,9.42,8.41,3540,49.4,32.9,31.75,387.981513,72.49,78.11,67.17,63.8,59.34,26.49,27.21,29.76,30.48,35.7,0.95,0.79,1.37,1.58,2.38
2/25/2022 9:45,4.932,9.64,8.48,3537,49,32.39,31.65,362.996896,72.53,78.53,67.38,64.05,57.82,26.44,27.11,29.74,30.51,35.78,0.95,0.77,1.36,1.57,2.48
2/25/2022 10:00,4.955,9.61,8.6,3533,49.3,32.15,31.29,493.837386,73.19,78.72,67.46,64.24,56.21,26.5,27.22,29.86,30.73,36.08,0.93,0.77,1.37,1.58,2.61
2/25/2022 10:15,5.012,9.71,8.71,NAN,49,32.01,30.91,265.688391,73.87,78.98,67.64,63.98,54.06,26.48,27.3,29.98,30.97,36.34,0.9,0.76,1.37,1.62,2.78
2/25/2022 10:30,5.059,9.84,8.75,3525,49,31.56,31.05,689.440632,74.41,79.58,67.65,64.17,55.08,26.41,27.19,30,30.9,35.94,0.88,0.74,1.37,1.6,2.66
2/25/2022 10:45,5.09,9.94,8.76,3519,48.9,30.93,31.05,357.572605,74.58,79.93,67.78,64.55,55.46,26.43,27.15,29.99,31.03,36.08,0.88,0.72,1.37,1.6,2.66
2/25/2022 11:00,5.127,9.96,8.88,3512,48.9,30.6,30.72,366.941836,75.43,80.3,68.18,64.29,55.21,26.41,27.18,30.08,31.38,36.51,0.85,0.71,1.36,1.64,2.74
2/25/2022 11:15,5.241,10.17,9.09,3508,49.3,30.98,31.1,442.224429,75.57,80.3,71.09,67.67,56.03,26.27,26.85,29.48,31.76,36.45,0.83,0.7,1.19,1.52,2.68
2/25/2022 11:30,5.17,10.03,8.97,3504,49,30.46,31.17,815.678692,76.21,81.9,75.03,68.98,59.47,26.21,26.52,28.61,31.66,35.82,0.81,0.63,0.98,1.45,2.38
2/25/2022 11:45,5.219,10.13,9.05,3500,49.1,30.38,30.98,874.852783,75.51,81.6,74.79,66.15,57.32,26.3,26.5,28.42,31.26,38.11,0.84,0.64,0.98,1.54,2.84
2/25/2022 12:00,5.248,10.23,9.05,3494,48.9,30.27,30.86,827.020393,74.62,80.6,73.61,67.03,52,26.26,26.32,28.43,31.23,40.6,0.87,0.66,1.02,1.5,3.66
2/25/2022 12:15,5.188,9.98,9.09,3488,49.3,29.88,30.7,871.236589,73.79,80.3,73.47,76.72,51.43,26.34,26.17,28.2,32.21,40.1,0.9,0.67,1.01,1.12,3.6
2/25/2022 12:30,5.085,9.81,8.88,3482,49,29.76,30.46,1176.640648,76.37,83,77.13,73.13,61.2,26.39,26.27,28.16,32.97,35.3,0.81,0.58,0.87,1.35,2.22
2/25/2022 12:45,11.301,31.9,8.84,3479,48.8,29.17,30.19,992.872221,78.15,84.9,79.23,71.57,62.82,26.38,26.33,28.25,32.7,34.35,0.75,0.52,0.8,1.41,2.02
2/25/2022 13:00,11.665,33.07,8.97,3473,48.6,29.29,30.07,570.270587,78.73,85.4,79.52,72.87,64.67,26.33,26.27,28.24,32.35,33.77,0.73,0.5,0.79,1.32,1.86
2/25/2022 13:15,11.53,32.52,9.05,3468,48.9,29.29,29.5,415.267343,79.12,85.6,79.73,73.34,66.6,26.29,26.19,28.18,32.15,33.18,0.71,0.49,0.77,1.28,1.7
2/25/2022 13:30,11.998,34.02,9.22,3464,49.1,29.02,29.36,398.172606,79.51,85.9,80.1,74.24,68.59,26.28,26.21,28.14,32.01,32.67,0.7,0.48,0.76,1.23,1.55
2/25/2022 13:45,12.12,34.37,9.31,3458,48.8,29.17,29.29,389.78961,79.69,86.2,80.6,74.89,70.3,26.32,26.18,28.11,31.98,32.29,0.7,0.47,0.74,1.19,1.44
2/25/2022 14:00,2.996,7.34,3.55,4444,45.3,34.31,49.18,389.460865,79.89,86.4,80.8,75.74,71.57,26.34,26.16,28.09,31.84,32.04,0.69,0.46,0.73,1.14,1.35
2/25/2022 14:45,2.385,6.18,2.46,4441,45.4,35.14,51.06,841.649544,79.9,86.8,81.2,76.84,74.48,26.41,26.15,28.08,31.7,31.35,0.69,0.45,0.71,1.08,1.17
2/25/2022 15:00,1.543,5.65,1.92,4441,45.6,33.28,49.99,460.469774,80.5,87,81.6,76.48,74.97,26.38,26.13,28,31.71,31.19,0.67,0.44,0.7,1.1,1.14
2/25/2022 15:15,1.179,4.57,1.19,4440,45.7,33.54,49.73,292.645477,84.1,90.2,84.8,77.55,77,27.02,26.71,28.24,31.62,31.15,0.57,0.34,0.58,1.04,1.04
2/25/2022 15:30,1.067,4.3,0.9,4440,46,35.41,51.23,267.496488,82.9,90,85,77.83,77.02,27.54,27.06,28.54,31.29,30.9,0.63,0.36,0.59,1.01,1.03
2/25/2022 15:45,0.935,3.94,0.6,4440,46.1,36.62,52.81,280.317541,80.7,88.7,84.1,77.87,76.78,27.8,27.17,28.43,30.8,30.56,0.72,0.41,0.62,0.98,1.02
2/25/2022 16:00,0.709,3.26,0.16,4440,46.2,37.53,53.65,266.345881,80.3,88.3,85.2,79.69,77.77,28.06,27.37,28.39,30.47,30.56,0.75,0.43,0.57,0.89,0.97
2/25/2022 16:15,0.568,2.87,-0.15,4441,46.3,38.54,54.34,239.71754,80.3,88.4,85.6,81.1,78.03,28.26,27.57,28.62,30.39,30.73,0.76,0.43,0.56,0.82,0.97
2/25/2022 16:30,0.474,2.72,-0.48,4440,46.3,39.18,55.53,244.484342,79.89,88.2,85.4,81.4,78.02,28.42,27.67,28.77,30.27,30.74,0.78,0.44,0.58,0.8,0.97
2/25/2022 16:45,0.4,2.42,-0.54,4440,46.3,39.88,55.63,198.131304,79.58,88.2,85.2,81.8,77.95,28.5,27.7,28.74,30.15,30.67,0.79,0.44,0.58,0.78,0.97
2/25/2022 17:00,0.302,2.16,-0.77,4441,46.3,40.62,56.68,173.475433,79.05,87.9,85.1,81.7,77.5,28.5,27.68,28.64,29.96,30.61,0.82,0.45,0.58,0.77,0.99
2/25/2022 17:15,0.204,1.9,-1,4440,46.4,41.45,57.54,234.950738,78.26,87.7,85.4,81.6,76.96,28.43,27.55,28.5,29.67,30.37,0.84,0.45,0.57,0.77,1
2/25/2022 17:30,0.154,1.76,-1.11,4440,46.5,42.65,58.19,91.782313,77.65,87.4,85,81.5,77.72,28.26,27.3,28.31,29.29,29.76,0.86,0.46,0.58,0.75,0.93
2/25/2022 17:45,0.103,1.58,-1.18,4441,46.2,43.01,58.86,71.728871,77.2,87.1,84.5,81.3,78.16,28.02,26.95,28.01,28.81,29.15,0.86,0.46,0.59,0.74,0.88
2/25/2022 18:00,0.057,1.48,-1.31,4441,46.3,43.08,59.48,41.977453,76.48,86.7,84,80.9,78.1,27.72,26.56,27.57,28.29,28.47,0.87,0.46,0.59,0.73,0.85
2/25/2022 18:15,0.036,1.38,-1.31,4439,46.3,43.15,59.45,1.706196,76.57,86.3,83.3,79.42,75.62,27.43,26.27,27.26,27.92,28.39,0.86,0.47,0.6,0.77,0.94
2/25/2022 18:30,0.008,1.31,-1.38,4436,46.3,43.39,58.71,-4.211213,74.91,84.9,81.1,77.14,72.97,27.28,26.08,27.24,27.88,28.48,0.91,0.51,0.68,0.86,1.05
2/25/2022 18:45,-0.045,1.16,-1.5,4433,46.3,43.72,59.6,-4.868703,73.27,83.6,79,75.43,71.6,27.12,25.89,27.15,27.73,28.28,0.96,0.55,0.76,0.91,1.09
2/25/2022 19:00,-0.034,1.21,-1.5,4431,46.3,43.96,59.29,-4.868703,71.97,82.6,77.33,74.23,70.76,26.94,25.69,27.02,27.51,28,1,0.57,0.81,0.95,1.11
2/25/2022 19:15,-0.061,1.13,-1.55,4430,46.3,43.39,59.36,-5.033075,70.85,81.4,76.17,73.32,69.61,26.81,25.56,26.9,27.3,27.88,1.03,0.61,0.84,0.97,1.14
2/25/2022 19:30,-0.077,1.09,-1.59,4428,46.3,43.34,58.91,-4.868703,70.04,79.71,75.23,72.42,68.4,26.74,25.72,26.84,27.23,27.91,1.05,0.67,0.87,1,1.19
2/25/2022 19:45,-0.089,1.03,-1.59,4428,46.3,42.79,58.81,-4.539958,69.26,78.19,74.29,71.47,67.46,26.71,25.89,26.83,27.23,27.95,1.08,0.73,0.91,1.03,1.23
2/25/2022 20:00,-0.047,1.17,-1.52,4425,46.3,42.31,58.36,-4.70433,68.69,75.98,72.84,70.06,66.13,26.65,26.28,27.03,27.4,28.14,1.09,0.82,0.97,1.09,1.29
2/25/2022 20:15,-0.054,1.08,-1.46,4424,46.3,42.67,57.95,-4.868703,68.46,73.94,71.38,68.48,65.29,26.58,26.71,27.26,27.66,28.22,1.1,0.91,1.04,1.17,1.33
2/25/2022 20:30,-0.046,1.12,-1.46,4423,46.3,42.6,58.12,-4.539958,68.46,73.14,70.31,67.65,64.67,26.47,26.81,27.41,27.79,28.29,1.09,0.95,1.08,1.21,1.36
2/25/2022 20:45,-0.016,1.26,-1.46,4422,46.2,42.08,58.16,-4.70433,68.2,71.83,69.75,66.99,64.13,26.44,27.05,27.48,27.86,28.34,1.1,1.01,1.11,1.24,1.38
2/25/2022 21:00,0.02,1.3,-1.31,4421,46.3,43.22,58.59,-4.211213,68.05,70.77,69.21,66.51,63.73,26.38,27.24,27.52,27.9,28.35,1.1,1.06,1.13,1.26,1.4
2/25/2022 21:15,-0.016,1.18,-1.37,4420,46.3,42.48,58.4,-4.70433,67.85,69.83,68.78,66.1,63.15,26.3,27.41,27.54,27.9,28.42,1.1,1.1,1.15,1.27,1.43
2/25/2022 21:30,-0.015,1.22,-1.41,4419,46.2,42.6,58.43,-4.868703,68.02,68.8,68.34,65.72,62.8,26.15,27.57,27.54,27.87,28.39,1.08,1.15,1.17,1.29,1.44
2/25/2022 21:45,-0.005,1.27,-1.41,4417,46.3,42.89,58.47,-5.197448,68.16,67.29,68.18,65.41,62.42,26.04,27.88,27.51,27.84,28.4,1.07,1.23,1.17,1.3,1.45
2/25/2022 22:00,0.038,1.36,-1.28,4417,46.2,42.41,57.38,-4.868703,68.28,67.19,67.93,65.05,62.05,25.9,27.81,27.49,27.86,28.44,1.06,1.23,1.18,1.31,1.47
2/25/2022 22:15,0.029,1.28,-1.24,4417,46.2,42.79,57.85,-4.70433,68.43,66.63,67.72,64.78,61.61,25.79,27.91,27.5,27.88,28.48,1.05,1.25,1.19,1.32,1.49
2/25/2022 22:30,0.017,1.28,-1.3,4416,46.3,42.65,57.59,-4.868703,68.69,66.28,67.44,64.53,61.47,25.69,27.98,27.51,27.92,28.49,1.03,1.27,1.2,1.33,1.5
2/25/2022 22:45,0.011,1.26,-1.31,4415,46.2,43.7,58.36,-5.197448,68.44,65.9,67.16,64.21,61.13,25.71,28.05,27.54,27.94,28.52,1.04,1.29,1.21,1.35,1.51
2/25/2022 23:00,0.028,1.36,-1.33,4414,46.2,42.48,57.71,-4.70433,68.38,65.61,66.88,64.06,60.95,25.71,28.09,27.56,27.94,28.54,1.04,1.31,1.22,1.35,1.52
2/25/2022 23:15,0.062,1.46,-1.26,4415,46.3,42.94,58.28,-4.539958,68.09,65.7,66.73,63.9,60.71,25.75,28.03,27.6,27.95,28.59,1.06,1.3,1.23,1.36,1.54
2/25/2022 23:30,0.081,1.44,-1.14,4413,46.3,42.51,58.04,-4.70433,67.82,65.35,66.59,63.74,60.48,25.78,28.09,27.61,27.97,28.63,1.07,1.32,1.23,1.37,1.55
2/25/2022 23:45,0.106,1.55,-1.13,4414,46.3,43.15,57.9,-4.70433,67.79,65.06,66.3,63.49,60.32,25.74,28.12,27.63,28,28.63,1.07,1.33,1.25,1.38,1.56
2/26/2022 0:00,0.085,1.45,-1.13,4414,46.3,43.22,57.76,-4.868703,67.79,64.88,66.07,63.41,60.19,25.71,28.17,27.68,27.99,28.64,1.06,1.34,1.26,1.38,1.56
2/26/2022 0:15,0.085,1.46,-1.14,4414,46.3,43.27,57.61,-5.033075,67.77,64.25,66.34,63.28,60.05,25.68,28.28,27.56,27.94,28.57,1.06,1.37,1.24,1.38,1.56
2/26/2022 0:30,0.104,1.55,-1.14,4413,46.2,42.7,57.78,-4.70433,67.9,63.35,65.9,63.13,59.78,25.56,28.43,27.53,27.87,28.55,1.05,1.42,1.25,1.38,1.57
2/26/2022 0:45,0.092,1.49,-1.14,4413,46.3,42.7,57.71,-4.868703,68.07,63.25,65.9,62.81,59.46,25.44,28.4,27.48,27.87,28.56,1.04,1.42,1.25,1.4,1.58
2/26/2022 1:00,0.114,1.54,-1.08,4412,46.3,42.79,58.09,-5.033075,68.04,63.02,65.92,62.56,59.26,25.37,28.38,27.42,27.88,28.55,1.03,1.43,1.25,1.41,1.59
2/26/2022 1:15,0.112,1.58,-1.13,4413,46.3,42.55,57.66,-4.70433,68.13,62.04,65.59,62.29,58.77,25.27,28.6,27.45,27.88,28.59,1.03,1.49,1.26,1.42,1.61
2/26/2022 1:30,0.117,1.51,-1.03,4412,46.2,43.1,57.71,-4.868703,68.29,62.09,65.2,62.1,58.66,25.15,28.5,27.45,27.86,28.55,1.01,1.48,1.27,1.42,1.61
2/26/2022 1:45,0.106,1.56,-1.14,4413,46.2,42.98,58.45,-4.70433,68.03,61.68,65,61.76,58.24,25.16,28.57,27.48,27.89,28.61,1.02,1.5,1.28,1.44,1.64
2/26/2022 2:00,0.154,1.69,-1.03,4412,46.2,42.72,58,-4.70433,67.91,60.98,64.7,61.49,58.05,25.09,28.68,27.46,27.84,28.56,1.02,1.53,1.29,1.44,1.64
2/26/2022 2:15,0.124,1.58,-1.07,4412,46.2,42.43,57.28,-4.539958,67.92,60.48,64.32,61.36,57.75,25,28.72,27.46,27.81,28.55,1.02,1.56,1.31,1.44,1.65
2/26/2022 2:30,0.155,1.74,-1.08,4411,46.3,42.51,57.69,-4.70433,68.2,60.13,64.19,61.09,57.53,24.87,28.77,27.42,27.78,28.51,1,1.58,1.31,1.45,1.65
2/26/2022 2:45,0.213,1.86,-0.91,4411,46.3,42.84,57.28,-4.70433,68.27,60.02,63.83,60.9,57.12,24.78,28.69,27.41,27.74,28.55,0.99,1.57,1.32,1.46,1.67
2/26/2022 3:00,0.156,1.69,-1.02,4411,46.3,42.67,57.88,-4.868703,67.94,59.36,63.85,60.66,56.96,24.76,28.8,27.33,27.72,28.51,1,1.61,1.31,1.46,1.68
2/26/2022 3:15,0.186,1.77,-0.95,4411,46.2,42.46,57.4,-4.868703,68.1,58.55,63.65,60.46,56.68,24.63,28.96,27.29,27.69,28.49,0.99,1.66,1.32,1.47,1.68
2/26/2022 3:30,0.168,1.68,-0.95,4410,46.3,42.6,57.28,-4.539958,67.79,58.23,63.44,60.27,56.44,24.63,29.01,27.32,27.7,28.54,1,1.67,1.33,1.48,1.7
2/26/2022 3:45,0.188,1.78,-0.95,4411,46.2,42.58,57.64,-5.033075,67.56,57.78,63.24,60.12,56.2,24.73,29.19,27.45,27.82,28.7,1.01,1.71,1.35,1.49,1.72
2/26/2022 4:00,0.178,1.75,-0.97,4411,46.2,42.6,57.85,-4.70433,67.26,57.89,63.06,59.85,56.19,24.82,29.16,27.5,27.92,28.7,1.03,1.7,1.36,1.51,1.72
2/26/2022 4:15,0.189,1.79,-0.96,4411,46.2,42.58,57.69,-4.868703,67.3,58.06,63.23,59.95,56.31,24.82,29.12,27.48,27.9,28.68,1.02,1.69,1.35,1.51,1.72
2/26/2022 4:30,0.2,1.77,-0.88,4411,46.1,43.03,57.09,-4.539958,67.25,58.17,63.25,59.9,56.35,24.88,29.11,27.47,27.92,28.69,1.03,1.69,1.35,1.51,1.72
2/26/2022 4:45,0.206,1.81,-0.89,4410,46.2,42.51,57.49,-4.539958,67.24,58.19,63.17,60,56.2,24.84,29.11,27.52,27.92,28.74,1.03,1.69,1.35,1.5,1.73
2/26/2022 5:00,0.222,1.85,-0.85,4410,46.2,42.74,57.71,-5.033075,67.16,58.4,63.04,59.87,56.2,24.89,29.07,27.53,27.93,28.75,1.03,1.67,1.36,1.51,1.73
2/26/2022 5:15,0.222,1.85,-0.85,4410,46.2,42.27,57.33,-4.868703,67.03,58.38,63.01,60.13,56.25,24.9,29.07,27.55,27.89,28.71,1.04,1.67,1.36,1.5,1.72
2/26/2022 5:30,0.258,1.91,-0.73,4411,46.2,42.84,57.4,-4.868703,67.45,58.29,63.16,59.94,56.11,24.85,29.13,27.54,27.96,28.81,1.02,1.68,1.36,1.51,1.74
2/26/2022 5:45,0.274,2,-0.74,4411,46.2,42.36,57.11,-4.868703,67.29,58.8,63.21,60.01,56.28,24.92,29.02,27.59,27.99,28.81,1.03,1.65,1.36,1.51,1.73
2/26/2022 6:00,0.286,2,-0.68,4411,46.2,42.12,56.8,-4.868703,67.24,59.12,63.1,60.05,56.31,24.95,28.92,27.61,27.98,28.8,1.03,1.63,1.36,1.51,1.73
2/26/2022 6:15,0.312,2.07,-0.62,4411,46.3,42.51,56.68,-4.375585,67.08,58.6,63.21,59.96,56.39,24.92,29.06,27.55,27.98,28.74,1.04,1.66,1.35,1.51,1.72
2/26/2022 6:30,0.325,2.18,-0.67,4410,46.2,42.43,57.09,-4.70433,66.95,58.26,63.07,59.83,56.26,24.9,29.1,27.5,27.93,28.72,1.04,1.68,1.36,1.51,1.72
2/26/2022 6:45,0.345,2.22,-0.61,4411,46.2,42.1,56.97,-3.224978,66.48,58.08,62.86,59.86,56.34,24.96,29.1,27.52,27.86,28.64,1.06,1.69,1.37,1.5,1.71
2/26/2022 7:00,0.374,2.26,-0.5,4410,46.3,43.32,57.33,3.185549,66.1,57.18,62.91,59.73,56,25,29.32,27.48,27.86,28.71,1.07,1.75,1.36,1.51,1.73
2/26/2022 7:15,0.776,3.5,0.25,4406,46.3,43.22,58.26,23.403363,62.53,63.02,62.61,59.66,56.4,26.35,27.71,27.56,27.99,28.71,1.29,1.37,1.38,1.52,1.72
2/26/2022 7:30,1.423,5.23,1.75,4406,46.2,38.97,54.58,41.977453,57.53,67.56,63.78,59.85,56.51,27.89,26.93,27.69,28.31,29.03,1.6,1.15,1.34,1.55,1.75
2/26/2022 7:45,2.05,6.89,3.22,4404,46.2,34.76,50.35,60.058425,58.17,69.72,65.4,60.8,57.5,28.2,27.05,27.93,28.64,29.34,1.6,1.08,1.3,1.54,1.74
2/26/2022 8:00,2.641,8.45,4.61,4404,46.2,32.06,47.26,77.317535,60.44,71.3,67.53,61.61,58.81,28.1,27.29,28.17,28.91,29.54,1.5,1.04,1.24,1.53,1.7
2/26/2022 8:15,3.093,9.52,5.81,4402,46.3,30.34,45.02,102.302151,63.32,73.35,68.9,63.19,60.86,27.89,27.31,28.22,29.08,29.82,1.38,0.97,1.19,1.48,1.64
2/26/2022 8:30,3.555,10.56,7.09,4400,46.1,28.5,42.29,121.533731,65.64,75.26,69.34,64.18,65.59,27.9,27.44,28.58,29.36,30.94,1.29,0.91,1.2,1.46,1.54
2/26/2022 8:45,3.888,11.36,7.96,4399,46.1,27.11,40.14,154.572598,67.27,76.54,70.67,64.78,67.18,28.07,27.66,28.86,29.74,32.69,1.24,0.87,1.17,1.47,1.62
2/26/2022 9:00,4.619,13.54,9.41,4396,46.1,26.51,38.54,258.620375,67.69,77.24,70.97,64.99,65.35,28.26,27.96,29.22,30.14,34.16,1.24,0.86,1.18,1.5,1.86
2/26/2022 9:15,5.084,14.44,10.86,4392,46.1,25.94,38.03,289.686772,69.99,76.51,67.43,63.47,62.62,26.96,27.5,29.47,30.17,34.93,1.07,0.86,1.34,1.57,2.09
2/26/2022 9:30,5.251,14.74,11.41,4389,46,24.36,36.5,264.373411,71.4,77.81,66.75,63.44,61.07,26.38,26.91,29.46,30.02,35.02,0.98,0.79,1.37,1.55,2.19
2/26/2022 9:45,5.468,15.22,12.02,4386,46,23.83,35.88,272.26329,71.37,78.05,66.52,63.44,58.23,26.46,26.93,29.52,30.14,35.16,0.99,0.78,1.38,1.56,2.37
2/26/2022 10:00,5.475,15.09,12.2,4382,46,23.24,34.88,282.618756,72.23,78.37,67.07,63.69,56.94,26.45,27.02,29.56,30.35,35.42,0.96,0.77,1.36,1.57,2.48
2/26/2022 10:15,5.575,15.42,12.36,4379,46,22.85,34.07,281.632521,72.61,78.58,67.33,63.73,55.77,26.55,27.13,29.68,30.59,35.45,0.95,0.77,1.36,1.59,2.55
2/26/2022 10:30,5.582,15.38,12.44,4377,45.8,22.33,33.56,442.881919,74.06,79.23,66.93,63.64,57.01,26.43,27.15,29.91,30.92,35.79,0.89,0.75,1.4,1.63,2.52
2/26/2022 10:45,5.685,15.73,12.6,4374,46,22.4,33.13,346.888394,74.01,79.54,67.38,63.37,57.41,26.61,27.23,30.05,31.29,36.57,0.91,0.74,1.39,1.67,2.61
2/26/2022 11:00,5.583,15.35,12.48,4372,46,22.26,32.9,366.448718,75.96,80.6,67.85,63.29,55.87,26.34,27.19,30.1,31.6,36.88,0.82,0.7,1.37,1.71,2.75
2/26/2022 11:15,5.608,15.47,12.48,4371,46,22.21,32.87,552.353988,76.32,80.7,71.33,66.74,56.49,26.22,26.82,29.49,31.9,36.92,0.81,0.68,1.18,1.57,2.72
2/26/2022 11:30,5.518,15.23,12.27,4370,46,22.28,32.75,989.420399,77.33,82.7,75.92,70.05,58.25,26.17,26.49,28.58,31.93,35.85,0.77,0.6,0.94,1.42,2.46
2/26/2022 11:45,5.415,15.01,11.97,4370,45.8,22.28,33.16,1118.945909,77.91,83.7,77.61,71.76,59.53,26.19,26.41,28.39,32.02,35.63,0.75,0.56,0.87,1.34,2.36
2/26/2022 12:00,5.3,14.76,11.64,4369,45.8,22.52,33.4,1074.565341,78.58,84.4,78.53,72.12,60.16,26.19,26.35,28.29,32.14,35.35,0.73,0.54,0.83,1.34,2.28
2/26/2022 12:15,5.139,14.46,11.13,4370,45.8,22.76,33.76,1125.192063,78.92,85,79.02,72.52,61.49,26.18,26.3,28.24,32.27,35.06,0.72,0.51,0.8,1.33,2.17
2/26/2022 12:30,5.043,14.09,11.03,4370,46,23.09,34.21,1175.49004,79.33,85.5,79.75,72.85,62.5,26.12,26.25,28.21,32.34,34.6,0.7,0.49,0.77,1.32,2.06
2/26/2022 12:45,4.852,13.73,10.42,4371,46,23.43,34.74,979.064933,79.68,86,80.3,73.12,63.85,26.11,26.25,28.12,32.36,34.17,0.69,0.48,0.75,1.3,1.94
2/26/2022 13:00,4.641,13.29,9.8,4371,45.8,23.93,35.81,755.682739,79.83,86.3,80.6,73.48,65.24,26.09,26.13,28.09,32.38,33.8,0.68,0.46,0.74,1.29,1.83
2/26/2022 13:15,4.363,12.54,9.16,4371,46.1,24.65,36.48,432.690826,80.2,86.7,80.9,73.67,66.63,26.01,26.05,28.04,32.38,33.42,0.67,0.45,0.72,1.28,1.72
2/26/2022 13:30,4.092,11.92,8.42,4371,46,25.29,37.92,407.706209,80.5,87,81,74.09,68.71,26.01,26.02,28.04,32.33,32.91,0.66,0.44,0.72,1.26,1.57
2/26/2022 13:45,3.742,11.14,7.44,4372,46,26.51,39.45,398.665723,80.6,87.1,81.3,74.61,70.39,26.02,26.02,28.06,32.32,32.56,0.65,0.43,0.71,1.23,1.45
2/26/2022 14:00,3.312,10,6.43,4376,46.2,27.85,41.41,394.885156,80.8,87.3,81.2,75.25,71.56,26,26,28.05,32.13,32.22,0.65,0.43,0.71,1.19,1.37
2/26/2022 14:15,2.865,8.94,5.25,4377,46.1,29.64,43.68,943.560478,80.8,87.4,81.2,76.2,72.73,25.99,25.98,28.07,31.99,31.93,0.65,0.42,0.71,1.13,1.29
2/26/2022 14:30,2.373,7.78,3.94,4380,46.2,30.86,45.8,981.366147,80.6,87.5,81.5,76.36,73.52,26.08,25.98,28.04,31.91,31.7,0.66,0.42,0.7,1.12,1.24
2/26/2022 14:45,2.043,6.9,3.17,4382,46.2,33.13,48.05,820.445494,80.6,87.4,81.4,76.5,74.33,26.04,25.97,28.01,31.85,31.43,0.65,0.42,0.7,1.11,1.18
2/26/2022 15:00,1.691,5.91,2.41,4386,46.3,33.01,48.55,453.894875,81.4,87.8,81.8,75.95,75.09,26.06,25.96,27.92,31.83,31.16,0.63,0.41,0.68,1.13,1.13
2/26/2022 15:15,1.288,4.81,1.5,4392,46.2,33.73,48.6,289.686772,84.9,90.9,85.2,77.25,77.14,26.82,26.55,28.23,31.83,31.2,0.53,0.32,0.57,1.07,1.04
2/26/2022 15:30,1.174,4.53,1.21,4395,46.2,35.55,50.08,286.728068,84.1,90.9,85.3,77.5,77.17,27.38,26.95,28.6,31.59,31.1,0.58,0.32,0.58,1.05,1.03
2/26/2022 15:45,1.304,5.07,1.3,4396,46.3,40.57,53.69,299.549121,79.18,88.1,83.5,77.45,76.34,27.53,27.01,28.53,31.15,30.79,0.77,0.42,0.64,1.02,1.05
2/26/2022 16:00,1.04,4.16,0.91,4398,46.3,40.38,55.2,284.919971,77.56,84.9,79.93,76.86,75.35,26.29,26.13,28.02,30.51,30.19,0.77,0.51,0.76,1.01,1.06
2/26/2022 16:15,0.832,3.62,0.41,4397,46.2,39.45,55.18,255.332925,80.7,87.2,82.1,78.45,76.31,25.84,25.72,27.47,29.95,29.92,0.64,0.42,0.66,0.91,1
2/26/2022 16:30,0.693,3.22,0.12,4398,46.3,40.4,55.3,306.617137,81.6,88.1,83.1,79.31,76.49,25.79,25.59,27.24,29.55,29.68,0.61,0.39,0.61,0.86,0.98
2/26/2022 16:45,0.619,3.02,-0.05,4399,46.3,40.98,55.92,208.815515,81.2,88.4,83.2,79.64,76.49,25.76,25.4,27.1,29.16,29.38,0.62,0.38,0.6,0.82,0.96
2/26/2022 17:00,0.568,2.83,-0.11,4400,46.3,41.69,56.04,165.421181,79.8,87.6,82.7,79.41,75.85,25.79,25.34,26.91,28.7,29.08,0.67,0.4,0.61,0.81,0.97
2/26/2022 17:15,0.323,2.17,-0.67,4402,46.4,41.43,55.96,194.679482,81.3,88.2,84,80.3,76.39,25.93,25.48,26.88,28.23,28.89,0.63,0.38,0.57,0.75,0.94
2/26/2022 17:30,0.191,1.8,-0.96,4405,46.3,42.34,56.78,89.64547,82.4,89.5,85.6,82.3,78.57,26.12,25.68,26.91,27.97,28.47,0.6,0.35,0.51,0.67,0.83
2/26/2022 17:45,0.129,1.67,-1.14,4407,46.4,43.01,57.23,69.263283,81,89,85.5,82,78.58,26.26,25.65,26.82,27.72,28.11,0.65,0.36,0.51,0.67,0.81
2/26/2022 18:00,0.055,1.37,-1.2,4408,46.4,43.87,57.9,39.676238,79.06,87.7,84.5,81.2,78.25,26.35,25.55,26.63,27.37,27.67,0.72,0.4,0.54,0.68,0.81
2/26/2022 18:15,-0.03,1.14,-1.4,4408,46.4,45.14,59.26,3.349921,77.35,86.5,84,80.8,78.2,26.27,25.36,26.29,26.92,27.05,0.77,0.44,0.55,0.68,0.78
2/26/2022 18:30,-0.117,0.95,-1.65,4409,46.5,46.07,59.98,-3.718095,75.82,85.6,83.4,80.7,78.28,26.06,25.02,25.83,26.36,26.49,0.82,0.46,0.55,0.66,0.75
2/26/2022 18:45,-0.206,0.68,-1.82,4409,46.5,46.59,60.67,-4.211213,74.41,84.6,82.6,80.3,77.73,25.75,24.66,25.41,25.83,25.98,0.85,0.48,0.56,0.66,0.75
2/26/2022 19:00,-0.219,0.69,-1.9,4408,46.5,46.78,60.7,-4.375585,73.53,83.6,81.7,79.9,77.14,25.36,24.32,25.02,25.3,25.5,0.86,0.5,0.58,0.65,0.75
2/26/2022 19:15,-0.258,0.52,-1.92,4408,46.5,47.29,61.06,-4.868703,73.15,82.8,81.3,79.42,76.57,24.91,24.01,24.57,24.86,25.1,0.85,0.51,0.58,0.65,0.75
2/26/2022 19:30,-0.252,0.58,-1.95,4408,46.5,47.1,61.3,-4.539958,73.37,82,81.3,79.16,76.27,24.43,23.78,24.13,24.47,24.75,0.82,0.53,0.56,0.64,0.74
2/26/2022 19:45,-0.296,0.42,-2.01,4408,46.5,47.17,61.73,-4.04684,73.79,81.5,81.3,79.09,76.17,23.99,23.57,23.76,24.12,24.4,0.78,0.54,0.55,0.63,0.73
2/26/2022 20:00,-0.326,0.38,-2.12,4407,46.5,43.87,59.84,-4.70433,74.71,80.8,80,78.91,75.36,23.44,23.52,23.85,23.93,24.38,0.73,0.56,0.59,0.63,0.75
2/26/2022 20:15,-0.297,0.39,-1.98,4408,46.5,44.37,58.16,-4.868703,77.52,80.9,73.81,75.86,70.72,22.67,23.39,25.18,24.53,25.36,0.62,0.55,0.84,0.74,0.95
2/26/2022 20:30,-0.225,0.58,-1.81,4408,46.5,44.27,58.24,-4.868703,78.26,80.6,71.57,73.35,68.9,22.49,23.41,25.64,25.02,25.71,0.59,0.56,0.94,0.85,1.03
2/26/2022 20:45,-0.209,0.64,-1.79,4408,46.5,44.59,58.24,-4.375585,78.15,79.95,70.09,72.03,68.15,22.44,23.45,25.92,25.22,25.8,0.59,0.58,1,0.9,1.06
2/26/2022 21:00,-0.177,0.79,-1.79,4407,46.6,44.51,58.71,-4.539958,77.94,79.55,69.08,71.2,67.56,22.42,23.48,26.07,25.33,25.88,0.6,0.59,1.04,0.93,1.08
2/26/2022 21:15,-0.127,0.95,-1.7,4406,46.5,44.15,58.64,-4.868703,77.6,79.12,68.4,70.52,66.97,22.44,23.55,26.19,25.39,25.93,0.61,0.61,1.07,0.96,1.11
2/26/2022 21:30,-0.158,0.79,-1.69,4407,46.6,44.3,58.24,-4.868703,77.49,78.78,67.2,69.73,66.17,22.46,23.6,26.53,25.6,26.16,0.61,0.62,1.14,0.99,1.15
2/26/2022 21:45,-0.092,0.95,-1.52,4406,46.6,44.27,58.47,-5.033075,77.23,78.29,64.54,67.31,63.68,22.61,23.8,27.31,26.26,26.87,0.62,0.64,1.29,1.12,1.29
2/26/2022 22:00,-0.062,1.04,-1.46,4407,46.7,43.49,57.95,-4.868703,76.66,77.36,63.91,66.34,62.48,22.8,24.06,27.52,26.54,27.23,0.65,0.68,1.33,1.17,1.36
2/26/2022 22:15,-0.018,1.18,-1.38,4406,46.6,44.42,58.57,-4.539958,75.97,76.66,63.34,65.74,61.91,22.98,24.27,27.7,26.7,27.41,0.67,0.71,1.36,1.2,1.39
2/26/2022 22:30,-0.008,1.16,-1.31,4406,46.7,43.56,57.64,-4.868703,75.5,76.38,63.07,65.57,61.62,23.1,24.38,27.78,26.79,27.52,0.69,0.72,1.38,1.21,1.41
2/26/2022 22:45,0.002,1.27,-1.37,4406,46.5,43.75,57.83,-5.033075,74.94,75.72,62.53,65.19,61.49,23.2,24.52,27.92,26.84,27.5,0.71,0.75,1.41,1.23,1.41
2/26/2022 23:00,0.014,1.17,-1.2,4406,46.5,44.42,57.81,-4.70433,74.47,75.39,62.82,65.08,61.3,23.24,24.57,27.79,26.83,27.53,0.73,0.76,1.39,1.23,1.42
2/26/2022 23:15,0.022,1.32,-1.32,4406,46.5,43.87,58.28,-5.033075,74.3,75.23,62.67,64.94,61.2,23.24,24.56,27.78,26.82,27.5,0.73,0.76,1.39,1.24,1.42
2/26/2022 23:30,0.035,1.32,-1.25,4406,46.5,43.99,58.07,-4.868703,74.02,75.14,62.65,64.7,60.87,23.28,24.57,27.78,26.86,27.61,0.74,0.77,1.39,1.25,1.45
2/26/2022 23:45,0.048,1.29,-1.15,4406,46.5,45.09,58.09,-4.868703,73.8,74.97,62.18,64.36,60.72,23.28,24.57,27.83,26.91,27.56,0.75,0.77,1.42,1.26,1.45
2/27/2022 0:00,-0.021,1.01,-1.21,4406,46.5,45.66,58.4,-4.375585,73.52,74.8,62.5,64.37,60.43,23.29,24.56,27.72,26.9,27.61,0.76,0.78,1.39,1.26,1.46
2/27/2022 0:15,0.025,1.38,-1.37,4405,46.6,48.74,63.38,-4.539958,79.99,78.14,70.51,73.1,64.08,22.78,24.63,26.55,25.76,27.16,0.55,0.68,1.02,0.89,1.29
2/27/2022 0:30,-0.125,0.96,-1.7,4406,46.6,46.76,61.68,-4.70433,83.2,85.4,71.61,76.64,68.08,21.98,23.14,26.58,25.27,26.7,0.44,0.41,0.99,0.75,1.12
2/27/2022 0:45,-0.133,1.04,-1.83,4407,46.5,44.42,60.44,-5.033075,84.5,86.6,71.1,74.84,67.09,21.95,22.95,26.74,25.72,27.06,0.41,0.38,1.01,0.83,1.18
2/27/2022 1:00,-0.354,-0.04,-1.81,4410,46.6,43.27,54.67,-4.868703,84.3,85.2,69.27,72.62,64.19,22.26,23.57,27.31,26.26,27.82,0.42,0.43,1.12,0.93,1.34
2/27/2022 1:15,-0.175,0.79,-1.78,4411,46.7,44.13,60.65,-4.539958,82.3,78.06,71.86,75.78,63.91,23.26,25.43,27.13,26.14,28.28,0.51,0.71,1.01,0.82,1.39
2/27/2022 1:30,-0.21,0.68,-1.84,4412,46.6,41.05,56.13,-5.033075,83.3,80.1,72.75,76.3,65.52,23,25.44,27,26.13,28.07,0.47,0.65,0.97,0.8,1.31
2/27/2022 1:45,-0.2,0.6,-1.7,4411,46.6,41.55,55.15,-4.539958,82.8,77.11,71.34,74.42,63.98,23.11,26.15,27.42,26.51,28.49,0.49,0.78,1.05,0.89,1.4
2/27/2022 2:00,-0.266,0.2,-1.61,4412,46.7,45.64,55.89,-4.70433,81.7,72.18,69.94,71.27,62.53,23.37,27.31,27.67,27.09,28.81,0.53,1.01,1.11,1.03,1.48
2/27/2022 2:15,-0.131,0.91,-1.68,4412,46.9,44.97,61.53,-4.868703,80.8,74.62,72.84,75.31,64,23.77,26.6,27.21,26.47,28.53,0.57,0.88,0.98,0.85,1.4
2/27/2022 2:30,-0.245,0.62,-1.96,4411,46.7,42.79,58.47,-4.868703,82.6,77.83,74,76.75,65.98,23.31,26.19,26.92,26.23,28.09,0.5,0.75,0.92,0.79,1.29
2/27/2022 2:45,-0.185,0.67,-1.7,4411,46.7,42.79,57.09,-4.539958,82.5,75.97,72.45,76.43,64.61,23.28,26.49,27.26,26.31,28.42,0.5,0.83,1,0.81,1.37
2/27/2022 3:00,-0.162,0.77,-1.69,4410,46.7,43.13,56.83,-4.539958,81.5,73,70.69,75.12,63.06,23.39,27.07,27.54,26.52,28.68,0.53,0.97,1.08,0.86,1.45
2/27/2022 3:15,-0.191,0.54,-1.59,4410,46.7,44.27,56.75,-4.868703,80.4,69.28,69.4,73.01,61.86,23.44,27.76,27.68,26.72,28.81,0.57,1.15,1.14,0.95,1.51
2/27/2022 3:30,-0.099,0.88,-1.48,4410,46.7,43.56,56.78,-5.033075,79.39,67.28,68.76,69.74,61.04,23.53,28.12,27.7,27.21,28.92,0.6,1.25,1.16,1.09,1.55
2/27/2022 3:45,-0.089,0.9,-1.45,4410,46.9,43.92,56.97,-4.70433,78.51,64.88,68.17,68.08,60.63,23.62,28.67,27.73,27.41,28.94,0.63,1.38,1.18,1.17,1.57
2/27/2022 4:00,-0.05,1.1,-1.46,4410,46.7,44.18,57.73,-4.70433,77.61,63.77,67.38,67.23,60,23.73,28.9,27.85,27.55,29.02,0.66,1.44,1.22,1.21,1.6
2/27/2022 4:15,-0.055,1.02,-1.4,4409,46.7,44.59,57.14,-4.70433,76.98,62.23,67.01,66.19,59.79,23.8,29.24,27.84,27.7,28.99,0.68,1.53,1.24,1.26,1.61
2/27/2022 4:30,-0.017,1.11,-1.3,4409,46.7,44.3,57.64,-4.375585,76.37,61.34,66.63,65.28,59.35,23.83,29.34,27.82,27.77,29,0.7,1.58,1.25,1.29,1.63
2/27/2022 4:45,-0.005,1.15,-1.28,4410,46.7,44.2,57.11,-4.868703,75.61,60.3,66,64.87,59.04,23.91,29.57,27.89,27.77,28.99,0.72,1.64,1.28,1.31,1.64
2/27/2022 5:00,0.016,1.22,-1.24,4410,46.6,44.11,57.4,-4.868703,75,59.49,65.78,64.32,58.67,23.95,29.73,27.86,27.83,29.02,0.74,1.69,1.28,1.34,1.66
2/27/2022 5:15,0.091,1.58,-1.24,4409,46.5,44.75,58.04,-4.70433,74.44,58.75,65.28,63.49,58.23,23.97,29.79,27.87,27.91,28.99,0.76,1.73,1.3,1.37,1.67
2/27/2022 5:30,0.115,1.6,-1.14,4409,46.5,44.32,57.76,-4.70433,73.78,58.29,64.89,63.16,57.96,23.96,29.78,27.8,27.85,28.93,0.78,1.75,1.31,1.38,1.68
2/27/2022 5:45,0.131,1.57,-1.02,4408,46.5,43.63,57.26,-4.375585,73.63,58.29,64.57,62.98,57.48,23.9,29.69,27.76,27.79,28.98,0.78,1.74,1.32,1.38,1.7
2/27/2022 6:00,0.192,1.75,-0.9,4408,46.5,43.15,56.8,-5.197448,73.68,57.83,64.63,62.86,57.45,23.94,29.86,27.79,27.83,28.99,0.78,1.77,1.32,1.39,1.7
2/27/2022 6:15,0.188,1.73,-0.9,4407,46.6,43.34,56.54,-4.375585,73.19,57.75,64.73,62.93,57.47,24.14,29.94,27.84,27.9,29.08,0.81,1.79,1.32,1.39,1.71
2/27/2022 6:30,0.208,1.78,-0.85,4407,46.5,43.63,56.63,-4.539958,72.73,58.25,65.04,62.91,57.67,24.33,29.85,27.83,27.9,29.08,0.83,1.76,1.31,1.39,1.7
2/27/2022 6:45,0.263,1.89,-0.68,4406,46.5,43.46,56.68,-3.553723,72.25,58.38,65.21,62.97,57.84,24.47,29.88,27.8,27.94,29.07,0.85,1.75,1.3,1.39,1.7
2/27/2022 7:00,0.245,1.86,-0.74,4406,46.5,44.51,56.73,4.829273,72.2,59.17,65.2,62.93,57.79,24.55,29.63,27.83,27.99,29.12,0.86,1.7,1.3,1.4,1.7
2/27/2022 7:15,0.84,3.69,0.38,4403,46.5,45.35,58.67,27.348302,67.41,65.83,65.07,62,58.25,26.19,27.86,27.83,28.3,29.14,1.11,1.28,1.31,1.46,1.69
2/27/2022 7:30,1.282,4.91,1.36,4402,46.5,40.76,55.99,38.361258,61.94,70.62,65.88,62.07,58.61,27.74,27.02,28,28.62,29.37,1.42,1.05,1.29,1.49,1.69
2/27/2022 7:45,2.017,6.87,3.07,4401,46.5,36.29,51.04,88.166118,62.07,72.37,67.27,63.17,59.6,28.02,27.08,28.19,28.77,29.51,1.44,0.99,1.25,1.46,1.67
2/27/2022 8:00,2.199,7.32,3.53,4401,46.4,35.55,50.23,82.413081,63.59,73.79,69.23,63.45,60.43,28,27.23,28.32,29.02,29.67,1.38,0.95,1.18,1.47,1.65
2/27/2022 8:15,2.795,8.86,4.97,4399,46.4,32.44,46.83,109.041422,65.69,75.47,70.92,64.65,62.13,27.77,27.17,28.19,29.06,29.65,1.28,0.88,1.11,1.42,1.57
2/27/2022 8:30,3.511,10.46,6.97,4398,46.3,29.55,43.08,125.971787,67.59,77.03,70.34,65.14,66.07,27.78,27.31,28.67,29.4,30.76,1.21,0.83,1.17,1.43,1.5
2/27/2022 8:45,4.03,11.74,8.29,4397,46.3,27.44,40.21,151.449521,69.38,78.31,71.9,66.03,69.52,27.97,27.56,28.95,29.82,33.11,1.16,0.8,1.12,1.43,1.54
2/27/2022 9:00,5.009,14.57,10.33,4394,46.3,26.75,37.94,319.931308,69.64,78.79,72.15,66.34,66.39,28.24,27.92,29.39,30.33,34.95,1.16,0.8,1.14,1.46,1.88
2/27/2022 9:15,5.405,15.32,11.58,4392,46.3,26.06,37.1,304.15155,70.55,77.93,68.32,64.63,59.02,27.2,27.45,29.63,30.36,35.5,1.06,0.81,1.32,1.53,2.37
2/27/2022 9:30,5.532,15.37,12.19,4388,46.3,24.7,35.93,262.236569,72.61,79.21,68.22,64.76,59.88,26.44,26.95,29.48,30.19,35.12,0.94,0.74,1.31,1.51,2.27
2/27/2022 9:45,5.559,15.4,12.3,4384,46.1,24.05,35.17,289.358027,72.2,79,67.66,63.97,57.91,26.38,26.86,29.48,30.28,35.14,0.96,0.74,1.33,1.55,2.38
2/27/2022 10:00,5.488,15.15,12.2,4380,46.1,23.4,34.07,280.153169,71.51,78.28,67.11,63.93,55.63,26.52,26.95,29.52,30.49,35.37,0.99,0.77,1.36,1.57,2.55
2/27/2022 10:15,5.583,15.44,12.38,4378,46.1,23.26,33.4,291.001752,71.52,77.99,66.66,63.15,55.17,26.53,27.07,29.69,30.75,35.62,0.99,0.79,1.39,1.63,2.61
2/27/2022 10:30,5.39,14.81,12.06,4375,46,23.24,33.64,424.143457,71.79,78.07,65.95,62.59,54.46,26.46,27.04,29.88,30.96,35.75,0.97,0.78,1.43,1.68,2.67
2/27/2022 10:45,5.424,14.89,12.15,4374,46,23.38,33.66,348.860863,71.74,78.28,65.9,62.47,55.13,26.41,26.96,29.84,31.01,35.54,0.97,0.77,1.43,1.69,2.6
2/27/2022 11:00,5.502,15.18,12.24,4371,46,23.28,33.47,368.256816,72.04,78.38,66.05,62.3,54.7,26.36,26.93,29.79,31.1,35.51,0.96,0.77,1.42,1.7,2.62
2/27/2022 11:15,5.47,15.01,12.26,4371,46,23.02,33.18,612.678686,71.67,77.28,68.48,66.26,55.25,26.36,26.82,29.27,31.35,35.61,0.97,0.8,1.28,1.55,2.6
2/27/2022 11:30,5.302,14.65,11.77,4370,46,23.26,33.25,924.164526,71.63,77.64,71.89,68.29,56.74,26.49,26.77,28.62,31.55,35.34,0.98,0.79,1.1,1.47,2.48
2/27/2022 11:45,5.339,14.81,11.79,4369,46.1,23.36,33.23,976.434973,71.92,78.29,72.87,69.36,58.28,26.53,26.72,28.47,31.68,34.97,0.97,0.76,1.05,1.43,2.34
2/27/2022 12:00,5.233,14.46,11.62,4370,46,23.36,33.35,1028.376675,72.6,79,74.01,70.43,58.53,26.49,26.63,28.37,31.88,34.97,0.95,0.73,1,1.4,2.33
2/27/2022 12:15,5.156,14.2,11.5,4369,46,23.36,33.47,1035.609064,73.09,79.47,74.66,70.8,60.29,26.52,26.62,28.36,32.11,34.62,0.93,0.72,0.98,1.4,2.19
2/27/2022 12:30,4.916,13.77,10.71,4370,46,24.26,34.64,903.124849,73.79,80.3,75.45,71.13,61.11,26.49,26.53,28.32,32.35,34.36,0.91,0.68,0.95,1.4,2.11
2/27/2022 12:45,4.775,13.4,10.38,4369,46,24.43,34.97,887.345092,74.47,81,75.93,71.38,63.14,26.43,26.45,28.3,32.37,33.76,0.88,0.66,0.93,1.39,1.93
2/27/2022 13:00,4.617,13.06,9.92,4370,46,24.91,35.45,788.721607,74.91,81.4,76.47,72.15,64.38,26.38,26.38,28.26,32.43,33.62,0.86,0.64,0.9,1.36,1.85
2/27/2022 13:15,4.324,12.4,9.11,4370,46.1,25.56,36.67,412.801756,74.97,81.6,76.78,72.77,65.38,26.44,26.43,28.28,32.59,33.58,0.86,0.63,0.89,1.34,1.8
2/27/2022 13:30,3.997,11.63,8.24,4372,46.1,26.97,38.35,439.430097,76.07,82.6,77.38,72.95,67.42,26.33,26.31,28.25,32.67,33.16,0.82,0.6,0.87,1.34,1.65
2/27/2022 13:45,3.493,10.4,6.94,4373,46.1,28.45,40.86,441.566939,76.5,83.1,77.82,73.65,69.23,26.23,26.15,28.25,32.66,32.77,0.8,0.57,0.85,1.3,1.53
2/27/2022 14:00,3.191,9.65,6.18,4377,46,29.4,41.88,476.578277,77.02,84,78.41,74.38,70.6,26.11,25.87,28.02,32.34,32.29,0.78,0.53,0.82,1.24,1.42
2/27/2022 14:15,2.835,8.75,5.3,4378,45.8,30.58,43.29,611.856823,76.98,84.2,79.23,75.64,71.88,26.18,25.88,27.93,32.29,32.2,0.78,0.53,0.78,1.18,1.35
2/27/2022 14:30,2.429,7.71,4.31,4381,46,32.03,45.54,897.20744,77.37,84.8,79.82,75.74,72.55,26.32,25.93,27.99,32.38,32.17,0.78,0.51,0.76,1.18,1.32
2/27/2022 14:45,2.115,7.01,3.43,4383,46,33.99,47.65,854.470597,77.63,85,80.3,75.73,72.95,26.36,26.01,27.94,32.45,32.08,0.77,0.5,0.74,1.18,1.29
2/27/2022 15:00,1.817,6.25,2.7,4387,46.1,35.33,49.44,460.798519,79.08,86.3,81.6,75.98,74.41,26.18,25.89,27.84,32.46,31.89,0.71,0.46,0.69,1.17,1.21
2/27/2022 15:15,1.682,5.84,2.44,4389,46.1,36.24,49.51,287.714303,79.32,86.5,81.8,75.33,73.92,26.11,25.79,27.73,32.55,31.95,0.7,0.45,0.68,1.21,1.24
2/27/2022 15:30,1.468,5.27,1.94,4392,46.1,36.86,50.66,281.796894,79.9,87.1,82.3,75.46,73.7,26.06,25.72,27.63,32.33,31.98,0.68,0.43,0.65,1.19,1.25
2/27/2022 15:45,1.343,4.87,1.72,4394,46.2,38.11,51.97,265.195274,79.59,86.9,82.4,75.74,73.82,26.05,25.71,27.53,32.16,31.8,0.69,0.43,0.65,1.16,1.23
2/27/2022 16:00,1.334,4.93,1.61,4395,46.2,37.63,51.35,288.700538,79.41,86.8,82.5,75.61,73.86,25.99,25.61,27.39,31.57,31.16,0.69,0.43,0.64,1.13,1.19
2/27/2022 16:15,1.222,4.55,1.44,4398,46.2,38.9,52.24,194.843854,78.43,86,82,76.21,74.23,25.99,25.57,27.26,30.83,30.52,0.72,0.46,0.65,1.06,1.13
2/27/2022 16:30,1.095,4.25,1.1,4399,46.1,39.71,53.07,179.885959,77.5,85.3,81.6,76.58,74.56,25.87,25.46,27.02,29.98,29.78,0.75,0.48,0.66,0.99,1.07
2/27/2022 16:45,1.009,4.04,0.88,4399,46.2,40.11,53.69,198.624421,76.77,84.9,81.1,77.11,74.8,25.75,25.32,26.77,29.16,29.02,0.77,0.49,0.66,0.93,1.01
2/27/2022 17:00,0.905,3.76,0.64,4400,46.1,41.72,54.84,139.614703,76.14,84.4,81.1,78.11,75.42,25.58,25.16,26.49,28.55,28.54,0.78,0.5,0.65,0.85,0.96
2/27/2022 17:15,0.588,2.77,0.06,4402,46.1,40.69,54.46,115.945066,76.86,85.5,82.8,78.65,76.23,25.57,25.22,26.48,28.04,28.13,0.76,0.47,0.59,0.81,0.91
2/27/2022 17:30,0.392,2.19,-0.33,4406,46,41.84,55.1,72.550733,81.8,88.6,85.4,81.8,79.15,25.78,25.55,26.72,27.64,27.92,0.6,0.37,0.51,0.67,0.78
2/27/2022 17:45,0.238,1.76,-0.67,4409,46,43.08,56.11,29.485145,82.4,88.9,85.6,82.8,79.92,25.93,25.69,26.79,27.36,27.67,0.59,0.37,0.51,0.63,0.74
2/27/2022 18:00,0.102,1.42,-1.01,4411,46,44.56,57.47,20.115913,81.3,87.8,84.6,82.8,79.68,26.06,25.72,26.73,27.04,27.37,0.63,0.4,0.54,0.61,0.74
2/27/2022 18:15,0.04,1.23,-1.13,4412,46.1,45.49,57.35,0.226844,79.04,86.6,84,82.6,79.55,26.17,25.63,26.54,26.74,27.04,0.71,0.44,0.56,0.61,0.73
2/27/2022 18:30,-0.036,1.1,-1.39,4412,46.1,46.4,58.69,-4.375585,77.18,85.6,83.3,82.1,79.01,26.14,25.48,26.27,26.45,26.72,0.77,0.47,0.57,0.62,0.74
2/27/2022 18:45,-0.114,0.83,-1.5,4413,46,46.98,59.41,-4.539958,76.08,84.6,82.8,81.6,78.48,25.97,25.28,25.97,26.11,26.42,0.8,0.5,0.58,0.62,0.74
2/27/2022 19:00,-0.17,0.68,-1.63,4413,46,47.26,59.5,-4.868703,75.57,83.8,82.4,81.1,77.9,25.69,25.09,25.68,25.82,26.13,0.81,0.52,0.58,0.63,0.75
2/27/2022 19:15,-0.192,0.63,-1.69,4414,46,47.48,59.86,-4.539958,75.33,83.1,82.1,80.7,77.38,25.37,24.9,25.38,25.52,25.88,0.8,0.53,0.58,0.63,0.75
2/27/2022 19:30,-0.204,0.58,-1.7,4414,46,47.69,60.2,-4.70433,75.37,82.5,81.8,80.3,77.05,25.01,24.71,25.09,25.28,25.59,0.78,0.54,0.58,0.63,0.75
2/27/2022 19:45,-0.257,0.47,-1.86,4415,46.1,47.76,60.79,-4.375585,75.72,82.1,81.7,80.2,76.86,24.63,24.5,24.79,24.97,25.35,0.75,0.55,0.57,0.63,0.75
2/27/2022 20:00,-0.257,0.47,-1.86,4414,46,48,60.77,-4.375585,76.04,81.8,81.6,80.1,76.68,24.31,24.33,24.57,24.72,25.15,0.73,0.55,0.57,0.62,0.75
2/27/2022 20:15,-0.28,0.37,-1.87,4414,46,47.98,60.79,-4.539958,76.53,81.3,81.4,80.1,76.58,23.99,24.2,24.33,24.49,24.91,0.7,0.56,0.57,0.61,0.74
2/27/2022 20:30,-0.281,0.42,-1.93,4415,45.8,48.27,60.87,-4.868703,76.98,81.1,81.3,79.98,76.48,23.65,24.02,24.15,24.27,24.7,0.67,0.56,0.56,0.61,0.73
2/27/2022 20:45,-0.27,0.42,-1.87,4415,46,48.27,61.13,-4.868703,77.58,80.8,81.3,80,76.51,23.37,23.91,23.95,24.11,24.53,0.64,0.57,0.56,0.6,0.72
2/27/2022 21:00,-0.306,0.31,-1.94,4415,46,48.41,60.87,-4.70433,78.14,80.7,81.3,80.1,76.48,23.1,23.8,23.81,23.91,24.37,0.62,0.57,0.55,0.59,0.72
2/27/2022 21:15,-0.32,0.29,-1.99,4417,46,44.94,58.47,-4.70433,78.94,81.1,77.96,78.81,74.63,22.77,23.7,24.64,24.24,24.87,0.58,0.55,0.68,0.64,0.8
2/27/2022 21:30,-0.278,0.39,-1.88,4417,45.8,45.52,57.73,-4.539958,79.43,81.4,73.48,74.93,70.68,22.78,23.74,25.72,25.2,25.86,0.57,0.55,0.88,0.8,0.98
2/27/2022 21:45,-0.249,0.4,-1.74,4419,45.8,45.73,57.64,-4.868703,79.16,80.8,72.64,73.76,69.69,22.97,23.98,26.02,25.55,26.2,0.58,0.57,0.92,0.86,1.03
2/27/2022 22:00,-0.196,0.59,-1.67,4418,46,45.21,57.88,-4.539958,78.84,80.3,72.33,73.26,69.27,23.09,24.2,26.14,25.7,26.36,0.6,0.59,0.94,0.88,1.06
2/27/2022 22:15,-0.204,0.56,-1.68,4418,45.8,46.19,57.76,-4.70433,78.4,79.74,72.09,72.83,68.88,23.24,24.35,26.23,25.82,26.48,0.62,0.62,0.95,0.9,1.08
2/27/2022 22:30,-0.175,0.71,-1.69,4418,45.7,45.66,58.28,-4.539958,77.9,78.92,72.06,72.55,68.74,23.33,24.52,26.21,25.88,26.48,0.63,0.65,0.95,0.92,1.08
2/27/2022 22:45,-0.166,0.67,-1.6,4418,46,46.47,58.24,-4.868703,77.48,78.86,72,72.34,68.46,23.36,24.5,26.18,25.87,26.5,0.65,0.65,0.95,0.92,1.09
2/27/2022 23:00,-0.155,0.77,-1.65,4418,45.8,46.31,58.59,-4.70433,77.39,78.68,71.75,72.14,68.34,23.33,24.5,26.2,25.86,26.49,0.65,0.66,0.96,0.93,1.1
2/27/2022 23:15,-0.156,0.71,-1.59,4420,45.8,45.88,58.02,-4.539958,77.35,78.64,71.49,72.05,68.22,23.36,24.52,26.29,25.89,26.53,0.65,0.66,0.97,0.93,1.1
2/27/2022 23:30,-0.176,0.62,-1.6,4419,45.6,46.62,58.4,-4.375585,77.2,78.61,71.12,71.86,68.07,23.39,24.53,26.34,25.93,26.56,0.66,0.66,0.99,0.94,1.11
2/27/2022 23:45,-0.143,0.77,-1.59,4419,45.7,46.95,59.07,-4.539958,76.92,78.38,70.88,71.72,67.77,23.44,24.57,26.42,25.93,26.62,0.67,0.67,1,0.95,1.12
2/28/2022 0:00,-0.122,0.78,-1.49,4419,45.7,46.43,57.9,-4.868703,76.76,78.23,70.85,71.51,67.68,23.41,24.56,26.36,25.94,26.6,0.67,0.67,1,0.95,1.13
2/28/2022 0:15,-0.125,0.83,-1.56,4419,45.7,46.4,58.79,-4.375585,76.78,78.14,70.71,71.39,67.56,23.34,24.52,26.35,25.92,26.55,0.67,0.67,1.01,0.96,1.13
2/28/2022 0:30,-0.156,0.72,-1.6,4420,45.6,46.98,59.17,-4.211213,76.63,77.96,70.83,71.31,67.67,23.33,24.49,26.25,25.88,26.54,0.67,0.68,1,0.96,1.12
2/28/2022 0:45,-0.125,0.73,-1.45,4421,45.6,47.41,58.59,-4.868703,76.55,78.01,70.6,71.31,67.46,23.29,24.42,26.26,25.82,26.63,0.67,0.67,1,0.95,1.14
2/28/2022 1:00,-0.136,0.77,-1.55,4420,45.6,46.21,58.79,-4.70433,76.38,77.95,70.18,71,67.4,23.27,24.39,26.29,25.85,26.69,0.67,0.67,1.02,0.97,1.14
2/28/2022 1:15,-0.133,0.79,-1.56,4421,45.8,46.95,58.95,-5.033075,76.32,77.79,69.9,70.77,67.19,23.21,24.41,26.33,25.84,26.76,0.67,0.68,1.03,0.97,1.15
2/28/2022 1:30,-0.214,0.43,-1.59,4421,45.7,48.48,59.19,-4.868703,76.26,77.71,69.8,70.68,67.11,23.19,24.36,26.3,25.81,26.52,0.67,0.68,1.03,0.97,1.14
2/28/2022 1:45,-0.115,0.83,-1.51,4420,45.7,46.47,58.93,-5.033075,76.15,77.67,69.3,70.41,66.8,23.14,24.31,26.37,25.83,26.42,0.68,0.68,1.05,0.98,1.14
2/28/2022 2:00,-0.125,0.83,-1.56,4420,46,46.67,58.86,-4.539958,76.24,77.72,69.21,70.28,66.81,23.1,24.28,26.37,25.82,26.61,0.67,0.68,1.06,0.99,1.16
2/28/2022 2:15,-0.115,0.88,-1.56,4420,45.8,46.43,58.83,-4.539958,76.29,77.72,68.97,70.2,66.66,23.17,24.34,26.5,25.9,26.69,0.67,0.68,1.07,1,1.17
2/28/2022 2:30,-0.123,0.83,-1.55,4421,45.6,46.9,59.02,-4.539958,76.33,77.75,68.92,70.17,66.71,23.22,24.39,26.55,25.94,26.52,0.67,0.68,1.08,1,1.15
2/28/2022 2:45,-0.123,0.83,-1.55,4422,45.7,46.57,58.62,-4.375585,76.16,77.61,69.2,70.23,66.68,23.29,24.45,26.49,25.94,26.66,0.68,0.69,1.07,1,1.16
2/28/2022 3:00,-0.144,0.72,-1.54,4423,45.6,46.81,58.88,-4.539958,75.91,77.38,69.05,70.03,66.48,23.31,24.47,26.49,25.97,26.87,0.69,0.69,1.07,1.01,1.19
2/28/2022 3:15,-0.144,0.73,-1.55,4423,45.6,46.9,59.02,-4.539958,75.77,77.34,68.85,69.96,66.45,23.31,24.44,26.53,25.94,26.76,0.69,0.69,1.08,1.01,1.18
2/28/2022 3:30,-0.136,0.77,-1.55,4424,45.6,46.69,59.1,-4.211213,75.86,77.41,68.72,69.88,66.51,23.27,24.44,26.55,25.98,26.88,0.69,0.69,1.09,1.01,1.19
2/28/2022 3:45,-0.124,0.78,-1.5,4423,45.6,46.62,58.47,-5.033075,76,77.49,68.74,70.02,66.52,23.31,24.45,26.61,25.98,26.69,0.69,0.69,1.09,1.01,1.17
2/28/2022 4:00,-0.147,0.78,-1.62,4424,45.6,46.55,59.07,-4.70433,75.91,77.44,68.84,69.98,66.51,23.37,24.52,26.59,26.03,26.79,0.69,0.69,1.08,1.01,1.18
2/28/2022 4:15,-0.135,0.78,-1.56,4425,45.7,46.9,58.86,-4.04684,75.81,77.55,69.1,70.18,66.68,23.46,24.55,26.61,26.03,27.2,0.7,0.69,1.08,1,1.2
2/28/2022 4:30,-0.091,0.92,-1.48,4425,45.6,46.21,58.74,-4.868703,75.68,77.49,69.17,70.28,66.73,23.54,24.63,26.61,26.06,26.74,0.71,0.7,1.07,1,1.17
2/28/2022 4:45,-0.111,0.88,-1.54,4425,45.6,46.38,58.36,-4.70433,75.54,77.4,69.59,70.46,66.86,23.57,24.65,26.54,26.03,27.15,0.71,0.7,1.06,0.99,1.19
2/28/2022 5:00,-0.091,0.89,-1.45,4425,45.6,46.71,58.95,-4.868703,75.48,77.38,69.62,70.38,66.84,23.6,24.69,26.54,26.07,27.12,0.71,0.7,1.05,1,1.19
2/28/2022 5:15,-0.07,0.94,-1.39,4426,45.6,46.43,58.88,-4.70433,75.38,77.23,69.66,70.39,66.82,23.62,24.71,26.5,26.06,26.88,0.72,0.71,1.05,1,1.17
2/28/2022 5:30,-0.057,0.99,-1.38,4427,45.6,46.31,58.38,-4.868703,75.21,77.17,69.76,70.39,66.74,23.64,24.71,26.47,26.04,27.07,0.72,0.71,1.05,1,1.19
2/28/2022 5:45,-0.036,1.1,-1.39,4428,45.6,46.52,58.67,-4.70433,75.04,76.99,69.61,70.34,66.64,23.63,24.72,26.48,26.03,26.93,0.73,0.72,1.05,1,1.18
2/28/2022 6:00,-0.023,1.12,-1.34,4427,45.6,46.59,58.86,-4.539958,74.72,76.78,69.25,69.97,66.36,23.58,24.62,26.44,25.98,26.88,0.74,0.72,1.06,1.01,1.19
2/28/2022 6:15,0.02,1.21,-1.21,4428,45.6,46.62,58.09,-4.539958,74.72,76.75,69.23,69.86,66.44,23.44,24.54,26.34,25.9,26.74,0.73,0.72,1.06,1.01,1.18
2/28/2022 6:30,-0.005,1.16,-1.29,4427,45.5,46.31,58.45,-4.539958,74.93,76.92,69.21,70.01,66.59,23.42,24.5,26.35,25.86,26.86,0.72,0.71,1.06,1,1.18
2/28/2022 6:45,0.007,1.21,-1.28,4428,45.7,46.23,58.28,-4.04684,75.05,77.09,69.43,70.2,66.66,23.47,24.48,26.32,25.87,26.57,0.72,0.7,1.05,0.99,1.16
2/28/2022 7:00,0.019,1.15,-1.15,4428,45.6,46.57,58,0.884334,74.95,77.16,69.4,70.18,66.5,23.47,24.49,26.33,25.87,26.55,0.72,0.7,1.05,0.99,1.16
2/28/2022 7:15,0.094,1.39,-1.02,4428,45.6,47.81,59.26,14.855994,74.74,73.28,71.05,70.41,66.51,23.92,25.57,26.04,25.9,26.75,0.75,0.88,0.98,0.99,1.18
2/28/2022 7:30,0.149,1.6,-0.96,4428,45.6,47.24,59.1,28.992027,69.55,72.95,72.49,70.37,66.32,25.18,25.73,25.83,26.03,26.85,0.97,0.89,0.92,1,1.19
2/28/2022 7:45,0.157,1.63,-0.95,4428,45.7,47.07,58.79,47.401744,66.25,73.75,72.93,70.37,66.66,26.04,25.64,25.83,26.13,26.75,1.14,0.86,0.9,1,1.17
2/28/2022 8:00,0.251,1.97,-0.83,4428,45.6,45.57,58.52,66.304579,65.17,74.38,73.38,70.61,66.96,26.37,25.61,25.85,26.21,26.92,1.2,0.84,0.89,1,1.17
2/28/2022 8:15,0.364,2.23,-0.52,4428,45.6,44.75,57.09,88.166118,65.16,75.29,73.6,71.11,67.3,26.53,25.58,25.97,26.28,27.14,1.21,0.81,0.89,0.99,1.18
2/28/2022 8:30,0.41,2.35,-0.41,4428,45.6,44.42,56.99,111.178265,65.41,76.14,73.79,71.7,67.74,26.66,25.61,26.15,26.37,27.04,1.21,0.78,0.89,0.97,1.15
2/28/2022 8:45,0.491,2.57,-0.23,4428,45.7,43.94,56.37,133.697294,65.73,76.97,74.31,72.38,68.54,26.78,25.65,26.24,26.4,27.22,1.21,0.76,0.88,0.95,1.14
2/28/2022 9:00,0.619,2.92,0.06,4428,45.7,43.08,55.61,156.873813,66.03,77.78,75.12,73.14,69.1,26.87,25.7,26.32,26.52,27.46,1.2,0.73,0.85,0.93,1.13
2/28/2022 9:15,0.824,3.53,0.47,4428,45.7,41.81,54.77,179.721587,64.06,76.22,73.77,71.48,67.54,26.81,25.74,26.36,26.53,27.69,1.27,0.79,0.9,0.99,1.2
2/28/2022 9:30,0.998,3.94,0.93,4428,45.6,40.93,54,216.705394,63.66,75.55,73.01,70.72,67.06,26.62,25.71,26.24,26.44,27.16,1.27,0.81,0.92,1.01,1.19
2/28/2022 9:45,1.154,4.36,1.29,4427,45.6,40.07,52.74,242.3475,64.04,75.71,72.73,70.81,67,26.53,25.69,26.3,26.43,27.06,1.25,0.8,0.93,1.01,1.18
2/28/2022 10:00,1.278,4.76,1.5,4428,45.6,39.33,52.12,254.675435,64.72,76.13,73.11,71.24,67.34,26.51,25.73,26.37,26.53,27.13,1.22,0.79,0.92,1,1.17
2/28/2022 10:15,1.456,5.23,1.92,4427,45.6,38.2,51.49,283.276246,65.04,75.93,73.34,71.16,67.2,26.46,25.79,26.37,26.67,27.23,1.21,0.8,0.92,1.01,1.19
2/28/2022 10:30,1.895,6.33,3.02,4426,45.5,35.84,48.58,368.421188,65.72,75.35,73.07,71.13,67.12,26.39,25.88,26.42,26.85,27.42,1.18,0.82,0.93,1.02,1.2
2/28/2022 10:45,1.892,6.39,2.94,4425,45.5,36.05,48.41,344.751552,66.46,75.35,72.8,71.82,66.88,26.4,26.01,26.62,27.15,27.9,1.15,0.83,0.95,1.01,1.24
2/28/2022 11:00,1.871,6.37,2.85,4424,45.6,36.12,48.91,310.068959,67.03,75.51,72.81,71.7,67.27,26.38,26.05,26.73,27.31,28.05,1.13,0.83,0.95,1.03,1.24
2/28/2022 11:15,1.759,5.99,2.68,4424,45.6,36.79,49.25,296.590416,67.49,75.73,73.14,72.23,68.25,26.38,26.09,26.76,27.43,27.98,1.12,0.82,0.94,1.02,1.2
2/28/2022 11:30,2.445,7.76,4.34,4423,45.5,33.4,46.04,670.702169,67.84,75.83,73.21,72.73,68.98,26.37,26.11,26.78,27.51,28.17,1.1,0.82,0.94,1,1.18
2/28/2022 11:45,2.97,9.13,5.59,4420,45.6,31.15,42.94,761.435776,68.53,76.15,73.62,73.81,68.87,26.43,26.23,27.01,27.87,29.48,1.09,0.81,0.94,0.98,1.28
2/28/2022 12:00,2.677,8.32,4.94,4420,45.5,32.13,44.2,380.584751,69.74,77.14,74.75,74.94,66.23,26.51,26.34,27.3,28.52,30.72,1.05,0.78,0.92,0.98,1.49
2/28/2022 12:15,2.574,8.13,4.61,4420,45.5,32.58,44.63,386.995278,70.57,77.83,75.42,74.5,67.06,26.57,26.34,27.34,28.91,30.4,1.02,0.76,0.89,1.02,1.43
2/28/2022 12:30,2.748,8.55,5.06,4419,45.5,31.84,43.96,593.611479,71.09,78.42,76.15,74.95,68.77,26.54,26.29,27.32,29.11,30.15,1,0.74,0.87,1.01,1.34
2/28/2022 12:45,2.994,9.09,5.76,4418,45.5,31.03,42.79,596.734556,71.7,79.04,76.83,75.48,69.16,26.51,26.27,27.33,29.36,30.4,0.98,0.72,0.84,1,1.34
2/28/2022 13:00,3.05,9.25,5.88,4418,45.4,30.74,42.36,573.064919,72.47,79.65,77.76,76.23,69.03,26.56,26.33,27.45,29.74,31.03,0.96,0.7,0.81,0.99,1.39
2/28/2022 13:15,3.189,9.66,6.16,4418,45.3,30.15,41.67,571.585567,73.42,80.6,78.24,76.34,69.1,26.56,26.31,27.63,30.06,31.34,0.92,0.66,0.8,1.01,1.42
2/28/2022 13:30,3.107,9.41,6,4418,45.3,30.62,42,391.268962,74.23,81.2,78.61,76.39,69.51,26.56,26.29,27.72,30.45,31.52,0.9,0.64,0.8,1.03,1.41
2/28/2022 13:45,2.912,8.98,5.45,4417,45.3,31.32,43.39,447.155604,74.92,82.2,79.36,76.01,70.21,26.56,26.2,27.68,30.62,31.39,0.87,0.61,0.77,1.05,1.37
2/28/2022 14:00,2.815,8.7,5.25,4418,45.4,31.68,43.49,640.622007,75.37,82.7,79.78,76.71,71.47,26.55,26.19,27.63,30.46,31.05,0.86,0.59,0.75,1.01,1.29
2/28/2022 14:15,2.509,7.91,4.51,4418,45.4,33.25,45.35,351.819568,76.07,83.2,80.3,77.16,72.2,26.44,26.14,27.62,30.48,30.96,0.83,0.57,0.73,1,1.25
2/28/2022 14:30,2.331,7.46,4.07,4418,45.3,33.78,46.14,567.969373,76.47,83.6,80.5,76.83,72.52,26.38,26.06,27.58,30.33,30.74,0.81,0.55,0.72,1,1.22
2/28/2022 14:45,2.102,6.88,3.5,4418,45.3,35.29,47.36,327.985559,76.55,83.8,80.5,77,73,26.31,25.99,27.52,30.15,30.44,0.8,0.54,0.72,0.98,1.17
2/28/2022 15:00,2.025,6.75,3.24,4419,45.2,35.19,47.93,494.659249,76.6,83.9,80.5,77.27,73.66,26.3,25.96,27.41,29.83,30.06,0.8,0.54,0.71,0.96,1.12
2/28/2022 15:15,1.758,6.03,2.63,4419,45.2,36.43,48.77,277.851954,76.73,84.1,81,77.6,74.64,26.4,26.04,27.45,30.21,30.22,0.8,0.54,0.7,0.96,1.09
2/28/2022 15:30,1.6,5.6,2.27,4421,45.3,37.84,49.82,274.071387,77.5,84.7,81.4,77.04,74.44,26.32,25.99,27.47,30.28,30.21,0.77,0.51,0.68,0.99,1.1
2/28/2022 15:45,1.457,5.18,1.98,4422,45.2,38.51,50.99,260.592844,77.5,84.9,81.4,77.6,74.82,26.23,25.88,27.35,29.69,29.73,0.77,0.5,0.68,0.93,1.05
2/28/2022 16:00,1.351,4.91,1.72,4423,45,38.85,51.28,270.126448,77.4,85,81.5,78.2,75.07,26.14,25.72,27.14,29.2,29.36,0.77,0.5,0.67,0.88,1.02
2/28/2022 16:15,1.15,4.37,1.26,4424,45.2,39.95,52.4,203.062478,77.2,85.1,82,78.54,75.44,26.06,25.61,26.89,28.79,28.97,0.77,0.49,0.64,0.85,0.98
2/28/2022 16:30,0.971,3.82,0.92,4425,45.3,41.43,52.95,221.14345,76.73,84.8,82.1,78.8,75.88,26.04,25.53,26.76,28.33,28.48,0.78,0.5,0.63,0.82,0.94
2/28/2022 16:45,0.841,3.51,0.58,4425,45.2,41.98,54.32,305.630903,76.33,84.6,81.5,79,76.23,25.98,25.44,26.69,27.91,28.06,0.79,0.5,0.65,0.79,0.9
2/28/2022 17:00,0.748,3.22,0.41,4426,45.2,43.49,55.32,136.162881,75.93,84.4,81,79.21,76.46,25.87,25.31,26.6,27.47,27.6,0.8,0.5,0.66,0.76,0.87
2/28/2022 17:15,0.585,2.81,0,4426,45.3,44.2,56.28,89.481098,74.43,83.6,81.2,78.91,76.47,25.76,25.19,26.46,26.99,27.04,0.85,0.53,0.65,0.75,0.84
2/28/2022 17:30,0.386,2.28,-0.46,4428,45.2,43.99,56.42,64.496482,76.05,84.7,81.1,80.3,78.01,25.64,25.07,26.31,26.37,26.47,0.79,0.49,0.65,0.68,0.76
2/28/2022 17:45,0.239,1.84,-0.75,4430,45.3,44.54,56.59,96.055997,77.14,85.7,82.1,81.7,78.86,25.56,25.05,26.04,26.06,26.28,0.75,0.45,0.6,0.62,0.72
2/28/2022 18:00,0.239,1.83,-0.74,4431,45.3,44.66,56.92,71.071381,75.56,84.5,81.7,81,77.8,25.69,25.07,25.91,26,26.31,0.81,0.49,0.61,0.64,0.76
2/28/2022 18:15,0.132,1.48,-0.92,4432,45.3,46.52,57.35,7.459233,74.53,83.3,81.2,80.2,76.92,25.74,25.11,25.8,25.99,26.29,0.84,0.53,0.62,0.67,0.79
2/28/2022 18:30,0.023,1.18,-1.16,4432,45.3,46.98,57.71,-3.224978,73.87,82.3,80.6,79.37,76.64,25.58,25.04,25.63,25.8,25.98,0.86,0.56,0.64,0.69,0.78
2/28/2022 18:45,-0.01,1.08,-1.23,4432,45.3,47.91,58.93,-4.539958,73.25,81.1,79.93,78.61,76.04,25.3,24.84,25.35,25.51,25.67,0.86,0.59,0.65,0.7,0.79
2/28/2022 19:00,-0.058,0.95,-1.34,4432,45.2,48.48,59.43,-4.375585,72.85,80.1,79.26,77.7,75.2,24.95,24.61,25.02,25.21,25.36,0.86,0.62,0.66,0.72,0.8
2/28/2022 19:15,-0.102,0.81,-1.42,4432,45.2,48.48,59.43,-4.539958,72.54,79.24,78.67,77.15,74.57,24.61,24.39,24.72,24.86,25.05,0.85,0.63,0.66,0.72,0.81
2/28/2022 19:30,-0.136,0.77,-1.55,4433,45.2,48.72,59.45,-4.539958,72.51,78.32,78.27,76.95,73.98,24.27,24.19,24.39,24.5,24.79,0.83,0.65,0.66,0.71,0.81
2/28/2022 19:45,-0.176,0.66,-1.64,4433,45.2,48.84,59.81,-4.868703,72.73,77.88,77.99,76.69,73.66,23.88,23.98,24.13,24.21,24.55,0.81,0.66,0.66,0.7,0.81
2/28/2022 20:00,-0.193,0.57,-1.63,4434,45.2,46.9,59.29,-5.033075,73.48,75.94,77.17,76.27,72.78,23.48,24.23,24.05,24.04,24.5,0.77,0.73,0.68,0.71,0.84
2/28/2022 20:15,-0.134,0.77,-1.54,4433,45.2,46.31,58.04,-4.539958,75,73.44,73.77,74.35,69.58,23,24.76,24.7,24.37,25.14,0.7,0.83,0.82,0.78,0.97
2/28/2022 20:30,-0.11,0.83,-1.48,4434,45.2,46.62,57.81,-4.539958,75.27,73.09,72.23,72.68,68.17,22.86,24.75,24.95,24.63,25.39,0.69,0.84,0.88,0.85,1.03
2/28/2022 20:45,-0.092,0.87,-1.43,4433,45.2,45.73,57.33,-4.70433,74.99,74.7,70.73,71.17,67.16,22.78,24.26,25.21,24.84,25.52,0.69,0.77,0.94,0.9,1.07
2/28/2022 21:00,-0.047,0.93,-1.26,4434,45,45.61,56.68,-4.539958,74.48,76.12,68.97,69.55,65.57,22.85,23.9,25.6,25.22,25.88,0.71,0.71,1.02,0.98,1.15
2/28/2022 21:15,0.019,1.14,-1.14,4434,44.9,46.04,57.09,-4.539958,73.89,75.82,67.51,68.33,64.52,22.93,23.93,25.93,25.44,26.09,0.73,0.72,1.09,1.03,1.2
2/28/2022 21:30,-0.012,1.07,-1.23,4434,45,46,56.8,-4.868703,73.46,75.26,66.12,67.39,63.7,22.99,24.01,26.2,25.61,26.23,0.75,0.74,1.15,1.07,1.24
2/28/2022 21:45,0.084,1.35,-1.03,4434,45,45.78,57.02,-4.70433,73.14,74.72,65.38,66.72,63.04,23.03,24.12,26.36,25.72,26.37,0.76,0.76,1.19,1.1,1.27
2/28/2022 22:00,0.058,1.29,-1.1,4434,45,46.67,57.14,-4.868703,72.77,74.31,64.98,66.32,62.64,23.07,24.17,26.41,25.78,26.41,0.77,0.77,1.21,1.12,1.29
2/28/2022 22:15,0.063,1.25,-1.03,4434,45,45.68,56.97,-4.211213,72.29,73.87,64.55,65.92,62.26,23.12,24.22,26.45,25.81,26.45,0.78,0.79,1.22,1.13,1.3
2/28/2022 22:30,0.121,1.43,-0.92,4433,45,45.95,57.04,-4.211213,71.98,73.68,64.37,65.72,62.06,23.14,24.23,26.46,25.82,26.46,0.79,0.8,1.23,1.14,1.31
2/28/2022 22:45,0.078,1.34,-1.05,4434,44.9,46.31,57.28,-5.033075,71.77,73.33,64.74,65.72,62.02,23.13,24.24,26.29,25.74,26.4,0.8,0.81,1.21,1.13,1.31
2/28/2022 23:00,0.109,1.39,-0.94,4433,44.9,45.92,57.42,-4.539958,71.66,73.22,64.52,65.61,61.93,23.13,24.24,26.3,25.7,26.37,0.8,0.81,1.21,1.14,1.31
2/28/2022 23:15,0.095,1.36,-0.98,4434,44.9,45.64,57.14,-5.033075,71.37,73,64.3,65.32,61.67,23.09,24.2,26.26,25.7,26.36,0.81,0.82,1.22,1.15,1.32
2/28/2022 23:30,0.111,1.39,-0.93,4433,44.9,46.33,57.23,-4.70433,71.21,72.7,64.13,65.11,61.52,23.02,24.2,26.25,25.68,26.32,0.81,0.82,1.22,1.15,1.32
2/28/2022 23:45,0.12,1.37,-0.86,4434,44.9,46.33,56.78,-4.375585,71.18,72.73,62.24,64.16,60.59,23.01,24.16,26.76,25.92,26.56,0.81,0.82,1.33,1.2,1.37
3/1/2022 0:00,-0.002,0.86,-0.95,4433,44.9,49.2,58,-4.539958,71.39,72.52,60.31,62.55,59.07,23.02,24.28,27.35,26.42,27.01,0.8,0.83,1.44,1.29,1.46
3/1/2022 0:15,0.114,1.46,-0.99,4434,44.9,51.61,62.13,-4.375585,79.54,76.94,69.37,72.41,62.72,22.37,24.23,26.13,25.3,26.74,0.55,0.7,1.04,0.89,1.31
3/1/2022 0:30,-0.059,1.1,-1.51,4437,44.9,40.95,56.61,-4.539958,83.9,84.6,70.46,75.14,66.62,21.65,22.9,26.47,25.05,26.51,0.42,0.43,1.02,0.79,1.16
3/1/2022 0:45,-0.079,0.86,-1.35,4440,44.9,41.41,53.57,-5.033075,85.3,82.7,66.46,70.92,63.36,21.84,23.59,27.77,26.24,27.67,0.38,0.5,1.25,0.99,1.36
3/1/2022 1:00,-0.16,0.31,-1.18,4440,45,46.12,53.48,-4.70433,85,79.48,64.92,67.85,61.48,22.19,24.4,28.24,27.03,28.26,0.4,0.63,1.34,1.15,1.48
3/1/2022 1:15,0.036,1.35,-1.28,4440,44.9,45.49,59.38,-4.539958,84.2,77.89,69.75,73.94,63.23,22.71,25.27,27.37,26.26,28.13,0.44,0.71,1.1,0.89,1.4
3/1/2022 1:30,0.038,1.25,-1.16,4441,44.9,51.35,59.65,-4.211213,84.9,82.8,70.83,75.48,65.64,22.64,24.27,27.29,26.07,27.76,0.42,0.52,1.06,0.83,1.28
3/1/2022 1:45,-0.094,0.86,-1.43,4442,44.9,50.23,60.67,-4.70433,85,84.8,70.37,74.48,65.88,22.45,23.61,27.14,26.05,27.56,0.41,0.44,1.07,0.86,1.26
3/1/2022 2:00,-0.183,0.44,-1.44,4442,44.9,49.63,59.41,-4.868703,84.9,85.1,69.43,72.49,65.15,22.43,23.48,27.26,26.36,27.62,0.41,0.43,1.11,0.94,1.29
3/1/2022 2:15,-0.147,0.78,-1.62,4445,44.9,52.09,62.42,-4.70433,85,87.4,72.96,77.24,66.38,22.38,23.16,26.57,25.62,27.4,0.41,0.36,0.94,0.75,1.23
3/1/2022 2:30,-0.183,0.68,-1.7,4448,44.8,49.84,61.82,-4.539958,85.7,89.5,72.39,77.15,68.05,22.17,22.73,26.72,25.51,27.03,0.38,0.29,0.97,0.75,1.14
3/1/2022 2:45,-0.211,0.49,-1.64,4449,44.9,48.48,59.67,-4.70433,86,89.3,71.18,74.5,66.98,22.17,22.69,26.89,26,27.23,0.37,0.3,1.02,0.86,1.19
3/1/2022 3:00,-0.172,0.63,-1.59,4449,44.9,47.6,59.22,-4.70433,85.8,88.4,69.98,72.21,65.4,22.18,22.81,27.08,26.34,27.5,0.38,0.32,1.08,0.95,1.27
3/1/2022 3:15,-0.148,0.74,-1.58,4450,44.9,47.57,58.59,-4.375585,85.2,86.8,69.02,70.48,64.59,22.21,23,27.19,26.54,27.59,0.4,0.37,1.12,1.02,1.31
3/1/2022 3:30,-0.113,0.74,-1.4,4450,45,47.41,58.45,-4.70433,84.2,85.4,68.22,69.01,63.55,22.3,23.16,27.2,26.75,27.74,0.43,0.41,1.15,1.09,1.36
3/1/2022 3:45,-0.099,0.78,-1.37,4450,44.9,47.74,58.52,-4.70433,83.2,84.1,67.03,67.91,63,22.39,23.32,27.4,26.86,27.75,0.45,0.46,1.2,1.13,1.38
3/1/2022 4:00,-0.054,0.94,-1.31,4450,44.9,47.05,58.24,-5.033075,82.4,82.9,66.38,67.09,62.53,22.49,23.49,27.47,26.98,27.83,0.48,0.49,1.23,1.17,1.4
3/1/2022 4:15,-0.022,1.01,-1.22,4451,44.9,47.48,57.85,-4.539958,81.5,82.1,65.92,66.34,62.12,22.59,23.62,27.53,27.09,27.86,0.51,0.52,1.25,1.21,1.42
3/1/2022 4:30,0.019,1.16,-1.16,4451,44.9,47.21,57.73,-4.70433,80.5,81.2,65.38,65.85,61.6,22.72,23.79,27.57,27.13,27.92,0.54,0.55,1.28,1.23,1.44
3/1/2022 4:45,0.043,1.2,-1.08,4450,44.9,46.81,56.99,-4.868703,79.51,79.93,64.63,65.11,61.08,22.76,23.93,27.61,27.15,27.89,0.57,0.6,1.31,1.25,1.46
3/1/2022 5:00,0.08,1.34,-1.04,4450,45,46.86,57.28,-4.70433,78.38,78.94,63.8,64.44,60.57,22.74,23.94,27.63,27.11,27.79,0.6,0.63,1.34,1.28,1.47
3/1/2022 5:15,0.084,1.39,-1.07,4451,44.9,46.55,58,-4.70433,77.58,78.29,63.07,63.84,59.98,22.67,23.88,27.6,27.06,27.76,0.62,0.64,1.36,1.29,1.49
3/1/2022 5:30,0.153,1.51,-0.84,4451,44.9,46.57,57.11,-4.70433,77.13,77.87,62.81,63.39,59.71,22.64,23.86,27.55,27.03,27.71,0.63,0.65,1.37,1.31,1.5
3/1/2022 5:45,0.141,1.45,-0.84,4451,44.9,46.62,56.87,-4.868703,76.86,77.33,62.47,62.96,59.23,22.62,23.92,27.55,27.07,27.76,0.64,0.67,1.38,1.33,1.52
3/1/2022 6:00,0.19,1.64,-0.79,4451,45,45.61,56.99,-4.868703,76.68,76.66,62.07,62.75,59.03,22.64,24,27.63,27.09,27.79,0.64,0.7,1.4,1.34,1.53
3/1/2022 6:15,0.193,1.6,-0.73,4451,45,46.04,56.99,-4.868703,76.4,76.16,61.86,62.49,58.72,22.71,24.09,27.68,27.15,27.9,0.65,0.72,1.42,1.35,1.55
3/1/2022 6:30,0.25,1.82,-0.67,4451,45,45.97,56.87,-4.375585,76.01,75.79,61.55,62.12,58.52,22.76,24.16,27.72,27.19,27.88,0.66,0.73,1.43,1.37,1.56
3/1/2022 6:45,0.279,1.91,-0.62,4450,45,45.54,56.87,-3.553723,75.72,75.69,61.49,61.84,58.22,22.8,24.13,27.69,27.2,27.92,0.67,0.73,1.43,1.38,1.57
3/1/2022 7:00,0.299,1.89,-0.49,4450,45,42.12,55.99,5.815508,75.57,75.59,61.36,61.88,58.17,22.84,24.19,27.74,27.24,27.96,0.68,0.74,1.44,1.38,1.58
3/1/2022 7:15,0.933,3.74,0.81,4450,45,41.24,52.67,26.197695,71.53,66.67,63.78,62.38,57.99,24.33,26.67,27.29,27.26,28.21,0.87,1.17,1.31,1.36,1.61
3/1/2022 7:30,1.45,5.12,2.01,4450,45,38.03,49.84,43.292432,63.07,65.61,66.26,63.23,58.04,26.56,27.35,27.05,27.44,28.6,1.28,1.25,1.21,1.35,1.64
3/1/2022 7:45,2.143,6.84,3.76,4448,45,34.64,46.57,78.30377,61.49,68.52,67.98,64.35,58.86,27.25,27.15,27.19,27.65,28.87,1.39,1.13,1.15,1.32,1.64
3/1/2022 8:00,2.705,8.3,5.11,4446,44.9,32.2,43.63,84.221179,62.32,70.79,69.16,65.64,59.97,27.55,27.09,27.39,27.92,29.37,1.39,1.05,1.12,1.29,1.64
3/1/2022 8:15,3.357,9.96,6.71,4444,45,30,40.69,108.87705,64.35,72.13,70.3,67.17,63.96,27.55,27.2,27.58,28.1,30.32,1.31,1.01,1.1,1.25,1.56
3/1/2022 8:30,3.914,11.34,8.12,4441,44.9,28.45,38.56,132.546686,66.69,74.14,71.47,69.33,66.14,27.34,27.08,27.73,28.13,31.66,1.21,0.93,1.06,1.17,1.58
3/1/2022 8:45,4.302,12.21,9.2,4438,44.9,26.97,36.5,168.215513,68.8,76.41,72.33,71.89,63.47,27.2,26.92,27.9,28.18,32.93,1.13,0.84,1.04,1.07,1.83
3/1/2022 9:00,4.745,13.33,10.3,4436,44.9,25.94,35.07,342.450337,70.1,77.46,73.53,72.93,61.5,27.2,26.94,28.03,28.51,33.82,1.08,0.8,1,1.05,2.03
3/1/2022 9:15,5.078,14.2,11.09,4432,44.9,25.34,34.4,310.068959,69.4,76.86,73.53,70.87,59.72,27.04,26.75,27.89,29.04,33.91,1.09,0.81,0.99,1.17,2.13
3/1/2022 9:30,5.168,14.2,11.56,4428,44.9,24.72,33.21,259.113492,69.4,76.62,73.88,68.73,59.69,26.81,26.65,27.62,29.5,33.98,1.08,0.82,0.97,1.29,2.14
3/1/2022 9:45,5.208,14.32,11.64,4425,44.9,24.05,32.49,303.658433,69.55,76.7,74.14,67.32,59.84,26.85,26.66,27.67,29.92,34.4,1.08,0.81,0.96,1.38,2.18
3/1/2022 10:00,5.285,14.43,11.92,4421,44.7,23.76,32.27,281.796894,69.89,76.96,74.48,67.2,58.52,26.9,26.71,27.79,30.22,35.37,1.07,0.81,0.95,1.41,2.38
3/1/2022 10:15,5.357,14.66,12.05,4419,44.8,23.57,31.6,303.49406,70.71,77.54,74.47,67.21,57.09,26.91,26.73,27.95,30.57,36.3,1.04,0.79,0.96,1.44,2.59
3/1/2022 10:30,5.408,14.74,12.23,4416,44.7,23.38,31.46,440.087587,70.95,77.65,74.24,67.54,55.34,26.96,26.79,28.08,30.79,37.11,1.03,0.79,0.98,1.44,2.82
3/1/2022 10:45,5.508,15.07,12.39,4414,44.7,23.52,31.44,458.661677,71.42,78.11,74.65,67.97,53.99,26.94,26.8,28.17,31.03,37.46,1.02,0.77,0.97,1.44,2.96
3/1/2022 11:00,5.49,14.95,12.43,4411,44.7,23.31,31.37,473.126455,72.49,79.16,75.44,68.58,54.15,26.84,26.71,28.15,31.33,37.56,0.97,0.73,0.94,1.44,2.97
3/1/2022 11:15,5.408,14.7,12.27,4410,44.6,23.21,31.05,696.673021,73.47,80.1,76.11,68.56,54.5,26.89,26.69,28.23,31.63,37.61,0.94,0.7,0.92,1.46,2.95
3/1/2022 11:30,5.48,15,12.32,4409,44.6,23.74,31.51,1036.430926,74.52,81,76.88,69.84,55.39,26.75,26.64,28.22,31.93,37.36,0.9,0.66,0.89,1.43,2.85
3/1/2022 11:45,5.365,14.78,11.96,4409,44.7,23.91,32.15,1108.097325,76.09,82.6,77.97,70.65,56.77,26.54,26.43,28.18,32.18,37.18,0.83,0.6,0.84,1.41,2.74
3/1/2022 12:00,5.301,14.63,11.79,4409,44.5,24.41,32.35,1014.07627,77.23,83.7,78.79,71.25,57.19,26.41,26.26,28.09,32.3,36.84,0.78,0.56,0.81,1.39,2.66
3/1/2022 12:15,5.163,14.35,11.37,4409,44.5,24.53,32.68,1181.736194,78.27,84.7,79.6,71.79,58.16,26.28,26.12,28.02,32.41,36.65,0.74,0.52,0.77,1.37,2.58
3/1/2022 12:30,5.047,13.98,11.17,4409,44.5,24.74,32.99,1187.160486,79.14,85.6,80.5,72,58.75,26.19,26.02,27.98,32.52,36.21,0.71,0.48,0.74,1.37,2.48
3/1/2022 12:45,4.923,13.62,10.91,4409,44.5,25.27,33.56,1128.31514,79.76,86.1,81,72.24,60.41,26.14,25.99,27.94,32.63,35.45,0.69,0.47,0.72,1.37,2.28
3/1/2022 13:00,4.74,13.23,10.38,4411,44.6,25.79,34.09,884.057642,80.3,86.6,81.4,72.45,62.02,26.13,25.93,27.89,32.69,34.89,0.67,0.45,0.7,1.36,2.12
3/1/2022 13:15,4.545,12.81,9.82,4412,44.5,26.01,34.95,468.19528,80.7,87.2,81.8,73.1,63.97,26.09,25.84,27.88,32.72,34.41,0.65,0.43,0.68,1.33,1.96
3/1/2022 13:30,4.289,12.23,9.11,4414,44.5,26.99,36.22,440.580705,81.2,87.5,82.2,73.13,65.82,26.16,25.88,27.89,32.89,33.97,0.64,0.42,0.67,1.34,1.82
3/1/2022 13:45,4.054,11.7,8.46,4416,44.6,28.02,37.56,412.308639,81,87.5,82.2,73.48,67.83,26.11,25.85,27.92,32.87,33.43,0.64,0.42,0.67,1.32,1.66
3/1/2022 14:00,3.631,10.65,7.39,4419,44.6,28.97,39.02,740.231726,81.8,88.1,82.5,74.09,69.16,25.98,25.76,27.89,32.7,33.07,0.61,0.39,0.66,1.28,1.56
3/1/2022 14:15,3.283,9.76,6.54,4422,44.7,30.43,40.71,386.50216,81.8,88.1,82.4,74.1,70.22,25.94,25.72,27.86,32.58,32.72,0.61,0.39,0.66,1.27,1.47
3/1/2022 14:30,2.831,8.71,5.32,4425,44.7,32.01,42.89,991.885986,81.7,88.1,82.6,74.41,71.13,25.98,25.69,27.77,32.42,32.34,0.61,0.39,0.65,1.25,1.4
3/1/2022 14:45,2.386,7.65,4.15,4429,44.7,33.76,45.28,900.330517,81.7,88,82.5,74.18,71.87,25.99,25.71,27.78,32.35,32.06,0.61,0.4,0.65,1.25,1.34
3/1/2022 15:00,2.044,6.67,3.43,4431,44.7,35.45,46.62,453.730503,81.6,87.8,82.7,73.56,72.45,26,25.73,27.67,32.4,31.81,0.62,0.4,0.64,1.29,1.3
3/1/2022 15:15,1.761,5.98,2.7,4435,44.7,36.86,48.24,260.921589,81.3,87.7,82.9,72.56,72.99,26.02,25.7,27.59,32.51,31.58,0.63,0.41,0.63,1.34,1.25
3/1/2022 15:30,1.51,5.38,2.04,4437,44.6,38.06,50.32,249.251144,81.1,87.6,82.6,72.26,72.6,26.01,25.66,27.54,32.32,31.45,0.64,0.41,0.64,1.34,1.26
3/1/2022 15:45,1.347,4.88,1.73,4439,44.7,39.11,50.61,434.827668,80.6,87.2,82.2,72.72,72.74,26.03,25.66,27.48,31.85,31.11,0.65,0.42,0.65,1.29,1.23
3/1/2022 16:00,1.092,4.2,1.14,4442,44.7,40.45,51.83,264.373411,80.2,86.8,82,73.85,73.25,26.02,25.67,27.48,31.32,30.78,0.67,0.44,0.66,1.2,1.19
3/1/2022 16:15,0.961,3.82,0.87,4443,44.7,41.43,52.59,237.74507,79.91,86.7,81.8,74.48,73.41,25.94,25.57,27.38,30.91,30.49,0.67,0.44,0.66,1.14,1.16
3/1/2022 16:30,0.878,3.54,0.74,4445,44.7,41.91,53.29,488.08435,79.45,86.5,81.9,74.83,73.29,25.97,25.54,27.24,30.57,30.33,0.69,0.44,0.65,1.1,1.15
3/1/2022 16:45,0.737,3.23,0.34,4447,44.6,42.72,54.17,398.501351,78.74,85.9,81.8,75.08,73.04,26,25.55,27.16,30.24,30.12,0.71,0.46,0.66,1.07,1.15
3/1/2022 17:00,0.623,2.84,0.17,4448,44.7,44.51,55.01,210.952357,78.03,85.4,81.4,75.62,73.29,25.97,25.5,27.06,29.77,29.74,0.74,0.48,0.67,1.02,1.12
3/1/2022 17:15,0.448,2.41,-0.28,4448,44.7,43.72,55.08,134.190411,77.24,85.1,82,75.78,73.05,25.91,25.51,27.05,29.28,29.43,0.76,0.49,0.64,0.99,1.11
3/1/2022 17:30,0.317,2.03,-0.55,4451,44.7,43.68,55.34,98.685956,79.08,86.3,82.9,77.36,74.58,25.99,25.65,27.19,28.8,29.02,0.7,0.45,0.62,0.9,1.02
3/1/2022 17:45,0.258,1.8,-0.61,4452,44.7,44.56,55.27,101.480289,77.1,85.2,81.1,77.28,74.3,26.28,25.87,27.15,28.46,28.68,0.78,0.49,0.68,0.88,1.01
3/1/2022 18:00,0.172,1.6,-0.84,4452,44.7,45.57,56.23,55.620368,74.9,83.4,80.4,76.8,73.98,26.58,26.08,27.03,28.1,28.32,0.87,0.56,0.7,0.88,1
3/1/2022 18:15,0.087,1.35,-1.01,4453,44.7,46.69,57.33,6.472998,73.4,82.3,79.76,76.71,73.96,26.6,26.04,26.88,27.62,27.85,0.93,0.6,0.72,0.86,0.98
3/1/2022 18:30,0.013,1.16,-1.19,4453,44.7,47.36,58,-3.224978,72.45,81.4,78.76,76.53,73.94,26.47,25.84,26.71,27.1,27.28,0.95,0.62,0.74,0.84,0.94
3/1/2022 18:45,-0.043,0.93,-1.24,4453,44.7,48.7,58.14,-4.375585,71.88,80.6,78.09,76.14,73.93,26.14,25.51,26.34,26.63,26.74,0.95,0.63,0.75,0.83,0.92
3/1/2022 19:00,-0.075,0.87,-1.34,4453,44.7,48.94,58.62,-4.375585,71.61,79.82,77.61,75.87,73.86,25.72,25.16,25.93,26.15,26.21,0.94,0.65,0.75,0.82,0.89
3/1/2022 19:15,-0.156,0.55,-1.42,4454,44.5,49.63,58.98,-4.868703,71.61,79.11,77.21,75.57,73.34,25.3,24.86,25.55,25.69,25.85,0.92,0.66,0.75,0.81,0.89
3/1/2022 19:30,-0.148,0.72,-1.56,4454,44.7,49.2,59.79,-4.539958,71.76,78.4,76.81,75.19,72.92,24.87,24.6,25.18,25.31,25.49,0.89,0.67,0.74,0.8,0.88
3/1/2022 19:45,-0.16,0.66,-1.56,4453,44.6,49.44,59.79,-4.70433,72.09,77.63,76.8,75.01,72.51,24.51,24.39,24.8,24.96,25.16,0.86,0.68,0.73,0.79,0.88
3/1/2022 20:00,-0.173,0.61,-1.57,4453,44.7,49.7,59.84,-4.539958,72.25,77.14,76.71,74.9,72.29,24.13,24.16,24.47,24.65,24.91,0.83,0.69,0.71,0.78,0.87
3/1/2022 20:15,-0.162,0.67,-1.58,4454,44.6,49.27,60.03,-4.70433,72.3,76.75,76.5,74.84,72.03,23.83,23.97,24.2,24.36,24.64,0.82,0.69,0.71,0.77,0.87
3/1/2022 20:30,-0.186,0.62,-1.65,4454,44.6,49.77,60.46,-4.70433,72.38,76.36,76.3,74.74,71.88,23.55,23.77,23.96,24.07,24.39,0.8,0.7,0.71,0.76,0.86
3/1/2022 20:45,-0.198,0.61,-1.7,4454,44.7,49.7,60.22,-4.70433,72.4,75.91,76.27,74.69,71.71,23.3,23.6,23.72,23.82,24.17,0.79,0.7,0.7,0.75,0.85
3/1/2022 21:00,-0.238,0.57,-1.87,4454,44.6,46.26,59.29,-4.539958,72.98,75.69,76.02,74.66,71.53,23,23.48,23.54,23.59,23.99,0.76,0.7,0.7,0.74,0.85
3/1/2022 21:15,-0.188,0.6,-1.64,4455,44.6,45.61,57.14,-4.70433,73.55,76.6,68.2,70.78,67.26,22.67,23.36,25.44,24.52,25.05,0.73,0.67,1.03,0.9,1.04
3/1/2022 21:30,-0.086,0.86,-1.39,4455,44.6,45.8,56.37,-4.539958,73.57,75.49,64.65,66.91,63.36,22.71,23.66,26.27,25.47,26.03,0.73,0.72,1.21,1.08,1.23
3/1/2022 21:45,-0.022,1.04,-1.25,4455,44.6,46.07,56.56,-4.70433,72.83,74.3,63.63,65.48,62.06,22.87,23.95,26.52,25.78,26.35,0.76,0.76,1.26,1.15,1.3
3/1/2022 22:00,-0.022,1.04,-1.25,4455,44.5,46.26,56.8,-4.868703,72.12,73.53,64.06,65.17,61.74,23.01,24.1,26.37,25.77,26.37,0.78,0.79,1.23,1.15,1.31
3/1/2022 22:15,0.02,1.21,-1.21,4455,44.5,46.07,56.92,-4.868703,71.66,73.04,64.1,64.98,61.69,23.05,24.19,26.31,25.77,26.35,0.8,0.81,1.23,1.16,1.31
3/1/2022 22:30,0.032,1.15,-1.08,4454,44.7,46.33,56.83,-4.70433,71.43,72.69,63.76,64.69,61.5,23.12,24.21,26.36,25.8,26.35,0.81,0.83,1.24,1.17,1.32
3/1/2022 22:45,0.077,1.27,-0.98,4454,44.8,46.38,57.28,-4.539958,71.1,72.38,63.17,64.36,61.17,23.16,24.25,26.49,25.83,26.39,0.82,0.84,1.27,1.19,1.34
3/1/2022 23:00,0.056,1.16,-0.97,4453,44.8,47.1,56.9,-4.70433,70.95,72.15,63,64.14,60.94,23.18,24.3,26.5,25.86,26.43,0.83,0.85,1.28,1.2,1.35
3/1/2022 23:15,0.078,1.33,-1.04,4454,44.6,46.5,57.11,-4.70433,70.73,71.97,62.6,63.94,60.75,23.16,24.3,26.57,25.9,26.44,0.83,0.85,1.3,1.2,1.35
3/1/2022 23:30,0.09,1.39,-1.04,4454,44.7,46.35,57.26,-4.375585,70.46,71.79,62.6,63.7,60.53,23.21,24.33,26.54,25.92,26.48,0.84,0.86,1.3,1.21,1.36
3/1/2022 23:45,0.11,1.43,-0.98,4455,44.6,46.57,57.45,-4.539958,70.23,71.58,62.31,63.57,60.37,23.24,24.33,26.58,25.93,26.49,0.85,0.86,1.31,1.22,1.37
3/2/2022 0:00,0.077,1.27,-0.98,4455,44.7,46.9,57.28,-4.868703,70.07,71.39,62.14,63.41,60.26,23.21,24.35,26.58,25.9,26.49,0.85,0.87,1.32,1.22,1.38
3/2/2022 0:15,0.089,1.32,-0.97,4454,44.7,46.5,57.02,-4.70433,69.78,71.26,62.05,63.16,59.96,23.25,24.32,26.57,25.92,26.51,0.86,0.87,1.32,1.23,1.39
3/2/2022 0:30,0.099,1.38,-0.98,4454,44.7,46.47,57.35,-4.868703,69.59,71.1,61.56,62.93,59.71,23.21,24.32,26.62,25.94,26.49,0.87,0.88,1.34,1.24,1.39
3/2/2022 0:45,0.124,1.45,-0.93,4455,44.6,46.45,58,-4.868703,69.37,70.86,61.44,62.71,59.65,23.2,24.31,26.6,25.91,26.45,0.87,0.89,1.34,1.25,1.39
3/2/2022 1:00,0.121,1.43,-0.92,4455,44.6,46.26,57.04,-4.211213,69.2,70.73,61.28,62.53,59.37,23.19,24.29,26.59,25.92,26.47,0.88,0.89,1.35,1.25,1.4
3/2/2022 1:15,0.155,1.49,-0.81,4454,44.5,46.31,57.11,-4.539958,69.12,70.57,61.2,62.37,59.26,23.19,24.3,26.58,25.92,26.47,0.88,0.89,1.35,1.26,1.41
3/2/2022 1:30,0.113,1.39,-0.92,4454,44.5,47.1,57.54,-4.868703,69.08,70.57,61.19,62.33,59.19,23.17,24.3,26.57,25.92,26.47,0.88,0.89,1.35,1.26,1.41
3/2/2022 1:45,0.119,1.53,-1.04,4454,44.4,46.26,57.61,-4.70433,68.9,70.48,60.93,62.17,59.04,23.21,24.28,26.62,25.95,26.49,0.88,0.9,1.36,1.27,1.42
3/2/2022 2:00,0.159,1.62,-0.93,4454,44.4,46.86,57.85,-4.868703,68.71,70.3,60.88,62.06,58.93,23.22,24.3,26.57,25.9,26.47,0.89,0.9,1.36,1.27,1.42
3/2/2022 2:15,0.134,1.49,-0.92,4454,44.4,46.5,57.64,-4.375585,68.65,70.15,60.76,61.97,58.8,23.17,24.25,26.55,25.87,26.46,0.89,0.9,1.36,1.27,1.42
3/2/2022 2:30,0.154,1.54,-0.87,4455,44.4,46.26,57.06,-4.70433,68.45,69.93,60.17,61.66,58.61,23.15,24.26,26.67,25.89,26.46,0.89,0.91,1.39,1.28,1.43
3/2/2022 2:45,0.156,1.54,-0.86,4455,44.4,46.12,56.85,-4.539958,68.25,69.84,59.97,61.4,58.41,23.14,24.22,26.64,25.89,26.42,0.9,0.91,1.4,1.29,1.43
3/2/2022 3:00,0.169,1.56,-0.81,4455,44.4,46.83,57.81,-4.211213,68.12,69.58,60.12,61.31,58.26,23.09,24.19,26.54,25.86,26.41,0.9,0.92,1.38,1.29,1.44
3/2/2022 3:15,0.168,1.6,-0.86,4455,44.4,46.28,56.78,-4.539958,68.07,69.6,59.97,61.14,58.13,23.08,24.17,26.57,25.88,26.41,0.9,0.92,1.39,1.3,1.44
3/2/2022 3:30,0.16,1.57,-0.87,4455,44.4,46.83,57.49,-4.539958,68.14,69.55,59.83,60.94,57.99,23.03,24.14,26.55,25.9,26.41,0.9,0.92,1.39,1.31,1.45
3/2/2022 3:45,0.155,1.59,-0.92,4456,44.4,45.88,57.45,-4.539958,67.89,69.39,59.55,60.78,57.87,23.02,24.12,26.57,25.88,26.38,0.9,0.92,1.41,1.31,1.45
3/2/2022 4:00,0.158,1.56,-0.87,4455,44.6,46.4,56.94,-4.868703,67.8,69.44,59.26,60.72,57.86,23.03,24.1,26.61,25.85,26.35,0.91,0.92,1.42,1.31,1.45
3/2/2022 4:15,0.164,1.59,-0.87,4456,44.5,46.09,57.11,-4.539958,67.8,69.41,59.57,60.68,57.61,22.99,24.07,26.5,25.84,26.38,0.9,0.92,1.4,1.31,1.46
3/2/2022 4:30,0.18,1.61,-0.81,4457,44.7,46.59,57.18,-5.197448,67.78,69.28,59.17,60.51,57.64,22.98,24.08,26.59,25.86,26.35,0.9,0.92,1.42,1.32,1.45
3/2/2022 4:45,0.202,1.66,-0.75,4457,44.6,46.12,57.47,-5.033075,67.67,69.24,59.28,60.37,57.42,22.95,24.05,26.52,25.85,26.38,0.91,0.92,1.41,1.32,1.46
3/2/2022 5:00,0.202,1.66,-0.75,4457,44.5,46.4,56.9,-4.70433,67.54,69.25,59.13,60.29,57.46,22.96,24.02,26.55,25.85,26.34,0.91,0.92,1.42,1.32,1.46
3/2/2022 5:15,0.2,1.66,-0.76,4457,44.6,46,56.99,-4.70433,67.56,69.32,58.94,60.2,57.31,22.93,23.98,26.55,25.86,26.35,0.91,0.91,1.43,1.33,1.46
3/2/2022 5:30,0.246,1.77,-0.64,4457,44.4,46.67,57.26,-4.868703,67.64,69.25,58.95,60.15,57.35,22.92,24.01,26.57,25.88,26.35,0.9,0.92,1.43,1.33,1.46
3/2/2022 5:45,0.225,1.77,-0.75,4458,44.5,46.12,57.45,-4.70433,67.75,69.33,58.87,60.05,57.23,22.94,24,26.62,25.91,26.4,0.9,0.92,1.43,1.34,1.47
3/2/2022 6:00,0.243,1.81,-0.7,4458,44.5,45.73,57.26,-4.70433,67.57,69.36,58.78,60,57.22,22.95,23.98,26.61,25.9,26.39,0.91,0.91,1.44,1.34,1.47
3/2/2022 6:15,0.293,1.94,-0.58,4458,44.4,45.61,56.83,-4.868703,67.48,69.5,58.7,59.95,57.16,22.95,23.93,26.6,25.89,26.37,0.91,0.91,1.44,1.34,1.47
3/2/2022 6:30,0.156,1.3,-0.6,4459,44.5,47.98,56.83,-4.211213,67.49,69.52,58.8,60.09,57.27,22.94,23.92,26.56,25.84,26.33,0.91,0.91,1.43,1.33,1.46
3/2/2022 6:45,0.297,1.96,-0.58,4459,44.5,44.85,56.47,-2.403116,67.71,69.49,59.03,60.28,57.41,22.92,23.97,26.59,25.85,26.35,0.9,0.91,1.43,1.32,1.46
3/2/2022 7:00,0.313,1.92,-0.45,4460,44.4,44.59,55.92,6.472998,67.82,69.43,58.94,60.38,57.49,22.98,24.03,26.66,25.87,26.38,0.9,0.91,1.43,1.32,1.46
3/2/2022 7:15,0.938,3.79,0.78,4459,44.5,43.51,54.72,29.485145,62.7,64.83,61.82,61.21,57.44,24.59,25.56,26.16,25.89,26.67,1.15,1.15,1.3,1.3,1.49
3/2/2022 7:30,1.398,4.96,1.91,4459,44.6,40.4,51.92,46.415509,56.99,65.22,64.69,62.08,57.32,26.32,26,25.97,26.19,27.21,1.47,1.17,1.18,1.29,1.54
3/2/2022 7:45,2.109,6.76,3.67,4458,44.5,36.22,47.93,64.660854,56.81,67.23,66.06,62.7,57.7,26.86,26.1,26.28,26.62,27.73,1.53,1.11,1.16,1.3,1.57
3/2/2022 8:00,2.675,8.23,5.03,4458,44.5,33.54,44.75,87.837373,58.78,68.47,66.87,63.28,59.98,26.96,26.3,26.58,27.08,28.45,1.47,1.08,1.15,1.32,1.55
3/2/2022 8:15,3.279,9.89,6.38,4455,44.4,31.03,42.29,113.972597,61.32,70.01,67.96,65.08,64.94,26.86,26.42,26.83,27.25,29.61,1.37,1.03,1.13,1.26,1.45
3/2/2022 8:30,3.827,11.04,7.99,4453,44.4,29.21,39.4,138.628468,63.32,71.94,69.09,66.96,64.65,26.85,26.41,27.03,27.43,31.1,1.3,0.97,1.1,1.21,1.6
3/2/2022 8:45,4.278,12.25,9.03,4451,44.4,27.56,36.94,168.379886,65.13,73.56,69.83,68.78,62.01,26.86,26.49,27.36,27.65,32.28,1.23,0.91,1.1,1.16,1.84
3/2/2022 9:00,4.68,13.19,10.11,4447,44.2,26.42,35.41,291.987987,66.88,74.63,70.51,70.5,59.88,26.84,26.58,27.61,27.96,33.01,1.17,0.88,1.09,1.11,2.02
3/2/2022 9:15,4.957,13.75,10.95,4444,44.4,25.46,33.95,351.98394,67.6,75.19,71.84,69.77,58.95,26.74,26.56,27.55,28.48,33.34,1.14,0.86,1.04,1.17,2.1
3/2/2022 9:30,5.124,14.09,11.45,4440,44.4,24.77,33.33,376.475439,68.45,75.72,72.61,67.69,60.51,26.65,26.52,27.51,29.21,33.54,1.1,0.84,1.01,1.31,2.05
3/2/2022 9:45,5.297,14.47,11.94,4437,44.4,24.12,32.46,314.671389,69.22,76.27,73.42,66.4,58.94,26.67,26.54,27.6,29.88,34.61,1.08,0.82,0.98,1.42,2.26
3/2/2022 10:00,5.493,15.08,12.3,4434,44.2,23.76,31.6,286.23495,70.16,77.08,74.24,66.15,55.71,26.71,26.61,27.71,30.28,36.03,1.05,0.8,0.96,1.46,2.64
3/2/2022 10:15,5.45,14.83,12.35,4430,44.2,23.6,31.44,331.108636,71.77,78.56,75.05,66.63,54.58,26.57,26.49,27.83,30.69,37.22,0.98,0.74,0.93,1.47,2.88
3/2/2022 10:30,5.489,15,12.37,4429,44.2,23.69,31.53,460.962891,73.08,79.6,75.32,67.16,53.14,26.51,26.43,27.97,30.94,37.9,0.93,0.7,0.93,1.47,3.09
3/2/2022 10:45,5.501,15,12.43,4426,44.1,23.72,31.56,498.111071,74.39,80.9,76.21,67.98,54.41,26.39,26.3,27.98,31.27,37.57,0.88,0.65,0.9,1.46,2.95
3/2/2022 11:00,5.488,15.02,12.34,4425,44.2,23.5,31.6,448.141838,75.75,82.4,77.25,68.91,54.8,26.27,26.13,27.94,31.56,37.26,0.83,0.6,0.86,1.44,2.88
3/2/2022 11:15,5.49,15.06,12.31,4424,44.2,23.69,31.56,780.831728,76.38,83.6,78.3,69.65,55.71,26.36,26.05,27.91,31.78,37.19,0.81,0.55,0.82,1.43,2.81
3/2/2022 11:30,5.426,14.85,12.2,4424,44.2,23.74,31.75,1088.865746,77.51,84.3,79.29,70.69,56.2,26.25,26.06,27.91,31.97,37.03,0.77,0.53,0.78,1.39,2.75
3/2/2022 11:45,5.382,14.63,12.21,4424,44.2,23.93,31.82,1133.739432,78.59,85.2,79.9,71.23,57.7,26.17,25.97,27.92,32.16,36.81,0.73,0.5,0.76,1.38,2.63
3/2/2022 12:00,5.313,14.52,11.97,4424,44.2,24.36,31.99,916.43902,79.11,85.8,80.4,71.83,57.95,26.18,25.98,27.94,32.3,36.77,0.71,0.48,0.74,1.36,2.61
3/2/2022 12:15,5.326,14.63,11.92,4425,44.2,24.55,32.27,1257.676278,80.1,86.5,81.1,72.33,58.32,26.06,25.93,27.98,32.5,36.54,0.67,0.45,0.71,1.35,2.55
3/2/2022 12:30,5.218,14.32,11.69,4424,44.1,24.72,32.46,1210.501377,81,87.2,81.7,72.4,59.06,25.99,25.86,27.95,32.67,36.12,0.64,0.43,0.69,1.36,2.45
3/2/2022 12:45,5.086,13.98,11.37,4425,44.2,24.98,32.87,1021.637404,81.6,87.8,82.4,72.52,61.03,25.95,25.8,27.89,32.75,35.51,0.62,0.41,0.66,1.36,2.25
3/2/2022 13:00,4.907,13.58,10.87,4425,44.1,25.46,33.54,858.415536,82,88.2,82.8,73.1,63.24,25.92,25.75,27.86,32.84,34.9,0.6,0.39,0.64,1.34,2.06
3/2/2022 13:15,4.751,13.21,10.46,4427,44.2,26.11,34.43,457.182324,82.5,88.6,83.1,73.56,64.43,25.89,25.75,27.88,32.99,34.58,0.58,0.38,0.63,1.33,1.95
3/2/2022 13:30,4.471,12.61,9.65,4428,44.2,26.97,35.74,523.424432,82.9,89,83.6,73.6,66.54,25.85,25.71,27.9,33.12,34.07,0.57,0.36,0.62,1.34,1.79
3/2/2022 13:45,4.123,11.8,8.71,4431,44.2,27.61,36.94,428.252769,83.2,89.3,83.7,73.84,68.46,25.85,25.71,27.92,33.19,33.56,0.56,0.35,0.61,1.33,1.64
3/2/2022 14:00,3.698,10.69,7.7,4433,44.2,29.12,38.78,468.359653,83.3,89.5,83.9,74.21,69.97,25.87,25.71,27.97,33.12,33.27,0.56,0.35,0.61,1.31,1.53
3/2/2022 14:15,3.334,9.85,6.71,4438,44.2,30.34,40.71,390.611472,83.4,89.3,83.6,74.06,70.89,25.85,25.72,27.98,33.09,32.94,0.55,0.35,0.62,1.31,1.46
3/2/2022 14:30,2.967,8.98,5.74,4440,44.2,32.32,42.67,923.507036,83.3,89.3,83.5,74.11,71.79,25.87,25.71,27.96,32.94,32.61,0.56,0.35,0.62,1.3,1.39
3/2/2022 14:45,2.513,7.9,4.54,4442,44.2,33.95,45.02,913.315943,83.3,89.2,83.7,74.09,72.51,25.86,25.72,27.91,32.86,32.36,0.56,0.36,0.61,1.29,1.33
3/2/2022 15:00,2.192,7.03,3.81,4447,44.4,35.43,46.57,458.332932,83.5,89.3,84.2,73.46,72.85,25.8,25.7,27.79,32.96,32.23,0.55,0.35,0.59,1.33,1.31
3/2/2022 15:15,1.887,6.27,3.04,4450,44.4,36.96,48.29,266.181509,83.6,89.6,84.4,72.54,73.39,25.77,25.61,27.69,32.99,32,0.54,0.34,0.58,1.38,1.27
3/2/2022 15:30,1.672,5.66,2.58,4452,44.5,38.3,49.32,255.990415,83.7,89.7,84.7,72.7,73.54,25.78,25.6,27.59,32.83,31.85,0.54,0.34,0.56,1.36,1.25
3/2/2022 15:45,1.434,5.09,1.96,4455,44.1,39.28,50.61,627.965326,83.8,89.7,84.9,73.5,73.88,25.73,25.54,27.51,32.44,31.63,0.54,0.34,0.55,1.29,1.22
3/2/2022 16:00,1.298,4.75,1.62,4459,44.1,40.11,51.47,196.323207,83.9,89.9,85.1,74.2,74.19,25.68,25.49,27.37,32.05,31.39,0.53,0.33,0.54,1.23,1.19
3/2/2022 16:15,1.117,4.2,1.27,4461,44.4,40.98,52.43,230.348309,83.9,90.2,85.4,74.77,74.03,25.69,25.4,27.29,31.7,31.22,0.53,0.32,0.53,1.18,1.18
3/2/2022 16:30,0.982,3.82,0.98,4462,44.5,41.64,53.1,530.821193,83.9,90.3,85.4,75.35,74.44,25.65,25.33,27.21,31.4,30.99,0.53,0.31,0.53,1.13,1.15
3/2/2022 16:45,0.831,3.46,0.58,4465,44.5,42.53,53.79,431.211473,83.8,90.3,85.5,75.9,74.5,25.66,25.28,27.15,31.1,30.78,0.53,0.31,0.52,1.09,1.13
3/2/2022 17:00,0.694,3.07,0.29,4467,44.4,43.84,54.27,321.246288,83.5,90.2,85.3,76.23,74.77,25.61,25.23,27.1,30.68,30.43,0.54,0.31,0.53,1.05,1.1
3/2/2022 17:15,0.59,2.78,0.06,4467,44.5,44.39,55.56,147.011464,82.2,89.8,85.3,76.72,74.53,25.65,25.24,27.22,30.21,30.16,0.59,0.33,0.53,1,1.09
3/2/2022 17:30,0.476,2.49,-0.22,4467,44.4,45.54,55.94,86.029276,80.4,88.6,83.5,77.32,75.02,25.77,25.32,27.43,29.69,29.66,0.65,0.37,0.6,0.95,1.04
3/2/2022 17:45,0.362,2.11,-0.4,4468,44.2,46.09,56.42,65.975834,78.41,87.1,81.9,76.85,75.06,25.83,25.32,27.39,29.12,28.98,0.72,0.42,0.66,0.93,1
3/2/2022 18:00,0.333,2.08,-0.52,4469,44.4,45.59,56.35,20.115913,76.45,85.7,81.7,76.49,74.92,25.82,25.25,27.15,28.36,28.19,0.78,0.46,0.66,0.91,0.96
3/2/2022 18:15,0.311,2.02,-0.57,4469,44.4,45.54,56.28,4.007411,75.87,85.4,78.56,73.96,71.28,25.74,25.27,27.01,27.76,27.94,0.8,0.47,0.76,0.97,1.08
3/2/2022 18:30,0.285,1.95,-0.63,4468,44.4,46.14,56.56,-3.718095,73.83,82.2,75.61,71.89,69.26,25.7,25.35,27.03,27.54,27.79,0.86,0.58,0.87,1.03,1.15
3/2/2022 18:45,0.211,1.76,-0.81,4468,44.5,45.73,56.71,-4.868703,71.88,80,73.82,70.19,68.04,25.67,25.32,26.88,27.38,27.56,0.93,0.65,0.93,1.09,1.18
3/2/2022 19:00,0.198,1.69,-0.8,4468,44.4,46,56.59,-4.868703,69.81,78.31,72.55,69.07,66.54,25.77,25.33,26.75,27.2,27.51,1,0.7,0.96,1.12,1.23
3/2/2022 19:15,0.21,1.7,-0.75,4467,44.4,45.35,56.54,-4.211213,67.76,76.7,71.13,67.71,64.72,25.94,25.39,26.7,27.17,27.6,1.08,0.76,1.01,1.16,1.3
3/2/2022 19:30,0.218,1.73,-0.74,4467,44.4,45.09,55.8,-4.70433,66.07,75.39,69.32,66.17,63.42,26.13,25.46,26.79,27.18,27.61,1.15,0.8,1.08,1.22,1.35
3/2/2022 19:45,0.142,1.51,-0.9,4467,44.4,45.57,56.37,-4.70433,67.99,76.52,69.72,67.08,64.69,26.31,25.54,26.87,27.16,27.56,1.1,0.77,1.07,1.18,1.3
3/2/2022 20:00,0.166,1.59,-0.86,4468,44.4,45.95,56.37,-4.70433,65.91,75.5,69.51,67,64.04,26.5,25.63,26.87,27.08,27.58,1.18,0.81,1.08,1.18,1.33
3/2/2022 20:15,0.186,1.62,-0.79,4467,44.5,45.78,55.73,-4.70433,64.56,74.69,69.61,66.61,63.41,26.61,25.64,26.69,26.99,27.54,1.23,0.83,1.06,1.19,1.35
3/2/2022 20:30,0.153,1.52,-0.85,4466,44.4,46,56.3,-4.539958,63.77,74.07,69.44,66.31,63.03,26.66,25.66,26.56,26.91,27.49,1.27,0.85,1.06,1.19,1.36
3/2/2022 20:45,0.143,1.46,-0.84,4466,44.2,45.59,56.35,-4.70433,63.05,73.39,68.52,65.79,62.33,26.72,25.7,26.66,26.91,27.57,1.3,0.88,1.1,1.21,1.39
3/2/2022 21:00,0.163,1.5,-0.78,4467,44.2,45.61,55.75,-4.375585,62.31,72.6,67.72,65.08,61.62,26.78,25.79,26.75,26.98,27.63,1.33,0.91,1.13,1.24,1.42
3/2/2022 21:15,0.154,1.57,-0.9,4466,44.4,45.68,55.85,-4.539958,61.59,71.61,66.68,64.36,60.82,26.86,25.9,26.84,27.03,27.73,1.36,0.95,1.18,1.27,1.46
3/2/2022 21:30,0.213,1.65,-0.68,4465,44.1,46.4,56.23,-4.539958,60.97,71.5,66.42,63.82,60.68,26.82,25.76,26.77,26.98,27.56,1.38,0.94,1.18,1.29,1.45
3/2/2022 21:45,0.178,1.59,-0.8,4465,44.2,46.43,57.14,-4.539958,60.95,71.8,65.83,63.77,60.72,26.67,25.53,26.72,26.83,27.39,1.37,0.92,1.2,1.28,1.43
3/2/2022 22:00,0.179,1.54,-0.74,4465,44.2,46.31,56.11,-4.70433,60.68,71.53,66.12,63.67,60.37,26.63,25.51,26.59,26.79,27.4,1.37,0.93,1.18,1.28,1.45
3/2/2022 22:15,0.198,1.69,-0.8,4465,44.1,46.14,56.47,-4.539958,60.25,71.25,66.17,63.53,60.12,26.68,25.53,26.54,26.78,27.43,1.39,0.94,1.17,1.28,1.46
3/2/2022 22:30,0.203,1.62,-0.7,4465,44.1,45.42,55.89,-4.868703,59.88,71.12,65.98,63.22,59.93,26.75,25.55,26.57,26.82,27.46,1.41,0.95,1.18,1.3,1.47
3/2/2022 22:45,0.211,1.64,-0.68,4465,44.1,45.95,55.94,-4.868703,59.73,70.93,66.2,63.25,59.8,26.79,25.59,26.55,26.8,27.5,1.42,0.95,1.17,1.29,1.48
3/2/2022 23:00,0.242,1.79,-0.68,4464,44.1,45.71,56.49,-4.539958,59.58,70.73,66.41,63.24,59.85,26.78,25.63,26.48,26.79,27.45,1.42,0.96,1.16,1.29,1.47
3/2/2022 23:15,0.188,1.64,-0.8,4465,44.1,45.83,56.37,-4.375585,59.51,70.59,66.4,63.4,59.86,26.78,25.63,26.41,26.72,27.39,1.43,0.97,1.16,1.28,1.46
3/2/2022 23:30,0.203,1.62,-0.7,4465,44.1,46.09,56.01,-4.868703,59.39,70.38,66.09,63.38,59.91,26.76,25.63,26.42,26.66,27.33,1.43,0.97,1.17,1.28,1.46
3/2/2022 23:45,0.212,1.71,-0.75,4465,44.2,46,55.85,-4.70433,59.33,70.11,65.71,63.13,59.7,26.72,25.63,26.46,26.67,27.33,1.43,0.98,1.18,1.29,1.46
3/3/2022 0:00,0.128,1.26,-0.7,4465,44.2,48.51,55.8,-4.70433,59.25,70.16,65.49,63.01,59.4,26.76,25.65,26.52,26.7,27.4,1.43,0.98,1.2,1.3,1.48
3/3/2022 0:15,0.073,1.43,-1.17,4467,44.2,45.21,58.5,-4.868703,69.49,77.33,73.83,72.36,63.94,25.44,24.88,25.62,25.77,26.95,0.99,0.71,0.86,0.92,1.28
3/3/2022 0:30,-0.029,0.95,-1.19,4468,44.2,44.8,56.47,-4.868703,79.15,78.77,78.47,75.95,69.28,23.99,25.25,25.13,25.39,26.61,0.62,0.68,0.69,0.78,1.07
3/3/2022 0:45,-0.045,0.94,-1.26,4470,44.4,44.82,55.03,-4.70433,80.7,76.09,77.51,73.73,68.12,23.86,26.03,25.56,26.02,27.04,0.57,0.81,0.74,0.88,1.14
3/3/2022 1:00,-0.167,0.27,-1.17,4470,44.1,49.01,55.41,-4.868703,79.92,74.17,75.24,71.16,66.77,23.92,26.4,25.98,26.45,27.27,0.6,0.89,0.83,1,1.2
3/3/2022 1:15,-0.079,0.96,-1.46,4472,44.2,47.55,60.32,-4.375585,80.3,79.05,78.19,77.8,68.45,23.79,25.4,25.64,25.57,27.02,0.58,0.68,0.72,0.73,1.13
3/3/2022 1:30,-0.194,0.6,-1.67,4473,44.2,45.66,57.88,-4.375585,83.8,78.3,79.79,77.8,70.3,23.3,25.84,25.3,25.43,26.77,0.46,0.72,0.65,0.72,1.04
3/3/2022 1:45,-0.107,0.75,-1.38,4475,44.1,45.23,55.61,-4.375585,84.7,75.85,78.63,75.26,68.78,23.22,26.39,25.6,25.99,27.14,0.44,0.83,0.7,0.83,1.12
3/3/2022 2:00,-0.242,0.11,-1.39,4476,44.1,49.13,55.85,-4.539958,85,74.52,76.73,73.35,67.68,23.22,26.63,25.97,26.34,27.35,0.43,0.89,0.78,0.91,1.18
3/3/2022 2:15,-0.201,0.55,-1.65,4479,44.1,49.73,60.7,-4.70433,84.3,79.17,78.81,78.34,69.14,23.37,25.66,25.68,25.72,27.12,0.45,0.69,0.7,0.72,1.11
3/3/2022 2:30,-0.183,0.71,-1.73,4480,44,45.92,57.81,-4.868703,85.2,79.02,80.1,79.99,70.92,23.29,25.87,25.43,25.33,26.86,0.42,0.7,0.65,0.65,1.03
3/3/2022 2:45,-0.149,0.64,-1.48,4480,44.1,45.11,55.7,-4.868703,85.3,77.07,79.02,77.26,69.5,23.32,26.33,25.74,25.83,27.2,0.42,0.79,0.69,0.76,1.1
3/3/2022 3:00,-0.18,0.51,-1.5,4480,44.1,46.86,56.04,-4.70433,85,75.94,77.13,74.26,68.15,23.42,26.52,26.07,26.4,27.47,0.43,0.83,0.77,0.89,1.17
3/3/2022 3:15,-0.114,0.68,-1.34,4479,44.1,46.78,56.18,-4.375585,83.8,75.06,75.41,72,67.06,23.55,26.58,26.27,26.68,27.57,0.47,0.87,0.84,0.98,1.21
3/3/2022 3:30,-0.062,0.91,-1.32,4480,44.2,47.26,56.13,-4.375585,82.2,74.27,74.31,70.63,66.41,23.72,26.57,26.38,26.82,27.59,0.52,0.89,0.88,1.04,1.24
3/3/2022 3:45,-0.115,0.74,-1.41,4480,44.1,47.81,56.85,-4.539958,80.3,73.53,73.07,69.7,65.9,24,26.59,26.5,26.89,27.57,0.59,0.92,0.93,1.07,1.26
3/3/2022 4:00,-0.086,0.85,-1.38,4480,44.1,47.45,57.16,-4.375585,77.33,73.04,72.4,68.79,65.45,24.47,26.61,26.52,26.97,27.6,0.7,0.94,0.96,1.11,1.28
3/3/2022 4:15,-0.053,0.89,-1.25,4480,44.1,46.83,56.54,-4.70433,74.95,73.14,71.56,68.07,64.95,24.86,26.5,26.64,27.06,27.63,0.79,0.93,0.99,1.14,1.3
3/3/2022 4:30,-0.029,0.96,-1.2,4479,44.1,47.31,56.61,-4.868703,73.57,73.02,70.92,67.84,64.75,25.07,26.46,26.71,27.07,27.62,0.84,0.93,1.02,1.15,1.3
3/3/2022 4:45,0.003,1.11,-1.19,4480,44,46.81,56.47,-4.868703,72.24,72.85,70.48,67.61,64.37,25.29,26.45,26.74,27.09,27.67,0.89,0.94,1.04,1.16,1.32
3/3/2022 5:00,0.002,1.06,-1.14,4480,44.1,47.07,56.8,-4.375585,71.28,73.27,70.08,67.38,64.5,25.48,26.32,26.79,27.07,27.6,0.94,0.92,1.05,1.17,1.31
3/3/2022 5:15,0.033,1.17,-1.1,4481,44.1,46.71,56.8,-4.70433,70.66,73.37,69.77,66.91,64.31,25.57,26.27,26.85,27.15,27.64,0.96,0.91,1.07,1.19,1.32
3/3/2022 5:30,0.037,1.18,-1.09,4481,44,47.12,56.9,-4.539958,70.08,73.55,69.58,66.82,64.29,25.7,26.17,26.83,27.15,27.57,0.99,0.9,1.07,1.19,1.32
3/3/2022 5:45,0.057,1.22,-1.03,4481,44,47,56.42,-4.868703,69.1,73.71,69.57,66.7,64.19,25.85,26.1,26.81,27.12,27.56,1.03,0.89,1.07,1.2,1.32
3/3/2022 6:00,0.09,1.27,-0.91,4482,44.1,47.29,56.47,-5.033075,68.27,73.39,69.23,66.61,63.95,25.99,26.15,26.82,27.11,27.57,1.07,0.9,1.09,1.2,1.33
3/3/2022 6:15,0.102,1.39,-0.98,4482,44.1,46.74,56.71,-4.539958,67.6,73.14,69.06,66.28,63.6,26.05,26.13,26.82,27.12,27.58,1.09,0.91,1.09,1.21,1.34
3/3/2022 6:30,0.133,1.43,-0.86,4482,44,46.33,56.71,-4.70433,67.16,73.25,69.16,66.36,63.6,26.08,26.04,26.76,27.03,27.53,1.11,0.9,1.08,1.2,1.34
3/3/2022 6:45,0.137,1.45,-0.86,4482,44.1,46.26,56.42,-3.553723,66.79,73.37,68.95,66.05,63.41,26.13,25.96,26.76,27.06,27.55,1.12,0.89,1.09,1.21,1.35
3/3/2022 7:00,0.193,1.61,-0.74,4483,44.1,46.95,55.7,3.514293,66.58,73.2,69.01,66.01,63.37,26.15,25.99,26.73,27.07,27.52,1.13,0.9,1.09,1.22,1.35
3/3/2022 7:15,0.234,1.78,-0.71,4482,44,48.17,57.9,17.814699,66.51,73.66,68.95,65.88,63.49,26.33,25.93,26.77,27.19,27.62,1.15,0.88,1.09,1.23,1.35
3/3/2022 7:30,0.358,2.1,-0.41,4482,44.1,46.74,56.73,28.49891,66.29,74.65,69.18,65.72,64.1,26.48,25.81,26.8,27.3,27.59,1.17,0.84,1.09,1.24,1.32
3/3/2022 7:45,0.474,2.38,-0.11,4483,44,45.57,55.68,70.742636,66.86,75.39,69.56,66.03,64.46,26.51,25.8,26.86,27.39,27.64,1.15,0.82,1.08,1.24,1.32
3/3/2022 8:00,0.617,2.8,0.18,4483,43.9,44.42,54.72,75.67381,67.65,76.16,70.02,66.57,65.18,26.48,25.83,26.96,27.47,27.69,1.12,0.79,1.07,1.23,1.29
3/3/2022 8:15,0.758,3.21,0.47,4482,44,43.51,54,91.124823,68.37,77,70.94,66.89,65.71,26.57,25.93,27.11,27.65,27.84,1.1,0.77,1.04,1.23,1.28
3/3/2022 8:30,2.464,7.7,4.5,4482,44,33.9,45.28,260.264099,69,77.66,71.86,66.43,65.87,26.71,26.14,27.31,28.04,28.34,1.09,0.76,1.02,1.27,1.32
3/3/2022 8:45,3.196,9.48,6.39,4480,43.8,30.05,40.86,242.3475,70.62,78.31,71.43,65.69,69.48,27.09,26.76,28.14,28.98,30.99,1.05,0.76,1.09,1.37,1.37
3/3/2022 9:00,2.563,8.04,4.65,4478,43.9,35.41,44.99,145.203367,71.12,78.69,71.11,65.92,63.88,27.51,27.27,28.81,29.64,32.9,1.06,0.77,1.14,1.42,1.81
3/3/2022 9:15,2.727,8.43,5.08,4477,44,35.62,45.8,318.451956,71.06,78.42,66.16,63.12,61.96,26.45,26.35,28.59,29.42,31.66,1,0.74,1.32,1.51,1.77
3/3/2022 9:30,2.449,7.65,4.48,4476,44,35.43,45.8,158.353165,69.46,77.2,64.82,61.47,60.38,25.99,25.83,28.08,28.76,30.68,1.03,0.76,1.34,1.52,1.75
3/3/2022 9:45,2.549,7.98,4.64,4474,44,35.02,45.73,135.505391,67.95,75.94,64.55,61.58,62.07,26.07,25.91,27.96,28.39,29.94,1.08,0.8,1.34,1.49,1.6
3/3/2022 10:00,2.986,9.06,5.75,4475,44,32.75,43.51,331.108636,67.57,75.61,64.5,61.92,61.5,26.14,25.93,27.9,28.27,29.85,1.1,0.82,1.33,1.46,1.62
3/3/2022 10:15,3.681,10.69,7.61,4472,43.9,29.86,40.02,414.281108,67.79,75.51,64.59,62.22,61.99,26.2,26.02,27.98,28.52,30.72,1.1,0.82,1.34,1.47,1.68
3/3/2022 10:30,4.152,11.81,8.85,4467,43.9,28.42,37.99,347.052766,68.7,75.86,64.47,61.83,59.6,26.28,26.17,28.23,29.08,32.16,1.07,0.82,1.36,1.54,1.94
3/3/2022 10:45,3.921,11.29,8.21,4466,43.9,29.21,38.82,326.506207,70.49,76.88,65.21,61.74,57.99,26.17,26.2,28.33,29.5,32.5,1,0.79,1.34,1.58,2.05
3/3/2022 11:00,4.634,12.98,10.1,4466,43.8,27.16,35.76,549.724028,71.68,78.12,65.99,62.14,58.79,26.06,26.09,28.38,29.63,32.42,0.96,0.74,1.31,1.57,2.01
3/3/2022 11:15,4.95,13.64,11.03,4461,43.8,25.7,34.07,905.754809,72.27,78.28,69.82,69.26,59.41,26.03,26.07,28.45,30.1,33.66,0.93,0.73,1.17,1.31,2.12
3/3/2022 11:30,5.133,14.16,11.42,4459,43.8,25.34,33.52,1076.209065,74.7,80.8,73.29,72.29,60.03,26.06,26,28.32,30.73,34.43,0.85,0.65,1.03,1.23,2.18
3/3/2022 11:45,4.873,13.42,10.87,4457,43.9,25.99,34.62,438.443862,76.6,82.9,76.25,73.28,60.15,26.06,25.93,28.16,31.37,34.83,0.79,0.57,0.91,1.23,2.22
3/3/2022 12:00,5.108,14.05,11.41,4458,43.9,25.1,33.28,822.089219,78.09,84.4,78.29,73.15,61.63,26.02,25.84,27.96,31.75,34.45,0.74,0.52,0.82,1.26,2.09
3/3/2022 12:15,4.95,13.64,11.03,4456,43.9,25.65,33.8,1281.181542,78.99,85.2,79.2,73.15,62.46,25.97,25.82,28,32.11,34.39,0.7,0.49,0.79,1.28,2.04
3/3/2022 12:30,4.822,13.35,10.68,4457,43.9,25.46,34.14,1227.102997,79.98,86.3,80.1,73.48,63.98,25.98,25.78,28.05,32.33,34.19,0.67,0.45,0.75,1.28,1.94
3/3/2022 12:45,4.614,12.91,10.07,4457,43.9,26.18,34.9,859.894888,80.4,86.9,80.7,73.77,65.37,26.1,25.83,28.1,32.56,34.06,0.66,0.44,0.73,1.29,1.85
3/3/2022 13:00,4.611,12.93,10.03,4457,43.9,26.85,35.57,886.523229,80.5,87.3,81.3,74.17,66.42,26.03,25.72,28.12,32.63,33.88,0.66,0.42,0.71,1.27,1.77
3/3/2022 13:15,4.28,12.14,9.16,4458,44,27.37,36.58,470.496495,81.5,88.1,81.8,74.72,67.55,25.85,25.59,28.08,32.73,33.72,0.62,0.39,0.69,1.25,1.7
3/3/2022 13:30,4.006,11.55,8.37,4461,43.9,28.38,37.96,602.816337,82.2,88.6,82.2,74.53,69.42,25.74,25.53,28.04,32.82,33.23,0.59,0.37,0.67,1.27,1.56
3/3/2022 13:45,3.651,10.7,7.44,4462,43.9,29.21,39.06,439.923215,82.6,88.9,82.5,74.69,70.92,25.75,25.53,28.11,32.83,32.88,0.58,0.36,0.67,1.26,1.45
3/3/2022 14:00,3.286,9.82,6.49,4465,43.9,30.6,41.29,417.73293,82.7,89,82.4,75.1,71.91,25.74,25.5,28.15,32.68,32.62,0.57,0.36,0.67,1.23,1.38
3/3/2022 14:15,2.85,8.62,5.52,4469,43.9,32.44,42.91,405.240622,82.7,89.1,82.1,75.27,72.76,25.75,25.51,28.16,32.59,32.34,0.57,0.36,0.68,1.22,1.32
3/3/2022 14:30,2.435,7.71,4.34,4471,43.9,33.97,45.18,425.458437,82.6,89.1,82.3,75.14,73.43,25.86,25.52,28.07,32.52,32.1,0.58,0.36,0.67,1.22,1.27
3/3/2022 14:45,2.093,6.74,3.61,4474,43.9,35.72,46.88,879.126468,82.5,89.3,82.3,74.94,74.16,25.91,25.49,28.04,32.46,31.85,0.59,0.35,0.67,1.22,1.22
3/3/2022 15:00,1.778,5.97,2.8,4476,43.9,37.2,48.41,426.773417,82.7,89.4,82.9,74.31,74.34,25.91,25.48,27.84,32.4,31.64,0.58,0.35,0.64,1.25,1.2
3/3/2022 15:15,1.596,5.51,2.35,4479,43.9,38.27,49.49,295.932927,82.8,89.6,83.3,73.66,74.8,25.91,25.5,27.75,32.5,31.48,0.58,0.34,0.62,1.29,1.16
3/3/2022 15:30,1.353,4.81,1.84,4482,43.9,39.73,50.87,161.311869,82.9,89.7,83.6,73.86,74.83,25.9,25.47,27.7,32.42,31.47,0.57,0.34,0.61,1.27,1.16
3/3/2022 15:45,1.214,4.5,1.45,4484,44.1,40.45,51.9,483.317548,82.9,89.8,83.8,74.54,75.14,25.81,25.34,27.49,31.73,30.92,0.57,0.33,0.59,1.19,1.11
3/3/2022 16:00,0.998,3.83,1.05,4487,43.9,41.93,52.76,149.805796,82.8,89.9,84.2,75.74,75.64,25.75,25.25,27.35,31.3,30.69,0.57,0.32,0.57,1.11,1.08
3/3/2022 16:15,0.881,3.49,0.81,4488,44,42.65,53.67,193.035757,82.7,89.7,84,75.42,75.41,25.62,25.13,27.15,30.56,29.97,0.57,0.33,0.58,1.08,1.04
3/3/2022 16:30,0.748,3.17,0.46,4489,44,43.27,54.27,139.779075,82.2,89.3,83.7,77.03,76.36,25.51,24.98,26.91,29.38,29.04,0.58,0.34,0.58,0.94,0.95
3/3/2022 16:45,0.682,3.01,0.29,4490,44,43.72,54.05,333.902968,80.9,88.2,82.9,78.35,76.46,25.41,24.89,26.7,28.39,28.32,0.62,0.37,0.6,0.84,0.91
3/3/2022 17:00,0.624,2.79,0.23,4490,44,44.42,54.51,271.112683,79.4,86.9,82,78.97,76.38,25.42,24.95,26.61,27.84,27.97,0.67,0.41,0.63,0.79,0.89
3/3/2022 17:15,0.511,2.5,-0.05,4490,44,44.68,55.27,72.715105,76.99,85.5,82.3,77.97,75.77,25.47,25.05,26.75,27.77,27.76,0.75,0.46,0.62,0.82,0.9
3/3/2022 17:30,0.395,2.1,-0.22,4490,44,45.49,55.06,44.44304,76.52,84.9,80.6,77.3,76.48,25.52,25.1,26.85,27.47,27.19,0.77,0.48,0.69,0.83,0.85
3/3/2022 17:45,0.273,1.78,-0.51,4490,43.8,46.26,56.35,23.89648,76.01,85,80.2,78.04,77.24,25.54,25.07,26.61,26.94,26.74,0.78,0.48,0.69,0.78,0.8
3/3/2022 18:00,0.166,1.49,-0.75,4492,43.9,46.23,56.37,10.746682,75.42,84.9,80.3,78.48,77.43,25.55,24.95,26.27,26.5,26.35,0.8,0.48,0.67,0.75,0.77
3/3/2022 18:15,0.109,1.36,-0.91,4494,43.8,45.76,56.32,2.034941,76.45,84.6,79,76.62,74.68,25.57,24.92,26.13,26.4,26.61,0.77,0.49,0.71,0.8,0.88
3/3/2022 18:30,0.089,1.31,-0.96,4494,43.8,46.19,56.28,-3.38935,75.07,82.3,77.33,74.13,71.73,25.68,25.21,26.35,26.79,27.09,0.82,0.57,0.78,0.91,1.01
3/3/2022 18:45,0.09,1.27,-0.91,4494,43.8,46.55,55.87,-4.868703,73.24,80.5,75.78,72.33,70.14,25.88,25.37,26.47,26.9,27.15,0.89,0.63,0.84,0.98,1.07
3/3/2022 19:00,0.103,1.34,-0.92,4493,43.8,46.59,56.28,-4.70433,71.44,79.29,74.43,71.09,69.01,26.03,25.4,26.47,26.9,27.16,0.96,0.67,0.88,1.02,1.12
3/3/2022 19:15,0.08,1.23,-0.92,4494,43.8,47.02,56.59,-4.868703,69.95,78.36,73.74,70.23,68.03,26.09,25.41,26.43,26.84,27.13,1.02,0.7,0.91,1.05,1.15
3/3/2022 19:30,0.058,1.2,-1,4494,43.8,46.86,56.28,-4.868703,68.73,77.38,72.84,69.54,67.22,26.13,25.42,26.4,26.78,27.11,1.06,0.73,0.93,1.07,1.18
3/3/2022 19:45,0.068,1.22,-0.97,4494,43.9,46.98,55.8,-4.539958,67.77,76.7,72.26,68.88,66.35,26.17,25.46,26.37,26.8,27.18,1.09,0.76,0.95,1.1,1.21
3/3/2022 20:00,0.08,1.22,-0.91,4493,43.8,46.9,56.01,-4.70433,67.15,76.28,71.87,68.41,65.87,26.23,25.47,26.37,26.8,27.19,1.12,0.77,0.97,1.11,1.23
3/3/2022 20:15,0.092,1.19,-0.81,4493,43.8,47.1,56.18,-4.70433,66.54,75.77,71.44,67.99,65.42,26.27,25.5,26.39,26.79,27.21,1.14,0.79,0.98,1.13,1.25
3/3/2022 20:30,0.094,1.31,-0.93,4493,43.8,47.14,55.94,-4.375585,65.96,75.39,70.97,67.42,65.01,26.33,25.53,26.42,26.84,27.23,1.17,0.8,1,1.15,1.26
3/3/2022 20:45,0.115,1.29,-0.8,4494,43.9,47.17,56.13,-4.70433,65.5,74.98,70.58,67.41,64.64,26.34,25.55,26.42,26.78,27.23,1.18,0.82,1.01,1.15,1.28
3/3/2022 21:00,0.092,1.3,-0.93,4493,43.9,47.17,55.89,-4.70433,65.15,74.7,70.34,67.03,64.35,26.41,25.53,26.41,26.81,27.23,1.2,0.83,1.02,1.16,1.29
3/3/2022 21:15,0.09,1.28,-0.92,4493,43.8,47.14,56.37,-4.70433,64.68,74.32,70,66.67,63.94,26.41,25.58,26.43,26.81,27.27,1.22,0.84,1.03,1.18,1.31
3/3/2022 21:30,0.114,1.34,-0.86,4494,43.9,47.36,56.32,-4.539958,64.1,73.87,69.67,66.33,63.56,26.43,25.58,26.39,26.77,27.23,1.24,0.86,1.04,1.18,1.32
3/3/2022 21:45,0.127,1.4,-0.86,4493,43.8,47.07,55.99,-4.375585,63.48,73.5,69.28,65.94,63.12,26.41,25.53,26.32,26.68,27.18,1.26,0.87,1.05,1.19,1.33
3/3/2022 22:00,0.137,1.34,-0.74,4493,43.8,47.17,55.77,-4.70433,62.91,73.03,69.03,65.57,62.64,26.43,25.47,26.25,26.66,27.18,1.28,0.88,1.06,1.2,1.35
3/3/2022 22:15,0.113,1.28,-0.8,4494,43.8,46.86,55.15,-4.539958,62.46,72.55,68.96,65.49,62.32,26.44,25.52,26.2,26.59,27.19,1.3,0.9,1.06,1.2,1.36
3/3/2022 22:30,0.132,1.37,-0.8,4493,43.8,46.67,55.96,-5.033075,62.23,72.32,68.33,65.12,62.03,26.46,25.53,26.28,26.64,27.21,1.3,0.9,1.08,1.22,1.37
3/3/2022 22:45,0.146,1.44,-0.8,4493,43.9,46.57,55.99,-4.70433,62.17,72.13,68.24,64.97,61.87,26.48,25.6,26.32,26.68,27.25,1.31,0.91,1.09,1.23,1.38
3/3/2022 23:00,0.158,1.44,-0.74,4493,43.9,46.78,55.58,-4.70433,62.05,72.07,67.94,64.63,61.62,26.53,25.62,26.39,26.77,27.36,1.32,0.92,1.1,1.24,1.4
3/3/2022 23:15,0.156,1.44,-0.75,4493,43.7,46.45,55.85,-4.70433,61.82,71.89,67.28,64.31,61.37,26.57,25.66,26.51,26.85,27.41,1.33,0.93,1.13,1.26,1.41
3/3/2022 23:30,0.16,1.44,-0.73,4493,43.8,47.07,55.58,-4.539958,61.36,71.43,66.75,63.81,61.01,26.61,25.7,26.61,26.93,27.43,1.35,0.94,1.16,1.29,1.43
3/3/2022 23:45,0.133,1.42,-0.85,4494,43.9,46.83,56.08,-5.033075,61.1,71.12,66.85,63.58,60.63,26.62,25.71,26.53,26.89,27.45,1.36,0.95,1.15,1.29,1.44
3/4/2022 0:00,0.169,1.43,-0.67,4493,43.8,47.12,55.56,-4.70433,60.97,71.1,66.82,63.28,60.51,26.6,25.67,26.5,26.91,27.41,1.36,0.95,1.15,1.3,1.44
3/4/2022 0:15,0.203,1.59,-0.67,4494,43.7,46.28,55.39,-4.70433,60.86,70.94,66.55,63.24,60.38,26.57,25.66,26.49,26.89,27.41,1.36,0.96,1.16,1.3,1.45
3/4/2022 0:30,0.179,1.53,-0.73,4493,43.8,46.45,55.85,-4.70433,60.72,70.91,66.31,63.23,60.26,26.57,25.65,26.49,26.84,27.4,1.37,0.96,1.17,1.3,1.45
3/4/2022 0:45,0.2,1.58,-0.67,4494,43.8,46.57,55.75,-4.539958,60.51,70.67,66.33,63.11,59.99,26.57,25.66,26.49,26.83,27.42,1.37,0.97,1.16,1.3,1.46
3/4/2022 1:00,0.202,1.54,-0.62,4493,43.8,46.69,55.63,-4.70433,60.12,70.17,65.72,62.77,59.69,26.59,25.68,26.5,26.83,27.43,1.39,0.98,1.19,1.31,1.47
3/4/2022 1:15,0.21,1.58,-0.62,4494,43.9,46.33,55.15,-4.539958,59.91,69.68,65.47,62.46,59.44,26.55,25.69,26.48,26.78,27.36,1.39,1,1.19,1.32,1.48
3/4/2022 1:30,0.223,1.69,-0.67,4493,43.9,46.09,55.13,-4.375585,60.07,68.78,64.8,61.89,58.99,26.41,25.77,26.45,26.77,27.35,1.38,1.04,1.22,1.34,1.49
3/4/2022 1:45,0.189,1.48,-0.62,4493,43.8,46.62,54.96,-4.70433,59.9,68.47,63.91,61.45,58.65,26.32,25.79,26.55,26.78,27.34,1.37,1.05,1.25,1.36,1.5
3/4/2022 2:00,0.222,1.64,-0.62,4493,43.8,46.45,55.63,-4.375585,59.7,68.05,63.64,61.09,58.37,26.29,25.79,26.58,26.77,27.34,1.38,1.06,1.26,1.37,1.51
3/4/2022 2:15,0.247,1.76,-0.62,4493,43.7,46.47,55.94,-5.033075,59.52,67.52,63.52,60.62,58.11,26.25,25.85,26.5,26.78,27.32,1.38,1.08,1.26,1.39,1.52
3/4/2022 2:30,0.243,1.74,-0.62,4494,43.8,46.02,55.61,-4.70433,59.22,67.1,62.65,60.36,57.81,26.21,25.83,26.57,26.75,27.26,1.39,1.09,1.3,1.39,1.53
3/4/2022 2:45,0.234,1.64,-0.56,4493,43.6,46.33,55.49,-4.868703,59.13,66.49,62.38,60.14,57.52,26.1,25.87,26.55,26.71,27.25,1.38,1.12,1.31,1.4,1.54
3/4/2022 3:00,0.228,1.61,-0.56,4494,43.7,45.52,54.98,-4.375585,59.08,65.31,61.71,59.57,57.05,26.02,26.11,26.61,26.78,27.27,1.38,1.17,1.33,1.42,1.56
3/4/2022 3:15,0.255,1.74,-0.56,4494,43.9,45.76,55.03,-5.033075,59.28,64.06,61.34,58.89,56.48,25.97,26.35,26.67,26.88,27.38,1.37,1.23,1.35,1.46,1.59
3/4/2022 3:30,0.234,1.64,-0.56,4494,43.8,46.21,55.39,-4.868703,59.61,63.28,60.96,58.7,56.35,25.79,26.48,26.68,26.87,27.36,1.34,1.27,1.37,1.46,1.59
3/4/2022 3:45,0.255,1.74,-0.56,4494,43.9,45.59,55.41,-5.197448,59.68,62.94,60.72,58.39,56.04,25.69,26.51,26.67,26.89,27.36,1.33,1.28,1.37,1.47,1.6
3/4/2022 4:00,0.285,1.84,-0.51,4494,43.8,45.54,54.77,-4.868703,59.64,62,60.77,58.12,55.7,25.65,26.7,26.62,26.89,27.36,1.33,1.33,1.37,1.48,1.61
3/4/2022 4:15,0.301,1.86,-0.45,4494,43.8,45.66,54.67,-4.70433,59.94,61.19,60.56,57.87,55.23,25.51,26.83,26.58,26.85,27.41,1.31,1.37,1.37,1.49,1.64
3/4/2022 4:30,0.273,1.78,-0.51,4494,43.9,45.33,54.79,-4.70433,60.29,60.74,60.43,57.67,55.07,25.4,26.92,26.59,26.85,27.39,1.29,1.39,1.38,1.5,1.64
3/4/2022 4:45,0.305,1.77,-0.33,4494,43.9,45.18,54.58,-5.033075,61.13,59.74,60.59,57.56,54.67,25.23,27.17,26.55,26.85,27.46,1.25,1.45,1.37,1.5,1.66
3/4/2022 5:00,0.329,1.94,-0.39,4495,43.9,45.04,54.12,-4.211213,61.89,58.64,60.39,57.48,54.4,25,27.49,26.61,26.88,27.52,1.21,1.52,1.38,1.51,1.68
3/4/2022 5:15,0.343,1.95,-0.33,4493,43.8,45.16,54.32,-5.033075,62.2,58.33,60.25,57.27,54.21,24.91,27.56,26.64,26.94,27.54,1.19,1.54,1.39,1.52,1.69
3/4/2022 5:30,0.378,2.02,-0.22,4493,43.9,45.68,54.12,-4.539958,62.34,57.61,60.05,57.14,53.89,24.86,27.74,26.64,26.95,27.61,1.18,1.58,1.39,1.52,1.7
3/4/2022 5:45,0.39,2.13,-0.28,4494,43.7,45.37,54.89,-4.70433,62.3,57.75,59.92,56.86,53.84,24.83,27.66,26.67,26.95,27.6,1.18,1.57,1.4,1.53,1.7
3/4/2022 6:00,0.398,2.07,-0.17,4494,43.6,45.8,54.75,-4.70433,62.96,57.84,59.72,56.85,53.81,24.7,27.54,26.61,26.89,27.51,1.15,1.55,1.4,1.53,1.7
3/4/2022 6:15,0.384,2.05,-0.22,4494,43.6,45.73,54.77,-4.539958,62.05,58.14,59.5,56.4,53.57,24.7,27.27,26.53,26.84,27.43,1.18,1.52,1.4,1.54,1.7
3/4/2022 6:30,0.449,2.26,-0.11,4494,43.6,45.42,54.94,-4.539958,60.66,57.58,58.92,56.03,53.21,24.83,27.22,26.48,26.81,27.38,1.23,1.53,1.42,1.55,1.71
3/4/2022 6:45,0.484,2.37,-0.05,4493,43.8,45.28,54.48,-1.416881,59.92,57.5,58.56,55.69,52.79,24.91,27.09,26.48,26.77,27.35,1.26,1.52,1.43,1.56,1.72
3/4/2022 7:00,0.585,2.6,0.23,4493,43.8,45.52,54.24,8.774213,59.75,57.24,58.76,55.76,52.77,24.91,27.16,26.38,26.7,27.35,1.27,1.54,1.42,1.55,1.72
3/4/2022 7:15,1.006,3.86,1.06,4491,43.7,45.66,54.82,27.019557,57.25,60.81,58.52,55.4,52.81,25.59,26.34,26.51,26.9,27.53,1.4,1.34,1.44,1.58,1.74
3/4/2022 7:30,1.54,5.32,2.26,4491,43.7,40.86,51.76,52.168546,54.43,63.85,59.16,55.47,53.1,26.6,25.9,26.68,27.24,27.8,1.59,1.21,1.43,1.61,1.75
3/4/2022 7:45,2.248,7.07,4.06,4489,43.7,36.24,47.26,71.235753,54.48,64.98,60.71,55.5,53.13,27.01,26.18,27.08,27.71,28.36,1.62,1.19,1.41,1.65,1.81
3/4/2022 8:00,2.735,8.36,5.2,4488,43.6,34.31,44.35,97.699722,55.46,65.5,61.41,55.32,54.96,27.21,26.58,27.43,28.04,28.87,1.61,1.2,1.41,1.69,1.79
3/4/2022 8:15,3.303,9.81,6.59,4485,43.7,32.18,41.91,122.519965,56.53,66.27,60.59,56.09,59.1,27.22,26.72,27.71,28.16,29.9,1.57,1.18,1.46,1.68,1.73
3/4/2022 8:30,3.764,10.75,7.98,4483,43.7,30.41,39.37,191.22766,57.97,66.99,60.63,57.2,58.41,27.12,26.75,27.94,28.13,31.39,1.51,1.16,1.48,1.63,1.91
3/4/2022 8:45,4.086,11.66,8.67,4480,43.7,29.21,38.15,172.324825,58.81,67.41,60.77,57.11,56.43,27.11,26.86,28.07,28.35,32.44,1.48,1.15,1.49,1.65,2.12
3/4/2022 9:00,4.411,12.47,9.49,4477,43.7,28.21,37.05,342.450337,59.79,67.88,60.24,56.1,56.76,27.07,26.95,28.28,28.72,33.34,1.44,1.14,1.53,1.73,2.22
3/4/2022 9:15,4.63,13.04,10.01,4475,43.8,27.66,36.29,403.596898,60.23,67.95,59.33,55.89,55.25,27.1,27.04,28.56,28.99,33.88,1.43,1.15,1.59,1.77,2.36
3/4/2022 9:30,4.781,13.26,10.56,4472,43.8,26.94,35.43,301.357218,61.06,68.65,58.92,55.81,55.94,26.97,26.98,28.71,29.21,34.4,1.39,1.12,1.62,1.79,2.4
3/4/2022 9:45,4.939,13.67,10.94,4470,43.7,26.34,34.9,327.328069,61.75,68.97,59.05,55.75,54.4,26.94,26.97,28.83,29.46,34.96,1.36,1.1,1.62,1.82,2.56
3/4/2022 10:00,5.008,13.81,11.15,4468,43.8,26.18,34.4,279.988796,62.58,69.55,59.1,55.91,51.98,26.98,27.03,28.97,29.75,35.48,1.33,1.09,1.64,1.84,2.77
3/4/2022 10:15,5.055,14.09,11.09,4466,43.7,26.13,34.31,325.519972,64.21,71.05,60.74,56.85,49.77,26.98,27.1,29.09,30.14,35.74,1.27,1.04,1.58,1.85,2.94
3/4/2022 10:30,5.149,14.2,11.46,4465,43.4,26.2,34.07,509.288399,66.99,73.13,61.97,57.71,49.6,26.72,26.95,29.19,30.45,35.65,1.16,0.96,1.54,1.84,2.94
3/4/2022 10:45,5.101,14.01,11.42,4464,43.4,25.91,34.26,454.716737,69.9,75.24,63.56,57.94,50.56,26.32,26.7,29.09,30.7,35.38,1.03,0.87,1.47,1.86,2.84
3/4/2022 11:00,5.075,14.01,11.28,4464,43.6,26.01,33.9,450.114308,71.61,76.97,64.49,58.77,52.66,26.14,26.58,29.08,30.79,35.15,0.96,0.8,1.43,1.83,2.68
3/4/2022 11:15,4.835,13.43,10.66,4463,43.6,25.99,34.31,1024.760481,73.14,78.32,68.52,66.31,54.67,26.01,26.26,28.98,30.89,34.92,0.9,0.74,1.26,1.5,2.54
3/4/2022 11:30,4.702,13.11,10.31,4465,43.6,26.3,34.71,1111.877892,75.2,81.3,73.47,70.04,57.33,26.01,26.03,28.34,30.93,34.5,0.83,0.63,1.02,1.34,2.33
3/4/2022 11:45,4.613,12.87,10.11,4467,43.4,26.63,35.02,1131.602589,76.45,82.8,76.54,71.56,59.95,26.04,25.99,27.97,31.13,34.12,0.79,0.58,0.89,1.29,2.14
3/4/2022 12:00,4.519,12.63,9.88,4467,43.4,26.85,35.21,905.426064,77.76,84.3,78.16,72.93,62.61,25.98,25.86,27.86,31.3,33.62,0.75,0.52,0.82,1.24,1.95
3/4/2022 12:15,4.393,12.4,9.47,4470,43.7,27.3,36.05,1027.061695,78.8,85.1,78.86,73.55,63.89,25.94,25.81,27.92,31.46,33.45,0.71,0.5,0.8,1.22,1.86
3/4/2022 12:30,4.142,11.81,8.8,4472,43.6,27.97,36.84,1087.386394,79.67,86,79.21,74.07,65.55,25.88,25.71,27.96,31.52,33.15,0.68,0.46,0.78,1.2,1.75
3/4/2022 12:45,3.905,11.26,8.16,4474,43.6,28.76,37.8,942.245498,79.93,86.6,79.59,74.7,67.11,25.89,25.67,27.9,31.55,32.79,0.67,0.44,0.77,1.17,1.64
3/4/2022 13:00,3.667,10.65,7.58,4478,43.7,29.4,38.73,732.50622,80.6,87.2,79.97,75.62,68.92,25.85,25.63,27.98,31.44,32.42,0.65,0.42,0.76,1.12,1.51
3/4/2022 13:15,3.37,9.94,6.8,4482,43.7,30.72,40.4,625.006621,81.1,87.5,80,76.7,70.29,25.85,25.62,28.07,31.47,32.28,0.63,0.41,0.76,1.08,1.44
3/4/2022 13:30,2.928,8.78,5.75,4485,43.7,32.35,42.41,781.160473,81.5,88.2,80.5,76.59,72.39,25.82,25.5,27.99,31.36,31.61,0.62,0.39,0.74,1.07,1.28
3/4/2022 13:45,2.402,7.47,4.43,4488,43.7,34.62,44.82,769.983144,81.4,88.3,80.6,76.87,73.68,25.74,25.41,27.91,30.99,31.04,0.62,0.38,0.73,1.04,1.19
3/4/2022 14:00,1.861,6.11,3.08,4491,43.7,37.6,47.76,204.213085,81.2,88.3,81.6,77.2,74.45,25.68,25.42,27.62,30.28,30.29,0.62,0.38,0.68,0.98,1.1
3/4/2022 14:15,1.491,5.16,2.18,4494,43.7,39.35,49.53,187.447093,80.9,87.7,82.7,77.33,74.97,25.62,25.4,27.16,29.48,29.49,0.63,0.4,0.62,0.93,1.03
3/4/2022 14:30,1.542,5.25,2.35,4496,43.8,38.82,49.53,479.536981,80,87.2,82.5,77.72,75.7,25.68,25.34,27,28.77,28.75,0.66,0.41,0.62,0.88,0.96
3/4/2022 14:45,1.32,4.66,1.83,4497,43.8,39.76,49.89,818.14428,79.11,86.7,81.7,78.85,76.43,25.77,25.38,27.16,28.62,28.68,0.69,0.43,0.66,0.83,0.93
3/4/2022 15:00,1.222,4.44,1.56,4499,43.7,40.52,51.21,458.004187,78.81,86.6,81.1,78.71,76.4,25.77,25.36,27.18,28.47,28.53,0.7,0.43,0.68,0.83,0.92
3/4/2022 15:15,0.937,3.6,0.98,4501,43.7,42,52.24,178.899724,78.46,86.3,80.6,78.3,76.54,25.7,25.31,27.09,28.09,28.03,0.71,0.44,0.7,0.82,0.89
3/4/2022 15:30,0.981,3.76,1.04,4502,43.7,42.41,52.24,471.811475,78.51,86.6,81.2,79.26,77.86,25.78,25.31,26.87,27.39,27.31,0.71,0.43,0.67,0.76,0.8
3/4/2022 15:45,0.776,3.15,0.63,4504,43.8,42.67,52.9,435.485158,78.37,85.8,80.9,80.4,79.4,25.8,25.32,26.75,27.33,27.52,0.72,0.46,0.67,0.71,0.76
3/4/2022 16:00,0.734,3.05,0.52,4505,43.8,44.47,53.67,405.569367,78.67,86.5,82.3,83,79.64,25.91,25.37,26.74,27.77,27.89,0.71,0.44,0.62,0.63,0.76
3/4/2022 16:15,0.661,2.91,0.29,4507,43.7,44.25,54.22,321.903778,77.1,85.2,80.9,82.5,79.08,25.74,25.14,26.56,28.32,28.37,0.76,0.47,0.66,0.67,0.81
3/4/2022 16:30,0.639,2.85,0.24,4506,43.8,43.96,54.32,570.270587,76.58,84.4,80.6,81.4,78.08,25.76,25.19,26.5,28.53,28.54,0.78,0.5,0.67,0.73,0.85
3/4/2022 16:45,0.57,2.63,0.12,4509,43.8,44.39,53.72,447.155604,76.97,85.1,81.6,79.15,76.41,25.78,25.3,26.5,28.38,28.45,0.76,0.48,0.64,0.81,0.92
3/4/2022 17:00,0.536,2.52,0.06,4509,43.9,45.4,54.2,339.820377,76.65,85.2,81.6,79.25,76.3,25.78,25.28,26.41,27.86,28.06,0.77,0.48,0.63,0.78,0.9
3/4/2022 17:15,0.468,2.35,-0.11,4509,43.8,45.9,54.98,258.456002,74.99,84.8,83,78.76,75.88,25.73,25.21,26.35,27.41,27.69,0.83,0.49,0.58,0.78,0.9
3/4/2022 17:30,0.412,2.19,-0.23,4510,43.9,46.14,55.39,125.643042,75.53,85.4,82.4,78.98,76.11,25.64,25.07,26.22,27.02,27.26,0.81,0.46,0.6,0.75,0.86
3/4/2022 17:45,0.183,1.47,-0.64,4512,43.9,46.81,55.49,90.467333,78.28,86.8,82.9,80.3,78.24,25.61,24.93,26,26.6,26.79,0.71,0.42,0.57,0.69,0.77
3/4/2022 18:00,0.117,1.38,-0.89,4515,43.7,46.52,56.23,44.607412,79.02,87.5,84.2,81.9,79.25,25.59,24.81,25.8,26.28,26.48,0.69,0.39,0.52,0.62,0.72
3/4/2022 18:15,0.09,1.17,-0.8,4515,43.8,46.98,55.32,10.417937,78.6,86.2,83.3,80.1,75.54,25.6,24.89,25.77,26.24,26.88,0.7,0.43,0.55,0.68,0.87
3/4/2022 18:30,0.093,1.24,-0.86,4515,43.8,47.62,56.06,-3.060606,76.85,83.9,80.4,76.94,72.45,25.69,25.07,26.04,26.6,27.23,0.76,0.51,0.66,0.8,1
3/4/2022 18:45,0.046,1.18,-1.04,4516,43.8,47.36,56.32,-4.70433,74.25,82,77.98,74.66,70.71,25.76,25.07,26.11,26.63,27.2,0.85,0.57,0.75,0.88,1.06
3/4/2022 19:00,0.037,1.07,-0.97,4516,43.8,47.79,55.94,-4.868703,71.99,80.3,76.24,72.94,69.34,25.84,25.06,26.09,26.6,27.15,0.93,0.63,0.8,0.94,1.1
3/4/2022 19:15,0.025,1.06,-1.02,4515,43.8,47.5,56.18,-4.375585,70.31,78.74,74.77,71.62,67.96,25.87,25.14,26.11,26.56,27.16,0.99,0.68,0.85,0.99,1.15
3/4/2022 19:30,0.024,1.11,-1.08,4515,43.8,47.31,56.23,-4.539958,68.95,77.11,73.04,70.37,66.59,25.94,25.3,26.25,26.61,27.25,1.04,0.74,0.92,1.03,1.21
3/4/2022 19:45,0.012,1.05,-1.08,4515,43.7,47.02,56.16,-4.868703,67.69,75.98,71.57,69.21,65.67,26.03,25.41,26.41,26.68,27.3,1.09,0.78,0.98,1.08,1.25
3/4/2022 20:00,0.003,0.9,-0.96,4515,43.6,47.5,55.87,-4.868703,66.82,75.1,70.52,68.33,65.11,26.13,25.53,26.55,26.81,27.32,1.12,0.81,1.02,1.12,1.27
3/4/2022 20:15,-0.006,1.06,-1.19,4515,43.8,47.55,56.23,-4.70433,66.2,74.43,70.22,67.72,64.58,26.19,25.63,26.58,26.88,27.4,1.15,0.84,1.04,1.14,1.29
3/4/2022 20:30,0.024,1.01,-0.97,4515,43.8,47.6,56.01,-4.70433,65.42,73.62,69.51,67.05,63.96,26.28,25.73,26.64,26.92,27.45,1.18,0.87,1.06,1.17,1.32
3/4/2022 20:45,0.035,1.06,-0.97,4515,43.9,47.45,56.13,-4.375585,64.86,73.07,69.17,66.64,63.79,26.31,25.76,26.62,26.93,27.39,1.2,0.89,1.07,1.18,1.32
3/4/2022 21:00,0.037,1.06,-0.96,4515,43.9,47.55,56.23,-4.868703,64.47,72.59,68.66,66.22,63.45,26.28,25.77,26.65,26.92,27.39,1.21,0.91,1.09,1.2,1.33
3/4/2022 21:15,0.013,1.01,-1.03,4515,43.9,47.24,55.92,-4.539958,64.03,72.08,68.41,65.94,63.14,26.29,25.81,26.6,26.9,27.37,1.23,0.93,1.1,1.21,1.34
3/4/2022 21:30,-0.018,0.96,-1.14,4515,43.9,47.55,56.3,-4.868703,64.03,71.53,68.51,65.64,62.9,26.28,25.93,26.57,26.98,27.43,1.23,0.95,1.09,1.22,1.36
3/4/2022 21:45,0.016,0.98,-0.98,4514,43.8,48.36,56.47,-4.375585,64.06,71.56,68.13,65.6,62.61,26.3,25.98,26.72,27.05,27.54,1.23,0.95,1.12,1.23,1.38
3/4/2022 22:00,0.005,0.97,-1.03,4514,43.7,47.69,55.61,-4.539958,64.01,71.41,68.12,65.44,62.71,26.36,26.07,26.77,27.13,27.56,1.24,0.97,1.12,1.24,1.37
3/4/2022 22:15,0.025,1.07,-1.03,4516,43.7,47.43,56.16,-4.70433,63.96,71.84,68.13,65.59,62.82,26.44,26,26.81,27.12,27.6,1.24,0.95,1.12,1.24,1.37
3/4/2022 22:30,-0.004,0.98,-1.09,4515,43.7,48.27,56.61,-4.211213,63.82,71.6,68.04,65.44,62.81,26.46,26.07,26.86,27.16,27.69,1.25,0.96,1.13,1.24,1.38
3/4/2022 22:45,-0.017,0.98,-1.16,4515,43.7,47.84,56.73,-5.033075,63.64,71.35,67.86,65.38,62.59,26.49,26.08,26.85,27.15,27.79,1.26,0.97,1.14,1.25,1.4
3/4/2022 23:00,-0.007,0.92,-1.04,4515,43.7,48.03,56.35,-4.539958,63.32,71.09,67.72,65.1,62.38,26.46,26.07,26.81,27.13,27.58,1.27,0.98,1.14,1.25,1.39
3/4/2022 23:15,0.013,1.02,-1.04,4515,43.7,47.65,56.47,-4.70433,63.34,70.47,67.46,64.77,62.1,26.37,26.12,26.78,27.13,27.83,1.26,1,1.15,1.27,1.42
3/4/2022 23:30,-0.007,1.03,-1.16,4516,43.8,48.27,56.35,-4.375585,63.37,69.76,67.12,64.41,61.83,26.25,26.24,26.79,27.13,27.64,1.25,1.03,1.16,1.28,1.41
3/4/2022 23:45,0.012,0.96,-0.98,4516,43.7,47.81,56.37,-4.539958,63.44,69.13,66.72,64.09,61.66,26.16,26.32,26.79,27.13,27.88,1.24,1.06,1.17,1.29,1.44
3/5/2022 0:00,0.023,1.17,-1.15,4517,43.8,47.45,56.49,-4.70433,63.79,68.24,66.49,63.82,61.33,26.04,26.5,26.81,27.15,27.86,1.22,1.1,1.18,1.3,1.45
3/5/2022 0:15,0.027,1.05,-1,4517,43.7,47.76,56.56,-4.375585,64.13,67.9,66.36,63.73,61.24,25.92,26.59,26.83,27.15,27.74,1.2,1.12,1.19,1.3,1.44
3/5/2022 0:30,0.037,1.07,-0.97,4517,43.9,47.43,56.42,-4.539958,63.98,67.42,66.11,63.56,61.19,25.92,26.66,26.85,27.16,28.02,1.21,1.14,1.2,1.31,1.47
3/5/2022 0:45,0.037,1.06,-0.96,4517,43.8,47.55,56.13,-4.70433,64.03,67.45,65.89,63.42,61.08,25.88,26.64,26.89,27.16,27.88,1.2,1.14,1.21,1.32,1.46
3/5/2022 1:00,-0.005,0.88,-0.99,4517,43.8,49.03,56.42,-4.70433,64.21,67.08,65.76,63.4,60.85,25.81,26.71,26.87,27.14,27.9,1.19,1.15,1.21,1.32,1.47
3/5/2022 1:15,0.049,1.08,-0.92,4517,43.9,47.91,56.49,-4.375585,64.39,66.8,65.97,63.41,60.84,25.72,26.74,26.79,27.11,27.89,1.18,1.17,1.2,1.31,1.47
3/5/2022 1:30,0.015,1.03,-1.04,4518,43.7,48.17,56.28,-4.70433,64.32,66.76,66.13,63.3,60.82,25.73,26.74,26.76,27.12,27.71,1.18,1.17,1.19,1.32,1.46
3/5/2022 1:45,0.037,1.08,-0.98,4518,43.7,48.36,56.99,-4.375585,64.19,66.49,66.02,63.19,60.71,25.75,26.81,26.78,27.15,27.89,1.19,1.18,1.2,1.32,1.48
3/5/2022 2:00,0.027,1.08,-1.03,4518,43.8,47.98,56.54,-4.539958,64.08,66.87,65.72,62.83,60.44,25.78,26.73,26.89,27.26,27.74,1.19,1.16,1.21,1.35,1.47
3/5/2022 2:15,0.037,1.08,-0.98,4518,43.6,48.03,56.56,-4.70433,63.74,66.77,65.75,62.86,60.34,25.9,26.76,26.88,27.26,27.76,1.21,1.17,1.21,1.34,1.48
3/5/2022 2:30,0.036,1.02,-0.92,4520,43.7,47.72,56.83,-4.375585,63.57,66.81,65.7,62.85,60.37,25.92,26.74,26.87,27.26,27.77,1.22,1.17,1.21,1.34,1.48
3/5/2022 2:45,0.015,1.05,-1.06,4519,43.7,48.17,56.32,-4.539958,63.69,66.62,65.77,62.85,60.49,25.88,26.79,26.89,27.25,28,1.21,1.18,1.21,1.34,1.49
3/5/2022 3:00,0.013,1.01,-1.03,4520,43.7,47.79,55.99,-4.375585,63.45,66.97,65.58,62.69,60.36,25.94,26.69,26.9,27.28,27.67,1.22,1.16,1.22,1.35,1.47
3/5/2022 3:15,0.013,0.91,-0.92,4521,43.7,48.74,56.56,-4.70433,63.56,66.33,65.43,62.53,60.27,25.87,26.86,26.95,27.31,27.74,1.22,1.19,1.23,1.36,1.48
3/5/2022 3:30,0.027,1.08,-1.03,4521,43.7,48.12,56.39,-4.868703,63.6,66.92,65.2,62.42,60.11,25.87,26.67,26.97,27.32,27.75,1.21,1.16,1.24,1.37,1.49
3/5/2022 3:45,0.038,1.13,-1.03,4522,43.7,48.15,57.02,-4.868703,63.39,66.77,65.34,62.3,59.98,25.91,26.69,26.93,27.34,27.87,1.22,1.16,1.23,1.37,1.5
3/5/2022 4:00,0.037,1.08,-0.98,4523,43.7,48.17,56.78,-4.539958,63.06,67.1,65.2,62.27,59.93,26,26.62,26.97,27.35,27.85,1.24,1.15,1.24,1.37,1.5
3/5/2022 4:15,0.003,0.98,-1.05,4522,43.7,48.55,56.16,-4.539958,62.92,66.74,65.06,62.2,59.79,26.06,26.74,27.03,27.41,27.82,1.25,1.17,1.25,1.38,1.5
3/5/2022 4:30,0.047,1.13,-0.98,4524,43.7,47.38,56.49,-4.375585,63.07,67.25,64.92,62.07,59.84,26.04,26.62,27.08,27.46,27.88,1.24,1.14,1.26,1.39,1.51
3/5/2022 4:45,0.027,1.03,-0.98,4524,43.7,47.98,56.63,-4.539958,62.82,67.22,64.79,62,59.79,26.14,26.65,27.14,27.51,27.9,1.26,1.14,1.27,1.4,1.51
3/5/2022 5:00,0.074,1.11,-0.82,4525,43.7,48.39,56.59,-4.539958,62.56,67.53,64.88,62,59.79,26.2,26.59,27.14,27.52,27.94,1.27,1.13,1.26,1.4,1.51
3/5/2022 5:15,0.028,1.09,-1.04,4526,43.7,48.58,57.04,-4.868703,62.1,68.08,64.7,62.17,59.87,26.32,26.43,27.17,27.44,27.9,1.3,1.1,1.27,1.38,1.51
3/5/2022 5:30,0.062,1.11,-0.88,4525,43.8,48.63,56.61,-5.033075,61.81,68.03,64.95,62.12,59.64,26.38,26.4,27.08,27.43,27.85,1.31,1.1,1.26,1.38,1.51
3/5/2022 5:45,0.097,1.21,-0.81,4526,43.9,48.39,56.25,-4.539958,61.64,67.44,64.53,61.97,59.57,26.34,26.51,27.11,27.41,27.98,1.32,1.13,1.27,1.39,1.53
3/5/2022 6:00,0.062,1.1,-0.87,4526,43.9,48.43,56.3,-4.211213,61.83,66.92,64.48,61.68,59.54,26.27,26.62,27.12,27.46,27.83,1.3,1.15,1.28,1.4,1.51
3/5/2022 6:15,0.103,1.24,-0.81,4527,43.8,48,56.3,-4.539958,62.23,66.86,64.31,61.53,59.36,26.15,26.62,27.13,27.48,27.84,1.28,1.16,1.28,1.41,1.52
3/5/2022 6:30,0.105,1.25,-0.81,4526,43.8,48.72,56.28,-4.211213,62.37,67.2,64.49,61.81,59.54,26.15,26.54,27.09,27.42,27.81,1.28,1.14,1.27,1.4,1.51
3/5/2022 6:45,0.152,1.42,-0.75,4527,43.7,47.86,56.42,-0.759391,62.25,66.9,64.92,62.11,59.69,26.15,26.63,26.97,27.34,27.74,1.28,1.15,1.25,1.38,1.5
3/5/2022 7:00,0.156,1.44,-0.75,4527,43.7,48.79,56.71,9.92482,62.26,67.1,65,62.3,59.84,26.19,26.55,26.94,27.27,27.72,1.28,1.14,1.24,1.37,1.49
3/5/2022 7:15,0.783,3.2,0.61,4527,43.6,46.95,55.01,32.115104,61.9,69.3,65.96,62.17,59.53,26.45,26.21,26.89,27.43,27.96,1.32,1.04,1.21,1.38,1.53
3/5/2022 7:30,1.412,4.92,2.03,4525,43.7,42.34,52.33,51.017939,59.8,70.32,66.06,60.79,58.43,26.73,25.98,26.83,27.57,28.05,1.41,1,1.2,1.45,1.58
3/5/2022 7:45,2.036,6.5,3.57,4521,43.7,38.99,48.98,70.249518,58.44,69.37,65.01,59.04,56.98,26.64,25.96,26.9,27.57,28.01,1.45,1.03,1.24,1.51,1.63
3/5/2022 8:00,2.485,7.6,4.72,4518,43.7,37.01,46.55,94.2479,58.41,69.14,63.63,57.71,58.09,26.51,25.94,26.98,27.63,28.31,1.44,1.03,1.3,1.56,1.61
3/5/2022 8:15,3.065,9.11,6.11,4516,43.7,33.78,43.63,120.054378,58.79,69.18,63.06,57.43,60.19,26.42,25.97,27.1,27.72,29.35,1.42,1.03,1.32,1.58,1.63
3/5/2022 8:30,3.661,10.65,7.55,4513,43.7,31.68,41.07,160.818752,59.21,69.5,62.31,57.03,60.13,26.39,26.06,27.38,27.94,30.95,1.4,1.03,1.37,1.62,1.79
3/5/2022 8:45,4.064,11.52,8.71,4510,43.6,29.91,38.9,174.62604,59.68,69.36,60.72,56.76,59.28,26.4,26.16,27.77,28.26,32.6,1.39,1.04,1.46,1.66,2
3/5/2022 9:00,4.414,12.39,9.59,4507,43.6,28.66,37.34,340.806612,60.2,69.09,60.18,56.51,57.95,26.44,26.32,28.01,28.54,33.97,1.37,1.06,1.51,1.7,2.23
3/5/2022 9:15,4.686,13.09,10.25,4504,43.7,27.56,35.76,393.898922,60.95,69.33,59.57,56.43,56.08,26.46,26.43,28.35,28.91,34.97,1.35,1.06,1.56,1.74,2.47
3/5/2022 9:30,4.881,13.53,10.79,4501,43.6,26.89,34.97,259.770982,61.72,69.7,59.14,56.19,53.35,26.51,26.55,28.59,29.31,35.31,1.33,1.05,1.6,1.79,2.67
3/5/2022 9:45,5.064,13.93,11.31,4497,43.6,26.8,34.52,332.916733,62.35,70.19,59.16,55.58,51.93,26.56,26.58,28.74,29.65,35.2,1.31,1.04,1.61,1.85,2.73
3/5/2022 10:00,5.196,14.16,11.75,4493,43.4,26.13,33.78,285.906206,63.51,71.07,59.3,56.15,50.13,26.43,26.52,28.84,29.93,35.27,1.26,1,1.62,1.85,2.85
3/5/2022 10:15,5.253,14.4,11.79,4491,43.6,25.96,33.37,322.561267,64.69,71.99,59.55,55.87,50.47,26.35,26.46,28.94,30.24,35.2,1.21,0.97,1.61,1.9,2.82
3/5/2022 10:30,5.253,14.28,11.92,4490,43.4,25.36,33.11,488.577467,65.64,72.45,59.69,55.58,51.45,26.31,26.5,29.02,30.49,35.73,1.18,0.95,1.62,1.94,2.84
3/5/2022 10:45,5.402,14.73,12.21,4487,43.4,25.65,32.85,390.940217,66.46,73.01,60.25,55.67,50.2,26.3,26.51,29.05,30.74,36.33,1.15,0.93,1.6,1.96,3.01
3/5/2022 11:00,5.346,14.56,12.1,4486,43.4,25.22,32.66,412.308639,67.5,74.18,60.52,55.87,49.77,26.09,26.33,29.03,30.9,36.63,1.1,0.88,1.58,1.97,3.09
3/5/2022 11:15,5.221,14.2,11.84,4485,43.4,25.2,32.61,891.783148,69.04,75.3,66.7,63.07,50.93,26,26.21,28.68,31.17,36.41,1.04,0.84,1.31,1.68,2.98
3/5/2022 11:30,5.061,13.79,11.45,4485,43.3,25.29,32.9,1137.355626,71.68,78.08,71.89,67.03,54.27,26.08,26.17,28.16,31.4,35.98,0.96,0.74,1.07,1.52,2.71
3/5/2022 11:45,5.112,14.16,11.31,4486,43.3,25.96,33.28,1207.049555,72.67,79.25,74.25,68.56,55.1,26.26,26.23,28.02,31.6,35.78,0.93,0.71,0.97,1.46,2.64
3/5/2022 12:00,4.941,13.67,10.95,4486,43.4,26.3,33.88,590.652774,74.04,81.5,76.24,69.84,57.67,26.14,25.92,27.8,31.73,35.18,0.88,0.62,0.89,1.41,2.4
3/5/2022 12:15,4.796,13.24,10.66,4488,43.4,26.61,34.62,1252.251986,75.35,82.6,77.07,70.37,58.67,25.97,25.8,27.76,31.83,34.56,0.83,0.58,0.85,1.4,2.27
3/5/2022 12:30,4.591,12.79,10.08,4490,43.4,27.25,35.38,1225.788018,76.31,83.4,77.8,70.57,60.66,25.91,25.7,27.71,31.87,33.98,0.79,0.55,0.83,1.39,2.09
3/5/2022 12:45,4.397,12.42,9.47,4492,43.4,28.16,36.46,1141.300565,76.93,84.4,78.49,71.29,62.52,25.87,25.6,27.67,31.78,33.36,0.77,0.51,0.8,1.35,1.92
3/5/2022 13:00,4.133,11.64,8.94,4494,43.6,28.59,37.27,780.9961,77.41,84.7,78.77,72.26,64.59,25.83,25.55,27.62,31.64,32.87,0.75,0.5,0.78,1.29,1.77
3/5/2022 13:15,3.824,10.99,8.03,4498,43.3,29.88,38.56,482.166941,77.75,85.1,79.03,73.13,66.31,25.8,25.53,27.62,31.5,32.43,0.74,0.49,0.78,1.24,1.64
3/5/2022 13:30,3.382,9.87,6.94,4500,43.3,31.13,40.71,335.546693,78.14,85.4,79.48,73.9,68.7,25.8,25.5,27.61,31.45,31.9,0.73,0.48,0.76,1.2,1.48
3/5/2022 13:45,2.955,8.9,5.76,4505,43.4,33.33,42.53,486.76937,78.18,85.4,79.89,74.17,70.64,25.81,25.53,27.55,31.05,31.14,0.73,0.48,0.74,1.16,1.33
3/5/2022 14:00,2.444,7.53,4.58,4508,43.3,35.12,44.23,536.081112,78.04,85.4,80.3,76.13,72.49,25.77,25.48,27.42,30.62,30.67,0.73,0.48,0.72,1.05,1.21
3/5/2022 14:15,2.293,7.09,4.27,4510,43.3,35.29,45.76,686.153182,78,85.5,80.4,75.96,73.21,25.67,25.4,27.25,30.26,30.14,0.73,0.47,0.71,1.04,1.15
3/5/2022 14:30,1.981,6.4,3.39,4513,43.3,37.29,46.9,595.090831,77.38,84.7,79.87,77.36,74.15,25.76,25.45,27.23,29.96,29.85,0.75,0.5,0.73,0.96,1.09
3/5/2022 14:45,1.778,5.82,2.96,4515,43.4,38.73,48.22,574.051154,77.21,84.6,80,77.3,75.11,25.84,25.53,27.28,30.22,29.81,0.76,0.5,0.72,0.98,1.04
3/5/2022 15:00,1.535,5.25,2.31,4520,43.4,39.78,49.46,408.856817,77.61,85.3,80.4,77.09,75.66,25.86,25.51,27.29,30.42,29.76,0.75,0.48,0.71,1,1.02
3/5/2022 15:15,1.36,4.78,1.91,4523,43.4,40.95,50.3,334.067341,77.92,85.9,81,76.05,75.65,25.8,25.38,27.19,30.41,29.68,0.73,0.46,0.69,1.04,1.01
3/5/2022 15:30,1.152,4.21,1.44,4525,43.7,41.81,50.92,315.493251,78.27,86.2,81,76.47,75.79,25.79,25.37,27.17,30.08,29.53,0.72,0.45,0.68,1,1
3/5/2022 15:45,0.979,3.74,1.05,4527,43.7,43.1,52.14,343.107827,78.47,86.3,81.2,77.7,76.31,25.75,25.31,27.18,29.65,29.36,0.71,0.44,0.68,0.93,0.97
3/5/2022 16:00,0.848,3.43,0.7,4529,43.7,43.75,53.26,358.230095,78.6,86.6,81,78.19,76.29,25.69,25.25,27.14,29.33,29.2,0.71,0.43,0.68,0.89,0.96
3/5/2022 16:15,0.74,3.08,0.52,4532,43.8,44.15,53.24,286.728068,78.76,86.8,81.4,78.7,76.39,25.64,25.19,27.01,28.93,28.95,0.7,0.42,0.66,0.85,0.94
3/5/2022 16:30,0.641,2.76,0.35,4533,43.7,45.06,53.6,572.078685,78.55,86.7,81.4,78.91,76.3,25.62,25.16,26.93,28.65,28.74,0.7,0.43,0.66,0.83,0.94
3/5/2022 16:45,0.576,2.61,0.17,4535,43.6,45.47,54.12,466.222811,78.39,86.6,81.3,79.11,76.4,25.58,25.11,26.77,28.3,28.46,0.71,0.43,0.66,0.8,0.92
3/5/2022 17:00,0.464,2.33,-0.11,4537,43.6,45.06,54.72,381.077869,78.12,86.4,81.5,78.98,76.27,25.61,25.1,26.55,27.95,28.17,0.72,0.43,0.64,0.79,0.91
3/5/2022 17:15,0.311,1.9,-0.44,4540,43.6,45.9,54.67,270.455193,81.1,88.1,84.4,81,78.19,25.75,25.28,26.49,27.63,28.03,0.63,0.38,0.54,0.7,0.83
3/5/2022 17:30,0.201,1.48,-0.56,4544,43.6,46.86,55.34,127.122395,81.6,88.9,85.6,82.5,78.75,25.89,25.35,26.5,27.44,27.95,0.61,0.36,0.5,0.64,0.8
3/5/2022 17:45,0.118,1.35,-0.85,4545,43.6,48.15,56.11,90.796078,80.4,88.3,85.3,81.9,78.71,25.97,25.34,26.39,27.22,27.56,0.66,0.38,0.51,0.65,0.78
3/5/2022 18:00,0.068,1.23,-0.98,4547,43.6,48.03,56.85,45.10053,79.14,87.4,84.7,81.5,78.86,26.01,25.26,26.23,26.88,27.13,0.7,0.41,0.52,0.65,0.76
3/5/2022 18:15,0.038,1.12,-1.02,4547,43.7,47.91,56.08,12.719152,78.93,86.8,83.9,79.77,75.9,25.99,25.22,26.14,26.79,27.32,0.71,0.42,0.55,0.71,0.88
3/5/2022 18:30,0.027,1.08,-1.03,4547,43.7,48.53,56.56,-2.238743,77.56,85.3,81.7,77.7,73.65,26.02,25.26,26.35,26.97,27.52,0.76,0.47,0.63,0.79,0.97
3/5/2022 18:45,-0.016,0.92,-1.09,4547,43.7,48.86,56.42,-4.211213,75.64,83.8,79.6,75.87,72.35,26,25.21,26.36,26.93,27.39,0.82,0.52,0.7,0.86,1.01
3/5/2022 19:00,-0.028,0.92,-1.15,4547,43.6,49.03,56.92,-4.539958,73.87,82.3,78.19,74.55,71.02,25.98,25.14,26.25,26.82,27.3,0.88,0.57,0.74,0.9,1.05
3/5/2022 19:15,-0.061,0.76,-1.15,4548,43.7,49.34,57.02,-5.197448,72.56,81.1,77.14,73.3,69.81,25.92,25.1,26.14,26.76,27.28,0.92,0.6,0.77,0.94,1.09
3/5/2022 19:30,-0.051,0.81,-1.15,4547,43.7,49.22,56.85,-4.375585,71.44,80,76.15,72.32,68.59,25.92,25.09,26.12,26.73,27.31,0.96,0.64,0.81,0.97,1.14
3/5/2022 19:45,-0.071,0.76,-1.2,4548,43.6,49.1,56.73,-4.539958,70.38,79.05,75.52,71.47,67.67,25.96,25.16,26.1,26.76,27.37,0.99,0.67,0.83,1,1.18
3/5/2022 20:00,-0.038,0.86,-1.14,4547,43.6,48.98,56.54,-4.70433,69.53,78.37,74.71,70.75,66.98,26.07,25.2,26.15,26.81,27.43,1.03,0.69,0.86,1.03,1.21
3/5/2022 20:15,-0.061,0.75,-1.14,4547,43.7,48.94,56.18,-4.375585,68.77,77.86,73.97,70.06,66.28,26.14,25.25,26.23,26.86,27.52,1.06,0.71,0.89,1.06,1.24
3/5/2022 20:30,-0.039,0.91,-1.2,4547,43.6,48.96,56.83,-4.539958,68.1,77.43,73.09,69.48,65.87,26.23,25.32,26.36,26.92,27.53,1.09,0.73,0.92,1.08,1.26
3/5/2022 20:45,-0.062,0.8,-1.2,4547,43.7,48.82,56.37,-4.539958,67.75,77.12,72.13,69.19,65.62,26.28,25.4,26.57,26.98,27.6,1.1,0.74,0.97,1.1,1.27
3/5/2022 21:00,-0.052,0.85,-1.2,4547,43.6,48.96,56.51,-4.375585,67.38,76.76,71.42,68.87,65.35,26.37,25.51,26.76,27.09,27.68,1.12,0.76,1,1.12,1.29
3/5/2022 21:15,-0.06,0.8,-1.19,4547,43.7,48.58,56.37,-4.375585,67.16,76.56,71.34,68.65,65.33,26.45,25.59,26.82,27.16,27.72,1.13,0.77,1.01,1.13,1.29
3/5/2022 21:30,-0.061,0.75,-1.14,4547,43.7,49.46,56.85,-4.375585,66.81,76.4,71.51,68.52,65.13,26.53,25.61,26.77,27.19,27.76,1.15,0.78,1,1.13,1.3
3/5/2022 21:45,-0.073,0.86,-1.32,4549,43.7,49.1,56.71,-4.70433,66.63,76.32,70.94,68.53,65.12,26.55,25.6,26.88,27.15,27.72,1.16,0.78,1.03,1.13,1.3
3/5/2022 22:00,-0.062,0.8,-1.2,4548,43.8,49.03,56.59,-4.70433,66.37,76,70.68,68.24,65.04,26.55,25.64,26.87,27.16,27.69,1.17,0.79,1.04,1.14,1.3
3/5/2022 22:15,-0.061,0.76,-1.15,4548,43.7,49.61,56.42,-4.868703,66.05,75.73,70.22,67.83,64.92,26.58,25.62,26.91,27.2,27.65,1.18,0.8,1.06,1.16,1.3
3/5/2022 22:30,-0.062,0.71,-1.1,4549,43.7,50.08,57.3,-4.539958,65.58,75.48,69.76,67.52,64.58,26.52,25.54,26.88,27.13,27.6,1.19,0.8,1.07,1.17,1.31
3/5/2022 22:45,-0.041,0.91,-1.21,4548,43.7,48.79,56.94,-4.539958,65.03,74.74,69.26,67.16,64.13,26.47,25.52,26.82,27.04,27.53,1.21,0.83,1.08,1.17,1.32
3/5/2022 23:00,-0.07,0.66,-1.09,4549,43.8,50.01,56.92,-4.539958,64.54,73.6,69.13,66.63,63.69,26.46,25.67,26.71,26.99,27.51,1.22,0.87,1.08,1.19,1.33
3/5/2022 23:15,-0.05,0.86,-1.2,4548,43.7,48.91,57.06,-4.211213,64.66,72.82,68.71,66.21,63.32,26.39,25.84,26.78,27.08,27.57,1.22,0.91,1.1,1.21,1.35
3/5/2022 23:30,-0.028,0.92,-1.15,4548,43.7,49.49,56.9,-4.539958,64.39,72.86,68.43,65.94,63.12,26.43,25.79,26.83,27.11,27.57,1.23,0.9,1.11,1.22,1.36
3/5/2022 23:45,-0.085,0.69,-1.2,4549,43.7,48.72,56.28,-5.197448,63.95,72.12,68.07,65.48,62.83,26.44,25.91,26.81,27.14,27.57,1.24,0.93,1.13,1.24,1.37
3/6/2022 0:00,-0.124,0.41,-1.1,4549,43.7,51.97,56.85,-4.70433,63.79,71.32,67.38,65.1,62.2,26.4,26.01,26.9,27.17,27.63,1.25,0.96,1.16,1.26,1.4
3/6/2022 0:15,-0.11,0.7,-1.34,4561,43.6,49.49,59.14,-5.033075,70.33,76.91,73.84,74.03,65.88,25.38,25.41,26.07,26.02,27.15,0.96,0.75,0.88,0.87,1.23
3/6/2022 0:30,-0.168,0.57,-1.5,4557,43.6,47.81,57.61,-4.70433,78.62,75.51,78.41,77.13,69.88,24.07,26.23,25.45,25.59,26.83,0.64,0.83,0.7,0.75,1.06
3/6/2022 0:45,-0.217,0.37,-1.54,4555,43.7,48.72,56.35,-4.868703,79.95,73.01,77.53,74.84,69.01,23.87,26.88,25.82,26.18,27.15,0.59,0.96,0.75,0.85,1.11
3/6/2022 1:00,-0.343,-0.22,-1.56,4556,43.6,51.4,56.32,-4.70433,79.61,72.09,75.93,73.13,67.96,24.02,27.14,26.16,26.53,27.45,0.61,1,0.82,0.93,1.17
3/6/2022 1:15,-0.275,0.23,-1.69,4555,43.7,52.67,60.63,-4.375585,80.4,77.59,78.61,78.61,69.55,23.94,26.04,25.89,25.83,27.25,0.58,0.76,0.71,0.71,1.1
3/6/2022 1:30,-0.307,0.16,-1.78,4557,43.8,50.27,59.26,-4.868703,83.1,76.94,80.8,79.4,71.17,23.67,26.37,25.53,25.66,27.06,0.49,0.79,0.63,0.68,1.03
3/6/2022 1:45,-0.281,0.21,-1.7,4558,43.7,48.79,56.97,-4.70433,82.9,75.03,79.9,76.53,70.1,23.75,26.84,25.71,26.2,27.35,0.5,0.88,0.66,0.8,1.09
3/6/2022 2:00,-0.369,-0.28,-1.63,4558,43.7,53.33,56.92,-4.539958,81.9,73.51,77.73,74.04,68.66,23.91,27.04,26.06,26.61,27.56,0.54,0.95,0.75,0.9,1.15
3/6/2022 2:15,-0.338,0,-1.77,4564,43.7,54.67,62.01,-5.033075,81.1,77.82,79.17,78.7,69.58,23.73,25.94,25.71,25.73,27.29,0.55,0.74,0.69,0.7,1.1
3/6/2022 2:30,-0.359,0,-1.88,4562,43.8,49.68,58.81,-4.70433,83.4,75.64,80.4,78.82,70.51,23.31,26.46,25.33,25.5,27.25,0.48,0.84,0.63,0.69,1.07
3/6/2022 2:45,-0.29,0.21,-1.75,4563,43.7,48.7,56.66,-4.375585,83,72.89,79.26,75.46,69.19,23.31,27.02,25.53,26.04,27.4,0.49,0.97,0.68,0.83,1.12
3/6/2022 3:00,-0.265,0.26,-1.67,4562,43.7,49.49,56.32,-4.868703,81.9,71.33,77.45,72.71,67.92,23.43,27.2,25.73,26.45,27.32,0.52,1.03,0.75,0.94,1.17
3/6/2022 3:15,-0.269,0.21,-1.64,4563,43.6,49.56,57.06,-4.70433,80.6,69.91,76.39,71.61,67.1,23.56,27.43,25.93,26.62,27.43,0.56,1.1,0.79,0.99,1.2
3/6/2022 3:30,-0.253,0.27,-1.62,4562,43.7,50.54,57.09,-4.375585,79.45,69.43,75.5,70.82,66.77,23.82,27.57,26.11,26.82,27.54,0.61,1.13,0.83,1.03,1.22
3/6/2022 3:45,-0.257,0.16,-1.52,4563,43.7,50.25,56.61,-4.70433,78.22,69.11,74.6,70.48,66.44,24.03,27.67,26.28,26.91,27.62,0.65,1.15,0.87,1.05,1.24
3/6/2022 4:00,-0.246,0.32,-1.64,4563,43.7,50.66,57.38,-5.033075,77.45,69.25,74.09,70.07,66.14,24.15,27.61,26.4,26.98,27.69,0.68,1.14,0.89,1.07,1.26
3/6/2022 4:15,-0.224,0.27,-1.47,4563,43.7,50.85,57.02,-4.868703,76.68,68.99,73.64,69.56,65.85,24.33,27.64,26.48,27.09,27.73,0.71,1.15,0.91,1.09,1.27
3/6/2022 4:30,-0.238,0.27,-1.54,4564,43.7,50.56,57.28,-4.70433,75.57,68.98,72.94,69.05,65.35,24.5,27.62,26.6,27.15,27.81,0.75,1.15,0.94,1.11,1.3
3/6/2022 4:45,-0.26,0.22,-1.6,4564,43.6,51.28,57.49,-4.539958,74.67,68.84,72.71,68.69,65.15,24.65,27.58,26.62,27.19,27.81,0.79,1.15,0.95,1.13,1.3
3/6/2022 5:00,-0.195,0.33,-1.38,4565,43.7,51.09,56.99,-4.539958,73.82,69.28,72.41,68.27,64.89,24.79,27.4,26.6,27.18,27.8,0.82,1.12,0.96,1.14,1.31
3/6/2022 5:15,-0.207,0.38,-1.5,4564,43.4,51.23,57.76,-4.868703,72.43,68.67,72.03,67.87,64.48,24.95,27.43,26.57,27.2,27.79,0.87,1.15,0.97,1.16,1.33
3/6/2022 5:30,-0.138,0.49,-1.26,4564,43.7,50.9,57.06,-4.539958,71.34,68.39,71.06,67.17,63.98,25.01,27.31,26.59,27.18,27.71,0.91,1.15,1.01,1.18,1.34
3/6/2022 5:45,-0.148,0.5,-1.32,4565,43.7,51.4,57.66,-4.375585,70.54,66.99,70.57,66.63,63.28,24.94,27.46,26.5,27.08,27.67,0.93,1.21,1.02,1.2,1.36
3/6/2022 6:00,-0.14,0.5,-1.28,4565,43.7,51.66,57.66,-5.197448,70.13,65.75,70.69,66.22,62.92,24.9,27.63,26.35,27,27.59,0.94,1.27,1.01,1.2,1.37
3/6/2022 6:15,-0.118,0.66,-1.34,4564,43.6,51.47,58.04,-4.539958,69.36,65.34,70.21,65.59,62.35,24.88,27.56,26.27,26.98,27.56,0.96,1.28,1.02,1.23,1.39
3/6/2022 6:30,-0.072,0.67,-1.11,4565,43.7,51.52,57.21,-4.539958,68.78,64.73,69.69,65.3,62.03,24.88,27.59,26.23,26.9,27.51,0.98,1.3,1.03,1.23,1.39
3/6/2022 6:45,-0.04,0.77,-1.05,4563,43.6,50.9,57.38,-0.430646,68.39,64.05,69.33,65.04,61.7,24.91,27.71,26.25,26.91,27.51,1,1.34,1.05,1.24,1.41
3/6/2022 7:00,-0.024,0.78,-0.98,4565,43.6,50.99,56.9,13.21227,68.07,63.78,68.92,64.58,61.26,25,27.77,26.34,26.97,27.61,1.01,1.35,1.07,1.26,1.43
3/6/2022 7:15,0.52,2.39,0.12,4563,43.8,50.01,56.32,36.881906,67.13,69.34,68.98,64.33,60.89,25.72,26.51,26.49,27.29,27.99,1.09,1.06,1.07,1.29,1.48
3/6/2022 7:30,1.064,3.89,1.33,4563,43.7,45.16,53.19,53.319153,65.31,73.7,69.85,64.64,61.27,26.58,26.01,26.82,27.72,28.35,1.21,0.88,1.06,1.31,1.49
3/6/2022 7:45,1.556,5.3,2.37,4562,43.8,41.81,50.42,72.38636,65.79,75.35,70.74,64.94,62.08,26.87,26.21,27.25,28.15,28.66,1.21,0.84,1.06,1.34,1.49
3/6/2022 8:00,2.028,6.38,3.66,4560,43.8,39.35,48.15,99.014701,67.06,76.74,72,65.66,63.28,27.02,26.4,27.51,28.53,28.89,1.18,0.8,1.03,1.34,1.46
3/6/2022 8:15,2.47,7.65,4.59,4560,43.8,37.05,45.54,126.13616,68.56,78.13,71.91,66.28,64.41,27.1,26.56,27.87,28.79,29.53,1.13,0.76,1.05,1.33,1.47
3/6/2022 8:30,2.878,8.57,5.72,4559,43.7,34.69,43.15,194.186364,70.17,79.42,72.83,67.09,66.54,27.17,26.72,28.1,29.01,30.97,1.07,0.72,1.03,1.32,1.5
3/6/2022 8:45,3.16,9.26,6.44,4558,43.6,33.47,41.88,195.336972,71.5,80.5,73.84,67.73,65.64,27.33,26.91,28.32,29.36,32.58,1.04,0.69,1.01,1.32,1.69
3/6/2022 9:00,3.84,11.26,7.82,4557,43.7,33.61,40.57,353.134548,71.61,80.8,73.72,67.34,63.74,27.55,27.22,28.71,29.8,33.73,1.05,0.69,1.04,1.37,1.9
3/6/2022 9:15,4.214,11.9,9.08,4553,43.7,32.32,39.97,291.49487,69.62,78.2,67.28,62.48,62.52,26.81,26.7,28.83,29.55,34.66,1.07,0.76,1.3,1.55,2.07
3/6/2022 9:30,4.416,12.3,9.7,4549,43.4,30.38,37.89,258.94912,68.26,76.53,64.42,60.67,59.28,26.24,26.28,28.64,29.27,34.89,1.08,0.8,1.4,1.6,2.28
3/6/2022 9:45,4.597,12.91,9.98,4545,43.4,29.74,36.86,332.752361,67.24,75.25,63.66,60.02,57.92,26.28,26.35,28.63,29.28,35.16,1.12,0.85,1.42,1.63,2.39
3/6/2022 10:00,4.719,13.1,10.41,4542,43.4,29.07,36.29,279.660051,67.18,74.86,63.4,59.72,54.94,26.32,26.4,28.66,29.39,35.76,1.12,0.87,1.44,1.65,2.64
3/6/2022 10:15,4.759,13.01,10.72,4539,43.4,29.09,35.72,326.013089,67.59,75.35,63.09,60.45,52.11,26.29,26.41,28.72,29.56,36.03,1.11,0.85,1.45,1.64,2.85
3/6/2022 10:30,4.872,13.47,10.81,4538,43.3,28.33,35.31,481.180706,68.34,75.77,63.37,59.88,50.4,26.23,26.37,28.81,29.82,35.73,1.08,0.83,1.45,1.68,2.9
3/6/2022 10:45,4.875,13.4,10.9,4536,43.3,28.21,35.14,371.544265,69.18,76.52,63.65,59.94,51.7,26.18,26.35,28.92,30.09,35.28,1.05,0.81,1.45,1.71,2.76
3/6/2022 11:00,4.865,13.37,10.88,4535,43.3,28.09,35,413.130501,69.95,77.27,63.95,59.56,52.9,26.12,26.26,28.96,30.29,35.04,1.02,0.78,1.44,1.74,2.65
3/6/2022 11:15,4.839,13.3,10.82,4534,43.3,27.99,34.86,1112.206637,71.06,77.48,68.74,63.68,54.21,26.08,26.26,28.55,30.58,35.17,0.98,0.77,1.22,1.59,2.6
3/6/2022 11:30,4.816,13.19,10.82,4535,43.3,28.11,34.88,1144.91676,72.7,79.3,73.03,68.07,56.09,26.16,26.22,28.03,30.63,35.13,0.93,0.7,1.02,1.4,2.49
3/6/2022 11:45,4.647,12.83,10.33,4536,43.3,28.38,35.67,1262.771824,73.47,80.3,74.87,70.11,56.69,26.21,26.18,27.92,30.77,35.02,0.9,0.67,0.95,1.33,2.44
3/6/2022 12:00,4.523,12.63,9.9,4535,43.2,28.59,35.98,537.724837,74.59,81.5,76.18,71.31,57.96,26.14,26.09,27.78,30.78,34.71,0.86,0.63,0.89,1.27,2.33
3/6/2022 12:15,4.469,12.45,9.81,4535,43.3,29.05,36.29,1228.911095,75.55,82.5,77.14,72.21,58.94,26.05,25.97,27.78,30.91,34.46,0.82,0.59,0.85,1.24,2.24
3/6/2022 12:30,4.192,11.72,9.16,4537,43.2,29.36,36.7,1131.109472,76.45,83.4,77.88,72.66,60.59,26.02,25.87,27.75,31.03,33.9,0.79,0.55,0.82,1.23,2.08
3/6/2022 12:45,4.003,11.3,8.63,4538,43.3,29.72,37.34,1136.862509,76.68,83.6,78.55,73.35,62.4,26.16,25.96,27.79,31.16,33.42,0.79,0.55,0.8,1.21,1.94
3/6/2022 13:00,3.778,10.73,8.07,4540,43.3,30.86,38.37,827.513511,76.87,84,78.71,73.89,64.58,26.23,25.95,27.81,31.27,32.91,0.79,0.54,0.8,1.19,1.77
3/6/2022 13:15,3.567,10.3,7.44,4542,43.3,31.53,39.47,459.976657,77.32,84.5,79.7,74.11,66.58,26.27,25.96,27.75,31.35,32.53,0.77,0.52,0.76,1.19,1.64
3/6/2022 13:30,3.187,9.3,6.54,4545,43.3,32.58,40.9,856.114321,77.53,84.9,80.2,74.6,69.21,26.31,25.94,27.71,31.36,31.93,0.77,0.51,0.74,1.16,1.46
3/6/2022 13:45,2.847,8.43,5.71,4548,43.4,34.16,42.43,864.332945,77.8,85.1,79.8,75.28,71.02,26.33,25.92,27.87,31.31,31.53,0.76,0.5,0.76,1.13,1.34
3/6/2022 14:00,2.449,7.53,4.61,4551,43.4,36.05,44.18,457.346697,78.07,85.6,80.2,76.36,72.55,26.33,25.88,27.86,31.17,31.23,0.75,0.48,0.74,1.07,1.25
3/6/2022 14:15,2.151,6.76,3.89,4553,43.4,38.18,46.12,412.144266,77.9,86.1,80.5,76.9,73.81,26.25,25.72,27.71,31.01,30.89,0.75,0.46,0.72,1.04,1.17
3/6/2022 14:30,1.801,5.85,3.05,4556,43.4,40.4,48.34,390.282727,78.79,86.8,81,77.42,75.01,26.01,25.51,27.58,30.92,30.56,0.71,0.43,0.7,1.01,1.09
3/6/2022 14:45,1.516,5.14,2.33,4559,43.4,41.43,49.89,651.47059,79.97,87.1,81.2,77.01,75.71,25.84,25.5,27.57,31,30.37,0.67,0.42,0.69,1.03,1.05
3/6/2022 15:00,1.332,4.68,1.87,4561,43.4,42.86,50.78,317.465721,80.4,87.5,81.2,77.02,75.94,25.75,25.47,27.55,30.91,30.21,0.65,0.41,0.69,1.03,1.03
3/6/2022 15:15,1.132,4.09,1.47,4563,43.4,43.99,51.95,287.056813,80.6,87.6,81.5,76.96,76.24,25.75,25.41,27.41,30.71,30.08,0.64,0.4,0.68,1.02,1.01
3/6/2022 15:30,0.995,3.76,1.11,4566,43.4,44.9,52.57,282.290011,80.8,87.9,81.8,76.98,76.4,25.68,25.33,27.32,30.56,29.94,0.63,0.39,0.66,1.01,1
3/6/2022 15:45,0.759,3.05,0.65,4568,43.4,46.26,53.48,474.277062,81,88.1,82.1,77.94,76.83,25.56,25.21,27.19,30.12,29.72,0.62,0.38,0.65,0.94,0.97
3/6/2022 16:00,0.64,2.81,0.29,4570,43.4,46.5,54.32,447.319976,81.2,88.5,82.8,79.07,77.28,25.49,25.04,26.95,29.62,29.43,0.61,0.37,0.61,0.87,0.93
3/6/2022 16:15,0.541,2.49,0.12,4573,43.4,47.38,54.29,232.485151,81.1,88.6,83.5,79.78,77.29,25.46,24.99,26.75,29.25,29.3,0.62,0.36,0.58,0.82,0.93
3/6/2022 16:30,0.44,2.16,-0.05,4575,43.4,48.05,54.82,554.983947,80.7,88.3,83.6,80.1,77.1,25.48,24.96,26.63,28.94,29.12,0.63,0.37,0.57,0.79,0.92
3/6/2022 16:45,0.374,2,-0.22,4576,43.4,48.79,55.41,529.999331,80.2,88,83.6,80.4,76.88,25.43,24.9,26.46,28.52,28.85,0.64,0.38,0.57,0.76,0.92
3/6/2022 17:00,0.321,1.91,-0.4,4577,43.4,48.1,55.77,406.226857,79.9,87.8,83.6,80.4,77.14,25.37,24.82,26.26,28.08,28.42,0.65,0.38,0.56,0.74,0.89
3/6/2022 17:15,0.116,1.24,-0.74,4580,43.4,49.44,55.89,297.576651,82.7,89.5,86.2,82.1,78.5,25.5,24.98,26.29,27.67,28.25,0.56,0.33,0.47,0.66,0.82
3/6/2022 17:30,0.049,1.02,-0.85,4583,43.4,49.56,56.08,149.805796,83.3,90.3,86.9,83.6,79.35,25.64,25.09,26.33,27.44,28.1,0.55,0.31,0.45,0.6,0.79
3/6/2022 17:45,-0.015,0.87,-1.03,4585,43.4,50.71,56.23,115.780694,81.9,89.8,86.7,83.1,79.04,25.78,25.07,26.25,27.28,27.8,0.6,0.32,0.45,0.61,0.78
3/6/2022 18:00,-0.081,0.73,-1.22,4586,43.4,51.9,57.33,52.497291,80.3,88.8,86,82.4,79.26,25.83,24.99,26.06,26.96,27.27,0.66,0.35,0.47,0.63,0.75
3/6/2022 18:15,-0.117,0.62,-1.29,4586,43.4,52.81,58.07,14.362877,78.78,87.8,85.2,81.8,79.19,25.72,24.8,25.78,26.51,26.68,0.7,0.38,0.49,0.63,0.73
3/6/2022 18:30,-0.198,0.34,-1.41,4586,43.6,52.9,57.88,-2.567488,77.35,86.5,84.4,81.7,79.3,25.54,24.53,25.37,25.95,25.98,0.74,0.42,0.51,0.61,0.69
3/6/2022 18:45,-0.212,0.34,-1.48,4586,43.6,53.41,59.05,-4.375585,75.72,84.9,83.8,81.2,78.59,25.24,24.35,24.93,25.4,25.53,0.78,0.46,0.51,0.61,0.7
3/6/2022 19:00,-0.245,0.28,-1.59,4586,43.6,52.57,58.71,-4.211213,74.5,81,82.4,80.1,77.08,24.92,24.71,24.66,25.05,25.3,0.8,0.59,0.55,0.63,0.74
3/6/2022 19:15,-0.268,0.17,-1.59,4586,43.6,53.65,59.02,-4.539958,74.3,76.6,80.4,78.53,75.15,24.41,25.33,24.56,24.9,25.25,0.79,0.76,0.6,0.68,0.8
3/6/2022 19:30,-0.291,0.06,-1.59,4586,43.4,54.08,58.88,-4.539958,75.11,74.39,78.72,77.43,73.71,23.83,25.53,24.54,24.73,25.19,0.74,0.84,0.66,0.7,0.84
3/6/2022 19:45,-0.286,0.11,-1.62,4586,43.6,51.85,57.9,-4.70433,75.81,75.23,76.43,76.52,72.24,23.29,24.99,24.77,24.61,25.22,0.69,0.78,0.74,0.73,0.89
3/6/2022 20:00,-0.288,0.11,-1.63,4586,43.6,52.31,58.12,-4.539958,77.15,77.13,73.45,74.79,70.03,22.82,24.32,25.31,24.8,25.56,0.64,0.7,0.86,0.79,0.98
3/6/2022 20:15,-0.254,0.22,-1.57,4585,43.6,52.38,58.24,-4.539958,77.45,77.62,72.07,73.58,68.84,22.59,24.06,25.48,24.95,26.06,0.62,0.67,0.91,0.83,1.05
3/6/2022 20:30,-0.227,0.32,-1.54,4586,43.6,50.87,57.09,-4.868703,76.9,73.55,71.46,71.78,66.97,22.84,25.15,25.55,25.18,26.87,0.64,0.85,0.93,0.9,1.17
3/6/2022 20:45,-0.223,0.32,-1.52,4586,43.7,49.92,56.25,-4.70433,71.42,65.27,71.06,68.31,63.63,24.2,27.34,25.68,26.01,27.6,0.86,1.26,0.95,1.07,1.34
3/6/2022 21:00,-0.147,0.55,-1.37,4585,43.6,51.54,57.23,-4.868703,69.13,64.91,69.88,66.41,62.47,24.71,27.39,25.93,26.43,27.74,0.96,1.28,1.01,1.16,1.4
3/6/2022 21:15,-0.114,0.56,-1.21,4583,43.7,51.8,57.23,-4.868703,67.67,66.29,69.18,65.72,62.54,24.92,26.88,25.97,26.45,27.19,1.02,1.19,1.03,1.18,1.35
3/6/2022 21:30,-0.116,0.56,-1.22,4583,43.7,51.52,56.94,-4.375585,66.85,65.64,68.78,65.17,62.31,24.97,26.93,25.93,26.43,27.15,1.05,1.22,1.05,1.2,1.36
3/6/2022 21:45,-0.106,0.61,-1.22,4583,43.4,51.21,57.16,-4.70433,66.28,65.25,68.36,64.79,61.81,24.98,26.9,25.92,26.4,26.99,1.07,1.23,1.06,1.21,1.36
3/6/2022 22:00,-0.093,0.67,-1.22,4581,43.6,51.45,56.85,-4.539958,66.08,65.04,67.99,64.31,61.45,24.89,26.85,25.87,26.41,27.08,1.07,1.24,1.07,1.23,1.38
3/6/2022 22:15,-0.084,0.67,-1.17,4582,43.4,51.59,57.04,-4.211213,65.33,64.49,67.38,63.86,61.07,25.04,26.9,25.92,26.43,27.03,1.1,1.26,1.09,1.25,1.39
3/6/2022 22:30,-0.095,0.66,-1.22,4581,43.4,51.76,57.21,-4.868703,64.77,63.54,66.97,63.58,60.66,25.06,27.06,25.94,26.41,26.96,1.12,1.3,1.11,1.25,1.4
3/6/2022 22:45,-0.073,0.71,-1.16,4582,43.4,50.61,56.8,-4.375585,64.86,62.32,66.71,63.23,60.09,24.96,27.37,26,26.46,27.03,1.11,1.37,1.12,1.27,1.43
3/6/2022 23:00,-0.08,0.67,-1.15,4582,43.6,51.18,56.59,-4.868703,64.71,61.61,66.31,62.85,59.69,24.92,27.47,26.02,26.49,27.18,1.11,1.41,1.13,1.29,1.45
3/6/2022 23:15,-0.047,0.68,-0.99,4581,43.6,51.54,56.71,-4.375585,64.58,61.31,65.99,62.43,59.27,24.87,27.46,26.03,26.51,27.3,1.11,1.42,1.15,1.3,1.48
3/6/2022 23:30,-0.083,0.57,-1.06,4581,43.4,51.8,57.02,-4.868703,64.11,60.95,65.83,62.1,59.11,24.92,27.51,26.02,26.55,27.13,1.13,1.43,1.15,1.32,1.47
3/6/2022 23:45,-0.028,0.88,-1.11,4580,43.4,50.8,56.73,-4.868703,63.79,60.76,65.51,61.9,58.81,25.01,27.61,26.13,26.63,27.21,1.15,1.45,1.17,1.33,1.49
3/7/2022 0:00,-0.049,0.77,-1.1,4581,43.6,51.09,56.75,-4.539958,63.79,59.71,65.09,61.71,58.3,25.07,27.95,26.29,26.74,27.43,1.15,1.52,1.19,1.34,1.52
3/7/2022 0:15,-0.06,0.71,-1.09,4581,43.4,50.82,56.42,-4.539958,63.91,59.68,65,61.47,58.11,25.06,28,26.35,26.84,27.49,1.15,1.52,1.2,1.36,1.54
3/7/2022 0:30,-0.176,0.17,-1.11,4581,43.4,54.03,56.99,-4.539958,64.29,59.86,64.81,61.43,58.02,24.97,27.97,26.4,26.86,27.54,1.13,1.51,1.21,1.36,1.54
3/7/2022 0:45,-0.062,0.72,-1.11,4581,43.4,51.11,56.8,-4.868703,64.48,60.34,64.98,61.44,58.15,24.93,27.81,26.36,26.84,27.47,1.12,1.48,1.2,1.36,1.53
3/7/2022 1:00,0.018,1,-0.99,4581,43.4,50.82,57.04,-5.197448,64.53,60.46,64.92,61.35,58.14,24.88,27.74,26.35,26.84,27.47,1.12,1.47,1.2,1.37,1.53
3/7/2022 1:15,-0.038,0.78,-1.05,4581,43.4,51.11,56.8,-4.375585,64.47,61.31,64.88,61.44,58.5,24.89,27.46,26.34,26.8,27.35,1.12,1.42,1.2,1.36,1.51
3/7/2022 1:30,-0.003,0.89,-0.99,4581,43.4,51.28,56.94,-4.868703,64.28,60.97,64.85,61.39,58.3,24.91,27.55,26.31,26.78,27.37,1.13,1.44,1.2,1.36,1.52
3/7/2022 1:45,-0.003,0.89,-0.99,4582,43.4,50.78,56.71,-5.033075,63.87,60.46,64.86,61.38,58.11,25,27.68,26.31,26.78,27.43,1.14,1.47,1.2,1.36,1.53
3/7/2022 2:00,-0.015,0.77,-0.92,4581,43.4,51.02,56.66,-4.70433,63.68,60.04,64.74,61.24,58,25.02,27.82,26.34,26.83,27.47,1.15,1.49,1.21,1.37,1.54
3/7/2022 2:15,-0.026,0.89,-1.11,4582,43.4,50.51,57.04,-4.375585,63.71,60.2,64.51,61.22,58.02,25.02,27.77,26.42,26.82,27.45,1.15,1.48,1.22,1.37,1.54
3/7/2022 2:30,-0.014,0.96,-1.12,4582,43.3,50.49,57.06,-4.868703,63.16,59.93,64.57,61.04,57.85,25.15,27.82,26.39,26.85,27.49,1.18,1.5,1.22,1.38,1.55
3/7/2022 2:45,-0.013,0.87,-1.02,4582,43.6,51.18,57.06,-4.868703,62.97,59.84,64.56,60.97,57.82,25.19,27.83,26.35,26.88,27.51,1.19,1.5,1.22,1.38,1.55
3/7/2022 3:00,-0.002,0.95,-1.05,4582,43.6,50.68,56.59,-4.375585,62.76,59.61,64.21,60.82,57.71,25.19,27.9,26.4,26.89,27.51,1.19,1.52,1.23,1.39,1.55
3/7/2022 3:15,0.008,0.95,-0.99,4582,43.7,50.8,56.73,-5.033075,63.33,59.52,64.09,60.82,57.71,25.03,27.94,26.46,26.9,27.51,1.16,1.52,1.24,1.39,1.55
3/7/2022 3:30,0.037,0.99,-0.88,4583,43.7,50.06,56.13,-4.868703,63.29,59.34,64.14,60.8,57.64,25.06,27.97,26.45,26.9,27.53,1.17,1.53,1.24,1.39,1.56
3/7/2022 3:45,0.02,1,-0.98,4583,43.8,50.59,56.49,-4.539958,63.24,59.22,64.13,60.78,57.46,25.07,28,26.45,26.92,27.56,1.17,1.54,1.24,1.39,1.57
3/7/2022 4:00,-0.016,0.82,-0.98,4584,43.8,50.35,56.18,-4.539958,63.78,58.98,64.02,60.57,57.4,24.89,28.07,26.46,26.92,27.56,1.14,1.56,1.24,1.4,1.57
3/7/2022 4:15,0.02,0.95,-0.93,4584,43.8,50.47,56.32,-4.70433,63.58,58.98,63.78,60.62,57.39,24.94,28.04,26.48,26.9,27.55,1.15,1.55,1.25,1.4,1.57
3/7/2022 4:30,0.065,1.12,-0.88,4584,43.9,50.94,56.92,-4.70433,63.57,59.06,63.75,60.47,57.24,24.9,27.97,26.47,26.91,27.56,1.15,1.54,1.25,1.4,1.58
3/7/2022 4:45,0.02,0.95,-0.93,4585,43.9,50.99,56.35,-4.539958,63.75,58.66,63.76,60.43,57.21,24.84,28.08,26.45,26.89,27.53,1.14,1.57,1.25,1.4,1.57
3/7/2022 5:00,0.053,1.11,-0.93,4585,43.8,50.27,56.39,-5.197448,63.96,58.36,63.79,60.43,57.05,24.78,28.16,26.44,26.9,27.61,1.13,1.59,1.25,1.4,1.59
3/7/2022 5:15,0.054,1.09,-0.9,4585,43.8,50.63,56.37,-4.539958,64.01,58.36,63.77,60.45,57.03,24.73,28.16,26.43,26.87,27.57,1.12,1.59,1.25,1.4,1.58
3/7/2022 5:30,0.065,1.12,-0.88,4586,44,50.54,56.73,-4.70433,63.95,58.53,63.55,60.31,57.05,24.74,28.09,26.49,26.9,27.55,1.12,1.58,1.26,1.41,1.58
3/7/2022 5:45,0.068,1.07,-0.81,4586,43.8,50.85,56.49,-4.539958,64.22,58.48,63.38,60.2,57,24.68,28.11,26.52,26.9,27.57,1.11,1.58,1.27,1.41,1.59
3/7/2022 6:00,0.054,1.06,-0.87,4587,43.8,50.39,55.94,-4.70433,64.06,58.51,63.54,60.19,56.96,24.71,28.1,26.48,26.93,27.58,1.12,1.58,1.26,1.41,1.59
3/7/2022 6:15,0.101,1.24,-0.82,4587,43.8,50.61,56.83,-4.868703,64.05,58.38,63.6,60.36,57.02,24.71,28.13,26.47,26.87,27.57,1.12,1.59,1.26,1.4,1.58
3/7/2022 6:30,0.109,1.28,-0.82,4587,43.9,50.06,56.16,-4.211213,63.49,58.3,63.64,60.3,56.86,24.87,28.13,26.43,26.88,27.59,1.15,1.59,1.25,1.41,1.59
3/7/2022 6:45,0.154,1.33,-0.64,4586,44,49.82,56.49,0.226844,63.03,57.94,63.74,60.21,56.71,24.99,28.23,26.4,26.87,27.62,1.17,1.61,1.25,1.41,1.6
3/7/2022 7:00,0.187,1.44,-0.59,4587,44,50.85,56.2,16.335347,62.94,58.31,63.74,60.2,56.83,25.05,28.14,26.41,26.88,27.6,1.18,1.59,1.25,1.41,1.59
3/7/2022 7:15,0.822,3.26,0.75,4586,44.1,48.55,55.25,38.525631,61.12,64.8,64.26,60.12,56.68,26.03,26.66,26.61,27.28,28.02,1.31,1.23,1.25,1.45,1.64
3/7/2022 7:30,1.31,4.61,1.83,4585,44,44.44,52.07,56.770975,59.15,69.49,65.91,60.45,57.2,27.11,26.17,26.9,27.84,28.5,1.47,1.04,1.21,1.48,1.67
3/7/2022 7:45,1.868,6.06,3.17,4584,44.1,40.66,48.89,73.536968,60.53,71.34,67.37,61.08,58.52,27.31,26.45,27.35,28.28,28.77,1.43,0.99,1.19,1.5,1.64
3/7/2022 8:00,2.271,7.08,4.17,4583,44.1,38.37,46.81,102.466523,63.23,73.19,67.54,61.97,60.06,27.22,26.59,27.79,28.57,29.11,1.33,0.93,1.21,1.49,1.61
3/7/2022 8:15,2.717,8.2,5.28,4583,44.1,36.29,44.13,131.067334,65.72,75.09,68.13,63.28,64.7,27.2,26.75,28.15,28.85,30.24,1.24,0.88,1.22,1.46,1.52
3/7/2022 8:30,3.198,9.27,6.63,4582,44,33.97,41.81,196.651952,67.67,76.66,69.91,64.11,65.14,27.34,26.95,28.32,29.18,32.08,1.18,0.83,1.16,1.45,1.67
3/7/2022 8:45,3.607,10.36,7.58,4581,44,31.72,39.56,228.211467,69.19,77.53,70.86,64.86,63.12,27.59,27.3,28.66,29.65,33.94,1.14,0.82,1.14,1.46,1.96
3/7/2022 9:00,4.537,13.2,9.35,4580,44,32.27,38.15,280.153169,69.21,77.61,70.46,64.84,61.12,27.85,27.69,29.17,30.19,35.55,1.15,0.83,1.19,1.51,2.25
3/7/2022 9:15,4.866,13.58,10.66,4575,43.9,31.2,37.72,242.511872,71.98,76.88,65.05,61.27,56.44,26.37,27.01,29.2,30.12,35.7,0.96,0.82,1.42,1.65,2.55
3/7/2022 9:30,5.007,13.84,11.11,4572,44,29.76,36.46,263.551549,72.32,77.41,64.3,59.89,55.06,25.7,26.32,28.89,29.86,34.98,0.91,0.77,1.42,1.69,2.52
3/7/2022 9:45,5.08,13.88,11.45,4568,43.9,28.97,35.43,339.98475,71.95,76.98,63.61,59.42,53.65,25.67,26.28,28.86,30.04,35.02,0.92,0.79,1.45,1.73,2.61
3/7/2022 10:00,5.159,14.16,11.56,4566,43.9,28.42,34.66,292.15236,71.96,76.98,63.36,58.5,52.64,25.69,26.27,28.92,30.33,35.16,0.93,0.79,1.46,1.79,2.69
3/7/2022 10:15,5.146,14.05,11.61,4564,44,27.61,34.11,346.724021,72.5,77.3,63.31,58.41,52.57,25.69,26.29,29.03,30.62,35.75,0.91,0.78,1.47,1.83,2.78
3/7/2022 10:30,5.126,13.97,11.59,4561,43.9,27.64,33.59,519.808237,73.07,77.73,63.34,58.13,51.97,25.72,26.3,29.13,30.87,36.4,0.89,0.76,1.48,1.87,2.92
3/7/2022 10:45,5.147,14.01,11.66,4560,44,27.37,33.42,380.749124,74.04,78.29,63.52,58.36,51.58,25.65,26.3,29.19,31.07,37.28,0.85,0.74,1.48,1.88,3.08
3/7/2022 11:00,5.165,14.04,11.72,4559,43.9,27.16,33.23,432.362081,74.78,78.85,64.38,58.06,49.04,25.64,26.34,29.21,31.26,37.58,0.83,0.73,1.44,1.91,3.3
3/7/2022 11:15,4.99,13.63,11.25,4559,43.8,27.4,33.71,998.460885,75.6,79.95,70.53,65.81,51.43,25.66,26.14,28.81,31.42,37.17,0.8,0.68,1.17,1.57,3.08
3/7/2022 11:30,4.97,13.59,11.19,4560,43.9,27.35,33.8,1185.516761,77.26,82.5,75.34,69.82,54.22,25.74,25.99,28.21,31.51,36.8,0.75,0.59,0.94,1.4,2.84
3/7/2022 11:45,4.883,13.4,10.94,4559,43.9,27.59,33.85,1241.23903,78.13,83.6,77.73,71.03,55.87,25.8,25.94,27.94,31.71,36.48,0.73,0.55,0.84,1.36,2.69
3/7/2022 12:00,4.788,13.21,10.65,4561,43.9,27.85,34.38,530.821193,79.04,84.7,78.83,71.53,57.58,25.81,25.89,27.88,31.86,35.82,0.7,0.51,0.79,1.34,2.5
3/7/2022 12:15,4.636,12.73,10.38,4561,43.8,28.14,34.69,1323.58964,79.84,85.6,79.61,72.07,59.07,25.76,25.79,27.82,32.02,35.61,0.67,0.48,0.76,1.33,2.38
3/7/2022 12:30,4.49,12.45,9.92,4563,43.9,28.83,35.38,1240.910285,80.6,86.5,80.6,72.38,60.87,25.69,25.73,27.75,32.15,34.83,0.64,0.45,0.72,1.32,2.18
3/7/2022 12:45,4.279,11.97,9.34,4565,43.9,29.38,36.48,1177.626882,81.2,87.4,80.9,72.95,63,25.67,25.64,27.78,32.2,34.18,0.62,0.41,0.71,1.3,1.99
3/7/2022 13:00,4.011,11.3,8.67,4568,43.8,30.17,37.2,795.953995,81.7,87.8,81.5,73.51,65,25.67,25.6,27.76,32.22,33.63,0.6,0.4,0.69,1.28,1.82
3/7/2022 13:15,3.733,10.68,7.89,4571,43.9,31.37,38.61,468.85277,82.2,88.1,81.6,74.49,67.3,25.72,25.64,27.84,32.21,33.15,0.59,0.39,0.69,1.23,1.66
3/7/2022 13:30,3.417,9.9,7.09,4573,43.9,32.51,39.97,936.163717,82.5,88.5,82,74.88,69.86,25.72,25.62,27.85,32.24,32.6,0.58,0.38,0.67,1.21,1.48
3/7/2022 13:45,3.088,9.1,6.24,4577,43.9,33.54,41.26,927.123231,82.4,88.6,82.2,75.02,71.01,25.69,25.56,27.77,32.17,32.28,0.58,0.37,0.66,1.2,1.4
3/7/2022 14:00,2.691,8.04,5.32,4581,43.8,34.45,42.31,519.97261,82.9,88.9,82.3,75.84,72.3,25.71,25.53,27.75,31.95,31.91,0.57,0.36,0.66,1.15,1.31
3/7/2022 14:15,2.229,6.85,4.2,4583,43.9,36.5,44.06,417.075441,82.7,88.9,82.5,76.46,73.28,25.89,25.6,27.76,31.76,31.61,0.58,0.36,0.65,1.1,1.24
3/7/2022 14:30,2.002,6.32,3.59,4588,43.8,39.47,46.9,512.411476,82,88.5,82.3,76.67,74.39,25.93,25.65,27.77,31.62,31.23,0.6,0.38,0.66,1.09,1.17
3/7/2022 14:45,1.698,5.51,2.88,4592,43.9,41.48,48.82,377.626047,81.7,88.3,82.2,76.21,75.08,25.95,25.63,27.79,31.62,30.97,0.61,0.38,0.66,1.11,1.12
3/7/2022 15:00,1.432,4.84,2.22,4595,44,42.55,49.89,320.588798,81.7,88.3,82,76.23,75.84,25.92,25.62,27.77,31.51,30.72,0.61,0.38,0.67,1.1,1.07
3/7/2022 15:15,1.162,4.17,1.54,4597,44,44.3,51.88,332.752361,81.3,88,81.7,77.43,76.89,25.84,25.41,27.46,31.47,30.71,0.62,0.39,0.67,1.04,1.02
3/7/2022 15:30,0.972,3.64,1.12,4598,43.9,45.16,52.71,336.6973,81,88,82.9,77,77.15,25.78,25.27,27.07,31.62,30.68,0.63,0.39,0.61,1.07,1.01
3/7/2022 15:45,0.789,3.14,0.71,4600,44,46.55,53.86,387.981513,80.7,87.8,83.3,77.3,77.16,25.78,25.24,26.92,31.34,30.51,0.64,0.39,0.59,1.04,1
3/7/2022 16:00,0.671,2.84,0.42,4602,43.9,47.5,53.98,351.98394,80.2,87.5,83,77.9,77.11,25.76,25.22,26.89,30.89,30.31,0.66,0.4,0.6,0.99,0.99
3/7/2022 16:15,0.583,2.58,0.24,4603,43.9,47.81,54.46,288.20742,80.1,87.4,82.2,78.74,77.05,25.78,25.2,26.93,30.42,30.12,0.66,0.4,0.63,0.92,0.98
3/7/2022 16:30,0.493,2.26,0.12,4605,44.1,48.1,54.72,579.146701,79.73,86.9,81.7,78.75,76.72,25.7,25.21,26.85,30.06,29.87,0.67,0.42,0.65,0.9,0.98
3/7/2022 16:45,0.428,2.16,-0.11,4606,44.1,48.63,55.34,513.233338,79.42,86.8,81.6,79.07,76.78,25.63,25.06,26.7,29.62,29.53,0.68,0.42,0.64,0.87,0.96
3/7/2022 17:00,0.314,1.83,-0.35,4607,44.1,48.51,55.82,404.254388,79.56,87.2,81.5,79.39,76.87,25.42,24.8,26.46,29.14,29.11,0.66,0.4,0.64,0.83,0.93
3/7/2022 17:15,0.186,1.43,-0.58,4610,44.4,49.49,55.77,249.908633,82.5,89.4,84.8,80.3,77.81,25.5,25.02,26.31,28.73,28.74,0.57,0.34,0.52,0.78,0.88
3/7/2022 17:30,0.1,1.17,-0.75,4612,44.2,49.8,56.18,153.586363,82.4,89.6,86.1,81,78.32,25.64,25.1,26.26,28.33,28.39,0.58,0.33,0.47,0.73,0.84
3/7/2022 17:45,0.057,1.1,-0.9,4613,44.4,50.97,56.18,112.657617,80.6,88.4,85.3,80.8,78.42,25.82,25.2,26.22,27.76,27.82,0.65,0.37,0.5,0.72,0.81
3/7/2022 18:00,0.044,1.13,-1,4614,44.5,50.63,56.85,48.059234,79.13,87.1,84.4,80.8,78.2,25.82,25.17,26.07,27.09,27.23,0.69,0.41,0.53,0.69,0.79
3/7/2022 18:15,-0.012,0.86,-1,4614,44.4,52.04,57.28,8.116723,77.91,86.1,83.6,78.89,75.92,25.79,25.02,25.87,26.73,27.05,0.73,0.44,0.55,0.74,0.86
3/7/2022 18:30,-0.099,0.58,-1.15,4613,44.4,53.26,58.36,-1.909998,77.08,84.7,83,79.14,77.5,25.25,24.79,25.41,26.22,26.14,0.74,0.48,0.55,0.71,0.76
3/7/2022 18:45,-0.191,0.45,-1.49,4614,44.5,53.14,58.47,-4.211213,77.18,83.7,83,79.74,78.25,24.62,24.42,24.79,25.44,25.36,0.71,0.5,0.53,0.66,0.7
3/7/2022 19:00,-0.22,0.29,-1.47,4614,44.6,53.45,58.69,-4.70433,76.98,78.72,81.6,79.6,76.77,24.13,25.13,24.59,24.95,25.24,0.69,0.68,0.57,0.64,0.75
3/7/2022 19:15,-0.227,0.34,-1.56,4614,44.7,52.71,58.12,-4.70433,76.83,75.7,79.49,78.45,74.94,23.79,25.52,24.65,24.78,25.22,0.68,0.79,0.64,0.67,0.8
3/7/2022 19:30,-0.203,0.39,-1.49,4614,44.7,52.24,58.14,-4.375585,77.18,74.02,78.11,77.64,74.04,23.44,25.7,24.67,24.66,25.14,0.66,0.86,0.68,0.69,0.83
3/7/2022 19:45,-0.247,0.27,-1.59,4613,44.8,51.73,58.14,-4.70433,77.57,73.74,77.04,76.91,72.98,23.11,25.51,24.68,24.56,25.1,0.63,0.86,0.71,0.71,0.86
3/7/2022 20:00,-0.246,0.23,-1.54,4613,44.8,52.4,57.76,-4.375585,78.01,76.41,74.28,75.47,71.3,22.8,24.63,25.18,24.72,25.33,0.61,0.73,0.82,0.76,0.93
3/7/2022 20:15,-0.23,0.27,-1.5,4614,44.9,52.21,57.09,-4.70433,77.81,77.79,72.55,73.69,69.68,22.71,24.16,25.44,24.97,25.6,0.61,0.67,0.89,0.83,1
3/7/2022 20:30,-0.247,0.17,-1.48,4613,44.9,52.93,57.73,-4.868703,77.72,77.7,71.27,72.54,68.78,22.61,24.05,25.63,25.08,25.71,0.61,0.67,0.94,0.87,1.03
3/7/2022 20:45,-0.191,0.46,-1.5,4613,44.9,52.12,57.81,-4.868703,77.66,78.02,70.35,71.76,68.05,22.52,23.87,25.77,25.19,25.86,0.61,0.65,0.98,0.9,1.07
3/7/2022 21:00,-0.216,0.29,-1.45,4612,45.2,52.57,57.09,-4.375585,77.48,77.67,69.02,70.92,67.52,22.49,23.85,26.01,25.28,25.81,0.61,0.66,1.04,0.94,1.08
3/7/2022 21:15,-0.178,0.4,-1.37,4612,45.3,52.71,57.76,-4.70433,76.78,77.87,67.91,69.98,66.58,22.45,23.61,26.16,25.37,25.87,0.63,0.65,1.09,0.97,1.11
3/7/2022 21:30,-0.2,0.44,-1.53,4612,45.4,46.69,54.96,-4.70433,76.43,75.78,65.83,68.14,64.07,22.52,24.3,26.63,25.78,26.45,0.64,0.74,1.19,1.06,1.24
3/7/2022 21:45,-0.152,0.47,-1.31,4612,45.4,48.24,53.77,-4.70433,73.48,64.35,65.81,66.6,60.98,23.35,27.46,26.78,26.27,27.38,0.76,1.31,1.2,1.14,1.42
3/7/2022 22:00,-0.064,0.68,-1.08,4612,45.4,51.61,55.61,-4.70433,71.17,60.36,65.82,65.31,59.83,23.9,28.56,26.82,26.62,27.75,0.86,1.55,1.21,1.21,1.5
3/7/2022 22:15,-0.071,0.63,-1.06,4610,45.5,52.35,56.44,-4.70433,69.03,62.12,67.14,64.61,59.93,24.41,27.94,26.42,26.72,27.65,0.95,1.43,1.13,1.24,1.48
3/7/2022 22:30,-0.035,0.84,-1.1,4609,45.5,54.17,57.83,-4.539958,67.85,65.08,68.07,64.47,60.28,24.7,27.02,26.13,26.69,27.5,1,1.25,1.08,1.24,1.46
3/7/2022 22:45,-0.038,0.87,-1.15,4609,45.6,52.93,58.33,-4.539958,67.01,68.46,69.49,64.98,61.1,24.79,26.03,25.69,26.44,27.19,1.03,1.06,1.01,1.21,1.4
3/7/2022 23:00,-0.075,0.62,-1.07,4609,45.8,52.35,57.3,-4.539958,66.04,67.42,69.44,64.81,60.69,24.99,26.3,25.66,26.49,27.28,1.08,1.11,1.01,1.22,1.42
3/7/2022 23:15,-0.049,0.79,-1.12,4609,45.8,51.85,57.69,-5.033075,65.31,66.97,68.57,64.22,60.41,25.15,26.38,25.85,26.58,27.33,1.11,1.14,1.05,1.24,1.44
3/7/2022 23:30,-0.049,0.79,-1.12,4609,46,51.73,57.21,-4.70433,65.26,66.55,68.25,63.85,60.11,25.13,26.45,25.92,26.66,27.37,1.11,1.15,1.06,1.26,1.45
3/7/2022 23:45,-0.047,0.79,-1.11,4609,46,51.76,56.94,-4.70433,64.7,66.58,67.99,63.63,59.93,25.21,26.41,25.94,26.67,27.38,1.13,1.15,1.07,1.27,1.46
3/8/2022 0:00,-0.178,0.06,-1,4609,46.1,56.3,57.21,-5.033075,64.91,66.66,68.04,63.67,59.79,25.22,26.42,25.92,26.69,27.39,1.13,1.15,1.07,1.27,1.47
3/8/2022 0:15,-0.091,0.81,-1.36,4615,46.1,50.92,60.24,-4.868703,71.18,75.02,74.63,73.71,63.88,24.43,25.12,25.16,25.44,26.89,0.88,0.8,0.81,0.85,1.28
3/8/2022 0:30,-0.145,0.64,-1.46,4614,46.2,47.33,56.8,-4.539958,77.84,75.11,78.02,78.9,67.9,23.5,25.87,24.98,24.7,26.68,0.64,0.83,0.7,0.66,1.12
3/8/2022 0:45,-0.192,0.39,-1.43,4615,46.3,47.21,54.6,-4.539958,79.24,75.11,73.73,77.27,66,23.29,26.03,26.31,25.4,27.4,0.59,0.84,0.9,0.74,1.24
3/8/2022 1:00,-0.362,-0.44,-1.42,4615,46.3,54.17,55.61,-4.868703,79.02,71.18,71.61,73.66,64.38,23.49,27.09,26.8,26.12,27.83,0.61,1.03,1,0.89,1.33
3/8/2022 1:15,-0.19,0.51,-1.55,4614,46.6,54.15,61.25,-4.70433,78.25,74.86,74.92,77.51,66.16,23.87,26.2,26.16,25.6,27.48,0.64,0.86,0.85,0.74,1.24
3/8/2022 1:30,-0.234,0.37,-1.63,4617,46.5,50.71,58.67,-4.539958,81.1,76.29,76.87,79.25,68.62,23.3,26.13,25.76,25.25,26.99,0.54,0.8,0.77,0.67,1.12
3/8/2022 1:45,-0.253,0.3,-1.65,4617,46.5,48.63,55.75,-4.868703,80.2,73.15,76.2,78.1,67.45,23.35,26.69,25.88,25.43,27.21,0.57,0.94,0.79,0.71,1.17
3/8/2022 2:00,-0.427,-0.63,-1.55,4619,46.6,56.16,56.16,-4.868703,79.94,74.61,72.69,76.47,65.53,23.33,26.24,26.64,25.75,27.61,0.57,0.87,0.95,0.78,1.27
3/8/2022 2:15,-0.267,0.24,-1.66,4618,46.7,56.32,62.47,-4.539958,79.68,75.93,74.95,79.35,66.83,23.67,25.97,26.18,25.25,27.36,0.59,0.81,0.85,0.66,1.21
3/8/2022 2:30,-0.336,0.1,-1.87,4621,46.7,49.7,57.69,-4.375585,81.7,77,76.27,79.79,68.53,23.07,25.81,25.9,25.12,26.98,0.52,0.76,0.79,0.64,1.12
3/8/2022 2:45,-0.297,0.05,-1.61,4622,46.9,51.57,56.32,-4.04684,82.4,79.26,72.86,78.32,66.41,22.83,25.2,26.74,25.51,27.59,0.49,0.66,0.95,0.71,1.24
3/8/2022 3:00,-0.26,0.2,-1.58,4622,46.9,49.87,55.8,-4.70433,81.5,75.2,72.23,75.74,65.14,23.02,26.04,26.81,25.89,27.77,0.52,0.84,0.98,0.81,1.3
3/8/2022 3:15,-0.239,0.21,-1.48,4624,46.9,51.73,55.89,-4.539958,81.2,76.59,70.25,73.55,63.9,23.05,25.65,27.24,26.33,28.05,0.53,0.77,1.08,0.91,1.37
3/8/2022 3:30,-0.247,0.16,-1.47,4623,47,53.1,57.11,-4.868703,79.75,70.3,71.08,71.8,63.72,23.33,27.18,26.82,26.45,27.93,0.58,1.07,1.02,0.97,1.37
3/8/2022 3:45,-0.228,0.27,-1.49,4623,47.1,52.95,57.57,-4.539958,78.25,67.48,71.45,70.92,63.76,23.45,27.7,26.58,26.46,27.77,0.63,1.21,0.99,1,1.35
3/8/2022 4:00,-0.251,0.06,-1.38,4623,47.1,53.93,57.45,-5.033075,77.11,65.82,71.35,70.06,63.37,23.58,27.99,26.47,26.49,27.76,0.67,1.29,0.99,1.04,1.37
3/8/2022 4:15,-0.194,0.38,-1.43,4622,47.2,52.69,57.88,-4.211213,76.14,65.14,70.63,69.48,63.2,23.63,28.04,26.48,26.51,27.66,0.7,1.32,1.02,1.06,1.36
3/8/2022 4:30,-0.193,0.33,-1.37,4623,47.1,52.59,56.85,-4.539958,75.86,64.38,70.36,68.97,62.82,23.57,28.14,26.46,26.47,27.64,0.7,1.36,1.02,1.07,1.38
3/8/2022 4:45,-0.202,0.44,-1.54,4623,47.2,52.24,57.66,-4.539958,75.13,64.21,69.94,68.34,62.43,23.6,28.05,26.47,26.53,27.65,0.72,1.36,1.04,1.1,1.39
3/8/2022 5:00,-0.126,0.55,-1.26,4624,47.1,51.64,56.99,-4.375585,74.43,64.05,69.48,67.87,62.05,23.65,28.04,26.49,26.56,27.66,0.75,1.36,1.06,1.12,1.41
3/8/2022 5:15,-0.116,0.55,-1.21,4623,47.1,51.8,57.21,-4.375585,73.94,63.47,69.13,67.26,61.84,23.68,28.11,26.49,26.61,27.66,0.76,1.39,1.07,1.14,1.41
3/8/2022 5:30,-0.136,0.5,-1.26,4623,47.1,52.04,57.18,-4.868703,73.25,63.21,68.78,66.76,61.62,23.7,28.09,26.5,26.65,27.61,0.78,1.4,1.08,1.16,1.42
3/8/2022 5:45,-0.116,0.55,-1.21,4624,47.1,52.07,57.18,-4.70433,72.78,62.95,68.62,66.49,61.32,23.79,28.1,26.47,26.65,27.64,0.8,1.41,1.08,1.17,1.43
3/8/2022 6:00,-0.092,0.61,-1.15,4624,47.1,52.26,56.8,-4.868703,72.28,62.65,68.34,66.44,61,23.81,28.1,26.48,26.59,27.64,0.82,1.42,1.09,1.17,1.44
3/8/2022 6:15,-0.06,0.72,-1.1,4624,47.1,52.07,56.9,-4.70433,71.94,61.69,67.76,66.1,60.74,23.8,28.32,26.53,26.59,27.61,0.83,1.48,1.12,1.18,1.45
3/8/2022 6:30,-0.037,0.83,-1.1,4624,46.9,51.49,56.85,-3.882468,71.46,60.96,67.56,66.07,60.57,23.85,28.44,26.53,26.53,27.59,0.84,1.51,1.13,1.18,1.46
3/8/2022 6:45,0.011,1,-1.03,4624,47,51.11,56.71,1.048706,71,60.46,67.24,65.58,60.22,23.9,28.49,26.51,26.57,27.62,0.86,1.54,1.13,1.2,1.47
3/8/2022 7:00,0.057,1.02,-0.81,4623,47.1,52.02,56.54,16.992836,71.02,60.69,67.04,65.16,60.02,23.9,28.38,26.52,26.59,27.61,0.86,1.52,1.14,1.21,1.48
3/8/2022 7:15,0.67,2.88,0.37,4622,47,51.83,56.92,42.799315,64.21,66.82,67.85,64.21,59.63,26.16,26.94,26.54,27.12,28.06,1.21,1.18,1.12,1.29,1.53
3/8/2022 7:30,1.129,4.12,1.42,4621,47,46.98,53.79,65.153972,60.43,72.57,68.78,63.61,59.78,27.6,26.15,26.93,27.87,28.6,1.46,0.93,1.11,1.37,1.57
3/8/2022 7:45,1.643,5.42,2.69,4620,47,43.27,50.78,74.35883,62.08,74.23,69.53,63.8,60.52,27.61,26.38,27.41,28.29,28.92,1.4,0.89,1.11,1.39,1.57
3/8/2022 8:00,2.095,6.72,3.64,4619,47,40.31,48.43,110.19203,64.4,75.43,70.13,64.52,61.54,27.47,26.58,27.79,28.58,29.19,1.3,0.85,1.12,1.39,1.56
3/8/2022 8:15,2.476,7.53,4.75,4618,47,38.8,46.28,146.025229,66.68,77.02,69.98,65.16,63.05,27.35,26.69,28.16,28.82,29.83,1.21,0.8,1.15,1.38,1.55
3/8/2022 8:30,2.867,8.6,5.63,4617,46.9,36.6,44.25,172.817943,68.67,78.51,71.14,65.88,64.79,27.3,26.79,28.27,29.06,31.3,1.14,0.76,1.11,1.37,1.61
3/8/2022 8:45,3.196,9.37,6.51,4618,46.7,35.84,42.48,232.156406,70.15,79.37,72.62,66.44,63.85,27.36,26.97,28.34,29.35,32.82,1.09,0.73,1.06,1.37,1.8
3/8/2022 9:00,3.628,10.7,7.32,4617,46.5,35,41.41,216.705394,70.53,79.88,72.71,66.09,62.26,27.51,27.2,28.59,29.71,33.81,1.08,0.73,1.07,1.42,1.99
3/8/2022 9:15,4.018,11.48,8.51,4612,46.5,34.57,41.05,228.540212,69.46,76.95,66.6,61.52,60.32,26.5,26.82,28.79,29.53,34.43,1.06,0.81,1.32,1.59,2.16
3/8/2022 9:30,4.116,11.77,8.71,4609,46.4,32.73,39.4,265.359646,67.09,75.05,63.28,59.04,58.08,26.24,26.37,28.63,29.24,34.45,1.12,0.86,1.44,1.66,2.29
3/8/2022 9:45,4.273,12.1,9.17,4606,46.4,31.89,39.06,353.134548,65.42,73.79,62.57,57.84,57.17,26.33,26.45,28.56,29.24,34.54,1.19,0.9,1.46,1.71,2.35
3/8/2022 10:00,4.342,12.21,9.41,4603,46.4,31.51,37.72,297.083534,64.94,73.1,61.86,57.74,56.08,26.37,26.48,28.61,29.35,35.14,1.2,0.93,1.49,1.73,2.49
3/8/2022 10:15,4.391,12.14,9.74,4602,46.5,31.01,37.05,446.498114,65,72.9,60.9,57.82,53.03,26.39,26.55,28.78,29.48,35.75,1.2,0.94,1.55,1.74,2.75
3/8/2022 10:30,4.579,12.73,10.08,4600,46.4,29.26,35.31,531.807428,65.42,72.96,60.99,57.56,50.51,26.39,26.56,28.9,29.67,36.06,1.19,0.94,1.55,1.77,2.95
3/8/2022 10:45,4.477,12.39,9.92,4598,46.4,29.91,36.15,362.175034,65.97,73.52,61.07,57.57,50.59,26.38,26.58,28.98,29.96,35.91,1.17,0.92,1.56,1.8,2.92
3/8/2022 11:00,4.54,12.61,10.01,4597,46.3,29.76,35.86,427.102162,66.86,74.13,61.55,57.42,50.28,26.36,26.57,29.03,30.22,35.27,1.14,0.9,1.54,1.83,2.84
3/8/2022 11:15,4.461,12.43,9.79,4596,46.3,29.67,35.86,1170.887611,68.69,74.5,66.1,62.6,53.29,26.22,26.58,28.77,30.53,34.74,1.07,0.89,1.34,1.64,2.59
3/8/2022 11:30,4.412,12.28,9.7,4596,46.2,29.95,36.24,1337.232556,70.56,76.46,70.48,66.44,55.67,26.3,26.59,28.25,30.63,34.76,1.01,0.82,1.13,1.48,2.46
3/8/2022 11:45,4.369,12.24,9.52,4597,46.1,30.1,36.29,1217.405021,71.81,77.78,72.56,68.3,57.09,26.31,26.54,28.14,30.73,34.58,0.97,0.77,1.05,1.4,2.36
3/8/2022 12:00,4.248,11.85,9.31,4597,46.1,30.19,36.53,512.411476,73.45,79,74.02,70.47,58.61,26.15,26.44,28.07,30.85,34.41,0.9,0.72,0.99,1.32,2.25
3/8/2022 12:15,4.17,11.74,9.02,4598,46.1,30.67,37.17,1274.771015,74.71,80.3,75.33,71.5,59.67,26.04,26.29,27.98,31.09,34.13,0.85,0.67,0.93,1.29,2.16
3/8/2022 12:30,4.047,11.42,8.73,4599,46.1,31.27,37.94,1217.405021,75.91,81.7,76.56,71.61,61.5,25.96,26.16,27.91,31.35,33.49,0.81,0.62,0.88,1.3,1.99
3/8/2022 12:45,3.942,11.17,8.45,4600,46.2,31.6,38.37,1098.728094,76.68,82.5,77.11,72.06,63.56,25.92,26.07,27.92,31.47,33.03,0.78,0.59,0.86,1.29,1.84
3/8/2022 13:00,3.689,10.58,7.77,4603,46.1,32.46,39.16,814.19934,77.53,83.4,77.79,72.54,64.9,25.85,25.96,27.87,31.52,32.77,0.75,0.56,0.83,1.27,1.74
3/8/2022 13:15,3.507,10.1,7.34,4605,46.2,33.01,40.04,471.647102,78.31,84.3,78.56,73.14,66.54,25.79,25.83,27.74,31.54,32.47,0.72,0.52,0.8,1.24,1.63
3/8/2022 13:30,3.246,9.51,6.62,4607,46.2,33.99,41.33,977.421208,78.71,84.8,79.17,73.42,68.16,25.8,25.82,27.71,31.62,32.18,0.71,0.51,0.77,1.24,1.53
3/8/2022 13:45,2.871,8.49,5.77,4609,46.2,35.12,42.79,983.831734,79.08,85.3,79.5,74.26,69.88,25.78,25.77,27.74,31.6,31.87,0.69,0.49,0.76,1.2,1.42
3/8/2022 14:00,2.518,7.66,4.83,4612,46.1,36.7,44.13,742.204196,79.48,85.6,79.63,75.17,71.28,25.81,25.77,27.78,31.49,31.59,0.68,0.48,0.76,1.15,1.33
3/8/2022 14:15,2.046,6.44,3.69,4616,46.2,38.2,45.45,417.404186,79.76,85.7,79.75,75.78,72.67,25.81,25.8,27.83,31.46,31.33,0.67,0.48,0.76,1.12,1.25
3/8/2022 14:30,1.862,5.97,3.24,4618,46.1,41.57,48.03,544.957226,79.74,85.8,79.78,75.83,73.43,25.87,25.8,27.87,31.48,31.13,0.68,0.47,0.76,1.12,1.2
3/8/2022 14:45,1.582,5.25,2.56,4621,46.2,43.01,49.82,359.709447,79.84,85.9,79.59,75.41,74.11,25.91,25.81,27.92,31.53,30.89,0.67,0.47,0.77,1.14,1.16
3/8/2022 15:00,1.341,4.69,1.91,4624,46.2,43.89,51.37,311.548312,79.96,86.1,79.3,75.36,74.68,25.87,25.77,27.97,31.51,30.76,0.67,0.46,0.78,1.14,1.12
3/8/2022 15:15,1.172,4.18,1.58,4625,46.1,45.25,52.09,293.796084,80.2,86.5,80.1,75.7,74.84,25.86,25.74,27.75,31.31,30.64,0.66,0.45,0.74,1.11,1.11
3/8/2022 15:30,1.047,3.78,1.36,4628,46.1,45.9,52.43,320.09568,80.3,86.6,80.9,75.57,74.96,25.82,25.71,27.57,31.16,30.55,0.66,0.44,0.7,1.11,1.1
3/8/2022 15:45,0.833,3.26,0.81,4630,46.2,46.52,53.19,413.459246,80.5,87,81.3,76.46,75.37,25.79,25.6,27.42,30.8,30.34,0.65,0.43,0.68,1.05,1.07
3/8/2022 16:00,0.712,2.87,0.6,4632,46.2,47.93,54.12,343.436572,80.6,87.2,81.6,77.4,75.52,25.69,25.48,27.31,30.37,30.17,0.64,0.42,0.67,0.98,1.05
3/8/2022 16:15,0.635,2.75,0.33,4635,46.2,47.98,54.67,275.057622,81,87.8,82.5,78.17,75.73,25.57,25.35,27.09,29.96,29.93,0.62,0.39,0.63,0.92,1.03
3/8/2022 16:30,0.552,2.45,0.22,4638,46.3,49.13,54.98,566.161275,81,88,83,78.77,75.66,25.53,25.18,26.89,29.59,29.75,0.62,0.38,0.6,0.88,1.02
3/8/2022 16:45,0.466,2.24,0,4639,46.3,49.2,55.37,563.038198,80.8,88,83.3,78.89,75.69,25.46,25.08,26.72,29.29,29.51,0.63,0.38,0.59,0.86,1
3/8/2022 17:00,0.393,1.98,-0.1,4640,46.4,48.96,55.63,419.04791,80.7,88,83.3,79.37,76,25.48,25.05,26.56,28.88,29.14,0.63,0.38,0.58,0.82,0.97
3/8/2022 17:15,0.21,1.49,-0.52,4644,46.3,48.72,55.32,315.328879,83.4,89.7,86.2,81.2,77.66,25.77,25.31,26.61,28.49,29.03,0.55,0.33,0.48,0.73,0.9
3/8/2022 17:30,0.132,1.26,-0.68,4647,46.3,50.08,55.61,183.009036,83.4,90.4,87.3,82.7,78.36,26,25.47,26.81,28.25,28.92,0.56,0.31,0.45,0.66,0.86
3/8/2022 17:45,0.072,1.08,-0.8,4650,46.3,51.06,56.75,153.421991,81.8,90,86.4,82.4,78.06,26.29,25.55,26.8,28.02,28.66,0.62,0.33,0.48,0.67,0.86
3/8/2022 18:00,0.02,0.89,-0.86,4651,46.3,52.62,57.14,83.234944,80.1,89,85.7,81.9,78.12,26.37,25.52,26.68,27.71,28.17,0.68,0.36,0.5,0.67,0.84
3/8/2022 18:15,-0.054,0.74,-1.09,4651,46.4,53.62,57.97,19.951541,78.58,87.8,84.8,81.2,78.2,26.24,25.3,26.39,27.2,27.5,0.73,0.39,0.52,0.68,0.8
3/8/2022 18:30,-0.108,0.59,-1.21,4651,46.3,54.41,58.57,-1.252508,77.18,86.7,84,80.6,78.29,25.91,24.94,25.93,26.58,26.63,0.76,0.42,0.54,0.67,0.76
3/8/2022 18:45,-0.165,0.49,-1.4,4651,46.4,55.27,59.53,-4.868703,75.54,85.6,83.3,80.5,78.47,25.5,24.44,25.28,25.84,25.84,0.8,0.44,0.54,0.65,0.72
3/8/2022 19:00,-0.2,0.33,-1.41,4651,46.3,56.23,60.32,-4.70433,74.53,84.6,82.8,80.3,77.94,25,23.98,24.69,25.12,25.24,0.81,0.46,0.53,0.63,0.71
3/8/2022 19:15,-0.235,0.22,-1.47,4650,46.4,56.06,60.15,-4.211213,74.08,83.6,82.4,80.1,77.45,24.49,23.59,24.12,24.53,24.71,0.8,0.48,0.53,0.61,0.7
3/8/2022 19:30,-0.27,0.15,-1.58,4651,46.5,53.38,58.88,-4.539958,75.2,80.4,81.3,79.81,76.37,23.75,24.03,23.92,24.12,24.52,0.73,0.59,0.56,0.61,0.73
3/8/2022 19:45,-0.281,0.1,-1.58,4650,46.5,53.84,59.1,-4.868703,76.86,75.42,78.49,78.32,73.41,23.09,24.98,24.28,24.2,24.95,0.65,0.78,0.65,0.65,0.84
3/8/2022 20:00,-0.244,0.25,-1.55,4650,46.5,52.81,58.52,-4.539958,77.89,77.08,75.51,76.66,71.29,22.68,24.36,24.84,24.41,25.28,0.61,0.7,0.77,0.71,0.92
3/8/2022 20:15,-0.23,0.3,-1.53,4650,46.5,51.88,57.69,-4.70433,78.81,79.55,71.13,74.12,69.2,22.43,23.64,25.86,24.95,25.71,0.58,0.6,0.96,0.82,1.02
3/8/2022 20:30,-0.22,0.3,-1.48,4651,46.6,52.4,57.73,-4.70433,78.82,80.4,68.49,71.7,67.38,22.4,23.42,26.47,25.45,26.11,0.57,0.56,1.09,0.92,1.1
3/8/2022 20:45,-0.207,0.3,-1.41,4650,46.7,51.66,56.87,-4.539958,77.68,75.39,67.75,69.28,64.97,22.79,24.81,26.56,25.85,26.59,0.62,0.77,1.12,1.02,1.22
3/8/2022 21:00,-0.175,0.35,-1.3,4649,46.9,51.37,56.56,-4.375585,71.68,64.81,69.64,67.29,62.51,24.19,27.57,26.08,26.31,27.23,0.85,1.3,1.03,1.12,1.35
3/8/2022 21:15,-0.104,0.61,-1.21,4648,46.9,51.71,56.39,-4.539958,68.57,64.07,69.12,65.81,61.46,24.91,27.71,26.19,26.6,27.48,0.99,1.34,1.05,1.19,1.41
3/8/2022 21:30,-0.104,0.57,-1.17,4648,46.9,53.14,57.14,-4.868703,66.43,64.8,68.49,64.98,61.27,25.34,27.38,26.2,26.69,27.5,1.09,1.28,1.07,1.23,1.42
3/8/2022 21:45,-0.107,0.51,-1.12,4647,46.7,52.45,57.23,-4.70433,64.94,65.34,67.81,64.37,61.03,25.58,27.12,26.24,26.72,27.35,1.15,1.24,1.1,1.25,1.42
3/8/2022 22:00,-0.053,0.67,-1.01,4647,46.7,52.86,57.11,-4.539958,64.38,64.99,67.24,63.8,60.72,25.6,27.13,26.31,26.75,27.35,1.17,1.26,1.12,1.27,1.43
3/8/2022 22:15,-0.064,0.67,-1.07,4645,46.9,52.64,57.14,-4.70433,63.73,64.73,66.93,63.34,60.3,25.69,27.12,26.31,26.81,27.37,1.2,1.27,1.13,1.29,1.45
3/8/2022 22:30,-0.021,0.73,-0.91,4646,46.9,53.1,57.11,-4.211213,62.93,64.73,66.46,62.96,60.06,25.81,27,26.32,26.81,27.37,1.23,1.26,1.15,1.31,1.46
3/8/2022 22:45,-0.046,0.72,-1.03,4645,46.9,52.57,57.35,-4.868703,62.77,65.94,66.01,62.86,60.33,25.72,26.54,26.31,26.68,27.13,1.23,1.18,1.16,1.3,1.43
3/8/2022 23:00,-0.044,0.73,-1.03,4645,46.9,52.95,57.54,-4.375585,62.72,65.68,65.82,62.85,60.31,25.57,26.48,26.18,26.58,27.01,1.22,1.19,1.16,1.29,1.42
3/8/2022 23:15,-0.067,0.72,-1.14,4645,46.7,52.71,58.12,-4.868703,62.87,64.63,65.74,62.73,60.07,25.46,26.7,26.16,26.55,27.02,1.21,1.24,1.16,1.29,1.43
3/8/2022 23:30,-0.003,0.92,-1.02,4645,46.7,52.14,57.45,-4.375585,62.66,63.34,65.86,62.38,59.64,25.46,27.02,26.14,26.64,27.15,1.22,1.31,1.16,1.31,1.45
3/8/2022 23:45,-0.033,0.72,-0.96,4645,46.7,52.19,56.66,-4.70433,62.71,63.04,65.48,62.14,59.26,25.4,27.1,26.23,26.68,27.21,1.21,1.33,1.18,1.32,1.47
3/9/2022 0:00,-0.042,0.78,-1.07,4645,46.7,52.31,57.06,-4.539958,62.58,62.1,65.02,61.89,58.99,25.44,27.34,26.3,26.72,27.27,1.22,1.38,1.2,1.34,1.49
3/9/2022 0:15,-0.034,0.77,-1.02,4645,46.6,52.28,57.04,-4.868703,62.09,61.95,65.02,61.73,58.84,25.52,27.35,26.31,26.74,27.43,1.24,1.38,1.2,1.34,1.5
3/9/2022 0:30,-0.012,0.83,-0.97,4645,46.7,52.43,56.94,-5.197448,61.98,61.93,65.1,61.8,58.69,25.57,27.33,26.29,26.74,27.32,1.25,1.38,1.19,1.34,1.5
3/9/2022 0:45,-0.045,0.67,-0.97,4645,46.6,52.57,57.09,-4.211213,61.55,62.05,65.01,61.7,58.67,25.66,27.3,26.3,26.76,27.33,1.27,1.38,1.2,1.35,1.5
3/9/2022 1:00,-0.002,0.88,-0.97,4645,46.7,52.43,57.49,-4.868703,61.75,62.14,64.9,61.64,58.67,25.59,27.27,26.33,26.75,27.33,1.25,1.37,1.2,1.35,1.5
3/9/2022 1:15,-0.01,0.84,-0.97,4645,46.6,53.22,57.26,-4.868703,61.82,61.58,64.59,61.56,58.48,25.52,27.41,26.36,26.73,27.33,1.25,1.4,1.22,1.35,1.51
3/9/2022 1:30,0.017,0.92,-0.91,4646,46.9,51.97,57.26,-4.868703,61.83,61.4,64.9,61.49,58.49,25.51,27.42,26.3,26.73,27.33,1.25,1.41,1.2,1.35,1.51
3/9/2022 1:45,-0.001,0.94,-1.03,4645,46.9,52.35,57.4,-4.539958,61.28,61.31,64.77,61.39,58.34,25.64,27.44,26.3,26.74,27.36,1.27,1.42,1.21,1.36,1.52
3/9/2022 2:00,-0.012,0.83,-0.97,4645,46.9,52.47,57.83,-4.868703,61.04,61.51,64.52,61.31,58.33,25.67,27.36,26.32,26.75,27.34,1.28,1.4,1.22,1.36,1.52
3/9/2022 2:15,-0.012,0.82,-0.96,4646,47,51.73,56.97,-4.375585,61.66,61.19,64.67,61.14,58.2,25.48,27.43,26.29,26.76,27.32,1.25,1.42,1.21,1.37,1.52
3/9/2022 2:30,-0.002,0.83,-0.92,4646,47,52.19,57.52,-4.539958,61.22,61.12,64.75,61.23,58.27,25.57,27.44,26.25,26.73,27.3,1.27,1.42,1.2,1.36,1.51
3/9/2022 2:45,-0.012,0.83,-0.97,4646,46.7,52.69,57.23,-4.375585,61.33,60.92,64.55,61.14,58.09,25.52,27.48,26.31,26.75,27.36,1.26,1.43,1.21,1.37,1.53
3/9/2022 3:00,0.017,0.92,-0.91,4647,46.7,51.8,57.61,-4.70433,61.34,60.61,64.57,61.05,58.09,25.56,27.56,26.29,26.78,27.34,1.27,1.45,1.21,1.37,1.52
3/9/2022 3:15,0.029,1.03,-0.97,4647,46.6,51.66,57.18,-5.033075,61.2,61.2,64.73,61.05,58.07,25.57,27.41,26.24,26.77,27.37,1.27,1.42,1.2,1.37,1.53
3/9/2022 3:30,0.008,0.92,-0.96,4647,46.7,51.61,57.09,-4.70433,61.38,60.23,64.61,60.98,57.85,25.48,27.69,26.28,26.77,27.42,1.26,1.48,1.21,1.37,1.54
3/9/2022 3:45,0.017,1.02,-1.02,4648,46.7,51.37,57.4,-4.70433,61.17,59.47,64.08,60.74,57.32,25.57,27.88,26.41,26.86,27.56,1.27,1.52,1.24,1.39,1.57
3/9/2022 4:00,0.04,1.03,-0.91,4648,46.7,51.8,56.78,-4.375585,61.12,59.16,63.99,60.57,57.13,25.58,27.99,26.44,26.91,27.61,1.27,1.54,1.24,1.4,1.58
3/9/2022 4:15,-0.001,0.83,-0.91,4648,46.7,51.83,56.78,-4.70433,61.33,58.88,63.73,60.49,57.09,25.49,28.07,26.53,26.91,27.61,1.26,1.56,1.26,1.4,1.59
3/9/2022 4:30,0.039,0.97,-0.85,4649,46.6,51.57,56.78,-4.539958,60.77,58.77,63.6,60.49,57,25.64,28.08,26.55,26.91,27.64,1.29,1.57,1.26,1.4,1.59
3/9/2022 4:45,0.032,0.99,-0.91,4649,46.7,51.85,57.4,-4.375585,60.66,59.03,63.86,60.42,57.05,25.69,28.01,26.47,26.92,27.62,1.3,1.55,1.25,1.4,1.59
3/9/2022 5:00,0.131,1.32,-0.75,4650,46.7,50.63,57.09,-4.539958,60.48,58.91,63.78,60.41,56.92,25.73,28.04,26.48,26.94,27.64,1.31,1.56,1.25,1.41,1.59
3/9/2022 5:15,0.073,1.04,-0.75,4649,46.7,51.95,56.37,-4.70433,60.52,58.7,63.69,60.33,56.91,25.67,28.11,26.49,26.94,27.65,1.3,1.57,1.26,1.41,1.6
3/9/2022 5:30,0.083,1.09,-0.75,4650,46.6,51.54,56.47,-5.033075,60.73,58.74,63.63,60.2,56.91,25.6,28.05,26.46,26.94,27.61,1.29,1.56,1.26,1.41,1.59
3/9/2022 5:45,0.114,1.19,-0.7,4650,46.7,51.26,56.71,-4.868703,60.69,58.76,63.59,60.2,56.85,25.6,28.04,26.46,26.9,27.6,1.29,1.56,1.26,1.41,1.59
3/9/2022 6:00,0.134,1.29,-0.7,4650,46.7,51.3,56.75,-5.033075,60.67,58.29,63.56,60.17,56.76,25.59,28.18,26.48,26.93,27.64,1.29,1.59,1.26,1.41,1.6
3/9/2022 6:15,0.124,1.24,-0.7,4651,46.9,50.99,56.39,-4.70433,60.5,58.34,63.63,60.21,56.83,25.67,28.17,26.46,26.92,27.63,1.3,1.59,1.26,1.41,1.6
3/9/2022 6:30,0.112,1.23,-0.75,4651,46.7,51.09,56.51,-3.882468,60.32,58.71,63.58,60.21,56.81,25.68,28.05,26.48,26.92,27.67,1.31,1.57,1.26,1.41,1.6
3/9/2022 6:45,0.167,1.39,-0.64,4650,46.9,50.59,56.47,1.377451,60.43,58.71,63.54,60.22,56.82,25.69,28.06,26.48,26.91,27.6,1.31,1.57,1.26,1.41,1.59
3/9/2022 7:00,0.276,1.62,-0.32,4651,46.7,50.73,55.82,17.321581,59.93,58.56,63.38,60.26,56.89,25.87,28.12,26.55,26.93,27.64,1.34,1.58,1.27,1.41,1.6
3/9/2022 7:15,0.843,3.26,0.86,4650,46.9,49.87,55.34,42.634943,57.44,64.89,64.19,59.97,56.67,27.05,26.75,26.74,27.41,28.18,1.52,1.23,1.26,1.46,1.66
3/9/2022 7:30,1.383,4.77,2.04,4650,46.9,44.8,52.57,77.810652,57.53,69.27,65.72,60.47,57.29,27.57,26.32,27.02,27.94,28.61,1.57,1.05,1.22,1.49,1.67
3/9/2022 7:45,1.888,6.02,3.32,4649,46.7,41.98,49.46,78.468142,60,71.26,67.2,61,58.44,27.48,26.52,27.42,28.32,29.03,1.47,1,1.2,1.5,1.67
3/9/2022 8:00,2.262,6.97,4.24,4648,46.7,39.54,47,141.915917,62.86,73.05,67.53,62.11,60.26,27.33,26.66,27.8,28.59,29.47,1.35,0.94,1.21,1.48,1.64
3/9/2022 8:15,2.723,8.21,5.3,4647,46.6,36.96,44.68,184.488388,65.46,74.99,68.76,63.24,64.33,27.28,26.83,28.05,28.83,30.56,1.25,0.88,1.18,1.46,1.56
3/9/2022 8:30,3.166,9.21,6.53,4647,46.6,34.76,42.17,157.695675,67.55,76.45,69.99,64.28,62.39,27.4,27,28.31,29.18,32.67,1.18,0.84,1.15,1.45,1.86
3/9/2022 8:45,3.55,10.18,7.48,4644,46.5,32.8,40.14,212.102964,69.2,77.52,70.6,65.01,62.89,27.66,27.35,28.76,29.69,34.26,1.14,0.82,1.16,1.46,2
3/9/2022 9:00,4.301,12.41,8.98,4644,46.4,32.68,38.49,203.88434,69.54,77.81,70.34,65.15,61.3,27.93,27.74,29.29,30.24,35.61,1.15,0.83,1.21,1.5,2.25
3/9/2022 9:15,4.796,13.48,10.4,4639,46.5,31.87,37.96,230.019564,70.63,76.34,64.65,60.21,55.38,26.66,27.22,29.41,30.27,35.99,1.03,0.85,1.45,1.71,2.65
3/9/2022 9:30,4.833,13.28,10.81,4636,46.4,30.5,36.53,274.23576,70.92,76.48,62.85,58.98,55.57,25.93,26.49,29.1,30.11,35.4,0.97,0.81,1.5,1.75,2.55
3/9/2022 9:45,5.049,13.87,11.3,4632,46.3,29.5,35.55,333.574223,70.39,76.07,62.13,58.35,52.97,25.93,26.36,29.09,30.21,35.49,0.99,0.82,1.52,1.79,2.72
3/9/2022 10:00,5.052,13.83,11.36,4629,46.3,28.83,34.78,299.384748,70.52,75.95,61.92,57.11,52.73,25.94,26.38,29.16,30.59,35.87,0.99,0.83,1.54,1.88,2.79
3/9/2022 10:15,5.06,13.8,11.43,4627,46.2,28.28,34.21,515.534553,71.04,76.39,61.83,56.55,50.31,25.95,26.4,29.3,30.89,36.56,0.97,0.81,1.56,1.94,3.04
3/9/2022 10:30,5.14,14.02,11.61,4624,46,28.11,33.64,425.458437,71.68,76.74,62.05,56.49,51.25,25.94,26.44,29.3,31.09,37.19,0.95,0.8,1.55,1.96,3.09
3/9/2022 10:45,5.144,14.06,11.59,4623,46.1,27.92,33.64,388.803375,72.64,77.21,62.66,56.22,50.12,25.87,26.49,29.33,31.26,37.85,0.91,0.79,1.52,2,3.28
3/9/2022 11:00,5.114,13.95,11.55,4621,46.1,28.02,33.49,506.822812,73.58,77.92,63.34,57.47,48.44,25.84,26.48,29.4,31.44,38.3,0.88,0.76,1.5,1.96,3.47
3/9/2022 11:15,4.979,13.66,11.16,4621,46,28.11,33.78,1063.22364,75.02,79.02,69.63,65.4,51.02,25.81,26.35,29.03,31.66,37.77,0.83,0.72,1.22,1.61,3.2
3/9/2022 11:30,4.899,13.45,10.97,4622,46,27.97,33.78,1239.92405,76.73,81.6,74.33,68.7,53.41,25.82,26.13,28.43,31.86,37.2,0.77,0.62,0.99,1.48,2.96
3/9/2022 11:45,4.843,13.31,10.83,4622,46,28.28,33.92,1289.564538,77.57,83.1,76.65,69.93,55.01,25.87,26.07,28.15,32.1,36.99,0.75,0.57,0.89,1.44,2.82
3/9/2022 12:00,4.663,12.87,10.37,4623,45.7,28.4,34.38,523.588804,78.1,83.9,77.84,70.4,56.15,25.9,26.07,28.09,32.31,36.57,0.73,0.54,0.84,1.43,2.69
3/9/2022 12:15,4.587,12.67,10.19,4625,45.7,28.85,34.95,1354.82041,78.67,84.6,78.72,70.58,58.75,25.87,25.96,28.01,32.52,35.65,0.71,0.52,0.8,1.44,2.4
3/9/2022 12:30,4.431,12.36,9.71,4625,45.6,29.4,35.55,1314.549154,79.24,85.2,79.09,70.8,60.85,25.85,25.91,28.02,32.61,34.89,0.69,0.49,0.79,1.44,2.19
3/9/2022 12:45,4.294,12.06,9.32,4628,45.6,30.05,36.34,1115.987204,79.76,85.8,79.82,71.59,62.38,25.87,25.94,28.02,32.66,34.47,0.68,0.48,0.76,1.4,2.05
3/9/2022 13:00,4.044,11.44,8.69,4629,45.7,30.43,37.27,783.461687,80.1,86.4,80.3,72.06,63.69,25.83,25.89,28.02,32.72,34.2,0.66,0.45,0.75,1.38,1.95
3/9/2022 13:15,3.783,10.81,8.01,4632,45.8,31.75,38.2,477.400139,80.5,87.1,80.7,72.43,65.68,25.84,25.79,27.97,32.75,33.66,0.65,0.43,0.73,1.37,1.79
3/9/2022 13:30,3.535,10.2,7.38,4634,45.7,32.42,39.37,995.337808,80.7,87.2,81,72.81,67.83,25.81,25.8,27.91,32.74,33.14,0.64,0.43,0.71,1.35,1.63
3/9/2022 13:45,3.142,9.24,6.37,4637,45.8,33.47,41.14,979.393678,80.9,87.2,80.9,73.53,69.45,25.8,25.79,27.99,32.64,32.71,0.63,0.42,0.72,1.3,1.51
3/9/2022 14:00,2.812,8.48,5.47,4640,45.8,35.84,42.53,872.715941,81,87.4,81.1,74.16,70.96,25.77,25.74,27.98,32.47,32.35,0.63,0.42,0.71,1.26,1.41
3/9/2022 14:15,2.363,7.3,4.41,4644,45.8,37.49,44.63,433.183943,81.1,87.5,81.1,74.78,72.1,25.74,25.73,27.95,32.24,32.03,0.63,0.41,0.71,1.22,1.33
3/9/2022 14:30,2.022,6.45,3.55,4649,45.8,39.92,47.14,391.597707,81.1,87.4,81.1,75.17,73.16,25.77,25.75,27.94,32.05,31.66,0.63,0.42,0.71,1.18,1.25
3/9/2022 14:45,1.692,5.6,2.75,4652,45.8,41.64,48.94,361.846289,81,87.5,80.9,75.1,73.91,25.8,25.75,27.95,31.99,31.36,0.63,0.41,0.72,1.18,1.2
3/9/2022 15:00,1.467,4.97,2.26,4654,46,42.7,50.04,327.328069,81,87.6,80.6,74.59,74.37,25.74,25.69,27.97,31.95,31.09,0.63,0.41,0.73,1.2,1.16
3/9/2022 15:15,1.249,4.44,1.7,4658,45.8,43.7,51.28,338.834142,81.4,87.8,81.4,75.02,74.92,25.69,25.63,27.73,31.6,30.81,0.61,0.4,0.69,1.16,1.11
3/9/2022 15:30,1.114,4.04,1.43,4661,46,44.87,52,348.696491,81.3,87.8,82,75.61,75.4,25.7,25.59,27.54,31.28,30.59,0.62,0.4,0.66,1.11,1.08
3/9/2022 15:45,0.886,3.45,0.88,4663,45.8,45.92,53.07,403.432525,81.6,88.1,82.5,76.45,75.77,25.61,25.47,27.38,30.89,30.32,0.6,0.39,0.64,1.05,1.05
3/9/2022 16:00,0.736,3.03,0.55,4665,45.8,46.78,53.57,358.723212,81.9,88.7,83.1,77.63,76.35,25.53,25.29,27.22,30.38,30.07,0.59,0.36,0.61,0.97,1.01
3/9/2022 16:15,0.625,2.7,0.33,4668,45.8,47.41,54.1,294.124829,82.1,89.1,83.5,78.61,76.42,25.5,25.19,27.09,29.9,29.82,0.58,0.35,0.59,0.9,0.99
3/9/2022 16:30,0.518,2.39,0.11,4669,45.8,48,54.82,522.438197,82.1,89.2,83.9,79.15,76.71,25.5,25.13,26.93,29.54,29.57,0.58,0.34,0.57,0.86,0.96
3/9/2022 16:45,0.431,2.22,-0.16,4671,46,49.15,55.39,504.02848,81.7,89.1,83.9,79.47,76.63,25.43,25.04,26.8,29.14,29.29,0.59,0.35,0.57,0.83,0.95
3/9/2022 17:00,0.342,1.94,-0.32,4673,46,48.43,55.63,426.115927,81.5,88.9,83.7,79.64,76.84,25.41,24.94,26.62,28.66,28.88,0.6,0.35,0.57,0.8,0.92
3/9/2022 17:15,0.205,1.52,-0.58,4676,46.2,48.89,55.34,233.307014,83.6,90.2,85.9,81.4,78.36,25.66,25.18,26.69,28.25,28.64,0.54,0.31,0.49,0.71,0.85
3/9/2022 17:30,0.113,1.27,-0.79,4679,46.2,49.58,55.89,214.239806,83.5,90.4,86.5,82.5,78.54,25.85,25.35,26.76,27.99,28.54,0.55,0.31,0.47,0.66,0.84
3/9/2022 17:45,0.061,1.13,-0.91,4681,46.2,50.73,56.16,164.434946,82,89.6,85.8,82.1,78.31,26.05,25.42,26.67,27.75,28.21,0.61,0.34,0.5,0.67,0.83
3/9/2022 18:00,-0.001,0.94,-1.03,4682,46.3,51.71,56.71,87.508628,80.3,88.3,85.2,81.6,78.33,26.15,25.43,26.55,27.43,27.8,0.67,0.38,0.51,0.67,0.81
3/9/2022 18:15,-0.075,0.74,-1.2,4681,46.3,53.02,57.92,23.732108,78.79,87.3,84.5,81.3,78.73,26.12,25.31,26.31,27,27.2,0.72,0.41,0.53,0.67,0.77
3/9/2022 18:30,-0.131,0.59,-1.33,4682,46.3,53.38,58.07,-0.595018,77.49,86.5,84.1,81.3,78.81,25.94,25.05,25.94,26.47,26.58,0.75,0.43,0.53,0.65,0.74
3/9/2022 18:45,-0.177,0.48,-1.45,4681,46.4,53.86,58.62,-4.211213,76.07,85.4,83.6,81.3,78.98,25.7,24.74,25.43,25.89,25.99,0.79,0.46,0.53,0.62,0.71
3/9/2022 19:00,-0.201,0.43,-1.52,4681,46.4,53.81,58.91,-5.033075,74.97,83.7,83.1,80.9,77.97,25.4,24.62,25.05,25.44,25.67,0.81,0.5,0.54,0.62,0.73
3/9/2022 19:15,-0.246,0.21,-1.52,4682,46.4,54.39,58.95,-4.539958,74.36,81.5,82.2,79.99,76.93,25.05,24.67,24.76,25.12,25.43,0.81,0.57,0.56,0.64,0.75
3/9/2022 19:30,-0.251,0.27,-1.61,4681,46.6,54.48,59.31,-4.868703,74.65,79.46,81.4,79.28,75.84,24.59,24.81,24.54,24.88,25.26,0.78,0.64,0.57,0.65,0.78
3/9/2022 19:45,-0.264,0.21,-1.61,4681,46.7,54.46,59,-5.033075,75.13,77.98,80.6,78.4,74.79,24.11,24.87,24.37,24.72,25.18,0.75,0.69,0.59,0.67,0.81
3/9/2022 20:00,-0.229,0.32,-1.55,4682,46.7,53.69,59.02,-5.033075,75.79,76.68,79.86,77.87,74.23,23.72,24.97,24.27,24.59,25.06,0.71,0.74,0.61,0.68,0.82
3/9/2022 20:15,-0.323,0,-1.69,4681,47,54,58.47,-4.375585,76.42,75.73,77.22,77.14,72.52,23.4,25.08,24.74,24.58,25.3,0.68,0.77,0.71,0.71,0.89
3/9/2022 20:30,-0.278,0.16,-1.63,4682,47,53.31,58.31,-4.868703,77.06,74.16,75.86,76.12,71.31,23.12,25.35,24.91,24.66,25.47,0.65,0.84,0.76,0.74,0.93
3/9/2022 20:45,-0.261,0.16,-1.54,4681,47.1,53.36,58.64,-4.539958,77.46,74.2,75.34,75.55,70.7,22.9,25.2,24.87,24.66,25.44,0.63,0.83,0.78,0.76,0.95
3/9/2022 21:00,-0.279,0.21,-1.69,4681,47.2,53.86,58.62,-4.375585,77.69,75.19,74.85,75.1,70.22,22.73,24.84,24.89,24.63,25.46,0.62,0.78,0.79,0.77,0.97
3/9/2022 21:15,-0.247,0.26,-1.58,4681,47.2,53.57,58.31,-4.70433,77.53,75.02,74.33,74.76,69.94,22.67,24.74,24.89,24.6,25.42,0.62,0.78,0.81,0.78,0.98
3/9/2022 21:30,-0.292,0.1,-1.64,4681,47.1,53.38,58.67,-4.70433,77.46,75.56,73.78,74.2,69.46,22.59,24.53,24.96,24.65,25.45,0.62,0.75,0.83,0.8,0.99
3/9/2022 21:45,-0.225,0.36,-1.57,4681,47.1,52.62,58.07,-4.70433,77.41,77.58,71.53,72.97,68.27,22.56,23.95,25.48,24.9,25.87,0.62,0.67,0.93,0.85,1.06
3/9/2022 22:00,-0.224,0.31,-1.51,4681,47.1,52.76,57.66,-4.539958,77.12,78.1,70.22,71.93,67.45,22.59,23.8,25.8,25.13,25.98,0.63,0.65,0.99,0.9,1.09
3/9/2022 22:15,-0.236,0.26,-1.52,4681,47.1,52.57,57.71,-4.70433,76.85,77.42,69.75,71.28,66.87,22.62,23.93,25.87,25.23,26.09,0.64,0.67,1.01,0.92,1.12
3/9/2022 22:30,-0.202,0.37,-1.46,4681,47.1,53.48,57.88,-4.539958,76.56,77.63,69.13,70.98,66.59,22.66,23.86,25.98,25.27,26.01,0.65,0.66,1.04,0.93,1.12
3/9/2022 22:45,-0.269,0.11,-1.53,4680,47.1,54.65,58.02,-4.70433,76.34,77.27,68.77,70.66,66.36,22.68,23.91,26.04,25.3,26.03,0.65,0.67,1.05,0.95,1.13
3/9/2022 23:00,-0.268,0.16,-1.58,4680,47.2,54.39,58.31,-4.70433,76.23,77.47,68.72,70.37,66.18,22.67,23.86,26.04,25.37,26.05,0.65,0.67,1.05,0.96,1.14
3/9/2022 23:15,-0.216,0.31,-1.47,4681,47,53.31,57.71,-4.70433,76.03,77.23,68.07,70.24,65.9,22.7,23.88,26.19,25.36,26.36,0.66,0.67,1.09,0.96,1.17
3/9/2022 23:30,-0.171,0.47,-1.41,4681,47.1,52.95,57.88,-4.539958,75.93,77.35,67.03,69.71,65.46,22.68,23.83,26.44,25.47,26.74,0.66,0.67,1.14,0.99,1.21
3/9/2022 23:45,-0.184,0.41,-1.41,4681,47,52.38,57.81,-4.539958,75.85,77.29,66.7,69.17,64.97,22.69,23.82,26.5,25.56,26.72,0.67,0.67,1.15,1.01,1.23
3/10/2022 0:00,-0.305,-0.21,-1.37,4682,47,56.18,57.9,-4.539958,75.84,77.31,66.61,69.06,64.79,22.7,23.85,26.53,25.63,26.42,0.67,0.67,1.16,1.02,1.21
3/10/2022 0:15,-0.212,0.45,-1.6,4683,47.1,51.92,60.58,-4.539958,80.9,80.1,73.52,77.6,67.37,22.28,24.04,25.66,24.73,26.6,0.51,0.6,0.87,0.7,1.14
3/10/2022 0:30,-0.249,0.38,-1.72,4684,47.1,48.86,56.71,-4.70433,83.8,75.95,77.57,79.08,69.1,22.46,25.85,25.28,24.86,26.83,0.44,0.8,0.72,0.66,1.09
3/10/2022 0:45,-0.285,0.1,-1.6,4686,47,51.28,56.25,-4.539958,81.3,71.49,77.99,77.09,67.94,23.15,27.09,25.5,25.46,27.68,0.53,1.02,0.72,0.75,1.19
3/10/2022 1:00,-0.315,-0.21,-1.42,4686,47.1,56.66,57.49,-4.868703,79.73,75.3,73.94,76,67.97,23.22,25.69,26.22,25.6,27.24,0.58,0.82,0.89,0.79,1.16
3/10/2022 1:15,-0.255,0.12,-1.47,4687,47.1,60.75,63.02,-4.375585,82.5,82,76.48,80.6,71.01,22.46,24.19,25.66,24.74,27.1,0.48,0.54,0.77,0.61,1.04
3/10/2022 1:30,-0.333,0.05,-1.8,4687,47.1,54.63,61.03,-4.539958,84.9,86.9,75.55,82,72.87,21.95,23.01,25.83,24.39,26.67,0.4,0.37,0.81,0.55,0.95
3/10/2022 1:45,-0.316,0.14,-1.81,4691,47.2,49.15,56.51,-4.539958,85.7,79.99,76.72,80.5,70.37,22.23,25.12,25.71,24.83,27.07,0.38,0.64,0.77,0.61,1.06
3/10/2022 2:00,-0.405,-0.48,-1.6,4692,47.2,56.39,57.54,-4.70433,83.3,73.42,75.6,77.62,68.01,22.77,26.46,26.04,25.5,27.59,0.46,0.92,0.82,0.73,1.18
3/10/2022 2:15,-0.323,-0.05,-1.64,4691,47.2,61.13,62.75,-4.539958,83.8,82.6,77.3,81.7,70.96,22.35,24.16,25.58,24.66,26.86,0.44,0.52,0.74,0.57,1.03
3/10/2022 2:30,-0.414,-0.09,-2.07,4694,47.2,51.35,59.53,-4.539958,85.5,83,77.98,82.1,71.78,22.15,24.39,25.43,24.53,26.87,0.39,0.52,0.72,0.55,1
3/10/2022 2:45,-0.322,0.05,-1.74,4695,47.1,49.82,55.92,-4.868703,85,74.44,78.18,79.34,68.91,22.53,26.55,25.6,25.24,27.42,0.41,0.89,0.72,0.66,1.14
3/10/2022 3:00,-0.265,0.11,-1.51,4695,47.1,55.32,57.57,-4.539958,83.4,73.78,75.37,76.56,68.02,22.69,26.36,26.13,25.71,27.31,0.46,0.9,0.83,0.77,1.16
3/10/2022 3:15,-0.282,0.16,-1.65,4695,47.1,55.58,58.74,-4.70433,83.3,81.4,72.96,76.81,69.35,22.35,24.2,26.43,25.39,26.62,0.45,0.56,0.93,0.75,1.07
3/10/2022 3:30,-0.285,0.16,-1.67,4695,47.2,55.3,59.34,-4.375585,83.7,83.2,71.79,76.47,69.58,22.13,23.58,26.49,25.24,26.56,0.43,0.49,0.98,0.76,1.06
3/10/2022 3:45,-0.304,0.11,-1.71,4695,47.2,55.3,59.02,-4.70433,83.8,83.6,70.89,75.49,69.34,22,23.38,26.54,25.28,26.55,0.43,0.47,1.01,0.79,1.06
3/10/2022 4:00,-0.306,0.05,-1.66,4696,47,54.6,58.86,-4.70433,83.6,83.4,70.12,74.33,69.03,21.93,23.29,26.58,25.39,26.92,0.43,0.47,1.04,0.83,1.1
3/10/2022 4:15,-0.297,0.05,-1.61,4696,47.1,55.32,59.05,-4.70433,83.3,83.1,69.62,73.69,68.51,21.89,23.28,26.61,25.43,26.86,0.44,0.48,1.06,0.86,1.11
3/10/2022 4:30,-0.284,0.16,-1.66,4697,47.1,55.32,59.05,-4.868703,83,82.7,69.13,73.01,68.27,21.87,23.25,26.64,25.47,26.47,0.45,0.49,1.08,0.88,1.1
3/10/2022 4:45,-0.24,0.26,-1.54,4698,47.1,54.77,58.74,-4.868703,82.8,82.3,68.76,72.72,68,21.9,23.29,26.68,25.48,26.34,0.45,0.51,1.09,0.89,1.1
3/10/2022 5:00,-0.262,0.16,-1.55,4699,47.1,54.75,59,-4.70433,82.5,82,68.5,72.37,67.69,21.87,23.31,26.66,25.49,26.43,0.46,0.52,1.1,0.9,1.11
3/10/2022 5:15,-0.272,0.16,-1.6,4699,47.1,55.34,58.76,-4.70433,82.2,81.6,68.33,72.15,67.33,21.88,23.36,26.66,25.49,26.35,0.47,0.53,1.11,0.91,1.12
3/10/2022 5:30,-0.228,0.27,-1.49,4699,47,54.98,58.69,-4.539958,81.7,81.2,68.18,71.64,67.1,21.92,23.35,26.63,25.52,26.29,0.48,0.54,1.11,0.93,1.13
3/10/2022 5:45,-0.241,0.21,-1.49,4700,47,54.94,58.64,-4.539958,81.4,81.1,67.95,71.4,66.88,21.93,23.35,26.64,25.55,26.29,0.49,0.54,1.12,0.94,1.13
3/10/2022 6:00,-0.21,0.32,-1.45,4700,47,54.53,58.81,-4.539958,81.1,80.6,67.72,71.17,66.67,21.94,23.41,26.63,25.51,26.32,0.5,0.56,1.13,0.94,1.14
3/10/2022 6:15,-0.207,0.37,-1.49,4701,47,54.43,58.95,-4.868703,80.9,80.4,67.57,70.96,66.58,21.96,23.42,26.64,25.54,26.59,0.5,0.56,1.13,0.95,1.16
3/10/2022 6:30,-0.164,0.43,-1.33,4701,47,54.82,58.21,-3.718095,80.8,80.4,67.67,70.72,66.27,21.93,23.38,26.58,25.56,26.59,0.51,0.56,1.12,0.96,1.17
3/10/2022 6:45,-0.132,0.53,-1.27,4702,47,53.67,58.38,2.692431,80.6,80.4,67.41,70.7,66.28,21.94,23.34,26.61,25.52,26.4,0.51,0.56,1.14,0.96,1.16
3/10/2022 7:00,0.005,0.98,-1.04,4701,47.1,51.92,57.28,20.444658,80.6,80.4,67.54,70.4,66.04,21.96,23.37,26.6,25.59,26.46,0.51,0.56,1.13,0.97,1.17
3/10/2022 7:15,0.463,2.27,-0.05,4701,47.1,49.92,55.46,43.949922,80.8,74.27,71.24,70.77,65.44,22.93,25.36,26.05,25.87,26.92,0.54,0.83,0.97,0.98,1.23
3/10/2022 7:30,0.959,3.59,1.11,4701,47.1,47.05,52.9,70.085146,73.94,75.07,73.98,71.01,65.47,24.78,25.76,25.95,26.39,27.45,0.81,0.83,0.87,1,1.26
3/10/2022 7:45,1.464,4.91,2.31,4700,47,43.39,49.94,79.454377,70.93,76.93,74.75,71.7,66.28,25.86,25.86,26.33,26.74,27.92,0.97,0.77,0.87,0.99,1.27
3/10/2022 8:00,1.952,6.19,3.47,4699,47,41.14,47.65,142.902152,70.88,77.77,74.73,72.46,67.93,26.31,26.09,26.78,27.08,28.76,1,0.75,0.89,0.99,1.27
3/10/2022 8:15,2.52,7.62,4.88,4697,46.9,38.8,45.33,202.733733,71.76,78.78,75.11,74.16,68.15,26.48,26.23,27.11,27.21,30.25,0.98,0.72,0.89,0.93,1.37
3/10/2022 8:30,2.944,8.7,5.92,4696,46.9,36.86,42.94,160.983125,72.88,80.4,75.08,76.41,67.13,26.54,26.2,27.5,27.23,32.12,0.94,0.67,0.91,0.85,1.57
3/10/2022 8:45,3.297,9.57,6.82,4694,46.9,35.02,41.36,249.744261,74.33,81.8,75.79,77.48,64.2,26.63,26.25,27.76,27.55,33.37,0.9,0.62,0.9,0.83,1.84
3/10/2022 9:00,3.722,10.7,7.81,4694,46.7,34.57,39.8,202.898106,75.03,82.5,77.45,77.96,62.37,26.75,26.4,27.75,27.96,34.2,0.88,0.6,0.84,0.83,2.02
3/10/2022 9:15,4.05,11.48,8.68,4691,46.7,33.61,38.8,235.115111,72.93,80.5,77.3,74.27,59.4,26.57,26.22,27.44,28.69,34.54,0.94,0.66,0.83,1.01,2.23
3/10/2022 9:30,4.199,11.8,9.11,4688,46.6,32.56,38.25,291.823615,72.76,80,77.39,70.39,58.52,26.38,26.06,27.15,29.39,34.41,0.94,0.67,0.81,1.21,2.26
3/10/2022 9:45,4.284,11.97,9.37,4687,46.5,32.06,37.34,328.971794,72.91,79.93,77.42,69.37,58.33,26.3,26.05,27.11,29.65,34.49,0.93,0.68,0.81,1.27,2.28
3/10/2022 10:00,4.382,12.2,9.63,4684,46.5,31.44,36.74,292.974222,73.04,79.93,77.37,69.24,57.75,26.31,26.11,27.25,29.81,34.93,0.92,0.68,0.82,1.29,2.37
3/10/2022 10:15,4.381,12.16,9.67,4683,46.6,30.91,36.1,439.265725,73.27,79.81,77.22,68.97,56.63,26.39,26.21,27.44,30.05,35.49,0.92,0.69,0.83,1.32,2.51
3/10/2022 10:30,4.378,12.19,9.62,4681,46.5,30.53,35.93,389.78961,73.34,80.2,76.97,69.38,55.69,26.45,26.26,27.66,30.2,35.79,0.92,0.68,0.85,1.31,2.6
3/10/2022 10:45,4.274,11.81,9.49,4681,46.4,30.53,35.81,374.831714,74.09,80.7,77.23,70.55,55.05,26.46,26.28,27.75,30.32,36.2,0.89,0.66,0.85,1.27,2.7
3/10/2022 11:00,4.215,11.68,9.32,4680,46.5,30.62,35.93,679.249538,74.58,81.2,77.8,70.66,55.55,26.53,26.29,27.77,30.57,36.09,0.88,0.64,0.83,1.29,2.65
3/10/2022 11:15,4.195,11.78,9.11,4680,46.3,30.65,36.15,1169.737004,75.07,81.6,77.91,71.22,56.77,26.52,26.31,27.88,30.81,35.8,0.86,0.63,0.83,1.28,2.54
3/10/2022 11:30,4.206,11.83,9.11,4679,46.3,30.84,36.1,1220.528098,75.61,81.9,78.2,72.15,58.05,26.5,26.35,27.95,30.98,35.53,0.84,0.62,0.82,1.25,2.43
3/10/2022 11:45,4.116,11.52,8.98,4679,46.2,31.05,36.5,1405.447133,76.08,82.4,79.08,72.55,58.52,26.51,26.36,27.85,31.11,35.3,0.83,0.6,0.78,1.24,2.37
3/10/2022 12:00,4.045,11.3,8.85,4679,46.3,31.58,36.82,525.725647,76.7,83.1,79.89,73.59,59.74,26.51,26.32,27.81,31.24,35.13,0.81,0.58,0.75,1.2,2.28
3/10/2022 12:15,3.931,11.09,8.48,4679,46.2,31.6,37.27,1289.235793,77.29,83.8,80.4,74.36,60.59,26.51,26.26,27.8,31.38,34.93,0.79,0.55,0.73,1.18,2.21
3/10/2022 12:30,3.748,10.7,7.95,4679,46.2,32.82,38.35,1262.936197,78.25,84.6,80.9,74.48,62.79,26.39,26.19,27.83,31.61,34.15,0.75,0.52,0.71,1.19,2
3/10/2022 12:45,3.631,10.35,7.72,4680,46.3,33.35,39.11,1025.746715,78.88,85.2,81.4,74.8,65.22,26.32,26.1,27.82,31.71,33.54,0.72,0.5,0.7,1.18,1.8
3/10/2022 13:00,3.449,9.85,7.31,4682,46.2,33.83,39.76,830.472215,79.58,86,81.8,75.29,66.65,26.23,26.01,27.77,31.74,33.22,0.7,0.47,0.68,1.16,1.7
3/10/2022 13:15,3.234,9.38,6.7,4683,46.2,35.26,41.19,485.45439,79.64,86.2,82,75.92,68.82,26.09,25.88,27.74,31.75,32.68,0.69,0.46,0.67,1.13,1.54
3/10/2022 13:30,3.068,9.06,6.18,4684,46.1,35.6,41.93,1030.0204,80.4,86.8,82.1,76.06,70.39,25.86,25.69,27.67,31.77,32.32,0.65,0.44,0.66,1.12,1.43
3/10/2022 13:45,2.652,8,5.16,4686,46.2,36.29,43.58,224.266527,81,87.3,82.3,76.86,71.73,25.8,25.66,27.71,31.75,32.12,0.63,0.42,0.66,1.08,1.35
3/10/2022 14:00,2.138,6.74,3.84,4688,46.2,41.12,46.33,196.487579,81.3,87.4,82.4,77.1,73.05,25.76,25.68,27.75,31.59,31.68,0.62,0.42,0.66,1.06,1.26
3/10/2022 14:15,1.816,5.82,3.16,4690,46.1,42.55,47.65,165.421181,81.2,87.2,82.3,77.59,74.01,25.72,25.61,27.69,31.13,31.16,0.62,0.42,0.66,1.01,1.18
3/10/2022 14:30,1.685,5.45,2.88,4694,46.1,42.17,48.51,496.467346,81.5,87.5,82.7,77.75,74.93,25.69,25.62,27.57,30.72,30.63,0.61,0.41,0.64,0.98,1.1
3/10/2022 14:45,1.424,4.81,2.21,4696,46.2,43.82,49.84,438.27949,81.2,87.1,82.7,78.76,75.93,25.76,25.69,27.57,30.6,30.41,0.62,0.43,0.64,0.93,1.05
3/10/2022 15:00,1.231,4.37,1.68,4697,46.2,45.16,51.26,412.801756,81.2,87,82.4,78.27,76.62,25.74,25.68,27.61,30.53,30.07,0.62,0.43,0.65,0.95,1
3/10/2022 15:15,1.08,3.91,1.39,4699,46.4,45.88,51.83,235.772601,81.3,87,82.9,79.07,77.53,25.78,25.69,27.51,30.64,30.11,0.62,0.43,0.63,0.92,0.96
3/10/2022 15:30,0.957,3.57,1.12,4701,46.3,46.76,52.45,359.545074,81.5,87.3,83.3,78.73,77.48,25.82,25.68,27.46,30.72,30.18,0.62,0.42,0.61,0.94,0.97
3/10/2022 15:45,0.796,3.11,0.78,4703,46.3,47.72,53.5,805.816344,81.5,87.4,83,78.46,77.09,25.79,25.65,27.43,30.5,30.06,0.61,0.41,0.62,0.94,0.98
3/10/2022 16:00,0.708,2.84,0.61,4705,46.3,48.53,53.91,576.352369,81.4,87.8,83.5,79.41,77.6,25.77,25.5,27.3,29.93,29.7,0.62,0.4,0.6,0.87,0.93
3/10/2022 16:15,0.558,2.48,0.22,4709,46.2,49.75,54.82,264.866529,81.3,88,83.6,80.1,77.74,25.72,25.4,27.22,29.59,29.55,0.62,0.39,0.59,0.82,0.92
3/10/2022 16:30,0.473,2.17,0.11,4711,46.2,50.63,55.03,374.174225,81.2,88.2,83.4,80.5,77.65,25.66,25.26,27.12,29.23,29.31,0.62,0.38,0.6,0.79,0.91
3/10/2022 16:45,0.359,1.93,-0.22,4712,46.1,51.06,55.87,523.095687,80.7,88.1,83.3,80.3,77.39,25.59,25.16,26.98,28.87,28.98,0.63,0.38,0.59,0.78,0.9
3/10/2022 17:00,0.327,1.83,-0.28,4712,46.1,50.2,55.46,465.565321,80.5,88.1,83.1,80.1,77.29,25.57,25.06,26.77,28.38,28.59,0.64,0.38,0.59,0.77,0.89
3/10/2022 17:15,0.178,1.41,-0.6,4715,46.2,49.82,55.27,230.348309,82.9,89.4,85.7,82.2,79.16,25.86,25.29,26.75,27.99,28.38,0.57,0.34,0.5,0.67,0.81
3/10/2022 17:30,0.077,1.08,-0.77,4717,46.2,51.73,55.77,71.235753,83.1,90.1,86.7,83.5,79.77,26.09,25.49,26.85,27.84,28.28,0.57,0.32,0.47,0.62,0.78
3/10/2022 17:45,-0.01,0.82,-0.95,4718,46.1,53.1,56.71,23.403363,81.2,89.2,85.7,82.5,79.72,26.19,25.48,26.71,27.38,27.57,0.64,0.35,0.5,0.64,0.75
3/10/2022 18:00,-0.112,0.55,-1.19,4719,46.1,54,57.71,16.992836,78.83,87.8,84.6,82.6,80.3,26.19,25.28,26.39,26.76,26.84,0.72,0.39,0.53,0.61,0.7
3/10/2022 18:15,-0.184,0.4,-1.4,4718,46.1,55.2,58.79,-0.759391,77.35,86.8,84.4,83,80.4,25.99,25.03,25.91,26.19,26.34,0.76,0.42,0.52,0.58,0.67
3/10/2022 18:30,-0.218,0.28,-1.45,4718,46.2,55.56,58.86,-3.882468,76.22,85.8,84.1,82.9,79.74,25.74,24.77,25.48,25.7,25.97,0.79,0.44,0.52,0.56,0.68
3/10/2022 18:45,-0.229,0.22,-1.44,4719,46.1,55.37,58.64,-4.375585,75.27,83.6,83.3,82,78.39,25.52,24.81,25.23,25.43,25.82,0.81,0.51,0.54,0.58,0.72
3/10/2022 19:00,-0.274,0.16,-1.61,4719,46.1,54.24,58.52,-4.539958,74.65,79.69,82,80.5,76.64,25.28,25.38,25.12,25.36,25.87,0.82,0.66,0.57,0.63,0.78
3/10/2022 19:15,-0.285,0.05,-1.55,4718,46.1,54.67,58.69,-4.70433,75.13,76.75,80.3,79.03,74.94,24.9,25.93,25.23,25.44,26,0.78,0.78,0.63,0.68,0.84
3/10/2022 19:30,-0.285,0.05,-1.55,4719,46.1,54.82,58.55,-4.375585,75.84,74.76,79.07,78.09,73.85,24.54,26.25,25.32,25.43,26.06,0.74,0.86,0.68,0.71,0.88
3/10/2022 19:45,-0.282,0.16,-1.65,4718,46.1,53.69,58.19,-4.211213,76.74,74.5,77.79,77.48,72.98,24.19,26.28,25.49,25.43,26.14,0.7,0.87,0.72,0.73,0.92
3/10/2022 20:00,-0.315,0,-1.65,4719,46.1,54.63,58.02,-4.375585,77.37,74.69,77.32,77.15,72.66,24.05,26.15,25.54,25.46,26.15,0.68,0.86,0.74,0.74,0.93
3/10/2022 20:15,-0.305,0.05,-1.65,4720,46.1,54.2,58.16,-4.70433,77.64,75.44,76.93,76.85,72.1,23.92,25.89,25.58,25.46,26.23,0.66,0.82,0.76,0.75,0.95
3/10/2022 20:30,-0.271,0.21,-1.65,4719,46.1,54.34,58.31,-4.539958,77.84,75.37,76.56,76.7,71.8,23.83,25.89,25.65,25.48,26.29,0.65,0.82,0.77,0.76,0.96
3/10/2022 20:45,-0.292,0.11,-1.65,4719,45.8,54.46,58.14,-4.868703,77.63,75.53,76,76.37,71.42,23.81,25.8,25.73,25.49,26.28,0.66,0.81,0.79,0.77,0.98
3/10/2022 21:00,-0.307,0,-1.61,4719,46,55.2,58.38,-4.868703,76.72,75.52,74.63,75.04,70.47,23.61,25.35,25.65,25.4,26.11,0.68,0.79,0.84,0.81,1
3/10/2022 21:15,-0.309,0,-1.62,4719,46,55.01,58.76,-4.539958,76.61,76.09,72.9,73.99,69.57,23.21,24.83,25.7,25.25,25.95,0.67,0.75,0.89,0.84,1.02
3/10/2022 21:30,-0.253,0.27,-1.62,4719,46,54.82,58.83,-4.539958,76.93,77.33,71.91,73.37,68.91,22.97,24.3,25.72,25.19,25.89,0.65,0.69,0.93,0.85,1.04
3/10/2022 21:45,-0.242,0.26,-1.55,4719,46,53.84,58.64,-4.375585,77,77.89,71.28,72.55,68.29,22.85,24.09,25.77,25.26,25.97,0.64,0.66,0.95,0.88,1.06
3/10/2022 22:00,-0.253,0.16,-1.5,4718,46,54.82,58.55,-4.211213,76.8,77.39,70.43,72,67.59,22.82,24.12,25.91,25.31,26.11,0.64,0.68,0.99,0.9,1.1
3/10/2022 22:15,-0.251,0.26,-1.6,4719,46,53.22,58.24,-4.539958,77.25,77.58,69.83,71.95,67.43,22.82,24.18,26.13,25.32,26.12,0.63,0.68,1.02,0.91,1.1
3/10/2022 22:30,-0.255,0.15,-1.5,4719,45.8,52.83,56.94,-4.868703,76.54,70.24,71.7,70.3,65.58,23.53,26.52,25.94,25.92,27.09,0.68,1.03,0.95,0.99,1.23
3/10/2022 22:45,-0.243,0.21,-1.5,4718,46,52.4,56.75,-4.868703,71.6,67.14,71.2,67.88,63.89,24.78,27.44,26.21,26.64,27.59,0.89,1.2,0.98,1.12,1.33
3/10/2022 23:00,-0.182,0.42,-1.41,4719,45.7,52.71,57.09,-4.868703,68.41,67.77,70.14,66.83,63.34,25.62,27.29,26.49,26.98,27.67,1.04,1.17,1.03,1.18,1.36
3/10/2022 23:15,-0.182,0.42,-1.41,4719,45.8,52.93,56.75,-4.539958,66.5,68.45,69.18,66.14,62.93,26.05,27.08,26.69,27.1,27.78,1.13,1.13,1.08,1.21,1.38
3/10/2022 23:30,-0.129,0.59,-1.32,4718,46,53.86,57.47,-4.539958,65.68,68.63,68.93,65.75,62.57,26.16,26.92,26.67,27.11,28.1,1.16,1.11,1.09,1.23,1.42
3/10/2022 23:45,-0.139,0.47,-1.24,4719,46,52.55,56.61,-4.70433,64.69,68.3,67.92,65.1,62.2,26.28,26.9,26.77,27.16,27.93,1.21,1.12,1.13,1.26,1.42
3/11/2022 0:00,-0.108,0.59,-1.21,4718,46,53.86,57.49,-4.70433,64.33,67.2,67.42,64.51,61.72,26.18,27.05,26.76,27.14,28.49,1.21,1.17,1.15,1.28,1.49
3/11/2022 0:15,-0.132,0.53,-1.27,4717,46,53.31,57.76,-4.868703,64.2,66.24,67.13,64.17,61.23,26.05,27.14,26.71,27.1,28.43,1.21,1.21,1.15,1.28,1.5
3/11/2022 0:30,-0.242,0,-1.27,4718,45.8,55.46,57.47,-4.375585,64.25,65.57,66.94,63.77,60.83,25.91,27.21,26.65,27.04,28.34,1.2,1.24,1.15,1.29,1.51
3/11/2022 0:45,-0.098,0.63,-1.2,4717,45.8,52.79,57.16,-4.70433,64.21,65,66.36,63.3,60.52,25.76,27.22,26.64,27.02,28.31,1.19,1.26,1.17,1.31,1.52
3/11/2022 1:00,-0.087,0.69,-1.21,4719,46,52.79,57.76,-4.375585,64.18,64.2,66.18,63.19,60.22,25.72,27.38,26.64,26.99,28.13,1.18,1.31,1.18,1.31,1.52
3/11/2022 1:15,-0.088,0.64,-1.16,4717,45.8,52.83,57.52,-4.375585,63.95,64.33,66.09,63.09,59.98,25.75,27.33,26.64,27.02,28.35,1.19,1.3,1.18,1.32,1.54
3/11/2022 1:30,-0.09,0.63,-1.16,4718,45.7,52.64,57.59,-4.539958,63.69,64.08,65.81,62.81,59.82,25.72,27.28,26.62,26.99,28.01,1.2,1.3,1.19,1.33,1.52
3/11/2022 1:45,-0.043,0.8,-1.1,4718,45.8,52.59,57.26,-4.868703,63.35,63.33,65.4,62.46,59.4,25.66,27.37,26.59,26.94,28.28,1.21,1.34,1.2,1.33,1.56
3/11/2022 2:00,-0.078,0.69,-1.16,4718,45.7,52.69,57.35,-4.868703,62.87,62.55,65.15,62.08,59,25.65,27.44,26.54,26.92,27.91,1.22,1.37,1.21,1.35,1.54
3/11/2022 2:15,-0.045,0.8,-1.11,4717,45.7,52.4,57.33,-4.868703,62.63,62.18,64.86,61.94,58.71,25.59,27.47,26.52,26.86,27.94,1.23,1.39,1.22,1.35,1.56
3/11/2022 2:30,-0.065,0.66,-1.06,4718,45.7,53.55,56.92,-4.70433,62.92,61.99,64.94,61.79,58.61,25.49,27.5,26.48,26.87,27.75,1.21,1.4,1.21,1.35,1.54
3/11/2022 2:45,-0.071,0.72,-1.16,4717,45.7,52.79,57.38,-4.70433,62.55,61.84,65.05,61.72,58.58,25.59,27.54,26.44,26.86,27.67,1.23,1.4,1.21,1.35,1.54
3/11/2022 3:00,-0.036,0.89,-1.16,4717,45.7,52.09,57.54,-5.033075,62.84,61.27,65.1,61.71,58.44,25.47,27.68,26.42,26.86,27.69,1.21,1.44,1.2,1.35,1.54
3/11/2022 3:15,-0.05,0.74,-1.07,4718,45.7,52.26,56.61,-4.70433,63.1,60.73,65,61.67,58.17,25.36,27.8,26.43,26.86,27.56,1.19,1.47,1.21,1.36,1.54
3/11/2022 3:30,-0.012,0.85,-0.99,4717,45.7,53.19,57.28,-4.539958,63.11,60.87,64.97,61.59,58.16,25.3,27.72,26.4,26.86,27.82,1.19,1.46,1.21,1.36,1.57
3/11/2022 3:45,-0.022,0.79,-0.98,4718,45.7,52.43,56.75,-4.539958,63.2,60.72,64.73,61.53,58.09,25.23,27.69,26.39,26.81,27.86,1.18,1.46,1.21,1.36,1.57
3/11/2022 4:00,-0.021,0.85,-1.04,4718,45.6,52.5,57.11,-4.868703,63.7,60.68,64.89,61.53,58.22,25.1,27.71,26.38,26.8,27.69,1.16,1.46,1.21,1.36,1.55
3/11/2022 4:15,-0.002,0.85,-0.94,4718,45.7,52.19,56.78,-4.868703,63.42,60.08,64.42,61.12,57.72,25.15,27.85,26.47,26.89,27.87,1.17,1.5,1.23,1.38,1.59
3/11/2022 4:30,0.019,1.01,-1,4717,45.7,52.62,57.28,-4.868703,62.55,60.12,63.89,60.57,57.28,25.27,27.75,26.53,26.95,27.81,1.21,1.49,1.25,1.4,1.6
3/11/2022 4:45,0.033,0.97,-0.88,4718,45.7,52.71,56.78,-4.70433,62.09,59.61,63.75,60.39,57.05,25.28,27.81,26.49,26.92,27.67,1.22,1.51,1.25,1.41,1.59
3/11/2022 5:00,-0.001,0.91,-1,4718,45.7,52.4,57.02,-4.70433,62.2,59.43,63.72,60.35,57.11,25.23,27.86,26.46,26.89,27.54,1.21,1.52,1.25,1.4,1.58
3/11/2022 5:15,0.01,0.96,-0.99,4718,45.8,51.83,56.94,-4.868703,62.37,59.02,63.67,60.39,57.07,25.16,27.96,26.44,26.87,27.6,1.2,1.55,1.25,1.4,1.59
3/11/2022 5:30,0.01,0.96,-0.99,4718,45.8,51.78,56.92,-4.70433,62.56,58.68,63.82,60.41,57.07,25.08,28.06,26.4,26.84,27.65,1.19,1.57,1.25,1.4,1.59
3/11/2022 5:45,0.066,1.08,-0.83,4718,45.8,51.8,56.68,-5.033075,63.09,58.8,63.88,60.46,57.03,25.01,28.06,26.4,26.86,27.73,1.17,1.56,1.24,1.4,1.6
3/11/2022 6:00,0.077,1.18,-0.88,4719,45.8,52.09,56.66,-4.868703,63.42,58.93,63.85,60.66,57.17,24.98,28.07,26.47,26.87,27.64,1.16,1.56,1.25,1.39,1.59
3/11/2022 6:15,0.105,1.16,-0.71,4720,46,51.64,56.73,-4.539958,62.77,58.92,63.84,60.6,57.1,25.12,28.06,26.46,26.91,27.6,1.19,1.56,1.25,1.4,1.58
3/11/2022 6:30,0.088,1.18,-0.82,4719,46,52.04,56.61,-3.553723,62.7,58.67,63.77,60.49,57.03,25.07,28.08,26.42,26.86,27.58,1.19,1.57,1.25,1.4,1.58
3/11/2022 6:45,0.055,1.02,-0.82,4720,46.1,52.4,56.44,2.856804,62.81,58.56,63.64,60.44,56.96,24.98,28.06,26.42,26.81,27.52,1.18,1.57,1.25,1.39,1.58
3/11/2022 7:00,0.164,1.35,-0.61,4719,46.1,51.83,56.39,20.937776,62.75,58.31,63.67,60.59,56.9,25.05,28.1,26.38,26.78,27.56,1.18,1.59,1.25,1.39,1.59
3/11/2022 7:15,0.709,2.92,0.53,4718,46.1,51.04,56.06,44.44304,60.9,64.86,64.16,60.32,56.93,26.12,26.66,26.59,27.21,27.98,1.32,1.23,1.25,1.43,1.63
3/11/2022 7:30,1.163,4.09,1.63,4718,45.8,46.59,53.24,64.003364,59.77,69.73,65.82,60.87,57.54,27.02,26.08,26.88,27.72,28.41,1.44,1.02,1.21,1.46,1.64
3/11/2022 7:45,1.628,5.34,2.7,4717,46,43.13,50.23,80.111867,61.6,71.46,67.32,61.38,58.79,27.17,26.37,27.29,28.16,28.7,1.38,0.98,1.19,1.47,1.62
3/11/2022 8:00,2.039,6.43,3.66,4716,46,40.35,48.05,115.616321,63.81,73.19,67.88,62.47,60.43,27.17,26.56,27.7,28.44,29.12,1.3,0.93,1.19,1.46,1.6
3/11/2022 8:15,2.488,7.56,4.78,4717,45.8,38.49,45.71,242.018755,65.89,75.02,69.3,63.42,63.82,27.16,26.71,27.88,28.72,30.3,1.23,0.88,1.15,1.44,1.56
3/11/2022 8:30,2.758,8.23,5.46,4716,46,36.82,43.96,164.106202,67.33,76.23,70.32,64.01,64.54,27.26,26.86,28.07,29.02,32.11,1.18,0.84,1.13,1.44,1.7
3/11/2022 8:45,3.067,8.9,6.35,4715,45.8,35.88,42.36,291.49487,68.2,76.93,70.4,64.4,62.17,27.4,27.1,28.37,29.3,33.18,1.16,0.83,1.14,1.45,1.92
3/11/2022 9:00,3.546,10.5,7.11,4714,45.7,35.57,41.81,205.034948,68.52,77.21,70.12,63.9,60.68,27.51,27.29,28.65,29.65,33.79,1.16,0.83,1.17,1.5,2.07
3/11/2022 9:15,3.865,11.13,8.09,4710,45.8,35.17,41.5,249.415516,67.61,75.28,64.51,59.63,58.97,26.53,26.66,28.7,29.43,34.11,1.12,0.86,1.4,1.66,2.2
3/11/2022 9:30,3.938,11.19,8.41,4707,45.7,33.54,39.97,318.780701,66.27,73.9,61.79,57.78,57.92,26.02,26.15,28.49,29.08,34.05,1.14,0.89,1.49,1.7,2.24
3/11/2022 9:45,3.97,11.34,8.41,4704,45.6,32.94,39.71,293.960457,65.54,72.45,60.88,56.58,55.48,25.99,26.24,28.43,29.13,34.16,1.16,0.94,1.52,1.75,2.39
3/11/2022 10:00,4.087,11.58,8.76,4702,45.5,32.32,39.09,295.439809,65.07,71.67,60.39,56.28,54.81,26.05,26.34,28.51,29.24,34.43,1.18,0.97,1.54,1.78,2.46
3/11/2022 10:15,4.184,11.8,9.03,4700,45.5,31.51,38.23,526.383136,65.04,71.31,60.11,56.45,54.01,26.11,26.44,28.65,29.37,35.06,1.18,0.99,1.57,1.78,2.59
3/11/2022 10:30,4.223,11.95,9.07,4699,45.4,31.37,37.51,366.941836,65.35,71.78,59.94,56.42,52.33,26.16,26.43,28.76,29.53,35.47,1.18,0.97,1.58,1.8,2.75
3/11/2022 10:45,4.313,12.18,9.29,4697,45.4,31.27,37.37,400.966938,66.44,72.97,60.28,56.19,50.61,25.99,26.27,28.8,29.74,35.5,1.13,0.92,1.57,1.83,2.85
3/11/2022 11:00,4.201,11.81,9.11,4697,45.4,31.03,37.03,804.830109,67.57,73.84,60.5,56.48,51.55,25.88,26.21,28.8,30,35.15,1.08,0.89,1.56,1.85,2.75
3/11/2022 11:15,4.201,11.89,9.02,4696,45.3,30.86,37.29,1189.461701,69.19,74.6,65.52,61.88,54.15,25.85,26.25,28.58,30.27,34.55,1.03,0.87,1.35,1.64,2.51
3/11/2022 11:30,4.118,11.61,8.89,4696,45.3,30.98,37.32,1352.847941,71.13,76.79,70.39,65.93,56.6,25.91,26.24,28.01,30.39,34.33,0.97,0.79,1.12,1.48,2.35
3/11/2022 11:45,4.019,11.44,8.56,4696,45.3,31.58,37.6,1363.696524,72.07,78.24,72.05,68.24,56.93,25.96,26.16,27.94,30.41,34.6,0.94,0.74,1.05,1.38,2.37
3/11/2022 12:00,3.975,11.31,8.47,4697,45.4,31.84,38.11,524.246294,73.15,79.31,73.34,69.45,56.51,25.89,26.1,27.85,30.48,34.64,0.9,0.7,1,1.33,2.4
3/11/2022 12:15,3.744,10.69,7.94,4698,45.3,32.32,38.68,1334.931341,74.28,80.3,74.39,70.76,58.24,25.84,26.01,27.83,30.6,34.2,0.86,0.66,0.96,1.28,2.25
3/11/2022 12:30,3.581,10.31,7.5,4699,45.4,33.01,39.59,1425.82932,75.01,81.3,74.97,71.16,59.77,25.79,25.93,27.83,30.77,33.62,0.83,0.63,0.94,1.28,2.1
3/11/2022 12:45,3.379,9.89,6.9,4701,45.4,33.54,40.62,1073.743478,75.75,82,75.88,71.78,62.12,25.76,25.86,27.76,30.91,32.95,0.8,0.6,0.9,1.26,1.9
3/11/2022 13:00,3.174,9.33,6.44,4703,45.3,34.47,41.12,754.367759,76.51,82.7,76.96,72.13,64.23,25.71,25.77,27.67,30.99,32.41,0.78,0.57,0.85,1.25,1.74
3/11/2022 13:15,2.851,8.55,5.6,4705,45.4,35.74,42.91,483.646293,77.2,83.6,77.56,73.05,67.09,25.68,25.74,27.7,30.98,31.74,0.75,0.54,0.83,1.21,1.54
3/11/2022 13:30,2.613,7.94,5.02,4708,45.3,36.82,43.75,1021.801776,77.83,84.2,78.12,73.69,69.3,25.65,25.66,27.69,30.98,31.35,0.73,0.52,0.81,1.18,1.41
3/11/2022 13:45,2.244,6.95,4.17,4712,45.4,36.98,45.16,1062.894895,78.42,84.9,78.57,75.02,71.19,25.61,25.61,27.67,31,31.12,0.71,0.5,0.79,1.12,1.3
3/11/2022 14:00,1.964,6.3,3.41,4714,45.4,39.76,46.21,1016.541857,79.26,85.5,78.83,75.73,72.6,25.59,25.56,27.75,31.09,31.01,0.68,0.47,0.79,1.1,1.23
3/11/2022 14:15,1.671,5.49,2.76,4717,45.4,40.9,47.62,775.243064,79.57,85.8,79.16,76.02,73.49,25.62,25.59,27.75,31.2,30.94,0.67,0.47,0.78,1.09,1.19
3/11/2022 14:30,1.555,5.23,2.44,4718,45.4,42.96,49.53,399.487586,79.71,86,78.54,76.14,74.04,25.65,25.55,27.91,31.26,30.85,0.67,0.46,0.81,1.09,1.16
3/11/2022 14:45,1.321,4.59,1.91,4721,45.5,44.25,51.33,357.24386,79.94,86.4,78.82,75.64,74.16,25.67,25.56,27.93,31.29,30.79,0.66,0.45,0.8,1.11,1.15
3/11/2022 15:00,1.115,4.08,1.39,4723,45.4,45.33,51.69,322.232523,80.1,86.5,78.97,75.21,74.67,25.64,25.53,27.83,31.26,30.62,0.65,0.44,0.79,1.13,1.11
3/11/2022 15:15,0.97,3.63,1.12,4725,45.4,45.95,52.71,294.124829,80.3,86.7,80,75.51,74.65,25.66,25.54,27.61,31.07,30.51,0.65,0.44,0.74,1.1,1.11
3/11/2022 15:30,0.85,3.37,0.78,4727,45.5,46.52,52.88,301.028473,80.5,87,80.6,76,74.98,25.63,25.47,27.46,30.84,30.36,0.64,0.42,0.71,1.07,1.08
3/11/2022 15:45,0.734,3.07,0.5,4729,45.4,47.48,54.03,659.031724,80.6,87.3,81,76.14,75.15,25.61,25.41,27.29,30.54,30.17,0.64,0.41,0.69,1.04,1.06
3/11/2022 16:00,0.645,2.74,0.39,4731,45.5,48.03,54.17,600.35075,80.3,87.2,81.2,76.91,75.32,25.53,25.3,27.16,30.1,29.95,0.64,0.41,0.68,0.99,1.04
3/11/2022 16:15,0.525,2.42,0.11,4732,45.5,48.79,54.82,265.852764,80.2,87.2,81.8,77.52,74.97,25.53,25.25,26.97,29.69,29.79,0.65,0.41,0.65,0.94,1.05
3/11/2022 16:30,0.461,2.26,-0.05,4734,45.5,49.32,55.18,313.520781,79.97,87.2,82.1,78.01,75.01,25.47,25.18,26.84,29.33,29.52,0.65,0.41,0.63,0.9,1.03
3/11/2022 16:45,0.385,2,-0.16,4735,45.4,49.89,55.01,535.423623,79.47,87.1,82.2,78.18,74.77,25.51,25.14,26.75,28.99,29.36,0.67,0.41,0.63,0.87,1.03
3/11/2022 17:00,0.308,1.83,-0.38,4737,45.5,49.22,55.87,459.319167,79.25,86.9,81.9,78.6,75.21,25.56,25.15,26.7,28.53,28.98,0.68,0.42,0.63,0.83,0.99
3/11/2022 17:15,0.124,1.34,-0.81,4739,45.4,49.39,55.53,291.823615,82.3,88.8,84.8,80.6,77.23,25.84,25.35,26.76,28.21,28.8,0.59,0.36,0.53,0.74,0.9
3/11/2022 17:30,0.03,0.99,-0.92,4743,45.4,50.73,55.99,238.40256,82.6,89.8,86.2,82.5,78.17,26,25.45,26.81,27.95,28.7,0.58,0.33,0.49,0.66,0.86
3/11/2022 17:45,-0.011,0.9,-1.04,4747,45.5,52.07,56.68,168.379886,81.2,89.4,85.8,82.2,77.87,26.17,25.49,26.73,27.78,28.42,0.64,0.35,0.5,0.66,0.86
3/11/2022 18:00,-0.035,0.85,-1.11,4748,45.4,51.9,57.38,108.548305,79.8,88.4,85.3,81.6,77.89,26.25,25.44,26.57,27.49,27.95,0.69,0.38,0.51,0.68,0.83
3/11/2022 18:15,-0.087,0.69,-1.21,4748,45.5,51.97,57.16,29.1564,79.06,87.6,84.5,79,74.8,26.34,25.4,26.45,27.33,27.93,0.72,0.4,0.54,0.76,0.95
3/11/2022 18:30,-0.109,0.64,-1.27,4748,45.6,52.52,57.47,-0.430646,76.8,85.8,82.3,77.18,73.09,26.46,25.4,26.53,27.34,27.87,0.8,0.46,0.61,0.83,1.01
3/11/2022 18:45,-0.119,0.59,-1.27,4748,45.4,52.88,57.3,-4.70433,74.6,84.3,80.2,75.61,71.97,26.4,25.23,26.45,27.2,27.64,0.87,0.5,0.68,0.88,1.04
3/11/2022 19:00,-0.12,0.54,-1.22,4747,45.6,53.79,57.73,-4.375585,72.47,82.8,78.23,74.03,70.78,26.26,25.05,26.26,26.93,27.36,0.94,0.55,0.74,0.92,1.06
3/11/2022 19:15,-0.165,0.49,-1.4,4746,45.6,53.79,58.04,-4.70433,70.47,81.2,76.77,72.66,69.2,26.28,24.97,26.12,26.77,27.27,1.01,0.59,0.79,0.96,1.12
3/11/2022 19:30,-0.133,0.59,-1.34,4746,45.5,52.62,57.9,-4.70433,68.85,79.36,75.58,71.29,67.66,26.29,25.05,26.05,26.72,27.3,1.07,0.66,0.82,1.01,1.17
3/11/2022 19:45,-0.144,0.48,-1.28,4745,45.5,52.79,57.23,-4.539958,67.36,78.01,74.34,70.08,66.43,26.32,25.12,26.04,26.71,27.33,1.12,0.7,0.86,1.05,1.22
3/11/2022 20:00,-0.153,0.53,-1.38,4745,45.6,52.31,57.26,-4.539958,66.48,76.54,73.22,69.35,65.54,26.33,25.29,26.1,26.69,27.36,1.15,0.76,0.91,1.07,1.25
3/11/2022 20:15,-0.163,0.48,-1.38,4745,45.7,53.02,57.47,-4.868703,65.73,74.77,71.6,68.09,64.72,26.37,25.6,26.3,26.83,27.43,1.18,0.83,0.97,1.13,1.29
3/11/2022 20:30,-0.132,0.53,-1.27,4745,45.6,52.38,57.02,-4.868703,65.24,73.58,70.39,67.32,64.23,26.35,25.78,26.48,26.89,27.43,1.19,0.88,1.02,1.16,1.31
3/11/2022 20:45,-0.152,0.48,-1.32,4744,45.6,52.81,57.23,-4.539958,65.1,72.46,69.63,66.68,63.88,26.26,25.93,26.53,26.96,27.41,1.19,0.92,1.05,1.19,1.32
3/11/2022 21:00,-0.13,0.53,-1.26,4744,45.6,51.88,57.04,-4.375585,64.94,71.42,68.78,66.12,63.39,26.18,26.12,26.66,26.98,27.46,1.19,0.97,1.09,1.21,1.34
3/11/2022 21:15,-0.132,0.63,-1.38,4743,45.8,52.21,57.45,-5.033075,64.96,70.92,68.4,65.66,63.02,26.09,26.16,26.63,27.01,27.44,1.18,0.99,1.1,1.23,1.35
3/11/2022 21:30,-0.131,0.58,-1.32,4743,45.7,52.59,56.99,-4.539958,64.73,70.1,67.74,65.19,62.74,26.07,26.29,26.73,27.05,27.47,1.19,1.02,1.13,1.24,1.37
3/11/2022 21:45,-0.12,0.58,-1.26,4743,45.8,52.45,57.11,-4.70433,64.36,69.22,67.3,64.84,62.31,26.08,26.46,26.79,27.06,27.46,1.2,1.06,1.15,1.26,1.38
3/11/2022 22:00,-0.111,0.63,-1.27,4743,45.7,52.19,57.4,-4.539958,64.16,68.57,67.2,64.41,61.89,26.04,26.54,26.72,27.11,27.52,1.21,1.09,1.15,1.28,1.4
3/11/2022 22:15,-0.121,0.6,-1.29,4743,45.7,52.79,57.57,-5.033075,63.94,67.99,66.9,64.22,61.63,26.06,26.66,26.75,27.1,27.6,1.22,1.12,1.16,1.28,1.42
3/11/2022 22:30,-0.112,0.58,-1.22,4743,45.7,51.9,57.4,-4.868703,63.58,67.61,66.9,63.95,61.41,26.09,26.72,26.72,27.11,27.69,1.23,1.14,1.16,1.29,1.43
3/11/2022 22:45,-0.121,0.49,-1.17,4743,45.8,53.19,57.69,-4.868703,63.41,67,66.52,63.66,61.05,26.08,26.82,26.77,27.15,27.71,1.24,1.16,1.18,1.31,1.45
3/11/2022 23:00,-0.123,0.59,-1.29,4743,45.8,52.59,57.35,-4.539958,63.62,66.23,66.51,63.51,60.83,25.96,26.96,26.73,27.13,27.62,1.22,1.2,1.18,1.31,1.45
3/11/2022 23:15,-0.112,0.6,-1.24,4743,45.8,52.86,57.06,-4.539958,63.37,66.41,66.14,63.33,60.75,25.98,26.88,26.76,27.12,27.75,1.23,1.19,1.19,1.32,1.46
3/11/2022 23:30,-0.1,0.58,-1.16,4742,45.7,52.45,57.14,-4.211213,63.33,65.76,66.05,63.14,60.52,25.93,26.98,26.75,27.12,27.97,1.23,1.22,1.19,1.32,1.49
3/11/2022 23:45,-0.099,0.64,-1.22,4743,45.7,52.62,57.61,-5.197448,63.09,65.49,65.99,62.99,60.26,25.96,27.06,26.73,27.14,27.93,1.24,1.23,1.19,1.33,1.5
3/12/2022 0:00,-0.089,0.69,-1.22,4743,45.7,52.5,57.49,-4.539958,63.34,65.03,65.84,62.89,60.12,25.85,27.14,26.78,27.13,27.88,1.22,1.26,1.2,1.33,1.5
3/12/2022 0:15,-0.067,0.74,-1.16,4743,45.8,51.71,57.14,-4.70433,63.5,65.03,66.04,62.77,60.11,25.79,27.14,26.71,27.16,27.85,1.21,1.26,1.19,1.34,1.49
3/12/2022 0:30,-0.1,0.59,-1.17,4743,45.7,52.93,57.66,-4.70433,63.54,64.87,65.63,62.77,59.9,25.77,27.13,26.76,27.13,28.12,1.21,1.26,1.21,1.34,1.53
3/12/2022 0:45,-0.077,0.75,-1.22,4742,45.8,52,57.49,-4.211213,63.32,64.58,65.81,62.62,59.74,25.78,27.18,26.72,27.13,27.9,1.22,1.28,1.2,1.34,1.51
3/12/2022 1:00,-0.111,0.64,-1.28,4743,45.7,52.88,57.61,-4.70433,63.19,64.1,65.76,62.37,59.6,25.76,27.27,26.67,27.14,27.96,1.22,1.3,1.2,1.35,1.52
3/12/2022 1:15,-0.109,0.64,-1.27,4743,45.7,52.47,57.42,-4.375585,62.99,63.42,65.17,62.22,59.21,25.71,27.36,26.73,27.11,27.93,1.22,1.33,1.22,1.36,1.54
3/12/2022 1:30,-0.089,0.69,-1.22,4743,45.6,51.78,57.26,-4.539958,62.73,63.24,65.11,62.05,59.17,25.7,27.33,26.68,27.09,28.04,1.23,1.34,1.22,1.36,1.55
3/12/2022 1:45,-0.075,0.7,-1.16,4743,45.7,52.86,57.28,-4.375585,62.8,63.28,65.08,61.89,58.94,25.62,27.29,26.66,27.06,28.13,1.22,1.33,1.22,1.36,1.56
3/12/2022 2:00,-0.077,0.74,-1.21,4743,45.7,52.07,57.26,-4.539958,62.97,62.62,64.82,61.73,58.71,25.54,27.41,26.66,27.06,28.36,1.21,1.37,1.23,1.37,1.59
3/12/2022 2:15,-0.078,0.69,-1.16,4743,45.7,52.33,56.97,-4.539958,62.57,62.4,64.69,61.52,58.49,25.58,27.42,26.65,27.07,27.87,1.23,1.37,1.23,1.38,1.56
3/12/2022 2:30,-0.055,0.8,-1.16,4744,45.7,52.14,56.75,-4.375585,62.9,62.27,64.72,61.49,58.51,25.43,27.42,26.58,27.02,27.79,1.21,1.38,1.23,1.37,1.55
3/12/2022 2:45,-0.073,0.76,-1.21,4743,45.6,53.14,57.3,-4.868703,62.94,61.66,64.74,61.58,58.42,25.39,27.58,26.55,26.97,27.65,1.2,1.41,1.22,1.37,1.54
3/12/2022 3:00,-0.022,0.83,-1.02,4744,45.7,53.93,57.88,-4.539958,62.69,65.53,64.39,61.88,59.19,25.44,26.39,26.52,26.82,27.38,1.21,1.19,1.23,1.34,1.49
3/12/2022 3:15,-0.056,0.81,-1.18,4744,45.7,52.57,57.83,-4.375585,62.31,66.88,65.01,62.3,59.76,25.47,25.97,26.33,26.64,27.1,1.23,1.11,1.2,1.32,1.44
3/12/2022 3:30,-0.08,0.75,-1.24,4744,45.7,52.47,58.02,-5.033075,62.49,66.36,64.8,62.02,59.53,25.36,26.05,26.33,26.68,27.18,1.21,1.13,1.21,1.33,1.46
3/12/2022 3:45,-0.069,0.76,-1.19,4744,45.7,53.05,57.78,-4.868703,62.37,66.34,64.53,61.69,59.32,25.38,26.04,26.36,26.73,27.12,1.22,1.13,1.22,1.34,1.46
3/12/2022 4:00,-0.101,0.64,-1.23,4744,45.7,52.19,57.4,-5.033075,62.16,66.34,64.65,61.67,59.29,25.42,26.02,26.32,26.71,27.12,1.23,1.13,1.21,1.34,1.46
3/12/2022 4:15,-0.057,0.8,-1.17,4745,45.7,52.38,57.61,-4.539958,62.25,66.37,64.78,61.7,59.38,25.4,26.03,26.29,26.71,27.09,1.22,1.13,1.2,1.34,1.46
3/12/2022 4:30,-0.065,0.76,-1.17,4746,45.8,53,57.73,-4.70433,62.37,66.57,64.78,61.94,59.38,25.45,26.03,26.35,26.7,27.17,1.22,1.13,1.21,1.33,1.46
3/12/2022 4:45,-0.058,0.85,-1.23,4746,45.7,51.85,57.59,-5.033075,62.35,66.83,65.17,62.15,59.51,25.51,26.02,26.3,26.72,27.2,1.23,1.12,1.19,1.33,1.46
3/12/2022 5:00,-0.064,0.71,-1.11,4748,45.7,53.12,57.28,-4.70433,62.55,67.26,65.14,62.21,59.48,25.51,25.99,26.39,26.77,27.27,1.22,1.1,1.2,1.33,1.47
3/12/2022 5:15,-0.047,0.8,-1.12,4748,45.7,52.4,57.66,-4.70433,62.21,67.62,65.11,62.43,59.61,25.64,25.96,26.45,26.77,27.28,1.24,1.09,1.2,1.32,1.46
3/12/2022 5:30,-0.042,0.77,-1.06,4748,45.7,53.29,57.49,-4.539958,62.31,67.65,64.94,62.25,59.65,25.67,25.97,26.53,26.86,27.31,1.24,1.09,1.22,1.33,1.46
3/12/2022 5:45,-0.001,1.01,-1.11,4748,45.7,51.69,57.11,-4.539958,62.26,68.17,65.09,62.39,59.75,25.72,25.85,26.47,26.81,27.29,1.25,1.06,1.21,1.33,1.46
3/12/2022 6:00,0.043,1.08,-0.95,4749,46,52.12,57.35,-4.375585,62.12,68.27,65.15,62.45,59.93,25.76,25.84,26.51,26.82,27.28,1.26,1.06,1.21,1.32,1.45
3/12/2022 6:15,0.011,0.98,-1.01,4749,45.8,51.92,57.18,-4.375585,62.04,68.62,65.2,62.73,59.93,25.82,25.79,26.51,26.79,27.29,1.26,1.04,1.21,1.31,1.45
3/12/2022 6:30,-0.013,0.98,-1.14,4749,45.8,51.9,58.07,-3.553723,62.2,68.8,65.12,62.67,59.87,25.78,25.75,26.55,26.82,27.33,1.25,1.03,1.21,1.32,1.46
3/12/2022 6:45,-0.069,0.6,-1.02,4750,46,52.59,57.35,4.664901,61.97,69.13,65.45,62.8,60.02,25.87,25.71,26.47,26.82,27.33,1.27,1.02,1.19,1.31,1.45
3/12/2022 7:00,0.252,1.67,-0.5,4750,46,50.18,56.25,22.417128,61.78,69.59,65.89,62.86,60.03,26,25.68,26.51,26.87,27.41,1.28,1,1.18,1.31,1.46
3/12/2022 7:15,0.759,3.06,0.64,4749,46,48.63,54.7,45.10053,62.6,72.2,67.1,62.32,59.89,26.37,25.62,26.68,27.45,27.92,1.28,0.91,1.15,1.38,1.51
3/12/2022 7:30,1.284,4.58,1.73,4749,45.8,44.63,51.92,61.537777,64.53,73.75,69.23,62.26,60.87,26.48,25.93,26.93,28.11,28.3,1.23,0.88,1.09,1.44,1.51
3/12/2022 7:45,1.732,5.63,2.93,4749,46,41.41,48.91,81.426847,66.49,75.19,69.9,63.5,62.74,26.62,26.25,27.38,28.4,28.83,1.17,0.85,1.1,1.41,1.48
3/12/2022 8:00,2.254,7.04,4.12,4748,45.6,38.03,46.14,112.657617,68.07,76.54,70.64,64.35,67.38,26.87,26.59,27.78,28.8,30.29,1.13,0.82,1.1,1.41,1.41
3/12/2022 8:15,2.814,8.39,5.58,4747,45.7,35.48,42.74,262.400942,69.55,77.4,71,65.16,66.49,27.24,26.97,28.31,29.28,32.54,1.1,0.8,1.12,1.42,1.64
3/12/2022 8:30,3.259,9.45,6.75,4746,45.6,33.21,40.88,167.558024,70.72,77.89,71.34,65.61,62.57,27.6,27.45,28.85,29.87,34.64,1.08,0.81,1.14,1.45,2.06
3/12/2022 8:45,3.574,10.14,7.65,4745,45.6,32.08,38.7,370.722403,71.76,78.44,71.09,66.04,61.15,27.99,27.92,29.52,30.47,36.21,1.07,0.81,1.19,1.48,2.33
3/12/2022 9:00,4.669,13.67,9.53,4743,45.5,32.97,37.68,207.500535,71.13,78.5,69.8,64.93,59.49,28.31,28.28,30.22,31.09,37.35,1.11,0.83,1.3,1.58,2.59
3/12/2022 9:15,5.08,14.33,10.96,4736,45.4,31.89,37.75,273.085152,68.58,74.78,62.62,58.85,54.39,27.12,27.56,29.94,31.13,37.31,1.13,0.93,1.58,1.86,2.91
3/12/2022 9:30,5.056,14.04,11.15,4731,45.4,30.67,36.86,322.561267,72.85,76.82,62.52,57.92,52.19,25.89,26.69,29.37,30.87,36.7,0.91,0.81,1.53,1.88,2.95
3/12/2022 9:45,5.084,14.01,11.33,4729,45.4,29.74,35.72,295.932927,73.19,77.16,62.62,57.3,52.61,25.63,26.41,29.23,30.97,36.67,0.88,0.79,1.52,1.92,2.92
3/12/2022 10:00,5.065,13.89,11.36,4724,45.3,29.12,34.95,311.219567,73.28,77.29,62.26,56.46,51.2,25.57,26.26,29.25,31.13,37.14,0.88,0.78,1.53,1.97,3.09
3/12/2022 10:15,5.015,13.74,11.26,4722,45.2,28.76,34.47,548.244676,73.79,77.59,62.69,56.62,49.43,25.53,26.27,29.26,31.18,37.99,0.86,0.77,1.52,1.97,3.35
3/12/2022 10:30,5.058,13.94,11.27,4721,45.2,28.23,33.92,381.242241,74.45,78.15,63.4,57.46,49.93,25.55,26.28,29.3,31.16,38.47,0.84,0.75,1.49,1.93,3.4
3/12/2022 10:45,5.031,13.83,11.25,4719,45.2,28.09,33.71,474.441434,75.57,78.86,64,58.19,48.6,25.55,26.4,29.41,31.37,38.8,0.8,0.73,1.48,1.92,3.56
3/12/2022 11:00,4.95,13.53,11.15,4720,45.2,28.23,33.78,725.273831,76.52,79.52,64.65,58.22,48.59,25.6,26.47,29.53,31.81,38.42,0.77,0.71,1.46,1.97,3.48
3/12/2022 11:15,4.805,13.25,10.7,4719,44.9,28.26,33.92,1174.668178,77.49,80.4,70.7,66.03,52.67,25.63,26.36,29.22,32.17,37.73,0.74,0.67,1.19,1.63,3.09
3/12/2022 11:30,4.744,13.03,10.62,4718,44.9,28.42,34.09,1248.635792,79.28,83.3,75.51,69.06,54.75,25.74,26.13,28.64,32.48,37.45,0.69,0.57,0.96,1.51,2.91
3/12/2022 11:45,4.663,12.83,10.41,4719,44.9,28.64,34.19,1400.844703,79.92,84.6,77.65,69.82,56.7,25.81,26.1,28.45,32.79,36.86,0.67,0.52,0.87,1.5,2.7
3/12/2022 12:00,4.649,12.93,10.23,4720,44.9,28.81,34.81,529.177469,80.6,85.1,79.01,70.33,58.09,25.84,26.18,28.41,33.08,36.34,0.65,0.51,0.81,1.5,2.54
3/12/2022 12:15,4.474,12.43,9.86,4720,44.9,28.93,35.12,1306.823648,81.1,86,79.73,71.05,60.65,25.84,26.14,28.54,33.31,35.94,0.63,0.47,0.79,1.48,2.33
3/12/2022 12:30,4.354,12.22,9.46,4722,44.9,29.72,35.52,1342.16373,81.5,86.5,79.95,71.49,62.48,25.82,26.14,28.69,33.53,35.44,0.62,0.46,0.79,1.48,2.16
3/12/2022 12:45,4.145,11.66,8.98,4724,44.9,30.19,36.39,957.203393,82,87.1,80.2,71.75,64.77,25.85,26.13,28.76,33.76,34.98,0.6,0.44,0.78,1.48,1.98
3/12/2022 13:00,3.939,11.21,8.39,4726,44.8,30.93,37.49,726.260066,82.3,87.5,80.7,72.18,65.91,25.91,26.14,28.82,33.96,34.72,0.59,0.42,0.77,1.48,1.89
3/12/2022 13:15,3.731,10.7,7.86,4729,44.9,31.77,38.27,502.877873,82.5,87.7,81.2,72.63,67.66,25.95,26.19,28.86,34.13,34.45,0.59,0.42,0.75,1.47,1.76
3/12/2022 13:30,3.475,10.05,7.23,4731,44.8,32.56,39.28,1062.237405,82.8,87.9,81.6,73.19,69.24,26.02,26.23,28.94,34.25,34.24,0.58,0.41,0.73,1.45,1.66
3/12/2022 13:45,3.114,9.16,6.31,4733,45,32.7,40.66,1097.906232,82.9,88.1,81.8,73.61,70.27,26.08,26.28,28.98,34.34,34.18,0.58,0.41,0.73,1.43,1.6
3/12/2022 14:00,2.817,8.48,5.5,4737,44.9,34.76,41.96,1061.744288,83,88.2,81.7,74.03,71.18,26.09,26.32,29.1,34.32,34.02,0.57,0.4,0.74,1.41,1.53
3/12/2022 14:15,2.38,7.3,4.5,4739,45.2,35.86,42.98,912.658453,83,88.2,81.6,73.97,71.63,26.14,26.37,29.11,34.34,33.91,0.58,0.41,0.74,1.41,1.5
3/12/2022 14:30,2.225,6.95,4.07,4741,45.2,39.68,46.23,406.226857,82.8,88.1,80.8,73.45,71.71,26.19,26.37,29.2,34.2,33.64,0.58,0.41,0.78,1.43,1.47
3/12/2022 14:45,1.984,6.35,3.46,4745,45,40.78,47.41,356.58637,82.5,87.7,81.1,72.87,72.11,26.22,26.44,29.03,34.02,33.29,0.6,0.42,0.76,1.44,1.43
3/12/2022 15:00,1.692,5.53,2.83,4747,45,42.55,49.41,322.396895,82.3,87.5,81.6,72.56,72.55,26.18,26.44,28.89,33.95,33.13,0.6,0.43,0.73,1.46,1.39
3/12/2022 15:15,1.542,5.25,2.35,4748,45.2,43.72,50.56,289.686772,81.9,87.2,81.8,72.49,72.5,26.06,26.32,28.68,33.75,32.95,0.61,0.44,0.72,1.44,1.38
3/12/2022 15:30,1.337,4.64,1.94,4751,44.9,44.11,51.28,278.345072,81.9,87.4,82,72.84,72.5,25.92,26.09,28.45,33.43,32.72,0.61,0.43,0.7,1.4,1.36
3/12/2022 15:45,1.171,4.25,1.5,4753,44.9,45.06,52.07,611.692451,82,87.6,82.1,72.65,72.6,25.78,25.93,28.26,33.21,32.53,0.6,0.42,0.69,1.39,1.34
3/12/2022 16:00,1.004,3.72,1.2,4754,45,46.21,52.86,377.626047,82.1,87.7,82.3,73.29,72.41,25.69,25.79,28.06,32.79,32.35,0.59,0.41,0.67,1.33,1.34
3/12/2022 16:15,0.921,3.58,0.92,4755,45,46.38,53.38,288.20742,82.3,88,82.6,73.51,72.42,25.58,25.66,27.83,32.48,32.1,0.58,0.4,0.65,1.29,1.32
3/12/2022 16:30,0.815,3.28,0.69,4758,45,46.98,53.6,256.812277,82.5,88.3,82.7,73.99,72.39,25.53,25.51,27.7,32.11,31.87,0.57,0.38,0.64,1.24,1.3
3/12/2022 16:45,0.689,2.89,0.46,4760,45,47.69,54.17,570.106215,82.7,88.6,83.2,74.67,72.54,25.51,25.45,27.49,31.68,31.64,0.56,0.37,0.62,1.18,1.28
3/12/2022 17:00,0.617,2.7,0.29,4762,44.9,48.55,54.7,475.263297,82.7,88.6,83.6,75.38,73.12,25.49,25.4,27.31,31.3,31.25,0.56,0.37,0.6,1.13,1.22
3/12/2022 17:15,0.525,2.42,0.11,4764,45,48.03,54.86,346.230904,82.5,88.7,84.5,76.02,73.5,25.58,25.46,27.49,30.87,30.88,0.57,0.37,0.57,1.07,1.18
3/12/2022 17:30,0.446,2.29,-0.16,4765,45,48.58,55.18,229.690819,81.7,88.2,83,76.76,73.9,25.8,25.64,27.78,30.42,30.54,0.61,0.39,0.63,1.01,1.14
3/12/2022 17:45,0.362,1.99,-0.27,4767,45,49.49,55.44,130.574217,80.9,87.6,82.1,77.03,74.52,25.89,25.71,27.84,29.85,29.94,0.64,0.41,0.67,0.97,1.08
3/12/2022 18:00,0.284,1.77,-0.44,4767,45,49.96,56.01,113.315107,80,87,81.9,77.31,74.89,25.9,25.69,27.67,29.13,29.25,0.67,0.43,0.67,0.92,1.02
3/12/2022 18:15,0.299,1.74,-0.33,4768,45,50.13,55.63,23.732108,79.42,87.2,80.4,73.96,71.22,25.82,25.58,27.43,28.5,28.6,0.68,0.42,0.72,1.01,1.13
3/12/2022 18:30,0.303,1.76,-0.33,4768,45,50.92,56.25,-0.101901,77.13,84.3,76.62,71.53,69.37,25.67,25.38,27.23,28.01,28.11,0.75,0.51,0.84,1.08,1.17
3/12/2022 18:45,0.221,1.53,-0.51,4767,44.9,51.23,56.61,-4.211213,75.54,82.6,75.13,70.89,69.18,25.5,25.11,26.88,27.43,27.5,0.8,0.55,0.88,1.06,1.13
3/12/2022 19:00,0.072,1.11,-0.83,4769,44.9,50.61,56.49,-4.375585,76.91,83.5,75.94,72.46,70.57,25.45,24.93,26.52,27.07,27.28,0.75,0.52,0.83,0.99,1.07
3/12/2022 19:15,0.007,0.9,-0.94,4768,44.9,51.54,56.39,-4.375585,74.28,82.2,76.22,72.29,69.38,25.77,25.07,26.49,27.08,27.45,0.85,0.57,0.82,0.99,1.12
3/12/2022 19:30,0,0.96,-1.05,4768,44.9,51.21,56.59,-4.868703,71.42,80.5,74.84,70.87,68.02,26.08,25.21,26.53,27.09,27.5,0.97,0.63,0.87,1.04,1.17
3/12/2022 19:45,-0.013,0.91,-1.06,4768,44.9,51.66,57.14,-4.868703,69.72,79.44,73.84,69.99,67.26,26.14,25.17,26.49,27.04,27.4,1.03,0.66,0.91,1.07,1.19
3/12/2022 20:00,-0.045,0.81,-1.12,4768,44.8,52.31,57.28,-4.211213,68.66,78.73,73.08,69.36,66.77,26.12,25.09,26.36,26.9,27.25,1.06,0.68,0.92,1.09,1.2
3/12/2022 20:15,-0.057,0.75,-1.12,4767,44.7,52.31,57.57,-4.868703,67.84,78.14,72.74,68.94,66.31,26.08,25.01,26.24,26.77,27.15,1.09,0.69,0.93,1.09,1.21
3/12/2022 20:30,-0.056,0.86,-1.23,4767,44.8,52.33,57.59,-4.868703,66.93,77.5,72.49,68.63,65.73,26.11,25,26.13,26.68,27.11,1.12,0.71,0.93,1.1,1.23
3/12/2022 20:45,-0.069,0.75,-1.18,4767,44.7,52.14,57.66,-4.375585,66.27,77.08,71.99,68.22,65.32,26.09,24.94,26.05,26.6,27.05,1.14,0.72,0.94,1.11,1.24
3/12/2022 21:00,-0.056,0.81,-1.18,4768,44.7,52.57,57.57,-4.375585,65.8,76.65,71.59,67.77,64.95,26.05,24.9,26.02,26.54,27.02,1.15,0.74,0.96,1.12,1.25
3/12/2022 21:15,-0.055,0.76,-1.12,4768,44.8,52.86,57.88,-4.539958,65.3,76.21,71.28,67.5,64.63,26.03,24.87,25.96,26.49,26.96,1.17,0.75,0.96,1.12,1.26
3/12/2022 21:30,-0.056,0.86,-1.23,4768,44.8,52.35,58.19,-4.375585,64.97,75.85,71.11,67.41,64.25,26.04,24.85,25.91,26.46,26.98,1.18,0.76,0.97,1.13,1.27
3/12/2022 21:45,-0.065,0.76,-1.17,4767,44.7,52.83,57.57,-4.539958,64.61,75.56,71.12,67.11,63.96,26.04,24.87,25.89,26.46,27.02,1.19,0.77,0.96,1.14,1.29
3/12/2022 22:00,-0.089,0.69,-1.22,4767,44.7,52.14,57.66,-4.539958,64.28,75.46,70.67,66.89,63.77,26.1,24.86,25.94,26.46,27.02,1.21,0.77,0.98,1.14,1.29
3/12/2022 22:15,-0.066,0.81,-1.23,4767,44.7,52.55,57.83,-4.868703,63.85,75.24,70.6,66.77,63.44,26.17,24.86,25.93,26.48,27.07,1.23,0.78,0.98,1.15,1.31
3/12/2022 22:30,-0.069,0.75,-1.18,4768,44.7,52.62,57.61,-4.70433,63.56,75.01,70.33,66.73,63.36,26.19,24.89,25.92,26.45,27.06,1.24,0.79,0.99,1.15,1.31
3/12/2022 22:45,-0.067,0.75,-1.17,4768,44.7,52.31,57.26,-4.539958,63.26,74.84,70.14,66.59,63.22,26.21,24.89,25.93,26.44,27.06,1.25,0.79,1,1.15,1.32
3/12/2022 23:00,-0.102,0.59,-1.18,4768,44.7,52.93,57.71,-5.033075,63.07,74.61,70.17,66.43,63.1,26.22,24.91,25.92,26.44,27.07,1.26,0.8,1,1.16,1.32
3/12/2022 23:15,-0.102,0.7,-1.3,4767,44.6,52.28,57.85,-4.868703,63.03,74.45,69.98,66.44,63.04,26.21,24.9,25.92,26.41,27.04,1.26,0.8,1,1.16,1.32
3/12/2022 23:30,-0.102,0.71,-1.31,4768,44.7,52.9,58,-4.70433,62.84,74.31,69.87,66.33,62.87,26.22,24.92,25.92,26.41,27.07,1.27,0.81,1.01,1.16,1.33
3/12/2022 23:45,-0.092,0.65,-1.19,4768,44.7,52.31,57.61,-4.375585,62.67,74.2,69.76,66.46,62.86,26.23,24.91,25.92,26.35,27.04,1.27,0.81,1.01,1.15,1.33
3/13/2022 0:00,-0.145,0.45,-1.25,4768,44.8,54.34,58.09,-4.539958,62.7,74.1,69.81,66.55,62.81,26.23,24.92,25.9,26.36,27.02,1.27,0.82,1.01,1.15,1.33
3/13/2022 0:15,-0.123,0.75,-1.46,4768,44.7,52.28,59.72,-4.539958,71.96,79.65,76.26,74.45,66.67,24.8,24.41,25.21,25.55,26.62,0.88,0.62,0.76,0.84,1.16
3/13/2022 0:30,-0.194,0.47,-1.53,4771,44.7,51.95,58.67,-4.70433,79.66,81.5,80.9,77.87,70.92,23.89,24.5,24.72,25.18,26.33,0.6,0.57,0.6,0.71,1
3/13/2022 0:45,-0.229,0.36,-1.59,4773,44.7,51.21,57.49,-4.70433,79.11,80.2,79.49,76.28,70.37,24.11,24.87,25.14,25.62,26.63,0.63,0.62,0.66,0.78,1.03
3/13/2022 1:00,-0.372,-0.32,-1.6,4775,44.7,55.44,57.76,-4.539958,76.31,79.17,78.22,75.04,69.33,24.68,25.1,25.42,25.93,26.86,0.74,0.66,0.71,0.84,1.08
3/13/2022 1:15,-0.298,0.11,-1.68,4785,44.8,56.18,61.1,-4.375585,77.58,81.9,80.7,80.7,70.47,24.28,24.69,25.12,25.16,26.7,0.68,0.56,0.62,0.62,1.03
3/13/2022 1:30,-0.349,0.05,-1.88,4787,44.8,52.81,59.41,-4.868703,82.2,81.5,81.8,79.66,72.03,23.75,24.87,24.93,25.23,26.53,0.52,0.58,0.57,0.65,0.97
3/13/2022 1:45,-0.37,-0.1,-1.83,4784,44.8,53.96,58.26,-4.70433,80.9,80.7,79.72,76.81,70.97,24.08,25.04,25.31,25.81,26.76,0.57,0.61,0.65,0.77,1.02
3/13/2022 2:00,-0.377,-0.15,-1.81,4783,44.8,53.79,57.76,-5.033075,78.16,79.81,78.13,74.75,70.11,24.54,25.2,25.66,26.2,26.92,0.67,0.65,0.72,0.86,1.06
3/13/2022 2:15,-0.339,-0.05,-1.72,4782,44.8,56.42,60.7,-4.868703,78.87,82.4,80.7,79.85,71.13,24.17,24.71,25.27,25.44,26.75,0.64,0.55,0.62,0.66,1.01
3/13/2022 2:30,-0.395,-0.21,-1.84,4783,44.8,55.06,59.81,-4.375585,82.9,81.7,82.1,80.5,72.35,23.69,24.92,24.95,25.18,26.52,0.5,0.58,0.57,0.62,0.96
3/13/2022 2:45,-0.376,-0.09,-1.87,4783,44.7,53.22,58.02,-4.539958,81.8,80.3,80.4,77.71,71.22,23.89,25.15,25.26,25.71,26.76,0.54,0.63,0.63,0.74,1.01
3/13/2022 3:00,-0.343,-0.09,-1.7,4785,44.8,53.22,57.42,-4.375585,79.78,79.58,78.51,75.44,70.28,24.21,25.28,25.54,26.05,26.9,0.61,0.66,0.7,0.83,1.05
3/13/2022 3:15,-0.356,-0.15,-1.7,4784,44.8,53.48,57.71,-4.539958,77.32,78.56,77.36,73.59,69.42,24.62,25.4,25.76,26.33,27.03,0.7,0.7,0.75,0.91,1.09
3/13/2022 3:30,-0.388,-0.15,-1.87,4784,44.7,54.65,58.69,-4.539958,75.56,78.18,76.56,72.57,68.81,24.86,25.44,25.86,26.45,27.09,0.77,0.71,0.78,0.95,1.12
3/13/2022 3:45,-0.346,-0.15,-1.65,4784,44.8,54.86,58.02,-4.539958,74.21,78.04,75.74,72.02,68.34,25.08,25.38,25.94,26.5,27.13,0.82,0.71,0.81,0.97,1.14
3/13/2022 4:00,-0.325,-0.04,-1.66,4784,44.8,54.91,58.09,-4.70433,72.8,77.68,74.91,71.56,68.05,25.31,25.4,26.05,26.55,27.11,0.88,0.72,0.85,0.99,1.15
3/13/2022 4:15,-0.349,-0.1,-1.72,4785,44.7,54.39,58.71,-4.375585,71.9,77.38,74.37,71.09,67.66,25.38,25.35,26.07,26.58,27.14,0.91,0.73,0.87,1.01,1.16
3/13/2022 4:30,-0.308,0.05,-1.67,4786,44.8,54.82,58.59,-4.868703,71.4,76.95,73.92,70.57,67.25,25.44,25.37,26.12,26.62,27.16,0.93,0.75,0.88,1.03,1.18
3/13/2022 4:45,-0.308,0.05,-1.67,4785,44.7,54.96,58.43,-4.539958,71.07,76.54,73.1,70.25,66.91,25.42,25.4,26.23,26.63,27.16,0.94,0.76,0.92,1.04,1.19
3/13/2022 5:00,-0.296,0.11,-1.67,4786,44.8,54.36,58.38,-5.033075,70.47,76.25,73.04,70.01,66.63,25.51,25.41,26.19,26.63,27.19,0.96,0.77,0.92,1.05,1.2
3/13/2022 5:15,-0.276,0.05,-1.5,4785,44.7,54.41,57.83,-4.375585,69.89,76.08,72.73,69.65,66.49,25.57,25.41,26.19,26.63,27.17,0.99,0.78,0.93,1.06,1.21
3/13/2022 5:30,-0.285,-0.04,-1.45,4785,44.7,55.51,57.83,-5.033075,69.47,75.62,72.29,69.21,66.23,25.62,25.5,26.26,26.71,27.2,1,0.8,0.95,1.08,1.22
3/13/2022 5:45,-0.24,0.27,-1.55,4786,44.8,54,58,-4.539958,69.19,75.67,71.89,69.1,66.01,25.62,25.42,26.3,26.67,27.21,1.01,0.79,0.96,1.08,1.23
3/13/2022 6:00,-0.254,0.11,-1.45,4786,44.7,55.18,58.07,-4.868703,68.53,75.52,71.75,68.96,65.74,25.75,25.43,26.33,26.66,27.23,1.04,0.8,0.97,1.08,1.24
3/13/2022 6:15,-0.21,0.32,-1.45,4787,44.8,54.53,57.95,-4.70433,67.67,75.68,71.65,68.9,65.55,25.89,25.33,26.3,26.63,27.23,1.08,0.79,0.97,1.08,1.24
3/13/2022 6:30,-0.198,0.33,-1.4,4786,44.8,54.6,58.67,-2.896233,67.44,75.21,71.2,68.56,65.47,25.95,25.43,26.4,26.7,27.22,1.09,0.81,0.99,1.1,1.25
3/13/2022 6:45,-0.189,0.32,-1.34,4787,44.8,54.03,57.71,5.486763,66.76,75.42,70.84,68.45,65.28,26.08,25.36,26.41,26.69,27.25,1.12,0.8,1,1.1,1.26
3/13/2022 7:00,0.046,0.94,-0.78,4786,44.8,53.88,56.97,24.389598,66.09,75.7,70.84,68.42,64.99,26.27,25.31,26.44,26.72,27.34,1.16,0.78,1.01,1.11,1.27
3/13/2022 7:15,0.554,2.45,0.23,4785,44.8,51.02,56.06,47.566117,67.56,77.75,72.23,67.5,65.07,26.35,25.36,26.57,27.32,27.75,1.11,0.72,0.97,1.18,1.3
3/13/2022 7:30,1.034,3.71,1.37,4785,44.9,47.12,52.59,62.688384,69.68,79.1,73.82,67.13,65.55,26.28,25.62,26.83,27.92,28.14,1.04,0.69,0.92,1.24,1.31
3/13/2022 7:45,1.48,4.98,2.32,4784,44.9,44.04,50.63,84.714296,71.23,80.2,73.94,67.7,67.04,26.42,25.93,27.25,28.28,28.84,0.99,0.66,0.94,1.24,1.31
3/13/2022 8:00,2.067,6.43,3.81,4784,44.8,41.29,47.07,112.821989,71.85,80.8,73.96,67.42,71.24,26.67,26.23,27.64,28.69,30.46,0.98,0.65,0.96,1.28,1.25
3/13/2022 8:15,2.781,8.36,5.44,4781,44.8,38.75,44.8,277.523209,70.21,78.84,69.87,64.56,65.82,26.56,26.2,28.07,28.82,32.59,1.04,0.72,1.14,1.4,1.68
3/13/2022 8:30,3.352,9.65,7.02,4775,44.7,36.03,41.84,173.96855,69.73,77.79,66.79,62.57,62.61,26.25,26.03,28.27,28.87,34.27,1.03,0.75,1.28,1.49,2.02
3/13/2022 8:45,3.805,10.74,8.2,4772,44.5,34.16,39.92,311.548312,69.34,76.74,65.05,61.27,58.89,26.12,26.07,28.38,29,35.49,1.04,0.79,1.35,1.55,2.37
3/13/2022 9:00,4.134,11.44,9.16,4768,44.6,33.06,38.39,215.554786,69.4,76.31,64.04,60.45,55.97,26.01,26.11,28.53,29.31,36.21,1.03,0.8,1.4,1.61,2.65
3/13/2022 9:15,4.414,12.15,9.85,4765,44.5,31.87,37.25,250.237378,70.01,76.14,63.34,59.13,54.01,25.86,26.14,28.66,29.71,36.46,1,0.81,1.44,1.71,2.8
3/13/2022 9:30,4.606,12.65,10.31,4761,44.4,31.2,36.12,337.519163,70.3,75.97,62.55,58.5,51.93,25.87,26.19,28.83,30.18,36.5,0.99,0.82,1.49,1.78,2.94
3/13/2022 9:45,4.713,12.9,10.6,4758,44.5,30.72,35.38,294.782319,70.6,76.12,62.23,56.92,52.99,25.87,26.2,28.93,30.72,36.97,0.98,0.81,1.51,1.9,2.94
3/13/2022 10:00,4.764,12.94,10.82,4755,44.5,30.05,34.59,313.849526,71.16,76.17,62.02,56.24,49.54,25.82,26.23,28.99,30.97,37.82,0.96,0.81,1.52,1.96,3.31
3/13/2022 10:15,4.819,13.16,10.87,4753,44.4,29.62,34.35,566.161275,71.84,76.23,62.27,56.63,48.17,25.77,26.31,29.07,30.99,38.7,0.93,0.81,1.52,1.95,3.57
3/13/2022 10:30,4.843,13.2,10.95,4751,44.5,29.5,34.04,382.064103,72.49,76.7,62.26,57.42,47.28,25.73,26.31,29.19,31.09,39.46,0.91,0.8,1.53,1.92,3.78
3/13/2022 10:45,4.899,13.24,11.2,4748,44.5,29.4,34.07,493.673014,73.72,77.4,62.31,57.5,47.25,25.59,26.3,29.34,31.36,39.27,0.86,0.77,1.54,1.95,3.74
3/13/2022 11:00,4.854,13.17,11.04,4747,44.5,29.29,33.8,811.076263,74.42,77.81,62.73,58.6,47.18,25.56,26.33,29.4,31.7,38.47,0.84,0.76,1.53,1.94,3.59
3/13/2022 11:15,4.716,12.83,10.69,4747,44.5,29.31,33.95,1188.639838,75.62,78.89,69.58,66.1,51.7,25.54,26.21,29.05,32.15,38.28,0.8,0.72,1.22,1.63,3.25
3/13/2022 11:30,4.66,12.7,10.54,4747,44.4,29.57,34.43,1281.181542,77.69,81.8,74.1,67.68,52.82,25.6,26.01,28.59,32.7,38.04,0.73,0.61,1.01,1.6,3.13
3/13/2022 11:45,4.562,12.52,10.22,4747,44.2,29.88,34.5,1381.284379,78.72,83.3,76.3,68.25,54.56,25.63,25.96,28.44,33.05,37.58,0.7,0.56,0.92,1.6,2.94
3/13/2022 12:00,4.446,12.22,9.94,4747,44.2,30.15,35.09,533.122408,79.38,83.7,77.37,69.12,56.47,25.63,25.99,28.4,33.26,36.89,0.68,0.55,0.88,1.58,2.72
3/13/2022 12:15,4.334,11.93,9.67,4750,44.2,30.48,35.52,1409.063327,79.95,84.1,77.9,69.88,58.99,25.63,25.98,28.41,33.35,36.2,0.66,0.53,0.86,1.55,2.46
3/13/2022 12:30,4.216,11.76,9.24,4750,44.1,31.03,36.5,1286.112716,80.5,85,78.67,70.57,61.67,25.57,25.91,28.38,33.45,35.27,0.64,0.5,0.82,1.52,2.19
3/13/2022 12:45,3.991,11.11,8.77,4752,44.2,31.77,37.41,913.15157,81.1,85.7,79.01,71.1,64.47,25.55,25.85,28.44,33.54,34.6,0.62,0.48,0.81,1.5,1.95
3/13/2022 13:00,3.727,10.57,7.98,4754,44.2,32.44,38.42,697.659255,81.3,86.1,79.23,71.66,65.7,25.53,25.83,28.47,33.63,34.38,0.61,0.46,0.81,1.48,1.86
3/13/2022 13:15,3.476,9.96,7.33,4755,44.4,33.83,39.83,512.904594,81.6,86.2,79.83,72.34,67.66,25.51,25.82,28.43,33.66,33.88,0.6,0.46,0.78,1.44,1.71
3/13/2022 13:30,3.163,9.14,6.59,4758,44.2,34.81,40.88,1050.731332,81.8,86.6,80.3,72.96,69.44,25.51,25.74,28.34,33.68,33.58,0.59,0.44,0.76,1.41,1.59
3/13/2022 13:45,2.809,8.33,5.62,4761,44.4,35.21,42.29,1126.835788,81.9,86.9,80.5,73.55,70.44,25.48,25.71,28.32,33.57,33.32,0.59,0.43,0.75,1.37,1.51
3/13/2022 14:00,2.46,7.48,4.72,4763,44.4,35.67,43.1,1089.523236,82.2,87,80.6,74.04,71.39,25.5,25.73,28.34,33.48,33.09,0.58,0.43,0.75,1.34,1.45
3/13/2022 14:15,2.199,6.96,3.92,4766,44.5,38.73,43.99,960.655215,82.3,87.1,81.1,74.19,72.23,25.54,25.78,28.29,33.37,32.89,0.58,0.43,0.73,1.33,1.39
3/13/2022 14:30,1.967,6.29,3.44,4769,44.2,42.6,48.43,542.491639,82.4,87.3,80.3,74.56,72.84,25.62,25.81,28.48,33.27,32.7,0.58,0.42,0.77,1.3,1.34
3/13/2022 14:45,1.747,5.69,2.94,4772,44.1,43.53,48.89,395.871391,82.4,87.4,81.2,74.32,73.14,25.69,25.85,28.31,33.28,32.59,0.58,0.42,0.72,1.31,1.32
3/13/2022 15:00,1.6,5.29,2.61,4775,44.2,43.03,49.68,480.030099,82.4,87.6,81.7,74.1,73.17,25.65,25.75,28.17,32.9,32.2,0.58,0.41,0.7,1.3,1.29
3/13/2022 15:15,1.404,4.78,2.14,4777,44.2,43.94,50.51,293.631712,82.6,87.8,82.5,74.77,74.04,25.68,25.74,28.03,32.82,32.06,0.57,0.4,0.66,1.26,1.24
3/13/2022 15:30,1.148,4.11,1.53,4778,44.4,45.78,52.02,261.907824,82.7,88,83,74.7,74.63,25.62,25.7,27.89,32.41,31.54,0.57,0.4,0.64,1.23,1.18
3/13/2022 15:45,0.987,3.65,1.19,4781,44.4,47.02,52.76,425.951554,82.7,88.2,83.3,75.49,75.39,25.56,25.59,27.58,31.61,30.8,0.57,0.39,0.62,1.14,1.09
3/13/2022 16:00,0.759,3.02,0.68,4784,44.4,47.67,53.79,370.886775,82.8,88.5,84,77.34,76.44,25.54,25.46,27.39,31.09,30.57,0.56,0.37,0.58,1.02,1.03
3/13/2022 16:15,0.597,2.61,0.28,4786,44.5,48.84,54.36,302.83657,82.9,88.9,84.1,78.25,76.68,25.54,25.39,27.34,30.67,30.45,0.56,0.36,0.58,0.96,1.02
3/13/2022 16:30,0.464,2.23,0,4789,44.5,50.2,55.13,281.303776,82.9,89.1,84.4,78.61,76.55,25.52,25.3,27.25,30.44,30.34,0.56,0.35,0.56,0.93,1.01
3/13/2022 16:45,0.391,1.97,-0.1,4790,44.5,50.71,55.7,563.695688,82.8,89.3,84.3,78.71,76.46,25.45,25.19,27.15,30.09,30.07,0.56,0.34,0.56,0.91,1
3/13/2022 17:00,0.323,1.8,-0.27,4792,44.4,51.35,56.13,468.688398,82.8,89.5,84.3,79.13,76.79,25.41,25.09,27.06,29.65,29.72,0.56,0.33,0.56,0.87,0.97
3/13/2022 17:15,0.23,1.61,-0.55,4793,44.5,50.75,56.32,84.221179,82.1,89.3,84.8,79.78,76.81,25.48,25.14,27.15,29.29,29.49,0.58,0.34,0.55,0.82,0.96
3/13/2022 17:30,0.096,1.18,-0.78,4796,44.5,52.02,56.92,162.955594,82.4,89.1,84.6,79.33,77.12,25.63,25.25,27.24,28.8,28.88,0.58,0.35,0.56,0.82,0.91
3/13/2022 17:45,0.042,1.02,-0.89,4798,44.4,52.38,56.75,128.601747,82.1,89,84.3,80.5,78.14,25.73,25.33,27.13,28.12,28.33,0.59,0.36,0.56,0.74,0.84
3/13/2022 18:00,0.009,0.86,-0.89,4801,44.4,52.81,56.66,105.5896,82,89.1,84.7,81.7,78.94,25.79,25.31,26.92,27.71,27.99,0.6,0.35,0.54,0.68,0.8
3/13/2022 18:15,-0.044,0.75,-1.05,4805,44.4,52.86,56.99,23.074618,82.2,89.2,84.2,79.74,76.11,25.8,25.28,26.78,27.54,27.98,0.59,0.35,0.56,0.75,0.9
3/13/2022 18:30,-0.101,0.54,-1.12,4806,44.4,54.2,57.61,0.226844,81.1,87.9,82,77.71,74.24,25.88,25.27,26.86,27.61,28.04,0.63,0.39,0.64,0.82,0.98
3/13/2022 18:45,-0.111,0.55,-1.18,4805,44.4,54.05,57.76,-4.211213,79.97,86.9,80.6,76.8,73.99,25.85,25.2,26.81,27.47,27.76,0.67,0.42,0.68,0.85,0.97
3/13/2022 19:00,-0.156,0.44,-1.3,4806,44.4,54.79,58.57,-4.211213,78.92,86.2,79.74,76.13,73.59,25.73,25.03,26.68,27.26,27.5,0.7,0.44,0.71,0.86,0.97
3/13/2022 19:15,-0.223,0.22,-1.41,4805,44.4,55.15,58.67,-4.70433,77.69,85.4,79.14,75.68,73.03,25.6,24.86,26.47,27.03,27.28,0.73,0.46,0.72,0.87,0.98
3/13/2022 19:30,-0.259,0.16,-1.53,4804,44.4,55.63,58.86,-4.70433,76.2,84.5,78.52,75.01,72.03,25.58,24.76,26.3,26.85,27.18,0.78,0.48,0.73,0.88,1.01
3/13/2022 19:45,-0.245,0.16,-1.46,4805,44.5,54.63,58.69,-4.70433,74.91,83.6,77.82,74.18,71.32,25.59,24.71,26.2,26.78,27.13,0.82,0.51,0.75,0.91,1.03
3/13/2022 20:00,-0.255,0.16,-1.51,4804,44.4,54.77,58.21,-4.211213,73.03,82.4,77.05,73.47,70.15,25.8,24.82,26.2,26.77,27.24,0.9,0.55,0.78,0.93,1.08
3/13/2022 20:15,-0.255,0.16,-1.51,4804,44.4,54.6,58.04,-4.70433,71.61,81.5,76.14,72.43,69.4,25.95,24.88,26.25,26.84,27.25,0.95,0.58,0.81,0.97,1.11
3/13/2022 20:30,-0.266,0.16,-1.57,4804,44.2,54.48,58.52,-4.375585,70.6,80.8,75.59,71.67,68.61,26.06,24.91,26.25,26.87,27.31,0.99,0.6,0.83,1,1.14
3/13/2022 20:45,-0.255,0.16,-1.51,4803,44.4,54.63,58.07,-5.033075,69.77,80.3,75.07,71.09,68.16,26.13,24.93,26.24,26.91,27.32,1.02,0.62,0.85,1.03,1.16
3/13/2022 21:00,-0.263,0.11,-1.5,4804,44.2,54.72,58.16,-4.70433,69.37,79.98,74.81,70.85,67.97,26.15,24.94,26.22,26.87,27.29,1.04,0.63,0.86,1.03,1.16
3/13/2022 21:15,-0.255,0.16,-1.51,4803,44.2,54.65,58.4,-4.375585,69.13,79.66,74.5,70.7,67.83,26.07,24.92,26.21,26.8,27.24,1.04,0.64,0.87,1.03,1.16
3/13/2022 21:30,-0.244,0.22,-1.52,4803,44.4,54.82,58.59,-5.033075,68.85,79.52,74.2,70.67,67.79,26.08,24.88,26.19,26.74,27.17,1.05,0.64,0.88,1.03,1.16
3/13/2022 21:45,-0.28,0.05,-1.52,4803,44.4,55.37,58.57,-4.539958,68.49,79.28,73.74,70.56,67.52,26.07,24.85,26.24,26.71,27.17,1.06,0.65,0.9,1.03,1.17
3/13/2022 22:00,-0.257,0.16,-1.52,4803,44.4,54.79,58.55,-5.033075,68.16,79.09,73.7,70.41,67.12,26.09,24.85,26.2,26.68,27.2,1.08,0.66,0.89,1.04,1.19
3/13/2022 22:15,-0.28,0.05,-1.52,4803,44.4,55.37,58.57,-4.539958,67.89,78.84,73.68,70,66.9,26.12,24.87,26.14,26.72,27.22,1.09,0.67,0.89,1.05,1.2
3/13/2022 22:30,-0.29,0,-1.52,4802,44.4,55.34,58.55,-4.70433,67.64,78.57,73.38,69.8,66.73,26.11,24.91,26.16,26.7,27.21,1.09,0.68,0.9,1.06,1.2
3/13/2022 22:45,-0.233,0.22,-1.46,4803,44.4,55.01,58.19,-4.70433,67.35,78.44,73.39,69.66,66.53,26.14,24.87,26.11,26.69,27.22,1.11,0.68,0.9,1.06,1.21
3/13/2022 23:00,-0.266,0.16,-1.57,4802,44.4,54.67,58.43,-4.868703,67.14,78.26,73.07,69.55,66.42,26.12,24.89,26.13,26.66,27.18,1.11,0.68,0.91,1.06,1.21
3/13/2022 23:15,-0.245,0.16,-1.46,4803,44.1,55.22,58.43,-4.70433,66.91,78.04,72.56,69.28,66.18,26.13,24.88,26.19,26.68,27.19,1.12,0.69,0.93,1.07,1.22
3/13/2022 23:30,-0.268,0.05,-1.46,4802,44.1,55.2,58.4,-4.539958,66.64,77.87,72.36,69.23,66.12,26.14,24.87,26.19,26.64,27.16,1.13,0.7,0.94,1.07,1.22
3/13/2022 23:45,-0.245,0.16,-1.46,4803,44.4,55.27,58.79,-4.70433,66.51,77.69,72.29,69,65.95,26.14,24.89,26.16,26.66,27.14,1.14,0.7,0.94,1.08,1.22
3/14/2022 0:00,-0.257,0.16,-1.52,4803,44.4,54.7,58.45,-4.70433,66.33,77.44,71.51,68.92,65.78,26.16,24.9,26.31,26.67,27.15,1.14,0.71,0.98,1.09,1.23
3/14/2022 0:15,-0.245,0.16,-1.46,4803,44.5,55.27,58.19,-4.375585,66.24,77.35,71.53,68.74,65.61,26.16,24.9,26.27,26.65,27.18,1.15,0.71,0.97,1.09,1.24
3/14/2022 0:30,-0.267,0.11,-1.52,4803,44.2,55.08,58.55,-4.539958,66.07,77.11,71.28,68.5,65.48,26.16,24.93,26.32,26.68,27.19,1.15,0.72,0.98,1.1,1.24
3/14/2022 0:45,-0.275,0.11,-1.56,4803,44.2,54.79,58.26,-4.539958,65.86,77.08,71.1,68.39,65.36,26.16,24.89,26.3,26.68,27.17,1.16,0.72,0.99,1.11,1.25
3/14/2022 1:00,-0.242,0.22,-1.51,4802,44.5,54.72,58.47,-4.211213,65.79,76.97,71.14,68.27,65.27,26.14,24.91,26.29,26.67,27.19,1.16,0.73,0.99,1.11,1.25
3/14/2022 1:15,-0.257,0.16,-1.52,4803,44.5,55.15,58.36,-4.539958,65.56,76.81,70.61,68.32,65.2,26.21,24.94,26.37,26.66,27.18,1.17,0.73,1.01,1.11,1.25
3/14/2022 1:30,-0.265,0.11,-1.51,4803,44.2,55.01,58.19,-4.70433,65.51,76.75,70.22,68.07,64.95,26.2,24.93,26.48,26.72,27.24,1.17,0.73,1.03,1.12,1.27
3/14/2022 1:45,-0.268,0.05,-1.46,4804,44.2,55.34,58.55,-4.375585,65.49,76.66,70.21,67.99,65.02,26.2,24.95,26.47,26.7,27.2,1.17,0.74,1.03,1.12,1.26
3/14/2022 2:00,-0.244,0.21,-1.51,4804,44.1,54.43,58.45,-4.868703,65.34,76.48,70.7,67.99,65.02,26.21,24.95,26.35,26.69,27.19,1.18,0.74,1.01,1.12,1.26
3/14/2022 2:15,-0.256,0.21,-1.57,4804,44.1,54.55,58.59,-4.539958,65.33,76.38,70.81,67.96,64.84,26.18,24.99,26.29,26.68,27.2,1.18,0.75,1,1.12,1.27
3/14/2022 2:30,-0.245,0.16,-1.46,4804,44.2,54.94,58.43,-4.868703,65.3,76.29,70.29,67.9,64.7,26.19,24.97,26.38,26.67,27.24,1.18,0.75,1.02,1.12,1.28
3/14/2022 2:45,-0.233,0.22,-1.46,4805,44.1,54.63,58.38,-4.375585,65.14,76.31,70.03,67.73,64.64,26.18,24.95,26.43,26.68,27.23,1.18,0.75,1.03,1.13,1.28
3/14/2022 3:00,-0.245,0.16,-1.46,4806,44.2,54.77,58.24,-4.70433,64.95,76.2,70.04,67.81,64.58,26.21,24.98,26.41,26.65,27.23,1.19,0.75,1.03,1.12,1.28
3/14/2022 3:15,-0.256,0.11,-1.46,4806,44.2,55.1,58.31,-4.70433,64.73,76.01,69.8,67.64,64.5,26.26,25.01,26.46,26.71,27.23,1.2,0.76,1.04,1.13,1.28
3/14/2022 3:30,-0.267,0.11,-1.52,4806,44.4,55.01,58.5,-4.70433,64.75,75.94,70.3,67.6,64.52,26.26,25.01,26.34,26.7,27.21,1.2,0.76,1.02,1.13,1.28
3/14/2022 3:45,-0.257,0.16,-1.52,4807,44.1,54.86,58.04,-4.375585,64.69,75.95,69.93,67.5,64.34,26.24,25.01,26.39,26.69,27.23,1.2,0.76,1.03,1.14,1.29
3/14/2022 4:00,-0.251,0.16,-1.49,4807,44.1,54.7,58.55,-4.868703,64.64,76.02,69.67,67.43,64.34,26.26,24.96,26.47,26.71,27.25,1.21,0.76,1.05,1.14,1.29
3/14/2022 4:15,-0.267,0.11,-1.52,4807,44.1,54.63,58.4,-4.70433,64.54,75.85,69.65,67.56,64.26,26.27,25,26.46,26.64,27.25,1.21,0.77,1.05,1.13,1.29
3/14/2022 4:30,-0.246,0.11,-1.41,4808,44.2,54.98,57.88,-4.539958,64.57,75.92,69.57,67.34,64.23,26.26,24.96,26.48,26.7,27.23,1.21,0.76,1.05,1.14,1.29
3/14/2022 4:45,-0.236,0.16,-1.41,4809,44.2,54.86,58.04,-4.539958,64.47,75.78,69.43,67.2,64.16,26.24,24.97,26.47,26.7,27.23,1.21,0.77,1.06,1.15,1.3
3/14/2022 5:00,-0.244,0.22,-1.52,4809,44.4,54.75,58.21,-4.70433,64.49,75.79,69.56,67.14,64.14,26.22,24.95,26.42,26.69,27.2,1.21,0.76,1.05,1.15,1.29
3/14/2022 5:15,-0.223,0.22,-1.41,4809,44.2,54.55,58.62,-4.70433,64.39,75.59,69.78,67.18,64.06,26.21,24.98,26.33,26.65,27.22,1.21,0.77,1.04,1.15,1.3
3/14/2022 5:30,-0.191,0.32,-1.35,4810,44.4,53.96,57.95,-4.70433,64.23,75.4,69.13,67.12,64.01,26.22,25.01,26.47,26.68,27.2,1.22,0.78,1.07,1.15,1.3
3/14/2022 5:45,-0.21,0.22,-1.34,4810,44.2,54.48,57.92,-4.70433,64.05,75.44,69.2,66.91,63.95,26.27,24.98,26.45,26.7,27.19,1.23,0.78,1.06,1.16,1.3
3/14/2022 6:00,-0.212,0.22,-1.35,4811,44.2,54.82,58,-4.539958,63.94,75.26,69.35,66.81,63.76,26.27,25.01,26.41,26.72,27.25,1.23,0.78,1.06,1.16,1.31
3/14/2022 6:15,-0.168,0.33,-1.24,4811,44.2,54.34,57.76,-4.539958,63.9,75.18,69.43,66.8,63.75,26.24,25,26.37,26.68,27.22,1.23,0.79,1.05,1.16,1.31
3/14/2022 6:30,-0.189,0.33,-1.35,4811,44.5,54.41,58.45,-2.896233,63.62,75.42,69.07,66.86,63.79,26.34,24.94,26.45,26.68,27.21,1.25,0.78,1.07,1.16,1.31
3/14/2022 6:45,-0.167,0.38,-1.29,4811,44.4,54.32,57.76,6.637371,63.62,75.44,68.7,66.93,63.64,26.35,24.93,26.52,26.65,27.26,1.25,0.77,1.08,1.16,1.32
3/14/2022 7:00,0.022,0.98,-0.95,4811,44.4,53.14,56.78,25.047088,63.85,75.7,68.73,66.98,63.56,26.38,25,26.62,26.74,27.36,1.24,0.77,1.09,1.16,1.33
3/14/2022 7:15,0.44,2.06,0.06,4811,44.2,51.26,55.51,49.045469,65.64,76.84,70.21,65.88,64.01,26.38,25.25,26.7,27.42,27.69,1.18,0.74,1.04,1.25,1.34
3/14/2022 7:30,0.92,3.43,1.08,4810,44.1,47.6,53.19,65.153972,67.96,77.69,72.59,65.69,64.87,26.34,25.66,26.87,28.04,28.06,1.1,0.73,0.97,1.3,1.33
3/14/2022 7:45,1.29,4.33,2.03,4811,44.1,44.08,50.54,86.686766,69.79,78.96,73.11,66.45,66.37,26.53,26.02,27.27,28.45,28.8,1.05,0.71,0.97,1.3,1.33
3/14/2022 8:00,1.78,5.6,3.21,4809,44.2,41.09,47.38,117.424419,71.22,79.9,73.26,66.96,70.77,26.84,26.41,27.82,28.95,30.46,1.02,0.69,1,1.32,1.27
3/14/2022 8:15,2.275,6.92,4.36,4810,44.1,38.2,44.85,291.987987,72.43,80.4,73.33,67.36,67.44,27.22,26.87,28.48,29.49,32.72,1,0.69,1.04,1.34,1.61
3/14/2022 8:30,2.732,7.98,5.6,4808,44.1,35.41,41.93,176.59851,73.44,80.6,73.56,67.33,63.76,27.64,27.39,29.05,30.18,34.87,0.98,0.71,1.06,1.4,2.02
3/14/2022 8:45,3.121,8.9,6.63,4807,44.1,33.97,39.85,255.332925,74.28,81.1,72.98,67.32,62.06,28.09,27.9,29.86,30.86,36.63,0.98,0.71,1.14,1.46,2.33
3/14/2022 9:00,3.955,11.37,8.3,4805,44.1,34.76,38.63,246.949929,73.37,80.7,70.99,65.72,60.13,28.45,28.25,30.48,31.42,37.89,1.03,0.74,1.27,1.58,2.63
3/14/2022 9:15,4.528,12.8,9.74,4799,43.9,34.28,38.75,244.977459,71.76,77.78,65.32,61.56,56.29,27.21,27.7,30.49,31.48,38.16,1.02,0.83,1.51,1.77,2.92
3/14/2022 9:30,4.623,12.77,10.27,4795,44,32.8,37.49,338.01228,75.57,79,64.5,59.76,54.09,26,26.9,29.94,31.46,37.81,0.82,0.74,1.5,1.86,3.01
3/14/2022 9:45,4.717,12.97,10.54,4792,44,32.08,36.6,298.562886,77.44,80.2,65.03,59.53,53.64,25.74,26.65,29.77,31.58,37.64,0.75,0.69,1.46,1.88,3.01
3/14/2022 10:00,4.72,12.95,10.58,4790,44,31.29,36.1,321.903778,77.82,80.6,65.58,59.68,53.34,25.78,26.65,29.79,31.75,38.32,0.74,0.68,1.44,1.89,3.15
3/14/2022 10:15,4.713,12.9,10.6,4788,44,30.74,35.43,561.394474,78.3,80.9,66.04,59.69,51.58,25.86,26.7,29.83,31.86,38.91,0.72,0.67,1.43,1.9,3.37
3/14/2022 10:30,4.725,12.8,10.77,4786,44,30.27,34.83,387.981513,78.72,81.2,66.69,60.4,49.6,25.91,26.73,29.9,32.06,39.47,0.71,0.66,1.41,1.89,3.61
3/14/2022 10:45,4.641,12.66,10.48,4784,43.8,29.98,34.28,441.238194,79.35,81.7,66.92,61.39,49.74,25.92,26.85,30.11,32.31,39.47,0.69,0.65,1.41,1.87,3.6
3/14/2022 11:00,4.56,12.45,10.29,4784,43.9,30.58,35,865.154807,79.87,81.8,67.53,61.81,51.06,25.97,27.01,30.23,32.69,38.76,0.68,0.65,1.4,1.89,3.38
3/14/2022 11:15,4.346,11.85,9.82,4783,43.8,31.05,35.67,1181.243077,80.1,82.1,72.95,67.81,54.65,26,26.9,29.82,32.91,38.09,0.67,0.63,1.14,1.61,3.02
3/14/2022 11:30,4.295,11.81,9.6,4783,44,31.48,36.19,1310.439842,81,84.3,77.34,69.68,55.93,26,26.66,29.18,33.14,37.44,0.64,0.55,0.92,1.54,2.83
3/14/2022 11:45,4.169,11.45,9.33,4784,43.9,31.65,36.39,1337.725673,81.7,85.5,79.24,70.31,58.52,26.11,26.6,28.95,33.35,36.83,0.62,0.5,0.83,1.52,2.58
3/14/2022 12:00,4.143,11.41,9.24,4785,43.9,31.72,36.48,544.135364,82.1,85.8,80.1,71.21,60.64,26.13,26.69,28.94,33.45,36.18,0.61,0.5,0.79,1.49,2.36
3/14/2022 12:15,4.07,11.3,8.98,4786,43.8,31.63,36.7,1308.796117,82.4,86.4,80.7,72.11,62.71,26.16,26.65,29.01,33.6,35.62,0.6,0.48,0.77,1.45,2.17
3/14/2022 12:30,4.002,11.13,8.81,4787,43.8,31.94,36.91,1263.429314,82.7,87,81.2,72.43,65.27,26.16,26.56,29.06,33.79,35.09,0.59,0.45,0.76,1.45,1.96
3/14/2022 12:45,3.881,10.75,8.59,4788,43.8,32.58,37.44,959.011491,82.9,87.3,81.5,72.91,66.73,26.16,26.55,29.09,34,34.81,0.58,0.44,0.74,1.44,1.85
3/14/2022 13:00,3.729,10.48,8.09,4790,43.8,32.85,38.06,664.620388,83,87.3,81.4,72.48,67.31,26.19,26.56,29.06,34.03,34.62,0.58,0.44,0.75,1.47,1.8
3/14/2022 13:15,3.572,10.11,7.67,4790,43.8,33.97,39.09,541.176659,82.9,87.4,81.5,72.49,67.87,26.23,26.49,28.96,33.94,34.34,0.58,0.44,0.74,1.46,1.74
3/14/2022 13:30,3.284,9.46,6.87,4792,43.8,34.69,40.43,973.969386,83,87.5,81.8,72.97,69.07,26.2,26.47,28.88,33.87,33.98,0.58,0.43,0.72,1.43,1.64
3/14/2022 13:45,2.978,8.58,6.23,4794,44,35.48,41.24,1125.02769,82.9,87.6,81.5,72.97,69.48,26.2,26.43,28.91,33.66,33.68,0.58,0.43,0.74,1.41,1.59
3/14/2022 14:00,2.508,7.49,4.96,4795,44,31.82,41.21,1117.795302,82.9,87.5,81.4,73.57,70.59,26.19,26.43,28.87,33.4,33.31,0.58,0.43,0.74,1.36,1.51
3/14/2022 14:15,2.287,7.1,4.23,4798,44,39.78,41.76,1018.021209,82.9,87.4,81.2,73.95,71.4,26.24,26.49,28.9,33.28,33.05,0.58,0.44,0.75,1.33,1.44
3/14/2022 14:30,2.252,6.95,4.21,4800,44,43.89,47.69,600.843868,82.9,87.4,80.6,73.97,72.25,26.26,26.49,29.02,33.18,32.76,0.58,0.44,0.78,1.32,1.38
3/14/2022 14:45,1.808,5.79,3.15,4802,43.9,44.3,49.53,368.749933,82.7,87.4,80.8,73.23,72.6,26.27,26.43,28.85,33.17,32.5,0.59,0.43,0.76,1.36,1.34
3/14/2022 15:00,1.471,4.91,2.35,4804,43.9,44.92,50.51,333.574223,82.9,87.7,81.7,72.38,73.21,26.3,26.41,28.68,33.32,32.34,0.59,0.42,0.72,1.41,1.3
3/14/2022 15:15,1.335,4.53,2.05,4806,43.9,45.42,50.87,297.083534,82.8,88,82.2,72.26,73.49,26.3,26.31,28.53,33.24,32.12,0.59,0.41,0.69,1.41,1.27
3/14/2022 15:30,1.15,4.12,1.53,4808,43.8,46.28,51.9,287.54993,82.9,88.3,82.7,72.67,73.83,26.29,26.29,28.42,33,32.02,0.58,0.4,0.67,1.37,1.25
3/14/2022 15:45,0.939,3.41,1.2,4811,43.8,47.76,52.86,737.766139,82.9,88.4,83.1,73.44,74.04,26.26,26.23,28.27,32.72,31.9,0.58,0.4,0.65,1.32,1.23
3/14/2022 16:00,0.799,3.06,0.85,4813,43.9,48.41,53.33,389.460865,83.1,88.6,83.8,74.68,74.16,26.24,26.21,28.15,32.45,31.92,0.58,0.39,0.62,1.23,1.22
3/14/2022 16:15,0.66,2.65,0.57,4816,43.9,49.46,53.79,289.5224,83.2,88.8,84.3,75.11,74.09,26.26,26.18,28.08,32.27,31.87,0.57,0.38,0.6,1.2,1.22
3/14/2022 16:30,0.536,2.31,0.29,4818,43.9,51.11,54.84,257.469767,82.9,88.8,84.2,75.34,74.03,26.21,26.09,28.01,32.1,31.71,0.58,0.38,0.6,1.18,1.21
3/14/2022 16:45,0.435,2.09,0,4818,43.9,51.66,55.73,557.942652,82.5,88.5,83.6,75.46,74.01,25.98,25.85,27.76,31.81,31.42,0.59,0.38,0.61,1.15,1.2
3/14/2022 17:00,0.391,1.98,-0.11,4820,43.9,51.76,55.85,454.716737,82.9,89,84,75.85,74.62,25.62,25.47,27.43,31.32,30.91,0.56,0.36,0.59,1.1,1.13
3/14/2022 17:15,0.256,1.59,-0.39,4822,43.8,50.9,56.06,321.246288,84,89.5,85.6,76.93,75.64,25.63,25.45,27.45,30.78,30.5,0.53,0.34,0.53,1.02,1.06
3/14/2022 17:30,0.115,1.17,-0.67,4825,43.8,50.8,55.92,237.416325,84.9,90,85.6,78.7,76.69,25.89,25.69,27.73,30.17,30.2,0.5,0.33,0.54,0.91,1
3/14/2022 17:45,0.007,0.89,-0.93,4830,44,50.61,55.41,95.398507,85.8,91,86.2,80.8,78.24,26.34,26,27.89,29.66,29.91,0.49,0.3,0.52,0.8,0.92
3/14/2022 18:00,-0.054,0.7,-1.05,4833,43.9,52.26,55.82,110.19203,85.5,91.2,86.4,81.5,78.71,26.55,26.16,27.91,29.25,29.55,0.5,0.3,0.51,0.75,0.88
3/14/2022 18:15,-0.076,0.64,-1.1,4836,44,52.98,56.87,26.033323,83.6,90.4,85.6,81.2,78.61,26.83,26.19,27.78,28.86,29.11,0.58,0.33,0.54,0.75,0.86
3/14/2022 18:30,-0.155,0.38,-1.23,4836,43.9,54.53,57.97,1.377451,81.2,89.1,84.7,81.4,79.08,27.04,26.13,27.58,28.33,28.47,0.67,0.37,0.56,0.72,0.81
3/14/2022 18:45,-0.202,0.22,-1.3,4836,43.9,56.2,58.26,-3.718095,79.08,87.8,83.7,81.7,79.55,27,25.97,27.29,27.67,27.78,0.75,0.41,0.59,0.68,0.76
3/14/2022 19:00,-0.253,0.17,-1.51,4836,44.1,56.42,59.14,-4.375585,77.33,86.8,83.2,81.9,79.93,26.79,25.69,26.84,27.1,27.16,0.8,0.44,0.59,0.65,0.72
3/14/2022 19:15,-0.263,0.11,-1.5,4836,44,56.85,59.57,-5.033075,76.3,86.1,83.2,81.6,79.35,26.47,25.37,26.33,26.65,26.79,0.82,0.45,0.58,0.64,0.73
3/14/2022 19:30,-0.329,-0.05,-1.67,4835,44,56.9,59.65,-4.868703,75.67,85.5,83.1,81.4,79.02,26.14,25.04,25.9,26.2,26.39,0.82,0.46,0.56,0.63,0.72
3/14/2022 19:45,-0.311,0,-1.63,4834,43.9,57.33,59.79,-4.375585,75.31,84.9,82.8,81.3,78.56,25.82,24.76,25.54,25.8,26.06,0.82,0.47,0.56,0.62,0.72
3/14/2022 20:00,-0.304,0.06,-1.66,4834,44,57.26,60.05,-4.539958,75.22,84.6,82.6,81.3,78.33,25.48,24.53,25.2,25.42,25.76,0.81,0.47,0.56,0.61,0.72
3/14/2022 20:15,-0.355,-0.1,-1.75,4834,43.9,57.23,60.32,-4.375585,75.19,84.2,82.6,81.5,78.21,25.16,24.28,24.91,25.07,25.45,0.79,0.48,0.55,0.59,0.71
3/14/2022 20:30,-0.379,-0.16,-1.81,4833,43.8,57.61,60.72,-5.033075,75.22,84,82.7,81.4,78.11,24.89,24.1,24.62,24.82,25.19,0.78,0.48,0.54,0.58,0.7
3/14/2022 20:45,-0.389,-0.22,-1.8,4833,43.9,57.71,60.17,-4.70433,75.22,83.5,82.6,81.2,77.98,24.61,23.95,24.35,24.55,24.95,0.77,0.49,0.53,0.58,0.7
3/14/2022 21:00,-0.4,-0.16,-1.92,4833,43.9,57.83,60.63,-4.375585,75.39,83.3,82.7,81.3,77.94,24.33,23.75,24.08,24.32,24.7,0.75,0.49,0.52,0.57,0.69
3/14/2022 21:15,-0.391,-0.22,-1.81,4832,44.1,57.85,60.65,-4.70433,75.62,82.8,82.5,81,77.79,24.01,23.61,23.87,24.07,24.46,0.73,0.5,0.52,0.57,0.68
3/14/2022 21:30,-0.437,-0.32,-1.94,4832,44.1,56.56,59.86,-5.36182,75.87,81.9,82.4,81.1,77.55,23.78,23.69,23.72,23.89,24.34,0.71,0.53,0.52,0.56,0.68
3/14/2022 21:45,-0.405,-0.25,-1.85,4832,44.1,54.91,59.29,-4.375585,76.32,78.98,81.1,80.2,75.87,23.46,24.28,23.9,23.95,24.63,0.68,0.64,0.56,0.59,0.75
3/14/2022 22:00,-0.394,-0.15,-1.9,4832,44.1,55.2,59.31,-4.539958,77.49,75.62,78.46,78.86,73.48,23.17,25.1,24.46,24.25,25.15,0.64,0.78,0.66,0.64,0.85
3/14/2022 22:15,-0.413,-0.26,-1.88,4832,44.1,55.08,58.86,-4.375585,77.72,75.24,77.29,77.7,72.35,23.08,25.14,24.65,24.43,25.34,0.63,0.79,0.7,0.68,0.89
3/14/2022 22:30,-0.385,-0.21,-1.79,4833,43.9,55.8,58.71,-4.868703,77.81,75.25,76.81,76.92,71.89,23.04,25.11,24.74,24.55,25.4,0.62,0.79,0.72,0.71,0.91
3/14/2022 22:45,-0.361,-0.15,-1.73,4832,44.1,55.39,58.91,-4.868703,77.7,75.16,76.26,76.47,71.5,23,25.06,24.8,24.59,25.44,0.63,0.79,0.74,0.73,0.93
3/14/2022 23:00,-0.406,-0.21,-1.9,4832,44,55.87,59.12,-4.375585,77.48,75.04,75.95,75.99,71.09,22.99,25.06,24.83,24.66,25.47,0.63,0.79,0.75,0.75,0.94
3/14/2022 23:15,-0.361,-0.15,-1.73,4832,44.1,55.99,58.62,-4.211213,77.37,74.76,75.69,75.61,70.9,22.99,25.08,24.85,24.68,25.47,0.64,0.8,0.76,0.76,0.95
3/14/2022 23:30,-0.384,-0.15,-1.85,4832,44.1,55.58,59.12,-4.539958,77.21,74.38,75.5,75.37,70.62,23.01,25.15,24.87,24.73,25.5,0.64,0.82,0.77,0.77,0.96
3/14/2022 23:45,-0.373,-0.15,-1.79,4831,44.1,55.08,58.88,-4.539958,77.33,74.92,75.25,75.17,70.44,22.94,24.94,24.88,24.72,25.51,0.63,0.79,0.78,0.77,0.97
3/15/2022 0:00,-0.418,-0.45,-1.7,4832,44,58.19,59.12,-4.375585,77.13,74.86,75.38,75.28,70.3,22.96,25,24.85,24.7,25.52,0.64,0.8,0.77,0.77,0.97
3/15/2022 0:15,-0.352,-0.05,-1.79,4831,44.1,58.14,62.37,-4.70433,80.9,80.4,79.89,82,73,22.55,24.1,24.38,23.93,25.24,0.52,0.59,0.61,0.53,0.87
3/15/2022 0:30,-0.412,-0.21,-1.93,4832,44.1,55.22,59.77,-4.868703,84.2,85.6,81.6,85.5,76.23,22.01,23.18,24.24,23.39,24.9,0.42,0.41,0.56,0.42,0.75
3/15/2022 0:45,-0.395,-0.1,-1.96,4833,44,54.03,58.69,-4.539958,85.2,86.4,80.2,85.4,75.76,21.89,22.94,24.59,23.55,25.08,0.39,0.38,0.61,0.42,0.77
3/15/2022 1:00,-0.509,-0.73,-1.87,4835,44.1,57.9,58.83,-4.70433,85.5,86.6,79.02,83.6,74.91,21.92,22.95,24.9,23.92,25.3,0.38,0.38,0.66,0.49,0.81
3/15/2022 1:15,-0.462,-0.41,-1.97,4835,44,60.91,62.59,-4.70433,85.7,85.3,80.7,85.1,75.47,21.89,23.31,24.67,23.79,25.28,0.38,0.42,0.6,0.44,0.79
3/15/2022 1:30,-0.462,-0.32,-2.07,4837,44.1,56.75,61.44,-4.375585,86.3,87.6,80.7,85.8,76.31,21.81,22.87,24.65,23.65,25.16,0.36,0.35,0.6,0.41,0.76
3/15/2022 1:45,-0.431,-0.2,-2.04,4839,44.1,54.1,59.41,-4.868703,86.5,87.9,79.42,84.8,75.49,21.78,22.74,24.93,23.84,25.31,0.35,0.33,0.65,0.45,0.79
3/15/2022 2:00,-0.514,-0.7,-1.93,4839,44.1,56.25,58.33,-4.539958,86.6,87.7,78.58,83.6,74.84,21.8,22.79,25.11,24.07,25.45,0.35,0.34,0.68,0.49,0.82
3/15/2022 2:15,-0.478,-0.46,-2,4839,44.1,59.81,62.08,-4.70433,86.5,86.4,80.6,84.7,75.41,21.75,23.13,24.75,23.92,25.38,0.35,0.39,0.61,0.45,0.8
3/15/2022 2:30,-0.473,-0.31,-2.14,4840,44.1,55.82,60.96,-4.539958,86.8,87.9,80.1,84.9,76.21,21.72,22.79,24.81,23.83,25.17,0.34,0.34,0.62,0.45,0.76
3/15/2022 2:45,-0.456,-0.3,-2.06,4842,44.1,53.17,58.64,-4.70433,86.8,88.2,78.6,84.2,75.21,21.66,22.66,25.14,23.97,25.4,0.34,0.32,0.68,0.47,0.8
3/15/2022 3:00,-0.423,-0.3,-1.89,4843,44.2,53.38,57.59,-4.70433,86.8,88.2,77.45,83,74.43,21.68,22.68,25.43,24.23,25.56,0.34,0.33,0.73,0.51,0.84
3/15/2022 3:15,-0.441,-0.31,-1.97,4843,44.2,54.27,58.57,-4.211213,86.7,88.1,73.12,79.34,72.44,21.8,22.84,26.56,25.09,26.15,0.35,0.33,0.93,0.66,0.93
3/15/2022 3:30,-0.421,-0.26,-1.92,4844,44.1,55.06,58.52,-4.539958,86.5,86.5,74.19,78.23,71.82,21.94,23.24,26.21,25.23,26.28,0.36,0.38,0.88,0.7,0.96
3/15/2022 3:45,-0.422,-0.36,-1.82,4844,44.2,56.01,58.95,-4.868703,85.8,84.6,77.41,79.79,73.28,21.99,23.52,25.32,24.76,25.79,0.38,0.45,0.73,0.63,0.89
3/15/2022 4:00,-0.433,-0.31,-1.93,4845,44.4,55.82,59.05,-4.375585,85.1,84.5,77.81,80.1,73.68,22.05,23.47,25.16,24.6,25.62,0.4,0.45,0.71,0.62,0.87
3/15/2022 4:15,-0.413,-0.26,-1.88,4845,44.2,56.11,59.05,-4.70433,84.5,84.1,77.76,79.69,73.6,22.08,23.42,25.07,24.55,25.55,0.41,0.46,0.71,0.63,0.86
3/15/2022 4:30,-0.436,-0.36,-1.89,4845,44.2,56.04,59.26,-4.539958,84,83.6,77.28,79.42,73.35,22.1,23.44,25.07,24.5,25.51,0.43,0.47,0.72,0.63,0.87
3/15/2022 4:45,-0.438,-0.37,-1.89,4845,44.2,56.54,59.22,-4.70433,83.5,83.7,76.93,79,73.15,22.1,23.32,25.05,24.49,25.45,0.44,0.47,0.73,0.65,0.87
3/15/2022 5:00,-0.417,-0.26,-1.9,4846,44.2,56.01,59.89,-4.211213,83.2,83.5,76.38,78.48,73.01,22.11,23.29,25.11,24.52,25.41,0.45,0.47,0.75,0.66,0.88
3/15/2022 5:15,-0.417,-0.26,-1.9,4845,44.1,55.92,58.86,-4.539958,82.9,83.1,75.99,78.12,72.77,22.14,23.29,25.16,24.54,25.39,0.46,0.48,0.77,0.67,0.88
3/15/2022 5:30,-0.394,-0.26,-1.78,4847,44.1,55.68,58.91,-4.539958,82.7,83.1,75.87,77.74,72.6,22.15,23.29,25.16,24.6,25.42,0.46,0.48,0.77,0.69,0.89
3/15/2022 5:45,-0.374,-0.1,-1.85,4846,44.1,55.94,58.88,-4.375585,82.5,82.5,75.72,77.44,72.28,22.14,23.4,25.15,24.62,25.44,0.47,0.5,0.78,0.7,0.9
3/15/2022 6:00,-0.381,-0.15,-1.83,4847,44.1,55.44,59.26,-4.211213,82.3,82.2,75.16,77.21,72.19,22.13,23.44,25.26,24.64,25.44,0.47,0.51,0.8,0.71,0.9
3/15/2022 6:15,-0.363,-0.1,-1.79,4847,44.1,55.85,59.41,-4.539958,82.3,81.6,75.05,76.9,72.11,22.12,23.56,25.25,24.67,25.45,0.47,0.53,0.8,0.72,0.91
3/15/2022 6:30,-0.394,-0.16,-1.89,4848,44.1,55.85,59.17,-2.074371,82.1,82.2,75.23,76.88,71.99,22.15,23.42,25.2,24.67,25.45,0.48,0.51,0.79,0.72,0.91
3/15/2022 6:45,-0.36,-0.05,-1.83,4848,44.1,55.68,58.98,7.623605,82,82.1,75.47,76.73,71.82,22.16,23.45,25.12,24.7,25.5,0.48,0.52,0.78,0.72,0.92
3/15/2022 7:00,-0.2,0.33,-1.41,4847,44.1,54.53,58.62,27.348302,82.1,81.6,75.49,76.75,71.62,22.26,23.7,25.23,24.76,25.65,0.48,0.54,0.79,0.73,0.93
3/15/2022 7:15,0.227,1.56,-0.51,4846,44.1,52.9,57.06,57.264093,82.7,81.1,77.84,76.83,71.34,23.02,24.46,25.25,25.28,26.25,0.49,0.58,0.71,0.75,0.98
3/15/2022 7:30,0.655,2.78,0.4,4847,44.1,48.48,54.55,66.962069,78.62,81.9,79.14,76.65,71.36,24.32,24.78,25.47,25.83,26.87,0.65,0.57,0.68,0.78,1.01
3/15/2022 7:45,1.167,4.09,1.65,4846,44.1,45.97,51.57,88.001746,75.94,82,79.27,77.13,73.26,25.34,25.16,25.89,26.22,28,0.78,0.58,0.69,0.78,1.01
3/15/2022 8:00,1.741,5.68,2.92,4845,44,42.77,49.15,125.643042,75.34,82.8,78.95,78.86,73.57,25.85,25.38,26.36,26.39,29.64,0.82,0.56,0.72,0.73,1.1
3/15/2022 8:15,2.185,6.71,4.12,4844,44,39.95,46.57,,,,,,,,,,,,,,,,
3/15/2022 8:30,2.658,7.88,5.32,4843,43.8,37.41,44.01,,,,,,,,,,,,,,,,
3/15/2022 8:45,3.064,8.9,6.33,4843,43.9,35.31,41.55,,,,,,,,,,,,,,,,
3/15/2022 9:00,3.654,10.57,7.6,4841,44,34.78,39.47,,,,,,,,,,,,,,,,
