TIMESTAMP,TotalSapFlow_L_hr,Vh_Outer_cm_hr,Vh_Inner_cm_hr,Dendro_um,TDR315_VWC,SWC_Outer_percent,SWC_Inner_percent,radiation_mtn1300_PAR,humidity_mtn_100,humidity_mtn_300,humidity_mtn_700,humidity_mtn_1300,temperature_mtn_100,temperature_mtn_300,temperature_mtn_700,temperature_mtn_1300
11/19/2021 15:15,3.165,7.14,-0.1,5335,38.9,33.83,44.94,362.832524,84.5676,75.119471,77.289187,72.095017,28.751681,29.823389,30.645252,37.933527
11/19/2021 15:30, , , ,5334,38.9,  ,  ,191.720777,85.366451,76.648135,77.693543,66.378142,28.275001,29.580118,30.306644,37.525884
11/19/2021 15:45,3.31,7.39,-0.02,5314,38.8,33.06,44.59,183.337781,85.57356,76.089268,76.355552,71.687373,28.196102,29.626142,30.000912,37.509446
11/19/2021 16:00,3.14,7.04,-0.05,5312,38.8,33.85,44.7,158.846282,84.837171,75.066871,75.201657,65.043438,28.077754,29.261235,29.392733,36.835519
11/19/2021 16:15,3.071,6.94,-0.11,5311,38.8,34.31,45.21,107.56207,84.212556,75.168782,74.47513,64.004604,27.985705,28.95879,29.077138,35.31343
11/19/2021 16:30,2.967,6.71,-0.11,5310,38.8,35.17,45.35,43.78555,83.939698,72.785381,73.515195,68.3276,27.857495,28.422936,28.814142,33.081252
11/19/2021 16:45,2.481,5.86,-0.36,5309,38.8,37.6,46.07,36.224416,82.558969,73.71573,72.841268,70.395406,27.344652,27.942968,27.69641,30.346094
11/19/2021 17:00,2.347,5.58,-0.38,5309,38.9,38.3,46.09,16.499719,79.925722,73.258774,72.450062,71.401365,27.035632,27.209867,27.236167,28.156652
11/19/2021 17:15,2.166,5.27,-0.48,5309,38.9,39.02,46.45,0.226844,82.328847,75.98407,72.54211,74.294321,26.529365,26.71675,27.367665,27.374239
11/19/2021 17:30,1.975,4.9,-0.54,5309,38.9,39.88,46.69,-3.718095,83.121123,75.395616,71.40794,74.392944,26.401154,26.401154,27.400539,27.147405
11/19/2021 17:45,1.889,4.68,-0.51,5309,38.9,40.35,46.57,-4.375585,81.947503,74.15296,70.208021,73.21275,26.138158,26.52279,27.157268,27.068507
11/19/2021 18:00,1.805,4.55,-0.57,5308,38.9,40.78,46.88,-4.375585,81.454386,72.548685,68.810855,72.055568,26.236782,26.203907,27.219729,26.927146
11/19/2021 18:15,1.682,4.33,-0.63,5309,38.9,41.36,46.83,-4.539958,79.958596,71.197543,68.436086,71.536151,26.141446,26.39458,27.058644,26.927146
11/19/2021 18:30,1.592,4.14,-0.64,5309,38.9,41.81,46.78,-4.70433,80.287341,71.020021,67.752296,70.083098,26.171033,26.141446,26.946871,26.835098
11/19/2021 18:45,1.449,3.84,-0.66,5308,38.9,42.17,46.98,-4.375585,78.722515,70.523616,67.292053,70.145559,25.881737,26.302531,27.048782,26.927146
11/19/2021 19:00,1.388,3.76,-0.72,5308,38.9,42.55,46.93,-4.539958,78.019001,70.208021,67.002758,69.918725,25.763389,26.427454,26.854822,26.808798
11/19/2021 19:15,1.369,3.68,-0.68,5309,38.8,42.84,47.1,-4.539958,78.061738,69.856264,66.851535,69.829964,25.967211,26.476766,27.107956,26.904134
11/19/2021 19:30,1.325,3.62,-0.72,5309,38.9,42.84,46.95,-4.539958,80.234742,69.606418,66.190758,69.399308,25.894887,26.374855,26.983033,26.933721
11/19/2021 19:45,1.232,3.46,-0.77,5308,38.9,42.86,46.93,-4.70433,78.495681,69.054126,66.545802,68.902904,25.792976,26.391292,26.992895,26.946871
11/19/2021 20:00,1.227,3.41,-0.73,5309,38.9,43.1,46.88,-4.70433,78.23926,68.906191,66.069122,68.567584,25.648328,26.361705,26.983033,26.99947
11/19/2021 20:15,1.21,3.4,-0.76,5308,38.9,43.29,46.9,-4.375585,78.429932,68.748393,66.04611,68.307875,25.451082,26.348555,26.867972,26.841673
11/19/2021 20:30,1.138,3.23,-0.75,5308,38.9,43.32,46.93,-4.539958,79.449041,71.792572,68.952215,71.292879,25.54313,26.447179,27.144118,26.946871
11/19/2021 20:45,1.089,3.15,-0.78,5309,38.9,43.39,46.86,-4.211213,80.754159,72.098304,67.844345,70.960847,25.842288,26.499778,27.117818,27.328215
11/19/2021 21:00,1.017,2.99,-0.78,5309,38.9,43.63,46.62,-4.211213,81.891616,72.042418,68.699082,70.303357,25.901462,26.6773,27.555049,27.407114
11/19/2021 21:15,1.013,2.98,-0.78,5309,38.9,43.82,46.86,-4.375585,82.210499,71.973381,68.863454,70.941122,26.118434,26.631276,27.472863,27.47615
11/19/2021 21:30,1.021,2.98,-0.76,5309,38.9,43.89,46.64,-4.539958,81.855455,72.167341,69.248086,71.144944,25.973786,26.651001,27.495875,27.377527
11/19/2021 21:45,1.018,3.01,-0.8,5309,38.9,43.75,46.83,-4.539958,81.842305,72.236377,68.939065,71.207406,25.898175,26.647713,27.561624,27.311778
11/19/2021 22:00,0.977,2.9,-0.78, ,38.8,44.15,46.74,-4.375585,82.384734,72.430337,69.129738,71.148232,26.078984,26.683875,27.265754,27.344652
11/19/2021 22:15,0.96,2.89,-0.81,5309,38.9,44.23,46.83,-4.04684,81.230839,72.298839,69.136312,71.43424,25.832426,26.683875,27.34794,27.255891
11/19/2021 22:30,0.937,2.83,-0.8,5309,39,44.13,46.71,-4.375585,81.224264,72.394175,69.366434,71.5756,26.013235,26.7036,27.219729,27.548474
11/19/2021 22:45,0.918,2.77,-0.78,5309,39.1,44.15,46.59,-4.539958,82.999487,72.663746,69.369721,71.523001,26.085559,26.588539,27.370952,27.384102
11/19/2021 23:00,0.915,2.8,-0.82,5309,39,44.25,46.88,-4.539958,83.380831,72.390887,69.343422,71.493414,25.717365,26.621414,27.607648,27.318353
11/19/2021 23:15,0.892,2.73,-0.8,5309,39,44.51,46.69,-4.539958,81.812718,72.647308,69.333559,71.506564,25.914612,26.674013,27.196717,27.209867
11/19/2021 23:30,0.893,2.75,-0.82,5309,39,44.47,46.95,-4.539958,82.108588,72.70977,68.906191,71.335616,26.065835,26.532652,27.104669,27.265754
11/19/2021 23:45,0.875,2.71,-0.82,5308,39,44.49,46.98,-4.375585,82.230224,72.831406,69.211924,71.424377,26.016523,26.253219,27.328215,27.209867
11/20/2021 0:00,0.88,2.73,-0.83,5309,38.8,44.37,46.88,-4.211213,82.088863,72.884005,69.287535,71.444102,25.802839,26.50964,27.246029,27.397252
11/20/2021 0:15,0.866,2.68,-0.81,5309,38.9,44.68,46.86,-4.375585,82.710191,72.772232,69.188912,71.279729,25.894887,26.328831,27.315065,27.338078
11/20/2021 0:30,0.875,2.72,-0.83,5308,39,44.37,46.71,-4.375585,81.303163,72.584847,69.073851,71.26658,25.707503,26.641138,27.298628,27.33479
11/20/2021 0:45,0.856,2.65,-0.8,5310,39,44.63,46.83,-4.211213,81.760118,72.325138,69.133025,71.207406,25.871875,26.545802,27.163843,27.272329
11/20/2021 1:00,0.862,2.69,-0.83,5309,39,44.66,46.86,-4.375585,81.924491,72.486223,68.603746,71.108782,25.622029,26.407729,27.203292,27.384102
11/20/2021 1:15,0.879,2.7,-0.8,5309,39,44.61,46.81,-4.375585,82.496507,72.108167,68.722094,70.730725,25.769964,26.460329,27.30849,27.449851
11/20/2021 1:30,0.818,2.62,-0.86,5309,38.9,44.47,46.83,-4.375585,81.839017,72.275827,68.935778,71.115357,25.645041,26.401154,27.18028,27.265754
11/20/2021 1:45,0.831,2.65,-0.86,5309,39,44.47,46.64,-4.375585,81.464248,72.614434,68.81743,71.292879,25.661478,26.427454,27.058644,27.439988
11/20/2021 2:00,0.875,2.72,-0.83,5309,39,44.66,46.88,-4.539958,81.792993,72.476361,68.689219,71.187681,25.73709,26.473478,27.098094,27.272329
11/20/2021 2:15,0.862,2.69,-0.83,5308,39,44.51,46.86,-4.375585,81.802855,72.522385,68.682644,70.875373,25.85215,26.302531,27.400539,27.377527
11/20/2021 2:30,0.843,2.64,-0.82,5309,39.1,44.39,46.74,-4.375585,81.372199,72.446774,68.922628,71.361916,25.566142,26.361705,27.397252,27.203292
11/20/2021 2:45,0.818,2.62,-0.86,5309,39.1,44.63,46.83,-4.868703,82.348572,72.54211,68.712231,71.092345,25.973786,26.667438,27.209867,27.384102
11/20/2021 3:00,0.83,2.62,-0.83,5308,39,44.42,46.76,-4.539958,81.917916,72.305414,68.95879,71.089057,25.668053,26.39458,27.311778,27.144118
11/20/2021 3:15,0.883,2.71,-0.8,5307,39,44.61,46.98,-4.70433,81.79628,72.56841,68.62347,71.089057,25.783114,26.457041,27.535325,27.331503
11/20/2021 3:30,0.875,2.71,-0.82,5309,39,44.42,46.76,-4.375585,82.318985,72.456636,68.62347,71.233705,25.914612,26.38143,27.397252,27.196717
11/20/2021 3:45,0.874,2.68,-0.79,5309,39,44.49,46.83,-4.539958,82.263098,72.229802,68.66292,71.167956,26.00666,26.585252,27.413689,27.351227
11/20/2021 4:00,0.83,2.62,-0.83,5308,39.1,44.51,46.69,-4.211213,82.249948,72.21994,68.692507,70.91811,25.694353,26.499778,27.30849,27.252604
11/20/2021 4:15,0.84,2.65,-0.84,5308,39,44.56,46.78,-4.539958,82.180912,72.433624,68.758256,71.210693,25.625316,26.568814,27.387389,27.282191
11/20/2021 4:30,0.857,2.66,-0.81,5308,39,44.63,46.86,-4.539958,82.236799,72.446774,68.62347,71.210693,25.950774,26.361705,27.232879,27.176993
11/20/2021 4:45,0.874,2.68,-0.79,5308,39,44.51,46.86,-4.70433,81.549722,72.699908,68.692507,71.194256,25.562855,26.565527,27.466288,27.407114
11/20/2021 5:00,0.839,2.63,-0.82,5308,39,44.54,46.88,-5.197448,82.457058,72.762369,68.551146,71.141657,25.832426,26.578677,27.370952,27.292053
11/20/2021 5:15,0.883,2.7,-0.79, ,39,44.61,46.93,-4.375585,81.102629,70.424993,67.176993,69.326984,25.908037,26.391292,27.111244,26.963308
11/20/2021 5:30,0.878,2.69,-0.79,5309,39.1,44.56,46.9,-4.211213,80.593074,69.833252,66.236782,68.63662,25.687778,26.315681,27.18028,26.913997
11/20/2021 5:45,0.892,2.72,-0.79,5308,39.1,44.35,46.86,-4.375585,79.442467,69.28096,65.576005,67.841057,25.664766,26.34198,26.976458,26.838385
11/20/2021 6:00,0.938,2.86,-0.83,5308,39.1,44.3,46.95,-4.539958,78.538418,69.136312,64.796879,67.246029,25.490531,26.125009,26.828523,26.946871
11/20/2021 6:15,1.017,2.98,-0.77,5309,39,44.2,46.86,-4.70433,78.854013,67.778596,64.369511,66.687163,25.552992,26.292669,27.03892,27.02577
11/20/2021 6:30,1.022,3.02,-0.8,5309,39.1,44.25,47.05,-4.539958,78.153786,67.393964,63.748183,66.17432,25.536555,26.05926,26.749624,26.851535
11/20/2021 6:45,1.045,3.07,-0.8,5308,39.1,44.13,46.93,-4.211213,76.858531,66.910709,63.317527,65.605592,25.368895,26.220345,26.920571,26.963308
11/20/2021 7:00,1.028,3.06,-0.83,5308,39.1,44.37,47.21,1.870569,76.414726,66.614839,62.755373,65.201235,25.329446,26.121721,26.614839,26.473478
11/20/2021 7:15,1.272,3.52,-0.74,5308,39.1,43.1,47.12,15.677857,70.786612,64.665381,62.781673,65.171648,25.487243,25.783114,26.092134,26.085559
11/20/2021 7:30,1.37,3.71,-0.71,5307,39.1,42.15,47.12,37.539396,70.181721,65.263697,63.12028,65.605592,25.227535,25.418207,25.85215,25.819276
11/20/2021 7:45,1.419,3.82,-0.71,5307,39.1,41.98,46.9,72.879478,71.920782,65.881737,63.363551,65.783114,25.474094,25.503681,26.105284,25.707503
11/20/2021 8:00,1.467,3.89,-0.67,5305,38.9,41.76,46.95,73.04385,73.094402,65.395195,63.192604,65.792976,25.319584,25.615454,25.855438,25.700928
11/20/2021 8:15,1.476,3.91,-0.67,5306,39.1,41.43,46.88,101.644661,74.52773,65.240685,64.441835,65.957349,25.20781,25.848863,26.217057,26.420879
11/20/2021 8:30,1.431,3.8,-0.66,5305,39.1,41.53,46.76,125.807415,75.852572,66.621414,65.24726,67.633948,25.289997,26.325543,26.697025,27.200005
11/20/2021 8:45,1.342,3.63,-0.69,5305,39.1,41.41,46.5,142.409035,77.479859,67.045495,66.279519,68.235551,25.516831,26.83181,27.236167,27.647098
11/20/2021 9:00,1.279,3.49,-0.69,5306,39.1,41.29,46.23,157.695675,79.133446,67.163843,66.604976,69.511082,25.559567,26.98632,27.689835,28.212539
11/20/2021 9:15,1.194,3.3,-0.69,5306,39,41.64,45.9,175.119157,79.537803,69.678742,66.437316,71.039746,25.954061,27.384102,27.956118,28.814142
11/20/2021 9:30,1.012,2.95,-0.75,5306,39.1,42.12,45.78,190.077053,80.964556,70.138985,69.711616,71.135082,26.04611,27.719422,28.820717,29.866126
11/20/2021 9:45,0.875,2.7,-0.81,5307,39.1,42.96,45.66,208.48677,81.17824,71.628199,70.717576,76.776345,26.249932,28.248701,29.215211,30.796474
11/20/2021 10:00,0.754,2.46,-0.84,5305,39.1,43.92,46.04,230.841426,81.02373,69.826677,69.875989,75.675049,26.50964,28.603746,29.47492,31.651211
11/20/2021 10:15,0.652,2.26,-0.87,5307,39.1,44.54,46.09,251.387986,82.161187,69.557106,74.932086,72.745932,26.693737,28.866742,29.741203,32.515811
11/20/2021 10:30,0.585,2.12,-0.88,5305,39.1,45.21,46.16,257.141022,82.00339,70.40198,73.544782,73.051665,27.006045,29.1396,29.675454,33.163438
11/20/2021 10:45,0.576,2.09,-0.87,5306,39.1,45.42,46.35,235.279483,81.599033,69.698466,72.759082,72.926742,27.301916,29.15275,29.984474,33.646693
11/20/2021 11:00,0.531,2,-0.88,5306,39.1,45.64,46.26,277.194464,81.83573,70.408555,73.646693,72.456636,27.469576,29.550531,30.342806,34.090499
11/20/2021 11:15,0.482,1.91,-0.9,5306,39.1,45.76,46.38,286.070578,82.910726,70.030499,72.042418,71.207406,27.663535,29.813527,30.641964,34.935373
11/20/2021 11:30,0.379,1.68,-0.9,5306,39.1,46.26,46.43,554.326457,83.834499,69.261235,71.006871,68.064604,27.834482,30.773462,31.010159,35.898596
11/20/2021 11:45,0.37,1.67,-0.91,5306,39.1,46.33,46.33,470.496495,83.449868,67.36109,73.571082,66.674013,28.228976,31.792572,30.970709,37.072216
11/20/2021 12:00,0.383,1.69,-0.9,5307,39.1,46.28,46.43,365.462483,84.228993,68.406499,73.801203,65.54313,28.373624,31.483551,31.384928,37.825041
11/20/2021 12:15,0.491,1.92,-0.89,5306,39,45.85,46.5,428.252769,82.920588,69.701754,71.749835,63.823794,28.682644,30.648539,31.200831,37.907228
11/20/2021 12:30,0.424,1.8,-0.92, ,39.1,46.59,46.59,397.515116,83.177009,72.203503,74.869624,66.614839,28.820717,30.510466,31.286304,38.048588
11/20/2021 12:45,0.38,1.72,-0.94,5306,39.1,46.43,46.59,476.413904,82.60828,73.456021,75.438353,64.882353,28.66292,30.26062,31.108782,38.328021
11/20/2021 13:00,0.526,1.97,-0.86,5307,39.2,45.85,46.5,417.897303,82.930451,74.432394,75.208232,71.621624,28.630045,30.040361,31.365203,38.485819
11/20/2021 13:15,0.727,2.38,-0.82,5306,39.1,44.73,46.45,287.714303,83.64054,74.685527,76.546224,69.050839,28.751681,30.221171,30.845786,38.627179
11/20/2021 13:30,1.106,3.16,-0.75,5305,39.1,43.06,46.35,310.397704,83.732588,75.208232,75.060296,68.98509,28.524847,30.046936,30.91811,38.459519
11/20/2021 13:45,1.457,3.83,-0.63,5305,39.1,41.24,46.33,538.217955,83.79505,74.458693,76.233916,70.707713,28.613608,29.961462,30.655114,38.791552
11/20/2021 14:00,1.762,4.51,-0.63,5304,39.1,39.83,46.21,575.694879,83.814774,75.073446,78.564718,67.65696,28.580733,29.826677,30.553203,38.666629
11/20/2021 14:15,2.108,5.14,-0.48,5304,39.1,38.2,45.83,292.809849,83.804912,75.398904,77.41411,69.777365,28.432798,29.576831,30.480879,38.854013
11/20/2021 14:30,2.365,5.6,-0.36,5293,39,36.98,45.64,282.783128,83.443293,75.596151,78.581155,70.375681,28.278288,29.705041,30.240895,38.745527
11/20/2021 14:45,2.591,6.02,-0.27,5287,39.1,35.72,45.37,204.213085,84.202693,74.997835,77.289187,69.931875,28.413074,29.32041,30.07981,38.216248
11/20/2021 15:00,2.773,6.36,-0.2,5282,39,35.21,45.33,209.14426,84.731973,74.96496,75.845997,66.848248,28.347325,29.218499,29.800377,37.368086
11/20/2021 15:15,2.79,6.37,-0.17,5276,39.1,35.33,45.33,201.254381,83.76875,75.103033,76.385139,69.987762,28.156652,29.129738,29.455195,36.378564
11/20/2021 15:30,2.719,6.25,-0.21,5274,39,35.67,45.35,177.420372,83.735876,74.780863,74.817025,72.436912,28.002142,28.77798,29.034401,35.050434
11/20/2021 15:45,2.631,6.1,-0.26,5269,39,36.17,45.47,135.669763,83.009349,75.569851,74.918936,70.990434,27.548474,28.304588,28.607033,33.482321
11/20/2021 16:00,2.697,6.22,-0.23,5267,39.1,36.03,45.71,189.748308,82.792378,74.297608,74.353495,72.893867,27.65696,27.919956,28.012005,32.584847
11/20/2021 16:15,2.701,6.2,-0.2,5262,39.1,36.39,45.76,106.575835,83.308507,75.425203,74.632928,72.095017,27.351227,27.607648,27.873932,31.532863
11/20/2021 16:30,2.573,6,-0.29,5262,39,36.58,45.9,98.357212,82.851552,73.068102,72.959616,74.623066,27.124393,27.216442,27.430126,30.040361
11/20/2021 16:45,2.502,5.85,-0.3,5261,38.9,37.22,45.95,60.222797,81.372199,73.370547,72.614434,71.006871,26.66415,26.950158,27.127681,29.119875
11/20/2021 17:00,2.355,5.55,-0.33,5259,38.8,38.08,46.12,27.677047,80.819908,73.991875,72.581559,71.795859,26.440604,26.680588,26.769349,28.074466
11/20/2021 17:15,2.071,5.04,-0.46,5260,38.9,39.18,46.55,3.843038,82.440621,76.368701,72.055568,73.669705,26.111859,26.315681,27.075082,27.223017
11/20/2021 17:30,1.841,4.62,-0.56,5260,38.9,40.38,46.62,-3.718095,81.885042,75.030709,71.292879,73.784766,25.911324,26.361705,27.071794,26.99947
11/20/2021 17:45,1.662,4.24,-0.58,5261,38.9,41.21,46.74,-4.539958,81.082904,73.239049,69.846402,72.719632,26.003373,26.164458,26.877835,26.943584
11/20/2021 18:00,1.533,3.98,-0.61,5261,38.9,42.03,46.93,-4.375585,79.873122,72.190353,68.873316,71.572312,26.151308,26.328831,27.176993,26.851535
11/20/2021 18:15,1.418,3.79,-0.68,5260,38.9,42.43,46.93,-4.70433,78.56143,71.283017,67.854207,70.543341,25.862013,26.289381,26.966596,26.670725
11/20/2021 18:30,1.29,3.56,-0.74,5260,38.9,42.91,47.02,-4.539958,78.364183,70.066661,66.782499,69.399308,25.848863,26.236782,26.775924,26.667438
11/20/2021 18:45,1.227,3.43,-0.75,5260,38.9,43.29,47,-4.211213,77.11824,69.451908,66.812086,69.087001,25.783114,26.22692,26.927146,26.634563
11/20/2021 19:00,1.187,3.33,-0.74,5260,38.8,43.53,46.9,-4.539958,77.663956,68.761543,65.885025,68.475535,25.635179,26.35513,26.877835,26.674013
11/20/2021 19:15,1.165,3.32,-0.78,5261,38.8,43.82,47.29,-4.539958,77.41411,68.3276,65.342596,67.985705,25.727227,26.351843,26.867972,26.867972
11/20/2021 19:30,1.137,3.22,-0.74,5261,38.9,43.8,47.05,-4.375585,75.638888,67.900231,64.994126,67.259179,25.855438,26.223632,26.848248,26.867972
11/20/2021 19:45,1.101,3.14,-0.74, ,39,43.92,47,-4.70433,76.003794,67.324928,64.639081,66.766061,25.72394,26.18747,26.785786,26.706887
11/20/2021 20:00,1.044,3.04,-0.77,5260,38.9,43.92,46.86,-4.211213,75.530402,67.098094,64.109802,66.463616,25.773252,26.21377,26.835098,26.913997
11/20/2021 20:15,1.066,3.09,-0.77,5260,39,44.04,46.98,-4.868703,76.973592,67.288766,64.080215,66.164458,25.901462,26.253219,26.864685,27.002758
11/20/2021 20:30,1.031,3.02,-0.78,5260,39.1,44.23,46.93,-3.882468,76.441025,67.262466,64.28075,66.34198,25.714077,26.023098,26.779211,26.84496
11/20/2021 20:45,1.031,3.03,-0.79,5261,38.9,44.11,46.83,-4.70433,74.876199,67.472863,64.606207,66.667438,25.638466,26.210482,26.979746,26.85811
11/20/2021 21:00,0.968,2.87,-0.77,5261,38.9,44.61,46.95,-4.375585,76.263503,67.877219,64.875778,66.99947,25.694353,26.154596,26.828523,26.848248
11/20/2021 21:15,0.949,2.82,-0.76,5261,38.9,44.25,46.71,-4.539958,78.153786,70.664976,67.532037,69.859551,25.733802,26.246644,26.904134,27.032345
11/20/2021 21:30,0.896,2.71,-0.77,5262,38.9,44.47,46.67,-4.375585,79.271519,70.760312,67.035632,69.438758,25.776539,26.34198,27.127681,26.930434
11/20/2021 21:45,0.874,2.68,-0.79,5261,38.9,44.63,46.67,-4.375585,78.873738,70.973997,67.16713,69.655729,25.750239,26.555665,27.259179,27.246029
11/20/2021 22:00,0.847,2.63,-0.8,5261,38.9,44.68,46.71,-4.04684,80.471438,70.911535,67.463001,69.62943,26.013235,26.328831,27.354515,27.242742
11/20/2021 22:15,0.834,2.6,-0.8,5261,38.9,44.8,46.69,-4.539958,80.612799,70.885236,67.620798,69.530806,25.651616,26.489916,27.400539,27.18028
11/20/2021 22:30,0.835,2.64,-0.84,5261,38.9,44.9,46.83,-4.539958,80.099956,71.246855,67.597786,69.659017,25.845575,26.335405,27.213154,27.377527
11/20/2021 22:45,0.825,2.6,-0.82,5262,38.9,44.9,46.59,-4.211213,80.119681,71.292879,67.679972,69.803665,25.875163,26.486628,27.328215,27.374239
11/20/2021 23:00,0.807,2.56,-0.82,5261,39,44.9,46.55,-4.868703,80.708135,71.592037,67.781883,69.701754,25.970499,26.526078,27.518887,27.32164
11/20/2021 23:15,0.781,2.5,-0.82,5262,39,45.18,46.59,-4.539958,80.852782,71.187681,67.709559,69.491357,25.674628,26.476766,27.47615,27.430126
11/20/2021 23:30,0.785,2.51,-0.82,5262,38.9,45.18,46.69,-4.539958,80.573349,71.40794,67.735859,69.754353,25.766677,26.545802,27.357802,27.292053
11/20/2021 23:45,0.799,2.57,-0.85,5262,39,45.14,46.67,-4.375585,80.833058,71.39479,67.676685,70.161997,26.00666,26.54909,27.255891,27.170418
11/21/2021 0:00,0.772,2.48,-0.82,5262,39,45.09,46.59,-4.375585,81.086191,71.526288,67.870644,70.231033,26.062547,26.463616,27.594499,27.242742
11/21/2021 0:15,1.129,3.22,-0.76,5263,39.1,45.04,47.05,-4.375585,83.742451,77.631082,74.425819,76.914418,25.87845,26.000086,26.818661,26.772636
11/21/2021 0:30,1.053,3.06,-0.77,5263,39.1,44.56,47.12,-4.868703,88.367892,86.185026,79.001948,88.101609,25.503681,24.816604,26.256507,25.027001
11/21/2021 0:45,0.853,2.67,-0.83,5263,39.2,45.23,47.05,-4.375585,90.866354,85.333576,77.052491,85.543973,25.089462,25.096037,26.651001,25.687778
11/21/2021 1:00,0.728,2.42,-0.86,5262,39.1,45.95,46.88,-4.375585,91.878888,82.940313,75.987357,82.637868,25.09275,25.506968,26.683875,26.171033
11/21/2021 1:15,0.781,2.52,-0.84,5262,39.2,46.07,47,-4.70433,91.671779,83.818062,78.209673,83.61424,25.122337,25.474094,26.614839,26.052685
11/21/2021 1:30,0.635,2.24,-0.89,5262,39.3,46.81,47.14,-4.375585,93.368103,88.206807,80.205155,91.957787,25.056588,24.777154,26.253219,25.027001
11/21/2021 1:45,0.52,2.04,-0.95,5261,39.3,47.24,47.24,-4.539958,93.844783,87.874775,77.420685,88.042434,25.023713,24.984264,26.99947,25.451082
11/21/2021 2:00,0.518,1.98,-0.89,5262,39.3,47.84,47.19,-4.868703,93.831633,85.113317,76.661284,84.814159,24.948102,25.329446,26.943584,26.003373
11/21/2021 2:15,0.551,2.09,-0.93,5261,39.4,47.57,47.57,-4.868703,93.318791,85.208653,78.880313,85.543973,24.915227,25.38862,26.85811,26.171033
11/21/2021 2:30,0.427,1.87,-0.99,5263,39.4,47.96,47.62,-4.539958,93.926969,88.979358,81.105916,90.718418,24.961252,25.165073,26.20062,25.270272
11/21/2021 2:45,0.336,1.64,-0.96,5262,39.4,48.55,47.55,-4.70433,94.380637,87.937236,78.811276,88.890596,25.06645,25.013851,26.565527,25.513543
11/21/2021 3:00,0.292,1.57,-0.99, ,39.3,48.94,47.6,-4.70433,94.193253,85.803681,77.144539,85.90888,25.086175,25.270272,26.601689,26.105284
11/21/2021 3:15,0.247,1.47,-0.99,5262,39.4,49.25,47.57,-4.868703,94.074904,83.975859,76.996604,83.798337,25.027001,25.592442,27.055357,26.453754
11/21/2021 3:30,0.195,1.4,-1.04,5262,39.4,49.44,47.55,-4.211213,93.713285,82.529382,76.506774,81.996815,25.046725,26.134871,27.071794,26.562239
11/21/2021 3:45,0.184,1.33,-0.99,5262,39.4,49.58,47.72,-4.70433,93.259617,81.901479,76.053106,81.099341,25.23411,25.871875,26.937009,26.697025
11/21/2021 4:00,0.131,1.24,-1.02,5261,39.4,50.06,47.67,-4.539958,93.121544,81.421511,75.592863,80.261042,25.178223,25.993511,27.295341,26.739762
11/21/2021 4:15,0.145,1.28,-1.03,5262,39.4,50.06,47.98,-4.375585,93.052508,80.925106,75.520539,79.603552,25.056588,26.039535,27.354515,27.03892
11/21/2021 4:30,0.172,1.33,-1.02,5261,39.4,49.53,47.67,-4.375585,92.763212,80.711422,75.076734,79.212345,25.19466,26.325543,27.354515,27.075082
11/21/2021 4:45,0.202,1.38,-1,5261,39.4,49.46,47.91,-4.539958,92.362143,79.692313,74.761139,78.840863,25.313009,26.388005,27.259179,27.117818
11/21/2021 5:00,0.177,1.35,-1.03,5262,39.4,49.61,47.91,-4.375585,92.664588,80.132831,74.425819,78.203098,25.24726,26.457041,27.338078,27.351227
11/21/2021 5:15,0.246,1.44,-0.96,5262,39.4,49.87,48.15,-4.539958,92.09586,76.944005,71.624912,75.17207,25.365608,26.279519,27.236167,27.022482
11/21/2021 5:30,0.283,1.54,-0.98,5262,39.4,49.75,48.2,-4.211213,89.65986,75.379179,70.855649,74.294321,25.158499,26.092134,27.052069,26.838385
11/21/2021 5:45,0.353,1.66,-0.94,5262,39.4,49.37,48.2,-4.70433,88.594726,74.458693,69.734628,73.028653,24.823179,25.977073,26.802223,26.927146
11/21/2021 6:00,0.39,1.77,-0.97,5261,39.4,49.29,48.29,-4.539958,89.216054,74.02475,68.646482,72.121317,24.905365,26.151308,26.897559,26.657575
11/21/2021 6:15,0.448,1.88,-0.95,5262,39.4,48.82,48.31,-4.211213,89.064831,72.621009,68.212539,71.000296,24.92509,25.967211,26.897559,26.904134
11/21/2021 6:30,0.549,2.04,-0.88,5262,39.4,48.36,48.05,-4.375585,86.84909,71.739972,67.512312,70.471017,24.727843,25.973786,26.720037,26.713462
11/21/2021 6:45,0.55,2.08,-0.92,5262,39.4,48.08,48.08,-4.868703,87.273171,72.167341,66.821948,69.790515,24.586482,25.894887,26.848248,26.637851
11/21/2021 7:00,0.533,2.06,-0.94,5261,39.4,48.86,48.36,-2.074371,86.014078,70.865511,66.125009,69.349997,24.823179,25.885025,26.733187,26.66415
11/21/2021 7:15,0.88,2.75,-0.85,5262,39.4,47,48.43,6.637371,77.387811,68.215827,65.750239,68.182952,24.882353,25.38862,25.986936,25.73709
11/21/2021 7:30,0.996,2.97,-0.81,5261,39.4,46.09,48.36,17.650326,75.076734,68.304588,65.345883,68.728669,24.823179,25.096037,25.648328,25.552992
11/21/2021 7:45,1.137,3.21,-0.73,5262,39.4,45.28,48.08,28.334537,75.290418,68.712231,65.54313,68.564296,24.573333,24.875778,25.654903,25.286709
11/21/2021 8:00,1.266,3.47,-0.7,5262,39.4,44.39,47.79,58.4147,75.980782,68.472248,65.648328,68.304588,24.556895,24.91194,25.645041,25.454369
11/21/2021 8:15,1.316,3.59,-0.71,5261,39.5,43.75,47.76,64.003364,75.737511,68.143503,65.54313,68.123778,24.474709,24.971114,25.631891,25.470806
11/21/2021 8:30,1.47,3.84,-0.61,5261,39.4,43.08,47.43,88.001746,76.940718,68.66292,65.266984,68.044879,24.428685,24.852766,25.55628,25.395195
11/21/2021 8:45,1.525,4.01,-0.66,5262,39.5,42.51,47.48,109.041422,76.582386,68.120491,65.263697,67.620798,24.632507,25.030288,25.493818,25.585867
11/21/2021 9:00,1.609,4.15,-0.61,5261,39.4,42.1,47.29,124.82118,75.237819,67.857495,65.257122,67.02577,24.487859,24.875778,25.523405,25.73709
11/21/2021 9:15,1.693,4.31,-0.58,5261,39.5,41.53,47.24,138.13535,75.372604,67.581349,65.036863,67.16713,24.609494,24.994126,25.73709,25.766677
11/21/2021 9:30,1.756,4.44,-0.57,5261,39.5,40.81,46.86,161.147497,74.961673,67.910094,65.263697,66.943584,24.468134,25.04015,25.776539,25.937624
11/21/2021 9:45,1.792,4.53,-0.58,5261,39.4,40.47,46.9,158.188792,77.075503,67.666822,64.91194,66.710175,24.685106,24.948102,25.829138,25.947486
11/21/2021 10:00,1.865,4.6,-0.48,5262,39.4,40.14,46.5,171.174218,76.401576,67.716134,64.859341,66.976458,24.869203,25.0796,26.003373,25.746952
11/21/2021 10:15,1.898,4.7,-0.51, ,39.4,39.61,46.28,297.576651,76.661284,67.781883,64.583195,66.805511,24.964539,25.493818,26.144733,26.36828
11/21/2021 10:30,1.906,4.69,-0.48,5261,39.4,39.64,46.23,389.460865,79.952021,66.591827,63.383276,66.125009,25.181511,25.835713,26.197333,26.88441
11/21/2021 10:45,1.915,4.73,-0.5,5261,39.4,39.33,46.26,298.234141,80.783746,65.520118,65.631891,65.631891,25.036863,26.401154,26.756199,27.702984
11/21/2021 11:00,1.938,4.79,-0.51,5261,39.4,39.45,46.21,284.262481,80.833058,66.20062,65.273559,66.22692,25.38862,26.618126,27.081656,27.772021
11/21/2021 11:15,2.057,4.99,-0.44,5261,39.4,39.06,46,302.672198,79.925722,66.101997,65.283422,67.058644,25.214385,26.627988,26.933721,27.686547
11/21/2021 11:30,2.062,5.01,-0.45,5260,39.4,38.94,46.02,319.602563,79.807373,66.295956,66.397867,68.774693,25.411632,26.35513,26.585252,27.640523
11/21/2021 11:45,2.089,5.06,-0.44,5261,39.4,38.99,45.88,295.439809,80.175568,67.137543,65.503681,67.315065,25.599017,26.752912,26.950158,27.97913
11/21/2021 12:00,2.065,4.98,-0.41,5261,39.4,38.87,45.83,428.910259,80.136118,66.779211,66.253219,68.074466,25.54313,26.634563,26.923859,27.99228
11/21/2021 12:15,1.929,4.76,-0.5,5260,39.3,39.11,46.07,608.076257,80.491163,67.890369,70.033786,71.720248,25.668053,26.966596,27.186855,28.353899
11/21/2021 12:30,1.743,4.41,-0.57,5260,39.3,40,46,395.707019,81.201252,68.741818,70.076523,71.628199,25.829138,27.242742,27.436701,29.44862
11/21/2021 12:45,1.821,4.53,-0.51,5259,39.4,39.92,45.9,228.375839,81.174952,69.031114,70.878661,71.08577,25.802839,27.157268,27.407114,29.261235
11/21/2021 13:00,1.879,4.65,-0.5,5260,39.4,39.85,46.04,258.127257,80.668685,69.333559,68.922628,70.129122,25.681203,26.841673,26.973171,28.797705
11/21/2021 13:15,1.769,4.44,-0.54,5260,39.4,40.4,46.14,278.673817,80.49445,68.189527,67.377527,71.861608,25.773252,26.779211,27.255891,28.462385
11/21/2021 13:30,1.868,4.68,-0.56,5259,39.4,39.68,46.12,388.145885,81.414936,69.330272,67.762159,77.913803,25.954061,26.960021,27.127681,28.879891
11/21/2021 13:45,2.205,5.32,-0.44,5258,39.4,39.78,46.52,472.468965,81.727244,73.022078,74.971535,79.88956,25.825851,27.035632,26.890984,29.948312
11/21/2021 14:00,2.534,5.94,-0.32,5256,39.3,37.82,46.38,574.051154,84.307892,77.818467,80.083519,78.837576,25.815988,26.581964,26.779211,31.805721
11/21/2021 14:15,2.707,6.27,-0.26,5255,39.3,36.84,46.07,243.662479,85.566985,80.948118,82.049414,77.364799,25.954061,26.36828,27.200005,33.452734
11/21/2021 14:30,2.782,6.41,-0.23,5253,39.3,36.36,45.9,229.362074,85.783957,80.471438,79.508216,71.148232,25.871875,26.125009,27.200005,33.738742
11/21/2021 14:45,2.608,6.05,-0.26,5249,39.3,35.45,45.35,187.775838,84.682661,77.539033,76.178029,67.466288,25.750239,26.236782,27.15398,33.66313
11/21/2021 15:00,2.688,6.2,-0.23,5244,39.3,35.62,44.97,162.462477,85.524248,75.763811,75.030709,71.746547,25.898175,26.99947,27.305203,32.624296
11/21/2021 15:15,2.675,6.17,-0.23,5242,39.3,36.1,45.23,200.103774,84.603762,73.245624,73.699292,73.801203,25.661478,26.736474,26.85811,30.852361
11/21/2021 15:30,2.768,6.35,-0.2,5238,39.2,35.76,45.09,189.25519,84.731973,73.456021,73.317948,77.545608,25.871875,26.470191,26.762774,30.45458
11/21/2021 15:45,2.803,6.4,-0.17,5235,39.3,35.86,45.4,148.819561,84.495276,74.731551,74.235147,76.237203,25.69764,26.555665,26.897559,30.155422
11/21/2021 16:00,2.745,6.27,-0.17,5233,39.1,36.29,45.28,139.285958,84.357204,72.699908,72.450062,73.968863,25.52998,26.256507,26.572102,29.333559
11/21/2021 16:15,2.43,5.69,-0.3,5230,39.2,37.82,45.76,82.906199,83.193446,73.255487,72.512523,75.096458,25.799551,25.940912,26.335405,28.071179
11/21/2021 16:30,2.066,5.01,-0.44,5230,39.1,39.92,46.4,55.949113,81.066467,73.982013,72.183778,72.187066,25.316296,25.776539,25.934337,26.693737
11/21/2021 16:45,2.071,5.03,-0.45,5231,39.1,40.14,46.57,38.525631,79.965171,74.070774,71.920782,72.936604,25.184798,25.352458,25.625316,25.908037
11/21/2021 17:00,2.159,5.18,-0.4,5230,39.2,40.02,46.55,18.965306,79.896135,73.025365,71.536151,73.189738,24.875778,25.030288,25.516831,25.523405
11/21/2021 17:15,1.995,4.86,-0.45,5230,39.1,40.59,46.71,1.706196,82.420896,76.161592,71.795859,75.050434,24.721268,24.928377,25.714077,25.664766
11/21/2021 17:30,1.772,4.42,-0.51, ,39.2,41.48,46.69,-3.882468,81.645058,74.51458,71.302742,74.281171,24.721268,24.938239,25.842288,25.815988
11/21/2021 17:45,1.623,4.18,-0.61,5230,39.2,42.39,47.02,-4.211213,81.970515,74.389657,71.499989,74.343632,24.764005,24.997413,25.585867,25.789689
11/21/2021 18:00,1.488,3.87,-0.6,5230,39.1,43.06,47.1,-4.375585,83.229608,74.840037,71.690661,74.616491,24.816604,25.204523,25.68449,25.714077
11/21/2021 18:15,1.292,3.5,-0.67,5230,39.1,43.7,47.05,-4.539958,82.785803,74.48828,72.154191,75.086596,24.721268,25.345883,26.177608,25.871875
11/21/2021 18:30,1.213,3.38,-0.73,5230,39.1,44.35,47.14,-4.211213,83.246046,74.879487,71.976669,74.646078,24.678531,25.385333,25.898175,25.881737
11/21/2021 18:45,1.113,3.13,-0.7,5231,39.2,44.78,47.1,-4.539958,83.919973,76.516637,73.449446,76.634985,24.954677,25.253835,26.131584,25.730515
11/21/2021 19:00,1.011,2.93,-0.73,5230,39.1,45.4,47.14,-5.033075,84.952232,76.634985,73.38041,76.348977,24.931665,25.510256,26.286094,26.220345
11/21/2021 19:15,0.945,2.81,-0.76,5231,39.1,45.64,47.21,-5.033075,84.754985,76.470612,73.183163,76.217479,24.895503,25.658191,26.404442,26.223632
11/21/2021 19:30,0.891,2.7,-0.77,5230,39.1,46.14,47.26,-4.375585,84.876621,76.256928,72.834693,75.934758,25.112474,25.871875,26.473478,25.967211
11/21/2021 19:45,0.856,2.64,-0.79,5230,39.1,46.04,47.17,-4.539958,85.376313,75.993932,72.946466,75.813122,25.188086,25.829138,26.575389,26.473478
11/21/2021 20:00,0.846,2.59,-0.76,5230,39.1,46.38,47.02,-4.375585,85.613009,76.247066,73.061527,75.842709,25.24726,25.68449,26.345268,26.391292
11/21/2021 20:15,0.802,2.52,-0.79,5231,39.2,46.78,47.29,-5.033075,85.777382,76.243778,72.768944,76.12543,25.391907,25.671341,26.463616,26.210482
11/21/2021 20:30,0.763,2.46,-0.82,5231,39.2,46.62,47.1,-4.70433,85.626159,76.260215,73.222612,75.398904,25.240685,25.661478,26.440604,26.371567
11/21/2021 20:45,0.749,2.43,-0.82,5231,39.2,46.81,47.31,-4.375585,84.659649,75.908458,73.311373,76.171454,24.997413,25.85215,26.585252,26.608264
11/21/2021 21:00,0.757,2.42,-0.79,5232,39.2,46.93,47.41,-4.539958,85.711633,75.655325,73.153576,75.924896,25.490531,25.848863,26.624701,26.486628
11/21/2021 21:15,0.701,2.35,-0.85,5232,39.2,46.98,47.31,-4.868703,86.139001,75.954483,73.216037,75.993932,25.447794,25.881737,26.516215,26.447179
11/21/2021 21:30,0.78,2.47,-0.79,5231,39.2,47.1,47.26,-4.70433,85.442062,77.417398,75.642175,77.844766,25.316296,25.579292,25.648328,26.052685
11/21/2021 21:45,0.65,2.21,-0.82,5232,39.2,47.5,47.5,-4.539958,85.004831,77.956539,74.100361,77.617932,25.322871,25.428069,26.210482,26.279519
11/21/2021 22:00,0.623,2.14,-0.81,5232,39.2,47.57,47.41,-4.375585,85.928604,76.976879,72.811681,75.852572,25.243972,25.776539,26.595114,26.693737
11/21/2021 22:15,0.65,2.21,-0.82,5232,39.2,47.38,47.21,-4.211213,85.711633,76.76977,72.73607,75.638888,25.099324,26.184183,26.996183,26.83181
11/21/2021 22:30,0.703,2.3,-0.79,5233,39.2,47.5,47.33,-4.375585,86.339536,76.60211,74.212134,76.582386,25.293284,25.973786,26.253219,26.427454
11/21/2021 22:45,0.69,2.27,-0.79,5233,39.2,47.74,47.6,-4.70433,85.596572,77.59492,74.65594,77.578483,25.339308,25.526693,26.269656,26.328831
11/21/2021 23:00,0.638,2.21,-0.85,5232,39.2,47.98,47.65,-4.70433,85.044281,78.088037,75.573139,78.206386,25.296571,25.615454,26.062547,26.03296
11/21/2021 23:15,0.632,2.17,-0.82,5232,39.2,48.1,47.43,-4.375585,85.310564,78.176799,75.520539,78.337884,25.428069,25.316296,26.203907,26.009948
11/21/2021 23:30,0.614,2.13,-0.82,5232,39.3,48.15,47.67,-4.539958,85.004831,78.508831,75.704637,78.0979,24.984264,25.549705,25.855438,25.954061
11/21/2021 23:45,0.62,2.17,-0.85,5233,39.3,48.08,47.6,-4.70433,85.790532,78.913187,75.6619,78.71594,25.132199,25.19466,25.888312,25.960636
11/22/2021 0:00,0.576,2.1,-0.88,5233,39.3,48.36,47.53,-4.868703,85.274402,78.975649,75.750661,78.272135,25.174936,25.293284,25.90475,25.901462
11/22/2021 0:15,0.558,2.06,-0.88,5233,39.3,48.39,47.72,-4.539958,85.287552,78.857301,75.62245,78.752102,25.224248,25.155211,25.756814,25.631891
11/22/2021 0:30,0.558,2.07,-0.89,5232,39.3,48.46,47.79,-4.211213,85.261252,78.811276,75.734224,78.900037,24.879065,25.299859,25.733802,25.677916
11/22/2021 0:45,0.557,2.03,-0.85, ,39.3,48.53,47.86,-4.868703,85.317139,79.113722,76.013657,78.679778,25.076312,25.046725,25.579292,25.658191
11/22/2021 1:00,0.558,2.06,-0.88,5233,39.3,48.6,47.76,-4.211213,85.333576,79.166321,76.168167,78.982224,25.23411,24.839616,25.760102,25.677916
11/22/2021 1:15,0.57,2.06,-0.85,5233,39.4,48.53,47.69,-4.539958,85.928604,79.942159,76.089268,79.146596,24.967826,25.135486,25.871875,25.566142
11/22/2021 1:30,0.539,1.99,-0.85,5234,39.3,48.55,47.72,-4.70433,85.797106,79.163033,76.174742,79.05126,24.87249,24.971114,25.796264,25.447794
11/22/2021 1:45,0.513,1.96,-0.88,5234,39.4,48.58,47.74,-4.868703,86.533495,79.149884,76.240491,78.640329,24.879065,25.033575,25.704215,25.490531
11/22/2021 2:00,0.526,1.99,-0.88,5235,39.4,48.63,47.79,-5.033075,85.527536,79.596977,76.095843,78.955924,24.908652,25.023713,25.536555,25.329446
11/22/2021 2:15,0.535,1.98,-0.85,5234,39.3,48.55,47.72,-4.539958,86.579519,80.001333,76.069543,79.465479,24.685106,24.948102,25.69764,25.41492
11/22/2021 2:30,0.513,1.96,-0.88,5233,39.4,48.86,47.86,-4.70433,86.145576,79.426029,76.457462,79.478629,24.609494,24.875778,25.510256,25.56943
11/22/2021 2:45,0.491,1.91,-0.88,5234,39.4,48.53,47.53,-4.539958,86.957576,79.024961,75.083309,78.640329,24.977689,25.178223,25.858725,25.506968
11/22/2021 3:00,0.504,1.94,-0.88,5234,39.4,48.31,47.48,-4.539958,87.092362,78.439795,74.52773,77.368086,24.938239,25.470806,26.055972,25.963924
11/22/2021 3:15,0.561,2.04,-0.85,5235,39.4,47.96,47.31,-4.868703,87.079212,77.644232,74.415956,77.098515,25.007276,25.421494,26.105284,25.973786
11/22/2021 3:30,0.561,2.04,-0.85,5234,39.4,48.22,47.55,-4.539958,86.316524,77.552183,74.116798,77.183989,24.984264,25.395195,26.272944,26.207195
11/22/2021 3:45,0.597,2.12,-0.85,5234,39.4,48.12,47.62,-4.375585,86.582807,77.759292,73.758466,77.249738,25.036863,25.457656,26.085559,25.973786
11/22/2021 4:00,0.638,2.21,-0.85,5235,39.4,48.05,47.55,-4.375585,86.924702,77.60807,73.794628,76.973592,25.197948,25.359033,26.34198,26.128296
11/22/2021 4:15,0.669,2.28,-0.85,5235,39.4,47.84,47.5,-4.539958,86.257349,77.374661,73.880102,76.631697,25.063162,25.595729,26.305818,26.052685
11/22/2021 4:30,0.638,2.22,-0.86,5235,39.4,48.12,47.79,-4.868703,85.876005,77.223438,73.876815,76.657997,25.211098,25.648328,26.230207,26.118434
11/22/2021 4:45,0.653,2.28,-0.89,5234,39.4,47.74,47.74,-4.70433,86.083115,77.230013,73.705867,76.855244,24.87249,25.589154,26.095422,25.970499
11/22/2021 5:00,0.692,2.33,-0.85,5235,39.4,47.69,47.69,-4.539958,85.027843,77.072216,73.324523,76.467325,24.921802,25.559567,26.013235,26.042822
11/22/2021 5:15,0.665,2.28,-0.86,5235,39.4,48.24,48.08,-4.70433,84.281592,75.149058,71.473689,73.827503,25.188086,25.434644,25.842288,25.858725
11/22/2021 5:30,0.722,2.36,-0.81,5235,39.4,48.08,47.91,-4.70433,82.624718,72.972766,69.751065,72.486223,24.862628,25.345883,25.72394,25.559567
11/22/2021 5:45,0.804,2.57,-0.84,5236,39.4,47.79,47.96,-4.211213,82.32556,72.3613,68.794418,71.184393,24.846191,25.069737,25.572717,25.707503
11/22/2021 6:00,0.816,2.57,-0.81,5235,39.4,47.33,47.67,-4.539958,81.556297,71.70381,68.304588,71.230418,24.750855,24.951389,25.687778,25.411632
11/22/2021 6:15,0.87,2.69,-0.81,5234,39.4,46.95,47.79,-4.211213,80.632523,71.273155,67.328215,70.592653,24.777154,24.780442,25.779826,25.615454
11/22/2021 6:30,0.931,2.77,-0.75,5234,39.4,46.93,47.93,-4.375585,79.524653,70.819487,67.374239,69.839827,24.599632,24.711405,25.68449,25.497106
11/22/2021 6:45,0.968,2.87,-0.77,5235,39.5,46.62,47.74,-4.70433,77.966402,70.050223,67.006045,69.691891,24.537171,24.823179,25.592442,25.434644
11/22/2021 7:00,0.954,2.84,-0.77,5234,39.4,46.67,47.81,-1.745626,78.301722,69.866126,66.516215,69.465057,24.43526,24.826466,25.72394,25.464231
11/22/2021 7:15,1.212,3.35,-0.7,5234,39.5,45.23,47.6,6.966115,72.821543,67.808183,65.973786,68.800993,24.392523,24.405673,24.800167,24.750855
11/22/2021 7:30,1.377,3.67,-0.65,5235,39.5,44.35,47.48,17.321581,72.012831,68.304588,66.867972,69.586693,24.438547,24.323486,24.593057,24.520733
11/22/2021 7:45,1.431,3.79,-0.65, ,39.5,43.8,47.36,38.525631,72.279114,68.577446,66.591827,69.583406,24.136102,24.185413,24.553608,24.458272
11/22/2021 8:00,1.534,4.01,-0.64,5234,39.4,43.29,47.38,58.4147,73.239049,68.577446,67.032345,69.816814,24.2676,24.017754,24.635794,24.047341
11/22/2021 8:15,1.609,4.16,-0.62,5233,39.5,42.62,47.21,107.233325,73.041802,69.287535,66.739762,69.879276,24.195276,23.869818,24.431972,24.622644
11/22/2021 8:30,1.666,4.25,-0.58,5234,39.5,42.08,47.29,139.121585,74.149673,69.067276,66.927146,69.570256,24.221575,24.07364,24.711405,24.556895
11/22/2021 8:45,1.689,4.29,-0.57,5233,39.5,41.79,47.05,204.870575,76.96373,68.751681,67.052069,68.472248,24.185413,24.648944,25.237397,25.227535
11/22/2021 9:00,1.786,4.48,-0.54,5233,39.5,41.17,46.78,204.048713,77.282612,68.130353,66.759486,69.389446,24.560183,24.918515,25.612167,25.500393
11/22/2021 9:15,1.821,4.53,-0.51,5233,39.5,41.05,46.59,215.883531,78.074888,68.77798,67.709559,69.050839,24.671956,25.566142,25.599017,25.661478
11/22/2021 9:30,1.879,4.64,-0.49,5233,39.5,40.83,46.5,288.700538,78.498969,69.734628,68.429511,69.836539,24.770579,25.585867,25.756814,26.108571
11/22/2021 9:45,1.648,4.18,-0.55,5233,39.4,41.05,46.35,313.685154,81.753544,72.203503,69.543956,74.461981,24.928377,26.263082,26.769349,27.785171
11/22/2021 10:00,1.398,3.68,-0.61,5233,39.4,41.96,46.16,274.728877,81.582596,73.363972,74.189122,73.370547,25.227535,26.87126,27.47615,28.95879
11/22/2021 10:15,1.265,3.44,-0.67,5233,39.4,42.6,46.09,398.008233,83.038936,72.650596,76.039956,75.448215,25.490531,27.328215,27.801608,29.856264
11/22/2021 10:30,1.042,2.99,-0.72,5234,39.5,44.37,46.21,270.783938,84.376928,73.863665,75.757236,75.95777,26.036248,27.568199,28.570871,31.306029
11/22/2021 10:45,1.052,3.03,-0.74,5234,39.5,44.23,46.5,306.288392,84.403228,73.889964,73.511908,74.64279,26.18747,27.96598,28.672782,31.838596
11/22/2021 11:00,1.088,3.11,-0.74,5234,39.5,44.37,46.5,334.560458,83.673414,72.739357,75.244394,73.386985,26.401154,28.15994,28.758256,32.022693
11/22/2021 11:15,1.239,3.39,-0.68,5233,39.5,43.72,46.57,352.477058,83.555066,73.709155,73.705867,73.824215,26.53594,28.120491,28.452523,32.07858
11/22/2021 11:30,1.32,3.6,-0.71,5234,39.6,42.43,46.52,462.770989,83.463017,74.879487,73.850515,75.316717,26.618126,28.413074,28.860167,32.213365
11/22/2021 11:45,1.276,3.51,-0.72,5234,39.5,42.72,46.28,478.879491,84.810872,72.302126,78.150499,77.506159,26.841673,28.919341,29.455195,33.268636
11/22/2021 12:00,1.374,3.7,-0.69,5234,39.5,42,46.12,484.961273,85.783957,75.080021,77.548896,80.49445,27.367665,29.366434,30.027211,34.636215
11/22/2021 12:15,1.538,4,-0.62,5233,39.5,40.78,45.42,571.914312,87.881349,77.979552,78.360896,82.542531,27.857495,29.846402,30.990434,36.717171
11/22/2021 12:30,1.798,4.46,-0.49,5233,39.6,39.56,45.06,666.428485,88.279131,80.277479,79.074272,82.64773,28.291438,30.664976,31.739972,39.212345
11/22/2021 12:45,2.003,4.86,-0.43,5233,39.5,38.78,44.94,494.330504,90.675682,79.255082,80.823195,77.729705,28.79113,31.154806,32.637446,40.754159
11/22/2021 13:00,1.933,4.76,-0.49,5233,39.5,39.92,45.35,231.827661,88.522402,75.832847,79.731762,69.905576,28.876604,31.42109,32.088442,40.622661
11/22/2021 13:15,1.888,4.67,-0.5,5232,39.6,40.59,45.88,359.380702,84.876621,75.612588,79.90271,69.389446,28.807567,30.332944,30.993721,38.466094
11/22/2021 13:30,2.138,5.17,-0.44,5233,39.6,39.33,45.97,364.476249,85.172491,76.348977,76.973592,73.847228,28.616895,30.145559,30.707713,37.539033
11/22/2021 13:45,2.618,6.1,-0.29,5232,39.5,37.03,45.45,612.185568,86.438159,76.302952,79.172896,74.491568,28.613608,29.866126,30.487454,37.729705
11/22/2021 14:00,2.59,6.01,-0.26,5232,39.4,37.39,45.47,283.769363,85.675471,78.032151,79.041398,72.785381,28.380199,29.751065,30.497317,38.390483
11/22/2021 14:15,2.666,6.15,-0.23,5232,39.4,37.25,45.61,309.904587,84.824021,75.924896,78.449657,72.55526,28.136928,29.356572,29.93845,37.230013
11/22/2021 14:30,2.932,6.66,-0.14,5230,39.5,35.88,45.35,288.20742,85.369738,76.381851,78.985511,74.271309,28.390061,29.369721,30.040361,36.901268
11/22/2021 14:45,3.025,6.81,-0.08,5230,39.4,35.6,45.18,254.675435,85.073868,77.391098,78.890175,75.655325,28.268426,29.1133,29.800377,36.704021
11/22/2021 15:00,3.026,6.84,-0.11, ,39.5,35.93,45.47,205.692438,85.202078,77.433835,78.479244,71.848458,28.044879,29.001527,29.619567,35.625738
11/22/2021 15:15,2.816,6.43,-0.17,5228,39.5,36.77,45.57,112.328872,84.6202,77.368086,77.072216,72.966191,27.883794,28.439373,29.070563,34.291033
11/22/2021 15:30,2.416,5.65,-0.29,5228,39.5,38.82,46.04,100.329681,83.985722,75.885446,77.864491,72.936604,27.472863,28.044879,27.936393,31.953657
11/22/2021 15:45,2.302,5.48,-0.38,5228,39.5,39.28,46.16,188.104583,84.324329,76.424588,76.158305,74.879487,27.200005,27.499163,27.47615,30.392118
11/22/2021 16:00,2.186,5.23,-0.39,5228,39.5,40.07,46.43,110.685147,83.959422,75.94462,75.839422,78.367471,27.029057,27.298628,27.022482,29.471632
11/22/2021 16:15,1.968,4.8,-0.45,5228,39.5,41.6,46.74,45.10053,83.068523,75.888734,75.221381,76.93743,26.53594,26.87126,26.674013,28.284863
11/22/2021 16:30,1.938,4.79,-0.51,5228,39.4,41.79,46.86,45.10053,81.825867,75.97092,74.646078,75.257543,26.246644,26.506353,26.555665,27.068507
11/22/2021 16:45,1.898,4.7,-0.51,5227,39.6,41.88,46.95,25.704578,81.490548,75.46794,74.284458,75.780248,26.190758,25.986936,25.885025,26.269656
11/22/2021 17:00,1.942,4.77,-0.48,5228,39.5,41.76,47.12,6.637371,80.678548,75.471228,73.209462,75.977495,25.510256,25.796264,25.875163,26.036248
11/22/2021 17:15,1.826,4.54,-0.51,5227,39.6,42.1,47.05,-1.088136,82.348572,76.651422,74.16611,77.335211,25.490531,25.862013,26.417592,26.105284
11/22/2021 17:30,1.715,4.32,-0.54,5227,39.6,42.43,47,-4.539958,84.094208,77.345074,74.524442,77.617932,25.428069,25.776539,26.269656,26.335405
11/22/2021 17:45,1.576,4.04,-0.57,5227,39.6,43.1,46.95,-4.211213,83.726013,77.542321,74.948523,77.821754,25.592442,25.940912,26.532652,26.125009
11/22/2021 18:00,1.471,3.86,-0.63,5228,39.6,43.7,47.19,-4.375585,84.850321,77.627794,75.527114,78.893463,25.355745,26.000086,26.585252,26.486628
11/22/2021 18:15,1.319,3.56,-0.67,5228,39.6,44.3,47.1,-4.04684,86.369123,78.683066,76.155017,79.235357,25.658191,26.144733,26.644426,26.503065
11/22/2021 18:30,1.208,3.35,-0.71,5228,39.6,44.9,47.12,-4.539958,86.378985,77.719843,75.234531,78.104475,25.881737,26.18747,26.512928,26.706887
11/22/2021 18:45,1.136,3.19,-0.71,5227,39.6,45.45,47.36,-4.375585,86.770192,77.489722,74.623066,78.08475,25.546418,26.180895,26.815373,26.618126
11/22/2021 19:00,1.062,3.07,-0.76,5228,39.6,45.85,47.12,-4.375585,85.530823,77.137964,74.465268,77.58177,25.858725,26.289381,26.789073,26.503065
11/22/2021 19:15,1.043,3.02,-0.75,5227,39.7,45.92,47.41,-4.70433,85.553835,77.187276,74.245009,77.335211,25.792976,26.233495,26.881122,26.729899
11/22/2021 19:30,1.038,2.98,-0.72,5228,39.7,46.14,47.24,-4.70433,85.488086,77.016329,74.544167,77.279325,25.779826,26.266369,26.841673,26.631276
11/22/2021 19:45,0.977,2.91,-0.79,5228,39.7,46.26,47.53,-4.211213,85.899017,77.160977,74.241721,77.387811,25.776539,26.233495,26.835098,26.608264
11/22/2021 20:00,0.964,2.88,-0.79,5228,39.7,46.4,47.36,-4.539958,85.912167,76.920993,74.182547,77.082078,25.855438,26.18747,26.697025,26.759486
11/22/2021 20:15,0.949,2.82,-0.76,5228,39.7,46.64,47.29,-4.868703,85.876005,76.953867,74.087211,77.114952,25.717365,26.197333,26.802223,26.743049
11/22/2021 20:30,0.945,2.81,-0.76,5229,39.6,46.81,47.45,-4.539958,85.198791,76.805932,74.110224,76.891406,25.72394,26.075697,26.894272,26.6773
11/22/2021 20:45,0.963,2.86,-0.77,5228,39.6,47,47.48,-4.375585,84.600475,77.874353,77.10509,80.001333,25.72394,25.855438,25.677916,25.960636
11/22/2021 21:00,0.954,2.83,-0.76,5229,39.7,47.07,47.38,-4.70433,83.456442,79.656151,78.347746,81.441236,25.546418,25.365608,25.276847,25.191373
11/22/2021 21:15,0.878,2.69,-0.79,5229,39.7,47.45,47.79,-4.375585,84.015309,79.952021,78.643616,82.098726,25.313009,25.09275,25.230822,25.158499
11/22/2021 21:30,0.803,2.55,-0.82,5230,39.7,48,47.84,-4.211213,84.741835,80.990855,79.212345,82.450483,25.204523,25.04015,25.138774,25.076312
11/22/2021 21:45,0.781,2.5,-0.82,5229,39.7,47.98,47.81,-4.539958,84.304604,81.15194,79.310969,82.618143,25.007276,24.750855,25.165073,24.902077
11/22/2021 22:00,0.687,2.33,-0.86,5229,39.8,48.43,47.93,-4.868703,85.422337,81.398499,79.416167,82.736491,25.020426,24.675243,25.122337,24.826466
11/22/2021 22:15,0.649,2.29,-0.91, ,39.8,48.72,48.05,-4.70433,85.09688,80.961268,79.347131,82.98305,24.734418,24.445122,24.678531,24.642369
11/22/2021 22:30,0.586,2.16,-0.92,5231,39.8,49.22,48.03,-4.70433,85.080442,81.424799,79.616701,82.9436,24.829754,24.599632,24.918515,24.635794
11/22/2021 22:45,0.557,2.15,-0.98,5232,39.8,49.89,48.34,-4.70433,85.323714,82.019827,79.675876,82.907438,24.750855,24.612782,24.842903,24.524021
11/22/2021 23:00,0.498,2,-0.96,5232,39.9,50.16,48.6,-4.868703,86.06339,81.467535,79.758062,83.456442,24.464847,24.362936,24.491146,24.415535
11/22/2021 23:15,0.466,1.92,-0.95,5233,39.9,50.25,48.67,-4.375585,85.465074,81.69437,79.955309,83.443293,24.494434,24.211713,24.58977,24.481284
11/22/2021 23:30,0.43,1.85,-0.96,5232,39.8,50.42,48.65,-5.197448,86.099552,81.832442,79.455616,83.495892,24.619357,24.221575,24.42211,24.652231
11/22/2021 23:45,0.417,1.83,-0.97,5232,39.9,50.63,49.03,-4.539958,86.306661,81.901479,79.879697,83.246046,24.477996,24.198563,24.520733,24.553608
11/23/2021 0:00,0.309,1.58,-0.96,5232,39.9,50.78,49.2,-4.375585,85.833268,81.832442,79.656151,83.019212,24.389235,24.168976,24.369511,24.458272
11/23/2021 0:15,0.577,2.15,-0.93,5233,39.9,50.44,49.2,-4.375585,88.594726,85.527536,83.374256,86.70773,24.208426,24.007891,24.152539,24.297187
11/23/2021 0:30,0.457,1.9,-0.95,5233,40,49.99,48.94,-4.868703,92.809236,90.208864,83.699714,93.078807,24.438547,23.708733,24.954677,23.889543
11/23/2021 0:45,0.296,1.57,-0.98,5234,40,50.85,48.91,-4.70433,94.084767,89.82752,81.273576,91.24441,24.244588,24.208426,25.490531,24.376086
11/23/2021 1:00,0.257,1.51,-1.01,5234,40,51.18,48.7,-4.70433,94.295163,88.502677,81.013867,89.446175,24.40896,24.504296,25.513543,24.928377
11/23/2021 1:15,0.322,1.6,-0.95,5235,40,51.42,48.91,-4.868703,94.061755,89.150305,84.094208,90.701981,24.185413,24.290612,25.181511,24.71798
11/23/2021 1:30,0.292,1.56,-0.98,5235,40,51.23,48.74,-4.539958,94.791568,91.011001,85.941754,94.426661,24.320199,24.096652,24.892215,24.182126
11/23/2021 1:45,0.23,1.45,-1.01,5236,40,51.73,48.7,-4.70433,94.929641,91.74739,84.699098,95.182775,24.402385,24.050628,24.957964,23.915843
11/23/2021 2:00,0.137,1.28,-1.05,5235,39.9,52.4,48.96,-4.211213,95.123601,91.431795,83.574791,94.117641,24.205138,23.938855,25.010563,24.030903
11/23/2021 2:15,0.181,1.35,-1.02,5236,40,52.24,49.15,-4.70433,94.84088,91.652054,85.284264,94.314888,24.178839,23.938855,24.839616,24.053915
11/23/2021 2:30,0.101,1.2,-1.05,5236,40.1,52.38,49.13,-4.539958,95.527957,92.375293,85.527536,95.222224,24.415535,23.912555,24.941527,23.856669
11/23/2021 2:45,0.03,1.06,-1.07,5237,40.1,52.9,49.08,-4.375585,95.620006,91.895325,83.12441,94.406937,24.270887,24.136102,25.483956,24.191988
11/23/2021 3:00,-0.02,0.92,-1.04,5237,40.1,53.36,48.94,-4.539958,95.386597,91.178661,82.167762,93.207018,24.277462,24.030903,25.687778,24.547033
11/23/2021 3:15,-0.046,0.89,-1.07,5237,40,53.53,49.1,-4.70433,95.889576,90.297625,81.608896,91.573155,24.412247,24.593057,25.664766,24.685106
11/23/2021 3:30,-0.1,0.75,-1.05,5238,40.1,54.05,48.98,-4.539958,95.531244,88.98922,81.290013,90.537609,24.431972,24.514158,25.927762,24.882353
11/23/2021 3:45,-0.118,0.71,-1.05,5239,40.1,54.08,49.01,-4.70433,95.33071,88.016135,80.708135,89.321252,24.57662,24.625932,25.812701,25.280134
11/23/2021 4:00,-0.144,0.68,-1.08,5238,40.1,54.03,48.79,-4.539958,95.393172,87.490143,80.589786,88.302143,24.514158,24.882353,25.911324,25.174936
11/23/2021 4:15,-0.114,0.72,-1.05,5239,40.1,54.17,48.91,-4.868703,94.719244,86.457884,80.343228,88.173932,24.556895,25.326158,26.322256,25.408345
11/23/2021 4:30,-0.126,0.72,-1.08,5239,40.1,54.34,49.06,-4.375585,94.173528,85.399325,79.984896,87.312621,24.655519,25.109187,26.072409,25.368895
11/23/2021 4:45,-0.127,0.71,-1.07,5239,40.3,54.36,49.13,-4.211213,94.771844,85.3796,79.873122,86.418434,24.487859,25.181511,26.108571,25.645041
11/23/2021 5:00,-0.058,0.89,-1.1,5239,40.3,54.2,48.98,-4.375585,94.439811,84.587325,79.06441,85.688621,24.70483,25.303146,26.203907,25.55628
11/23/2021 5:15,-0.065,0.82,-1.04,5239,40.3,54.6,49.18,-4.539958,93.621236,81.83573,76.740183,83.042224,24.560183,25.096037,26.065835,25.437932
11/23/2021 5:30,-0.001,0.97,-1.05, ,40.3,54.17,49.32,-4.375585,91.59288,80.208442,75.135908,80.655535,24.343211,25.043438,25.802839,25.24726
11/23/2021 5:45,0.059,1.08,-1.02,5239,40.3,54.12,49.44,-4.211213,89.742046,79.126871,74.001738,79.550952,24.270887,24.869203,25.792976,25.276847
11/23/2021 6:00,0.154,1.29,-1.02,5240,40.3,53.43,49.53,-4.211213,88.791973,77.821754,73.271924,78.360896,24.109802,24.599632,25.464231,25.059875
11/23/2021 6:15,0.172,1.33,-1.02,5240,40.3,53.36,49.65,-4.539958,90.028054,77.042628,72.604572,77.483147,24.264312,24.724555,25.306434,25.19466
11/23/2021 6:30,0.239,1.48,-1.02,5239,40.3,53.19,49.68,-4.539958,89.847244,76.414726,72.262677,76.322677,24.119664,24.616069,25.303146,24.931665
11/23/2021 6:45,0.235,1.47,-1.02,5239,40.3,52.4,49.65,-4.211213,89.235779,75.97092,71.654499,75.97092,24.083503,24.586482,25.253835,25.056588
11/23/2021 7:00,0.32,1.66,-1.02,5239,40.4,52.57,49.65,-2.403116,88.907034,75.905171,71.624912,75.431778,24.014466,24.800167,25.37547,25.0796
11/23/2021 7:15,0.582,2.16,-0.93,5239,40.4,51.35,49.75,4.007411,81.707519,72.430337,70.809624,74.392944,23.850094,24.284037,24.73113,24.645656
11/23/2021 7:30,0.692,2.35,-0.87,5239,40.4,50.94,49.51,11.732917,79.958596,72.824831,70.872086,74.511292,23.948717,23.882968,24.487859,24.168976
11/23/2021 7:45,0.776,2.5,-0.83,5240,40.4,49.58,49.41,27.84142,79.623276,73.567794,70.7373,74.337058,23.521349,23.90598,24.287324,24.076928
11/23/2021 8:00,0.817,2.59,-0.83,5240,40.4,49.1,49.1,48.716724,79.333981,73.712442,70.451292,73.99845,23.541073,23.744895,24.359648,24.159114
11/23/2021 8:15,0.92,2.82,-0.83,5240,40.4,48.91,49.25,61.866522,80.750871,73.449446,70.75045,74.264734,23.922418,23.797494,24.441835,24.247875
11/23/2021 8:30,1.03,3.01,-0.77,5240,40.4,47.74,49.08,83.234944,79.330693,72.939891,71.000296,74.047762,23.784345,23.767907,24.369511,24.468134
11/23/2021 8:45,1.119,3.17,-0.73,5239,40.4,47.12,48.94,102.137778,78.978936,72.716345,70.303357,73.653268,24.132814,24.277462,24.685106,24.412247
11/23/2021 9:00,1.208,3.34,-0.7,5240,40.4,46.62,48.72,74.35883,79.610127,73.041802,70.41513,73.71573,23.988166,23.915843,24.560183,24.481284
11/23/2021 9:15,1.236,3.43,-0.73,5239,40.4,46.21,48.63,112.986362,79.843535,73.505333,69.931875,73.597381,23.958579,24.057203,24.724555,24.514158
11/23/2021 9:30,1.29,3.55,-0.73,5239,40.4,45.14,48.27,214.404179,80.530612,73.110839,69.780653,73.068102,23.915843,24.264312,24.740992,24.977689
11/23/2021 9:45,1.399,3.7,-0.63,5239,40.5,44.73,48.15,151.449521,81.576021,72.275827,70.07981,71.92407,24.09994,24.675243,25.099324,25.424782
11/23/2021 10:00,1.431,3.8,-0.66,5239,40.6,44.42,48.12,214.404179,82.351859,72.828118,70.346094,71.805721,24.132814,24.892215,25.0533,25.451082
11/23/2021 10:15,1.449,3.84,-0.66,5239,40.6,44.47,48,209.14426,82.174337,71.88462,70.536766,72.328426,24.520733,25.010563,25.368895,25.806126
11/23/2021 10:30,1.475,3.87,-0.63,5239,40.4,44.18,47.86,191.88515,82.279536,71.983244,70.612377,71.805721,24.297187,25.257122,25.349171,25.927762
11/23/2021 10:45,1.43,3.77,-0.63,5238,40.6,44.39,47.76,251.552358,84.143519,71.565738,70.444717,74.021462,24.527308,25.303146,25.595729,26.023098
11/23/2021 11:00,1.297,3.53,-0.69,5239,40.5,44.82,47.62,331.601754,84.409803,71.891195,70.540053,75.737511,24.596345,25.674628,26.272944,26.821948
11/23/2021 11:15,1.056,3.04,-0.74,5238,40.6,45.37,47.72,301.850336,84.531438,73.179875,71.286304,76.247066,24.737705,26.065835,26.447179,27.67011
11/23/2021 11:30,0.953,2.82,-0.75,5239,40.6,46.21,47.65,184.981506,85.474936,74.48828,74.274596,75.099746,25.043438,26.960021,27.203292,28.751681
11/23/2021 11:45,0.847,2.62,-0.79,5240,40.4,46.21,47.53,318.123211,86.316524,73.50862,76.122143,79.21892,25.431357,27.226304,27.338078,29.412458
11/23/2021 12:00,0.887,2.71,-0.79,5239,40.5,45.97,47.26,220.979078,86.277074,74.159535,75.530402,80.034208,25.720652,27.423551,28.192814,30.691276
11/23/2021 12:15,1.002,2.91,-0.73,5239,40.5,44.94,47,505.672205,86.803066,76.076118,75.638888,79.669301,25.921187,28.031729,28.679357,31.996393
11/23/2021 12:30,1.092,3.1,-0.72, ,40.6,44.94,47.14,245.306204,87.513155,76.914418,75.083309,76.056394,26.197333,28.077754,28.97194,33.18645
11/23/2021 12:45,1.301,3.53,-0.68,5240,40.5,43.89,47.02,537.23172,86.2442,76.224054,76.822369,79.294531,26.581964,28.215827,28.63662,32.68347
11/23/2021 13:00,1.461,3.82,-0.61,5240,40.5,43.56,47.12,289.193655,86.967439,77.456847,76.64156,78.180086,26.920571,28.156652,28.83058,33.022078
11/23/2021 13:15,1.372,3.66,-0.65,5240,40.5,44.44,47.31,248.264909,85.589997,76.592248,75.421916,75.343017,26.739762,28.084329,28.284863,32.03913
11/23/2021 13:30,1.439,3.78,-0.62,5240,40.5,44.39,47.55,248.429281,85.136329,76.634985,77.009754,76.625122,26.713462,27.778596,28.281576,31.496701
11/23/2021 13:45,1.559,4.02,-0.59,5240,40.5,43.75,47.53,203.555596,85.954904,78.301722,78.413495,78.775114,26.693737,27.673397,27.936393,31.07262
11/23/2021 14:00,1.716,4.36,-0.58,5239,40.5,43.13,47.72,352.805803,85.491374,78.232685,77.772442,80.464863,26.447179,27.446563,27.82462,30.845786
11/23/2021 14:15,1.845,4.6,-0.53,5238,40.6,42.58,47.53,324.369365,85.731357,78.298434,77.982839,81.398499,26.39458,27.627373,27.903519,30.852361
11/23/2021 14:30,1.756,4.43,-0.56,5239,40.6,43.41,47.96,304.480295,85.113317,76.802645,74.731551,76.263503,26.391292,27.265754,27.416976,29.981187
11/23/2021 14:45,1.484,3.9,-0.64,5238,40.6,45.33,48.2,123.341828,85.179066,75.027422,74.636215,75.911746,26.430741,26.907422,26.910709,28.876604
11/23/2021 15:00,1.284,3.51,-0.7,5238,40.6,46.47,48.51,121.040613,83.965997,75.310143,75.020847,75.135908,26.013235,26.568814,26.585252,27.775308
11/23/2021 15:15,1.356,3.66,-0.69,5237,40.5,46.47,48.65,99.343446,84.314467,75.343017,74.747989,75.448215,25.901462,26.062547,26.131584,26.766061
11/23/2021 15:30,1.453,3.84,-0.65,5236,40.6,45.95,48.58,93.754782,82.95675,75.707924,73.959001,76.164879,25.441219,25.819276,25.881737,26.207195
11/23/2021 15:45,1.493,3.91,-0.63,5236,40.6,45.54,48.65,66.304579,82.746353,75.918321,74.008313,76.454175,25.395195,25.493818,25.727227,25.963924
11/23/2021 16:00,1.436,3.83,-0.68,5236,40.5,45.83,48.89,33.430084,83.075098,75.464653,73.337673,76.365414,25.069737,25.437932,25.674628,25.526693
11/23/2021 16:15,1.4,3.75,-0.68,5236,40.5,46.12,48.7,22.910246,81.322888,76.076118,73.544782,76.395001,24.928377,25.000701,25.526693,25.303146
11/23/2021 16:30,1.382,3.71,-0.68,5234,40.5,46.26,48.86,28.334537,80.71471,75.273981,72.742645,75.852572,24.727843,24.777154,25.174936,24.951389
11/23/2021 16:45,1.374,3.72,-0.71,5235,40.5,46.16,48.79,7.95235,80.208442,74.728264,72.203503,75.392329,24.819891,24.668669,25.099324,24.997413
11/23/2021 17:00,1.386,3.69,-0.65,5234,40.5,46.23,48.67,6.144253,80.711422,74.994547,72.985916,75.947908,24.632507,24.612782,25.000701,24.849478
11/23/2021 17:15,1.182,3.33,-0.75,5234,40.6,46.93,48.94,-2.238743,82.693754,77.111665,74.218709,77.732993,24.639081,24.606207,25.520118,25.289997
11/23/2021 17:30,0.92,2.81,-0.82,5235,40.7,47.84,48.7,-4.04684,86.263924,78.798126,75.198369,78.676491,24.431972,25.204523,25.911324,25.602304
11/23/2021 17:45,0.755,2.49,-0.87,5234,40.7,48.63,48.79,-4.04684,86.951001,78.022288,74.435681,77.798742,24.793592,25.460944,26.161171,26.085559
11/23/2021 18:00,0.697,2.36,-0.87,5234,40.7,49.32,48.79,-4.375585,87.598629,77.693543,74.392944,77.446985,24.938239,25.661478,26.282806,26.164458
11/23/2021 18:15,0.653,2.28,-0.89,5234,40.6,49.63,48.94,-4.211213,86.835941,76.907843,74.442256,77.331924,24.931665,25.839001,26.22692,26.358418
11/23/2021 18:30,0.671,2.34,-0.91,5234,40.6,49.99,49.1,-4.04684,85.553835,78.344458,77.446985,79.626564,25.145349,25.424782,25.487243,25.631891
11/23/2021 18:45,0.634,2.23,-0.88,5235,40.7,50.3,49.03,-5.197448,85.557123,79.603552,79.044685,81.878467,24.961252,25.076312,25.148636,25.142061
11/23/2021 19:00,0.598,2.14,-0.87,5233,40.7,50.78,49.34,-4.868703,85.336864,80.977706,79.452329,82.798953,24.530596,24.533883,24.714693,24.977689
11/23/2021 19:15,0.514,2,-0.92,5235,40.7,51.26,49.32,-4.211213,85.156054,81.635195,79.715325,83.091536,24.632507,24.313624,24.668669,24.675243
11/23/2021 19:30,0.453,1.91,-0.97,5234,40.7,51.73,49.49,-4.211213,85.165916,82.062564,80.00462,83.239471,24.609494,24.343211,24.685106,24.418822
11/23/2021 19:45,0.443,1.87,-0.95, ,40.6,52,49.61,-4.375585,84.672799,81.954078,79.981608,83.44658,24.458272,24.145964,24.727843,24.323486
11/23/2021 20:00,0.377,1.74,-0.97,5234,40.6,52.33,49.58,-4.868703,85.208653,81.947503,80.086807,83.581366,24.320199,24.063778,24.290612,24.215001
11/23/2021 20:15,0.315,1.65,-1.02,5234,40.7,52.76,49.84,-4.868703,85.445349,82.45377,80.293916,83.749025,24.162401,23.94543,24.231438,24.07364
11/23/2021 20:30,0.265,1.51,-0.99,5236,40.9,52.79,49.68,-4.70433,85.846418,82.167762,80.468151,83.854224,24.083503,23.909268,24.017754,23.705446
11/23/2021 20:45,0.237,1.42,-0.96,5236,40.8,52.9,49.77,-5.033075,86.55322,82.539244,80.336653,83.926548,23.984879,23.952005,24.270887,23.90598
11/23/2021 21:00,0.216,1.4,-0.99,5237,40.9,53.1,49.77,-4.375585,86.444734,82.798953,80.307066,83.551778,23.925705,23.665996,24.224863,23.843519
11/23/2021 21:15,0.185,1.34,-1,5237,40.9,52.93,49.68,-4.868703,87.22386,82.351859,80.205155,84.07777,24.047341,23.77777,24.040766,23.925705
11/23/2021 21:30,0.167,1.31,-1.01,5237,40.8,52.98,49.41,-5.033075,86.796491,82.552394,80.691697,84.163244,23.797494,23.902693,24.080215,24.159114
11/23/2021 21:45,0.162,1.28,-0.99,5238,40.9,53.14,49.65,-4.211213,87.0299,82.805527,80.685123,84.475552,23.928992,23.813932,23.968442,23.889543
11/23/2021 22:00,0.118,1.21,-1.02,5238,40.9,53,49.51,-4.375585,86.789916,82.779228,80.810046,84.436102,23.827081,23.859956,24.014466,24.063778
11/23/2021 22:15,0.087,1.17,-1.05,5239,40.8,53.33,49.63,-4.375585,87.608491,82.963325,81.02373,84.482127,24.106515,23.846806,24.001316,23.909268
11/23/2021 22:30,0.117,1.2,-1.01,5238,40.8,53.07,49.58,-5.033075,87.269884,82.825252,80.724572,84.856896,23.725171,23.698871,23.859956,23.823794
11/23/2021 22:45,0.092,1.18,-1.05,5239,40.8,53.36,49.49,-4.04684,87.555892,83.416993,80.902094,84.758272,23.955292,23.728458,23.846806,24.093365
11/23/2021 23:00,0.118,1.21,-1.02,5239,40.8,53.31,49.49,-4.211213,87.66109,83.183584,81.398499,84.962094,23.938855,23.636409,24.096652,23.975017
11/23/2021 23:15,0.069,1.11,-1.03,5238,41.1,53.29,49.37,-4.868703,87.562467,82.752928,81.112491,84.547876,23.899405,23.79092,24.030903,23.935567
11/23/2021 23:30,0.122,1.22,-1.02,5238,41.1,53.5,49.75,-4.868703,87.355358,82.519519,80.323503,83.785187,23.794207,23.672571,23.646272,23.863243
11/23/2021 23:45,0.127,1.24,-1.03,5239,40.9,53.6,49.84,-5.033075,86.1916,82.733204,80.267616,83.479455,23.629835,23.468749,23.537786,23.314239
11/24/2021 0:00,0.046,1.06,-1.03,5240,41.1,54.6,50.2,-4.04684,85.389463,81.51356,79.577252,83.084961,23.278077,23.156442,23.143292,23.051243
11/24/2021 0:15,-0.046,0.87,-1.05,5239,41.1,54.32,49.89,-5.033075,85.698483,79.393155,74.932086,77.739568,23.514774,23.370126,24.310337,24.333349
11/24/2021 0:30,-0.041,0.92,-1.09,5240,40.9,53.69,49.63,-4.375585,85.892443,76.178029,70.56964,73.258774,23.587098,24.22815,25.119049,25.434644
11/24/2021 0:45,0.024,1.02,-1.04,5239,41.2,53.12,49.49,-4.539958,85.136329,74.757851,69.287535,72.05228,23.639697,24.609494,25.848863,25.809414
11/24/2021 1:00,0.082,1.13,-1.02,5239,41.1,52.33,49.41,-4.70433,84.935795,74.100361,68.390061,71.11207,24.109802,24.750855,26.088847,26.177608
11/24/2021 1:15,0.189,1.34,-0.99,5239,41.1,51.85,49.13,-4.539958,85.422337,73.889964,69.478207,72.180491,24.221575,25.036863,25.986936,25.993511
11/24/2021 1:30,0.219,1.38,-0.96,5239,41.2,51.66,49.13,-4.375585,84.764847,73.636831,67.939681,71.11207,24.188701,25.148636,26.325543,26.279519
11/24/2021 1:45,0.287,1.56,-0.99,5239,41.1,51.23,49.25,-4.539958,84.653074,72.752507,67.854207,70.290207,24.491146,25.408345,26.486628,26.358418
11/24/2021 2:00,0.33,1.59,-0.92,5240,41.2,51.3,48.98,-4.539958,84.212556,72.624296,67.170418,70.056798,24.330061,25.263697,26.766061,26.562239
11/24/2021 2:15,0.363,1.69,-0.95,5240,41.2,50.9,49.13,-4.375585,83.699714,72.693333,67.532037,70.076523,24.431972,25.382045,26.736474,26.697025
11/24/2021 2:30,0.447,1.85,-0.92,5239,41.3,50.78,49.01,-4.539958,83.801625,73.429721,70.484167,72.785381,24.356361,25.349171,25.954061,26.042822
11/24/2021 2:45,0.461,1.91,-0.95,5240,41.2,50.78,49.32,-4.539958,84.018596,75.027422,71.309317,74.054337,24.658806,24.918515,25.520118,25.720652
11/24/2021 3:00,0.453,1.9,-0.96, ,41.2,50.37,49.27,-4.539958,84.465689,75.688199,71.920782,74.419244,24.320199,24.954677,25.661478,25.819276
11/24/2021 3:15,0.451,1.85,-0.91,5240,41.2,50.75,49.13,-4.211213,84.899633,75.878871,71.943794,74.665802,24.662094,25.076312,25.940912,25.717365
11/24/2021 3:30,0.425,1.82,-0.94,5240,41.3,50.71,49.27,-5.033075,85.165916,76.09913,72.450062,75.273981,24.566758,25.036863,25.756814,25.635179
11/24/2021 3:45,0.425,1.81,-0.93,5240,41.3,50.9,49.29,-4.70433,85.438774,76.256928,72.459924,75.267406,24.579907,24.928377,25.829138,25.490531
11/24/2021 4:00,0.429,1.82,-0.93,5240,41.3,51.06,49.27,-4.70433,85.879293,76.276653,72.52896,75.559989,24.448409,24.91194,25.631891,25.549705
11/24/2021 4:15,0.421,1.81,-0.94,5240,41.3,51.06,49.44,-4.868703,85.415762,76.634985,72.607859,75.553414,24.320199,24.833041,25.760102,25.516831
11/24/2021 4:30,0.399,1.79,-0.97,5240,41.3,51.21,49.56,-4.539958,85.846418,76.654709,72.867568,75.573139,24.385948,24.796879,25.599017,25.674628
11/24/2021 4:45,0.415,1.78,-0.92,5241,41.4,51.3,49.51,-4.868703,86.027228,76.454175,72.4139,75.704637,24.274175,24.819891,25.707503,25.625316
11/24/2021 5:00,0.381,1.74,-0.96,5240,41.3,50.92,49.32,-4.539958,84.906208,76.408151,72.969479,76.184604,24.520733,24.89879,25.862013,25.789689
11/24/2021 5:15,0.424,1.8,-0.92,5241,41.4,50.94,49.34,-4.375585,85.836556,76.927568,72.90373,75.589576,24.56347,25.059875,25.769964,25.523405
11/24/2021 5:30,0.412,1.8,-0.95,5241,41.4,50.94,49.53,-4.70433,85.481511,76.552798,73.110839,75.901883,24.609494,25.0533,25.760102,25.727227
11/24/2021 5:45,0.416,1.81,-0.95,5241,41.5,50.94,49.51,-4.539958,85.373025,76.273365,72.828118,75.484377,24.43526,24.865916,25.746952,25.625316
11/24/2021 6:00,0.43,1.84,-0.95,5241,41.3,51.26,49.65,-4.375585,85.409187,76.970305,72.962904,75.64875,24.487859,24.954677,25.668053,25.68449
11/24/2021 6:15,0.462,1.92,-0.96,5241,41.5,50.9,49.46,-4.70433,86.56637,76.80922,72.680183,75.64875,24.369511,24.89879,25.694353,25.612167
11/24/2021 6:30,0.483,1.92,-0.91,5242,41.5,50.87,49.44,-4.539958,85.514386,76.115568,72.745932,75.523827,24.25445,24.974401,26.04611,25.671341
11/24/2021 6:45,0.462,1.92,-0.96,5241,41.4,50.99,49.56,-4.375585,85.619584,76.76977,72.847843,75.50739,24.540458,24.849478,25.73709,25.526693
11/24/2021 7:00,0.447,1.85,-0.92,5241,41.5,50.97,49.53,-1.581253,84.791147,76.542936,72.634159,75.80326,24.303762,24.908652,25.533268,25.40177
11/24/2021 7:15,0.43,1.84,-0.95,5241,41.5,50.73,49.49,6.801743,85.918742,76.421301,73.626968,76.276653,24.714693,25.089462,25.776539,25.506968
11/24/2021 7:30,0.47,1.91,-0.93,5242,41.5,50.51,49.46,36.717533,85.231665,76.345689,73.610531,76.441025,24.694968,25.336021,26.062547,25.776539
11/24/2021 7:45,0.479,1.93,-0.93,5243,41.6,50.11,49.18,46.744254,85.540685,76.569236,73.860377,76.773058,24.928377,25.55628,26.22692,26.016523
11/24/2021 8:00,0.505,1.98,-0.92,5242,41.5,49.96,49.1,71.400126,85.737932,77.785592,74.938661,77.729705,24.938239,25.661478,26.401154,26.128296
11/24/2021 8:15,0.531,2.01,-0.89,5243,41.5,49.8,49.08,54.634133,86.378985,78.051875,75.813122,78.692928,25.036863,25.845575,26.299243,26.157883
11/24/2021 8:30,0.519,2.01,-0.92,5243,41.6,49.77,49.25,103.288386,86.832653,78.449657,76.033381,78.978936,25.326158,25.963924,26.519503,26.095422
11/24/2021 8:45,0.505,1.98,-0.92,5242,41.5,49.39,48.86,156.380695,87.585479,79.19262,76.227341,78.71594,25.451082,26.493203,26.838385,26.900847
11/24/2021 9:00,0.532,2.02,-0.9,5244,41.5,49.34,48.84,80.276239,88.66705,78.630467,77.088653,80.145981,25.608879,26.618126,26.904134,26.966596
11/24/2021 9:15,0.451,1.84,-0.9,5244,41.6,49.39,48.72,191.063287,89.400151,80.550337,79.067697,81.582596,25.520118,27.009333,27.446563,27.541899
11/24/2021 9:30,0.473,1.89,-0.9,5243,41.6,50.51,48.94,211.938592,87.102224,75.323292,75.458078,76.325964,25.944199,27.213154,27.200005,28.074466
11/24/2021 9:45,0.474,1.9,-0.91,5243,41.6,50.85,49.25,199.939401,87.434256,75.227956,75.027422,75.458078,25.977073,27.190142,27.384102,28.284863
11/24/2021 10:00,0.585,2.13,-0.89,5243,41.5,50.8,49.56,152.435756,84.376928,74.087211,75.126045,76.053106,25.875163,26.562239,26.861397,27.219729
11/24/2021 10:15,0.593,2.12,-0.86,5244,41.5,50.23,49.53,464.907831,86.096264,76.611973,77.377948,77.966402,25.776539,26.434029,27.01262,27.83777
11/24/2021 10:30,0.447,1.84,-0.91,5243,41.5,50.2,49.37,256.812277,85.885868,77.216863,78.032151,79.130159,26.013235,27.006045,27.755584,29.021252
11/24/2021 10:45,0.412,1.79,-0.94,5244,41.6,50.56,49.06,152.271383,85.954904,76.713884,76.496912,73.696005,26.029673,27.364377,27.765446,29.974612
11/24/2021 11:00,0.26,1.48,-0.97,5243,41.9,51.11,49.22,261.907824,86.822791,76.059681,74.376507,80.717997,26.05926,27.065219,27.982418,29.977899
11/24/2021 11:15,0.131,1.22,-1,5244,41.7,52.24,49.25,330.779891,86.332961,76.158305,77.174126,77.719843,26.098709,27.831195,28.531422,31.039746
11/24/2021 11:30,0.086,1.13,-1.01,5244,41.7,52.74,49.41,457.511069,86.957576,74.547454,74.396232,75.296993,26.499778,28.3013,28.847017,32.581559
11/24/2021 11:45,-0.001,0.97,-1.05,5245,41.7,52.9,49.44,683.35885,86.941139,73.216037,74.212134,73.488896,26.877835,29.491357,29.48807,33.883389
11/24/2021 12:00,0.068,1.09,-1.01,5245,41.9,52.74,49.44,416.417951,86.957576,73.991875,77.013041,69.44862,27.324928,29.317122,29.323697,33.656555
11/24/2021 12:15,-0.034,0.87,-1.02,5244,42,52.69,49.41,479.536981,85.330289,75.698062,76.470612,77.082078,26.99947,28.899616,29.090288,33.229187
11/24/2021 12:30,0.234,1.44,-0.99,5245,42,50.59,48.98,472.14022,87.578904,76.825657,77.111665,74.356782,27.370952,29.228361,30.109397,34.764426
11/24/2021 12:45,0.412,1.79,-0.94,5245,42,49.99,48.72,380.749124,85.290839,76.105705,77.026191,74.067487,27.591211,29.188912,29.553819,35.126045
11/24/2021 13:00,0.577,2.12,-0.9,5285,42,49.46,48.74,246.949929,85.280977,76.066256,76.799357,68.390061,27.47615,28.62347,28.860167,33.436296
11/24/2021 13:15,0.701,2.37,-0.87,3700,42,48.77,48.77,364.969366,83.929835,76.713884,77.598207,73.600669,27.242742,28.090903,28.238839,31.345478
11/24/2021 13:30,0.821,2.6,-0.83,3700,42,48.58,48.74,313.027664,85.106742,77.039341,78.413495,76.217479,27.200005,27.841057,27.788458,30.579503
11/24/2021 13:45,0.955,2.88,-0.81,3698,42,48.05,48.74,145.038994,85.277689,77.387811,79.403017,76.684296,26.769349,27.630661,27.729284,30.45458
11/24/2021 14:00,1.159,3.26,-0.73,3699,41.9,47.69,49.08,58.907818,84.718823,75.306855,75.924896,72.601284,26.512928,26.828523,26.749624,28.153365
11/24/2021 14:15,1.188,3.37,-0.78,3698,42,47.84,49.37,156.545068,82.950175,76.11228,75.665187,76.194466,25.990223,26.289381,26.134871,26.434029
11/24/2021 14:30,1.272,3.52,-0.74,3698,42,47.07,49.32,154.901343,82.036264,76.135292,75.103033,76.940718,25.871875,25.776539,25.934337,26.22692
11/24/2021 14:45,1.329,3.6,-0.69,3697,42,47.07,49.56,150.134541,82.443908,76.260215,75.122758,77.522596,25.20781,25.424782,25.612167,25.944199
11/24/2021 15:00,1.424,3.84,-0.72,3697,42.1,46.45,49.56,127.615512,82.378159,76.861819,74.941948,76.727033,25.382045,25.342596,25.520118,25.776539
11/24/2021 15:15,1.401,3.76,-0.69,3698,42,46.43,49.73,142.73778,82.746353,77.088653,74.922224,77.719843,25.063162,25.289997,25.266984,25.444507
11/24/2021 15:30,1.348,3.67,-0.72,3697,42.2,47.07,49.77,80.276239,82.384734,77.098515,74.807163,77.972977,25.109187,24.964539,25.188086,25.359033
11/24/2021 15:45,1.272,3.53,-0.75,3697,42,47.79,50.01,55.620368,82.134888,76.980167,74.761139,78.117624,24.865916,24.915227,25.033575,24.803454
11/24/2021 16:00,1.224,3.46,-0.79,3696,42.1,47.98,50.32,88.001746,82.604993,76.378564,73.735454,77.121527,24.770579,24.652231,24.990839,24.836328
11/24/2021 16:15,1.258,3.49,-0.74,3696,42.2,47.74,50.2,70.085146,81.799568,76.348977,74.070774,77.052491,24.639081,24.520733,25.105899,24.740992
11/24/2021 16:30,1.241,3.46,-0.75,3696,42.1,47.88,50.2,39.183121,80.823195,76.023519,73.67628,76.697446,24.829754,24.517446,24.915227,24.665381
11/24/2021 16:45,1.21,3.4,-0.76,3696,42.2,48.15,50.32,11.075427,80.619374,76.230628,73.406709,77.137964,24.277462,24.25445,24.750855,24.412247
11/24/2021 17:00,1.183,3.35,-0.77,3696,42.2,48.17,50.3,2.034941,80.622661,75.31343,72.52896,76.730321,24.343211,23.876393,24.353073,24.438547
11/24/2021 17:15,1.045,3.09,-0.82, ,42.2,49.46,50.56,-2.074371,81.17824,75.875584,72.519098,76.375276,24.405673,24.307049,25.027001,24.520733
11/24/2021 17:30,0.835,2.65,-0.85,3695,42.2,50.59,50.78,-3.882468,81.819293,74.646078,71.476976,74.997835,24.208426,24.464847,25.289997,24.810029
11/24/2021 17:45,0.742,2.48,-0.89,3695,42.2,50.75,50.59,-4.375585,81.707519,74.120086,71.21398,74.330483,24.257737,24.593057,25.23411,25.069737
11/24/2021 18:00,0.693,2.38,-0.9,3695,42.2,51.09,50.71,-4.375585,81.743681,74.554029,71.315891,74.373219,24.323486,24.754142,25.073025,25.158499
11/24/2021 18:15,0.644,2.27,-0.9,3694,42.2,51.16,50.42,-4.04684,82.424183,74.554029,71.404653,74.50143,24.353073,24.87249,25.385333,25.151924
11/24/2021 18:30,0.617,2.22,-0.91,3695,42.2,51.14,50.39,-4.539958,83.209884,76.562661,73.538207,76.684296,24.356361,24.816604,25.303146,25.382045
11/24/2021 18:45,0.525,2.06,-0.96,3695,42.4,51.64,50.47,-4.375585,84.728685,76.565948,72.874142,76.072831,24.43526,25.046725,25.960636,25.585867
11/24/2021 19:00,0.491,1.93,-0.9,3695,42.4,51.83,50.32,-4.539958,84.465689,76.391713,72.801819,75.82956,24.619357,25.145349,25.769964,25.658191
11/24/2021 19:15,0.457,1.91,-0.96,3695,42.3,51.66,50.35,-4.70433,84.373641,76.345689,72.946466,75.895309,24.530596,24.88564,25.783114,25.645041
11/24/2021 19:30,0.453,1.9,-0.96,3695,42.2,52.31,50.42,-4.211213,84.636637,75.901883,73.025365,76.079406,24.685106,25.059875,25.8653,25.618741
11/24/2021 19:45,0.429,1.82,-0.93,3695,42.4,52.28,50.37,-4.539958,84.679374,76.546224,72.943179,75.947908,24.60292,24.796879,25.717365,25.783114
11/24/2021 20:00,0.399,1.78,-0.96,3695,42.4,52.28,50.39,-4.375585,83.311795,76.348977,72.926742,76.164879,24.780442,25.027001,25.868588,25.743665
11/24/2021 20:15,0.395,1.78,-0.97,3695,42.5,52.31,50.39,-4.375585,85.004831,76.799357,72.907017,76.076118,24.75743,25.046725,25.717365,25.585867
11/24/2021 20:30,0.38,1.71,-0.93,3695,42.4,52.47,50.2,-4.868703,84.478839,76.773058,73.025365,75.947908,24.816604,25.197948,25.677916,25.694353
11/24/2021 20:45,0.366,1.68,-0.93,3695,42.4,52.5,50.39,-4.539958,84.741835,76.500199,73.100977,75.961058,24.747567,25.056588,25.829138,25.487243
11/24/2021 21:00,0.399,1.79,-0.97,3696,42.5,52.43,50.32,-4.539958,84.429527,76.441025,73.193025,75.822985,24.60292,25.089462,25.717365,25.58258
11/24/2021 21:15,0.369,1.75,-1,3695,42.4,52.52,50.61,-4.868703,85.008119,76.605398,73.022078,75.947908,24.721268,25.073025,25.674628,25.776539
11/24/2021 21:30,0.385,1.75,-0.96,3695,42.5,52.55,50.44,-4.539958,84.242143,76.477187,72.703195,75.77696,24.599632,25.171648,25.822563,25.674628
11/24/2021 21:45,0.39,1.78,-0.98,3695,42.6,52.76,50.63,-4.375585,84.491989,76.217479,72.653883,75.546839,24.639081,25.132199,25.605592,25.549705
11/24/2021 22:00,0.368,1.74,-0.99,3695,42.6,52.69,50.59,-4.539958,83.93641,76.217479,72.381025,75.395616,24.458272,24.816604,25.493818,25.539843
11/24/2021 22:15,0.399,1.78,-0.96,3695,42.6,52.59,50.51,-4.539958,83.482742,76.421301,72.578272,75.448215,24.501009,24.675243,25.54313,25.562855
11/24/2021 22:30,0.366,1.68,-0.93,3695,42.6,52.74,50.44,-4.539958,84.370353,76.29309,72.328426,75.379179,24.507584,24.823179,25.372183,25.546418
11/24/2021 22:45,0.376,1.73,-0.96,3695,42.6,52.31,50.42,-4.375585,84.29803,76.224054,72.650596,75.379179,24.553608,25.003988,25.776539,25.454369
11/24/2021 23:00,0.342,1.71,-1.02,3695,42.8,52.62,50.51,-4.375585,84.94237,76.4739,72.469786,75.13262,24.622644,24.941527,25.760102,25.658191
11/24/2021 23:15,0.381,1.74,-0.96,3696,42.6,52.62,50.51,-4.211213,85.451924,76.178029,72.588134,75.181932,24.694968,24.869203,25.911324,25.52998
11/24/2021 23:30,0.381,1.74,-0.96,3695,42.8,52.69,50.59,-4.375585,84.491989,76.007082,72.216653,74.915649,24.451697,24.836328,25.694353,25.599017
11/24/2021 23:45,0.393,1.73,-0.92,3695,42.8,52.74,50.47,-4.539958,83.298645,75.79011,71.88462,74.843325,24.570045,24.951389,25.520118,25.628604
11/25/2021 0:00,0.354,1.69,-0.97,3695,42.9,53,50.49,-4.70433,83.26577,75.477803,72.085155,74.442256,24.461559,24.859341,25.546418,25.635179
11/25/2021 0:15,0.631,2.25,-0.91,3695,42.9,52.38,50.82,-4.70433,85.501236,80.944831,77.788879,80.668685,24.642369,24.277462,24.948102,25.086175
11/25/2021 0:30,0.527,2.02,-0.91, ,42.9,52.16,50.63,-4.70433,91.093188,88.762386,83.055374,92.325981,24.22815,23.679146,24.392523,23.537786
11/25/2021 0:45,0.386,1.76,-0.97,3694,43,52.88,50.78,-4.375585,92.309544,88.722937,79.787649,90.212151,23.863243,23.376701,24.678531,23.524636
11/25/2021 1:00,0.269,1.5,-0.97,3695,43,53.96,50.82,-4.04684,92.592265,86.046953,78.311584,87.108799,23.869818,23.659422,25.211098,23.961867
11/25/2021 1:15,0.269,1.5,-0.97,3696,43,53.72,50.78,-4.539958,93.844783,85.866143,78.558143,85.968054,23.550936,24.040766,25.112474,24.507584
11/25/2021 1:30,0.172,1.34,-1.03,3696,43.1,53.98,50.66,-4.539958,94.521997,88.489528,80.280766,91.678354,23.544361,23.468749,25.030288,23.728458
11/25/2021 1:45,0.14,1.26,-1.02,3697,43.1,54.43,50.54,-4.539958,95.238661,87.956961,77.230013,88.456653,23.781057,24.109802,25.641754,24.129527
11/25/2021 2:00,0.024,1.03,-1.05,3696,43.2,54.67,50.73,-4.70433,95.110451,85.550548,75.517252,85.481511,23.879681,24.021041,26.098709,24.803454
11/25/2021 2:15,0.105,1.21,-1.05,3696,43.1,53.96,50.66,-4.539958,94.771844,85.517673,77.512734,85.520961,23.899405,24.162401,25.85215,24.806741
11/25/2021 2:30,0.091,1.15,-1.02,3697,43.2,54.63,50.68,-4.70433,95.501657,88.959633,80.428701,91.629042,23.79092,24.218288,25.431357,24.096652
11/25/2021 2:45,0.043,1.09,-1.07,3697,43.2,54.7,50.71,-4.70433,95.600281,88.384329,78.709365,90.248313,23.544361,23.675859,25.237397,24.109802
11/25/2021 3:00,-0.018,0.97,-1.09,3697,43.2,55.41,50.8,-4.211213,95.103876,87.036475,78.341171,87.690677,23.458887,23.794207,25.112474,24.264312
11/25/2021 3:15,-0.006,0.97,-1.06,3697,43.2,55.18,50.59,-4.539958,94.495698,85.764232,77.450272,85.172491,23.629835,23.807357,25.204523,24.320199
11/25/2021 3:30,-0.099,0.79,-1.09,3697,43.2,56.04,50.97,-4.70433,94.140653,84.429527,76.339114,83.568216,23.403,23.800782,25.020426,24.474709
11/25/2021 3:45,-0.078,0.8,-1.05,3697,43.2,55.75,50.8,-4.211213,95.120313,82.904151,74.550742,81.243989,23.527924,24.175551,25.779826,24.987551
11/25/2021 4:00,-0.095,0.79,-1.08,3697,43.2,55.32,50.61,-4.211213,95.49837,81.697657,73.278499,80.300491,23.77777,24.40896,25.815988,25.477381
11/25/2021 4:15,-0.059,0.86,-1.07,3698,43.3,55.41,50.75,-4.539958,95.587131,80.441851,73.015503,78.558143,23.541073,24.737705,25.914612,25.654903
11/25/2021 4:30,-0.037,0.91,-1.07,3698,43.3,55.34,50.66,-4.375585,95.054564,79.495066,72.726207,78.05845,23.41615,24.675243,26.088847,25.858725
11/25/2021 4:45,-0.005,0.98,-1.07,3697,43.3,54.82,50.59,-4.539958,95.054564,78.781689,72.048993,76.891406,23.807357,24.974401,26.243357,25.944199
11/25/2021 5:00,0.012,1.02,-1.07,3698,43.3,54.89,50.66,-4.70433,94.689657,79.080847,71.276442,75.619163,23.652847,24.711405,26.361705,26.088847
11/25/2021 5:15,0.048,1.11,-1.08,3697,43.3,55.25,50.78,-4.375585,94.344475,77.2859,69.649155,73.314661,23.731745,24.780442,26.164458,25.783114
11/25/2021 5:30,0.104,1.17,-1.01,3698,43.4,54.53,50.9,-4.868703,93.128119,74.757851,67.929818,71.453964,23.642984,24.691681,26.134871,25.796264
11/25/2021 5:45,0.163,1.33,-1.04,3698,43.4,54.55,51.04,-4.868703,92.819099,73.811066,66.180895,70.664976,23.593673,24.287324,26.065835,25.71079
11/25/2021 6:00,0.26,1.47,-0.96,3698,43.3,53.98,50.73,-4.539958,92.293107,72.144329,65.618741,69.119875,23.376701,24.543745,26.000086,25.72394
11/25/2021 6:15,0.328,1.64,-0.98,3698,43.3,53.69,50.92,-4.375585,90.688831,70.816199,64.106515,68.163227,23.373413,24.297187,25.973786,25.559567
11/25/2021 6:30,0.394,1.77,-0.96,3698,43.6,53.17,50.97,-4.375585,90.392961,70.392118,63.873106,67.52875,23.097268,24.524021,25.980361,25.526693
11/25/2021 6:45,0.414,1.85,-1,3697,43.4,52.86,50.87,-4.375585,89.442888,69.123163,62.794822,66.36828,23.205754,24.385948,25.802839,25.595729
11/25/2021 7:00,0.409,1.83,-0.99,3698,43.6,53.98,50.99,-3.553723,89.301528,68.367049,62.479227,65.523405,22.995357,24.612782,26.00666,25.839001
11/25/2021 7:15,0.645,2.3,-0.93,3698,43.4,52.43,51.23,0.391216,80.639098,65.983648,63.176166,65.296571,23.159729,24.165689,24.869203,24.833041
11/25/2021 7:30,0.766,2.56,-0.92,3697,43.6,51.11,51.3,7.623605,78.367471,66.499778,63.09398,66.493203,23.255065,23.978304,24.622644,24.349786
11/25/2021 7:45,0.858,2.7,-0.85, ,43.7,50.13,50.87,18.472189,75.915033,66.53594,63.633122,66.480053,23.021656,23.652847,24.842903,24.224863
11/25/2021 8:00,0.943,2.89,-0.85,3697,43.6,49.82,50.75,59.400935,78.429932,66.756199,63.804069,66.828523,23.08083,23.731745,24.441835,24.165689
11/25/2021 8:15,1.067,3.1,-0.78,3698,43.4,48.86,50.49,124.328063,78.614029,67.482725,63.978304,66.194045,23.235341,23.978304,24.694968,24.777154
11/25/2021 8:30,1.057,3.06,-0.76,3698,43.6,48.43,50.25,116.766929,82.384734,68.281576,63.626547,66.026385,23.435875,24.215001,25.342596,25.293284
11/25/2021 8:45,1.018,3.01,-0.8,3697,43.6,47.81,49.92,133.697294,83.880523,66.545802,63.504911,66.38143,23.679146,24.875778,25.266984,25.516831
11/25/2021 9:00,0.968,2.88,-0.78,3698,43.6,47.91,49.68,122.19122,84.136944,65.592442,63.018369,66.04611,23.725171,25.391907,25.848863,25.973786
11/25/2021 9:15,0.982,2.94,-0.81,3698,43.6,48.1,49.73,178.406607,84.39994,65.132199,64.017754,67.426839,23.544361,25.411632,25.894887,26.085559
11/25/2021 9:30,0.972,2.88,-0.77,3697,43.6,47.74,49.51,175.612275,85.491374,66.374855,64.642369,66.890984,23.896118,25.799551,26.631276,26.99947
11/25/2021 9:45,0.95,2.85,-0.79,3698,43.6,47.26,49.34,190.077053,86.881965,67.85092,66.890984,68.488685,24.257737,26.361705,26.867972,27.430126
11/25/2021 10:00,0.875,2.72,-0.83,3697,43.6,47.41,49.15,242.183127,86.309949,68.965365,67.785171,71.283017,24.168976,26.338693,26.996183,27.725997
11/25/2021 10:15,0.829,2.59,-0.8,3698,43.6,47.69,48.91,395.213901,88.025997,69.737916,67.719422,70.372393,24.530596,26.99947,27.423551,28.363762
11/25/2021 10:30,0.794,2.53,-0.82,3697,43.7,47.79,48.84,239.71754,88.381042,71.256717,69.465057,71.582175,24.796879,27.107956,27.479438,28.735244
11/25/2021 10:45,0.617,2.2,-0.89,3697,43.7,48.36,48.72,240.046285,88.397479,71.273155,72.943179,71.279729,24.875778,27.423551,27.729284,29.806952
11/25/2021 11:00,0.522,1.98,-0.88,3697,43.8,49.25,48.7,247.607419,88.492815,72.55526,73.646693,69.136312,25.37547,27.469576,28.383486,30.434855
11/25/2021 11:15,0.353,1.65,-0.93,3697,43.7,50.18,48.89,334.724831,88.844572,72.644021,72.196928,71.283017,25.615454,27.916669,28.666207,31.026596
11/25/2021 11:30,0.21,1.36,-0.96,3697,43.6,50.92,48.84,463.921596,88.80841,70.615665,74.471843,71.07262,25.618741,28.620183,29.116588,31.723535
11/25/2021 11:45,0.064,1.09,-1.02,3697,43.7,51.83,48.96,482.002568,87.993123,70.93126,73.429721,67.735859,26.003373,29.46177,29.317122,32.321851
11/25/2021 12:00,0.063,1.05,-0.98,3697,43.8,52.07,49.03,339.656005,87.634791,71.325754,73.084539,68.580733,26.305818,29.241511,29.231648,32.614434
11/25/2021 12:15,-0.001,0.98,-1.06,3697,43.7,53.55,49.34,334.231713,87.213997,72.739357,74.33377,66.789073,26.729899,28.725381,29.346709,32.801819
11/25/2021 12:30,0.019,0.99,-1.02,3698,43.8,53.26,49.58,423.814712,87.144961,73.275211,73.791341,69.011389,26.752912,28.754968,28.879891,33.008928
11/25/2021 12:45,0.121,1.19,-0.99,3698,43.8,53.14,49.65,428.745886,87.243584,74.195697,72.841268,72.108167,26.746337,28.544572,28.787843,32.89058
11/25/2021 13:00,0.215,1.39,-0.98,3697,43.8,52.52,49.8,353.95641,87.273171,75.553414,73.952426,70.641964,26.805511,28.34075,28.738531,33.160151
11/25/2021 13:15,0.469,1.89,-0.91,3697,43.8,51.88,49.94,318.945073,87.164685,75.070159,74.820313,70.270482,26.466903,27.752296,28.202677,32.24624
11/25/2021 13:30,0.687,2.31,-0.84,3697,43.7,50.35,49.8,407.870582,87.598629,75.165495,74.866337,75.566564,26.420879,27.699697,28.107341,32.183778
11/25/2021 13:45,0.962,2.84,-0.75,3697,43.8,49.39,49.92,149.970169,87.884637,76.953867,75.126045,71.621624,26.128296,27.578061,27.841057,32.354725
11/25/2021 14:00,1.154,3.23,-0.71,3697,43.8,48.55,50.16,73.865713,87.250159,76.016944,75.33973,67.827908,25.973786,27.032345,26.933721,30.050223
11/25/2021 14:15,1.143,3.28,-0.79,3696,43.9,48.91,50.32,125.807415,85.945042,76.164879,75.510677,73.617106,26.026385,26.562239,26.723324,27.518887
11/25/2021 14:30,1.133,3.22,-0.75,3697,43.8,48.96,50.59,148.655189,85.74122,76.352264,74.757851,76.263503,25.661478,26.036248,26.414304,26.83181
11/25/2021 14:45,1.205,3.37,-0.74,3696,43.8,48.65,50.61,185.803368,86.375698,76.92428,75.099746,76.792782,25.681203,26.029673,26.348555,26.50964
11/25/2021 15:00,1.328,3.59,-0.68, ,43.8,47.86,50.35,208.158025,86.260637,77.907228,75.619163,77.585058,25.477381,25.917899,26.111859,26.519503
11/25/2021 15:15,1.372,3.65,-0.64,3696,43.9,46.81,50.08,180.707822,88.814985,81.20454,77.174126,79.149884,25.270272,25.677916,26.542515,27.009333
11/25/2021 15:30,1.418,3.78,-0.67,3696,43.9,46.95,50.06,97.042232,88.706499,78.186661,74.396232,76.355552,25.336021,25.977073,26.345268,26.887697
11/25/2021 15:45,1.408,3.74,-0.65,3697,43.9,47.26,50.27,87.344256,85.852993,76.657997,74.337058,76.072831,25.257122,25.914612,26.457041,26.434029
11/25/2021 16:00,1.352,3.67,-0.71,3697,43.9,47.88,50.51,65.153972,85.050855,76.053106,73.041802,75.717786,25.227535,25.474094,26.233495,26.151308
11/25/2021 16:15,1.307,3.57,-0.71,3696,44,48.31,50.85,56.935348,82.726629,75.392329,72.367875,74.65594,25.142061,25.332733,26.003373,25.779826
11/25/2021 16:30,1.343,3.65,-0.71,3696,43.9,48.15,50.82,59.236562,83.31837,74.922224,71.996393,74.014887,25.076312,25.165073,25.714077,25.585867
11/25/2021 16:45,1.543,4.04,-0.65,3695,43.9,47.55,50.92,56.113485,81.520135,74.103649,72.002968,73.751892,24.70483,24.708118,25.368895,25.523405
11/25/2021 17:00,1.584,4.15,-0.67,3696,43.8,47.21,50.99,31.786359,81.97709,74.626353,71.904345,73.143713,24.645656,24.777154,25.158499,25.408345
11/25/2021 17:15,1.317,3.61,-0.73,3695,44,48.22,50.97,5.651136,84.630062,76.135292,72.749219,74.478418,24.38266,24.579907,24.951389,25.132199
11/25/2021 17:30,0.987,2.97,-0.83,3696,43.9,49.92,51.04,-3.718095,83.006062,74.32062,72.321851,74.32062,24.257737,24.468134,24.964539,25.013851
11/25/2021 17:45,0.908,2.82,-0.86,3695,43.9,50.99,51.37,-3.882468,83.160572,74.018175,71.010159,73.1996,24.362936,24.385948,25.0533,25.013851
11/25/2021 18:00,0.77,2.56,-0.91,3695,43.9,51.66,51.47,-4.375585,82.884426,73.176588,70.125835,72.548685,23.965154,24.379373,24.770579,24.75743
11/25/2021 18:15,0.746,2.47,-0.87,3695,43.9,51.45,51.26,-4.375585,83.706289,77.433835,73.439584,75.813122,24.017754,24.188701,24.773867,25.069737
11/25/2021 18:30,0.565,2.14,-0.95,3696,44,51.73,51.14,-4.70433,85.744507,77.2859,72.85113,74.800588,24.205138,24.185413,25.260409,25.178223
11/25/2021 18:45,0.47,1.92,-0.94,3696,44,52.45,50.9,-4.539958,84.935795,76.010369,71.102207,72.272539,24.142677,24.491146,25.500393,25.835713
11/25/2021 19:00,0.417,1.84,-0.98,3696,43.9,52.64,50.94,-4.539958,85.205366,74.672377,69.553819,70.59594,24.165689,24.934952,25.973786,26.065835
11/25/2021 19:15,0.381,1.73,-0.95,3696,43.9,52.93,50.82,-4.868703,83.995584,73.9853,69.300685,70.875373,24.431972,25.155211,26.036248,26.302531
11/25/2021 19:30,0.368,1.73,-0.98,3695,44.1,52.86,50.75,-4.211213,84.804297,73.350823,69.133025,70.497317,24.122952,24.964539,26.217057,26.230207
11/25/2021 19:45,0.381,1.73,-0.95,3696,44,52.79,50.71,-4.70433,84.25858,73.081252,69.031114,70.513754,24.376086,25.240685,26.190758,26.499778
11/25/2021 20:00,0.381,1.76,-0.98,3696,44,52.83,50.73,-4.868703,83.893673,73.087827,68.761543,69.619567,24.136102,25.428069,26.480053,26.447179
11/25/2021 20:15,0.359,1.71,-0.98,3697,44,53.24,50.87,-4.04684,84.311179,72.923454,68.994952,70.359244,24.599632,25.303146,26.325543,26.604976
11/25/2021 20:30,0.389,1.75,-0.95,3696,44,53,50.63,-4.868703,84.150094,72.726207,68.893041,70.346094,24.721268,25.500393,26.328831,26.575389
11/25/2021 20:45,0.377,1.75,-0.98,3696,43.9,52.59,50.63,-4.868703,84.205981,73.051665,68.751681,70.178434,24.665381,25.483956,26.318968,26.50964
11/25/2021 21:00,0.368,1.73,-0.98,3696,44,52.86,50.71,-4.70433,82.115163,72.624296,67.81147,69.747778,24.70483,25.405057,26.197333,26.558952
11/25/2021 21:15,0.385,1.74,-0.95,3696,44.1,52.57,50.63,-4.04684,82.674029,72.443487,68.268426,69.619567,24.579907,25.349171,26.22692,26.532652
11/25/2021 21:30,0.407,1.79,-0.95,3696,44.1,52.14,50.54,-4.539958,83.482742,72.670321,68.363762,69.583406,24.675243,25.477381,26.197333,26.34198
11/25/2021 21:45,0.411,1.78,-0.93,3696,44.1,52.35,50.63,-4.375585,83.495892,72.183778,68.219114,69.366434,24.773867,25.513543,26.39458,26.66415
11/25/2021 22:00,0.368,1.74,-0.99,3696,44,52.79,50.66,-4.539958,84.035034,72.295551,67.890369,69.399308,24.73113,25.161786,26.388005,26.7036
11/25/2021 22:15,0.399,1.78,-0.96, ,44.1,52.45,50.54,-4.539958,83.47288,72.420474,68.002142,69.514369,24.510871,25.483956,26.440604,26.555665
11/25/2021 22:30,0.386,1.78,-0.99,3696,44.1,52.55,50.63,-4.211213,83.269058,71.983244,68.025154,68.883179,24.570045,25.533268,26.309106,26.693737
11/25/2021 22:45,0.404,1.8,-0.97,3696,44.1,52.62,50.68,-4.70433,84.291455,72.05228,68.143503,69.027827,24.593057,25.283422,26.315681,26.752912
11/25/2021 23:00,0.528,2.05,-0.94,3696,44,52.45,51.09,-4.539958,83.939698,73.216037,70.75045,72.341576,24.399098,24.908652,25.214385,25.743665
11/25/2021 23:15,0.492,1.96,-0.93,3696,44.1,52.4,51.02,-4.539958,83.827924,74.941948,72.923454,73.488896,24.261025,24.596345,25.227535,25.342596
11/25/2021 23:30,0.435,1.88,-0.98,3696,44.1,52.79,50.99,-4.375585,83.877236,75.155632,72.657171,73.709155,24.303762,24.448409,24.88564,25.132199
11/25/2021 23:45,0.416,1.8,-0.94,3696,44.1,52.86,51.04,-4.70433,86.168588,75.744086,71.815584,72.943179,24.142677,24.198563,24.994126,25.372183
11/26/2021 0:00,0.345,1.67,-0.97,3696,44.1,52.98,51.16,-4.539958,85.757657,75.826272,70.747163,71.342191,23.971729,24.2676,25.188086,25.68449
11/26/2021 0:15,0.351,1.72,-1.01,3697,44.1,52.98,50.94,-4.70433,85.336864,74.81045,70.474304,70.678126,24.08679,24.274175,25.240685,25.789689
11/26/2021 0:30,0.363,1.71,-0.97,3696,44.1,52.88,50.85,-4.375585,84.390078,74.018175,70.066661,70.474304,24.007891,24.40896,25.316296,25.73709
11/26/2021 0:45,0.347,1.71,-1.01,3697,44.2,52.98,51.02,-4.211213,86.549932,74.300896,69.678742,70.668264,24.336636,24.441835,25.313009,25.815988
11/26/2021 1:00,0.412,1.81,-0.96,3696,44.2,52.69,50.9,-4.539958,87.158111,74.051049,70.060086,70.234321,23.958579,24.385948,25.368895,25.908037
11/26/2021 1:15,0.409,1.83,-0.99,3697,44.2,52.74,50.8,-4.539958,87.217285,73.70258,70.07981,69.93845,24.152539,24.441835,25.211098,25.888312
11/26/2021 1:30,0.439,1.85,-0.94,3696,44.1,52.57,51.02,-4.375585,86.816216,74.481705,69.576831,69.317122,24.037478,24.648944,25.395195,26.085559
11/26/2021 1:45,0.416,1.8,-0.94,3697,44.2,52.67,50.92,-4.539958,87.618354,74.047762,68.942353,69.050839,24.001316,24.724555,25.467519,26.315681
11/26/2021 2:00,0.404,1.82,-0.99,3697,44.2,52.47,50.9,-4.868703,85.747795,73.01879,68.833867,68.656345,24.119664,24.849478,25.668053,26.315681
11/26/2021 2:15,0.427,1.87,-0.99,3697,44.4,52.19,50.8,-4.211213,87.118661,73.554645,68.613608,68.590596,24.303762,25.145349,25.720652,26.345268
11/26/2021 2:30,0.439,1.86,-0.95,3697,44.5,52.35,50.59,-4.539958,86.839228,72.765657,68.771406,68.182952,24.175551,24.948102,25.934337,26.39458
11/26/2021 2:45,0.474,1.91,-0.92,3696,44.2,52.31,50.73,-4.211213,87.069349,72.785381,68.784555,68.373624,24.39581,24.974401,25.888312,26.614839
11/26/2021 3:00,0.498,2.01,-0.97,3697,44.4,51.71,50.71,-4.868703,85.668896,72.479649,68.682644,68.590596,24.287324,25.010563,25.894887,26.608264
11/26/2021 3:15,0.527,2.01,-0.9,3697,44.4,51.76,50.56,-4.868703,85.553835,72.321851,68.413074,68.18624,24.320199,25.266984,25.825851,26.720037
11/26/2021 3:30,0.541,2.04,-0.9,3697,44.4,51.64,50.66,-4.211213,85.22509,72.384313,68.613608,68.136928,24.441835,25.138774,26.029673,26.720037
11/26/2021 3:45,0.571,2.09,-0.88,3697,44.2,51.18,50.47,-4.375585,85.402613,72.367875,68.771406,67.880507,24.441835,25.263697,25.983648,26.920571
11/26/2021 4:00,0.572,2.11,-0.9,3697,44.4,51.26,50.51,-4.375585,85.915455,72.834693,68.531422,68.097478,24.461559,25.174936,26.088847,27.009333
11/26/2021 4:15,0.577,2.13,-0.91,3697,44.6,51.3,50.56,-4.539958,86.014078,72.785381,68.113916,67.959405,24.468134,25.447794,26.276231,26.900847
11/26/2021 4:30,0.59,2.16,-0.91,3696,44.4,51.23,50.68,-5.033075,84.91607,73.439584,68.659632,67.712847,24.596345,25.303146,26.171033,26.992895
11/26/2021 4:45,0.613,2.21,-0.91,3697,44.5,51.11,50.73,-4.539958,84.998256,72.732782,68.403211,67.97913,24.566758,25.687778,26.318968,27.084944
11/26/2021 5:00,0.603,2.18,-0.9,3697,44.5,50.61,50.42,-4.70433,85.356588,71.894483,68.120491,67.627373,24.836328,25.631891,26.358418,27.078369
11/26/2021 5:15,0.609,2.22,-0.93,3698,44.4,50.9,50.51,-4.539958,84.199406,72.154191,68.242126,67.311778,24.540458,25.783114,26.437316,27.190142
11/26/2021 5:30,0.635,2.26,-0.91, ,44.5,51.02,50.63,-4.70433,84.524864,71.930644,68.28815,67.407114,24.783729,25.773252,26.506353,27.403827
11/26/2021 5:45,0.666,2.31,-0.89,3697,44.6,50.94,50.56,-4.375585,83.824637,71.733398,68.081041,67.443276,24.612782,25.773252,26.904134,27.229592
11/26/2021 6:00,0.653,2.28,-0.89,3697,44.5,50.94,50.39,-4.868703,83.929835,71.799147,67.926531,67.393964,24.859341,25.714077,26.585252,27.380814
11/26/2021 6:15,0.687,2.33,-0.86,3698,44.6,50.71,50.71,-4.375585,83.357819,72.295551,67.949543,67.637235,24.88564,25.967211,26.749624,27.252604
11/26/2021 6:30,0.653,2.31,-0.92,3698,44.6,50.71,50.71,-4.539958,83.637252,72.134466,67.140831,67.453138,24.819891,25.746952,26.489916,27.30849
11/26/2021 6:45,0.702,2.39,-0.89,3698,44.6,50.66,50.85,-4.375585,83.479455,72.180491,68.113916,67.196717,24.987551,25.914612,26.851535,27.374239
11/26/2021 7:00,0.723,2.41,-0.86,3697,44.6,50.61,50.8,-1.088136,82.591843,71.358628,67.472863,66.654288,24.91194,26.026385,26.627988,27.387389
11/26/2021 7:15,0.654,2.32,-0.93,3698,44.6,51.76,51.18,8.116723,84.156669,66.756199,64.405673,66.167746,24.928377,25.641754,26.217057,26.256507
11/26/2021 7:30,0.8,2.6,-0.88,3698,44.6,51.92,51.54,23.89648,82.700329,66.782499,64.625932,67.160555,24.892215,25.464231,25.677916,25.707503
11/26/2021 7:45,0.903,2.8,-0.85,3697,44.5,50.82,51.57,49.374214,77.377948,67.564912,66.009948,67.689835,24.524021,24.856053,24.984264,25.243972
11/26/2021 8:00,0.89,2.79,-0.87,3698,44.6,50.18,51.28,96.384742,80.03092,68.393349,66.453754,68.202677,24.353073,24.698256,25.112474,25.036863
11/26/2021 8:15,0.875,2.71,-0.82,3697,44.7,50.16,51.06,87.179883,79.965171,67.709559,66.148021,67.821333,24.270887,24.655519,25.184798,25.313009
11/26/2021 8:30,0.889,2.76,-0.84,3697,44.8,49.84,50.75,104.767738,80.760734,67.775308,68.406499,69.29411,24.310337,25.119049,25.339308,25.549705
11/26/2021 8:45,0.799,2.57,-0.85,3698,44.8,49.63,50.54,124.492435,80.961268,67.117818,69.024539,70.645252,24.685106,25.299859,25.707503,25.825851
11/26/2021 9:00,0.848,2.64,-0.81,3698,44.8,49.18,50.42,138.464095,83.127697,68.048167,67.532037,70.842499,24.474709,25.418207,25.921187,26.180895
11/26/2021 9:15,0.751,2.49,-0.88,3698,44.9,49.53,50.27,169.037376,84.94237,71.141657,69.576831,73.932701,24.89879,25.875163,26.295956,26.486628
11/26/2021 9:30,0.674,2.3,-0.86,3697,44.9,49.7,50.25,173.639805,85.369738,70.566353,69.159325,76.345689,24.740992,26.361705,26.828523,27.620798
11/26/2021 9:45,0.586,2.17,-0.93,3698,44.8,50.2,50.2,186.296486,85.277689,73.301511,71.056183,71.753122,24.908652,26.578677,26.989608,28.353899
11/26/2021 10:00,0.559,2.08,-0.9,3698,44.9,50.9,50.18,207.82928,85.737932,72.127891,72.19364,77.739568,25.174936,26.749624,27.505737,28.991665
11/26/2021 10:15,0.448,1.87,-0.94,3697,44.8,51.3,50.2,303.165315,86.07654,74.097074,71.536151,78.466094,25.23411,27.219729,27.83777,29.553819
11/26/2021 10:30,0.335,1.61,-0.93,3697,44.9,51.61,50.13,234.293248,86.099552,73.193025,71.970094,71.236993,25.418207,27.124393,27.975843,30.280345
11/26/2021 10:45,0.154,1.29,-1.02,3697,44.9,53.31,50.27,234.950738,85.974629,74.945236,72.604572,75.638888,25.589154,27.532037,28.163227,31.023308
11/26/2021 11:00,0.131,1.22,-1,3697,44.8,53.17,50.32,243.991224,86.142289,73.945851,73.140426,71.647924,25.730515,27.722709,28.718806,31.713673
11/26/2021 11:15,0.068,1.09,-1.01,3698,44.8,53.88,50.2,291.659242,85.106742,76.000507,72.298839,72.805106,26.052685,27.956118,28.968652,32.482936
11/26/2021 11:30,0.037,1.03,-1.02,3698,44.9,53.55,50.23,506.494067,84.554451,72.364588,71.220555,70.066661,26.309106,28.607033,29.353284,33.294936
11/26/2021 11:45,-0.007,0.92,-1.01,3698,44.8,54.41,50.3,389.13212,84.922645,69.859551,72.450062,69.668879,26.555665,29.271098,29.175762,33.669705
11/26/2021 12:00,0.072,1.07,-0.98,3698,44.9,54.32,50.37,406.062485,82.651017,69.373009,70.845786,67.873932,26.792361,29.524231,29.330272,34.014887
11/26/2021 12:15,-0.019,0.95,-1.07,3698,44.8,55.03,50.68,327.163697,82.184199,70.885236,71.513138,68.127065,26.890984,29.149462,29.274385,33.975438
11/26/2021 12:30,0.055,1.06,-1.01,3697,45.2,54.17,50.66,399.158841,83.686564,73.38041,73.100977,69.274385,26.946871,28.952215,29.080426,34.218709
11/26/2021 12:45,0.135,1.24,-1.01, ,45.2,54.17,50.68,411.651149,83.42028,72.318564,72.778806,65.266984,26.887697,28.718806,28.919341,34.452118
11/26/2021 13:00,0.153,1.28,-1.01,3698,45,53.86,50.94,303.822805,83.94956,74.310758,72.019406,70.244183,26.854822,28.607033,28.873316,34.909074
11/26/2021 13:15,0.283,1.54,-0.98,3698,45.2,52.93,50.8,274.23576,84.123795,73.456021,74.261446,68.222401,27.055357,28.136928,28.810855,35.198369
11/26/2021 13:30,0.683,2.31,-0.85,3697,45,51.04,50.85,459.647912,84.827309,75.701349,73.50862,71.950369,26.920571,28.34075,28.689219,35.372604
11/26/2021 13:45,0.869,2.67,-0.79,3697,45.2,49.13,50.37,267.660861,84.373641,73.357398,72.558547,74.057624,26.729899,28.28815,28.587308,36.056394
11/26/2021 14:00,1.342,3.63,-0.69,3697,45.2,46.78,50.35,274.071387,85.21194,74.826887,74.777576,66.17432,26.973171,28.189527,28.79113,37.160977
11/26/2021 14:15,1.796,4.53,-0.57,3697,45,44.44,49.99,349.847098,85.465074,74.310758,78.758677,72.538823,27.03892,28.31445,28.912766,37.42726
11/26/2021 14:30,2.126,5.17,-0.47,3696,45.2,42.7,49.7,341.29973,85.935179,74.350207,73.528345,72.85113,26.749624,28.278288,28.79113,37.088653
11/26/2021 14:45,2.369,5.62,-0.37,3696,45.2,41.07,49.65,192.049522,85.208653,75.00441,72.949754,72.897155,26.772636,28.258563,28.774693,36.657997
11/26/2021 15:00,2.627,6.11,-0.28,3696,45.2,40.14,49.34,188.104583,85.234953,74.054337,74.251584,73.515195,26.923859,28.261851,28.498547,36.046531
11/26/2021 15:15,2.761,6.38,-0.25,3695,45.2,39.25,48.86,263.880294,84.202693,73.094402,73.436296,73.719017,26.825235,27.880507,28.337462,35.579713
11/26/2021 15:30,2.999,6.79,-0.12,3694,45.2,38.13,48.65,153.750736,84.166532,73.554645,74.728264,74.15296,26.697025,27.916669,28.074466,35.096458
11/26/2021 15:45,2.999,6.79,-0.12,3694,44.9,38.44,48.48,234.621993,83.877236,73.587519,72.443487,70.408555,26.644426,27.423551,27.923244,34.567179
11/26/2021 16:00,3.1,6.96,-0.06,3693,44.9,38.03,48.53,127.779885,83.765463,73.850515,72.916879,68.991665,26.414304,27.33479,27.637235,34.458693
11/26/2021 16:15,3.154,7.07,-0.05,3693,44.8,37.92,48.58,139.45033,84.255293,75.405479,73.66313,61.48313,26.424167,26.956733,27.209867,33.725592
11/26/2021 16:30,3.238,7.23,-0.02,3693,44.9,37.96,48.53,75.01632,84.173106,74.8236,73.252199,68.761543,26.236782,26.687163,26.697025,31.542725
11/26/2021 16:45,3,6.82,-0.15,3692,44.9,39.21,49.06,47.401744,84.084345,74.386369,72.016118,68.081041,25.871875,26.332118,26.476766,29.728053
11/26/2021 17:00,2.672,6.21,-0.28,3692,44.9,40.81,49.46,23.074618,81.35905,74.323908,73.646693,71.832021,25.694353,25.822563,26.036248,28.117203
11/26/2021 17:15,2.214,5.34,-0.44,3693,44.9,43.08,49.99,2.692431,83.92326,76.085981,73.643406,71.332329,25.293284,25.490531,25.875163,26.966596
11/26/2021 17:30,1.842,4.66,-0.6,3693,44.9,45.18,50.49,-3.38935,83.92326,76.26679,73.446159,73.607244,25.243972,25.428069,25.513543,26.003373
11/26/2021 17:45,1.61,4.18,-0.64,3692,44.9,46.55,50.8,-4.70433,83.489317,75.392329,72.854418,73.797916,24.875778,25.073025,25.523405,25.618741
11/26/2021 18:00,1.495,3.96,-0.68,3693,44.9,47.98,51.33,-4.539958,82.835114,73.679568,72.351438,73.626968,24.994126,24.895503,25.171648,25.421494
11/26/2021 18:15,1.324,3.58,-0.68,3693,44.9,48.89,51.59,-4.70433,84.041608,78.209673,76.007082,77.782305,24.816604,24.852766,25.296571,25.451082
11/26/2021 18:30,1.08,3.13,-0.78,3692,45,49.7,51.71,-4.375585,85.751082,77.94339,75.250968,77.075503,25.023713,24.800167,25.395195,25.470806
11/26/2021 18:45,0.973,2.92,-0.81,3693,45,50.59,51.52,-4.375585,84.781285,77.552183,74.544167,76.352264,24.829754,24.740992,25.316296,25.418207
11/26/2021 19:00,0.88,2.74,-0.84,3693,45.2,51.09,51.66,-4.70433,85.632734,76.996604,74.323908,75.796685,24.727843,24.856053,25.276847,25.566142
11/26/2021 19:15,0.76,2.5,-0.87,3693,45.3,51.57,51.76,-4.211213,84.363778,76.822369,73.66313,75.296993,24.530596,24.833041,25.451082,25.437932
11/26/2021 19:30,0.71,2.39,-0.87,3693,45.2,51.88,51.69,-4.868703,82.992912,76.273365,73.594094,74.567179,24.477996,24.38266,25.174936,25.342596
11/26/2021 19:45,0.685,2.37,-0.91,3694,45,52.26,51.88,-5.033075,81.855455,75.895309,73.505333,74.711827,24.625932,24.448409,25.319584,25.368895
11/26/2021 20:00,0.666,2.3,-0.88, ,45.3,52.5,51.92,-4.375585,82.716766,75.757236,72.857705,74.596766,24.356361,24.616069,25.105899,25.503681
11/26/2021 20:15,0.617,2.22,-0.91,3693,45.4,52.5,51.73,-4.375585,82.598418,75.658612,73.054952,74.481705,24.579907,24.524021,25.063162,25.421494
11/26/2021 20:30,0.55,2.08,-0.92,3694,45.2,52.62,51.83,-4.539958,83.965997,75.852572,72.880717,74.50143,24.310337,24.418822,24.980976,25.372183
11/26/2021 20:45,0.573,2.14,-0.93,3693,45.3,53.1,51.92,-4.868703,83.509042,75.727649,73.281786,74.251584,24.474709,24.428685,25.151924,25.411632
11/26/2021 21:00,0.524,2.05,-0.95,3694,45.3,53.38,52,-4.375585,83.367681,76.076118,73.107551,74.402807,24.402385,24.277462,24.829754,25.20781
11/26/2021 21:15,0.479,1.94,-0.94,3695,45.3,53.1,51.95,-4.868703,83.328232,76.677722,73.054952,74.392944,24.42211,24.290612,24.934952,25.342596
11/26/2021 21:30,0.466,1.91,-0.94,3694,45.3,53.55,51.97,-4.70433,84.768135,76.299665,73.183163,74.047762,24.349786,24.287324,24.790304,25.257122
11/26/2021 21:45,0.452,1.88,-0.94,3695,45.3,53.6,51.83,-4.375585,84.097495,76.164879,72.837981,74.051049,24.333349,24.244588,24.89879,25.309721
11/26/2021 22:00,0.488,1.97,-0.95,3694,45.3,53.65,52.07,-4.70433,83.7556,75.993932,72.525673,73.896539,24.2413,24.188701,24.869203,25.266984
11/26/2021 22:15,0.435,1.87,-0.97,3694,45.3,53.65,51.88,-4.70433,84.265155,75.993932,72.315276,73.541495,24.300474,24.372798,24.816604,25.316296
11/26/2021 22:30,0.386,1.76,-0.97,3695,45.3,53.81,52.02,-4.539958,83.735876,75.632313,72.318564,73.459309,24.28075,24.307049,24.671956,25.322871
11/26/2021 22:45,0.444,1.89,-0.97,3694,45.5,53.91,52.12,-4.539958,84.919357,75.379179,72.239665,73.488896,24.300474,24.251162,24.882353,25.201235
11/26/2021 23:00,0.408,1.82,-0.98,3694,45.6,53.65,52.04,-4.70433,83.456442,75.28713,72.203503,73.216037,24.178839,24.09994,24.823179,25.112474
11/26/2021 23:15,0.435,1.87,-0.97,3694,45.5,53.43,51.88,-4.539958,83.173722,75.379179,72.420474,73.271924,24.063778,24.215001,24.87249,24.987551
11/26/2021 23:30,0.44,1.88,-0.97,3694,45.5,53.93,51.97,-4.539958,83.841074,75.096458,72.236377,73.160151,24.251162,24.083503,24.619357,25.125624
11/26/2021 23:45,0.355,1.71,-0.99,3694,45.5,53.77,51.95,-4.539958,83.998872,75.218094,71.828734,72.884005,24.096652,24.215001,24.869203,24.977689
11/27/2021 0:00,0.405,1.83,-1,3694,45.5,53.57,52,-4.868703,84.100783,75.28713,71.841883,72.910304,23.955292,24.221575,24.694968,25.20781
11/27/2021 0:15,0.363,1.71,-0.97,3695,45.6,53.29,51.9,-4.70433,84.488702,75.385754,71.832021,72.729495,24.067065,24.142677,24.819891,25.332733
11/27/2021 0:30,0.422,1.85,-0.98,3695,45.6,53.5,51.71,-4.211213,83.173722,75.306855,71.457252,72.410612,23.810644,24.004604,24.691681,25.063162
11/27/2021 0:45,0.39,1.77,-0.97,3695,45.4,53.19,51.76,-4.375585,84.07777,75.185219,71.493414,72.469786,24.090077,24.152539,24.665381,25.24726
11/27/2021 1:00,0.421,1.82,-0.95,3695,45.5,53.33,51.76,-4.70433,82.457058,74.718402,71.582175,72.489511,24.159114,24.080215,25.04015,25.105899
11/27/2021 1:15,0.373,1.75,-0.99,3695,45.6,53.45,51.66,-4.539958,84.038321,74.803875,71.644636,72.601284,23.909268,24.195276,24.556895,25.050013
11/27/2021 1:30,0.452,1.89,-0.95,3695,45.7,53.45,51.88,-4.70433,83.088248,74.879487,71.943794,72.545398,24.053915,24.044053,24.619357,25.115762
11/27/2021 1:45,0.417,1.83,-0.97,3694,45.5,53.24,51.69,-4.211213,84.048183,74.777576,71.753122,72.328426,24.017754,24.188701,24.816604,25.283422
11/27/2021 2:00,0.399,1.78,-0.96,3695,45.5,53.62,51.69,-4.375585,82.976475,74.955098,71.864896,72.3876,23.975017,24.185413,24.816604,25.322871
11/27/2021 2:15,0.418,1.85,-0.99,3695,45.5,53.36,51.61,-4.70433,85.497949,76.256928,72.042418,72.157479,24.165689,24.080215,24.698256,25.237397
11/27/2021 2:30,0.4,1.81,-0.99,3694,45.5,53.48,51.73,-4.70433,84.883196,75.162207,71.417802,72.147616,24.270887,23.876393,24.688393,25.230822
11/27/2021 2:45,0.425,1.81,-0.93,3695,45.7,53.07,51.54,-4.539958,83.555066,74.692102,71.417802,72.029268,23.975017,24.027616,24.74428,25.188086
11/27/2021 3:00,0.404,1.82,-0.99,3696,45.7,53.48,51.54,-4.70433,84.035034,75.244394,71.6019,72.239665,23.935567,24.030903,24.586482,25.174936
11/27/2021 3:15,0.399,1.79,-0.97, ,45.7,53.19,51.64,-4.868703,83.686564,74.718402,71.457252,71.864896,23.869818,24.070353,24.721268,25.270272
11/27/2021 3:30,0.43,1.85,-0.96,3695,45.7,53.07,51.71,-4.539958,83.038936,75.32658,71.194256,72.016118,23.912555,23.994741,24.819891,25.20781
11/27/2021 3:45,0.453,1.91,-0.97,3695,45.8,53.31,51.73,-4.70433,82.568831,75.293705,71.634774,71.947082,24.11309,23.817219,24.520733,25.043438
11/27/2021 4:00,0.417,1.83,-0.97,3695,45.8,53.24,51.66,-5.033075,83.995584,75.106321,71.490126,72.223227,23.804069,23.879681,24.477996,25.125624
11/27/2021 4:15,0.452,1.89,-0.95,3695,45.8,53.19,51.83,-4.868703,83.804912,75.152345,71.365203,72.390887,23.741608,24.080215,24.616069,25.020426
11/27/2021 4:30,0.44,1.91,-1,3696,46,53.24,51.88,-4.539958,82.295973,74.639503,71.378353,72.121317,23.813932,23.915843,24.665381,25.122337
11/27/2021 4:45,0.417,1.83,-0.97,3694,45.8,53.29,51.73,-4.868703,82.167762,74.734839,71.283017,72.101592,23.781057,24.040766,24.507584,24.967826
11/27/2021 5:00,0.471,1.95,-0.97,3696,45.8,53,51.64,-4.539958,82.851552,75.195082,71.279729,71.486839,23.909268,23.994741,24.560183,25.036863
11/27/2021 5:15,0.458,1.95,-1,3696,46,53.14,51.78,-4.375585,83.804912,74.484993,71.138369,71.496701,23.928992,23.89283,24.56347,25.000701
11/27/2021 5:30,0.453,1.91,-0.97,3695,45.8,53.24,51.85,-4.868703,82.31241,75.119471,71.453964,71.368491,23.899405,23.876393,24.625932,24.882353
11/27/2021 5:45,0.537,2.07,-0.94,3696,46,53,51.83,-4.539958,82.128313,74.632928,71.453964,71.710385,23.735033,23.685721,24.270887,25.168361
11/27/2021 6:00,0.488,1.96,-0.94,3695,46,53.36,51.97,-4.211213,84.314467,74.613203,71.010159,71.499989,23.761332,23.656134,24.474709,24.921802
11/27/2021 6:15,0.515,2.02,-0.94,3695,45.8,53,51.83,-4.375585,80.895519,74.16611,71.049608,71.378353,23.603535,23.672571,24.323486,24.810029
11/27/2021 6:30,0.484,1.98,-0.97,3696,45.8,52.69,51.73,-4.539958,83.078386,74.51458,70.895098,71.144944,23.73832,23.616685,24.43526,24.879065
11/27/2021 6:45,0.519,2.02,-0.93,3696,46.2,52.74,51.57,-4.04684,83.8082,74.567179,71.286304,71.40794,23.665996,23.544361,24.336636,24.803454
11/27/2021 7:00,0.486,2.02,-1.01,3696,46.1,53.74,51.95,-1.581253,82.877851,74.19241,70.941122,71.230418,23.603535,23.534498,24.182126,24.88564
11/27/2021 7:15,0.477,2,-1.01,3695,46.2,54.22,52.21,7.459233,77.055778,70.359244,66.539227,68.761543,23.518061,23.675859,24.28075,24.103227
11/27/2021 7:30,0.592,2.2,-0.95,3695,46.2,52.93,52.33,20.115913,73.475746,68.445948,65.68449,67.85092,23.383276,23.646272,23.807357,23.649559
11/27/2021 7:45,0.717,2.48,-0.95,3695,46.2,51.54,51.92,50.689194,76.016944,68.176377,65.240685,67.449851,23.284652,23.232053,23.73832,23.521349
11/27/2021 8:00,0.769,2.53,-0.88,3696,46.2,50.97,51.73,76.166927,77.121527,67.939681,65.368895,67.298628,23.580523,23.291227,23.830369,23.817219
11/27/2021 8:15,0.826,2.62,-0.84,3696,46.3,50.82,51.37,86.851138,76.967017,66.88441,65.52998,66.611551,23.445737,23.968442,24.346498,24.405673
11/27/2021 8:30,0.827,2.65,-0.87,3696,46.2,50.06,51.54,107.233325,78.462807,65.224248,65.720652,68.373624,23.692296,24.826466,24.787017,24.941527
11/27/2021 8:45,0.934,2.85,-0.83,3695,46.3,49.27,51.09,123.670573,79.491778,66.739762,66.979746,67.775308,23.692296,25.151924,25.349171,25.424782
11/27/2021 9:00,0.973,2.9,-0.79,3695,46.2,47.93,50.56,138.957213,81.313025,66.700312,65.608879,68.225689,23.961867,25.289997,25.691065,26.016523
11/27/2021 9:15,0.894,2.78,-0.85,3696,46.2,48.65,50.61,159.503772,82.332135,69.034401,68.294725,71.470402,24.284037,25.740377,26.000086,26.21377
11/27/2021 9:30,0.862,2.71,-0.85,3695,46.2,49.08,50.51,176.105392,83.341382,69.425608,67.755584,73.337673,24.40896,25.815988,26.289381,27.196717
11/27/2021 9:45,0.799,2.57,-0.85,3695,46.2,49.27,50.51,186.296486,83.653689,71.532863,67.252604,71.832021,24.622644,26.194045,26.581964,28.058029
11/27/2021 10:00,0.635,2.24,-0.89,3696,46.2,50.32,50.68,208.158025,84.501851,71.917495,69.954887,73.492183,24.74428,26.39458,27.117818,28.600458
11/27/2021 10:15,0.479,1.95,-0.95,3696,46.2,51.18,50.82,238.731305,84.107357,72.127891,73.294936,74.619778,25.007276,26.697025,27.610936,29.721478
11/27/2021 10:30,0.319,1.64,-1, ,46.2,51.59,50.66,235.608228,84.991681,73.597381,73.465883,75.967632,25.237397,27.091519,27.969268,30.523616
11/27/2021 10:45,0.225,1.44,-1.01,3696,46.2,52.64,50.56,235.279483,84.403228,74.971535,71.970094,70.576215,25.625316,27.436701,28.439373,31.457252
11/27/2021 11:00,0.216,1.42,-1.01,3696,46.2,52.93,50.63,243.991224,83.522191,74.008313,71.243568,73.147001,25.888312,27.571486,28.856879,32.56841
11/27/2021 11:15,0.198,1.38,-1.01,3696,46.2,53.33,50.82,261.250334,84.169819,73.219325,72.505948,71.838596,25.967211,28.031729,29.300685,33.127276
11/27/2021 11:30,0.117,1.17,-0.98,3696,46.2,53.93,51.02,502.549128,83.916685,70.033786,71.043033,69.859551,26.299243,28.488685,29.60313,33.156863
11/27/2021 11:45,0.158,1.29,-1.01,3696,46.2,54.15,51.18,315.657623,82.825252,69.721478,71.000296,69.81024,26.493203,28.94564,29.366434,33.127276
11/27/2021 12:00,0.148,1.24,-0.98,3696,46.2,53.91,51.16,501.891638,82.463633,67.791746,68.245414,67.69641,26.772636,29.310547,29.392733,33.18645
11/27/2021 12:15,0.202,1.36,-0.98,3695,46.5,54.1,51.16,327.163697,81.007293,67.916669,70.576215,68.097478,26.969883,29.169187,29.142887,33.327811
11/27/2021 12:30,0.319,1.62,-0.98,3696,46.4,53.33,51.4,358.723212,81.885042,69.46177,72.995778,67.130968,26.66415,29.050839,29.1396,33.396847
11/27/2021 12:45,0.296,1.57,-0.98,3697,46.4,53.48,51.16,413.623619,80.770596,69.251373,70.812912,67.538612,26.943584,28.906191,28.886466,33.883389
11/27/2021 13:00,0.221,1.43,-1.01,3696,46.4,53.93,51.4,302.343453,81.303163,71.342191,71.352053,62.896733,26.930434,28.380199,29.017964,34.277883
11/27/2021 13:15,0.394,1.76,-0.95,3696,46.5,52.88,51.33,269.797703,82.052702,70.997009,70.280345,62.942758,26.674013,28.255276,28.860167,34.0379
11/27/2021 13:30,0.551,2.11,-0.95,3696,46.4,51.54,51.35,568.626863,82.874564,74.15296,71.233705,63.297802,26.69045,27.880507,28.511697,33.797916
11/27/2021 13:45,0.978,2.94,-0.82,3695,46.4,49.53,51.16,265.195274,82.80224,74.554029,73.814353,61.131373,26.618126,27.834482,28.403211,34.248296
11/27/2021 14:00,1.366,3.72,-0.73,3696,46.5,46.81,50.75,261.085962,84.557738,73.429721,71.276442,58.064182,26.624701,27.719422,28.321025,34.586904
11/27/2021 14:15,1.76,4.45,-0.57,3695,46.5,44.82,50.59,333.902968,84.981819,74.20556,70.671551,58.57045,26.604976,27.380814,28.028442,34.225284
11/27/2021 14:30,2.222,5.33,-0.41,3694,46.4,42.86,50.27,379.598516,85.218515,74.629641,70.004199,62.541689,26.572102,27.229592,27.910094,33.482321
11/27/2021 14:45,2.422,5.71,-0.34,3693,46.4,41.74,50.25,190.077053,85.366451,74.531017,70.000912,62.78496,26.148021,27.246029,27.591211,33.34096
11/27/2021 15:00,2.707,6.26,-0.25,3693,46.5,40.4,49.8,183.502154,85.011406,73.538207,70.803049,64.379373,26.171033,26.792361,27.535325,32.548685
11/27/2021 15:15,2.866,6.55,-0.18,3693,46.1,39.4,49.65,255.826043,84.909495,74.68224,70.316507,65.036863,26.161171,27.042207,27.351227,32.338288
11/27/2021 15:30,3.062,6.93,-0.12,3693,46.2,38.68,49.49,152.107011,85.3796,72.999066,69.119875,64.658806,25.917899,26.552377,27.226304,31.795859
11/27/2021 15:45,3.097,6.98,-0.09,3692,46.1,38.92,49.44,243.333734,84.883196,73.67628,69.26781,68.774693,25.746952,26.286094,26.989608,31.358628
11/27/2021 16:00,3.14,7.01,-0.02,3692,46.1,38.7,49.46,126.958022,84.41309,73.324523,69.48807,67.20658,25.970499,26.315681,26.670725,31.332329
11/27/2021 16:15,3.25,7.32,-0.09,3691,46.2,38.49,49.7,150.463286,84.396653,72.818256,69.751065,67.282191,25.677916,26.272944,26.414304,31.023308
11/27/2021 16:30,3.224,7.18,0,3691,46.1,38.42,49.53,81.591219,82.812102,71.986531,69.238223,67.712847,25.493818,25.727227,26.358418,29.892426
11/27/2021 16:45,3.08,6.98,-0.13,3691,46.1,39.64,49.99,48.881097,80.122969,70.973997,68.251988,65.589154,25.151924,25.539843,25.750239,28.741818
11/27/2021 17:00,2.712,6.28,-0.26,3691,46.2,41.36,50.73,24.225225,79.074272,70.628814,67.900231,66.427454,25.000701,25.257122,25.497106,27.821333
11/27/2021 17:15,2.388,5.68,-0.39,3692,46.1,43.32,51.23,2.528059,78.285284,71.621624,69.156037,66.240069,24.905365,25.086175,25.299859,26.542515
11/27/2021 17:30,1.966,4.87,-0.53,3690,46.2,45.42,51.73,-3.718095,80.257754,70.964134,68.607033,68.94564,24.990839,24.810029,25.211098,25.589154
11/27/2021 17:45,1.753,4.48,-0.62, ,46.2,46.43,52.02,-4.868703,79.830386,71.069333,68.445948,69.330272,24.681818,24.694968,25.043438,25.227535
11/27/2021 18:00,1.575,4.12,-0.66,3691,46.2,47.53,52.02,-4.70433,78.324734,69.987762,67.985705,69.195487,24.694968,24.487859,24.816604,25.119049
11/27/2021 18:15,1.349,3.71,-0.76,3691,46.2,48.29,52.33,-4.539958,80.852782,72.828118,69.945025,71.720248,24.399098,24.270887,24.770579,24.997413
11/27/2021 18:30,1.277,3.56,-0.77,3692,46.3,49.15,52.38,-4.539958,79.899422,72.187066,69.070563,70.533478,24.333349,24.238013,24.879065,25.105899
11/27/2021 18:45,1.138,3.26,-0.78,3692,46.3,49.56,52.26,-4.70433,79.580539,72.242952,68.942353,69.777365,24.22815,24.392523,24.931665,24.961252
11/27/2021 19:00,1.104,3.23,-0.83,3691,46.3,49.87,52.33,-4.70433,79.324118,71.6019,68.607033,69.027827,24.004604,24.264312,24.527308,24.957964
11/27/2021 19:15,1.032,3.07,-0.83,3692,46.2,50.32,52.43,-4.539958,79.179471,71.739972,67.972555,69.044264,24.093365,24.001316,24.622644,24.954677
11/27/2021 19:30,1.006,3.02,-0.84,3692,46.4,50.75,52.69,-4.539958,78.712653,71.569025,67.873932,68.478823,24.06049,24.126239,24.556895,24.806741
11/27/2021 19:45,0.952,2.91,-0.85,3692,46.2,50.8,52.5,-4.539958,79.001948,69.849689,67.495875,68.192814,23.873106,24.122952,24.510871,24.862628
11/27/2021 20:00,0.904,2.85,-0.9,3692,46.4,51.09,52.64,-4.211213,79.320831,69.977899,67.666822,68.669495,24.037478,23.902693,24.343211,24.796879
11/27/2021 20:15,0.876,2.74,-0.85,3691,46.4,50.97,52.47,-4.539958,77.910515,71.167956,69.119875,69.254661,23.846806,23.925705,24.399098,24.882353
11/27/2021 20:30,0.841,2.71,-0.9,3691,46.4,51.11,52.28,-4.70433,78.150499,71.368491,68.893041,69.244798,23.797494,23.961867,24.625932,24.91194
11/27/2021 20:45,0.747,2.48,-0.88,3692,46.4,51.4,52.38,-4.375585,80.221592,71.825446,69.28096,69.882563,24.004604,23.948717,24.642369,25.04015
11/27/2021 21:00,0.792,2.59,-0.89,3692,46.5,51.37,52.35,-4.70433,79.179471,72.016118,69.234936,69.866126,24.057203,23.952005,24.711405,24.908652
11/27/2021 21:15,0.663,2.36,-0.95,3692,46.3,51.66,52.24,-4.539958,77.880928,71.89777,69.225074,70.138985,24.132814,24.159114,24.678531,25.138774
11/27/2021 21:30,0.685,2.37,-0.91,3692,46.5,52.38,52.38,-4.539958,78.229398,72.499373,69.346709,70.471017,24.053915,23.948717,24.632507,25.148636
11/27/2021 21:45,0.675,2.33,-0.89,3692,46.4,51.9,52.47,-4.70433,80.221592,72.384313,69.537381,70.41513,24.06049,24.188701,24.58977,24.957964
11/27/2021 22:00,0.667,2.34,-0.92,3692,46.4,52.33,52.52,-4.70433,79.491778,73.035228,69.553819,70.674839,23.804069,24.129527,24.537171,24.957964
11/27/2021 22:15,0.644,2.27,-0.9,3692,46.5,52.21,52.43,-4.539958,79.813948,72.999066,69.586693,70.655114,23.968442,24.004604,24.691681,25.0796
11/27/2021 22:30,0.578,2.18,-0.96,3692,46.5,52.88,52.47,-4.70433,80.18543,72.821543,69.928588,70.204734,23.902693,24.139389,24.625932,25.000701
11/27/2021 22:45,0.578,2.16,-0.94,3693,46.5,52.62,52.62,-4.539958,81.053317,73.577657,69.958175,70.526904,23.912555,24.063778,24.579907,24.849478
11/27/2021 23:00,0.546,2.09,-0.94,3693,46.5,52.76,52.57,-4.70433,79.56739,72.959616,70.076523,70.556491,23.928992,23.948717,24.773867,25.073025
11/27/2021 23:15,0.537,2.07,-0.94,3691,46.5,52.9,52.52,-4.70433,80.228167,73.127276,70.063373,70.780037,24.103227,24.234725,24.711405,24.957964
11/27/2021 23:30,0.498,2.02,-0.98,3693,46.4,52.88,52.5,-4.375585,80.251179,72.897155,70.09296,70.678126,23.902693,23.984879,24.721268,25.178223
11/27/2021 23:45,0.547,2.1,-0.95,3692,46.5,52.74,52.55,-4.70433,81.460961,73.03194,69.806952,70.668264,23.975017,24.080215,24.767292,24.957964
11/28/2021 0:00,0.56,2.11,-0.93,3692,46.4,52.57,52.38,-4.868703,80.648961,73.068102,69.774078,70.648539,23.817219,23.787632,24.645656,25.033575
11/28/2021 0:15,0.793,2.62,-0.92,3692,46.6,53.12,52.71,-4.70433,83.130985,78.827714,77.09194,76.746758,23.886256,23.761332,24.122952,24.586482
11/28/2021 0:30,0.694,2.4,-0.92,3693,46.9,52.26,52.86,-4.539958,89.206192,86.878677,83.397268,92.510078,23.62326,22.837559,22.998644,22.288555
11/28/2021 0:45,0.583,2.18,-0.95,3692,46.9,53.19,52.81,-4.539958,90.955115,86.829366,80.254467,89.317965,22.959195,22.610725,23.58381,22.834272
11/28/2021 1:00,0.409,1.85,-1.01, ,46.9,54.15,52.93,-4.539958,92.496929,85.649171,78.275422,84.475552,23.169592,22.778385,23.912555,23.698871
11/28/2021 1:15,0.446,1.94,-1.02,3694,46.7,54.2,53.17,-4.375585,92.457479,86.125851,80.632523,84.745123,22.985494,22.96577,23.547648,23.511486
11/28/2021 1:30,0.409,1.85,-1.01,3694,46.7,54.32,52.9,-4.375585,93.364815,89.077981,84.603762,93.026208,22.78496,22.272118,23.156442,22.551551
11/28/2021 1:45,0.343,1.73,-1.04,3693,46.9,54.34,52.93,-4.70433,94.212977,88.80841,81.267001,90.26475,22.791535,22.364166,23.61011,22.78496
11/28/2021 2:00,0.245,1.55,-1.08,3694,46.7,55.22,52.98,-4.375585,94.383925,87.414532,79.54109,87.634791,22.765235,22.561413,24.004604,23.422725
11/28/2021 2:15,0.245,1.55,-1.08,3695,47,55.32,53.05,-4.375585,94.69952,87.371795,81.52671,85.428912,22.794822,22.60415,23.491762,23.652847
11/28/2021 2:30,0.233,1.55,-1.11,3695,47,55.1,53.05,-4.375585,95.159763,89.988605,85.103455,93.831633,22.732361,22.548264,23.038094,22.498952
11/28/2021 2:45,0.178,1.4,-1.08,3695,47,55.53,52.86,-4.70433,95.337285,89.163455,81.733819,91.441657,22.528539,22.324717,23.347114,22.692911
11/28/2021 3:00,0.116,1.29,-1.11,3696,47,56.16,53.05,-4.375585,95.245236,87.818888,80.011195,87.486856,22.640312,22.466077,23.590385,23.255065
11/28/2021 3:15,0.05,1.17,-1.14,3695,47.1,56.25,53.12,-4.539958,95.705479,86.84909,78.926337,84.554451,22.748798,22.544976,23.89283,23.695583
11/28/2021 3:30,0.044,1.13,-1.11,3695,47,56.47,53.12,-4.868703,94.988815,85.711633,78.206386,82.654305,22.413478,22.663324,23.879681,23.859956
11/28/2021 3:45,0.08,1.21,-1.11,3696,47,56.51,52.95,-4.70433,94.459536,84.771422,77.818467,81.727244,22.564701,23.024944,24.037478,24.139389
11/28/2021 4:00,0.044,1.13,-1.11,3697,47.1,56.56,52.81,-4.539958,94.199827,83.633965,77.226726,80.971131,22.666612,22.929608,23.965154,24.149252
11/28/2021 4:15,0.018,1.1,-1.14,3697,47,56.68,53.1,-4.539958,94.456248,82.562256,77.269462,80.241317,22.801397,23.100555,24.116377,24.126239
11/28/2021 4:30,0.075,1.17,-1.08,3696,47.1,56.42,52.88,-4.539958,94.272151,82.736491,76.93743,79.754774,22.807972,23.10713,23.975017,24.336636
11/28/2021 4:45,0.062,1.17,-1.11,3697,47.1,56.08,52.76,-4.539958,94.134078,82.437333,76.335827,78.643616,22.561413,23.116992,24.096652,24.326774
11/28/2021 5:00,0.08,1.21,-1.11,3696,47,56.18,52.86,-4.211213,93.86122,81.290013,76.362126,78.170224,22.900021,23.360264,24.165689,24.520733
11/28/2021 5:15,0.093,1.21,-1.08,3697,47,55.99,52.88,-4.539958,93.568637,81.109203,76.296377,77.539033,22.669899,23.386563,24.047341,24.619357
11/28/2021 5:30,0.147,1.33,-1.08,3698,47.1,55.96,52.64,-4.539958,93.529188,81.447811,76.283228,77.239875,22.982207,23.159729,24.231438,24.632507
11/28/2021 5:45,0.112,1.28,-1.11,3698,47.1,55.56,52.67,-4.539958,93.091957,80.395827,75.951195,76.717171,22.745511,23.393138,24.11309,24.685106
11/28/2021 6:00,0.116,1.29,-1.11,3697,47.1,55.8,52.9,-4.211213,93.108394,80.464863,76.033381,76.60211,22.969057,23.587098,24.464847,24.747567
11/28/2021 6:15,0.196,1.44,-1.08,3698,47.1,55.77,52.67,-4.868703,92.848686,79.55424,75.691487,76.375276,22.857284,23.435875,24.369511,24.895503
11/28/2021 6:30,0.16,1.36,-1.08,3698,47,55.7,52.81,-4.70433,93.124831,79.659438,75.001122,76.184604,22.75866,23.689009,24.356361,24.836328
11/28/2021 6:45,0.214,1.48,-1.08,3698,47.2,55.27,52.81,-4.375585,93.473301,80.149268,75.106321,75.638888,23.195891,23.419438,24.224863,24.842903
11/28/2021 7:00,0.175,1.42,-1.11,3698,47,56.3,52.95,-2.074371,92.385155,79.20577,74.879487,75.448215,22.916458,23.524636,24.43526,24.800167
11/28/2021 7:15,0.187,1.43,-1.09,3698,47.2,56.68,53.29,6.637371,89.225916,74.751276,70.069948,72.522385,22.738936,23.537786,23.988166,24.195276
11/28/2021 7:30,0.223,1.51,-1.09,3698,47.3,56.28,53.53,16.992836,84.403228,72.292264,68.843729,72.216653,22.804685,23.222191,23.827081,23.557511
11/28/2021 7:45,0.38,1.83,-1.06,3698,47.2,54.58,53.36,48.387979,83.696426,72.173916,69.234936,71.236993,22.755373,23.304377,23.813932,23.613397
11/28/2021 8:00,0.477,2.01,-1.02,3697,47.2,54.67,53.05,70.085146,87.424394,71.56245,68.442661,70.734013,22.646887,23.449025,23.94543,23.672571
11/28/2021 8:15,0.486,2.03,-1.02, ,47.3,54.34,53.33,86.029276,87.368507,68.80428,68.34075,69.915438,22.518677,24.136102,24.385948,24.533883
11/28/2021 8:30,0.428,1.9,-1.02,3698,47.3,54.1,53.1,108.055188,88.857722,69.58998,70.26062,70.530191,22.863859,24.714693,25.0796,25.010563
11/28/2021 8:45,0.544,2.15,-1.01,3698,47.3,53.1,52.9,123.177455,89.327827,69.014677,68.038304,71.276442,23.116992,24.987551,25.411632,25.428069
11/28/2021 9:00,0.494,2.03,-1,3698,47.2,52.35,52.55,136.491626,90.208864,70.323082,68.761543,70.543341,23.225478,25.437932,25.8916,26.115146
11/28/2021 9:15,0.458,1.95,-1,3699,47.3,52.16,52.16,155.39446,91.001139,71.841883,70.868798,74.356782,23.468749,25.648328,26.134871,26.588539
11/28/2021 9:30,0.472,1.97,-0.99,3698,47.3,52.02,51.83,175.94102,91.428507,73.472458,69.885851,74.987973,24.080215,26.148021,26.85811,27.679972
11/28/2021 9:45,0.393,1.85,-1.05,3698,47.3,51.95,51.76,184.488388,91.313447,73.557932,71.292879,75.142483,24.132814,26.447179,27.065219,28.620183
11/28/2021 10:00,0.339,1.73,-1.05,3698,47.4,52.64,51.47,205.19932,91.004426,72.647308,71.963519,72.3876,24.415535,26.529365,27.5156,29.271098
11/28/2021 10:15,0.223,1.5,-1.08,3699,47.4,53.53,51.76,227.060859,89.176605,71.299454,70.010774,76.957155,24.491146,26.503065,27.604361,29.751065
11/28/2021 10:30,0.156,1.36,-1.09,3698,47.2,53.81,51.83,235.772601,89.255503,73.52177,69.662304,70.852361,24.87249,26.85811,27.910094,30.464442
11/28/2021 10:45,0.108,1.28,-1.12,3699,47.3,54.1,51.92,232.978269,89.949155,75.043859,72.597997,74.8236,24.921802,27.071794,28.123778,31.207406
11/28/2021 11:00,0.057,1.14,-1.09,3699,47.3,54.41,51.83,241.03252,89.262078,75.227956,71.128507,73.127276,25.214385,27.209867,28.445948,31.661074
11/28/2021 11:15,0.142,1.33,-1.09,3699,47.2,54.24,51.85,255.826043,89.196329,73.423147,70.908248,73.127276,25.224248,27.597786,28.731956,32.302126
11/28/2021 11:30,0.075,1.18,-1.09,3699,47.3,54.43,51.8,514.877063,88.933333,71.352053,70.559778,71.217268,25.506968,28.163227,29.192199,32.837981
11/28/2021 11:45,0.063,1.19,-1.13,3699,47.3,54.43,51.83,296.919161,86.858953,72.348151,70.138985,68.712231,25.806126,28.731956,29.47492,33.1733
11/28/2021 12:00,0.057,1.14,-1.09,3699,47.2,54.43,51.83,568.626863,86.563082,69.511082,70.901673,64.71798,25.950774,29.004814,29.520944,33.699292
11/28/2021 12:15,0.08,1.2,-1.1,3699,47.3,54.72,51.88,322.890012,85.409187,69.234936,69.43547,65.003988,26.092134,29.175762,29.363146,33.972151
11/28/2021 12:30,0.183,1.43,-1.1,3698,47.3,54.2,52.16,337.683535,85.021268,70.559778,71.121932,64.994126,26.627988,29.014677,29.478207,34.136523
11/28/2021 12:45,-0.003,1.05,-1.14,3699,47.3,55.44,52.14,396.364509,84.712248,70.793187,73.479033,64.737705,26.460329,28.810855,29.415746,34.195697
11/28/2021 13:00,0.116,1.28,-1.1,3699,47.3,55.01,52.14,294.289202,85.56041,72.545398,71.075908,64.454984,26.499778,28.597171,29.116588,34.389657
11/28/2021 13:15,0.374,1.8,-1.04,3699,47.2,53.1,52.09,267.496488,85.26454,74.412669,71.523001,65.460944,26.364992,28.406499,29.080426,34.231859
11/28/2021 13:30,0.78,2.62,-0.95,3699,47.2,51.33,52.31,597.227673,86.418434,74.83675,71.891195,73.262062,26.430741,28.261851,28.800993,34.231859
11/28/2021 13:45,1.283,3.59,-0.79,3699,47.3,48.48,51.78,304.480295,86.155438,75.188507,71.641349,61.838175,26.575389,28.291438,28.800993,35.047147
11/28/2021 14:00,1.807,4.61,-0.63,3698,47.2,45.68,51.71,257.305395,86.033803,73.899827,72.89058,59.586272,26.739762,28.094191,28.77798,35.658612
11/28/2021 14:15,2.211,5.38,-0.49,3698,47.2,43.27,51.21,278.673817,86.648556,75.658612,71.657786,63.823794,26.351843,27.982418,28.478823,35.668475
11/28/2021 14:30,2.656,6.25,-0.36,3697,47.2,41.48,51.09,391.10459,87.292896,73.446159,72.06543,68.584021,26.411017,27.719422,28.261851,34.889349
11/28/2021 14:45,2.873,6.64,-0.26,3697,47.3,40.26,50.56,188.433328,86.52692,75.487665,71.11207,66.240069,26.568814,27.712847,28.61032,34.277883
11/28/2021 15:00,3.121,7.07,-0.13,3696,47.2,38.94,50.18,180.872194,87.069349,74.974823,72.295551,71.358628,26.220345,27.545187,28.255276,33.742029
11/28/2021 15:15,3.237,7.32,-0.12,3696,47.2,38.73,50.23,224.595272,86.911552,75.435066,70.760312,71.006871,26.17432,27.393964,28.041592,33.334385
11/28/2021 15:30,3.346,7.47,-0.02, ,47.2,38.13,49.96,149.312679,86.461171,75.076734,72.338288,71.58875,26.042822,26.969883,27.97913,32.89058
11/28/2021 15:45,3.395,7.56,0,3695,47.1,37.7,49.7,198.624421,86.599244,75.461365,72.561835,70.90496,26.302531,27.088231,27.614223,32.831406
11/28/2021 16:00,3.381,7.53,0,3694,47.2,37.87,49.61,126.629277,86.730742,75.767098,72.857705,67.255891,25.973786,26.890984,27.499163,32.939891
11/28/2021 16:15,3.435,7.65,0,3694,47,37.77,49.75,156.873813,86.474321,74.895924,72.24624,66.789073,25.783114,26.950158,27.301916,32.519098
11/28/2021 16:30,3.476,7.74,0,3694,47,38.18,49.92,75.180693,86.835941,74.803875,71.825446,66.979746,25.911324,26.637851,27.301916,31.628199
11/28/2021 16:45,3.289,7.38,-0.06,3694,47,38.73,50.27,48.223607,86.885252,73.515195,71.91092,67.137543,25.894887,26.34198,26.604976,30.372393
11/28/2021 17:00,3.007,6.9,-0.22,3693,47,40.07,50.78,24.060853,86.747179,73.633543,71.973381,66.325543,25.605592,25.980361,26.243357,29.366434
11/28/2021 17:15,2.451,5.83,-0.4,3692,46.9,42.1,51.35,3.021176,86.638694,74.593479,72.259389,68.156652,25.602304,25.783114,26.282806,28.113916
11/28/2021 17:30,2.128,5.26,-0.56,3694,47,44.39,51.85,-4.04684,85.244815,73.876815,72.170628,71.483551,25.135486,25.549705,25.940912,26.604976
11/28/2021 17:45,1.836,4.74,-0.7,3695,47.1,45.95,52.31,-5.197448,84.945657,73.643406,71.58875,72.933317,24.984264,25.602304,25.628604,26.03296
11/28/2021 18:00,1.64,4.33,-0.73,3695,47,47.38,52.64,-4.375585,83.09811,72.999066,71.453964,72.923454,24.869203,25.293284,25.368895,25.546418
11/28/2021 18:15,1.404,3.86,-0.79,3694,47.1,48.48,52.9,-4.868703,83.476167,74.534304,72.035843,73.912977,24.783729,24.895503,25.41492,25.615454
11/28/2021 18:30,1.231,3.55,-0.87,3694,47.1,49.8,53.24,-4.539958,84.544588,73.982013,70.888523,72.719632,24.635794,25.148636,25.293284,25.516831
11/28/2021 18:45,1.062,3.21,-0.91,3694,47.2,50.32,53.02,-4.70433,82.62143,73.347535,70.494029,71.851746,24.474709,24.75743,25.276847,25.441219
11/28/2021 19:00,0.964,3.01,-0.93,3695,47.2,51.26,53.48,-4.539958,82.578693,72.4139,70.096248,71.457252,24.431972,24.678531,25.24726,25.428069
11/28/2021 19:15,0.981,3.04,-0.92,3694,47.2,51.02,53.22,-4.539958,81.408361,72.147616,69.701754,70.842499,24.464847,24.474709,25.178223,25.303146
11/28/2021 19:30,0.897,2.87,-0.94,3696,47.2,51.71,53.31,-4.211213,82.654305,71.996393,69.557106,69.994337,24.662094,24.524021,25.0533,25.398482
11/28/2021 19:45,0.87,2.82,-0.95,3695,47.2,51.71,53.45,-4.539958,82.50637,71.687373,68.860167,69.971325,24.405673,24.145964,24.921802,25.138774
11/28/2021 20:00,0.821,2.73,-0.97,3695,47.1,51.95,53.55,-4.868703,82.088863,71.204118,68.659632,69.682029,24.044053,24.533883,25.033575,25.250547
11/28/2021 20:15,0.865,2.81,-0.95,3696,47.1,52.02,53.38,-4.539958,79.623276,71.246855,68.367049,69.62943,23.991454,24.261025,24.984264,25.22096
11/28/2021 20:30,0.79,2.66,-0.97,3696,47.1,52.26,53.45,-4.539958,80.951406,70.964134,68.235551,69.254661,24.165689,24.22815,24.803454,25.214385
11/28/2021 20:45,0.812,2.7,-0.96,3696,47.3,52.24,53.41,-4.375585,82.391309,71.22713,68.100766,68.886466,24.162401,24.129527,25.013851,25.158499
11/28/2021 21:00,0.794,2.66,-0.96,3695,47.3,52.28,53.48,-4.868703,80.205155,71.523001,68.051454,68.593883,23.991454,24.136102,25.017138,25.276847
11/28/2021 21:15,0.794,2.67,-0.97,3696,47.2,52.5,53.5,-5.033075,80.967843,70.30007,67.860782,68.485397,23.90598,24.132814,24.780442,24.954677
11/28/2021 21:30,0.812,2.7,-0.96,3696,47.2,52.21,53.41,-4.539958,79.455616,70.369106,67.47615,67.831195,23.968442,23.968442,24.639081,25.145349
11/28/2021 21:45,0.803,2.68,-0.96,3696,47.2,52.4,53.38,-4.375585,79.389867,70.44143,67.275616,68.291438,23.912555,24.191988,24.652231,25.086175
11/28/2021 22:00,0.754,2.58,-0.97,3697,47.1,52.33,53.53,-4.539958,79.86326,70.138985,67.288766,67.972555,23.955292,24.129527,24.708118,25.161786
11/28/2021 22:15,0.767,2.61,-0.97,3697,47.2,52.14,53.55,-4.211213,78.735665,71.020021,68.189527,69.29411,23.902693,24.221575,24.773867,24.961252
11/28/2021 22:30,0.705,2.49,-0.99,3697,47.3,51.97,53.36,-4.70433,80.481301,72.52896,69.251373,70.175146,23.952005,24.307049,24.842903,25.497106
11/28/2021 22:45,0.695,2.45,-0.97, ,47.2,52.12,53.1,-4.539958,81.408361,73.321236,69.58998,70.937835,23.879681,24.270887,24.931665,25.526693
11/28/2021 23:00,0.642,2.33,-0.97,3696,47.2,52.16,53.14,-4.868703,82.065851,73.722304,70.687989,71.611762,23.958579,24.487859,25.201235,25.513543
11/28/2021 23:15,0.643,2.37,-1.01,3697,47.2,52.28,52.88,-4.211213,82.272961,73.886677,70.313219,71.822159,24.037478,24.524021,25.027001,25.431357
11/28/2021 23:30,0.596,2.22,-0.96,3698,47.2,52.79,52.98,-4.539958,82.539244,73.935989,70.960847,72.088442,24.290612,24.461559,25.204523,25.378758
11/28/2021 23:45,0.594,2.27,-1.02,3698,47.2,52.9,53.1,-4.375585,82.243374,73.482321,70.720863,71.950369,23.876393,24.461559,25.434644,25.628604
11/29/2021 0:00,0.541,2.17,-1.04,3698,47.2,52.98,53.17,-4.04684,82.542531,73.965576,70.855649,72.016118,24.284037,24.553608,25.158499,25.506968
11/29/2021 0:15,0.541,2.18,-1.05,3698,47.2,53.33,53.33,-5.033075,82.98305,74.254871,70.964134,72.239665,24.326774,24.727843,25.405057,25.428069
11/29/2021 0:30,0.616,2.31,-1.01,3698,47.3,53.24,53.24,-4.539958,83.489317,74.350207,71.167956,72.463211,24.030903,24.264312,25.096037,25.704215
11/29/2021 0:45,0.539,2.12,-0.99,3698,47.3,53.22,53.22,-5.033075,82.844977,74.826887,71.095632,72.3876,24.122952,24.599632,25.145349,25.552992
11/29/2021 1:00,0.5,2.09,-1.05,3698,47.2,53.45,53.05,-4.868703,82.785803,74.422531,71.427665,72.456636,24.22815,24.428685,25.171648,25.72394
11/29/2021 1:15,0.526,2.12,-1.02,3699,47.2,53.38,53.38,-4.375585,83.61424,74.409381,71.144944,72.476361,24.07364,24.418822,25.23411,25.68449
11/29/2021 1:30,0.501,2.1,-1.06,3699,47.2,53.67,53.26,-4.375585,83.505754,74.156248,70.924685,72.456636,24.191988,24.573333,25.105899,25.533268
11/29/2021 1:45,0.5,2.07,-1.03,3699,47.3,53.43,53.43,-4.70433,82.851552,74.738126,71.217268,72.663746,24.221575,24.468134,24.987551,25.68449
11/29/2021 2:00,0.522,2.12,-1.03,3699,47.2,53.5,53.29,-4.539958,82.861414,74.580329,71.401365,72.788669,24.024328,24.579907,25.214385,25.454369
11/29/2021 2:15,0.499,2.04,-1,3699,47.3,53.5,53.31,-4.211213,83.193446,75.195082,71.812296,72.933317,24.178839,24.471422,25.329446,25.464231
11/29/2021 2:30,0.519,2.14,-1.06,3700,47.2,53.43,53.24,-4.539958,84.820734,74.448831,71.776134,73.137138,24.336636,24.655519,25.408345,25.579292
11/29/2021 2:45,0.508,2.07,-1.01,3700,47.3,53.31,53.12,-4.70433,83.357819,74.442256,71.634774,73.133851,24.303762,24.800167,25.536555,25.592442
11/29/2021 3:00,0.522,2.11,-1.02,3700,47.4,53.26,53.05,-4.539958,83.91011,74.698677,71.733398,72.907017,24.290612,24.573333,25.197948,25.608879
11/29/2021 3:15,0.518,2.13,-1.05,3701,47.4,53.62,53.41,-5.033075,84.610337,75.402191,71.963519,73.061527,24.514158,24.803454,25.434644,25.615454
11/29/2021 3:30,0.495,2.05,-1.02,3701,47.4,53.72,53.12,-4.04684,84.741835,75.306855,72.098304,72.972766,24.221575,24.668669,25.260409,25.700928
11/29/2021 3:45,0.495,2.05,-1.02,3701,47.4,53.38,53.17,-4.04684,84.386791,75.536977,71.927357,73.429721,24.405673,24.639081,25.243972,25.674628
11/29/2021 4:00,0.531,2.13,-1.02,3701,47.4,53.53,53.33,-4.211213,84.360491,75.030709,72.430337,73.344248,24.238013,24.908652,25.112474,25.635179
11/29/2021 4:15,0.469,2.03,-1.06,3702,47.4,53.67,53.26,-4.70433,84.639924,75.405479,72.502661,73.899827,24.333349,24.737705,25.395195,25.474094
11/29/2021 4:30,0.562,2.19,-1.01,3701,47.4,53.5,53.29,-4.375585,84.718823,75.296993,72.446774,73.968863,24.251162,24.655519,25.313009,25.605592
11/29/2021 4:45,0.526,2.12,-1.02,3702,47.4,53.65,53.24,-4.04684,84.935795,75.398904,72.667033,73.781479,23.955292,24.747567,25.132199,25.552992
11/29/2021 5:00,0.46,2,-1.05,3702,47.4,53.65,53.05,-4.70433,84.777997,75.389041,72.808394,73.679568,24.139389,24.849478,25.336021,25.674628
11/29/2021 5:15,0.465,2.03,-1.07,3703,47.5,53.67,53.26,-4.539958,85.330289,75.001122,72.482936,73.751892,24.366223,24.547033,25.391907,25.753527
11/29/2021 5:30,0.504,2.08,-1.03,3702,47.4,53.69,53.29,-4.375585,85.22509,75.267406,72.657171,73.561219,24.316911,24.675243,25.359033,25.566142
11/29/2021 5:45,0.487,2.07,-1.06,3703,47.4,53.57,53.17,-4.539958,85.067293,75.191794,72.325138,73.423147,24.310337,24.543745,25.184798,25.71079
11/29/2021 6:00,0.564,2.24,-1.06, ,47.4,53.69,53.29,-4.70433,85.172491,75.343017,72.19364,73.137138,24.343211,24.520733,25.201235,25.474094
11/29/2021 6:15,0.505,2.09,-1.04,3703,47.4,53.81,53.41,-4.375585,84.633349,74.629641,72.022693,72.482936,24.191988,24.474709,25.099324,25.743665
11/29/2021 6:30,0.536,2.17,-1.05,3703,47.4,53.74,53.53,-4.04684,83.762175,74.304183,71.841883,72.814968,24.132814,24.586482,25.165073,25.418207
11/29/2021 6:45,0.567,2.2,-1.01,3704,47.4,53.22,53.43,-4.211213,83.223034,74.419244,71.647924,72.341576,24.182126,24.553608,24.740992,25.365608
11/29/2021 7:00,0.612,2.33,-1.04,3704,47.4,53.81,53.41,-2.074371,83.285495,74.48828,71.391503,72.3876,24.277462,24.42211,24.971114,25.382045
11/29/2021 7:15,0.589,2.26,-1.02,3704,47.4,54.27,53.67,5.979881,82.174337,72.160766,69.251373,71.812296,24.080215,24.290612,24.796879,24.895503
11/29/2021 7:30,0.653,2.43,-1.05,3704,47.4,53.19,53.79,15.842229,77.667244,70.27377,68.386774,71.033171,23.708733,24.224863,24.497721,24.316911
11/29/2021 7:45,0.74,2.53,-0.95,3704,47.4,51.69,53.05,56.770975,79.689025,70.494029,67.439988,69.60313,23.863243,24.175551,24.415535,24.579907
11/29/2021 8:00,0.786,2.66,-0.98,3704,47.4,51.83,53.19,69.427656,80.441851,69.241511,67.144118,69.12645,24.076928,24.323486,24.754142,24.671956
11/29/2021 8:15,0.826,2.74,-0.97,3704,47.5,51.28,53.19,86.522393,81.825867,68.419648,68.682644,69.659017,23.869818,24.806741,25.017138,25.112474
11/29/2021 8:30,0.829,2.71,-0.93,3704,47.4,51.02,52.74,109.205795,80.563487,69.310547,68.97194,70.862223,24.132814,25.188086,25.395195,25.579292
11/29/2021 8:45,0.745,2.55,-0.96,3704,47.4,50.61,52.31,122.355593,83.463017,69.685316,68.580733,71.220555,24.270887,25.345883,25.641754,26.013235
11/29/2021 9:00,0.762,2.56,-0.93,3703,47.4,50.75,52.26,135.834136,83.903536,70.701138,68.330887,72.782094,24.445122,25.819276,26.328831,26.404442
11/29/2021 9:15,0.739,2.51,-0.93,3705,47.4,50.56,52.04,154.73697,84.330904,71.062758,69.573543,75.717786,24.418822,25.914612,26.775924,26.983033
11/29/2021 9:30,0.692,2.46,-0.99,3704,47.4,50.35,52.02,172.489198,85.093592,72.164053,68.787843,73.153576,24.75743,26.364992,27.272329,28.084329
11/29/2021 9:45,0.615,2.28,-0.98,3704,47.4,50.18,51.83,185.474623,86.086402,75.060296,69.899001,78.21296,24.92509,26.854822,27.742434,29.504507
11/29/2021 10:00,0.588,2.22,-0.98,3706,47.4,51.35,51.92,206.021183,85.75437,74.17926,71.868183,74.051049,25.487243,27.15398,28.488685,29.843114
11/29/2021 10:15,0.387,1.8,-1.01,3705,47.4,52.09,52.09,227.553977,85.767519,74.708539,72.351438,73.626968,25.71079,27.735859,28.95879,30.865511
11/29/2021 10:30,0.25,1.56,-1.08,3705,47.4,53.12,52.14,236.758835,88.03586,76.161592,72.367875,70.382256,26.013235,27.910094,29.26781,32.121317
11/29/2021 10:45,0.244,1.49,-1.02,3706,47.4,53.38,52.02,231.334544,86.408572,73.959001,71.223843,74.087211,26.263082,28.406499,29.596555,32.834693
11/29/2021 11:00,0.241,1.55,-1.09,3706,47.3,53.77,52.35,241.196892,86.671568,74.241721,73.127276,73.18645,26.578677,28.63662,29.899001,34.080636
11/29/2021 11:15,0.205,1.46,-1.08,3706,47.5,53.91,52.31,255.332925,86.572945,73.439584,71.621624,71.657786,26.841673,28.935778,30.349381,34.613203
11/29/2021 11:30,0.175,1.43,-1.12,3706,47.5,54.29,52.5,540.683542,86.20475,72.062142,69.215211,68.83058,26.98632,29.455195,30.543341,35.112896
11/29/2021 11:45,0.106,1.24,-1.08,3706,47.5,54.6,52.38,302.507825,86.227762,72.05228,70.934547,70.369106,27.33479,30.096248,30.816199,35.918321
11/29/2021 12:00,0.063,1.19,-1.13,3707,47.5,55.1,52.64,637.005812,85.040993,70.980572,70.250758,68.120491,27.380814,30.461155,30.862223,36.634985
11/29/2021 12:15,0.022,1.09,-1.12,3706,47.5,54.82,52.59,365.791228,85.507811,71.358628,72.019406,65.894887,27.578061,30.152134,30.957559,37.098515
11/29/2021 12:30,0.125,1.32,-1.12,3707,47.5,54.48,52.67,348.367746,85.58671,73.492183,71.125219,63.314239,27.854207,30.020636,30.878661,37.644232
11/29/2021 12:45,0.059,1.2,-1.15,3708,47.5,54.46,52.83,392.748314,85.74122,74.609916,72.384313,61.926936,27.919956,29.899001,30.987146,38.328021
11/29/2021 13:00,0.063,1.2,-1.14,3706,47.5,54.6,52.59,299.220376,85.185641,74.271309,71.713673,64.353073,27.936393,30.138985,31.121932,39.314256
11/29/2021 13:15,0.268,1.59,-1.07, ,47.7,53.07,51.71,266.838998,86.776766,74.419244,73.87024,59.905154,27.946256,30.069948,31.105495,39.633139
11/29/2021 13:30,0.714,2.5,-0.98,3707,47.4,51.14,51.9,591.474637,87.500005,74.731551,73.05824,66.361705,27.936393,29.981187,30.753738,39.310969
11/29/2021 13:45,1.07,3.19,-0.87,3707,47.4,49.03,51.69,423.321595,87.35207,75.168782,74.284458,58.876183,28.169802,30.109397,31.184393,40.290629
11/29/2021 14:00,1.576,4.15,-0.69,3707,47.5,46.09,51.33,254.675435,87.578904,74.915649,76.842094,55.164652,28.150078,30.060086,31.020021,41.368912
11/29/2021 14:15,2.03,5.05,-0.57,3707,47.4,43.87,51.06,240.539402,87.822175,75.33973,75.01756,55.615033,28.238839,30.158709,30.7636,41.270289
11/29/2021 14:30,2.438,5.82,-0.42,3706,47.4,41.88,50.73,392.748314,87.342208,73.551357,75.323292,63.912555,28.163227,29.875989,30.58279,40.668685
11/29/2021 14:45,2.73,6.35,-0.29,3706,47.5,40.57,50.42,187.775838,87.559179,75.168782,77.45356,68.679357,28.058029,29.895713,30.803049,39.741625
11/29/2021 15:00,3.001,6.86,-0.19,3706,47.5,39.56,50.27,178.242234,86.139001,74.15296,75.517252,72.351438,27.946256,29.764215,30.895098,38.679778
11/29/2021 15:15,3.13,7.09,-0.13,3704,47.4,38.99,50.01,184.817133,85.928604,75.559989,75.014272,69.182337,27.959405,29.62943,30.194871,37.729705
11/29/2021 15:30,3.288,7.34,-0.02,3704,47.4,38.49,49.77,147.668954,85.323714,72.23309,73.170013,73.646693,28.00543,29.359859,30.007487,37.640944
11/29/2021 15:45,3.342,7.46,-0.02,3704,47.2,38.68,50.04,154.572598,84.863471,74.356782,75.283843,73.314661,27.96598,29.225074,29.540669,37.262888
11/29/2021 16:00,3.413,7.6,0,3703,47.4,38.27,50.06,124.82118,84.081058,72.390887,72.72292,71.325754,27.551762,28.935778,29.188912,36.993317
11/29/2021 16:15,3.386,7.54,0,3701,47.2,38.13,49.82,159.503772,83.347957,71.868183,73.373835,66.841673,27.584636,28.514984,28.800993,36.342402
11/29/2021 16:30,3.458,7.7,0,3701,47.3,38.23,50.11,74.35883,83.173722,72.505948,72.893867,65.625316,27.357802,28.268426,28.311163,34.961673
11/29/2021 16:45,3.359,7.48,0,3702,47.3,39.06,50.18,49.702959,83.696426,72.726207,72.900442,62.745511,27.03892,27.627373,27.768733,33.413284
11/29/2021 17:00,3.113,7.09,-0.17,3701,47.3,39.83,50.85,24.389598,83.384119,75.553414,72.453349,64.257737,26.854822,26.772636,27.272329,31.263292
11/29/2021 17:15,2.531,5.99,-0.38,3701,47.4,42.27,51.59,3.349921,84.228993,75.13262,73.531632,68.948928,26.499778,26.437316,26.953446,29.185624
11/29/2021 17:30,2.229,5.42,-0.49,3703,47.3,44.42,52.19,-3.224978,85.001544,75.671762,72.884005,71.592037,26.111859,26.078984,26.539227,27.463001
11/29/2021 17:45,1.933,4.9,-0.64,3702,47.3,45.64,52.74,-4.04684,83.518904,74.863049,72.492798,73.571082,25.842288,25.8916,26.309106,26.34198
11/29/2021 18:00,1.734,4.52,-0.71,3702,47.3,46.93,52.86,-4.539958,82.568831,73.824215,72.045705,73.696005,25.631891,25.668053,25.842288,26.17432
11/29/2021 18:15,1.487,4,-0.74,3703,47.3,48.1,52.93,-4.539958,83.942985,78.222823,76.309527,78.39377,25.549705,25.52998,25.802839,26.00666
11/29/2021 18:30,1.274,3.6,-0.82,3703,47.3,49.22,53.1,-4.70433,86.530208,78.305009,75.694774,78.005851,25.579292,25.460944,25.963924,26.00666
11/29/2021 18:45,1.056,3.17,-0.88,3704,47.4,50.25,52.98,-5.033075,86.040378,77.742855,75.372604,77.506159,25.240685,25.280134,25.73709,25.786401
11/29/2021 19:00,0.91,2.91,-0.95,3705,47.3,51.18,53.36,-4.211213,85.685333,77.637657,74.974823,76.907843,25.293284,25.431357,25.704215,25.855438
11/29/2021 19:15,0.839,2.77,-0.97,3704,47.4,52.04,53.5,-4.539958,83.870661,77.377948,74.639503,76.654709,25.270272,25.151924,25.631891,25.746952
11/29/2021 19:30,0.75,2.59,-0.99,3705,47.4,52.31,53.53,-4.539958,85.442062,77.555471,74.984685,76.128718,25.161786,24.92509,25.559567,25.691065
11/29/2021 19:45,0.753,2.56,-0.95,3705,47.4,52.95,53.38,-4.211213,84.600475,77.036054,74.557317,75.94462,25.063162,25.056588,25.704215,25.822563
11/29/2021 20:00,0.643,2.37,-1.01,3706,47.3,53.48,53.69,-4.375585,84.41309,77.124815,74.175972,76.007082,24.928377,24.862628,25.681203,25.868588
11/29/2021 20:15,0.644,2.41,-1.05,3707,47.4,53.91,53.91,-4.375585,83.558353,76.424588,73.972151,75.573139,24.754142,25.020426,25.40177,25.802839
11/29/2021 20:30,0.594,2.29,-1.04, ,47.3,53.96,53.96,-4.539958,83.387406,76.365414,73.853802,75.619163,24.658806,24.928377,25.329446,25.648328
11/29/2021 20:45,0.564,2.25,-1.07,3707,47.4,54.46,54.03,-4.70433,83.975859,76.519924,73.942564,75.375892,24.823179,24.833041,25.585867,25.668053
11/29/2021 21:00,0.536,2.17,-1.05,3707,47.4,54.41,54.41,-4.211213,83.522191,76.421301,73.623681,75.204944,24.665381,24.737705,25.342596,25.681203
11/29/2021 21:15,0.514,2.12,-1.05,3708,47.4,54.75,54.53,-4.868703,83.900248,76.970305,73.995163,75.139195,24.961252,25.007276,25.451082,25.54313
11/29/2021 21:30,0.501,2.11,-1.07,3709,47.3,54.72,54.51,-4.539958,84.357204,77.190564,73.863665,75.389041,24.846191,24.941527,25.500393,25.645041
11/29/2021 21:45,0.451,1.99,-1.06,3709,47.4,54.67,54.46,-4.539958,84.955519,77.006467,73.952426,75.395616,24.882353,24.629219,25.023713,25.506968
11/29/2021 22:00,0.466,2.06,-1.1,3709,47.4,54.89,54.67,-4.70433,84.314467,76.832232,73.788053,75.349592,24.655519,24.665381,25.263697,25.566142
11/29/2021 22:15,0.447,1.97,-1.05,3709,47.7,54.58,54.36,-4.539958,85.014693,77.062353,73.850515,75.389041,24.71798,24.721268,25.40177,25.523405
11/29/2021 22:30,0.407,1.92,-1.09,3710,47.5,54.84,54.41,-4.211213,85.011406,76.828944,73.699292,75.15892,24.685106,24.652231,25.38862,25.572717
11/29/2021 22:45,0.393,1.87,-1.07,3710,47.4,55.34,54.46,-4.04684,84.054758,77.141252,73.824215,75.48109,24.71798,24.70483,25.391907,25.546418
11/29/2021 23:00,0.349,1.8,-1.1,3711,47.5,54.91,54.48,-4.868703,85.386175,76.710596,74.195697,75.296993,24.760717,24.980976,25.161786,25.654903
11/29/2021 23:15,0.398,1.89,-1.08,3710,47.5,54.89,54.22,-4.539958,85.060718,76.888118,73.505333,75.500815,24.60292,24.787017,25.296571,25.645041
11/29/2021 23:30,0.375,1.81,-1.05,3711,47.5,54.98,54.32,-4.375585,85.087017,76.572523,73.68943,75.165495,24.629219,24.727843,25.365608,25.382045
11/29/2021 23:45,0.415,1.89,-1.04,3711,47.5,54.96,54.34,-4.539958,85.054143,76.506774,73.442871,75.155632,24.609494,24.767292,25.332733,25.493818
11/30/2021 0:00,0.403,1.9,-1.08,3712,47.4,54.98,54.36,-4.868703,84.123795,76.657997,73.745317,74.866337,24.507584,24.829754,25.316296,25.760102
11/30/2021 0:15,0.609,2.34,-1.06,3711,47.7,55.63,54.77,-4.868703,86.125851,81.891616,79.389867,80.04407,24.619357,24.188701,24.639081,25.099324
11/30/2021 0:30,0.54,2.16,-1.03,3711,47.8,54.75,54.75,-4.70433,90.222014,88.187082,83.887098,92.766499,24.195276,23.626547,24.270887,23.340539
11/30/2021 0:45,0.456,1.99,-1.05,3711,47.7,55.18,54.55,-4.70433,92.003811,89.511924,81.582596,90.978127,24.021041,23.350401,24.524021,23.626547
11/30/2021 1:00,0.304,1.69,-1.09,3712,47.8,56.23,54.7,-4.539958,93.23003,88.381042,80.201867,87.115374,23.978304,23.30109,24.89879,24.274175
11/30/2021 1:15,0.301,1.72,-1.13,3714,47.8,56.87,54.89,-4.539958,93.013058,88.124621,82.45377,87.158111,23.758045,23.324102,24.625932,24.379373
11/30/2021 1:30,0.252,1.61,-1.13,3717,47.9,56.16,54.63,-4.70433,93.943406,90.672394,84.945657,94.245852,23.718596,23.396426,23.754758,23.324102
11/30/2021 1:45,0.178,1.41,-1.09,3720,47.8,56.59,54.39,-4.539958,94.318176,90.333787,82.963325,93.009771,23.606822,23.192604,24.172264,23.215616
11/30/2021 2:00,0.086,1.27,-1.16,3723,47.8,57.23,54.55,-4.539958,94.446386,89.531649,81.253851,89.091131,23.587098,23.232053,24.517446,24.076928
11/30/2021 2:15,0.158,1.42,-1.15,3725,48,57.49,54.63,-4.70433,94.163665,89.173317,82.752928,88.410629,23.712021,23.370126,24.40896,24.149252
11/30/2021 2:30,0.1,1.3,-1.16,3726,47.8,57.26,54.6,-4.539958,94.732394,90.78088,85.205366,94.528572,23.472037,23.245203,23.91913,23.189316
11/30/2021 2:45,0.051,1.21,-1.18,3730,47.8,57.14,54.29,-4.375585,95.314273,90.705269,83.206596,93.562062,23.534498,23.195891,24.090077,23.366839
11/30/2021 3:00,-0.002,1.07,-1.16,3731,48,58.12,54.27,-4.539958,94.965803,88.798548,80.04407,89.472475,23.501624,23.225478,24.461559,23.554223
11/30/2021 3:15,-0.051,0.99,-1.19,3733,48,58.4,54.58,-4.04684,93.69356,87.233722,78.518693,85.034418,23.245203,22.93947,24.307049,23.797494
11/30/2021 3:30,-0.056,0.97,-1.18,3735,47.9,58.67,54.53,-4.70433,93.318791,86.401997,78.065025,83.857511,23.320814,22.955907,24.109802,23.823794
11/30/2021 3:45,-0.072,0.97,-1.22, ,47.9,58.62,54.7,-4.211213,93.266192,85.941754,78.088037,83.463017,23.235341,23.278077,24.247875,24.136102
11/30/2021 4:00,-0.078,0.94,-1.2,3738,48,58.28,54.53,-4.375585,94.278726,86.487471,79.689025,83.739163,23.406288,23.4293,24.622644,24.330061
11/30/2021 4:15,-0.078,0.94,-1.2,3741,48,58.14,54.65,-4.375585,93.759309,86.267212,79.041398,82.848264,23.307664,23.255065,24.468134,24.694968
11/30/2021 4:30,-0.037,1.03,-1.2,3742,47.9,58.19,54.36,-4.539958,94.640346,84.843746,78.176799,82.046127,23.458887,23.560798,24.954677,24.681818
11/30/2021 4:45,-0.087,0.89,-1.17,3743,47.9,57.95,54.2,-4.70433,93.834921,84.061333,78.291859,81.30645,23.360264,23.718596,24.977689,24.941527
11/30/2021 5:00,-0.056,0.96,-1.17,3744,48,57.95,54.32,-4.211213,93.857933,83.052086,77.871066,80.777171,23.642984,23.830369,25.096037,25.099324
11/30/2021 5:15,-0.057,0.94,-1.15,3745,48.1,57.85,54.05,-4.70433,93.851358,82.746353,77.848054,80.71471,23.712021,24.152539,24.954677,25.007276
11/30/2021 5:30,-0.07,0.93,-1.17,3747,48.1,58.09,54.1,-4.70433,93.802046,82.381446,77.598207,79.899422,23.804069,24.172264,24.865916,25.178223
11/30/2021 5:45,-0.037,1.02,-1.19,3747,48,57.69,54.1,-4.539958,92.575827,82.233511,77.469997,79.728475,23.606822,23.984879,24.931665,25.184798
11/30/2021 6:00,-0.026,1,-1.14,3750,48,57.59,53.88,-4.375585,92.687601,81.622046,77.598207,79.366855,23.639697,24.293899,25.184798,25.19466
11/30/2021 6:15,0.014,1.1,-1.15,3749,48.1,57.28,54.05,-3.882468,93.091957,81.615471,77.213576,79.163033,23.771195,24.303762,25.096037,25.372183
11/30/2021 6:30,0.015,1.12,-1.17,3751,48,57.59,54.1,-4.375585,92.845398,81.365625,77.111665,78.268847,23.991454,24.119664,25.089462,25.339308
11/30/2021 6:45,0.033,1.16,-1.17,3752,48,57.4,54.27,-4.539958,92.171471,80.750871,76.960442,78.344458,23.771195,24.494434,24.977689,25.38862
11/30/2021 7:00,0.023,1.12,-1.15,3753,48,58.5,54.22,-1.745626,92.201058,80.852782,76.404863,77.940102,23.853381,24.349786,25.059875,25.470806
11/30/2021 7:15,0.039,1.22,-1.22,3754,48,58.55,54.86,9.431703,88.30543,75.520539,72.269252,74.277883,23.4556,24.264312,24.698256,24.856053
11/30/2021 7:30,0.189,1.48,-1.14,3755,48,57.45,54.77,28.170165,81.645058,73.557932,71.026596,74.02475,23.4293,23.90598,24.593057,24.290612
11/30/2021 7:45,0.304,1.69,-1.09,3756,48.1,56.11,54.6,71.400126,86.37241,73.965576,70.628814,72.989203,23.633122,23.876393,24.333349,24.491146
11/30/2021 8:00,0.352,1.75,-1.04,3756,48,55.73,54.24,92.27543,88.016135,72.157479,69.915438,72.131179,23.379988,24.053915,24.668669,24.711405
11/30/2021 8:15,0.43,1.97,-1.09,3757,48.1,55.53,54.46,118.081909,88.078596,70.799762,70.280345,71.841883,23.4556,24.780442,25.253835,25.467519
11/30/2021 8:30,0.393,1.86,-1.06,3758,48,55.15,54.08,142.08029,88.374467,71.776134,70.842499,73.337673,23.564086,25.240685,25.677916,25.858725
11/30/2021 8:45,0.375,1.82,-1.06,3758,48,54.27,53.67,169.366121,90.235163,72.930029,71.273155,73.603956,23.93228,25.635179,26.180895,26.210482
11/30/2021 9:00,0.406,1.87,-1.04,3759,48.1,53.69,53.48,178.570979,91.020864,73.636831,70.964134,74.468556,24.136102,25.8916,26.526078,26.933721
11/30/2021 9:15,0.433,1.95,-1.06,3758,48.1,53.62,53.22,183.337781,90.820329,74.106936,70.707713,76.171454,24.316911,26.361705,26.739762,27.265754
11/30/2021 9:30,0.429,1.94,-1.06,3759,47.9,53.41,53.22,182.680291,90.708556,72.916879,70.970709,74.080636,24.70483,26.309106,26.84496,27.877219
11/30/2021 9:45,0.406,1.86,-1.03,3760,48.1,53.5,53.1,186.789603,90.583633,73.222612,72.739357,73.350823,24.662094,26.440604,27.104669,28.633333
11/30/2021 10:00,0.272,1.61,-1.08,3760,48,53.88,52.86,210.294867,90.872929,76.010369,71.943794,73.919551,24.888928,26.83181,27.831195,29.422321
11/30/2021 10:15,0.107,1.25,-1.09,3760,48,54.98,52.69,230.183936,91.093188,75.583001,72.06543,73.860377,25.227535,27.055357,28.081041,30.461155
11/30/2021 10:30,0.009,1.07,-1.13,3761,48.2,55.63,52.86,247.607419,90.991277,77.864491,75.244394,77.430548,25.322871,27.69641,28.705657,31.687373
11/30/2021 10:45,0.062,1.15,-1.09,3762,48,55.87,52.69,160.818752,90.070791,76.828944,74.863049,73.163438,25.71079,27.584636,28.689219,32.196928
11/30/2021 11:00,0.063,1.19,-1.13, ,48.1,56.2,53.22,187.282721,89.462613,73.965576,71.943794,72.154191,25.645041,27.906806,28.380199,31.273155
11/30/2021 11:15,0.085,1.22,-1.11,3761,48,56.28,53.31,236.430091,89.4659,73.531632,73.209462,72.249527,25.839001,27.50245,28.041592,30.392118
11/30/2021 11:30,-0.026,0.98,-1.12,3762,48,56.3,53.12,552.353988,88.778823,74.665802,73.811066,79.573965,26.03296,28.107341,28.758256,31.542725
11/30/2021 11:45,-0.074,0.91,-1.16,3763,48,56.35,52.93,339.98475,89.350839,75.579713,75.234531,78.065025,25.960636,28.66292,29.787227,33.390272
11/30/2021 12:00,-0.16,0.71,-1.15,3763,48.1,56.37,52.98,686.153182,89.528362,72.943179,74.202272,79.169608,26.453754,29.412458,29.961462,35.040572
11/30/2021 12:15,-0.084,0.87,-1.14,3763,48.2,56.35,52.55,457.675442,90.271325,75.119471,74.02475,77.647519,27.035632,29.514369,30.523616,36.270078
11/30/2021 12:30,-0.07,0.93,-1.17,3763,48,55.96,52.62,338.01228,89.922856,74.925511,74.254871,73.498758,27.288766,29.672167,30.635389,36.999892
11/30/2021 12:45,-0.119,0.82,-1.17,3763,48.1,56.63,52.83,358.065722,89.64671,75.862434,75.218094,74.508005,27.702984,29.892426,30.826061,38.068313
11/30/2021 13:00,0.026,1.08,-1.1,3764,48.1,56.04,52.71,309.740214,90.005042,77.108377,74.994547,71.447389,27.545187,29.9253,31.082483,39.09071
11/30/2021 13:15,0.275,1.57,-1.03,3762,48.1,54.48,52.67,281.796894,90.29105,76.957155,76.30624,66.38143,27.739146,29.859551,31.043033,39.547665
11/30/2021 13:30,0.744,2.53,-0.94,3763,48.2,51.4,52.95,606.103787,90.583633,76.894693,79.284669,69.290823,27.732571,30.191584,30.941122,39.343843
11/30/2021 13:45,1.184,3.39,-0.81,3763,48,48.63,52.69,524.903784,90.567196,75.461365,75.671762,59.921591,27.949543,29.971325,30.714288,39.787649
11/30/2021 14:00,1.618,4.3,-0.75,3763,48.1,46.14,52.43,265.359646,90.139827,77.476572,76.874969,61.193834,27.716134,30.083098,30.474304,40.921819
11/30/2021 14:15,2.066,5.14,-0.58,3763,48,44.13,52,251.387986,89.751908,76.720458,77.180701,66.312393,27.860782,29.928588,30.740588,40.806758
11/30/2021 14:30,2.435,5.84,-0.45,3761,48.1,42.48,51.66,397.679489,89.291665,77.756005,78.268847,66.581964,27.975843,29.793802,30.484167,39.998046
11/30/2021 14:45,2.718,6.35,-0.32,3762,47.9,41.24,51.23,198.953166,88.788686,77.065641,76.342402,69.543956,28.028442,29.566968,30.046936,38.985511
11/30/2021 15:00,2.957,6.79,-0.22,3761,48,40.31,50.97,186.460858,88.364605,77.348361,77.953252,75.490952,28.01858,29.336847,30.115972,37.686969
11/30/2021 15:15,3.041,6.92,-0.16,3760,48,39.83,50.8,176.927255,87.726839,75.980782,77.368086,75.109608,27.801608,29.044264,29.639292,37.11824
11/30/2021 15:30,3.211,7.3,-0.16,3759,48.1,39.54,50.63,160.983125,87.582192,77.197139,77.423973,71.894483,27.867357,29.050839,29.484782,36.76977
11/30/2021 15:45,3.254,7.33,-0.09,3759,48,39.59,50.75,150.956404,86.803066,76.421301,77.361511,72.331713,27.439988,28.748393,29.159325,36.339114
11/30/2021 16:00,3.321,7.48,-0.09,3758,48,39.3,51.09,141.094055,86.194888,75.905171,74.915649,69.852976,27.33479,28.353899,28.646482,35.724361
11/30/2021 16:15,3.407,7.67,-0.09,3758,48,39.25,51.11,129.423609,85.396038,75.619163,75.888734,67.479438,27.091519,28.143503,28.061316,35.057009
11/30/2021 16:30,3.449,7.7,-0.02,3758,47.9,39.4,51.4,75.838182,86.099552,75.954483,75.974207,66.821948,26.930434,27.463001,27.709559,33.781479
11/30/2021 16:45,3.313,7.47,-0.1,3757,47.9,40.5,51.97,48.223607,85.576847,76.345689,74.225284,66.144733,26.670725,26.989608,27.078369,31.476976
11/30/2021 17:00,2.816,6.56,-0.31,3757,48,42.15,52.64,23.23899,83.252621,75.17207,74.951811,70.145559,26.249932,26.637851,26.499778,29.691891
11/30/2021 17:15,2.205,5.44,-0.57,3757,47.8,44.54,52.98,2.199314,84.965382,77.11824,76.598823,71.39479,26.151308,26.05926,26.167746,28.120491
11/30/2021 17:30,1.848,4.71,-0.64,3758,48,47.02,53.38,-3.718095,85.918742,77.76258,74.751276,74.15296,25.585867,25.845575,26.312393,26.700312
11/30/2021 17:45,1.59,4.2,-0.71,3758,47.9,48.43,53.79,-4.375585,85.142904,76.371989,74.563892,75.375892,25.497106,25.658191,25.69764,26.108571
11/30/2021 18:00,1.385,3.8,-0.77,3759,48,49.34,53.91,-4.375585,85.22509,75.62245,73.705867,75.15892,24.987551,25.372183,25.520118,25.608879
11/30/2021 18:15,1.199,3.45,-0.84, ,48,50.51,54.03,-3.882468,86.773479,79.419454,77.295762,79.712037,25.23411,25.165073,25.58258,25.635179
11/30/2021 18:30,0.95,2.96,-0.91,3758,48,51.9,54.12,-4.539958,87.891212,79.672588,76.746758,79.462191,25.36232,25.105899,25.691065,25.727227
11/30/2021 18:45,0.803,2.68,-0.96,3759,47.9,53.12,54.36,-4.211213,87.434256,79.524653,76.704021,78.607454,24.908652,25.076312,25.832426,25.822563
11/30/2021 19:00,0.678,2.44,-1,3759,48,53.98,54.39,-5.033075,88.265981,78.978936,76.457462,78.38062,25.102612,24.997413,25.832426,25.858725
11/30/2021 19:15,0.562,2.18,-1,3760,48,54.55,54.34,-4.04684,88.430354,79.093997,75.845997,77.841479,24.987551,24.964539,25.651616,25.783114
11/30/2021 19:30,0.514,2.13,-1.06,3760,48.1,55.06,54.6,-4.375585,87.131811,78.660054,75.606013,77.539033,24.846191,25.145349,25.513543,25.654903
11/30/2021 19:45,0.494,2.03,-1,3760,48,55.2,54.55,-4.70433,86.55322,78.078175,75.533689,77.627794,24.967826,25.000701,25.589154,25.717365
11/30/2021 20:00,0.416,1.92,-1.07,3760,48,55.49,54.6,-4.868703,86.911552,78.278709,75.599438,77.207001,24.934952,25.069737,25.345883,25.612167
11/30/2021 20:15,0.389,1.88,-1.09,3760,48,55.32,54.67,-4.04684,86.56637,77.936815,75.372604,77.197139,24.75743,25.033575,25.36232,25.641754
11/30/2021 20:30,0.393,1.85,-1.05,3761,48.1,55.99,54.7,-4.539958,87.121949,77.604782,75.290418,77.062353,24.800167,24.902077,25.533268,25.750239
11/30/2021 20:45,0.291,1.66,-1.09,3761,47.9,56.18,54.65,-5.197448,86.323098,78.42007,75.250968,76.888118,24.583195,24.928377,25.602304,25.714077
11/30/2021 21:00,0.304,1.69,-1.09,3761,48.1,56.32,54.6,-4.539958,86.688005,78.554855,75.267406,77.045916,24.665381,24.810029,25.378758,25.72394
11/30/2021 21:15,0.269,1.64,-1.12,3761,48.1,56.39,54.65,-4.539958,86.697868,78.107762,75.195082,77.082078,24.803454,24.836328,25.549705,25.687778
11/30/2021 21:30,0.224,1.54,-1.12,3761,48.1,56.51,54.55,-4.375585,86.806353,78.71594,75.221381,76.556086,24.724555,24.852766,25.24726,25.618741
11/30/2021 21:45,0.202,1.49,-1.12,3761,48,56.54,54.58,-4.539958,86.911552,78.305009,75.247681,76.802645,24.655519,24.75743,25.592442,25.714077
11/30/2021 22:00,0.202,1.49,-1.12,3762,48.1,56.54,54.36,-4.375585,87.417819,78.475956,74.97811,76.792782,24.70483,24.869203,25.398482,25.622029
11/30/2021 22:15,0.189,1.49,-1.15,3762,48,56.66,54.67,-4.211213,87.148248,78.374046,74.734839,76.621835,24.599632,24.931665,25.263697,25.773252
11/30/2021 22:30,0.196,1.44,-1.08,3762,48,56.99,54.39,-4.868703,87.578904,78.383908,74.817025,76.740183,24.389235,24.783729,25.316296,25.546418
11/30/2021 22:45,0.166,1.41,-1.12,3763,48.1,56.73,54.55,-4.539958,88.463228,78.21296,74.889349,76.917705,24.491146,24.652231,25.385333,25.783114
11/30/2021 23:00,0.219,1.49,-1.08,3762,48,56.8,54.41,-4.375585,87.345495,78.807989,75.188507,76.78292,24.366223,24.892215,25.355745,25.677916
11/30/2021 23:15,0.201,1.46,-1.09,3763,48.1,56.8,54.39,-4.539958,86.809641,78.416782,75.277268,76.753333,24.540458,24.625932,25.368895,25.664766
11/30/2021 23:30,0.178,1.41,-1.09,3763,48,56.63,54.43,-4.868703,86.250775,78.081463,74.728264,76.253641,24.596345,24.514158,25.240685,25.815988
11/30/2021 23:45,0.202,1.48,-1.11,3764,48.1,56.8,54.41,-4.868703,87.309333,78.196523,74.268021,75.967632,24.494434,24.586482,25.385333,25.648328
12/1/2021 0:00,0.202,1.49,-1.12,3764,48.1,56.71,54.51,-4.70433,86.431584,77.861203,74.685527,76.178029,24.721268,24.688393,25.474094,25.487243
12/1/2021 0:15,0.202,1.5,-1.13,3764,48.1,56.75,54.55,-4.868703,85.852993,77.709981,74.005025,76.072831,24.596345,24.685106,25.342596,25.536555
12/1/2021 0:30,0.171,1.45,-1.15,3764,48.2,56.87,54.67,-4.539958,87.710402,77.262888,73.886677,75.911746,24.556895,24.773867,25.503681,25.477381
12/1/2021 0:45,0.184,1.45,-1.12,3764,48.1,56.71,54.32,-4.04684,86.819503,77.486434,73.742029,75.612588,24.349786,24.816604,25.306434,25.638466
12/1/2021 1:00,0.167,1.43,-1.14,3764,48.2,56.63,54.48,-4.868703,87.85505,77.026191,74.021462,75.691487,24.461559,24.780442,25.299859,25.579292
12/1/2021 1:15,0.202,1.51,-1.14,3765,48.1,56.66,54.7,-4.211213,86.645268,77.680394,73.840653,75.389041,24.474709,24.760717,25.372183,25.526693
12/1/2021 1:30,0.183,1.43,-1.1, ,48,56.78,54.41,-4.375585,87.151536,77.262888,73.945851,75.629025,24.458272,24.760717,25.437932,25.559567
12/1/2021 1:45,0.202,1.5,-1.13,3764,48.1,56.47,54.34,-4.04684,86.701155,77.604782,74.195697,75.333155,24.691681,24.73113,25.132199,25.612167
12/1/2021 2:00,0.233,1.54,-1.1,3765,48.1,56.54,54.39,-4.211213,88.288993,77.134677,74.215422,75.629025,24.224863,24.671956,25.276847,25.605592
12/1/2021 2:15,0.184,1.46,-1.13,3765,48.1,56.78,54.41,-4.70433,86.415147,77.325349,74.284458,75.757236,24.586482,24.619357,25.322871,25.552992
12/1/2021 2:30,0.191,1.42,-1.07,3766,48.2,56.47,54.32,-4.211213,87.302758,78.101187,74.277883,75.573139,24.474709,24.777154,25.322871,25.490531
12/1/2021 2:45,0.202,1.51,-1.14,3767,48.2,56.51,54.58,-4.868703,86.750467,78.012426,74.067487,75.474515,24.504296,24.688393,25.391907,25.549705
12/1/2021 3:00,0.184,1.46,-1.13,3767,48.2,56.54,54.41,-4.868703,86.148864,77.404248,73.952426,75.724361,24.39581,24.431972,25.204523,25.585867
12/1/2021 3:15,0.231,1.5,-1.06,3767,48.2,56.3,54.17,-4.70433,86.911552,77.502871,74.129948,75.668475,24.533883,24.678531,25.345883,25.599017
12/1/2021 3:30,0.179,1.43,-1.11,3768,48.1,56.3,54.36,-4.539958,86.763617,77.732993,73.978726,75.744086,24.481284,24.40896,25.385333,25.799551
12/1/2021 3:45,0.202,1.49,-1.12,3769,48.1,56.56,54.6,-5.033075,86.970726,77.42726,74.133236,75.592863,24.42211,24.73113,25.332733,25.622029
12/1/2021 4:00,0.25,1.55,-1.07,3771,48.2,56.49,54.32,-4.539958,86.717592,77.256313,74.16611,75.652037,24.392523,24.928377,25.326158,25.651616
12/1/2021 4:15,0.228,1.53,-1.1,3771,48.2,56.18,54.27,-4.04684,86.776766,77.391098,74.271309,75.744086,24.609494,24.760717,25.151924,25.612167
12/1/2021 4:30,0.215,1.5,-1.1,3772,48.2,56.25,54.32,-4.539958,86.645268,77.529171,74.248296,75.852572,24.425397,24.908652,25.24726,25.68449
12/1/2021 4:45,0.214,1.47,-1.07,3773,48.2,56.35,54.41,-4.211213,86.079827,77.611357,74.580329,75.81641,24.300474,24.934952,25.431357,25.658191
12/1/2021 5:00,0.232,1.52,-1.08,3775,48.1,56.32,54.15,-4.375585,87.200847,77.341786,74.504717,75.701349,24.42211,24.892215,25.332733,25.819276
12/1/2021 5:15,0.251,1.58,-1.1,3775,48.2,56.37,54.43,-4.375585,86.572945,77.147827,73.903114,75.730936,24.366223,24.783729,25.243972,25.589154
12/1/2021 5:30,0.209,1.46,-1.07,3776,48.3,56.23,54.29,-4.539958,86.457884,77.512734,74.665802,75.550126,24.780442,24.839616,25.260409,25.720652
12/1/2021 5:45,0.276,1.58,-1.04,3776,48.3,55.65,54.17,-5.033075,86.461171,77.60807,74.258159,75.592863,24.658806,24.556895,25.293284,25.641754
12/1/2021 6:00,0.269,1.63,-1.11,3776,48.1,55.89,54.17,-4.539958,86.145576,77.09194,74.274596,75.520539,24.385948,24.625932,25.257122,25.585867
12/1/2021 6:15,0.282,1.64,-1.09,3778,48.2,55.68,54.17,-4.868703,86.977301,77.160977,74.445543,75.464653,24.418822,24.888928,25.513543,25.589154
12/1/2021 6:30,0.317,1.69,-1.06,3779,48.1,55.75,54.24,-4.868703,86.112702,77.394386,74.044475,75.517252,24.38266,24.948102,25.398482,25.743665
12/1/2021 6:45,0.326,1.73,-1.08,3780,48.2,55.77,54.46,-4.375585,86.171876,76.973592,74.212134,75.129333,24.431972,24.645656,25.355745,25.69764
12/1/2021 7:00,0.331,1.74,-1.08,3780,48.5,56.06,54.34,-3.38935,86.010791,77.121527,73.794628,75.030709,24.606207,24.74428,25.40177,25.746952
12/1/2021 7:15,0.348,1.76,-1.06,3780,48.5,56.54,54.55,2.034941,82.512944,72.226515,69.583406,71.342191,24.415535,24.694968,25.125624,25.161786
12/1/2021 7:30,0.558,2.19,-1.02,3780,48.3,54.98,54.34,12.719152,77.391098,70.858936,69.29411,71.608474,24.313624,24.461559,24.691681,24.547033
12/1/2021 7:45,0.62,2.31,-1,3781,48.3,53.84,54.27,40.004983,79.271519,71.516426,69.027827,70.819487,24.234725,24.145964,24.537171,24.573333
12/1/2021 8:00,0.7,2.46,-0.97,3780,48.5,53.14,53.96,65.647089,81.283438,70.349381,68.044879,70.306644,24.057203,24.349786,24.639081,24.698256
12/1/2021 8:15,0.82,2.69,-0.93,3781,48.5,52.62,54,69.756401,78.900037,69.077138,68.34075,69.875989,24.119664,24.691681,24.928377,24.961252
12/1/2021 8:30,0.958,2.97,-0.9,3780,48.5,52.04,54.05,76.166927,76.947292,67.808183,67.936393,69.708329,24.070353,24.494434,24.40896,24.336636
12/1/2021 8:45,0.958,2.97,-0.9, ,48.3,51.45,54,102.959641,77.999276,69.517657,68.044879,70.372393,24.122952,23.935567,24.468134,24.376086
12/1/2021 9:00,1.071,3.25,-0.93,3781,48.3,51.21,54.12,117.260046,78.614029,70.217883,67.525462,69.001527,24.024328,24.093365,24.560183,24.648944
12/1/2021 9:15,1.114,3.28,-0.86,3781,48.3,50.82,53.91,168.051141,80.67526,70.868798,67.633948,69.133025,23.915843,24.017754,24.599632,24.691681
12/1/2021 9:30,1.225,3.49,-0.82,3780,48.3,49.41,53.53,189.419563,79.952021,70.875373,69.994337,71.210693,24.191988,24.586482,24.60292,24.961252
12/1/2021 9:45,1.256,3.53,-0.79,3779,48.5,49.06,53.17,193.693247,79.886272,71.075908,70.204734,71.417802,24.191988,24.698256,24.915227,25.372183
12/1/2021 10:00,1.163,3.39,-0.86,3781,48.5,51.02,53.74,244.484342,82.253236,74.123373,76.865106,76.667859,24.261025,24.747567,24.303762,25.365608
12/1/2021 10:15,1.075,3.22,-0.89,3779,48.3,49.73,53.53,249.415516,82.769365,73.400134,73.327811,74.399519,24.43526,24.944814,24.678531,26.151308
12/1/2021 10:30,1.091,3.22,-0.85,3780,48.5,49.06,52.98,357.408232,85.133042,73.110839,74.754564,76.072831,24.609494,25.487243,25.792976,27.121106
12/1/2021 10:45,0.961,2.93,-0.85,3780,48.3,50.01,52.67,205.363693,85.918742,73.1733,73.143713,72.384313,24.89879,25.927762,26.253219,28.14679
12/1/2021 11:00,0.841,2.69,-0.88,3780,48.5,50.35,52.81,313.520781,86.171876,73.127276,74.987973,79.149884,24.908652,26.39458,26.930434,29.090288
12/1/2021 11:15,0.687,2.43,-0.97,3780,48.3,51.06,52.79,266.017136,85.626159,77.348361,73.403422,78.784977,25.303146,26.713462,28.166515,31.161381
12/1/2021 11:30,0.57,2.18,-0.98,3780,48.3,52.04,53.02,418.226048,86.809641,75.527114,73.699292,73.995163,25.707503,27.377527,28.682644,32.180491
12/1/2021 11:45,0.471,1.96,-0.98,3780,48.3,52.95,52.76,310.233332,86.441447,73.383697,74.225284,72.880717,25.927762,28.14679,28.896329,33.038515
12/1/2021 12:00,0.357,1.77,-1.05,3780,48.3,53.81,53,634.704597,86.234337,72.870855,74.790726,71.39479,26.36828,28.685932,29.10015,33.906402
12/1/2021 12:15,0.312,1.67,-1.05,3781,48.5,54,52.98,441.238194,85.313851,73.271924,74.563892,68.745106,26.54909,28.48211,28.708944,33.850515
12/1/2021 12:30,0.334,1.72,-1.05,3780,48.3,54.39,53.31,344.915924,85.389463,74.175972,74.517867,74.304183,26.516215,28.491972,28.948928,34.169398
12/1/2021 12:45,0.423,1.89,-1.02,3780,48.3,53.69,53.29,354.449528,85.760945,76.115568,75.599438,70.267195,26.766061,28.475535,29.165899,35.099746
12/1/2021 13:00,0.548,2.13,-0.98,3780,48.2,52.47,53.07,312.370174,87.703827,77.394386,76.970305,70.7899,26.966596,28.646482,29.399308,36.477187
12/1/2021 13:15,0.762,2.58,-0.95,3780,48.2,51.3,53.26,271.770173,88.34488,76.46075,76.31939,65.980361,26.933721,28.77798,29.524231,37.11824
12/1/2021 13:30,1.043,3.14,-0.88,3780,48.2,49.77,53.17,361.188799,88.775536,77.325349,77.565333,73.465883,27.203292,29.070563,29.655729,37.499584
12/1/2021 13:45,1.153,3.33,-0.82,3780,48.3,49.63,53.24,190.241425,88.288993,76.799357,74.8236,71.144944,27.305203,28.899616,29.238223,36.884831
12/1/2021 14:00,1.341,3.73,-0.8,3780,48.3,48.79,53.65,206.678673,86.119277,76.26679,77.052491,67.594499,27.186855,28.123778,28.205964,35.747373
12/1/2021 14:15,1.48,4.03,-0.79,3780,48.5,47.67,53.12,207.500535,87.0299,79.024961,78.637041,67.413689,27.081656,27.827908,28.215827,34.287746
12/1/2021 14:30,1.435,3.93,-0.79,3780,48.3,47.45,52.86,229.855192,87.822175,79.261657,77.476572,68.646482,26.877835,27.532037,27.85092,32.673608
12/1/2021 14:45,1.47,3.98,-0.76,3779,48.3,47.48,53.12,145.367739,87.82875,78.814564,77.361511,73.893252,26.841673,27.107956,27.393964,31.187681
12/1/2021 15:00,1.413,3.88,-0.79,3780,48.3,48.36,53.17,160.818752,86.684718,77.003179,76.901268,76.779633,26.460329,26.83181,26.759486,29.392733
12/1/2021 15:15,1.523,4.07,-0.73,3779,48.3,47.69,53.38,157.531303,86.602532,76.720458,75.763811,76.707309,26.249932,26.434029,26.483341,28.590596
12/1/2021 15:30,1.538,4.13,-0.76,3778,48.3,47.79,53.31,124.985552,86.556507,75.895309,75.707924,80.793608,26.309106,26.434029,26.568814,27.883794
12/1/2021 15:45,1.376,3.78,-0.77,3780,48.3,49.01,53.33,56.113485,84.28488,76.694159,76.904556,77.354936,26.029673,26.17432,26.072409,27.081656
12/1/2021 16:00,1.418,3.91,-0.81, ,48.2,48.82,53.74,129.587982,83.7556,77.746143,75.786823,76.076118,25.533268,25.608879,25.835713,26.460329
12/1/2021 16:15,2.218,5.44,-0.54,3778,48.5,44.56,53.1,135.012273,84.505139,78.472669,76.204329,82.496507,25.349171,25.753527,26.092134,27.265754
12/1/2021 16:30,2.661,6.27,-0.37,3778,48.3,42.29,52.55,77.64628,85.23824,78.666629,75.033997,80.109819,25.506968,25.513543,26.230207,27.936393
12/1/2021 16:45,2.559,6.07,-0.4,3777,48.3,42.86,52.83,46.086765,84.547876,78.078175,75.908458,77.128102,25.345883,25.802839,26.023098,27.706272
12/1/2021 17:00,2.159,5.29,-0.52,3777,48.2,45.14,53.19,21.266521,83.722726,77.341786,74.389657,75.652037,25.283422,25.470806,25.842288,27.298628
12/1/2021 17:15,1.733,4.51,-0.7,3777,48.3,47.5,53.81,0.555589,84.939082,78.0979,75.369317,74.172685,24.974401,25.027001,25.562855,26.266369
12/1/2021 17:30,1.427,3.94,-0.82,3777,48.3,49.46,54.1,-4.04684,84.173106,76.58896,74.856475,76.023519,24.88564,25.112474,25.319584,25.493818
12/1/2021 17:45,1.289,3.66,-0.85,3777,48.3,50.37,54.32,-4.211213,83.60109,76.263503,74.064199,75.747373,24.836328,24.750855,25.322871,25.434644
12/1/2021 18:00,1.164,3.4,-0.87,3778,48.3,51.35,54.6,-4.539958,82.979762,75.573139,73.166726,75.191794,24.685106,24.764005,25.059875,25.250547
12/1/2021 18:15,1.061,3.18,-0.88,3778,48.3,51.85,54.58,-4.375585,84.781285,79.07756,77.111665,79.744912,24.721268,24.632507,25.184798,25.289997
12/1/2021 18:30,0.86,2.77,-0.92,3779,48.3,52.43,54.48,-5.033075,85.75437,79.652863,76.822369,79.452329,24.754142,24.92509,25.382045,25.40177
12/1/2021 18:45,0.732,2.55,-0.99,3780,48.5,53.29,54.75,-3.882468,86.937851,79.268232,76.644847,78.666629,24.862628,24.951389,25.151924,25.171648
12/1/2021 19:00,0.672,2.38,-0.95,3780,48.5,53.81,54.65,-4.539958,85.770807,78.676491,76.230628,78.584442,24.829754,24.777154,25.332733,25.332733
12/1/2021 19:15,0.624,2.31,-0.99,3781,48.3,54.12,54.75,-4.70433,85.974629,78.650191,76.197754,78.189948,24.619357,25.082887,25.23411,25.260409
12/1/2021 19:30,0.58,2.22,-1,3781,48.5,54.75,54.75,-4.539958,86.2442,78.696216,76.023519,77.959827,24.491146,24.92509,25.161786,25.493818
12/1/2021 19:45,0.491,2.07,-1.05,3782,48.3,55.08,54.86,-4.211213,85.984491,78.216248,75.730936,77.637657,24.642369,24.87249,25.23411,25.533268
12/1/2021 20:00,0.526,2.12,-1.02,3783,48.5,54.75,54.75,-4.868703,85.054143,78.042013,75.64875,77.654094,24.681818,24.767292,25.276847,25.520118
12/1/2021 20:15,0.468,1.99,-1.02,3784,48.5,55.15,54.94,-4.539958,85.484799,77.624507,75.586288,77.256313,24.58977,24.773867,25.165073,25.38862
12/1/2021 20:30,0.451,1.98,-1.05,3786,48.3,54.91,54.48,-4.539958,84.76156,77.89079,75.336442,77.391098,24.655519,24.849478,25.306434,25.447794
12/1/2021 20:45,0.421,1.94,-1.08,3786,48.5,55.32,54.7,-4.539958,85.333576,77.867778,75.629025,77.598207,24.392523,24.74428,25.395195,25.487243
12/1/2021 21:00,0.389,1.87,-1.08,3787,48.5,55.65,55.01,-4.539958,85.465074,77.821754,75.826272,77.506159,24.681818,24.783729,25.155211,25.37547
12/1/2021 21:15,0.428,1.91,-1.03,3789,48.5,55.41,54.79,-4.375585,85.820119,77.690256,75.747373,77.558758,24.520733,24.823179,25.405057,25.454369
12/1/2021 21:30,0.361,1.77,-1.04,3791,48.3,55.7,54.63,-4.539958,85.119892,78.321446,75.510677,77.62122,24.451697,24.586482,25.283422,25.487243
12/1/2021 21:45,0.383,1.82,-1.04,3790,48.6,55.49,54.65,-4.375585,85.833268,78.360896,75.665187,77.604782,24.56347,24.921802,25.37547,25.437932
12/1/2021 22:00,0.348,1.77,-1.07,3792,48.5,55.8,54.75,-4.70433,85.08373,78.255697,75.727649,77.841479,24.474709,24.908652,25.336021,25.539843
12/1/2021 22:15,0.365,1.78,-1.04,3793,48.5,55.68,54.6,-4.375585,85.040993,78.498969,75.701349,77.732993,24.671956,24.892215,25.306434,25.589154
12/1/2021 22:30,0.336,1.78,-1.11,3794,48.5,55.49,54.63,-4.539958,85.458499,78.811276,75.658612,77.926952,24.639081,24.681818,25.451082,25.437932
12/1/2021 22:45,0.335,1.75,-1.08,3795,48.5,55.77,54.7,-4.70433,85.241528,78.58773,75.681624,77.660669,24.652231,24.846191,25.273559,25.431357
12/1/2021 23:00,0.348,1.76,-1.06,3797,48.5,55.87,54.6,-4.868703,85.215228,78.850726,75.898596,77.913803,24.579907,24.849478,25.23411,25.483956
12/1/2021 23:15,0.318,1.73,-1.1, ,48.6,55.77,54.51,-5.033075,85.323714,78.857301,75.892021,77.920377,24.560183,24.701543,25.470806,25.378758
12/1/2021 23:30,0.327,1.75,-1.1,3799,48.7,55.89,54.6,-4.868703,85.695196,78.738952,75.602726,77.706693,24.734418,24.895503,25.316296,25.378758
12/1/2021 23:45,0.337,1.79,-1.12,3801,48.6,55.58,54.75,-4.375585,85.507811,78.610742,75.947908,77.709981,24.501009,24.859341,25.22096,25.211098
12/2/2021 0:00,0.301,1.73,-1.14,3803,48.6,55.82,54.77,-4.375585,86.171876,79.212345,76.013657,77.884216,24.645656,24.566758,25.395195,25.411632
12/2/2021 0:15,0.556,2.25,-1.09,3808,48.8,56.44,55.34,-4.04684,87.651228,83.374256,80.806758,82.414321,24.606207,24.438547,24.826466,24.87249
12/2/2021 0:30,0.47,2.04,-1.07,3813,48.9,55.56,55.13,-4.70433,91.250985,89.107568,85.852993,93.253042,24.336636,23.804069,23.988166,23.501624
12/2/2021 0:45,0.348,1.75,-1.05,3817,48.9,55.82,54.75,-4.70433,92.043261,90.43241,83.877236,91.990661,24.162401,23.330677,24.481284,23.57066
12/2/2021 1:00,0.238,1.57,-1.12,3820,48.9,56.75,55.01,-4.70433,93.03607,90.037916,82.381446,89.265366,24.024328,23.449025,24.70483,24.343211
12/2/2021 1:15,0.263,1.59,-1.08,3823,49,57.92,55.25,-5.197448,93.779034,90.320637,83.989009,88.732799,23.856669,23.307664,24.553608,24.517446
12/2/2021 1:30,0.148,1.37,-1.12,3826,49.1,57.35,54.94,-4.211213,94.360912,91.510694,85.928604,94.160378,23.896118,23.511486,24.244588,23.59696
12/2/2021 1:45,0.069,1.25,-1.18,3829,49.1,57.69,54.82,-4.211213,94.959228,91.563293,84.445965,93.667261,24.030903,23.462175,24.566758,23.603535
12/2/2021 2:00,0.002,1.1,-1.18,3832,49.1,58.31,54.94,-4.375585,94.988815,91.063601,82.805527,91.227973,23.93228,23.462175,24.711405,23.984879
12/2/2021 2:15,0.055,1.19,-1.15,3835,49.3,59.02,55.15,-4.375585,94.916491,91.418645,84.28488,90.182564,23.79092,23.307664,24.379373,24.070353
12/2/2021 2:30,-0.007,1.05,-1.15,3837,49.1,58.21,54.86,-4.211213,95.327423,92.10901,86.467746,95.307698,23.807357,23.353689,24.211713,23.396426
12/2/2021 2:45,-0.065,0.93,-1.16,3840,49.3,58.74,54.75,-4.375585,95.557544,92.191196,84.879908,94.581172,23.833656,23.4293,24.261025,23.580523
12/2/2021 3:00,-0.131,0.82,-1.2,3843,49.1,59.1,54.63,-4.539958,95.610143,91.790127,83.933123,92.345706,23.633122,23.422725,24.622644,23.758045
12/2/2021 3:15,-0.15,0.77,-1.19,3844,49,59.45,54.77,-4.70433,95.228799,91.043876,82.808815,89.797933,23.619972,23.435875,24.642369,24.07364
12/2/2021 3:30,-0.202,0.7,-1.24,3845,49.3,59.62,54.89,-4.211213,95.34386,90.554046,82.167762,88.502677,23.725171,23.501624,24.60292,24.346498
12/2/2021 3:45,-0.184,0.73,-1.23,3848,49.1,59.67,54.96,-4.868703,95.080864,89.784783,81.940928,86.530208,23.669284,23.580523,24.931665,24.547033
12/2/2021 4:00,-0.203,0.66,-1.2,3850,49.1,59.93,54.96,-4.375585,94.972378,88.598013,81.35905,85.90888,23.810644,23.679146,24.902077,24.606207
12/2/2021 4:15,-0.202,0.69,-1.23,3851,49.3,59.69,54.77,-4.539958,94.735682,87.99641,81.122353,85.389463,23.748183,23.639697,24.829754,24.612782
12/2/2021 4:30,-0.207,0.67,-1.22,3853,49,59.89,55.08,-4.211213,94.466111,87.135098,80.882369,84.860183,23.77777,24.001316,24.918515,24.888928
12/2/2021 4:45,-0.225,0.63,-1.22,3855,49.3,59.93,54.86,-4.70433,94.04203,86.2442,80.5076,84.771422,23.665996,23.971729,24.941527,25.030288
12/2/2021 5:00,-0.184,0.75,-1.25,3856,49.1,59.77,54.96,-4.04684,94.130791,85.981204,80.780459,84.028459,23.705446,24.178839,25.158499,25.020426
12/2/2021 5:15,-0.207,0.67,-1.22,3857,49.3,59.41,54.82,-4.539958,93.479876,85.622872,79.698888,83.726013,23.938855,23.912555,24.951389,25.125624
12/2/2021 5:30,-0.167,0.74,-1.2,3859,49.3,59.57,54.65,-4.70433,94.094629,85.152766,80.254467,83.351244,23.876393,23.988166,24.810029,25.109187
12/2/2021 5:45,-0.177,0.71,-1.19,3860,49.1,59.91,54.84,-4.539958,93.420702,84.945657,79.984896,83.147422,23.902693,24.126239,25.224248,25.036863
12/2/2021 6:00,-0.141,0.79,-1.19,3862,49.3,59.31,54.96,-4.375585,93.637674,84.794434,79.797511,82.424183,24.22815,24.25445,25.178223,25.000701
12/2/2021 6:15,-0.141,0.79,-1.19,3863,49.1,59.31,54.72,-4.211213,93.137981,83.952847,79.636426,82.624718,23.873106,24.320199,24.967826,25.23411
12/2/2021 6:30,-0.109,0.87,-1.2,3864,49.3,59.24,54.94,-4.375585,93.35824,83.732588,79.406305,82.128313,24.162401,24.412247,25.119049,25.289997
12/2/2021 6:45,-0.087,0.9,-1.18,3866,49.3,59.19,55.1,-4.375585,93.180718,83.200021,79.215633,81.625333,23.938855,24.182126,25.145349,25.181511
12/2/2021 7:00,-0.101,0.87,-1.18,3866,49.3,59.74,54.96,-2.896233,93.039358,82.496507,79.117009,81.286726,23.948717,24.616069,25.250547,25.487243
12/2/2021 7:15,-0.082,0.92,-1.19,3867,49.3,60.39,55.51,4.007411,87.684102,78.308297,74.721689,77.854628,23.925705,24.238013,24.701543,24.642369
12/2/2021 7:30,0.006,1.12,-1.19,3868,49.3,59.79,55.41,21.924011,86.56637,77.874353,74.386369,76.973592,23.758045,23.781057,24.221575,24.415535
12/2/2021 7:45,0.082,1.26,-1.16,3869,49.4,58.38,55.25,49.045469,86.033803,77.160977,73.955713,77.029479,23.449025,23.915843,24.42211,24.165689
12/2/2021 8:00,0.202,1.49,-1.12,3871,49.3,57.35,54.91,64.989599,87.463843,76.681009,73.511908,76.072831,23.725171,23.741608,24.264312,24.547033
12/2/2021 8:15,0.206,1.5,-1.12,3871,49.3,57.54,55.1,82.906199,88.288993,75.543551,73.748604,76.247066,23.708733,24.464847,24.833041,24.777154
12/2/2021 8:30,0.25,1.56,-1.08,3871,49.3,56.83,54.86,101.644661,89.222629,76.240491,73.853802,76.184604,23.679146,25.086175,25.365608,25.332733
12/2/2021 8:45,0.281,1.63,-1.08,3871,49.3,56.18,54.67,118.739398,90.886078,76.865106,74.014887,76.983454,24.001316,25.398482,25.730515,25.704215
12/2/2021 9:00,0.227,1.51,-1.08,3873,49.3,55.82,54.1,133.204176,92.437754,77.180701,74.504717,80.990855,24.307049,25.52998,26.167746,26.49649
12/2/2021 9:15,0.227,1.49,-1.06,3874,49.4,55.65,54.12,156.05195,92.835536,78.337884,75.704637,79.689025,24.477996,25.970499,26.54909,27.088231
12/2/2021 9:30,0.09,1.24,-1.12,3873,49.3,55.75,53.81,203.88434,93.184006,78.387195,76.503487,83.275633,24.497721,25.858725,27.173705,28.113916
12/2/2021 9:45,-0.093,0.86,-1.15,3875,49.4,56.99,53.79,188.104583,93.325366,79.06441,77.151114,78.387195,24.658806,26.480053,27.52875,29.340134
12/2/2021 10:00,-0.089,0.84,-1.12,3875,49.4,57.21,53.53,218.677863,92.569252,80.780459,77.41411,81.027017,24.91194,27.071794,28.278288,30.201446
12/2/2021 10:15,-0.16,0.72,-1.16,3876,49.3,57.45,53.53,239.553168,92.496929,79.790936,78.341171,82.463633,25.391907,27.5156,28.452523,31.187681
12/2/2021 10:30,-0.222,0.6,-1.18,3877,49.3,58.16,53.62,442.388802,91.520556,77.295762,76.145155,78.637041,25.815988,27.384102,28.28815,31.21398
12/2/2021 10:45,-0.191,0.64,-1.15,3878,49.3,58.04,53.67,242.183127,91.970937,79.685738,76.957155,80.951406,25.72394,27.666822,28.902904,32.354725
12/2/2021 11:00,-0.187,0.65,-1.15,3879,49.4,58.16,53.77,102.137778,92.72705,80.596361,76.102418,78.801414,26.013235,28.3013,29.343422,33.459309
12/2/2021 11:15,-0.373,0.3,-1.22,3879,49.3,59.12,53.98,195.336972,90.846629,77.036054,75.027422,72.640734,26.266369,28.202677,28.879891,32.992491
12/2/2021 11:30,-0.423,0.19,-1.22,3879,49.3,59.36,53.79,401.13131,90.757868,76.552798,76.990029,81.017155,26.361705,28.64977,29.734628,34.172685
12/2/2021 11:45,-0.391,0.27,-1.23,3880,49.4,59.24,53.84,171.99608,91.809852,77.226726,77.713268,74.103649,26.516215,29.185624,29.754353,34.639503
12/2/2021 12:00,-0.373,0.31,-1.23,3881,49.4,60.29,54.32,254.675435,89.656572,75.921608,75.047147,69.054126,26.601689,28.712231,28.978515,33.847228
12/2/2021 12:15,-0.373,0.31,-1.23,3880,49.1,60.12,54.41,698.809863,88.124621,77.769155,78.05845,72.538823,26.604976,28.46896,28.689219,33.350823
12/2/2021 12:30,-0.155,0.73,-1.16,3880,49.3,57.97,53.98,393.734549,90.366661,77.174126,76.907843,81.714094,26.897559,28.860167,29.478207,34.51458
12/2/2021 12:45,-0.022,0.98,-1.11,3881,49.4,56.97,53.55,341.29973,91.780265,78.70279,81.069754,79.126871,27.02577,28.965365,30.142272,35.980782
12/2/2021 13:00,0.111,1.26,-1.09,3880,49.4,56.66,53.65,168.051141,91.862451,78.834288,78.617317,72.173916,27.032345,29.188912,30.125835,37.141252
12/2/2021 13:15,0.049,1.16,-1.13,3881,49.4,57.52,54.15,276.701347,90.231876,78.140637,77.940102,70.615665,27.354515,28.797705,29.576831,36.178029
12/2/2021 13:30,0.432,1.92,-1.03, ,49.3,54.53,53.91,552.025243,90.169414,78.738952,78.683066,76.874969,27.157268,28.94564,29.484782,36.132005
12/2/2021 13:45,1.038,3.11,-0.86,3880,49.3,50.82,53.72,442.224429,91.063601,78.58773,77.719843,78.344458,27.328215,29.027827,29.668879,37.147827
12/2/2021 14:00,1.537,4.1,-0.73,3880,49.3,47.79,53.5,251.881103,91.599455,79.19262,79.938871,70.901673,27.249316,29.011389,29.701754,38.466094
12/2/2021 14:15,1.95,4.89,-0.59,3880,49.1,44.63,52.71,239.224423,91.727665,79.261657,78.978936,70.983859,27.246029,29.116588,29.820102,39.301106
12/2/2021 14:30,2.336,5.63,-0.46,3878,49,42.82,52.21,404.254388,91.691503,79.508216,82.388021,69.024539,27.663535,29.159325,29.64258,39.028248
12/2/2021 14:45,2.628,6.15,-0.32,3877,49.3,41.81,51.73,195.336972,91.359471,78.617317,79.202483,73.945851,27.466288,29.123163,29.820102,38.219535
12/2/2021 15:00,2.442,5.8,-0.39,3878,49.3,43.34,52.07,58.743445,90.941965,78.860588,76.431163,71.499989,27.525462,29.037689,29.593268,36.64156
12/2/2021 15:15,2.324,5.64,-0.5,3877,49.3,44.04,52.55,147.175837,89.449463,78.216248,77.953252,70.543341,27.34794,28.416361,28.620183,35.027422
12/2/2021 15:30,2.665,6.25,-0.34,3877,49.1,42.67,52.55,158.68191,89.268653,79.488491,79.241932,76.09913,27.03892,27.96598,28.357187,34.245009
12/2/2021 15:45,3.074,7.06,-0.23,3877,49.3,41.19,52.62,229.526447,89.673009,81.605608,82.48007,78.157074,26.87126,27.867357,27.939681,34.376507
12/2/2021 16:00,3.296,7.46,-0.13,3875,49.1,40.09,52.21,189.090818,89.643422,82.864702,82.085576,75.760523,26.835098,27.34794,27.97913,34.422531
12/2/2021 16:15,3.406,7.64,-0.06,3876,49,39.76,52.31,176.269765,89.866969,83.423568,83.180297,72.114742,26.749624,27.232879,27.571486,34.494855
12/2/2021 16:30,3.353,7.55,-0.09,3875,49.1,40.19,52.55,81.426847,89.50535,82.736491,82.973187,68.518272,26.558952,26.910709,27.111244,33.978726
12/2/2021 16:45,3.1,7.09,-0.2,3875,49.3,41.93,53.17,47.237372,88.742661,82.31241,81.582596,70.372393,26.388005,26.545802,26.404442,32.706483
12/2/2021 17:00,2.678,6.28,-0.34,3875,49,43.84,53.69,23.23899,86.56637,81.309738,83.456442,70.07981,25.924474,26.000086,25.990223,30.645252
12/2/2021 17:15,2.066,5.14,-0.58,3875,49.1,46.71,54.12,2.528059,87.572329,82.611568,83.022499,73.265349,25.641754,25.391907,25.230822,28.807567
12/2/2021 17:30,1.533,4.12,-0.76,3875,49.1,49.89,54.79,-2.896233,87.296183,82.417608,83.617527,77.292475,25.148636,24.770579,24.583195,26.69045
12/2/2021 17:45,1.231,3.53,-0.85,3876,49.1,51.49,54.89,-4.70433,86.517058,83.831212,85.468362,82.019827,25.0533,24.303762,23.813932,24.980976
12/2/2021 18:00,0.994,3.06,-0.91,3876,49.1,52.9,55.03,-4.375585,86.615681,83.673414,84.643212,85.718208,24.448409,23.942142,23.488474,23.876393
12/2/2021 18:15,0.919,2.93,-0.95,3876,49.1,53.36,55.27,-4.70433,87.250159,85.123179,84.577463,86.724167,23.958579,23.343826,23.047956,23.169592
12/2/2021 18:30,0.812,2.7,-0.96,3877,49.3,54.12,55.39,-4.04684,88.650613,86.530208,86.316524,88.867584,23.573948,23.12028,23.018369,23.001932
12/2/2021 18:45,0.666,2.44,-1.03,3876,49.1,54.79,55.22,-4.211213,90.080653,87.973398,87.500005,90.373236,23.409575,22.821122,22.860571,22.946045
12/2/2021 19:00,0.505,2.09,-1.04,3878,49.3,55.65,55.22,-4.375585,90.199001,88.302143,86.208038,89.988605,23.28794,22.594288,23.011794,22.78496
12/2/2021 19:15,0.339,1.75,-1.07,3879,49.3,56.37,55.25,-4.211213,91.362758,87.01675,84.110645,88.016135,23.403,22.982207,23.393138,23.350401
12/2/2021 19:30,0.238,1.57,-1.12,3878,49.3,56.75,55.22,-4.375585,91.494256,85.737932,80.865932,83.96271,23.554223,23.192604,23.935567,24.185413
12/2/2021 19:45,0.189,1.47,-1.13,3878,49.3,57.18,54.96,-4.539958,90.583633,84.133657,80.215017,82.568831,23.656134,23.952005,24.330061,24.451697
12/2/2021 20:00,0.118,1.35,-1.17,3879,49.1,57.38,54.91,-4.70433,89.860394,83.032361,79.498353,81.888329,23.991454,24.037478,24.468134,24.856053
12/2/2021 20:15,0.152,1.38,-1.12,3879,49,57.21,54.77,-5.197448,90.353511,82.243374,78.995373,81.316313,24.090077,23.915843,24.606207,24.803454
12/2/2021 20:30,0.095,1.29,-1.16,3879,49.3,57.38,54.94,-4.70433,89.426451,81.868604,78.781689,80.925106,23.925705,24.116377,24.510871,24.829754
12/2/2021 20:45,0.122,1.34,-1.15, ,49.3,57.49,55.06,-4.375585,89.531649,82.102013,78.163649,80.813333,24.211713,24.320199,24.520733,24.688393
12/2/2021 21:00,0.135,1.37,-1.15,3880,49.4,57.54,55.1,-4.375585,88.887309,81.240701,78.577867,80.254467,24.297187,24.336636,24.816604,24.691681
12/2/2021 21:15,0.082,1.25,-1.15,3880,49.3,57.54,55.1,-4.868703,88.505965,81.059892,77.828329,80.247892,24.037478,24.2676,24.264312,24.826466
12/2/2021 21:30,0.134,1.34,-1.12,3880,49.3,57.54,54.89,-4.211213,88.141058,80.865932,78.170224,80.333365,24.218288,24.096652,24.56347,24.780442
12/2/2021 21:45,0.082,1.26,-1.16,3880,49.3,57.69,55.01,-5.033075,88.246256,80.540475,77.857916,80.047357,23.925705,24.024328,24.750855,24.74428
12/2/2021 22:00,0.099,1.26,-1.12,3880,49.3,57.66,54.98,-4.211213,87.953673,80.458288,77.848054,79.965171,24.178839,24.080215,24.501009,24.974401
12/2/2021 22:15,0.081,1.22,-1.12,3880,49.4,57.78,55.08,-4.70433,88.907034,81.138791,77.894078,79.892847,23.991454,24.25445,24.800167,24.92509
12/2/2021 22:30,0.082,1.25,-1.15,3880,49.4,57.83,55.15,-4.70433,88.183795,81.125641,77.361511,79.610127,24.122952,24.136102,24.714693,24.764005
12/2/2021 22:45,0.047,1.21,-1.19,3880,49.4,57.83,55.13,-5.033075,87.979973,80.665398,77.509446,79.56739,23.79092,24.076928,24.810029,25.082887
12/2/2021 23:00,0.081,1.23,-1.13,3881,49.4,57.97,54.84,-4.868703,88.098321,80.859357,77.443697,79.409592,24.07364,24.185413,24.671956,24.816604
12/2/2021 23:15,0.059,1.21,-1.16,3881,49.4,57.73,55.06,-4.539958,87.825463,80.862645,77.548896,79.140021,23.928992,24.218288,24.491146,24.941527
12/2/2021 23:30,0.064,1.21,-1.15,3881,49.4,57.61,55.18,-4.539958,87.70054,80.737722,77.387811,79.37343,23.955292,24.057203,24.566758,24.819891
12/2/2021 23:45,0.046,1.18,-1.16,3882,49.4,58,54.86,-4.04684,88.002985,80.671973,77.049203,79.113722,23.955292,23.961867,24.711405,24.70483
12/3/2021 0:00,0.046,1.18,-1.16,3882,49.4,57.81,54.89,-4.375585,87.447406,80.589786,76.927568,78.873738,23.998029,24.053915,24.58977,24.803454
12/3/2021 0:15,0.015,1.14,-1.19,3882,49.5,58,55.08,-4.868703,87.690677,80.050645,76.976879,78.811276,23.915843,23.994741,24.385948,24.714693
12/3/2021 0:30,0.081,1.22,-1.12,3883,49.5,57.92,55.03,-4.70433,88.183795,80.359665,76.871681,78.765252,24.004604,24.083503,24.491146,24.944814
12/3/2021 0:45,-0.025,1.01,-1.15,3883,49.4,57.69,54.79,-4.539958,88.292281,79.583827,74.376507,76.007082,23.817219,24.320199,25.316296,25.559567
12/3/2021 1:00,-0.09,0.93,-1.22,3884,49.4,58.14,54.79,-4.211213,88.83471,78.367471,72.23309,73.732167,23.955292,24.616069,25.552992,26.078984
12/3/2021 1:15,0.064,1.21,-1.15,3884,49.5,57.78,54.7,-5.033075,88.66705,77.512734,73.765041,75.155632,24.290612,24.994126,25.253835,25.720652
12/3/2021 1:30,0.125,1.31,-1.11,3884,49.4,57.23,54.63,-4.868703,86.872102,77.818467,75.014272,76.851956,24.389235,24.530596,24.938239,25.585867
12/3/2021 1:45,0.095,1.27,-1.14,3884,49.5,57.28,54.86,-4.868703,87.174548,78.482531,75.757236,77.29905,24.300474,24.484571,24.980976,25.128911
12/3/2021 2:00,0.099,1.29,-1.15,3885,49.4,57.64,54.96,-5.197448,87.388232,78.577867,75.333155,77.446985,24.195276,24.198563,25.04015,25.148636
12/3/2021 2:15,0.111,1.26,-1.09,3886,49.5,57.52,54.72,-4.70433,87.391519,79.057835,75.809835,77.469997,24.011179,24.343211,24.875778,25.293284
12/3/2021 2:30,0.099,1.29,-1.15,3886,49.5,57.59,54.72,-4.375585,87.039762,78.502256,75.579713,77.387811,24.152539,24.238013,24.58977,25.0796
12/3/2021 2:45,0.076,1.22,-1.13,3886,49.5,57.14,54.96,-4.539958,87.269884,78.761965,75.786823,77.423973,24.083503,24.323486,24.829754,24.961252
12/3/2021 3:00,0.117,1.31,-1.13,3888,49.5,57.45,55.06,-4.211213,86.556507,78.844151,75.270693,77.384523,23.896118,24.238013,24.73113,25.148636
12/3/2021 3:15,0.1,1.3,-1.16,3888,49.4,57.38,54.94,-4.211213,85.931892,78.709365,75.523827,77.315487,24.215001,24.165689,24.974401,25.013851
12/3/2021 3:30,0.13,1.33,-1.12,3888,49.5,57.47,55.03,-4.211213,87.250159,78.932912,75.497527,77.203713,24.224863,23.935567,24.836328,25.000701
12/3/2021 3:45,0.13,1.33,-1.12,3889,49.4,57.4,55.03,-4.539958,85.971341,79.044685,75.721074,77.07879,23.952005,24.004604,24.671956,24.931665
12/3/2021 4:00,0.13,1.32,-1.11, ,49.4,57.33,54.91,-4.539958,87.697252,78.019001,74.455406,76.056394,24.211713,23.869818,24.448409,24.915227
12/3/2021 4:15,0.118,1.34,-1.16,3890,49.5,57.92,55.01,-4.539958,86.464459,77.40096,73.745317,75.175357,24.224863,23.975017,24.691681,24.599632
12/3/2021 4:30,0.082,1.25,-1.15,3891,49.5,58.16,55.25,-4.868703,83.903536,76.204329,72.634159,74.001738,23.800782,23.827081,24.451697,24.652231
12/3/2021 4:45,0.146,1.32,-1.07,3892,49.5,57.97,55.13,-4.375585,83.982434,76.003794,73.679568,76.062969,23.564086,24.096652,24.38266,24.320199
12/3/2021 5:00,0.18,1.46,-1.14,3893,49.5,56.94,54.98,-4.539958,84.419665,76.559373,73.919551,76.927568,23.90598,23.971729,24.044053,24.208426
12/3/2021 5:15,0.245,1.53,-1.06,3894,49.6,56.85,55.13,-4.70433,84.436102,76.973592,73.87024,76.957155,23.715308,24.040766,24.172264,24.201851
12/3/2021 5:30,0.234,1.57,-1.13,3895,49.6,56.56,54.84,-4.868703,83.906823,76.625122,74.014887,76.95058,23.741608,23.73832,24.471422,24.224863
12/3/2021 5:45,0.25,1.57,-1.09,3895,49.5,56.59,54.86,-4.539958,83.541916,77.003179,74.19241,77.039341,23.807357,23.863243,24.494434,24.126239
12/3/2021 6:00,0.246,1.57,-1.1,3895,49.6,56.49,54.77,-4.539958,83.607665,76.776345,74.208847,77.082078,23.754758,23.955292,24.412247,24.152539
12/3/2021 6:15,0.318,1.73,-1.1,3896,49.5,56.11,54.84,-4.211213,85.22509,76.634985,73.613819,77.072216,23.728458,23.76462,24.195276,24.047341
12/3/2021 6:30,0.567,2.2,-1.01,3896,49.5,55.63,55.01,-4.539958,83.528766,78.535131,76.704021,79.287956,23.554223,23.646272,23.675859,23.800782
12/3/2021 6:45,0.384,1.84,-1.06,3896,49.6,55.27,54.65,-4.539958,85.708345,80.441851,79.080847,81.280151,23.449025,23.169592,23.317527,23.333964
12/3/2021 7:00,0.267,1.58,-1.06,3897,49.5,56.39,54.46,-3.224978,86.937851,79.859973,76.210904,78.377333,23.337251,23.179454,23.886256,24.142677
12/3/2021 7:15,0.256,1.62,-1.13,3898,49.6,56.56,54.65,4.171783,85.54726,77.151114,73.932701,76.700734,23.485187,23.636409,23.994741,23.869818
12/3/2021 7:30,0.33,1.73,-1.07,3898,49.6,56.01,54.75,14.362877,81.779843,75.727649,73.304798,76.467325,23.4293,23.616685,24.017754,23.79092
12/3/2021 7:45,0.397,1.87,-1.06,3899,49.6,55.1,54.48,52.826036,80.027633,75.878871,72.976053,75.915033,23.541073,23.616685,23.685721,23.843519
12/3/2021 8:00,0.415,1.91,-1.06,3899,49.6,54.84,54.41,65.482717,83.423568,75.530402,72.966191,75.389041,23.61011,23.409575,23.991454,24.145964
12/3/2021 8:15,0.5,2.07,-1.03,3901,49.5,54.75,54.53,86.029276,82.361722,74.284458,74.386369,76.299665,23.649559,24.106515,24.356361,24.461559
12/3/2021 8:30,0.491,2.05,-1.03,3900,49.6,54.24,54.46,97.042232,84.597187,75.375892,74.843325,76.835519,24.011179,24.182126,24.458272,24.770579
12/3/2021 8:45,0.467,1.95,-0.98,3901,49.6,54.1,53.88,116.109439,84.5676,76.220766,74.678952,78.9099,23.813932,24.2413,24.556895,25.017138
12/3/2021 9:00,0.357,1.77,-1.05,3901,49.6,54.75,53.93,126.79365,87.148248,77.256313,76.026807,79.195908,24.063778,24.668669,24.994126,25.56943
12/3/2021 9:15,0.223,1.5,-1.08,3902,49.6,55.27,54.03,147.011464,88.617738,78.765252,77.022904,81.497123,24.323486,25.046725,25.589154,25.934337
12/3/2021 9:30,0.276,1.58,-1.04,3901,49.7,55.56,53.91,167.393651,88.157495,81.424799,79.738337,86.770192,24.431972,25.270272,25.85215,27.311778
12/3/2021 9:45,0.227,1.51,-1.08,3902,49.6,55.85,53.96,190.734543,89.255503,82.858127,81.053317,83.683276,24.547033,25.266984,26.302531,29.060701
12/3/2021 10:00,0.112,1.28,-1.11,3903,49.6,56.25,53.93,204.213085,89.811082,83.844361,82.108588,83.015924,24.813316,25.576005,26.581964,29.997624
12/3/2021 10:15,0.058,1.16,-1.11,3905,49.6,56.59,53.84,240.210657,90.455422,85.050855,82.32556,82.394596,24.806741,25.792976,26.920571,31.013446
12/3/2021 10:30,-0.003,1.05,-1.14,3907,49.7,56.73,53.98,500.905403,91.221398,83.7556,81.20454,85.764232,25.138774,26.167746,27.259179,31.618337
12/3/2021 10:45,-0.034,1.01,-1.17,3911,49.8,57.11,53.69,224.102155,91.474532,84.672799,82.700329,84.91607,25.309721,26.457041,27.765446,32.315276
12/3/2021 11:00,-0.119,0.82,-1.17,3913,49.6,57.49,53.62,242.3475,91.862451,83.31837,81.47411,84.712248,25.733802,26.900847,27.998855,32.90373
12/3/2021 11:15,-0.138,0.75,-1.14, ,49.6,58.04,53.72,246.292439,92.020248,83.706289,80.931681,84.725398,25.881737,27.173705,28.442661,33.564507
12/3/2021 11:30,-0.212,0.64,-1.2,3917,49.7,58.45,54.08,278.180699,92.556103,82.526094,81.322888,84.238855,26.062547,27.466288,28.465673,34.20556
12/3/2021 11:45,-0.262,0.53,-1.2,3919,49.7,58.88,53.86,288.043048,92.22407,81.013867,80.04407,82.726629,26.420879,28.025154,28.751681,34.961673
12/3/2021 12:00,-0.333,0.38,-1.21,3920,49.8,59.26,53.98,634.21148,92.21092,79.501641,81.211114,79.544378,26.611551,28.639908,28.991665,35.458078
12/3/2021 12:15,-0.387,0.26,-1.21,3922,49.8,59.55,54.22,580.132936,91.957787,79.445754,78.995373,77.45356,26.729899,28.761543,29.366434,36.102418
12/3/2021 12:30,-0.471,0.11,-1.25,3922,49.8,60.46,54.34,312.863291,91.826289,80.441851,78.831001,77.09194,26.710175,28.906191,29.583406,36.674434
12/3/2021 12:45,-0.555,-0.03,-1.3,3924,49.7,61.13,54.36,317.630093,92.102435,80.921819,80.757446,74.373219,26.950158,29.054126,29.682029,37.41411
1/28/2022 14:45,1.378,3.35,-0.88,4985,0,68.85,69.93,376.146694,85.737932,75.053722,73.922839,58.902482,27.864069,28.587308,28.669495,36.914418
1/28/2022 15:00,1.546,4.04,-0.72,4987,0,64.88,69.95,332.094871,84.538013,76.62841,76.391713,64.001316,27.518887,28.087616,28.432798,36.697446
1/28/2022 15:15,1.829,4.5,-0.55,4978,0,60.58,67.99,218.842236,87.677528,82.184199,81.917916,66.789073,27.453138,28.031729,28.390061,36.039956
1/28/2022 15:30,2.037,4.88,-0.47,4977,0,59.22,67.06,289.851145,90.629657,83.837787,82.246661,70.421705,27.778596,28.449235,28.699082,35.224669
1/28/2022 15:45,2.255,5.29,-0.4,4978,0,57.92,66.67,299.549121,91.435082,83.469592,82.641155,72.407325,27.831195,28.518272,28.810855,34.761139
1/28/2022 16:00,2.361,5.52,-0.4,4977,0,57.95,66.77,141.094055,91.464669,83.334807,81.931066,73.725592,28.028442,28.436086,29.165899,34.218709
1/28/2022 16:15,2.269,5.33,-0.41,4978,0,59.72,67.7,136.984743,91.070175,83.584653,81.658208,73.709155,27.860782,28.442661,28.659632,32.857705
1/28/2022 16:30,2.334,5.47,-0.41,4977,0,59.81,67.85,188.104583,90.330499,83.094823,81.566159,73.975438,27.847632,28.176377,28.524847,32.670321
1/28/2022 16:45,2.166,5.18,-0.49,4977,0,61.06,68.61,100.165309,90.258175,83.43343,82.292685,74.143098,27.67011,28.232264,28.202677,31.628199
1/28/2022 17:00,1.808,4.51,-0.61,4976,0,63.73,69.42,89.481098,89.972167,83.262483,82.351859,77.854628,27.545187,27.584636,27.722709,29.323697
1/28/2022 17:15,1.419,3.81,-0.77,4976,0,67.06,70.48,40.4981,87.611779,84.39994,82.305835,78.962499,27.341365,26.838385,26.867972,28.370337
1/28/2022 17:30,1.055,3.1,-0.86,4977,0,69.97,71.36,19.787169,87.000313,84.712248,82.529382,82.927163,26.789073,26.259794,26.322256,26.983033
1/28/2022 17:45,0.709,2.42,-0.94,4977,0,72.58,72.29,3.514293,87.335633,84.324329,81.743681,83.558353,26.539227,26.036248,26.364992,26.302531
1/28/2022 18:00,0.41,1.88,-1.06,4976,0,74.87,72.79,-2.896233,85.964766,82.80224,80.04407,82.378159,26.180895,25.677916,25.973786,25.977073
1/28/2022 18:15,0.2,1.47,-1.11,4976,0,76.57,73.2,-4.375585,86.286936,81.983665,78.390483,80.593074,25.8653,25.483956,25.8653,26.088847
1/28/2022 18:30,0.101,1.29,-1.15,4975,0,77.5,73.46,-4.211213,84.616912,80.862645,77.322062,78.903325,25.52998,25.158499,25.789689,26.042822
1/28/2022 18:45,-0.045,0.97,-1.15,4976,0,78.48,73.46,-4.539958,84.166532,79.564102,75.402191,77.167552,25.474094,25.09275,25.901462,26.302531
1/28/2022 19:00,-0.189,0.73,-1.23,4975,0,78.36,73.34,-4.375585,87.220572,77.249738,72.538823,74.021462,25.539843,25.58258,26.565527,26.69045
1/28/2022 19:15,-0.272,0.55,-1.23,4975,0,79.85,73.49,-4.70433,87.062775,75.783535,71.684086,72.732782,25.595729,25.681203,26.6773,26.881122
1/28/2022 19:30,-0.313,0.45,-1.22,4976,0,79.03,73.06,-4.539958,85.59986,74.807163,70.392118,71.582175,25.460944,25.835713,26.631276,26.933721
1/28/2022 19:45,-0.336,0.41,-1.23,4977,0,80.49,73.44,-4.70433,84.209268,74.093786,69.530806,70.911535,25.566142,26.085559,26.976458,27.150693
1/28/2022 20:00,-0.255,0.54,-1.18,4976,0,78.82,73.18,-4.868703,82.295973,73.344248,69.373009,70.431568,25.487243,26.023098,26.881122,27.111244
1/28/2022 20:15,-0.349,0.41,-1.26,4976,0,79.3,72.7,-4.868703,84.6202,72.930029,68.889754,69.655729,25.786401,26.095422,26.877835,27.229592
1/28/2022 20:30,-0.308,0.49,-1.25, ,0,78.58,72.96,-4.375585,82.644442,72.801819,68.304588,69.070563,25.674628,26.207195,27.03892,27.282191
1/28/2022 20:45,-0.309,0.45,-1.21,4976,0,78.56,72.65,-5.033075,82.427471,71.943794,67.499163,68.784555,25.638466,26.115146,27.127681,27.265754
1/28/2022 21:00,-0.291,0.49,-1.21,4975,0,78.89,72.94,-4.539958,84.334191,71.930644,67.380814,68.419648,25.352458,26.05926,27.163843,27.532037
1/28/2022 21:15,-0.251,0.54,-1.17,4976,0,78.46,72.29,-4.70433,82.920588,71.023308,67.226304,67.841057,25.631891,26.21377,27.196717,27.301916
1/28/2022 21:30,-0.291,0.49,-1.21,4976,0,78.53,72.63,-4.539958,83.699714,71.26658,66.371567,67.975843,25.572717,26.457041,27.328215,27.34794
1/28/2022 21:45,-0.215,0.58,-1.13,4976,0,77.7,72.2,-4.70433,82.512944,70.681414,66.84496,67.604361,25.526693,26.243357,27.305203,27.387389
1/28/2022 22:00,-0.291,0.49,-1.21,4975,0,78.36,72.2,-4.70433,83.857511,71.039746,66.808798,67.601073,25.806126,26.259794,27.117818,27.551762
1/28/2022 22:15,-0.262,0.58,-1.24,4976,0,77.84,72.6,-4.539958,81.349187,70.697851,66.506353,67.173705,25.769964,26.299243,27.259179,27.545187
1/28/2022 22:30,-0.251,0.54,-1.17,4977,0,78.29,72.44,-4.70433,80.967843,70.234321,66.473478,67.255891,25.635179,26.345268,27.439988,27.578061
1/28/2022 22:45,-0.191,0.67,-1.17,4976,0,77.46,72.27,-4.539958,81.401786,70.13241,66.115146,67.032345,25.730515,26.424167,27.255891,27.505737
1/28/2022 23:00,-0.191,0.67,-1.17,4976,0,77.27,72.1,-4.539958,82.184199,70.135697,65.894887,66.87126,25.769964,26.34198,27.344652,27.663535
1/28/2022 23:15,-0.173,0.71,-1.17,4976,0,77.1,72.24,-4.211213,82.000102,69.708329,65.730515,66.631276,25.618741,26.407729,27.338078,27.518887
1/28/2022 23:30,-0.187,0.67,-1.16,4976,0,76.95,71.81,-4.868703,80.849495,69.162612,65.230822,66.417592,25.635179,26.558952,27.272329,27.52875
1/28/2022 23:45,-0.17,0.67,-1.12,4976,0,77.12,71.69,-4.539958,82.279536,69.353284,65.24726,66.105284,25.559567,26.391292,27.47615,27.69641
1/29/2022 0:00,-0.204,0.67,-1.2,4976,0,77.31,71.84,-4.70433,82.670742,69.129738,65.605592,66.000086,25.658191,26.568814,27.47615,27.742434
1/29/2022 0:15,-0.168,0.71,-1.16,4975,0,77.19,72.03,-4.539958,81.230839,69.182337,64.869203,65.641754,25.756814,26.332118,27.278903,27.772021
1/29/2022 0:30,-0.145,0.76,-1.16,4975,0,77.17,72.01,-4.539958,82.305835,68.689219,64.888928,65.645041,25.848863,26.720037,27.400539,27.722709
1/29/2022 0:45,-0.187,0.67,-1.16,4976,0,77.03,71.89,-4.70433,80.994143,68.708944,65.027001,65.654903,25.924474,26.558952,27.331503,27.699697
1/29/2022 1:00,-0.173,0.71,-1.17,4975,0,77.07,72.2,-5.197448,80.865932,68.695794,64.810029,65.668053,25.947486,26.397867,27.269041,27.620798
1/29/2022 1:15,-0.11,0.8,-1.12,4976,0,76.62,71.81,-4.868703,79.817236,68.209252,64.234725,65.395195,25.746952,26.493203,27.686547,27.673397
1/29/2022 1:30,-0.145,0.76,-1.16,4975,0,76.64,71.81,-4.70433,80.957981,68.150078,64.70483,65.0533,25.72394,26.50964,27.69641,27.541899
1/29/2022 1:45,-0.127,0.8,-1.16,4975,0,76.52,72.01,-4.539958,80.310353,67.900231,64.014466,64.859341,25.769964,26.401154,27.01262,27.781883
1/29/2022 2:00,-0.05,0.93,-1.12,4976,0,75.74,71.58,-5.033075,79.948734,68.28815,64.326774,65.082887,25.730515,26.670725,27.344652,27.735859
1/29/2022 2:15,-0.127,0.8,-1.16,4976,0,76.48,71.96,-4.375585,80.639098,68.248701,64.142677,65.099324,25.638466,26.674013,27.410401,27.804895
1/29/2022 2:30,-0.145,0.76,-1.16, ,0,76.6,71.79,-4.868703,80.129544,67.755584,64.116377,64.879065,25.668053,26.499778,27.558337,27.620798
1/29/2022 2:45,-0.068,0.93,-1.16,4975,0,75.9,72.01,-4.539958,78.692928,67.926531,64.047341,64.869203,25.875163,26.746337,27.301916,27.564912
1/29/2022 3:00,-0.068,0.93,-1.16,4976,0,75.35,71.53,-4.539958,80.793608,67.847632,63.376701,64.431972,25.618741,26.516215,27.472863,27.742434
1/29/2022 3:15,-0.032,0.97,-1.12,4975,0,75.26,71.43,-4.539958,78.745527,67.910094,63.192604,64.231438,25.809414,26.812086,27.535325,27.69641
1/29/2022 3:30,-0.073,0.88,-1.12,4975,0,75.59,71.74,-4.70433,81.779843,67.374239,63.508199,63.823794,25.727227,26.411017,27.610936,27.814758
1/29/2022 3:45,-0.086,0.89,-1.16,4975,0,76.17,71.67,-4.539958,80.320216,67.331503,63.810644,64.136102,25.862013,26.466903,27.183567,27.841057
1/29/2022 4:00,-0.009,1.03,-1.13,4977,0,75.93,71.74,-4.70433,81.625333,67.137543,63.379988,64.353073,25.914612,26.483341,27.390677,27.630661
1/29/2022 4:15,-0.073,0.89,-1.13,4976,0,76.45,72.22,-4.539958,81.391924,67.078369,63.317527,63.994741,25.90475,26.562239,27.463001,27.706272
1/29/2022 4:30,-0.103,0.89,-1.2,4976,0,76.52,72.01,-4.539958,80.251179,67.269041,63.245203,64.011179,25.717365,26.641138,27.34794,27.804895
1/29/2022 4:45,-0.081,0.9,-1.16,4975,0,76.79,72.24,-4.375585,80.481301,66.910709,63.383276,63.984879,25.648328,26.552377,27.466288,27.67011
1/29/2022 5:00,-0.009,1.02,-1.12,4976,0,75.52,71.67,-4.539958,80.067082,66.624701,62.614013,63.784345,25.835713,26.49649,27.564912,27.827908
1/29/2022 5:15,-0.045,0.98,-1.16,4976,0,75.57,71.72,-4.375585,80.175568,66.877835,63.258353,63.79092,25.90475,26.766061,27.535325,27.653673
1/29/2022 5:30,-0.032,0.97,-1.12,4976,0,75.64,71.79,-4.539958,78.683066,66.851535,62.446353,63.360264,25.960636,26.604976,27.449851,27.709559
1/29/2022 5:45,-0.015,0.97,-1.08,4975,0,75.21,71.38,-4.539958,79.330693,66.486628,63.153154,63.735033,25.730515,26.572102,27.532037,27.808183
1/29/2022 6:00,-0.014,1.01,-1.12,4977,0,75.47,71.34,-4.868703,78.903325,66.493203,62.982207,63.702158,25.839001,26.651001,27.469576,27.673397
1/29/2022 6:15,0.008,1.06,-1.12,4977,0,75.3,71.46,-4.70433,80.616086,66.818661,62.995357,63.560798,25.599017,26.598401,27.390677,27.900231
1/29/2022 6:30,-0.05,0.93,-1.12,4976,0,76.14,71.67,-4.868703,80.349803,66.782499,63.054531,63.600247,25.717365,26.397867,27.357802,27.601073
1/29/2022 6:45,-0.028,0.98,-1.12,4976,0,75.3,71.74,-4.868703,79.689025,66.766061,62.93947,63.876393,25.802839,26.526078,27.426839,27.702984
1/29/2022 7:00,0.008,1.06,-1.12,4976,0,74.75,71.53,-4.539958,79.859973,66.71675,63.13343,63.991454,25.796264,26.575389,27.370952,27.844345
1/29/2022 7:15,-0.073,0.88,-1.12,4976,0,75.47,71.34,-1.909998,80.109819,66.131584,62.702774,63.797494,25.881737,26.867972,27.762159,27.893657
1/29/2022 7:30,-0.051,0.92,-1.11,4977,0,75.4,71.29,6.144253,80.073657,66.21377,63.241915,64.284037,26.115146,26.881122,27.601073,27.910094
1/29/2022 7:45,-0.046,0.93,-1.11,4976,0,76,71.26,23.23899,77.634369,67.065219,63.649559,65.138774,25.977073,26.943584,27.548474,27.702984
1/29/2022 8:00,-0.08,0.82,-1.07,4976,0,74.13,70.69,49.374214,80.116394,67.541899,64.941527,66.085559,26.144733,27.071794,27.666822,27.85092
1/29/2022 8:15,-0.068,0.91,-1.14,4976,0,74.3,70.83,116.766929,80.596361,69.570256,66.87126,67.847632,26.121721,27.196717,27.887082,28.058029
1/29/2022 8:30,-0.051,0.92,-1.11, ,0,75.07,70.69,218.842236,82.457058,71.217268,68.475535,69.787227,26.167746,27.223017,27.847632,28.245414
1/29/2022 8:45,-0.091,0.86,-1.14,4976,0,74.25,70.79,132.711059,84.192831,73.469171,71.779422,73.350823,26.36828,27.328215,28.15994,28.3013
1/29/2022 9:00,0.02,1.03,-1.06,4976,0,72.96,70.4,208.979887,86.20475,75.402191,72.499373,76.388426,26.792361,27.67011,28.34075,28.50841
1/29/2022 9:15,-0.164,0.7,-1.14,4976,0,75.45,71.05,169.694866,84.939082,72.453349,71.391503,75.112896,26.792361,27.551762,28.156652,28.722094
1/29/2022 9:30,-0.223,0.61,-1.18,4977,0,75.62,70.93,288.371793,85.468362,72.719632,69.442045,73.324523,26.69045,27.79832,28.741818,28.873316
1/29/2022 9:45,-0.264,0.52,-1.18,4976,0,75.97,70.93,367.434953,83.998872,72.390887,69.678742,75.6619,26.775924,28.064604,28.653057,29.300685
1/29/2022 10:00,-0.288,0.44,-1.15,4976,0,76.26,70.93,198.295676,82.854839,71.411227,68.83058,72.995778,27.078369,28.406499,29.478207,30.129122
1/29/2022 10:15,-0.342,0.35,-1.18,4977,0,76.19,71.12,218.842236,84.538013,72.788669,70.365819,73.620394,27.137543,28.833867,29.494644,30.303357
1/29/2022 10:30,-0.382,0.3,-1.22,4976,0,76.4,71.05,229.197702,84.998256,71.5756,70.849074,76.187892,27.295341,29.067276,29.734628,30.835924
1/29/2022 10:45,-0.474,0.09,-1.21,4976,0,76.86,70.6,241.196892,85.75437,72.545398,72.104879,75.46794,27.50245,29.323697,30.076523,31.430952
1/29/2022 11:00,-0.592,-0.12,-1.26,4978,0,78.17,70.88,261.579079,85.386175,74.905786,73.551357,74.744701,27.755584,29.271098,30.296782,32.476361
1/29/2022 11:15,-0.592,-0.12,-1.26,4977,0,78.82,71.17,254.511063,85.540685,74.429106,75.392329,74.731551,27.900231,29.77079,30.507179,33.71573
1/29/2022 11:30,-0.592,-0.12,-1.26,4977,0,78.27,71.26,266.181509,86.362548,73.995163,71.822159,75.099746,28.156652,29.93845,30.845786,34.435681
1/29/2022 11:45,-0.609,-0.12,-1.3,4977,0,78.34,71.31,286.563695,86.500621,73.610531,73.446159,75.247681,28.058029,30.306644,31.141657,34.909074
1/29/2022 12:00,-0.71,-0.34,-1.3,4979,0,79.01,71.03,309.247097,86.316524,70.730725,73.285074,71.437527,28.485397,31.089057,31.26658,36.191179
1/29/2022 12:15,-0.728,-0.38,-1.3,4979,0,78.96,71.26,588.35156,85.751082,66.463616,73.554645,69.612993,28.797705,32.275827,31.608474,37.026191
1/29/2022 12:30,-0.729,-0.42,-1.26,4978,0,78.7,71.07,716.726463,86.053528,69.356572,73.170013,67.735859,28.994952,32.144329,31.91092,37.673819
1/29/2022 12:45,-0.8,-0.51,-1.33,4978,0,79.49,71.12,367.599326,86.316524,71.187681,73.498758,65.444507,29.192199,32.03913,31.845171,37.900653
1/29/2022 13:00,-0.751,-0.43,-1.3,4977,0,79.25,71.24,777.708651,86.477609,74.17926,72.884005,67.804895,29.376296,31.082483,32.173916,38.614029
1/29/2022 13:15,-0.745,-0.38,-1.34,4977,0,79.11,71.38,594.762086,86.641981,77.2596,73.21275,64.162401,29.353284,30.832636,32.288976,38.949349
1/29/2022 13:30,-0.627,-0.16,-1.3,4978,0,78.48,71.15,372.5305,87.217285,77.884216,73.820928,68.248701,29.228361,30.635389,31.874758,39.172896
1/29/2022 13:45,-0.365,0.3,-1.18,4977,0,76.81,70.83,669.880307,87.227147,77.463422,74.764426,63.4293,29.271098,31.006871,32.104879,38.978936
1/29/2022 14:00,0.031,1.1,-1.11,4977,0,74.35,70.6,731.19124,87.585479,77.187276,74.81045,64.750855,29.290823,30.822774,31.483551,38.985511
1/29/2022 14:15,0.545,2.11,-0.99,4977,0,71.03,71.03,298.727259,87.588766,77.249738,75.839422,60.789478,29.192199,30.711001,31.358628,40.145981
1/29/2022 14:30,0.912,2.77,-0.84, ,0,68.42,70.28,308.589607,86.523633,77.542321,75.895309,64.846191,29.106725,30.641964,31.312604,41.082904
1/29/2022 14:45,1.39,3.7,-0.72,4977,0,65.38,69.71,605.117552,86.84909,77.177414,77.019616,57.748587,28.991665,30.280345,31.40794,41.227552
1/29/2022 15:00,1.849,4.6,-0.61,4976,0,62.87,69.5,258.620375,89.183179,77.713268,76.608685,64.750855,29.12645,30.461155,31.641349,40.898807
1/29/2022 15:15,2.078,4.95,-0.45,4976,0,60.44,68.11,202.240616,87.605204,78.38062,77.032766,69.91215,28.827292,30.474304,30.901673,39.754774
1/29/2022 15:30,2.326,5.38,-0.33,4976,0,58.62,67.39,263.715921,87.542742,79.455616,77.756005,72.09173,29.251373,30.066661,30.921397,38.216248
1/29/2022 15:45,2.489,5.66,-0.25,4975,0,56.54,66.15,218.513491,89.656572,82.062564,80.257754,74.064199,28.712231,29.731341,30.461155,37.548896
1/29/2022 16:00,2.566,5.79,-0.21,4974,0,55.63,65.19,180.214704,91.057026,83.061948,80.892232,71.631487,28.919341,30.102823,30.75045,36.970305
1/29/2022 16:15,2.694,6.07,-0.21,4972,0,56.32,65.84,186.789603,90.438985,81.296588,80.152556,74.445543,29.027827,30.112685,30.198159,35.369317
1/29/2022 16:30,2.749,6.2,-0.22,4971,0,56.49,66.36,175.776647,89.626985,80.98428,79.7219,72.068717,28.922628,29.81024,30.125835,35.602726
1/29/2022 16:45,2.763,6.23,-0.22,4968,0,56.73,66.67,107.726443,89.140443,80.721284,79.781074,67.433414,28.955503,29.691891,29.987762,36.076118
1/29/2022 17:00,2.803,6.28,-0.18,4966,0,57.3,66.67,85.536158,88.841285,80.609511,79.182758,67.505737,28.718806,29.248086,29.494644,35.398904
1/29/2022 17:15,2.772,6.25,-0.22,4964,0,57.47,67.15,59.894052,88.440216,80.819908,82.052702,68.669495,28.570871,29.070563,29.017964,34.146385
1/29/2022 17:30,2.699,6.09,-0.22,4961,0,58.24,67.13,35.895671,89.275228,81.740394,80.491163,68.518272,28.350612,28.853592,28.699082,33.140426
1/29/2022 17:45,2.251,5.3,-0.42,4962,0,61.22,68.8,12.061662,89.538224,82.60828,80.727859,71.384928,28.130353,28.13364,28.245414,31.190968
1/29/2022 18:00,1.629,4.12,-0.61,4962,0,65.62,69.71,-2.567488,87.894499,83.469592,80.694985,77.11824,28.00543,27.870644,27.745721,28.955503
1/29/2022 18:15,1.194,3.32,-0.77,4962,0,68.63,70.52,-4.539958,86.845803,83.196734,81.089479,81.437948,27.584636,26.976458,26.805511,27.538612
1/29/2022 18:30,0.891,2.78,-0.9,4962,0,70.86,71.41,-5.033075,86.198175,83.009349,80.441851,82.585268,27.216442,26.697025,26.565527,26.736474
1/29/2022 18:45,0.667,2.33,-0.94,4963,0,72.6,71.74,-4.539958,85.810256,83.068523,79.255082,82.023114,26.739762,26.009948,26.473478,26.486628
1/29/2022 19:00,0.504,2.02,-0.99,4961,0,73.97,72.2,-5.197448,86.655131,81.648345,77.818467,81.082904,26.687163,26.180895,26.614839,26.457041
1/29/2022 19:15,0.363,1.74,-1.02,4962,0,74.8,72.44,-4.70433,85.471649,78.903325,76.342402,79.616701,26.220345,26.092134,26.483341,26.489916
1/29/2022 19:30,0.254,1.55,-1.07,4960,0,75.26,72.56,-4.70433,83.926548,77.923665,75.181932,77.683681,26.069122,26.065835,26.772636,26.604976
1/29/2022 19:45,0.159,1.38,-1.11,4960,0,76.17,72.53,-4.211213,85.08373,77.233301,74.198985,76.13858,26.138158,26.161171,26.937009,26.821948
1/29/2022 20:00,0.073,1.23,-1.15,4960,0,76.17,71.96,-4.868703,82.940313,76.75662,73.54807,75.546839,26.141446,26.240069,26.927146,27.068507
1/29/2022 20:15,1367.428,83.11,3114.9,4961,0,-0.55,-5.47,-4.70433,85.185641,75.826272,72.4139,74.554029,26.220345,26.256507,26.772636,27.084944
1/29/2022 20:30,  ,  ,  ,4960,0,  ,  ,-4.70433,84.422953,75.576426,72.279114,74.001738,26.101997,26.391292,26.83181,27.088231
1/29/2022 20:45,-5.773,-12.59,  ,4959,0,  ,  ,-4.868703,84.311179,75.037284,71.460539,73.242337,26.108571,26.299243,26.976458,27.15398
1/29/2022 21:00,2537.697,-7.97,5955,4960,0,  ,-3.92,-4.539958,84.044896,74.81045,71.246855,72.913592,26.322256,26.289381,27.157268,27.176993
1/29/2022 21:15,-2.902,-6.33,-50.77,4960,0,  ,  ,-4.539958,82.302548,74.185835,70.881948,72.920167,26.065835,26.453754,27.068507,27.150693
1/29/2022 21:30,2700.142,5887.7,  ,4959,0,-4.14,  ,-4.375585,84.268442,74.442256,70.701138,72.37445,26.072409,26.539227,27.029057,27.32164
1/29/2022 21:45,2669.442,5820.76,-26.5,4960,0,-2.58,  ,-5.033075,83.075098,73.945851,70.793187,71.838596,26.371567,26.529365,27.134256,27.370952
1/29/2022 22:00,3120.047,3884.27,3136.88,4961,0,1.51,-3.42,-4.375585,82.486645,73.712442,70.398693,71.947082,26.092134,26.697025,27.196717,27.374239
1/29/2022 22:15,4031.11,6254.84,2724.24,4961,0,-5.19,-6,-4.375585,84.501851,73.107551,70.418418,71.799147,26.315681,26.601689,27.354515,27.522175
1/29/2022 22:30,2693.207,5887.7,-16.25,4961,0,-2.08,  ,-4.539958,82.029689,73.127276,70.109397,71.795859,26.072409,26.532652,27.088231,27.32164
1/29/2022 22:45,-6.625,0.98,-16.58,4962,0,80.06,  ,-4.539958,82.371584,73.327811,69.997624,71.526288,26.269656,26.641138,27.32164,27.456426
1/29/2022 23:00,-7.105,0.93,-17.65,4962,0,81.04,  ,-4.375585,82.78909,73.064815,70.208021,71.329041,26.236782,26.726612,27.357802,27.436701
1/29/2022 23:15,2512.156,0.76,5885.77,4962,0,82.5,-1.48,-4.539958,81.286726,72.933317,69.734628,71.391503,26.233495,26.680588,27.568199,27.410401
1/29/2022 23:30,0.271,0.59,-20.58,4963,0,84.53,  ,-4.868703,82.164475,72.69662,69.787227,71.322466,26.266369,26.743049,27.301916,27.512312
1/29/2022 23:45,2731.006,5955,-24.14,4962,0,2.1,  ,-4.375585,81.174952,72.584847,69.540669,70.645252,26.101997,26.644426,27.34794,27.653673
1/30/2022 0:00,0.023,0.05,-28,4962,0,89.48,  ,-4.70433,80.478013,71.963519,69.162612,70.760312,26.286094,26.867972,27.318353,27.673397
1/30/2022 0:15,0.202,0.44,-31.63,4963,0,87.9,  ,-4.70433,82.411033,77.446985,75.566564,76.812507,26.092134,26.065835,26.631276,26.756199
1/30/2022 0:30,0.216,0.47,-63.05,4963,0,83.27,  ,-5.197448,88.252831,84.508426,77.243163,82.28611,25.69764,25.240685,26.420879,25.986936
1/30/2022 0:45,2731.455,5955.98,  ,4891,0,2.44,  ,-4.868703,90.014904,82.9699,75.658612,80.007908,25.54313,25.73709,26.6773,26.581964
1/30/2022 1:00,2741.176,0.05,6423.18,4889,0,83.29,-4.83,-4.375585,90.820329,80.369527,74.448831,79.235357,25.280134,25.881737,27.130968,26.733187
1/30/2022 1:15,0,0,  ,4867,0,86.61,  ,-4.539958,91.448232,82.233511,77.509446,81.211114,25.125624,25.822563,26.578677,26.361705
1/30/2022 1:30,-0.059,-0.13,  ,5012,0,85.42,  ,-4.539958,91.730953,85.632734,78.094612,83.29207,25.227535,25.201235,26.335405,26.131584
1/30/2022 1:45,-0.297,-0.65,  ,5013,0,88.12,  ,-4.70433,92.473916,83.739163,76.388426,80.737722,25.082887,25.54313,27.009333,26.50964
1/30/2022 2:00,-0.476,-1.04,  ,5023,0,90.8,  ,-4.539958,93.289204,81.773268,75.264118,79.370143,25.138774,25.977073,26.867972,26.772636
1/30/2022 2:15,-0.38,-0.83,  ,4961,0,93.09,  ,-4.70433,92.802661,82.736491,77.900653,80.839633,25.322871,25.700928,26.443891,26.34198
1/30/2022 2:30,-0.522,-1.14,  ,4967,0,92.47,  ,-4.539958,92.605414,86.083115,77.861203,83.436718,25.082887,25.0533,26.519503,25.927762
1/30/2022 2:45,-0.655,-1.43,  , ,0,94.5,  ,-4.868703,93.765884,84.715536,76.526499,80.879082,24.951389,25.467519,26.848248,26.746337
1/30/2022 3:00,-0.792,-1.73,  , ,0,96.46,  ,-4.539958,93.841495,82.667455,75.987357,79.524653,25.22096,25.898175,27.186855,27.052069
1/30/2022 3:15,-0.889,-1.94,  ,4965,0,97.92,  ,-4.70433,93.956556,81.516847,75.221381,78.778402,25.332733,26.305818,27.186855,27.252604
1/30/2022 3:30,-0.939,-2.05,  , ,0,99.38,  ,-4.539958,93.969706,80.270904,74.882774,78.166936,25.23411,26.161171,27.292053,27.121106
1/30/2022 3:45,-0.99,-2.16,  , ,0,100.26,  ,-4.70433,93.299066,79.314256,74.767713,77.654094,25.270272,26.473478,27.114531,27.262466
1/30/2022 4:00,2669.442,5820.76,-25.93, ,0,8.34,  ,-4.375585,92.697463,79.41288,74.616491,77.598207,25.441219,26.397867,27.338078,27.403827
1/30/2022 4:15,-0.627,-1.37,-51.08,7999,0,92.73,  ,-4.868703,92.57254,78.60088,74.268021,76.102418,25.378758,26.601689,27.459713,27.443276
1/30/2022 4:30,-0.669,-1.46,-55.62,4962,0,92.59,  ,-4.868703,92.562678,78.360896,73.544782,76.519924,25.332733,26.595114,27.407114,27.249316
1/30/2022 4:45, , , ,4966,0, , ,-4.539958,92.016961,77.979552,73.978726,76.240491,25.342596,26.526078,27.324928,27.374239
1/30/2022 5:00, , , ,4976,0, , ,-4.539958,92.072848,77.512734,73.114126,75.402191,25.615454,26.493203,27.410401,27.456426
1/30/2022 5:15, , , ,4962,0, , ,-4.211213,91.865738,76.92428,72.739357,75.208232,25.631891,26.443891,27.18028,27.413689
1/30/2022 5:30, , , ,4961,0, , ,-4.70433,90.843341,76.325964,72.515811,74.448831,25.592442,26.457041,27.374239,27.551762
1/30/2022 5:45, , , ,4961,0, , ,-4.375585,91.011001,76.059681,71.841883,74.116798,25.506968,26.532652,27.380814,27.430126
1/30/2022 6:00, , , ,4959,0, , ,-5.033075,89.919568,75.448215,71.555875,73.327811,25.592442,26.545802,27.318353,27.482725
1/30/2022 6:15, , , ,4955,0, , ,-4.868703,90.26475,74.945236,70.970709,73.176588,25.477381,26.121721,27.380814,27.400539
1/30/2022 6:30, , , ,4948,0, , ,-4.868703,90.491584,75.027422,71.177819,72.805106,25.424782,26.39458,27.377527,27.591211
1/30/2022 6:45, , , ,4945,0, , ,-4.539958,90.481722,75.126045,71.230418,72.680183,25.648328,26.618126,27.357802,27.463001
1/30/2022 7:00, , , ,4945,0, , ,-4.539958,90.31735,74.892636,70.980572,72.588134,25.71079,26.440604,27.36109,27.633948
1/30/2022 7:15, , , ,4945,0, , ,-2.567488,90.218726,74.113511,71.365203,73.041802,25.533268,26.674013,27.5156,27.377527
1/30/2022 7:30, , , ,4946,0, , ,4.171783,91.096475,74.314045,70.93126,72.992491,25.72394,26.631276,27.315065,27.479438
1/30/2022 7:45, , , ,4945,0, , ,22.581501,89.429738,74.415956,70.990434,72.887292,25.717365,26.710175,27.423551,27.449851
1/30/2022 8:00, , , ,4944,0, , ,72.221988,88.946483,74.215422,70.849074,72.522385,25.506968,26.897559,27.551762,27.808183
1/30/2022 8:15, , , ,4944,0, , ,103.617131,90.281188,75.089883,72.594709,74.353495,25.858725,26.904134,27.545187,27.709559
1/30/2022 8:30, , , ,4945,0,  ,  ,68.770166,90.320637,76.986742,73.903114,75.336442,25.954061,26.877835,27.558337,27.79832
1/30/2022 8:45, , , ,4950,0, , ,191.720777,90.665819,78.377333,75.629025,77.167552,26.069122,27.114531,27.818045,27.99228
1/30/2022 9:00, , , ,4949,0, , ,239.71754,91.513981,78.25241,77.167552,79.07756,26.371567,27.397252,27.85092,28.261851
1/30/2022 9:15, , , ,4951,0, , ,103.617131,89.294953,75.513964,75.458078,77.644232,26.611551,27.213154,27.693122,27.604361
1/30/2022 9:30, , , ,4949,0, , ,173.31106,87.822175,74.419244,72.453349,76.358839,26.729899,27.229592,27.742434,27.952831
1/30/2022 9:45, , , ,4949,0,  ,  ,318.780701,87.013463,73.889964,71.624912,76.677722,26.447179,27.318353,28.182952,28.242126
1/30/2022 10:00,-0.407,-0.89,-41.96, ,0, , ,214.075434,88.621026,74.738126,71.930644,76.312815,26.654288,27.541899,28.475535,28.748393
1/30/2022 10:15, , , ,4948,0, , ,228.211467,89.781495,73.646693,71.486839,76.421301,26.87126,27.883794,28.978515,29.409171
1/30/2022 10:30, , , ,4950,0, , ,236.265718,89.978742,74.425819,72.427049,76.263503,26.743049,28.15994,29.106725,29.918725
1/30/2022 10:45, , , ,4950,0, , ,245.634949,88.404054,74.070774,73.896539,76.861819,27.048782,28.781268,29.382871,30.549916
1/30/2022 11:00, , , ,4872,0, , ,255.990415,88.51254,76.010369,73.1733,74.882774,27.367665,28.912766,29.639292,31.302742
1/30/2022 11:15, , , ,4866,0, , ,259.277865,88.6539,75.093171,75.119471,75.471228,27.265754,29.353284,30.168572,32.430337
1/30/2022 11:30, , , ,4864,0, , ,278.345072,88.80841,75.556701,76.178029,77.700118,27.555049,29.511082,30.227746,33.160151
1/30/2022 11:45, , , ,4862,0, , ,288.86491,89.124005,75.126045,73.337673,73.541495,27.969268,29.813527,30.674839,33.748604
1/30/2022 12:00, , , ,4858,0, , ,310.068959,89.11743,72.801819,74.672377,72.367875,27.96598,30.563065,30.730725,35.237819
1/30/2022 12:15, , , ,4856,0, , ,672.345894,88.367892,67.088231,74.905786,72.085155,28.123778,32.384313,31.052895,35.842709
1/30/2022 12:30, , , ,4788,0, , ,719.19205,88.065447,67.252604,75.359454,70.628814,28.570871,32.4139,31.319179,36.345689
1/30/2022 12:45, , , ,4851,0, , ,365.298111,87.36522,68.376912,74.918936,70.704426,28.653057,32.160766,30.895098,36.355552
1/30/2022 13:00, , , ,4905,0, , ,696.837393,87.539455,73.193025,75.431778,68.189527,28.952215,31.066045,31.273155,36.671147
1/30/2022 13:15, , , ,4896,0, , ,578.653583,87.924086,76.944005,74.876199,65.201235,28.80428,30.332944,31.230418,37.154402
1/30/2022 13:30, , , ,4935,0, , ,367.599326,88.032572,79.05126,76.250353,67.351227,29.014677,29.787227,31.000296,37.183989
1/30/2022 13:45, , , ,4875,0, , ,641.608241,88.49939,79.281382,76.345689,67.765446,28.80428,30.221171,31.029883,37.09194
1/30/2022 14:00, , , ,4847,0, , ,808.281931,88.6539,79.439179,76.999892,66.414304,28.643195,29.905576,30.862223,37.486434
1/30/2022 14:15, , , ,4878,0, , ,307.767745,88.97607,79.123584,78.104475,66.864685,28.669495,30.000912,30.510466,38.40692
1/30/2022 14:30, , , ,4887,0, , ,296.261671,89.018807,79.271519,78.25241,63.409575,28.498547,30.020636,30.579503,39.715325
1/30/2022 14:45, , , ,4882,0, , ,423.485967,89.321252,79.823811,78.594305,62.962482,28.712231,29.78394,30.349381,40.067082
1/30/2022 15:00, , , ,4922,0, , ,395.871391,89.488912,80.655535,80.132831,64.510871,28.682644,29.62943,30.208021,39.439179
1/30/2022 15:15, , , ,4891,0, , ,209.473005,91.218111,83.758888,82.66088,69.931875,28.705657,29.659017,30.138985,38.308297
1/30/2022 15:30, , , ,4915,0, , ,311.712684,92.401593,84.202693,82.95675,68.347325,28.738531,29.915438,30.26062,36.766483
1/30/2022 15:45, , , ,4902,0, , ,375.324832,91.980799,82.295973,81.536572,73.942564,28.758256,29.958175,29.935163,35.01756
1/30/2022 16:00, , , ,4931,0, , ,180.872194,91.264135,82.233511,81.395212,75.757236,28.820717,29.678742,29.974612,34.228572
1/30/2022 16:15, , , ,4919,0, , ,231.498916,90.889366,82.48007,81.16509,77.220151,28.633333,29.537381,29.570256,34.126661
1/30/2022 16:30, , , ,4929,0, , ,175.447902,90.764443,82.177625,80.957981,73.505333,28.350612,29.205349,29.468345,34.425819
1/30/2022 16:45, , , ,4935,0, , ,102.795268,90.724993,82.32556,81.444523,70.319794,28.419648,28.807567,29.188912,34.484993
1/30/2022 17:00, , , ,4926,0, , ,86.851138,90.425835,82.812102,82.266386,69.908863,28.344037,28.893041,28.97194,33.893252
1/30/2022 17:15, , , ,4956,0, , ,63.838992,91.175374,83.177009,81.96394,70.398693,28.084329,28.570871,28.544572,32.525673
1/30/2022 17:30, , , ,4913,0, , ,39.676238,91.214823,83.699714,81.391924,71.503276,28.17309,27.729284,28.357187,31.263292
1/30/2022 17:45, , , ,4944,0, , ,11.568545,89.65986,85.527536,82.174337,73.66313,27.709559,27.370952,27.370952,29.619567
1/30/2022 18:00, , , ,4947,0, , ,-2.403116,88.216669,85.435487,82.305835,81.158515,27.403827,26.785786,26.785786,27.68326
1/30/2022 18:15, , , ,4979,0, , ,-4.211213,86.793204,84.922645,81.20454,83.518904,26.726612,26.233495,26.516215,26.706887
1/30/2022 18:30, , , ,4978,0, , ,-4.375585,86.691293,83.167147,80.159131,83.177009,26.595114,25.90475,26.440604,26.374855
1/30/2022 18:45, , , ,4999,0, , ,-4.375585,87.907649,81.704232,78.301722,81.691082,26.279519,25.934337,26.506353,26.276231
1/30/2022 19:00, , , ,5007,0, , ,-4.211213,87.513155,80.428701,76.253641,79.347131,26.161171,25.924474,26.552377,26.499778
1/30/2022 19:15, , , ,5032,0, , ,-4.211213,85.846418,79.103859,75.030709,77.861203,26.052685,26.013235,26.907422,26.585252
1/30/2022 19:30, , , ,5031,0, , ,-4.70433,86.198175,78.643616,74.767713,76.681009,25.908037,26.121721,26.624701,26.927146
1/30/2022 19:45, , , ,5033,0, , ,-4.211213,85.997641,77.640944,73.850515,75.691487,26.039535,26.065835,26.726612,26.913997
1/30/2022 20:00, , , ,5041,0, , ,-4.375585,85.4059,76.93743,73.133851,74.593479,26.05926,25.927762,26.930434,26.900847
1/30/2022 20:15, , , ,5048,0, , ,-4.70433,85.26454,76.276653,72.489511,73.942564,26.075697,26.233495,26.897559,26.976458
1/30/2022 20:30, , , ,5065,0, , ,-4.539958,84.72211,75.484377,71.73011,73.271924,25.973786,26.167746,26.946871,27.104669
1/30/2022 20:45, , , ,5070,0, , ,-4.70433,83.11126,74.886062,71.075908,72.384313,25.842288,25.947486,27.042207,27.252604
1/30/2022 21:00, , , ,5067,0, , ,-4.539958,85.451924,74.48828,70.332944,71.71696,25.740377,26.230207,26.825235,27.338078
1/30/2022 21:15, , , ,5052,0, , ,-4.868703,85.75437,74.008313,70.26062,71.513138,25.954061,26.167746,27.130968,27.16713
1/30/2022 21:30, , , ,5027,0, , ,-4.70433,84.169819,73.590806,69.829964,71.049608,25.839001,26.049397,26.917284,27.269041
1/30/2022 21:45, , , , ,0, , ,-4.539958,82.115163,73.1733,69.146175,70.878661,25.691065,26.220345,27.002758,27.186855
1/30/2022 22:00, , , ,5016,0, , ,-4.70433,84.120507,73.475746,69.123163,70.165284,25.960636,26.092134,27.298628,27.282191
1/30/2022 22:15, , , ,5028,0, , ,-5.36182,84.843746,72.70977,69.021252,70.050223,25.760102,26.266369,27.186855,27.463001
1/30/2022 22:30, , , ,5027,0,  ,  ,-4.70433,84.357204,72.637446,68.478823,69.668879,25.868588,26.618126,27.295341,27.380814
1/30/2022 22:45,-0.38,-0.83,-38.54,5028,0,88.62,  ,-4.868703,83.269058,72.009543,68.13364,69.405883,25.750239,26.131584,27.02577,27.282191
1/30/2022 23:00,2698.816,5884.81,  ,5033,0,-0.41,  ,-4.70433,81.109203,72.141041,68.18624,68.932491,25.829138,26.207195,27.015907,27.318353
1/30/2022 23:15,2700.142,5887.7,  ,5032,0,-1.2,  ,-4.375585,80.823195,71.697236,67.972555,69.067276,25.733802,26.272944,27.094806,27.380814
1/30/2022 23:30,-1.146,-2.5,  ,5030,0,  ,  ,-4.539958,83.157285,71.444102,67.735859,68.692507,25.940912,26.506353,27.061932,27.561624
1/30/2022 23:45,-1.223,-2.67,  ,5035,0,  ,  ,-4.70433,80.215017,71.243568,67.765446,68.738531,25.931049,26.726612,27.255891,27.581349
1/31/2022 0:00,-4.415,-9.63,  ,5035,0,  ,  ,-4.868703,81.161803,71.131794,67.262466,68.176377,26.013235,26.286094,27.370952,27.541899
1/31/2022 0:15,-4.149,-9.05,  ,5041,0,  ,  ,-4.375585,80.586499,71.286304,66.854822,68.294725,25.894887,26.223632,27.288766,27.466288
1/31/2022 0:30,-4.631,-10.1,  ,5039,0,  ,  ,-4.539958,81.253851,70.91811,67.311778,68.344037,26.111859,26.476766,27.36109,27.4893
1/31/2022 0:45,-4.558,-9.94,  ,5034,0,  ,  ,-5.033075,82.240086,70.7373,67.03892,67.972555,25.894887,26.243357,27.374239,27.633948
1/31/2022 1:00,-4.686,-10.22,  ,5035,0,  ,  ,-4.868703,81.059892,70.842499,66.726612,67.99228,25.766677,26.526078,27.387389,27.581349
1/31/2022 1:15,2763.879,6026.68,  ,5042,0,1.7,  ,-4.70433,81.286726,70.326369,66.53594,67.525462,25.54313,26.53594,27.091519,27.584636
1/31/2022 1:30,-4.718,-10.29,  ,5046,0,  ,  ,-4.375585,79.787649,70.257333,66.604976,67.742434,25.862013,26.766061,27.364377,27.633948
1/31/2022 1:45,-4.819,-10.51,  ,5049,0,  ,  ,-4.539958,82.115163,70.421705,66.404442,67.367665,25.796264,26.289381,27.278903,27.561624
1/31/2022 2:00,-4.613,-10.06,  ,5050,0,  ,  ,-4.375585,80.136118,69.91215,66.401154,67.209867,25.983648,26.480053,27.16713,27.551762
1/31/2022 2:15,-4.484,-9.78,  ,5049,0,  ,  ,-4.70433,81.536572,70.040361,66.095422,66.963308,26.05926,26.443891,27.525462,27.64381
1/31/2022 2:30,-4.507,-9.83,  ,5053,0,  ,  ,-4.375585,79.919147,69.734628,66.118434,67.048782,25.858725,26.476766,27.32164,27.614223
1/31/2022 2:45,-4.461,-9.73,  ,5054,0,  ,  ,-4.539958,81.138791,69.537381,65.911324,66.309106,25.625316,26.39458,27.374239,27.545187
1/31/2022 3:00,2669.442,5820.76,  ,5061,0,4.61,  ,-4.211213,81.20454,69.396021,65.862013,66.572102,25.921187,26.463616,27.229592,27.620798
1/31/2022 3:15,-5.209,-11.36,  ,5064,0,  ,  ,-4.375585,81.714094,69.356572,65.717365,66.526078,25.786401,26.302531,27.449851,27.617511
1/31/2022 3:30,-4.383,-9.56,  ,5064,0,  ,  ,-4.375585,81.970515,69.47492,65.273559,66.516215,25.947486,26.470191,27.430126,27.525462
1/31/2022 3:45,2762.971,6024.7,  ,5071,0,0.81,  ,-4.70433,80.750871,68.97194,65.240685,66.302531,25.746952,26.437316,27.393964,27.762159
1/31/2022 4:00,-4.622,-10.08,  ,5072,0,  ,  ,-4.539958,80.556912,69.432183,64.635794,66.434029,25.832426,26.440604,27.272329,27.5156
1/31/2022 4:15,-4.59,-10.01,  ,5074,0,  ,  ,-4.539958,80.389252,69.093576,65.263697,66.184183,25.645041,26.161171,27.416976,27.660248
1/31/2022 4:30,-4.36,-9.51,  ,5069,0,  ,  ,-4.211213,79.327406,68.837155,65.326158,66.04611,25.937624,26.499778,27.594499,27.555049
1/31/2022 4:45,-4.558,-9.94,  ,5066,0,  ,  ,-4.539958,77.982839,68.593883,64.619357,65.72394,25.799551,26.453754,27.272329,27.610936
1/31/2022 5:00,-4.645,-10.13,  ,5062,0,  ,  ,-4.539958,79.896135,68.570871,64.836328,65.645041,25.990223,26.34198,27.466288,27.584636
1/31/2022 5:15,-4.351,-9.49,  ,5054,0,  ,  ,-4.70433,79.869835,68.3013,64.793592,65.487243,25.842288,26.289381,27.305203,27.686547
1/31/2022 5:30,-4.232,-9.23,  ,5045,0,  ,  ,-4.539958,78.367471,68.353899,64.431972,65.69764,25.700928,26.414304,27.47615,27.518887
1/31/2022 5:45,-4.493,-9.8,  ,5032,0,  ,  ,-4.70433,80.760734,68.669495,64.553608,65.319584,25.914612,26.476766,27.479438,27.693122
1/31/2022 6:00,2763.425,6025.69,  ,5019,0,2.13,  ,-4.539958,79.955309,68.00543,64.461559,65.54313,25.908037,26.427454,27.459713,27.571486
1/31/2022 6:15,2665.309,-7.77,6253.81,5006,0,  ,-5.59,-4.868703,79.294531,68.383486,64.724555,65.306434,25.894887,26.595114,27.443276,27.627373
1/31/2022 6:30,-3.65,-7.96,  ,4994,0,  ,  ,-4.539958,80.760734,68.087616,64.708118,65.257122,25.763389,26.453754,27.377527,27.555049
1/31/2022 6:45,2731.455,5955.98,  ,4981,0,4.45,  ,-5.033075,79.238645,68.169802,64.300474,65.332733,25.990223,26.552377,27.19343,27.673397
1/31/2022 7:00,-3.498,-7.63,  ,4971,0,  ,  ,-4.539958,78.942774,68.136928,64.234725,65.188086,25.769964,26.263082,27.298628,27.647098
1/31/2022 7:15,2668.566,5818.85,  ,4964,0,8.8,  ,-1.416881,81.529997,67.719422,64.320199,65.602304,25.691065,26.733187,27.311778,27.742434
1/31/2022 7:30,-3.672,-8.01,  ,4958,0,  ,  ,7.130488,81.234127,67.735859,64.665381,66.157883,25.931049,26.736474,27.52875,27.505737
1/31/2022 7:45,-3.434,-7.49,  ,4952,0,  ,  ,30.635752,82.384734,68.067891,65.063162,66.976458,25.980361,26.700312,27.479438,27.387389
1/31/2022 8:00,-3.416,-7.45,  ,4946,0,  ,  ,50.031704,81.84888,69.47492,66.417592,67.831195,25.986936,26.966596,27.505737,27.867357
1/31/2022 8:15,-3.232,-7.05,  ,4948,0,  ,  ,117.424419,82.891001,71.559163,68.275001,69.586693,26.013235,27.130968,27.617511,27.739146
1/31/2022 8:30,-3.04,-6.63,  ,4954,0,  ,  ,142.73778,83.887098,72.811681,69.839827,71.309317,26.22692,27.288766,27.804895,28.031729
1/31/2022 8:45,-2.925,-6.38,  ,4959,0,  ,  ,151.120776,86.467746,74.606628,73.866952,74.826887,26.430741,27.459713,28.021867,28.258563
1/31/2022 9:00,2668.566,5818.85,  ,4958,0,10.09,  ,223.609037,87.460556,76.513349,73.742029,78.143924,26.503065,27.439988,28.390061,28.396636
1/31/2022 9:15,2763.425,6025.69,  ,4957,0,3.71,  ,164.763691,87.743277,75.573139,72.726207,76.91113,26.805511,27.426839,28.350612,28.373624
1/31/2022 9:30,-2.907,-6.34,  ,4956,0,  ,  ,339.656005,86.503908,74.468556,74.16611,76.339114,27.075082,27.637235,28.445948,28.534709
1/31/2022 9:45,2763.425,6025.69,  ,4954,0,4.16,  ,381.735358,86.957576,74.448831,71.329041,75.418628,26.798936,27.857495,28.83058,28.978515
1/31/2022 10:00,-2.966,-6.47,  ,4955,0,  ,  ,210.459239,85.09688,74.047762,73.528345,74.968248,26.749624,28.222401,29.359859,29.866126
1/31/2022 10:15,-2.989,-6.52,  ,4954,0,  ,  ,237.251953,86.336248,73.896539,71.920782,76.914418,27.305203,28.774693,29.468345,30.510466
1/31/2022 10:30,-3.072,-6.7,  ,4954,0,  ,  ,238.073815,85.330289,73.613819,71.733398,76.947292,27.32164,29.063989,30.050223,31.05947
1/31/2022 10:45,2556.978,5575.53,  ,4953,0,9.54,  ,246.292439,86.645268,75.586288,75.461365,77.473284,27.67011,29.376296,30.326369,32.157479
1/31/2022 11:00,-3.205,-6.99,  ,4952,0,  ,  ,254.675435,87.920799,75.885446,76.283228,74.422531,27.975843,29.622855,30.523616,33.360685
1/31/2022 11:15,-3.072,-6.7,  ,4950,0,  ,  ,261.250334,87.575617,75.490952,74.573754,74.300896,28.215827,29.839827,30.7636,34.774288
1/31/2022 11:30,-3.42,-7.46,  ,4950,0,  ,  ,299.549121,87.933949,75.845997,76.450888,74.074062,28.360474,30.135697,30.990434,35.155632
1/31/2022 11:45,-3.439,-7.5,  ,5083,0,  ,  ,288.371793,88.371179,76.654709,74.254871,73.656555,28.62347,30.326369,31.269867,35.822985
1/31/2022 12:00,-3.741,-8.16,  ,5080,0,  ,  ,318.451956,88.341592,73.518483,75.612588,70.438142,28.607033,31.279729,31.73011,37.289187
1/31/2022 12:15,-3.824,-8.34,  ,5092,0,  ,  ,651.634962,87.444119,69.685316,74.356782,65.90475,29.096863,32.660458,32.035843,38.334596
1/31/2022 12:30,-3.883,-8.47,  ,5092,0,  ,  ,715.082738,87.707115,70.849074,73.771616,66.230207,29.356572,32.772232,32.295551,39.261657
1/31/2022 12:45,-3.617,-7.89,  ,5094,0,  ,  ,407.541837,87.411244,71.42109,74.517867,65.19466,29.619567,32.492798,32.384313,39.314256
1/31/2022 13:00,-4.067,-8.87,  ,5097,0,  ,  ,793.817153,87.315908,74.8499,75.599438,65.128911,29.879276,31.841883,32.121317,38.531843
1/31/2022 13:15,-3.361,-7.33,  ,5097,0,  ,  ,624.677877,87.753139,77.404248,73.935989,63.873106,29.563681,31.049608,32.489511,39.03811
1/31/2022 13:30,-3.397,-7.41,  ,5108,0,  ,  ,316.315113,88.265981,77.851341,76.102418,70.572928,29.501219,30.91811,31.91092,38.748815
1/31/2022 13:45,-3.251,-7.09,  ,5103,0,  ,  ,407.213092,87.536167,77.834904,76.273365,65.835713,29.609705,30.760312,31.582175,38.308297
1/31/2022 14:00,-2.572,-5.61,  ,5101,0,  ,  ,471.48273,86.997026,77.871066,77.542321,66.894272,29.44862,30.464442,30.885236,37.371373
1/31/2022 14:15,-2.333,-5.09,  ,5099,0,  ,  ,486.604998,86.214613,77.098515,78.209673,72.072005,29.274385,30.24747,30.405268,36.743471
1/31/2022 14:30,-2.622,-5.72,  ,5094,0,  ,  ,343.765317,86.451309,77.433835,78.278709,66.756199,29.208636,30.053511,29.61628,35.382466
1/31/2022 14:45,-2.246,-4.9,  ,5086,0,  ,  ,340.806612,86.921414,78.978936,79.932297,69.895713,28.81743,29.64258,29.442045,34.909074
1/31/2022 15:00,-1.902,-4.15,  ,5074,0,  ,  ,246.949929,87.115374,78.939487,80.136118,72.272539,28.597171,29.208636,29.195487,34.376507
1/31/2022 15:15,2867.102,6251.76,  , ,0,-4.26,  ,290.83738,88.045722,82.891001,82.759503,76.46075,28.462385,29.008102,29.014677,32.847843
1/31/2022 15:30,-1.59,-3.47,  ,4978,0,  ,  ,194.515109,89.669722,84.015309,83.025787,79.05126,28.528134,28.837155,28.866742,31.519713
1/31/2022 15:45,-2.081,-4.54,  ,4960,0,  ,  ,177.749117,89.751908,82.923876,81.64177,78.798126,28.462385,28.630045,28.695794,30.480879
1/31/2022 16:00,2797.476,6099.94,  ,4952,0,-1.1,  ,126.13616,89.173317,83.449868,82.309123,80.504313,28.370337,28.367049,28.46896,29.524231
1/31/2022 16:15,-2.599,-5.67,  ,4953,0,  ,  ,166.900534,88.956345,83.239471,82.48007,82.381446,28.370337,28.284863,28.156652,28.630045
1/31/2022 16:30,2731.006,5955,  ,4970,0,-0.5,  ,71.728871,88.200232,83.785187,82.960038,83.94956,27.85092,27.647098,27.745721,28.081041
1/31/2022 16:45,-2.778,-6.06,  ,4959,0,  ,  ,69.427656,87.703827,83.913398,82.973187,84.268442,27.69641,27.482725,27.341365,27.68326
1/31/2022 17:00,2731.905,5956.96,  ,4959,0,1.08,  ,50.196076,87.348783,83.916685,83.068523,84.488702,27.318353,27.213154,27.15398,27.374239
1/31/2022 17:15,-3.237,-7.06,  ,4955,0,  ,  ,48.881097,88.558564,84.962094,82.276248,83.979147,27.328215,26.864685,27.068507,27.160555
1/31/2022 17:30,-3.388,-7.39,  ,4957,0,  ,  ,26.690812,86.783341,84.77471,82.148038,83.96271,26.769349,26.243357,26.608264,26.785786
1/31/2022 17:45,-3.342,-7.29,  ,4955,0,  ,  ,4.993646,87.092362,84.094208,81.671357,84.146807,26.565527,26.118434,26.318968,26.312393
1/31/2022 18:00,2731.006,5955,  ,4957,0,0.07,  ,-2.567488,86.040378,82.861414,79.452329,82.404459,26.246644,25.901462,26.148021,26.217057
1/31/2022 18:15,-3.815,-8.32,  ,4956,0,  ,  ,-4.375585,88.736086,78.42007,73.886677,78.748815,26.384717,26.489916,27.47615,26.890984
1/31/2022 18:30,-3.787,-8.26,  ,4958,0,  ,  ,-5.033075,88.210094,75.859147,72.009543,75.80326,26.21377,26.966596,27.486013,27.374239
1/31/2022 18:45,-3.672,-8.01,  ,4959,0,  ,  ,-4.868703,87.858337,74.692102,70.816199,75.244394,26.460329,27.042207,27.929818,27.463001
1/31/2022 19:00,10.97,23.92,  ,4962,0,-7.36,  ,-4.868703,87.631503,73.696005,69.731341,74.231859,26.292669,26.98632,27.952831,27.423551
1/31/2022 19:15,2699.257,5885.77,  , ,0,-1.03,  ,-4.70433,85.846418,72.581559,69.271098,73.643406,26.295956,27.367665,28.150078,27.821333
1/31/2022 19:30,-2.696,-5.88,  ,4960,0,  ,  ,-4.539958,85.659034,72.022693,68.751681,72.755794,26.526078,27.630661,28.084329,27.801608
1/31/2022 19:45,-3.076,-6.71,  ,4960,0,  ,  ,-4.539958,83.933123,71.052895,67.887082,72.002968,26.50964,27.420264,28.324312,27.79832
1/31/2022 20:00,-2.696,-5.88,  ,4959,0,  ,  ,-4.539958,84.705673,70.783325,67.47615,71.483551,26.526078,27.393964,28.3013,27.706272
1/31/2022 20:15,-2.659,-5.8,  ,4959,0,  ,  ,-4.539958,82.891001,70.066661,66.700312,70.359244,26.378142,27.5156,28.409786,27.956118
1/31/2022 20:30,-2.755,-6.01,  ,4960,0,  ,  ,-4.539958,82.963325,70.096248,66.851535,70.405268,26.585252,27.624086,28.100766,27.841057
1/31/2022 20:45,-2.985,-6.51,  ,4969,0,  ,  ,-4.375585,81.385349,69.504507,66.674013,69.806952,26.443891,27.69641,28.179665,27.765446
1/31/2022 21:00,2583.99,5634.43,  ,4969,0,9.51,  ,-4.70433,81.99024,69.494644,66.644426,69.829964,26.36828,27.821333,28.248701,27.860782
1/31/2022 21:15,2668.566,5818.85,  ,4970,0,5.12,  ,-4.539958,82.871276,69.238223,66.411017,69.047551,26.601689,27.564912,28.360474,28.002142
1/31/2022 21:30,2762.971,6024.7,  ,4974,0,-1.24,  ,-4.539958,81.556297,69.001527,66.512928,69.369721,26.489916,27.459713,27.913381,27.903519
1/31/2022 21:45,2796.559,6097.94,  ,4969,0,-2.84,  ,-4.539958,82.9699,68.393349,65.934337,68.607033,26.683875,27.4893,28.248701,28.008717
1/31/2022 22:00,2762.971,6024.7,  ,4966,0,-0.53,  ,-4.539958,80.951406,68.524847,65.546418,68.597171,26.614839,27.712847,28.245414,28.205964
1/31/2022 22:15,2668.566,5818.85,  ,4960,0,4.54,  ,-4.868703,82.792378,68.334175,65.322871,68.261851,26.499778,27.505737,28.215827,28.077754
1/31/2022 22:30,2699.257,5885.77,  ,4967,0,5.83,  ,-4.539958,81.211114,68.209252,65.526693,68.104053,26.447179,27.653673,28.62347,28.311163
1/31/2022 22:45,-3.585,-7.82,  ,4966,0,  ,  ,-4.868703,80.648961,68.061316,65.671341,68.064604,26.526078,27.545187,28.222401,28.15994
1/31/2022 23:00,2867.574,6252.79,  ,4961,0,-3.82,  ,-4.539958,80.639098,68.265138,65.19466,67.755584,26.463616,27.706272,28.251988,28.117203
1/31/2022 23:15,2731.006,5955,  ,4960,0,3.71,  ,-4.868703,80.448426,67.998855,65.306434,67.982418,26.434029,27.795033,28.209252,28.202677
1/31/2022 23:30,2699.701,5886.74,  ,4958,0,6.43,  ,-4.375585,80.734434,67.900231,64.994126,67.463001,26.364992,27.518887,28.393349,28.025154
1/31/2022 23:45,-3.04,-6.63,  ,4952,0,  ,  ,-4.375585,82.134888,67.864069,64.902077,67.377527,26.588539,27.79832,28.166515,28.360474
2/1/2022 0:00,-3.003,-6.55,  ,4947,0,  ,  ,-4.539958,79.698888,67.354515,64.655519,67.551762,26.608264,27.620798,28.248701,28.084329
2/1/2022 0:15,2867.574,6252.79,  ,4955,0,-3.25,  ,-4.375585,82.394596,74.041187,71.815584,74.458693,26.624701,27.045495,27.597786,27.699697
2/1/2022 0:30,2730.556,5954.02,  ,4954,0,2.15,  ,-5.033075,88.49939,80.760734,72.699908,76.967017,25.924474,25.960636,27.374239,27.229592
2/1/2022 0:45,-2.741,-5.98,  ,4956,0,  ,  ,-4.868703,90.978127,78.019001,70.885236,74.586904,25.835713,26.775924,28.00543,27.79832
2/1/2022 1:00,-2.829,-6.17,  , ,0,  ,  ,-4.868703,91.753965,75.773673,69.902288,73.52177,25.612167,27.121106,28.179665,28.179665
2/1/2022 1:15,-2.659,-5.8,  ,4953,0,  ,  ,-4.868703,90.494872,77.276037,72.936604,76.667859,25.677916,26.710175,27.551762,27.591211
2/1/2022 1:30,-2.732,-5.96,  ,4960,0,  ,  ,-4.70433,92.299682,81.944216,73.219325,77.200426,25.470806,25.908037,27.877219,27.416976
2/1/2022 1:45,2730.556,5954.02,  ,4963,0,3.94,  ,-4.868703,93.019633,77.894078,70.89181,74.853187,25.355745,26.624701,28.271713,27.910094
2/1/2022 2:00,-2.916,-6.36,  ,4960,0,  ,  ,-4.539958,93.341803,76.260215,70.448005,73.49547,25.454369,27.068507,28.278288,28.084329
2/1/2022 2:15,-2.696,-5.88,  ,4965,0,  ,  ,-4.375585,91.359471,78.255697,73.666418,76.174742,25.559567,26.913997,27.436701,27.581349
2/1/2022 2:30,-2.797,-6.1,  ,4961,0,  ,  ,-4.539958,92.654726,82.263098,72.785381,77.111665,25.635179,26.17432,27.719422,27.400539
2/1/2022 2:45,-2.714,-5.92,  ,4963,0,249.87,  ,-4.539958,93.266192,77.963114,69.652442,73.281786,25.411632,26.578677,28.117203,27.83777
2/1/2022 3:00,-1.898,-4.14,  ,4972,0,127.8,80.21,-4.70433,92.776362,74.156248,68.298013,71.476976,25.253835,26.874547,27.870644,27.624086
2/1/2022 3:15,-2.43,-5.3,  ,4969,0,  ,  ,-4.539958,91.970937,73.03194,67.236167,70.632102,25.211098,26.772636,27.82462,27.778596
2/1/2022 3:30,2436.345,2375.85,3155.79,4965,0,8.99,-6.14,-4.70433,93.147844,71.979956,66.637851,69.636005,25.217673,27.094806,28.196102,27.982418
2/1/2022 3:45,-1.489,-3.25,-40.85,4968,0,132.27,  ,-4.375585,93.542338,71.56245,66.815373,69.662304,25.237397,27.02577,28.196102,27.860782
2/1/2022 4:00,2669.007,5819.81,-25.4,4971,0,5.98,  ,-4.70433,91.905188,70.941122,65.954061,68.551146,25.250547,27.094806,28.386774,28.215827
2/1/2022 4:15,-1.494,-3.26,  ,4969,0,  ,  ,-4.539958,92.05641,70.359244,65.924474,68.284863,25.086175,27.216442,28.344037,28.258563
2/1/2022 4:30,-1.421,-3.1,  ,4969,0,  ,  ,-4.539958,91.76054,70.254045,65.720652,68.748393,25.385333,27.482725,28.485397,28.472248
2/1/2022 4:45,-1.512,-3.3,-39.1,4971,0,  ,  ,-4.539958,91.175374,70.13241,66.34198,68.49526,25.382045,27.357802,28.357187,28.436086
2/1/2022 5:00,-1.586,-3.46,  ,4973,0,  ,  ,-4.539958,89.952443,71.74326,66.828523,69.119875,25.437932,27.719422,28.731956,28.699082
2/1/2022 5:15,-1.604,-3.5,-30.22,4974,0,  ,  ,-4.868703,89.916281,71.125219,66.453754,68.94564,25.526693,27.594499,28.557721,28.735244
2/1/2022 5:30,-1.613,-3.52,-31.53,4975,0,  ,  ,-4.539958,90.070791,70.766887,66.167746,68.919341,25.839001,27.725997,28.616895,28.541284
2/1/2022 5:45,2730.112,5953.05,-39.26,4971,0,6.38,  ,-4.70433,88.561852,70.28692,66.430741,68.708944,25.796264,27.857495,28.633333,28.426223
2/1/2022 6:00,-1.558,-3.4,-29.7,4971,0,  ,  ,-4.539958,88.384329,70.076523,66.111859,68.754968,25.862013,27.814758,28.669495,28.551146
2/1/2022 6:15,-1.526,-3.33,-30.34,4970,0,  ,  ,-5.033075,88.265981,69.833252,65.845575,68.367049,26.052685,27.919956,28.616895,28.639908
2/1/2022 6:30,2669.007,5819.81,-30.38,4973,0,7.72,  ,-4.211213,87.710402,69.471632,65.848863,68.639908,26.105284,28.054742,28.807567,28.600458
2/1/2022 6:45,-1.526,-3.33,-32.41, ,0,  ,  ,-4.375585,86.951001,69.619567,65.520118,68.419648,26.026385,27.860782,28.870029,28.613608
2/1/2022 7:00,-1.379,-3.01,-33.17,4973,0,  ,  ,-4.375585,86.369123,69.478207,65.954061,68.745106,26.203907,27.949543,28.764831,28.422936
2/1/2022 7:15,-1.297,-2.83,-28.71,4971,0,  ,  ,-1.416881,86.490758,70.254045,67.015907,69.478207,26.01981,27.716134,28.491972,28.666207
2/1/2022 7:30,-1.301,-2.84,-34.08,4985,0,  ,  ,8.445468,87.006888,70.632102,67.755584,70.224458,26.151308,27.772021,28.442661,28.360474
2/1/2022 7:45,2905.639,6335.79,-35,4984,0,-0.69,  ,22.088383,86.014078,71.164669,67.933106,70.244183,26.092134,27.844345,28.120491,28.46896
2/1/2022 8:00,-1.265,-2.76,-26.9,4983,0,  ,  ,27.84142,86.832653,72.131179,68.626758,71.135082,26.312393,27.923244,28.373624,28.376912
2/1/2022 8:15,-1.279,-2.79,-27.39,4980,0,  ,  ,126.464905,87.569042,72.321851,68.038304,70.878661,26.480053,27.722709,28.409786,28.682644
2/1/2022 8:30,2867.574,6252.79,-26.16,4978,0,-0.98,  ,129.094864,87.598629,72.397462,69.284248,72.308701,26.453754,28.337462,28.741818,28.810855
2/1/2022 8:45,2762.971,6024.7,-25.48,4978,0,8.51,  ,184.159643,86.599244,72.055568,71.243568,74.636215,27.032345,28.896329,29.524231,29.014677
2/1/2022 9:00,2669.442,5820.76,-24.9,4979,0,20.94,  ,293.796084,85.4322,71.930644,71.937219,75.606013,27.673397,29.501219,30.000912,29.550531
2/1/2022 9:15,-1.311,-2.86,-27.78,4980,0,  ,  ,264.044666,86.069965,72.045705,70.392118,75.941333,28.048167,29.718191,30.369106,30.122547
2/1/2022 9:30,-1.329,-2.9,-30.92,4981,0,  ,  ,238.40256,85.093592,71.092345,70.224458,75.619163,27.768733,29.678742,30.293495,30.076523
2/1/2022 9:45,2700.587,5888.67,-29.65,4977,0,19.2,  ,157.860047,81.97709,70.145559,70.520329,74.031325,27.910094,29.405883,29.734628,29.465057
2/1/2022 10:00,2867.574,6252.79,-31.41,4976,0,-0.79,  ,327.163697,79.741625,69.040976,69.599843,73.222612,28.261851,29.392733,29.471632,29.396021
2/1/2022 10:15,2762.971,6024.7,-31.41,4978,0,8.27,  ,202.733733,83.239471,70.464442,71.499989,74.544167,28.255276,29.843114,30.352669,30.349381
2/1/2022 10:30,-1.035,-2.26,-23.65,4975,0,  ,  ,191.392032,79.932297,70.043648,69.063989,73.452734,28.597171,29.336847,29.382871,29.359859
2/1/2022 10:45,-0.912,-1.99,-23.82,4975,0,  ,  ,186.789603,78.525268,69.547244,69.432183,73.2259,28.567584,29.274385,29.129738,29.037689
2/1/2022 11:00,-0.769,-1.68,-24.8,4974,0,39.11,  ,184.324016,80.875795,70.155422,69.800377,73.262062,27.985705,29.080426,29.024539,28.570871
2/1/2022 11:15,-0.549,-1.2,-25.17,4976,0,  ,  ,240.046285,81.3459,74.665802,73.39356,76.4739,27.844345,28.14679,27.857495,27.96598
2/1/2022 11:30,-0.618,-1.35,-25.17,4974,0,  ,  ,383.050338,82.013252,75.152345,75.254256,77.052491,27.597786,27.607648,27.686547,28.110628
2/1/2022 11:45,2699.701,5886.74,-24.51,4975,0,14.3,  ,574.379899,85.566985,78.11105,77.111665,78.617317,27.584636,28.350612,28.735244,29.968037
2/1/2022 12:00,-0.811,-1.77,-23.24,4979,0,  ,  ,364.476249,87.766289,77.210288,76.174742,77.364799,27.732571,28.63662,29.326984,30.770175
2/1/2022 12:15,-0.82,-1.79,-24.59,4977,0,  ,  ,335.875438,86.668281,76.572523,77.193851,75.875584,27.900231,28.442661,28.843729,30.589365
2/1/2022 12:30,2668.566,5818.85,-24.55, ,0,10.4,  ,170.681101,85.606434,77.844766,77.982839,75.668475,27.900231,28.01858,28.577446,29.905576
2/1/2022 12:45,-0.664,-1.45,-23.49,4981,0,  ,  ,159.832517,84.219131,77.315487,76.408151,76.15173,27.578061,27.666822,27.532037,28.50841
2/1/2022 13:00,2730.112,5953.05,-23.45,4981,0,5.59,  ,142.73778,82.838402,77.818467,77.197139,77.667244,27.275616,27.242742,27.130968,27.739146
2/1/2022 13:15,2730.556,5954.02,-23.09,4981,0,5.79,  ,158.02442,83.492604,78.413495,77.377948,78.019001,26.85811,26.720037,26.867972,26.923859
2/1/2022 13:30,2730.556,5954.02,-23.09,4979,0,4.69,  ,122.355593,83.857511,78.890175,77.519309,78.867163,26.700312,26.407729,26.828523,26.818661
2/1/2022 13:45,-0.646,-1.41,-24.76,4980,0,  ,  ,157.695675,83.706289,79.301106,77.124815,78.854013,26.565527,26.171033,26.34198,26.71675
2/1/2022 14:00,2731.006,5955,-23.78,4981,0,7.87,  ,321.739405,83.900248,79.024961,76.155017,77.519309,26.197333,26.266369,26.680588,26.983033
2/1/2022 14:15,-0.421,-0.92,-24.8,4982,0,  ,  ,215.554786,83.821349,78.840863,75.915033,76.516637,26.197333,26.184183,26.641138,26.976458
2/1/2022 14:30,-0.421,-0.92,-24.12,4981,0,  ,  ,149.970169,83.489317,78.558143,75.408766,76.644847,26.34198,26.22692,26.687163,26.867972
2/1/2022 14:45,-0.471,-1.03,-24.8,4982,0,  ,  ,140.76531,82.960038,77.949965,75.057009,76.437738,26.302531,26.164458,26.489916,26.920571
2/1/2022 15:00,-0.545,-1.19,-25.56,4983,0,  ,  ,128.930492,82.66088,78.337884,76.260215,78.508831,26.009948,25.881737,26.532652,26.585252
2/1/2022 15:15,2905.639,6335.79,-25.6,4983,0,-0.86,  ,102.630896,88.670337,82.641155,79.879697,82.210499,26.210482,26.292669,26.894272,26.802223
2/1/2022 15:30,-0.747,-1.63,-24.91,4982,0,  ,  ,98.357212,89.097706,83.27892,80.537187,83.009349,26.075697,26.302531,26.683875,27.052069
2/1/2022 15:45,2763.425,6025.69,-26.12,4985,0,4.73,  ,111.50701,89.673009,83.364394,80.556912,82.960038,26.443891,26.480053,26.864685,27.002758
2/1/2022 16:00,-0.985,-2.15,-26.08,4986,0,  ,  ,110.19203,89.794645,83.489317,80.326791,82.437333,26.585252,26.50964,26.900847,26.88441
2/1/2022 16:15,-0.976,-2.13,-20.42,4986,0,  ,  ,108.055188,89.199617,83.009349,80.431989,82.858127,26.420879,26.328831,26.782499,26.841673
2/1/2022 16:30,2868.042,6253.81,-25.6,4986,0,0.02,  ,74.35883,89.061544,83.213171,80.648961,83.032361,26.348555,26.203907,26.736474,26.762774
2/1/2022 16:45,-1.026,-2.24,-21.37,4986,0,  ,  ,60.222797,88.551989,83.502467,80.448426,83.022499,26.545802,26.38143,27.045495,26.83181
2/1/2022 17:00,-1.109,-2.42,-22.18,4986,0,  ,  ,37.210651,89.32454,83.393981,80.034208,83.114548,26.463616,26.417592,26.749624,26.733187
2/1/2022 17:15,2867.574,6252.79,-22.18,4986,0,-1.22,  ,29.1564,89.150305,82.256523,79.215633,82.072426,26.411017,26.184183,26.913997,26.759486
2/1/2022 17:30,-1.274,-2.78,-21.61,4985,0,11.38,  ,11.732917,89.410013,81.365625,78.40692,81.207827,26.18747,26.190758,26.805511,26.759486
2/1/2022 17:45,-1.329,-2.9,-23.37,4986,0,23.19,  ,0.719961,88.489528,80.18543,77.302337,79.905997,26.190758,26.246644,26.992895,26.792361
2/1/2022 18:00,-1.421,-3.1,-24.76,4987,0,84.15,  ,-2.731861,87.631503,79.001948,74.688815,77.677106,26.20062,26.348555,26.864685,26.920571
2/1/2022 18:15,-1.485,-3.24,-25.97, ,0,  ,  ,-4.70433,87.973398,74.8236,70.319794,73.600669,26.141446,27.081656,27.778596,27.808183
2/1/2022 18:30,-1.43,-3.12,-25.21,4984,0,  ,  ,-4.868703,88.157495,72.811681,69.116588,72.144329,26.184183,27.236167,28.150078,27.768733
2/1/2022 18:45,-1.43,-3.12,-25.64,4984,0,  ,  ,-4.70433,85.787244,71.667649,68.409786,70.898385,26.013235,27.311778,27.959405,27.959405
2/1/2022 19:00,-1.301,-2.84,-25.6,4983,0,  ,  ,-4.868703,87.072637,70.674839,67.558337,70.770175,26.098709,27.255891,28.255276,27.82462
2/1/2022 19:15,-1.297,-2.83,-25.25,4984,0,  ,  ,-4.70433,84.689236,70.293495,67.127681,69.849689,26.049397,27.453138,27.755584,27.969268
2/1/2022 19:30,-1.269,-2.77,-26.04,4984,0,  ,  ,-4.70433,86.280362,69.895713,66.591827,69.576831,26.332118,27.426839,28.071179,28.051454
2/1/2022 19:45,-1.15,-2.51,-25.64,4983,0,  ,  ,-4.70433,83.844361,69.027827,66.427454,69.527519,26.286094,27.482725,28.199389,28.035017
2/1/2022 20:00,-1.155,-2.52,-26.04,4985,0,  ,  ,-4.868703,84.169819,69.021252,65.809414,68.738531,26.249932,27.30849,28.261851,28.094191
2/1/2022 20:15,-1.095,-2.39,-24.91,4985,0,  ,  ,-4.539958,82.992912,68.064604,65.549705,68.564296,26.470191,27.686547,27.988993,27.969268
2/1/2022 20:30,-1.049,-2.29,-27.43,4985,0,  ,  ,-4.70433,83.357819,67.956118,65.293284,67.518887,26.243357,27.594499,28.278288,28.123778
2/1/2022 20:45,-1.127,-2.46,-27.9,4983,0,  ,  ,-5.033075,84.242143,67.532037,64.967826,67.288766,26.489916,27.433414,28.156652,28.097478
2/1/2022 21:00,-1.035,-2.26,-34.15,4984,0,  ,  ,-4.539958,83.824637,67.36109,64.474709,66.647713,26.246644,27.68326,28.14679,28.242126
2/1/2022 21:15,-0.999,-2.18,-27.86,4984,0,19.39,  ,-4.539958,81.812718,66.71675,64.004604,66.312393,26.194045,27.5156,28.143503,28.13364
2/1/2022 21:30,-0.994,-2.17,-30.58,4985,0,  ,  ,-4.375585,82.079001,66.756199,63.718596,65.934337,26.184183,27.315065,28.304588,28.136928
2/1/2022 21:45,-0.939,-2.05,-33.44,4984,0,  ,  ,-4.539958,81.421511,66.578677,63.817219,65.224248,26.420879,27.538612,27.827908,28.196102
2/1/2022 22:00,2868.515,6254.84,-38.34,4985,0,0,  ,-4.375585,80.819908,66.38143,63.297802,65.289997,26.263082,27.34794,28.376912,28.357187
2/1/2022 22:15,-0.967,-2.11,-39.62,4986,0,  ,  ,-4.868703,81.027017,66.065835,63.409575,65.493818,26.194045,27.67011,28.521559,28.225689
2/1/2022 22:30,-0.953,-2.08,-55.07,4988,0,  ,  ,-4.70433,80.573349,66.157883,63.383276,65.562855,26.161171,27.745721,28.34075,28.275001
2/1/2022 22:45,-0.99,-2.16,-42.84,4986,0,  ,  ,-4.211213,81.293301,66.249932,63.199179,64.833041,26.240069,27.555049,28.593883,28.426223
2/1/2022 23:00,-0.921,-2.01,  ,4986,0,27.13,  ,-4.70433,80.517463,66.052685,63.136717,65.161786,26.210482,27.571486,28.238839,28.324312
2/1/2022 23:15,2730.112,5953.05,-39.65,4987,0,5.4,  ,-4.211213,80.517463,66.157883,63.064393,65.069737,26.207195,27.801608,28.291438,28.449235
2/1/2022 23:30,2730.556,5954.02,  ,4988,0,7.46,  ,-4.375585,81.240701,66.095422,63.130142,65.382045,26.282806,27.555049,28.393349,28.491972
2/1/2022 23:45,-0.847,-1.85,  ,4989,0,  ,  ,-4.539958,80.514175,65.819276,63.047956,65.023713,26.230207,27.716134,28.196102,28.317737
2/2/2022 0:00,-0.737,-1.61,  , ,0,15.63,  ,-4.868703,79.54109,66.013235,63.27479,65.168361,26.388005,27.4893,28.3276,28.485397
2/2/2022 0:15,-0.916,-2,-24.67,4987,0,  ,  ,-5.033075,79.912572,66.134871,62.992069,65.178223,26.148021,27.548474,28.63662,28.311163
2/2/2022 0:30,-0.916,-2,-28.99,4989,0,  ,  ,-4.375585,79.741625,65.799551,63.212328,65.132199,26.466903,27.597786,28.561009,28.196102
2/2/2022 0:45,2729.662,5952.07,-28.99,4989,0,6.12,  ,-4.539958,80.49445,65.651616,62.909883,65.056588,26.318968,27.584636,28.465673,28.432798
2/2/2022 1:00,-0.884,-1.93,-27.94,4989,0,  ,  ,-4.70433,79.87641,66.220345,63.038094,65.22096,26.269656,27.742434,28.367049,28.413074
2/2/2022 1:15,-0.944,-2.06,-30.02,4989,0,  ,  ,-4.375585,79.981608,65.342596,62.650175,65.132199,26.545802,27.679972,28.639908,28.393349
2/2/2022 1:30,-0.852,-1.86,-27.94,4991,0,  ,  ,-4.539958,80.389252,66.374855,63.284652,65.151924,26.506353,27.814758,28.436086,28.3013
2/2/2022 1:45,-0.861,-1.88,-26.54,4991,0,  ,  ,-4.70433,80.067082,66.072409,63.001932,64.865916,26.345268,27.722709,28.478823,28.607033
2/2/2022 2:00,2867.102,6251.76,-29.49,4992,0,-1.39,  ,-4.70433,80.099956,66.253219,63.044668,65.286709,26.519503,27.896944,28.304588,28.291438
2/2/2022 2:15,-0.678,-1.48,  ,4992,0,19.53,  ,-4.70433,80.349803,66.197333,62.883583,65.329446,26.503065,27.676685,28.518272,28.373624
2/2/2022 2:30,-0.824,-1.8,-27.05,4992,0,  ,  ,-4.375585,80.205155,65.868588,63.534498,65.339308,26.473478,27.795033,28.439373,28.396636
2/2/2022 2:45,-0.889,-1.94,-26.58,4992,0,  ,  ,-4.70433,79.03811,65.970499,63.61011,65.746952,26.480053,27.808183,28.669495,28.386774
2/2/2022 3:00,-0.806,-1.76,-27.05,4994,0,16.78,  ,-4.70433,79.787649,65.87845,63.255065,65.681203,26.407729,27.762159,28.311163,28.284863
2/2/2022 3:15,-0.756,-1.65,-25.8,4995,0,  ,  ,-4.375585,79.498353,65.927762,63.330677,65.552992,26.660863,27.860782,28.436086,28.294725
2/2/2022 3:30,-0.811,-1.77,-26.2,4996,0,  ,  ,-4.539958,80.573349,66.115146,63.051243,65.493818,26.595114,27.693122,28.34075,28.304588
2/2/2022 3:45,-0.838,-1.83,-25.84,4995,0,  ,  ,-4.70433,80.03092,65.8653,63.103843,65.595729,26.601689,27.775308,28.353899,28.416361
2/2/2022 4:00,-0.751,-1.64,-25.41,4996,0,  ,  ,-4.70433,81.401786,65.90475,62.880296,65.313009,26.486628,27.673397,28.376912,28.422936
2/2/2022 4:15,-0.705,-1.54,-24.67,4997,0,  ,  ,-4.375585,79.827098,65.8653,63.090693,64.902077,26.184183,27.712847,28.284863,28.367049
2/2/2022 4:30,-0.71,-1.55,-23.32,4998,0,  ,  ,-4.375585,78.913187,65.483956,62.337867,65.063162,26.286094,27.69641,28.676069,28.403211
2/2/2022 4:45,-0.792,-1.73,-19.98,4999,0,  ,  ,-4.539958,79.564102,65.618741,62.719211,64.902077,26.486628,27.673397,28.48211,28.393349
2/2/2022 5:00,-8.873,-1.53,-19.15,4998,0,  ,  ,-4.868703,80.113106,65.862013,62.393753,64.760717,26.611551,27.847632,28.593883,28.380199
2/2/2022 5:15,-9.036,-1.68,-19.37,4998,0,  ,  ,-4.539958,80.49445,65.792976,62.860571,65.355745,26.256507,27.594499,28.130353,28.337462
2/2/2022 5:30,-8.667,-1.48,-18.72,5000,0,  ,  ,-4.868703,79.988183,65.806126,62.807972,64.977689,26.407729,27.814758,28.501835,28.182952
2/2/2022 5:45,-8.937,-1.67,-19.15, ,0,  ,  ,-4.211213,79.310969,65.733802,62.548264,65.263697,26.611551,27.716134,28.347325,28.265138
2/2/2022 6:00,-8.749,-1.66,-18.72,5000,0,42.7,  ,-4.70433,80.290629,65.717365,62.817834,65.171648,26.53594,27.795033,28.265138,28.347325
2/2/2022 6:15,-8.956,-1.71,-19.15,5003,0,11.26,  ,-4.868703,80.014483,65.868588,62.334579,64.764005,26.611551,27.79832,28.50841,28.399924
2/2/2022 6:30,-8.824,-1.59,-18.97,5002,0,10.23,  ,-4.539958,79.498353,65.628604,62.801397,64.994126,26.259794,27.702984,28.413074,28.413074
2/2/2022 6:45,2859.385,6252.79,-19.19,5002,0,-1.27,  ,-5.033075,79.018386,65.875163,62.400328,64.570045,26.532652,27.814758,28.866742,28.376912
2/2/2022 7:00,2755.707,6026.68,-19.15,5003,0,6.14,  ,-4.539958,79.146596,65.658191,62.466077,64.826466,26.529365,27.818045,28.505122,28.34075
2/2/2022 7:15,2722.945,5955,-18.89,5003,0,6.43,  ,-1.909998,79.462191,65.924474,63.61011,65.809414,26.289381,27.716134,28.357187,28.311163
2/2/2022 7:30,2691.024,5885.77,-19.29,5005,0,15.01,  ,3.349921,78.328021,66.34198,63.794207,66.411017,26.463616,27.768733,27.985705,27.867357
2/2/2022 7:45,-8.965,-1.6,-19.29,5006,0,  ,  ,23.074618,79.057835,66.470191,63.991454,66.246644,26.450466,27.393964,28.321025,28.130353
2/2/2022 8:00,-0.811,-1.77,-19.55,5007,0,  ,  ,40.169355,80.182143,67.140831,64.303762,66.466903,26.325543,27.617511,28.104053,28.041592
2/2/2022 8:15,-0.742,-1.62,-19.98,5008,0,  ,  ,74.030085,80.731147,68.209252,65.000701,67.272329,26.591827,27.426839,28.235551,28.347325
2/2/2022 8:30,-0.724,-1.58,-19.82,5008,0,  ,  ,119.396888,81.710807,68.616895,65.41492,67.903519,26.723324,27.676685,28.403211,28.416361
2/2/2022 8:45,-0.687,-1.5,-19.67,5011,0,  ,  ,83.563689,82.887714,69.514369,66.769349,70.342806,26.49649,28.219114,28.498547,28.360474
2/2/2022 9:00,2699.701,5886.74,-19.86,5010,0,10.64,  ,134.847901,82.933738,69.333559,66.552377,70.069948,26.769349,28.357187,28.98509,28.557721
2/2/2022 9:15,2730.112,5953.05,-20.13,5009,0,4.95,  ,102.795268,78.203098,66.450466,64.823179,66.867972,26.927146,28.475535,28.64977,28.544572
2/2/2022 9:30,-0.838,-1.83,-19.63,5011,0,  ,  ,396.857626,75.546839,64.767292,65.158499,66.940296,27.463001,28.31445,28.807567,28.870029
2/2/2022 9:45,-0.902,-1.97,-20.86,5011,0,  ,  ,86.193648,74.442256,65.257122,64.826466,66.6773,27.239454,28.452523,28.702369,28.616895
2/2/2022 10:00,-0.861,-1.88,-20.5,5012,0,  ,  ,199.775029,76.868394,64.994126,63.968442,66.493203,27.344652,28.038304,28.090903,28.035017
2/2/2022 10:15,-0.834,-1.82,-20.38,5012,0,  ,  ,222.129685,78.623892,65.871875,64.678531,67.301916,26.894272,27.449851,28.00543,27.749009
2/2/2022 10:30,2730.556,5954.02,-21,5013,0,6.07,  ,146.353974,78.005851,67.397252,64.803454,67.709559,27.01262,27.505737,27.686547,27.601073
2/2/2022 10:45,-0.857,-1.87,-22.63,5012,0,  ,  ,259.60661,79.833673,66.082272,63.61011,66.338693,26.697025,27.551762,28.232264,28.100766
2/2/2022 11:00,-0.852,-1.86,-22.24,5013,0,  ,  ,358.723212,77.351649,65.848863,67.403827,67.854207,27.130968,28.390061,28.981802,28.952215
2/2/2022 11:15,-0.737,-1.61,-21.61,5013,0,  ,  ,198.624421,78.597592,68.590596,68.298013,70.089673,27.229592,28.376912,28.192814,28.235551
2/2/2022 11:30,-0.572,-1.25,-20.74, ,0,  ,  ,151.942638,77.637657,70.655114,68.653057,69.754353,26.946871,27.130968,27.252604,27.397252
2/2/2022 11:45,-1.045,-2.28,-20.69,5013,0,  ,  ,247.443046,77.374661,70.342806,68.896329,70.336231,26.752912,27.075082,27.157268,27.578061
2/2/2022 12:00,2762.971,6024.7,-20.94,5014,0,1.6,  ,139.45033,77.657382,71.634774,69.813527,70.997009,26.328831,26.52279,26.835098,26.851535
2/2/2022 12:15,-0.756,-1.65,-21.16,5014,0,  ,  ,488.413095,78.117624,70.694563,69.323697,69.366434,26.322256,26.815373,26.881122,27.255891
2/2/2022 12:30,-0.939,-2.05,-21.76,5015,0,  ,  ,880.277075,80.602936,67.706272,69.672167,71.920782,26.766061,27.82462,27.614223,28.94564
2/2/2022 12:45,-0.788,-1.72,-20.8,5014,0,  ,  ,133.532921,80.579924,68.367049,69.711616,67.538612,26.775924,28.136928,27.653673,29.366434
2/2/2022 13:00,-0.742,-1.62,-21.01,5015,0,  ,  ,608.569374,78.54828,69.557106,69.146175,70.303357,26.720037,27.295341,27.318353,28.067891
2/2/2022 13:15,-0.756,-1.65,-20.76,5015,0,  ,  ,629.444678,81.33275,71.39479,69.409171,72.473074,26.457041,27.305203,28.077754,29.622855
2/2/2022 13:30,-8.596,-1.27,-18.78,5013,0,  ,  ,364.476249,83.436718,72.946466,69.458482,70.714288,26.887697,27.900231,28.537997,30.556491
2/2/2022 13:45,-8.377,-1.1,-18.45,5014,0,  ,  ,570.763705,84.662936,73.531632,70.201446,75.379179,27.272329,27.956118,28.544572,31.148232
2/2/2022 14:00,-8.249,-0.7,-18.58,5013,0,  ,290.22,785.762902,85.093592,73.1733,71.592037,73.883389,27.219729,28.094191,28.597171,31.785997
2/2/2022 14:15,-6.974,-0.19,-16.14,5015,0,  ,  ,775.571809,85.139617,73.206175,72.242952,68.061316,27.130968,28.038304,28.209252,32.40075
2/2/2022 14:30,-5.779,0.63,-14.22,5014,0,  ,  ,321.903778,85.71492,73.416572,72.933317,64.91194,27.338078,28.192814,28.01858,33.419859
2/2/2022 14:45,-5.033,1.26,-13.15,5013,0,  ,  ,455.867345,84.557738,73.061527,71.92407,59.806531,27.262466,27.82462,28.021867,34.057624
2/2/2022 15:00,-4.128,2.08,-11.91,5014,0,80.37,  ,419.212283,83.854224,75.027422,73.409997,63.008507,26.979746,27.47615,27.910094,33.442871
2/2/2022 15:15,-3.401,2.53,-10.69,5014,0,77.1,  ,211.938592,86.934564,80.67526,77.483147,69.119875,27.048782,27.722709,27.880507,32.410612
2/2/2022 15:30,-4.092,3.35,-13.19,5015,0,72.1,  ,246.949929,88.381042,81.589171,78.831001,74.031325,27.200005,27.689835,27.97913,31.450677
2/2/2022 15:45,2758.683,6027.67,-13.24,5014,0,6.74,  ,367.270581,88.683487,81.437948,79.117009,76.727033,27.216442,27.571486,27.972555,30.957559
2/2/2022 16:00,-4.128,4.09,-14.07,5013,0,68.85,  ,199.281911,88.252831,81.073042,79.347131,75.033997,27.157268,27.344652,27.719422,30.471017
2/2/2022 16:15,-4.105,4.27,-14.21,5015,0,67.97,  ,292.809849,88.624313,81.816005,79.38658,79.070985,27.170418,27.315065,27.453138,29.622855
2/2/2022 16:30,-3.769,4.23,-13.38,5016,0,68.13,  ,201.747498,88.591439,82.213787,79.636426,77.486434,27.002758,27.236167,27.380814,29.478207
2/2/2022 16:45,2695.107,5888.67,-12.84,5014,0,23.76,  ,113.972597,88.308718,81.802855,80.85607,75.31343,26.887697,26.841673,27.035632,29.221786
2/2/2022 17:00,-3.297,4.17,-12.21,5013,0,68.73,  ,121.040613,86.589382,81.30645,80.027633,73.847228,26.565527,26.532652,26.6773,28.669495
2/2/2022 17:15,2670.322,4.11,6252.79, ,0,69.18,0.48,70.085146,84.801009,82.138175,78.416782,72.943179,26.348555,26.039535,26.473478,27.936393
2/2/2022 17:30,-0.968,4.01,-6.58,5013,0,69.97,  ,51.346684,84.557738,82.256523,77.042628,74.294321,25.937624,25.464231,26.164458,27.058644
2/2/2022 17:45,-1.035,3.38,-6.06,5014,0,73.22,  ,13.869759,82.752928,80.254467,76.996604,75.740798,25.559567,25.237397,25.664766,26.364992
2/2/2022 18:00,-1.428,2.43,-5.96,5013,0,78.05,  ,-0.759391,82.976475,77.907228,74.412669,76.132005,25.191373,24.852766,25.687778,25.812701
2/2/2022 18:15,-1.634,1.46,-5.4,5012,0,82,  ,-3.882468,86.378985,74.162823,67.844345,69.659017,25.171648,25.599017,26.979746,26.867972
2/2/2022 18:30,-1.395,1.33,-4.7,5012,0,81.14,  ,-4.70433,84.528151,71.161381,66.190758,67.79832,25.240685,26.131584,27.107956,27.397252
2/2/2022 18:45,-1.32,1.01,-4.18,5011,0,82.93,  ,-4.868703,84.613625,69.741203,64.333349,66.279519,25.332733,26.634563,27.587924,27.433414
2/2/2022 19:00,-1.342,0.72,-3.92,5013,0,83.77,101.77,-4.868703,85.527536,68.3276,63.386563,64.665381,25.237397,26.526078,27.762159,27.69641
2/2/2022 19:15,-1.257,0.71,-3.71,5012,0,83.24,99.9,-4.539958,83.147422,67.423551,62.498952,63.899405,25.253835,26.69045,27.689835,27.900231
2/2/2022 19:30,-1.285,0.62,-3.68,5013,0,83.77,98.64,-4.375585,83.140847,66.6773,62.328005,63.458887,25.477381,26.729899,27.752296,27.916669
2/2/2022 19:45,-1.17,0.74,-3.54,5017,0,81.33,96.77,-4.375585,82.49322,65.773252,61.539017,62.814547,25.266984,26.756199,27.722709,27.883794
2/2/2022 20:00,-0.972,0.94,-3.29,5014,0,81.11,94.62,-4.868703,81.631908,66.069122,62.729073,63.948717,25.460944,26.414304,27.203292,27.32164
2/2/2022 20:15,-0.945,0.71,-2.98,5017,0,83.12,90.75,-4.868703,80.297203,66.775924,62.900021,63.649559,25.283422,25.973786,26.782499,27.075082
2/2/2022 20:30,-1.018,0.7,-3.14,5014,0,81.88,92.37,-4.539958,75.379179,65.086175,59.770369,60.756604,25.477381,26.447179,27.877219,27.877219
2/2/2022 20:45,-0.767,0.69,-2.54,5014,0,80.97,87.4,-4.375585,78.426645,63.294515,58.218693,59.112879,25.342596,26.697025,27.834482,28.347325
2/2/2022 21:00,-0.927,0.73,-2.96,5015,0,80.4,90.1,-4.868703,77.966402,62.610725,57.557915,58.932069,25.441219,27.02577,27.923244,28.265138
2/2/2022 21:15,-1.03,0.74,-3.21,5015,0,80.73,91.82,-4.868703,76.431163,61.670515,57.672976,58.314029,25.681203,27.400539,28.406499,28.278288
2/2/2022 21:30,-0.865,0.82,-2.91,5017,0,79.75,89.72,-4.211213,75.826272,61.647502,57.56449,58.162806,25.549705,27.486013,28.140215,28.564296
2/2/2022 21:45,-0.896,0.77,-2.93,5017,0,79.54,89.86,-4.868703,77.788879,61.634353,57.245608,57.939259,25.750239,27.114531,28.511697,28.465673
2/2/2022 22:00,-0.817,0.86,-2.84,5018,0,79.11,88.91,-4.868703,78.663341,61.466693,57.025348,57.663114,25.819276,27.601073,28.3013,28.439373
2/2/2022 22:15,-0.792,0.82,-2.74,5018,0,79.56,87.78,-4.539958,75.293705,61.229996,57.084523,57.801187,25.714077,27.377527,28.584021,28.488685
2/2/2022 22:30,-0.764,0.91,-2.77,5020,0,78.56,87.4,-4.70433,77.614645,60.687567,56.716328,57.814336,25.822563,27.397252,28.199389,28.659632
2/2/2022 22:45,-0.784,0.95,-2.86,5026,0,78.56,87.81,-4.70433,77.857916,60.64483,56.880701,57.617089,26.055972,27.36109,28.278288,28.537997
2/2/2022 23:00,-0.667,0.87,-2.5, ,0,79.73,85.23,-4.539958,74.32062,60.618531,57.133834,57.682838,25.868588,27.486013,28.163227,28.676069
2/2/2022 23:15,-0.489,0.96,-2.18,5023,0,79.15,82.31,-4.539958,75.872296,60.648118,56.775502,57.672976,25.750239,27.370952,28.212539,28.541284
2/2/2022 23:30,-0.442,1.1,-2.22,5025,0,78.03,82.19,-4.539958,76.907843,60.299648,57.038498,57.469154,26.003373,27.453138,28.275001,28.639908
2/2/2022 23:45,-0.324,1.18,-2.03,5025,0,77.6,80.99,-4.868703,75.849284,59.941316,56.742628,57.278482,25.973786,27.20658,28.258563,28.639908
2/3/2022 0:00,-0.307,1.17,-1.98,5032,0,76.62,80.64,-5.033075,75.484377,60.404847,56.614417,57.419842,25.921187,27.446563,28.409786,28.505122
2/3/2022 0:15,-0.014,1.93,-2.11,5036,0,79.25,82.05,-5.197448,77.585058,68.071179,65.894887,68.067891,25.963924,26.766061,27.351227,27.630661
2/3/2022 0:30,-0.074,1.67,-1.97,5035,0,78.91,82.05,-4.539958,85.622872,76.220766,66.946871,69.504507,25.332733,25.592442,27.607648,27.305203
2/3/2022 0:45,-0.293,1.22,-2,5036,0,79.42,81.88,-4.70433,86.84909,72.239665,64.783729,67.022482,25.227535,26.565527,27.926531,27.96598
2/3/2022 1:00,-0.439,0.93,-2.03,5036,0,79.92,81.69,-4.868703,87.746564,69.543956,63.156442,65.151924,25.135486,27.078369,28.255276,28.228976
2/3/2022 1:15,-0.251,1.34,-2.03,5039,0,78.25,82.05,-4.868703,85.770807,73.347535,67.96598,70.369106,24.951389,26.526078,27.525462,27.568199
2/3/2022 1:30,-0.354,1.06,-1.97,5038,0,78.82,80.87,-4.868703,88.913609,77.394386,66.979746,70.533478,24.836328,25.71079,27.745721,27.47615
2/3/2022 1:45,-0.503,0.78,-2.02,5041,0,79.94,80.99,-5.197448,89.820945,73.528345,64.977689,67.752296,24.632507,26.111859,28.097478,27.956118
2/3/2022 2:00,-0.639,0.55,-2.09,5042,0,80.54,81.23,-4.70433,90.037916,71.121932,63.047956,66.036248,24.875778,26.700312,28.176377,28.084329
2/3/2022 2:15,-0.38,1.05,-2.02,5042,0,78.15,81.62,-4.70433,87.453981,73.965576,68.856879,71.552588,24.954677,26.03296,27.341365,27.407114
2/3/2022 2:30,-0.518,0.73,-2,5040,0,79.46,80.85,-4.539958,90.567196,78.416782,67.393964,70.839211,24.556895,25.497106,27.36109,27.446563
2/3/2022 2:45,-0.72,0.41,-2.13,5040,0,80.83,81.19,-4.70433,90.895941,73.768329,65.283422,67.772021,24.477996,26.328831,27.956118,27.913381
2/3/2022 3:00,-0.806,0.27,-2.18,5044,0,81.04,81.76,-4.70433,90.790742,70.987146,63.935567,65.835713,24.570045,26.867972,28.021867,28.074466
2/3/2022 3:15,-0.784,0.27,-2.13,5044,0,81.42,81.42,-4.70433,88.02271,69.198774,62.597575,64.201851,24.714693,26.867972,28.478823,28.537997
2/3/2022 3:30,-0.843,0.18,-2.17,5048,0,81.76,81.76,-4.70433,88.081884,68.291438,61.627778,63.652847,24.892215,27.019195,28.383486,28.472248
2/3/2022 3:45,-0.84,0.14,-2.12,5051,0,81.71,81.02,-4.375585,86.336248,66.815373,60.934126,62.068296,24.895503,27.137543,28.646482,28.445948
2/3/2022 4:00,-0.824,0.23,-2.18,5052,0,81.11,81.83,-4.539958,87.052912,66.335405,60.631681,61.772426,25.253835,26.894272,28.406499,28.537997
2/3/2022 4:15,-0.847,0.18,-2.18, ,0,81.54,81.9,-4.375585,85.136329,65.924474,60.483745,61.542304,25.082887,27.269041,28.567584,28.590596
2/3/2022 4:30,-0.847,0.18,-2.18,5056,0,81.31,81.66,-4.539958,85.576847,65.342596,59.635583,60.746741,25.237397,27.239454,28.626758,28.695794
2/3/2022 4:45,-0.801,0.27,-2.17,5057,0,81.31,81.66,-4.868703,85.484799,64.882353,59.747357,60.16815,25.178223,27.357802,28.580733,28.77798
2/3/2022 5:00,-0.739,0.36,-2.12,5056,0,80.49,81.21,-4.539958,82.756216,64.392523,58.777559,59.83283,25.266984,27.370952,28.722094,28.879891
2/3/2022 5:15,-0.756,0.36,-2.16,5055,0,80.49,80.85,-4.375585,83.637252,63.879681,58.514563,59.569834,25.474094,27.505737,28.695794,28.975227
2/3/2022 5:30,-0.751,0.36,-2.15,5055,0,79.94,80.64,-4.868703,84.307892,63.77777,58.840021,59.208215,25.460944,27.518887,28.741818,28.866742
2/3/2022 5:45,-0.672,0.45,-2.06, ,0,79.66,80.35,-4.868703,83.857511,63.199179,58.320604,59.418612,25.322871,27.4893,28.718806,28.879891
2/3/2022 6:00,-0.659,0.45,-2.03, ,0,79.56,79.92,-5.033075,82.81539,62.722498,57.742012,59.027405,25.592442,27.357802,28.728669,28.79113
2/3/2022 6:15,-0.621,0.45,-1.94, ,0,79.92,79.92,-5.197448,83.512329,62.502239,57.354093,58.392927,25.608879,27.604361,28.620183,28.978515
2/3/2022 6:30,-0.638,0.45,-1.98, ,0,79.39,79.39,-4.868703,78.367471,62.456215,57.308069,58.498126,25.513543,27.637235,28.692507,28.879891
2/3/2022 6:45,-0.534,0.63,-1.93, ,0,78.89,78.89,-4.70433,80.67526,62.318142,56.801802,58.580312,25.822563,27.443276,28.561009,28.840442
2/3/2022 7:00,-0.592,0.54,-1.97, ,0,79.13,78.8,-4.375585,80.806758,62.515389,56.985899,58.918919,25.487243,27.262466,28.820717,28.837155
2/3/2022 7:15,-0.571,0.54,-1.92,5048,0,78.2,78.2,-0.759391,81.109203,61.979535,58.563875,59.878855,25.68449,27.735859,28.511697,28.62347
2/3/2022 7:30,-0.537,0.54,-1.84, ,0,78.65,77.65,8.938585,80.596361,62.413478,59.477786,60.894677,25.799551,27.699697,28.630045,28.498547
2/3/2022 7:45,-0.571,0.54,-1.92, ,0,78.36,78.03,31.457614,80.629236,62.709349,59.806531,61.108361,25.671341,27.781883,28.485397,28.564296
2/3/2022 8:00,-0.614,0.4,-1.87, ,0,78.22,77.24,52.990408,82.601706,63.76462,60.615243,62.209656,25.809414,27.906806,28.518272,28.879891
2/3/2022 8:15,-0.607,0.35,-1.8, ,0,77.67,16.14,88.330491,83.555066,65.677916,62.028847,64.412247,25.704215,27.956118,28.554434,28.725381
2/3/2022 8:30,-0.513,0.48,-1.72, ,0,76.62,75.66,103.288386,84.031746,66.489916,63.794207,65.704215,26.072409,28.002142,28.807567,28.807567
2/3/2022 8:45,-0.507,0.52,-1.75, ,0,76,75.38,128.10863,84.843746,66.976458,64.639081,67.548474,26.203907,28.488685,28.988377,28.659632
2/3/2022 9:00,-0.544,0.43,-1.74, ,0,76.5,74.92,261.579079,84.156669,68.209252,66.391292,69.218499,26.249932,28.597171,29.083713,28.899616
2/3/2022 9:15,-0.546,0.39,-1.7, ,0,75.93,74.68,176.269765,83.844361,68.363762,68.491972,70.865511,26.861397,29.054126,29.419033,29.119875
2/3/2022 9:30,-6.08,-13.26,  , ,0,  ,  ,369.571795,82.805527,69.30726,67.094806,71.414515,27.213154,29.12645,29.58998,29.43547
2/3/2022 9:45,-5.998,-13.08,  , ,0,  ,  ,455.867345,82.562256,70.75045,68.827292,70.632102,27.509025,29.409171,30.023924,30.204734
2/3/2022 10:00,-6.695,-14.6,  , ,0,  ,  ,240.868147,82.601706,69.61628,69.185624,71.187681,28.248701,29.705041,30.188296,30.224458
2/3/2022 10:15,-6.195,-13.51,  ,5058,0,  ,  ,293.631712,83.160572,70.40198,71.121932,72.739357,28.429511,30.198159,30.487454,30.385543
2/3/2022 10:30,-6.011,-13.11,  ,5060,0,  ,  ,298.069769,83.13756,70.405268,72.048993,74.215422,28.61032,30.221171,30.885236,30.701138
2/3/2022 10:45,-6.374,-13.9,  ,5060,0,  ,  ,254.017945,83.341382,71.131794,71.118644,74.830175,28.98509,30.579503,30.773462,31.09892
2/3/2022 11:00,-6.874,-14.99,  ,5064,0,  ,  ,261.907824,84.136944,73.778191,73.002353,75.359454,29.057414,30.546628,31.233705,31.345478
2/3/2022 11:15,-7.14,-15.57,  , ,0,  ,  ,267.496488,86.07654,74.100361,75.888734,77.236588,28.876604,30.194871,30.862223,31.973381
2/3/2022 11:30,-7.14,-15.57,  ,5064,0,  ,  ,291.166125,87.463843,76.000507,76.907843,76.391713,28.896329,30.378968,30.605802,32.335001
2/3/2022 11:45,-7.282,-15.88,  ,5065,0,  ,  ,289.5224,87.70054,77.134677,76.427875,73.193025,28.607033,30.490742,30.77675,32.847843
2/3/2022 12:00,-7.882,-17.19,  ,5065,0,  ,  ,314.507016,87.894499,73.745317,75.941333,72.496086,28.876604,31.003584,30.793187,33.820928
2/3/2022 12:15,2731.905,5956.96,  ,5067,0,0.1,  ,400.802566,88.029285,69.672167,76.552798,68.324312,28.939065,31.976669,31.039746,34.48828
2/3/2022 12:30,-8.46,-18.45,  ,5082,0,  ,  ,690.591239,87.447406,68.324312,75.306855,69.208636,28.922628,32.522385,30.822774,34.665802
2/3/2022 12:45,-8.63,-18.82,  ,5091,0,  ,  ,679.742656,88.275843,66.631276,76.378564,70.829349,29.244798,33.396847,30.980572,35.431778
2/3/2022 13:00,  ,-20.67,  ,5092,0,  ,  ,550.54589,88.157495,70.816199,77.558758,69.570256,29.386159,32.351438,31.24028,35.839422
2/3/2022 13:15,  ,-20.36,  ,5090,0,  ,  ,647.525651,88.002985,74.583616,76.60211,69.872701,29.241511,31.509851,31.118644,35.707924
2/3/2022 13:30,  ,-21.33,  ,5091,0,  ,  ,352.477058,88.709787,76.980167,76.339114,72.029268,29.277673,31.092345,30.973997,35.487665
2/3/2022 13:45,-7.419,-16.18,  ,5090,0,  ,  ,467.866535,89.11743,78.291859,77.207001,73.751892,29.317122,30.740588,30.980572,35.336442
2/3/2022 14:00,2700.142,5887.7,  ,5091,0,12.22,  ,984.160479,88.818273,78.844151,78.525268,73.959001,28.981802,30.517041,30.826061,35.356167
2/3/2022 14:15,-7.571,-16.51,  ,5089,0,  ,  ,706.864114,88.755811,79.978321,78.235973,73.035228,28.902904,30.448005,30.474304,35.444928
2/3/2022 14:30,-6.667,-14.54,  ,5088,0,  ,  ,313.685154,89.347552,80.487876,79.21892,70.010774,28.886466,30.112685,30.352669,36.348977
2/3/2022 14:45,2736.042,-12.12,6424.23,5088,0,  ,-4.45,362.339406,89.515212,79.771212,79.271519,66.966596,29.044264,30.411843,30.352669,36.999892
2/3/2022 15:00,2731.905,5956.96,  ,5088,0,2.65,  ,453.237385,89.912993,80.642386,80.001333,66.065835,28.643195,29.981187,30.10611,36.651422
2/3/2022 15:15,-3.439,-7.5,  ,5086,0,  ,  ,208.158025,90.501447,81.069754,79.971746,67.702984,28.80428,30.007487,29.977899,35.905171
2/3/2022 15:30,-2.764,-6.03,  ,5087,0,  ,  ,219.006608,90.652669,81.050029,80.418839,71.167956,28.784555,29.731341,30.122547,35.080021
2/3/2022 15:45,-2.544,-5.55,  ,5086,0,  ,  ,406.226857,90.047779,81.543147,80.839633,70.970709,28.810855,29.60313,29.751065,34.863049
2/3/2022 16:00,-2.177,-4.75,  ,5087,0,  ,  ,206.843045,89.906418,81.750256,80.261042,71.664361,28.771406,29.632717,29.514369,34.863049
2/3/2022 16:15,-1.797,-3.92,  ,5087,0,  ,  ,321.903778,90.208864,82.368297,80.201867,75.704637,28.902904,29.29411,29.655729,34.895924
2/3/2022 16:30,-1.778,-3.88,  ,5086,0,  ,  ,237.74507,89.916281,82.654305,79.731762,71.236993,28.613608,29.504507,29.698466,34.889349
2/3/2022 16:45,-1.489,-3.25,  ,5087,0,  ,  ,113.808224,88.864297,82.401171,80.39254,65.493818,28.587308,29.014677,29.326984,34.853187
2/3/2022 17:00,-1.407,-3.07,  , ,0,  ,  ,155.887578,89.406726,83.055374,80.691697,64.56347,28.265138,28.307875,28.672782,34.268021
2/3/2022 17:15,-2.104,-4.59,  ,5088,0,  ,  ,71.728871,89.784783,82.641155,80.399114,66.279519,28.110628,27.998855,28.307875,32.995778
2/3/2022 17:30,-1.81,-3.95,  ,5088,0,  ,  ,55.127251,87.894499,84.662936,80.586499,69.346709,27.739146,27.318353,27.538612,30.94441
2/3/2022 17:45,2700.142,5887.7,  ,5088,0,19.89,  ,19.951541,86.829366,84.613625,79.879697,72.150904,27.035632,26.568814,26.568814,28.810855
2/3/2022 18:00,2729.662,5952.07,  ,5090,0,-1.24,  ,0.062472,84.547876,81.539859,77.851341,77.972977,26.516215,25.671341,26.598401,26.874547
2/3/2022 18:15,-3.847,-8.39,  ,5090,0,  ,  ,-4.375585,84.718823,77.522596,71.891195,76.750045,26.269656,26.21377,27.088231,26.729899
2/3/2022 18:30,-4.718,-10.29,  ,5090,0,  ,  ,-4.211213,85.3796,75.139195,70.083098,74.853187,26.108571,26.279519,27.344652,26.568814
2/3/2022 18:45,2668.126,5817.89,  ,5094,0,3.66,  ,-4.539958,81.957365,74.83675,71.654499,74.238434,26.118434,26.042822,26.644426,26.6773
2/3/2022 19:00,-5.163,-11.26,  ,5095,0,  ,  ,-4.868703,81.349187,74.731551,70.58279,72.187066,25.497106,25.829138,26.473478,26.680588
2/3/2022 19:15,-5.057,-11.03,  ,5093,0,  ,  ,-4.539958,83.012637,73.728879,69.501219,70.878661,25.68449,25.917899,26.752912,26.667438
2/3/2022 19:30,-5.782,-12.61,  ,5093,0,  ,  ,-4.539958,82.595131,72.870855,68.49526,69.540669,25.289997,25.763389,26.555665,26.693737
2/3/2022 19:45,-5.933,-12.94,  ,5092,0,  ,  ,-4.868703,80.287341,71.628199,66.545802,67.551762,25.378758,25.855438,27.081656,27.088231
2/3/2022 20:00,-5.874,-12.81,  ,5091,0,  ,  ,-4.375585,80.974418,69.119875,62.594288,64.152539,25.431357,26.568814,27.785171,27.864069
2/3/2022 20:15,2731.455,5955.98,  ,5090,0,1.43,  ,-4.539958,78.633754,67.564912,62.048571,62.433203,25.480669,26.618126,28.038304,28.107341
2/3/2022 20:30,2797.018,6098.94,  ,5090,0,-2.15,  ,-4.868703,79.310969,66.263082,61.272733,62.288555,25.625316,26.795648,27.712847,28.136928
2/3/2022 20:45,-6.681,-14.57,  ,5090,0,  ,  ,-4.868703,81.395212,65.349171,60.588944,61.345057,25.585867,27.084944,28.189527,28.399924
2/3/2022 21:00,-6.387,-13.93,  ,5090,0,  ,  ,-4.211213,77.647519,64.980976,60.016928,61.128085,25.825851,27.052069,27.82462,28.242126
2/3/2022 21:15,-6.039,-13.17,  ,5089,0,  ,  ,-4.70433,76.579098,64.665381,60.062952,60.602094,25.934337,26.966596,28.192814,28.370337
2/3/2022 21:30,-5.846,-12.75,  ,5089,0,  ,  ,-5.033075,76.201041,63.725171,59.681608,60.457446,25.937624,27.203292,28.044879,28.50841
2/3/2022 21:45,-6.172,-13.46,  ,5089,0,  ,  ,-4.211213,76.638272,63.928992,59.467923,60.1813,25.802839,27.213154,28.156652,28.445948
2/3/2022 22:00,-6.039,-13.17,  ,5089,0,  ,  ,-4.70433,75.786823,63.412863,59.379162,59.793381,25.832426,27.213154,28.054742,28.248701
2/3/2022 22:15,-6.149,-13.41,  ,5090,0,  ,  ,-5.033075,73.587519,63.478612,58.928782,59.481073,25.792976,27.03892,28.189527,28.511697
2/3/2022 22:30,-6.685,-14.58,  ,5091,0,  ,  ,-4.211213,77.322062,63.12028,58.511276,59.313413,26.036248,26.992895,28.00543,28.311163
2/3/2022 22:45,-5.791,-12.63,  , ,0,  ,  ,-4.70433,75.103033,62.502239,57.709138,58.665786,25.967211,27.058644,28.058029,28.485397
2/3/2022 23:00,-6.401,-13.96,  ,5091,0,  ,  ,-5.033075,73.52177,62.258968,57.702563,57.617089,25.868588,27.144118,28.169802,28.587308
2/3/2022 23:15,-6.433,-14.03,  ,5092,0,  ,  ,-4.868703,74.724977,60.496895,56.10815,56.768927,25.967211,27.479438,28.672782,28.745106
2/3/2022 23:30,-6.676,-14.56,  ,5092,0,  ,  ,-5.197448,76.4739,60.536345,55.848442,55.615033,25.996798,27.676685,28.784555,29.067276
2/3/2022 23:45,-6.534,-14.25,  ,5092,0,  ,  ,-4.868703,74.251584,59.875567,55.841867,56.381008,25.970499,27.68326,28.564296,28.787843
2/4/2022 0:00,-6.823,-14.88,  ,5093,0,  ,  ,-5.197448,74.711827,60.378547,56.065413,56.427033,26.003373,27.647098,28.531422,28.870029
2/4/2022 0:15,  ,-31,  ,5092,0,  ,  ,-4.70433,77.226726,59.763794,55.545996,56.10815,25.957349,27.4893,28.771406,28.83058
2/4/2022 0:30,2699.701,5886.74,  ,5092,0,5.67,  ,-4.70433,73.469171,59.559972,55.611745,55.766255,25.986936,27.532037,28.656345,28.925916
2/4/2022 0:45,-7.997,-17.44,  ,5092,0,  ,  ,-5.033075,76.335827,59.333138,55.217251,55.976652,25.986936,27.400539,28.745106,28.866742
2/4/2022 1:00,-7.85,-17.12,  ,5092,0,  ,  ,-4.70433,74.468556,59.438336,55.259988,55.999664,25.87845,27.463001,28.607033,28.939065
2/4/2022 1:15,-7.979,-17.4,  ,5092,0,  ,  ,-4.868703,76.059681,59.500798,55.108765,55.730093,25.967211,27.735859,28.491972,28.939065
2/4/2022 1:30,-7.318,-15.96,  ,5092,0,  ,  ,-4.70433,74.330483,59.287114,55.453948,56.226498,26.148021,27.463001,28.820717,28.922628
2/4/2022 1:45,-8.245,-17.98,  ,5093,0,  ,  ,-4.868703,74.731551,60.036652,55.615033,56.440182,26.01981,27.637235,28.893041,28.975227
2/4/2022 2:00,-7.956,-17.35,  ,5093,0,  ,  ,-4.539958,75.28713,59.744069,55.97994,56.377721,26.003373,27.768733,28.863454,29.172474
2/4/2022 2:15,2667.691,5816.94,  ,5092,0,4.09,  ,-4.868703,72.89058,60.016928,56.154174,56.857689,26.230207,27.624086,28.462385,28.935778
2/4/2022 2:30,-7.979,-17.4,  ,5093,0,  ,  ,-5.033075,72.795244,59.596134,56.453332,56.801802,26.378142,27.709559,28.445948,28.922628
2/4/2022 2:45,-7.722,-16.84,  ,5095,0,  ,  ,-4.375585,73.064815,59.750644,55.881316,56.614417,26.131584,27.564912,28.603746,28.754968
2/4/2022 3:00,-7.181,-15.66,  ,5094,0,  ,  ,-5.033075,70.661689,59.875567,55.914191,56.880701,26.125009,27.653673,28.646482,28.774693
2/4/2022 3:15,-7.873,-17.17,  ,5096,0,  ,  ,-4.375585,70.927972,60.076102,55.841867,56.265948,26.404442,27.620798,28.741818,29.001527
2/4/2022 3:30,  ,  ,  ,5095,0,  ,  ,-4.04684,75.418628,59.783519,55.657769,56.58483,26.128296,27.69641,28.722094,28.794418
2/4/2022 3:45,  ,-38.47,  ,5095,0,  ,  ,-4.868703,73.594094,59.55011,55.378336,56.404021,26.04611,27.880507,28.774693,28.899616
2/4/2022 4:00,  ,-26.98,  ,5094,0,  ,  ,-4.70433,72.302126,59.326563,55.861591,56.512506,26.249932,27.65696,28.718806,28.883179
2/4/2022 4:15,  ,-23.65,  ,5095,0,  ,  ,-4.211213,71.388215,59.599421,55.499972,55.887891,26.36828,27.601073,28.580733,29.234936
2/4/2022 4:30,  ,-21.71,  , ,0,  ,  ,-4.868703,74.248296,59.293689,55.634757,56.620992,26.141446,27.624086,28.505122,29.004814
2/4/2022 4:45,  ,-23.97,  ,5094,0,  ,  ,-5.033075,73.682855,59.556685,55.407923,56.246223,26.161171,27.4893,28.528134,28.856879
2/4/2022 5:00,  ,-22.38,  ,5094,0,  ,  ,-4.211213,73.531632,59.471211,55.223826,56.41717,26.049397,27.712847,28.551146,28.633333
2/4/2022 5:15,  ,  ,  ,5096,0,  ,  ,-4.539958,70.872086,59.573122,55.486822,56.512506,26.289381,27.676685,28.561009,29.024539
2/4/2022 5:30,  ,  ,  ,5096,0,  ,  ,-5.033075,72.384313,59.119454,55.401348,56.390871,26.351843,27.558337,28.968652,28.718806
2/4/2022 5:45,  ,  ,  ,5095,0,  ,  ,-4.70433,73.922839,59.418612,55.572296,56.555243,26.197333,27.729284,28.616895,29.067276
2/4/2022 6:00,  ,  ,  ,5096,0,  ,  ,-4.868703,73.502045,59.609284,55.47696,56.683454,26.289381,27.729284,28.672782,28.620183
2/4/2022 6:15,  ,  ,  ,5099,0,  ,  ,-4.539958,74.606628,59.707907,55.47696,56.874126,26.00666,27.81147,28.866742,28.902904
2/4/2022 6:30,  ,-48.17,  ,5101,0,  ,  ,-4.539958,73.797916,60.224037,55.670919,57.041786,26.151308,27.725997,28.988377,29.011389
2/4/2022 6:45,2669.883,5821.72,  ,5098,0,2.8,  ,-4.868703,72.811681,60.266774,55.993089,57.452717,26.18747,27.610936,28.751681,28.912766
2/4/2022 7:00,2762.971,6024.7,  ,5098,0,-2.32,  ,-4.868703,74.866337,60.454158,56.13445,57.669689,26.121721,27.67011,29.001527,29.110013
2/4/2022 7:15,  ,-21.33,  ,5099,0,  ,  ,-0.923763,75.681624,60.536345,58.189106,59.645446,26.236782,27.755584,28.534709,28.646482
2/4/2022 7:30,-7.199,-15.7,  ,5108,0,  ,  ,8.60984,76.477187,61.164247,59.02083,60.736879,26.246644,27.939681,28.291438,28.505122
2/4/2022 7:45,-6.465,-14.1,  ,5108,0,  ,  ,31.950732,76.43445,61.63764,59.241089,61.14781,26.414304,27.778596,28.383486,28.422936
2/4/2022 8:00,2762.971,6024.7,  ,5109,0,-3.71,  ,55.127251,77.834904,63.435875,60.408134,62.088021,26.289381,27.946256,28.422936,28.64977
2/4/2022 8:15,-3.672,-8.01,  ,5108,0,  ,  ,89.152353,79.107147,65.135486,62.025559,63.938855,26.309106,27.936393,28.630045,28.672782
2/4/2022 8:30,-3.76,-8.2,  ,5110,0,  ,  ,103.452758,81.454386,65.500393,62.847422,65.424782,26.240069,28.077754,28.725381,28.712231
2/4/2022 8:45,2730.112,5953.05,  ,5109,0,-3.16,  ,125.643042,81.48726,66.887697,64.080215,67.223017,26.572102,28.462385,28.883179,28.475535
2/4/2022 9:00,2700.587,5888.67,  ,5110,0,-1.15,  ,268.647096,78.692928,66.933721,65.299859,67.870644,26.789073,28.485397,29.034401,28.899616
2/4/2022 9:15,-3.104,-6.77,  ,5109,0,  ,  ,175.119157,76.033381,63.212328,62.673187,65.184798,27.150693,28.800993,29.057414,28.800993
2/4/2022 9:30,2669.442,5820.76,  ,5109,0,2.22,  ,364.969366,75.043859,62.982207,62.097883,64.737705,27.295341,28.3276,29.116588,29.090288
2/4/2022 9:45,-2.719,-5.93,  ,5111,0,  ,  ,464.907831,74.600053,62.778385,63.662709,65.536555,27.505737,28.722094,29.254661,29.366434
2/4/2022 10:00,-1.393,-3.04,  ,5110,0,  ,  ,255.66167,75.264118,64.198563,63.268215,66.818661,27.453138,28.63662,29.379584,29.297397
2/4/2022 10:15,-1.389,-3.03,  , ,0,  ,  ,299.549121,76.105705,63.758045,65.493818,68.682644,27.69641,28.751681,29.340134,29.063989
2/4/2022 10:30,-1.297,-2.83,  ,5110,0,  ,  ,307.603372,76.424588,63.324102,65.40177,69.349997,27.47615,29.162612,29.790515,29.136312
2/4/2022 10:45,2699.701,5886.74,  ,5111,0,-0.26,  ,251.552358,76.832232,64.224863,65.622029,69.080426,27.722709,29.208636,29.754353,29.468345
2/4/2022 11:00,-0.999,-2.18,  ,5110,0,  ,  ,262.565314,76.812507,64.106515,64.987551,68.514984,27.85092,29.310547,29.93845,29.816814
2/4/2022 11:15,2764.787,6028.66,  ,5110,0,-0.31,  ,267.660861,76.526499,63.781057,66.805511,68.485397,27.870644,29.303972,29.711616,29.997624
2/4/2022 11:30,-0.779,-1.7,  ,5111,0,  ,  ,285.741833,76.644847,64.477996,66.000086,67.923244,27.729284,29.44862,29.718191,30.296782
2/4/2022 11:45,-0.517,-1.13,  ,5112,0,  ,  ,291.49487,76.638272,64.356361,65.457656,65.796264,28.255276,29.48807,29.859551,30.832636
2/4/2022 12:00,2700.142,5887.7,  ,5111,0,8.1,  ,319.602563,76.704021,63.797494,65.082887,64.037478,28.268426,29.767503,29.760928,31.578887
2/4/2022 12:15,-0.26,-0.57,  ,5113,0,  ,  ,385.515925,76.102418,63.08083,66.22692,63.245203,28.376912,30.240895,29.744491,31.569025
2/4/2022 12:30,-0.059,-0.13,-25.41,5111,0,  ,  ,658.538606,75.819697,64.612782,65.349171,62.982207,28.255276,30.378968,29.751065,31.950369
2/4/2022 12:45,-6.39,0.05,-15.03,5111,0,  ,  ,714.260875,74.547454,63.038094,64.856053,63.488474,28.459098,30.40198,30.040361,31.710385
2/4/2022 13:00,-5.042,0.19,-12.02,5111,0,  ,  ,479.208236,75.721074,65.266984,65.385333,64.149252,28.442661,29.701754,30.208021,31.88462
2/4/2022 13:15,-5.282,0.8,-13.24,5110,0,82.6,  ,718.041442,76.13858,67.107956,64.326774,65.875163,28.63662,29.790515,30.316507,32.505948
2/4/2022 13:30,-4.09,0.99,-10.65,5112,0,81.83,  ,337.519163,78.466094,66.7036,65.727227,67.249316,28.587308,29.553819,29.915438,32.828118
2/4/2022 13:45,-4.347,1.23,-11.51,5113,0,81.95,  ,359.051957,78.482531,69.221786,66.848248,66.647713,28.475535,29.455195,29.823389,33.061527
2/4/2022 14:00,-3.156,1.51,-9.02,5114,0,82.48,  ,818.801769,82.032977,70.934547,72.002968,68.521559,28.248701,29.133025,29.050839,33.449446
2/4/2022 14:15,-2.149,2.03,-7.22,5113,0,80.18,  ,765.216343,81.779843,72.505948,74.659228,67.906806,27.910094,28.48211,28.215827,34.218709
2/4/2022 14:30,-1.81,2.77,-7.22,5112,0,76.83,  ,329.629284,82.148038,74.718402,75.336442,66.01981,27.512312,27.821333,28.002142,34.912361
2/4/2022 14:45,-1.069,3.11,-5.85,5111,0,74.06,  ,331.273009,82.049414,74.573754,73.18645,60.740166,27.512312,27.69641,28.058029,36.046531
2/4/2022 15:00,-0.76,3.84,-5.91,5110,0,70.71,  ,410.993659,83.282208,74.869624,74.570466,58.659211,27.32164,27.601073,28.100766,36.214191
2/4/2022 15:15,-0.889,4.36,-6.77,5109,0,66.89,  ,210.459239,87.874775,81.414936,80.139406,66.746337,27.420264,27.880507,28.169802,35.438353
2/4/2022 15:30,-0.509,4.63,-6.17,5108,0,66.63,  ,207.336162,89.640135,82.558969,80.711422,69.954887,27.532037,28.028442,28.738531,34.639503
2/4/2022 15:45,-0.371,4.92,-6.16,5109,0,66.6,  ,398.665723,89.334402,82.496507,80.846208,71.887908,27.709559,28.334175,28.906191,34.212134
2/4/2022 16:00,-2.231,5.36,-10.99, ,0,64.04,  ,218.677863,90.120103,82.752928,80.81662,72.295551,27.666822,28.189527,28.722094,34.277883
2/4/2022 16:15,-0.804,5.42,-7.71,5107,0,64.79,  ,309.411469,90.225301,82.80224,81.19139,73.66313,27.706272,28.334175,28.689219,33.363972
2/4/2022 16:30,-0.499,5.46,-7.04,5108,0,65.07,  ,296.261671,89.883406,82.937025,81.043455,72.739357,27.653673,28.232264,28.705657,33.2259
2/4/2022 16:45,-0.846,5.55,-7.95,5107,0,65.57,  ,115.123204,89.544799,82.927163,80.86922,69.517657,27.67011,28.169802,28.574159,33.883389
2/4/2022 17:00,-0.697,5.69,-7.75,5104,0,65.48,  ,187.94021,89.357414,83.183584,81.33275,66.180895,27.735859,27.919956,28.209252,33.889964
2/4/2022 17:15,-0.006,5.55,-5.98,5104,0,66.7,  ,73.208223,89.14373,82.733204,81.792993,67.311778,27.597786,27.518887,27.650385,33.048377
2/4/2022 17:30,-0.704,5.86,-7.95,5103,0,66.46,  ,53.154781,88.157495,83.229608,80.875795,68.498547,27.403827,27.298628,27.47615,31.164669
2/4/2022 17:45,-0.566,5.1,-6.81,5103,0,68.99,  ,21.759638,85.363163,83.624102,81.622046,72.24624,26.983033,26.424167,26.420879,29.333559
2/4/2022 18:00,-1.251,3.85,-7.07,5102,0,73.44,  ,0.226844,85.619584,83.801625,81.50041,79.031535,26.318968,25.625316,25.55628,26.637851
2/4/2022 18:15,-1.188,2.88,-5.88,5102,0,77.27,  ,-4.70433,85.435487,83.712863,80.793608,82.177625,25.756814,25.303146,25.089462,25.500393
2/4/2022 18:30,-0.922,2.36,-4.7,5102,0,80.28,  ,-4.70433,85.215228,82.368297,78.890175,81.786418,25.22096,24.517446,25.355745,25.181511
2/4/2022 18:45,-1.269,1.81,-4.92,5103,0,81.19,  ,-4.70433,84.383503,79.36028,73.962288,76.296377,25.165073,24.74428,25.885025,25.789689
2/4/2022 19:00,-1.348,1.45,-4.72,5104,0,82.24,  ,-4.868703,83.633965,75.980782,71.036458,72.86428,25.168361,25.37547,26.457041,26.52279
2/4/2022 19:15,-1.21,1.25,-4.18,5110,0,82.6,  ,-4.375585,82.568831,74.774288,69.599843,70.780037,25.36232,25.490531,26.595114,26.641138
2/4/2022 19:30,-1.233,0.91,-3.87,5106,0,83.15,32.9,-4.70433,81.171665,72.154191,65.451082,66.838385,25.506968,25.85215,27.380814,27.647098
2/4/2022 19:45,-1.174,0.76,-3.57,5102,0,82.98,97.08,-4.70433,82.562256,68.932491,63.333964,64.570045,25.631891,26.683875,28.097478,28.130353
2/4/2022 20:00,-0.954,0.84,-3.14,5102,0,81.28,93.43,-4.70433,82.023114,67.407114,62.344442,63.330677,25.500393,26.927146,27.97913,28.156652
2/4/2022 20:15,2603.165,0.84,6098.94,5102,0,81.14,16.83,-4.70433,82.049414,66.595114,61.917073,63.028231,25.769964,26.838385,28.130353,28.353899
2/4/2022 20:30,-0.782,0.88,-2.78,5102,0,80.97,54.43,-4.70433,80.307066,65.214385,61.262871,62.410191,25.750239,27.173705,28.192814,28.399924
2/4/2022 20:45,-0.69,1.07,-2.77,5101,0,79.68,88.38,-4.375585,79.942159,65.345883,60.572506,62.015697,25.947486,26.976458,28.258563,28.268426
2/4/2022 21:00,-0.735,1.02,-2.82,5101,0,79.54,89.43,-4.70433,79.452329,64.842903,60.296361,61.670515,26.082272,27.262466,28.130353,28.31445
2/4/2022 21:15,-0.628,1.16,-2.72,5102,0,79.01,88.41,-4.375585,80.639098,64.43526,60.260199,61.348345,26.003373,27.456426,28.265138,28.534709
2/4/2022 21:30,-0.665,1.07,-2.71,5101,0,79.7,87.98,-4.375585,78.199811,64.251162,60.072814,60.950563,26.164458,27.242742,28.46896,28.465673
2/4/2022 21:45,-0.624,1.15,-2.7, ,0,79.06,87.23,-4.70433,75.849284,63.912555,59.379162,60.588944,26.04611,27.367665,28.054742,28.50841
2/4/2022 22:00,-0.607,1.15,-2.66,5102,0,79.27,87.86,-4.868703,75.296993,63.12028,59.477786,60.220749,25.924474,27.33479,28.215827,28.396636
2/4/2022 22:15,-0.689,1.11,-2.81,5101,0,79.06,88.45,-5.033075,77.022904,63.051243,59.412037,59.915017,26.134871,27.758871,28.409786,28.432798
2/4/2022 22:30,-0.645,1.15,-2.75,5102,0,78.58,87.43,-4.539958,77.098515,62.949332,59.280539,60.046515,26.286094,27.324928,28.46896,28.630045
2/4/2022 22:45,-0.686,1.07,-2.76,5102,0,79.75,88.05,-4.70433,78.068313,62.900021,59.053705,59.573122,26.088847,27.587924,28.370337,28.551146
2/4/2022 23:00,-1.165,1.03,-3.84,5102,0,81.33,  ,-4.375585,74.429106,62.752085,58.981381,59.760506,26.115146,27.390677,28.475535,28.597171
2/4/2022 23:15,-1.167,0.98,-3.79,5102,0,80.76,  ,-4.70433,76.283228,62.614013,58.777559,59.780231,26.203907,27.328215,28.524847,28.593883
2/4/2022 23:30,-1.235,0.98,-3.95,5103,0,80.66,  ,-5.197448,76.118855,62.46279,58.90577,60.053089,26.062547,27.374239,28.403211,28.584021
2/4/2022 23:45,-1.283,0.94,-4.02,5105,0,82.43,  ,-4.70433,78.199811,62.577851,58.652636,59.352863,26.220345,27.387389,28.551146,28.738531
2/5/2022 0:00,-1.318,0.8,-3.95,5102,0,82.38,  ,-4.211213,77.949965,62.275405,58.330466,59.142466,25.756814,27.630661,28.275001,28.633333
2/5/2022 0:15,-1.199,1.05,-3.94,5103,0,82.55,101.1,-4.70433,77.072216,62.472652,58.225268,59.267389,26.092134,27.660248,28.534709,28.472248
2/5/2022 0:30,-1.225,1.02,-3.97,5102,0,80.61,  ,-5.033075,77.144539,61.953235,57.995146,59.116166,26.21377,27.397252,28.422936,28.685932
2/5/2022 0:45,-1.22,1.07,-4.01,5103,0,80.09,  ,-4.539958,75.773673,61.644215,57.692701,58.484976,26.217057,27.433414,28.524847,28.633333
2/5/2022 1:00,-1.196,1.13,-4.02,5103,0,81.28,  ,-4.539958,74.268021,61.463405,57.186433,58.580312,26.03296,27.403827,28.278288,28.646482
2/5/2022 1:15,-1.167,1.11,-3.93,5103,0,79.73,  ,-4.211213,73.301511,61.437106,57.801187,58.662498,26.088847,27.653673,28.630045,28.646482
2/5/2022 1:30,-1.297,0.93,-4.04,5103,0,80.61,  ,-4.868703,75.619163,61.48313,57.584215,58.675648,26.249932,27.709559,28.531422,28.81743
2/5/2022 1:45,-1.106,1.28,-3.97,5103,0,78.41,  ,-5.033075,73.587519,61.512717,57.88666,58.72496,26.115146,27.301916,28.442661,28.705657
2/5/2022 2:00,-1.17,1.16,-3.99,5105,0,79.54,  ,-4.539958,76.026807,61.236571,57.682838,58.701948,26.180895,27.538612,28.547859,28.62347
2/5/2022 2:15,-1.197,1.12,-4.01,5105,0,80.78,  ,-4.70433,75.714499,61.331907,57.498741,58.547438,26.512928,27.716134,28.370337,28.787843
2/5/2022 2:30,-1.275,1.22,-4.3,5105,0,80.25,  ,-5.033075,75.767098,61.312183,57.709138,58.803859,26.338693,27.686547,28.534709,28.554434
2/5/2022 2:45,-1.4,1.03,-4.39,5106,0,81.14,  ,-4.375585,76.700734,61.621203,57.788037,58.442239,26.223632,27.69641,28.422936,28.672782
2/5/2022 3:00,-1.378,1.04,-4.35,5107,0,81.66,  ,-4.70433,74.69539,61.34177,57.689413,58.419227,26.345268,27.762159,28.597171,28.577446
2/5/2022 3:15,-1.148,1.44,-4.24,5107,0,78.99,  ,-4.868703,75.099746,61.0196,57.620377,58.284442,26.105284,27.666822,28.373624,28.574159
2/5/2022 3:30,-1.186,1.33,-4.21, ,0,78.36,  ,-4.868703,76.020232,61.427243,57.288344,58.432377,26.348555,27.479438,28.61032,28.771406
2/5/2022 3:45,-1.089,1.28,-3.93,5107,0,77.91,  ,-4.375585,76.12543,61.009737,57.08781,58.192393,26.388005,27.499163,28.442661,28.702369
2/5/2022 4:00,-1.034,1.28,-3.8,5108,0,77.98,  ,-4.04684,74.590191,60.957138,57.005624,58.323891,26.125009,27.633948,28.49526,28.735244
2/5/2022 4:15,-1.116,1.11,-3.81,5109,0,79.73,  ,-4.539958,74.932086,61.433818,57.498741,58.445527,26.20062,27.30849,28.547859,28.669495
2/5/2022 4:30,-1.078,1.24,-3.86,5110,0,78.05,  ,-5.197448,74.708539,61.098498,56.759065,58.113494,26.282806,27.403827,28.505122,28.669495
2/5/2022 4:45,-1.075,1.18,-3.79,5111,0,80.54,  ,-4.539958,75.418628,61.009737,57.354093,58.307454,26.457041,27.69641,28.659632,28.738531
2/5/2022 5:00,-0.953,1.4,-3.74,5110,0,78.72,  ,-5.197448,73.962288,61.075486,57.429705,58.343616,26.217057,27.666822,28.46896,28.626758
2/5/2022 5:15,-1.053,1.33,-3.9,5114,0,78.2,  ,-4.868703,73.245624,61.065624,57.084523,58.281154,26.236782,27.587924,28.646482,28.465673
2/5/2022 5:30,-1.039,1.24,-3.77,5110,0,77.74,  ,-5.36182,74.212134,60.805915,56.75249,58.366628,26.269656,27.558337,28.445948,28.498547
2/5/2022 5:45,-1.035,1.11,-3.62,5110,0,78.65,  ,-4.70433,72.446774,60.582369,57.031923,58.192393,26.332118,27.69641,28.656345,28.61032
2/5/2022 6:00,-0.994,1.2,-3.62,5109,0,79.46,  ,-5.033075,72.657171,60.848652,56.857689,58.123357,26.115146,27.499163,28.541284,28.390061
2/5/2022 6:15,-1.018,1.23,-3.71,5110,0,78.2,  ,-4.539958,74.317333,60.634968,56.972749,58.337041,26.131584,27.604361,28.383486,28.514984
2/5/2022 6:30,-1.092,1.2,-3.85,5110,0,78.44,  ,-4.868703,74.721689,60.717154,56.798514,58.205543,26.476766,27.331503,28.491972,28.584021
2/5/2022 6:45,-0.995,1.28,-3.71,5109,0,77.86,  ,-4.375585,74.481705,60.582369,57.031923,58.083907,26.065835,27.292053,28.383486,28.524847
2/5/2022 7:00,-1.098,1.15,-3.81,5109,0,78.39,  ,-4.04684,74.734839,60.756604,56.907,57.811049,26.36828,27.288766,28.452523,28.653057
2/5/2022 7:15,-1.027,1.23,-3.73,5109,0,77.24,  ,-0.101901,74.751276,60.743454,57.932685,59.579697,26.414304,27.676685,28.235551,28.228976
2/5/2022 7:30,-1.096,1.32,-3.99,5108,0,77.27,  ,9.26733,75.550126,60.815778,58.471826,59.747357,26.128296,27.594499,28.251988,28.235551
2/5/2022 7:45,-1.148,1.18,-3.96,5107,0,77.22,  ,34.087574,74.698677,61.190547,58.945219,60.779616,26.240069,27.492588,28.403211,28.429511
2/5/2022 8:00,-1.056,1.26,-3.83,5115,0,76.38,  ,57.592838,77.361511,63.001932,59.868992,62.058434,26.338693,27.775308,28.265138,28.643195
2/5/2022 8:15,-1.031,1.22,-3.73,5107,0,76.6,  ,76.824417,77.571908,63.975017,61.358207,64.38266,26.539227,28.123778,28.781268,28.567584
2/5/2022 8:30,-1.114,1.16,-3.86,5109,0,76.38,  ,100.329681,77.815179,64.685106,63.708733,66.210482,26.825235,28.488685,28.889754,28.475535
2/5/2022 8:45,-1.064,1.12,-3.7,5111,0,76.43,  ,123.834945,77.60807,66.078984,65.424782,68.465673,27.068507,28.485397,29.133025,28.873316
2/5/2022 9:00,-1.033,1.02,-3.52,5110,0,76.62,  ,282.290011,77.351649,66.897559,66.992895,70.303357,27.725997,28.922628,29.366434,29.402596
2/5/2022 9:15,-1.032,0.94,-3.43, ,0,78.08,92.83,174.297295,77.039341,65.240685,64.274175,69.872701,27.568199,28.948928,29.534094,29.188912
2/5/2022 9:30,-1.074,0.95,-3.54,5110,0,78.68,  ,421.842242,76.970305,65.993511,62.258968,68.988377,27.860782,29.017964,30.066661,29.678742
2/5/2022 9:45,-1.198,0.54,-3.39,5112,0,79.97,92.61,496.796091,78.709365,65.523405,64.034191,68.50841,27.578061,29.340134,29.994337,29.639292
2/5/2022 10:00,-1.365,0.27,-3.49,5114,0,81.5,93.23,263.222804,79.465479,66.305818,62.916458,69.806952,27.673397,29.534094,30.615665,30.178434
2/5/2022 10:15,-1.3,0.41,-3.49,5113,0,80.92,93.86,331.437381,81.15194,66.83181,64.987551,69.866126,27.814758,29.497932,30.109397,30.040361
2/5/2022 10:30,-1.399,0.14,-3.43,5115,0,81.64,92.95,286.070578,82.335422,66.417592,65.158499,69.356572,27.962693,29.958175,30.244183,30.42828
2/5/2022 10:45,-1.383,0.22,-3.48,5118,0,80.44,92.8,256.812277,83.055374,66.99947,65.105899,71.499989,28.140215,30.076523,30.556491,31.052895
2/5/2022 11:00,-1.496,0.04,-3.55,5119,0,81.26,92.92,269.140213,82.720054,66.848248,69.001527,76.29309,28.238839,30.267195,30.770175,32.177203
2/5/2022 11:15,-1.174,0.64,-3.44,5119,0,80.18,92.92,272.26329,81.411649,69.62943,71.42109,72.397462,28.324312,30.352669,30.839211,33.423147
2/5/2022 11:30,-1.192,0.6,-3.44,5118,0,80.92,92.95,287.221185,82.496507,70.405268,72.778806,73.278499,28.616895,30.457867,31.023308,33.995163
2/5/2022 11:45,-1.258,0.41,-3.39,5122,0,80.92,92.49,295.275437,82.424183,69.409171,71.250142,71.391503,28.935778,30.812912,31.039746,34.866337
2/5/2022 12:00,-1.217,0.36,-3.24,5120,0,80.9,91.13,324.533737,82.674029,66.161171,72.364588,66.05926,28.768118,32.025981,31.010159,36.312815
2/5/2022 12:15,-1.293,0.23,-3.28,5121,0,80.95,91.18,349.025236,83.061948,64.954677,73.288361,63.051243,29.096863,32.492798,31.092345,37.338499
2/5/2022 12:30,-1.356,0.14,-3.33,5122,0,81.26,91.58,530.985566,82.420896,63.866531,73.094402,64.71798,29.422321,32.752507,31.233705,37.677106
2/5/2022 12:45,-1.44,0.04,-3.42,5122,0,81.66,92.06,812.22687,82.772653,65.257122,73.649981,64.270887,29.313835,32.699908,31.657786,38.065025
2/5/2022 13:00,-1.335,0.14,-3.28,5122,0,80.92,91.15,385.515925,83.042224,71.033171,71.661074,61.262871,29.333559,31.391503,32.108167,38.8836
2/5/2022 13:15,-1.275,0.27,-3.28,5123,0,80.47,91.06,647.196906,83.591228,74.649365,72.841268,61.253009,29.728053,30.668264,31.91092,39.804086
2/5/2022 13:30,-1.171,0.45,-3.23,5123,0,79.89,90.75,339.491632,83.578078,76.036669,72.213365,57.695988,29.524231,30.711001,32.292264,39.866548
2/5/2022 13:45,-0.887,0.94,-3.09,5123,0,78.1,90.17,332.752361,84.265155,76.536361,72.749219,59.87228,29.517657,30.451292,31.75641,39.287956
2/5/2022 14:00,-0.518,1.67,-3.01,5124,0,74.99,89.43,947.0123,85.254677,76.076118,73.666418,62.416766,29.557106,30.711001,31.864896,39.209058
2/5/2022 14:15,-0.082,2.48,-2.86,5123,0,72.13,88.36,857.100556,85.004831,76.375276,74.711827,59.629008,29.218499,30.566353,31.572312,39.521365
2/5/2022 14:30,0.284,3.16,-2.73,5122,0,69.81,87.76,330.286774,85.760945,76.957155,75.089883,60.342385,29.257948,30.513754,31.457252,39.616701
2/5/2022 14:45,0.656,3.85,-2.6,5123,0,67.44,86.95,282.290011,85.451924,76.835519,76.565948,62.212944,29.409171,30.586078,31.296167,40.888944
2/5/2022 15:00,1.086,4.63,-2.43, ,0,64.71,86.11,453.237385,85.471649,77.979552,76.233916,60.085964,29.323697,30.316507,31.043033,40.780459
2/5/2022 15:15,1.391,5.1,-2.22,5121,0,61.51,83.67,239.553168,88.469803,80.905382,79.504928,68.774693,29.234936,30.250758,30.760312,39.39973
2/5/2022 15:30,1.626,5.51,-2.11,5120,0,59.57,81.83,242.676245,90.060928,81.362337,80.320216,67.249316,29.553819,30.497317,30.970709,38.05845
2/5/2022 15:45,1.719,5.72,-2.12,5121,0,59.55,82.19,233.635758,89.699309,80.362952,79.301106,71.121932,29.336847,30.444717,30.783325,36.671147
2/5/2022 16:00,1.866,6.06,-2.14,5119,0,59.72,82.84,203.391223,89.094418,79.649576,79.501641,73.636831,29.566968,30.484167,30.655114,36.007082
2/5/2022 16:15,2.006,6.3,-2.07,5119,0,59.55,82.91,293.467339,88.315293,80.014483,78.903325,73.498758,29.205349,30.336231,30.513754,35.612588
2/5/2022 16:30,2.069,6.4,-2.03,5117,0,59.53,83.24,380.256006,87.881349,79.564102,78.761965,72.114742,29.274385,29.935163,30.09296,35.553414
2/5/2022 16:45,2.082,6.4,-2,5115,0,59.57,83.67,130.409844,87.213997,79.406305,78.689641,65.888312,29.15275,29.714904,30.07981,36.677722
2/5/2022 17:00,2.071,6.46,-2.09,5113,0,59.79,84.08,207.993652,87.329058,79.662726,79.583827,61.285883,29.031114,29.517657,29.61628,36.75662
2/5/2022 17:15,2.091,6.42,-2,5111,0,60.22,83.98,76.824417,87.059487,79.915859,80.833058,60.687567,28.98509,29.333559,29.714904,36.220766
2/5/2022 17:30,2.142,6.55,-2.02,5110,0,60.17,84.41,52.826036,87.684102,80.316928,79.70875,62.686336,28.955503,28.981802,28.886466,34.83675
2/5/2022 17:45,1.809,6,-2.21,5109,0,63.04,86.04,26.855185,87.861625,81.349187,79.830386,65.743665,28.304588,28.3276,28.324312,32.607859
2/5/2022 18:00,1.277,4.85,-2.22,5110,0,66.72,86.28,0.226844,85.284264,81.490548,79.445754,70.612377,28.182952,27.430126,27.176993,30.09296
2/5/2022 18:15,0.748,3.91,-2.45,5109,0,70.76,88.02,-4.539958,82.861414,81.142078,79.610127,78.617317,27.387389,26.798936,26.802223,27.249316
2/5/2022 18:30,0.465,3.36,-2.52,5109,0,72.99,89.6,-4.70433,83.121123,79.859973,78.475956,80.405689,26.867972,26.141446,26.131584,26.420879
2/5/2022 18:45,0.185,2.74,-2.51,5111,0,75.81,88.45,-4.70433,83.939698,78.985511,75.898596,78.383908,26.171033,26.026385,26.276231,26.309106
2/5/2022 19:00,0.056,2.55,-2.61,5110,0,74.99,89.46,-4.70433,83.47288,77.696831,74.047762,76.79607,26.082272,25.894887,26.512928,26.519503
2/5/2022 19:15,-0.081,2.1,-2.45,5109,0,77.41,87.62,-4.868703,83.492604,75.619163,72.07858,74.504717,26.105284,26.111859,26.624701,26.729899
2/5/2022 19:30,-0.216,1.76,-2.4,5110,0,78.53,86.56,-4.539958,81.651633,74.600053,70.832636,72.706483,25.700928,25.963924,26.772636,26.713462
2/5/2022 19:45,-0.224,1.66,-2.31,5110,0,78.41,86.04,-4.70433,80.326791,72.86428,69.708329,71.526288,26.111859,25.970499,26.782499,26.782499
2/5/2022 20:00,-0.347,1.41,-2.33,5111,0,79.27,85.44,-4.70433,81.684507,72.982628,68.899616,70.063373,25.839001,25.993511,26.743049,26.861397
2/5/2022 20:15,-0.308,1.41,-2.24,5112,0,78.75,84.48,-4.539958,81.862029,71.848458,68.14679,69.047551,25.832426,25.845575,26.851535,27.052069
2/5/2022 20:30,-0.368,1.27,-2.23,5111,0,79.23,83.89,-4.70433,79.666013,71.144944,67.459713,68.79113,25.733802,25.940912,26.729899,27.111244
2/5/2022 20:45,-0.33,1.26,-2.13, ,0,78.77,82.62,-4.70433,81.207827,70.375681,66.85811,67.985705,26.016523,26.115146,26.802223,27.173705
2/5/2022 21:00,-0.332,1.21,-2.08,5110,0,78.96,82.12,-5.033075,78.551568,70.645252,66.660863,67.729284,25.842288,26.072409,27.170418,27.006045
2/5/2022 21:15,-0.395,1.11,-2.12,5111,0,78.65,82.14,-4.868703,79.744912,70.359244,66.391292,67.140831,25.776539,26.21377,27.006045,27.315065
2/5/2022 21:30,-0.311,1.2,-2.02,5112,0,78.05,81.14,-4.539958,80.708135,69.803665,65.806126,66.923859,25.756814,26.121721,26.920571,27.292053
2/5/2022 21:45,-0.331,1.11,-1.97,5111,0,78.27,80.64,-4.868703,80.524037,69.326984,65.549705,66.384717,25.90475,26.164458,27.216442,27.370952
2/5/2022 22:00,-0.297,1.11,-1.89,5111,0,78.32,80.01,-4.375585,78.676491,68.728669,65.105899,65.566142,25.819276,26.220345,27.16713,27.430126
2/5/2022 22:15,-0.274,1.15,-1.88,5111,0,78.27,79.94,-4.868703,77.27275,68.557721,64.908652,65.720652,25.802839,26.134871,27.02577,27.380814
2/5/2022 22:30,-0.254,1.11,-1.79,5111,0,78.39,78.72,-4.539958,77.108377,68.265138,64.43526,65.336021,25.789689,26.253219,27.134256,27.469576
2/5/2022 22:45,-0.173,1.24,-1.74,5111,0,77.62,78.63,-4.539958,76.441025,67.962693,64.215001,65.171648,25.871875,26.34198,27.190142,27.397252
2/5/2022 23:00,-0.16,1.23,-1.7,5111,0,77.07,77.72,-4.539958,78.328021,67.541899,64.501009,65.158499,25.855438,26.197333,27.252604,27.380814
2/5/2022 23:15,-0.163,1.14,-1.61,5112,0,77.48,77.17,-5.197448,77.558758,67.762159,64.057203,64.846191,26.026385,26.473478,27.242742,27.52875
2/5/2022 23:30,-0.18,1.14,-1.65,5111,0,77.41,76.74,-4.70433,77.953252,67.163843,63.73832,64.826466,25.789689,26.450466,27.272329,27.538612
2/5/2022 23:45,-0.14,1.19,-1.61,5112,0,77.31,77.31,-5.197448,77.765867,67.183567,63.245203,64.195276,25.766677,26.443891,27.298628,27.742434
2/6/2022 0:00,-0.139,1.11,-1.52,5113,0,78.08,76.14,-4.868703,78.38062,66.529365,62.93947,63.813932,25.845575,26.289381,27.203292,27.384102
2/6/2022 0:15,0.084,1.71,-1.64,5118,0,80.21,77.84,-4.375585,80.961268,72.213365,68.3276,69.530806,25.773252,26.171033,27.03892,27.357802
2/6/2022 0:30,0.008,1.47,-1.56,5125,0,78.7,77.7,-4.70433,86.237625,77.805317,68.390061,71.125219,25.516831,25.776539,27.34794,27.301916
2/6/2022 0:45,-0.101,1.22,-1.55,5124,0,78.84,77.5,-5.197448,88.49939,74.245009,65.888312,68.584021,24.951389,26.249932,28.120491,28.01858
2/6/2022 1:00,-0.205,1.03,-1.59,5128,0,79.23,77.58,-4.539958,88.621026,71.832021,64.852766,66.54909,25.270272,26.782499,28.153365,28.242126
2/6/2022 1:15,-0.052,1.41,-1.64,5121,0,78.6,77.96,-4.868703,87.476993,73.988588,69.879276,72.348151,25.082887,26.756199,27.69641,27.650385
2/6/2022 1:30,-0.186,1.1,-1.62,5115,0,77.89,77.55,-4.539958,90.75458,78.722515,69.580118,72.509236,25.132199,26.042822,27.709559,27.620798
2/6/2022 1:45,-0.326,0.87,-1.7,5120,0,78.94,77.62,-4.539958,91.892038,74.879487,66.818661,69.889138,25.013851,26.453754,28.199389,28.051454
2/6/2022 2:00,-0.402,0.74,-1.74,5121,0,79.42,78.08,-4.375585,91.576443,72.40075,66.184183,68.50841,25.128911,26.907422,28.251988,28.202677
2/6/2022 2:15,-0.231,1.16,-1.79,5119,0,78.6,78.6,-4.375585,89.932718,75.316717,70.411843,73.022078,25.007276,26.532652,27.650385,27.630661
2/6/2022 2:30,-0.343,0.87,-1.74, ,0,78.44,77.77,-5.197448,91.441657,79.85011,69.636005,73.137138,25.201235,25.924474,27.745721,27.499163
2/6/2022 2:45,-0.523,0.55,-1.82,5130,0,80.01,78.32,-4.375585,91.642192,76.46075,67.472863,70.530191,25.115762,26.388005,27.946256,28.031729
2/6/2022 3:00,-0.623,0.37,-1.86,5130,0,80.47,78.41,-4.539958,91.632329,74.609916,66.739762,69.44862,25.283422,26.683875,28.035017,28.215827
2/6/2022 3:15,-0.704,0.23,-1.9,5134,0,81.02,78.94,-4.70433,91.277285,72.584847,65.756814,67.942968,25.224248,26.923859,28.245414,28.465673
2/6/2022 3:30,-0.686,0.27,-1.9,5133,0,80.71,78.65,-4.868703,91.201673,71.664361,65.451082,67.459713,25.224248,27.147405,28.48211,28.442661
2/6/2022 3:45,-0.669,0.27,-1.86,5133,0,80.47,78.75,-4.539958,90.938677,70.11926,64.405673,66.516215,25.211098,27.403827,28.452523,28.574159
2/6/2022 4:00,-0.744,0.18,-1.94,5133,0,81.04,79.32,-4.70433,91.951212,70.023924,64.316911,66.499778,25.405057,27.285478,28.416361,28.699082
2/6/2022 4:15,-0.747,0.23,-2,5133,0,80.68,79.99,-4.868703,88.660475,69.491357,64.152539,65.812701,25.171648,27.581349,28.702369,28.699082
2/6/2022 4:30,-0.763,0.27,-2.08,5135,0,81.4,80.68,-4.375585,90.300912,69.369721,64.201851,65.664766,25.645041,27.453138,28.426223,28.712231
2/6/2022 4:45,-0.821,0.18,-2.12,5134,0,81.74,81.38,-5.033075,89.199617,69.129738,63.649559,64.994126,25.454369,27.262466,28.393349,28.570871
2/6/2022 5:00,-0.85,0.09,-2.09,5134,0,82.67,81.23,-4.539958,88.535552,68.324312,63.689009,64.918515,25.691065,27.52875,28.514984,28.633333
2/6/2022 5:15,-0.885,0.05,-2.13,5134,0,83.22,81.4,-4.539958,86.757042,68.051454,63.356976,64.625932,25.740377,27.328215,28.465673,28.656345
2/6/2022 5:30,-0.801,0.28,-2.18,5131,0,82.09,82.09,-4.539958,87.470418,67.446563,62.821122,64.001316,25.815988,27.459713,28.439373,28.534709
2/6/2022 5:45,-0.966,-0.08,-2.18,5130,0,85.01,82.02,-4.70433,84.5676,66.6773,62.255681,63.475324,25.671341,27.439988,28.465673,28.758256
2/6/2022 6:00,-1.127,-0.57,-2.03,5130,0,88.07,80.83,-4.70433,83.295357,66.378142,61.437106,62.824409,25.612167,27.216442,28.498547,28.580733
2/6/2022 6:15,-0.928,0.05,-2.23,5132,0,84.32,82.81,-4.868703,84.531438,65.908037,60.930838,61.548879,25.934337,27.242742,28.485397,28.528134
2/6/2022 6:30,-0.889,0.05,-2.14,5132,0,84.46,81.86,-4.70433,82.279536,65.707503,60.365397,61.703389,25.539843,27.357802,28.311163,28.50841
2/6/2022 6:45,-0.696,0.77,-2.46,5132,0,78.44,84.89,-4.539958,84.330904,64.790304,60.260199,61.476555,25.457656,27.104669,28.212539,28.321025
2/6/2022 7:00,-0.858,0.23,-2.26,5132,0,81.86,82.95,-4.375585,83.27892,64.606207,59.928166,61.003162,25.750239,27.226304,28.390061,28.544572
2/6/2022 7:15,-0.777,0.36,-2.21,5133,0,79.92,82.38,0.062472,82.272961,64.783729,61.108361,62.890158,25.85215,27.288766,28.061316,28.357187
2/6/2022 7:30,-0.771,0.4,-2.24,5133,0,79.75,81.5,10.253565,83.532054,64.73113,61.903924,63.57066,25.73709,27.456426,28.28815,28.261851
2/6/2022 7:45,-0.85,0.09,-2.09,5135,0,81.16,80.47,35.566926,83.512329,65.428069,62.074871,63.619972,25.809414,27.587924,28.294725,28.574159
2/6/2022 8:00,-0.725,0.4,-2.13,5135,0,77.74,80.11,63.838992,82.864702,66.864685,63.264928,65.493818,25.819276,27.831195,28.472248,28.491972
2/6/2022 8:15,-0.799,0.22,-2.11, ,0,79.3,79.99,97.699722,83.555066,67.929818,64.767292,67.098094,26.20062,28.18624,28.922628,28.659632
2/6/2022 8:30,-0.854,0.09,-2.1,5135,0,79.75,79.06,102.302151,85.461787,68.511697,65.990223,69.017964,26.253219,28.537997,29.004814,28.659632
2/6/2022 8:45,-0.891,0,-2.09,5137,0,80.61,79.23,123.177455,84.505139,69.133025,67.301916,70.770175,26.427454,28.633333,29.211924,29.037689
2/6/2022 9:00,-0.905,-0.04,-2.08,5137,0,80.54,78.82,279.166934,82.549106,68.942353,67.232879,71.818871,27.186855,29.225074,29.458482,29.244798
2/6/2022 9:15,-0.84,0.4,-2.4,5138,0,78.56,81.69,175.119157,79.879697,67.071794,68.242126,71.322466,27.449851,29.12645,29.839827,29.353284
2/6/2022 9:30,-1.03,0.04,-2.46,5137,0,80.44,82.21,386.50216,78.860588,66.378142,66.312393,71.460539,27.755584,29.024539,29.885851,29.442045
2/6/2022 9:45,-1.048,-0.12,-2.33,5139,0,81.97,81.62,461.620381,80.846208,67.538612,67.768733,71.792572,27.640523,28.965365,30.086385,29.580118
2/6/2022 10:00,-1.133,-0.22,-2.42,5140,0,81.9,82.29,384.694063,80.527325,67.844345,65.339308,72.354725,27.522175,29.511082,30.24747,29.843114
2/6/2022 10:15,-1.073,0.04,-2.56,5139,0,79.94,83.53,318.123211,81.967228,67.880507,66.874547,73.100977,27.755584,29.820102,30.369106,29.918725
2/6/2022 10:30,-1.181,-0.12,-2.64,5139,0,80.4,83.67,263.715921,83.334807,68.261851,68.771406,73.732167,27.689835,29.96475,30.369106,30.24747
2/6/2022 10:45,-1.114,-0.04,-2.57,5143,0,80.61,83.5,255.826043,83.617527,67.778596,68.00543,71.352053,28.025154,29.833252,30.760312,30.757025
2/6/2022 11:00,-1.252,-0.35,-2.56,5142,0,81.83,83.29,271.112683,84.159957,69.248086,68.182952,70.497317,28.113916,29.833252,30.392118,31.075908
2/6/2022 11:15,-0.956,0.23,-2.49,5143,0,81.28,83.48,279.166934,84.824021,70.155422,72.229802,71.838596,28.17309,29.935163,30.280345,31.749835
2/6/2022 11:30,-1.194,-0.41,-2.36,5144,0,84.48,82.6,294.946692,85.543973,71.141657,72.318564,72.969479,28.169802,29.813527,30.385543,32.492798
2/6/2022 11:45,-1.163,-0.22,-2.49,5144,0,83.12,83.12,301.357218,86.125851,72.404037,71.08577,72.213365,28.212539,30.010774,30.503891,33.419859
2/6/2022 12:00,-1.184,-0.22,-2.54,5144,0,82.6,83.72,435.320785,86.079827,68.991665,73.807778,71.22713,28.396636,31.276442,30.536766,34.646078
2/6/2022 12:15,-1.309,-0.54,-2.49,5144,0,84.22,83.1,344.094062,84.564313,66.697025,73.130564,64.152539,28.49526,32.088442,30.346094,35.596151
2/6/2022 12:30,-1.268,-0.45,-2.49,5144,0,84.03,83.27,455.045482,85.228378,66.246644,74.0116,60.552782,28.741818,32.098304,30.280345,36.056394
2/6/2022 12:45,-1.345,-0.58,-2.53,5145,0,84.27,83.15,782.475452,83.407131,61.371357,74.113511,66.325543,28.761543,33.074677,30.41513,36.30624
2/6/2022 13:00,-1.311,-0.58,-2.45,5144,0,84.46,82.95,372.201755,84.653074,67.232879,73.05824,64.454984,28.79113,31.5756,30.671551,36.743471
2/6/2022 13:15,-1.211,-0.4,-2.41,5144,0,83.48,83.1,643.580711,84.876621,72.446774,73.334385,62.903308,28.659632,30.293495,30.960847,37.529171
2/6/2022 13:30,-1.046,-0.04,-2.41,5143,0,81.11,82.55,331.601754,85.21194,75.484377,73.896539,60.398272,28.853592,30.069948,30.507179,37.802029
2/6/2022 13:45,-0.921,0.27,-2.45,5143,0,79.39,83.34,339.162887,85.369738,75.536977,73.935989,68.685932,28.768118,30.000912,30.599227,37.506159
2/6/2022 14:00,-0.561,0.98,-2.37, ,0,76.69,83.27,905.426064,85.271115,76.250353,74.350207,65.917899,28.761543,29.826677,30.694563,37.391098
2/6/2022 14:15,-0.13,1.92,-2.37,5142,0,72.22,83.36,871.072217,86.030515,76.355552,76.776345,65.309721,28.64977,29.78394,30.181721,37.900653
2/6/2022 14:30,0.084,1.98,-1.93,5142,0,75.35,80.28,664.620388,86.471034,77.578483,77.065641,71.144944,28.722094,29.747778,30.171859,38.173511
2/6/2022 14:45,0.477,2.64,-1.72,5143,0,73.7,79.11,298.398514,86.770192,76.135292,78.903325,62.620588,28.620183,29.77079,30.280345,39.455616
2/6/2022 15:00,0.801,3.03,-1.38,5142,0,72.63,76.6,468.030908,86.730742,78.538418,77.792167,65.161786,28.485397,29.471632,30.073236,39.998046
2/6/2022 15:15,1.443,4.57,-1.53,5142,0,61.87,77.03,215.719159,89.475762,83.107973,81.138791,69.451908,28.580733,29.61628,29.859551,38.72909
2/6/2022 15:30,1.375,4.17,-1.26,5141,0,63.11,73.75,204.706203,91.694791,83.643827,81.737106,74.373219,28.616895,29.922013,30.227746,37.624507
2/6/2022 15:45,1.696,5.27,-1.69,5141,0,60.15,77.93,410.993659,91.724378,81.802855,80.152556,69.619567,28.863454,29.839827,30.418418,35.859147
2/6/2022 16:00,1.804,5.33,-1.5,5142,0,62.08,77.27,235.608228,90.540896,81.063179,81.674645,71.154806,28.860167,29.922013,30.257333,35.119471
2/6/2022 16:15,1.898,5.59,-1.56,5140,0,62.35,78.39,226.896487,89.288378,81.142078,81.635195,74.245009,28.62347,29.432183,29.662304,34.340345
2/6/2022 16:30,1.978,5.7,-1.49,5139,0,61.22,78.34,346.066531,88.854435,81.3196,80.188718,73.347535,28.820717,29.353284,29.543956,33.765041
2/6/2022 16:45,1.984,5.75,-1.53,5138,0,61.61,78.89,151.613893,88.532264,81.270289,80.389252,68.899616,28.613608,29.300685,29.32041,35.010985
2/6/2022 17:00,1.972,5.65,-1.45,5137,0,62.04,78.2,164.434946,88.091746,82.233511,81.017155,66.476766,28.689219,28.916053,29.014677,35.103033
2/6/2022 17:15,1.984,5.6,-1.37,5136,0,62.83,78.08,78.961259,89.147018,82.601706,80.678548,67.387389,28.3013,28.426223,28.797705,33.883389
2/6/2022 17:30,2.131,5.93,-1.38,5136,0,61.99,78.48,65.318344,90.425835,83.035649,81.65492,69.948312,28.13364,28.15994,28.28815,32.177203
2/6/2022 17:45,1.649,5,-1.51,5136,0,65.72,79.54,27.019557,89.127293,83.712863,81.316313,71.033171,27.857495,27.423551,27.742434,30.724151
2/6/2022 18:00,1.044,3.84,-1.68,5135,0,70.31,80.18,0.884334,86.293511,82.496507,79.804086,76.713884,27.495875,26.960021,27.124393,28.17309
2/6/2022 18:15,0.531,2.73,-1.69,5135,0,74.09,80.59,-4.211213,84.679374,79.317544,74.7973,79.564102,27.147405,26.897559,28.008717,27.34794
2/6/2022 18:30,0.241,2.21,-1.81,5135,0,76.05,80.73,-4.375585,85.123179,77.10509,73.416572,78.117624,26.84496,27.163843,27.79832,27.124393
2/6/2022 18:45,-0.011,1.62,-1.77,5136,0,79.58,80.28,-4.70433,85.941754,75.428491,71.651211,76.348977,26.700312,27.104669,27.913381,27.331503
2/6/2022 19:00,-0.119,1.46,-1.85,5136,0,79.08,80.47,-4.375585,83.79505,74.429106,70.448005,74.948523,26.647713,26.900847,27.923244,27.30849
2/6/2022 19:15,-0.224,1.23,-1.85,5135,0,80.28,80.28,-4.70433,85.188928,73.383697,68.130353,72.936604,26.54909,27.196717,28.163227,27.594499
2/6/2022 19:30,-0.339,0.98,-1.85,5138,0,80.4,79.7,-4.375585,86.043665,71.647924,67.693122,71.799147,26.493203,26.917284,28.107341,27.630661
2/6/2022 19:45,-0.298,1.06,-1.84, ,0,78.75,79.08,-4.211213,85.708345,71.460539,67.739146,71.26658,26.404442,27.416976,28.067891,27.479438
2/6/2022 20:00,-0.307,0.92,-1.71,5134,0,79.61,78.27,-5.033075,86.448021,70.878661,67.18028,70.319794,26.246644,27.449851,28.094191,27.933106
2/6/2022 20:15,-0.384,0.79,-1.75,5135,0,80.11,78.41,-4.539958,83.979147,70.572928,66.720037,69.225074,26.578677,27.229592,28.104053,27.867357
2/6/2022 20:30,-0.327,0.83,-1.66,5135,0,79.75,77.72,-4.868703,86.628831,70.102823,66.072409,68.705657,26.141446,27.341365,28.163227,27.857495
2/6/2022 20:45,-0.34,0.83,-1.69,5135,0,79.58,77.24,-4.70433,84.833884,69.244798,65.822563,68.054742,26.131584,27.107956,27.699697,28.012005
2/6/2022 21:00,-0.513,0.47,-1.71,5135,0,82.74,77.86,-4.70433,85.386175,69.103438,65.520118,67.236167,26.151308,27.377527,27.998855,28.235551
2/6/2022 21:15,-0.454,0.6,-1.71,5136,0,81.64,78.2,-4.539958,84.962094,68.544572,65.201235,66.943584,26.203907,27.318353,28.107341,28.150078
2/6/2022 21:30,-0.472,0.56,-1.71,5134,0,81.11,78.7,-4.539958,83.676702,68.31445,64.921802,66.249932,26.134871,27.367665,28.044879,28.13364
2/6/2022 21:45,-0.449,0.6,-1.7,5135,0,80.99,78.27,-4.539958,85.734645,68.041592,64.632507,66.266369,26.055972,27.209867,28.251988,28.163227
2/6/2022 22:00,-0.572,0.37,-1.74,5136,0,82.21,78.05,-4.539958,84.041608,67.568199,64.201851,65.714077,26.085559,27.065219,27.804895,28.245414
2/6/2022 22:15,-0.529,0.51,-1.79,5136,0,81.93,78.46,-4.539958,82.641155,67.029057,63.781057,65.119049,26.088847,27.443276,28.330887,28.136928
2/6/2022 22:30,-0.486,0.51,-1.69,5139,0,81.33,77.58,-4.211213,83.8082,66.680588,63.08083,64.836328,26.125009,27.601073,28.077754,28.163227
2/6/2022 22:45,-0.486,0.51,-1.69,5147,0,81.19,77.46,-4.211213,84.100783,66.493203,63.26164,64.721268,26.148021,27.324928,28.245414,28.445948
2/6/2022 23:00,-0.501,0.6,-1.82,5141,0,80.99,78.25,-4.539958,84.146807,66.460329,63.126855,64.277462,26.157883,27.397252,28.222401,28.399924
2/6/2022 23:15,-0.486,0.51,-1.69,5143,0,81.83,77.36,-4.539958,82.121738,65.950774,62.219519,63.869818,26.023098,27.387389,28.028442,28.261851
2/6/2022 23:30,-0.531,0.46,-1.74,5140,0,82.02,77.89,-5.033075,82.348572,65.815988,62.285268,63.228766,26.098709,27.426839,28.123778,28.419648
2/6/2022 23:45,-0.468,0.56,-1.7,5138,0,82.24,77.74,-4.539958,80.800183,65.756814,62.397041,63.672571,26.144733,27.275616,28.403211,28.521559
2/7/2022 0:00,-0.449,0.6,-1.7,5058,0,81.35,77.91,-5.033075,83.463017,65.85215,62.235956,63.511486,26.000086,27.384102,28.265138,28.370337
2/7/2022 0:15,-0.495,0.51,-1.71,5048,0,82.26,78.41,-4.375585,83.180297,65.986936,62.370741,64.106515,25.990223,27.216442,28.373624,28.436086
2/7/2022 0:30,-0.548,0.46,-1.78,5149,0,82.05,78.56,-4.211213,83.686564,65.776539,62.331292,63.79092,26.167746,27.482725,28.242126,28.478823
2/7/2022 0:45,-0.529,0.5,-1.78,5152,0,81.11,78.7,-4.70433,83.864086,65.881737,62.291843,63.679146,25.921187,27.482725,28.3276,28.439373
2/7/2022 1:00,-0.546,0.51,-1.83,5154,0,81.69,79.23,-4.70433,82.121738,65.418207,62.452928,63.725171,26.272944,27.716134,28.722094,28.666207
2/7/2022 1:15,-0.582,0.46,-1.86,5154,0,81.9,79.11,-4.868703,81.99024,65.654903,62.232668,63.504911,26.082272,27.535325,28.46896,28.498547
2/7/2022 1:30,-0.541,0.55,-1.86, ,0,81.33,79.25,-4.375585,81.053317,65.40177,61.95981,63.314239,26.078984,27.604361,28.367049,28.505122
2/7/2022 1:45,-0.583,0.42,-1.82,5165,0,82.72,79.2,-4.539958,81.875179,65.428069,62.160345,63.642984,26.286094,27.453138,28.304588,28.485397
2/7/2022 2:00,-0.489,0.56,-1.75,5164,0,82.07,79.61,-4.868703,82.374872,65.786401,61.588328,63.199179,26.128296,27.558337,28.48211,28.570871
2/7/2022 2:15,-0.489,0.56,-1.75,5165,0,82.29,79.13,-4.868703,80.290629,65.283422,62.406903,63.169592,26.272944,27.637235,28.228976,28.505122
2/7/2022 2:30,-0.424,0.71,-1.76,5164,0,82.84,79.99,-4.70433,79.426029,67.111244,62.877009,64.303762,26.22692,26.913997,28.008717,28.008717
2/7/2022 2:45,-0.472,0.56,-1.71,5156,0,82.29,79.13,-4.70433,80.405689,65.605592,62.022272,63.771195,26.065835,27.324928,28.3276,28.347325
2/7/2022 3:00,-0.53,0.47,-1.75,5157,0,82.79,79.25,-4.70433,80.228167,65.23411,61.331907,63.09398,26.21377,27.472863,28.278288,28.445948
2/7/2022 3:15,-0.471,0.6,-1.75,5137,0,82.38,79.56,-4.868703,79.981608,64.974401,61.045899,62.364166,26.042822,27.5156,28.528134,28.620183
2/7/2022 3:30,-0.652,0.28,-1.83,5139,0,84.7,79.61,-4.868703,80.149268,64.721268,61.183972,62.946045,25.927762,27.627373,28.49526,28.600458
2/7/2022 3:45,-0.392,0.78,-1.76,5136,0,80.47,79.44,-4.375585,80.155843,64.750855,61.206984,62.877009,26.161171,27.699697,28.64977,28.600458
2/7/2022 4:00,-1.101,0.91,-3.56,5137,0,48.82,58.59,-4.539958,79.879697,64.458272,60.83879,62.574563,26.388005,27.581349,28.679357,28.646482
2/7/2022 4:15,6.307,9.36,4.72,5139,0,19.72,25.56,-4.539958,79.804086,64.458272,60.64483,62.097883,26.148021,27.676685,28.639908,28.567584
2/7/2022 4:30,-0.222,1.18,-1.79,5140,0,37.65,49.22,-4.868703,79.873122,64.11309,61.118223,62.581138,26.184183,27.679972,28.485397,28.403211
2/7/2022 4:45,-0.805,0.42,-2.34,5141,0,29.17,21.35,-4.211213,78.74224,64.205138,60.842077,62.285268,26.052685,27.742434,28.50841,28.554434
2/7/2022 5:00,-0.392,0.92,-1.91,5141,0,34.07,34.88,-4.211213,78.946062,64.096652,60.470596,62.304992,26.272944,27.676685,28.528134,28.419648
2/7/2022 5:15,-1.073,0.19,-2.72,5142,0,78.94,80.3,-4.70433,80.359665,63.810644,60.457446,62.045284,26.00666,27.633948,28.590596,28.413074
2/7/2022 5:30, , , ,5138,0,  ,  ,-4.375585,78.324734,64.037478,60.404847,62.055146,26.184183,27.610936,28.465673,28.436086
2/7/2022 5:45, , , ,5139,0,  ,  ,-4.70433,79.021673,63.800782,59.918304,62.041996,26.131584,27.650385,28.399924,28.600458
2/7/2022 6:00,-0.638,0.71,-2.26,5138,0,76.81,78.44,-4.539958,79.080847,63.978304,60.299648,61.640928,26.217057,27.762159,28.445948,28.705657
2/7/2022 6:15,0.029,1.44,-1.48,5139,0,38.32,45.28,-4.211213,79.550952,63.587098,60.158288,62.018984,26.164458,27.512312,28.485397,28.34075
2/7/2022 6:30,-1.144,0.24,-2.94,5140,0,80.16,86.09,-4.868703,78.439795,63.728458,59.744069,61.305608,26.078984,27.834482,28.452523,28.419648
2/7/2022 6:45,-0.341,1.06,-1.94,5141,0,74.23,77.7,-4.539958,77.124815,63.310952,59.993915,61.236571,26.154596,27.841057,28.564296,28.363762
2/7/2022 7:00,-1.617,-0.28,-3.49,5143,0,77.62,83.98,-3.718095,79.19262,63.534498,59.645446,61.318758,26.131584,27.630661,28.61032,28.396636
2/7/2022 7:15,-1.131,0.24,-2.91, ,0,79.11,83.39,0.391216,79.061122,63.458887,60.569219,62.923033,26.332118,27.716134,28.491972,28.429511
2/7/2022 7:30,-1.685,-0.13,-3.81,5136,0,86.25,95.36,11.89729,78.735665,63.896118,61.437106,63.30109,26.269656,27.752296,28.31445,28.156652
2/7/2022 7:45,-1.086,0.43,-3.01,5134,0,81.45,87.98,37.868141,78.860588,64.655519,61.601478,63.715308,26.105284,27.768733,28.373624,28.347325
2/7/2022 8:00,-0.238,1.33,-1.99,5136,0,66.46,71.48,66.140206,80.464863,65.608879,62.587713,65.431357,26.062547,27.742434,28.475535,28.547859
2/7/2022 8:15,-0.604,0.84,-2.32,5136,0,68.13,76.48,99.672191,81.937641,67.791746,64.418822,67.367665,26.466903,27.959405,28.758256,28.528134
2/7/2022 8:30,-0.631,0.91,-2.46,5137,0,73.49,80.59,106.740208,82.223649,68.258563,66.22692,69.231648,26.627988,28.426223,28.807567,28.653057
2/7/2022 8:45,-1.019,0.41,-2.83,5138,0,79.44,86.45,126.79365,81.161803,68.886466,68.031729,71.148232,27.045495,28.738531,29.323697,28.824005
2/7/2022 9:00,-0.783,0.71,-2.6,5139,0,75.4,83.19,308.75398,78.867163,68.725381,68.708944,71.894483,27.778596,29.313835,29.507794,29.192199
2/7/2022 9:15,-3.706,-2.9,-5.57,5143,0,73.58,94.93,178.735352,77.154402,67.315065,67.702984,72.459924,28.044879,29.274385,29.708329,29.142887
2/7/2022 9:30,-1.367,0.19,-3.41,5143,0,80.04,90.92,434.663295,77.525884,67.426839,67.098094,71.236993,28.044879,29.080426,29.974612,29.563681
2/7/2022 9:45,-1.416,0.14,-3.47,5143,0,83,92.85,420.527263,78.383908,67.463001,67.436701,71.956944,28.150078,29.083713,30.083098,29.550531
2/7/2022 10:00,-1.323,0.09,-3.2,5142,0,72.91,82.02,347.710256,78.877025,68.403211,66.157883,72.72292,27.890369,29.346709,30.451292,29.655729
2/7/2022 10:15,-1.47,-0.08,-3.36,5141,0,84.44,92.33,325.191227,80.862645,68.870029,68.150078,73.531632,28.012005,29.820102,30.408555,29.751065
2/7/2022 10:30,-1.069,0.32,-2.85,5141,0,76.57,84.99,259.770982,81.858742,68.465673,66.789073,73.245624,28.127065,29.922013,30.431568,30.270482
2/7/2022 10:45,-1.215,0.14,-3,5145,0,79.82,86.49,261.579079,82.194062,69.60313,67.985705,72.384313,28.261851,30.214596,30.720863,30.546628
2/7/2022 11:00,-0.784,0.67,-2.56,5143,0,75.66,82.07,279.002562,82.1316,69.017964,69.208636,71.207406,28.551146,29.922013,30.556491,31.09892
2/7/2022 11:15,-1.162,0.33,-3.08,5145,0,81.9,88.5,291.330497,82.49322,69.918725,72.686758,71.92407,28.551146,30.240895,30.234321,31.759697
2/7/2022 11:30,-1.219,0.14,-3.01,5141,0,85.27,90.63,300.699728,82.743066,71.444102,72.417187,75.290418,28.547859,30.263908,30.549916,32.292264
2/7/2022 11:45,-1.08,0.24,-2.79,5135,0,83.55,87.86,307.932117,83.140847,71.355341,73.301511,69.419033,28.616895,30.540053,31.049608,33.363972
2/7/2022 12:00,-1.11,0.23,-2.85,5135,0,82.98,88.88,510.274634,84.232281,66.913997,73.732167,66.203907,28.574159,31.598612,30.408555,34.886062
2/7/2022 12:15,-1.114,0.23,-2.86,5149,0,83.91,89.51,352.805803,84.179681,62.354304,73.709155,65.858725,28.682644,33.252199,30.490742,35.980782
2/7/2022 12:30,-1.047,0.32,-2.8,5150,0,81.88,88.45,376.475439,83.338094,64.918515,74.955098,62.666612,28.922628,32.946466,30.326369,36.132005
2/7/2022 12:45,-1.108,0.28,-2.9,5151,0,82.74,89.46,722.643872,82.611568,63.527924,74.491568,66.644426,29.083713,33.015503,30.382256,36.033381
2/7/2022 13:00,-1.379,-0.04,-3.19, ,0,80.87,88.55,410.336169,83.127697,66.443891,74.330483,66.194045,29.12645,32.200215,30.612377,36.174742
2/7/2022 13:15,-1.043,0.46,-2.94,5158,0,82.02,89.89,651.47059,83.206596,72.127891,73.886677,64.671956,29.080426,30.780037,30.349381,36.947292
2/7/2022 13:30,-0.839,0.82,-2.85,5155,0,79.39,88.86,327.656814,83.400556,74.162823,74.738126,64.027616,28.919341,30.326369,30.530191,37.24645
2/7/2022 13:45,-0.625,1.24,-2.8,5154,0,78.53,89.03,359.709447,84.025171,75.49424,74.560604,66.246644,28.879891,29.744491,30.290207,36.371989
2/7/2022 14:00,-0.144,2.16,-2.66,5154,0,74.87,88.02,916.603392,84.383503,76.247066,75.869009,68.3013,28.919341,29.780653,30.257333,36.332539
2/7/2022 14:15,0.279,3,-2.57,5155,0,71.19,87.38,970.353191,84.653074,75.878871,76.993317,66.874547,28.639908,29.708329,29.632717,36.450888
2/7/2022 14:30,0.743,3.76,-2.3,5151,0,68.56,85.56,812.062498,84.935795,76.302952,76.934143,72.732782,28.633333,29.343422,29.399308,36.697446
2/7/2022 14:45,1.259,4.68,-2.08,5145,0,64.95,83.82,302.507825,85.100167,77.851341,78.295147,70.115972,28.758256,29.040976,29.392733,37.552183
2/7/2022 15:00,1.491,5.15,-2.04,5143,0,63.88,84.01,359.216329,84.939082,78.134062,78.949349,67.137543,28.298013,28.876604,29.428895,37.844766
2/7/2022 15:15,1.755,5.53,-1.83,5139,0,60.41,81.14,216.376649,89.33769,83.029074,82.601706,68.465673,28.360474,29.106725,29.494644,37.535746
2/7/2022 15:30,1.881,5.72,-1.74,5140,0,59.81,80.11,206.021183,91.218111,84.702386,83.492604,70.635389,28.541284,29.428895,30.000912,36.848669
2/7/2022 15:45,1.972,5.92,-1.74,5140,0,60.65,80.47,340.970985,91.484394,82.871276,81.576021,71.947082,28.925916,29.326984,29.899001,35.888734
2/7/2022 16:00,2.068,6.12,-1.73,5140,0,60.58,81.71,246.128067,89.880119,81.30645,81.559584,72.532248,28.682644,29.234936,29.438758,34.734839
2/7/2022 16:15,2.466,6.95,-1.69,5139,0,61.82,83.12,210.787984,86.701155,80.01777,80.303778,71.246855,28.597171,28.968652,29.044264,34.468556
2/7/2022 16:30,2.531,6.97,-1.56,5139,0,60.67,82.29,355.92888,86.135714,80.767309,81.858742,70.93126,28.090903,28.324312,28.639908,34.028037
2/7/2022 16:45,2.566,7,-1.51,5137,0,60.55,82.38,175.447902,85.636021,80.846208,79.669301,66.348555,28.031729,27.716134,28.330887,34.52773
2/7/2022 17:00,2.514,6.84,-1.46,5137,0,60.12,81.66,143.559642,86.878677,80.109819,80.576637,61.611341,27.903519,27.463001,27.758871,34.81045
2/7/2022 17:15,2.478,6.8,-1.5,5136,0,60.41,81.5,83.563689,86.87539,81.592459,79.560815,64.491146,27.486013,27.163843,27.216442,33.183163
2/7/2022 17:30,2.556,6.97,-1.5,5134,0,60.22,81.88,83.563689,85.438774,81.313025,78.926337,67.219729,27.104669,26.782499,27.111244,31.24028
2/7/2022 17:45,2.229,6.34,-1.59,5133,0,61.99,82.31,29.320772,83.64054,80.905382,77.663956,68.541284,26.769349,26.420879,27.068507,29.520944
2/7/2022 18:00,3.239,7.65,-0.63,5134,0,39.52,59.24,2.856804,82.749641,78.183373,74.277883,72.874142,26.243357,26.266369,26.667438,27.397252
2/7/2022 18:15,0.928,4.09,-2.22,5133,0,50.99,74.64,-4.04684,82.9699,74.744701,69.149462,73.49547,26.263082,26.177608,27.236167,27.134256
2/7/2022 18:30,0.59,3.53,-2.41,5133,0,71.72,88.48,-5.197448,84.041608,74.902499,70.240895,74.662515,26.526078,26.588539,27.640523,27.239454
2/7/2022 18:45,-0.208,2.27,-2.93, ,0,71.91,87.5,-4.375585,84.866758,73.04509,68.669495,72.456636,26.430741,26.983033,27.96598,27.564912
2/7/2022 19:00,-0.136,2.27,-2.76,5132,0,76.67,89.07,-4.70433,84.817447,71.87147,67.219729,70.448005,26.532652,27.292053,28.041592,27.818045
2/7/2022 19:15,-0.141,2.12,-2.61,5133,0,77.1,88.84,-4.70433,83.384119,70.494029,66.407729,69.576831,26.335405,27.229592,28.238839,27.709559
2/7/2022 19:30,-0.106,2.14,-2.55,5132,0,76.28,88.6,-4.70433,83.27892,69.382871,65.572717,68.3276,26.315681,27.328215,28.209252,28.117203
2/7/2022 19:45,-0.168,2.06,-2.61,5133,0,77.03,88.33,-5.033075,83.772038,69.455195,65.109187,67.906806,26.318968,27.252604,28.048167,27.985705
2/7/2022 20:00,-0.253,1.82,-2.55,5133,0,77.12,87.69,-4.868703,83.624102,68.620183,64.954677,66.743049,26.450466,27.219729,28.061316,28.071179
2/7/2022 20:15,-0.234,1.87,-2.56,5133,0,77.24,87.81,-4.70433,81.174952,67.610936,64.359648,66.420879,26.20062,27.338078,28.156652,28.048167
2/7/2022 20:30,-0.397,1.56,-2.61,5133,0,79.06,88.02,-4.70433,79.935584,67.413689,63.915843,65.815988,26.272944,27.377527,28.228976,28.051454
2/7/2022 20:45,-0.317,1.68,-2.55,5133,0,77.91,87.43,-4.539958,81.595746,66.466903,63.212328,65.0533,26.374855,27.255891,27.97913,27.956118
2/7/2022 21:00,-0.246,1.75,-2.46,5134,0,78.13,87.28,-4.375585,82.31241,66.670725,62.923033,64.819891,26.190758,27.223017,28.021867,28.14679
2/7/2022 21:15,-0.484,1.38,-2.62,5134,0,78.63,87.5,-4.375585,82.032977,66.374855,62.344442,64.191988,26.351843,27.229592,28.136928,28.156652
2/7/2022 21:30,-0.355,1.55,-2.5,5134,0,78.46,86.9,-4.868703,78.791552,65.773252,62.646887,64.264312,26.210482,27.403827,28.228976,28.189527
2/7/2022 21:45,-0.828,0.64,-2.63,5134,0,80.44,87.62,-5.033075,79.823811,65.546418,62.032134,63.646272,26.358418,27.433414,28.084329,28.143503
2/7/2022 22:00,-0.401,1.46,-2.51,5133,0,79.32,87.14,-4.375585,81.543147,65.483956,61.864474,63.189316,26.53594,27.315065,28.219114,28.179665
2/7/2022 22:15,-0.367,1.44,-2.41,5134,0,78.58,86.61,-4.868703,81.339325,64.934952,61.903924,63.44245,26.151308,27.512312,28.311163,28.275001
2/7/2022 22:30,-0.344,1.49,-2.41,5133,0,78.56,86.21,-4.70433,80.274191,64.928377,61.578466,62.81126,26.180895,27.374239,28.166515,28.380199
2/7/2022 22:45,-0.346,1.44,-2.36,5133,0,78.36,85.61,-4.70433,79.117009,64.750855,61.381219,62.890158,26.151308,27.610936,28.120491,28.258563
2/7/2022 23:00,-0.279,1.54,-2.31,5132,0,78.39,85.61,-4.70433,79.666013,64.494434,61.039324,62.791535,26.22692,27.472863,28.041592,28.48211
2/7/2022 23:15,-0.344,1.49,-2.41,5134,0,78.32,85.94,-4.70433,79.159746,64.030903,60.950563,62.607438,26.210482,27.380814,28.182952,28.3276
2/7/2022 23:30,-0.283,1.53,-2.31,5134,0,78.27,85.44,-4.539958,80.300491,64.106515,60.631681,62.150482,26.38143,27.357802,28.505122,28.222401
2/7/2022 23:45,-0.54,1.23,-2.59,5134,0,80.13,87.28,-4.868703,77.325349,63.846806,60.447583,62.354304,26.101997,27.407114,28.143503,28.3276
2/8/2022 0:00,-0.341,1.45,-2.36,5135,0,79.11,85.68,-4.539958,78.035438,63.915843,60.704004,62.111033,26.115146,27.295341,28.298013,28.298013
2/8/2022 0:15,0.078,2.45,-2.45,5142,0,80.47,87.23,-4.539958,79.629851,71.066045,68.702369,71.010159,26.207195,26.762774,27.226304,27.518887
2/8/2022 0:30,-0.063,2,-2.3, ,0,80.21,88.17,-4.868703,86.921414,77.723131,68.626758,72.23309,25.579292,25.792976,27.380814,27.091519
2/8/2022 0:45,-0.349,1.47,-2.4,5142,0,82.29,88.5,-4.539958,87.32577,71.661074,64.39581,66.789073,25.559567,26.407729,27.630661,27.637235
2/8/2022 1:00,-0.452,1.32,-2.48,5144,0,82.86,89.15,-4.70433,86.632119,68.008717,62.285268,64.56347,25.119049,26.499778,27.712847,27.610936
2/8/2022 1:15,-0.192,1.86,-2.45,5148,0,80.8,88.88,-4.868703,84.643212,72.055568,67.890369,70.720863,24.74428,26.072409,27.223017,27.114531
2/8/2022 1:30,-0.386,1.38,-2.39,5142,0,80.42,88.02,-4.211213,89.584248,76.973592,66.99947,70.257333,24.856053,25.608879,27.459713,27.137543
2/8/2022 1:45,-0.546,1.04,-2.4,5090,0,81.59,86.9,-4.70433,89.281803,73.179875,64.195276,67.545187,24.533883,26.148021,27.663535,27.768733
2/8/2022 2:00,-0.634,0.84,-2.39,5081,0,81.16,86.42,-4.539958,90.761155,73.68943,66.249932,68.676069,24.810029,26.644426,28.00543,28.117203
2/8/2022 2:15,-0.477,1.21,-2.42,5136,0,79.8,86.47,-4.211213,91.201673,76.579098,71.207406,73.607244,24.842903,26.670725,27.758871,27.709559
2/8/2022 2:30,-0.598,0.88,-2.35,5153,0,80.11,85.25,-4.70433,93.144556,79.23207,69.9253,73.666418,25.036863,26.098709,27.637235,27.745721
2/8/2022 2:45,-0.721,0.65,-2.39,5151,0,81.31,85.42,-4.70433,93.831633,76.773058,67.893657,71.453964,24.915227,26.739762,28.235551,28.350612
2/8/2022 3:00,-0.842,0.46,-2.47,5158,0,82.38,86.18,-4.539958,94.101204,74.100361,67.538612,70.30007,25.148636,27.209867,28.399924,28.347325
2/8/2022 3:15,-0.905,0.37,-2.52,5161,0,82.43,86.23,-4.539958,93.772459,72.693333,66.710175,69.392733,25.230822,27.242742,28.28815,28.386774
2/8/2022 3:30,-0.905,0.37,-2.52,5160,0,82.45,85.49,-4.211213,92.878273,72.229802,66.154596,68.715519,25.003988,27.34794,28.390061,28.416361
2/8/2022 3:45,-0.923,0.33,-2.52,5166,0,82.55,85.97,-5.033075,92.529803,70.849074,66.322256,67.893657,25.270272,27.407114,28.347325,28.639908
2/8/2022 4:00,-0.902,0.33,-2.47,5166,0,82.48,85.51,-4.868703,93.009771,70.168572,66.000086,67.755584,25.470806,27.374239,28.547859,28.603746
2/8/2022 4:15,-0.871,0.37,-2.44,5169,0,82.98,85.63,-4.211213,91.053738,70.319794,65.378758,66.992895,25.483956,27.446563,28.521559,28.452523
2/8/2022 4:30,-0.925,0.28,-2.47,5172,0,82.88,85.54,-4.868703,91.093188,69.790515,64.813316,66.989608,25.37547,27.50245,28.577446,28.419648
2/8/2022 4:45,-0.902,0.33,-2.47,5167,0,83.1,85.78,-4.539958,90.537609,69.872701,64.711405,66.378142,25.454369,27.482725,28.669495,28.626758
2/8/2022 5:00,-0.885,0.33,-2.43,5166,0,83.12,85.39,-4.375585,88.03586,69.251373,64.096652,66.036248,25.421494,27.522175,28.367049,28.491972
2/8/2022 5:15,-0.902,0.33,-2.47,5165,0,82.74,85.78,-4.868703,88.979358,68.899616,64.116377,65.934337,25.41492,27.518887,28.607033,28.537997
2/8/2022 5:30,-0.925,0.28,-2.47,5170,0,82.88,85.15,-4.868703,88.913609,67.99228,63.909268,65.671341,25.720652,27.689835,28.475535,28.554434
2/8/2022 5:45,-0.848,0.42,-2.44,5171,0,82.6,85.25,-4.70433,87.680815,68.238839,64.063778,65.635179,25.858725,27.841057,28.702369,28.475535
2/8/2022 6:00,-0.925,0.28,-2.47,5174,0,83.53,85.44,-4.70433,86.997026,67.535325,63.675859,65.132199,25.572717,27.587924,28.422936,28.49526
2/8/2022 6:15,-0.848,0.42,-2.44, ,0,82.81,85.85,-4.70433,88.052297,67.190142,63.4293,65.073025,25.766677,27.499163,28.163227,28.396636
2/8/2022 6:30,-0.803,0.47,-2.39,5175,0,82.76,85.42,-5.197448,88.170645,66.98632,63.140005,64.714693,25.55628,27.367665,28.386774,28.403211
2/8/2022 6:45,-0.803,0.47,-2.39,5176,0,83.1,85.37,-4.539958,86.881965,66.818661,62.456215,64.182126,25.470806,27.374239,28.491972,28.360474
2/8/2022 7:00,-0.785,0.51,-2.39,5175,0,82.72,84.99,-4.375585,86.941139,66.21377,62.272118,64.218288,25.608879,27.420264,28.18624,28.311163
2/8/2022 7:15,-0.724,0.55,-2.29,5178,0,81.35,84.29,1.706196,84.60705,66.6773,63.715308,65.783114,25.756814,27.637235,28.209252,28.123778
2/8/2022 7:30,-0.758,0.55,-2.37,5181,0,81.02,84.32,11.568545,84.574175,67.134256,64.080215,66.138158,25.848863,27.525462,28.100766,28.225689
2/8/2022 7:45,-0.714,0.59,-2.31,5181,0,79.94,83.53,42.634943,84.879908,67.844345,64.274175,66.302531,25.875163,27.79832,28.373624,28.445948
2/8/2022 8:00,-0.75,0.54,-2.34,5183,0,79.32,82.88,79.125632,85.737932,68.695794,65.059875,67.693122,25.898175,27.919956,28.593883,28.488685
2/8/2022 8:15,-0.704,0.63,-2.33,5184,0,79.15,83.05,107.56207,85.829981,69.379584,66.651001,69.382871,26.095422,28.485397,28.847017,28.620183
2/8/2022 8:30,-0.742,0.53,-2.31,5189,0,78.63,82.48,110.84952,85.027843,68.909478,68.054742,71.509851,26.552377,28.702369,29.129738,28.797705
2/8/2022 8:45,-0.715,0.57,-2.29,5189,0,77.46,81.57,128.437374,84.051471,70.477592,69.287535,73.814353,27.216442,28.95879,29.412458,29.208636
2/8/2022 9:00,-0.769,0.48,-2.32,5189,0,76.98,81.04,322.232523,83.831212,70.217883,69.885851,74.438968,27.610936,29.504507,30.155422,29.744491
2/8/2022 9:15,-0.914,0.22,-2.38,5188,0,80.64,82.43,181.200939,83.015924,69.596555,68.054742,73.840653,27.962693,29.409171,30.313219,29.882563
2/8/2022 9:30,-1.03,0.04,-2.46,5189,0,81.42,83.62,467.702163,82.64773,68.419648,66.00666,71.684086,27.82462,29.527519,30.378968,29.872701
2/8/2022 9:45,-1.064,-0.08,-2.41,5187,0,82.12,83.22,287.54993,82.138175,68.607033,64.964539,71.22713,27.735859,29.62943,30.559778,30.378968
2/8/2022 10:00,-1.306,-0.44,-2.59,5189,0,83.84,84.6,295.604182,85.004831,67.949543,64.264312,70.950985,27.910094,29.91215,30.950985,30.526904
2/8/2022 10:15,-1.343,-0.53,-2.58,5193,0,84.03,84.03,300.535356,86.168588,67.949543,66.282806,70.471017,27.975843,30.42828,30.724151,31.121932
2/8/2022 10:30,-1.305,-0.53,-2.49,5194,0,83.43,83.82,255.990415,86.921414,68.169802,66.013235,73.949138,28.399924,30.543341,30.786612,31.713673
2/8/2022 10:45,-1.181,-0.26,-2.49,5195,0,82.5,83.62,269.468958,86.68143,69.43547,66.588539,70.448005,28.449235,30.60909,30.852361,32.292264
2/8/2022 11:00,-1.198,-0.26,-2.53,5197,0,82.91,83.29,285.084343,87.085787,71.782709,68.64977,74.534304,28.511697,30.543341,31.174531,33.127276
2/8/2022 11:15,-0.953,0.19,-2.44,5198,0,83,84.13,294.617947,85.609722,72.025981,70.964134,73.893252,28.501835,30.865511,31.210693,34.7973
2/8/2022 11:30,-1.01,0.14,-2.52,5187,0,82.69,84.56,321.41066,84.797722,71.960232,72.778806,72.86428,28.646482,30.842499,31.621624,35.385754
2/8/2022 11:45,-1.03,0.05,-2.47,5184,0,82.6,84.46,319.273818,85.461787,70.773462,71.976669,70.296782,28.728669,31.082483,31.56245,35.796685
2/8/2022 12:00,-1.026,0.05,-2.46, ,0,82.79,83.89,377.954792,85.682046,66.581964,72.062142,67.933106,28.965365,32.088442,31.22713,36.477187
2/8/2022 12:15,-1.053,0,-2.47,5202,0,82.67,84.15,361.846289,85.484799,63.284652,74.248296,64.740992,29.070563,33.712442,31.338904,37.821754
2/8/2022 12:30,-1.1,-0.13,-2.44,5202,0,83.43,84.2,369.571795,84.847034,64.895503,74.087211,63.30109,29.363146,32.976053,31.615049,38.137349
2/8/2022 12:45,-1.067,-0.04,-2.46,5196,0,82.48,83.96,516.849533,85.146191,67.82462,75.168782,63.333964,29.534094,32.574985,31.325754,38.640329
2/8/2022 13:00,-1.049,0,-2.46,5202,0,81.93,83.77,435.978275,85.409187,73.488896,74.715114,60.00049,29.530806,31.315891,31.73011,39.241932
2/8/2022 13:15,-1.067,-0.04,-2.46,5205,0,81.97,83.82,599.69326,84.843746,74.833462,73.896539,59.901867,29.530806,31.243568,32.002968,40.333365
2/8/2022 13:30,-0.822,0.41,-2.37,5208,0,80.42,82.95,337.026045,85.852993,76.207616,73.308086,60.174725,29.514369,30.970709,32.019406,40.034208
2/8/2022 13:45,-0.412,1.23,-2.29,5205,0,77.46,83.03,435.978275,86.421722,77.516021,74.254871,61.433818,29.645867,30.681414,32.042418,39.38658
2/8/2022 14:00,0.13,2.22,-2.08,5198,0,73.8,82.02,962.95643,87.253447,77.555471,75.366029,65.90475,29.471632,30.829349,31.891195,39.057835
2/8/2022 14:15,0.599,3.12,-1.95,5203,0,70.21,80.78,982.023637,86.974013,78.334596,77.502871,69.856264,29.419033,30.908248,31.947082,39.419454
2/8/2022 14:30,1.115,4.06,-1.75,5203,0,67.42,80.54,876.496508,88.039147,78.58773,78.242548,63.307664,29.363146,30.592653,31.641349,39.767924
2/8/2022 14:45,1.517,4.74,-1.54,5204,0,64.71,78.82,288.700538,88.772248,80.293916,78.249122,63.232053,29.389446,30.697851,31.947082,40.310353
2/8/2022 15:00,1.93,5.52,-1.41,5205,0,62.23,78.2,264.209039,88.801835,79.968459,78.446369,67.311778,29.241511,30.533478,31.319179,40.66211
2/8/2022 15:15,2.073,5.73,-1.3,5206,0,59.26,76.21,227.553977,91.185236,82.999487,80.389252,66.36828,29.675454,30.816199,31.569025,39.472054
2/8/2022 15:30,2.277,6.09,-1.21,5207,0,58.52,75.11,245.963694,91.080038,81.799568,80.244604,71.815584,29.359859,30.908248,31.181106,37.216863
2/8/2022 15:45,2.344,6.21,-1.18,5206,0,58.26,75.02,229.362074,91.273997,81.467535,80.395827,72.358013,29.714904,30.526904,30.921397,36.500199
2/8/2022 16:00,2.472,6.45,-1.14,5207,0,58.91,75.64,195.336972,90.412686,81.174952,80.35309,72.953041,29.606418,30.395406,30.494029,36.237203
2/8/2022 16:15,2.518,6.56,-1.15,5206,0,59.05,76.21,173.31106,90.182564,81.112491,80.517463,71.299454,29.317122,30.352669,30.477592,36.09913
2/8/2022 16:30,2.572,6.65,-1.12,5206,0,58.91,76.33,261.743452,89.909706,81.553009,80.619374,70.267195,29.303972,30.208021,30.405268,35.95777
2/8/2022 16:45,2.613,6.75,-1.13,5204,0,59.29,76.62,162.133732,89.580961,80.898807,80.274191,66.976458,29.175762,30.198159,30.329657,36.585673
2/8/2022 17:00,2.641,6.81,-1.13,5201,0,59.69,77.53,115.616321,89.410013,80.898807,80.369527,62.706061,29.073851,29.780653,30.004199,36.799357
2/8/2022 17:15,2.647,6.87,-1.18,5200,0,60.03,77.77,88.001746,88.693349,80.517463,80.274191,63.600247,28.912766,29.458482,29.672167,35.862434
2/8/2022 17:30,2.764,7.05,-1.1,5199,0,59.34,77.65,108.055188,89.094418,81.855455,81.283438,66.052685,28.939065,29.261235,29.110013,34.899211
2/8/2022 17:45,2.464,6.47,-1.18, ,0,60.96,77.96,27.84142,89.436313,82.411033,81.375487,67.081656,28.630045,28.653057,28.794418,33.288361
2/8/2022 18:00,1.926,5.54,-1.44,5197,0,64.55,80.28,2.034941,88.025997,82.414321,79.613414,70.684701,28.212539,28.113916,28.613608,31.082483
2/8/2022 18:15,1.291,4.36,-1.66,5195,0,68.01,81.4,-4.04684,84.784572,79.225495,74.81045,77.387811,28.071179,27.97913,28.83058,28.672782
2/8/2022 18:30,0.892,3.61,-1.79,5194,0,70.88,81.97,-4.539958,86.72088,76.980167,73.738742,78.630467,28.087616,28.064604,28.626758,28.14679
2/8/2022 18:45,0.667,3.24,-1.92,5192,0,72.58,83.07,-4.70433,85.442062,75.362742,73.525057,78.189948,27.834482,28.031729,28.150078,27.834482
2/8/2022 19:00,0.44,2.83,-2.01,5194,0,74.16,83.22,-5.197448,84.639924,75.053722,72.55526,77.243163,27.522175,27.873932,28.304588,27.818045
2/8/2022 19:15,0.284,2.5,-2.02,5195,0,74.87,84.08,-4.375585,86.401997,74.534304,71.58875,76.43445,27.50245,27.910094,28.28815,27.64381
2/8/2022 19:30,0.119,2.25,-2.14,5194,0,75.93,84.22,-4.70433,85.833268,74.123373,70.957559,75.780248,27.236167,27.660248,28.074466,27.591211
2/8/2022 19:45,0.049,2.06,-2.1,5193,0,76.43,84.08,-4.539958,84.833884,73.442871,70.043648,75.093171,27.150693,27.472863,28.113916,27.239454
2/8/2022 20:00,-0.067,1.88,-2.18,5194,0,77.53,84.22,-4.539958,83.93641,72.617721,69.62943,74.442256,26.789073,27.482725,28.192814,27.4893
2/8/2022 20:15,-0.114,1.75,-2.15,5197,0,77.98,84.39,-5.033075,83.393981,72.607859,69.083713,73.653268,26.733187,27.568199,28.205964,27.749009
2/8/2022 20:30,-0.183,1.59,-2.14,5194,0,78.51,84.58,-4.539958,82.683892,72.134466,67.791746,73.232474,26.769349,27.423551,28.255276,27.558337
2/8/2022 20:45,-0.246,1.49,-2.18,5193,0,78.25,84.65,-4.868703,83.561641,71.417802,68.028442,72.657171,26.927146,27.509025,28.127065,27.610936
2/8/2022 21:00,-0.339,1.38,-2.28,5191,0,80.06,85.2,-4.211213,82.713479,70.832636,67.393964,71.799147,26.808798,27.463001,28.307875,27.584636
2/8/2022 21:15,-0.287,1.41,-2.19,5184,0,78.91,84.65,-4.539958,83.93641,70.254045,67.068507,71.144944,26.798936,27.486013,28.219114,27.551762
2/8/2022 21:30,-0.331,1.36,-2.24,5187,0,79.01,84.8,-4.539958,83.416993,69.892426,66.460329,70.576215,26.775924,27.357802,27.893657,27.749009
2/8/2022 21:45,-0.307,1.32,-2.14,5190,0,79.44,84.13,-4.539958,83.831212,69.563681,66.055972,69.619567,26.6773,27.449851,28.278288,27.841057
2/8/2022 22:00,-0.327,1.36,-2.23,5185,0,78.75,84.48,-4.539958,83.206596,68.708944,65.875163,69.882563,26.720037,27.525462,28.248701,27.887082
2/8/2022 22:15,-0.431,1.18,-2.28,5192,0,80.04,84.8,-4.539958,81.786418,68.478823,65.23411,68.570871,26.328831,27.709559,28.113916,28.044879
2/8/2022 22:30,-0.395,1.22,-2.24,5191,0,79.37,84.8,-4.539958,82.45377,67.788458,65.395195,67.99228,26.391292,27.518887,28.00543,28.15994
2/8/2022 22:45,-0.358,1.2,-2.13,5187,0,78.7,83.67,-4.539958,83.469592,68.18624,64.997413,67.512312,26.674013,27.607648,28.215827,28.215827
2/8/2022 23:00,-0.473,1.07,-2.26,5187,0,80.11,84.46,-4.539958,82.128313,67.82462,64.852766,67.140831,26.493203,27.433414,28.330887,28.278288
2/8/2022 23:15,-0.473,1.07,-2.26,5187,0,80.01,84.37,-4.375585,83.499179,68.514984,65.030288,67.01262,26.457041,27.752296,28.399924,28.251988
2/8/2022 23:30,-0.437,1.12,-2.23, ,0,79.46,84.53,-4.539958,84.094208,67.630661,64.698256,67.380814,26.519503,27.676685,28.419648,28.14679
2/8/2022 23:45,-0.375,1.19,-2.16,5213,0,78.13,83.39,-4.539958,82.437333,67.209867,64.553608,67.042207,26.526078,27.729284,28.311163,28.261851
2/9/2022 0:00,-0.369,1.24,-2.2,5197,0,78.2,83.48,-4.375585,80.961268,66.973171,64.2676,66.739762,26.364992,27.463001,28.31445,28.324312
2/9/2022 0:15,-0.375,1.19,-2.16,5193,0,77.93,83.55,-4.539958,81.885042,66.815373,64.168976,66.506353,26.516215,27.673397,28.485397,27.969268
2/9/2022 0:30,-0.415,1.15,-2.21,5196,0,78.89,83.86,-4.868703,82.618143,67.157268,64.2413,66.565527,26.420879,27.50245,28.150078,28.038304
2/9/2022 0:45,-0.43,1.2,-2.3,5195,0,78.53,84.25,-4.70433,83.384119,66.917284,63.712021,66.345268,26.434029,27.666822,28.439373,28.15994
2/9/2022 1:00,-0.385,1.27,-2.27,5195,0,79.37,84.82,-4.375585,82.450483,66.756199,63.75147,65.944199,26.36828,27.594499,28.324312,28.130353
2/9/2022 1:15,-0.393,1.16,-2.17,5191,0,79.2,83.86,-5.033075,82.141463,66.315681,63.557511,65.792976,26.453754,27.725997,28.584021,28.373624
2/9/2022 1:30,-0.415,1.15,-2.21,5191,0,78.6,83.93,-4.70433,81.273576,66.105284,63.58381,65.322871,26.503065,27.801608,28.304588,28.120491
2/9/2022 1:45,-0.352,1.24,-2.16,5193,0,78.05,83.31,-4.375585,81.921204,66.302531,63.665996,65.677916,26.558952,27.758871,28.317737,28.275001
2/9/2022 2:00,-0.334,1.28,-2.16,5192,0,77.96,83.22,-4.539958,80.399114,66.312393,63.665996,65.73709,26.489916,27.893657,28.298013,28.386774
2/9/2022 2:15,-0.352,1.24,-2.16,5190,0,78.13,83.03,-4.70433,80.231454,66.318968,63.241915,65.908037,26.555665,27.689835,28.498547,28.307875
2/9/2022 2:30,-0.352,1.24,-2.16,5191,0,77.6,82.81,-5.033075,81.16509,66.217057,63.702158,65.845575,26.512928,27.676685,28.419648,28.409786
2/9/2022 2:45,-0.367,1.16,-2.11,5191,0,78.72,82.57,-4.70433,80.629236,66.345268,63.403,65.671341,26.529365,27.814758,28.344037,28.245414
2/9/2022 3:00,-0.331,1.24,-2.11,5191,0,77.96,82.5,-4.70433,78.633754,66.023098,63.593673,65.257122,26.457041,27.640523,28.439373,28.363762
2/9/2022 3:15,-0.331,1.24,-2.11,5190,0,78.13,82.67,-4.211213,81.533284,65.871875,63.386563,65.122337,26.480053,27.637235,28.462385,28.353899
2/9/2022 3:30,-0.349,1.2,-2.11,5190,0,78.32,82.52,-4.70433,80.007908,66.364992,63.255065,65.224248,26.437316,27.735859,28.409786,28.419648
2/9/2022 3:45,-0.292,1.24,-2.02,5191,0,77.91,81.35,-4.539958,79.225495,66.144733,63.317527,66.085559,26.706887,27.624086,28.567584,28.268426
2/9/2022 4:00,-0.271,1.24,-1.97,5190,0,77.79,81.57,-4.539958,79.945446,66.35513,63.396426,65.862013,26.657575,27.841057,28.396636,28.268426
2/9/2022 4:15,-0.334,1.14,-2.01,5190,0,77.84,81.26,-4.539958,80.491163,66.157883,63.307664,66.075697,26.203907,27.663535,28.514984,28.350612
2/9/2022 4:30,-0.288,1.23,-2,5192,0,77.29,80.68,-4.539958,80.852782,66.253219,63.449025,66.092134,26.420879,27.788458,28.62347,28.50841
2/9/2022 4:45,-0.288,1.23,-2,5197,0,77.41,80.8,-4.539958,79.905997,66.115146,63.12028,66.131584,26.437316,27.939681,28.531422,28.281576
2/9/2022 5:00,-0.365,1.11,-2.05,5193,0,78.94,81.35,-4.539958,80.168993,66.18747,62.998644,65.963924,26.364992,27.712847,28.587308,28.432798
2/9/2022 5:15,-0.312,1.16,-1.98, ,0,78.99,81.42,-4.211213,79.287956,66.243357,63.675859,66.470191,26.647713,27.732571,28.656345,28.140215
2/9/2022 5:30,-0.31,1.21,-2.03,5184,0,79.3,81.74,-5.033075,80.527325,66.279519,63.051243,66.055972,26.499778,27.762159,28.166515,28.150078
2/9/2022 5:45,-0.317,1.15,-1.98,5193,0,78.53,81.28,-5.197448,81.033592,66.35513,63.041381,65.983648,26.657575,27.772021,28.557721,28.271713
2/9/2022 6:00,-0.24,1.28,-1.94,5194,0,77.86,80.92,-4.375585,79.968459,66.036248,63.403,66.256507,26.611551,27.785171,28.498547,28.255276
2/9/2022 6:15,-0.271,1.25,-1.98,5191,0,78.53,81.66,-4.70433,80.060507,66.075697,63.258353,66.463616,26.335405,27.47615,28.386774,28.235551
2/9/2022 6:30,-0.294,1.2,-1.98,5188,0,78.53,81.28,-4.539958,79.274807,66.364992,63.514774,66.292669,26.483341,27.640523,28.403211,28.3276
2/9/2022 6:45,-0.271,1.25,-1.98,5186,0,78.46,81.21,-4.70433,80.244604,66.253219,63.251778,66.529365,26.670725,27.772021,28.136928,28.031729
2/9/2022 7:00,-0.196,1.32,-1.88,5191,0,77.17,80.54,-4.375585,80.116394,66.374855,63.823794,66.729899,26.631276,27.946256,28.442661,28.048167
2/9/2022 7:15,-0.178,1.36,-1.88,5186,0,76.81,80.16,2.363686,79.896135,66.838385,64.445122,66.940296,26.503065,27.712847,28.475535,28.110628
2/9/2022 7:30,-0.069,1.55,-1.83,5183,0,76.02,79.66,13.21227,79.498353,67.578061,65.191373,67.860782,26.680588,27.666822,28.347325,28.031729
2/9/2022 7:45,-0.159,1.4,-1.88,5189,0,76.02,79.99,41.484335,79.498353,68.291438,64.915227,68.31445,26.7036,27.781883,28.281576,28.015292
2/9/2022 8:00,-0.167,1.41,-1.91,5192,0,76.38,79.68,93.097292,81.316313,68.64977,66.04611,69.527519,26.746337,27.900231,28.551146,28.265138
2/9/2022 8:15,-0.209,1.32,-1.91,5193,0,76.64,79.63,117.424419,82.095438,69.011389,66.992895,70.668264,27.006045,28.298013,28.810855,28.136928
2/9/2022 8:30,-0.151,1.4,-1.86,5193,0,76.21,79.51,109.041422,82.28611,69.425608,67.788458,71.878045,26.887697,28.452523,28.948928,28.600458
2/9/2022 8:45,-0.178,1.34,-1.86,5188,0,75.5,79.75,131.231707,82.042839,70.497317,70.7636,73.554645,27.456426,29.106725,29.392733,28.948928
2/9/2022 9:00,-0.254,1.23,-1.92,5185,0,74.92,79.11,302.179081,81.013867,70.027211,69.46177,74.254871,28.071179,29.754353,30.046936,29.747778
2/9/2022 9:15,-0.326,1.13,-1.98,5185,0,77.53,80.23,181.694056,80.330078,70.993721,68.090903,73.784766,28.143503,29.349997,30.221171,29.586693
2/9/2022 9:30,-0.446,0.96,-2.08,5195,0,78.48,80.87,467.53779,80.290629,69.195487,67.505737,73.35411,28.34075,29.511082,30.549916,30.083098
2/9/2022 9:45,-0.514,0.85,-2.12,5194,0,78.17,81.62,237.08758,80.918531,70.089673,67.295341,72.847843,28.156652,29.813527,30.556491,30.076523
2/9/2022 10:00,-0.574,0.72,-2.12,5194,0,78.46,81.23,234.950738,82.246661,69.340134,67.742434,73.429721,28.28815,29.728053,30.990434,30.395406
2/9/2022 10:15,-0.65,0.59,-2.16,5200,0,79.15,81.59,301.028473,83.101398,68.948928,68.140215,76.016944,28.524847,30.615665,30.93126,30.77675
2/9/2022 10:30,-0.831,0.27,-2.24,5202,0,79.44,81.9,260.592844,84.344054,69.948312,67.808183,72.706483,28.413074,30.42828,30.987146,31.128507
2/9/2022 10:45,-0.75,0.4,-2.19,5200,0,78.77,81.19,276.208229,84.955519,70.267195,67.269041,72.607859,28.886466,30.648539,31.069333,31.832021
2/9/2022 11:00,-0.586,0.72,-2.15, ,0,78.32,81.07,291.987987,85.271115,70.378968,70.050223,73.738742,28.768118,30.513754,30.921397,32.489511
2/9/2022 11:15,-0.445,1.01,-2.13,5201,0,78.99,81.78,297.905396,84.515001,71.539438,72.223227,75.218094,29.083713,31.029883,31.532863,33.817641
2/9/2022 11:30,-0.47,1.01,-2.19,5201,0,78.72,82.21,332.916733,84.610337,71.628199,73.837365,74.577041,29.156037,31.299454,31.693948,34.692102
2/9/2022 11:45,-0.57,0.82,-2.22,5206,0,79.18,81.97,325.026855,85.497949,73.084539,73.258774,71.960232,29.28096,31.371778,31.894483,35.760523
2/9/2022 12:00,-0.554,0.81,-2.17,5207,0,78.65,81.42,349.189608,85.649171,68.593883,74.241721,70.115972,29.471632,32.512523,31.746547,36.888118
2/9/2022 12:15,-0.574,0.72,-2.12,5206,0,78.84,81.62,479.865726,85.504523,63.113705,75.415341,66.729899,29.672167,34.268021,31.766272,37.844766
2/9/2022 12:30,-0.612,0.72,-2.21,5205,0,79.11,81.9,375.489204,84.76156,65.178223,75.898596,63.238628,29.724766,33.649981,31.440815,38.331309
2/9/2022 12:45,-0.551,0.77,-2.12,5204,0,78.48,81.23,404.583132,84.92922,68.179665,75.46794,64.895503,29.961462,32.946466,31.723535,38.538418
2/9/2022 13:00,-0.491,0.9,-2.12,5202,0,78.17,81.62,644.073829,85.553835,73.528345,75.632313,63.702158,30.014061,31.996393,32.147616,39.113722
2/9/2022 13:15,-0.408,1.08,-2.12,5202,0,76.88,81.26,576.516741,85.369738,75.487665,75.083309,65.645041,30.211308,31.398078,32.364588,39.87641
2/9/2022 13:30,-0.041,1.76,-1.99,5201,0,74.66,80.54,342.121592,85.695196,77.137964,75.191794,60.631681,30.043648,31.246855,32.538823,39.748199
2/9/2022 13:45,0.416,2.61,-1.83,5203,0,71.67,80.16,711.466543,86.70773,78.653479,74.869624,62.929608,30.030499,31.105495,32.443487,39.432604
2/9/2022 14:00,0.861,3.46,-1.7,5203,0,68.42,79.13,916.603392,87.020038,78.278709,76.907843,64.024328,29.991049,31.509851,32.328426,39.429317
2/9/2022 14:15,1.35,4.33,-1.49,5203,0,65.41,78.13,928.273838,88.088459,79.455616,76.79607,65.592442,29.971325,31.24028,32.19364,39.366855
2/9/2022 14:30,1.736,5.05,-1.36,5203,0,62.66,77.19,878.797723,88.459941,80.116394,77.121527,66.05926,30.07981,31.302742,31.822159,39.764637
2/9/2022 14:45,2.111,5.72,-1.2,5204,0,60.91,76.21,295.275437,89.528362,80.501025,78.528556,64.027616,29.922013,31.335616,32.095017,39.764637
2/9/2022 15:00,2.418,6.23,-1.03,5204,0,59.19,75.19,264.209039,89.097706,79.840248,78.985511,69.734628,29.849689,31.335616,32.012831,40.441851
2/9/2022 15:15,2.542,6.38,-0.9,5198,0,57.26,73.42,227.553977,90.376524,81.490548,79.662726,69.405883,29.958175,31.361916,31.855033,38.890175
2/9/2022 15:30,2.681,6.72,-0.94,5199,0,57.23,73.68,224.924017,90.481722,81.385349,80.731147,74.373219,30.125835,31.148232,31.687373,37.282612
2/9/2022 15:45,2.833,6.94,-0.82,5196,0,56.47,73.27,229.690819,90.396248,81.625333,80.257754,74.777576,29.994337,31.013446,31.526288,36.93743
2/9/2022 16:00,2.909,7.07,-0.78,5195,0,56.39,72.96,212.596082,90.218726,80.458288,80.155843,72.900442,30.083098,31.151519,31.39479,36.944005
2/9/2022 16:15,2.986,7.2,-0.74,5194,0,56.51,73.13,189.419563,90.080653,80.934969,79.827098,69.843114,29.93845,31.07262,31.24028,37.187276
2/9/2022 16:30,2.948,7.2,-0.83,5192,0,56.73,73.15,170.023611,89.403439,80.445139,79.952021,70.799762,29.96475,30.717576,31.043033,36.717171
2/9/2022 16:45,2.964,7.16,-0.75, ,0,56.87,73.42,125.643042,89.01552,80.550337,79.728475,68.123778,29.846402,30.704426,30.957559,36.579098
2/9/2022 17:00,2.982,7.2,-0.75,5191,0,57.23,73.61,104.932111,88.657188,79.90271,79.840248,64.760717,29.688604,30.290207,30.42828,36.740183
2/9/2022 17:15,2.878,7.02,-0.8,5192,0,58.43,74.32,83.563689,88.157495,80.215017,80.201867,65.474094,29.478207,30.023924,30.099535,35.448215
2/9/2022 17:30,2.838,7.09,-0.97,5194,0,59,75.83,81.426847,88.417204,81.112491,80.37939,67.117818,29.346709,29.711616,29.622855,34.070774
2/9/2022 17:45,2.617,6.61,-0.97,5193,0,60.41,76.12,33.265711,87.907649,82.055989,80.293916,68.225689,28.95879,28.902904,29.073851,32.614434
2/9/2022 18:00,2.249,5.88,-1.05,5184,0,63.06,76.5,2.856804,87.384945,81.871892,78.301722,71.687373,28.659632,28.182952,28.426223,30.507179
2/9/2022 18:15,1.596,4.82,-1.44,5178,0,65.5,79.23,-4.211213,86.185026,78.242548,74.971535,77.785592,28.399924,28.192814,29.021252,28.856879
2/9/2022 18:30,1.327,4.15,-1.35,5178,0,67.97,77.91,-4.868703,83.509042,76.503487,73.485608,77.469997,28.104053,28.528134,28.866742,28.334175
2/9/2022 18:45,1.084,3.9,-1.65,5179,0,68.75,79.94,-4.70433,85.129754,74.987973,72.693333,77.525884,28.097478,28.281576,28.672782,28.130353
2/9/2022 19:00,0.878,3.45,-1.65,5178,0,70.43,79.66,-4.375585,83.726013,74.419244,72.081867,76.526499,27.772021,28.051454,28.432798,28.025154
2/9/2022 19:15,0.766,3.16,-1.6,5148,0,71.84,79.63,-4.375585,84.603762,74.215422,71.463827,75.98407,27.699697,28.002142,28.376912,27.880507
2/9/2022 19:30,0.648,2.92,-1.62,5186,0,73.27,80.01,-4.539958,80.389252,73.288361,70.993721,75.964345,27.545187,27.525462,28.035017,27.545187
2/9/2022 19:45,0.542,2.69,-1.62,5184,0,73.85,79.63,-4.375585,82.14475,73.041802,70.58279,74.826887,27.282191,27.370952,27.949543,27.469576
2/9/2022 20:00,0.398,2.58,-1.84,5188,0,74.16,80.68,-4.70433,82.601706,72.989203,70.221171,74.577041,27.278903,27.433414,27.69641,27.328215
2/9/2022 20:15,0.355,2.44,-1.79,5190,0,75.11,80.73,-4.375585,82.729916,71.976669,68.883179,73.525057,27.002758,27.472863,28.058029,27.4893
2/9/2022 20:30,0.351,2.3,-1.65,5196,0,75.11,79.34,-4.70433,83.357819,70.641964,67.949543,72.640734,26.766061,27.170418,27.804895,27.374239
2/9/2022 20:45,0.299,2.15,-1.61,5195,0,75.38,78.96,-4.70433,81.477398,70.382256,67.02577,71.615049,26.98632,27.117818,27.988993,27.20658
2/9/2022 21:00,0.264,2.11,-1.65,5195,0,76.21,79.15,-4.868703,80.517463,69.695179,66.062547,70.852361,26.572102,27.252604,28.176377,27.423551
2/9/2022 21:15,0.158,2,-1.78,5185,0,75.9,80.18,-4.375585,81.174952,69.110013,65.901462,69.826677,26.894272,27.344652,28.298013,27.673397
2/9/2022 21:30,0.133,1.91,-1.74,5188,0,76.21,79.85,-4.375585,81.424799,68.685932,65.769964,69.333559,26.779211,27.252604,28.051454,27.610936
2/9/2022 21:45,0.018,1.77,-1.86,5184,0,76.93,79.94,-4.868703,80.303778,68.28815,65.513543,69.047551,26.697025,27.538612,28.251988,27.706272
2/9/2022 22:00,0.149,1.86,-1.65,5185,0,76.52,79.15,-5.033075,79.869835,67.591211,65.086175,67.939681,26.667438,27.686547,28.127065,27.808183
2/9/2022 22:15,0.152,1.82,-1.6,5186,0,76.67,78.65,-4.868703,80.412264,67.538612,64.323486,67.650385,26.66415,27.541899,27.893657,27.903519
2/9/2022 22:30,0.089,1.85,-1.78, ,0,76.33,79.61,-4.539958,77.049203,67.85092,64.599632,67.328215,26.693737,27.719422,28.199389,28.140215
2/9/2022 22:45,0.061,1.66,-1.64,5188,0,76.62,78.58,-4.539958,79.481916,67.555049,64.372798,66.979746,26.795648,27.472863,28.021867,27.844345
2/9/2022 23:00,0.066,1.67,-1.64,5191,0,76.69,78.32,-4.539958,76.480475,67.387389,64.777154,66.956733,26.614839,27.512312,28.074466,27.752296
2/9/2022 23:15,0.066,1.67,-1.64,5192,0,76.88,78.53,-4.70433,80.399114,66.782499,64.168976,66.762774,26.762774,27.535325,28.334175,28.051454
2/9/2022 23:30,0.118,1.7,-1.55,5193,0,75.97,77.91,-4.868703,80.957981,66.805511,64.047341,66.378142,26.785786,27.486013,28.3276,28.044879
2/9/2022 23:45,0.125,1.79,-1.63,5193,0,75.85,78.46,-4.539958,79.961884,66.427454,63.531211,66.371567,26.812086,27.30849,27.969268,28.041592
2/10/2022 0:00,0.06,1.61,-1.59,5191,0,76.38,77.67,-4.868703,78.538418,66.437316,63.721883,66.358418,26.775924,27.561624,28.127065,27.952831
2/10/2022 0:15,0.431,2.53,-1.71,5193,0,78.58,79.61,-4.868703,80.81662,74.412669,71.171244,73.939276,26.726612,26.966596,27.272329,27.400539
2/10/2022 0:30,0.314,2.21,-1.64,5192,0,77.38,80.42,-4.539958,88.170645,80.481301,71.647924,75.763811,25.924474,26.04611,27.535325,27.226304
2/10/2022 0:45,0.03,1.74,-1.8,5195,0,77.34,80.71,-4.868703,91.1162,76.865106,69.981187,73.456021,25.691065,26.654288,27.916669,27.929818
2/10/2022 1:00,-0.158,1.32,-1.79,5197,0,78.96,79.99,-4.539958,91.507406,74.705252,69.586693,72.680183,25.631891,27.107956,27.890369,27.745721
2/10/2022 1:15,0.044,1.77,-1.8,5198,0,79.2,80.59,-4.375585,89.140443,77.591633,73.68943,75.724361,25.927762,26.756199,27.551762,27.34794
2/10/2022 1:30,-0.103,1.44,-1.79,5196,0,77.98,80.37,-4.868703,90.915665,81.845592,73.04509,76.700734,25.668053,26.065835,27.647098,27.397252
2/10/2022 1:45,-0.3,1.12,-1.91,5198,0,79.44,81.19,-4.539958,92.273382,78.913187,71.125219,74.123373,25.490531,26.503065,28.058029,27.666822
2/10/2022 2:00,-0.406,0.89,-1.91,5199,0,80.37,80.37,-4.539958,92.776362,76.901268,69.908863,72.966191,25.592442,26.960021,28.061316,27.785171
2/10/2022 2:15,-0.23,1.33,-1.97,5203,0,79.97,81.38,-4.70433,91.001139,78.58773,73.580944,76.312815,25.779826,26.397867,27.403827,27.584636
2/10/2022 2:30,-0.443,0.93,-2.04,5202,0,79.97,81.74,-4.868703,92.365431,82.680604,72.976053,77.111665,25.579292,25.792976,27.555049,27.551762
2/10/2022 2:45,-0.508,0.78,-2.03,5204,0,80.3,81.35,-4.539958,93.739584,79.310969,70.973997,74.767713,25.188086,26.611551,27.775308,27.854207
2/10/2022 3:00,-0.613,0.55,-2.03,5206,0,80.97,81.69,-4.70433,94.278726,76.500199,70.457867,73.344248,25.460944,26.976458,28.212539,28.104053
2/10/2022 3:15,-0.674,0.37,-1.98,5208,0,82.12,81.04,-4.375585,94.459536,75.49424,69.816814,72.870855,25.546418,27.249316,28.268426,28.048167
2/10/2022 3:30,-0.851,0.19,-2.2,5209,0,82.38,82.02,-4.375585,94.318176,74.077349,69.504507,72.173916,25.776539,27.213154,28.278288,28.13364
2/10/2022 3:45,-0.754,0.28,-2.07,5213,0,82.72,82,-4.70433,94.051892,73.686143,68.764831,70.924685,25.625316,27.390677,28.528134,28.3013
2/10/2022 4:00,-0.794,0.23,-2.11,5213,0,82.76,82.02,-4.539958,93.627811,73.002353,68.166515,70.826061,25.283422,27.32164,28.212539,28.3013
2/10/2022 4:15,-0.812,0.19,-2.11, ,0,82.76,81.69,-4.70433,93.285916,72.239665,68.01858,70.316507,25.523405,27.255891,28.406499,28.222401
2/10/2022 4:30,-0.798,0.23,-2.12,5213,0,83.12,82.02,-5.033075,92.322694,71.733398,67.301916,69.040976,25.635179,27.423551,28.376912,28.3276
2/10/2022 4:45,-0.835,0.14,-2.11,5218,0,83.46,81.97,-4.868703,92.579115,71.22713,67.219729,69.162612,25.815988,27.380814,28.242126,28.235551
2/10/2022 5:00,-0.834,0.19,-2.16,5216,0,82.98,82.26,-5.033075,91.369333,70.94441,66.348555,68.163227,25.809414,27.367665,28.077754,28.363762
2/10/2022 5:15,-0.754,0.28,-2.07,5218,0,82.55,81.81,-4.539958,90.438985,70.175146,65.944199,68.090903,25.510256,27.52875,28.284863,28.275001
2/10/2022 5:30,-0.792,0.28,-2.16,5220,0,82.38,82.38,-4.868703,91.201673,69.685316,65.763389,68.00543,25.664766,27.374239,28.48211,28.100766
2/10/2022 5:45,-0.818,0.28,-2.22,5217,0,82.43,82.81,-4.70433,91.88875,69.349997,65.424782,67.614223,25.806126,27.262466,28.393349,28.28815
2/10/2022 6:00,-0.752,0.33,-2.12,5220,0,82.72,82.36,-4.868703,89.11743,69.517657,65.217673,67.492588,25.664766,27.318353,28.357187,28.34075
2/10/2022 6:15,-0.748,0.33,-2.11,5216,0,82.29,81.93,-4.70433,89.47905,69.165899,65.122337,67.351227,25.71079,27.505737,28.265138,28.209252
2/10/2022 6:30,-0.768,0.37,-2.2,5216,0,81.14,82.6,-4.868703,89.847244,69.169187,65.329446,66.940296,25.651616,27.495875,28.367049,28.393349
2/10/2022 6:45,-0.649,0.51,-2.07,5219,0,81.19,81.54,-4.539958,89.14373,68.600458,65.046725,67.499163,25.536555,27.607648,28.199389,28.406499
2/10/2022 7:00,-0.733,0.41,-2.16,5218,0,81.11,82.19,-4.04684,88.354742,69.133025,64.908652,67.380814,25.740377,27.453138,28.330887,28.278288
2/10/2022 7:15,-0.622,0.55,-2.05,5219,0,80.09,80.78,2.034941,86.020653,69.017964,65.796264,68.521559,25.506968,27.5156,28.298013,28.436086
2/10/2022 7:30,-0.582,0.59,-2,5220,0,79.94,80.64,12.390407,86.56637,69.862839,66.53594,69.054126,25.947486,27.538612,28.130353,28.18624
2/10/2022 7:45,-0.58,0.64,-2.05,5221,0,79.34,81.09,37.375023,86.589382,70.576215,66.733187,69.497932,26.016523,27.555049,28.337462,28.235551
2/10/2022 8:00,-0.501,0.72,-1.95,5221,0,78.32,80.01,67.126441,87.121949,71.020021,67.390677,70.727438,26.266369,28.00543,28.551146,28.248701
2/10/2022 8:15,-0.558,0.67,-2.03,5220,0,78.22,79.92,99.507819,87.095649,71.345478,68.176377,72.05228,26.184183,27.952831,28.63662,28.294725
2/10/2022 8:30,-0.574,0.71,-2.11,5224,0,77.41,80.78,111.835754,86.576232,71.368491,69.326984,73.505333,26.604976,28.564296,28.899616,28.564296
2/10/2022 8:45,-0.533,0.66,-1.96,5224,0,77.22,79.2,136.655998,86.332961,71.555875,70.043648,74.34692,26.953446,28.761543,29.287535,28.705657
2/10/2022 9:00,-0.871,0.77,-2.87,5225,0,74.23,85.58,290.015517,84.952232,70.895098,69.622855,74.498143,27.545187,29.271098,29.728053,29.326984
2/10/2022 9:15,-0.739,0.49,-2.26,5228,0,78.94,80.66,183.173409,83.071811,71.39479,68.50841,74.271309,27.814758,29.087001,29.777365,29.336847
2/10/2022 9:30,-0.865,0.27,-2.32,5231,0,79.85,80.9,462.277871,83.535341,69.517657,67.604361,74.126661,27.545187,29.415746,30.451292,29.682029
2/10/2022 9:45,-0.888,0.09,-2.18,5230,0,79.97,80.66,222.622803,84.275017,70.868798,68.501835,73.077964,28.008717,29.478207,30.671551,30.086385
2/10/2022 10:00,-1.144,-0.3,-2.36, ,0,81.35,81.71,232.813896,86.375698,69.1396,67.035632,73.265349,27.854207,29.780653,30.947697,30.431568
2/10/2022 10:15,-1.429,-0.56,-2.75,5235,0,81.97,84.58,297.083534,86.937851,69.517657,67.272329,75.057009,28.044879,30.24747,30.964134,31.102207
2/10/2022 10:30,-1.39,-0.25,-2.99,5232,0,80.16,86.47,260.099727,87.753139,70.378968,68.639908,72.525673,28.169802,30.464442,30.941122,31.739972
2/10/2022 10:45,-1.113,0,-2.61,5233,0,79.82,83.77,285.084343,87.726839,72.07858,69.451908,73.232474,28.501835,30.553203,31.302742,32.420474
2/10/2022 11:00,-1.408,-0.17,-3.12,5233,0,79.61,87.47,306.617137,88.101609,71.463827,69.422321,76.851956,28.685932,30.872086,31.430952,33.413284
2/10/2022 11:15,-0.878,0.55,-2.65,5238,0,80.16,84.15,308.75398,86.891827,72.354725,74.623066,74.353495,28.794418,31.210693,31.355341,34.540879
2/10/2022 11:30,-0.926,0.36,-2.56,5239,0,80.18,83.79,361.681916,86.576232,72.509236,73.84394,74.981398,29.136312,31.338904,31.818871,35.086596
2/10/2022 11:45,-1.09,0.31,-2.89,5240,0,79.92,86.61,352.805803,87.371795,72.893867,73.53492,71.789284,29.070563,31.56245,31.930644,35.977495
2/10/2022 12:00,-1.164,0.27,-3.02,5242,0,79.32,87.95,360.531309,87.18441,68.965365,74.856475,67.64381,29.241511,32.703195,31.92407,36.704021
2/10/2022 12:15,-1.084,0.36,-2.93,5244,0,78.99,86.33,459.483539,86.655131,62.544976,74.790726,67.252604,29.47492,34.445543,31.720248,37.732993
2/10/2022 12:30,-1.127,0.22,-2.88,5241,0,79.42,85.63,382.392848,86.609107,64.191988,75.865722,61.621203,29.665592,34.432394,31.736685,38.627179
2/10/2022 12:45,-1.023,0.27,-2.69,5244,0,79.44,85.68,396.200136,86.829366,69.774078,75.533689,63.692296,29.987762,33.015503,32.124604,39.202483
2/10/2022 13:00,-1.002,0.27,-2.64,5241,0,79.49,84.94,692.234964,86.632119,73.922839,75.625738,62.646887,29.941738,32.325138,32.371163,39.656151
2/10/2022 13:15,-0.724,0.54,-2.28,5241,0,78.8,82.31,511.589614,86.743892,75.405479,75.362742,59.290401,30.043648,31.87147,32.367875,40.215017
2/10/2022 13:30,-0.364,1.26,-2.21,5242,0,76.43,82.24,340.313495,87.273171,78.295147,74.938661,62.640312,29.905576,31.631487,32.670321,40.178855
2/10/2022 13:45,0.109,2.21,-2.12,5244,0,73.15,81.95,840.334564,87.805738,79.429317,75.162207,72.09173,30.023924,31.437527,32.427049,39.550952
2/10/2022 14:00,0.667,3.11,-1.78,5244,0,69.81,79.87,941.916753,88.538839,79.202483,75.615875,68.205964,29.9516,31.483551,32.522385,39.784361
2/10/2022 14:15,1.137,4.07,-1.71,5245,0,66.67,79.85,929.75319,89.387001,79.929009,78.390483,71.739972,29.705041,31.243568,32.364588,39.629851
2/10/2022 14:30,1.542,4.87,-1.62,5244,0,63.9,79.37,901.645497,89.936005,80.00462,78.21296,64.136102,30.208021,31.430952,32.390887,40.116394
2/10/2022 14:45,1.913,5.52,-1.45,5244,0,61.99,78.8,421.184752,89.676297,79.113722,79.73505,70.41513,29.800377,31.283017,32.187066,39.938871
2/10/2022 15:00,2.336,6.22,-1.21,5244,0,60.05,77.15,260.757217,90.337074,80.806758,80.441851,65.013851,30.060086,31.536151,32.427049,40.458288
2/10/2022 15:15,2.341,6.25,-1.23,5240,0,58.04,76.19,229.690819,91.172086,81.612183,80.49445,69.402596,29.806952,31.348766,31.680798,39.05126
2/10/2022 15:30,2.528,6.62,-1.19,5240,0,57.45,75.85,232.320779,91.083325,81.664782,80.944831,74.297608,29.79709,31.332329,31.693948,37.469997
2/10/2022 15:45,2.563,6.65,-1.14, ,0,56.97,75.64,233.964503,91.389058,81.84888,80.37939,72.87743,29.991049,31.220555,31.634774,37.167552
2/10/2022 16:00,2.722,6.93,-1.07,5237,0,56.97,75.35,223.11592,91.1162,81.799568,80.284054,72.538823,30.066661,31.430952,31.529576,37.253025
2/10/2022 16:15,2.726,7.06,-1.2,5236,0,56.9,76.81,202.569361,91.135924,82.059276,80.898807,69.432183,30.060086,31.003584,31.463827,37.73628
2/10/2022 16:30,2.831,7.02,-0.91,5236,0,57.3,75.28,161.640614,90.925528,81.424799,80.711422,69.465057,30.13241,31.161381,31.463827,37.368086
2/10/2022 16:45,2.908,7.16,-0.88,5237,0,58.28,75.35,103.945876,90.333787,81.503697,80.047357,68.182952,29.892426,30.826061,31.023308,36.75662
2/10/2022 17:00,2.59,6.82,-1.26,5238,0,59.36,78.27,89.316725,90.037916,80.658823,80.517463,66.111859,29.764215,30.553203,30.845786,36.036669
2/10/2022 17:15,2.442,6.47,-1.23,5237,0,61.2,78.65,62.35964,89.383714,80.971131,80.951406,66.913997,29.412458,30.102823,30.349381,35.033997
2/10/2022 17:30,2.161,5.94,-1.32,5197,0,62.95,79.32,38.032513,89.564524,81.937641,80.685123,68.728669,29.458482,29.787227,29.412458,33.35411
2/10/2022 17:45,1.664,5.23,-1.72,5232,0,66.15,82.31,16.006602,89.071406,82.654305,81.35905,72.962904,29.087001,28.935778,28.978515,31.417802
2/10/2022 18:00,1.249,4.5,-1.91,5233,0,68.59,84.03,1.541824,88.440216,83.338094,81.533284,76.684296,28.491972,28.222401,28.357187,29.678742
2/10/2022 18:15,0.804,3.66,-2.05,5237,0,71.34,84.84,-3.224978,87.657803,83.528766,81.786418,82.062564,28.189527,27.702984,27.735859,28.222401
2/10/2022 18:30,0.385,3.12,-2.45,5238,0,72.87,87.33,-4.868703,86.51377,83.486029,81.523422,83.26577,27.472863,27.170418,27.689835,27.574774
2/10/2022 18:45,0.07,2.72,-2.76,5233,0,74.85,90.13,-4.868703,86.908264,83.022499,81.66807,83.982434,27.403827,26.983033,26.992895,26.917284
2/10/2022 19:00,0.089,2.38,-2.35,5234,0,77.17,88.96,-5.033075,85.428912,83.101398,80.905382,83.939698,26.927146,26.374855,26.654288,26.775924
2/10/2022 19:15,0.099,2.05,-1.97,5234,0,79.3,85.13,-5.033075,85.918742,83.048799,81.013867,83.814774,26.52279,26.276231,26.614839,26.411017
2/10/2022 19:30,-0.413,1.88,-2.99,5234,0,79.01,92.3,-4.04684,85.698483,83.226321,80.773884,84.42624,26.447179,25.694353,26.154596,26.075697
2/10/2022 19:45,-0.388,1.6,-2.63,5234,0,80.92,89.43,-5.033075,85.948329,83.778612,81.089479,84.363778,26.121721,25.592442,25.691065,25.674628
2/10/2022 20:00,-0.61,1.45,-2.99,5237,0,81.09,91.85,-4.70433,86.053528,83.029074,80.803471,84.353916,25.802839,25.37547,25.454369,25.595729
2/10/2022 20:15,-0.461,1.31,-2.49,5239,0,81.97,88.57,-4.211213,86.73403,83.857511,81.201252,83.975859,25.648328,25.352458,25.385333,25.230822
2/10/2022 20:30,-0.597,1.2,-2.69,5239,0,81.9,90.17,-4.868703,86.845803,83.946272,81.576021,84.281592,25.454369,24.931665,25.184798,25.086175
2/10/2022 20:45,-0.464,1.07,-2.24,5239,0,82.48,86.3,-4.539958,86.221187,83.311795,81.322888,84.304604,25.253835,24.974401,25.132199,24.75743
2/10/2022 21:00,-0.697,1.01,-2.72,5240,0,82.55,89.24,-4.70433,85.507811,83.410418,81.451098,84.367066,25.003988,24.734418,24.793592,24.655519
2/10/2022 21:15,-0.906,0.86,-3.05,5240,0,82.21,90.56,-4.211213,85.86943,81.904766,79.370143,81.806143,24.852766,24.60292,25.043438,25.165073
2/10/2022 21:30,-0.829,0.61,-2.6, ,0,82.26,88.07,-4.868703,86.711017,80.86922,76.480475,78.614029,25.237397,25.178223,25.526693,25.921187
2/10/2022 21:45,-0.862,0.52,-2.58,5235,0,82.38,87.78,-4.539958,85.511098,80.205155,75.523827,77.200426,25.270272,25.230822,25.973786,26.009948
2/10/2022 22:00,-0.947,0.51,-2.77,5236,0,82.19,88,-4.868703,84.932507,78.255697,74.918936,76.490337,25.326158,25.418207,25.855438,26.062547
2/10/2022 22:15,-1.042,0.47,-2.95,5238,0,82.02,89.89,-4.211213,84.981819,77.469997,74.310758,76.556086,25.539843,25.168361,25.937624,26.236782
2/10/2022 22:30,-1.065,0.42,-2.95,5237,0,81.95,89.82,-5.197448,84.278305,77.236588,74.32062,75.862434,25.605592,25.520118,26.22692,26.217057
2/10/2022 22:45,-0.878,0.42,-2.51,5236,0,82.26,86.45,-4.868703,84.002159,76.644847,73.962288,75.95777,25.595729,25.520118,26.190758,26.256507
2/10/2022 23:00,-0.879,0.37,-2.46,5236,0,82.76,86.21,-5.033075,84.281592,76.845381,73.912977,75.724361,25.743665,25.714077,26.230207,26.52279
2/10/2022 23:15,-1.041,0.37,-2.84,5237,0,82.31,88.55,-4.539958,83.515617,77.003179,73.765041,75.178645,25.674628,25.648328,26.171033,26.295956
2/10/2022 23:30,-1.043,0.46,-2.94,5238,0,81.88,88.91,-4.868703,83.479455,76.740183,73.959001,75.273981,25.72394,25.769964,26.272944,26.305818
2/10/2022 23:45,-1.018,0.42,-2.84,5237,0,82.48,89.15,-4.539958,84.018596,76.973592,73.288361,75.372604,25.40177,25.467519,25.908037,26.18747
2/11/2022 0:00,-1.017,0.33,-2.74,5238,0,82.86,87.95,-4.868703,82.591843,75.836134,73.248912,74.941948,25.520118,25.490531,26.302531,26.240069
2/11/2022 0:15,-1.101,0.37,-2.98,5238,0,81.93,89.36,-4.868703,84.409803,77.282612,73.061527,74.570466,25.608879,25.707503,25.815988,26.420879
2/11/2022 0:30,-0.859,0.33,-2.37,5238,0,82.91,85.18,-4.211213,81.894904,75.842709,73.147001,74.182547,25.54313,25.700928,26.128296,26.157883
2/11/2022 0:45,-0.897,0.33,-2.46,5238,0,82.86,85.92,-5.033075,82.710191,75.980782,72.410612,74.609916,25.493818,25.733802,26.000086,26.302531
2/11/2022 1:00,-1.097,0.37,-2.97,5236,0,81.83,89.27,-4.375585,82.391309,75.471228,72.847843,74.310758,25.306434,25.664766,26.164458,26.125009
2/11/2022 1:15,-1.057,0.42,-2.93,5238,0,82.36,89,-4.539958,83.015924,75.356167,72.482936,74.264734,25.539843,25.539843,26.05926,26.35513
2/11/2022 1:30,-1.101,0.37,-2.98,5238,0,82.07,89.55,-4.70433,82.50637,75.80326,72.239665,73.968863,25.385333,25.566142,26.177608,26.364992
2/11/2022 1:45,-0.919,0.33,-2.51,5237,0,82.98,86.45,-4.868703,81.096054,75.14577,71.868183,73.630256,25.161786,25.457656,25.986936,26.34198
2/11/2022 2:00,-1.31,0.24,-3.33,5237,0,86.56,96.25,-4.04684,81.069754,74.198985,71.739972,73.761754,25.572717,25.664766,25.937624,26.358418
2/11/2022 2:15,-1.286,0.33,-3.37,5237,0,84.13,94.21,-4.539958,81.3459,74.994547,71.631487,73.331098,25.38862,25.214385,26.078984,26.217057
2/11/2022 2:30,-1.179,0.33,-3.12,5236,0,83.34,92.37,-4.868703,81.270289,74.445543,71.536151,73.239049,25.408345,25.283422,25.937624,26.184183
2/11/2022 2:45,-1.083,0.28,-2.84,5239,0,83.48,89.46,-4.70433,82.729916,74.264734,71.414515,73.00564,25.421494,25.313009,25.796264,26.230207
2/11/2022 3:00,-1.008,0.09,-2.46,5239,0,84.2,86.52,-4.375585,81.211114,72.939891,68.837155,69.895713,25.270272,25.733802,26.647713,26.950158
2/11/2022 3:15,-1.212,0.23,-3.09, ,0,82.84,91.32,-4.70433,82.539244,72.121317,68.255276,69.576831,25.645041,26.04611,27.292053,27.30849
2/11/2022 3:30,-1.181,0.28,-3.07,5238,0,82.45,90.82,-4.70433,82.082289,71.667649,67.96598,69.123163,25.618741,26.197333,26.956733,27.292053
2/11/2022 3:45,-1.248,0.32,-3.27,5240,0,82.36,92.04,-4.868703,81.493835,71.5756,68.015292,69.057414,25.72394,26.424167,27.052069,27.278903
2/11/2022 4:00,-1.139,0.37,-3.07,5238,0,82.02,90.75,-4.868703,80.234742,71.358628,67.722709,68.978515,25.756814,26.440604,27.344652,27.393964
2/11/2022 4:15,-1.266,0.28,-3.27,5238,0,82.48,91.78,-4.375585,80.711422,71.473689,68.097478,69.129738,25.691065,26.210482,27.338078,27.380814
2/11/2022 4:30,-1.101,0.37,-2.98,5239,0,81.81,90.53,-5.033075,80.918531,71.026596,68.025154,69.188912,25.898175,26.391292,27.170418,27.36109
2/11/2022 4:45,-1.1,0.41,-3.02,5239,0,81.45,90.1,-4.868703,81.168378,71.621624,68.459098,69.415746,25.921187,26.328831,27.061932,27.384102
2/11/2022 5:00,-0.854,0.37,-2.4,5237,0,82.91,85.18,-5.033075,79.54109,70.7636,67.85092,68.965365,25.934337,26.453754,27.298628,27.47615
2/11/2022 5:15,-0.872,0.46,-2.54,5240,0,82.02,86.99,-4.70433,80.71471,70.829349,67.854207,69.264523,25.993511,26.378142,27.492588,27.420264
2/11/2022 5:30,-0.93,0.37,-2.58,5240,0,82.14,86.73,-5.033075,80.711422,71.21398,67.972555,69.070563,25.753527,26.466903,27.18028,27.367665
2/11/2022 5:45,-1.074,0.42,-2.97,5240,0,81.88,89.74,-4.539958,80.635811,70.497317,66.976458,68.136928,25.970499,26.539227,27.058644,27.34794
2/11/2022 6:00,-0.846,0.47,-2.49,5238,0,82.21,85.99,-4.539958,77.624507,69.274385,65.628604,66.746337,25.85215,26.167746,26.960021,27.176993
2/11/2022 6:15,-1.037,0.51,-2.98,5237,0,81.86,90.13,-5.033075,78.623892,68.478823,65.188086,66.03296,25.87845,26.055972,26.66415,27.088231
2/11/2022 6:30,2668.272,0.6,6251.76,5238,0,81.76,13.48,-4.868703,76.240491,67.278903,64.027616,64.944814,25.730515,26.098709,26.841673,27.295341
2/11/2022 6:45,-0.027,-0.06,-32.59,5238,0,116.93,249.08,-4.211213,77.006467,66.351843,63.169592,63.439162,25.69764,26.00666,26.838385,27.015907
2/11/2022 7:00,-2.715,0.75,-7.17,5237,0,85.85,37.56,-3.060606,74.481705,65.382045,62.26883,63.268215,25.671341,26.151308,26.894272,27.19343
2/11/2022 7:15,-1.635,0.9,-4.8,5241,0,81.64,101.34,2.528059,78.272135,64.770579,62.147195,64.07364,25.483956,26.35513,27.078369,26.805511
2/11/2022 7:30,-0.929,0.94,-3.19,5241,0,80.21,90.27,13.047897,77.295762,64.92509,61.762563,64.126239,25.87845,26.378142,26.973171,26.881122
2/11/2022 7:45,1.316,1.26,1.73,5237,0,76.48,  ,39.511865,78.232685,64.964539,62.12747,63.481899,25.783114,26.657575,27.130968,27.094806
2/11/2022 8:00,-0.804,1.13,-3.1,5236,0,77.38,91.44,69.592028,78.995373,65.691065,63.005219,64.625932,25.72394,26.756199,27.019195,27.288766
2/11/2022 8:15,-0.89,1.22,-3.4,5237,0,76.72,92.3,81.098102,79.320831,66.295956,63.485187,65.385333,25.954061,26.996183,27.400539,27.620798
2/11/2022 8:30,-0.39,1.26,-2.27,5235,0,76.48,83.39,110.520775,78.906612,67.170418,65.977073,67.015907,26.042822,27.101381,27.637235,27.749009
2/11/2022 8:45,-0.292,1.25,-2.03,5236,0,75.74,62.51,141.258428,80.021058,68.31445,67.640523,70.26062,26.101997,27.341365,28.071179,27.919956
2/11/2022 9:00,-0.844,1.21,-3.28, ,0,76.6,92.09,233.800131,81.625333,70.339519,68.472248,72.433624,26.223632,27.20658,27.962693,27.982418
2/11/2022 9:15,-1.174,0.89,-3.71,5240,0,77.46,82.29,190.734543,82.414321,70.332944,68.939065,73.156863,26.598401,27.617511,28.380199,28.511697
2/11/2022 9:30,-1.322,0.67,-3.82,5240,0,78.39,96.56,385.680298,83.091536,70.950985,68.344037,75.030709,26.726612,27.758871,28.764831,29.198774
2/11/2022 9:45,-1.076,0.63,-3.2,5243,0,78.84,91.13,216.541021,82.243374,71.260005,70.645252,73.462596,27.075082,28.436086,29.133025,29.977899
2/11/2022 10:00,-0.973,0.49,-2.81,5246,0,79.56,87.81,233.635758,83.157285,71.296167,68.98509,74.577041,27.558337,29.004814,29.879276,30.359244
2/11/2022 10:15,-1.047,0.31,-2.79,5242,0,80.33,87.47,298.398514,84.5676,70.352669,69.764215,77.693543,27.686547,29.849689,30.13241,31.38164
2/11/2022 10:30,-1.234,0.22,-3.13,5241,0,80.18,90.22,266.345881,84.817447,70.221171,73.643406,75.579713,27.906806,30.010774,30.704426,32.522385
2/11/2022 10:45,-1.353,0.09,-3.27,5241,0,80.85,91.08,296.261671,85.435487,69.991049,73.258774,75.882159,28.317737,30.372393,30.809624,33.597381
2/11/2022 11:00,-1.191,0.09,-2.89,5244,0,80.99,87.83,317.794466,85.632734,73.285074,73.127276,73.433009,28.472248,30.576215,31.095632,34.951811
2/11/2022 11:15,-1.269,0.04,-3.02,5246,0,81.04,88.33,315.328879,85.609722,73.022078,73.294936,71.6019,28.514984,30.941122,31.467114,35.780248
2/11/2022 11:30,-1.199,-0.03,-2.78,5247,0,81.31,86.59,358.065722,86.382272,72.87743,71.565738,71.167956,28.952215,30.970709,32.075292,36.27994
2/11/2022 11:45,-1.306,-0.17,-2.88,5248,0,81.83,65.1,345.244669,86.37241,72.088442,73.485608,69.238223,29.165899,31.424377,32.466499,37.516021
2/11/2022 12:00,-1.384,-0.08,-3.16,5249,0,81.47,89.24,374.338597,86.000928,69.685316,72.52896,65.119049,29.593268,32.870855,32.561835,39.107147
2/11/2022 12:15,-1.367,-0.22,-2.97,5251,0,82.33,88.17,389.953982,86.139001,64.727843,72.571697,60.690855,29.714904,34.498143,32.509236,40.497738
2/11/2022 12:30,-1.246,-0.17,-2.74,5253,0,82.72,86.92,412.144266,85.636021,64.842903,74.323908,60.638255,29.974612,34.554029,32.90373,41.19139
2/11/2022 12:45,-1.251,-0.04,-2.89,5256,0,82.38,87.78,401.13131,85.221803,65.87845,73.479033,66.197333,29.816814,33.889964,32.486223,40.892232
2/11/2022 13:00,-1.191,0.09,-2.89,5258,0,81.4,69.88,489.234957,85.09688,70.648539,74.005025,58.951794,30.152134,33.209462,32.699908,40.977706
2/11/2022 13:15,-0.886,0.41,-2.52,5255,0,80.44,72.2,408.363699,85.583422,72.118029,72.463211,58.810434,30.267195,32.657171,33.068102,41.625333
2/11/2022 13:30, , , ,3828,0,  ,  ,340.64224,86.487471,73.949138,72.499373,61.917073,30.138985,32.37445,33.104264,41.789706
2/11/2022 14:15, , , ,3838,0,  ,  ,950.464122,87.355358,75.536977,74.396232,59.701332,30.303357,32.545398,33.114126,41.339325
