Obs#,Time,Date,configName,configAuthor,remark,Observation,,,gsw,gbw,gtw,E_apparent,VPcham,VPref,VPleaf,VPDleaf,H2O_r,H2O_s,H2O_leaf,leaf_area,leaf_width,flashID,Fo,Fm,Fv/Fm,Fs,Fm',PhiPS2,PS2/1,abs,ETR,TRANS,rh_s,rh_r,Tref,Tmeas,Tleaf,P_atm,flow,flow_s,leak_pct,Qamb,batt,match_time,match_date,rh_adj,type,gsw1sec,gsw2sec,gsw4sec,flr1sec,flr2sec,flr4sec,auto,flow_set,gsw_limit,gsw_period,aw,Bla,Blb,Blc,Bld,Ble,chamber,dark,flash_type,flash_intensity,modrate,flr_limit,flr_period,P1_dur,P2_dur,P3_dur,P1_Fmax,P2_ramp,P2_slp,P3_Fmax,P3_Pred,P3_DeltaF,v_humA,v_humB,v_flowIn,v_flowOut,v_temp,v_irt,v_pres,v_par,v_F,i_LED,b_rhr,m_rhr,span_rhr,b_rhs,m_rhs,span_rhs,z_flowIn,z_flowOut,z_quantum,z_flr,flashId,lciSerNum,lcpSerNum,lcfSerNum,lcrhSerNum,version,configUpdatedAt,MEASUREMENT_HEADER_END
flashId,time,date,lciSerialNumber,lcpSerialNumber,lcfSerialNumber,Fm,Fo,Fv/Fm,Fm',Fs,PhiPS2,LightIntensity,data[],FLASH_HEADER_END
Obs#,Time,Date,configName,configAuthor,remark,Observation,,,gsw,gbw,gtw,E_apparent,VPcham,VPref,VPleaf,VPDleaf,H2O_r,H2O_s,H2O_leaf,leaf_area,leaf_width,flashID,Fo,Fm,Fv/Fm,Fs,Fm',PhiPS2,PS2/1,abs,ETR,TRANS,rh_s,rh_r,Tref,Tmeas,Tleaf,P_atm,flow,flow_s,leak_pct,Qamb,batt,match_time,match_date,rh_adj,type,gsw1sec,gsw2sec,gsw4sec,flr1sec,flr2sec,flr4sec,auto,flow_set,gsw_limit,gsw_period,aw,Bla,Blb,Blc,Bld,Ble,chamber,dark,flash_type,flash_intensity,modrate,flr_limit,flr_period,P1_dur,P2_dur,P3_dur,P1_Fmax,P2_ramp,P2_slp,P3_Fmax,P3_Pred,P3_DeltaF,v_humA,v_humB,v_flowIn,v_flowOut,v_temp,v_irt,v_pres,v_par,v_F,i_LED,b_rhr,m_rhr,span_rhr,b_rhs,m_rhs,span_rhs,z_flowIn,z_flowOut,z_quantum,z_flr,flashId,lciSerNum,lcpSerNum,lcfSerNum,lcrhSerNum,version,configUpdatedAt,MEASUREMENT_HEADER_END
flashId,time,date,lciSerialNumber,lcpSerialNumber,lcfSerialNumber,Fm,Fo,Fv/Fm,Fm',Fs,PhiPS2,LightIntensity,data[],FLASH_HEADER_END
1,05:41:16,2026-07-15,Auto gsw+F,LI-COR Default,,001,,,-0.052881,1.986643,-0.054327,-0.407887,3.129771,3.148003,3.768871,0.639100,35.541744,35.335892,42.551491,0.441786,7.500000,PSF-00548_20260715054116_c2c,0.000000,0.000000,0.000000,127.741455,539.783142,0.763347,0.5,0.80,0.119253,1.000000,81.71,82.19,28.16,27.88,27.88,88.57,84.4,84.0,0.5,0,4.040,05:41:03,2026-07-15,-0.20,1,0.002,0.001,0.024,1.470,3.692,8.547,1,150,0.005,2.000000,0.058905,0.000000,0.029230,0.000000,0.000000,-0.000068,standard,0,mpf,7000,500,5.000000,2.000000,300,300,300,539.783142,25,3.359857,538.390869,544.591675,-6.200806,2.510267,2.493382,1.103375,0.764111,0.240537,-0.002763,0.058150,0.107558,127.741455,0.000224,2.389264,-0.000064,1.000000,2.373994,-0.000050,1.000000,0.600671,0.600225,0.107215,0.000000,PSF-00548_20260715054116_c2c,PFA-00618,PSA-00618,PSF-00548,RHS-0688,3.0.0,2022-04-21T19:36:20.491Z,MEASUREMENT_END
PSF-00548_20260715054116_c2c,05:41:16,2026-07-15,PFA-00618,PSA-00618,PSF-00548,0.000000,0.000000,0.000000,539.783142,127.741455,0.763347,7.068918,TIME,0.000000,0.010000,0.020000,0.030000,0.040000,0.050000,0.060000,0.070000,0.080000,0.090000,0.100000,0.110000,0.120000,0.130000,0.140000,0.150000,0.160000,0.170000,0.180000,0.190000,0.200000,0.210000,0.220000,0.230000,0.240000,0.250000,0.260000,0.270000,0.280000,0.290000,0.300000,0.310000,0.320000,0.330000,0.340000,0.350000,0.360000,0.370000,0.380000,0.390000,0.400000,0.410000,0.420000,0.430000,0.440000,0.450000,0.460000,0.470000,0.480000,0.490000,0.500000,0.510000,0.520000,0.530000,0.540000,0.550000,0.560000,0.570000,0.580000,0.590000,0.600000,0.610000,0.620000,0.630000,0.640000,0.650000,0.660000,0.670000,0.680000,0.690000,0.700000,0.710000,0.720000,0.730000,0.740000,0.750000,0.760000,0.770000,0.780000,0.790000,0.800000,0.810000,0.820000,0.830000,0.839999,0.849999,0.859999,0.869999,0.879999,0.889999,FLR,295.541168,431.847809,484.182373,507.749329,517.787964,522.960999,526.172546,528.412354,530.153259,531.520508,532.734985,533.696289,534.611816,535.391113,536.052002,536.654602,537.181030,537.613770,538.010376,538.336487,538.653748,538.884766,539.085754,539.262390,539.374023,539.519531,539.618225,539.698364,539.777039,539.783142,539.868225,540.066711,540.072815,540.308472,540.285950,540.486206,540.451172,540.584595,540.588135,540.715820,540.873535,540.773376,540.917175,540.892151,541.032654,541.148926,541.096313,541.190369,541.300171,541.190002,541.324524,541.371704,541.296631,541.372437,541.411072,541.495422,541.412842,541.492249,541.549072,541.588074,538.390869,538.357605,538.289307,538.172729,538.057922,537.969604,537.850830,537.743896,537.634521,537.553284,537.503235,537.346252,537.248596,537.157776,537.051208,536.961060,536.859131,536.765808,536.689270,536.553711,536.454346,536.253357,536.112061,535.907837,535.672913,535.409302,535.190796,534.911865,534.662964,534.377197,PAR,6987.300293,6987.300293,6987.300293,6987.300293,6987.300293,6987.300293,6987.300293,6987.300293,6987.300293,6987.300293,6987.300293,6987.300293,6987.300293,6987.300293,6987.300293,6987.300293,6987.300293,6987.300293,6987.300293,6987.300293,6987.300293,6987.300293,6987.300293,6987.300293,6987.300293,6987.300293,6987.300293,6987.300293,6987.300293,6987.300293,6929.077148,6870.854004,6812.630859,6754.407715,6696.184570,6637.961914,6579.738770,6521.515625,6463.292480,6405.069336,6346.846680,6288.623535,6230.400391,6172.177246,6113.954102,6055.730957,5997.508301,5939.285156,5881.062012,5822.838867,5764.615723,5706.393066,5648.169922,5589.946777,5531.723633,5473.500488,5415.277344,5357.054688,5298.831543,5240.608398,6987.300293,6987.300293,6987.300293,6987.300293,6987.300293,6987.300293,6987.300293,6987.300293,6987.300293,6987.300293,6987.300293,6987.300293,6987.300293,6987.300293,6987.300293,6987.300293,6987.300293,6987.300293,6987.300293,6987.300293,6987.300293,6987.300293,6987.300293,6987.300293,6987.300293,6987.300293,6987.300293,6987.300293,6987.300293,6987.300293,PHASE,1,1,1,1,1,1,1,1,1,1,1,1,1,1,1,1,1,1,1,1,1,1,1,1,1,1,1,1,1,1,2,2,2,2,2,2,2,2,2,2,2,2,2,2,2,2,2,2,2,2,2,2,2,2,2,2,2,2,2,2,3,3,3,3,3,3,3,3,3,3,3,3,3,3,3,3,3,3,3,3,3,3,3,3,3,3,3,3,3,3,FLASH_END
2,05:41:25,2026-07-15,Auto gsw+F,LI-COR Default,,002,,,-0.051289,1.985235,-0.052649,-0.377127,3.167791,3.184658,3.777370,0.609579,35.954971,35.764549,42.646732,0.441786,7.500000,PSF-00548_20260715054125_ae9,0.000000,0.000000,0.000000,116.482254,519.527466,0.775792,0.5,0.80,0.147860,1.000000,82.65,83.09,28.17,27.92,27.92,88.57,84.4,84.0,0.5,0,4.075,05:41:03,2026-07-15,-0.20,1,0.003,0.003,-9999.000,0.823,1.620,-9999.000,1,150,0.005,2.000000,0.058905,0.000000,0.029230,0.000000,0.000000,-0.000068,standard,0,mpf,7000,500,5.000000,2.000000,300,300,300,519.527466,25,4.559806,519.158386,526.053284,-6.894897,2.511455,2.494614,1.102825,0.764036,0.240420,-0.002463,0.059300,0.107633,116.482254,0.000224,2.389264,-0.000064,1.000000,2.373994,-0.000050,1.000000,0.600671,0.600225,0.107215,0.000000,PSF-00548_20260715054125_ae9,PFA-00618,PSA-00618,PSF-00548,RHS-0688,3.0.0,2022-04-21T19:36:20.491Z,MEASUREMENT_END
PSF-00548_20260715054125_ae9,05:41:25,2026-07-15,PFA-00618,PSA-00618,PSF-00548,0.000000,0.000000,0.000000,519.527466,116.482254,0.775792,7.154839,TIME,0.000000,0.010000,0.020000,0.030000,0.040000,0.050000,0.060000,0.070000,0.080000,0.090000,0.100000,0.110000,0.120000,0.130000,0.140000,0.150000,0.160000,0.170000,0.180000,0.190000,0.200000,0.210000,0.220000,0.230000,0.240000,0.250000,0.260000,0.270000,0.280000,0.290000,0.300000,0.310000,0.320000,0.330000,0.340000,0.350000,0.360000,0.370000,0.380000,0.390000,0.400000,0.410000,0.420000,0.430000,0.440000,0.450000,0.460000,0.470000,0.480000,0.490000,0.500000,0.510000,0.520000,0.530000,0.540000,0.550000,0.560000,0.570000,0.580000,0.590000,0.600000,0.610000,0.620000,0.630000,0.640000,0.650000,0.660000,0.670000,0.680000,0.690000,0.700000,0.710000,0.720000,0.730000,0.740000,0.750000,0.760000,0.770000,0.780000,0.790000,0.800000,0.810000,0.820000,0.830000,0.839999,0.849999,0.859999,0.869999,0.879999,0.889999,FLR,263.252014,391.802063,446.844940,474.730957,488.036163,495.391144,500.147583,503.532532,506.064880,508.066162,509.764191,511.124268,512.336609,513.395569,514.284973,515.071777,515.757690,516.355286,516.878845,517.325867,517.733948,518.038269,518.334045,518.592224,518.823242,519.010315,519.136169,519.296753,519.436218,519.527466,519.639709,519.871826,519.923706,520.176514,520.176147,520.406860,520.425110,520.578491,520.601013,520.734802,520.922546,520.867493,521.007324,520.972961,521.093872,521.232239,521.183960,521.314514,521.403198,521.377075,521.508667,521.535889,521.493652,521.671753,521.722168,521.803040,521.779419,521.849487,521.901733,521.961426,519.082214,519.158386,519.150146,519.103271,519.023560,518.955566,518.861511,518.802551,518.723145,518.622986,518.588318,518.456726,518.391235,518.317566,518.237488,518.164856,518.073303,518.004639,517.918823,517.825134,517.784729,517.661316,517.568359,517.488953,517.398499,517.287231,517.198181,517.098450,517.019409,516.905334,PAR,6987.300293,6987.300293,6987.300293,6987.300293,6987.300293,6987.300293,6987.300293,6987.300293,6987.300293,6987.300293,6987.300293,6987.300293,6987.300293,6987.300293,6987.300293,6987.300293,6987.300293,6987.300293,6987.300293,6987.300293,6987.300293,6987.300293,6987.300293,6987.300293,6987.300293,6987.300293,6987.300293,6987.300293,6987.300293,6987.300293,6929.077148,6870.854004,6812.630859,6754.407715,6696.184570,6637.961914,6579.738770,6521.515625,6463.292480,6405.069336,6346.846680,6288.623535,6230.400391,6172.177246,6113.954102,6055.730957,5997.508301,5939.285156,5881.062012,5822.838867,5764.615723,5706.393066,5648.169922,5589.946777,5531.723633,5473.500488,5415.277344,5357.054688,5298.831543,5240.608398,6987.300293,6987.300293,6987.300293,6987.300293,6987.300293,6987.300293,6987.300293,6987.300293,6987.300293,6987.300293,6987.300293,6987.300293,6987.300293,6987.300293,6987.300293,6987.300293,6987.300293,6987.300293,6987.300293,6987.300293,6987.300293,6987.300293,6987.300293,6987.300293,6987.300293,6987.300293,6987.300293,6987.300293,6987.300293,6987.300293,PHASE,1,1,1,1,1,1,1,1,1,1,1,1,1,1,1,1,1,1,1,1,1,1,1,1,1,1,1,1,1,1,2,2,2,2,2,2,2,2,2,2,2,2,2,2,2,2,2,2,2,2,2,2,2,2,2,2,2,2,2,2,3,3,3,3,3,3,3,3,3,3,3,3,3,3,3,3,3,3,3,3,3,3,3,3,3,3,3,3,3,3,FLASH_END
3,05:41:38,2026-07-15,Auto gsw+F,LI-COR Default,,003,,,-0.029992,2.005411,-0.030448,-0.212118,3.193248,3.202605,3.785984,0.592736,36.158520,36.052872,42.745064,0.441786,7.500000,PSF-00548_20260715054138_7e9,0.000000,0.000000,0.000000,120.519516,517.253662,0.767001,0.5,0.80,0.135690,1.000000,83.24,83.49,28.19,27.96,27.96,88.57,85.5,84.6,1.1,0,4.074,05:41:03,2026-07-15,-0.20,1,-0.000,0.002,0.013,1.096,2.053,3.865,1,150,0.005,2.000000,0.058905,0.000000,0.029230,0.000000,0.000000,-0.000068,standard,0,mpf,7000,500,5.000000,2.000000,300,300,300,517.253662,25,6.581538,517.977112,526.672974,-8.695862,2.511980,2.495398,1.110760,0.765301,0.240284,-0.002181,0.061091,0.107603,120.519516,0.000221,2.389264,-0.000064,1.000000,2.373994,-0.000050,1.000000,0.600671,0.600225,0.107215,0.000000,PSF-00548_20260715054138_7e9,PFA-00618,PSA-00618,PSF-00548,RHS-0688,3.0.0,2022-04-21T19:36:20.491Z,MEASUREMENT_END
PSF-00548_20260715054138_7e9,05:41:38,2026-07-15,PFA-00618,PSA-00618,PSF-00548,0.000000,0.000000,0.000000,517.253662,120.519516,0.767001,7.120633,TIME,0.000000,0.010000,0.020000,0.030000,0.040000,0.050000,0.060000,0.070000,0.080000,0.090000,0.100000,0.110000,0.120000,0.130000,0.140000,0.150000,0.160000,0.170000,0.180000,0.190000,0.200000,0.210000,0.220000,0.230000,0.240000,0.250000,0.260000,0.270000,0.280000,0.290000,0.300000,0.310000,0.320000,0.330000,0.340000,0.350000,0.360000,0.370000,0.380000,0.390000,0.400000,0.410000,0.420000,0.430000,0.440000,0.450000,0.460000,0.470000,0.480000,0.490000,0.500000,0.510000,0.520000,0.530000,0.540000,0.550000,0.560000,0.570000,0.580000,0.590000,0.600000,0.610000,0.620000,0.630000,0.640000,0.650000,0.660000,0.670000,0.680000,0.690000,0.700000,0.710000,0.720000,0.730000,0.740000,0.750000,0.760000,0.770000,0.780000,0.790000,0.800000,0.810000,0.820000,0.830000,0.839999,0.849999,0.859999,0.869999,0.879999,0.889999,FLR,269.019470,393.873810,450.063934,479.950195,493.403442,500.070679,504.010315,506.625641,508.562927,510.045654,511.283051,512.252930,513.067261,513.782837,514.356506,514.844666,515.276672,515.613220,515.940063,516.155334,516.404968,516.556274,516.698975,516.838806,516.914978,517.011902,517.067688,517.129517,517.187134,517.253662,517.318726,517.562256,517.588013,517.797241,517.789368,517.993896,518.039368,518.214233,518.230347,518.389099,518.566467,518.550049,518.710266,518.731384,518.856873,519.034973,519.058960,519.193787,519.348267,519.362549,519.543884,519.650085,519.680481,519.836060,519.958740,520.106812,520.131470,520.255554,520.411133,520.460144,517.888794,517.964966,517.977112,517.956726,517.906311,517.852295,517.827271,517.793640,517.762512,517.701416,517.682068,517.585510,517.536499,517.512939,517.440308,517.386658,517.345886,517.262939,517.235046,517.130981,517.083435,516.976501,516.896729,516.805176,516.652466,516.565186,516.424683,516.328125,516.247253,516.135315,PAR,6987.300293,6987.300293,6987.300293,6987.300293,6987.300293,6987.300293,6987.300293,6987.300293,6987.300293,6987.300293,6987.300293,6987.300293,6987.300293,6987.300293,6987.300293,6987.300293,6987.300293,6987.300293,6987.300293,6987.300293,6987.300293,6987.300293,6987.300293,6987.300293,6987.300293,6987.300293,6987.300293,6987.300293,6987.300293,6987.300293,6929.077148,6870.854004,6812.630859,6754.407715,6696.184570,6637.961914,6579.738770,6521.515625,6463.292480,6405.069336,6346.846680,6288.623535,6230.400391,6172.177246,6113.954102,6055.730957,5997.508301,5939.285156,5881.062012,5822.838867,5764.615723,5706.393066,5648.169922,5589.946777,5531.723633,5473.500488,5415.277344,5357.054688,5298.831543,5240.608398,6987.300293,6987.300293,6987.300293,6987.300293,6987.300293,6987.300293,6987.300293,6987.300293,6987.300293,6987.300293,6987.300293,6987.300293,6987.300293,6987.300293,6987.300293,6987.300293,6987.300293,6987.300293,6987.300293,6987.300293,6987.300293,6987.300293,6987.300293,6987.300293,6987.300293,6987.300293,6987.300293,6987.300293,6987.300293,6987.300293,PHASE,1,1,1,1,1,1,1,1,1,1,1,1,1,1,1,1,1,1,1,1,1,1,1,1,1,1,1,1,1,1,2,2,2,2,2,2,2,2,2,2,2,2,2,2,2,2,2,2,2,2,2,2,2,2,2,2,2,2,2,2,3,3,3,3,3,3,3,3,3,3,3,3,3,3,3,3,3,3,3,3,3,3,3,3,3,3,3,3,3,3,FLASH_END
4,05:42:00,2026-07-15,Auto gsw+F,LI-COR Default,,004,,,-0.048198,2.025222,-0.049373,-0.338374,3.199456,3.214186,3.782458,0.583002,36.294498,36.128166,42.711407,0.441786,7.500000,PSF-00548_20260715054200_ad2,0.000000,0.000000,0.000000,143.045074,581.802246,0.754135,0.5,0.80,0.094475,1.000000,83.29,83.67,28.21,27.94,27.94,88.56,86.6,85.4,1.4,0,4.073,05:41:03,2026-07-15,-0.20,1,0.002,-0.000,0.013,1.363,2.966,6.044,1,150,0.005,2.000000,0.058905,0.000000,0.029230,0.000000,0.000000,-0.000068,standard,0,mpf,7000,500,5.000000,2.000000,300,300,300,581.802246,25,2.043549,579.286682,584.726929,-5.440247,2.512219,2.495452,1.118648,0.767175,0.240056,-0.002637,0.063977,0.107490,143.045074,0.000221,2.389264,-0.000064,1.000000,2.373994,-0.000050,1.000000,0.600671,0.600225,0.107215,0.000000,PSF-00548_20260715054200_ad2,PFA-00618,PSA-00618,PSF-00548,RHS-0688,3.0.0,2022-04-21T19:36:20.491Z,MEASUREMENT_END
PSF-00548_20260715054200_ad2,05:42:00,2026-07-15,PFA-00618,PSA-00618,PSF-00548,0.000000,0.000000,0.000000,581.802246,143.045074,0.754135,6.991549,TIME,0.000000,0.010000,0.020000,0.030000,0.040000,0.050000,0.060000,0.070000,0.080000,0.090000,0.100000,0.110000,0.120000,0.130000,0.140000,0.150000,0.160000,0.170000,0.180000,0.190000,0.200000,0.210000,0.220000,0.230000,0.240000,0.250000,0.260000,0.270000,0.280000,0.290000,0.300000,0.310000,0.320000,0.330000,0.340000,0.350000,0.360000,0.370000,0.380000,0.390000,0.400000,0.410000,0.420000,0.430000,0.440000,0.450000,0.460000,0.470000,0.480000,0.490000,0.500000,0.510000,0.520000,0.530000,0.540000,0.550000,0.560000,0.570000,0.580000,0.590000,0.600000,0.610000,0.620000,0.630000,0.640000,0.650000,0.660000,0.670000,0.680000,0.690000,0.700000,0.710000,0.720000,0.730000,0.740000,0.750000,0.760000,0.770000,0.780000,0.790000,0.800000,0.810000,0.820000,0.830000,0.839999,0.849999,0.859999,0.869999,0.879999,0.889999,FLR,315.791473,458.512177,514.689087,542.763977,556.096680,563.269592,567.766785,570.825928,573.080444,574.754822,576.127075,577.182434,578.103638,578.850403,579.447998,579.968323,580.388550,580.736877,581.047668,581.279053,581.434937,581.554749,581.662781,581.738953,581.781860,581.801880,581.802246,581.797241,581.790466,581.736084,581.749695,581.906677,581.850159,582.028625,581.952454,582.115173,582.032227,582.163086,582.091919,582.235718,582.380920,582.294006,582.425232,582.338684,582.463867,582.548279,582.472778,582.553284,582.643372,582.525757,582.637329,582.650513,582.574707,582.643372,582.685242,582.731750,582.636597,582.714539,582.778564,582.786804,579.286682,579.279541,579.202271,579.069275,578.952332,578.777405,578.661194,578.509949,578.390808,578.226685,578.114380,577.911987,577.770020,577.669495,577.498535,577.341553,577.188843,577.052246,576.907043,576.744324,576.639526,576.466431,576.298340,576.139587,575.960022,575.800171,575.636414,575.444336,575.310242,575.146790,PAR,6987.300293,6987.300293,6987.300293,6987.300293,6987.300293,6987.300293,6987.300293,6987.300293,6987.300293,6987.300293,6987.300293,6987.300293,6987.300293,6987.300293,6987.300293,6987.300293,6987.300293,6987.300293,6987.300293,6987.300293,6987.300293,6987.300293,6987.300293,6987.300293,6987.300293,6987.300293,6987.300293,6987.300293,6987.300293,6987.300293,6929.077148,6870.854004,6812.630859,6754.407715,6696.184570,6637.961914,6579.738770,6521.515625,6463.292480,6405.069336,6346.846680,6288.623535,6230.400391,6172.177246,6113.954102,6055.730957,5997.508301,5939.285156,5881.062012,5822.838867,5764.615723,5706.393066,5648.169922,5589.946777,5531.723633,5473.500488,5415.277344,5357.054688,5298.831543,5240.608398,6987.300293,6987.300293,6987.300293,6987.300293,6987.300293,6987.300293,6987.300293,6987.300293,6987.300293,6987.300293,6987.300293,6987.300293,6987.300293,6987.300293,6987.300293,6987.300293,6987.300293,6987.300293,6987.300293,6987.300293,6987.300293,6987.300293,6987.300293,6987.300293,6987.300293,6987.300293,6987.300293,6987.300293,6987.300293,6987.300293,PHASE,1,1,1,1,1,1,1,1,1,1,1,1,1,1,1,1,1,1,1,1,1,1,1,1,1,1,1,1,1,1,2,2,2,2,2,2,2,2,2,2,2,2,2,2,2,2,2,2,2,2,2,2,2,2,2,2,2,2,2,2,3,3,3,3,3,3,3,3,3,3,3,3,3,3,3,3,3,3,3,3,3,3,3,3,3,3,3,3,3,3,FLASH_END
5,05:42:22,2026-07-15,Auto gsw+F,LI-COR Default,,005,,,-0.025789,2.051886,-0.026117,-0.183005,3.219890,3.227716,3.815762,0.595871,36.448517,36.360142,43.088932,0.441786,7.500000,PSF-00548_20260715054222_ae6,0.000000,0.000000,0.000000,213.042145,513.381592,0.585022,0.5,0.80,0.062903,1.000000,83.70,83.90,28.23,28.09,28.09,88.56,88.2,87.4,0.9,0,4.075,05:41:03,2026-07-15,-0.20,1,-0.002,-0.002,0.002,1.893,4.381,10.142,1,150,0.005,2.000000,0.058905,0.000000,0.029230,0.000000,0.000000,-0.000068,standard,0,mpf,7000,500,5.000000,2.000000,300,300,300,512.851624,25,-0.356348,510.142212,512.871582,-2.729370,2.512517,2.495989,1.129421,0.771383,0.239820,-0.001207,0.067009,0.107451,213.042145,0.000223,2.389264,-0.000064,1.000000,2.373994,-0.000050,1.000000,0.600671,0.600225,0.107215,0.000000,PSF-00548_20260715054222_ae6,PFA-00618,PSA-00618,PSF-00548,RHS-0688,3.0.0,2022-04-21T19:36:20.491Z,MEASUREMENT_END
PSF-00548_20260715054222_ae6,05:42:22,2026-07-15,PFA-00618,PSA-00618,PSF-00548,0.000000,0.000000,0.000000,513.381592,213.042145,0.585022,6.947165,TIME,0.000000,0.010000,0.020000,0.030000,0.040000,0.050000,0.060000,0.070000,0.080000,0.090000,0.100000,0.110000,0.120000,0.130000,0.140000,0.150000,0.160000,0.170000,0.180000,0.190000,0.200000,0.210000,0.220000,0.230000,0.240000,0.250000,0.260000,0.270000,0.280000,0.290000,0.300000,0.310000,0.320000,0.330000,0.340000,0.350000,0.360000,0.370000,0.380000,0.390000,0.400000,0.410000,0.420000,0.430000,0.440000,0.450000,0.460000,0.470000,0.480000,0.490000,0.500000,0.510000,0.520000,0.530000,0.540000,0.550000,0.560000,0.570000,0.580000,0.590000,0.600000,0.610000,0.620000,0.630000,0.640000,0.650000,0.660000,0.670000,0.680000,0.690000,0.700000,0.710000,0.720000,0.730000,0.740000,0.750000,0.760000,0.770000,0.780000,0.790000,0.800000,0.810000,0.820000,0.830000,0.839999,0.849999,0.859999,0.869999,0.879999,0.889999,FLR,368.943939,459.961639,485.337860,497.396362,503.697754,507.183197,509.220245,510.452637,511.249420,511.756531,512.102722,512.292603,512.453552,512.584473,512.632751,512.710327,512.738953,512.774353,512.821167,512.803650,512.851624,512.800110,512.786865,512.802246,512.772583,512.744995,512.723938,512.703186,512.679199,512.633423,512.640259,512.724304,512.657043,512.773254,512.711060,512.845886,512.806885,512.893433,512.842651,512.898071,513.011475,512.905212,512.967834,512.905579,512.949585,512.948181,512.860901,512.886658,512.893066,512.784363,512.827271,512.781494,512.702454,512.724609,512.723206,512.709290,512.585876,512.605530,512.607361,512.582642,510.142212,510.054932,509.941223,509.863617,509.747375,509.576782,509.384033,509.234558,509.079681,508.851898,508.697388,508.456360,508.225311,508.008972,507.782593,507.552979,507.347717,507.125610,506.941803,506.779785,506.682526,506.489746,506.367798,506.258362,506.112457,505.947235,505.791321,505.616058,505.467651,505.307068,PAR,6987.300293,6987.300293,6987.300293,6987.300293,6987.300293,6987.300293,6987.300293,6987.300293,6987.300293,6987.300293,6987.300293,6987.300293,6987.300293,6987.300293,6987.300293,6987.300293,6987.300293,6987.300293,6987.300293,6987.300293,6987.300293,6987.300293,6987.300293,6987.300293,6987.300293,6987.300293,6987.300293,6987.300293,6987.300293,6987.300293,6929.077148,6870.854004,6812.630859,6754.407715,6696.184570,6637.961914,6579.738770,6521.515625,6463.292480,6405.069336,6346.846680,6288.623535,6230.400391,6172.177246,6113.954102,6055.730957,5997.508301,5939.285156,5881.062012,5822.838867,5764.615723,5706.393066,5648.169922,5589.946777,5531.723633,5473.500488,5415.277344,5357.054688,5298.831543,5240.608398,6987.300293,6987.300293,6987.300293,6987.300293,6987.300293,6987.300293,6987.300293,6987.300293,6987.300293,6987.300293,6987.300293,6987.300293,6987.300293,6987.300293,6987.300293,6987.300293,6987.300293,6987.300293,6987.300293,6987.300293,6987.300293,6987.300293,6987.300293,6987.300293,6987.300293,6987.300293,6987.300293,6987.300293,6987.300293,6987.300293,PHASE,1,1,1,1,1,1,1,1,1,1,1,1,1,1,1,1,1,1,1,1,1,1,1,1,1,1,1,1,1,1,2,2,2,2,2,2,2,2,2,2,2,2,2,2,2,2,2,2,2,2,2,2,2,2,2,2,2,2,2,2,3,3,3,3,3,3,3,3,3,3,3,3,3,3,3,3,3,3,3,3,3,3,3,3,3,3,3,3,3,3,FLASH_END
6,05:42:39,2026-07-15,Auto gsw+F,LI-COR Default,,006,,,-0.025188,2.077512,-0.025497,-0.169952,3.224159,3.231306,3.791026,0.566867,36.490280,36.409576,42.811062,0.441786,7.500000,PSF-00548_20260715054239_c7c,0.000000,0.000000,0.000000,229.673981,641.678833,0.642073,0.5,0.80,0.064645,1.000000,83.71,83.89,28.26,27.98,27.98,88.55,89.6,88.4,1.4,0,4.073,05:41:03,2026-07-15,-0.20,1,0.001,0.002,0.012,-0.570,0.277,10.610,1,150,0.005,2.000000,0.058905,0.000000,0.029230,0.000000,0.000000,-0.000068,standard,0,mpf,7000,500,5.000000,2.000000,300,300,300,641.678833,25,1.574478,638.815308,643.932190,-5.116882,2.512497,2.495995,1.139949,0.773489,0.239620,-0.002722,0.069183,0.107436,229.673981,0.000221,2.389264,-0.000064,1.000000,2.373994,-0.000050,1.000000,0.600671,0.600225,0.107215,0.000000,PSF-00548_20260715054239_c7c,PFA-00618,PSA-00618,PSF-00548,RHS-0688,3.0.0,2022-04-21T19:36:20.491Z,MEASUREMENT_END
PSF-00548_20260715054239_c7c,05:42:39,2026-07-15,PFA-00618,PSA-00618,PSF-00548,0.000000,0.000000,0.000000,641.678833,229.673981,0.642073,6.930062,TIME,0.000000,0.010000,0.020000,0.030000,0.040000,0.050000,0.060000,0.070000,0.080000,0.090000,0.100000,0.110000,0.120000,0.130000,0.140000,0.150000,0.160000,0.170000,0.180000,0.190000,0.200000,0.210000,0.220000,0.230000,0.240000,0.250000,0.260000,0.270000,0.280000,0.290000,0.300000,0.310000,0.320000,0.330000,0.340000,0.350000,0.360000,0.370000,0.380000,0.390000,0.400000,0.410000,0.420000,0.430000,0.440000,0.450000,0.460000,0.470000,0.480000,0.490000,0.500000,0.510000,0.520000,0.530000,0.540000,0.550000,0.560000,0.570000,0.580000,0.590000,0.600000,0.610000,0.620000,0.630000,0.640000,0.650000,0.660000,0.670000,0.680000,0.690000,0.700000,0.710000,0.720000,0.730000,0.740000,0.750000,0.760000,0.770000,0.780000,0.790000,0.800000,0.810000,0.820000,0.830000,0.839999,0.849999,0.859999,0.869999,0.879999,0.889999,FLR,453.004730,579.601746,608.222717,620.628113,626.896606,630.473267,632.740234,634.276245,635.508667,636.424194,637.249939,637.870422,638.453369,639.002319,639.430054,639.819885,640.178589,640.491455,640.736450,640.934204,641.192810,641.282532,641.405212,641.500732,641.560059,641.611572,641.628052,641.655579,641.678833,641.638733,641.645935,641.821533,641.787903,642.021423,641.946289,642.111877,642.033936,642.180176,642.134094,642.246338,642.378662,642.243835,642.336121,642.257812,642.325378,642.450562,642.358276,642.455566,642.538574,642.415527,642.526367,642.567505,642.416626,642.507080,642.544617,642.570007,642.436279,642.475952,642.549622,642.527832,638.815308,638.696533,638.535950,638.361450,638.175476,638.015259,637.843262,637.686279,637.517822,637.321838,637.196655,636.976013,636.813293,636.641235,636.460999,636.280396,636.098389,635.931030,635.795105,635.593384,635.468628,635.245789,635.077332,634.909607,634.745117,634.559875,634.364258,634.177917,633.994080,633.784912,PAR,6987.300293,6987.300293,6987.300293,6987.300293,6987.300293,6987.300293,6987.300293,6987.300293,6987.300293,6987.300293,6987.300293,6987.300293,6987.300293,6987.300293,6987.300293,6987.300293,6987.300293,6987.300293,6987.300293,6987.300293,6987.300293,6987.300293,6987.300293,6987.300293,6987.300293,6987.300293,6987.300293,6987.300293,6987.300293,6987.300293,6929.077148,6870.854004,6812.630859,6754.407715,6696.184570,6637.961914,6579.738770,6521.515625,6463.292480,6405.069336,6346.846680,6288.623535,6230.400391,6172.177246,6113.954102,6055.730957,5997.508301,5939.285156,5881.062012,5822.838867,5764.615723,5706.393066,5648.169922,5589.946777,5531.723633,5473.500488,5415.277344,5357.054688,5298.831543,5240.608398,6987.300293,6987.300293,6987.300293,6987.300293,6987.300293,6987.300293,6987.300293,6987.300293,6987.300293,6987.300293,6987.300293,6987.300293,6987.300293,6987.300293,6987.300293,6987.300293,6987.300293,6987.300293,6987.300293,6987.300293,6987.300293,6987.300293,6987.300293,6987.300293,6987.300293,6987.300293,6987.300293,6987.300293,6987.300293,6987.300293,PHASE,1,1,1,1,1,1,1,1,1,1,1,1,1,1,1,1,1,1,1,1,1,1,1,1,1,1,1,1,1,1,2,2,2,2,2,2,2,2,2,2,2,2,2,2,2,2,2,2,2,2,2,2,2,2,2,2,2,2,2,2,3,3,3,3,3,3,3,3,3,3,3,3,3,3,3,3,3,3,3,3,3,3,3,3,3,3,3,3,3,3,FLASH_END
7,05:43:41,2026-07-15,Auto gsw+F,LI-COR Default,,007,,,-0.035318,2.159914,-0.035905,-0.265780,3.213913,3.224506,3.843023,0.629111,36.428200,36.308525,43.415779,0.441786,7.500000,PSF-00548_20260715054341_52a,0.000000,0.000000,0.000000,130.132202,508.178101,0.743924,0.5,0.80,0.212671,1.000000,82.93,83.20,28.36,28.22,28.22,88.52,94.6,93.4,1.2,1,4.070,05:43:30,2026-07-15,-0.19,1,-0.001,-0.001,0.010,1.798,3.403,6.420,1,150,0.005,2.000000,0.058905,0.000000,0.029230,0.000000,0.000000,-0.000068,standard,0,mpf,7000,500,5.000000,2.000000,300,300,300,508.178101,25,1.949008,506.190765,510.967468,-4.776703,2.511547,2.494924,1.175026,0.784431,0.238619,-0.001262,0.077382,0.107843,130.132202,0.000224,2.389264,-0.000064,1.000000,2.373994,-0.000050,1.000000,0.600671,0.600225,0.107215,0.000000,PSF-00548_20260715054341_52a,PFA-00618,PSA-00618,PSF-00548,RHS-0688,3.0.0,2022-04-21T19:36:20.491Z,MEASUREMENT_END
PSF-00548_20260715054341_52a,05:43:41,2026-07-15,PFA-00618,PSA-00618,PSF-00548,0.000000,0.000000,0.000000,508.178101,130.132202,0.743924,7.393053,TIME,0.000000,0.010000,0.020000,0.030000,0.040000,0.050000,0.060000,0.070000,0.080000,0.090000,0.100000,0.110000,0.120000,0.130000,0.140000,0.150000,0.160000,0.170000,0.180000,0.190000,0.200000,0.210000,0.220000,0.230000,0.240000,0.250000,0.260000,0.270000,0.280000,0.290000,0.300000,0.310000,0.320000,0.330000,0.340000,0.350000,0.360000,0.370000,0.380000,0.390000,0.400000,0.410000,0.420000,0.430000,0.440000,0.450000,0.460000,0.470000,0.480000,0.490000,0.500000,0.510000,0.520000,0.530000,0.540000,0.550000,0.560000,0.570000,0.580000,0.590000,0.600000,0.610000,0.620000,0.630000,0.640000,0.650000,0.660000,0.670000,0.680000,0.690000,0.700000,0.710000,0.720000,0.730000,0.740000,0.750000,0.760000,0.770000,0.780000,0.790000,0.800000,0.810000,0.820000,0.830000,0.839999,0.849999,0.859999,0.869999,0.879999,0.889999,FLR,281.576874,413.797974,462.103119,483.887665,493.209595,497.823730,500.587463,502.440704,503.774658,504.724854,505.496277,506.065247,506.495819,506.867767,507.172119,507.413147,507.606262,507.806885,507.942444,508.024689,508.133057,508.104431,508.140930,508.178101,508.150574,508.143768,508.112305,508.084778,508.066162,508.000031,507.998596,508.101593,508.044006,508.169525,508.101227,508.244629,508.141632,508.235321,508.178101,508.235687,508.349762,508.238190,508.329041,508.264648,508.288971,508.405579,508.302917,508.394470,508.507141,508.408417,508.533234,508.557190,508.573303,508.671997,508.748535,508.838287,508.773193,508.852966,508.986359,509.015686,506.183990,506.190765,506.137482,506.098877,506.029480,505.935791,505.878571,505.788086,505.742310,505.636108,505.594238,505.501617,505.397552,505.298859,505.205872,505.102173,505.013458,504.930481,504.809967,504.696960,504.631165,504.489899,504.386200,504.284607,504.135498,504.005676,503.851898,503.699890,503.542908,503.393768,PAR,6987.300293,6987.300293,6987.300293,6987.300293,6987.300293,6987.300293,6987.300293,6987.300293,6987.300293,6987.300293,6987.300293,6987.300293,6987.300293,6987.300293,6987.300293,6987.300293,6987.300293,6987.300293,6987.300293,6987.300293,6987.300293,6987.300293,6987.300293,6987.300293,6987.300293,6987.300293,6987.300293,6987.300293,6987.300293,6987.300293,6929.077148,6870.854004,6812.630859,6754.407715,6696.184570,6637.961914,6579.738770,6521.515625,6463.292480,6405.069336,6346.846680,6288.623535,6230.400391,6172.177246,6113.954102,6055.730957,5997.508301,5939.285156,5881.062012,5822.838867,5764.615723,5706.393066,5648.169922,5589.946777,5531.723633,5473.500488,5415.277344,5357.054688,5298.831543,5240.608398,6987.300293,6987.300293,6987.300293,6987.300293,6987.300293,6987.300293,6987.300293,6987.300293,6987.300293,6987.300293,6987.300293,6987.300293,6987.300293,6987.300293,6987.300293,6987.300293,6987.300293,6987.300293,6987.300293,6987.300293,6987.300293,6987.300293,6987.300293,6987.300293,6987.300293,6987.300293,6987.300293,6987.300293,6987.300293,6987.300293,PHASE,1,1,1,1,1,1,1,1,1,1,1,1,1,1,1,1,1,1,1,1,1,1,1,1,1,1,1,1,1,1,2,2,2,2,2,2,2,2,2,2,2,2,2,2,2,2,2,2,2,2,2,2,2,2,2,2,2,2,2,2,3,3,3,3,3,3,3,3,3,3,3,3,3,3,3,3,3,3,3,3,3,3,3,3,3,3,3,3,3,3,FLASH_END
8,05:43:59,2026-07-15,Auto gsw+F,LI-COR Default,,008,,,-0.032819,2.178977,-0.033320,-0.237657,3.236602,3.245956,3.842726,0.606124,36.668873,36.563194,43.410446,0.441786,7.500000,PSF-00548_20260715054359_c6d,0.000000,0.000000,0.000000,122.845169,486.955414,0.747728,0.5,0.80,0.338960,1.000000,83.30,83.54,28.40,28.22,28.22,88.52,95.7,95.0,0.8,1,4.069,05:43:30,2026-07-15,-0.19,1,-0.003,0.001,0.012,1.956,3.814,6.513,1,150,0.005,2.000000,0.058905,0.000000,0.029230,0.000000,0.000000,-0.000068,standard,0,mpf,7000,500,5.000000,2.000000,300,300,300,486.955414,25,6.672443,488.011108,496.504791,-8.493683,2.511986,2.495407,1.183422,0.787822,0.238206,-0.001780,0.079657,0.108210,122.845169,0.000224,2.389264,-0.000064,1.000000,2.373994,-0.000050,1.000000,0.600671,0.600225,0.107215,0.000000,PSF-00548_20260715054359_c6d,PFA-00618,PSA-00618,PSF-00548,RHS-0688,3.0.0,2022-04-21T19:36:20.491Z,MEASUREMENT_END
PSF-00548_20260715054359_c6d,05:43:59,2026-07-15,PFA-00618,PSA-00618,PSF-00548,0.000000,0.000000,0.000000,486.955414,122.845169,0.747728,7.811658,TIME,0.000000,0.010000,0.020000,0.030000,0.040000,0.050000,0.060000,0.070000,0.080000,0.090000,0.100000,0.110000,0.120000,0.130000,0.140000,0.150000,0.160000,0.170000,0.180000,0.190000,0.200000,0.210000,0.220000,0.230000,0.240000,0.250000,0.260000,0.270000,0.280000,0.290000,0.300000,0.310000,0.320000,0.330000,0.340000,0.350000,0.360000,0.370000,0.380000,0.390000,0.400000,0.410000,0.420000,0.430000,0.440000,0.450000,0.460000,0.470000,0.480000,0.490000,0.500000,0.510000,0.520000,0.530000,0.540000,0.550000,0.560000,0.570000,0.580000,0.590000,0.600000,0.610000,0.620000,0.630000,0.640000,0.650000,0.660000,0.670000,0.680000,0.690000,0.700000,0.710000,0.720000,0.730000,0.740000,0.750000,0.760000,0.770000,0.780000,0.790000,0.800000,0.810000,0.820000,0.830000,0.839999,0.849999,0.859999,0.869999,0.879999,0.889999,FLR,267.998444,394.027954,440.678009,463.338013,473.182800,477.787628,480.282776,481.833466,482.938873,483.732819,484.369049,484.868286,485.282074,485.629669,485.889679,486.100311,486.272705,486.401794,486.518738,486.588135,486.692535,486.742981,486.761200,486.767303,486.797699,486.832367,486.863129,486.883881,486.938599,486.955414,487.016907,487.157471,487.185730,487.374542,487.389221,487.578033,487.591278,487.743622,487.815857,487.962128,488.163483,488.135590,488.245361,488.248230,488.359436,488.471375,488.480682,488.588684,488.744263,488.798248,489.036072,489.199524,489.269623,489.452362,489.592194,489.743835,489.794250,489.930878,490.054260,490.135803,487.934601,487.956390,488.011108,488.008270,487.947815,487.928162,487.814056,487.777588,487.661713,487.583771,487.530823,487.416748,487.330566,487.229340,487.182129,487.159607,487.117401,487.058044,487.027649,486.997955,487.044464,486.981140,486.941101,486.892822,486.839905,486.740112,486.682892,486.584198,486.519470,486.428619,PAR,6987.300293,6987.300293,6987.300293,6987.300293,6987.300293,6987.300293,6987.300293,6987.300293,6987.300293,6987.300293,6987.300293,6987.300293,6987.300293,6987.300293,6987.300293,6987.300293,6987.300293,6987.300293,6987.300293,6987.300293,6987.300293,6987.300293,6987.300293,6987.300293,6987.300293,6987.300293,6987.300293,6987.300293,6987.300293,6987.300293,6929.077148,6870.854004,6812.630859,6754.407715,6696.184570,6637.961914,6579.738770,6521.515625,6463.292480,6405.069336,6346.846680,6288.623535,6230.400391,6172.177246,6113.954102,6055.730957,5997.508301,5939.285156,5881.062012,5822.838867,5764.615723,5706.393066,5648.169922,5589.946777,5531.723633,5473.500488,5415.277344,5357.054688,5298.831543,5240.608398,6987.300293,6987.300293,6987.300293,6987.300293,6987.300293,6987.300293,6987.300293,6987.300293,6987.300293,6987.300293,6987.300293,6987.300293,6987.300293,6987.300293,6987.300293,6987.300293,6987.300293,6987.300293,6987.300293,6987.300293,6987.300293,6987.300293,6987.300293,6987.300293,6987.300293,6987.300293,6987.300293,6987.300293,6987.300293,6987.300293,PHASE,1,1,1,1,1,1,1,1,1,1,1,1,1,1,1,1,1,1,1,1,1,1,1,1,1,1,1,1,1,1,2,2,2,2,2,2,2,2,2,2,2,2,2,2,2,2,2,2,2,2,2,2,2,2,2,2,2,2,2,2,3,3,3,3,3,3,3,3,3,3,3,3,3,3,3,3,3,3,3,3,3,3,3,3,3,3,3,3,3,3,FLASH_END
9,05:44:14,2026-07-15,Auto gsw+F,LI-COR Default,,009,,,-0.033949,2.194015,-0.034483,-0.239085,3.269591,3.278908,3.858628,0.589038,37.041641,36.936386,43.590714,0.441786,7.500000,PSF-00548_20260715054414_bdf,0.000000,0.000000,0.000000,128.013611,500.466583,0.744211,0.5,0.80,0.317122,1.000000,83.99,84.23,28.44,28.29,28.29,88.52,96.6,96.3,0.3,1,4.069,05:43:30,2026-07-15,-0.19,1,-0.000,-0.002,0.010,1.721,3.121,5.723,1,150,0.005,2.000000,0.058905,0.000000,0.029230,0.000000,0.000000,-0.000068,standard,0,mpf,7000,500,5.000000,2.000000,300,300,300,500.466583,25,6.377910,501.519806,509.594452,-8.074646,2.512890,2.496313,1.190124,0.790700,0.237898,-0.001343,0.081581,0.108151,128.013611,0.000225,2.389264,-0.000064,1.000000,2.373994,-0.000050,1.000000,0.600671,0.600225,0.107215,0.000000,PSF-00548_20260715054414_bdf,PFA-00618,PSA-00618,PSF-00548,RHS-0688,3.0.0,2022-04-21T19:36:20.491Z,MEASUREMENT_END
PSF-00548_20260715054414_bdf,05:44:14,2026-07-15,PFA-00618,PSA-00618,PSF-00548,0.000000,0.000000,0.000000,500.466583,128.013611,0.744211,7.743655,TIME,0.000000,0.010000,0.020000,0.030000,0.040000,0.050000,0.060000,0.070000,0.080000,0.090000,0.100000,0.110000,0.120000,0.130000,0.140000,0.150000,0.160000,0.170000,0.180000,0.190000,0.200000,0.210000,0.220000,0.230000,0.240000,0.250000,0.260000,0.270000,0.280000,0.290000,0.300000,0.310000,0.320000,0.330000,0.340000,0.350000,0.360000,0.370000,0.380000,0.390000,0.400000,0.410000,0.420000,0.430000,0.440000,0.450000,0.460000,0.470000,0.480000,0.490000,0.500000,0.510000,0.520000,0.530000,0.540000,0.550000,0.560000,0.570000,0.580000,0.590000,0.600000,0.610000,0.620000,0.630000,0.640000,0.650000,0.660000,0.670000,0.680000,0.690000,0.700000,0.710000,0.720000,0.730000,0.740000,0.750000,0.760000,0.770000,0.780000,0.790000,0.800000,0.810000,0.820000,0.830000,0.839999,0.849999,0.859999,0.869999,0.879999,0.889999,FLR,274.663940,400.694122,450.015320,475.296021,486.495483,491.654266,494.340424,495.909332,496.974335,497.702118,498.306519,498.718506,499.057526,499.366882,499.563232,499.733093,499.870056,499.975220,500.046722,500.092865,500.171906,500.170471,500.222687,500.265594,500.295990,500.334259,500.376465,500.411163,500.460144,500.466583,500.524536,500.635742,500.628601,500.800262,500.772705,500.923645,500.938660,501.080627,501.130707,501.281250,501.459015,501.471161,501.608856,501.614563,501.673950,501.787659,501.794464,501.935730,502.112732,502.204651,502.435669,502.538696,502.589478,502.762909,502.889526,503.011810,503.052246,503.203857,503.338684,503.442047,501.410004,501.482605,501.502625,501.519806,501.468658,501.355286,501.330963,501.287689,501.262299,501.279114,501.302734,501.264465,501.220825,501.212250,501.126038,501.064178,500.988373,500.895386,500.804901,500.693329,500.664001,500.527740,500.392212,500.306732,500.206604,500.100739,500.057831,499.967682,499.873627,499.784943,PAR,6987.300293,6987.300293,6987.300293,6987.300293,6987.300293,6987.300293,6987.300293,6987.300293,6987.300293,6987.300293,6987.300293,6987.300293,6987.300293,6987.300293,6987.300293,6987.300293,6987.300293,6987.300293,6987.300293,6987.300293,6987.300293,6987.300293,6987.300293,6987.300293,6987.300293,6987.300293,6987.300293,6987.300293,6987.300293,6987.300293,6929.077148,6870.854004,6812.630859,6754.407715,6696.184570,6637.961914,6579.738770,6521.515625,6463.292480,6405.069336,6346.846680,6288.623535,6230.400391,6172.177246,6113.954102,6055.730957,5997.508301,5939.285156,5881.062012,5822.838867,5764.615723,5706.393066,5648.169922,5589.946777,5531.723633,5473.500488,5415.277344,5357.054688,5298.831543,5240.608398,6987.300293,6987.300293,6987.300293,6987.300293,6987.300293,6987.300293,6987.300293,6987.300293,6987.300293,6987.300293,6987.300293,6987.300293,6987.300293,6987.300293,6987.300293,6987.300293,6987.300293,6987.300293,6987.300293,6987.300293,6987.300293,6987.300293,6987.300293,6987.300293,6987.300293,6987.300293,6987.300293,6987.300293,6987.300293,6987.300293,PHASE,1,1,1,1,1,1,1,1,1,1,1,1,1,1,1,1,1,1,1,1,1,1,1,1,1,1,1,1,1,1,2,2,2,2,2,2,2,2,2,2,2,2,2,2,2,2,2,2,2,2,2,2,2,2,2,2,2,2,2,2,3,3,3,3,3,3,3,3,3,3,3,3,3,3,3,3,3,3,3,3,3,3,3,3,3,3,3,3,3,3,FLASH_END
10,05:44:54,2026-07-15,Auto gsw+F,LI-COR Default,,010,,,-0.032570,2.229842,-0.033053,-0.229571,3.272412,3.281153,3.862280,0.589868,37.077374,36.978600,43.644173,0.441786,7.500000,PSF-00548_20260715054454_e89,0.000000,0.000000,0.000000,255.994675,597.459900,0.571528,0.5,0.80,0.141790,1.000000,83.69,83.92,28.51,28.30,28.30,88.49,98.9,99.0,-0.2,1,4.069,05:43:30,2026-07-15,-0.19,1,0.005,0.002,0.011,1.934,3.991,9.695,1,150,0.005,2.000000,0.058905,0.000000,0.029230,0.000000,0.000000,-0.000068,standard,0,mpf,7000,500,5.000000,2.000000,300,300,300,597.459900,25,3.159865,594.560974,601.982178,-7.421204,2.512448,2.495896,1.206381,0.796697,0.237182,-0.002032,0.086708,0.107760,255.994675,0.000226,2.389264,-0.000064,1.000000,2.373994,-0.000050,1.000000,0.600671,0.600225,0.107215,0.000000,PSF-00548_20260715054454_e89,PFA-00618,PSA-00618,PSF-00548,RHS-0688,3.0.0,2022-04-21T19:36:20.491Z,MEASUREMENT_END
PSF-00548_20260715054454_e89,05:44:54,2026-07-15,PFA-00618,PSA-00618,PSF-00548,0.000000,0.000000,0.000000,597.459900,255.994675,0.571528,7.298582,TIME,0.000000,0.010000,0.020000,0.030000,0.040000,0.050000,0.060000,0.070000,0.080000,0.090000,0.100000,0.110000,0.120000,0.130000,0.140000,0.150000,0.160000,0.170000,0.180000,0.190000,0.200000,0.210000,0.220000,0.230000,0.240000,0.250000,0.260000,0.270000,0.280000,0.290000,0.300000,0.310000,0.320000,0.330000,0.340000,0.350000,0.360000,0.370000,0.380000,0.390000,0.400000,0.410000,0.420000,0.430000,0.440000,0.450000,0.460000,0.470000,0.480000,0.490000,0.500000,0.510000,0.520000,0.530000,0.540000,0.550000,0.560000,0.570000,0.580000,0.590000,0.600000,0.610000,0.620000,0.630000,0.640000,0.650000,0.660000,0.670000,0.680000,0.690000,0.700000,0.710000,0.720000,0.730000,0.740000,0.750000,0.760000,0.770000,0.780000,0.790000,0.800000,0.810000,0.820000,0.830000,0.839999,0.849999,0.859999,0.869999,0.879999,0.889999,FLR,445.568207,551.377747,576.467529,586.492920,591.142761,593.567871,594.972961,595.833435,596.434937,596.791138,597.071167,597.201355,597.329712,597.403748,597.448120,597.459900,597.438477,597.384094,597.365845,597.305420,597.281433,597.179871,597.096191,597.071167,596.969971,596.890564,596.832275,596.765015,596.690308,596.617676,596.582642,596.697083,596.604126,596.781494,596.682800,596.833374,596.761475,596.856934,596.773987,596.888794,597.006470,596.899536,597.037170,596.957092,597.108032,597.222107,597.154480,597.255371,597.416260,597.350098,597.506775,597.527161,597.501404,597.648010,597.722046,597.856140,597.794678,597.881226,597.996338,598.064636,594.560974,594.486938,594.416504,594.297791,594.211548,594.148254,594.014160,593.951233,593.867554,593.713745,593.651184,593.500610,593.383301,593.298584,593.161926,593.024231,592.906616,592.796448,592.683777,592.556458,592.489929,592.307556,592.197388,592.095520,591.967468,591.844421,591.726807,591.577271,591.482849,591.335876,PAR,6987.300293,6987.300293,6987.300293,6987.300293,6987.300293,6987.300293,6987.300293,6987.300293,6987.300293,6987.300293,6987.300293,6987.300293,6987.300293,6987.300293,6987.300293,6987.300293,6987.300293,6987.300293,6987.300293,6987.300293,6987.300293,6987.300293,6987.300293,6987.300293,6987.300293,6987.300293,6987.300293,6987.300293,6987.300293,6987.300293,6929.077148,6870.854004,6812.630859,6754.407715,6696.184570,6637.961914,6579.738770,6521.515625,6463.292480,6405.069336,6346.846680,6288.623535,6230.400391,6172.177246,6113.954102,6055.730957,5997.508301,5939.285156,5881.062012,5822.838867,5764.615723,5706.393066,5648.169922,5589.946777,5531.723633,5473.500488,5415.277344,5357.054688,5298.831543,5240.608398,6987.300293,6987.300293,6987.300293,6987.300293,6987.300293,6987.300293,6987.300293,6987.300293,6987.300293,6987.300293,6987.300293,6987.300293,6987.300293,6987.300293,6987.300293,6987.300293,6987.300293,6987.300293,6987.300293,6987.300293,6987.300293,6987.300293,6987.300293,6987.300293,6987.300293,6987.300293,6987.300293,6987.300293,6987.300293,6987.300293,PHASE,1,1,1,1,1,1,1,1,1,1,1,1,1,1,1,1,1,1,1,1,1,1,1,1,1,1,1,1,1,1,2,2,2,2,2,2,2,2,2,2,2,2,2,2,2,2,2,2,2,2,2,2,2,2,2,2,2,2,2,2,3,3,3,3,3,3,3,3,3,3,3,3,3,3,3,3,3,3,3,3,3,3,3,3,3,3,3,3,3,3,FLASH_END
11,05:45:13,2026-07-15,Auto gsw+F,LI-COR Default,,011,,,-0.011718,2.260104,-0.011779,-0.083862,3.256177,3.259310,3.860901,0.604724,36.830750,36.795349,43.628830,0.441786,7.500000,PSF-00548_20260715054513_c8f,0.000000,0.000000,0.000000,259.755127,593.992737,0.562696,0.5,0.80,0.155638,1.000000,83.10,83.18,28.55,28.30,28.30,88.49,100.8,100.1,0.7,1,4.067,05:43:30,2026-07-15,-0.19,1,0.000,0.001,0.005,1.615,3.060,8.016,1,150,0.005,2.000000,0.058905,0.000000,0.029230,0.000000,0.000000,-0.000068,standard,0,mpf,7000,500,5.000000,2.000000,300,300,300,593.992737,25,1.607204,589.753052,596.292908,-6.539856,2.511457,2.495100,1.220443,0.799021,0.236838,-0.002523,0.089045,0.107822,259.755127,0.000226,2.389264,-0.000064,1.000000,2.373994,-0.000050,1.000000,0.600671,0.600225,0.107215,0.000000,PSF-00548_20260715054513_c8f,PFA-00618,PSA-00618,PSF-00548,RHS-0688,3.0.0,2022-04-21T19:36:20.491Z,MEASUREMENT_END
PSF-00548_20260715054513_c8f,05:45:13,2026-07-15,PFA-00618,PSA-00618,PSF-00548,0.000000,0.000000,0.000000,593.992737,259.755127,0.562696,7.369842,TIME,0.000000,0.010000,0.020000,0.030000,0.040000,0.050000,0.060000,0.070000,0.080000,0.090000,0.100000,0.110000,0.120000,0.130000,0.140000,0.150000,0.160000,0.170000,0.180000,0.190000,0.200000,0.210000,0.220000,0.230000,0.240000,0.250000,0.260000,0.270000,0.280000,0.290000,0.300000,0.310000,0.320000,0.330000,0.340000,0.350000,0.360000,0.370000,0.380000,0.390000,0.400000,0.410000,0.420000,0.430000,0.440000,0.450000,0.460000,0.470000,0.480000,0.490000,0.500000,0.510000,0.520000,0.530000,0.540000,0.550000,0.560000,0.570000,0.580000,0.590000,0.600000,0.610000,0.620000,0.630000,0.640000,0.650000,0.660000,0.670000,0.680000,0.690000,0.700000,0.710000,0.720000,0.730000,0.740000,0.750000,0.760000,0.770000,0.780000,0.790000,0.800000,0.810000,0.820000,0.830000,0.839999,0.849999,0.859999,0.869999,0.879999,0.889999,FLR,449.900146,553.581482,576.757568,585.290222,589.132935,591.130981,592.287170,592.987427,593.432678,593.658325,593.827820,593.880432,593.962341,593.992737,593.984131,593.951599,593.933350,593.877563,593.809631,593.739502,593.718750,593.564636,593.505981,593.441956,593.331787,593.289612,593.208435,593.116516,593.036072,592.870483,592.793213,592.892639,592.751404,592.914490,592.799316,592.945923,592.854736,592.976318,592.890137,592.992065,593.151184,592.989197,593.131897,593.048218,593.121887,593.257080,593.184143,593.253845,593.358276,593.242432,593.395447,593.404785,593.255981,593.354370,593.389771,593.447693,593.348633,593.423706,593.509216,593.571777,589.753052,589.652161,589.538086,589.437622,589.304199,589.153625,589.021301,588.876465,588.747742,588.580017,588.462708,588.256348,588.071106,587.906250,587.735657,587.519653,587.305054,587.104797,586.932068,586.708923,586.535461,586.253296,586.012573,585.742249,585.411804,585.073853,584.747314,584.396118,584.120728,583.804260,PAR,6987.300293,6987.300293,6987.300293,6987.300293,6987.300293,6987.300293,6987.300293,6987.300293,6987.300293,6987.300293,6987.300293,6987.300293,6987.300293,6987.300293,6987.300293,6987.300293,6987.300293,6987.300293,6987.300293,6987.300293,6987.300293,6987.300293,6987.300293,6987.300293,6987.300293,6987.300293,6987.300293,6987.300293,6987.300293,6987.300293,6929.077148,6870.854004,6812.630859,6754.407715,6696.184570,6637.961914,6579.738770,6521.515625,6463.292480,6405.069336,6346.846680,6288.623535,6230.400391,6172.177246,6113.954102,6055.730957,5997.508301,5939.285156,5881.062012,5822.838867,5764.615723,5706.393066,5648.169922,5589.946777,5531.723633,5473.500488,5415.277344,5357.054688,5298.831543,5240.608398,6987.300293,6987.300293,6987.300293,6987.300293,6987.300293,6987.300293,6987.300293,6987.300293,6987.300293,6987.300293,6987.300293,6987.300293,6987.300293,6987.300293,6987.300293,6987.300293,6987.300293,6987.300293,6987.300293,6987.300293,6987.300293,6987.300293,6987.300293,6987.300293,6987.300293,6987.300293,6987.300293,6987.300293,6987.300293,6987.300293,PHASE,1,1,1,1,1,1,1,1,1,1,1,1,1,1,1,1,1,1,1,1,1,1,1,1,1,1,1,1,1,1,2,2,2,2,2,2,2,2,2,2,2,2,2,2,2,2,2,2,2,2,2,2,2,2,2,2,2,2,2,2,3,3,3,3,3,3,3,3,3,3,3,3,3,3,3,3,3,3,3,3,3,3,3,3,3,3,3,3,3,3,FLASH_END
12,05:45:32,2026-07-15,Auto gsw+F,LI-COR Default,,012,,,0.003199,2.271065,0.003194,0.023809,3.231091,3.230208,3.864247,0.633155,36.503960,36.513943,43.669113,0.441786,7.500000,PSF-00548_20260715054532_027,0.000000,0.000000,0.000000,238.724106,591.153870,0.596173,0.5,0.80,0.152759,1.000000,82.28,82.26,28.59,28.31,28.31,88.49,101.5,101.1,0.4,1,4.065,05:43:30,2026-07-15,-0.19,1,0.002,-0.002,0.001,2.026,4.439,10.410,1,150,0.005,2.000000,0.058905,0.000000,0.029230,0.000000,0.000000,-0.000068,standard,0,mpf,7000,500,5.000000,2.000000,300,300,300,591.153870,25,3.283496,588.470947,595.853088,-7.382141,2.510224,2.494008,1.225615,0.801240,0.236491,-0.002778,0.091365,0.107778,238.724106,0.000226,2.389264,-0.000064,1.000000,2.373994,-0.000050,1.000000,0.600671,0.600225,0.107215,0.000000,PSF-00548_20260715054532_027,PFA-00618,PSA-00618,PSF-00548,RHS-0688,3.0.0,2022-04-21T19:36:20.491Z,MEASUREMENT_END
PSF-00548_20260715054532_027,05:45:32,2026-07-15,PFA-00618,PSA-00618,PSF-00548,0.000000,0.000000,0.000000,591.153870,238.724106,0.596173,7.318942,TIME,0.000000,0.010000,0.020000,0.030000,0.040000,0.050000,0.060000,0.070000,0.080000,0.090000,0.100000,0.110000,0.120000,0.130000,0.140000,0.150000,0.160000,0.170000,0.180000,0.190000,0.200000,0.210000,0.220000,0.230000,0.240000,0.250000,0.260000,0.270000,0.280000,0.290000,0.300000,0.310000,0.320000,0.330000,0.340000,0.350000,0.360000,0.370000,0.380000,0.390000,0.400000,0.410000,0.420000,0.430000,0.440000,0.450000,0.460000,0.470000,0.480000,0.490000,0.500000,0.510000,0.520000,0.530000,0.540000,0.550000,0.560000,0.570000,0.580000,0.590000,0.600000,0.610000,0.620000,0.630000,0.640000,0.650000,0.660000,0.670000,0.680000,0.690000,0.700000,0.710000,0.720000,0.730000,0.740000,0.750000,0.760000,0.770000,0.780000,0.790000,0.800000,0.810000,0.820000,0.830000,0.839999,0.849999,0.859999,0.869999,0.879999,0.889999,FLR,436.376801,549.199829,573.376892,581.911316,585.662476,587.722778,588.957642,589.727661,590.269775,590.574890,590.852051,590.972168,591.062683,591.121704,591.135986,591.153137,591.148132,591.153870,591.145264,591.045166,590.995422,590.912476,590.850220,590.804443,590.749390,590.705750,590.619568,590.542297,590.513000,590.409607,590.388916,590.500488,590.416809,590.583801,590.494385,590.659241,590.588074,590.697144,590.638855,590.780151,590.919617,590.803406,590.928528,590.896362,590.970398,591.088745,591.058716,591.156006,591.297974,591.213928,591.358398,591.375610,591.399902,591.525452,591.616638,591.707825,591.638062,591.755371,591.879822,591.950684,588.470947,588.406555,588.315735,588.228455,588.144775,588.075745,587.980957,587.874390,587.782166,587.691284,587.659485,587.507141,587.396240,587.311890,587.200256,587.102295,586.997498,586.889893,586.805115,586.692078,586.585876,586.448914,586.331970,586.237915,586.091614,585.987549,585.860962,585.747253,585.648560,585.515869,PAR,6987.300293,6987.300293,6987.300293,6987.300293,6987.300293,6987.300293,6987.300293,6987.300293,6987.300293,6987.300293,6987.300293,6987.300293,6987.300293,6987.300293,6987.300293,6987.300293,6987.300293,6987.300293,6987.300293,6987.300293,6987.300293,6987.300293,6987.300293,6987.300293,6987.300293,6987.300293,6987.300293,6987.300293,6987.300293,6987.300293,6929.077148,6870.854004,6812.630859,6754.407715,6696.184570,6637.961914,6579.738770,6521.515625,6463.292480,6405.069336,6346.846680,6288.623535,6230.400391,6172.177246,6113.954102,6055.730957,5997.508301,5939.285156,5881.062012,5822.838867,5764.615723,5706.393066,5648.169922,5589.946777,5531.723633,5473.500488,5415.277344,5357.054688,5298.831543,5240.608398,6987.300293,6987.300293,6987.300293,6987.300293,6987.300293,6987.300293,6987.300293,6987.300293,6987.300293,6987.300293,6987.300293,6987.300293,6987.300293,6987.300293,6987.300293,6987.300293,6987.300293,6987.300293,6987.300293,6987.300293,6987.300293,6987.300293,6987.300293,6987.300293,6987.300293,6987.300293,6987.300293,6987.300293,6987.300293,6987.300293,PHASE,1,1,1,1,1,1,1,1,1,1,1,1,1,1,1,1,1,1,1,1,1,1,1,1,1,1,1,1,1,1,2,2,2,2,2,2,2,2,2,2,2,2,2,2,2,2,2,2,2,2,2,2,2,2,2,2,2,2,2,2,3,3,3,3,3,3,3,3,3,3,3,3,3,3,3,3,3,3,3,3,3,3,3,3,3,3,3,3,3,3,FLASH_END
13,05:46:02,2026-07-15,Auto gsw+F,LI-COR Default,,013,,,-0.077814,2.308573,-0.080529,-0.586940,3.248002,3.269269,3.867140,0.619138,36.939224,36.698929,43.694523,0.441786,7.500000,PSF-00548_20260715054602_03a,0.000000,0.000000,0.000000,99.763512,466.401459,0.786099,0.5,0.80,0.510004,1.000000,82.41,82.95,28.65,28.32,28.32,88.50,104.0,103.3,0.6,2,4.065,05:43:30,2026-07-15,-0.19,1,0.002,0.002,-9999.000,0.494,0.885,-9999.000,1,150,0.005,2.000000,0.058905,0.000000,0.029230,0.000000,0.000000,-0.000068,standard,0,mpf,7000,500,5.000000,2.000000,300,300,300,466.401459,25,2.807153,466.112488,470.418976,-4.306488,2.511119,2.494159,1.243636,0.806124,0.235900,-0.003358,0.095182,0.108639,99.763512,0.000224,2.389264,-0.000064,1.000000,2.373994,-0.000050,1.000000,0.600671,0.600225,0.107215,0.000000,PSF-00548_20260715054602_03a,PFA-00618,PSA-00618,PSF-00548,RHS-0688,3.0.0,2022-04-21T19:36:20.491Z,MEASUREMENT_END
PSF-00548_20260715054602_03a,05:46:02,2026-07-15,PFA-00618,PSA-00618,PSF-00548,0.000000,0.000000,0.000000,466.401459,99.763512,0.786099,8.300303,TIME,0.000000,0.010000,0.020000,0.030000,0.040000,0.050000,0.060000,0.070000,0.080000,0.090000,0.100000,0.110000,0.120000,0.130000,0.140000,0.150000,0.160000,0.170000,0.180000,0.190000,0.200000,0.210000,0.220000,0.230000,0.240000,0.250000,0.260000,0.270000,0.280000,0.290000,0.300000,0.310000,0.320000,0.330000,0.340000,0.350000,0.360000,0.370000,0.380000,0.390000,0.400000,0.410000,0.420000,0.430000,0.440000,0.450000,0.460000,0.470000,0.480000,0.490000,0.500000,0.510000,0.520000,0.530000,0.540000,0.550000,0.560000,0.570000,0.580000,0.590000,0.600000,0.610000,0.620000,0.630000,0.640000,0.650000,0.660000,0.670000,0.680000,0.690000,0.700000,0.710000,0.720000,0.730000,0.740000,0.750000,0.760000,0.770000,0.780000,0.790000,0.800000,0.810000,0.820000,0.830000,0.839999,0.849999,0.859999,0.869999,0.879999,0.889999,FLR,240.775818,378.977905,427.477966,448.012238,456.323517,460.205200,462.237946,463.447815,464.251404,464.778534,465.217712,465.497375,465.745911,465.930450,466.043457,466.156494,466.227661,466.296661,466.357117,466.373199,466.401459,466.382874,466.392517,466.385010,466.350311,466.339600,466.305603,466.283813,466.278778,466.239441,466.228729,466.288086,466.242310,466.339600,466.308838,466.394318,466.359985,466.435089,466.388947,466.468689,466.561310,466.507324,466.599213,466.579926,466.656433,466.733704,466.725464,466.795197,466.878906,466.850983,466.993347,467.056976,467.018005,467.134949,467.191467,467.256897,467.280151,467.379913,467.493652,467.555878,465.940491,466.067780,466.101044,466.112488,466.104279,466.092834,466.086731,466.090668,466.063141,466.069946,466.069580,466.046692,466.025238,466.021301,465.999115,465.982330,465.975159,465.967651,465.956207,465.930450,465.957275,465.899719,465.891479,465.845337,465.811005,465.786346,465.773102,465.787048,465.778839,465.747711,PAR,6987.300293,6987.300293,6987.300293,6987.300293,6987.300293,6987.300293,6987.300293,6987.300293,6987.300293,6987.300293,6987.300293,6987.300293,6987.300293,6987.300293,6987.300293,6987.300293,6987.300293,6987.300293,6987.300293,6987.300293,6987.300293,6987.300293,6987.300293,6987.300293,6987.300293,6987.300293,6987.300293,6987.300293,6987.300293,6987.300293,6929.077148,6870.854004,6812.630859,6754.407715,6696.184570,6637.961914,6579.738770,6521.515625,6463.292480,6405.069336,6346.846680,6288.623535,6230.400391,6172.177246,6113.954102,6055.730957,5997.508301,5939.285156,5881.062012,5822.838867,5764.615723,5706.393066,5648.169922,5589.946777,5531.723633,5473.500488,5415.277344,5357.054688,5298.831543,5240.608398,6987.300293,6987.300293,6987.300293,6987.300293,6987.300293,6987.300293,6987.300293,6987.300293,6987.300293,6987.300293,6987.300293,6987.300293,6987.300293,6987.300293,6987.300293,6987.300293,6987.300293,6987.300293,6987.300293,6987.300293,6987.300293,6987.300293,6987.300293,6987.300293,6987.300293,6987.300293,6987.300293,6987.300293,6987.300293,6987.300293,PHASE,1,1,1,1,1,1,1,1,1,1,1,1,1,1,1,1,1,1,1,1,1,1,1,1,1,1,1,1,1,1,2,2,2,2,2,2,2,2,2,2,2,2,2,2,2,2,2,2,2,2,2,2,2,2,2,2,2,2,2,2,3,3,3,3,3,3,3,3,3,3,3,3,3,3,3,3,3,3,3,3,3,3,3,3,3,3,3,3,3,3,FLASH_END
14,05:46:13,2026-07-15,Auto gsw+F,LI-COR Default,,014,,,-0.066795,2.313872,-0.068781,-0.478403,3.285429,3.302698,3.876137,0.590709,37.315140,37.120026,43.794079,0.441786,7.500000,PSF-00548_20260715054613_bf6,0.000000,0.000000,0.000000,114.027145,494.820343,0.769559,0.5,0.80,0.249080,1.000000,83.23,83.67,28.68,28.36,28.36,88.51,104.3,103.4,0.9,1,4.065,05:43:30,2026-07-15,-0.19,1,-0.000,0.001,-9999.000,1.041,2.098,-9999.000,1,150,0.005,2.000000,0.058905,0.000000,0.029230,0.000000,0.000000,-0.000068,standard,0,mpf,7000,500,5.000000,2.000000,300,300,300,494.820343,25,2.821698,493.413818,498.858673,-5.444855,2.512069,2.495243,1.246224,0.806371,0.235655,-0.003203,0.096528,0.107926,114.027145,0.000223,2.389264,-0.000064,1.000000,2.373994,-0.000050,1.000000,0.600671,0.600225,0.107215,0.000000,PSF-00548_20260715054613_bf6,PFA-00618,PSA-00618,PSF-00548,RHS-0688,3.0.0,2022-04-21T19:36:20.491Z,MEASUREMENT_END
PSF-00548_20260715054613_bf6,05:46:13,2026-07-15,PFA-00618,PSA-00618,PSF-00548,0.000000,0.000000,0.000000,494.820343,114.027145,0.769559,7.487524,TIME,0.000000,0.010000,0.020000,0.030000,0.040000,0.050000,0.060000,0.070000,0.080000,0.090000,0.100000,0.110000,0.120000,0.130000,0.140000,0.150000,0.160000,0.170000,0.180000,0.190000,0.200000,0.210000,0.220000,0.230000,0.240000,0.250000,0.260000,0.270000,0.280000,0.290000,0.300000,0.310000,0.320000,0.330000,0.340000,0.350000,0.360000,0.370000,0.380000,0.390000,0.400000,0.410000,0.420000,0.430000,0.440000,0.450000,0.460000,0.470000,0.480000,0.490000,0.500000,0.510000,0.520000,0.530000,0.540000,0.550000,0.560000,0.570000,0.580000,0.590000,0.600000,0.610000,0.620000,0.630000,0.640000,0.650000,0.660000,0.670000,0.680000,0.690000,0.700000,0.710000,0.720000,0.730000,0.740000,0.750000,0.760000,0.770000,0.780000,0.790000,0.800000,0.810000,0.820000,0.830000,0.839999,0.849999,0.859999,0.869999,0.879999,0.889999,FLR,285.467499,428.790436,467.356323,481.019135,486.617432,489.420532,491.060242,492.092743,492.815857,493.322601,493.729950,494.001740,494.229919,494.403351,494.527100,494.627594,494.689819,494.743103,494.777802,494.760986,494.820343,494.786011,494.763489,494.753845,494.720947,494.650848,494.609344,494.577179,494.546417,494.504211,494.479889,494.580383,494.529236,494.675873,494.609711,494.754181,494.686249,494.774567,494.745972,494.827148,494.953400,494.858612,494.929443,494.897949,494.961273,495.079651,495.055328,495.151154,495.265961,495.215179,495.355011,495.405426,495.357147,495.470154,495.530975,495.607849,495.595337,495.687958,495.788086,495.836029,493.361603,493.413818,493.389496,493.385193,493.328339,493.287567,493.227844,493.183502,493.132721,493.082642,493.070496,492.991455,492.955322,492.896332,492.846954,492.809052,492.759705,492.688538,492.633453,492.587341,492.565155,492.478241,492.443207,492.418518,492.373108,492.320190,492.298004,492.247925,492.237579,492.208954,PAR,6987.300293,6987.300293,6987.300293,6987.300293,6987.300293,6987.300293,6987.300293,6987.300293,6987.300293,6987.300293,6987.300293,6987.300293,6987.300293,6987.300293,6987.300293,6987.300293,6987.300293,6987.300293,6987.300293,6987.300293,6987.300293,6987.300293,6987.300293,6987.300293,6987.300293,6987.300293,6987.300293,6987.300293,6987.300293,6987.300293,6929.077148,6870.854004,6812.630859,6754.407715,6696.184570,6637.961914,6579.738770,6521.515625,6463.292480,6405.069336,6346.846680,6288.623535,6230.400391,6172.177246,6113.954102,6055.730957,5997.508301,5939.285156,5881.062012,5822.838867,5764.615723,5706.393066,5648.169922,5589.946777,5531.723633,5473.500488,5415.277344,5357.054688,5298.831543,5240.608398,6987.300293,6987.300293,6987.300293,6987.300293,6987.300293,6987.300293,6987.300293,6987.300293,6987.300293,6987.300293,6987.300293,6987.300293,6987.300293,6987.300293,6987.300293,6987.300293,6987.300293,6987.300293,6987.300293,6987.300293,6987.300293,6987.300293,6987.300293,6987.300293,6987.300293,6987.300293,6987.300293,6987.300293,6987.300293,6987.300293,PHASE,1,1,1,1,1,1,1,1,1,1,1,1,1,1,1,1,1,1,1,1,1,1,1,1,1,1,1,1,1,1,2,2,2,2,2,2,2,2,2,2,2,2,2,2,2,2,2,2,2,2,2,2,2,2,2,2,2,2,2,2,3,3,3,3,3,3,3,3,3,3,3,3,3,3,3,3,3,3,3,3,3,3,3,3,3,3,3,3,3,3,FLASH_END
15,05:46:24,2026-07-15,Auto gsw+F,LI-COR Default,,015,,,-0.019225,2.324852,-0.019385,-0.127971,3.268816,3.273404,3.829660,0.560844,36.985008,36.933170,43.269943,0.441786,7.500000,PSF-00548_20260715054624_880,0.000000,0.000000,0.000000,120.744110,516.615601,0.766279,0.5,0.80,0.444848,1.000000,82.70,82.82,28.70,28.16,28.16,88.51,105.0,103.9,1.0,1,4.065,05:43:30,2026-07-15,-0.19,1,0.001,0.003,-9999.000,2.421,4.810,-9999.000,1,150,0.005,2.000000,0.058905,0.000000,0.029230,0.000000,0.000000,-0.000068,standard,0,mpf,7000,500,5.000000,2.000000,300,300,300,516.615601,25,2.214451,514.994141,519.784851,-4.790710,2.510930,2.494534,1.251620,0.807549,0.235444,-0.005834,0.097737,0.108490,120.744110,0.000225,2.389264,-0.000064,1.000000,2.373994,-0.000050,1.000000,0.600671,0.600225,0.107215,0.000000,PSF-00548_20260715054624_880,PFA-00618,PSA-00618,PSF-00548,RHS-0688,3.0.0,2022-04-21T19:36:20.491Z,MEASUREMENT_END
PSF-00548_20260715054624_880,05:46:24,2026-07-15,PFA-00618,PSA-00618,PSF-00548,0.000000,0.000000,0.000000,516.615601,120.744110,0.766279,8.129684,TIME,0.000000,0.010000,0.020000,0.030000,0.040000,0.050000,0.060000,0.070000,0.080000,0.090000,0.100000,0.110000,0.120000,0.130000,0.140000,0.150000,0.160000,0.170000,0.180000,0.190000,0.200000,0.210000,0.220000,0.230000,0.240000,0.250000,0.260000,0.270000,0.280000,0.290000,0.300000,0.310000,0.320000,0.330000,0.340000,0.350000,0.360000,0.370000,0.380000,0.390000,0.400000,0.410000,0.420000,0.430000,0.440000,0.450000,0.460000,0.470000,0.480000,0.490000,0.500000,0.510000,0.520000,0.530000,0.540000,0.550000,0.560000,0.570000,0.580000,0.590000,0.600000,0.610000,0.620000,0.630000,0.640000,0.650000,0.660000,0.670000,0.680000,0.690000,0.700000,0.710000,0.720000,0.730000,0.740000,0.750000,0.760000,0.770000,0.780000,0.790000,0.800000,0.810000,0.820000,0.830000,0.839999,0.849999,0.859999,0.869999,0.879999,0.889999,FLR,278.486969,418.417816,468.886627,492.072693,502.460724,507.629150,510.498749,512.250793,513.414490,514.185913,514.789246,515.190857,515.516296,515.790955,515.988342,516.162537,516.301636,516.405701,516.470459,516.531616,516.610291,516.594910,516.615601,516.608826,516.612061,516.589539,516.576660,516.557312,516.545898,516.502991,516.507996,516.625305,516.577698,516.756165,516.684265,516.826965,516.804443,516.895264,516.869202,516.961792,517.109497,517.030090,517.131714,517.117004,517.172791,517.250427,517.195374,517.269348,517.340881,517.265442,517.393799,517.422424,517.401367,517.490723,517.521118,517.566223,517.479675,517.525818,517.538330,517.505432,514.994141,514.927246,514.814270,514.695496,514.572510,514.465942,514.347534,514.262085,514.181274,514.053955,513.959167,513.796082,513.701660,513.584045,513.414490,513.281494,513.163086,513.062622,512.993958,512.893799,512.856262,512.750366,512.643433,512.552612,512.425293,512.333740,512.239685,512.104126,512.021912,511.927856,PAR,6987.300293,6987.300293,6987.300293,6987.300293,6987.300293,6987.300293,6987.300293,6987.300293,6987.300293,6987.300293,6987.300293,6987.300293,6987.300293,6987.300293,6987.300293,6987.300293,6987.300293,6987.300293,6987.300293,6987.300293,6987.300293,6987.300293,6987.300293,6987.300293,6987.300293,6987.300293,6987.300293,6987.300293,6987.300293,6987.300293,6929.077148,6870.854004,6812.630859,6754.407715,6696.184570,6637.961914,6579.738770,6521.515625,6463.292480,6405.069336,6346.846680,6288.623535,6230.400391,6172.177246,6113.954102,6055.730957,5997.508301,5939.285156,5881.062012,5822.838867,5764.615723,5706.393066,5648.169922,5589.946777,5531.723633,5473.500488,5415.277344,5357.054688,5298.831543,5240.608398,6987.300293,6987.300293,6987.300293,6987.300293,6987.300293,6987.300293,6987.300293,6987.300293,6987.300293,6987.300293,6987.300293,6987.300293,6987.300293,6987.300293,6987.300293,6987.300293,6987.300293,6987.300293,6987.300293,6987.300293,6987.300293,6987.300293,6987.300293,6987.300293,6987.300293,6987.300293,6987.300293,6987.300293,6987.300293,6987.300293,PHASE,1,1,1,1,1,1,1,1,1,1,1,1,1,1,1,1,1,1,1,1,1,1,1,1,1,1,1,1,1,1,2,2,2,2,2,2,2,2,2,2,2,2,2,2,2,2,2,2,2,2,2,2,2,2,2,2,2,2,2,2,3,3,3,3,3,3,3,3,3,3,3,3,3,3,3,3,3,3,3,3,3,3,3,3,3,3,3,3,3,3,FLASH_END
16,05:46:41,2026-07-15,Auto gsw+F,LI-COR Default,,016,,,-0.012254,2.341413,-0.012318,-0.089151,3.255637,3.258801,3.870311,0.614673,36.824478,36.788734,43.734550,0.441786,7.500000,PSF-00548_20260715054641_106,0.000000,0.000000,0.000000,165.444366,503.565063,0.671454,0.5,0.80,0.546195,1.000000,82.20,82.28,28.74,28.34,28.34,88.50,106.1,105.1,1.0,2,4.063,05:43:30,2026-07-15,-0.19,1,0.002,0.002,0.007,2.127,4.510,10.737,1,150,0.005,2.000000,0.058905,0.000000,0.029230,0.000000,0.000000,-0.000068,standard,0,mpf,7000,500,5.000000,2.000000,300,300,300,503.565063,25,5.167053,503.341553,510.959991,-7.618439,2.510204,2.493859,1.259848,0.810163,0.235115,-0.004166,0.099767,0.109001,165.444366,0.000227,2.389264,-0.000064,1.000000,2.373994,-0.000050,1.000000,0.600671,0.600225,0.107215,0.000000,PSF-00548_20260715054641_106,PFA-00618,PSA-00618,PSF-00548,RHS-0688,3.0.0,2022-04-21T19:36:20.491Z,MEASUREMENT_END
PSF-00548_20260715054641_106,05:46:41,2026-07-15,PFA-00618,PSA-00618,PSF-00548,0.000000,0.000000,0.000000,503.565063,165.444366,0.671454,8.711986,TIME,0.000000,0.010000,0.020000,0.030000,0.040000,0.050000,0.060000,0.070000,0.080000,0.090000,0.100000,0.110000,0.120000,0.130000,0.140000,0.150000,0.160000,0.170000,0.180000,0.190000,0.200000,0.210000,0.220000,0.230000,0.240000,0.250000,0.260000,0.270000,0.280000,0.290000,0.300000,0.310000,0.320000,0.330000,0.340000,0.350000,0.360000,0.370000,0.380000,0.390000,0.400000,0.410000,0.420000,0.430000,0.440000,0.450000,0.460000,0.470000,0.480000,0.490000,0.500000,0.510000,0.520000,0.530000,0.540000,0.550000,0.560000,0.570000,0.580000,0.590000,0.600000,0.610000,0.620000,0.630000,0.640000,0.650000,0.660000,0.670000,0.680000,0.690000,0.700000,0.710000,0.720000,0.730000,0.740000,0.750000,0.760000,0.770000,0.780000,0.790000,0.800000,0.810000,0.820000,0.830000,0.839999,0.849999,0.859999,0.869999,0.879999,0.889999,FLR,331.833588,449.489960,479.179504,490.996948,496.574890,499.487396,501.126770,502.058380,502.667084,502.984650,503.197784,503.307220,503.425598,503.483185,503.547546,503.550781,503.565063,503.545044,503.546112,503.501404,503.502136,503.422028,503.400574,503.394470,503.376617,503.358002,503.342285,503.319733,503.319397,503.282196,503.317963,503.466003,503.460999,503.641602,503.620514,503.798615,503.811829,503.962036,504.000305,504.112946,504.269958,504.234192,504.369019,504.402283,504.475952,504.588257,504.602905,504.741669,504.894012,504.863983,505.030975,505.127197,505.120026,505.241272,505.335327,505.443329,505.446564,505.576721,505.684723,505.781647,503.337616,503.341553,503.295776,503.252136,503.175629,503.129120,503.056183,503.011108,502.943146,502.852692,502.778290,502.657043,502.576599,502.476440,502.376678,502.259003,502.172821,502.098785,502.005096,501.890656,501.791962,501.666779,501.562714,501.444702,501.310242,501.200806,501.084930,500.977631,500.855316,500.729431,PAR,6987.300293,6987.300293,6987.300293,6987.300293,6987.300293,6987.300293,6987.300293,6987.300293,6987.300293,6987.300293,6987.300293,6987.300293,6987.300293,6987.300293,6987.300293,6987.300293,6987.300293,6987.300293,6987.300293,6987.300293,6987.300293,6987.300293,6987.300293,6987.300293,6987.300293,6987.300293,6987.300293,6987.300293,6987.300293,6987.300293,6929.077148,6870.854004,6812.630859,6754.407715,6696.184570,6637.961914,6579.738770,6521.515625,6463.292480,6405.069336,6346.846680,6288.623535,6230.400391,6172.177246,6113.954102,6055.730957,5997.508301,5939.285156,5881.062012,5822.838867,5764.615723,5706.393066,5648.169922,5589.946777,5531.723633,5473.500488,5415.277344,5357.054688,5298.831543,5240.608398,6987.300293,6987.300293,6987.300293,6987.300293,6987.300293,6987.300293,6987.300293,6987.300293,6987.300293,6987.300293,6987.300293,6987.300293,6987.300293,6987.300293,6987.300293,6987.300293,6987.300293,6987.300293,6987.300293,6987.300293,6987.300293,6987.300293,6987.300293,6987.300293,6987.300293,6987.300293,6987.300293,6987.300293,6987.300293,6987.300293,PHASE,1,1,1,1,1,1,1,1,1,1,1,1,1,1,1,1,1,1,1,1,1,1,1,1,1,1,1,1,1,1,2,2,2,2,2,2,2,2,2,2,2,2,2,2,2,2,2,2,2,2,2,2,2,2,2,2,2,2,2,2,3,3,3,3,3,3,3,3,3,3,3,3,3,3,3,3,3,3,3,3,3,3,3,3,3,3,3,3,3,3,FLASH_END
17,05:47:06,2026-07-15,Auto gsw+F,LI-COR Default,,017,,,-0.014948,2.362660,-0.015043,-0.106908,3.266515,3.270256,3.870008,0.603494,36.957581,36.915295,43.735455,0.441786,7.500000,PSF-00548_20260715054706_af9,0.000000,0.000000,0.000000,205.702896,535.080322,0.615566,0.5,0.80,0.444685,1.000000,82.22,82.31,28.79,28.34,28.34,88.49,107.6,106.9,0.6,2,4.061,05:43:30,2026-07-15,-0.19,1,-0.002,-0.002,0.012,0.301,1.171,4.419,1,150,0.005,2.000000,0.058905,0.000000,0.029230,0.000000,0.000000,-0.000068,standard,0,mpf,7000,500,5.000000,2.000000,300,300,300,535.080322,25,4.556170,533.506409,541.600952,-8.094543,2.510227,2.493866,1.270562,0.814175,0.234611,-0.004804,0.102868,0.108801,205.702896,0.000224,2.389264,-0.000064,1.000000,2.373994,-0.000050,1.000000,0.600671,0.600225,0.107215,0.000000,PSF-00548_20260715054706_af9,PFA-00618,PSA-00618,PSF-00548,RHS-0688,3.0.0,2022-04-21T19:36:20.491Z,MEASUREMENT_END
PSF-00548_20260715054706_af9,05:47:06,2026-07-15,PFA-00618,PSA-00618,PSF-00548,0.000000,0.000000,0.000000,535.080322,205.702896,0.615566,8.484359,TIME,0.000000,0.010000,0.020000,0.030000,0.040000,0.050000,0.060000,0.070000,0.080000,0.090000,0.100000,0.110000,0.120000,0.130000,0.140000,0.150000,0.160000,0.170000,0.180000,0.190000,0.200000,0.210000,0.220000,0.230000,0.240000,0.250000,0.260000,0.270000,0.280000,0.290000,0.300000,0.310000,0.320000,0.330000,0.340000,0.350000,0.360000,0.370000,0.380000,0.390000,0.400000,0.410000,0.420000,0.430000,0.440000,0.450000,0.460000,0.470000,0.480000,0.490000,0.500000,0.510000,0.520000,0.530000,0.540000,0.550000,0.560000,0.570000,0.580000,0.590000,0.600000,0.610000,0.620000,0.630000,0.640000,0.650000,0.660000,0.670000,0.680000,0.690000,0.700000,0.710000,0.720000,0.730000,0.740000,0.750000,0.760000,0.770000,0.780000,0.790000,0.800000,0.810000,0.820000,0.830000,0.839999,0.849999,0.859999,0.869999,0.879999,0.889999,FLR,382.761963,490.029205,514.020691,523.538208,528.231750,530.842041,532.406677,533.400879,534.036377,534.448364,534.732727,534.867188,534.974426,535.055298,535.072449,535.080322,535.073547,535.048462,535.038818,534.974792,534.966614,534.912231,534.869690,534.832458,534.780640,534.717651,534.688354,534.654358,534.600403,534.539917,534.537781,534.672607,534.645447,534.838928,534.777405,534.946533,534.910828,535.046692,535.029541,535.157227,535.358887,535.286316,535.444763,535.411865,535.532349,535.637146,535.641052,535.731567,535.881775,535.844910,536.035522,536.122803,536.105286,536.201477,536.309143,536.411377,536.370972,536.480774,536.588074,536.661743,533.506409,533.443481,533.375122,533.317566,533.237427,533.144836,533.069397,533.010376,532.944214,532.843689,532.804016,532.684204,532.608032,532.471802,532.396301,532.275085,532.192810,532.091248,532.009705,531.922485,531.838745,531.656738,531.566956,531.468628,531.342041,531.247253,531.140686,531.008728,530.914307,530.765198,PAR,6987.300293,6987.300293,6987.300293,6987.300293,6987.300293,6987.300293,6987.300293,6987.300293,6987.300293,6987.300293,6987.300293,6987.300293,6987.300293,6987.300293,6987.300293,6987.300293,6987.300293,6987.300293,6987.300293,6987.300293,6987.300293,6987.300293,6987.300293,6987.300293,6987.300293,6987.300293,6987.300293,6987.300293,6987.300293,6987.300293,6929.077148,6870.854004,6812.630859,6754.407715,6696.184570,6637.961914,6579.738770,6521.515625,6463.292480,6405.069336,6346.846680,6288.623535,6230.400391,6172.177246,6113.954102,6055.730957,5997.508301,5939.285156,5881.062012,5822.838867,5764.615723,5706.393066,5648.169922,5589.946777,5531.723633,5473.500488,5415.277344,5357.054688,5298.831543,5240.608398,6987.300293,6987.300293,6987.300293,6987.300293,6987.300293,6987.300293,6987.300293,6987.300293,6987.300293,6987.300293,6987.300293,6987.300293,6987.300293,6987.300293,6987.300293,6987.300293,6987.300293,6987.300293,6987.300293,6987.300293,6987.300293,6987.300293,6987.300293,6987.300293,6987.300293,6987.300293,6987.300293,6987.300293,6987.300293,6987.300293,PHASE,1,1,1,1,1,1,1,1,1,1,1,1,1,1,1,1,1,1,1,1,1,1,1,1,1,1,1,1,1,1,2,2,2,2,2,2,2,2,2,2,2,2,2,2,2,2,2,2,2,2,2,2,2,2,2,2,2,2,2,2,3,3,3,3,3,3,3,3,3,3,3,3,3,3,3,3,3,3,3,3,3,3,3,3,3,3,3,3,3,3,FLASH_END
18,05:47:26,2026-07-15,Auto gsw+F,LI-COR Default,,018,,,-0.020966,2.374922,-0.021153,-0.155135,3.283471,3.288858,3.906095,0.622623,37.166019,37.105145,44.141151,0.441786,7.500000,PSF-00548_20260715054726_1f2,0.000000,0.000000,0.000000,177.595490,505.888580,0.648943,0.5,0.80,0.406433,1.000000,82.44,82.58,28.83,28.50,28.50,88.49,108.4,108.0,0.4,2,4.061,05:43:30,2026-07-15,-0.19,1,-0.001,-0.000,0.001,1.795,4.160,10.341,1,150,0.005,2.000000,0.058905,0.000000,0.029230,0.000000,0.000000,-0.000068,standard,0,mpf,7000,500,5.000000,2.000000,300,300,300,505.888580,25,0.825419,501.719360,507.069885,-5.350525,2.510561,2.494147,1.276830,0.816668,0.234214,-0.003470,0.105331,0.108590,177.595490,0.000227,2.389264,-0.000064,1.000000,2.373994,-0.000050,1.000000,0.600671,0.600225,0.107215,0.000000,PSF-00548_20260715054726_1f2,PFA-00618,PSA-00618,PSF-00548,RHS-0688,3.0.0,2022-04-21T19:36:20.491Z,MEASUREMENT_END
PSF-00548_20260715054726_1f2,05:47:26,2026-07-15,PFA-00618,PSA-00618,PSF-00548,0.000000,0.000000,0.000000,505.888580,177.595490,0.648943,8.244109,TIME,0.000000,0.010000,0.020000,0.030000,0.040000,0.050000,0.060000,0.070000,0.080000,0.090000,0.100000,0.110000,0.120000,0.130000,0.140000,0.150000,0.160000,0.170000,0.180000,0.190000,0.200000,0.210000,0.220000,0.230000,0.240000,0.250000,0.260000,0.270000,0.280000,0.290000,0.300000,0.310000,0.320000,0.330000,0.340000,0.350000,0.360000,0.370000,0.380000,0.390000,0.400000,0.410000,0.420000,0.430000,0.440000,0.450000,0.460000,0.470000,0.480000,0.490000,0.500000,0.510000,0.520000,0.530000,0.540000,0.550000,0.560000,0.570000,0.580000,0.590000,0.600000,0.610000,0.620000,0.630000,0.640000,0.650000,0.660000,0.670000,0.680000,0.690000,0.700000,0.710000,0.720000,0.730000,0.740000,0.750000,0.760000,0.770000,0.780000,0.790000,0.800000,0.810000,0.820000,0.830000,0.839999,0.849999,0.859999,0.869999,0.879999,0.889999,FLR,374.525421,480.356110,496.831665,501.799835,503.867615,504.880798,505.381836,505.669006,505.816345,505.845306,505.888580,505.860321,505.838867,505.792725,505.745880,505.697968,505.636444,505.587097,505.526672,505.471588,505.431885,505.315308,505.244843,505.162231,505.050659,504.993439,504.911194,504.814972,504.732361,504.635468,504.610779,504.742737,504.662628,504.787079,504.693024,504.825348,504.735229,504.863617,504.764557,504.887939,504.990570,504.883636,504.983063,504.925140,504.975922,505.093567,504.975922,505.039581,505.104309,504.977356,505.103577,505.076752,504.999146,505.052795,505.052094,505.097504,504.958405,504.978058,505.057800,505.054962,501.719360,501.552338,501.368866,501.218689,501.048798,500.855316,500.688660,500.511993,500.358948,500.170837,500.000244,499.813904,499.616852,499.437683,499.238861,499.071838,498.870483,498.658051,498.475677,498.252167,498.083344,497.839447,497.627747,497.416382,497.208954,496.980774,496.784088,496.577393,496.376038,496.144653,PAR,6987.300293,6987.300293,6987.300293,6987.300293,6987.300293,6987.300293,6987.300293,6987.300293,6987.300293,6987.300293,6987.300293,6987.300293,6987.300293,6987.300293,6987.300293,6987.300293,6987.300293,6987.300293,6987.300293,6987.300293,6987.300293,6987.300293,6987.300293,6987.300293,6987.300293,6987.300293,6987.300293,6987.300293,6987.300293,6987.300293,6929.077148,6870.854004,6812.630859,6754.407715,6696.184570,6637.961914,6579.738770,6521.515625,6463.292480,6405.069336,6346.846680,6288.623535,6230.400391,6172.177246,6113.954102,6055.730957,5997.508301,5939.285156,5881.062012,5822.838867,5764.615723,5706.393066,5648.169922,5589.946777,5531.723633,5473.500488,5415.277344,5357.054688,5298.831543,5240.608398,6987.300293,6987.300293,6987.300293,6987.300293,6987.300293,6987.300293,6987.300293,6987.300293,6987.300293,6987.300293,6987.300293,6987.300293,6987.300293,6987.300293,6987.300293,6987.300293,6987.300293,6987.300293,6987.300293,6987.300293,6987.300293,6987.300293,6987.300293,6987.300293,6987.300293,6987.300293,6987.300293,6987.300293,6987.300293,6987.300293,PHASE,1,1,1,1,1,1,1,1,1,1,1,1,1,1,1,1,1,1,1,1,1,1,1,1,1,1,1,1,1,1,2,2,2,2,2,2,2,2,2,2,2,2,2,2,2,2,2,2,2,2,2,2,2,2,2,2,2,2,2,2,3,3,3,3,3,3,3,3,3,3,3,3,3,3,3,3,3,3,3,3,3,3,3,3,3,3,3,3,3,3,FLASH_END
19,05:48:28,2026-07-15,Auto gsw+F,LI-COR Default,,019,,,-0.039924,2.427843,-0.040591,-0.311568,3.251966,3.262436,3.903952,0.651986,36.855770,36.737492,44.102985,0.441786,7.500000,PSF-00548_20260715054828_f00,0.000000,0.000000,0.000000,122.849106,529.236694,0.767875,0.5,0.80,0.415757,1.000000,81.07,81.33,28.95,28.49,28.49,88.52,112.1,111.7,0.4,1,4.059,05:43:30,2026-07-15,-0.19,1,0.004,0.004,0.021,2.003,4.619,9.166,1,150,0.005,2.000000,0.058905,0.000000,0.029230,0.000000,0.000000,-0.000068,standard,0,mpf,7000,500,5.000000,2.000000,300,300,300,529.236694,25,7.065154,530.147888,539.348145,-9.200256,2.508873,2.492304,1.304625,0.824969,0.233083,-0.004987,0.112971,0.108404,122.849106,0.000224,2.389264,-0.000064,1.000000,2.373994,-0.000050,1.000000,0.600671,0.600225,0.107215,0.000000,PSF-00548_20260715054828_f00,PFA-00618,PSA-00618,PSF-00548,RHS-0688,3.0.0,2022-04-21T19:36:20.491Z,MEASUREMENT_END
PSF-00548_20260715054828_f00,05:48:28,2026-07-15,PFA-00618,PSA-00618,PSF-00548,0.000000,0.000000,0.000000,529.236694,122.849106,0.767875,8.031956,TIME,0.000000,0.010000,0.020000,0.030000,0.040000,0.050000,0.060000,0.070000,0.080000,0.090000,0.100000,0.110000,0.120000,0.130000,0.140000,0.150000,0.160000,0.170000,0.180000,0.190000,0.200000,0.210000,0.220000,0.230000,0.240000,0.250000,0.260000,0.270000,0.280000,0.290000,0.300000,0.310000,0.320000,0.330000,0.340000,0.350000,0.360000,0.370000,0.380000,0.390000,0.400000,0.410000,0.420000,0.430000,0.440000,0.450000,0.460000,0.470000,0.480000,0.490000,0.500000,0.510000,0.520000,0.530000,0.540000,0.550000,0.560000,0.570000,0.580000,0.590000,0.600000,0.610000,0.620000,0.630000,0.640000,0.650000,0.660000,0.670000,0.680000,0.690000,0.700000,0.710000,0.720000,0.730000,0.740000,0.750000,0.760000,0.770000,0.780000,0.790000,0.800000,0.810000,0.820000,0.830000,0.839999,0.849999,0.859999,0.869999,0.879999,0.889999,FLR,288.550964,429.395569,482.879517,507.822632,518.017151,522.378113,524.459106,525.621765,526.357422,526.810547,527.214294,527.444214,527.674194,527.871948,528.013245,528.158447,528.270752,528.354431,528.465271,528.513550,528.640503,528.702759,528.756409,528.853271,528.911621,528.983093,529.051086,529.106506,529.179077,529.236694,529.318237,529.503113,529.564636,529.800293,529.819275,530.037415,530.077820,530.259155,530.289185,530.453674,530.647156,530.622498,530.804138,530.874634,531.042358,531.223633,531.245117,531.443604,531.601318,531.608826,531.804810,531.905273,531.918518,532.054443,532.156006,532.256836,532.264709,532.396667,532.526123,532.591919,530.128967,530.147888,530.052429,529.971252,529.875732,529.802063,529.701599,529.583557,529.502747,529.377197,529.338257,529.193787,529.123657,529.050354,528.952026,528.851868,528.748840,528.664124,528.566101,528.448792,528.382324,528.250366,528.163818,528.081543,527.963135,527.855530,527.758240,527.663086,527.554016,527.442078,PAR,6987.300293,6987.300293,6987.300293,6987.300293,6987.300293,6987.300293,6987.300293,6987.300293,6987.300293,6987.300293,6987.300293,6987.300293,6987.300293,6987.300293,6987.300293,6987.300293,6987.300293,6987.300293,6987.300293,6987.300293,6987.300293,6987.300293,6987.300293,6987.300293,6987.300293,6987.300293,6987.300293,6987.300293,6987.300293,6987.300293,6929.077148,6870.854004,6812.630859,6754.407715,6696.184570,6637.961914,6579.738770,6521.515625,6463.292480,6405.069336,6346.846680,6288.623535,6230.400391,6172.177246,6113.954102,6055.730957,5997.508301,5939.285156,5881.062012,5822.838867,5764.615723,5706.393066,5648.169922,5589.946777,5531.723633,5473.500488,5415.277344,5357.054688,5298.831543,5240.608398,6987.300293,6987.300293,6987.300293,6987.300293,6987.300293,6987.300293,6987.300293,6987.300293,6987.300293,6987.300293,6987.300293,6987.300293,6987.300293,6987.300293,6987.300293,6987.300293,6987.300293,6987.300293,6987.300293,6987.300293,6987.300293,6987.300293,6987.300293,6987.300293,6987.300293,6987.300293,6987.300293,6987.300293,6987.300293,6987.300293,PHASE,1,1,1,1,1,1,1,1,1,1,1,1,1,1,1,1,1,1,1,1,1,1,1,1,1,1,1,1,1,1,2,2,2,2,2,2,2,2,2,2,2,2,2,2,2,2,2,2,2,2,2,2,2,2,2,2,2,2,2,2,3,3,3,3,3,3,3,3,3,3,3,3,3,3,3,3,3,3,3,3,3,3,3,3,3,3,3,3,3,3,FLASH_END
20,05:48:41,2026-07-15,Auto gsw+F,LI-COR Default,,020,,,-0.035371,2.433364,-0.035893,-0.279751,3.264674,3.274040,3.926595,0.661921,36.985718,36.879906,44.357399,0.441786,7.500000,PSF-00548_20260715054841_4a1,0.000000,0.000000,0.000000,120.961189,529.027100,0.771352,0.5,0.80,0.305570,1.000000,81.27,81.50,28.98,28.59,28.59,88.52,112.5,112.3,0.2,1,4.059,05:43:30,2026-07-15,-0.19,1,0.001,-0.002,0.014,2.704,4.974,8.065,1,150,0.005,2.000000,0.058905,0.000000,0.029230,0.000000,0.000000,-0.000068,standard,0,mpf,7000,500,5.000000,2.000000,300,300,300,529.027100,25,7.294235,530.185791,539.466370,-9.280579,2.509086,2.492553,1.307598,0.826310,0.232844,-0.004146,0.114391,0.108085,120.961189,0.000225,2.389264,-0.000064,1.000000,2.373994,-0.000050,1.000000,0.600671,0.600225,0.107215,0.000000,PSF-00548_20260715054841_4a1,PFA-00618,PSA-00618,PSF-00548,RHS-0688,3.0.0,2022-04-21T19:36:20.491Z,MEASUREMENT_END
PSF-00548_20260715054841_4a1,05:48:41,2026-07-15,PFA-00618,PSA-00618,PSF-00548,0.000000,0.000000,0.000000,529.027100,120.961189,0.771352,7.668730,TIME,0.000000,0.010000,0.020000,0.030000,0.040000,0.050000,0.060000,0.070000,0.080000,0.090000,0.100000,0.110000,0.120000,0.130000,0.140000,0.150000,0.160000,0.170000,0.180000,0.190000,0.200000,0.210000,0.220000,0.230000,0.240000,0.250000,0.260000,0.270000,0.280000,0.290000,0.300000,0.310000,0.320000,0.330000,0.340000,0.350000,0.360000,0.370000,0.380000,0.390000,0.400000,0.410000,0.420000,0.430000,0.440000,0.450000,0.460000,0.470000,0.480000,0.490000,0.500000,0.510000,0.520000,0.530000,0.540000,0.550000,0.560000,0.570000,0.580000,0.590000,0.600000,0.610000,0.620000,0.630000,0.640000,0.650000,0.660000,0.670000,0.680000,0.690000,0.700000,0.710000,0.720000,0.730000,0.740000,0.750000,0.760000,0.770000,0.780000,0.790000,0.800000,0.810000,0.820000,0.830000,0.839999,0.849999,0.859999,0.869999,0.879999,0.889999,FLR,281.587250,420.341492,476.330994,503.690613,514.851440,519.723755,522.236450,523.677734,524.659424,525.339233,525.903931,526.324158,526.643127,526.957886,527.153870,527.365540,527.553345,527.716736,527.905579,528.026794,528.185242,528.255005,528.349426,528.478149,528.553223,528.658752,528.747437,528.847961,528.961304,529.027100,529.160522,529.386169,529.440186,529.713013,529.755920,530.016296,530.077454,530.256653,530.311340,530.511230,530.722595,530.717224,530.933289,530.940063,531.137085,531.271606,531.278381,531.417480,531.588074,531.599854,531.775818,531.845215,531.889221,532.068726,532.166748,532.292603,532.327637,532.451416,532.580872,532.679199,530.150085,530.185791,530.149353,530.077087,530.000549,529.910095,529.844299,529.760986,529.698730,529.598938,529.557129,529.443054,529.335388,529.268127,529.210938,529.094360,529.025330,528.915894,528.844727,528.747437,528.687012,528.572937,528.468872,528.391235,528.280762,528.202026,528.110474,528.023254,527.927063,527.831909,PAR,6987.300293,6987.300293,6987.300293,6987.300293,6987.300293,6987.300293,6987.300293,6987.300293,6987.300293,6987.300293,6987.300293,6987.300293,6987.300293,6987.300293,6987.300293,6987.300293,6987.300293,6987.300293,6987.300293,6987.300293,6987.300293,6987.300293,6987.300293,6987.300293,6987.300293,6987.300293,6987.300293,6987.300293,6987.300293,6987.300293,6929.077148,6870.854004,6812.630859,6754.407715,6696.184570,6637.961914,6579.738770,6521.515625,6463.292480,6405.069336,6346.846680,6288.623535,6230.400391,6172.177246,6113.954102,6055.730957,5997.508301,5939.285156,5881.062012,5822.838867,5764.615723,5706.393066,5648.169922,5589.946777,5531.723633,5473.500488,5415.277344,5357.054688,5298.831543,5240.608398,6987.300293,6987.300293,6987.300293,6987.300293,6987.300293,6987.300293,6987.300293,6987.300293,6987.300293,6987.300293,6987.300293,6987.300293,6987.300293,6987.300293,6987.300293,6987.300293,6987.300293,6987.300293,6987.300293,6987.300293,6987.300293,6987.300293,6987.300293,6987.300293,6987.300293,6987.300293,6987.300293,6987.300293,6987.300293,6987.300293,PHASE,1,1,1,1,1,1,1,1,1,1,1,1,1,1,1,1,1,1,1,1,1,1,1,1,1,1,1,1,1,1,2,2,2,2,2,2,2,2,2,2,2,2,2,2,2,2,2,2,2,2,2,2,2,2,2,2,2,2,2,2,3,3,3,3,3,3,3,3,3,3,3,3,3,3,3,3,3,3,3,3,3,3,3,3,3,3,3,3,3,3,FLASH_END
21,05:48:57,2026-07-15,Auto gsw+F,LI-COR Default,,021,,,-0.026251,2.447435,-0.026535,-0.208232,3.288133,3.295042,3.954367,0.666234,37.223698,37.145657,44.672020,0.441786,7.500000,PSF-00548_20260715054857_41a,0.000000,0.000000,0.000000,158.394104,540.164368,0.706767,0.5,0.80,0.298634,1.000000,81.69,81.86,29.01,28.71,28.71,88.52,113.5,112.7,0.7,1,4.057,05:43:30,2026-07-15,-0.19,1,-0.004,-0.004,0.002,2.209,4.798,10.263,1,150,0.005,2.000000,0.058905,0.000000,0.029230,0.000000,0.000000,-0.000068,standard,0,mpf,7000,500,5.000000,2.000000,300,300,300,540.164368,25,2.610798,538.899780,543.900879,-5.001099,2.509552,2.493102,1.315239,0.827338,0.232528,-0.003147,0.116246,0.108143,158.394104,0.000225,2.389264,-0.000064,1.000000,2.373994,-0.000050,1.000000,0.600671,0.600225,0.107215,0.000000,PSF-00548_20260715054857_41a,PFA-00618,PSA-00618,PSF-00548,RHS-0688,3.0.0,2022-04-21T19:36:20.491Z,MEASUREMENT_END
PSF-00548_20260715054857_41a,05:48:57,2026-07-15,PFA-00618,PSA-00618,PSF-00548,0.000000,0.000000,0.000000,540.164368,158.394104,0.706767,7.734697,TIME,0.000000,0.010000,0.020000,0.030000,0.040000,0.050000,0.060000,0.070000,0.080000,0.090000,0.100000,0.110000,0.120000,0.130000,0.140000,0.150000,0.160000,0.170000,0.180000,0.190000,0.200000,0.210000,0.220000,0.230000,0.240000,0.250000,0.260000,0.270000,0.280000,0.290000,0.300000,0.310000,0.320000,0.330000,0.340000,0.350000,0.360000,0.370000,0.380000,0.390000,0.400000,0.410000,0.420000,0.430000,0.440000,0.450000,0.460000,0.470000,0.480000,0.490000,0.500000,0.510000,0.520000,0.530000,0.540000,0.550000,0.560000,0.570000,0.580000,0.590000,0.600000,0.610000,0.620000,0.630000,0.640000,0.650000,0.660000,0.670000,0.680000,0.690000,0.700000,0.710000,0.720000,0.730000,0.740000,0.750000,0.760000,0.770000,0.780000,0.790000,0.800000,0.810000,0.820000,0.830000,0.839999,0.849999,0.859999,0.869999,0.879999,0.889999,FLR,339.452148,467.419281,506.350281,523.481384,531.266235,535.045288,536.962891,538.028259,538.668762,538.999573,539.283875,539.390076,539.519897,539.620422,539.685852,539.747009,539.810303,539.851807,539.910095,539.936890,540.024536,540.004517,540.044556,540.099243,540.050598,540.072449,540.084229,540.126831,540.163635,540.164368,540.206543,540.341003,540.337830,540.519104,540.472290,540.647888,540.641418,540.740479,540.754089,540.852051,540.985107,540.920044,541.039124,541.001221,541.114563,541.177856,541.142090,541.190369,541.288391,541.212585,541.314453,541.354553,541.295532,541.364929,541.390320,541.452881,541.389221,541.444275,541.508667,541.508667,538.899780,538.830750,538.689880,538.532837,538.375854,538.197754,538.067566,537.920227,537.785400,537.645935,537.509338,537.350159,537.187073,537.029053,536.849854,536.660339,536.507629,536.354919,536.190735,536.018738,535.887817,535.693298,535.543457,535.382141,535.207275,535.041321,534.856812,534.679443,534.493469,534.300659,PAR,6987.300293,6987.300293,6987.300293,6987.300293,6987.300293,6987.300293,6987.300293,6987.300293,6987.300293,6987.300293,6987.300293,6987.300293,6987.300293,6987.300293,6987.300293,6987.300293,6987.300293,6987.300293,6987.300293,6987.300293,6987.300293,6987.300293,6987.300293,6987.300293,6987.300293,6987.300293,6987.300293,6987.300293,6987.300293,6987.300293,6929.077148,6870.854004,6812.630859,6754.407715,6696.184570,6637.961914,6579.738770,6521.515625,6463.292480,6405.069336,6346.846680,6288.623535,6230.400391,6172.177246,6113.954102,6055.730957,5997.508301,5939.285156,5881.062012,5822.838867,5764.615723,5706.393066,5648.169922,5589.946777,5531.723633,5473.500488,5415.277344,5357.054688,5298.831543,5240.608398,6987.300293,6987.300293,6987.300293,6987.300293,6987.300293,6987.300293,6987.300293,6987.300293,6987.300293,6987.300293,6987.300293,6987.300293,6987.300293,6987.300293,6987.300293,6987.300293,6987.300293,6987.300293,6987.300293,6987.300293,6987.300293,6987.300293,6987.300293,6987.300293,6987.300293,6987.300293,6987.300293,6987.300293,6987.300293,6987.300293,PHASE,1,1,1,1,1,1,1,1,1,1,1,1,1,1,1,1,1,1,1,1,1,1,1,1,1,1,1,1,1,1,2,2,2,2,2,2,2,2,2,2,2,2,2,2,2,2,2,2,2,2,2,2,2,2,2,2,2,2,2,2,3,3,3,3,3,3,3,3,3,3,3,3,3,3,3,3,3,3,3,3,3,3,3,3,3,3,3,3,3,3,FLASH_END
22,05:49:36,2026-07-15,Auto gsw+F,LI-COR Default,,022,,,-0.025445,2.483967,-0.025708,-0.197909,3.304786,3.311199,3.958106,0.653319,37.415733,37.343273,44.725624,0.441786,7.500000,PSF-00548_20260715054936_711,0.000000,0.000000,0.000000,183.706284,482.617035,0.619354,0.5,0.80,1.081763,1.000000,81.70,81.86,29.10,28.72,28.72,88.50,116.2,114.8,1.2,4,4.057,05:43:30,2026-07-15,-0.19,1,-0.001,-0.000,-0.013,0.028,-0.181,0.858,1,150,0.005,2.000000,0.058905,0.000000,0.029230,0.000000,0.000000,-0.000068,standard,0,mpf,7000,500,5.000000,2.000000,300,300,300,482.617035,25,-1.570842,480.534546,480.368896,0.165649,2.509522,2.493093,1.335530,0.832124,0.231748,-0.003941,0.121042,0.111050,183.706284,0.000225,2.389264,-0.000064,1.000000,2.373994,-0.000050,1.000000,0.600671,0.600225,0.107215,0.000000,PSF-00548_20260715054936_711,PFA-00618,PSA-00618,PSF-00548,RHS-0688,3.0.0,2022-04-21T19:36:20.491Z,MEASUREMENT_END
PSF-00548_20260715054936_711,05:49:36,2026-07-15,PFA-00618,PSA-00618,PSF-00548,0.000000,0.000000,0.000000,482.617035,183.706284,0.619354,11.044857,TIME,0.000000,0.010000,0.020000,0.030000,0.040000,0.050000,0.060000,0.070000,0.080000,0.090000,0.100000,0.110000,0.120000,0.130000,0.140000,0.150000,0.160000,0.170000,0.180000,0.190000,0.200000,0.210000,0.220000,0.230000,0.240000,0.250000,0.260000,0.270000,0.280000,0.290000,0.300000,0.310000,0.320000,0.330000,0.340000,0.350000,0.360000,0.370000,0.380000,0.390000,0.400000,0.410000,0.420000,0.430000,0.440000,0.450000,0.460000,0.470000,0.480000,0.490000,0.500000,0.510000,0.520000,0.530000,0.540000,0.550000,0.560000,0.570000,0.580000,0.590000,0.600000,0.610000,0.620000,0.630000,0.640000,0.650000,0.660000,0.670000,0.680000,0.690000,0.700000,0.710000,0.720000,0.730000,0.740000,0.750000,0.760000,0.770000,0.780000,0.790000,0.800000,0.810000,0.820000,0.830000,0.839999,0.849999,0.859999,0.869999,0.879999,0.889999,FLR,347.624664,442.805878,463.023315,471.968658,476.577759,479.106903,480.534912,481.439697,482.035522,482.390991,482.388489,482.526550,482.617035,481.978302,481.999756,480.329987,479.534637,479.061829,476.720825,474.815369,474.507446,474.631195,475.062134,474.904053,475.444427,476.406464,476.849548,477.128876,478.316559,478.783264,478.488220,478.416687,477.673889,476.594208,475.522766,474.783539,474.728821,474.106201,474.483490,473.909485,475.367889,475.962646,474.868652,474.062195,473.602997,473.717804,473.793640,473.723541,473.422760,473.476776,473.816864,473.752136,473.709595,474.032867,474.616882,475.593567,476.522675,476.941467,477.119568,477.144226,475.686188,475.863586,475.957642,476.083160,475.745911,475.853912,478.553650,479.875793,479.921570,479.909424,479.887238,479.879730,479.990234,480.385437,480.410095,480.534546,480.486267,480.350006,480.191956,480.061401,480.265259,480.015289,479.915863,479.834320,479.695190,479.541779,479.412689,479.285004,479.146973,479.000702,PAR,6987.300293,6987.300293,6987.300293,6987.300293,6987.300293,6987.300293,6987.300293,6987.300293,6987.300293,6987.300293,6987.300293,6987.300293,6987.300293,6987.300293,6987.300293,6987.300293,6987.300293,6987.300293,6987.300293,6987.300293,6987.300293,6987.300293,6987.300293,6987.300293,6987.300293,6987.300293,6987.300293,6987.300293,6987.300293,6987.300293,6929.077148,6870.854004,6812.630859,6754.407715,6696.184570,6637.961914,6579.738770,6521.515625,6463.292480,6405.069336,6346.846680,6288.623535,6230.400391,6172.177246,6113.954102,6055.730957,5997.508301,5939.285156,5881.062012,5822.838867,5764.615723,5706.393066,5648.169922,5589.946777,5531.723633,5473.500488,5415.277344,5357.054688,5298.831543,5240.608398,6987.300293,6987.300293,6987.300293,6987.300293,6987.300293,6987.300293,6987.300293,6987.300293,6987.300293,6987.300293,6987.300293,6987.300293,6987.300293,6987.300293,6987.300293,6987.300293,6987.300293,6987.300293,6987.300293,6987.300293,6987.300293,6987.300293,6987.300293,6987.300293,6987.300293,6987.300293,6987.300293,6987.300293,6987.300293,6987.300293,PHASE,1,1,1,1,1,1,1,1,1,1,1,1,1,1,1,1,1,1,1,1,1,1,1,1,1,1,1,1,1,1,2,2,2,2,2,2,2,2,2,2,2,2,2,2,2,2,2,2,2,2,2,2,2,2,2,2,2,2,2,2,3,3,3,3,3,3,3,3,3,3,3,3,3,3,3,3,3,3,3,3,3,3,3,3,3,3,3,3,3,3,FLASH_END
23,05:49:50,2026-07-15,Auto gsw+F,LI-COR Default,,023,,,0.019255,2.495389,0.019108,0.141847,3.276443,3.271879,3.906774,0.630330,36.969654,37.021229,44.143463,0.441786,7.500000,PSF-00548_20260715054950_28f,0.000000,0.000000,0.000000,104.379417,494.734161,0.789019,0.5,0.80,1.247399,1.000000,80.86,80.75,29.13,28.50,28.50,88.50,117.0,116.1,0.8,4,4.056,05:43:30,2026-07-15,-0.19,1,-0.001,-0.000,-9999.000,0.593,1.330,-9999.000,1,150,0.005,2.000000,0.058905,0.000000,0.029230,0.000000,0.000000,-0.000068,standard,0,mpf,7000,500,5.000000,2.000000,300,300,300,494.734161,25,4.236183,496.154297,500.796844,-4.642548,2.508036,2.491972,1.342014,0.835117,0.231474,-0.006867,0.122631,0.110686,104.379417,0.000227,2.389264,-0.000064,1.000000,2.373994,-0.000050,1.000000,0.600671,0.600225,0.107215,0.000000,PSF-00548_20260715054950_28f,PFA-00618,PSA-00618,PSF-00548,RHS-0688,3.0.0,2022-04-21T19:36:20.491Z,MEASUREMENT_END
PSF-00548_20260715054950_28f,05:49:50,2026-07-15,PFA-00618,PSA-00618,PSF-00548,0.000000,0.000000,0.000000,494.734161,104.379417,0.789019,10.630731,TIME,0.000000,0.010000,0.020000,0.030000,0.040000,0.050000,0.060000,0.070000,0.080000,0.090000,0.100000,0.110000,0.120000,0.130000,0.140000,0.150000,0.160000,0.170000,0.180000,0.190000,0.200000,0.210000,0.220000,0.230000,0.240000,0.250000,0.260000,0.270000,0.280000,0.290000,0.300000,0.310000,0.320000,0.330000,0.340000,0.350000,0.360000,0.370000,0.380000,0.390000,0.400000,0.410000,0.420000,0.430000,0.440000,0.450000,0.460000,0.470000,0.480000,0.490000,0.500000,0.510000,0.520000,0.530000,0.540000,0.550000,0.560000,0.570000,0.580000,0.590000,0.600000,0.610000,0.620000,0.630000,0.640000,0.650000,0.660000,0.670000,0.680000,0.690000,0.700000,0.710000,0.720000,0.730000,0.740000,0.750000,0.760000,0.770000,0.780000,0.790000,0.800000,0.810000,0.820000,0.830000,0.839999,0.849999,0.859999,0.869999,0.879999,0.889999,FLR,259.958618,405.294647,455.284607,476.736176,485.697998,489.743103,491.749054,492.800476,493.397705,493.734955,494.046082,494.201660,494.322906,494.464508,494.543549,494.577881,494.621155,494.660492,494.699463,494.697327,494.734161,494.669434,494.683014,494.687317,494.676941,494.666931,494.647614,494.621887,494.656555,494.665863,494.704498,494.776733,494.765991,494.884369,494.857178,494.961609,494.958771,495.028137,495.025269,495.094299,495.223755,495.209808,495.323547,495.363586,495.410095,495.511292,495.507721,495.641113,495.740173,495.706909,495.845673,495.923645,495.957611,496.117828,496.204742,496.302734,496.358154,496.481903,496.597778,496.715424,495.567444,495.824219,495.915070,495.969421,495.993011,496.012329,496.029144,496.032013,496.055237,496.065247,496.132843,496.100311,496.141418,496.154297,496.121399,496.136780,496.135345,496.110321,496.105316,496.074921,496.100677,496.032013,496.008759,495.994446,495.942596,495.913971,495.876801,495.847473,495.834595,495.781311,PAR,6987.300293,6987.300293,6987.300293,6987.300293,6987.300293,6987.300293,6987.300293,6987.300293,6987.300293,6987.300293,6987.300293,6987.300293,6987.300293,6987.300293,6987.300293,6987.300293,6987.300293,6987.300293,6987.300293,6987.300293,6987.300293,6987.300293,6987.300293,6987.300293,6987.300293,6987.300293,6987.300293,6987.300293,6987.300293,6987.300293,6929.077148,6870.854004,6812.630859,6754.407715,6696.184570,6637.961914,6579.738770,6521.515625,6463.292480,6405.069336,6346.846680,6288.623535,6230.400391,6172.177246,6113.954102,6055.730957,5997.508301,5939.285156,5881.062012,5822.838867,5764.615723,5706.393066,5648.169922,5589.946777,5531.723633,5473.500488,5415.277344,5357.054688,5298.831543,5240.608398,6987.300293,6987.300293,6987.300293,6987.300293,6987.300293,6987.300293,6987.300293,6987.300293,6987.300293,6987.300293,6987.300293,6987.300293,6987.300293,6987.300293,6987.300293,6987.300293,6987.300293,6987.300293,6987.300293,6987.300293,6987.300293,6987.300293,6987.300293,6987.300293,6987.300293,6987.300293,6987.300293,6987.300293,6987.300293,6987.300293,PHASE,1,1,1,1,1,1,1,1,1,1,1,1,1,1,1,1,1,1,1,1,1,1,1,1,1,1,1,1,1,1,2,2,2,2,2,2,2,2,2,2,2,2,2,2,2,2,2,2,2,2,2,2,2,2,2,2,2,2,2,2,3,3,3,3,3,3,3,3,3,3,3,3,3,3,3,3,3,3,3,3,3,3,3,3,3,3,3,3,3,3,FLASH_END
24,05:50:00,2026-07-15,Auto gsw+F,LI-COR Default,,024,,,0.009626,2.499687,0.009589,0.074368,3.256495,3.254108,3.915032,0.658537,36.768955,36.795925,44.236900,0.441786,7.500000,PSF-00548_20260715055000_c10,0.000000,0.000000,0.000000,111.501221,506.290558,0.779768,0.5,0.80,1.457962,1.000000,80.28,80.22,29.15,28.54,28.54,88.50,117.3,116.5,0.7,5,4.055,05:43:30,2026-07-15,-0.19,1,-0.001,-0.001,0.015,1.135,1.904,3.086,1,150,0.005,2.000000,0.058905,0.000000,0.029230,0.000000,0.000000,-0.000068,standard,0,mpf,7000,500,5.000000,2.000000,300,300,300,506.290558,25,10.479553,510.114685,521.288574,-11.173889,2.507333,2.491201,1.344472,0.836064,0.231302,-0.006667,0.123659,0.111320,111.501221,0.000225,2.389264,-0.000064,1.000000,2.373994,-0.000050,1.000000,0.600671,0.600225,0.107215,0.000000,PSF-00548_20260715055000_c10,PFA-00618,PSA-00618,PSF-00548,RHS-0688,3.0.0,2022-04-21T19:36:20.491Z,MEASUREMENT_END
PSF-00548_20260715055000_c10,05:50:00,2026-07-15,PFA-00618,PSA-00618,PSF-00548,0.000000,0.000000,0.000000,506.290558,111.501221,0.779768,11.352703,TIME,0.000000,0.010000,0.020000,0.030000,0.040000,0.050000,0.060000,0.070000,0.080000,0.090000,0.100000,0.110000,0.120000,0.130000,0.140000,0.150000,0.160000,0.170000,0.180000,0.190000,0.200000,0.210000,0.220000,0.230000,0.240000,0.250000,0.260000,0.270000,0.280000,0.290000,0.300000,0.310000,0.320000,0.330000,0.340000,0.350000,0.360000,0.370000,0.380000,0.390000,0.400000,0.410000,0.420000,0.430000,0.440000,0.450000,0.460000,0.470000,0.480000,0.490000,0.500000,0.510000,0.520000,0.530000,0.540000,0.550000,0.560000,0.570000,0.580000,0.590000,0.600000,0.610000,0.620000,0.630000,0.640000,0.650000,0.660000,0.670000,0.680000,0.690000,0.700000,0.710000,0.720000,0.730000,0.740000,0.750000,0.760000,0.770000,0.780000,0.790000,0.800000,0.810000,0.820000,0.830000,0.839999,0.849999,0.859999,0.869999,0.879999,0.889999,FLR,266.081207,404.906982,458.365906,484.820709,495.957977,500.675079,502.846252,503.927704,504.552490,504.929413,505.219452,505.419373,505.607849,505.726929,505.803467,505.852448,505.917206,505.929718,505.972992,505.979767,506.026978,506.018768,506.026978,506.079926,506.091705,506.115662,506.163605,506.167175,506.247650,506.290558,506.382477,506.507629,506.570587,506.760132,506.813049,507.000092,507.093781,507.277252,507.370239,507.544037,507.772217,507.833008,508.059753,508.180603,508.326538,508.562927,508.684143,508.895508,509.106171,509.224548,509.493469,509.662628,509.763824,510.022766,510.205872,510.391479,510.529510,510.744446,510.947937,511.127106,509.629364,509.802094,509.893311,509.931580,509.983429,510.003815,510.008453,510.032776,510.075684,510.082489,510.114685,510.101074,510.088562,510.107880,510.085358,510.067474,510.032410,510.025635,510.035278,509.993073,509.991638,509.926910,509.895081,509.871490,509.814972,509.757385,509.729858,509.676208,509.625092,509.555328,PAR,6987.300293,6987.300293,6987.300293,6987.300293,6987.300293,6987.300293,6987.300293,6987.300293,6987.300293,6987.300293,6987.300293,6987.300293,6987.300293,6987.300293,6987.300293,6987.300293,6987.300293,6987.300293,6987.300293,6987.300293,6987.300293,6987.300293,6987.300293,6987.300293,6987.300293,6987.300293,6987.300293,6987.300293,6987.300293,6987.300293,6929.077148,6870.854004,6812.630859,6754.407715,6696.184570,6637.961914,6579.738770,6521.515625,6463.292480,6405.069336,6346.846680,6288.623535,6230.400391,6172.177246,6113.954102,6055.730957,5997.508301,5939.285156,5881.062012,5822.838867,5764.615723,5706.393066,5648.169922,5589.946777,5531.723633,5473.500488,5415.277344,5357.054688,5298.831543,5240.608398,6987.300293,6987.300293,6987.300293,6987.300293,6987.300293,6987.300293,6987.300293,6987.300293,6987.300293,6987.300293,6987.300293,6987.300293,6987.300293,6987.300293,6987.300293,6987.300293,6987.300293,6987.300293,6987.300293,6987.300293,6987.300293,6987.300293,6987.300293,6987.300293,6987.300293,6987.300293,6987.300293,6987.300293,6987.300293,6987.300293,PHASE,1,1,1,1,1,1,1,1,1,1,1,1,1,1,1,1,1,1,1,1,1,1,1,1,1,1,1,1,1,1,2,2,2,2,2,2,2,2,2,2,2,2,2,2,2,2,2,2,2,2,2,2,2,2,2,2,2,2,2,2,3,3,3,3,3,3,3,3,3,3,3,3,3,3,3,3,3,3,3,3,3,3,3,3,3,3,3,3,3,3,FLASH_END
