Obs#,Time,Date,configName,configAuthor,remark,Observation,,,gsw,gbw,gtw,E_apparent,VPcham,VPref,VPleaf,VPDleaf,H2O_r,H2O_s,H2O_leaf,leaf_area,leaf_width,flashID,Fo,Fm,Fv/Fm,Fs,Fm',PhiPS2,PS2/1,abs,ETR,TRANS,rh_s,rh_r,Tref,Tmeas,Tleaf,P_atm,flow,flow_s,leak_pct,Qamb,batt,match_time,match_date,rh_adj,type,gsw1sec,gsw2sec,gsw4sec,flr1sec,flr2sec,flr4sec,auto,flow_set,gsw_limit,gsw_period,aw,Bla,Blb,Blc,Bld,Ble,chamber,dark,flash_type,flash_intensity,modrate,flr_limit,flr_period,P1_dur,P2_dur,P3_dur,P1_Fmax,P2_ramp,P2_slp,P3_Fmax,P3_Pred,P3_DeltaF,v_humA,v_humB,v_flowIn,v_flowOut,v_temp,v_irt,v_pres,v_par,v_F,i_LED,b_rhr,m_rhr,span_rhr,b_rhs,m_rhs,span_rhs,z_flowIn,z_flowOut,z_quantum,z_flr,flashId,lciSerNum,lcpSerNum,lcfSerNum,lcrhSerNum,version,configUpdatedAt,MEASUREMENT_HEADER_END
flashId,time,date,lciSerialNumber,lcpSerialNumber,lcfSerialNumber,Fm,Fo,Fv/Fm,Fm',Fs,PhiPS2,LightIntensity,data[],FLASH_HEADER_END
Obs#,Time,Date,configName,configAuthor,remark,Observation,,,gsw,gbw,gtw,E_apparent,VPcham,VPref,VPleaf,VPDleaf,H2O_r,H2O_s,H2O_leaf,leaf_area,leaf_width,flashID,Fo,Fm,Fv/Fm,Fs,Fm',PhiPS2,PS2/1,abs,ETR,TRANS,rh_s,rh_r,Tref,Tmeas,Tleaf,P_atm,flow,flow_s,leak_pct,Qamb,batt,match_time,match_date,rh_adj,type,gsw1sec,gsw2sec,gsw4sec,flr1sec,flr2sec,flr4sec,auto,flow_set,gsw_limit,gsw_period,aw,Bla,Blb,Blc,Bld,Ble,chamber,dark,flash_type,flash_intensity,modrate,flr_limit,flr_period,P1_dur,P2_dur,P3_dur,P1_Fmax,P2_ramp,P2_slp,P3_Fmax,P3_Pred,P3_DeltaF,v_humA,v_humB,v_flowIn,v_flowOut,v_temp,v_irt,v_pres,v_par,v_F,i_LED,b_rhr,m_rhr,span_rhr,b_rhs,m_rhs,span_rhs,z_flowIn,z_flowOut,z_quantum,z_flr,flashId,lciSerNum,lcpSerNum,lcfSerNum,lcrhSerNum,version,configUpdatedAt,MEASUREMENT_HEADER_END
flashId,time,date,lciSerialNumber,lcpSerialNumber,lcfSerialNumber,Fm,Fo,Fv/Fm,Fm',Fs,PhiPS2,LightIntensity,data[],FLASH_HEADER_END
1,11:55:51,2026-06-30,Auto gsw+F,LI-COR Default,,001,,,0.059671,2.919723,0.058476,0.247508,2.940654,2.934687,3.301292,0.360639,33.226002,33.293564,37.376648,0.441786,7.500000,PSF-00548_20260630115551_7a6,0.000000,0.000000,0.000000,61.368584,246.508621,0.751049,0.5,0.80,1.620548,1.000000,92.47,92.28,25.00,25.63,25.63,88.32,156.5,155.4,0.7,5,4.047,11:55:15,2026-06-30,-0.62,1,-0.000,-0.005,-0.018,0.186,0.340,0.767,1,150,0.005,2.000000,0.058905,0.000000,0.029230,0.000000,0.000000,-0.000068,standard,0,mpf,7000,500,5.000000,2.000000,300,300,300,239.064926,25,-5.263412,235.698227,238.975800,-3.277573,2.524673,2.509021,1.657873,0.928678,0.272696,0.007513,0.068398,0.111953,61.368584,0.000224,2.389264,-0.000064,1.000000,2.373994,-0.000050,1.000000,0.600671,0.600225,0.107215,0.000000,PSF-00548_20260630115551_7a6,PFA-00618,PSA-00618,PSF-00548,RHS-0688,3.0.0,2022-04-21T19:36:20.491Z,MEASUREMENT_END
PSF-00548_20260630115551_7a6,11:55:51,2026-06-30,PFA-00618,PSA-00618,PSF-00548,0.000000,0.000000,0.000000,246.508621,61.368584,0.751049,12.072639,TIME,0.000000,0.010000,0.020000,0.030000,0.040000,0.050000,0.060000,0.070000,0.080000,0.090000,0.100000,0.110000,0.120000,0.130000,0.140000,0.150000,0.160000,0.170000,0.180000,0.190000,0.200000,0.210000,0.220000,0.230000,0.240000,0.250000,0.260000,0.270000,0.280000,0.290000,0.300000,0.310000,0.320000,0.330000,0.340000,0.350000,0.360000,0.370000,0.380000,0.390000,0.400000,0.410000,0.420000,0.430000,0.440000,0.450000,0.460000,0.470000,0.480000,0.490000,0.500000,0.510000,0.520000,0.530000,0.540000,0.550000,0.560000,0.570000,0.580000,0.590000,0.600000,0.610000,0.620000,0.630000,0.640000,0.650000,0.660000,0.670000,0.680000,0.690000,0.700000,0.710000,0.720000,0.730000,0.740000,0.750000,0.760000,0.770000,0.780000,0.790000,0.800000,0.810000,0.820000,0.830000,0.839999,0.849999,0.859999,0.869999,0.879999,0.889999,FLR,151.619553,211.245056,226.448181,232.010010,234.460831,235.810883,236.650589,237.202042,237.621185,237.937683,238.195175,238.397949,238.541000,238.666534,238.751297,238.843567,238.909729,238.961212,239.003067,239.020950,239.064926,239.048477,239.051346,239.058853,239.033813,238.996628,238.963013,238.930466,238.886124,238.848206,238.814240,238.814957,238.748428,238.709442,238.603592,238.583557,238.497375,238.449097,238.350754,238.301041,238.267426,238.173721,238.122223,238.030319,237.948059,237.891205,237.787491,237.668747,237.581848,237.441666,237.386948,237.270706,237.147339,237.086182,236.992477,236.885193,236.753586,236.638779,236.553314,236.455673,235.698227,235.673187,235.577347,235.424988,235.276932,235.140320,235.010864,234.861023,234.746216,234.628555,234.550232,234.415405,234.318497,234.228012,234.161133,234.083527,234.023453,233.963730,233.914017,233.833557,233.784912,233.717316,233.647583,233.574631,233.513824,233.429794,233.381516,233.332153,233.279236,233.248474,PAR,6987.300293,6987.300293,6987.300293,6987.300293,6987.300293,6987.300293,6987.300293,6987.300293,6987.300293,6987.300293,6987.300293,6987.300293,6987.300293,6987.300293,6987.300293,6987.300293,6987.300293,6987.300293,6987.300293,6987.300293,6987.300293,6987.300293,6987.300293,6987.300293,6987.300293,6987.300293,6987.300293,6987.300293,6987.300293,6987.300293,6929.077148,6870.854004,6812.630859,6754.407715,6696.184570,6637.961914,6579.738770,6521.515625,6463.292480,6405.069336,6346.846680,6288.623535,6230.400391,6172.177246,6113.954102,6055.730957,5997.508301,5939.285156,5881.062012,5822.838867,5764.615723,5706.393066,5648.169922,5589.946777,5531.723633,5473.500488,5415.277344,5357.054688,5298.831543,5240.608398,6987.300293,6987.300293,6987.300293,6987.300293,6987.300293,6987.300293,6987.300293,6987.300293,6987.300293,6987.300293,6987.300293,6987.300293,6987.300293,6987.300293,6987.300293,6987.300293,6987.300293,6987.300293,6987.300293,6987.300293,6987.300293,6987.300293,6987.300293,6987.300293,6987.300293,6987.300293,6987.300293,6987.300293,6987.300293,6987.300293,PHASE,1,1,1,1,1,1,1,1,1,1,1,1,1,1,1,1,1,1,1,1,1,1,1,1,1,1,1,1,1,1,2,2,2,2,2,2,2,2,2,2,2,2,2,2,2,2,2,2,2,2,2,2,2,2,2,2,2,2,2,2,3,3,3,3,3,3,3,3,3,3,3,3,3,3,3,3,3,3,3,3,3,3,3,3,3,3,3,3,3,3,FLASH_END
2,11:56:14,2026-06-30,Auto gsw+F,LI-COR Default,,002,,,-0.087862,2.919181,-0.090589,-0.397951,2.979123,2.988718,3.353215,0.374092,33.838207,33.729584,37.965046,0.441786,7.500000,PSF-00548_20260630115614_86c,0.000000,0.000000,0.000000,57.299850,233.427292,0.754528,0.5,0.80,1.607776,1.000000,92.39,92.69,25.23,25.89,25.89,88.32,156.4,155.4,0.6,5,4.046,11:55:15,2026-06-30,-0.62,1,-0.005,-0.003,-0.015,0.164,0.384,0.738,1,150,0.005,2.000000,0.058905,0.000000,0.029230,0.000000,0.000000,-0.000068,standard,0,mpf,7000,500,5.000000,2.000000,300,300,300,233.427292,25,0.241808,232.962372,233.773361,-0.810989,2.525154,2.508870,1.657314,0.928752,0.270187,0.007871,0.071415,0.111894,57.299850,0.000224,2.389264,-0.000064,1.000000,2.373994,-0.000050,1.000000,0.600671,0.600225,0.107215,0.000000,PSF-00548_20260630115614_86c,PFA-00618,PSA-00618,PSF-00548,RHS-0688,3.0.0,2022-04-21T19:36:20.491Z,MEASUREMENT_END
PSF-00548_20260630115614_86c,11:56:14,2026-06-30,PFA-00618,PSA-00618,PSF-00548,0.000000,0.000000,0.000000,233.427292,57.299850,0.754528,12.005450,TIME,0.000000,0.010000,0.020000,0.030000,0.040000,0.050000,0.060000,0.070000,0.080000,0.090000,0.100000,0.110000,0.120000,0.130000,0.140000,0.150000,0.160000,0.170000,0.180000,0.190000,0.200000,0.210000,0.220000,0.230000,0.240000,0.250000,0.260000,0.270000,0.280000,0.290000,0.300000,0.310000,0.320000,0.330000,0.340000,0.350000,0.360000,0.370000,0.380000,0.390000,0.400000,0.410000,0.420000,0.430000,0.440000,0.450000,0.460000,0.470000,0.480000,0.490000,0.500000,0.510000,0.520000,0.530000,0.540000,0.550000,0.560000,0.570000,0.580000,0.590000,0.600000,0.610000,0.620000,0.630000,0.640000,0.650000,0.660000,0.670000,0.680000,0.690000,0.700000,0.710000,0.720000,0.730000,0.740000,0.750000,0.760000,0.770000,0.780000,0.790000,0.800000,0.810000,0.820000,0.830000,0.839999,0.849999,0.859999,0.869999,0.879999,0.889999,FLR,144.641159,204.850311,220.686798,226.128464,228.473419,229.794144,230.642075,231.254700,231.713531,232.047913,232.321854,232.529999,232.693069,232.836121,232.928757,233.045700,233.119019,233.179810,233.240601,233.299606,233.339661,233.359344,233.393677,233.411911,233.405121,233.427292,233.423706,233.408691,233.411194,233.406906,233.400467,233.439804,233.426208,233.455185,233.436234,233.479492,233.446243,233.458038,233.447678,233.450897,233.484146,233.443024,233.508469,233.484512,233.503098,233.517044,233.497025,233.510620,233.515976,233.479141,233.517761,233.520630,233.508469,233.519913,233.523849,233.515976,233.503098,233.531357,233.551376,233.537796,232.878693,232.962372,232.958435,232.949860,232.920166,232.892990,232.879044,232.848282,232.838989,232.803940,232.799286,232.763535,232.743149,232.729919,232.691284,232.669479,232.648727,232.639786,232.614761,232.598663,232.587219,232.566483,232.533936,232.516769,232.493164,232.463837,232.449890,232.423065,232.413773,232.392303,PAR,6987.300293,6987.300293,6987.300293,6987.300293,6987.300293,6987.300293,6987.300293,6987.300293,6987.300293,6987.300293,6987.300293,6987.300293,6987.300293,6987.300293,6987.300293,6987.300293,6987.300293,6987.300293,6987.300293,6987.300293,6987.300293,6987.300293,6987.300293,6987.300293,6987.300293,6987.300293,6987.300293,6987.300293,6987.300293,6987.300293,6929.077148,6870.854004,6812.630859,6754.407715,6696.184570,6637.961914,6579.738770,6521.515625,6463.292480,6405.069336,6346.846680,6288.623535,6230.400391,6172.177246,6113.954102,6055.730957,5997.508301,5939.285156,5881.062012,5822.838867,5764.615723,5706.393066,5648.169922,5589.946777,5531.723633,5473.500488,5415.277344,5357.054688,5298.831543,5240.608398,6987.300293,6987.300293,6987.300293,6987.300293,6987.300293,6987.300293,6987.300293,6987.300293,6987.300293,6987.300293,6987.300293,6987.300293,6987.300293,6987.300293,6987.300293,6987.300293,6987.300293,6987.300293,6987.300293,6987.300293,6987.300293,6987.300293,6987.300293,6987.300293,6987.300293,6987.300293,6987.300293,6987.300293,6987.300293,6987.300293,PHASE,1,1,1,1,1,1,1,1,1,1,1,1,1,1,1,1,1,1,1,1,1,1,1,1,1,1,1,1,1,1,2,2,2,2,2,2,2,2,2,2,2,2,2,2,2,2,2,2,2,2,2,2,2,2,2,2,2,2,2,2,3,3,3,3,3,3,3,3,3,3,3,3,3,3,3,3,3,3,3,3,3,3,3,3,3,3,3,3,3,3,FLASH_END
3,11:56:44,2026-06-30,Auto gsw+F,LI-COR Default,,003,,,-0.144158,2.919012,-0.151648,-0.653862,3.038802,3.054556,3.405695,0.366893,34.587349,34.408970,38.563370,0.441786,7.500000,PSF-00548_20260630115644_bc7,0.000000,0.000000,0.000000,47.602417,218.139267,0.781780,0.5,0.80,2.359070,1.000000,92.67,93.15,25.52,26.16,26.16,88.31,156.4,155.3,0.7,8,4.045,11:55:15,2026-06-30,-0.62,1,-0.005,-0.004,-0.013,-0.038,0.131,0.131,1,150,0.005,2.000000,0.058905,0.000000,0.029230,0.000000,0.000000,-0.000068,standard,0,mpf,7000,500,5.000000,2.000000,300,300,300,215.464355,25,-1.743562,215.130692,215.643936,-0.513245,2.525682,2.509174,1.657140,0.928599,0.267147,0.007637,0.075372,0.113840,47.602417,0.000225,2.389264,-0.000064,1.000000,2.373994,-0.000050,1.000000,0.600671,0.600225,0.107215,0.000000,PSF-00548_20260630115644_bc7,PFA-00618,PSA-00618,PSF-00548,RHS-0688,3.0.0,2022-04-21T19:36:20.491Z,MEASUREMENT_END
PSF-00548_20260630115644_bc7,11:56:44,2026-06-30,PFA-00618,PSA-00618,PSF-00548,0.000000,0.000000,0.000000,218.139267,47.602417,0.781780,14.222268,TIME,0.000000,0.010000,0.020000,0.030000,0.040000,0.050000,0.060000,0.070000,0.080000,0.090000,0.100000,0.110000,0.120000,0.130000,0.140000,0.150000,0.160000,0.170000,0.180000,0.190000,0.200000,0.210000,0.220000,0.230000,0.240000,0.250000,0.260000,0.270000,0.280000,0.290000,0.300000,0.310000,0.320000,0.330000,0.340000,0.350000,0.360000,0.370000,0.380000,0.390000,0.400000,0.410000,0.420000,0.430000,0.440000,0.450000,0.460000,0.470000,0.480000,0.490000,0.500000,0.510000,0.520000,0.530000,0.540000,0.550000,0.560000,0.570000,0.580000,0.590000,0.600000,0.610000,0.620000,0.630000,0.640000,0.650000,0.660000,0.670000,0.680000,0.690000,0.700000,0.710000,0.720000,0.730000,0.740000,0.750000,0.760000,0.770000,0.780000,0.790000,0.800000,0.810000,0.820000,0.830000,0.839999,0.849999,0.859999,0.869999,0.879999,0.889999,FLR,111.867073,171.286942,194.166534,203.474518,207.807190,210.107803,211.468216,212.330460,212.929123,213.359360,213.698746,213.954086,214.165085,214.358566,214.513062,214.646454,214.773056,214.884277,214.980835,215.055222,215.134613,215.191833,215.242264,215.296631,215.334534,215.380310,215.409271,215.443604,215.464355,215.462921,215.511566,215.493317,215.505844,215.525864,215.494400,215.504761,215.503342,215.479736,215.472931,215.456848,215.440750,215.395325,215.397827,215.382462,215.361359,215.309860,215.279099,215.248352,215.206146,215.169312,215.149643,215.089554,215.078827,215.045212,214.989777,214.925415,214.884995,214.837067,214.779144,214.701172,214.891083,215.095993,215.130692,215.127106,215.063812,215.025909,214.983337,214.944000,214.909317,214.861389,214.844589,214.808472,214.766617,214.738373,214.673279,214.635376,214.585297,214.537384,214.522003,214.474075,214.459778,214.415070,214.378952,214.345337,214.304214,214.271667,214.248062,214.206940,214.187271,214.152939,PAR,6987.300293,6987.300293,6987.300293,6987.300293,6987.300293,6987.300293,6987.300293,6987.300293,6987.300293,6987.300293,6987.300293,6987.300293,6987.300293,6987.300293,6987.300293,6987.300293,6987.300293,6987.300293,6987.300293,6987.300293,6987.300293,6987.300293,6987.300293,6987.300293,6987.300293,6987.300293,6987.300293,6987.300293,6987.300293,6987.300293,6929.077148,6870.854004,6812.630859,6754.407715,6696.184570,6637.961914,6579.738770,6521.515625,6463.292480,6405.069336,6346.846680,6288.623535,6230.400391,6172.177246,6113.954102,6055.730957,5997.508301,5939.285156,5881.062012,5822.838867,5764.615723,5706.393066,5648.169922,5589.946777,5531.723633,5473.500488,5415.277344,5357.054688,5298.831543,5240.608398,6987.300293,6987.300293,6987.300293,6987.300293,6987.300293,6987.300293,6987.300293,6987.300293,6987.300293,6987.300293,6987.300293,6987.300293,6987.300293,6987.300293,6987.300293,6987.300293,6987.300293,6987.300293,6987.300293,6987.300293,6987.300293,6987.300293,6987.300293,6987.300293,6987.300293,6987.300293,6987.300293,6987.300293,6987.300293,6987.300293,PHASE,1,1,1,1,1,1,1,1,1,1,1,1,1,1,1,1,1,1,1,1,1,1,1,1,1,1,1,1,1,1,2,2,2,2,2,2,2,2,2,2,2,2,2,2,2,2,2,2,2,2,2,2,2,2,2,2,2,2,2,2,3,3,3,3,3,3,3,3,3,3,3,3,3,3,3,3,3,3,3,3,3,3,3,3,3,3,3,3,3,3,FLASH_END
4,11:57:13,2026-06-30,Auto gsw+F,LI-COR Default,,004,,,-0.171275,2.919183,-0.181950,-0.686291,3.093989,3.110506,3.414740,0.320751,35.229561,35.042484,38.675312,0.441786,7.500000,PSF-00548_20260630115713_544,0.000000,0.000000,0.000000,47.849178,225.245407,0.787569,0.5,0.80,1.424570,1.000000,92.97,93.47,25.77,26.20,26.20,88.29,156.4,155.2,0.8,5,4.044,11:55:15,2026-06-30,-0.62,1,-0.001,-0.004,-0.012,0.047,0.050,0.073,1,150,0.005,2.000000,0.058905,0.000000,0.029230,0.000000,0.000000,-0.000068,standard,0,mpf,7000,500,5.000000,2.000000,300,300,300,224.715836,25,-0.298169,225.590591,224.818680,0.771912,2.526047,2.509534,1.657317,0.928180,0.264529,0.005365,0.079166,0.111187,47.849178,0.000222,2.389264,-0.000064,1.000000,2.373994,-0.000050,1.000000,0.600671,0.600225,0.107215,0.000000,PSF-00548_20260630115713_544,PFA-00618,PSA-00618,PSF-00548,RHS-0688,3.0.0,2022-04-21T19:36:20.491Z,MEASUREMENT_END
PSF-00548_20260630115713_544,11:57:13,2026-06-30,PFA-00618,PSA-00618,PSF-00548,0.000000,0.000000,0.000000,225.245407,47.849178,0.787569,11.200409,TIME,0.000000,0.010000,0.020000,0.030000,0.040000,0.050000,0.060000,0.070000,0.080000,0.090000,0.100000,0.110000,0.120000,0.130000,0.140000,0.150000,0.160000,0.170000,0.180000,0.190000,0.200000,0.210000,0.220000,0.230000,0.240000,0.250000,0.260000,0.270000,0.280000,0.290000,0.300000,0.310000,0.320000,0.330000,0.340000,0.350000,0.360000,0.370000,0.380000,0.390000,0.400000,0.410000,0.420000,0.430000,0.440000,0.450000,0.460000,0.470000,0.480000,0.490000,0.500000,0.510000,0.520000,0.530000,0.540000,0.550000,0.560000,0.570000,0.580000,0.590000,0.600000,0.610000,0.620000,0.630000,0.640000,0.650000,0.660000,0.670000,0.680000,0.690000,0.700000,0.710000,0.720000,0.730000,0.740000,0.750000,0.760000,0.770000,0.780000,0.790000,0.800000,0.810000,0.820000,0.830000,0.839999,0.849999,0.859999,0.869999,0.879999,0.889999,FLR,114.139084,177.644852,202.126984,212.357635,217.036850,219.523071,220.981476,221.890930,222.500320,222.919815,223.238831,223.446609,223.616837,223.761673,223.884338,223.981262,224.077469,224.157578,224.235184,224.293823,224.384308,224.411133,224.461914,224.509476,224.540955,224.584930,224.608536,224.662903,224.677567,224.715836,224.756241,224.762680,224.756241,224.775558,224.785202,224.793793,224.799866,224.785919,224.823120,224.794144,224.789856,224.775558,224.775192,224.781631,224.781982,224.783417,224.785919,224.787003,224.756958,224.761963,224.778412,224.738724,224.754807,224.740509,224.701874,224.675781,224.671127,224.661118,224.635010,224.589951,225.134247,225.428589,225.534439,225.569122,225.578064,225.586288,225.579147,225.580566,225.590591,225.573059,225.582001,225.553040,225.554474,225.568420,225.545532,225.544098,225.544098,225.531586,225.518707,225.516205,225.510483,225.480789,225.466492,225.458984,225.433594,225.399612,225.402481,225.386734,225.378876,225.354187,PAR,6987.300293,6987.300293,6987.300293,6987.300293,6987.300293,6987.300293,6987.300293,6987.300293,6987.300293,6987.300293,6987.300293,6987.300293,6987.300293,6987.300293,6987.300293,6987.300293,6987.300293,6987.300293,6987.300293,6987.300293,6987.300293,6987.300293,6987.300293,6987.300293,6987.300293,6987.300293,6987.300293,6987.300293,6987.300293,6987.300293,6929.077148,6870.854004,6812.630859,6754.407715,6696.184570,6637.961914,6579.738770,6521.515625,6463.292480,6405.069336,6346.846680,6288.623535,6230.400391,6172.177246,6113.954102,6055.730957,5997.508301,5939.285156,5881.062012,5822.838867,5764.615723,5706.393066,5648.169922,5589.946777,5531.723633,5473.500488,5415.277344,5357.054688,5298.831543,5240.608398,6987.300293,6987.300293,6987.300293,6987.300293,6987.300293,6987.300293,6987.300293,6987.300293,6987.300293,6987.300293,6987.300293,6987.300293,6987.300293,6987.300293,6987.300293,6987.300293,6987.300293,6987.300293,6987.300293,6987.300293,6987.300293,6987.300293,6987.300293,6987.300293,6987.300293,6987.300293,6987.300293,6987.300293,6987.300293,6987.300293,PHASE,1,1,1,1,1,1,1,1,1,1,1,1,1,1,1,1,1,1,1,1,1,1,1,1,1,1,1,1,1,1,2,2,2,2,2,2,2,2,2,2,2,2,2,2,2,2,2,2,2,2,2,2,2,2,2,2,2,2,2,2,3,3,3,3,3,3,3,3,3,3,3,3,3,3,3,3,3,3,3,3,3,3,3,3,3,3,3,3,3,3,FLASH_END
5,11:57:35,2026-06-30,Auto gsw+F,LI-COR Default,,005,,,-0.217179,2.920684,-0.234625,-0.852583,3.129884,3.150372,3.438799,0.308915,35.679764,35.447731,38.946369,0.441786,7.500000,PSF-00548_20260630115735_758,0.000000,0.000000,0.000000,50.629379,242.235489,0.790991,0.5,0.80,1.020541,1.000000,93.11,93.72,25.94,26.32,26.32,88.30,156.6,155.0,1.0,3,4.042,11:55:15,2026-06-30,-0.62,1,-0.005,-0.002,-0.010,0.154,0.268,0.556,1,150,0.005,2.000000,0.058905,0.000000,0.029230,0.000000,0.000000,-0.000068,standard,0,mpf,7000,500,5.000000,2.000000,300,300,300,239.160065,25,-2.023550,238.976593,239.339447,-0.362854,2.526336,2.509683,1.658865,0.927799,0.262748,0.004794,0.081988,0.110048,50.629379,0.000225,2.389264,-0.000064,1.000000,2.373994,-0.000050,1.000000,0.600671,0.600225,0.107215,0.000000,PSF-00548_20260630115735_758,PFA-00618,PSA-00618,PSF-00548,RHS-0688,3.0.0,2022-04-21T19:36:20.491Z,MEASUREMENT_END
PSF-00548_20260630115735_758,11:57:35,2026-06-30,PFA-00618,PSA-00618,PSF-00548,0.000000,0.000000,0.000000,242.235489,50.629379,0.790991,9.903872,TIME,0.000000,0.010000,0.020000,0.030000,0.040000,0.050000,0.060000,0.070000,0.080000,0.090000,0.100000,0.110000,0.120000,0.130000,0.140000,0.150000,0.160000,0.170000,0.180000,0.190000,0.200000,0.210000,0.220000,0.230000,0.240000,0.250000,0.260000,0.270000,0.280000,0.290000,0.300000,0.310000,0.320000,0.330000,0.340000,0.350000,0.360000,0.370000,0.380000,0.390000,0.400000,0.410000,0.420000,0.430000,0.440000,0.450000,0.460000,0.470000,0.480000,0.490000,0.500000,0.510000,0.520000,0.530000,0.540000,0.550000,0.560000,0.570000,0.580000,0.590000,0.600000,0.610000,0.620000,0.630000,0.640000,0.650000,0.660000,0.670000,0.680000,0.690000,0.700000,0.710000,0.720000,0.730000,0.740000,0.750000,0.760000,0.770000,0.780000,0.790000,0.800000,0.810000,0.820000,0.830000,0.839999,0.849999,0.859999,0.869999,0.879999,0.889999,FLR,120.391129,185.551636,212.186691,224.229462,229.864594,232.864731,234.617111,235.684280,236.402039,236.873032,237.210266,237.440948,237.642288,237.806076,237.950211,238.075729,238.174789,238.274933,238.375061,238.448380,238.556381,238.597870,238.688705,238.766312,238.847137,238.923309,238.988403,239.050262,239.112854,239.160065,239.200119,239.194748,239.210480,239.235870,239.240891,239.248749,239.219788,239.152557,239.127518,239.080673,239.047760,238.988754,238.980179,238.973740,238.958359,238.925812,238.900070,238.863235,238.819595,238.784546,238.779190,238.694427,238.660461,238.634354,238.584991,238.510254,238.471634,238.430145,238.391159,238.294952,238.656525,238.927597,238.976593,238.973740,238.918304,238.877182,238.799210,238.754150,238.721603,238.669754,238.639359,238.565323,238.501312,238.449814,238.414764,238.357895,238.317139,238.254547,238.201263,238.117218,238.047119,237.916595,237.769608,237.678772,237.590073,237.502808,237.435577,237.355118,237.262131,237.185593,PAR,6987.300293,6987.300293,6987.300293,6987.300293,6987.300293,6987.300293,6987.300293,6987.300293,6987.300293,6987.300293,6987.300293,6987.300293,6987.300293,6987.300293,6987.300293,6987.300293,6987.300293,6987.300293,6987.300293,6987.300293,6987.300293,6987.300293,6987.300293,6987.300293,6987.300293,6987.300293,6987.300293,6987.300293,6987.300293,6987.300293,6929.077148,6870.854004,6812.630859,6754.407715,6696.184570,6637.961914,6579.738770,6521.515625,6463.292480,6405.069336,6346.846680,6288.623535,6230.400391,6172.177246,6113.954102,6055.730957,5997.508301,5939.285156,5881.062012,5822.838867,5764.615723,5706.393066,5648.169922,5589.946777,5531.723633,5473.500488,5415.277344,5357.054688,5298.831543,5240.608398,6987.300293,6987.300293,6987.300293,6987.300293,6987.300293,6987.300293,6987.300293,6987.300293,6987.300293,6987.300293,6987.300293,6987.300293,6987.300293,6987.300293,6987.300293,6987.300293,6987.300293,6987.300293,6987.300293,6987.300293,6987.300293,6987.300293,6987.300293,6987.300293,6987.300293,6987.300293,6987.300293,6987.300293,6987.300293,6987.300293,PHASE,1,1,1,1,1,1,1,1,1,1,1,1,1,1,1,1,1,1,1,1,1,1,1,1,1,1,1,1,1,1,2,2,2,2,2,2,2,2,2,2,2,2,2,2,2,2,2,2,2,2,2,2,2,2,2,2,2,2,2,2,3,3,3,3,3,3,3,3,3,3,3,3,3,3,3,3,3,3,3,3,3,3,3,3,3,3,3,3,3,3,FLASH_END
6,11:57:51,2026-06-30,Auto gsw+F,LI-COR Default,,006,,,-0.212338,2.919934,-0.228990,-0.822914,3.157317,3.177099,3.462754,0.305437,35.979507,35.755489,39.214451,0.441786,7.500000,PSF-00548_20260630115751_c5b,0.000000,0.000000,0.000000,51.627518,233.351471,0.778756,0.5,0.80,2.642832,1.000000,93.28,93.86,26.05,26.44,26.44,88.30,156.5,155.3,0.8,8,4.041,11:55:15,2026-06-30,-0.62,1,-0.005,-0.004,-0.010,0.101,0.235,0.424,1,150,0.005,2.000000,0.058905,0.000000,0.029230,0.000000,0.000000,-0.000068,standard,0,mpf,7000,500,5.000000,2.000000,300,300,300,233.351471,25,0.678153,235.097412,234.322021,0.775391,2.526487,2.509876,1.658090,0.928561,0.261517,0.004791,0.084058,0.114666,51.627518,0.000220,2.389264,-0.000064,1.000000,2.373994,-0.000050,1.000000,0.600671,0.600225,0.107215,0.000000,PSF-00548_20260630115751_c5b,PFA-00618,PSA-00618,PSF-00548,RHS-0688,3.0.0,2022-04-21T19:36:20.491Z,MEASUREMENT_END
PSF-00548_20260630115751_c5b,11:57:51,2026-06-30,PFA-00618,PSA-00618,PSF-00548,0.000000,0.000000,0.000000,233.351471,51.627518,0.778756,15.162502,TIME,0.000000,0.010000,0.020000,0.030000,0.040000,0.050000,0.060000,0.070000,0.080000,0.090000,0.100000,0.110000,0.120000,0.130000,0.140000,0.150000,0.160000,0.170000,0.180000,0.190000,0.200000,0.210000,0.220000,0.230000,0.240000,0.250000,0.260000,0.270000,0.280000,0.290000,0.300000,0.310000,0.320000,0.330000,0.340000,0.350000,0.360000,0.370000,0.380000,0.390000,0.400000,0.410000,0.420000,0.430000,0.440000,0.450000,0.460000,0.470000,0.480000,0.490000,0.500000,0.510000,0.520000,0.530000,0.540000,0.550000,0.560000,0.570000,0.580000,0.590000,0.600000,0.610000,0.620000,0.630000,0.640000,0.650000,0.660000,0.670000,0.680000,0.690000,0.700000,0.710000,0.720000,0.730000,0.740000,0.750000,0.760000,0.770000,0.780000,0.790000,0.800000,0.810000,0.820000,0.830000,0.839999,0.849999,0.859999,0.869999,0.879999,0.889999,FLR,122.094513,184.004547,209.154373,220.992920,226.425293,229.089615,230.481140,231.267578,231.730698,232.021454,232.244614,232.373352,232.494232,232.605820,232.662323,232.725266,232.786423,232.853287,232.899429,232.943771,233.007431,233.025665,233.080383,233.126526,233.161575,233.202332,233.238815,233.275299,233.314270,233.351471,233.406540,233.420486,233.445526,233.488434,233.498459,233.528854,233.550674,233.558533,233.578568,233.589294,233.613251,233.611115,233.625061,233.662598,233.676559,233.665115,233.676193,233.668686,233.675125,233.682983,233.716614,233.703735,233.715530,233.729477,233.716965,233.709808,233.738785,233.748444,233.749512,233.737000,234.202988,234.520905,234.636780,234.700089,234.733704,234.732269,234.754807,234.780197,234.799500,234.789856,234.832047,234.849213,234.861023,234.899277,234.919312,234.932541,234.949707,234.970093,234.982254,235.004425,235.039474,235.033035,235.024811,235.033386,235.044479,235.040543,235.047699,235.064865,235.082031,235.097412,PAR,6987.300293,6987.300293,6987.300293,6987.300293,6987.300293,6987.300293,6987.300293,6987.300293,6987.300293,6987.300293,6987.300293,6987.300293,6987.300293,6987.300293,6987.300293,6987.300293,6987.300293,6987.300293,6987.300293,6987.300293,6987.300293,6987.300293,6987.300293,6987.300293,6987.300293,6987.300293,6987.300293,6987.300293,6987.300293,6987.300293,6929.077148,6870.854004,6812.630859,6754.407715,6696.184570,6637.961914,6579.738770,6521.515625,6463.292480,6405.069336,6346.846680,6288.623535,6230.400391,6172.177246,6113.954102,6055.730957,5997.508301,5939.285156,5881.062012,5822.838867,5764.615723,5706.393066,5648.169922,5589.946777,5531.723633,5473.500488,5415.277344,5357.054688,5298.831543,5240.608398,6987.300293,6987.300293,6987.300293,6987.300293,6987.300293,6987.300293,6987.300293,6987.300293,6987.300293,6987.300293,6987.300293,6987.300293,6987.300293,6987.300293,6987.300293,6987.300293,6987.300293,6987.300293,6987.300293,6987.300293,6987.300293,6987.300293,6987.300293,6987.300293,6987.300293,6987.300293,6987.300293,6987.300293,6987.300293,6987.300293,PHASE,1,1,1,1,1,1,1,1,1,1,1,1,1,1,1,1,1,1,1,1,1,1,1,1,1,1,1,1,1,1,2,2,2,2,2,2,2,2,2,2,2,2,2,2,2,2,2,2,2,2,2,2,2,2,2,2,2,2,2,2,3,3,3,3,3,3,3,3,3,3,3,3,3,3,3,3,3,3,3,3,3,3,3,3,3,3,3,3,3,3,FLASH_END
7,12:00:47,2026-06-30,Auto gsw+F,LI-COR Default,,007,,,0.062391,2.914217,0.061083,0.312619,3.589675,3.582167,4.021955,0.432280,40.582165,40.667217,45.564487,0.441786,7.500000,PSF-00548_20260630120047_564,0.000000,0.000000,0.000000,55.551765,224.204620,0.752227,0.5,0.80,3.792744,1.000000,95.23,95.03,27.88,29.00,29.00,88.27,155.8,154.3,0.9,13,4.032,12:00:38,2026-06-30,-0.77,1,0.002,-0.000,-9999.000,0.460,1.471,-9999.000,1,150,0.005,2.000000,0.058905,0.000000,0.029230,0.000000,0.000000,-0.000068,standard,0,mpf,7000,500,5.000000,2.000000,300,300,300,221.423508,25,-2.163544,219.906448,221.108231,-1.201782,2.527551,2.512349,1.652231,0.926097,0.243167,0.013220,0.107096,0.118285,55.551765,0.000226,2.389264,-0.000064,1.000000,2.373994,-0.000050,1.000000,0.600671,0.600225,0.107215,0.000000,PSF-00548_20260630120047_564,PFA-00618,PSA-00618,PSF-00548,RHS-0688,3.0.0,2022-04-21T19:36:20.491Z,MEASUREMENT_END
PSF-00548_20260630120047_564,12:00:47,2026-06-30,PFA-00618,PSA-00618,PSF-00548,0.000000,0.000000,0.000000,224.204620,55.551765,0.752227,19.283405,TIME,0.000000,0.010000,0.020000,0.030000,0.040000,0.050000,0.060000,0.070000,0.080000,0.090000,0.100000,0.110000,0.120000,0.130000,0.140000,0.150000,0.160000,0.170000,0.180000,0.190000,0.200000,0.210000,0.220000,0.230000,0.240000,0.250000,0.260000,0.270000,0.280000,0.290000,0.300000,0.310000,0.320000,0.330000,0.340000,0.350000,0.360000,0.370000,0.380000,0.390000,0.400000,0.410000,0.420000,0.430000,0.440000,0.450000,0.460000,0.470000,0.480000,0.490000,0.500000,0.510000,0.520000,0.530000,0.540000,0.550000,0.560000,0.570000,0.580000,0.590000,0.600000,0.610000,0.620000,0.630000,0.640000,0.650000,0.660000,0.670000,0.680000,0.690000,0.700000,0.710000,0.720000,0.730000,0.740000,0.750000,0.760000,0.770000,0.780000,0.790000,0.800000,0.810000,0.820000,0.830000,0.839999,0.849999,0.859999,0.869999,0.879999,0.889999,FLR,129.724854,190.807343,210.515854,217.612625,220.060226,220.896011,221.179962,221.257568,221.282959,221.311920,221.348755,221.357697,221.394180,221.411713,221.417786,221.423508,221.402405,221.381302,221.366638,221.340530,221.338028,221.301193,221.275452,221.264008,221.241837,221.214294,221.206787,221.177460,221.166367,221.129181,221.101639,221.092697,221.040482,221.033691,220.989700,220.978256,220.929977,220.894211,220.835922,220.819473,220.796936,220.745804,220.718979,220.666046,220.620270,220.598465,220.561981,220.513702,220.510132,220.456833,220.449326,220.396393,220.371368,220.354202,220.297699,220.272308,220.232971,220.192902,220.153214,220.103149,219.840286,219.906448,219.874985,219.778061,219.661469,219.568130,219.471573,219.396469,219.307068,219.216583,219.140045,219.018463,218.906876,218.819611,218.742371,218.673355,218.596817,218.537811,218.473434,218.416565,218.392609,218.319656,218.287109,218.251709,218.233109,218.210220,218.199493,218.176605,218.161591,218.131546,PAR,6987.300293,6987.300293,6987.300293,6987.300293,6987.300293,6987.300293,6987.300293,6987.300293,6987.300293,6987.300293,6987.300293,6987.300293,6987.300293,6987.300293,6987.300293,6987.300293,6987.300293,6987.300293,6987.300293,6987.300293,6987.300293,6987.300293,6987.300293,6987.300293,6987.300293,6987.300293,6987.300293,6987.300293,6987.300293,6987.300293,6929.077148,6870.854004,6812.630859,6754.407715,6696.184570,6637.961914,6579.738770,6521.515625,6463.292480,6405.069336,6346.846680,6288.623535,6230.400391,6172.177246,6113.954102,6055.730957,5997.508301,5939.285156,5881.062012,5822.838867,5764.615723,5706.393066,5648.169922,5589.946777,5531.723633,5473.500488,5415.277344,5357.054688,5298.831543,5240.608398,6987.300293,6987.300293,6987.300293,6987.300293,6987.300293,6987.300293,6987.300293,6987.300293,6987.300293,6987.300293,6987.300293,6987.300293,6987.300293,6987.300293,6987.300293,6987.300293,6987.300293,6987.300293,6987.300293,6987.300293,6987.300293,6987.300293,6987.300293,6987.300293,6987.300293,6987.300293,6987.300293,6987.300293,6987.300293,6987.300293,PHASE,1,1,1,1,1,1,1,1,1,1,1,1,1,1,1,1,1,1,1,1,1,1,1,1,1,1,1,1,1,1,2,2,2,2,2,2,2,2,2,2,2,2,2,2,2,2,2,2,2,2,2,2,2,2,2,2,2,2,2,2,3,3,3,3,3,3,3,3,3,3,3,3,3,3,3,3,3,3,3,3,3,3,3,3,3,3,3,3,3,3,FLASH_END
8,12:01:13,2026-06-30,Auto gsw+F,LI-COR Default,,008,,,-0.133372,2.870837,-0.139870,-0.668370,3.646846,3.663431,4.050323,0.403476,41.495861,41.308006,45.878201,0.441786,7.500000,PSF-00548_20260630120113_c1d,0.000000,0.000000,0.000000,73.388100,226.482590,0.675966,0.5,0.80,6.437698,1.000000,94.74,95.17,28.25,29.12,29.12,88.28,150.7,149.9,0.5,24,4.032,12:00:38,2026-06-30,-0.77,1,-0.001,-0.003,-0.012,-0.576,-0.875,-1.226,1,150,0.005,2.000000,0.058905,0.000000,0.029230,0.000000,0.000000,-0.000068,standard,0,mpf,7000,500,5.000000,2.000000,300,300,300,225.788361,25,-0.654518,224.566345,225.545868,-0.979523,2.527630,2.511597,1.610071,0.915343,0.239714,0.010481,0.110365,0.128126,73.388100,0.000227,2.389264,-0.000064,1.000000,2.373994,-0.000050,1.000000,0.600671,0.600225,0.107215,0.000000,PSF-00548_20260630120113_c1d,PFA-00618,PSA-00618,PSF-00548,RHS-0688,3.0.0,2022-04-21T19:36:20.491Z,MEASUREMENT_END
PSF-00548_20260630120113_c1d,12:01:13,2026-06-30,PFA-00618,PSA-00618,PSF-00548,0.000000,0.000000,0.000000,226.482590,73.388100,0.675966,30.487619,TIME,0.000000,0.010000,0.020000,0.030000,0.040000,0.050000,0.060000,0.070000,0.080000,0.090000,0.100000,0.110000,0.120000,0.130000,0.140000,0.150000,0.160000,0.170000,0.180000,0.190000,0.200000,0.210000,0.220000,0.230000,0.240000,0.250000,0.260000,0.270000,0.280000,0.290000,0.300000,0.310000,0.320000,0.330000,0.340000,0.350000,0.360000,0.370000,0.380000,0.390000,0.400000,0.410000,0.420000,0.430000,0.440000,0.450000,0.460000,0.470000,0.480000,0.490000,0.500000,0.510000,0.520000,0.530000,0.540000,0.550000,0.560000,0.570000,0.580000,0.590000,0.600000,0.610000,0.620000,0.630000,0.640000,0.650000,0.660000,0.670000,0.680000,0.690000,0.700000,0.710000,0.720000,0.730000,0.740000,0.750000,0.760000,0.770000,0.780000,0.790000,0.800000,0.810000,0.820000,0.830000,0.839999,0.849999,0.859999,0.869999,0.879999,0.889999,FLR,156.190399,208.295700,220.323090,223.775620,224.923615,225.402832,225.597382,225.666046,225.710037,225.731842,225.770111,225.761887,225.764389,225.788361,225.779419,225.762604,225.777267,225.769043,225.777985,225.755447,225.753662,225.703598,225.705032,225.673920,225.646027,225.615616,225.600952,225.562698,225.539444,225.519424,225.515121,225.528717,225.486877,225.522995,225.487228,225.513336,225.473282,225.487946,225.456482,225.461487,225.488663,225.430374,225.451828,225.422852,225.416061,225.417847,225.403900,225.385315,225.385315,225.352402,225.379593,225.330231,225.327377,225.327377,225.299484,225.296265,225.237961,225.246552,225.234039,225.218292,224.492676,224.566345,224.537735,224.492310,224.448318,224.379654,224.315643,224.245193,224.189041,224.096054,224.025604,223.929047,223.842148,223.763458,223.670486,223.602539,223.539597,223.468063,223.396896,223.323578,223.281021,223.186249,223.110443,223.029617,222.979187,222.891922,222.833633,222.778198,222.727783,222.655182,PAR,6987.300293,6987.300293,6987.300293,6987.300293,6987.300293,6987.300293,6987.300293,6987.300293,6987.300293,6987.300293,6987.300293,6987.300293,6987.300293,6987.300293,6987.300293,6987.300293,6987.300293,6987.300293,6987.300293,6987.300293,6987.300293,6987.300293,6987.300293,6987.300293,6987.300293,6987.300293,6987.300293,6987.300293,6987.300293,6987.300293,6929.077148,6870.854004,6812.630859,6754.407715,6696.184570,6637.961914,6579.738770,6521.515625,6463.292480,6405.069336,6346.846680,6288.623535,6230.400391,6172.177246,6113.954102,6055.730957,5997.508301,5939.285156,5881.062012,5822.838867,5764.615723,5706.393066,5648.169922,5589.946777,5531.723633,5473.500488,5415.277344,5357.054688,5298.831543,5240.608398,6987.300293,6987.300293,6987.300293,6987.300293,6987.300293,6987.300293,6987.300293,6987.300293,6987.300293,6987.300293,6987.300293,6987.300293,6987.300293,6987.300293,6987.300293,6987.300293,6987.300293,6987.300293,6987.300293,6987.300293,6987.300293,6987.300293,6987.300293,6987.300293,6987.300293,6987.300293,6987.300293,6987.300293,6987.300293,6987.300293,PHASE,1,1,1,1,1,1,1,1,1,1,1,1,1,1,1,1,1,1,1,1,1,1,1,1,1,1,1,1,1,1,2,2,2,2,2,2,2,2,2,2,2,2,2,2,2,2,2,2,2,2,2,2,2,2,2,2,2,2,2,2,3,3,3,3,3,3,3,3,3,3,3,3,3,3,3,3,3,3,3,3,3,3,3,3,3,3,3,3,3,3,FLASH_END
9,12:01:31,2026-06-30,Auto gsw+F,LI-COR Default,,009,,,-0.139714,2.858426,-0.146894,-0.672361,3.703459,3.720284,4.089686,0.386227,42.143066,41.952469,46.327618,0.441786,7.500000,PSF-00548_20260630120131_747,0.000000,0.000000,0.000000,41.521309,188.381821,0.779590,0.5,0.80,2.605153,1.000000,94.87,95.30,28.49,29.29,29.29,88.28,149.3,147.8,1.0,8,4.030,12:00:38,2026-06-30,-0.77,1,-0.006,-0.005,-0.010,0.091,0.097,0.053,1,150,0.005,2.000000,0.058905,0.000000,0.029230,0.000000,0.000000,-0.000068,standard,0,mpf,7000,500,5.000000,2.000000,300,300,300,187.371964,25,-0.599974,187.867279,187.523163,0.344116,2.527742,2.511728,1.598673,0.910056,0.237438,0.009645,0.112524,0.114552,41.521309,0.000227,2.389264,-0.000064,1.000000,2.373994,-0.000050,1.000000,0.600671,0.600225,0.107215,0.000000,PSF-00548_20260630120131_747,PFA-00618,PSA-00618,PSF-00548,RHS-0688,3.0.0,2022-04-21T19:36:20.491Z,MEASUREMENT_END
PSF-00548_20260630120131_747,12:01:31,2026-06-30,PFA-00618,PSA-00618,PSF-00548,0.000000,0.000000,0.000000,188.381821,41.521309,0.779590,15.032604,TIME,0.000000,0.010000,0.020000,0.030000,0.040000,0.050000,0.060000,0.070000,0.080000,0.090000,0.100000,0.110000,0.120000,0.130000,0.140000,0.150000,0.160000,0.170000,0.180000,0.190000,0.200000,0.210000,0.220000,0.230000,0.240000,0.250000,0.260000,0.270000,0.280000,0.290000,0.300000,0.310000,0.320000,0.330000,0.340000,0.350000,0.360000,0.370000,0.380000,0.390000,0.400000,0.410000,0.420000,0.430000,0.440000,0.450000,0.460000,0.470000,0.480000,0.490000,0.500000,0.510000,0.520000,0.530000,0.540000,0.550000,0.560000,0.570000,0.580000,0.590000,0.600000,0.610000,0.620000,0.630000,0.640000,0.650000,0.660000,0.670000,0.680000,0.690000,0.700000,0.710000,0.720000,0.730000,0.740000,0.750000,0.760000,0.770000,0.780000,0.790000,0.800000,0.810000,0.820000,0.830000,0.839999,0.849999,0.859999,0.869999,0.879999,0.889999,FLR,96.343521,154.661179,175.513382,181.429977,183.507446,184.511307,185.130356,185.538406,185.844177,186.062698,186.264038,186.382416,186.512589,186.627029,186.710709,186.776871,186.847336,186.913849,186.976440,187.016479,187.080856,187.114120,187.143799,187.177414,187.218552,187.244659,187.285065,187.315460,187.348358,187.371964,187.418457,187.421677,187.432053,187.444931,187.455658,187.454575,187.464951,187.458160,187.489624,187.467819,187.471039,187.466385,187.450287,187.474609,187.447433,187.443130,187.443497,187.427399,187.399872,187.404510,187.395218,187.359100,187.360519,187.345505,187.300797,187.260025,187.250732,187.207825,187.174561,187.078354,187.648422,187.853333,187.867279,187.853333,187.817932,187.766434,187.724594,187.690979,187.658066,187.633041,187.611938,187.557571,187.543625,187.518600,187.498932,187.471039,187.427399,187.403442,187.390213,187.355164,187.331207,187.289001,187.256805,187.249664,187.189575,187.162399,187.139511,187.094803,187.044388,186.997528,PAR,6987.300293,6987.300293,6987.300293,6987.300293,6987.300293,6987.300293,6987.300293,6987.300293,6987.300293,6987.300293,6987.300293,6987.300293,6987.300293,6987.300293,6987.300293,6987.300293,6987.300293,6987.300293,6987.300293,6987.300293,6987.300293,6987.300293,6987.300293,6987.300293,6987.300293,6987.300293,6987.300293,6987.300293,6987.300293,6987.300293,6929.077148,6870.854004,6812.630859,6754.407715,6696.184570,6637.961914,6579.738770,6521.515625,6463.292480,6405.069336,6346.846680,6288.623535,6230.400391,6172.177246,6113.954102,6055.730957,5997.508301,5939.285156,5881.062012,5822.838867,5764.615723,5706.393066,5648.169922,5589.946777,5531.723633,5473.500488,5415.277344,5357.054688,5298.831543,5240.608398,6987.300293,6987.300293,6987.300293,6987.300293,6987.300293,6987.300293,6987.300293,6987.300293,6987.300293,6987.300293,6987.300293,6987.300293,6987.300293,6987.300293,6987.300293,6987.300293,6987.300293,6987.300293,6987.300293,6987.300293,6987.300293,6987.300293,6987.300293,6987.300293,6987.300293,6987.300293,6987.300293,6987.300293,6987.300293,6987.300293,PHASE,1,1,1,1,1,1,1,1,1,1,1,1,1,1,1,1,1,1,1,1,1,1,1,1,1,1,1,1,1,1,2,2,2,2,2,2,2,2,2,2,2,2,2,2,2,2,2,2,2,2,2,2,2,2,2,2,2,2,2,2,3,3,3,3,3,3,3,3,3,3,3,3,3,3,3,3,3,3,3,3,3,3,3,3,3,3,3,3,3,3,FLASH_END
10,12:01:51,2026-06-30,Auto gsw+F,LI-COR Default,,010,,,0.018738,2.841874,0.018616,0.127417,3.790012,3.786790,4.366070,0.576057,42.914417,42.950939,49.479206,0.441786,7.500000,PSF-00548_20260630120151_002,0.000000,0.000000,0.000000,38.965702,154.325531,0.747510,0.5,0.80,18.794323,1.000000,95.50,95.41,28.77,30.43,30.43,88.24,147.5,146.6,0.6,63,4.030,12:00:38,2026-06-30,-0.77,1,-0.006,0.000,-9999.000,-0.627,-0.715,-9999.000,1,150,0.005,2.000000,0.058905,0.000000,0.029230,0.000000,0.000000,-0.000068,standard,0,mpf,7000,500,5.000000,2.000000,300,300,300,148.133041,25,-4.249819,148.917679,148.243332,0.674347,2.527820,2.512531,1.583877,0.907265,0.234781,0.019614,0.114959,0.162419,38.965702,0.000224,2.389264,-0.000064,1.000000,2.373994,-0.000050,1.000000,0.600671,0.600225,0.107215,0.000000,PSF-00548_20260630120151_002,PFA-00618,PSA-00618,PSF-00548,RHS-0688,3.0.0,2022-04-21T19:36:20.491Z,MEASUREMENT_END
PSF-00548_20260630120151_002,12:01:51,2026-06-30,PFA-00618,PSA-00618,PSF-00548,0.000000,0.000000,0.000000,154.325531,38.965702,0.747510,69.534805,TIME,0.000000,0.010000,0.020000,0.030000,0.040000,0.050000,0.060000,0.070000,0.080000,0.090000,0.100000,0.110000,0.120000,0.130000,0.140000,0.150000,0.160000,0.170000,0.180000,0.190000,0.200000,0.210000,0.220000,0.230000,0.240000,0.250000,0.260000,0.270000,0.280000,0.290000,0.300000,0.310000,0.320000,0.330000,0.340000,0.350000,0.360000,0.370000,0.380000,0.390000,0.400000,0.410000,0.420000,0.430000,0.440000,0.450000,0.460000,0.470000,0.480000,0.490000,0.500000,0.510000,0.520000,0.530000,0.540000,0.550000,0.560000,0.570000,0.580000,0.590000,0.600000,0.610000,0.620000,0.630000,0.640000,0.650000,0.660000,0.670000,0.680000,0.690000,0.700000,0.710000,0.720000,0.730000,0.740000,0.750000,0.760000,0.770000,0.780000,0.790000,0.800000,0.810000,0.820000,0.830000,0.839999,0.849999,0.859999,0.869999,0.879999,0.889999,FLR,78.691360,117.390633,132.572647,139.027832,142.124176,143.944138,145.194061,146.131760,146.782639,146.952515,147.103424,147.270798,147.385956,147.487167,147.572281,147.641296,147.703171,147.748947,147.806168,147.837280,147.892715,147.908096,147.938492,147.978180,148.008942,148.035400,148.052933,148.081177,148.116592,148.133041,148.170944,148.081177,148.062943,147.977829,147.985703,147.894867,147.898071,147.808319,147.804016,147.705673,147.619492,147.586945,147.496109,147.500748,147.395966,147.290115,147.285110,147.190689,147.070892,147.063019,146.987198,146.852737,146.851303,146.747238,146.628143,146.516205,146.496887,146.397827,146.278030,146.138550,148.163437,148.683075,148.853302,148.901230,148.908371,148.917679,148.906235,148.908020,148.900146,148.897644,148.897293,148.872253,148.851517,148.849365,148.833282,148.818253,148.796082,148.775696,148.744232,148.731705,148.720627,148.689865,148.666626,148.646240,148.614761,148.589020,148.566132,148.535370,148.517853,148.499603,PAR,6987.300293,6987.300293,6987.300293,6987.300293,6987.300293,6987.300293,6987.300293,6987.300293,6987.300293,6987.300293,6987.300293,6987.300293,6987.300293,6987.300293,6987.300293,6987.300293,6987.300293,6987.300293,6987.300293,6987.300293,6987.300293,6987.300293,6987.300293,6987.300293,6987.300293,6987.300293,6987.300293,6987.300293,6987.300293,6987.300293,6929.077148,6870.854004,6812.630859,6754.407715,6696.184570,6637.961914,6579.738770,6521.515625,6463.292480,6405.069336,6346.846680,6288.623535,6230.400391,6172.177246,6113.954102,6055.730957,5997.508301,5939.285156,5881.062012,5822.838867,5764.615723,5706.393066,5648.169922,5589.946777,5531.723633,5473.500488,5415.277344,5357.054688,5298.831543,5240.608398,6987.300293,6987.300293,6987.300293,6987.300293,6987.300293,6987.300293,6987.300293,6987.300293,6987.300293,6987.300293,6987.300293,6987.300293,6987.300293,6987.300293,6987.300293,6987.300293,6987.300293,6987.300293,6987.300293,6987.300293,6987.300293,6987.300293,6987.300293,6987.300293,6987.300293,6987.300293,6987.300293,6987.300293,6987.300293,6987.300293,PHASE,1,1,1,1,1,1,1,1,1,1,1,1,1,1,1,1,1,1,1,1,1,1,1,1,1,1,1,1,1,1,2,2,2,2,2,2,2,2,2,2,2,2,2,2,2,2,2,2,2,2,2,2,2,2,2,2,2,2,2,2,3,3,3,3,3,3,3,3,3,3,3,3,3,3,3,3,3,3,3,3,3,3,3,3,3,3,3,3,3,3,FLASH_END
11,12:02:13,2026-06-30,Auto gsw+F,LI-COR Default,,011,,,-0.066925,2.828535,-0.068547,-0.377321,3.855666,3.865295,4.318898,0.463232,43.803467,43.694347,48.943924,0.441786,7.500000,PSF-00548_20260630120213_373,0.000000,0.000000,0.000000,42.534470,185.925308,0.771228,0.5,0.80,8.766954,1.000000,95.18,95.42,29.12,30.24,30.24,88.24,146.1,144.6,1.0,28,4.028,12:00:38,2026-06-30,-0.77,1,-0.004,-0.003,-0.013,-0.228,-0.143,-0.405,1,150,0.005,2.000000,0.058905,0.000000,0.029230,0.000000,0.000000,-0.000068,standard,0,mpf,7000,500,5.000000,2.000000,300,300,300,185.682175,25,-0.054543,186.505798,185.847244,0.658554,2.527725,2.512025,1.572269,0.902417,0.231518,0.013295,0.117622,0.132174,42.534470,0.000225,2.389264,-0.000064,1.000000,2.373994,-0.000050,1.000000,0.600671,0.600225,0.107215,0.000000,PSF-00548_20260630120213_373,PFA-00618,PSA-00618,PSF-00548,RHS-0688,3.0.0,2022-04-21T19:36:20.491Z,MEASUREMENT_END
PSF-00548_20260630120213_373,12:02:13,2026-06-30,PFA-00618,PSA-00618,PSF-00548,0.000000,0.000000,0.000000,185.925308,42.534470,0.771228,35.097168,TIME,0.000000,0.010000,0.020000,0.030000,0.040000,0.050000,0.060000,0.070000,0.080000,0.090000,0.100000,0.110000,0.120000,0.130000,0.140000,0.150000,0.160000,0.170000,0.180000,0.190000,0.200000,0.210000,0.220000,0.230000,0.240000,0.250000,0.260000,0.270000,0.280000,0.290000,0.300000,0.310000,0.320000,0.330000,0.340000,0.350000,0.360000,0.370000,0.380000,0.390000,0.400000,0.410000,0.420000,0.430000,0.440000,0.450000,0.460000,0.470000,0.480000,0.490000,0.500000,0.510000,0.520000,0.530000,0.540000,0.550000,0.560000,0.570000,0.580000,0.590000,0.600000,0.610000,0.620000,0.630000,0.640000,0.650000,0.660000,0.670000,0.680000,0.690000,0.700000,0.710000,0.720000,0.730000,0.740000,0.750000,0.760000,0.770000,0.780000,0.790000,0.800000,0.810000,0.820000,0.830000,0.839999,0.849999,0.859999,0.869999,0.879999,0.889999,FLR,99.019287,155.618195,173.699493,179.245590,181.414246,182.570099,183.292862,183.773514,184.124710,184.362534,184.558868,184.680099,184.805634,184.897903,184.976578,185.049179,185.107468,185.163254,185.224060,185.276627,185.328491,185.359955,185.411102,185.450073,185.493713,185.533051,185.575607,185.611008,185.644272,185.682175,185.727600,185.745834,185.748703,185.784454,185.800903,185.821289,185.842758,185.842758,185.864212,185.877441,185.893539,185.888885,185.897110,185.919998,185.899261,185.904984,185.915344,185.916061,185.899979,185.880310,185.878510,185.849899,185.835236,185.829514,185.800552,185.786957,185.785538,185.775513,185.756210,185.681824,186.173920,186.386703,186.441071,186.470749,186.463593,186.462524,186.478973,186.478256,186.487198,186.488983,186.505798,186.489349,186.495422,186.499710,186.482193,186.473602,186.466812,186.453217,186.438202,186.412094,186.403152,186.356659,186.348083,186.314468,186.305161,186.274765,186.241501,186.203949,186.181427,186.139221,PAR,6987.300293,6987.300293,6987.300293,6987.300293,6987.300293,6987.300293,6987.300293,6987.300293,6987.300293,6987.300293,6987.300293,6987.300293,6987.300293,6987.300293,6987.300293,6987.300293,6987.300293,6987.300293,6987.300293,6987.300293,6987.300293,6987.300293,6987.300293,6987.300293,6987.300293,6987.300293,6987.300293,6987.300293,6987.300293,6987.300293,6929.077148,6870.854004,6812.630859,6754.407715,6696.184570,6637.961914,6579.738770,6521.515625,6463.292480,6405.069336,6346.846680,6288.623535,6230.400391,6172.177246,6113.954102,6055.730957,5997.508301,5939.285156,5881.062012,5822.838867,5764.615723,5706.393066,5648.169922,5589.946777,5531.723633,5473.500488,5415.277344,5357.054688,5298.831543,5240.608398,6987.300293,6987.300293,6987.300293,6987.300293,6987.300293,6987.300293,6987.300293,6987.300293,6987.300293,6987.300293,6987.300293,6987.300293,6987.300293,6987.300293,6987.300293,6987.300293,6987.300293,6987.300293,6987.300293,6987.300293,6987.300293,6987.300293,6987.300293,6987.300293,6987.300293,6987.300293,6987.300293,6987.300293,6987.300293,6987.300293,PHASE,1,1,1,1,1,1,1,1,1,1,1,1,1,1,1,1,1,1,1,1,1,1,1,1,1,1,1,1,1,1,2,2,2,2,2,2,2,2,2,2,2,2,2,2,2,2,2,2,2,2,2,2,2,2,2,2,2,2,2,2,3,3,3,3,3,3,3,3,3,3,3,3,3,3,3,3,3,3,3,3,3,3,3,3,3,3,3,3,3,3,FLASH_END
12,12:02:26,2026-06-30,Auto gsw+F,LI-COR Default,,012,,,0.023241,2.815507,0.023051,0.167248,3.917907,3.913602,4.527518,0.609612,44.350784,44.399570,51.307976,0.441786,7.500000,PSF-00548_20260630120226_d03,0.000000,0.000000,0.000000,41.267036,133.789612,0.691553,0.5,0.80,26.368753,1.000000,95.55,95.45,29.33,31.06,31.06,88.24,144.7,143.7,0.7,95,4.027,12:00:38,2026-06-30,-0.77,1,-0.001,0.002,-9999.000,-0.163,-0.344,-9999.000,1,150,0.005,2.000000,0.058905,0.000000,0.029230,0.000000,0.000000,-0.000068,standard,0,mpf,7000,500,5.000000,2.000000,300,300,300,129.202728,25,-3.152593,129.637604,129.277725,0.359879,2.527709,2.512498,1.561184,0.900071,0.229612,0.020558,0.119132,0.190934,41.267036,0.000226,2.389264,-0.000064,1.000000,2.373994,-0.000050,1.000000,0.600671,0.600225,0.107215,0.000000,PSF-00548_20260630120226_d03,PFA-00618,PSA-00618,PSF-00548,RHS-0688,3.0.0,2022-04-21T19:36:20.491Z,MEASUREMENT_END
PSF-00548_20260630120226_d03,12:02:26,2026-06-30,PFA-00618,PSA-00618,PSF-00548,0.000000,0.000000,0.000000,133.789612,41.267036,0.691553,102.002800,TIME,0.000000,0.010000,0.020000,0.030000,0.040000,0.050000,0.060000,0.070000,0.080000,0.090000,0.100000,0.110000,0.120000,0.130000,0.140000,0.150000,0.160000,0.170000,0.180000,0.190000,0.200000,0.210000,0.220000,0.230000,0.240000,0.250000,0.260000,0.270000,0.280000,0.290000,0.300000,0.310000,0.320000,0.330000,0.340000,0.350000,0.360000,0.370000,0.380000,0.390000,0.400000,0.410000,0.420000,0.430000,0.440000,0.450000,0.460000,0.470000,0.480000,0.490000,0.500000,0.510000,0.520000,0.530000,0.540000,0.550000,0.560000,0.570000,0.580000,0.590000,0.600000,0.610000,0.620000,0.630000,0.640000,0.650000,0.660000,0.670000,0.680000,0.690000,0.700000,0.710000,0.720000,0.730000,0.740000,0.750000,0.760000,0.770000,0.780000,0.790000,0.800000,0.810000,0.820000,0.830000,0.839999,0.849999,0.859999,0.869999,0.879999,0.889999,FLR,81.489090,113.906265,122.105240,124.942657,126.258018,127.061607,127.600189,127.994659,128.287552,128.488892,128.653412,128.756760,128.832214,128.906250,128.952026,128.988861,129.014969,129.042145,129.067535,129.091507,129.117249,129.124756,129.131561,129.144073,129.149078,129.164810,129.174118,129.186279,129.199509,129.202728,129.217392,129.149796,129.143005,129.092224,129.088638,129.019257,129.015686,128.945236,128.954529,128.885147,128.807541,128.799683,128.726715,128.728516,128.663055,128.574722,128.562927,128.494614,128.412369,128.406998,128.349426,128.242844,128.226761,128.162384,128.081207,127.983566,127.981422,127.908112,127.830864,127.722145,129.246002,129.516724,129.582520,129.590744,129.594330,129.613998,129.613998,129.620438,129.632233,129.627228,129.637604,129.625076,129.631516,129.631516,129.629013,129.620438,129.614349,129.621857,129.613632,129.604340,129.613632,129.600052,129.594330,129.592896,129.585022,129.576080,129.574295,129.559280,129.556778,129.552124,PAR,6987.300293,6987.300293,6987.300293,6987.300293,6987.300293,6987.300293,6987.300293,6987.300293,6987.300293,6987.300293,6987.300293,6987.300293,6987.300293,6987.300293,6987.300293,6987.300293,6987.300293,6987.300293,6987.300293,6987.300293,6987.300293,6987.300293,6987.300293,6987.300293,6987.300293,6987.300293,6987.300293,6987.300293,6987.300293,6987.300293,6929.077148,6870.854004,6812.630859,6754.407715,6696.184570,6637.961914,6579.738770,6521.515625,6463.292480,6405.069336,6346.846680,6288.623535,6230.400391,6172.177246,6113.954102,6055.730957,5997.508301,5939.285156,5881.062012,5822.838867,5764.615723,5706.393066,5648.169922,5589.946777,5531.723633,5473.500488,5415.277344,5357.054688,5298.831543,5240.608398,6987.300293,6987.300293,6987.300293,6987.300293,6987.300293,6987.300293,6987.300293,6987.300293,6987.300293,6987.300293,6987.300293,6987.300293,6987.300293,6987.300293,6987.300293,6987.300293,6987.300293,6987.300293,6987.300293,6987.300293,6987.300293,6987.300293,6987.300293,6987.300293,6987.300293,6987.300293,6987.300293,6987.300293,6987.300293,6987.300293,PHASE,1,1,1,1,1,1,1,1,1,1,1,1,1,1,1,1,1,1,1,1,1,1,1,1,1,1,1,1,1,1,2,2,2,2,2,2,2,2,2,2,2,2,2,2,2,2,2,2,2,2,2,2,2,2,2,2,2,2,2,2,3,3,3,3,3,3,3,3,3,3,3,3,3,3,3,3,3,3,3,3,3,3,3,3,3,3,3,3,3,3,FLASH_END
13,12:03:38,2026-06-30,Auto gsw+F,LI-COR Default,,013,,,0.004241,2.770215,0.004234,0.023829,4.148156,4.147524,4.620214,0.472058,46.989185,46.996342,52.344498,0.441786,7.500000,PSF-00548_20260630120338_559,0.000000,0.000000,0.000000,40.522099,193.528534,0.790614,0.5,0.80,5.620595,1.000000,95.66,95.64,30.31,31.42,31.42,88.27,140.2,139.3,0.7,18,4.025,12:02:50,2026-06-30,-0.80,1,-0.000,-0.000,-9999.000,0.100,0.168,-9999.000,1,150,0.005,2.000000,0.058905,0.000000,0.029230,0.000000,0.000000,-0.000068,standard,0,mpf,7000,500,5.000000,2.000000,300,300,300,193.528534,25,0.959959,194.724091,194.902390,-0.178299,2.527700,2.512479,1.524408,0.889428,0.220957,0.013396,0.128084,0.122824,40.522099,0.000228,2.389264,-0.000064,1.000000,2.373994,-0.000050,1.000000,0.600671,0.600225,0.107215,0.000000,PSF-00548_20260630120338_559,PFA-00618,PSA-00618,PSF-00548,RHS-0688,3.0.0,2022-04-21T19:36:20.491Z,MEASUREMENT_END
PSF-00548_20260630120338_559,12:03:38,2026-06-30,PFA-00618,PSA-00618,PSF-00548,0.000000,0.000000,0.000000,193.528534,40.522099,0.790614,24.451229,TIME,0.000000,0.010000,0.020000,0.030000,0.040000,0.050000,0.060000,0.070000,0.080000,0.090000,0.100000,0.110000,0.120000,0.130000,0.140000,0.150000,0.160000,0.170000,0.180000,0.190000,0.200000,0.210000,0.220000,0.230000,0.240000,0.250000,0.260000,0.270000,0.280000,0.290000,0.300000,0.310000,0.320000,0.330000,0.340000,0.350000,0.360000,0.370000,0.380000,0.390000,0.400000,0.410000,0.420000,0.430000,0.440000,0.450000,0.460000,0.470000,0.480000,0.490000,0.500000,0.510000,0.520000,0.530000,0.540000,0.550000,0.560000,0.570000,0.580000,0.590000,0.600000,0.610000,0.620000,0.630000,0.640000,0.650000,0.660000,0.670000,0.680000,0.690000,0.700000,0.710000,0.720000,0.730000,0.740000,0.750000,0.760000,0.770000,0.780000,0.790000,0.800000,0.810000,0.820000,0.830000,0.839999,0.849999,0.859999,0.869999,0.879999,0.889999,FLR,92.850563,154.990204,179.246658,186.615585,189.218048,190.366028,190.971848,191.319458,191.573746,191.751480,191.912766,192.037582,192.142365,192.257874,192.354446,192.440979,192.544342,192.629822,192.714935,192.792892,192.889099,192.958115,193.022491,193.118332,193.179489,193.252808,193.316467,193.390488,193.460938,193.528534,193.606491,193.637604,193.671234,193.723083,193.763855,193.807129,193.844315,193.886871,193.949097,193.968063,193.999176,194.020981,194.044586,194.091797,194.121475,194.118622,194.155090,194.156525,194.158676,194.180130,194.193726,194.171188,194.192291,194.192291,194.164032,194.128281,194.120758,194.080353,194.023132,193.952682,194.467667,194.681519,194.724091,194.701904,194.661499,194.620728,194.558502,194.499496,194.442993,194.385406,194.328552,194.253448,194.191574,194.132568,194.052460,193.973785,193.903320,193.830368,193.796753,193.739899,193.706268,193.644760,193.592911,193.543198,193.499573,193.445206,193.408020,193.347580,193.292145,193.223480,PAR,6987.300293,6987.300293,6987.300293,6987.300293,6987.300293,6987.300293,6987.300293,6987.300293,6987.300293,6987.300293,6987.300293,6987.300293,6987.300293,6987.300293,6987.300293,6987.300293,6987.300293,6987.300293,6987.300293,6987.300293,6987.300293,6987.300293,6987.300293,6987.300293,6987.300293,6987.300293,6987.300293,6987.300293,6987.300293,6987.300293,6929.077148,6870.854004,6812.630859,6754.407715,6696.184570,6637.961914,6579.738770,6521.515625,6463.292480,6405.069336,6346.846680,6288.623535,6230.400391,6172.177246,6113.954102,6055.730957,5997.508301,5939.285156,5881.062012,5822.838867,5764.615723,5706.393066,5648.169922,5589.946777,5531.723633,5473.500488,5415.277344,5357.054688,5298.831543,5240.608398,6987.300293,6987.300293,6987.300293,6987.300293,6987.300293,6987.300293,6987.300293,6987.300293,6987.300293,6987.300293,6987.300293,6987.300293,6987.300293,6987.300293,6987.300293,6987.300293,6987.300293,6987.300293,6987.300293,6987.300293,6987.300293,6987.300293,6987.300293,6987.300293,6987.300293,6987.300293,6987.300293,6987.300293,6987.300293,6987.300293,PHASE,1,1,1,1,1,1,1,1,1,1,1,1,1,1,1,1,1,1,1,1,1,1,1,1,1,1,1,1,1,1,2,2,2,2,2,2,2,2,2,2,2,2,2,2,2,2,2,2,2,2,2,2,2,2,2,2,2,2,2,2,3,3,3,3,3,3,3,3,3,3,3,3,3,3,3,3,3,3,3,3,3,3,3,3,3,3,3,3,3,3,FLASH_END
14,12:03:46,2026-06-30,Auto gsw+F,LI-COR Default,,014,,,-0.001325,2.764657,-0.001325,-0.007367,4.173861,4.174057,4.640047,0.466186,47.290459,47.288239,52.569942,0.441786,7.500000,PSF-00548_20260630120346_be4,0.000000,0.000000,0.000000,39.993523,190.096375,0.789614,0.5,0.80,5.896307,1.000000,95.67,95.67,30.41,31.49,31.49,88.26,139.7,138.6,0.7,19,4.025,12:02:50,2026-06-30,-0.80,1,-0.001,-0.002,-9999.000,0.105,0.128,-9999.000,1,150,0.005,2.000000,0.058905,0.000000,0.029230,0.000000,0.000000,-0.000068,standard,0,mpf,7000,500,5.000000,2.000000,300,300,300,190.096375,25,1.338125,192.186707,192.011459,0.175247,2.527705,2.512467,1.520068,0.887929,0.220030,0.013038,0.129005,0.123610,39.993523,0.000227,2.389264,-0.000064,1.000000,2.373994,-0.000050,1.000000,0.600671,0.600225,0.107215,0.000000,PSF-00548_20260630120346_be4,PFA-00618,PSA-00618,PSF-00548,RHS-0688,3.0.0,2022-04-21T19:36:20.491Z,MEASUREMENT_END
PSF-00548_20260630120346_be4,12:03:46,2026-06-30,PFA-00618,PSA-00618,PSF-00548,0.000000,0.000000,0.000000,190.096375,39.993523,0.789614,25.346670,TIME,0.000000,0.010000,0.020000,0.030000,0.040000,0.050000,0.060000,0.070000,0.080000,0.090000,0.100000,0.110000,0.120000,0.130000,0.140000,0.150000,0.160000,0.170000,0.180000,0.190000,0.200000,0.210000,0.220000,0.230000,0.240000,0.250000,0.260000,0.270000,0.280000,0.290000,0.300000,0.310000,0.320000,0.330000,0.340000,0.350000,0.360000,0.370000,0.380000,0.390000,0.400000,0.410000,0.420000,0.430000,0.440000,0.450000,0.460000,0.470000,0.480000,0.490000,0.500000,0.510000,0.520000,0.530000,0.540000,0.550000,0.560000,0.570000,0.580000,0.590000,0.600000,0.610000,0.620000,0.630000,0.640000,0.650000,0.660000,0.670000,0.680000,0.690000,0.700000,0.710000,0.720000,0.730000,0.740000,0.750000,0.760000,0.770000,0.780000,0.790000,0.800000,0.810000,0.820000,0.830000,0.839999,0.849999,0.859999,0.869999,0.879999,0.889999,FLR,89.965225,150.878189,175.428635,182.973862,185.683609,186.931015,187.619095,188.034302,188.322906,188.519958,188.683746,188.806061,188.919785,189.007401,189.101456,189.184067,189.257385,189.345718,189.419388,189.470886,189.541336,189.589981,189.653275,189.717285,189.767365,189.830658,189.891098,189.951904,190.021637,190.096375,190.182571,190.236206,190.265900,190.289490,190.344574,190.388916,190.449005,190.458649,190.505859,190.518372,190.548782,190.576309,190.607422,190.672165,190.682175,190.701843,190.733673,190.744400,190.756912,190.785889,190.822723,190.789108,190.823074,190.828079,190.810913,190.780884,190.811630,190.816284,190.809845,190.779083,191.581970,191.875580,191.972855,192.004318,192.029358,192.057968,192.072632,192.099091,192.114838,192.126282,192.151672,192.158813,192.163467,192.173477,192.174561,192.168472,192.170624,192.180634,192.186707,192.172058,192.174194,192.150955,192.132355,192.131287,192.107681,192.088013,192.056534,192.039368,192.020767,191.978928,PAR,6987.300293,6987.300293,6987.300293,6987.300293,6987.300293,6987.300293,6987.300293,6987.300293,6987.300293,6987.300293,6987.300293,6987.300293,6987.300293,6987.300293,6987.300293,6987.300293,6987.300293,6987.300293,6987.300293,6987.300293,6987.300293,6987.300293,6987.300293,6987.300293,6987.300293,6987.300293,6987.300293,6987.300293,6987.300293,6987.300293,6929.077148,6870.854004,6812.630859,6754.407715,6696.184570,6637.961914,6579.738770,6521.515625,6463.292480,6405.069336,6346.846680,6288.623535,6230.400391,6172.177246,6113.954102,6055.730957,5997.508301,5939.285156,5881.062012,5822.838867,5764.615723,5706.393066,5648.169922,5589.946777,5531.723633,5473.500488,5415.277344,5357.054688,5298.831543,5240.608398,6987.300293,6987.300293,6987.300293,6987.300293,6987.300293,6987.300293,6987.300293,6987.300293,6987.300293,6987.300293,6987.300293,6987.300293,6987.300293,6987.300293,6987.300293,6987.300293,6987.300293,6987.300293,6987.300293,6987.300293,6987.300293,6987.300293,6987.300293,6987.300293,6987.300293,6987.300293,6987.300293,6987.300293,6987.300293,6987.300293,PHASE,1,1,1,1,1,1,1,1,1,1,1,1,1,1,1,1,1,1,1,1,1,1,1,1,1,1,1,1,1,1,2,2,2,2,2,2,2,2,2,2,2,2,2,2,2,2,2,2,2,2,2,2,2,2,2,2,2,2,2,2,3,3,3,3,3,3,3,3,3,3,3,3,3,3,3,3,3,3,3,3,3,3,3,3,3,3,3,3,3,3,FLASH_END
15,12:04:02,2026-06-30,Auto gsw+F,LI-COR Default,,015,,,-0.089163,2.749275,-0.092152,-0.414931,4.209128,4.220279,4.586744,0.377615,47.815216,47.688881,51.967220,0.441786,7.500000,PSF-00548_20260630120402_fab,0.000000,0.000000,0.000000,39.320110,193.808563,0.797119,0.5,0.80,3.163728,1.000000,95.44,95.69,30.60,31.29,31.29,88.26,138.2,137.0,0.9,10,4.024,12:02:50,2026-06-30,-0.80,1,0.001,-0.002,-0.016,0.057,-0.063,-0.034,1,150,0.005,2.000000,0.058905,0.000000,0.029230,0.000000,0.000000,-0.000068,standard,0,mpf,7000,500,5.000000,2.000000,300,300,300,193.808563,25,1.499936,195.599915,195.955231,-0.355316,2.527686,2.512118,1.508236,0.883970,0.218408,0.008436,0.130855,0.115929,39.320110,0.000226,2.389264,-0.000064,1.000000,2.373994,-0.000050,1.000000,0.600671,0.600225,0.107215,0.000000,PSF-00548_20260630120402_fab,PFA-00618,PSA-00618,PSF-00548,RHS-0688,3.0.0,2022-04-21T19:36:20.491Z,MEASUREMENT_END
PSF-00548_20260630120402_fab,12:04:02,2026-06-30,PFA-00618,PSA-00618,PSF-00548,0.000000,0.000000,0.000000,193.808563,39.320110,0.797119,16.600746,TIME,0.000000,0.010000,0.020000,0.030000,0.040000,0.050000,0.060000,0.070000,0.080000,0.090000,0.100000,0.110000,0.120000,0.130000,0.140000,0.150000,0.160000,0.170000,0.180000,0.190000,0.200000,0.210000,0.220000,0.230000,0.240000,0.250000,0.260000,0.270000,0.280000,0.290000,0.300000,0.310000,0.320000,0.330000,0.340000,0.350000,0.360000,0.370000,0.380000,0.390000,0.400000,0.410000,0.420000,0.430000,0.440000,0.450000,0.460000,0.470000,0.480000,0.490000,0.500000,0.510000,0.520000,0.530000,0.540000,0.550000,0.560000,0.570000,0.580000,0.590000,0.600000,0.610000,0.620000,0.630000,0.640000,0.650000,0.660000,0.670000,0.680000,0.690000,0.700000,0.710000,0.720000,0.730000,0.740000,0.750000,0.760000,0.770000,0.780000,0.790000,0.800000,0.810000,0.820000,0.830000,0.839999,0.849999,0.859999,0.869999,0.879999,0.889999,FLR,88.711021,150.860306,177.592987,186.280487,189.402222,190.806274,191.521881,191.945679,192.210312,192.398422,192.553284,192.655563,192.733887,192.816498,192.883728,192.970627,193.019623,193.086151,193.159103,193.197723,193.289276,193.317886,193.381912,193.441986,193.500275,193.559647,193.625458,193.676590,193.742035,193.808563,193.875427,193.891174,193.945892,193.997025,194.023132,194.064621,194.118973,194.127563,194.191574,194.209106,194.235565,194.248077,194.282410,194.334991,194.338562,194.355362,194.407944,194.430115,194.435837,194.490189,194.507721,194.487335,194.534180,194.544189,194.528107,194.537399,194.566010,194.565292,194.559219,194.522385,195.210098,195.512299,195.574524,195.599915,195.584534,195.586685,195.561295,195.549484,195.518372,195.459366,195.393921,195.291275,195.191864,195.108536,194.982285,194.870712,194.763062,194.646118,194.566727,194.417236,194.274902,194.141861,194.044952,193.952682,193.891876,193.816422,193.778152,193.718430,193.690536,193.642975,PAR,6987.300293,6987.300293,6987.300293,6987.300293,6987.300293,6987.300293,6987.300293,6987.300293,6987.300293,6987.300293,6987.300293,6987.300293,6987.300293,6987.300293,6987.300293,6987.300293,6987.300293,6987.300293,6987.300293,6987.300293,6987.300293,6987.300293,6987.300293,6987.300293,6987.300293,6987.300293,6987.300293,6987.300293,6987.300293,6987.300293,6929.077148,6870.854004,6812.630859,6754.407715,6696.184570,6637.961914,6579.738770,6521.515625,6463.292480,6405.069336,6346.846680,6288.623535,6230.400391,6172.177246,6113.954102,6055.730957,5997.508301,5939.285156,5881.062012,5822.838867,5764.615723,5706.393066,5648.169922,5589.946777,5531.723633,5473.500488,5415.277344,5357.054688,5298.831543,5240.608398,6987.300293,6987.300293,6987.300293,6987.300293,6987.300293,6987.300293,6987.300293,6987.300293,6987.300293,6987.300293,6987.300293,6987.300293,6987.300293,6987.300293,6987.300293,6987.300293,6987.300293,6987.300293,6987.300293,6987.300293,6987.300293,6987.300293,6987.300293,6987.300293,6987.300293,6987.300293,6987.300293,6987.300293,6987.300293,6987.300293,PHASE,1,1,1,1,1,1,1,1,1,1,1,1,1,1,1,1,1,1,1,1,1,1,1,1,1,1,1,1,1,1,2,2,2,2,2,2,2,2,2,2,2,2,2,2,2,2,2,2,2,2,2,2,2,2,2,2,2,2,2,2,3,3,3,3,3,3,3,3,3,3,3,3,3,3,3,3,3,3,3,3,3,3,3,3,3,3,3,3,3,3,FLASH_END
16,12:04:28,2026-06-30,Auto gsw+F,LI-COR Default,,016,,,-0.149618,2.728318,-0.158299,-0.828239,4.274896,4.297452,4.713116,0.438220,48.696339,48.440742,53.406410,0.441786,7.500000,PSF-00548_20260630120428_a53,0.000000,0.000000,0.000000,47.174690,212.761795,0.778275,0.5,0.80,3.753954,1.000000,95.30,95.81,30.90,31.77,31.77,88.25,136.2,135.4,0.6,12,3.986,12:02:50,2026-06-30,-0.80,1,-0.000,-0.004,-0.011,0.016,0.208,0.407,1,150,0.005,2.000000,0.058905,0.000000,0.029230,0.000000,0.000000,-0.000068,standard,0,mpf,7000,500,5.000000,2.000000,300,300,300,210.288757,25,-1.687201,209.958679,210.347122,-0.388443,2.527754,2.511863,1.492522,0.880280,0.215870,0.010604,0.134000,0.117805,47.174690,0.000228,2.389264,-0.000064,1.000000,2.373994,-0.000050,1.000000,0.600671,0.600225,0.107215,0.000000,PSF-00548_20260630120428_a53,PFA-00618,PSA-00618,PSF-00548,RHS-0688,3.0.0,2022-04-21T19:36:20.491Z,MEASUREMENT_END
PSF-00548_20260630120428_a53,12:04:28,2026-06-30,PFA-00618,PSA-00618,PSF-00548,0.000000,0.000000,0.000000,212.761795,47.174690,0.778275,18.736938,TIME,0.000000,0.010000,0.020000,0.030000,0.040000,0.050000,0.060000,0.070000,0.080000,0.090000,0.100000,0.110000,0.120000,0.130000,0.140000,0.150000,0.160000,0.170000,0.180000,0.190000,0.200000,0.210000,0.220000,0.230000,0.240000,0.250000,0.260000,0.270000,0.280000,0.290000,0.300000,0.310000,0.320000,0.330000,0.340000,0.350000,0.360000,0.370000,0.380000,0.390000,0.400000,0.410000,0.420000,0.430000,0.440000,0.450000,0.460000,0.470000,0.480000,0.490000,0.500000,0.510000,0.520000,0.530000,0.540000,0.550000,0.560000,0.570000,0.580000,0.590000,0.600000,0.610000,0.620000,0.630000,0.640000,0.650000,0.660000,0.670000,0.680000,0.690000,0.700000,0.710000,0.720000,0.730000,0.740000,0.750000,0.760000,0.770000,0.780000,0.790000,0.800000,0.810000,0.820000,0.830000,0.839999,0.849999,0.859999,0.869999,0.879999,0.889999,FLR,114.337204,179.446930,197.403427,203.079346,205.500839,206.817978,207.641251,208.198074,208.620422,208.936218,209.190842,209.387177,209.551697,209.686157,209.796661,209.885361,209.945435,210.026260,210.089920,210.124252,210.185760,210.196503,210.208649,210.241196,210.250504,210.262650,210.274811,210.271591,210.260147,210.288757,210.295563,210.269089,210.258728,210.258362,210.237625,210.225098,210.209732,210.192566,210.181839,210.141785,210.138565,210.092072,210.052734,210.047012,210.024475,209.961182,209.935425,209.911102,209.896439,209.853180,209.852814,209.794876,209.769135,209.752319,209.700104,209.653976,209.640030,209.614273,209.594604,209.537033,209.720490,209.917191,209.948303,209.958679,209.925766,209.903961,209.866409,209.848526,209.845657,209.819916,209.824203,209.789154,209.775208,209.769852,209.744812,209.735153,209.718704,209.717270,209.700821,209.690445,209.698669,209.666855,209.673996,209.665054,209.658264,209.651825,209.645752,209.629654,209.632874,209.609268,PAR,6987.300293,6987.300293,6987.300293,6987.300293,6987.300293,6987.300293,6987.300293,6987.300293,6987.300293,6987.300293,6987.300293,6987.300293,6987.300293,6987.300293,6987.300293,6987.300293,6987.300293,6987.300293,6987.300293,6987.300293,6987.300293,6987.300293,6987.300293,6987.300293,6987.300293,6987.300293,6987.300293,6987.300293,6987.300293,6987.300293,6929.077148,6870.854004,6812.630859,6754.407715,6696.184570,6637.961914,6579.738770,6521.515625,6463.292480,6405.069336,6346.846680,6288.623535,6230.400391,6172.177246,6113.954102,6055.730957,5997.508301,5939.285156,5881.062012,5822.838867,5764.615723,5706.393066,5648.169922,5589.946777,5531.723633,5473.500488,5415.277344,5357.054688,5298.831543,5240.608398,6987.300293,6987.300293,6987.300293,6987.300293,6987.300293,6987.300293,6987.300293,6987.300293,6987.300293,6987.300293,6987.300293,6987.300293,6987.300293,6987.300293,6987.300293,6987.300293,6987.300293,6987.300293,6987.300293,6987.300293,6987.300293,6987.300293,6987.300293,6987.300293,6987.300293,6987.300293,6987.300293,6987.300293,6987.300293,6987.300293,PHASE,1,1,1,1,1,1,1,1,1,1,1,1,1,1,1,1,1,1,1,1,1,1,1,1,1,1,1,1,1,1,2,2,2,2,2,2,2,2,2,2,2,2,2,2,2,2,2,2,2,2,2,2,2,2,2,2,2,2,2,2,3,3,3,3,3,3,3,3,3,3,3,3,3,3,3,3,3,3,3,3,3,3,3,3,3,3,3,3,3,3,FLASH_END
17,12:04:48,2026-06-30,Auto gsw+F,LI-COR Default,,017,,,-0.192025,2.715671,-0.206636,-1.044166,4.321618,4.350286,4.744707,0.423090,49.289024,48.964207,53.757839,0.441786,7.500000,PSF-00548_20260630120448_c4e,0.000000,0.000000,0.000000,50.930500,227.412003,0.776043,0.5,0.80,2.973396,1.000000,95.24,95.87,31.10,31.89,31.89,88.26,135.1,134.2,0.7,10,4.007,12:02:50,2026-06-30,-0.80,1,-0.002,0.003,-0.010,0.119,0.399,0.561,1,150,0.005,2.000000,0.058905,0.000000,0.029230,0.000000,0.000000,-0.000068,standard,0,mpf,7000,500,5.000000,2.000000,300,300,300,226.458557,25,-0.619974,226.467850,226.524719,-0.056870,2.527783,2.511729,1.483253,0.877285,0.214155,0.009614,0.136313,0.115628,50.930500,0.000226,2.389264,-0.000064,1.000000,2.373994,-0.000050,1.000000,0.600671,0.600225,0.107215,0.000000,PSF-00548_20260630120448_c4e,PFA-00618,PSA-00618,PSF-00548,RHS-0688,3.0.0,2022-04-21T19:36:20.491Z,MEASUREMENT_END
PSF-00548_20260630120448_c4e,12:04:48,2026-06-30,PFA-00618,PSA-00618,PSF-00548,0.000000,0.000000,0.000000,227.412003,50.930500,0.776043,16.257067,TIME,0.000000,0.010000,0.020000,0.030000,0.040000,0.050000,0.060000,0.070000,0.080000,0.090000,0.100000,0.110000,0.120000,0.130000,0.140000,0.150000,0.160000,0.170000,0.180000,0.190000,0.200000,0.210000,0.220000,0.230000,0.240000,0.250000,0.260000,0.270000,0.280000,0.290000,0.300000,0.310000,0.320000,0.330000,0.340000,0.350000,0.360000,0.370000,0.380000,0.390000,0.400000,0.410000,0.420000,0.430000,0.440000,0.450000,0.460000,0.470000,0.480000,0.490000,0.500000,0.510000,0.520000,0.530000,0.540000,0.550000,0.560000,0.570000,0.580000,0.590000,0.600000,0.610000,0.620000,0.630000,0.640000,0.650000,0.660000,0.670000,0.680000,0.690000,0.700000,0.710000,0.720000,0.730000,0.740000,0.750000,0.760000,0.770000,0.780000,0.790000,0.800000,0.810000,0.820000,0.830000,0.839999,0.849999,0.859999,0.869999,0.879999,0.889999,FLR,125.129341,195.095306,213.359711,219.101425,221.585510,222.904083,223.709106,224.247330,224.641800,224.946136,225.185745,225.373505,225.526215,225.672119,225.770828,225.860245,225.944641,226.032257,226.126312,226.186035,226.254349,226.293686,226.333023,226.363785,226.380585,226.395966,226.423859,226.443527,226.450317,226.458557,226.475708,226.471420,226.482864,226.490021,226.471420,226.503250,226.478226,226.461411,226.463562,226.446030,226.447464,226.420288,226.435303,226.424225,226.421707,226.404541,226.391678,226.383087,226.367706,226.353409,226.372009,226.317642,226.304764,226.313354,226.285095,226.258636,226.256485,226.242905,226.231461,226.204987,226.230377,226.414566,226.463562,226.467850,226.463562,226.450684,226.447113,226.441742,226.432449,226.414917,226.432449,226.405975,226.386307,226.395966,226.381653,226.368073,226.356979,226.360199,226.369507,226.341248,226.368073,226.336594,226.351257,226.342316,226.324432,226.313354,226.300125,226.293320,226.288681,226.261856,PAR,6987.300293,6987.300293,6987.300293,6987.300293,6987.300293,6987.300293,6987.300293,6987.300293,6987.300293,6987.300293,6987.300293,6987.300293,6987.300293,6987.300293,6987.300293,6987.300293,6987.300293,6987.300293,6987.300293,6987.300293,6987.300293,6987.300293,6987.300293,6987.300293,6987.300293,6987.300293,6987.300293,6987.300293,6987.300293,6987.300293,6929.077148,6870.854004,6812.630859,6754.407715,6696.184570,6637.961914,6579.738770,6521.515625,6463.292480,6405.069336,6346.846680,6288.623535,6230.400391,6172.177246,6113.954102,6055.730957,5997.508301,5939.285156,5881.062012,5822.838867,5764.615723,5706.393066,5648.169922,5589.946777,5531.723633,5473.500488,5415.277344,5357.054688,5298.831543,5240.608398,6987.300293,6987.300293,6987.300293,6987.300293,6987.300293,6987.300293,6987.300293,6987.300293,6987.300293,6987.300293,6987.300293,6987.300293,6987.300293,6987.300293,6987.300293,6987.300293,6987.300293,6987.300293,6987.300293,6987.300293,6987.300293,6987.300293,6987.300293,6987.300293,6987.300293,6987.300293,6987.300293,6987.300293,6987.300293,6987.300293,PHASE,1,1,1,1,1,1,1,1,1,1,1,1,1,1,1,1,1,1,1,1,1,1,1,1,1,1,1,1,1,1,2,2,2,2,2,2,2,2,2,2,2,2,2,2,2,2,2,2,2,2,2,2,2,2,2,2,2,2,2,2,3,3,3,3,3,3,3,3,3,3,3,3,3,3,3,3,3,3,3,3,3,3,3,3,3,3,3,3,3,3,FLASH_END
18,12:05:05,2026-06-30,Auto gsw+F,LI-COR Default,,018,,,-0.201365,2.706222,-0.217552,-1.136166,4.359728,4.391107,4.796744,0.437016,49.753212,49.397682,54.349266,0.441786,7.500000,PSF-00548_20260630120505_e01,0.000000,0.000000,0.000000,46.139359,215.133026,0.785531,0.5,0.80,4.342716,1.000000,95.25,95.94,31.25,32.08,32.08,88.26,134.2,133.0,0.9,14,4.021,12:02:50,2026-06-30,-0.80,1,-0.001,-0.003,-0.014,0.058,0.191,0.280,1,150,0.005,2.000000,0.058905,0.000000,0.029230,0.000000,0.000000,-0.000068,standard,0,mpf,7000,500,5.000000,2.000000,300,300,300,211.284393,25,-2.579890,210.794098,211.440765,-0.646667,2.527833,2.511716,1.476428,0.874425,0.212882,0.010113,0.138181,0.119353,46.139359,0.000227,2.389264,-0.000064,1.000000,2.373994,-0.000050,1.000000,0.600671,0.600225,0.107215,0.000000,PSF-00548_20260630120505_e01,PFA-00618,PSA-00618,PSF-00548,RHS-0688,3.0.0,2022-04-21T19:36:20.491Z,MEASUREMENT_END
PSF-00548_20260630120505_e01,12:05:05,2026-06-30,PFA-00618,PSA-00618,PSF-00548,0.000000,0.000000,0.000000,215.133026,46.139359,0.785531,20.499315,TIME,0.000000,0.010000,0.020000,0.030000,0.040000,0.050000,0.060000,0.070000,0.080000,0.090000,0.100000,0.110000,0.120000,0.130000,0.140000,0.150000,0.160000,0.170000,0.180000,0.190000,0.200000,0.210000,0.220000,0.230000,0.240000,0.250000,0.260000,0.270000,0.280000,0.290000,0.300000,0.310000,0.320000,0.330000,0.340000,0.350000,0.360000,0.370000,0.380000,0.390000,0.400000,0.410000,0.420000,0.430000,0.440000,0.450000,0.460000,0.470000,0.480000,0.490000,0.500000,0.510000,0.520000,0.530000,0.540000,0.550000,0.560000,0.570000,0.580000,0.590000,0.600000,0.610000,0.620000,0.630000,0.640000,0.650000,0.660000,0.670000,0.680000,0.690000,0.700000,0.710000,0.720000,0.730000,0.740000,0.750000,0.760000,0.770000,0.780000,0.790000,0.800000,0.810000,0.820000,0.830000,0.839999,0.849999,0.859999,0.869999,0.879999,0.889999,FLR,108.401299,175.082809,197.057251,204.007385,206.782578,208.128326,208.896164,209.383972,209.758408,210.020538,210.242630,210.412857,210.537674,210.672852,210.767273,210.855957,210.939285,211.005096,211.065170,211.120956,211.175674,211.210724,211.240051,211.256500,211.274033,211.284393,211.259369,211.260437,211.247208,211.267227,211.282257,211.268311,211.277252,211.293701,211.289047,211.270813,211.261154,211.204285,211.192841,211.130264,211.092712,211.050156,211.012955,210.986145,210.962540,210.898514,210.874557,210.828064,210.770126,210.735443,210.696457,210.592392,210.575577,210.502274,210.446472,210.392120,210.333466,210.291626,210.242630,210.157867,210.549118,210.766907,210.794098,210.781937,210.755463,210.708267,210.677856,210.625290,210.582733,210.519791,210.485809,210.412506,210.335251,210.271591,210.194351,210.142487,210.099579,210.067398,210.059525,210.008026,209.971542,209.907883,209.818481,209.756973,209.668991,209.598892,209.559204,209.513062,209.508774,209.501617,PAR,6987.300293,6987.300293,6987.300293,6987.300293,6987.300293,6987.300293,6987.300293,6987.300293,6987.300293,6987.300293,6987.300293,6987.300293,6987.300293,6987.300293,6987.300293,6987.300293,6987.300293,6987.300293,6987.300293,6987.300293,6987.300293,6987.300293,6987.300293,6987.300293,6987.300293,6987.300293,6987.300293,6987.300293,6987.300293,6987.300293,6929.077148,6870.854004,6812.630859,6754.407715,6696.184570,6637.961914,6579.738770,6521.515625,6463.292480,6405.069336,6346.846680,6288.623535,6230.400391,6172.177246,6113.954102,6055.730957,5997.508301,5939.285156,5881.062012,5822.838867,5764.615723,5706.393066,5648.169922,5589.946777,5531.723633,5473.500488,5415.277344,5357.054688,5298.831543,5240.608398,6987.300293,6987.300293,6987.300293,6987.300293,6987.300293,6987.300293,6987.300293,6987.300293,6987.300293,6987.300293,6987.300293,6987.300293,6987.300293,6987.300293,6987.300293,6987.300293,6987.300293,6987.300293,6987.300293,6987.300293,6987.300293,6987.300293,6987.300293,6987.300293,6987.300293,6987.300293,6987.300293,6987.300293,6987.300293,6987.300293,PHASE,1,1,1,1,1,1,1,1,1,1,1,1,1,1,1,1,1,1,1,1,1,1,1,1,1,1,1,1,1,1,2,2,2,2,2,2,2,2,2,2,2,2,2,2,2,2,2,2,2,2,2,2,2,2,2,2,2,2,2,2,3,3,3,3,3,3,3,3,3,3,3,3,3,3,3,3,3,3,3,3,3,3,3,3,3,3,3,3,3,3,FLASH_END
19,12:05:36,2026-06-30,Auto gsw+F,LI-COR Default,,019,,,-0.259222,2.686060,-0.286910,-1.237701,4.409357,4.443994,4.770404,0.361047,50.337616,49.945282,54.034901,0.441786,7.500000,PSF-00548_20260630120536_799,0.000000,0.000000,0.000000,58.303715,243.107910,0.760174,0.5,0.80,7.039083,1.000000,95.33,96.08,31.44,31.98,31.98,88.28,132.4,131.4,0.7,23,4.021,12:02:50,2026-06-30,-0.80,1,0.000,-0.004,-0.012,0.159,0.320,1.012,1,150,0.005,2.000000,0.058905,0.000000,0.029230,0.000000,0.000000,-0.000068,standard,0,mpf,7000,500,5.000000,2.000000,300,300,300,243.107910,25,0.483616,243.753784,243.800049,-0.046265,2.527981,2.511792,1.462138,0.870740,0.211349,0.006788,0.141884,0.127546,58.303715,0.000224,2.389264,-0.000064,1.000000,2.373994,-0.000050,1.000000,0.600671,0.600225,0.107215,0.000000,PSF-00548_20260630120536_799,PFA-00618,PSA-00618,PSF-00548,RHS-0688,3.0.0,2022-04-21T19:36:20.491Z,MEASUREMENT_END
PSF-00548_20260630120536_799,12:05:36,2026-06-30,PFA-00618,PSA-00618,PSF-00548,0.000000,0.000000,0.000000,243.107910,58.303715,0.760174,29.827950,TIME,0.000000,0.010000,0.020000,0.030000,0.040000,0.050000,0.060000,0.070000,0.080000,0.090000,0.100000,0.110000,0.120000,0.130000,0.140000,0.150000,0.160000,0.170000,0.180000,0.190000,0.200000,0.210000,0.220000,0.230000,0.240000,0.250000,0.260000,0.270000,0.280000,0.290000,0.300000,0.310000,0.320000,0.330000,0.340000,0.350000,0.360000,0.370000,0.380000,0.390000,0.400000,0.410000,0.420000,0.430000,0.440000,0.450000,0.460000,0.470000,0.480000,0.490000,0.500000,0.510000,0.520000,0.530000,0.540000,0.550000,0.560000,0.570000,0.580000,0.590000,0.600000,0.610000,0.620000,0.630000,0.640000,0.650000,0.660000,0.670000,0.680000,0.690000,0.700000,0.710000,0.720000,0.730000,0.740000,0.750000,0.760000,0.770000,0.780000,0.790000,0.800000,0.810000,0.820000,0.830000,0.839999,0.849999,0.859999,0.869999,0.879999,0.889999,FLR,138.180969,206.756119,230.353836,237.281448,239.654663,240.650650,241.161697,241.471054,241.698868,241.859787,242.015717,242.112274,242.211334,242.311127,242.379074,242.467758,242.530701,242.590073,242.663391,242.704147,242.776749,242.806427,242.846130,242.893692,242.931961,242.970581,243.008133,243.047836,243.094681,243.107910,243.162994,243.176575,243.209488,243.245605,243.253113,243.285294,243.312485,243.323929,243.340729,243.361481,243.395447,243.375061,243.405823,243.414764,243.427994,243.438370,243.450516,243.441589,243.442657,243.429779,243.453384,243.430847,243.452316,243.445160,243.441940,243.428711,243.436569,243.425842,243.415833,243.391510,243.559952,243.749146,243.753784,243.731613,243.711945,243.692642,243.657227,243.623260,243.605377,243.569977,243.569260,243.504883,243.471268,243.456604,243.437653,243.394379,243.346451,243.301743,243.279221,243.224854,243.196243,243.119720,243.068222,243.022797,242.956284,242.907288,242.867233,242.806793,242.745285,242.695572,PAR,6987.300293,6987.300293,6987.300293,6987.300293,6987.300293,6987.300293,6987.300293,6987.300293,6987.300293,6987.300293,6987.300293,6987.300293,6987.300293,6987.300293,6987.300293,6987.300293,6987.300293,6987.300293,6987.300293,6987.300293,6987.300293,6987.300293,6987.300293,6987.300293,6987.300293,6987.300293,6987.300293,6987.300293,6987.300293,6987.300293,6929.077148,6870.854004,6812.630859,6754.407715,6696.184570,6637.961914,6579.738770,6521.515625,6463.292480,6405.069336,6346.846680,6288.623535,6230.400391,6172.177246,6113.954102,6055.730957,5997.508301,5939.285156,5881.062012,5822.838867,5764.615723,5706.393066,5648.169922,5589.946777,5531.723633,5473.500488,5415.277344,5357.054688,5298.831543,5240.608398,6987.300293,6987.300293,6987.300293,6987.300293,6987.300293,6987.300293,6987.300293,6987.300293,6987.300293,6987.300293,6987.300293,6987.300293,6987.300293,6987.300293,6987.300293,6987.300293,6987.300293,6987.300293,6987.300293,6987.300293,6987.300293,6987.300293,6987.300293,6987.300293,6987.300293,6987.300293,6987.300293,6987.300293,6987.300293,6987.300293,PHASE,1,1,1,1,1,1,1,1,1,1,1,1,1,1,1,1,1,1,1,1,1,1,1,1,1,1,1,1,1,1,2,2,2,2,2,2,2,2,2,2,2,2,2,2,2,2,2,2,2,2,2,2,2,2,2,2,2,2,2,2,3,3,3,3,3,3,3,3,3,3,3,3,3,3,3,3,3,3,3,3,3,3,3,3,3,3,3,3,3,3,FLASH_END
20,12:06:02,2026-06-30,Auto gsw+F,LI-COR Default,,020,,,-0.173702,2.669807,-0.185790,-1.270866,4.423074,4.459017,4.994730,0.571656,50.509796,50.102646,56.578117,0.441786,7.500000,PSF-00548_20260630120602_f5d,0.000000,0.000000,0.000000,154.404404,215.939713,0.284965,0.5,0.80,2.506215,1.000000,95.43,96.20,31.48,32.80,32.80,88.28,131.0,130.0,0.8,22,4.020,12:02:50,2026-06-30,-0.80,1,-0.001,0.002,-0.001,-5.559,-1.282,4.252,1,150,0.005,2.000000,0.058905,0.000000,0.029230,0.000000,0.000000,-0.000068,standard,0,mpf,7000,500,5.000000,2.000000,300,300,300,215.333817,25,-0.641791,214.500183,215.021210,-0.521027,2.528138,2.511917,1.450878,0.867326,0.211041,0.016052,0.144745,0.126525,154.404404,0.000227,2.389264,-0.000064,1.000000,2.373994,-0.000050,1.000000,0.600671,0.600225,0.107215,0.000000,PSF-00548_20260630120602_f5d,PFA-00618,PSA-00618,PSF-00548,RHS-0688,3.0.0,2022-04-21T19:36:20.491Z,MEASUREMENT_END
PSF-00548_20260630120602_f5d,12:06:02,2026-06-30,PFA-00618,PSA-00618,PSF-00548,0.000000,0.000000,0.000000,215.939713,154.404404,0.284965,28.665382,TIME,0.000000,0.010000,0.020000,0.030000,0.040000,0.050000,0.060000,0.070000,0.080000,0.090000,0.100000,0.110000,0.120000,0.130000,0.140000,0.150000,0.160000,0.170000,0.180000,0.190000,0.200000,0.210000,0.220000,0.230000,0.240000,0.250000,0.260000,0.270000,0.280000,0.290000,0.300000,0.310000,0.320000,0.330000,0.340000,0.350000,0.360000,0.370000,0.380000,0.390000,0.400000,0.410000,0.420000,0.430000,0.440000,0.450000,0.460000,0.470000,0.480000,0.490000,0.500000,0.510000,0.520000,0.530000,0.540000,0.550000,0.560000,0.570000,0.580000,0.590000,0.600000,0.610000,0.620000,0.630000,0.640000,0.650000,0.660000,0.670000,0.680000,0.690000,0.700000,0.710000,0.720000,0.730000,0.740000,0.750000,0.760000,0.770000,0.780000,0.790000,0.800000,0.810000,0.820000,0.830000,0.839999,0.849999,0.859999,0.869999,0.879999,0.889999,FLR,177.291870,203.812485,211.283691,213.812836,214.697952,215.022324,215.174683,215.255142,215.287323,215.302353,215.333817,215.315933,215.322021,215.323807,215.305923,215.302353,215.308426,215.294479,215.272308,215.227600,215.215805,215.182907,215.168594,215.149643,215.097076,215.077759,215.041641,215.014465,215.005875,214.979767,214.985489,215.001587,214.986557,214.996933,214.970474,214.994781,214.959747,214.955811,214.937927,214.920761,214.943283,214.907883,214.928619,214.909317,214.926117,214.896439,214.871399,214.875336,214.856033,214.822769,214.838501,214.812393,214.779144,214.776276,214.787003,214.761261,214.730148,214.741226,214.741226,214.714767,214.372162,214.478378,214.500183,214.495544,214.457275,214.426514,214.412567,214.396118,214.383240,214.362152,214.363220,214.330673,214.316727,214.315292,214.317795,214.291336,214.272018,214.266296,214.214081,214.161163,214.130051,214.083191,214.062454,214.071396,214.068527,214.080338,214.096069,214.137909,214.156158,214.177612,PAR,6987.300293,6987.300293,6987.300293,6987.300293,6987.300293,6987.300293,6987.300293,6987.300293,6987.300293,6987.300293,6987.300293,6987.300293,6987.300293,6987.300293,6987.300293,6987.300293,6987.300293,6987.300293,6987.300293,6987.300293,6987.300293,6987.300293,6987.300293,6987.300293,6987.300293,6987.300293,6987.300293,6987.300293,6987.300293,6987.300293,6929.077148,6870.854004,6812.630859,6754.407715,6696.184570,6637.961914,6579.738770,6521.515625,6463.292480,6405.069336,6346.846680,6288.623535,6230.400391,6172.177246,6113.954102,6055.730957,5997.508301,5939.285156,5881.062012,5822.838867,5764.615723,5706.393066,5648.169922,5589.946777,5531.723633,5473.500488,5415.277344,5357.054688,5298.831543,5240.608398,6987.300293,6987.300293,6987.300293,6987.300293,6987.300293,6987.300293,6987.300293,6987.300293,6987.300293,6987.300293,6987.300293,6987.300293,6987.300293,6987.300293,6987.300293,6987.300293,6987.300293,6987.300293,6987.300293,6987.300293,6987.300293,6987.300293,6987.300293,6987.300293,6987.300293,6987.300293,6987.300293,6987.300293,6987.300293,6987.300293,PHASE,1,1,1,1,1,1,1,1,1,1,1,1,1,1,1,1,1,1,1,1,1,1,1,1,1,1,1,1,1,1,2,2,2,2,2,2,2,2,2,2,2,2,2,2,2,2,2,2,2,2,2,2,2,2,2,2,2,2,2,2,3,3,3,3,3,3,3,3,3,3,3,3,3,3,3,3,3,3,3,3,3,3,3,3,3,3,3,3,3,3,FLASH_END
21,12:06:35,2026-06-30,Auto gsw+F,LI-COR Default,,021,,,-0.223928,2.650885,-0.244590,-1.338416,4.427703,4.466032,4.885314,0.457611,50.587677,50.153522,55.336983,0.441786,7.500000,PSF-00548_20260630120635_c4b,0.000000,0.000000,0.000000,154.107925,232.928391,0.338389,0.5,0.80,13.618846,1.000000,95.46,96.28,31.49,32.40,32.40,88.28,129.4,128.2,0.9,101,4.020,12:02:50,2026-06-30,-0.80,1,0.003,0.003,-0.006,2.617,0.757,-10.902,1,150,0.005,2.000000,0.058905,0.000000,0.029230,0.000000,0.000000,-0.000068,standard,0,mpf,7000,500,5.000000,2.000000,300,300,300,232.928391,25,1.410849,234.259491,234.947556,-0.688065,2.528248,2.511958,1.438041,0.863106,0.210936,0.011207,0.148440,0.195581,154.107925,0.000229,2.389264,-0.000064,1.000000,2.373994,-0.000050,1.000000,0.600671,0.600225,0.107215,0.000000,PSF-00548_20260630120635_c4b,PFA-00618,PSA-00618,PSF-00548,RHS-0688,3.0.0,2022-04-21T19:36:20.491Z,MEASUREMENT_END
PSF-00548_20260630120635_c4b,12:06:35,2026-06-30,PFA-00618,PSA-00618,PSF-00548,0.000000,0.000000,0.000000,232.928391,154.107925,0.338389,107.293602,TIME,0.000000,0.010000,0.020000,0.030000,0.040000,0.050000,0.060000,0.070000,0.080000,0.090000,0.100000,0.110000,0.120000,0.130000,0.140000,0.150000,0.160000,0.170000,0.180000,0.190000,0.200000,0.210000,0.220000,0.230000,0.240000,0.250000,0.260000,0.270000,0.280000,0.290000,0.300000,0.310000,0.320000,0.330000,0.340000,0.350000,0.360000,0.370000,0.380000,0.390000,0.400000,0.410000,0.420000,0.430000,0.440000,0.450000,0.460000,0.470000,0.480000,0.490000,0.500000,0.510000,0.520000,0.530000,0.540000,0.550000,0.560000,0.570000,0.580000,0.590000,0.600000,0.610000,0.620000,0.630000,0.640000,0.650000,0.660000,0.670000,0.680000,0.690000,0.700000,0.710000,0.720000,0.730000,0.740000,0.750000,0.760000,0.770000,0.780000,0.790000,0.800000,0.810000,0.820000,0.830000,0.839999,0.849999,0.859999,0.869999,0.879999,0.889999,FLR,197.427750,220.545883,227.566116,230.417130,231.676346,232.298248,232.625488,232.771759,232.869034,232.898361,232.928391,232.921951,232.918030,232.925888,232.920883,232.909088,232.910156,232.919815,232.912308,232.904434,232.916946,232.907654,232.903366,232.914810,232.909439,232.897278,232.920532,232.914444,232.910507,232.914444,232.925171,232.950562,232.945923,233.007782,232.984192,233.031387,233.027466,233.050354,233.055359,233.093979,233.132248,233.116867,233.150833,233.159775,233.200546,233.231308,233.232376,233.259918,233.289246,233.298187,233.365051,233.352188,233.370071,233.420486,233.437302,233.467346,233.478424,233.525635,233.563538,233.595016,233.227371,233.343597,233.411911,233.422989,233.434082,233.463409,233.489868,233.524200,233.558182,233.568192,233.629700,233.648300,233.685486,233.714813,233.735565,233.767395,233.790283,233.816391,233.852142,233.875748,233.917953,233.939407,233.987686,234.016663,234.060638,234.092468,234.136459,234.162933,234.209778,234.259491,PAR,6987.300293,6987.300293,6987.300293,6987.300293,6987.300293,6987.300293,6987.300293,6987.300293,6987.300293,6987.300293,6987.300293,6987.300293,6987.300293,6987.300293,6987.300293,6987.300293,6987.300293,6987.300293,6987.300293,6987.300293,6987.300293,6987.300293,6987.300293,6987.300293,6987.300293,6987.300293,6987.300293,6987.300293,6987.300293,6987.300293,6929.077148,6870.854004,6812.630859,6754.407715,6696.184570,6637.961914,6579.738770,6521.515625,6463.292480,6405.069336,6346.846680,6288.623535,6230.400391,6172.177246,6113.954102,6055.730957,5997.508301,5939.285156,5881.062012,5822.838867,5764.615723,5706.393066,5648.169922,5589.946777,5531.723633,5473.500488,5415.277344,5357.054688,5298.831543,5240.608398,6987.300293,6987.300293,6987.300293,6987.300293,6987.300293,6987.300293,6987.300293,6987.300293,6987.300293,6987.300293,6987.300293,6987.300293,6987.300293,6987.300293,6987.300293,6987.300293,6987.300293,6987.300293,6987.300293,6987.300293,6987.300293,6987.300293,6987.300293,6987.300293,6987.300293,6987.300293,6987.300293,6987.300293,6987.300293,6987.300293,PHASE,1,1,1,1,1,1,1,1,1,1,1,1,1,1,1,1,1,1,1,1,1,1,1,1,1,1,1,1,1,1,2,2,2,2,2,2,2,2,2,2,2,2,2,2,2,2,2,2,2,2,2,2,2,2,2,2,2,2,2,2,3,3,3,3,3,3,3,3,3,3,3,3,3,3,3,3,3,3,3,3,3,3,3,3,3,3,3,3,3,3,FLASH_END
22,12:07:09,2026-06-30,Auto gsw+F,LI-COR Default,,022,,,-0.230012,2.634416,-0.252016,-1.199768,4.452356,4.487070,4.850421,0.398065,50.835480,50.442192,54.952003,0.441786,7.500000,PSF-00548_20260630120709_21b,0.000000,0.000000,0.000000,85.064293,357.662872,0.762166,0.5,0.80,16.973568,1.000000,95.63,96.37,31.55,32.28,32.28,88.27,128.0,127.3,0.6,56,3.981,12:02:50,2026-06-30,-0.80,1,-0.002,-0.004,-0.014,0.240,0.336,0.594,1,150,0.005,2.000000,0.058905,0.000000,0.029230,0.000000,0.000000,-0.000068,standard,0,mpf,7000,500,5.000000,2.000000,300,300,300,354.397064,25,-2.156272,354.981415,354.576874,0.404541,2.528351,2.512180,1.427099,0.860916,0.210386,0.008908,0.152327,0.156112,85.064293,0.000225,2.389264,-0.000064,1.000000,2.373994,-0.000050,1.000000,0.600671,0.600225,0.107215,0.000000,PSF-00548_20260630120709_21b,PFA-00618,PSA-00618,PSF-00548,RHS-0688,3.0.0,2022-04-21T19:36:20.491Z,MEASUREMENT_END
PSF-00548_20260630120709_21b,12:07:09,2026-06-30,PFA-00618,PSA-00618,PSF-00548,0.000000,0.000000,0.000000,357.662872,85.064293,0.762166,62.353767,TIME,0.000000,0.010000,0.020000,0.030000,0.040000,0.050000,0.060000,0.070000,0.080000,0.090000,0.100000,0.110000,0.120000,0.130000,0.140000,0.150000,0.160000,0.170000,0.180000,0.190000,0.200000,0.210000,0.220000,0.230000,0.240000,0.250000,0.260000,0.270000,0.280000,0.290000,0.300000,0.310000,0.320000,0.330000,0.340000,0.350000,0.360000,0.370000,0.380000,0.390000,0.400000,0.410000,0.420000,0.430000,0.440000,0.450000,0.460000,0.470000,0.480000,0.490000,0.500000,0.510000,0.520000,0.530000,0.540000,0.550000,0.560000,0.570000,0.580000,0.590000,0.600000,0.610000,0.620000,0.630000,0.640000,0.650000,0.660000,0.670000,0.680000,0.690000,0.700000,0.710000,0.720000,0.730000,0.740000,0.750000,0.760000,0.770000,0.780000,0.790000,0.800000,0.810000,0.820000,0.830000,0.839999,0.849999,0.859999,0.869999,0.879999,0.889999,FLR,196.042664,299.550537,332.777374,344.083801,348.713287,350.768921,351.750610,352.276337,352.623932,352.859619,353.083862,353.205811,353.343140,353.500854,353.583801,353.687897,353.791229,353.870270,353.937134,354.017975,354.093079,354.125610,354.178894,354.221100,354.261505,354.301575,354.314087,354.349487,354.375244,354.397064,354.474304,354.442108,354.433899,354.442474,354.424591,354.414948,354.411713,354.382385,354.357361,354.318726,354.296570,354.252563,354.233978,354.212158,354.197845,354.138855,354.107727,354.059113,354.007233,353.965759,353.963623,353.863464,353.856689,353.816986,353.741882,353.673218,353.651764,353.631378,353.567719,353.496552,354.156738,354.579437,354.635254,354.625214,354.603760,354.578369,354.585175,354.561218,354.584808,354.603760,354.648834,354.649536,354.655975,354.690674,354.702484,354.726440,354.743256,354.757202,354.773651,354.871277,354.902039,354.892365,354.937805,354.937073,354.932434,354.944214,354.971039,354.960693,354.981415,354.949585,PAR,6987.300293,6987.300293,6987.300293,6987.300293,6987.300293,6987.300293,6987.300293,6987.300293,6987.300293,6987.300293,6987.300293,6987.300293,6987.300293,6987.300293,6987.300293,6987.300293,6987.300293,6987.300293,6987.300293,6987.300293,6987.300293,6987.300293,6987.300293,6987.300293,6987.300293,6987.300293,6987.300293,6987.300293,6987.300293,6987.300293,6929.077148,6870.854004,6812.630859,6754.407715,6696.184570,6637.961914,6579.738770,6521.515625,6463.292480,6405.069336,6346.846680,6288.623535,6230.400391,6172.177246,6113.954102,6055.730957,5997.508301,5939.285156,5881.062012,5822.838867,5764.615723,5706.393066,5648.169922,5589.946777,5531.723633,5473.500488,5415.277344,5357.054688,5298.831543,5240.608398,6987.300293,6987.300293,6987.300293,6987.300293,6987.300293,6987.300293,6987.300293,6987.300293,6987.300293,6987.300293,6987.300293,6987.300293,6987.300293,6987.300293,6987.300293,6987.300293,6987.300293,6987.300293,6987.300293,6987.300293,6987.300293,6987.300293,6987.300293,6987.300293,6987.300293,6987.300293,6987.300293,6987.300293,6987.300293,6987.300293,PHASE,1,1,1,1,1,1,1,1,1,1,1,1,1,1,1,1,1,1,1,1,1,1,1,1,1,1,1,1,1,1,2,2,2,2,2,2,2,2,2,2,2,2,2,2,2,2,2,2,2,2,2,2,2,2,2,2,2,2,2,2,3,3,3,3,3,3,3,3,3,3,3,3,3,3,3,3,3,3,3,3,3,3,3,3,3,3,3,3,3,3,FLASH_END
23,12:07:25,2026-06-30,Auto gsw+F,LI-COR Default,,023,,,-0.237997,2.626303,-0.261713,-1.128127,4.476948,4.509756,4.837380,0.360432,51.088444,50.716785,54.799911,0.441786,7.500000,PSF-00548_20260630120725_5d1,0.000000,0.000000,0.000000,77.664970,428.582703,0.818787,0.5,0.80,16.942066,1.000000,95.65,96.35,31.65,32.23,32.23,88.27,127.3,126.4,0.7,52,4.017,12:02:50,2026-06-30,-0.80,1,-0.003,-0.004,-0.012,-0.309,-2.549,-1.551,1,150,0.005,2.000000,0.058905,0.000000,0.029230,0.000000,0.000000,-0.000068,standard,0,mpf,7000,500,5.000000,2.000000,300,300,300,309.430359,25,-76.416740,306.878326,319.217529,-12.339203,2.528291,2.512189,1.421783,0.858979,0.209616,0.007237,0.154039,0.152646,77.664970,0.000227,2.389264,-0.000064,1.000000,2.373994,-0.000050,1.000000,0.600671,0.600225,0.107215,0.000000,PSF-00548_20260630120725_5d1,PFA-00618,PSA-00618,PSF-00548,RHS-0688,3.0.0,2022-04-21T19:36:20.491Z,MEASUREMENT_END
PSF-00548_20260630120725_5d1,12:07:25,2026-06-30,PFA-00618,PSA-00618,PSF-00548,0.000000,0.000000,0.000000,428.582703,77.664970,0.818787,58.407555,TIME,0.000000,0.010000,0.020000,0.030000,0.040000,0.050000,0.060000,0.070000,0.080000,0.090000,0.100000,0.110000,0.120000,0.130000,0.140000,0.150000,0.160000,0.170000,0.180000,0.190000,0.200000,0.210000,0.220000,0.230000,0.240000,0.250000,0.260000,0.270000,0.280000,0.290000,0.300000,0.310000,0.320000,0.330000,0.340000,0.350000,0.360000,0.370000,0.380000,0.390000,0.400000,0.410000,0.420000,0.430000,0.440000,0.450000,0.460000,0.470000,0.480000,0.490000,0.500000,0.510000,0.520000,0.530000,0.540000,0.550000,0.560000,0.570000,0.580000,0.590000,0.600000,0.610000,0.620000,0.630000,0.640000,0.650000,0.660000,0.670000,0.680000,0.690000,0.700000,0.710000,0.720000,0.730000,0.740000,0.750000,0.760000,0.770000,0.780000,0.790000,0.800000,0.810000,0.820000,0.830000,0.839999,0.849999,0.859999,0.869999,0.879999,0.889999,FLR,156.424637,247.673035,280.206085,291.485321,296.466339,299.135681,300.841217,301.682709,301.781067,301.419495,300.810822,300.090546,300.567627,302.004211,303.407898,305.180298,306.620483,307.417999,307.715546,307.878265,308.161865,309.235809,309.430359,307.509888,306.315430,306.684845,307.241669,307.861084,308.319580,309.251892,309.820526,310.521851,311.450592,311.702728,311.794983,311.916962,311.770325,311.807159,312.397949,313.261993,314.206116,315.195312,315.954224,316.497803,317.234528,314.966797,306.197418,298.122528,287.096497,286.037567,286.356201,286.450623,286.826141,288.601044,291.453125,291.310059,291.191345,287.704468,283.718353,282.188049,282.837860,283.380737,283.735870,283.671143,284.069550,284.310944,284.110321,283.525574,283.479797,284.224030,285.772919,288.352142,290.446045,292.479156,294.722900,298.023834,301.667328,304.031982,304.326660,303.697235,303.112854,303.016296,303.399689,303.721893,304.301605,304.541229,304.815186,304.987915,305.768616,306.878326,PAR,6987.300293,6987.300293,6987.300293,6987.300293,6987.300293,6987.300293,6987.300293,6987.300293,6987.300293,6987.300293,6987.300293,6987.300293,6987.300293,6987.300293,6987.300293,6987.300293,6987.300293,6987.300293,6987.300293,6987.300293,6987.300293,6987.300293,6987.300293,6987.300293,6987.300293,6987.300293,6987.300293,6987.300293,6987.300293,6987.300293,6929.077148,6870.854004,6812.630859,6754.407715,6696.184570,6637.961914,6579.738770,6521.515625,6463.292480,6405.069336,6346.846680,6288.623535,6230.400391,6172.177246,6113.954102,6055.730957,5997.508301,5939.285156,5881.062012,5822.838867,5764.615723,5706.393066,5648.169922,5589.946777,5531.723633,5473.500488,5415.277344,5357.054688,5298.831543,5240.608398,6987.300293,6987.300293,6987.300293,6987.300293,6987.300293,6987.300293,6987.300293,6987.300293,6987.300293,6987.300293,6987.300293,6987.300293,6987.300293,6987.300293,6987.300293,6987.300293,6987.300293,6987.300293,6987.300293,6987.300293,6987.300293,6987.300293,6987.300293,6987.300293,6987.300293,6987.300293,6987.300293,6987.300293,6987.300293,6987.300293,PHASE,1,1,1,1,1,1,1,1,1,1,1,1,1,1,1,1,1,1,1,1,1,1,1,1,1,1,1,1,1,1,2,2,2,2,2,2,2,2,2,2,2,2,2,2,2,2,2,2,2,2,2,2,2,2,2,2,2,2,2,2,3,3,3,3,3,3,3,3,3,3,3,3,3,3,3,3,3,3,3,3,3,3,3,3,3,3,3,3,3,3,FLASH_END
24,12:07:38,2026-06-30,Auto gsw+F,LI-COR Default,,024,,,-0.145859,2.621931,-0.154451,-0.911400,4.504398,4.530969,4.997222,0.492824,51.332237,51.031219,56.614517,0.441786,7.500000,PSF-00548_20260630120738_aa9,0.000000,0.000000,0.000000,87.001205,367.144012,0.763032,0.5,0.80,12.445558,1.000000,95.79,96.35,31.73,32.81,32.81,88.27,126.9,125.9,0.8,41,4.016,12:02:50,2026-06-30,-0.80,1,-0.004,-0.005,-9999.000,0.712,1.395,-9999.000,1,150,0.005,2.000000,0.058905,0.000000,0.029230,0.000000,0.000000,-0.000068,standard,0,mpf,7000,500,5.000000,2.000000,300,300,300,365.773560,25,-1.010866,368.004089,365.697296,2.306793,2.528276,2.512371,1.418938,0.857716,0.208946,0.013148,0.155405,0.143027,87.001205,0.000228,2.389264,-0.000064,1.000000,2.373994,-0.000050,1.000000,0.600671,0.600225,0.107215,0.000000,PSF-00548_20260630120738_aa9,PFA-00618,PSA-00618,PSF-00548,RHS-0688,3.0.0,2022-04-21T19:36:20.491Z,MEASUREMENT_END
PSF-00548_20260630120738_aa9,12:07:38,2026-06-30,PFA-00618,PSA-00618,PSF-00548,0.000000,0.000000,0.000000,367.144012,87.001205,0.763032,47.454990,TIME,0.000000,0.010000,0.020000,0.030000,0.040000,0.050000,0.060000,0.070000,0.080000,0.090000,0.100000,0.110000,0.120000,0.130000,0.140000,0.150000,0.160000,0.170000,0.180000,0.190000,0.200000,0.210000,0.220000,0.230000,0.240000,0.250000,0.260000,0.270000,0.280000,0.290000,0.300000,0.310000,0.320000,0.330000,0.340000,0.350000,0.360000,0.370000,0.380000,0.390000,0.400000,0.410000,0.420000,0.430000,0.440000,0.450000,0.460000,0.470000,0.480000,0.490000,0.500000,0.510000,0.520000,0.530000,0.540000,0.550000,0.560000,0.570000,0.580000,0.590000,0.600000,0.610000,0.620000,0.630000,0.640000,0.650000,0.660000,0.670000,0.680000,0.690000,0.700000,0.710000,0.720000,0.730000,0.740000,0.750000,0.760000,0.770000,0.780000,0.790000,0.800000,0.810000,0.820000,0.830000,0.839999,0.849999,0.859999,0.869999,0.879999,0.889999,FLR,202.007538,306.204193,340.163818,352.993011,358.642822,361.239899,362.493042,363.182892,363.619934,363.917816,364.192841,364.360931,364.542969,364.682800,364.819763,364.927765,365.044708,365.152710,365.243896,365.322235,365.402344,365.443481,365.479218,365.558624,365.584717,365.630859,365.668762,365.695251,365.753876,365.773560,365.817535,365.770691,365.755676,365.728485,365.713135,365.670929,365.645172,365.595825,365.597260,365.541107,365.498199,365.479950,365.434875,365.456329,365.384827,365.327240,365.333313,365.319000,365.286102,365.329742,365.356934,365.282898,365.334747,365.361572,365.318665,365.301849,365.355499,365.393402,365.385529,365.359436,366.548889,367.187256,367.337830,367.414368,367.454041,367.522369,367.536316,367.610321,367.670044,367.708679,367.778076,367.776642,367.832428,367.871033,367.888916,367.913605,367.933624,367.951508,367.971191,367.960083,368.004089,367.966888,367.951874,367.950073,367.929352,367.902161,367.861755,367.837433,367.797729,367.755524,PAR,6987.300293,6987.300293,6987.300293,6987.300293,6987.300293,6987.300293,6987.300293,6987.300293,6987.300293,6987.300293,6987.300293,6987.300293,6987.300293,6987.300293,6987.300293,6987.300293,6987.300293,6987.300293,6987.300293,6987.300293,6987.300293,6987.300293,6987.300293,6987.300293,6987.300293,6987.300293,6987.300293,6987.300293,6987.300293,6987.300293,6929.077148,6870.854004,6812.630859,6754.407715,6696.184570,6637.961914,6579.738770,6521.515625,6463.292480,6405.069336,6346.846680,6288.623535,6230.400391,6172.177246,6113.954102,6055.730957,5997.508301,5939.285156,5881.062012,5822.838867,5764.615723,5706.393066,5648.169922,5589.946777,5531.723633,5473.500488,5415.277344,5357.054688,5298.831543,5240.608398,6987.300293,6987.300293,6987.300293,6987.300293,6987.300293,6987.300293,6987.300293,6987.300293,6987.300293,6987.300293,6987.300293,6987.300293,6987.300293,6987.300293,6987.300293,6987.300293,6987.300293,6987.300293,6987.300293,6987.300293,6987.300293,6987.300293,6987.300293,6987.300293,6987.300293,6987.300293,6987.300293,6987.300293,6987.300293,6987.300293,PHASE,1,1,1,1,1,1,1,1,1,1,1,1,1,1,1,1,1,1,1,1,1,1,1,1,1,1,1,1,1,1,2,2,2,2,2,2,2,2,2,2,2,2,2,2,2,2,2,2,2,2,2,2,2,2,2,2,2,2,2,2,3,3,3,3,3,3,3,3,3,3,3,3,3,3,3,3,3,3,3,3,3,3,3,3,3,3,3,3,3,3,FLASH_END
