"","name","instance","time_utc","time_local","Number","Vbat","Vbat_MV","Temperature","Humidity","VPD","SSID","RSSI","Alignment","mag","pos_raw","pos_avg","um","Pressed.","Tree_ID","datetime","julian","timediff","minute","new_minute","day","hour","second","month","year","TIME","displacement.um.fixed"
"389074","BiosphereDendrometer_",14,"2026-06-20 6:54:55","2026-06-19T23:54:55",15169,3.77695322,3744.726563,29.13999939,80.27999878,0.796253681,"null",-100,"Green",1014,1079,1078,1214.355469,"false","BioR1132",2026-06-20,170,15.2166666666667,54,0,20,0,0,6,2026,2026-06-20,2625.488282
"389084","BiosphereDendrometer_",14,"2026-06-20 7:10:46","2026-06-20T0:10:46",15170,3.780175686,3746.337891,29.05999947,80.09999847,0.799818397,"UAGuest",0,"Green",1016,1079,1078,1214.355469,"false","BioR1132",2026-06-20 00:15:00,171,15.85,10,15,20,0,0,6,2026,2026-06-20 00:15:00,2625.488282
"389094","BiosphereDendrometer_",14,"2026-06-20 7:25:47","2026-06-20T0:25:47",15171,3.775341749,3743.115234,29,79.81999969,0.808265448,"UAGuest",0,"Green",1017,1079,1078,1214.355469,"false","BioR1132",2026-06-20 00:30:00,171,15.0166666666667,25,30,20,0,0,6,2026,2026-06-20 00:30:00,2625.488282
"389107","BiosphereDendrometer_",14,"2026-06-20 7:40:48","2026-06-20T0:40:48",15172,3.775341749,3741.503906,28.95000076,79.61000061,0.814319849,"UAGuest",0,"Green",1015,1079,1078,1214.355469,"false","BioR1132",2026-06-20 00:45:00,171,15.0166666666667,40,45,20,0,0,6,2026,2026-06-20 00:45:00,2625.488282
"389117","BiosphereDendrometer_",14,"2026-06-20 7:55:49","2026-06-20T0:55:49",15173,3.772119045,3738.28125,28.86000061,79.43000031,0.817243993,"UAGuest",0,"Green",1016,1079,1078,1214.355469,"false","BioR1132",2026-06-20 01:00:00,171,15.0166666666667,55,0,20,1,0,6,2026,2026-06-20 01:00:00,2625.488282
"389124","BiosphereDendrometer_",14,"2026-06-20 8:10:50","2026-06-20T1:10:50",15174,3.775341749,3739.892578,28.81999969,79.26000214,0.822093248,"UAGuest",0,"Green",1014,1079,1079,1214.355469,"false","BioR1132",2026-06-20 01:15:00,171,15.0166666666667,10,15,20,1,0,6,2026,2026-06-20 01:15:00,2625.488282
"389134","BiosphereDendrometer_",14,"2026-06-20 8:25:51","2026-06-20T1:25:51",15175,3.775341749,3741.503906,28.76000023,79.15000153,0.823588431,"UAGuest",0,"Green",1017,1079,1078,1214.355469,"false","BioR1132",2026-06-20 01:30:00,171,15.0166666666667,25,30,20,1,0,6,2026,2026-06-20 01:30:00,2625.488282
"389144","BiosphereDendrometer_",14,"2026-06-20 8:40:52","2026-06-20T1:40:52",15176,3.77695322,3738.28125,28.76000023,79.02999878,0.82832855,"UAGuest",0,"Green",1018,1080,1078,1214.84375,"false","BioR1132",2026-06-20 01:45:00,171,15.0166666666667,40,45,20,1,0,6,2026,2026-06-20 01:45:00,2625.976563
"389154","BiosphereDendrometer_",14,"2026-06-20 8:55:53","2026-06-20T1:55:53",15177,3.77695322,3741.503906,28.69000053,78.90000153,0.830091953,"UAGuest",0,"Green",1018,1079,1078,1214.355469,"false","BioR1132",2026-06-20 02:00:00,171,15.0166666666667,55,0,20,2,0,6,2026,2026-06-20 02:00:00,2625.488282
"389164","BiosphereDendrometer_",14,"2026-06-20 9:10:54","2026-06-20T2:10:54",15178,3.770507813,3738.28125,28.60000038,78.76999664,0.830862641,"UAGuest",0,"Green",1017,1079,1079,1214.355469,"false","BioR1132",2026-06-20 02:15:00,171,15.0166666666667,10,15,20,2,0,6,2026,2026-06-20 02:15:00,2625.488282
"389174","BiosphereDendrometer_",14,"2026-06-20 9:25:55","2026-06-20T2:25:55",15179,3.772119045,3738.28125,28.62000084,78.62999725,0.837311685,"UAGuest",0,"Green",1017,1079,1079,1214.355469,"false","BioR1132",2026-06-20 02:30:00,171,15.0166666666667,25,30,20,2,0,6,2026,2026-06-20 02:30:00,2625.488282
"389184","BiosphereDendrometer_",14,"2026-06-20 9:40:56","2026-06-20T2:40:56",15180,3.772119045,3741.503906,28.60000038,78.58000183,0.838298142,"UAGuest",0,"Green",1018,1079,1079,1214.355469,"false","BioR1132",2026-06-20 02:45:00,171,15.0166666666667,40,45,20,2,0,6,2026,2026-06-20 02:45:00,2625.488282
"389194","BiosphereDendrometer_",14,"2026-06-20 9:55:57","2026-06-20T2:55:57",15181,3.770507813,3739.892578,28.55999947,78.23999786,0.849632323,"UAGuest",0,"Green",1017,1078,1078,1213.867188,"false","BioR1132",2026-06-20 03:00:00,171,15.0166666666667,55,0,20,3,0,6,2026,2026-06-20 03:00:00,2625.000001
"389204","BiosphereDendrometer_",14,"2026-06-20 10:10:58","2026-06-20T3:10:58",15182,3.775341749,3738.28125,28.52000046,78.31999969,0.844547212,"UAGuest",0,"Green",1016,1079,1079,1214.355469,"false","BioR1132",2026-06-20 03:15:00,171,15.0166666666667,10,15,20,3,0,6,2026,2026-06-20 03:15:00,2625.488282
"389217","BiosphereDendrometer_",14,"2026-06-20 10:25:59","2026-06-20T3:25:59",15183,3.76889658,3736.669922,28.48999977,78.19000244,0.84813416,"UAGuest",0,"Green",1016,1079,1078,1214.355469,"false","BioR1132",2026-06-20 03:30:00,171,15.0166666666667,25,30,20,3,0,6,2026,2026-06-20 03:30:00,2625.488282
"389224","BiosphereDendrometer_",14,"2026-06-20 10:41:0","2026-06-20T3:41:0",15184,3.773730516,3738.28125,28.46999931,78.12999725,0.849481523,"UAGuest",0,"Green",1018,1079,1079,1214.355469,"false","BioR1132",2026-06-20 03:45:00,171,15.0166666666667,41,45,20,3,0,6,2026,2026-06-20 03:45:00,2625.488282
"389234","BiosphereDendrometer_",14,"2026-06-20 10:56:13","2026-06-20T3:56:13",15185,3.76889658,3735.058594,28.44000053,77.93000031,0.855759025,"null",-100,"Green",1016,1079,1078,1214.355469,"false","BioR1132",2026-06-20 04:00:00,171,15.2166666666667,56,0,20,4,0,6,2026,2026-06-20 04:00:00,2625.488282
"389244","BiosphereDendrometer_",14,"2026-06-20 11:12:4","2026-06-20T4:12:4",15186,3.773730516,3746.337891,28.42000008,77.97000122,0.853216827,"UAGuest",0,"Green",1017,1078,1078,1213.867188,"false","BioR1132",2026-06-20 04:15:00,171,15.85,12,15,20,4,0,6,2026,2026-06-20 04:15:00,2625.000001
"389254","BiosphereDendrometer_",14,"2026-06-20 11:27:5","2026-06-20T4:27:5",15187,3.772119045,3738.28125,27.87000084,78.63999939,0.801224053,"UAGuest",0,"Green",1018,1079,1079,1214.355469,"false","BioR1132",2026-06-20 04:30:00,171,15.0166666666667,27,30,20,4,0,6,2026,2026-06-20 04:30:00,2625.488282
"389264","BiosphereDendrometer_",14,"2026-06-20 11:42:6","2026-06-20T4:42:6",15188,3.76889658,3735.058594,26.79999924,80.02999878,0.703620076,"UAGuest",0,"Green",1019,1079,1079,1214.355469,"false","BioR1132",2026-06-20 04:45:00,171,15.0166666666667,42,45,20,4,0,6,2026,2026-06-20 04:45:00,2625.488282
"389274","BiosphereDendrometer_",14,"2026-06-20 11:57:7","2026-06-20T4:57:7",15189,3.770507813,3735.058594,26.19000053,79.44000244,0.698846996,"UAGuest",0,"Green",1021,1078,1079,1213.867188,"false","BioR1132",2026-06-20 05:00:00,171,15.0166666666667,57,0,20,5,0,6,2026,2026-06-20 05:00:00,2625.000001
"389284","BiosphereDendrometer_",14,"2026-06-20 12:12:8","2026-06-20T5:12:8",15190,3.765673876,3738.28125,25.68000031,79.37999725,0.680062115,"UAGuest",0,"Green",1022,1079,1079,1214.355469,"false","BioR1132",2026-06-20 05:15:00,171,15.0166666666667,12,15,20,5,0,6,2026,2026-06-20 05:15:00,2625.488282
"389294","BiosphereDendrometer_",14,"2026-06-20 12:27:9","2026-06-20T5:27:9",15191,3.770507813,3735.058594,25.43000031,78.81999969,0.688249826,"UAGuest",0,"Green",1008,1080,1079,1214.84375,"false","BioR1132",2026-06-20 05:30:00,171,15.0166666666667,27,30,20,5,0,6,2026,2026-06-20 05:30:00,2625.976563
"389304","BiosphereDendrometer_",14,"2026-06-20 12:42:10","2026-06-20T5:42:10",15192,3.765673876,3736.669922,25.34000015,78.58999634,0.69201535,"UAGuest",0,"Green",1009,1079,1079,1214.355469,"false","BioR1132",2026-06-20 05:45:00,171,15.0166666666667,42,45,20,5,0,6,2026,2026-06-20 05:45:00,2625.488282
"389317","BiosphereDendrometer_",14,"2026-06-20 12:57:11","2026-06-20T5:57:11",15193,3.770507813,3731.835938,25.39999962,77.58000183,0.727247536,"UAGuest",0,"Green",1009,1079,1079,1214.355469,"false","BioR1132",2026-06-20 06:00:00,171,15.0166666666667,57,0,20,6,0,6,2026,2026-06-20 06:00:00,2625.488282
"389324","BiosphereDendrometer_",14,"2026-06-20 13:12:12","2026-06-20T6:12:12",15194,3.765673876,3731.835938,25.61000061,76.68000031,0.765925705,"UAGuest",0,"Green",1011,1080,1080,1214.84375,"false","BioR1132",2026-06-20 06:15:00,171,15.0166666666667,12,15,20,6,0,6,2026,2026-06-20 06:15:00,2625.976563
"389334","BiosphereDendrometer_",14,"2026-06-20 13:27:13","2026-06-20T6:27:13",15195,3.762451172,3733.447266,25.78000069,76.94000244,0.765053272,"UAGuest",0,"Green",1012,1080,1079,1214.84375,"false","BioR1132",2026-06-20 06:30:00,171,15.0166666666667,27,30,20,6,0,6,2026,2026-06-20 06:30:00,2625.976563
"389344","BiosphereDendrometer_",14,"2026-06-20 13:42:14","2026-06-20T6:42:14",15196,3.765673876,3728.613281,26.05999947,76.98999786,0.776142657,"UAGuest",0,"Green",1012,1080,1080,1214.84375,"false","BioR1132",2026-06-20 06:45:00,171,15.0166666666667,42,45,20,6,0,6,2026,2026-06-20 06:45:00,2625.976563
"389354","BiosphereDendrometer_",14,"2026-06-20 13:57:15","2026-06-20T6:57:15",15197,3.764062405,3728.613281,26.32999992,77.76999664,0.761878252,"UAGuest",0,"Green",1012,1080,1080,1214.84375,"false","BioR1132",2026-06-20 07:00:00,171,15.0166666666667,57,0,20,7,0,6,2026,2026-06-20 07:00:00,2625.976563
"389364","BiosphereDendrometer_",14,"2026-06-20 14:12:16","2026-06-20T7:12:16",15198,3.767285109,3730.224609,26.64999962,77.66000366,0.780213714,"UAGuest",0,"Green",1011,1080,1080,1214.84375,"false","BioR1132",2026-06-20 07:15:00,171,15.0166666666667,12,15,20,7,0,6,2026,2026-06-20 07:15:00,2625.976563
"389374","BiosphereDendrometer_",14,"2026-06-20 14:27:17","2026-06-20T7:27:17",15199,3.765673876,3731.835938,26.98999977,78.90000153,0.751773834,"UAGuest",0,"Green",1010,1081,1080,1215.332031,"false","BioR1132",2026-06-20 07:30:00,171,15.0166666666667,27,30,20,7,0,6,2026,2026-06-20 07:30:00,2626.464844
"389384","BiosphereDendrometer_",14,"2026-06-20 14:42:18","2026-06-20T7:42:18",15200,3.762451172,3731.835938,27.25,79.94999695,0.725333154,"UAGuest",0,"Green",1009,1082,1080,1215.820313,"false","BioR1132",2026-06-20 07:45:00,171,15.0166666666667,42,45,20,7,0,6,2026,2026-06-20 07:45:00,2626.953126
"389394","BiosphereDendrometer_",14,"2026-06-20 14:57:31","2026-06-20T7:57:31",15201,3.772119045,3731.835938,27.56999969,79.65000153,0.750093102,"null",-100,"Green",1022,1081,1080,1215.332031,"false","BioR1132",2026-06-20 08:00:00,171,15.2166666666667,57,0,20,8,0,6,2026,2026-06-20 08:00:00,2626.464844
"389404","BiosphereDendrometer_",14,"2026-06-20 15:13:22","2026-06-20T8:13:22",15202,3.765673876,3731.835938,26.70000076,85.93000031,0.492835104,"UAGuest",0,"Green",1007,1081,1080,1215.332031,"false","BioR1132",2026-06-20 08:15:00,171,15.85,13,15,20,8,0,6,2026,2026-06-20 08:15:00,2626.464844
"389417","BiosphereDendrometer_",14,"2026-06-20 15:28:23","2026-06-20T8:28:23",15203,3.759228468,3731.835938,26.72999954,87.75,0.4298428,"UAGuest",0,"Green",1022,1081,1080,1215.332031,"false","BioR1132",2026-06-20 08:30:00,171,15.0166666666667,28,30,20,8,0,6,2026,2026-06-20 08:30:00,2626.464844
"389424","BiosphereDendrometer_",14,"2026-06-20 15:43:24","2026-06-20T8:43:24",15204,3.762451172,3730.224609,26.85000038,88.40000153,0.409914941,"UAGuest",0,"Green",1021,1081,1081,1215.332031,"false","BioR1132",2026-06-20 08:45:00,171,15.0166666666667,43,45,20,8,0,6,2026,2026-06-20 08:45:00,2626.464844
"389434","BiosphereDendrometer_",14,"2026-06-20 15:58:25","2026-06-20T8:58:25",15205,3.760839939,3730.224609,27.01000023,89.26999664,0.38274923,"UAGuest",0,"Green",1022,1081,1081,1215.332031,"false","BioR1132",2026-06-20 09:00:00,171,15.0166666666667,58,0,20,9,0,6,2026,2026-06-20 09:00:00,2626.464844
"389444","BiosphereDendrometer_",14,"2026-06-20 16:13:26","2026-06-20T9:13:26",15206,3.762451172,3728.613281,25.95000076,87.94999695,0.403820395,"UAGuest",0,"Green",1010,1081,1081,1215.332031,"false","BioR1132",2026-06-20 09:15:00,171,15.0166666666667,13,15,20,9,0,6,2026,2026-06-20 09:15:00,2626.464844
"389454","BiosphereDendrometer_",14,"2026-06-20 16:28:27","2026-06-20T9:28:27",15207,3.764062405,3727.001953,25.73999977,89.59999847,0.344220787,"UAGuest",0,"Green",1011,1081,1081,1215.332031,"false","BioR1132",2026-06-20 09:30:00,171,15.0166666666667,28,30,20,9,0,6,2026,2026-06-20 09:30:00,2626.464844
"389464","BiosphereDendrometer_",14,"2026-06-20 16:43:28","2026-06-20T9:43:28",15208,3.757617235,3730.224609,25.78000069,89.37000275,0.35266766,"UAGuest",0,"Green",1012,1082,1081,1215.820313,"false","BioR1132",2026-06-20 09:45:00,171,15.0166666666667,43,45,20,9,0,6,2026,2026-06-20 09:45:00,2626.953126
"389474","BiosphereDendrometer_",14,"2026-06-20 16:58:29","2026-06-20T9:58:29",15209,3.759228468,3728.613281,25.84000015,90.58000183,0.313635796,"UAGuest",0,"Green",1013,1082,1081,1215.820313,"false","BioR1132",2026-06-20 10:00:00,171,15.0166666666667,58,0,20,10,0,6,2026,2026-06-20 10:00:00,2626.953126
"389484","BiosphereDendrometer_",14,"2026-06-20 17:13:30","2026-06-20T10:13:30",15210,3.762451172,3728.613281,26.03000069,90.30999756,0.326271385,"UAGuest",0,"Green",1011,1082,1082,1215.820313,"false","BioR1132",2026-06-20 10:15:00,171,15.0166666666667,13,15,20,10,0,6,2026,2026-06-20 10:15:00,2626.953126
"389494","BiosphereDendrometer_",14,"2026-06-20 17:28:31","2026-06-20T10:28:31",15211,3.756005764,3725.390625,26.04999924,91.06999969,0.301036805,"UAGuest",0,"Green",1010,1082,1082,1215.820313,"false","BioR1132",2026-06-20 10:30:00,171,15.0166666666667,28,30,20,10,0,6,2026,2026-06-20 10:30:00,2626.953126
"389504","BiosphereDendrometer_",14,"2026-06-20 17:43:32","2026-06-20T10:43:32",15212,3.760839939,3728.613281,26.20000076,90.80000305,0.312898129,"UAGuest",0,"Green",1010,1082,1082,1215.820313,"false","BioR1132",2026-06-20 10:45:00,171,15.0166666666667,43,45,20,10,0,6,2026,2026-06-20 10:45:00,2626.953126
"389517","BiosphereDendrometer_",14,"2026-06-20 17:58:33","2026-06-20T10:58:33",15213,3.759228468,3727.001953,26.31999969,91.37000275,0.295597315,"UAGuest",0,"Green",1010,1082,1082,1215.820313,"false","BioR1132",2026-06-20 11:00:00,171,15.0166666666667,58,0,20,11,0,6,2026,2026-06-20 11:00:00,2626.953126
"389524","BiosphereDendrometer_",14,"2026-06-20 18:13:34","2026-06-20T11:13:34",15214,3.752783298,3727.001953,26.29999924,91.30999756,0.297301739,"UAGuest",0,"Green",1010,1083,1082,1216.308594,"false","BioR1132",2026-06-20 11:15:00,171,15.0166666666667,13,15,20,11,0,6,2026,2026-06-20 11:15:00,2627.441407
"389534","BiosphereDendrometer_",14,"2026-06-20 18:28:35","2026-06-20T11:28:35",15215,3.756005764,3725.390625,26.48999977,92.36000061,0.26432243,"UAGuest",0,"Green",1012,1083,1083,1216.308594,"false","BioR1132",2026-06-20 11:30:00,171,15.0166666666667,28,30,20,11,0,6,2026,2026-06-20 11:30:00,2627.441407
"389544","BiosphereDendrometer_",14,"2026-06-20 18:43:36","2026-06-20T11:43:36",15216,3.754394531,3722.167969,26.53000069,91.76000214,0.285752922,"UAGuest",0,"Green",1010,1083,1083,1216.308594,"false","BioR1132",2026-06-20 11:45:00,171,15.0166666666667,43,45,20,11,0,6,2026,2026-06-20 11:45:00,2627.441407
"389554","BiosphereDendrometer_",14,"2026-06-20 18:58:49","2026-06-20T11:58:49",15217,3.757617235,3723.779297,26.64999962,92.01000214,0.279046834,"null",-100,"Green",1022,1082,1083,1215.820313,"false","BioR1132",2026-06-20 12:00:00,171,15.2166666666667,58,0,20,12,0,6,2026,2026-06-20 12:00:00,2626.953126
"389564","BiosphereDendrometer_",14,"2026-06-20 19:14:40","2026-06-20T12:14:40",15218,3.762451172,3727.001953,26.67000008,92.11000061,0.275878787,"UAGuest",0,"Green",1012,1083,1083,1216.308594,"false","BioR1132",2026-06-20 12:15:00,171,15.85,14,15,20,12,0,6,2026,2026-06-20 12:15:00,2627.441407
"389574","BiosphereDendrometer_",14,"2026-06-20 19:29:41","2026-06-20T12:29:41",15219,3.756005764,3722.167969,26.78000069,92.38999939,0.267814726,"UAGuest",0,"Green",1011,1084,1083,1216.796875,"false","BioR1132",2026-06-20 12:30:00,171,15.0166666666667,29,30,20,12,0,6,2026,2026-06-20 12:30:00,2627.929688
"389584","BiosphereDendrometer_",14,"2026-06-20 19:44:42","2026-06-20T12:44:42",15220,3.756005764,3723.779297,26.76000023,91.90000153,0.284724087,"UAGuest",0,"Green",1010,1084,1083,1216.796875,"false","BioR1132",2026-06-20 12:45:00,171,15.0166666666667,44,45,20,12,0,6,2026,2026-06-20 12:45:00,2627.929688
"389594","BiosphereDendrometer_",14,"2026-06-20 19:59:43","2026-06-20T12:59:43",15221,3.751171827,3722.167969,26.85000038,92.20999908,0.275279075,"UAGuest",0,"Green",1010,1084,1083,1216.796875,"false","BioR1132",2026-06-20 13:00:00,171,15.0166666666667,59,0,20,13,0,6,2026,2026-06-20 13:00:00,2627.929688
"389604","BiosphereDendrometer_",14,"2026-06-20 20:14:44","2026-06-20T13:14:44",15222,3.759228468,3720.556641,26.85000038,92.08999634,0.279519647,"UAGuest",0,"Green",1010,1084,1084,1216.796875,"false","BioR1132",2026-06-20 13:15:00,171,15.0166666666667,14,15,20,13,0,6,2026,2026-06-20 13:15:00,2627.929688
"389617","BiosphereDendrometer_",14,"2026-06-20 20:29:45","2026-06-20T13:29:45",15223,3.752783298,3722.167969,26.92000008,92.68000031,0.259735793,"UAGuest",0,"Green",1009,1085,1084,1217.285156,"false","BioR1132",2026-06-20 13:30:00,171,15.0166666666667,29,30,20,13,0,6,2026,2026-06-20 13:30:00,2628.417969
"389624","BiosphereDendrometer_",14,"2026-06-20 20:44:46","2026-06-20T13:44:46",15224,3.754394531,3722.167969,26.92000008,92.52999878,0.265058279,"UAGuest",0,"Green",1022,1085,1084,1217.285156,"false","BioR1132",2026-06-20 13:45:00,171,15.0166666666667,44,45,20,13,0,6,2026,2026-06-20 13:45:00,2628.417969
"389634","BiosphereDendrometer_",14,"2026-06-20 20:59:47","2026-06-20T13:59:47",15225,3.757617235,3720.556641,27.02000046,92.16000366,0.279824018,"UAGuest",0,"Green",1021,1086,1084,1217.773438,"false","BioR1132",2026-06-20 14:00:00,171,15.0166666666667,59,0,20,14,0,6,2026,2026-06-20 14:00:00,2628.906251
"389644","BiosphereDendrometer_",14,"2026-06-20 21:14:48","2026-06-20T14:14:48",15226,3.756005764,3720.556641,27.02000046,92.44999695,0.269473583,"UAGuest",0,"Green",1021,1085,1084,1217.285156,"false","BioR1132",2026-06-20 14:15:00,171,15.0166666666667,14,15,20,14,0,6,2026,2026-06-20 14:15:00,2628.417969
"389654","BiosphereDendrometer_",14,"2026-06-20 21:29:49","2026-06-20T14:29:49",15227,3.751171827,3717.333984,27.01000023,92.40000153,0.271098971,"UAGuest",0,"Green",1020,1086,1084,1217.773438,"false","BioR1132",2026-06-20 14:30:00,171,15.0166666666667,29,30,20,14,0,6,2026,2026-06-20 14:30:00,2628.906251
"389664","BiosphereDendrometer_",14,"2026-06-20 21:44:50","2026-06-20T14:44:50",15228,3.749560595,3718.945313,27.04000092,92.81999969,0.256568313,"UAGuest",0,"Green",1019,1084,1084,1216.796875,"false","BioR1132",2026-06-20 14:45:00,171,15.0166666666667,44,45,20,14,0,6,2026,2026-06-20 14:45:00,2627.929688
"389674","BiosphereDendrometer_",14,"2026-06-20 21:59:51","2026-06-20T14:59:51",15229,3.749560595,3718.945313,26.98999977,92.79000092,0.256885737,"UAGuest",0,"Green",1018,1084,1084,1216.796875,"false","BioR1132",2026-06-20 15:00:00,171,15.0166666666667,59,0,20,15,0,6,2026,2026-06-20 15:00:00,2627.929688
"389684","BiosphereDendrometer_",14,"2026-06-20 22:14:52","2026-06-20T15:14:52",15230,3.749560595,3718.945313,27.84000015,92.56999969,0.278216004,"UAGuest",0,"Green",1016,1084,1084,1216.796875,"false","BioR1132",2026-06-20 15:15:00,171,15.0166666666667,14,15,20,15,0,6,2026,2026-06-20 15:15:00,2627.929688
"389694","BiosphereDendrometer_",14,"2026-06-20 22:29:53","2026-06-20T15:29:53",15231,3.749560595,3722.167969,28.18000031,92.15000153,0.299819231,"UAGuest",0,"Green",1014,1083,1084,1216.308594,"false","BioR1132",2026-06-20 15:30:00,171,15.0166666666667,29,30,20,15,0,6,2026,2026-06-20 15:30:00,2627.441407
"389704","BiosphereDendrometer_",14,"2026-06-20 22:44:54","2026-06-20T15:44:54",15232,3.749560595,3722.167969,28.30999947,92.51000214,0.288239032,"UAGuest",0,"Green",1013,1083,1083,1216.308594,"false","BioR1132",2026-06-20 15:45:00,171,15.0166666666667,44,45,20,15,0,6,2026,2026-06-20 15:45:00,2627.441407
"389717","BiosphereDendrometer_",14,"2026-06-20 23:0:7","2026-06-20T16:0:7",15233,3.752783298,3718.945313,28.27000046,92.47000122,0.289105803,"null",-100,"Green",1011,1083,1083,1216.308594,"false","BioR1132",2026-06-20 16:00:00,171,15.2166666666667,0,0,20,16,0,6,2026,2026-06-20 16:00:00,2627.441407
"389724","BiosphereDendrometer_",14,"2026-06-20 23:15:58","2026-06-20T16:15:58",15234,3.752783298,3723.779297,28.27000046,91.83999634,0.313294053,"UAGuest",0,"Green",1012,1083,1082,1216.308594,"false","BioR1132",2026-06-20 16:15:00,171,15.85,15,15,20,16,0,6,2026,2026-06-20 16:15:00,2627.441407
"389734","BiosphereDendrometer_",14,"2026-06-20 23:30:59","2026-06-20T16:30:59",15235,3.749560595,3712.5,28.20000076,92.13999939,0.30055052,"UAGuest",0,"Green",1011,1083,1082,1216.308594,"false","BioR1132",2026-06-20 16:30:00,171,15.0166666666667,30,30,20,16,0,6,2026,2026-06-20 16:30:00,2627.441407
"389744","BiosphereDendrometer_",14,"2026-06-20 23:46:0","2026-06-20T16:46:0",15236,3.746337891,3712.5,29.51000023,93.23000336,0.279251933,"UAGuest",0,"Green",1008,1083,1082,1216.308594,"false","BioR1132",2026-06-20 16:45:00,171,15.0166666666667,46,45,20,16,0,6,2026,2026-06-20 16:45:00,2627.441407
"389754","BiosphereDendrometer_",14,"2026-06-21 0:1:1","2026-06-20T17:1:1",15237,3.747949123,3717.333984,29.88999939,91.52999878,0.357090145,"UAGuest",0,"Green",1021,1083,1082,1216.308594,"false","BioR1132",2026-06-20 17:00:00,171,15.0166666666667,1,0,20,17,0,6,2026,2026-06-20 17:00:00,2627.441407
"389764","BiosphereDendrometer_",14,"2026-06-21 0:16:2","2026-06-20T17:16:2",15238,3.747949123,3715.722656,30.13999939,92.48999786,0.321189314,"UAGuest",0,"Green",1019,1082,1081,1215.820313,"false","BioR1132",2026-06-20 17:15:00,171,15.0166666666667,16,15,20,17,0,6,2026,2026-06-20 17:15:00,2626.953126
"389774","BiosphereDendrometer_",14,"2026-06-21 0:31:3","2026-06-20T17:31:3",15239,3.743115187,3718.945313,30.51000023,92.69000244,0.319324642,"UAGuest",0,"Green",1017,1082,1081,1215.820313,"false","BioR1132",2026-06-20 17:30:00,171,15.0166666666667,31,30,20,17,0,6,2026,2026-06-20 17:30:00,2626.953126
"389784","BiosphereDendrometer_",14,"2026-06-21 0:46:4","2026-06-20T17:46:4",15240,3.751171827,3715.722656,30.73999977,92.19999695,0.345232993,"UAGuest",0,"Green",1018,1081,1081,1215.332031,"false","BioR1132",2026-06-20 17:45:00,171,15.0166666666667,46,45,20,17,0,6,2026,2026-06-20 17:45:00,2626.464844
"389794","BiosphereDendrometer_",14,"2026-06-21 1:1:5","2026-06-20T18:1:5",15241,3.747949123,3715.722656,30.87000084,91.55999756,0.37633872,"UAGuest",0,"Green",1019,1081,1081,1215.332031,"false","BioR1132",2026-06-20 18:00:00,171,15.0166666666667,1,0,20,18,0,6,2026,2026-06-20 18:00:00,2626.464844
"389804","BiosphereDendrometer_",14,"2026-06-21 1:16:6","2026-06-20T18:16:6",15242,3.747949123,3712.5,30.87000084,91.12999725,0.39551264,"UAGuest",0,"Green",1017,1081,1080,1215.332031,"false","BioR1132",2026-06-20 18:15:00,171,15.0166666666667,16,15,20,18,0,6,2026,2026-06-20 18:15:00,2626.464844
"389817","BiosphereDendrometer_",14,"2026-06-21 1:31:7","2026-06-20T18:31:7",15243,3.749560595,3712.5,30.87000084,90.79000092,0.410672784,"UAGuest",0,"Green",1016,1081,1080,1215.332031,"false","BioR1132",2026-06-20 18:30:00,171,15.0166666666667,31,30,20,18,0,6,2026,2026-06-20 18:30:00,2626.464844
"389824","BiosphereDendrometer_",14,"2026-06-21 1:46:8","2026-06-20T18:46:8",15244,3.749560595,3709.277344,30.71999931,89.83000183,0.449617445,"UAGuest",0,"Green",1017,1080,1079,1214.84375,"false","BioR1132",2026-06-20 18:45:00,171,15.0166666666667,46,45,20,18,0,6,2026,2026-06-20 18:45:00,2625.976563
"389834","BiosphereDendrometer_",14,"2026-06-21 2:1:9","2026-06-20T19:1:9",15245,3.744726658,3712.5,30.55999947,89.48000336,0.460862547,"UAGuest",0,"Green",1019,1079,1079,1214.355469,"false","BioR1132",2026-06-20 19:00:00,171,15.0166666666667,1,0,20,19,0,6,2026,2026-06-20 19:00:00,2625.488282
"389844","BiosphereDendrometer_",14,"2026-06-21 2:16:10","2026-06-20T19:16:10",15246,3.746337891,3714.111328,30.87999916,87.93000031,0.538506746,"UAGuest",0,"Green",1018,1079,1079,1214.355469,"false","BioR1132",2026-06-20 19:15:00,171,15.0166666666667,16,15,20,19,0,6,2026,2026-06-20 19:15:00,2625.488282
"389854","BiosphereDendrometer_",14,"2026-06-21 2:31:11","2026-06-20T19:31:11",15247,3.744726658,3710.888672,30.92000008,87.06999969,0.578192055,"UAGuest",0,"Green",1017,1079,1078,1214.355469,"false","BioR1132",2026-06-20 19:30:00,171,15.0166666666667,31,30,20,19,0,6,2026,2026-06-20 19:30:00,2625.488282
"389864","BiosphereDendrometer_",14,"2026-06-21 2:46:12","2026-06-20T19:46:12",15248,3.744726658,3707.666016,30.81999969,86.19000244,0.614033937,"UAGuest",0,"Green",1017,1079,1078,1214.355469,"false","BioR1132",2026-06-20 19:45:00,171,15.0166666666667,46,45,20,19,0,6,2026,2026-06-20 19:45:00,2625.488282
"389874","BiosphereDendrometer_",14,"2026-06-21 3:1:25","2026-06-20T20:1:25",15249,3.741503954,3710.888672,30.69000053,85.36000061,0.646129906,"null",-100,"Green",1018,1079,1078,1214.355469,"false","BioR1132",2026-06-20 20:00:00,171,15.2166666666667,1,0,20,20,0,6,2026,2026-06-20 20:00:00,2625.488282
"389884","BiosphereDendrometer_",14,"2026-06-21 3:17:16","2026-06-20T20:17:16",15250,3.749560595,3714.111328,30.51000023,84.56999969,0.674032927,"UAGuest",0,"Green",1019,1079,1078,1214.355469,"false","BioR1132",2026-06-20 20:15:00,171,15.85,17,15,20,20,0,6,2026,2026-06-20 20:15:00,2625.488282
"389894","BiosphereDendrometer_",14,"2026-06-21 3:32:17","2026-06-20T20:32:17",15251,3.749560595,3714.111328,30.34000015,83.76000214,0.702554703,"UAGuest",0,"Green",1020,1077,1077,1213.378906,"false","BioR1132",2026-06-20 20:30:00,171,15.0166666666667,32,30,20,20,0,6,2026,2026-06-20 20:30:00,2624.511719
"389904","BiosphereDendrometer_",14,"2026-06-21 3:47:18","2026-06-20T20:47:18",15252,3.73828125,3707.666016,30.19000053,83.11000061,0.724427223,"UAGuest",0,"Green",1020,1077,1078,1213.378906,"false","BioR1132",2026-06-20 20:45:00,171,15.0166666666667,47,45,20,20,0,6,2026,2026-06-20 20:45:00,2624.511719
"389917","BiosphereDendrometer_",14,"2026-06-21 4:2:19","2026-06-20T21:2:19",15253,3.741503954,3710.888672,30.02000046,82.51000214,0.742888451,"UAGuest",0,"Green",1020,1079,1078,1214.355469,"false","BioR1132",2026-06-20 21:00:00,171,15.0166666666667,2,0,20,21,0,6,2026,2026-06-20 21:00:00,2625.488282
"389924","BiosphereDendrometer_",14,"2026-06-21 4:17:20","2026-06-20T21:17:20",15254,3.747949123,3710.888672,29.87999916,82.02999878,0.757169902,"UAGuest",0,"Green",1022,1078,1077,1213.867188,"false","BioR1132",2026-06-20 21:15:00,171,15.0166666666667,17,15,20,21,0,6,2026,2026-06-20 21:15:00,2625.000001
"389934","BiosphereDendrometer_",14,"2026-06-21 4:32:21","2026-06-20T21:32:21",15255,3.743115187,3709.277344,29.78000069,81.41000366,0.778808117,"UAGuest",0,"Green",1021,1079,1077,1214.355469,"false","BioR1132",2026-06-20 21:30:00,171,15.0166666666667,32,30,20,21,0,6,2026,2026-06-20 21:30:00,2625.488282
"389944","BiosphereDendrometer_",14,"2026-06-21 4:47:22","2026-06-20T21:47:22",15256,3.746337891,3710.888672,29.62999916,80.86000061,0.794965625,"UAGuest",0,"Green",1009,1077,1077,1213.378906,"false","BioR1132",2026-06-20 21:45:00,171,15.0166666666667,47,45,20,21,0,6,2026,2026-06-20 21:45:00,2624.511719
"389954","BiosphereDendrometer_",14,"2026-06-21 5:2:23","2026-06-20T22:2:23",15257,3.744726658,3710.888672,29.47999954,80.69000244,0.795133054,"UAGuest",0,"Green",1010,1077,1078,1213.378906,"false","BioR1132",2026-06-20 22:00:00,171,15.0166666666667,2,0,20,22,0,6,2026,2026-06-20 22:00:00,2624.511719
"389964","BiosphereDendrometer_",14,"2026-06-21 5:17:24","2026-06-20T22:17:24",15258,3.744726658,3706.054688,29.32999992,80.41999817,0.799313664,"UAGuest",0,"Green",1009,1078,1077,1213.867188,"false","BioR1132",2026-06-20 22:15:00,171,15.0166666666667,17,15,20,22,0,6,2026,2026-06-20 22:15:00,2625.000001
"389974","BiosphereDendrometer_",14,"2026-06-21 5:32:25","2026-06-20T22:32:25",15259,3.741503954,3704.443359,29.23999977,80.09999847,0.808171928,"UAGuest",0,"Green",1010,1078,1077,1213.867188,"false","BioR1132",2026-06-20 22:30:00,171,15.0166666666667,32,30,20,22,0,6,2026,2026-06-20 22:30:00,2625.000001
"389984","BiosphereDendrometer_",14,"2026-06-21 5:47:26","2026-06-20T22:47:26",15260,3.739892483,3707.666016,29.14999962,79.72000122,0.819338083,"UAGuest",0,"Green",1011,1077,1078,1213.378906,"false","BioR1132",2026-06-20 22:45:00,171,15.0166666666667,47,45,20,22,0,6,2026,2026-06-20 22:45:00,2624.511719
"389994","BiosphereDendrometer_",14,"2026-06-21 6:2:27","2026-06-20T23:2:27",15261,3.741503954,3704.443359,29.06999969,79.41999817,0.827626765,"UAGuest",0,"Green",1010,1078,1077,1213.867188,"false","BioR1132",2026-06-20 23:00:00,171,15.0166666666667,2,0,20,23,0,6,2026,2026-06-20 23:00:00,2625.000001
"390004","BiosphereDendrometer_",14,"2026-06-21 6:17:28","2026-06-20T23:17:28",15262,3.739892483,3712.5,28.98999977,79.19999695,0.832616925,"UAGuest",0,"Green",1009,1078,1078,1213.867188,"false","BioR1132",2026-06-20 23:15:00,171,15.0166666666667,17,15,20,23,0,6,2026,2026-06-20 23:15:00,2625.000001
"390017","BiosphereDendrometer_",14,"2026-06-21 6:32:29","2026-06-20T23:32:29",15263,3.739892483,3707.666016,28.92000008,78.97000122,0.838424027,"UAGuest",0,"Green",1011,1078,1078,1213.867188,"false","BioR1132",2026-06-20 23:30:00,171,15.0166666666667,32,30,20,23,0,6,2026,2026-06-20 23:30:00,2625.000001
"390024","BiosphereDendrometer_",14,"2026-06-21 6:47:30","2026-06-20T23:47:30",15264,3.735058546,3702.832031,28.84000015,78.69000244,0.845664978,"UAGuest",0,"Green",1011,1078,1078,1213.867188,"false","BioR1132",2026-06-20 23:45:00,171,15.0166666666667,47,45,20,23,0,6,2026,2026-06-20 23:45:00,2625.000001
"390034","BiosphereDendrometer_",14,"2026-06-21 7:2:43","2026-06-21T0:2:43",15265,3.73828125,3702.832031,28.76000023,79.76999664,0.799098194,"null",-100,"Green",1011,1077,1078,1213.378906,"false","BioR1132",2026-06-21,172,15.2166666666667,2,0,21,0,0,6,2026,2026-06-21,2624.511719
"390044","BiosphereDendrometer_",14,"2026-06-21 7:18:34","2026-06-21T0:18:34",15266,3.743115187,3709.277344,27.62999916,87.65000153,0.45681408,"UAGuest",0,"Green",1012,1078,1077,1213.867188,"false","BioR1132",2026-06-21 00:15:00,172,15.85,18,15,21,0,0,6,2026,2026-06-21 00:15:00,2625.000001
"390054","BiosphereDendrometer_",14,"2026-06-21 7:33:35","2026-06-21T0:33:35",15267,3.731835842,3699.609375,27.45999908,90.52999878,0.34682408,"UAGuest",0,"Green",1010,1076,1077,1212.890625,"false","BioR1132",2026-06-21 00:30:00,172,15.0166666666667,33,30,21,0,0,6,2026,2026-06-21 00:30:00,2624.023438
"390064","BiosphereDendrometer_",14,"2026-06-21 7:48:36","2026-06-21T0:48:36",15268,3.736670017,3704.443359,27.23999977,93.22000122,0.24513109,"UAGuest",0,"Green",1011,1081,1081,1215.332031,"false","BioR1132",2026-06-21 00:45:00,172,15.0166666666667,48,45,21,0,0,6,2026,2026-06-21 00:45:00,2626.464844
"390074","BiosphereDendrometer_",14,"2026-06-21 8:3:37","2026-06-21T1:3:37",15269,3.736670017,3704.443359,27.26000023,92.77999878,0.261345237,"UAGuest",0,"Green",1021,1084,1084,1216.796875,"false","BioR1132",2026-06-21 01:00:00,172,15.0166666666667,3,0,21,1,0,6,2026,2026-06-21 01:00:00,2627.929688
"390083","BiosphereDendrometer_",14,"2026-06-21 8:18:38","2026-06-21T1:18:38",15270,3.736670017,3702.832031,27.30999947,92.56999969,0.269735008,"UAGuest",0,"Green",1019,1092,1091,1220.703125,"false","BioR1132",2026-06-21 01:15:00,172,15.0166666666667,18,15,21,1,0,6,2026,2026-06-21 01:15:00,2631.835938
"390094","BiosphereDendrometer_",14,"2026-06-21 8:33:39","2026-06-21T1:33:39",15271,3.735058546,3702.832031,27.38999939,92.76000214,0.264070451,"UAGuest",0,"Green",1017,1113,1113,1230.957031,"false","BioR1132",2026-06-21 01:30:00,172,15.0166666666667,33,30,21,1,0,6,2026,2026-06-21 01:30:00,2642.089844
"390107","BiosphereDendrometer_",14,"2026-06-21 8:48:40","2026-06-21T1:48:40",15272,3.736670017,3702.832031,27.21999931,92.75,0.261817127,"UAGuest",0,"Green",1013,1127,1126,1237.792969,"false","BioR1132",2026-06-21 01:45:00,172,15.0166666666667,48,45,21,1,0,6,2026,2026-06-21 01:45:00,2648.925782
"390117","BiosphereDendrometer_",14,"2026-06-21 9:3:41","2026-06-21T2:3:41",15273,3.735058546,3701.220703,26.80999947,95.36000061,0.163581207,"UAGuest",0,"Green",1011,1136,1137,1242.1875,"false","BioR1132",2026-06-21 02:00:00,172,15.0166666666667,3,0,21,2,0,6,2026,2026-06-21 02:00:00,2653.320313
"390124","BiosphereDendrometer_",14,"2026-06-21 9:18:42","2026-06-21T2:18:42",15274,3.733447313,3702.832031,27.04000092,93.86000061,0.219405219,"UAGuest",0,"Green",1008,1144,1144,1246.09375,"false","BioR1132",2026-06-21 02:15:00,172,15.0166666666667,18,15,21,2,0,6,2026,2026-06-21 02:15:00,2657.226563
"390134","BiosphereDendrometer_",14,"2026-06-21 9:33:43","2026-06-21T2:33:43",15275,3.735058546,3701.220703,26.92000008,94.80999756,0.184157059,"UAGuest",0,"Green",1022,1153,1152,1250.488281,"false","BioR1132",2026-06-21 02:30:00,172,15.0166666666667,33,30,21,2,0,6,2026,2026-06-21 02:30:00,2661.621094
"390144","BiosphereDendrometer_",14,"2026-06-21 9:48:44","2026-06-21T2:48:44",15276,3.735058546,3699.609375,27.09000015,93.23000336,0.242627695,"UAGuest",0,"Green",1021,1160,1159,1253.90625,"false","BioR1132",2026-06-21 02:45:00,172,15.0166666666667,48,45,21,2,0,6,2026,2026-06-21 02:45:00,2665.039063
"390154","BiosphereDendrometer_",14,"2026-06-21 10:3:45","2026-06-21T3:3:45",15277,3.730224609,3699.609375,27.19000053,92.01999664,0.287673563,"UAGuest",0,"Green",1021,1163,1163,1255.371094,"false","BioR1132",2026-06-21 03:00:00,172,15.0166666666667,3,0,21,3,0,6,2026,2026-06-21 03:00:00,2666.503907
"390164","BiosphereDendrometer_",14,"2026-06-21 10:18:46","2026-06-21T3:18:46",15278,3.733447313,3699.609375,27.21999931,91.37000275,0.311652541,"UAGuest",0,"Green",1020,1167,1166,1257.324219,"false","BioR1132",2026-06-21 03:15:00,172,15.0166666666667,18,15,21,3,0,6,2026,2026-06-21 03:15:00,2668.457032
"390174","BiosphereDendrometer_",14,"2026-06-21 10:33:47","2026-06-21T3:33:47",15279,3.730224609,3699.609375,27.20999908,90.87000275,0.329515815,"UAGuest",0,"Green",1020,1170,1169,1258.789063,"false","BioR1132",2026-06-21 03:30:00,172,15.0166666666667,33,30,21,3,0,6,2026,2026-06-21 03:30:00,2669.921876
"390184","BiosphereDendrometer_",14,"2026-06-21 10:48:48","2026-06-21T3:48:48",15280,3.725390673,3697.998047,27.20999908,90.48000336,0.343591511,"UAGuest",0,"Green",1019,1172,1171,1259.765625,"false","BioR1132",2026-06-21 03:45:00,172,15.0166666666667,48,45,21,3,0,6,2026,2026-06-21 03:45:00,2670.898438
"390194","BiosphereDendrometer_",14,"2026-06-21 11:4:1","2026-06-21T4:4:1",15281,3.733447313,3694.775391,27.15999985,89.94000244,0.362019241,"null",-100,"Green",1018,1173,1173,1260.253906,"false","BioR1132",2026-06-21 04:00:00,172,15.2166666666667,4,0,21,4,0,6,2026,2026-06-21 04:00:00,2671.386719
"390204","BiosphereDendrometer_",14,"2026-06-21 11:19:52","2026-06-21T4:19:52",15282,3.735058546,3701.220703,27.14999962,89.33000183,0.38374576,"UAGuest",0,"Green",1020,1174,1174,1260.742188,"false","BioR1132",2026-06-21 04:15:00,172,15.85,19,15,21,4,0,6,2026,2026-06-21 04:15:00,2671.875001
"390217","BiosphereDendrometer_",14,"2026-06-21 11:34:53","2026-06-21T4:34:53",15283,3.736670017,3696.386719,27.09000015,88.98999786,0.394583881,"UAGuest",0,"Green",1021,1174,1174,1260.742188,"false","BioR1132",2026-06-21 04:30:00,172,15.0166666666667,34,30,21,4,0,6,2026,2026-06-21 04:30:00,2671.875001
"390224","BiosphereDendrometer_",14,"2026-06-21 11:49:54","2026-06-21T4:49:54",15284,3.728613377,3694.775391,27.09000015,88.69000244,0.405335337,"UAGuest",0,"Green",1020,1175,1174,1261.230469,"false","BioR1132",2026-06-21 04:45:00,172,15.0166666666667,49,45,21,4,0,6,2026,2026-06-21 04:45:00,2672.363282
"390234","BiosphereDendrometer_",14,"2026-06-21 12:4:55","2026-06-21T5:4:55",15285,3.731835842,3697.998047,27.04999924,88.43000031,0.413682044,"UAGuest",0,"Green",1020,1174,1174,1260.742188,"false","BioR1132",2026-06-21 05:00:00,172,15.0166666666667,4,0,21,5,0,6,2026,2026-06-21 05:00:00,2671.875001
"390244","BiosphereDendrometer_",14,"2026-06-21 12:19:56","2026-06-21T5:19:56",15286,3.735058546,3694.775391,26.53000069,87.33000183,0.43937996,"UAGuest",0,"Green",1022,1173,1174,1260.253906,"false","BioR1132",2026-06-21 05:15:00,172,15.0166666666667,19,15,21,5,0,6,2026,2026-06-21 05:15:00,2671.386719
"390254","BiosphereDendrometer_",14,"2026-06-21 12:34:57","2026-06-21T5:34:57",15287,3.728613377,3697.998047,25.62000084,86.98999786,0.427555859,"UAGuest",0,"Green",1009,1174,1174,1260.742188,"false","BioR1132",2026-06-21 05:30:00,172,15.0166666666667,34,30,21,5,0,6,2026,2026-06-21 05:30:00,2671.875001
"390264","BiosphereDendrometer_",14,"2026-06-21 12:49:58","2026-06-21T5:49:58",15288,3.733447313,3693.164063,25.34000015,85.55000305,0.467053503,"UAGuest",0,"Green",1011,1174,1174,1260.742188,"false","BioR1132",2026-06-21 05:45:00,172,15.0166666666667,49,45,21,5,0,6,2026,2026-06-21 05:45:00,2671.875001
"390274","BiosphereDendrometer_",14,"2026-06-21 13:4:59","2026-06-21T6:4:59",15289,3.730224609,3693.164063,25.19000053,83.43000031,0.530822217,"UAGuest",0,"Green",1013,1174,1174,1260.742188,"false","BioR1132",2026-06-21 06:00:00,172,15.0166666666667,4,0,21,6,0,6,2026,2026-06-21 06:00:00,2671.875001
"390284","BiosphereDendrometer_",14,"2026-06-21 13:20:0","2026-06-21T6:20:0",15290,3.730224609,3693.164063,25.28000069,82.87000275,0.551706195,"UAGuest",0,"Green",1015,1175,1174,1261.230469,"false","BioR1132",2026-06-21 06:15:00,172,15.0166666666667,20,15,21,6,0,6,2026,2026-06-21 06:15:00,2672.363282
"390294","BiosphereDendrometer_",14,"2026-06-21 13:35:1","2026-06-21T6:35:1",15291,3.727001905,3697.998047,25.32999992,82.33999634,0.570468545,"UAGuest",0,"Green",1015,1174,1174,1260.742188,"false","BioR1132",2026-06-21 06:30:00,172,15.0166666666667,35,30,21,6,0,6,2026,2026-06-21 06:30:00,2671.875001
"390304","BiosphereDendrometer_",14,"2026-06-21 13:50:2","2026-06-21T6:50:2",15292,3.730224609,3694.775391,25.44000053,83.25,0.544619143,"UAGuest",0,"Green",1017,1175,1174,1261.230469,"false","BioR1132",2026-06-21 06:45:00,172,15.0166666666667,50,45,21,6,0,6,2026,2026-06-21 06:45:00,2672.363282
"390317","BiosphereDendrometer_",14,"2026-06-21 14:5:3","2026-06-21T7:5:3",15293,3.725390673,3694.775391,25.68000031,82.44000244,0.57914114,"UAGuest",0,"Green",1016,1174,1175,1260.742188,"false","BioR1132",2026-06-21 07:00:00,172,15.0166666666667,5,0,21,7,0,6,2026,2026-06-21 07:00:00,2671.875001
"390324","BiosphereDendrometer_",14,"2026-06-21 14:20:4","2026-06-21T7:20:4",15294,3.727001905,3694.775391,25.97999954,83.81999969,0.543187797,"UAGuest",0,"Green",1016,1175,1175,1261.230469,"false","BioR1132",2026-06-21 07:15:00,172,15.0166666666667,20,15,21,7,0,6,2026,2026-06-21 07:15:00,2672.363282
"390334","BiosphereDendrometer_",14,"2026-06-21 14:35:5","2026-06-21T7:35:5",15295,3.725390673,3689.941406,26.25,83.33000183,0.568633437,"UAGuest",0,"Green",1015,1175,1175,1261.230469,"false","BioR1132",2026-06-21 07:30:00,172,15.0166666666667,35,30,21,7,0,6,2026,2026-06-21 07:30:00,2672.363282
"390344","BiosphereDendrometer_",14,"2026-06-21 14:50:6","2026-06-21T7:50:6",15296,3.725390673,3691.552734,26.61000061,83.54000092,0.573506653,"UAGuest",0,"Green",1014,1174,1175,1260.742188,"false","BioR1132",2026-06-21 07:45:00,172,15.0166666666667,50,45,21,7,0,6,2026,2026-06-21 07:45:00,2671.875001
"390354","BiosphereDendrometer_",14,"2026-06-21 15:5:19","2026-06-21T8:5:19",15297,3.723779202,3689.941406,26.54000092,85.81999969,0.492034495,"null",-100,"Green",1013,1174,1175,1260.742188,"false","BioR1132",2026-06-21 08:00:00,172,15.2166666666667,5,0,21,8,0,6,2026,2026-06-21 08:00:00,2671.875001
"390364","BiosphereDendrometer_",14,"2026-06-21 15:21:10","2026-06-21T8:21:10",15298,3.730224609,3699.609375,26.15999985,90.73999786,0.314196348,"UAGuest",0,"Green",1013,1174,1174,1260.742188,"false","BioR1132",2026-06-21 08:15:00,172,15.85,21,15,21,8,0,6,2026,2026-06-21 08:15:00,2671.875001
"390374","BiosphereDendrometer_",14,"2026-06-21 15:36:11","2026-06-21T8:36:11",15299,3.727001905,3693.164063,26.37000084,91.41999817,0.294752479,"UAGuest",0,"Green",1014,1175,1175,1261.230469,"false","BioR1132",2026-06-21 08:30:00,172,15.0166666666667,36,30,21,8,0,6,2026,2026-06-21 08:30:00,2672.363282
"390384","BiosphereDendrometer_",14,"2026-06-21 15:51:12","2026-06-21T8:51:12",15300,3.723779202,3691.552734,26.64999962,92,0.279396147,"UAGuest",0,"Green",1013,1176,1174,1261.71875,"false","BioR1132",2026-06-21 08:45:00,172,15.0166666666667,51,45,21,8,0,6,2026,2026-06-21 08:45:00,2672.851563
"390394","BiosphereDendrometer_",14,"2026-06-21 16:6:13","2026-06-21T9:6:13",15301,3.725390673,3689.941406,26.09000015,88.33000183,0.394335091,"UAGuest",0,"Green",1015,1174,1174,1260.742188,"false","BioR1132",2026-06-21 09:00:00,172,15.0166666666667,6,0,21,9,0,6,2026,2026-06-21 09:00:00,2671.875001
"390404","BiosphereDendrometer_",14,"2026-06-21 16:21:14","2026-06-21T9:21:14",15302,3.722167969,3691.552734,25.34000015,90.55999756,0.305120319,"UAGuest",0,"Green",1019,1175,1174,1261.230469,"false","BioR1132",2026-06-21 09:15:00,172,15.0166666666667,21,15,21,9,0,6,2026,2026-06-21 09:15:00,2672.363282
"390417","BiosphereDendrometer_",14,"2026-06-21 16:36:15","2026-06-21T9:36:15",15303,3.723779202,3689.941406,25.28000069,90.83000183,0.295338213,"UAGuest",0,"Green",1019,1174,1174,1260.742188,"false","BioR1132",2026-06-21 09:30:00,172,15.0166666666667,36,30,21,9,0,6,2026,2026-06-21 09:30:00,2671.875001
"390424","BiosphereDendrometer_",14,"2026-06-21 16:51:16","2026-06-21T9:51:16",15304,3.720556736,3691.552734,25.40999985,90.91000366,0.295031309,"UAGuest",0,"Green",1017,1174,1173,1260.742188,"false","BioR1132",2026-06-21 09:45:00,172,15.0166666666667,51,45,21,9,0,6,2026,2026-06-21 09:45:00,2671.875001
"390434","BiosphereDendrometer_",14,"2026-06-21 17:6:17","2026-06-21T10:6:17",15305,3.720556736,3691.552734,25.54000092,91.75,0.269841701,"UAGuest",0,"Green",1019,1174,1173,1260.742188,"false","BioR1132",2026-06-21 10:00:00,172,15.0166666666667,6,0,21,10,0,6,2026,2026-06-21 10:00:00,2671.875001
"390444","BiosphereDendrometer_",14,"2026-06-21 17:21:18","2026-06-21T10:21:18",15306,3.725390673,3688.330078,25.70999908,91.91999817,0.266958147,"UAGuest",0,"Green",1018,1173,1172,1260.253906,"false","BioR1132",2026-06-21 10:15:00,172,15.0166666666667,21,15,21,10,0,6,2026,2026-06-21 10:15:00,2671.386719
"390454","BiosphereDendrometer_",14,"2026-06-21 17:36:19","2026-06-21T10:36:19",15307,3.722167969,3689.941406,25.77000046,92.43000031,0.250998437,"UAGuest",0,"Green",1017,1171,1172,1259.277344,"false","BioR1132",2026-06-21 10:30:00,172,15.0166666666667,36,30,21,10,0,6,2026,2026-06-21 10:30:00,2670.410157
"390464","BiosphereDendrometer_",14,"2026-06-21 17:51:20","2026-06-21T10:51:20",15308,3.723779202,3693.164063,25.90999985,92.47000122,0.251749426,"UAGuest",0,"Green",1018,1172,1171,1259.765625,"false","BioR1132",2026-06-21 10:45:00,172,15.0166666666667,51,45,21,10,0,6,2026,2026-06-21 10:45:00,2670.898438
"390474","BiosphereDendrometer_",14,"2026-06-21 18:6:21","2026-06-21T11:6:21",15309,3.720556736,3683.496094,26.02000046,92.36000061,0.257093787,"UAGuest",0,"Green",1018,1170,1171,1258.789063,"false","BioR1132",2026-06-21 11:00:00,172,15.0166666666667,6,0,21,11,0,6,2026,2026-06-21 11:00:00,2669.921876
"390484","BiosphereDendrometer_",14,"2026-06-21 18:21:22","2026-06-21T11:21:22",15310,3.722167969,3686.71875,26.10000038,92.66000366,0.248168677,"UAGuest",0,"Green",1018,1170,1170,1258.789063,"false","BioR1132",2026-06-21 11:15:00,172,15.0166666666667,21,15,21,11,0,6,2026,2026-06-21 11:15:00,2669.921876
"390494","BiosphereDendrometer_",14,"2026-06-21 18:36:23","2026-06-21T11:36:23",15311,3.723779202,3689.941406,26.21999931,93.01999664,0.237675026,"UAGuest",0,"Green",1018,1171,1169,1259.277344,"false","BioR1132",2026-06-21 11:30:00,172,15.0166666666667,36,30,21,11,0,6,2026,2026-06-21 11:30:00,2670.410157
"390504","BiosphereDendrometer_",14,"2026-06-21 18:51:24","2026-06-21T11:51:24",15312,3.723779202,3688.330078,26.31999969,93.05000305,0.238053486,"UAGuest",0,"Green",1020,1169,1169,1258.300781,"false","BioR1132",2026-06-21 11:45:00,172,15.0166666666667,51,45,21,11,0,6,2026,2026-06-21 11:45:00,2669.433594
"390517","BiosphereDendrometer_",14,"2026-06-21 19:6:37","2026-06-21T12:6:37",15313,3.717334032,3686.71875,26.44000053,93.23000336,0.233534038,"null",-100,"Green",1018,1168,1168,1257.8125,"false","BioR1132",2026-06-21 12:00:00,172,15.2166666666667,6,0,21,12,0,6,2026,2026-06-21 12:00:00,2668.945313
"390524","BiosphereDendrometer_",14,"2026-06-21 19:22:28","2026-06-21T12:22:28",15314,3.723779202,3688.330078,26.5,93.19000244,0.235745534,"UAGuest",0,"Green",1019,1166,1166,1256.835938,"false","BioR1132",2026-06-21 12:15:00,172,15.85,22,15,21,12,0,6,2026,2026-06-21 12:15:00,2667.968751
"390534","BiosphereDendrometer_",14,"2026-06-21 19:37:29","2026-06-21T12:37:29",15315,3.718945265,3688.330078,26.61000061,93.30000305,0.233444259,"UAGuest",0,"Green",1018,1162,1161,1254.882813,"false","BioR1132",2026-06-21 12:30:00,172,15.0166666666667,37,30,21,12,0,6,2026,2026-06-21 12:30:00,2666.015626
"390544","BiosphereDendrometer_",14,"2026-06-21 19:52:30","2026-06-21T12:52:30",15316,3.717334032,3685.107422,26.70999908,93.16999817,0.239377677,"UAGuest",0,"Green",1018,1150,1150,1249.023438,"false","BioR1132",2026-06-21 12:45:00,172,15.0166666666667,52,45,21,12,0,6,2026,2026-06-21 12:45:00,2660.156251
"390554","BiosphereDendrometer_",14,"2026-06-21 20:7:31","2026-06-21T13:7:31",15317,3.720556736,3683.496094,26.78000069,93.18000031,0.240012676,"UAGuest",0,"Green",1019,1142,1141,1245.117188,"false","BioR1132",2026-06-21 13:00:00,172,15.0166666666667,7,0,21,13,0,6,2026,2026-06-21 13:00:00,2656.250001
"390564","BiosphereDendrometer_",14,"2026-06-21 20:22:32","2026-06-21T13:22:32",15318,3.718945265,3686.71875,26.79999924,93.30999756,0.23571454,"UAGuest",0,"Green",1021,1137,1136,1242.675781,"false","BioR1132",2026-06-21 13:15:00,172,15.0166666666667,22,15,21,13,0,6,2026,2026-06-21 13:15:00,2653.808594
"390574","BiosphereDendrometer_",14,"2026-06-21 20:37:33","2026-06-21T13:37:33",15319,3.720556736,3686.71875,26.87999916,93.04000092,0.246382594,"UAGuest",0,"Green",1021,1135,1134,1241.699219,"false","BioR1132",2026-06-21 13:30:00,172,15.0166666666667,37,30,21,13,0,6,2026,2026-06-21 13:30:00,2652.832032
"390584","BiosphereDendrometer_",14,"2026-06-21 20:52:34","2026-06-21T13:52:34",15320,3.720556736,3688.330078,26.85000038,93,0.24736245,"UAGuest",0,"Green",1021,1135,1134,1241.699219,"false","BioR1132",2026-06-21 13:45:00,172,15.0166666666667,52,45,21,13,0,6,2026,2026-06-21 13:45:00,2652.832032
"390594","BiosphereDendrometer_",14,"2026-06-21 21:7:35","2026-06-21T14:7:35",15321,3.715722561,3678.662109,26.84000015,93.19999695,0.240153953,"UAGuest",0,"Green",1021,1135,1135,1241.699219,"false","BioR1132",2026-06-21 14:00:00,172,15.0166666666667,7,0,21,14,0,6,2026,2026-06-21 14:00:00,2652.832032
"390604","BiosphereDendrometer_",14,"2026-06-21 21:22:36","2026-06-21T14:22:36",15322,3.715722561,3685.107422,26.80999947,93.05000305,0.245019093,"UAGuest",0,"Green",1020,1135,1135,1241.699219,"false","BioR1132",2026-06-21 14:15:00,172,15.0166666666667,22,15,21,14,0,6,2026,2026-06-21 14:15:00,2652.832032
"390617","BiosphereDendrometer_",14,"2026-06-21 21:37:37","2026-06-21T14:37:37",15323,3.717334032,3680.273438,26.84000015,93.34999847,0.234856412,"UAGuest",0,"Green",1020,1135,1135,1241.699219,"false","BioR1132",2026-06-21 14:30:00,172,15.0166666666667,37,30,21,14,0,6,2026,2026-06-21 14:30:00,2652.832032
"390624","BiosphereDendrometer_",14,"2026-06-21 21:52:38","2026-06-21T14:52:38",15324,3.718945265,3686.71875,26.85000038,93.58000183,0.226866663,"UAGuest",0,"Green",1020,1135,1134,1241.699219,"false","BioR1132",2026-06-21 14:45:00,172,15.0166666666667,52,45,21,14,0,6,2026,2026-06-21 14:45:00,2652.832032
"390634","BiosphereDendrometer_",14,"2026-06-21 22:7:39","2026-06-21T15:7:39",15325,3.717334032,3683.496094,27.37999916,93.97000122,0.219808564,"UAGuest",0,"Green",1017,1135,1134,1241.699219,"false","BioR1132",2026-06-21 15:00:00,172,15.0166666666667,7,0,21,15,0,6,2026,2026-06-21 15:00:00,2652.832032
"390644","BiosphereDendrometer_",14,"2026-06-21 22:22:40","2026-06-21T15:22:40",15326,3.715722561,3681.884766,27.90999985,93.34999847,0.250026882,"UAGuest",0,"Green",1016,1134,1134,1241.210938,"false","BioR1132",2026-06-21 15:15:00,172,15.0166666666667,22,15,21,15,0,6,2026,2026-06-21 15:15:00,2652.343751
"390654","BiosphereDendrometer_",14,"2026-06-21 22:37:41","2026-06-21T15:37:41",15327,3.715722561,3677.050781,28.06999969,93.02999878,0.264511108,"UAGuest",0,"Green",1013,1135,1134,1241.699219,"false","BioR1132",2026-06-21 15:30:00,172,15.0166666666667,37,30,21,15,0,6,2026,2026-06-21 15:30:00,2652.832032
"390664","BiosphereDendrometer_",14,"2026-06-21 22:52:42","2026-06-21T15:52:42",15328,3.714111328,3678.662109,28.10000038,92.94999695,0.26801461,"UAGuest",0,"Green",1014,1135,1134,1241.699219,"false","BioR1132",2026-06-21 15:45:00,172,15.0166666666667,52,45,21,15,0,6,2026,2026-06-21 15:45:00,2652.832032
"390674","BiosphereDendrometer_",14,"2026-06-21 23:7:55","2026-06-21T16:7:55",15329,3.710888624,3681.884766,28.06999969,93.11000061,0.261475056,"null",-100,"Green",1012,1135,1134,1241.699219,"false","BioR1132",2026-06-21 16:00:00,172,15.2166666666667,7,0,21,16,0,6,2026,2026-06-21 16:00:00,2652.832032
"390684","BiosphereDendrometer_",14,"2026-06-21 23:23:46","2026-06-21T16:23:46",15330,3.714111328,3686.71875,28.07999992,92.59999847,0.280993044,"UAGuest",0,"Green",1012,1135,1134,1241.699219,"false","BioR1132",2026-06-21 16:30:00,172,15.85,23,30,21,16,0,6,2026,2026-06-21 16:30:00,2652.832032
"390694","BiosphereDendrometer_",14,"2026-06-21 23:38:47","2026-06-21T16:38:47",15331,3.714111328,3683.496094,28.92000008,95.90000153,0.163458869,"UAGuest",0,"Green",1011,1135,1135,1241.699219,"false","BioR1132",2026-06-21 16:45:00,172,15.0166666666667,38,45,21,16,0,6,2026,2026-06-21 16:45:00,2652.832032
"390704","BiosphereDendrometer_",14,"2026-06-21 23:53:48","2026-06-21T16:53:48",15332,3.714111328,3681.884766,29.68000031,93.75,0.260336578,"UAGuest",0,"Green",1012,1135,1135,1241.699219,"false","BioR1132",2026-06-21 17:00:00,172,15.0166666666667,53,0,21,17,0,6,2026,2026-06-21 17:00:00,2652.832032
"390717","BiosphereDendrometer_",14,"2026-06-22 0:8:49","2026-06-21T17:8:49",15333,3.710888624,3677.050781,29.98999977,94.05000305,0.252291948,"UAGuest",0,"Green",1012,1136,1135,1242.1875,"false","BioR1132",2026-06-21 17:15:00,172,15.0166666666667,8,15,21,17,0,6,2026,2026-06-21 17:15:00,2653.320313
"390724","BiosphereDendrometer_",14,"2026-06-22 0:23:50","2026-06-21T17:23:50",15334,3.712500095,3680.273438,30.38999939,94.44999695,0.240784958,"UAGuest",0,"Green",1021,1136,1135,1242.1875,"false","BioR1132",2026-06-21 17:30:00,172,15.0166666666667,23,30,21,17,0,6,2026,2026-06-21 17:30:00,2653.320313
"390734","BiosphereDendrometer_",14,"2026-06-22 0:38:51","2026-06-21T17:38:51",15335,3.712500095,3678.662109,30.68000031,94.20999908,0.255393416,"UAGuest",0,"Green",1019,1137,1136,1242.675781,"false","BioR1132",2026-06-21 17:45:00,172,15.0166666666667,38,45,21,17,0,6,2026,2026-06-21 17:45:00,2653.808594
"390744","BiosphereDendrometer_",14,"2026-06-22 0:53:52","2026-06-21T17:53:52",15336,3.714111328,3685.107422,30.81999969,93.69999695,0.280117035,"UAGuest",0,"Green",1020,1137,1136,1242.675781,"false","BioR1132",2026-06-21 18:00:00,172,15.0166666666667,53,0,21,18,0,6,2026,2026-06-21 18:00:00,2653.808594
"390754","BiosphereDendrometer_",14,"2026-06-22 1:8:53","2026-06-21T18:8:53",15337,3.715722561,3683.496094,30.95999908,93.44999695,0.293565094,"UAGuest",0,"Green",1019,1137,1137,1242.675781,"false","BioR1132",2026-06-21 18:15:00,172,15.0166666666667,8,15,21,18,0,6,2026,2026-06-21 18:15:00,2653.808594
"390764","BiosphereDendrometer_",14,"2026-06-22 1:23:54","2026-06-21T18:23:54",15338,3.712500095,3677.050781,30.95000076,92.70999908,0.326545119,"UAGuest",0,"Green",1019,1137,1137,1242.675781,"false","BioR1132",2026-06-21 18:30:00,172,15.0166666666667,23,30,21,18,0,6,2026,2026-06-21 18:30:00,2653.808594
"390774","BiosphereDendrometer_",14,"2026-06-22 1:38:55","2026-06-21T18:38:55",15339,3.712500095,3681.884766,30.85000038,92.31999969,0.342060268,"UAGuest",0,"Green",1020,1137,1137,1242.675781,"false","BioR1132",2026-06-21 18:45:00,172,15.0166666666667,38,45,21,18,0,6,2026,2026-06-21 18:45:00,2653.808594
"390784","BiosphereDendrometer_",14,"2026-06-22 1:53:56","2026-06-21T18:53:56",15340,3.709277391,3675.439453,30.70999908,91.77999878,0.363200277,"UAGuest",0,"Green",1021,1138,1138,1243.164063,"false","BioR1132",2026-06-21 19:00:00,172,15.0166666666667,53,0,21,19,0,6,2026,2026-06-21 19:00:00,2654.296876
"390794","BiosphereDendrometer_",14,"2026-06-22 2:8:57","2026-06-21T19:8:57",15341,3.709277391,3678.662109,30.85000038,90.34999847,0.429802537,"UAGuest",0,"Green",1020,1139,1139,1243.652344,"false","BioR1132",2026-06-21 19:15:00,172,15.0166666666667,8,15,21,19,0,6,2026,2026-06-21 19:15:00,2654.785157
"390804","BiosphereDendrometer_",14,"2026-06-22 2:23:58","2026-06-21T19:23:58",15342,3.715722561,3678.662109,30.95000076,89.33999634,0.477499694,"UAGuest",0,"Green",1021,1138,1138,1243.164063,"false","BioR1132",2026-06-21 19:30:00,172,15.0166666666667,23,30,21,19,0,6,2026,2026-06-21 19:30:00,2654.296876
"390817","BiosphereDendrometer_",14,"2026-06-22 2:38:59","2026-06-21T19:38:59",15343,3.70766592,3673.828125,31.05999947,87.76000214,0.551717281,"UAGuest",0,"Green",1021,1139,1138,1243.652344,"false","BioR1132",2026-06-21 19:45:00,172,15.0166666666667,38,45,21,19,0,6,2026,2026-06-21 19:45:00,2654.785157
"390824","BiosphereDendrometer_",14,"2026-06-22 2:54:0","2026-06-21T19:54:0",15344,3.710888624,3672.216797,31.36000061,85.11000061,0.68270874,"UAGuest",0,"Green",1021,1140,1138,1244.140625,"false","BioR1132",2026-06-21 20:00:00,172,15.0166666666667,54,0,21,20,0,6,2026,2026-06-21 20:00:00,2655.273438
"390834","BiosphereDendrometer_",14,"2026-06-22 3:9:13","2026-06-21T20:9:13",15345,3.706054688,3675.439453,31.14999962,84.52999878,0.700888634,"null",-100,"Green",1021,1139,1138,1243.652344,"false","BioR1132",2026-06-21 20:15:00,172,15.2166666666667,9,15,21,20,0,6,2026,2026-06-21 20:15:00,2654.785157
"390844","BiosphereDendrometer_",14,"2026-06-22 3:25:4","2026-06-21T20:25:4",15346,3.715722561,3675.439453,30.95999908,83.86000061,0.723380089,"UAGuest",0,"Green",1021,1140,1138,1244.140625,"false","BioR1132",2026-06-21 20:30:00,172,15.85,25,30,21,20,0,6,2026,2026-06-21 20:30:00,2655.273438
"390854","BiosphereDendrometer_",14,"2026-06-22 3:40:5","2026-06-21T20:40:5",15347,3.709277391,3670.605469,30.71999931,83.38999939,0.734331012,"UAGuest",0,"Green",1010,1140,1138,1244.140625,"false","BioR1132",2026-06-21 20:45:00,172,15.0166666666667,40,45,21,20,0,6,2026,2026-06-21 20:45:00,2655.273438
"390864","BiosphereDendrometer_",14,"2026-06-22 3:55:6","2026-06-21T20:55:6",15348,3.710888624,3673.828125,30.54000092,83.23000336,0.733825266,"UAGuest",0,"Green",1008,1140,1138,1244.140625,"false","BioR1132",2026-06-21 21:00:00,172,15.0166666666667,55,0,21,21,0,6,2026,2026-06-21 21:00:00,2655.273438
"390874","BiosphereDendrometer_",14,"2026-06-22 4:10:7","2026-06-21T21:10:7",15349,3.709277391,3675.439453,30.36000061,82.91000366,0.740172625,"UAGuest",0,"Green",1012,1138,1138,1243.164063,"false","BioR1132",2026-06-21 21:15:00,172,15.0166666666667,10,15,21,21,0,6,2026,2026-06-21 21:15:00,2654.296876
"390884","BiosphereDendrometer_",14,"2026-06-22 4:25:8","2026-06-21T21:25:8",15350,3.70766592,3670.605469,30.15999985,82.5,0.74930191,"UAGuest",0,"Green",1013,1139,1138,1243.652344,"false","BioR1132",2026-06-21 21:30:00,172,15.0166666666667,25,30,21,21,0,6,2026,2026-06-21 21:30:00,2654.785157
"390894","BiosphereDendrometer_",14,"2026-06-22 4:40:9","2026-06-21T21:40:9",15351,3.709277391,3670.605469,30,81.93000031,0.76664418,"UAGuest",0,"Green",1011,1141,1138,1244.628906,"false","BioR1132",2026-06-21 21:45:00,172,15.0166666666667,40,45,21,21,0,6,2026,2026-06-21 21:45:00,2655.761719
"390904","BiosphereDendrometer_",14,"2026-06-22 4:55:10","2026-06-21T21:55:10",15352,3.70766592,3673.828125,29.81999969,81.52999878,0.775560856,"UAGuest",0,"Green",1012,1139,1138,1243.652344,"false","BioR1132",2026-06-21 22:00:00,172,15.0166666666667,55,0,21,22,0,6,2026,2026-06-21 22:00:00,2654.785157
"390916","BiosphereDendrometer_",14,"2026-06-22 5:10:11","2026-06-21T22:10:11",15353,3.706054688,3670.605469,29.62000084,81.33999634,0.774583817,"UAGuest",0,"Green",1014,1139,1138,1243.652344,"false","BioR1132",2026-06-21 22:15:00,172,15.0166666666667,10,15,21,22,0,6,2026,2026-06-21 22:15:00,2654.785157
"390924","BiosphereDendrometer_",14,"2026-06-22 5:25:12","2026-06-21T22:25:12",15354,3.709277391,3673.828125,29.5,81.23999786,0.773375809,"UAGuest",0,"Green",1012,1138,1138,1243.164063,"false","BioR1132",2026-06-21 22:30:00,172,15.0166666666667,25,30,21,22,0,6,2026,2026-06-21 22:30:00,2654.296876
"390934","BiosphereDendrometer_",14,"2026-06-22 5:40:13","2026-06-21T22:40:13",15355,3.70766592,3667.382813,29.35000038,80.87999725,0.78143543,"UAGuest",0,"Green",1014,1139,1138,1243.652344,"false","BioR1132",2026-06-21 22:45:00,172,15.0166666666667,40,45,21,22,0,6,2026,2026-06-21 22:45:00,2654.785157
"390944","BiosphereDendrometer_",14,"2026-06-22 5:55:14","2026-06-21T22:55:14",15356,3.712500095,3668.994141,29.20000076,80.91000366,0.773489296,"UAGuest",0,"Green",1014,1139,1139,1243.652344,"false","BioR1132",2026-06-21 23:00:00,172,15.0166666666667,55,0,21,23,0,6,2026,2026-06-21 23:00:00,2654.785157
"390954","BiosphereDendrometer_",14,"2026-06-22 6:10:15","2026-06-21T23:10:15",15357,3.70766592,3665.771484,29.13999939,80.76000214,0.776872158,"UAGuest",0,"Green",1014,1139,1138,1243.652344,"false","BioR1132",2026-06-21 23:15:00,172,15.0166666666667,10,15,21,23,0,6,2026,2026-06-21 23:15:00,2654.785157
"390964","BiosphereDendrometer_",14,"2026-06-22 6:25:16","2026-06-21T23:25:16",15358,3.706054688,3673.828125,29.07999992,80.22000122,0.795914173,"UAGuest",0,"Green",1015,1140,1139,1244.140625,"false","BioR1132",2026-06-21 23:30:00,172,15.0166666666667,25,30,21,23,0,6,2026,2026-06-21 23:30:00,2655.273438
"390974","BiosphereDendrometer_",14,"2026-06-22 6:40:17","2026-06-21T23:40:17",15359,3.702831984,3668.994141,28.95999908,80.55999756,0.776828468,"UAGuest",0,"Green",1014,1140,1138,1244.140625,"false","BioR1132",2026-06-21 23:45:00,172,15.0166666666667,40,45,21,23,0,6,2026,2026-06-21 23:45:00,2655.273438
"390984","BiosphereDendrometer_",14,"2026-06-22 6:55:18","2026-06-21T23:55:18",15360,3.701220751,3670.605469,28.84000015,79.80000305,0.801615834,"UAGuest",0,"Green",1015,1138,1138,1243.164063,"false","BioR1132",2026-06-22,172,15.0166666666667,55,0,22,0,0,6,2026,2026-06-22,2654.296876
"390994","BiosphereDendrometer_",14,"2026-06-22 7:10:31","2026-06-22T0:10:31",15361,3.709277391,3665.771484,28.77000046,79.45999908,0.811813116,"null",-100,"Green",1014,1139,1138,1243.652344,"false","BioR1132",2026-06-22 00:15:00,173,15.2166666666667,10,15,22,0,0,6,2026,2026-06-22 00:15:00,2654.785157
"391007","BiosphereDendrometer_",14,"2026-06-22 7:26:22","2026-06-22T0:26:22",15362,3.70766592,3673.828125,28.67000008,80.69000244,0.758792281,"UAGuest",0,"Green",1015,1139,1138,1243.652344,"false","BioR1132",2026-06-22 00:30:00,173,15.85,26,30,22,0,0,6,2026,2026-06-22 00:30:00,2654.785157
"391017","BiosphereDendrometer_",14,"2026-06-22 7:41:23","2026-06-22T0:41:23",15363,3.706054688,3665.771484,28.62999916,80.13999939,0.778598189,"UAGuest",0,"Green",1015,1140,1139,1244.140625,"false","BioR1132",2026-06-22 00:45:00,173,15.0166666666667,41,45,22,0,0,6,2026,2026-06-22 00:45:00,2655.273438
"391024","BiosphereDendrometer_",14,"2026-06-22 7:56:24","2026-06-22T0:56:24",15364,3.697998047,3667.382813,28.55999947,79.48999786,0.800825119,"UAGuest",0,"Green",1015,1139,1139,1243.652344,"false","BioR1132",2026-06-22 01:00:00,173,15.0166666666667,56,0,22,1,0,6,2026,2026-06-22 01:00:00,2654.785157
"391034","BiosphereDendrometer_",14,"2026-06-22 8:11:25","2026-06-22T1:11:25",15365,3.704443455,3668.994141,28.55999947,79.54000092,0.798872769,"UAGuest",0,"Green",1017,1140,1138,1244.140625,"false","BioR1132",2026-06-22 01:15:00,173,15.0166666666667,11,15,22,1,0,6,2026,2026-06-22 01:15:00,2655.273438
"391044","BiosphereDendrometer_",14,"2026-06-22 8:26:26","2026-06-22T1:26:26",15366,3.702831984,3665.771484,28.45000076,79.44000244,0.797671676,"UAGuest",0,"Green",1015,1139,1139,1243.652344,"false","BioR1132",2026-06-22 01:30:00,173,15.0166666666667,26,30,22,1,0,6,2026,2026-06-22 01:30:00,2654.785157
"391054","BiosphereDendrometer_",14,"2026-06-22 8:41:27","2026-06-22T1:41:27",15367,3.702831984,3667.382813,28.42000008,79.41999817,0.797058821,"UAGuest",0,"Green",1016,1139,1139,1243.652344,"false","BioR1132",2026-06-22 01:45:00,173,15.0166666666667,41,45,22,1,0,6,2026,2026-06-22 01:45:00,2654.785157
"391064","BiosphereDendrometer_",14,"2026-06-22 8:56:28","2026-06-22T1:56:28",15368,3.701220751,3665.771484,28.35000038,79.37000275,0.795754731,"UAGuest",0,"Green",1016,1139,1139,1243.652344,"false","BioR1132",2026-06-22 02:00:00,173,15.0166666666667,56,0,22,2,0,6,2026,2026-06-22 02:00:00,2654.785157
"391074","BiosphereDendrometer_",14,"2026-06-22 9:11:29","2026-06-22T2:11:29",15369,3.704443455,3665.771484,28.28000069,79.30999756,0.794830918,"UAGuest",0,"Green",1017,1139,1138,1243.652344,"false","BioR1132",2026-06-22 02:15:00,173,15.0166666666667,11,15,22,2,0,6,2026,2026-06-22 02:15:00,2654.785157
"391084","BiosphereDendrometer_",14,"2026-06-22 9:26:30","2026-06-22T2:26:30",15370,3.706054688,3662.548828,28.34000015,79.26999664,0.799148023,"UAGuest",0,"Green",1016,1139,1138,1243.652344,"false","BioR1132",2026-06-22 02:30:00,173,15.0166666666667,26,30,22,2,0,6,2026,2026-06-22 02:30:00,2654.785157
"391094","BiosphereDendrometer_",14,"2026-06-22 9:41:31","2026-06-22T2:41:31",15371,3.701220751,3664.160156,28.30999947,79.23999786,0.798911154,"UAGuest",0,"Green",1016,1139,1139,1243.652344,"false","BioR1132",2026-06-22 02:45:00,173,15.0166666666667,41,45,22,2,0,6,2026,2026-06-22 02:45:00,2654.785157
"391107","BiosphereDendrometer_",14,"2026-06-22 9:56:32","2026-06-22T2:56:32",15372,3.701220751,3664.160156,28.31999969,78.83000183,0.81516248,"UAGuest",0,"Green",1016,1139,1138,1243.652344,"false","BioR1132",2026-06-22 03:00:00,173,15.0166666666667,56,0,22,3,0,6,2026,2026-06-22 03:00:00,2654.785157
"391117","BiosphereDendrometer_",14,"2026-06-22 10:11:33","2026-06-22T3:11:33",15373,3.696386814,3662.548828,28.27000046,78.55999756,0.82316488,"UAGuest",0,"Green",1017,1138,1139,1243.164063,"false","BioR1132",2026-06-22 03:15:00,173,15.0166666666667,11,15,22,3,0,6,2026,2026-06-22 03:15:00,2654.296876
"391124","BiosphereDendrometer_",14,"2026-06-22 10:26:34","2026-06-22T3:26:34",15374,3.697998047,3662.548828,28.27000046,79.04000092,0.804735482,"UAGuest",0,"Green",1016,1139,1139,1243.652344,"false","BioR1132",2026-06-22 03:30:00,173,15.0166666666667,26,30,22,3,0,6,2026,2026-06-22 03:30:00,2654.785157
"391134","BiosphereDendrometer_",14,"2026-06-22 10:41:35","2026-06-22T3:41:35",15375,3.704443455,3667.382813,28.14999962,79.61000061,0.777408898,"UAGuest",0,"Green",1017,1138,1139,1243.164063,"false","BioR1132",2026-06-22 03:45:00,173,15.0166666666667,41,45,22,3,0,6,2026,2026-06-22 03:45:00,2654.296876
"391144","BiosphereDendrometer_",14,"2026-06-22 10:56:36","2026-06-22T3:56:36",15376,3.702831984,3665.771484,28.14999962,79.12999725,0.795709968,"UAGuest",0,"Green",1016,1139,1139,1243.652344,"false","BioR1132",2026-06-22 04:00:00,173,15.0166666666667,56,0,22,4,0,6,2026,2026-06-22 04:00:00,2654.785157
"391154","BiosphereDendrometer_",14,"2026-06-22 11:11:49","2026-06-22T4:11:49",15377,3.69960928,3662.548828,28.14999962,78.88999939,0.804860353,"null",-100,"Green",1015,1139,1138,1243.652344,"false","BioR1132",2026-06-22 04:15:00,173,15.2166666666667,11,15,22,4,0,6,2026,2026-06-22 04:15:00,2654.785157
"391164","BiosphereDendrometer_",14,"2026-06-22 11:27:40","2026-06-22T4:27:40",15378,3.702831984,3667.382813,28.18000031,78.22000122,0.831855297,"UAGuest",0,"Green",1017,1140,1139,1244.140625,"false","BioR1132",2026-06-22 04:30:00,173,15.85,27,30,22,4,0,6,2026,2026-06-22 04:30:00,2655.273438
"391174","BiosphereDendrometer_",14,"2026-06-22 11:42:41","2026-06-22T4:42:41",15379,3.69960928,3660.9375,28.17000008,78.05000305,0.837860823,"UAGuest",0,"Green",1015,1139,1138,1243.652344,"false","BioR1132",2026-06-22 04:45:00,173,15.0166666666667,42,45,22,4,0,6,2026,2026-06-22 04:45:00,2654.785157
"391184","BiosphereDendrometer_",14,"2026-06-22 11:57:42","2026-06-22T4:57:42",15380,3.696386814,3659.326172,28.12000084,78.86000061,0.804599047,"UAGuest",0,"Green",1017,1139,1139,1243.652344,"false","BioR1132",2026-06-22 05:00:00,173,15.0166666666667,57,0,22,5,0,6,2026,2026-06-22 05:00:00,2654.785157
"391194","BiosphereDendrometer_",14,"2026-06-22 12:12:43","2026-06-22T5:12:43",15381,3.69960928,3664.160156,28.04999924,77.19999695,0.864252329,"UAGuest",0,"Green",1018,1139,1139,1243.652344,"false","BioR1132",2026-06-22 05:15:00,173,15.0166666666667,12,15,22,5,0,6,2026,2026-06-22 05:15:00,2654.785157
"391204","BiosphereDendrometer_",14,"2026-06-22 12:27:44","2026-06-22T5:27:44",15382,3.697998047,3664.160156,27.80999947,77.41999817,0.844029725,"UAGuest",0,"Green",1018,1140,1139,1244.140625,"false","BioR1132",2026-06-22 05:30:00,173,15.0166666666667,27,30,22,5,0,6,2026,2026-06-22 05:30:00,2655.273438
"391216","BiosphereDendrometer_",14,"2026-06-22 12:42:45","2026-06-22T5:42:45",15383,3.694775343,3659.326172,27.63999939,77.08999634,0.847913027,"UAGuest",0,"Green",1017,1139,1139,1243.652344,"false","BioR1132",2026-06-22 05:45:00,173,15.0166666666667,42,45,22,5,0,6,2026,2026-06-22 05:45:00,2654.785157
"391224","BiosphereDendrometer_",14,"2026-06-22 12:57:46","2026-06-22T5:57:46",15384,3.696386814,3659.326172,27.80999947,76.83999634,0.865709841,"UAGuest",0,"Green",1019,1139,1139,1243.652344,"false","BioR1132",2026-06-22 06:00:00,173,15.0166666666667,57,0,22,6,0,6,2026,2026-06-22 06:00:00,2654.785157
"391234","BiosphereDendrometer_",14,"2026-06-22 13:12:47","2026-06-22T6:12:47",15385,3.697998047,3664.160156,28.06999969,76.08999634,0.907383323,"UAGuest",0,"Green",1020,1140,1139,1244.140625,"false","BioR1132",2026-06-22 06:15:00,173,15.0166666666667,12,15,22,6,0,6,2026,2026-06-22 06:15:00,2655.273438
"391244","BiosphereDendrometer_",14,"2026-06-22 13:27:48","2026-06-22T6:27:48",15386,3.696386814,3657.714844,28.20999908,76.33999634,0.905236959,"UAGuest",0,"Green",1019,1140,1140,1244.140625,"false","BioR1132",2026-06-22 06:30:00,173,15.0166666666667,27,30,22,6,0,6,2026,2026-06-22 06:30:00,2655.273438
"391254","BiosphereDendrometer_",14,"2026-06-22 13:42:49","2026-06-22T6:42:49",15387,3.691552639,3659.326172,28.07999992,74.65000153,0.962590992,"UAGuest",0,"Green",1020,1141,1140,1244.628906,"false","BioR1132",2026-06-22 06:45:00,173,15.0166666666667,42,45,22,6,0,6,2026,2026-06-22 06:45:00,2655.761719
"391264","BiosphereDendrometer_",14,"2026-06-22 13:57:50","2026-06-22T6:57:50",15388,3.697998047,3660.9375,23.57999992,79.86000061,0.585925162,"UAGuest",0,"Green",1017,1141,1140,1244.628906,"false","BioR1132",2026-06-22 07:00:00,173,15.0166666666667,57,0,22,7,0,6,2026,2026-06-22 07:00:00,2655.761719
"391274","BiosphereDendrometer_",14,"2026-06-22 14:12:51","2026-06-22T7:12:51",15389,3.697998047,3656.103516,23.12000084,82.34999847,0.499432862,"UAGuest",0,"Green",1019,1140,1140,1244.140625,"false","BioR1132",2026-06-22 07:15:00,173,15.0166666666667,12,15,22,7,0,6,2026,2026-06-22 07:15:00,2655.273438
"391284","BiosphereDendrometer_",14,"2026-06-22 14:27:52","2026-06-22T7:27:52",15390,3.694775343,3660.9375,23.07999992,83.20999908,0.473950744,"UAGuest",0,"Green",1016,1140,1140,1244.140625,"false","BioR1132",2026-06-22 07:30:00,173,15.0166666666667,27,30,22,7,0,6,2026,2026-06-22 07:30:00,2655.273438
"391294","BiosphereDendrometer_",14,"2026-06-22 14:42:53","2026-06-22T7:42:53",15391,3.69316411,3657.714844,23.04000092,83.97000122,0.451404452,"UAGuest",0,"Green",1019,1141,1140,1244.628906,"false","BioR1132",2026-06-22 07:45:00,173,15.0166666666667,42,45,22,7,0,6,2026,2026-06-22 07:45:00,2655.761719
"391304","BiosphereDendrometer_",14,"2026-06-22 14:57:54","2026-06-22T7:57:54",15392,3.69316411,3654.492188,23.06999969,84.63999939,0.43332231,"UAGuest",0,"Green",1018,1142,1141,1245.117188,"false","BioR1132",2026-06-22 08:00:00,173,15.0166666666667,57,0,22,8,0,6,2026,2026-06-22 08:00:00,2656.250001
"391316","BiosphereDendrometer_",14,"2026-06-22 15:13:7","2026-06-22T8:13:7",15393,3.689941406,3656.103516,22.54999924,85.83999634,0.387083262,"null",-100,"Green",1016,1141,1141,1244.628906,"false","BioR1132",2026-06-22 08:15:00,173,15.2166666666667,13,15,22,8,0,6,2026,2026-06-22 08:15:00,2655.761719
"391324","BiosphereDendrometer_",14,"2026-06-22 15:28:58","2026-06-22T8:28:58",15394,3.694775343,3659.326172,22.60000038,86.76999664,0.362759382,"UAGuest",0,"Green",1017,1141,1140,1244.628906,"false","BioR1132",2026-06-22 08:30:00,173,15.85,28,30,22,8,0,6,2026,2026-06-22 08:30:00,2655.761719
"391334","BiosphereDendrometer_",14,"2026-06-22 15:43:59","2026-06-22T8:43:59",15395,3.689941406,3656.103516,22.67000008,87.80999756,0.335665256,"UAGuest",0,"Green",1017,1142,1141,1245.117188,"false","BioR1132",2026-06-22 08:45:00,173,15.0166666666667,43,45,22,8,0,6,2026,2026-06-22 08:45:00,2656.250001
"391344","BiosphereDendrometer_",14,"2026-06-22 15:59:0","2026-06-22T8:59:0",15396,3.696386814,3652.880859,24.51000023,92.63999939,0.226409122,"UAGuest",0,"Green",1013,1140,1140,1244.140625,"false","BioR1132",2026-06-22 09:00:00,173,15.0166666666667,59,0,22,9,0,6,2026,2026-06-22 09:00:00,2655.273438
"391354","BiosphereDendrometer_",14,"2026-06-22 16:14:1","2026-06-22T9:14:1",15397,3.696386814,3657.714844,24.59000015,90.58999634,0.290859073,"UAGuest",0,"Green",1011,1141,1140,1244.628906,"false","BioR1132",2026-06-22 09:15:00,173,15.0166666666667,14,15,22,9,0,6,2026,2026-06-22 09:15:00,2655.761719
"391364","BiosphereDendrometer_",14,"2026-06-22 16:29:2","2026-06-22T9:29:2",15398,3.694775343,3657.714844,24.79000092,91.18000031,0.275897026,"UAGuest",0,"Green",1012,1140,1140,1244.140625,"false","BioR1132",2026-06-22 09:30:00,173,15.0166666666667,29,30,22,9,0,6,2026,2026-06-22 09:30:00,2655.273438
"391374","BiosphereDendrometer_",14,"2026-06-22 16:44:3","2026-06-22T9:44:3",15399,3.691552639,3656.103516,25.15999985,91.08999634,0.284924358,"UAGuest",0,"Green",1010,1140,1140,1244.140625,"false","BioR1132",2026-06-22 09:45:00,173,15.0166666666667,44,45,22,9,0,6,2026,2026-06-22 09:45:00,2655.273438
"391384","BiosphereDendrometer_",14,"2026-06-22 16:59:4","2026-06-22T9:59:4",15400,3.691552639,3652.880859,25.34000015,91.29000092,0.281524956,"UAGuest",0,"Green",1013,1140,1140,1244.140625,"false","BioR1132",2026-06-22 10:00:00,173,15.0166666666667,59,0,22,10,0,6,2026,2026-06-22 10:00:00,2655.273438
"391404","BiosphereDendrometer_",14,"2026-06-22 17:16:11","2026-06-22T10:16:11",15402,3.686718702,3659.326172,25.62000084,91.83999634,0.268167257,"UAGuest",0,"Green",1011,1139,1139,1243.652344,"false","BioR1132",2026-06-22 10:15:00,173,15.0666666666667,16,15,22,10,0,6,2026,2026-06-22 10:15:00,2654.785157
"391416","BiosphereDendrometer_",14,"2026-06-22 17:31:12","2026-06-22T10:31:12",15403,3.689941406,3657.714844,25.88999939,91.51999664,0.283175498,"UAGuest",0,"Green",1010,1140,1140,1244.140625,"false","BioR1132",2026-06-22 10:30:00,173,15.0166666666667,31,30,22,10,0,6,2026,2026-06-22 10:30:00,2655.273438
"391424","BiosphereDendrometer_",14,"2026-06-22 17:46:13","2026-06-22T10:46:13",15404,3.69316411,3651.269531,25.95000076,92.27999878,0.258713067,"UAGuest",0,"Green",1009,1140,1139,1244.140625,"false","BioR1132",2026-06-22 10:45:00,173,15.0166666666667,46,45,22,10,0,6,2026,2026-06-22 10:45:00,2655.273438
"391434","BiosphereDendrometer_",14,"2026-06-22 18:1:14","2026-06-22T11:1:14",15405,3.688330173,3657.714844,26.15999985,92.5,0.254478514,"UAGuest",0,"Green",1009,1139,1139,1243.652344,"false","BioR1132",2026-06-22 11:00:00,173,15.0166666666667,1,0,22,11,0,6,2026,2026-06-22 11:00:00,2654.785157
"391444","BiosphereDendrometer_",14,"2026-06-22 18:16:15","2026-06-22T11:16:15",15406,3.689941406,3654.492188,26.29000092,92.72000122,0.24891603,"UAGuest",0,"Green",1010,1140,1139,1244.140625,"false","BioR1132",2026-06-22 11:15:00,173,15.0166666666667,16,15,22,11,0,6,2026,2026-06-22 11:15:00,2655.273438
"391454","BiosphereDendrometer_",14,"2026-06-22 18:31:16","2026-06-22T11:31:16",15407,3.683495998,3652.880859,26.5,92.58999634,0.256516218,"UAGuest",0,"Green",1010,1139,1138,1243.652344,"false","BioR1132",2026-06-22 11:30:00,173,15.0166666666667,31,30,22,11,0,6,2026,2026-06-22 11:30:00,2654.785157
"391464","BiosphereDendrometer_",14,"2026-06-22 18:46:17","2026-06-22T11:46:17",15408,3.680273533,3654.492188,26.61000061,92.91999817,0.246684507,"UAGuest",0,"Green",1022,1139,1138,1243.652344,"false","BioR1132",2026-06-22 11:45:00,173,15.0166666666667,46,45,22,11,0,6,2026,2026-06-22 11:45:00,2654.785157
"391474","BiosphereDendrometer_",14,"2026-06-22 19:1:30","2026-06-22T12:1:30",15409,3.686718702,3652.880859,26.77000046,93.20999908,0.238816544,"null",-100,"Green",1020,1139,1138,1243.652344,"false","BioR1132",2026-06-22 12:00:00,173,15.2166666666667,1,0,22,12,0,6,2026,2026-06-22 12:00:00,2654.785157
"391484","BiosphereDendrometer_",14,"2026-06-22 19:17:21","2026-06-22T12:17:21",15410,3.691552639,3656.103516,26.92000008,93.27999878,0.238446027,"UAGuest",0,"Green",1021,1139,1137,1243.652344,"false","BioR1132",2026-06-22 12:15:00,173,15.85,17,15,22,12,0,6,2026,2026-06-22 12:15:00,2654.785157
"391494","BiosphereDendrometer_",14,"2026-06-22 19:32:22","2026-06-22T12:32:22",15411,3.689941406,3652.880859,27.04999924,93.40000153,0.235981047,"UAGuest",0,"Green",1023,1136,1137,1242.1875,"false","BioR1132",2026-06-22 12:30:00,173,15.0166666666667,32,30,22,12,0,6,2026,2026-06-22 12:30:00,2653.320313
"391504","BiosphereDendrometer_",14,"2026-06-22 19:47:23","2026-06-22T12:47:23",15412,3.68510747,3651.269531,27.11000061,92.98999786,0.251523823,"UAGuest",0,"Green",1008,1136,1135,1242.1875,"false","BioR1132",2026-06-22 12:45:00,173,15.0166666666667,47,45,22,12,0,6,2026,2026-06-22 12:45:00,2653.320313
"391517","BiosphereDendrometer_",14,"2026-06-22 20:2:24","2026-06-22T13:2:24",15413,3.683495998,3649.658203,27.15999985,93.08999634,0.248663381,"UAGuest",0,"Green",1023,1133,1132,1240.722656,"false","BioR1132",2026-06-22 13:00:00,173,15.0166666666667,2,0,22,13,0,6,2026,2026-06-22 13:00:00,2651.855469
"391524","BiosphereDendrometer_",14,"2026-06-22 20:17:25","2026-06-22T13:17:25",15414,3.69316411,3651.269531,27.31999969,93.34999847,0.241559654,"UAGuest",0,"Green",1009,1127,1127,1237.792969,"false","BioR1132",2026-06-22 13:15:00,173,15.0166666666667,17,15,22,13,0,6,2026,2026-06-22 13:15:00,2648.925782
"391534","BiosphereDendrometer_",14,"2026-06-22 20:32:26","2026-06-22T13:32:26",15415,3.683495998,3652.880859,27.42000008,93.19000244,0.248822913,"UAGuest",0,"Green",1023,1120,1119,1234.375,"false","BioR1132",2026-06-22 13:30:00,173,15.0166666666667,32,30,22,13,0,6,2026,2026-06-22 13:30:00,2645.507813
"391544","BiosphereDendrometer_",14,"2026-06-22 20:47:27","2026-06-22T13:47:27",15416,3.688330173,3648.046875,27.52000046,93.09999847,0.253589541,"UAGuest",0,"Green",1010,829,828,1092.285156,"false","BioR1132",2026-06-22 13:45:00,173,15.0166666666667,47,45,22,13,0,6,2026,2026-06-22 13:45:00,2910.6445312
"391554","BiosphereDendrometer_",14,"2026-06-22 21:2:28","2026-06-22T14:2:28",15417,3.681884766,3649.658203,27.5,93.45999908,0.240077987,"UAGuest",0,"Green",1015,825,824,1090.332031,"false","BioR1132",2026-06-22 14:00:00,173,15.0166666666667,2,0,22,14,0,6,2026,2026-06-22 14:00:00,2908.6914062
"391564","BiosphereDendrometer_",14,"2026-06-22 21:17:29","2026-06-22T14:17:29",15418,3.675439358,3646.435547,27.62999916,93.44999695,0.24227801,"UAGuest",0,"Red",7,172,250,771.484375,"false","BioR1132",2026-06-22 14:15:00,173,15.0166666666667,17,15,22,14,0,6,2026,2026-06-22 14:15:00,2599.6093752
"391574","BiosphereDendrometer_",14,"2026-06-22 21:32:30","2026-06-22T14:32:30",15419,3.680273533,3646.435547,27.70000076,93.48999786,0.241784349,"UAGuest",0,"Red",7,238,256,803.7109375,"false","BioR1132",2026-06-22 14:30:00,173,15.0166666666667,32,30,22,14,0,6,2026,2026-06-22 14:30:00,2631.8359377
"391584","BiosphereDendrometer_",14,"2026-06-22 21:47:31","2026-06-22T14:47:31",15420,3.677050829,3646.435547,27.65999985,93.44000244,0.243073091,"UAGuest",0,"Red",6,299,240,833.4960938,"false","BioR1132",2026-06-22 14:45:00,173,15.0166666666667,47,45,22,14,0,6,2026,2026-06-22 14:45:00,2661.621094
"391594","BiosphereDendrometer_",14,"2026-06-22 22:2:32","2026-06-22T15:2:32",15421,3.678662062,3648.046875,27.70000076,94.05000305,0.220985577,"UAGuest",0,"Red",8,279,210,823.7304688,"false","BioR1132",2026-06-22 15:00:00,173,15.0166666666667,2,0,22,15,0,6,2026,2026-06-22 15:00:00,2651.855469
"391604","BiosphereDendrometer_",14,"2026-06-22 22:17:33","2026-06-22T15:17:33",15422,3.677050829,3641.601563,28.45000076,93.47000122,0.253346115,"UAGuest",0,"Red",7,370,261,868.1640625,"false","BioR1132",2026-06-22 15:15:00,173,15.0166666666667,17,15,22,15,0,6,2026,2026-06-22 15:15:00,2696.2890627
"391616","BiosphereDendrometer_",14,"2026-06-22 22:32:34","2026-06-22T15:32:34",15423,3.680273533,3648.046875,28.77000046,93.52999878,0.255717218,"UAGuest",0,"Red",6,299,279,833.4960938,"false","BioR1132",2026-06-22 15:30:00,173,15.0166666666667,32,30,22,15,0,6,2026,2026-06-22 15:30:00,2661.621094
"391624","BiosphereDendrometer_",14,"2026-06-22 22:47:35","2026-06-22T15:47:35",15424,3.675439358,3649.658203,28.79999924,93.22000122,0.268435121,"UAGuest",0,"Red",6,223,265,796.3867188,"false","BioR1132",2026-06-22 15:45:00,173,15.0166666666667,47,45,22,15,0,6,2026,2026-06-22 15:45:00,2624.511719
"391634","BiosphereDendrometer_",14,"2026-06-22 23:2:48","2026-06-22T16:2:48",15425,3.681884766,3646.435547,28.84000015,93.63999939,0.252389997,"null",-100,"Red",8,350,243,858.3984375,"false","BioR1132",2026-06-22 16:00:00,173,15.2166666666667,2,0,22,16,0,6,2026,2026-06-22 16:00:00,2703.6132815
"391644","BiosphereDendrometer_",14,"2026-06-22 23:18:39","2026-06-22T16:18:39",15426,3.678662062,3649.658203,28.79000092,93.15000153,0.271049649,"UAGuest",0,"Red",6,238,213,803.7109375,"false","BioR1132",2026-06-22 16:15:00,173,15.85,18,15,22,16,0,6,2026,2026-06-22 16:15:00,2654.2968752
"391654","BiosphereDendrometer_",14,"2026-06-22 23:33:40","2026-06-22T16:33:40",15427,3.678662062,3649.658203,28.62999916,92.83000183,0.281095028,"UAGuest",0,"Red",7,264,227,816.40625,"false","BioR1132",2026-06-22 16:30:00,173,15.0166666666667,33,30,22,16,0,6,2026,2026-06-22 16:30:00,2666.9921877
"391664","BiosphereDendrometer_",14,"2026-06-22 23:48:41","2026-06-22T16:48:41",15428,3.680273533,3644.824219,28.46999931,92.61000061,0.287044615,"UAGuest",0,"Red",7,405,279,885.2539063,"false","BioR1132",2026-06-22 16:45:00,173,15.0166666666667,48,45,22,16,0,6,2026,2026-06-22 16:45:00,2735.839844
"391674","BiosphereDendrometer_",14,"2026-06-23 0:3:42","2026-06-22T17:3:42",15429,3.675439358,3646.435547,28.37000084,92.45999908,0.29117614,"UAGuest",0,"Red",8,253,294,811.0351563,"false","BioR1132",2026-06-22 17:00:00,173,15.0166666666667,3,0,22,17,0,6,2026,2026-06-22 17:00:00,2666.9921877
"391684","BiosphereDendrometer_",14,"2026-06-23 0:18:43","2026-06-22T17:18:43",15430,3.677050829,3643.212891,28.28000069,92.20999908,0.299262077,"UAGuest",0,"Red",6,200,274,785.15625,"false","BioR1132",2026-06-22 17:15:00,173,15.0166666666667,18,15,22,17,0,6,2026,2026-06-22 17:15:00,2641.1132814
"391694","BiosphereDendrometer_",14,"2026-06-23 0:33:44","2026-06-22T17:33:44",15431,3.678662062,3644.824219,28.20999908,92.05000305,0.304168582,"UAGuest",0,"Red",8,347,231,856.9335938,"false","BioR1132",2026-06-22 17:30:00,173,15.0166666666667,33,30,22,17,0,6,2026,2026-06-22 17:30:00,2712.8906252
"391704","BiosphereDendrometer_",14,"2026-06-23 0:48:45","2026-06-22T17:48:45",15432,3.672216892,3643.212891,28.07999992,91.98000336,0.304535538,"UAGuest",0,"Red",7,238,266,803.7109375,"false","BioR1132",2026-06-22 17:45:00,173,15.0166666666667,48,45,22,17,0,6,2026,2026-06-22 17:45:00,2659.6679689
"391717","BiosphereDendrometer_",14,"2026-06-23 1:3:46","2026-06-22T18:3:46",15433,3.675439358,3644.824219,27.96999931,91.84999847,0.307496697,"UAGuest",0,"Red",6,289,241,828.6132813,"false","BioR1132",2026-06-22 18:00:00,173,15.0166666666667,3,0,22,18,0,6,2026,2026-06-22 18:00:00,2684.5703127
"391724","BiosphereDendrometer_",14,"2026-06-23 1:18:47","2026-06-22T18:18:47",15434,3.673828125,3643.212891,27.73999977,91.55999756,0.314197809,"UAGuest",0,"Red",9,253,266,811.0351563,"false","BioR1132",2026-06-22 18:15:00,173,15.0166666666667,18,15,22,18,0,6,2026,2026-06-22 18:15:00,2666.9921877
"391734","BiosphereDendrometer_",14,"2026-06-23 1:33:48","2026-06-22T18:33:48",15435,3.672216892,3641.601563,27.62000084,91.55999756,0.312004954,"UAGuest",0,"Red",7,213,225,791.5039063,"false","BioR1132",2026-06-22 18:30:00,173,15.0166666666667,33,30,22,18,0,6,2026,2026-06-22 18:30:00,2647.4609377
"391744","BiosphereDendrometer_",14,"2026-06-23 1:48:49","2026-06-22T18:48:49",15436,3.678662062,3638.378906,27.35000038,91.23000336,0.319127679,"UAGuest",0,"Red",8,289,237,828.6132813,"false","BioR1132",2026-06-22 18:45:00,173,15.0166666666667,48,45,22,18,0,6,2026,2026-06-22 18:45:00,2684.5703127
"391754","BiosphereDendrometer_",14,"2026-06-23 2:3:50","2026-06-22T19:3:50",15437,3.680273533,3643.212891,27.73999977,90.48000336,0.354402989,"UAGuest",0,"Red",6,299,256,833.4960938,"false","BioR1132",2026-06-22 19:00:00,173,15.0166666666667,3,0,22,19,0,6,2026,2026-06-22 19:00:00,2689.4531252
"391764","BiosphereDendrometer_",14,"2026-06-23 2:18:51","2026-06-22T19:18:51",15438,3.675439358,3638.378906,29.54999924,84.33999634,0.647439957,"UAGuest",0,"Red",4,330,260,848.6328125,"false","BioR1132",2026-06-22 19:15:00,173,15.0166666666667,18,15,22,19,0,6,2026,2026-06-22 19:15:00,2704.5898439
"391774","BiosphereDendrometer_",14,"2026-06-23 2:33:52","2026-06-22T19:33:52",15439,3.677050829,3641.601563,30.29999924,84.58999634,0.665124357,"UAGuest",0,"Red",6,347,265,856.9335938,"false","BioR1132",2026-06-22 19:30:00,173,15.0166666666667,33,30,22,19,0,6,2026,2026-06-22 19:30:00,2712.8906252
"391784","BiosphereDendrometer_",14,"2026-06-23 2:48:53","2026-06-22T19:48:53",15440,3.673828125,3639.990234,30.55999947,83.43000031,0.725902498,"UAGuest",0,"Red",7,228,258,798.828125,"false","BioR1132",2026-06-22 19:45:00,173,15.0166666666667,48,45,22,19,0,6,2026,2026-06-22 19:45:00,2654.7851564
"391794","BiosphereDendrometer_",14,"2026-06-23 3:4:6","2026-06-22T20:4:6",15441,3.672216892,3644.824219,30.70999908,82.66000366,0.766166985,"null",-100,"Red",7,162,219,766.6015625,"false","BioR1132",2026-06-22 20:00:00,173,15.2166666666667,4,0,22,20,0,6,2026,2026-06-22 20:00:00,2622.5585939
"391804","BiosphereDendrometer_",14,"2026-06-23 3:19:57","2026-06-22T20:19:57",15442,3.680273533,3646.435547,30.67000008,82.13999939,0.787344217,"UAGuest",0,"Red",6,299,227,833.4960938,"false","BioR1132",2026-06-22 20:15:00,173,15.85,19,15,22,20,0,6,2026,2026-06-22 20:15:00,2679.6875002
"391817","BiosphereDendrometer_",14,"2026-06-23 3:34:58","2026-06-22T20:34:58",15443,3.672216892,3643.212891,30.63999939,82.12000275,0.786877275,"UAGuest",0,"Red",6,370,279,868.1640625,"false","BioR1132",2026-06-22 20:30:00,173,15.0166666666667,34,30,22,20,0,6,2026,2026-06-22 20:30:00,2714.3554689
"391824","BiosphereDendrometer_",14,"2026-06-23 3:49:59","2026-06-22T20:49:59",15444,3.672216892,3639.990234,30.47999954,81.69000244,0.798470736,"UAGuest",0,"Red",8,405,224,885.2539063,"false","BioR1132",2026-06-22 20:45:00,173,15.0166666666667,49,45,22,20,0,6,2026,2026-06-22 20:45:00,2731.4453127
"391834","BiosphereDendrometer_",14,"2026-06-23 4:5:0","2026-06-22T21:5:0",15445,3.668994188,3641.601563,30.32999992,81.63999939,0.793813109,"UAGuest",0,"Red",7,319,231,843.2617188,"false","BioR1132",2026-06-22 21:00:00,173,15.0166666666667,5,0,22,21,0,6,2026,2026-06-22 21:00:00,2689.4531252
"391844","BiosphereDendrometer_",14,"2026-06-23 4:20:1","2026-06-22T21:20:1",15446,3.670605421,3638.378906,30.32999992,81.31999969,0.807648659,"UAGuest",0,"Red",6,289,269,828.6132813,"false","BioR1132",2026-06-22 21:15:00,173,15.0166666666667,20,15,22,21,0,6,2026,2026-06-22 21:15:00,2674.8046877
"391854","BiosphereDendrometer_",14,"2026-06-23 4:35:2","2026-06-22T21:35:2",15447,3.673828125,3638.378906,30.23999977,80.80999756,0.825436294,"UAGuest",0,"Red",7,167,280,769.0429688,"false","BioR1132",2026-06-22 21:30:00,173,15.0166666666667,35,30,22,21,0,6,2026,2026-06-22 21:30:00,2673.339844
"391864","BiosphereDendrometer_",14,"2026-06-23 4:50:3","2026-06-22T21:50:3",15448,3.673828125,3641.601563,30.15999985,80.95999908,0.815240443,"UAGuest",0,"Red",7,200,235,785.15625,"false","BioR1132",2026-06-22 21:45:00,173,15.0166666666667,50,45,22,21,0,6,2026,2026-06-22 21:45:00,2689.4531252
"391874","BiosphereDendrometer_",14,"2026-06-23 5:5:4","2026-06-22T22:5:4",15449,3.672216892,3639.990234,30.07999992,80.80999756,0.817904949,"UAGuest",0,"Red",7,253,285,811.0351563,"false","BioR1132",2026-06-22 22:00:00,173,15.0166666666667,5,0,22,22,0,6,2026,2026-06-22 22:00:00,2715.3320315
"391884","BiosphereDendrometer_",14,"2026-06-23 5:20:5","2026-06-22T22:20:5",15450,3.672216892,3643.212891,29.98999977,80.61000061,0.822175205,"UAGuest",0,"Red",7,152,259,761.71875,"false","BioR1132",2026-06-22 22:15:00,173,15.0166666666667,20,15,22,22,0,6,2026,2026-06-22 22:15:00,2666.0156252
"391894","BiosphereDendrometer_",14,"2026-06-23 5:35:6","2026-06-22T22:35:6",15451,3.673828125,3636.767578,30,80.19999695,0.840041816,"UAGuest",0,"Red",7,320,496,843.75,"false","BioR1132",2026-06-22 22:30:00,173,15.0166666666667,35,30,22,22,0,6,2026,2026-06-22 22:30:00,2674.8046877
"391904","BiosphereDendrometer_",14,"2026-06-23 5:50:7","2026-06-22T22:50:7",15452,3.675439358,3636.767578,29.87999916,80.33000183,0.828799605,"UAGuest",0,"Red",7,330,275,848.6328125,"false","BioR1132",2026-06-22 22:45:00,173,15.0166666666667,50,45,22,22,0,6,2026,2026-06-22 22:45:00,2679.6875002
"391917","BiosphereDendrometer_",14,"2026-06-23 6:5:8","2026-06-22T23:5:8",15453,3.667382717,3636.767578,29.86000061,79.80999756,0.84973377,"UAGuest",0,"Red",8,350,251,858.3984375,"false","BioR1132",2026-06-22 23:00:00,173,15.0166666666667,5,0,22,23,0,6,2026,2026-06-22 23:00:00,2689.4531252
"391924","BiosphereDendrometer_",14,"2026-06-23 6:20:9","2026-06-22T23:20:9",15454,3.672216892,3638.378906,29.78000069,79.73000336,0.849189878,"UAGuest",0,"Red",7,271,259,819.8242188,"false","BioR1132",2026-06-22 23:15:00,173,15.0166666666667,20,15,22,23,0,6,2026,2026-06-22 23:15:00,2650.8789065
"391934","BiosphereDendrometer_",14,"2026-06-23 6:35:10","2026-06-22T23:35:10",15455,3.670605421,3639.990234,29.76000023,79.76000214,0.846959293,"UAGuest",0,"Red",7,188,274,779.296875,"false","BioR1132",2026-06-22 23:30:00,173,15.0166666666667,35,30,22,23,0,6,2026,2026-06-22 23:30:00,2610.3515627
"391944","BiosphereDendrometer_",14,"2026-06-23 6:50:11","2026-06-22T23:50:11",15456,3.667382717,3636.767578,29.76000023,79.09999847,0.874577641,"UAGuest",0,"Red",7,258,256,813.4765625,"false","BioR1132",2026-06-22 23:45:00,173,15.0166666666667,50,45,22,23,0,6,2026,2026-06-22 23:45:00,2644.5312502
"391954","BiosphereDendrometer_",14,"2026-06-23 7:5:24","2026-06-23T0:5:24",15457,3.670605421,3636.767578,29.37000084,83.98999786,0.655084312,"null",-100,"Red",6,315,211,841.3085938,"false","BioR1132",2026-06-23,174,15.2166666666667,5,0,23,0,0,6,2026,2026-06-23,2672.3632815
"391964","BiosphereDendrometer_",14,"2026-06-23 7:21:15","2026-06-23T0:21:15",15458,3.665771484,3639.990234,28.29000092,90.75,0.35555616,"UAGuest",0,"Red",7,332,206,849.609375,"false","BioR1132",2026-06-23 00:15:00,174,15.85,21,15,23,0,0,6,2026,2026-06-23 00:15:00,2680.6640627
"391974","BiosphereDendrometer_",14,"2026-06-23 7:36:16","2026-06-23T0:36:16",15459,3.668994188,3633.544922,28.04000092,93.38999939,0.25041154,"UAGuest",0,"Red",6,188,258,779.296875,"false","BioR1132",2026-06-23 00:30:00,174,15.0166666666667,36,30,23,0,0,6,2026,2026-06-23 00:30:00,2636.7187502
"391984","BiosphereDendrometer_",14,"2026-06-23 7:51:17","2026-06-23T0:51:17",15460,3.664160252,3635.15625,28.31999969,92.69000244,0.281475514,"UAGuest",0,"Red",9,238,229,803.7109375,"false","BioR1132",2026-06-23 00:45:00,174,15.0166666666667,51,45,23,0,0,6,2026,2026-06-23 00:45:00,2661.1328127
"391994","BiosphereDendrometer_",14,"2026-06-23 8:6:18","2026-06-23T1:6:18",15461,3.667382717,3631.933594,28.04999924,94.08000183,0.224402264,"UAGuest",0,"Red",8,190,258,780.2734375,"false","BioR1132",2026-06-23 01:00:00,174,15.0166666666667,6,0,23,1,0,6,2026,2026-06-23 01:00:00,2637.6953127
"392004","BiosphereDendrometer_",14,"2026-06-23 8:21:19","2026-06-23T1:21:19",15462,3.665771484,3633.544922,28.10000038,93.26999664,0.255849421,"UAGuest",0,"Red",6,217,253,793.4570313,"false","BioR1132",2026-06-23 01:15:00,174,15.0166666666667,21,15,23,1,0,6,2026,2026-06-23 01:15:00,2650.8789065
"392017","BiosphereDendrometer_",14,"2026-06-23 8:36:20","2026-06-23T1:36:20",15463,3.667382717,3630.322266,28.07999992,93.62000275,0.242261484,"UAGuest",0,"Red",8,395,251,880.3710938,"false","BioR1132",2026-06-23 01:30:00,174,15.0166666666667,36,30,23,1,0,6,2026,2026-06-23 01:30:00,2732.4218753
"392024","BiosphereDendrometer_",14,"2026-06-23 8:51:21","2026-06-23T1:51:21",15464,3.66254878,3636.767578,27.87000084,94.58999634,0.202931911,"UAGuest",0,"Red",7,289,247,828.6132813,"false","BioR1132",2026-06-23 01:45:00,174,15.0166666666667,51,45,23,1,0,6,2026,2026-06-23 01:45:00,2680.6640628
"392034","BiosphereDendrometer_",14,"2026-06-23 9:6:22","2026-06-23T2:6:22",15465,3.665771484,3635.15625,27.94000053,94.34999847,0.212800503,"UAGuest",0,"Red",9,177,229,773.9257813,"false","BioR1132",2026-06-23 02:00:00,174,15.0166666666667,6,0,23,2,0,6,2026,2026-06-23 02:00:00,2653.3203127
"392044","BiosphereDendrometer_",14,"2026-06-23 9:21:23","2026-06-23T2:21:23",15466,3.664160252,3631.933594,27.82999992,94.61000061,0.201710701,"UAGuest",0,"Red",6,193,226,781.7382813,"false","BioR1132",2026-06-23 02:15:00,174,15.0166666666667,21,15,23,2,0,6,2026,2026-06-23 02:15:00,2661.1328127
"392054","BiosphereDendrometer_",14,"2026-06-23 9:36:24","2026-06-23T2:36:24",15467,3.664160252,3635.15625,27.70999908,94.93000031,0.188411996,"UAGuest",0,"Red",6,228,269,798.828125,"false","BioR1132",2026-06-23 02:30:00,174,15.0166666666667,36,30,23,2,0,6,2026,2026-06-23 02:30:00,2678.2226564
"392064","BiosphereDendrometer_",14,"2026-06-23 9:51:25","2026-06-23T2:51:25",15468,3.66254878,3631.933594,27.69000053,94.30000305,0.211576968,"UAGuest",0,"Red",7,268,260,818.359375,"false","BioR1132",2026-06-23 02:45:00,174,15.0166666666667,51,45,23,2,0,6,2026,2026-06-23 02:45:00,2697.7539064
"392074","BiosphereDendrometer_",14,"2026-06-23 10:6:26","2026-06-23T3:6:26",15469,3.670605421,3630.322266,27.76000023,92.84999847,0.266485393,"UAGuest",0,"Red",7,162,214,766.6015625,"false","BioR1132",2026-06-23 03:00:00,174,15.0166666666667,6,0,23,3,0,6,2026,2026-06-23 03:00:00,2650.8789064
"392084","BiosphereDendrometer_",14,"2026-06-23 10:21:27","2026-06-23T3:21:27",15470,3.665771484,3630.322266,27.79000092,92.20999908,0.290847063,"UAGuest",0,"Red",5,320,249,843.75,"false","BioR1132",2026-06-23 03:15:00,174,15.0166666666667,21,15,23,3,0,6,2026,2026-06-23 03:15:00,2701.1718752
"392094","BiosphereDendrometer_",14,"2026-06-23 10:36:28","2026-06-23T3:36:28",15471,3.665771484,3628.710938,27.79000092,91.84999847,0.30428803,"UAGuest",0,"Red",5,218,291,793.9453125,"false","BioR1132",2026-06-23 03:30:00,174,15.0166666666667,36,30,23,3,0,6,2026,2026-06-23 03:30:00,2651.3671877
"392107","BiosphereDendrometer_",14,"2026-06-23 10:51:29","2026-06-23T3:51:29",15472,3.664160252,3628.710938,27.77000046,91.87000275,0.303187311,"UAGuest",0,"Red",7,301,257,834.4726563,"false","BioR1132",2026-06-23 03:45:00,174,15.0166666666667,51,45,23,3,0,6,2026,2026-06-23 03:45:00,2691.8945315
"392117","BiosphereDendrometer_",14,"2026-06-23 11:7:40","2026-06-23T4:7:40",15473,3.66254878,3630.322266,27.77000046,92,0.298339367,"null",-100,"Red",7,177,263,773.9257813,"false","BioR1132",2026-06-23 04:00:00,174,16.1833333333333,7,0,23,4,0,6,2026,2026-06-23 04:00:00,2662.1093753
"392124","BiosphereDendrometer_",14,"2026-06-23 11:23:31","2026-06-23T4:23:31",15474,3.672216892,3635.15625,27.69000053,91.12999725,0.329243779,"UAGuest",0,"Red",7,238,220,803.7109375,"false","BioR1132",2026-06-23 04:30:00,174,15.85,23,30,23,4,0,6,2026,2026-06-23 04:30:00,2691.8945315
"392134","BiosphereDendrometer_",14,"2026-06-23 11:38:32","2026-06-23T4:38:32",15475,3.659326077,3627.099609,27.67000008,90.52999878,0.351104885,"UAGuest",0,"Red",7,162,209,766.6015625,"false","BioR1132",2026-06-23 04:45:00,174,15.0166666666667,38,45,23,4,0,6,2026,2026-06-23 04:45:00,2654.7851565
"392144","BiosphereDendrometer_",14,"2026-06-23 11:53:33","2026-06-23T4:53:33",15476,3.656103611,3627.099609,27.65999985,90.36000061,0.357199073,"UAGuest",0,"Red",8,395,239,880.3710938,"false","BioR1132",2026-06-23 05:00:00,174,15.0166666666667,53,0,23,5,0,6,2026,2026-06-23 05:00:00,2724.1210941
"392154","BiosphereDendrometer_",14,"2026-06-23 12:8:34","2026-06-23T5:8:34",15477,3.656103611,3630.322266,27.62999916,88.84999847,0.412427425,"UAGuest",0,"Red",5,268,261,818.359375,"false","BioR1132",2026-06-23 05:15:00,174,15.0166666666667,8,15,23,5,0,6,2026,2026-06-23 05:15:00,2691.8945315
"392164","BiosphereDendrometer_",14,"2026-06-23 12:23:35","2026-06-23T5:23:35",15478,3.659326077,3630.322266,27.55999947,86.63999939,0.492156863,"UAGuest",0,"Red",7,264,238,816.40625,"false","BioR1132",2026-06-23 05:30:00,174,15.0166666666667,23,30,23,5,0,6,2026,2026-06-23 05:30:00,2689.9414065
"392174","BiosphereDendrometer_",14,"2026-06-23 12:38:36","2026-06-23T5:38:36",15479,3.660937548,3625.488281,27.48999977,86.31999969,0.501887977,"UAGuest",0,"Red",5,289,212,828.6132813,"false","BioR1132",2026-06-23 05:45:00,174,15.0166666666667,38,45,23,5,0,6,2026,2026-06-23 05:45:00,2702.1484378
"392184","BiosphereDendrometer_",14,"2026-06-23 12:53:37","2026-06-23T5:53:37",15480,3.659326077,3623.876953,27.63999939,84.86000061,0.560340405,"UAGuest",0,"Red",7,203,224,786.6210938,"false","BioR1132",2026-06-23 06:00:00,174,15.0166666666667,53,0,23,6,0,6,2026,2026-06-23 06:00:00,2660.1562503
"392194","BiosphereDendrometer_",14,"2026-06-23 13:8:38","2026-06-23T6:8:38",15481,3.660937548,3625.488281,27.80999947,83.80000305,0.605548024,"UAGuest",0,"Red",7,330,253,848.6328125,"false","BioR1132",2026-06-23 06:15:00,174,15.0166666666667,8,15,23,6,0,6,2026,2026-06-23 06:15:00,2741.699219
"392204","BiosphereDendrometer_",14,"2026-06-23 13:23:39","2026-06-23T6:23:39",15482,3.657714844,3627.099609,27.73999977,82.13999939,0.664878309,"UAGuest",0,"Red",7,210,284,790.0390625,"false","BioR1132",2026-06-23 06:30:00,174,15.0166666666667,23,30,23,6,0,6,2026,2026-06-23 06:30:00,2691.8945315
"392217","BiosphereDendrometer_",14,"2026-06-23 13:38:40","2026-06-23T6:38:40",15483,3.657714844,3627.099609,26.72999954,83.08000183,0.593709409,"UAGuest",0,"Red",8,228,236,798.828125,"false","BioR1132",2026-06-23 06:45:00,174,15.0166666666667,38,45,23,6,0,6,2026,2026-06-23 06:45:00,2700.683594
"392224","BiosphereDendrometer_",14,"2026-06-23 13:53:41","2026-06-23T6:53:41",15484,3.66254878,3628.710938,26.61000061,83.90000153,0.560963333,"UAGuest",0,"Red",7,183,246,776.8554688,"false","BioR1132",2026-06-23 07:00:00,174,15.0166666666667,53,0,23,7,0,6,2026,2026-06-23 07:00:00,2678.7109378
"392234","BiosphereDendrometer_",14,"2026-06-23 14:8:42","2026-06-23T7:8:42",15485,3.659326077,3623.876953,26.67000008,84.38999939,0.54581368,"UAGuest",0,"Red",6,299,237,833.4960938,"false","BioR1132",2026-06-23 07:15:00,174,15.0166666666667,8,15,23,7,0,6,2026,2026-06-23 07:15:00,2731.4453128
"392244","BiosphereDendrometer_",14,"2026-06-23 14:23:43","2026-06-23T7:23:43",15486,3.65449214,3622.265625,26.92000008,85,0.532245457,"UAGuest",0,"Red",6,122,236,747.0703125,"false","BioR1132",2026-06-23 07:30:00,174,15.0166666666667,23,30,23,7,0,6,2026,2026-06-23 07:30:00,2653.808594
"392254","BiosphereDendrometer_",14,"2026-06-23 14:38:44","2026-06-23T7:38:44",15487,3.659326077,3627.099609,27.19000053,85.43000031,0.525238395,"UAGuest",0,"Red",6,218,244,793.9453125,"false","BioR1132",2026-06-23 07:45:00,174,15.0166666666667,38,45,23,7,0,6,2026,2026-06-23 07:45:00,2700.683594
"392264","BiosphereDendrometer_",14,"2026-06-23 14:53:45","2026-06-23T7:53:45",15488,3.659326077,3623.876953,27.5,85.59999847,0.528612018,"UAGuest",0,"Red",7,60,228,716.796875,"false","BioR1132",2026-06-23 08:00:00,174,15.0166666666667,53,0,23,8,0,6,2026,2026-06-23 08:00:00,2621.0937502
"392274","BiosphereDendrometer_",14,"2026-06-23 15:8:58","2026-06-23T8:8:58",15489,3.660937548,3623.876953,27.12000084,89.04000092,0.393483222,"null",-100,"Red",7,301,266,834.4726563,"false","BioR1132",2026-06-23 08:15:00,174,15.2166666666667,8,15,23,8,0,6,2026,2026-06-23 08:15:00,2694.8242191
"392284","BiosphereDendrometer_",14,"2026-06-23 15:24:49","2026-06-23T8:24:49",15490,3.659326077,3628.710938,26.90999985,91.41000366,0.304620236,"UAGuest",0,"Red",7,350,241,858.3984375,"false","BioR1132",2026-06-23 08:30:00,174,15.85,24,30,23,8,0,6,2026,2026-06-23 08:30:00,2718.7500003
"392294","BiosphereDendrometer_",14,"2026-06-23 15:39:50","2026-06-23T8:39:50",15491,3.656103611,3627.099609,27.11000061,91.25,0.313956171,"UAGuest",0,"Red",7,223,237,796.3867188,"false","BioR1132",2026-06-23 08:45:00,174,15.0166666666667,39,45,23,8,0,6,2026,2026-06-23 08:45:00,2697.2656254
"392304","BiosphereDendrometer_",14,"2026-06-23 15:54:51","2026-06-23T8:54:51",15492,3.651269436,3625.488281,27.20999908,91.94999695,0.290537119,"UAGuest",0,"Red",8,116,259,744.140625,"false","BioR1132",2026-06-23 09:00:00,174,15.0166666666667,54,0,23,9,0,6,2026,2026-06-23 09:00:00,2647.4609379
"392317","BiosphereDendrometer_",14,"2026-06-23 16:9:52","2026-06-23T9:9:52",15493,3.65449214,3627.099609,26.55999947,90.19999695,0.34045279,"UAGuest",0,"Red",7,268,281,818.359375,"false","BioR1132",2026-06-23 09:15:00,174,15.0166666666667,9,15,23,9,0,6,2026,2026-06-23 09:15:00,2719.2382816
"392324","BiosphereDendrometer_",14,"2026-06-23 16:24:53","2026-06-23T9:24:53",15494,3.652880907,3623.876953,26.37000084,91.87000275,0.279293299,"UAGuest",0,"Red",7,218,288,793.9453125,"false","BioR1132",2026-06-23 09:30:00,174,15.0166666666667,24,30,23,9,0,6,2026,2026-06-23 09:30:00,2694.8242191
"392334","BiosphereDendrometer_",14,"2026-06-23 16:39:54","2026-06-23T9:39:54",15495,3.656103611,3622.265625,26.39999962,92.26000214,0.266366035,"UAGuest",0,"Red",6,70,234,721.6796875,"false","BioR1132",2026-06-23 09:45:00,174,15.0166666666667,39,45,23,9,0,6,2026,2026-06-23 09:45:00,2607.9101566
"392344","BiosphereDendrometer_",14,"2026-06-23 16:54:55","2026-06-23T9:54:55",15496,3.656103611,3619.042969,26.55999947,92.58000183,0.257771194,"UAGuest",0,"Red",6,461,235,912.5976563,"false","BioR1132",2026-06-23 10:00:00,174,15.0166666666667,54,0,23,10,0,6,2026,2026-06-23 10:00:00,2796.3867191
"392354","BiosphereDendrometer_",14,"2026-06-23 17:9:56","2026-06-23T10:9:56",15497,3.652880907,3622.265625,26.72999954,93.31999969,0.234395891,"UAGuest",0,"Red",9,213,266,791.5039063,"false","BioR1132",2026-06-23 10:15:00,174,15.0166666666667,9,15,23,10,0,6,2026,2026-06-23 10:15:00,2675.2929691
"392364","BiosphereDendrometer_",14,"2026-06-23 17:24:57","2026-06-23T10:24:57",15498,3.652880907,3617.431641,26.87000084,93.48999786,0.230317518,"UAGuest",0,"Red",8,426,276,895.5078125,"false","BioR1132",2026-06-23 10:30:00,174,15.0166666666667,24,30,23,10,0,6,2026,2026-06-23 10:30:00,2776.8554691
"392374","BiosphereDendrometer_",14,"2026-06-23 17:39:58","2026-06-23T10:39:58",15499,3.651269436,3622.265625,26.98999977,93.56999969,0.229095101,"UAGuest",0,"Red",7,253,281,811.0351563,"false","BioR1132",2026-06-23 10:45:00,174,15.0166666666667,39,45,23,10,0,6,2026,2026-06-23 10:45:00,2694.8242191
"392384","BiosphereDendrometer_",14,"2026-06-23 17:54:59","2026-06-23T10:54:59",15500,3.651269436,3615.820313,27.12000084,93.62000275,0.229053095,"UAGuest",0,"Red",5,132,238,751.953125,"false","BioR1132",2026-06-23 11:00:00,174,15.0166666666667,54,0,23,11,0,6,2026,2026-06-23 11:00:00,2633.3007816
"392394","BiosphereDendrometer_",14,"2026-06-23 18:10:0","2026-06-23T11:10:0",15501,3.652880907,3615.820313,27.21999931,93.86000061,0.221732035,"UAGuest",0,"Red",9,258,264,813.4765625,"false","BioR1132",2026-06-23 11:15:00,174,15.0166666666667,10,15,23,11,0,6,2026,2026-06-23 11:15:00,2689.9414066
"392404","BiosphereDendrometer_",14,"2026-06-23 18:25:1","2026-06-23T11:25:1",15502,3.651269436,3620.654297,27.37999916,94.02999878,0.21762149,"UAGuest",0,"Red",7,271,257,819.8242188,"false","BioR1132",2026-06-23 11:30:00,174,15.0166666666667,25,30,23,11,0,6,2026,2026-06-23 11:30:00,2696.2890629
"392417","BiosphereDendrometer_",14,"2026-06-23 18:40:2","2026-06-23T11:40:2",15503,3.651269436,3615.820313,27.46999931,93.91000366,0.223167062,"UAGuest",0,"Red",5,142,260,756.8359375,"false","BioR1132",2026-06-23 11:45:00,174,15.0166666666667,40,45,23,11,0,6,2026,2026-06-23 11:45:00,2655.2734378
"392424","BiosphereDendrometer_",14,"2026-06-23 18:55:3","2026-06-23T11:55:3",15504,3.651269436,3612.597656,27.63999939,94,0.222063616,"UAGuest",0,"Red",7,299,251,833.4960938,"false","BioR1132",2026-06-23 12:00:00,174,15.0166666666667,55,0,23,12,0,6,2026,2026-06-23 12:00:00,2714.8437504
"392434","BiosphereDendrometer_",14,"2026-06-23 19:10:10","2026-06-23T12:10:10",15505,3.625488281,3593.261719,27.76000023,94.33999634,0.210952207,"UAGuest",-74,"Red",7,268,244,818.359375,"false","BioR1132",2026-06-23 12:15:00,174,15.1166666666667,10,15,23,12,0,6,2026,2026-06-23 12:15:00,2699.7070316
"392444","BiosphereDendrometer_",14,"2026-06-23 19:25:21","2026-06-23T12:25:21",15506,3.659326077,3619.042969,27.88999939,94.36000061,0.21180588,"UAGuest",0,"Red",6,223,218,796.3867188,"false","BioR1132",2026-06-23 12:30:00,174,15.1833333333333,25,30,23,12,0,6,2026,2026-06-23 12:30:00,2677.7343754
"392454","BiosphereDendrometer_",14,"2026-06-23 19:40:22","2026-06-23T12:40:22",15507,3.649658203,3617.431641,28.04000092,94.31999969,0.215179697,"UAGuest",0,"Red",5,188,236,779.296875,"false","BioR1132",2026-06-23 12:45:00,174,15.0166666666667,40,45,23,12,0,6,2026,2026-06-23 12:45:00,2660.6445316
"392464","BiosphereDendrometer_",14,"2026-06-23 19:55:23","2026-06-23T12:55:23",15508,3.646435499,3617.431641,28.13999939,94.51000214,0.209195346,"UAGuest",0,"Red",6,248,255,808.59375,"false","BioR1132",2026-06-23 13:00:00,174,15.0166666666667,55,0,23,13,0,6,2026,2026-06-23 13:00:00,2689.9414066
"392474","BiosphereDendrometer_",14,"2026-06-23 20:10:24","2026-06-23T13:10:24",15509,3.64804697,3612.597656,28.28000069,94.65000153,0.20552659,"UAGuest",0,"Red",7,299,245,833.4960938,"false","BioR1132",2026-06-23 13:15:00,174,15.0166666666667,10,15,23,13,0,6,2026,2026-06-23 13:15:00,2714.8437504
"392484","BiosphereDendrometer_",14,"2026-06-23 20:25:25","2026-06-23T13:25:25",15510,3.652880907,3617.431641,28.42000008,94.62999725,0.207979023,"UAGuest",0,"Red",6,131,276,751.4648438,"false","BioR1132",2026-06-23 13:30:00,174,15.0166666666667,25,30,23,13,0,6,2026,2026-06-23 13:30:00,2642.5781254
"392494","BiosphereDendrometer_",14,"2026-06-23 20:40:26","2026-06-23T13:40:26",15511,3.64804697,3614.208984,28.53000069,94.83000183,0.201514855,"UAGuest",0,"Red",7,248,248,808.59375,"false","BioR1132",2026-06-23 13:45:00,174,15.0166666666667,40,45,23,13,0,6,2026,2026-06-23 13:45:00,2687.5000004
"392504","BiosphereDendrometer_",14,"2026-06-23 20:55:27","2026-06-23T13:55:27",15512,3.649658203,3614.208984,28.67000008,94.62000275,0.21140869,"UAGuest",0,"Red",8,228,269,798.828125,"false","BioR1132",2026-06-23 14:00:00,174,15.0166666666667,55,0,23,14,0,6,2026,2026-06-23 14:00:00,2677.7343754
"392516","BiosphereDendrometer_",14,"2026-06-23 21:10:28","2026-06-23T14:10:28",15513,3.646435499,3610.986328,28.79999924,94.65000153,0.211818308,"UAGuest",0,"Red",10,190,166,780.2734375,"false","BioR1132",2026-06-23 14:15:00,174,15.0166666666667,10,15,23,14,0,6,2026,2026-06-23 14:15:00,2659.1796879
"392524","BiosphereDendrometer_",14,"2026-06-23 21:25:29","2026-06-23T14:25:29",15514,3.64804697,3609.375,28.82999992,94.86000061,0.203857586,"UAGuest",0,"Red",10,274,249,821.2890625,"false","BioR1132",2026-06-23 14:30:00,174,15.0166666666667,25,30,23,14,0,6,2026,2026-06-23 14:30:00,2700.1953129
"392534","BiosphereDendrometer_",14,"2026-06-23 21:40:30","2026-06-23T14:40:30",15515,3.646435499,3610.986328,28.84000015,95.01999664,0.197626278,"UAGuest",0,"Red",11,223,237,796.3867188,"false","BioR1132",2026-06-23 14:45:00,174,15.0166666666667,40,45,23,14,0,6,2026,2026-06-23 14:45:00,2675.2929692
"392544","BiosphereDendrometer_",14,"2026-06-23 21:55:31","2026-06-23T14:55:31",15516,3.644824266,3614.208984,28.84000015,95.34999847,0.184530526,"UAGuest",0,"Red",11,273,230,820.8007813,"false","BioR1132",2026-06-23 15:00:00,174,15.0166666666667,55,0,23,15,0,6,2026,2026-06-23 15:00:00,2699.7070317
"392554","BiosphereDendrometer_",14,"2026-06-23 22:10:32","2026-06-23T15:10:32",15517,3.641601563,3615.820313,29.37000084,95.48999786,0.184536651,"UAGuest",0,"Red",12,215,219,792.4804688,"false","BioR1132",2026-06-23 15:15:00,174,15.0166666666667,10,15,23,15,0,6,2026,2026-06-23 15:15:00,2671.3867192
"392564","BiosphereDendrometer_",14,"2026-06-23 22:25:33","2026-06-23T15:25:33",15518,3.64804697,3609.375,29.75,94.84999847,0.215382263,"UAGuest",0,"Red",12,203,248,786.6210938,"false","BioR1132",2026-06-23 15:30:00,174,15.0166666666667,25,30,23,15,0,6,2026,2026-06-23 15:30:00,2665.5273442
"392574","BiosphereDendrometer_",14,"2026-06-23 22:40:34","2026-06-23T15:40:34",15519,3.643212795,3610.986328,29.85000038,94.83000183,0.217464179,"UAGuest",0,"Red",12,167,224,769.0429688,"false","BioR1132",2026-06-23 15:45:00,174,15.0166666666667,40,45,23,15,0,6,2026,2026-06-23 15:45:00,2647.9492192
"392584","BiosphereDendrometer_",14,"2026-06-23 22:55:35","2026-06-23T15:55:35",15520,3.649658203,3614.208984,29.70999908,94.68000031,0.221980989,"UAGuest",0,"Red",11,91,229,731.9335938,"false","BioR1132",2026-06-23 16:00:00,174,15.0166666666667,55,0,23,16,0,6,2026,2026-06-23 16:00:00,2610.8398442
"392594","BiosphereDendrometer_",14,"2026-06-23 23:10:42","2026-06-23T16:10:42",15521,3.625488281,3591.650391,29.46999931,94.25,0.236633047,"UAGuest",-76,"Red",11,217,230,793.4570313,"false","BioR1132",2026-06-23 16:15:00,174,15.1166666666667,10,15,23,16,0,6,2026,2026-06-23 16:15:00,2665.5273442
"392604","BiosphereDendrometer_",14,"2026-06-23 23:25:53","2026-06-23T16:25:53",15522,3.643212795,3614.208984,29.17000008,94.12000275,0.237833902,"UAGuest",0,"Red",12,301,243,834.4726563,"false","BioR1132",2026-06-23 16:30:00,174,15.1833333333333,25,30,23,16,0,6,2026,2026-06-23 16:30:00,2706.5429692
"392617","BiosphereDendrometer_",14,"2026-06-23 23:40:54","2026-06-23T16:40:54",15523,3.643212795,3609.375,29.05999947,94.05999756,0.238739848,"UAGuest",0,"Red",11,301,236,834.4726563,"false","BioR1132",2026-06-23 16:45:00,174,15.0166666666667,40,45,23,16,0,6,2026,2026-06-23 16:45:00,2706.5429692
"392624","BiosphereDendrometer_",14,"2026-06-23 23:55:55","2026-06-23T16:55:55",15524,3.644824266,3609.375,28.92000008,93.66000366,0.252763033,"UAGuest",0,"Red",11,203,227,786.6210938,"false","BioR1132",2026-06-23 17:00:00,174,15.0166666666667,55,0,23,17,0,6,2026,2026-06-23 17:00:00,2658.6914067
"392634","BiosphereDendrometer_",14,"2026-06-24 0:10:56","2026-06-23T17:10:56",15525,3.63999033,3609.375,29.37999916,96.19000244,0.155984357,"UAGuest",0,"Red",12,65,225,719.2382813,"false","BioR1132",2026-06-23 17:15:00,174,15.0166666666667,10,15,23,17,0,6,2026,2026-06-23 17:15:00,2592.2851567
"392644","BiosphereDendrometer_",14,"2026-06-24 0:25:57","2026-06-23T17:25:57",15526,3.643212795,3604.541016,30.07999992,95.58999634,0.187960625,"UAGuest",0,"Red",10,312,237,839.84375,"false","BioR1132",2026-06-23 17:30:00,174,15.0166666666667,25,30,23,17,0,6,2026,2026-06-23 17:30:00,2712.8906254
"392654","BiosphereDendrometer_",14,"2026-06-24 0:40:58","2026-06-23T17:40:58",15527,3.641601563,3609.375,30.38999939,94.55999756,0.236012623,"UAGuest",0,"Red",10,215,191,792.4804688,"false","BioR1132",2026-06-23 17:45:00,174,15.0166666666667,40,45,23,17,0,6,2026,2026-06-23 17:45:00,2665.5273442
"392664","BiosphereDendrometer_",14,"2026-06-24 0:55:59","2026-06-23T17:55:59",15528,3.63999033,3606.152344,30.5,93.80000305,0.2706815,"UAGuest",0,"Red",12,195,226,782.7148438,"false","BioR1132",2026-06-23 18:00:00,174,15.0166666666667,55,0,23,18,0,6,2026,2026-06-23 18:00:00,2655.7617192
"392674","BiosphereDendrometer_",14,"2026-06-24 1:11:0","2026-06-23T18:11:0",15529,3.635156155,3606.152344,30.53000069,93.26999664,0.294324696,"UAGuest",0,"Red",13,292,228,830.078125,"false","BioR1132",2026-06-23 18:15:00,174,15.0166666666667,11,15,23,18,0,6,2026,2026-06-23 18:15:00,2703.1250004
"392684","BiosphereDendrometer_",14,"2026-06-24 1:26:1","2026-06-23T18:26:1",15530,3.63999033,3607.763672,30.51000023,93,0.305782944,"UAGuest",0,"Red",11,190,203,780.2734375,"false","BioR1132",2026-06-23 18:30:00,174,15.0166666666667,26,30,23,18,0,6,2026,2026-06-23 18:30:00,2653.3203129
"392694","BiosphereDendrometer_",14,"2026-06-24 1:41:2","2026-06-23T18:41:2",15531,3.63999033,3609.375,30.46999931,92.26000214,0.337336421,"UAGuest",0,"Red",11,243,225,806.1523438,"false","BioR1132",2026-06-23 18:45:00,174,15.0166666666667,41,45,23,18,0,6,2026,2026-06-23 18:45:00,2679.1992192
"392704","BiosphereDendrometer_",14,"2026-06-24 1:56:3","2026-06-23T18:56:3",15532,3.63999033,3604.541016,30.43000031,91.76999664,0.35787335,"UAGuest",0,"Red",9,223,198,796.3867188,"false","BioR1132",2026-06-23 19:00:00,174,15.0166666666667,56,0,23,19,0,6,2026,2026-06-23 19:00:00,2669.4335942
"392716","BiosphereDendrometer_",14,"2026-06-24 2:11:4","2026-06-23T19:11:4",15533,3.636767626,3604.541016,30.98999977,90.83999634,0.411244988,"UAGuest",0,"Red",11,193,210,781.7382813,"false","BioR1132",2026-06-23 19:15:00,174,15.0166666666667,11,15,23,19,0,6,2026,2026-06-23 19:15:00,2654.7851567
"392724","BiosphereDendrometer_",14,"2026-06-24 2:26:5","2026-06-23T19:26:5",15534,3.635156155,3606.152344,31.19000053,89.37999725,0.482248634,"UAGuest",0,"Red",11,258,196,813.4765625,"false","BioR1132",2026-06-23 19:30:00,174,15.0166666666667,26,30,23,19,0,6,2026,2026-06-23 19:30:00,2686.5234379
"392734","BiosphereDendrometer_",14,"2026-06-24 2:41:6","2026-06-23T19:41:6",15535,3.63999033,3604.541016,31.27000046,88.48999786,0.525044739,"UAGuest",0,"Red",12,281,220,824.7070313,"false","BioR1132",2026-06-23 19:45:00,174,15.0166666666667,41,45,23,19,0,6,2026,2026-06-23 19:45:00,2697.7539067
"392744","BiosphereDendrometer_",14,"2026-06-24 2:56:7","2026-06-23T19:56:7",15536,3.638378859,3601.318359,31.21999931,88.23999786,0.534926772,"UAGuest",0,"Red",11,154,211,762.6953125,"false","BioR1132",2026-06-23 20:00:00,174,15.0166666666667,56,0,23,20,0,6,2026,2026-06-23 20:00:00,2659.1796879
"392754","BiosphereDendrometer_",14,"2026-06-24 3:11:14","2026-06-23T20:11:14",15537,3.625488281,3588.427734,31.21999931,87.76000214,0.556760311,"UAGuest",-81,"Red",12,187,210,778.8085938,"false","BioR1132",2026-06-23 20:15:00,174,15.1166666666667,11,15,23,20,0,6,2026,2026-06-23 20:15:00,2675.2929692
"392764","BiosphereDendrometer_",14,"2026-06-24 3:26:25","2026-06-23T20:26:25",15538,3.644824266,3609.375,31.44000053,86.30000305,0.631005764,"UAGuest",0,"Red",12,213,206,791.5039063,"false","BioR1132",2026-06-23 20:30:00,174,15.1833333333333,26,30,23,20,0,6,2026,2026-06-23 20:30:00,2687.9882817
"392774","BiosphereDendrometer_",14,"2026-06-24 3:41:26","2026-06-23T20:41:26",15539,3.635156155,3601.318359,31.38999939,85.75,0.654478312,"UAGuest",0,"Red",10,195,206,782.7148438,"false","BioR1132",2026-06-23 20:45:00,174,15.0166666666667,41,45,23,20,0,6,2026,2026-06-23 20:45:00,2679.1992192
"392784","BiosphereDendrometer_",14,"2026-06-24 3:56:27","2026-06-23T20:56:27",15540,3.643212795,3601.318359,31.27000046,85.66000366,0.654138803,"UAGuest",0,"Red",11,195,223,782.7148438,"false","BioR1132",2026-06-23 21:00:00,174,15.0166666666667,56,0,23,21,0,6,2026,2026-06-23 21:00:00,2679.1992192
"392794","BiosphereDendrometer_",14,"2026-06-24 4:11:28","2026-06-23T21:11:28",15541,3.635156155,3604.541016,31.27000046,85.45999908,0.663262248,"UAGuest",0,"Red",11,248,202,808.59375,"false","BioR1132",2026-06-23 21:15:00,174,15.0166666666667,11,15,23,21,0,6,2026,2026-06-23 21:15:00,2705.0781254
"392804","BiosphereDendrometer_",14,"2026-06-24 4:26:29","2026-06-23T21:26:29",15542,3.630322218,3601.318359,31.14999962,85.11000061,0.674610674,"UAGuest",0,"Red",9,345,195,855.9570313,"false","BioR1132",2026-06-23 21:30:00,174,15.0166666666667,26,30,23,21,0,6,2026,2026-06-23 21:30:00,2752.4414067
"392817","BiosphereDendrometer_",14,"2026-06-24 4:41:30","2026-06-23T21:41:30",15543,3.635156155,3599.707031,31.11000061,84.75,0.689351022,"UAGuest",0,"Red",10,172,217,771.484375,"false","BioR1132",2026-06-23 21:45:00,174,15.0166666666667,41,45,23,21,0,6,2026,2026-06-23 21:45:00,2672.8515629
"392824","BiosphereDendrometer_",14,"2026-06-24 4:56:31","2026-06-23T21:56:31",15544,3.633544922,3596.484375,31.02000046,84.45999908,0.698872089,"UAGuest",0,"Red",11,147,227,759.2773438,"false","BioR1132",2026-06-23 22:00:00,174,15.0166666666667,56,0,23,22,0,6,2026,2026-06-23 22:00:00,2660.6445317
"392834","BiosphereDendrometer_",14,"2026-06-24 5:11:32","2026-06-23T22:11:32",15545,3.636767626,3599.707031,30.87000084,84.26999664,0.701399326,"UAGuest",0,"Red",11,203,202,786.6210938,"false","BioR1132",2026-06-23 22:15:00,174,15.0166666666667,11,15,23,22,0,6,2026,2026-06-23 22:15:00,2687.9882817
"392844","BiosphereDendrometer_",14,"2026-06-24 5:26:33","2026-06-23T22:26:33",15546,3.636767626,3601.318359,30.78000069,84.15000153,0.703133166,"UAGuest",0,"Red",10,203,196,786.6210938,"false","BioR1132",2026-06-23 22:30:00,174,15.0166666666667,26,30,23,22,0,6,2026,2026-06-23 22:30:00,2687.9882817
"392854","BiosphereDendrometer_",14,"2026-06-24 5:41:34","2026-06-23T22:41:34",15547,3.635156155,3599.707031,30.71999931,83.76999664,0.717531204,"UAGuest",0,"Red",12,256,226,812.5,"false","BioR1132",2026-06-23 22:45:00,174,15.0166666666667,41,45,23,22,0,6,2026,2026-06-23 22:45:00,2713.8671879
"392864","BiosphereDendrometer_",14,"2026-06-24 5:56:35","2026-06-23T22:56:35",15548,3.630322218,3601.318359,30.64999962,83.94999695,0.70674479,"UAGuest",0,"Red",12,154,207,762.6953125,"false","BioR1132",2026-06-23 23:00:00,174,15.0166666666667,56,0,23,23,0,6,2026,2026-06-23 23:00:00,2664.0625004
"392874","BiosphereDendrometer_",14,"2026-06-24 6:11:36","2026-06-23T23:11:36",15549,3.628710985,3596.484375,30.61000061,83.51000214,0.724463403,"UAGuest",0,"Red",11,213,221,791.5039063,"false","BioR1132",2026-06-23 23:15:00,174,15.0166666666667,11,15,23,23,0,6,2026,2026-06-23 23:15:00,2692.8710942
"392884","BiosphereDendrometer_",14,"2026-06-24 6:26:37","2026-06-23T23:26:37",15550,3.623877048,3594.873047,30.62999916,83.12999725,0.742004931,"UAGuest",0,"Red",11,228,228,798.828125,"false","BioR1132",2026-06-23 23:30:00,174,15.0166666666667,26,30,23,23,0,6,2026,2026-06-23 23:30:00,2700.1953129
"392894","BiosphereDendrometer_",14,"2026-06-24 6:41:38","2026-06-23T23:41:38",15551,3.630322218,3598.095703,30.54000092,83.34999847,0.728574455,"UAGuest",0,"Red",11,256,229,812.5,"false","BioR1132",2026-06-23 23:45:00,174,15.0166666666667,41,45,23,23,0,6,2026,2026-06-23 23:45:00,2713.8671879
"392904","BiosphereDendrometer_",14,"2026-06-24 6:56:39","2026-06-23T23:56:39",15552,3.635156155,3594.873047,30.47999954,82.98000336,0.742215872,"UAGuest",0,"Red",12,213,197,791.5039063,"false","BioR1132",2026-06-24,174,15.0166666666667,56,0,24,0,0,6,2026,2026-06-24,2692.8710942
"392917","BiosphereDendrometer_",14,"2026-06-24 7:11:46","2026-06-24T0:11:46",15553,3.623877048,3588.427734,30.44000053,82.66999817,0.75400883,"UAGuest",-75,"Red",12,167,191,769.0429688,"false","BioR1132",2026-06-24 00:15:00,175,15.1166666666667,11,15,24,0,0,6,2026,2026-06-24 00:15:00,2670.4101567
"392924","BiosphereDendrometer_",14,"2026-06-24 7:26:57","2026-06-24T0:26:57",15554,3.633544922,3598.095703,30.44000053,82.61000061,0.756619275,"UAGuest",0,"Red",11,228,216,798.828125,"false","BioR1132",2026-06-24 00:30:00,175,15.1833333333333,26,30,24,0,0,6,2026,2026-06-24 00:30:00,2700.1953129
"392934","BiosphereDendrometer_",14,"2026-06-24 7:41:58","2026-06-24T0:41:58",15555,3.627099514,3591.650391,30.36000061,82.51999664,0.757063866,"UAGuest",0,"Red",10,248,221,808.59375,"false","BioR1132",2026-06-24 00:45:00,175,15.0166666666667,41,45,24,0,0,6,2026,2026-06-24 00:45:00,2709.9609379
"392944","BiosphereDendrometer_",14,"2026-06-24 7:56:59","2026-06-24T0:56:59",15556,3.631933689,3594.873047,30.34000015,81.94000244,0.78128922,"UAGuest",0,"Red",11,223,209,796.3867188,"false","BioR1132",2026-06-24 01:00:00,175,15.0166666666667,56,0,24,1,0,6,2026,2026-06-24 01:00:00,2697.7539067
"392954","BiosphereDendrometer_",14,"2026-06-24 8:12:0","2026-06-24T1:12:0",15557,3.630322218,3594.873047,30.32999992,81.73000336,0.789921761,"UAGuest",0,"Red",11,248,226,808.59375,"false","BioR1132",2026-06-24 01:15:00,175,15.0166666666667,12,15,24,1,0,6,2026,2026-06-24 01:15:00,2709.9609379
"392964","BiosphereDendrometer_",14,"2026-06-24 8:27:1","2026-06-24T1:27:1",15558,3.627099514,3598.095703,30.29999924,81.98999786,0.777345002,"UAGuest",0,"Red",10,178,214,774.4140625,"false","BioR1132",2026-06-24 01:30:00,175,15.0166666666667,27,30,24,1,0,6,2026,2026-06-24 01:30:00,2675.7812504
"392974","BiosphereDendrometer_",14,"2026-06-24 8:42:2","2026-06-24T1:42:2",15559,3.628710985,3594.873047,30.27000046,81.83999634,0.782474697,"UAGuest",0,"Red",11,233,224,801.2695313,"false","BioR1132",2026-06-24 01:45:00,175,15.0166666666667,42,45,24,1,0,6,2026,2026-06-24 01:45:00,2702.6367192
"392984","BiosphereDendrometer_",14,"2026-06-24 8:57:3","2026-06-24T1:57:3",15560,3.633544922,3591.650391,30.27000046,81.80999756,0.783767283,"UAGuest",0,"Red",10,137,215,754.3945313,"false","BioR1132",2026-06-24 02:00:00,175,15.0166666666667,57,0,24,2,0,6,2026,2026-06-24 02:00:00,2655.7617192
"392994","BiosphereDendrometer_",14,"2026-06-24 9:12:4","2026-06-24T2:12:4",15561,3.628710985,3593.261719,30.20999908,81.59999847,0.790096879,"UAGuest",0,"Red",10,289,219,828.6132813,"false","BioR1132",2026-06-24 02:15:00,175,15.0166666666667,12,15,24,2,0,6,2026,2026-06-24 02:15:00,2733.8867192
"393004","BiosphereDendrometer_",14,"2026-06-24 9:27:5","2026-06-24T2:27:5",15562,3.622265577,3594.873047,30.22999954,81.34999847,0.801749527,"UAGuest",0,"Red",12,126,234,749.0234375,"false","BioR1132",2026-06-24 02:30:00,175,15.0166666666667,27,30,24,2,0,6,2026,2026-06-24 02:30:00,2659.1796879
"393016","BiosphereDendrometer_",14,"2026-06-24 9:42:6","2026-06-24T2:42:6",15563,3.625488281,3591.650391,30.20999908,81.37999725,0.799543738,"UAGuest",0,"Red",11,233,218,801.2695313,"false","BioR1132",2026-06-24 02:45:00,175,15.0166666666667,42,45,24,2,0,6,2026,2026-06-24 02:45:00,2680.6640629
"393024","BiosphereDendrometer_",14,"2026-06-24 9:57:7","2026-06-24T2:57:7",15564,3.625488281,3596.484375,30.13999939,81.05000305,0.810457587,"UAGuest",0,"Red",12,195,208,782.7148438,"false","BioR1132",2026-06-24 03:00:00,175,15.0166666666667,57,0,24,3,0,6,2026,2026-06-24 03:00:00,2662.1093754
"393034","BiosphereDendrometer_",14,"2026-06-24 10:12:8","2026-06-24T3:12:8",15565,3.627099514,3590.039063,30.12000084,81.19999695,0.803121746,"UAGuest",0,"Red",11,215,207,792.4804688,"false","BioR1132",2026-06-24 03:15:00,175,15.0166666666667,12,15,24,3,0,6,2026,2026-06-24 03:15:00,2671.8750004
"393044","BiosphereDendrometer_",14,"2026-06-24 10:27:9","2026-06-24T3:27:9",15566,3.625488281,3590.039063,30.05999947,80.59999847,0.825907886,"UAGuest",0,"Red",10,301,197,834.4726563,"false","BioR1132",2026-06-24 03:30:00,175,15.0166666666667,27,30,24,3,0,6,2026,2026-06-24 03:30:00,2713.8671879
"393054","BiosphereDendrometer_",14,"2026-06-24 10:42:10","2026-06-24T3:42:10",15567,3.630322218,3594.873047,30.03000069,81.13999939,0.801538885,"UAGuest",0,"Red",11,223,203,796.3867188,"false","BioR1132",2026-06-24 03:45:00,175,15.0166666666667,42,45,24,3,0,6,2026,2026-06-24 03:45:00,2675.7812504
"393064","BiosphereDendrometer_",14,"2026-06-24 10:57:11","2026-06-24T3:57:11",15568,3.625488281,3590.039063,30.02000046,80.59999847,0.824015856,"UAGuest",0,"Red",12,50,223,711.9140625,"false","BioR1132",2026-06-24 04:00:00,175,15.0166666666667,57,0,24,4,0,6,2026,2026-06-24 04:00:00,2601.0742191
"393074","BiosphereDendrometer_",14,"2026-06-24 11:12:18","2026-06-24T4:12:18",15569,3.620654345,3596.484375,29.95999908,80.73999786,0.815258741,"UAGuest",-82,"Red",13,203,194,786.6210938,"false","BioR1132",2026-06-24 04:15:00,175,15.1166666666667,12,15,24,4,0,6,2026,2026-06-24 04:15:00,2671.8750004
"393084","BiosphereDendrometer_",14,"2026-06-24 11:27:28","2026-06-24T4:27:28",15570,3.627099514,3594.873047,29.93000031,80.23999786,0.834984779,"UAGuest",0,"Red",12,256,206,812.5,"false","BioR1132",2026-06-24 04:30:00,175,15.1666666666667,27,30,24,4,0,6,2026,2026-06-24 04:30:00,2697.7539066
"393094","BiosphereDendrometer_",14,"2026-06-24 11:42:29","2026-06-24T4:42:29",15571,3.617431641,3593.261719,29.86000061,80.41000366,0.824481487,"UAGuest",0,"Red",10,187,200,778.8085938,"false","BioR1132",2026-06-24 04:45:00,175,15.0166666666667,42,45,24,4,0,6,2026,2026-06-24 04:45:00,2664.0625004
"393107","BiosphereDendrometer_",14,"2026-06-24 11:57:30","2026-06-24T4:57:30",15572,3.623877048,3590.039063,29.81999969,80.48999786,0.819230795,"UAGuest",0,"Red",12,203,214,786.6210938,"false","BioR1132",2026-06-24 05:00:00,175,15.0166666666667,57,0,24,5,0,6,2026,2026-06-24 05:00:00,2671.8750004
"393116","BiosphereDendrometer_",14,"2026-06-24 12:12:31","2026-06-24T5:12:31",15573,3.619042873,3588.427734,29.78000069,79.58000183,0.855474055,"UAGuest",0,"Red",12,142,199,756.8359375,"false","BioR1132",2026-06-24 05:15:00,175,15.0166666666667,12,15,24,5,0,6,2026,2026-06-24 05:15:00,2642.0898441
"393124","BiosphereDendrometer_",14,"2026-06-24 12:27:32","2026-06-24T5:27:32",15574,3.622265577,3588.427734,29.59000015,79.81999969,0.836234987,"UAGuest",0,"Red",10,279,171,823.7304688,"false","BioR1132",2026-06-24 05:30:00,175,15.0166666666667,27,30,24,5,0,6,2026,2026-06-24 05:30:00,2687.0117192
"393134","BiosphereDendrometer_",14,"2026-06-24 12:42:33","2026-06-24T5:42:33",15575,3.619042873,3585.205078,29.46999931,79.86000061,0.828832805,"UAGuest",0,"Red",9,248,189,808.59375,"false","BioR1132",2026-06-24 05:45:00,175,15.0166666666667,42,45,24,5,0,6,2026,2026-06-24 05:45:00,2671.8750004
"393144","BiosphereDendrometer_",14,"2026-06-24 12:57:34","2026-06-24T5:57:34",15576,3.625488281,3588.427734,29.61000061,79.56999969,0.847569287,"UAGuest",0,"Red",11,236,236,802.734375,"false","BioR1132",2026-06-24 06:00:00,175,15.0166666666667,57,0,24,6,0,6,2026,2026-06-24 06:00:00,2666.0156254
"393154","BiosphereDendrometer_",14,"2026-06-24 13:12:35","2026-06-24T6:12:35",15577,3.620654345,3586.816406,29.72999954,79.55000305,0.854272783,"UAGuest",0,"Red",12,243,208,806.1523438,"false","BioR1132",2026-06-24 06:15:00,175,15.0166666666667,12,15,24,6,0,6,2026,2026-06-24 06:15:00,2669.4335942
"393164","BiosphereDendrometer_",14,"2026-06-24 13:27:36","2026-06-24T6:27:36",15578,3.620654345,3590.039063,26.14999962,78.84999847,0.717205882,"UAGuest",0,"Red",12,258,197,813.4765625,"false","BioR1132",2026-06-24 06:30:00,175,15.0166666666667,27,30,24,6,0,6,2026,2026-06-24 06:30:00,2676.7578129
"393174","BiosphereDendrometer_",14,"2026-06-24 13:42:37","2026-06-24T6:42:37",15579,3.620654345,3585.205078,25.23999977,82.08000183,0.575778961,"UAGuest",0,"Red",11,215,191,792.4804688,"false","BioR1132",2026-06-24 06:45:00,175,15.0166666666667,42,45,24,6,0,6,2026,2026-06-24 06:45:00,2655.7617192
"393184","BiosphereDendrometer_",14,"2026-06-24 13:57:38","2026-06-24T6:57:38",15580,3.622265577,3585.205078,24.79999924,83.11000061,0.528648853,"UAGuest",0,"Red",11,217,184,793.4570313,"false","BioR1132",2026-06-24 07:00:00,175,15.0166666666667,57,0,24,7,0,6,2026,2026-06-24 07:00:00,2656.7382817
"393194","BiosphereDendrometer_",14,"2026-06-24 14:12:39","2026-06-24T7:12:39",15581,3.620654345,3588.427734,24.71999931,84.04000092,0.497161329,"UAGuest",0,"Red",11,233,216,801.2695313,"false","BioR1132",2026-06-24 07:15:00,175,15.0166666666667,12,15,24,7,0,6,2026,2026-06-24 07:15:00,2664.5507817
"393204","BiosphereDendrometer_",14,"2026-06-24 14:27:40","2026-06-24T7:27:40",15582,3.620654345,3583.59375,24.69000053,85.01000214,0.466109693,"UAGuest",0,"Red",11,126,202,749.0234375,"false","BioR1132",2026-06-24 07:30:00,175,15.0166666666667,27,30,24,7,0,6,2026,2026-06-24 07:30:00,2622.0703129
"393217","BiosphereDendrometer_",14,"2026-06-24 14:42:41","2026-06-24T7:42:41",15583,3.622265577,3583.59375,24.71999931,85.51000214,0.451370001,"UAGuest",0,"Red",10,190,188,780.2734375,"false","BioR1132",2026-06-24 07:45:00,175,15.0166666666667,42,45,24,7,0,6,2026,2026-06-24 07:45:00,2653.3203129
"393224","BiosphereDendrometer_",14,"2026-06-24 14:57:42","2026-06-24T7:57:42",15584,3.617431641,3583.59375,24.92000008,85.73000336,0.449851304,"UAGuest",0,"Red",11,258,208,813.4765625,"false","BioR1132",2026-06-24 08:00:00,175,15.0166666666667,57,0,24,8,0,6,2026,2026-06-24 08:00:00,2686.5234379
"393234","BiosphereDendrometer_",14,"2026-06-24 15:12:49","2026-06-24T8:12:49",15585,3.630322218,3593.261719,24.38999939,87.09999847,0.393993139,"UAGuest",-81,"Red",11,213,209,791.5039063,"false","BioR1132",2026-06-24 08:15:00,175,15.1166666666667,12,15,24,8,0,6,2026,2026-06-24 08:15:00,2664.5507817
"393244","BiosphereDendrometer_",14,"2026-06-24 15:28:1","2026-06-24T8:28:1",15586,3.623877048,3590.039063,25.85000038,92.81999969,0.239197358,"UAGuest",0,"Red",10,284,200,826.171875,"false","BioR1132",2026-06-24 08:30:00,175,15.2,28,30,24,8,0,6,2026,2026-06-24 08:30:00,2699.2187504
"393254","BiosphereDendrometer_",14,"2026-06-24 15:43:2","2026-06-24T8:43:2",15587,3.620654345,3588.427734,26.96999931,92.98999786,0.249467105,"UAGuest",0,"Red",12,150,207,760.7421875,"false","BioR1132",2026-06-24 08:45:00,175,15.0166666666667,43,45,24,8,0,6,2026,2026-06-24 08:45:00,2946.7773442
"393284","BiosphereDendrometer_",14,"2026-06-24 16:0:46","2026-06-24T9:0:46",15590,3.617431641,3581.982422,27.70000076,91.77999878,0.305294424,"UAGuest",0,"Green",1010,3699,3699,493.6523438,"false","BioR1132",2026-06-24 09:00:00,175,15.0666666666667,0,0,24,9,0,6,2026,2026-06-24 09:00:00,2711.9140629
"393294","BiosphereDendrometer_",14,"2026-06-24 16:15:47","2026-06-24T9:15:47",15591,3.612597704,3581.982422,27.13999939,91.80999756,0.294380158,"UAGuest",0,"Green",1012,3668,3667,478.515625,"false","BioR1132",2026-06-24 09:15:00,175,15.0166666666667,15,15,24,9,0,6,2026,2026-06-24 09:15:00,2696.7773441
"393304","BiosphereDendrometer_",14,"2026-06-24 16:30:48","2026-06-24T9:30:48",15592,3.615820408,3586.816406,27.12000084,92.43000031,0.271776199,"UAGuest",0,"Green",1011,3647,3647,468.2617188,"false","BioR1132",2026-06-24 09:30:00,175,15.0166666666667,30,30,24,9,0,6,2026,2026-06-24 09:30:00,2686.5234379
"393317","BiosphereDendrometer_",14,"2026-06-24 16:45:49","2026-06-24T9:45:49",15593,3.620654345,3583.59375,26.94000053,92.98000336,0.24938339,"UAGuest",0,"Green",1013,3633,3633,461.4257813,"false","BioR1132",2026-06-24 09:45:00,175,15.0166666666667,45,45,24,9,0,6,2026,2026-06-24 09:45:00,2679.6875004
"393324","BiosphereDendrometer_",14,"2026-06-24 17:0:50","2026-06-24T10:0:50",15594,3.614208937,3586.816406,26.89999962,93.16000366,0.242419064,"UAGuest",0,"Green",1012,3622,3620,456.0546875,"false","BioR1132",2026-06-24 10:00:00,175,15.0166666666667,0,0,24,10,0,6,2026,2026-06-24 10:00:00,2674.3164066
"393334","BiosphereDendrometer_",14,"2026-06-24 17:15:51","2026-06-24T10:15:51",15595,3.615820408,3580.371094,26.87999916,93.44000244,0.232222632,"UAGuest",0,"Green",1013,3612,3611,451.171875,"false","BioR1132",2026-06-24 10:15:00,175,15.0166666666667,15,15,24,10,0,6,2026,2026-06-24 10:15:00,2669.4335941
"393344","BiosphereDendrometer_",14,"2026-06-24 17:30:52","2026-06-24T10:30:52",15596,3.615820408,3578.759766,26.96999931,93.48999786,0.231673464,"UAGuest",0,"Green",1011,3603,3601,446.7773438,"false","BioR1132",2026-06-24 10:30:00,175,15.0166666666667,30,30,24,10,0,6,2026,2026-06-24 10:30:00,2665.0390629
"393354","BiosphereDendrometer_",14,"2026-06-24 17:45:53","2026-06-24T10:45:53",15597,3.614208937,3577.148438,27.20999908,93.51000214,0.234234199,"UAGuest",0,"Green",1011,3590,3589,440.4296875,"false","BioR1132",2026-06-24 10:45:00,175,15.0166666666667,45,45,24,10,0,6,2026,2026-06-24 10:45:00,2658.6914066
"393364","BiosphereDendrometer_",14,"2026-06-24 18:0:54","2026-06-24T11:0:54",15598,3.610986233,3577.148438,27.30999947,93.59999847,0.232342467,"UAGuest",0,"Green",1013,3580,3580,435.546875,"false","BioR1132",2026-06-24 11:00:00,175,15.0166666666667,0,0,24,11,0,6,2026,2026-06-24 11:00:00,2653.8085941
"393374","BiosphereDendrometer_",14,"2026-06-24 18:15:55","2026-06-24T11:15:55",15599,3.610986233,3578.759766,27.45999908,93.62999725,0.233291373,"UAGuest",0,"Green",1013,3569,3569,430.1757813,"false","BioR1132",2026-06-24 11:15:00,175,15.0166666666667,15,15,24,11,0,6,2026,2026-06-24 11:15:00,2648.4375004
"393384","BiosphereDendrometer_",14,"2026-06-24 18:30:56","2026-06-24T11:30:56",15600,3.615820408,3578.759766,27.69000053,94,0.222712681,"UAGuest",0,"Green",1013,3557,3557,424.3164063,"false","BioR1132",2026-06-24 11:30:00,175,15.0166666666667,30,30,24,11,0,6,2026,2026-06-24 11:30:00,2642.5781254
"393394","BiosphereDendrometer_",14,"2026-06-24 18:47:8","2026-06-24T11:47:8",15601,3.627099514,3588.427734,27.89999962,94.43000031,0.209299028,"null",-100,"Green",1015,3544,3544,417.96875,"false","BioR1132",2026-06-24 11:45:00,175,16.2,47,45,24,11,0,6,2026,2026-06-24 11:45:00,2636.2304691
"393404","BiosphereDendrometer_",14,"2026-06-24 19:2:44","2026-06-24T12:2:44",15602,3.614208937,3581.982422,28.07999992,94.40000153,0.21264337,"UAGuest",0,"Green",1011,3533,3532,412.5976563,"false","BioR1132",2026-06-24 12:00:00,175,15.6,2,0,24,12,0,6,2026,2026-06-24 12:00:00,2630.8593754
"393417","BiosphereDendrometer_",14,"2026-06-24 19:17:45","2026-06-24T12:17:45",15603,3.610986233,3578.759766,28.27000046,94.34999847,0.216925457,"UAGuest",0,"Green",1013,3517,3517,404.7851563,"false","BioR1132",2026-06-24 12:15:00,175,15.0166666666667,17,15,24,12,0,6,2026,2026-06-24 12:15:00,2623.0468754
"393424","BiosphereDendrometer_",14,"2026-06-24 19:32:46","2026-06-24T12:32:46",15604,3.612597704,3580.371094,28.46999931,94.55000305,0.21169053,"UAGuest",0,"Green",1007,3503,3501,397.9492188,"false","BioR1132",2026-06-24 12:30:00,175,15.0166666666667,32,30,24,12,0,6,2026,2026-06-24 12:30:00,2616.2109379
"393434","BiosphereDendrometer_",14,"2026-06-24 19:47:47","2026-06-24T12:47:47",15605,3.610986233,3578.759766,28.60000038,94.5,0.215249345,"UAGuest",0,"Green",1010,3485,3484,389.1601563,"false","BioR1132",2026-06-24 12:45:00,175,15.0166666666667,47,45,24,12,0,6,2026,2026-06-24 12:45:00,2607.4218754
"393444","BiosphereDendrometer_",14,"2026-06-24 20:2:48","2026-06-24T13:2:48",15606,3.610986233,3575.537109,28.75,94.84999847,0.203310698,"UAGuest",0,"Green",1013,3468,3468,380.859375,"false","BioR1132",2026-06-24 13:00:00,175,15.0166666666667,2,0,24,13,0,6,2026,2026-06-24 13:00:00,2599.1210941
"393454","BiosphereDendrometer_",14,"2026-06-24 20:17:49","2026-06-24T13:17:49",15607,3.604541063,3575.537109,28.86000061,94.88999939,0.203019872,"UAGuest",0,"Green",1010,3453,3452,373.5351563,"false","BioR1132",2026-06-24 13:15:00,175,15.0166666666667,17,15,24,13,0,6,2026,2026-06-24 13:15:00,2591.7968754
"393464","BiosphereDendrometer_",14,"2026-06-24 20:32:50","2026-06-24T13:32:50",15608,3.604541063,3572.314453,28.95000076,94.80000305,0.20767349,"UAGuest",0,"Green",1014,3442,3441,368.1640625,"false","BioR1132",2026-06-24 13:30:00,175,15.0166666666667,32,30,24,13,0,6,2026,2026-06-24 13:30:00,2586.4257816
"393474","BiosphereDendrometer_",14,"2026-06-24 20:47:51","2026-06-24T13:47:51",15609,3.609375,3575.537109,29.03000069,94.69000244,0.213049322,"UAGuest",0,"Green",1011,3434,3432,364.2578125,"false","BioR1132",2026-06-24 13:45:00,175,15.0166666666667,47,45,24,13,0,6,2026,2026-06-24 13:45:00,2582.5195316
"393484","BiosphereDendrometer_",14,"2026-06-24 21:2:52","2026-06-24T14:2:52",15610,3.604541063,3575.537109,29.07999992,94.98999786,0.201594159,"UAGuest",0,"Green",1011,3425,3426,359.8632813,"false","BioR1132",2026-06-24 14:00:00,175,15.0166666666667,2,0,24,14,0,6,2026,2026-06-24 14:00:00,2578.1250004
"393494","BiosphereDendrometer_",14,"2026-06-24 21:17:53","2026-06-24T14:17:53",15611,3.609375,3575.537109,29.13999939,94.76999664,0.211176947,"UAGuest",0,"Green",1012,3422,3422,358.3984375,"false","BioR1132",2026-06-24 14:15:00,175,15.0166666666667,17,15,24,14,0,6,2026,2026-06-24 14:15:00,2576.6601566
"393504","BiosphereDendrometer_",14,"2026-06-24 21:32:54","2026-06-24T14:32:54",15612,3.604541063,3570.703125,29.10000038,94.93000031,0.204244167,"UAGuest",0,"Green",1012,3420,3419,357.421875,"false","BioR1132",2026-06-24 14:30:00,175,15.0166666666667,32,30,24,14,0,6,2026,2026-06-24 14:30:00,2575.6835941
"393517","BiosphereDendrometer_",14,"2026-06-24 21:47:55","2026-06-24T14:47:55",15613,3.609375,3573.925781,29.20000076,94.83999634,0.209073246,"UAGuest",0,"Green",1009,3418,3417,356.4453125,"false","BioR1132",2026-06-24 14:45:00,175,15.0166666666667,47,45,24,14,0,6,2026,2026-06-24 14:45:00,2574.7070316
"393524","BiosphereDendrometer_",14,"2026-06-24 22:2:56","2026-06-24T15:2:56",15614,3.604541063,3577.148438,29.22999954,95.40000153,0.186705872,"UAGuest",0,"Green",1011,3418,3417,356.4453125,"false","BioR1132",2026-06-24 15:00:00,175,15.0166666666667,2,0,24,15,0,6,2026,2026-06-24 15:00:00,2574.7070316
"393534","BiosphereDendrometer_",14,"2026-06-24 22:17:57","2026-06-24T15:17:57",15615,3.604541063,3572.314453,29.92000008,94.94000244,0.213694245,"UAGuest",0,"Green",1011,3417,3416,355.9570313,"false","BioR1132",2026-06-24 15:15:00,175,15.0166666666667,17,15,24,15,0,6,2026,2026-06-24 15:15:00,2574.2187504
"393544","BiosphereDendrometer_",14,"2026-06-24 22:32:58","2026-06-24T15:32:58",15616,3.604541063,3577.148438,30.05999947,94.44999695,0.236277893,"UAGuest",0,"Green",1014,3417,3416,355.9570313,"false","BioR1132",2026-06-24 15:30:00,175,15.0166666666667,32,30,24,15,0,6,2026,2026-06-24 15:30:00,2574.2187504
"393554","BiosphereDendrometer_",14,"2026-06-24 22:49:10","2026-06-24T15:49:10",15617,3.623877048,3591.650391,29.98999977,94.65000153,0.226850823,"null",-100,"Green",1014,3417,3417,355.9570313,"false","BioR1132",2026-06-24 15:45:00,175,16.2,49,45,24,15,0,6,2026,2026-06-24 15:45:00,2574.2187504
"393564","BiosphereDendrometer_",14,"2026-06-24 23:5:1","2026-06-24T16:5:1",15618,3.609375,3577.148438,29.89999962,94.25,0.242555827,"UAGuest",0,"Green",1009,3418,3417,356.4453125,"false","BioR1132",2026-06-24 16:00:00,175,15.85,5,0,24,16,0,6,2026,2026-06-24 16:00:00,2574.7070316
"393574","BiosphereDendrometer_",14,"2026-06-24 23:20:2","2026-06-24T16:20:2",15619,3.599707127,3572.314453,29.79000092,94.22000122,0.242286086,"UAGuest",0,"Green",1013,3417,3417,355.9570313,"false","BioR1132",2026-06-24 16:15:00,175,15.0166666666667,20,15,24,16,0,6,2026,2026-06-24 16:15:00,2574.2187504
"393584","BiosphereDendrometer_",14,"2026-06-24 23:35:3","2026-06-24T16:35:3",15620,3.601318359,3569.091797,29.72999954,94.06999969,0.247718289,"UAGuest",0,"Green",1011,3418,3418,356.4453125,"false","BioR1132",2026-06-24 16:30:00,175,15.0166666666667,35,30,24,16,0,6,2026,2026-06-24 16:30:00,2574.7070316
"393594","BiosphereDendrometer_",14,"2026-06-24 23:50:4","2026-06-24T16:50:4",15621,3.599707127,3573.925781,29.68000031,93.98999786,0.250339746,"UAGuest",0,"Green",1011,3419,3418,356.9335938,"false","BioR1132",2026-06-24 16:45:00,175,15.0166666666667,50,45,24,16,0,6,2026,2026-06-24 16:45:00,2575.1953129
"393604","BiosphereDendrometer_",14,"2026-06-25 0:5:5","2026-06-24T17:5:5",15622,3.599707127,3570.703125,29.78000069,95.12000275,0.204442367,"UAGuest",0,"Green",1013,3418,3418,356.4453125,"false","BioR1132",2026-06-24 17:00:00,175,15.0166666666667,5,0,24,17,0,6,2026,2026-06-24 17:00:00,2574.7070316
"393617","BiosphereDendrometer_",14,"2026-06-25 0:20:6","2026-06-24T17:20:6",15623,3.601318359,3570.703125,30.56999969,95.5,0.197249725,"UAGuest",0,"Green",1009,3419,3419,356.9335938,"false","BioR1132",2026-06-24 17:15:00,175,15.0166666666667,20,15,24,17,0,6,2026,2026-06-24 17:15:00,2575.1953129
"393624","BiosphereDendrometer_",14,"2026-06-25 0:35:7","2026-06-24T17:35:7",15624,3.598095655,3569.091797,31.11000061,94.16000366,0.263987452,"UAGuest",0,"Green",1012,3420,3419,357.421875,"false","BioR1132",2026-06-24 17:30:00,175,15.0166666666667,35,30,24,17,0,6,2026,2026-06-24 17:30:00,2575.6835941
"393634","BiosphereDendrometer_",14,"2026-06-25 0:50:8","2026-06-24T17:50:8",15625,3.599707127,3567.480469,31.31999969,93.56999969,0.294147581,"UAGuest",0,"Green",1012,3421,3420,357.9101563,"false","BioR1132",2026-06-24 17:45:00,175,15.0166666666667,50,45,24,17,0,6,2026,2026-06-24 17:45:00,2576.1718754
"393644","BiosphereDendrometer_",14,"2026-06-25 1:5:9","2026-06-24T18:5:9",15626,3.598095655,3569.091797,31.39999962,93.58999634,0.294567734,"UAGuest",0,"Green",1013,3421,3421,357.9101563,"false","BioR1132",2026-06-24 18:00:00,175,15.0166666666667,5,0,24,18,0,6,2026,2026-06-24 18:00:00,2576.1718754
"393654","BiosphereDendrometer_",14,"2026-06-25 1:20:10","2026-06-24T18:20:10",15627,3.599707127,3570.703125,31.45999908,93.18000031,0.314477772,"UAGuest",0,"Green",1013,3421,3421,357.9101563,"false","BioR1132",2026-06-24 18:15:00,175,15.0166666666667,20,15,24,18,0,6,2026,2026-06-24 18:15:00,2576.1718754
"393664","BiosphereDendrometer_",14,"2026-06-25 1:35:11","2026-06-24T18:35:11",15628,3.598095655,3564.257813,31.46999931,93.01000214,0.322499514,"UAGuest",0,"Green",1011,3422,3422,358.3984375,"false","BioR1132",2026-06-24 18:30:00,175,15.0166666666667,35,30,24,18,0,6,2026,2026-06-24 18:30:00,2576.6601566
"393674","BiosphereDendrometer_",14,"2026-06-25 1:50:12","2026-06-24T18:50:12",15629,3.594872952,3569.091797,31.46999931,92.76000214,0.334033817,"UAGuest",0,"Green",1011,3423,3423,358.8867188,"false","BioR1132",2026-06-24 18:45:00,175,15.0166666666667,50,45,24,18,0,6,2026,2026-06-24 18:45:00,2577.1484379
"393684","BiosphereDendrometer_",14,"2026-06-25 2:5:13","2026-06-24T19:5:13",15630,3.598095655,3567.480469,31.79999924,91.72000122,0.389226705,"UAGuest",0,"Green",1011,3424,3423,359.375,"false","BioR1132",2026-06-24 19:00:00,175,15.0166666666667,5,0,24,19,0,6,2026,2026-06-24 19:00:00,2577.6367191
"393694","BiosphereDendrometer_",14,"2026-06-25 2:20:14","2026-06-24T19:20:14",15631,3.594872952,3565.869141,32.24000168,89.58999634,0.501671851,"UAGuest",0,"Green",1011,3424,3423,359.375,"false","BioR1132",2026-06-24 19:15:00,175,15.0166666666667,20,15,24,19,0,6,2026,2026-06-24 19:15:00,2577.6367191
"393704","BiosphereDendrometer_",14,"2026-06-25 2:35:15","2026-06-24T19:35:15",15632,3.596484423,3567.480469,31.78000069,89.08999634,0.51227814,"UAGuest",0,"Green",1011,3425,3423,359.8632813,"false","BioR1132",2026-06-24 19:30:00,175,15.0166666666667,35,30,24,19,0,6,2026,2026-06-24 19:30:00,2578.1250004
"393717","BiosphereDendrometer_",14,"2026-06-25 2:51:26","2026-06-24T19:51:26",15633,3.623877048,3590.039063,31.32999992,89.16000366,0.496169716,"null",-100,"Green",1014,3424,3423,359.375,"false","BioR1132",2026-06-24 19:45:00,175,16.1833333333333,51,45,24,19,0,6,2026,2026-06-24 19:45:00,2577.6367191
"393724","BiosphereDendrometer_",14,"2026-06-25 3:7:17","2026-06-24T20:7:17",15634,3.602929592,3567.480469,31.03000069,88.80999756,0.503528416,"UAGuest",0,"Green",1012,3424,3423,359.375,"false","BioR1132",2026-06-24 20:00:00,175,15.85,7,0,24,20,0,6,2026,2026-06-24 20:00:00,2577.6367191
"393734","BiosphereDendrometer_",14,"2026-06-25 3:22:18","2026-06-24T20:22:18",15635,3.593261719,3562.646484,30.84000015,88.43000031,0.515023828,"UAGuest",0,"Green",1011,3423,3424,358.8867188,"false","BioR1132",2026-06-24 20:15:00,175,15.0166666666667,22,15,24,20,0,6,2026,2026-06-24 20:15:00,2577.1484379
"393744","BiosphereDendrometer_",14,"2026-06-25 3:37:19","2026-06-24T20:37:19",15636,3.594872952,3565.869141,30.69000053,88.66999817,0.500044703,"UAGuest",0,"Green",1011,3424,3423,359.375,"false","BioR1132",2026-06-24 20:30:00,175,15.0166666666667,37,30,24,20,0,6,2026,2026-06-24 20:30:00,2577.6367191
"393754","BiosphereDendrometer_",14,"2026-06-25 3:52:20","2026-06-24T20:52:20",15637,3.596484423,3561.035156,30.51000023,88.51000214,0.501920879,"UAGuest",0,"Green",1011,3424,3423,359.375,"false","BioR1132",2026-06-24 20:45:00,175,15.0166666666667,52,45,24,20,0,6,2026,2026-06-24 20:45:00,2577.6367191
"393764","BiosphereDendrometer_",14,"2026-06-25 4:7:21","2026-06-24T21:7:21",15638,3.596484423,3564.257813,30.38999939,88.04000092,0.518880427,"UAGuest",0,"Green",1012,3425,3423,359.8632813,"false","BioR1132",2026-06-24 21:00:00,175,15.0166666666667,7,0,24,21,0,6,2026,2026-06-24 21:00:00,2578.1250004
"393774","BiosphereDendrometer_",14,"2026-06-25 4:22:22","2026-06-24T21:22:22",15639,3.590039015,3562.646484,30.22999954,87.44000244,0.539944887,"UAGuest",0,"Green",1013,3423,3423,358.8867188,"false","BioR1132",2026-06-24 21:15:00,175,15.0166666666667,22,15,24,21,0,6,2026,2026-06-24 21:15:00,2577.1484379
"393784","BiosphereDendrometer_",14,"2026-06-25 4:37:23","2026-06-24T21:37:23",15640,3.593261719,3565.869141,30.13999939,87.47000122,0.535885692,"UAGuest",0,"Green",1012,3424,3423,359.375,"false","BioR1132",2026-06-24 21:30:00,175,15.0166666666667,37,30,24,21,0,6,2026,2026-06-24 21:30:00,2577.6367191
"393794","BiosphereDendrometer_",14,"2026-06-25 4:52:24","2026-06-24T21:52:24",15641,3.591650486,3564.257813,30.03000069,87.30999756,0.539317548,"UAGuest",0,"Green",1012,3424,3423,359.375,"false","BioR1132",2026-06-24 21:45:00,175,15.0166666666667,52,45,24,21,0,6,2026,2026-06-24 21:45:00,2577.6367191
"393804","BiosphereDendrometer_",14,"2026-06-25 5:7:25","2026-06-24T22:7:25",15642,3.594872952,3561.035156,29.81999969,86.52999878,0.565609336,"UAGuest",0,"Green",1014,3423,3423,358.8867188,"false","BioR1132",2026-06-24 22:00:00,175,15.0166666666667,7,0,24,22,0,6,2026,2026-06-24 22:00:00,2577.1484379
"393817","BiosphereDendrometer_",14,"2026-06-25 5:22:26","2026-06-24T22:22:26",15643,3.593261719,3562.646484,29.72999954,86.84999847,0.549324691,"UAGuest",0,"Green",1011,3424,3423,359.375,"false","BioR1132",2026-06-24 22:15:00,175,15.0166666666667,22,15,24,22,0,6,2026,2026-06-24 22:15:00,2577.6367191
"393824","BiosphereDendrometer_",14,"2026-06-25 5:37:27","2026-06-24T22:37:27",15644,3.588427782,3562.646484,29.64999962,86.08999634,0.578406513,"UAGuest",0,"Green",1011,3421,3422,357.9101563,"false","BioR1132",2026-06-24 22:30:00,175,15.0166666666667,37,30,24,22,0,6,2026,2026-06-24 22:30:00,2576.1718754
"393834","BiosphereDendrometer_",14,"2026-06-25 5:52:28","2026-06-24T22:52:28",15645,3.591650486,3559.423828,29.56999969,86.05000305,0.577406287,"UAGuest",0,"Green",1011,3423,3422,358.8867188,"false","BioR1132",2026-06-24 22:45:00,175,15.0166666666667,52,45,24,22,0,6,2026,2026-06-24 22:45:00,2577.1484379
"393844","BiosphereDendrometer_",14,"2026-06-25 6:7:29","2026-06-24T23:7:29",15646,3.588427782,3562.646484,29.40999985,85.83999634,0.580724299,"UAGuest",0,"Green",1010,3422,3422,358.3984375,"false","BioR1132",2026-06-24 23:00:00,175,15.0166666666667,7,0,24,23,0,6,2026,2026-06-24 23:00:00,2576.6601566
"393854","BiosphereDendrometer_",14,"2026-06-25 6:22:30","2026-06-24T23:22:30",15647,3.594872952,3557.8125,29.35000038,85.58999634,0.588937461,"UAGuest",0,"Green",1010,3422,3422,358.3984375,"false","BioR1132",2026-06-24 23:15:00,175,15.0166666666667,22,15,24,23,0,6,2026,2026-06-24 23:15:00,2576.6601566
"393864","BiosphereDendrometer_",14,"2026-06-25 6:37:31","2026-06-24T23:37:31",15648,3.590039015,3557.8125,29.23999977,85,0.609174728,"UAGuest",0,"Green",1011,3423,3422,358.8867188,"false","BioR1132",2026-06-24 23:30:00,175,15.0166666666667,37,30,24,23,0,6,2026,2026-06-24 23:30:00,2577.1484379
"393874","BiosphereDendrometer_",14,"2026-06-25 6:53:42","2026-06-24T23:53:42",15649,3.628710985,3593.261719,29.18000031,85.26000214,0.596546888,"null",-100,"Green",1014,3423,3421,358.8867188,"false","BioR1132",2026-06-25,175,16.1833333333333,53,0,25,0,0,6,2026,2026-06-25,2577.1484379
"393884","BiosphereDendrometer_",14,"2026-06-25 7:9:33","2026-06-25T0:9:33",15650,3.593261719,3562.646484,28.17000008,92.05000305,0.303462058,"UAGuest",0,"Green",1011,3420,3420,357.421875,"false","BioR1132",2026-06-25 00:15:00,176,15.85,9,15,25,0,0,6,2026,2026-06-25 00:15:00,2575.6835941
"393894","BiosphereDendrometer_",14,"2026-06-25 7:24:34","2026-06-25T0:24:34",15651,3.586816311,3557.8125,28,94.13999939,0.221482411,"UAGuest",0,"Green",1016,3420,3420,357.421875,"false","BioR1132",2026-06-25 00:30:00,176,15.0166666666667,24,30,25,0,0,6,2026,2026-06-25 00:30:00,2575.6835941
"393904","BiosphereDendrometer_",14,"2026-06-25 7:39:35","2026-06-25T0:39:35",15652,3.588427782,3562.646484,27.90999985,95.51999664,0.168439314,"UAGuest",0,"Green",1013,3421,3420,357.9101563,"false","BioR1132",2026-06-25 00:45:00,176,15.0166666666667,39,45,25,0,0,6,2026,2026-06-25 00:45:00,2576.1718754
"393917","BiosphereDendrometer_",14,"2026-06-25 7:54:36","2026-06-25T0:54:36",15653,3.585205078,3562.646484,27.90999985,96.40000153,0.135352939,"UAGuest",0,"Green",1013,3421,3421,357.9101563,"false","BioR1132",2026-06-25 01:00:00,176,15.0166666666667,54,0,25,1,0,6,2026,2026-06-25 01:00:00,2576.1718754
"393924","BiosphereDendrometer_",14,"2026-06-25 8:9:37","2026-06-25T1:9:37",15654,3.590039015,3557.8125,27.72999954,96.56999969,0.12761502,"UAGuest",0,"Green",1013,3423,3422,358.8867188,"false","BioR1132",2026-06-25 01:15:00,176,15.0166666666667,9,15,25,1,0,6,2026,2026-06-25 01:15:00,2577.1484379
"393934","BiosphereDendrometer_",14,"2026-06-25 8:24:38","2026-06-25T1:24:38",15655,3.583593845,3564.257813,27.62999916,95.80999756,0.154984042,"UAGuest",0,"Green",1012,3424,3423,359.375,"false","BioR1132",2026-06-25 01:30:00,176,15.0166666666667,24,30,25,1,0,6,2026,2026-06-25 01:30:00,2577.6367191
"393944","BiosphereDendrometer_",14,"2026-06-25 8:39:39","2026-06-25T1:39:39",15656,3.590039015,3557.8125,27.48999977,96.09999847,0.143082231,"UAGuest",0,"Green",1013,3424,3424,359.375,"false","BioR1132",2026-06-25 01:45:00,176,15.0166666666667,39,45,25,1,0,6,2026,2026-06-25 01:45:00,2577.6367191
"393954","BiosphereDendrometer_",14,"2026-06-25 8:54:40","2026-06-25T1:54:40",15657,3.591650486,3559.423828,27.60000038,96.98000336,0.111511059,"UAGuest",0,"Green",1011,3424,3424,359.375,"false","BioR1132",2026-06-25 02:00:00,176,15.0166666666667,54,0,25,2,0,6,2026,2026-06-25 02:00:00,2577.6367191
"393964","BiosphereDendrometer_",14,"2026-06-25 9:9:41","2026-06-25T2:9:41",15658,3.583593845,3559.423828,27.40999985,96.5,0.12780793,"UAGuest",0,"Green",1012,3426,3425,360.3515625,"false","BioR1132",2026-06-25 02:15:00,176,15.0166666666667,9,15,25,2,0,6,2026,2026-06-25 02:15:00,2578.6132816
"393974","BiosphereDendrometer_",14,"2026-06-25 9:24:42","2026-06-25T2:24:42",15659,3.580371141,3556.201172,27.35000038,97,0.109165646,"UAGuest",0,"Green",1011,3425,3426,359.8632813,"false","BioR1132",2026-06-25 02:30:00,176,15.0166666666667,24,30,25,2,0,6,2026,2026-06-25 02:30:00,2578.1250004
"393984","BiosphereDendrometer_",14,"2026-06-25 9:39:43","2026-06-25T2:39:43",15660,3.588427782,3557.8125,27.30999947,97.13999939,0.103827938,"UAGuest",0,"Green",1013,3426,3426,360.3515625,"false","BioR1132",2026-06-25 02:45:00,176,15.0166666666667,39,45,25,2,0,6,2026,2026-06-25 02:45:00,2578.6132816
"393994","BiosphereDendrometer_",14,"2026-06-25 9:54:44","2026-06-25T2:54:44",15661,3.581982374,3554.589844,27.29000092,96.01999664,0.144319087,"UAGuest",0,"Green",1014,3425,3426,359.8632813,"false","BioR1132",2026-06-25 03:00:00,176,15.0166666666667,54,0,25,3,0,6,2026,2026-06-25 03:00:00,2578.1250004
"394004","BiosphereDendrometer_",14,"2026-06-25 10:9:45","2026-06-25T3:9:45",15662,3.588427782,3552.978516,27.29000092,95.43000031,0.165712968,"UAGuest",0,"Green",1014,3428,3427,361.328125,"false","BioR1132",2026-06-25 03:15:00,176,15.0166666666667,9,15,25,3,0,6,2026,2026-06-25 03:15:00,2579.5898441
"394017","BiosphereDendrometer_",14,"2026-06-25 10:24:46","2026-06-25T3:24:46",15663,3.585205078,3551.367188,27.28000069,95.08999634,0.177937627,"UAGuest",0,"Green",1010,3426,3427,360.3515625,"false","BioR1132",2026-06-25 03:30:00,176,15.0166666666667,24,30,25,3,0,6,2026,2026-06-25 03:30:00,2578.6132816
"394024","BiosphereDendrometer_",14,"2026-06-25 10:39:47","2026-06-25T3:39:47",15664,3.581982374,3554.589844,27.25,94.61000061,0.1949898,"UAGuest",0,"Green",1012,3428,3427,361.328125,"false","BioR1132",2026-06-25 03:45:00,176,15.0166666666667,39,45,25,3,0,6,2026,2026-06-25 03:45:00,2579.5898441
"394034","BiosphereDendrometer_",14,"2026-06-25 10:55:58","2026-06-25T3:55:58",15665,3.625488281,3594.873047,27.21999931,94.30999756,0.20548141,"null",-100,"Green",1013,3428,3427,361.328125,"false","BioR1132",2026-06-25 04:00:00,176,16.1833333333333,55,0,25,4,0,6,2026,2026-06-25 04:00:00,2579.5898441
"394044","BiosphereDendrometer_",14,"2026-06-25 11:11:49","2026-06-25T4:11:49",15666,3.586816311,3557.8125,27.14999962,94.06999969,0.21327202,"UAGuest",0,"Green",1013,3428,3427,361.328125,"false","BioR1132",2026-06-25 04:15:00,176,15.85,11,15,25,4,0,6,2026,2026-06-25 04:15:00,2579.5898441
"394054","BiosphereDendrometer_",14,"2026-06-25 11:26:50","2026-06-25T4:26:50",15667,3.586816311,3554.589844,27.13999939,93.66000366,0.22788392,"UAGuest",0,"Green",1011,3427,3427,360.8398438,"false","BioR1132",2026-06-25 04:30:00,176,15.0166666666667,26,30,25,4,0,6,2026,2026-06-25 04:30:00,2579.1015629
"394064","BiosphereDendrometer_",14,"2026-06-25 11:41:51","2026-06-25T4:41:51",15668,3.586816311,3552.978516,27.11000061,93.66000366,0.227483615,"UAGuest",0,"Green",1012,3427,3426,360.8398438,"false","BioR1132",2026-06-25 04:45:00,176,15.0166666666667,41,45,25,4,0,6,2026,2026-06-25 04:45:00,2579.1015629
"394074","BiosphereDendrometer_",14,"2026-06-25 11:56:52","2026-06-25T4:56:52",15669,3.586816311,3551.367188,27.05999947,93.48999786,0.232899755,"UAGuest",0,"Green",1011,3428,3427,361.328125,"false","BioR1132",2026-06-25 05:00:00,176,15.0166666666667,56,0,25,5,0,6,2026,2026-06-25 05:00:00,2579.5898441
"394084","BiosphereDendrometer_",14,"2026-06-25 12:11:53","2026-06-25T5:11:53",15670,3.586816311,3546.533203,26.48999977,93.45999908,0.226265609,"UAGuest",0,"Green",1013,3426,3426,360.3515625,"false","BioR1132",2026-06-25 05:15:00,176,15.0166666666667,11,15,25,5,0,6,2026,2026-06-25 05:15:00,2578.6132816
"394094","BiosphereDendrometer_",14,"2026-06-25 12:26:54","2026-06-25T5:26:54",15671,3.586816311,3549.755859,25.78000069,93.98000336,0.199723288,"UAGuest",0,"Green",1011,3426,3425,360.3515625,"false","BioR1132",2026-06-25 05:30:00,176,15.0166666666667,26,30,25,5,0,6,2026,2026-06-25 05:30:00,2578.6132816
"394107","BiosphereDendrometer_",14,"2026-06-25 12:41:55","2026-06-25T5:41:55",15672,3.585205078,3549.755859,25.27000046,94.16999817,0.187655389,"UAGuest",0,"Green",1009,3426,3424,360.3515625,"false","BioR1132",2026-06-25 05:45:00,176,15.0166666666667,41,45,25,5,0,6,2026,2026-06-25 05:45:00,2578.6132816
"394117","BiosphereDendrometer_",14,"2026-06-25 12:56:56","2026-06-25T5:56:56",15673,3.586816311,3544.921875,25.12000084,93.95999908,0.192688122,"UAGuest",0,"Green",1011,3424,3424,359.375,"false","BioR1132",2026-06-25 06:00:00,176,15.0166666666667,56,0,25,6,0,6,2026,2026-06-25 06:00:00,2577.6367191
"394124","BiosphereDendrometer_",14,"2026-06-25 13:11:57","2026-06-25T6:11:57",15674,3.581982374,3549.755859,25.04999924,93.84999847,0.195381537,"UAGuest",0,"Green",1013,3423,3423,358.8867188,"false","BioR1132",2026-06-25 06:15:00,176,15.0166666666667,11,15,25,6,0,6,2026,2026-06-25 06:15:00,2577.1484379
"394134","BiosphereDendrometer_",14,"2026-06-25 13:26:58","2026-06-25T6:26:58",15675,3.583593845,3546.533203,25.88999939,92.55000305,0.248780236,"UAGuest",0,"Green",1013,3423,3421,358.8867188,"false","BioR1132",2026-06-25 06:30:00,176,15.0166666666667,26,30,25,6,0,6,2026,2026-06-25 06:30:00,2577.1484379
"394144","BiosphereDendrometer_",14,"2026-06-25 13:41:59","2026-06-25T6:41:59",15676,3.590039015,3552.978516,26.72999954,90.04000092,0.349488556,"UAGuest",0,"Green",1010,3421,3419,357.9101563,"false","BioR1132",2026-06-25 06:45:00,176,15.0166666666667,41,45,25,6,0,6,2026,2026-06-25 06:45:00,2576.1718754
"394154","BiosphereDendrometer_",14,"2026-06-25 13:57:0","2026-06-25T6:57:0",15677,3.581982374,3544.921875,27.05999947,89.79000092,0.36526981,"UAGuest",0,"Green",1012,3417,3417,355.9570313,"false","BioR1132",2026-06-25 07:00:00,176,15.0166666666667,57,0,25,7,0,6,2026,2026-06-25 07:00:00,2574.2187504
"394164","BiosphereDendrometer_",14,"2026-06-25 14:12:1","2026-06-25T7:12:1",15678,3.583593845,3549.755859,27.36000061,89.87999725,0.368468136,"UAGuest",0,"Green",1012,3414,3414,354.4921875,"false","BioR1132",2026-06-25 07:15:00,176,15.0166666666667,12,15,25,7,0,6,2026,2026-06-25 07:15:00,2572.7539066
"394174","BiosphereDendrometer_",14,"2026-06-25 14:27:2","2026-06-25T7:27:2",15679,3.580371141,3549.755859,27.65999985,89.75,0.379801929,"UAGuest",0,"Green",1009,3412,3411,353.515625,"false","BioR1132",2026-06-25 07:30:00,176,15.0166666666667,27,30,25,7,0,6,2026,2026-06-25 07:30:00,2571.7773441
"394184","BiosphereDendrometer_",14,"2026-06-25 14:42:3","2026-06-25T7:42:3",15680,3.583593845,3549.755859,28,89.90000153,0.381735861,"UAGuest",0,"Green",1012,3409,3408,352.0507813,"false","BioR1132",2026-06-25 07:45:00,176,15.0166666666667,42,45,25,7,0,6,2026,2026-06-25 07:45:00,2570.3125004
"394194","BiosphereDendrometer_",14,"2026-06-25 14:58:14","2026-06-25T7:58:14",15681,3.630322218,3594.873047,28.37000084,89.86000061,0.391581804,"null",-100,"Green",1012,3405,3405,350.0976563,"false","BioR1132",2026-06-25 08:00:00,176,16.1833333333333,58,0,25,8,0,6,2026,2026-06-25 08:00:00,2568.3593754
"394204","BiosphereDendrometer_",14,"2026-06-25 15:13:51","2026-06-25T8:13:51",15682,3.57875967,3552.978516,27.88999939,91.77999878,0.308695763,"UAGuest",0,"Green",1014,3404,3403,349.609375,"false","BioR1132",2026-06-25 08:15:00,176,15.6166666666667,13,15,25,8,0,6,2026,2026-06-25 08:15:00,2567.8710941
"394217","BiosphereDendrometer_",14,"2026-06-25 15:28:52","2026-06-25T8:28:52",15683,3.581982374,3543.310547,27.76000023,92.08000183,0.295183718,"UAGuest",0,"Green",1010,3400,3401,347.65625,"false","BioR1132",2026-06-25 08:30:00,176,15.0166666666667,28,30,25,8,0,6,2026,2026-06-25 08:30:00,2565.9179691
"394224","BiosphereDendrometer_",14,"2026-06-25 15:43:53","2026-06-25T8:43:53",15684,3.583593845,3541.699219,27.88999939,92.33000183,0.288040876,"UAGuest",0,"Green",1011,3400,3398,347.65625,"false","BioR1132",2026-06-25 08:45:00,176,15.0166666666667,43,45,25,8,0,6,2026,2026-06-25 08:45:00,2565.9179691
"394234","BiosphereDendrometer_",14,"2026-06-25 15:58:54","2026-06-25T8:58:54",15685,3.581982374,3546.533203,28.06999969,92.73999786,0.275516629,"UAGuest",0,"Green",1012,3396,3395,345.703125,"false","BioR1132",2026-06-25 09:00:00,176,15.0166666666667,58,0,25,9,0,6,2026,2026-06-25 09:00:00,2563.9648441
"394244","BiosphereDendrometer_",14,"2026-06-25 16:13:55","2026-06-25T9:13:55",15686,3.581982374,3549.755859,27.25,92.93000031,0.255765796,"UAGuest",0,"Green",1012,3393,3392,344.2382813,"false","BioR1132",2026-06-25 09:15:00,176,15.0166666666667,13,15,25,9,0,6,2026,2026-06-25 09:15:00,2562.5000004
"394254","BiosphereDendrometer_",14,"2026-06-25 16:28:56","2026-06-25T9:28:56",15687,3.585205078,3548.144531,27.13999939,93.33000183,0.239745438,"UAGuest",0,"Green",1013,3389,3388,342.2851563,"false","BioR1132",2026-06-25 09:30:00,176,15.0166666666667,28,30,25,9,0,6,2026,2026-06-25 09:30:00,2560.5468754
"394264","BiosphereDendrometer_",14,"2026-06-25 16:43:57","2026-06-25T9:43:57",15688,3.580371141,3546.533203,27.18000031,93.91999817,0.21905151,"UAGuest",0,"Green",1009,3387,3385,341.3085938,"false","BioR1132",2026-06-25 09:45:00,176,15.0166666666667,43,45,25,9,0,6,2026,2026-06-25 09:45:00,2559.5703129
"394274","BiosphereDendrometer_",14,"2026-06-25 16:58:58","2026-06-25T9:58:58",15689,3.585205078,3546.533203,27.30999947,94.18000031,0.211286396,"UAGuest",0,"Green",1012,3380,3381,337.890625,"false","BioR1132",2026-06-25 10:00:00,176,15.0166666666667,58,0,25,10,0,6,2026,2026-06-25 10:00:00,2556.1523441
"394284","BiosphereDendrometer_",14,"2026-06-25 17:13:59","2026-06-25T10:13:59",15690,3.580371141,3546.533203,27.48999977,94.23999786,0.211321339,"UAGuest",0,"Green",1011,3376,3376,335.9375,"false","BioR1132",2026-06-25 10:15:00,176,15.0166666666667,13,15,25,10,0,6,2026,2026-06-25 10:15:00,2554.1992191
"394294","BiosphereDendrometer_",14,"2026-06-25 17:29:0","2026-06-25T10:29:0",15691,3.586816311,3541.699219,27.59000015,94.45999908,0.204441026,"UAGuest",0,"Green",1011,3371,3371,333.4960938,"false","BioR1132",2026-06-25 10:30:00,176,15.0166666666667,29,30,25,10,0,6,2026,2026-06-25 10:30:00,2551.7578129
"394317","BiosphereDendrometer_",14,"2026-06-25 17:50:35","2026-06-25T10:50:35",15693,3.57875967,3544.921875,27.72999954,94.98999786,0.186399743,"UAGuest",0,"Green",1014,3363,3364,329.5898438,"false","BioR1132",2026-06-25 10:45:00,176,15.0666666666667,50,45,25,10,0,6,2026,2026-06-25 10:45:00,2547.8515629
"394324","BiosphereDendrometer_",14,"2026-06-25 18:5:36","2026-06-25T11:5:36",15694,3.585205078,3544.921875,27.70000076,95,0.185702279,"UAGuest",0,"Green",1014,3362,3362,329.1015625,"false","BioR1132",2026-06-25 11:00:00,176,15.0166666666667,5,0,25,11,0,6,2026,2026-06-25 11:00:00,2547.3632816
"394334","BiosphereDendrometer_",14,"2026-06-25 18:20:37","2026-06-25T11:20:37",15695,3.57875967,3544.921875,27.88999939,94.98999786,0.188146815,"UAGuest",0,"Green",1010,3357,3357,326.6601563,"false","BioR1132",2026-06-25 11:15:00,176,15.0166666666667,20,15,25,11,0,6,2026,2026-06-25 11:15:00,2544.9218754
"394344","BiosphereDendrometer_",14,"2026-06-25 18:35:38","2026-06-25T11:35:38",15696,3.580371141,3544.921875,28.11000061,94.86000061,0.195517242,"UAGuest",0,"Green",1013,3353,3353,324.7070313,"false","BioR1132",2026-06-25 11:30:00,176,15.0166666666667,35,30,25,11,0,6,2026,2026-06-25 11:30:00,2542.9687504
"394354","BiosphereDendrometer_",14,"2026-06-25 18:51:49","2026-06-25T11:51:49",15697,3.628710985,3593.261719,28.18000031,95.12000275,0.186384484,"null",-100,"Green",1012,3349,3349,322.7539063,"false","BioR1132",2026-06-25 11:45:00,176,16.1833333333333,51,45,25,11,0,6,2026,2026-06-25 11:45:00,2541.0156254
"394364","BiosphereDendrometer_",14,"2026-06-25 19:7:25","2026-06-25T12:7:25",15698,3.577148438,3546.533203,28.40999985,95.37000275,0.17921479,"UAGuest",0,"Green",1014,3344,3343,320.3125,"false","BioR1132",2026-06-25 12:00:00,176,15.6,7,0,25,12,0,6,2026,2026-06-25 12:00:00,2538.5742191
"394374","BiosphereDendrometer_",14,"2026-06-25 19:22:26","2026-06-25T12:22:26",15699,3.57875967,3544.921875,28.48999977,95.23000336,0.185492888,"UAGuest",0,"Green",1012,3338,3338,317.3828125,"false","BioR1132",2026-06-25 12:15:00,176,15.0166666666667,22,15,25,12,0,6,2026,2026-06-25 12:15:00,2535.6445316
"394384","BiosphereDendrometer_",14,"2026-06-25 19:37:27","2026-06-25T12:37:27",15700,3.580371141,3549.755859,28.62000084,95.29000092,0.184545517,"UAGuest",0,"Green",1013,3332,3331,314.453125,"false","BioR1132",2026-06-25 12:30:00,176,15.0166666666667,37,30,25,12,0,6,2026,2026-06-25 12:30:00,2532.7148441
"394417","BiosphereDendrometer_",14,"2026-06-25 19:53:47","2026-06-25T12:53:47",15703,3.577148438,3548.144531,28.75,95.29000092,0.1859404,"UAGuest",0,"Green",1015,2054,2054,-309.5703125,"false","BioR1132",2026-06-25 13:00:00,176,15.0666666666667,53,0,25,13,0,6,2026,2026-06-25 13:00:00,2555.1757816
"394424","BiosphereDendrometer_",14,"2026-06-25 20:8:48","2026-06-25T13:8:48",15704,3.581982374,3543.310547,28.84000015,95.44999695,0.180562168,"UAGuest",0,"Green",1011,2034,2034,-319.3359375,"false","BioR1132",2026-06-25 13:15:00,176,15.0166666666667,8,15,25,13,0,6,2026,2026-06-25 13:15:00,2545.4101566
"394434","BiosphereDendrometer_",14,"2026-06-25 20:23:49","2026-06-25T13:23:49",15705,3.581982374,3546.533203,28.87000084,95.23999786,0.189223886,"UAGuest",0,"Green",1009,2020,2020,-326.171875,"false","BioR1132",2026-06-25 13:30:00,176,15.0166666666667,23,30,25,13,0,6,2026,2026-06-25 13:30:00,2538.5742191
"394444","BiosphereDendrometer_",14,"2026-06-25 20:38:50","2026-06-25T13:38:50",15706,3.577148438,3546.533203,29,95.55000305,0.178234935,"UAGuest",0,"Green",1011,2009,2010,-331.5429688,"false","BioR1132",2026-06-25 13:45:00,176,15.0166666666667,38,45,25,13,0,6,2026,2026-06-25 13:45:00,2533.2031253
"394454","BiosphereDendrometer_",14,"2026-06-25 20:53:51","2026-06-25T13:53:51",15707,3.575537205,3546.533203,29.06999969,95.51999664,0.180163831,"UAGuest",0,"Green",1009,2006,2006,-333.0078125,"false","BioR1132",2026-06-25 14:00:00,176,15.0166666666667,53,0,25,14,0,6,2026,2026-06-25 14:00:00,2531.7382816
"394464","BiosphereDendrometer_",14,"2026-06-25 21:8:52","2026-06-25T14:8:52",15708,3.575537205,3544.921875,29.11000061,95.51999664,0.180580482,"UAGuest",0,"Green",1013,2006,2006,-333.0078125,"false","BioR1132",2026-06-25 14:15:00,176,15.0166666666667,8,15,25,14,0,6,2026,2026-06-25 14:15:00,2531.7382816
"394474","BiosphereDendrometer_",14,"2026-06-25 21:23:53","2026-06-25T14:23:53",15709,3.577148438,3540.087891,29.12999916,95.52999878,0.180385485,"UAGuest",0,"Green",1013,2009,2008,-331.5429688,"false","BioR1132",2026-06-25 14:30:00,176,15.0166666666667,23,30,25,14,0,6,2026,2026-06-25 14:30:00,2533.2031253
"394484","BiosphereDendrometer_",14,"2026-06-25 21:38:54","2026-06-25T14:38:54",15710,3.577148438,3541.699219,29.11000061,95.66999817,0.174534217,"UAGuest",0,"Green",1013,2012,2012,-330.078125,"false","BioR1132",2026-06-25 14:45:00,176,15.0166666666667,38,45,25,14,0,6,2026,2026-06-25 14:45:00,2534.6679691
"394494","BiosphereDendrometer_",14,"2026-06-25 21:53:55","2026-06-25T14:53:55",15711,3.573925734,3543.310547,29.17000008,95.73999786,0.17230843,"UAGuest",0,"Green",1012,2019,2019,-326.6601563,"false","BioR1132",2026-06-25 15:00:00,176,15.0166666666667,53,0,25,15,0,6,2026,2026-06-25 15:00:00,2538.0859378
"394504","BiosphereDendrometer_",14,"2026-06-25 22:8:56","2026-06-25T15:8:56",15712,3.575537205,3543.310547,29.56999969,95.73000336,0.176740155,"UAGuest",0,"Green",1011,2028,2028,-322.265625,"false","BioR1132",2026-06-25 15:15:00,176,15.0166666666667,8,15,25,15,0,6,2026,2026-06-25 15:15:00,2542.4804691
"394517","BiosphereDendrometer_",14,"2026-06-25 22:24:3","2026-06-25T15:24:3",15713,3.627099514,3596.484375,29.89999962,95.61000061,0.185186133,"UAGuest",-83,"Green",1012,2042,2042,-315.4296875,"false","BioR1132",2026-06-25 15:30:00,176,15.1166666666667,24,30,25,15,0,6,2026,2026-06-25 15:30:00,2549.3164066
"394524","BiosphereDendrometer_",14,"2026-06-25 22:39:14","2026-06-25T15:39:14",15714,3.573925734,3541.699219,29.95000076,94.56999969,0.229715303,"UAGuest",0,"Green",1011,2053,2053,-310.0585938,"false","BioR1132",2026-06-25 15:45:00,176,15.1833333333333,39,45,25,15,0,6,2026,2026-06-25 15:45:00,2554.6875003
"394534","BiosphereDendrometer_",14,"2026-06-25 22:54:15","2026-06-25T15:54:15",15715,3.577148438,3541.699219,29.95000076,94.56999969,0.229715303,"UAGuest",0,"Green",1013,2063,2062,-305.1757813,"false","BioR1132",2026-06-25 16:00:00,176,15.0166666666667,54,0,25,16,0,6,2026,2026-06-25 16:00:00,2559.5703128
"394544","BiosphereDendrometer_",14,"2026-06-25 23:9:16","2026-06-25T16:9:16",15716,3.577148438,3544.921875,30,95.25,0.201525241,"UAGuest",0,"Green",1009,2073,2073,-300.2929688,"false","BioR1132",2026-06-25 16:15:00,176,15.0166666666667,9,15,25,16,0,6,2026,2026-06-25 16:15:00,2564.4531253
"394554","BiosphereDendrometer_",14,"2026-06-25 23:24:17","2026-06-25T16:24:17",15717,3.57070303,3543.310547,29.98999977,95.08000183,0.208617955,"UAGuest",0,"Green",1012,2083,2082,-295.4101563,"false","BioR1132",2026-06-25 16:30:00,176,15.0166666666667,24,30,25,16,0,6,2026,2026-06-25 16:30:00,2569.3359378
"394564","BiosphereDendrometer_",14,"2026-06-25 23:39:18","2026-06-25T16:39:18",15718,3.572314501,3546.533203,30.94000053,97.69000244,0.103414059,"UAGuest",0,"Green",1011,2094,2094,-290.0390625,"false","BioR1132",2026-06-25 16:45:00,176,15.0166666666667,39,45,25,16,0,6,2026,2026-06-25 16:45:00,2574.7070316
"394574","BiosphereDendrometer_",14,"2026-06-25 23:54:19","2026-06-25T16:54:19",15719,3.575537205,3544.921875,31.53000069,96.12999725,0.179160178,"UAGuest",0,"Green",1012,2104,2103,-285.15625,"false","BioR1132",2026-06-25 17:00:00,176,15.0166666666667,54,0,25,17,0,6,2026,2026-06-25 17:00:00,2579.5898441
"394584","BiosphereDendrometer_",14,"2026-06-26 0:9:20","2026-06-25T17:9:20",15720,3.573925734,3543.310547,31.89999962,96.83999634,0.149388492,"UAGuest",0,"Green",1013,2117,2115,-278.8085938,"false","BioR1132",2026-06-25 17:15:00,176,15.0166666666667,9,15,25,17,0,6,2026,2026-06-25 17:15:00,2585.9375003
"394594","BiosphereDendrometer_",14,"2026-06-26 0:24:21","2026-06-25T17:24:21",15721,3.577148438,3540.087891,32.20999908,97.04000092,0.142404899,"UAGuest",0,"Green",1014,2129,2128,-272.9492188,"false","BioR1132",2026-06-25 17:30:00,176,15.0166666666667,24,30,25,17,0,6,2026,2026-06-25 17:30:00,2591.7968753
"394604","BiosphereDendrometer_",14,"2026-06-26 0:39:22","2026-06-25T17:39:22",15722,3.57875967,3541.699219,32.16999817,96.37999725,0.173765108,"UAGuest",0,"Green",1014,2144,2142,-265.625,"false","BioR1132",2026-06-25 17:45:00,176,15.0166666666667,39,45,25,17,0,6,2026,2026-06-25 17:45:00,2599.1210941
"394617","BiosphereDendrometer_",14,"2026-06-26 0:54:23","2026-06-25T17:54:23",15723,3.577148438,3540.087891,32.04999924,95.16999817,0.230281159,"UAGuest",0,"Green",1010,2154,2154,-260.7421875,"false","BioR1132",2026-06-25 18:00:00,176,15.0166666666667,54,0,25,18,0,6,2026,2026-06-25 18:00:00,2604.0039066
"394624","BiosphereDendrometer_",14,"2026-06-26 1:9:24","2026-06-25T18:9:24",15724,3.577148438,3540.087891,32.31999969,97.95999908,0.098754719,"UAGuest",0,"Green",1014,2169,2168,-253.4179688,"false","BioR1132",2026-06-25 18:15:00,176,15.0166666666667,9,15,25,18,0,6,2026,2026-06-25 18:15:00,2611.3281253
"394634","BiosphereDendrometer_",14,"2026-06-26 1:24:25","2026-06-25T18:24:25",15725,3.577148438,3541.699219,32.43000031,98.51000214,0.072578043,"UAGuest",0,"Green",1011,2184,2183,-246.09375,"false","BioR1132",2026-06-25 18:30:00,176,15.0166666666667,24,30,25,18,0,6,2026,2026-06-25 18:30:00,2618.6523441
"394644","BiosphereDendrometer_",14,"2026-06-26 1:39:26","2026-06-25T18:39:26",15726,3.572314501,3541.699219,31.96999931,95.25,0.225445539,"UAGuest",0,"Green",1012,2195,2194,-240.7226563,"false","BioR1132",2026-06-25 18:45:00,176,15.0166666666667,39,45,25,18,0,6,2026,2026-06-25 18:45:00,2624.0234378
"394654","BiosphereDendrometer_",14,"2026-06-26 1:54:27","2026-06-25T18:54:27",15727,3.572314501,3541.699219,31.94000053,94.01999664,0.283343256,"UAGuest",0,"Green",1010,2204,2203,-236.328125,"false","BioR1132",2026-06-25 19:00:00,176,15.0166666666667,54,0,25,19,0,6,2026,2026-06-25 19:00:00,2628.4179691
"394664","BiosphereDendrometer_",14,"2026-06-26 2:9:28","2026-06-25T19:9:28",15728,3.573925734,3540.087891,32,91.94999695,0.382719129,"UAGuest",0,"Green",1009,2210,2210,-233.3984375,"false","BioR1132",2026-06-25 19:15:00,176,15.0166666666667,9,15,25,19,0,6,2026,2026-06-25 19:15:00,2631.3476566
"394674","BiosphereDendrometer_",14,"2026-06-26 2:24:35","2026-06-25T19:24:35",15729,3.625488281,3591.650391,32.04999924,90.87000275,0.43529287,"UAGuest",-81,"Green",1011,2215,2215,-230.9570313,"false","BioR1132",2026-06-25 19:30:00,176,15.1166666666667,24,30,25,19,0,6,2026,2026-06-25 19:30:00,2633.7890628
"394684","BiosphereDendrometer_",14,"2026-06-26 2:39:47","2026-06-25T19:39:47",15730,3.573925734,3548.144531,32.15000153,90.06999969,0.476115942,"UAGuest",0,"Green",1014,2220,2220,-228.515625,"false","BioR1132",2026-06-25 19:45:00,176,15.2,39,45,25,19,0,6,2026,2026-06-25 19:45:00,2636.2304691
"394694","BiosphereDendrometer_",14,"2026-06-26 2:54:48","2026-06-25T19:54:48",15731,3.57070303,3544.921875,32.11999893,89.73000336,0.491584539,"UAGuest",0,"Green",1012,2225,2225,-226.0742188,"false","BioR1132",2026-06-25 20:00:00,176,15.0166666666667,54,0,25,20,0,6,2026,2026-06-25 20:00:00,2638.6718753
"394704","BiosphereDendrometer_",14,"2026-06-26 3:9:49","2026-06-25T20:9:49",15732,3.572314501,3540.087891,32.04999924,89.44999695,0.502995014,"UAGuest",0,"Green",1011,2228,2228,-224.609375,"false","BioR1132",2026-06-25 20:15:00,176,15.0166666666667,9,15,25,20,0,6,2026,2026-06-25 20:15:00,2640.1367191
"394717","BiosphereDendrometer_",14,"2026-06-26 3:24:50","2026-06-25T20:24:50",15733,3.57070303,3536.865234,32,89.08000183,0.519166768,"UAGuest",0,"Green",1011,2232,2232,-222.65625,"false","BioR1132",2026-06-25 20:30:00,176,15.0166666666667,24,30,25,20,0,6,2026,2026-06-25 20:30:00,2642.0898441
"394724","BiosphereDendrometer_",14,"2026-06-26 3:39:51","2026-06-25T20:39:51",15734,3.57070303,3543.310547,31.90999985,88.88999939,0.525519669,"UAGuest",0,"Green",1012,2234,2234,-221.6796875,"false","BioR1132",2026-06-25 20:45:00,176,15.0166666666667,39,45,25,20,0,6,2026,2026-06-25 20:45:00,2643.0664066
"394734","BiosphereDendrometer_",14,"2026-06-26 3:54:52","2026-06-25T20:54:52",15735,3.57070303,3536.865234,31.79999924,88.66000366,0.533071458,"UAGuest",0,"Green",1013,2237,2236,-220.2148438,"false","BioR1132",2026-06-25 21:00:00,176,15.0166666666667,54,0,25,21,0,6,2026,2026-06-25 21:00:00,2644.5312503
"394744","BiosphereDendrometer_",14,"2026-06-26 4:9:53","2026-06-25T21:9:53",15736,3.57070303,3544.921875,31.70000076,88.47000122,0.53894341,"UAGuest",0,"Green",1010,2237,2238,-220.2148438,"false","BioR1132",2026-06-25 21:15:00,176,15.0166666666667,9,15,25,21,0,6,2026,2026-06-25 21:15:00,2644.5312503
"394754","BiosphereDendrometer_",14,"2026-06-26 4:24:54","2026-06-25T21:24:54",15737,3.572314501,3538.476563,31.54000092,88.37999725,0.538248062,"UAGuest",0,"Green",1012,2241,2239,-218.2617188,"false","BioR1132",2026-06-25 21:30:00,176,15.0166666666667,24,30,25,21,0,6,2026,2026-06-25 21:30:00,2646.4843753
"394764","BiosphereDendrometer_",14,"2026-06-26 4:39:55","2026-06-25T21:39:55",15738,3.567480564,3536.865234,31.48999977,88.15000153,0.547347486,"UAGuest",0,"Green",1011,2241,2241,-218.2617188,"false","BioR1132",2026-06-25 21:45:00,176,15.0166666666667,39,45,25,21,0,6,2026,2026-06-25 21:45:00,2646.4843753
"394774","BiosphereDendrometer_",14,"2026-06-26 4:54:56","2026-06-25T21:54:56",15739,3.572314501,3538.476563,31.42000008,87.76999664,0.562660575,"UAGuest",0,"Green",1011,2242,2241,-217.7734375,"false","BioR1132",2026-06-25 22:00:00,176,15.0166666666667,54,0,25,22,0,6,2026,2026-06-25 22:00:00,2646.9726566
"394784","BiosphereDendrometer_",14,"2026-06-26 5:9:57","2026-06-25T22:9:57",15740,3.572314501,3540.087891,31.35000038,87.44000244,0.575551033,"UAGuest",0,"Green",1012,2242,2242,-217.7734375,"false","BioR1132",2026-06-25 22:15:00,176,15.0166666666667,9,15,25,22,0,6,2026,2026-06-25 22:15:00,2646.9726566
"394794","BiosphereDendrometer_",14,"2026-06-26 5:24:58","2026-06-25T22:24:58",15741,3.573925734,3536.865234,31.29999924,87.16000366,0.586713254,"UAGuest",0,"Green",1010,2242,2242,-217.7734375,"false","BioR1132",2026-06-25 22:30:00,176,15.0166666666667,24,30,25,22,0,6,2026,2026-06-25 22:30:00,2646.9726566
"394804","BiosphereDendrometer_",14,"2026-06-26 5:39:59","2026-06-25T22:39:59",15742,3.573925734,3535.253906,31.18000031,87.01000214,0.589533567,"UAGuest",0,"Green",1013,2243,2242,-217.2851563,"false","BioR1132",2026-06-25 22:45:00,176,15.0166666666667,39,45,25,22,0,6,2026,2026-06-25 22:45:00,2647.4609378
"394817","BiosphereDendrometer_",14,"2026-06-26 5:55:0","2026-06-25T22:55:0",15743,3.572314501,3535.253906,31.11000061,86.79000092,0.597136199,"UAGuest",0,"Green",1011,2242,2242,-217.7734375,"false","BioR1132",2026-06-25 23:00:00,176,15.0166666666667,55,0,25,23,0,6,2026,2026-06-25 23:00:00,2646.9726566
"394824","BiosphereDendrometer_",14,"2026-06-26 6:10:1","2026-06-25T23:10:1",15744,3.569091797,3536.865234,31,86.66000366,0.599249721,"UAGuest",0,"Green",1012,2242,2242,-217.7734375,"false","BioR1132",2026-06-25 23:15:00,176,15.0166666666667,10,15,25,23,0,6,2026,2026-06-25 23:15:00,2646.9726566
"394834","BiosphereDendrometer_",14,"2026-06-26 6:25:8","2026-06-25T23:25:8",15745,3.630322218,3593.261719,30.97999954,86.30000305,0.614721,"UAGuest",-75,"Green",1013,2243,2242,-217.2851563,"false","BioR1132",2026-06-25 23:30:00,176,15.1166666666667,25,30,25,23,0,6,2026,2026-06-25 23:30:00,2647.4609378
"394844","BiosphereDendrometer_",14,"2026-06-26 6:40:19","2026-06-25T23:40:19",15746,3.573925734,3540.087891,31.02000046,85.98000336,0.630513608,"UAGuest",0,"Green",1010,2243,2242,-217.2851563,"false","BioR1132",2026-06-25 23:45:00,176,15.1833333333333,40,45,25,23,0,6,2026,2026-06-25 23:45:00,2647.4609378
"394854","BiosphereDendrometer_",14,"2026-06-26 6:55:20","2026-06-25T23:55:20",15747,3.565869093,3536.865234,30.92000008,85.72000122,0.638560057,"UAGuest",0,"Green",1009,2241,2241,-218.2617188,"false","BioR1132",2026-06-26,176,15.0166666666667,55,0,26,0,0,6,2026,2026-06-26,2646.4843753
"394864","BiosphereDendrometer_",14,"2026-06-26 7:10:21","2026-06-26T0:10:21",15748,3.569091797,3536.865234,30.87999916,85.47000122,0.648260295,"UAGuest",0,"Green",1012,2242,2241,-217.7734375,"false","BioR1132",2026-06-26 00:15:00,177,15.0166666666667,10,15,26,0,0,6,2026,2026-06-26 00:15:00,2646.9726566
"394874","BiosphereDendrometer_",14,"2026-06-26 7:25:22","2026-06-26T0:25:22",15749,3.565869093,3533.642578,30.79000092,85.30000305,0.652489066,"UAGuest",0,"Green",1012,2240,2241,-218.75,"false","BioR1132",2026-06-26 00:30:00,177,15.0166666666667,25,30,26,0,0,6,2026,2026-06-26 00:30:00,2645.9960941
"394884","BiosphereDendrometer_",14,"2026-06-26 7:40:23","2026-06-26T0:40:23",15750,3.57070303,3536.865234,30.70999908,85.08000183,0.659239292,"UAGuest",0,"Green",1012,2240,2241,-218.75,"false","BioR1132",2026-06-26 00:45:00,177,15.0166666666667,40,45,26,0,0,6,2026,2026-06-26 00:45:00,2645.9960941
"394894","BiosphereDendrometer_",14,"2026-06-26 7:55:24","2026-06-26T0:55:24",15751,3.57070303,3532.03125,30.67000008,84.77999878,0.670961738,"UAGuest",0,"Green",1011,2241,2240,-218.2617188,"false","BioR1132",2026-06-26 01:00:00,177,15.0166666666667,55,0,26,1,0,6,2026,2026-06-26 01:00:00,2646.4843753
"394904","BiosphereDendrometer_",14,"2026-06-26 8:10:25","2026-06-26T1:10:25",15752,3.57070303,3543.310547,30.57999992,84.5,0.679803491,"UAGuest",0,"Green",1012,2241,2240,-218.2617188,"false","BioR1132",2026-06-26 01:15:00,177,15.0166666666667,10,15,26,1,0,6,2026,2026-06-26 01:15:00,2646.4843753
"394917","BiosphereDendrometer_",14,"2026-06-26 8:25:26","2026-06-26T1:25:26",15753,3.565869093,3538.476563,30.55999947,84.23000336,0.690855563,"UAGuest",0,"Green",1011,2240,2240,-218.75,"false","BioR1132",2026-06-26 01:30:00,177,15.0166666666667,25,30,26,1,0,6,2026,2026-06-26 01:30:00,2645.9960941
"394924","BiosphereDendrometer_",14,"2026-06-26 8:40:27","2026-06-26T1:40:27",15754,3.565869093,3532.03125,30.54000092,83.93000031,0.703194618,"UAGuest",0,"Green",1011,2241,2239,-218.2617188,"false","BioR1132",2026-06-26 01:45:00,177,15.0166666666667,40,45,26,1,0,6,2026,2026-06-26 01:45:00,2646.4843753
"394934","BiosphereDendrometer_",14,"2026-06-26 8:55:28","2026-06-26T1:55:28",15755,3.562646389,3533.642578,30.45000076,83.47000122,0.719612837,"UAGuest",0,"Green",1012,2239,2239,-219.2382813,"false","BioR1132",2026-06-26 02:00:00,177,15.0166666666667,55,0,26,2,0,6,2026,2026-06-26 02:00:00,2645.5078128
"394944","BiosphereDendrometer_",14,"2026-06-26 9:10:29","2026-06-26T2:10:29",15756,3.567480564,3533.642578,30.39999962,83.37000275,0.721899509,"UAGuest",0,"Green",1013,2239,2239,-219.2382813,"false","BioR1132",2026-06-26 02:15:00,177,15.0166666666667,10,15,26,2,0,6,2026,2026-06-26 02:15:00,2645.5078128
"394954","BiosphereDendrometer_",14,"2026-06-26 9:25:30","2026-06-26T2:25:30",15757,3.567480564,3540.087891,30.34000015,83.09999847,0.731106877,"UAGuest",0,"Green",1013,2239,2238,-219.2382813,"false","BioR1132",2026-06-26 02:30:00,177,15.0166666666667,25,30,26,2,0,6,2026,2026-06-26 02:30:00,2645.5078128
"394964","BiosphereDendrometer_",14,"2026-06-26 9:40:31","2026-06-26T2:40:31",15758,3.567480564,3535.253906,30.29999924,82.98000336,0.73461467,"UAGuest",0,"Green",1013,2238,2238,-219.7265625,"false","BioR1132",2026-06-26 02:45:00,177,15.0166666666667,40,45,26,2,0,6,2026,2026-06-26 02:45:00,2645.0195316
"394974","BiosphereDendrometer_",14,"2026-06-26 9:55:32","2026-06-26T2:55:32",15759,3.562646389,3535.253906,30.22999954,82.75,0.741564631,"UAGuest",0,"Green",1013,2238,2238,-219.7265625,"false","BioR1132",2026-06-26 03:00:00,177,15.0166666666667,55,0,26,3,0,6,2026,2026-06-26 03:00:00,2645.0195316
"394984","BiosphereDendrometer_",14,"2026-06-26 10:10:33","2026-06-26T3:10:33",15760,3.56425786,3538.476563,30.22999954,82.62999725,0.746723413,"UAGuest",0,"Green",1007,2239,2237,-219.2382813,"false","BioR1132",2026-06-26 03:15:00,177,15.0166666666667,10,15,26,3,0,6,2026,2026-06-26 03:15:00,2645.5078128
"394994","BiosphereDendrometer_",14,"2026-06-26 10:25:40","2026-06-26T3:25:40",15761,3.751171827,3609.375,30.19000053,82.69000244,0.742441297,"UAGuest",-75,"Green",1014,2237,2238,-220.2148438,"false","BioR1132",2026-06-26 03:30:00,177,15.1166666666667,25,30,26,3,0,6,2026,2026-06-26 03:30:00,2644.5312503
"395004","BiosphereDendrometer_",14,"2026-06-26 10:40:53","2026-06-26T3:40:53",15762,3.572314501,3535.253906,30.13999939,82.37999725,0.7535761,"UAGuest",0,"Green",1010,2238,2238,-219.7265625,"false","BioR1132",2026-06-26 03:45:00,177,15.2166666666667,40,45,26,3,0,6,2026,2026-06-26 03:45:00,2645.0195316
"395017","BiosphereDendrometer_",14,"2026-06-26 10:55:54","2026-06-26T3:55:54",15763,3.562646389,3532.03125,30.09000015,82.29000092,0.755258024,"UAGuest",0,"Green",1009,2238,2238,-219.7265625,"false","BioR1132",2026-06-26 04:00:00,177,15.0166666666667,55,0,26,4,0,6,2026,2026-06-26 04:00:00,2645.0195316
"395024","BiosphereDendrometer_",14,"2026-06-26 11:10:55","2026-06-26T4:10:55",15764,3.56425786,3530.419922,30.03000069,82.43000031,0.746714652,"UAGuest",0,"Green",1012,2239,2238,-219.2382813,"false","BioR1132",2026-06-26 04:15:00,177,15.0166666666667,10,15,26,4,0,6,2026,2026-06-26 04:15:00,2645.5078128
"395034","BiosphereDendrometer_",14,"2026-06-26 11:25:56","2026-06-26T4:25:56",15765,3.562646389,3533.642578,29.95999908,82.08000183,0.75853765,"UAGuest",0,"Green",1010,2239,2238,-219.2382813,"false","BioR1132",2026-06-26 04:30:00,177,15.0166666666667,25,30,26,4,0,6,2026,2026-06-26 04:30:00,2645.5078128
"395044","BiosphereDendrometer_",14,"2026-06-26 11:40:57","2026-06-26T4:40:57",15766,3.561035156,3530.419922,29.95000076,82,0.761487067,"UAGuest",0,"Green",1012,2240,2238,-218.75,"false","BioR1132",2026-06-26 04:45:00,177,15.0166666666667,40,45,26,4,0,6,2026,2026-06-26 04:45:00,2645.9960941
"395054","BiosphereDendrometer_",14,"2026-06-26 11:55:58","2026-06-26T4:55:58",15767,3.562646389,3530.419922,29.03000069,83.41999817,0.665227711,"UAGuest",0,"Green",1012,2239,2239,-219.2382813,"false","BioR1132",2026-06-26 05:00:00,177,15.0166666666667,55,0,26,5,0,6,2026,2026-06-26 05:00:00,2645.5078128
"395064","BiosphereDendrometer_",14,"2026-06-26 12:10:59","2026-06-26T5:10:59",15768,3.565869093,3536.865234,28.35000038,83.83000183,0.623720706,"UAGuest",0,"Green",1015,2240,2240,-218.75,"false","BioR1132",2026-06-26 05:15:00,177,15.0166666666667,10,15,26,5,0,6,2026,2026-06-26 05:15:00,2645.9960941
"395074","BiosphereDendrometer_",14,"2026-06-26 12:26:0","2026-06-26T5:26:0",15769,3.56425786,3535.253906,28.10000038,83.27999878,0.6356318,"UAGuest",0,"Green",1010,2241,2240,-218.2617188,"false","BioR1132",2026-06-26 05:30:00,177,15.0166666666667,26,30,26,5,0,6,2026,2026-06-26 05:30:00,2646.4843753
"395084","BiosphereDendrometer_",14,"2026-06-26 12:41:1","2026-06-26T5:41:1",15770,3.567480564,3540.087891,28.13999939,82.41000366,0.670263469,"UAGuest",0,"Green",1011,2241,2240,-218.2617188,"false","BioR1132",2026-06-26 05:45:00,177,15.0166666666667,41,45,26,5,0,6,2026,2026-06-26 05:45:00,2646.4843753
"395094","BiosphereDendrometer_",14,"2026-06-26 12:56:2","2026-06-26T5:56:2",15771,3.569091797,3532.03125,27.89999962,82.69999695,0.650067091,"UAGuest",0,"Green",1011,2240,2239,-218.75,"false","BioR1132",2026-06-26 06:00:00,177,15.0166666666667,56,0,26,6,0,6,2026,2026-06-26 06:00:00,2645.9960941
"395107","BiosphereDendrometer_",14,"2026-06-26 13:11:3","2026-06-26T6:11:3",15772,3.565869093,3535.253906,27.30999947,83.86000061,0.585938632,"UAGuest",0,"Green",1014,2237,2237,-220.2148438,"false","BioR1132",2026-06-26 06:15:00,177,15.0166666666667,11,15,26,6,0,6,2026,2026-06-26 06:15:00,2644.5312503
"395117","BiosphereDendrometer_",14,"2026-06-26 13:26:4","2026-06-26T6:26:4",15773,3.569091797,3532.03125,26.18000031,81.30000305,0.635249376,"UAGuest",0,"Green",1011,2234,2235,-221.6796875,"false","BioR1132",2026-06-26 06:30:00,177,15.0166666666667,26,30,26,6,0,6,2026,2026-06-26 06:30:00,2643.0664066
"395124","BiosphereDendrometer_",14,"2026-06-26 13:41:5","2026-06-26T6:41:5",15774,3.565869093,3533.642578,24.12999916,83.33999634,0.500968337,"UAGuest",0,"Green",1013,2234,2233,-221.6796875,"false","BioR1132",2026-06-26 06:45:00,177,15.0166666666667,41,45,26,6,0,6,2026,2026-06-26 06:45:00,2643.0664066
"395134","BiosphereDendrometer_",14,"2026-06-26 13:56:6","2026-06-26T6:56:6",15775,3.57070303,3536.865234,22.05999947,78.72000122,0.564641476,"UAGuest",0,"Green",1012,2233,2232,-222.1679688,"false","BioR1132",2026-06-26 07:00:00,177,15.0166666666667,56,0,26,7,0,6,2026,2026-06-26 07:00:00,2642.5781253
"395144","BiosphereDendrometer_",14,"2026-06-26 14:11:7","2026-06-26T7:11:7",15776,3.572314501,3536.865234,21.45999908,77.87999725,0.565815687,"UAGuest",0,"Green",1012,2227,2227,-225.0976563,"false","BioR1132",2026-06-26 07:15:00,177,15.0166666666667,11,15,26,7,0,6,2026,2026-06-26 07:15:00,2639.6484378
"395154","BiosphereDendrometer_",14,"2026-06-26 14:26:22","2026-06-26T7:26:22",15777,3.677050829,3610.986328,21.19000053,78.15000153,0.54973942,"UAGuest",-76,"Green",1015,2218,2217,-229.4921875,"false","BioR1132",2026-06-26 07:30:00,177,15.25,26,30,26,7,0,6,2026,2026-06-26 07:30:00,2635.2539066
"395164","BiosphereDendrometer_",14,"2026-06-26 14:41:35","2026-06-26T7:41:35",15778,3.559423923,3530.419922,21.04999924,78.08000183,0.546782851,"UAGuest",0,"Green",1011,2208,2208,-234.375,"false","BioR1132",2026-06-26 07:45:00,177,15.2166666666667,41,45,26,7,0,6,2026,2026-06-26 07:45:00,2630.3710941
"395174","BiosphereDendrometer_",14,"2026-06-26 14:56:36","2026-06-26T7:56:36",15779,3.577148438,3543.310547,21.27000046,81,0.480384916,"UAGuest",0,"Green",1011,2197,2198,-239.7460938,"false","BioR1132",2026-06-26 08:00:00,177,15.0166666666667,56,0,26,8,0,6,2026,2026-06-26 08:00:00,2625.0000003
"395184","BiosphereDendrometer_",14,"2026-06-26 15:11:37","2026-06-26T8:11:37",15780,3.575537205,3543.310547,24.01000023,87.25,0.380644053,"UAGuest",0,"Green",1013,2192,2192,-242.1875,"false","BioR1132",2026-06-26 08:15:00,177,15.0166666666667,11,15,26,8,0,6,2026,2026-06-26 08:15:00,2622.5585941
"395194","BiosphereDendrometer_",14,"2026-06-26 15:26:38","2026-06-26T8:26:38",15781,4.213623047,4173.339844,25.28000069,89.11000061,0.350734442,"UAGuest",0,"Green",1011,2191,2190,-242.6757813,"false","BioR1132",2026-06-26 08:30:00,177,15.0166666666667,26,30,26,8,0,6,2026,2026-06-26 08:30:00,2622.0703128
"395204","BiosphereDendrometer_",14,"2026-06-26 15:41:39","2026-06-26T8:41:39",15782,4.208788872,4174.951172,26.21999931,89.83000183,0.346297204,"UAGuest",0,"Green",1012,2189,2189,-243.6523438,"false","BioR1132",2026-06-26 08:45:00,177,15.0166666666667,41,45,26,8,0,6,2026,2026-06-26 08:45:00,2621.0937503
"395217","BiosphereDendrometer_",14,"2026-06-26 15:56:40","2026-06-26T8:56:40",15783,4.210400581,4178.173828,26.94000053,90.66999817,0.331445754,"UAGuest",0,"Green",1009,2187,2186,-244.6289063,"false","BioR1132",2026-06-26 09:00:00,177,15.0166666666667,56,0,26,9,0,6,2026,2026-06-26 09:00:00,2620.1171878
"395224","BiosphereDendrometer_",14,"2026-06-26 16:11:41","2026-06-26T9:11:41",15784,4.205566406,4176.5625,26.54000092,92.38999939,0.264060825,"UAGuest",0,"Green",1013,2191,2190,-242.6757813,"false","BioR1132",2026-06-26 09:15:00,177,15.0166666666667,11,15,26,9,0,6,2026,2026-06-26 09:15:00,2622.0703128
"395234","BiosphereDendrometer_",14,"2026-06-26 16:26:42","2026-06-26T9:26:42",15785,4.207177639,4179.785156,26.70000076,92.93000031,0.247643501,"UAGuest",0,"Green",1012,2191,2190,-242.6757813,"false","BioR1132",2026-06-26 09:30:00,177,15.0166666666667,26,30,26,9,0,6,2026,2026-06-26 09:30:00,2622.0703128
"395244","BiosphereDendrometer_",14,"2026-06-26 16:41:43","2026-06-26T9:41:43",15786,4.203955173,4178.173828,26.92000008,93.37000275,0.23525244,"UAGuest",0,"Green",1010,2186,2185,-245.1171875,"false","BioR1132",2026-06-26 09:45:00,177,15.0166666666667,41,45,26,9,0,6,2026,2026-06-26 09:45:00,2619.6289066
"395254","BiosphereDendrometer_",14,"2026-06-26 16:56:44","2026-06-26T9:56:44",15787,4.205566406,4171.728516,27.14999962,93.52999878,0.232693091,"UAGuest",0,"Green",1010,2181,2181,-247.5585938,"false","BioR1132",2026-06-26 10:00:00,177,15.0166666666667,56,0,26,10,0,6,2026,2026-06-26 10:00:00,2617.1875003
"395264","BiosphereDendrometer_",14,"2026-06-26 17:11:45","2026-06-26T10:11:45",15788,4.208788872,4176.5625,27.37999916,93.62000275,0.232566893,"UAGuest",0,"Green",1014,2176,2175,-250,"false","BioR1132",2026-06-26 10:15:00,177,15.0166666666667,11,15,26,10,0,6,2026,2026-06-26 10:15:00,2614.7460941
"395274","BiosphereDendrometer_",14,"2026-06-26 17:26:46","2026-06-26T10:26:46",15789,4.202343941,4170.117188,27.53000069,94.06999969,0.218067378,"UAGuest",0,"Green",1013,2168,2170,-253.90625,"false","BioR1132",2026-06-26 10:30:00,177,15.0166666666667,26,30,26,10,0,6,2026,2026-06-26 10:30:00,2610.8398441
"395284","BiosphereDendrometer_",14,"2026-06-26 17:41:47","2026-06-26T10:41:47",15790,4.202343941,4174.951172,27.69000053,93.87999725,0.22716701,"UAGuest",0,"Green",1011,2163,2162,-256.3476563,"false","BioR1132",2026-06-26 10:45:00,177,15.0166666666667,41,45,26,10,0,6,2026,2026-06-26 10:45:00,2608.3984378
"395294","BiosphereDendrometer_",14,"2026-06-26 17:56:48","2026-06-26T10:56:48",15791,4.210400581,4171.728516,28.28000069,96.48999786,0.13484098,"UAGuest",0,"Green",1011,2158,2158,-258.7890625,"false","BioR1132",2026-06-26 11:00:00,177,15.0166666666667,56,0,26,11,0,6,2026,2026-06-26 11:00:00,2605.9570316
"395304","BiosphereDendrometer_",14,"2026-06-26 18:11:49","2026-06-26T11:11:49",15792,4.205566406,4166.894531,29.28000069,97.01000214,0.121709116,"UAGuest",0,"Green",1011,2155,2153,-260.2539063,"false","BioR1132",2026-06-26 11:15:00,177,15.0166666666667,11,15,26,11,0,6,2026,2026-06-26 11:15:00,2604.4921878
"395317","BiosphereDendrometer_",14,"2026-06-26 18:27:2","2026-06-26T11:27:2",15793,4.205566406,4171.728516,29.92000008,96.69000244,0.139787942,"null",-100,"Green",1013,2148,2147,-263.671875,"false","BioR1132",2026-06-26 11:30:00,177,15.2166666666667,27,30,26,11,0,6,2026,2026-06-26 11:30:00,2601.0742191
"395324","BiosphereDendrometer_",14,"2026-06-26 18:42:53","2026-06-26T11:42:53",15794,4.210400581,4178.173828,30.32999992,95.01999664,0.215315491,"UAGuest",0,"Green",1012,2147,2147,-264.1601563,"false","BioR1132",2026-06-26 11:45:00,177,15.85,42,45,26,11,0,6,2026,2026-06-26 11:45:00,2600.5859378
"395334","BiosphereDendrometer_",14,"2026-06-26 18:57:54","2026-06-26T11:57:54",15795,4.202343941,4173.339844,29.07999992,94.68000031,0.214067951,"UAGuest",0,"Green",1011,2132,2132,-271.484375,"false","BioR1132",2026-06-26 12:00:00,177,15.0166666666667,57,0,26,12,0,6,2026,2026-06-26 12:00:00,2593.2617191
"395344","BiosphereDendrometer_",14,"2026-06-26 19:12:55","2026-06-26T12:12:55",15796,4.202343941,4170.117188,28.89999962,94.66000366,0.212649003,"UAGuest",0,"Green",1012,2119,2118,-277.8320313,"false","BioR1132",2026-06-26 12:15:00,177,15.0166666666667,12,15,26,12,0,6,2026,2026-06-26 12:15:00,2586.9140628
"395354","BiosphereDendrometer_",14,"2026-06-26 19:27:56","2026-06-26T12:27:56",15797,4.200732231,4170.117188,28.89999962,94.76999664,0.208268806,"UAGuest",0,"Green",1013,2101,2102,-286.6210938,"false","BioR1132",2026-06-26 12:30:00,177,15.0166666666667,27,30,26,12,0,6,2026,2026-06-26 12:30:00,2578.1250003
"395364","BiosphereDendrometer_",14,"2026-06-26 19:42:57","2026-06-26T12:42:57",15798,4.207177639,4173.339844,28.89999962,94.81999969,0.206277624,"UAGuest",0,"Green",1011,2083,2083,-295.4101563,"false","BioR1132",2026-06-26 12:45:00,177,15.0166666666667,42,45,26,12,0,6,2026,2026-06-26 12:45:00,2569.3359378
"395374","BiosphereDendrometer_",14,"2026-06-26 19:57:58","2026-06-26T12:57:58",15799,4.205566406,4168.505859,28.98999977,94.90000153,0.204151258,"UAGuest",0,"Green",1012,2064,2063,-304.6875,"false","BioR1132",2026-06-26 13:00:00,177,15.0166666666667,57,0,26,13,0,6,2026,2026-06-26 13:00:00,2560.0585941
"395384","BiosphereDendrometer_",14,"2026-06-26 20:12:59","2026-06-26T13:12:59",15800,4.200732231,4170.117188,29.02000046,94.87999725,0.205307603,"UAGuest",0,"Green",1011,2047,2047,-312.9882813,"false","BioR1132",2026-06-26 13:15:00,177,15.0166666666667,12,15,26,13,0,6,2026,2026-06-26 13:15:00,2551.7578128
"395394","BiosphereDendrometer_",14,"2026-06-26 20:28:0","2026-06-26T13:28:0",15801,4.200732231,4170.117188,29.04000092,94.91000366,0.204340383,"UAGuest",0,"Green",1014,2034,2034,-319.3359375,"false","BioR1132",2026-06-26 13:30:00,177,15.0166666666667,28,30,26,13,0,6,2026,2026-06-26 13:30:00,2545.4101566
"395404","BiosphereDendrometer_",14,"2026-06-26 20:43:1","2026-06-26T13:43:1",15802,4.202343941,4170.117188,29.12999916,94.73000336,0.212669045,"UAGuest",0,"Green",1010,2026,2027,-323.2421875,"false","BioR1132",2026-06-26 13:45:00,177,15.0166666666667,43,45,26,13,0,6,2026,2026-06-26 13:45:00,2541.5039066
"395417","BiosphereDendrometer_",14,"2026-06-26 20:58:2","2026-06-26T13:58:2",15803,4.203955173,4170.117188,28.96999931,95.20999908,0.191520631,"UAGuest",0,"Green",1010,2031,2030,-320.8007813,"false","BioR1132",2026-06-26 14:00:00,177,15.0166666666667,58,0,26,14,0,6,2026,2026-06-26 14:00:00,2543.9453128
"395424","BiosphereDendrometer_",14,"2026-06-26 21:13:3","2026-06-26T14:13:3",15804,4.200732231,4170.117188,28.93000031,95.33999634,0.185892552,"UAGuest",0,"Green",1010,2037,2037,-317.8710938,"false","BioR1132",2026-06-26 14:15:00,177,15.0166666666667,13,15,26,14,0,6,2026,2026-06-26 14:15:00,2546.8750003
"395434","BiosphereDendrometer_",14,"2026-06-26 21:28:4","2026-06-26T14:28:4",15805,4.200732231,4166.894531,28.96999931,94.81999969,0.20711413,"UAGuest",0,"Green",1009,2036,2035,-318.359375,"false","BioR1132",2026-06-26 14:30:00,177,15.0166666666667,28,30,26,14,0,6,2026,2026-06-26 14:30:00,2546.3867191
"395444","BiosphereDendrometer_",14,"2026-06-26 21:43:5","2026-06-26T14:43:5",15806,4.200732231,4168.505859,28.95000076,95.02999878,0.198488072,"UAGuest",0,"Green",1014,2038,2038,-317.3828125,"false","BioR1132",2026-06-26 14:45:00,177,15.0166666666667,43,45,26,14,0,6,2026,2026-06-26 14:45:00,2547.3632816
"395454","BiosphereDendrometer_",14,"2026-06-26 21:58:6","2026-06-26T14:58:6",15807,4.200732231,4165.283203,28.89999962,95.23999786,0.189552486,"UAGuest",0,"Green",1013,2048,2048,-312.5,"false","BioR1132",2026-06-26 15:00:00,177,15.0166666666667,58,0,26,15,0,6,2026,2026-06-26 15:00:00,2552.2460941
"395464","BiosphereDendrometer_",14,"2026-06-26 22:13:7","2026-06-26T15:13:7",15808,4.1942873,4168.505859,29.57999992,94.58000183,0.224469095,"UAGuest",0,"Green",1012,2055,2055,-309.0820313,"false","BioR1132",2026-06-26 15:15:00,177,15.0166666666667,13,15,26,15,0,6,2026,2026-06-26 15:15:00,2555.6640628
"395474","BiosphereDendrometer_",14,"2026-06-26 22:28:20","2026-06-26T15:28:20",15809,4.197509766,4165.283203,29.95999908,93.98000336,0.254821151,"null",-100,"Green",1014,2064,2064,-304.6875,"false","BioR1132",2026-06-26 15:30:00,177,15.2166666666667,28,30,26,15,0,6,2026,2026-06-26 15:30:00,2560.0585941
"395484","BiosphereDendrometer_",14,"2026-06-26 22:44:11","2026-06-26T15:44:11",15810,4.203955173,4168.505859,30.02000046,94.12999725,0.249328598,"UAGuest",0,"Green",1012,2073,2073,-300.2929688,"false","BioR1132",2026-06-26 15:45:00,177,15.85,44,45,26,15,0,6,2026,2026-06-26 15:45:00,2564.4531253
"395494","BiosphereDendrometer_",14,"2026-06-26 22:59:12","2026-06-26T15:59:12",15811,4.202343941,4165.283203,30.10000038,94.06999969,0.25303489,"UAGuest",0,"Green",1011,2082,2082,-295.8984375,"false","BioR1132",2026-06-26 16:00:00,177,15.0166666666667,59,0,26,16,0,6,2026,2026-06-26 16:00:00,2568.8476566
"395504","BiosphereDendrometer_",14,"2026-06-26 23:14:13","2026-06-26T16:14:13",15812,4.200732231,4165.283203,30.13999939,93.72000122,0.268584341,"UAGuest",0,"Green",1012,2092,2092,-291.015625,"false","BioR1132",2026-06-26 16:15:00,177,15.0166666666667,14,15,26,16,0,6,2026,2026-06-26 16:15:00,2573.7304691
"395517","BiosphereDendrometer_",14,"2026-06-26 23:29:14","2026-06-26T16:29:14",15813,4.197509766,4166.894531,30.12000084,93.75,0.266995221,"UAGuest",0,"Green",1011,2102,2101,-286.1328125,"false","BioR1132",2026-06-26 16:30:00,177,15.0166666666667,29,30,26,16,0,6,2026,2026-06-26 16:30:00,2578.6132816
"395524","BiosphereDendrometer_",14,"2026-06-26 23:44:15","2026-06-26T16:44:15",15814,4.1942873,4165.283203,31.18000031,95.26999664,0.214664862,"UAGuest",0,"Green",1013,2115,2115,-279.7851563,"false","BioR1132",2026-06-26 16:45:00,177,15.0166666666667,44,45,26,16,0,6,2026,2026-06-26 16:45:00,2584.9609378
"395534","BiosphereDendrometer_",14,"2026-06-26 23:59:16","2026-06-26T16:59:16",15815,4.1942873,4163.671875,31.62000084,93.98999786,0.27965349,"UAGuest",0,"Green",1013,2128,2128,-273.4375,"false","BioR1132",2026-06-26 17:00:00,177,15.0166666666667,59,0,26,17,0,6,2026,2026-06-26 17:00:00,2591.3085941
"395544","BiosphereDendrometer_",14,"2026-06-27 0:14:17","2026-06-26T17:14:17",15816,4.195898533,4162.060547,31.87999916,94.79000092,0.246023044,"UAGuest",0,"Green",1012,2140,2141,-267.578125,"false","BioR1132",2026-06-26 17:15:00,177,15.0166666666667,14,15,26,17,0,6,2026,2026-06-26 17:15:00,2597.1679691
"395554","BiosphereDendrometer_",14,"2026-06-27 0:29:18","2026-06-26T17:29:18",15817,4.195898533,4163.671875,32.11999893,95.11000061,0.23406513,"UAGuest",0,"Green",1013,2155,2154,-260.2539063,"false","BioR1132",2026-06-26 17:30:00,177,15.0166666666667,29,30,26,17,0,6,2026,2026-06-26 17:30:00,2604.4921878
"395564","BiosphereDendrometer_",14,"2026-06-27 0:44:19","2026-06-26T17:44:19",15818,4.197509766,4160.449219,32.22000122,94.44999695,0.267160386,"UAGuest",0,"Green",1011,2167,2167,-254.3945313,"false","BioR1132",2026-06-26 17:45:00,177,15.0166666666667,44,45,26,17,0,6,2026,2026-06-26 17:45:00,2610.3515628
"395574","BiosphereDendrometer_",14,"2026-06-27 0:59:20","2026-06-26T17:59:20",15819,4.1942873,4166.894531,32.31000137,94.06999969,0.286904842,"UAGuest",0,"Green",1012,2178,2177,-249.0234375,"false","BioR1132",2026-06-26 18:00:00,177,15.0166666666667,59,0,26,18,0,6,2026,2026-06-26 18:00:00,2615.7226566
"395584","BiosphereDendrometer_",14,"2026-06-27 1:14:21","2026-06-26T18:14:21",15820,4.195898533,4163.671875,32.29000092,93.33000183,0.322343647,"UAGuest",0,"Green",1013,2189,2188,-243.6523438,"false","BioR1132",2026-06-26 18:15:00,177,15.0166666666667,14,15,26,18,0,6,2026,2026-06-26 18:15:00,2621.0937503
"395594","BiosphereDendrometer_",14,"2026-06-27 1:29:22","2026-06-26T18:29:22",15821,4.192675591,4165.283203,32.25,92.97000122,0.338975996,"UAGuest",0,"Green",1012,2200,2199,-238.28125,"false","BioR1132",2026-06-26 18:30:00,177,15.0166666666667,29,30,26,18,0,6,2026,2026-06-26 18:30:00,2626.4648441
"395604","BiosphereDendrometer_",14,"2026-06-27 1:44:23","2026-06-26T18:44:23",15822,4.1942873,4168.505859,31.92000008,91.58999634,0.398030609,"UAGuest",0,"Green",1011,2209,2209,-233.8867188,"false","BioR1132",2026-06-26 18:45:00,177,15.0166666666667,44,45,26,18,0,6,2026,2026-06-26 18:45:00,2630.8593753
"395617","BiosphereDendrometer_",14,"2026-06-27 1:59:24","2026-06-26T18:59:24",15823,4.1942873,4163.671875,31.62000084,90.66000366,0.434602529,"UAGuest",0,"Green",1012,2221,2218,-228.0273438,"false","BioR1132",2026-06-26 19:00:00,177,15.0166666666667,59,0,26,19,0,6,2026,2026-06-26 19:00:00,2636.7187503
"395624","BiosphereDendrometer_",14,"2026-06-27 2:14:25","2026-06-26T19:14:25",15824,4.187841892,4157.226563,31.87999916,88.12999725,0.560517132,"UAGuest",0,"Green",1012,2224,2223,-226.5625,"false","BioR1132",2026-06-26 19:15:00,177,15.0166666666667,14,15,26,19,0,6,2026,2026-06-26 19:15:00,2638.1835941
"395634","BiosphereDendrometer_",14,"2026-06-27 2:29:38","2026-06-26T19:29:38",15825,4.191064358,4162.060547,31.96999931,87.02999878,0.61558485,"null",-100,"Green",1011,2229,2228,-224.1210938,"false","BioR1132",2026-06-26 19:30:00,177,15.2166666666667,29,30,26,19,0,6,2026,2026-06-26 19:30:00,2640.6250003
"395644","BiosphereDendrometer_",14,"2026-06-27 2:45:29","2026-06-26T19:45:29",15826,4.1942873,4166.894531,31.96999931,86.87999725,0.622704208,"UAGuest",0,"Green",1010,2234,2234,-221.6796875,"false","BioR1132",2026-06-26 19:45:00,177,15.85,45,45,26,19,0,6,2026,2026-06-26 19:45:00,2643.0664066
"395654","BiosphereDendrometer_",14,"2026-06-27 3:0:30","2026-06-26T20:0:30",15827,4.191064358,4157.226563,31.89999962,86.41999817,0.641991138,"UAGuest",0,"Green",1011,2238,2238,-219.7265625,"false","BioR1132",2026-06-26 20:00:00,177,15.0166666666667,0,0,26,20,0,6,2026,2026-06-26 20:00:00,2645.0195316
"395664","BiosphereDendrometer_",14,"2026-06-27 3:15:31","2026-06-26T20:15:31",15828,4.1942873,4162.060547,31.79999924,85.95999908,0.659993291,"UAGuest",0,"Green",1010,2241,2242,-218.2617188,"false","BioR1132",2026-06-26 20:15:00,177,15.0166666666667,15,15,26,20,0,6,2026,2026-06-26 20:15:00,2646.4843753
"395674","BiosphereDendrometer_",14,"2026-06-27 3:30:32","2026-06-26T20:30:32",15829,4.189453125,4160.449219,31.78000069,85.69000244,0.671924412,"UAGuest",0,"Green",1011,2246,2245,-215.8203125,"false","BioR1132",2026-06-26 20:30:00,177,15.0166666666667,30,30,26,20,0,6,2026,2026-06-26 20:30:00,2648.9257816
"395684","BiosphereDendrometer_",14,"2026-06-27 3:45:33","2026-06-26T20:45:33",15830,4.191064358,4162.060547,31.76000023,85.58000183,0.676323354,"UAGuest",0,"Green",1011,2248,2247,-214.84375,"false","BioR1132",2026-06-26 20:45:00,177,15.0166666666667,45,45,26,20,0,6,2026,2026-06-26 20:45:00,2649.9023441
"395694","BiosphereDendrometer_",14,"2026-06-27 4:0:34","2026-06-26T21:0:34",15831,4.192675591,4160.449219,31.55999947,85.90000153,0.653864443,"UAGuest",0,"Green",1012,2251,2250,-213.3789063,"false","BioR1132",2026-06-26 21:00:00,177,15.0166666666667,0,0,26,21,0,6,2026,2026-06-26 21:00:00,2651.3671878
"395704","BiosphereDendrometer_",14,"2026-06-27 4:15:35","2026-06-26T21:15:35",15832,4.191064358,4157.226563,31.46999931,85.80999756,0.65468812,"UAGuest",0,"Green",1012,2251,2253,-213.3789063,"false","BioR1132",2026-06-26 21:15:00,177,15.0166666666667,15,15,26,21,0,6,2026,2026-06-26 21:15:00,2651.3671878
"395717","BiosphereDendrometer_",14,"2026-06-27 4:30:36","2026-06-26T21:30:36",15833,4.189453125,4158.837891,31.38999939,85.52999878,0.664582551,"UAGuest",0,"Green",1014,2254,2254,-211.9140625,"false","BioR1132",2026-06-26 21:30:00,177,15.0166666666667,30,30,26,21,0,6,2026,2026-06-26 21:30:00,2652.8320316
"395724","BiosphereDendrometer_",14,"2026-06-27 4:45:37","2026-06-26T21:45:37",15834,4.187841892,4158.837891,31.29000092,85.34999847,0.669039786,"UAGuest",0,"Green",1009,2257,2256,-210.4492188,"false","BioR1132",2026-06-26 21:45:00,177,15.0166666666667,45,45,26,21,0,6,2026,2026-06-26 21:45:00,2654.2968753
"395734","BiosphereDendrometer_",14,"2026-06-27 5:0:38","2026-06-26T22:0:38",15835,4.18461895,4157.226563,31.26000023,85,0.683857024,"UAGuest",0,"Green",1010,2258,2258,-209.9609375,"false","BioR1132",2026-06-26 22:00:00,177,15.0166666666667,0,0,26,22,0,6,2026,2026-06-26 22:00:00,2654.7851566
"395744","BiosphereDendrometer_",14,"2026-06-27 5:15:39","2026-06-26T22:15:39",15836,4.195898533,4160.449219,31.21999931,84.66999817,0.697315335,"UAGuest",0,"Green",1011,2260,2259,-208.984375,"false","BioR1132",2026-06-26 22:15:00,177,15.0166666666667,15,15,26,22,0,6,2026,2026-06-26 22:15:00,2655.7617191
"395754","BiosphereDendrometer_",14,"2026-06-27 5:30:40","2026-06-26T22:30:40",15837,4.189453125,4154.003906,31.13999939,84.47000122,0.703206718,"UAGuest",0,"Green",1013,2260,2259,-208.984375,"false","BioR1132",2026-06-26 22:30:00,177,15.0166666666667,30,30,26,22,0,6,2026,2026-06-26 22:30:00,2655.7617191
"395764","BiosphereDendrometer_",14,"2026-06-27 5:45:41","2026-06-26T22:45:41",15838,4.189453125,4154.003906,31.05999947,84.13999939,0.714888752,"UAGuest",0,"Green",1012,2260,2260,-208.984375,"false","BioR1132",2026-06-26 22:45:00,177,15.0166666666667,45,45,26,22,0,6,2026,2026-06-26 22:45:00,2655.7617191
"395774","BiosphereDendrometer_",14,"2026-06-27 6:0:42","2026-06-26T23:0:42",15839,4.186230659,4155.615234,30.97999954,83.86000061,0.724204421,"UAGuest",0,"Green",1012,2262,2260,-208.0078125,"false","BioR1132",2026-06-26 23:00:00,177,15.0166666666667,0,0,26,23,0,6,2026,2026-06-26 23:00:00,2656.7382816
"395784","BiosphereDendrometer_",14,"2026-06-27 6:15:43","2026-06-26T23:15:43",15840,4.186230659,4157.226563,30.87000084,83.73000336,0.725477338,"UAGuest",0,"Green",1013,2261,2260,-208.4960938,"false","BioR1132",2026-06-26 23:15:00,177,15.0166666666667,15,15,26,23,0,6,2026,2026-06-26 23:15:00,2656.2500003
"395794","BiosphereDendrometer_",14,"2026-06-27 6:30:56","2026-06-26T23:30:56",15841,4.189453125,4158.837891,30.84000015,83.41999817,0.738037765,"null",-100,"Green",1012,2262,2261,-208.0078125,"false","BioR1132",2026-06-26 23:30:00,177,15.2166666666667,30,30,26,23,0,6,2026,2026-06-26 23:30:00,2656.7382816
"395804","BiosphereDendrometer_",14,"2026-06-27 6:46:47","2026-06-26T23:46:47",15842,4.191064358,4155.615234,30.79000092,82.98000336,0.755467117,"UAGuest",0,"Green",1013,2262,2261,-208.0078125,"false","BioR1132",2026-06-26 23:45:00,177,15.85,46,45,26,23,0,6,2026,2026-06-26 23:45:00,2656.7382816
"395817","BiosphereDendrometer_",14,"2026-06-27 7:1:48","2026-06-27T0:1:48",15843,4.183007717,4150.78125,30.71999931,82.80000305,0.760414839,"UAGuest",0,"Green",1009,2261,2261,-208.4960938,"false","BioR1132",2026-06-27,178,15.0166666666667,1,0,27,0,0,6,2026,2026-06-27,2656.2500003
"395824","BiosphereDendrometer_",14,"2026-06-27 7:16:49","2026-06-27T0:16:49",15844,4.186230659,4157.226563,30.69000053,82.44000244,0.775002897,"UAGuest",0,"Green",1012,2261,2261,-208.4960938,"false","BioR1132",2026-06-27 00:15:00,178,15.0166666666667,16,15,27,0,0,6,2026,2026-06-27 00:15:00,2656.2500003
"395834","BiosphereDendrometer_",14,"2026-06-27 7:31:50","2026-06-27T0:31:50",15845,4.189453125,4152.392578,30.56999969,82.26000214,0.777601898,"UAGuest",0,"Green",1011,2261,2261,-208.4960938,"false","BioR1132",2026-06-27 00:30:00,178,15.0166666666667,31,30,27,0,0,6,2026,2026-06-27 00:30:00,2656.2500003
"395844","BiosphereDendrometer_",14,"2026-06-27 7:46:51","2026-06-27T0:46:51",15846,4.18461895,4150.78125,30.51000023,81.93000031,0.789356887,"UAGuest",0,"Green",1010,2263,2261,-207.5195313,"false","BioR1132",2026-06-27 00:45:00,178,15.0166666666667,46,45,27,0,0,6,2026,2026-06-27 00:45:00,2657.2265628
"395854","BiosphereDendrometer_",14,"2026-06-27 8:1:52","2026-06-27T1:1:52",15847,4.186230659,4157.226563,30.46999931,81.62000275,0.801065326,"UAGuest",0,"Green",1012,2261,2261,-208.4960938,"false","BioR1132",2026-06-27 01:00:00,178,15.0166666666667,1,0,27,1,0,6,2026,2026-06-27 01:00:00,2656.2500003
"395864","BiosphereDendrometer_",14,"2026-06-27 8:16:53","2026-06-27T1:16:53",15848,4.183007717,4154.003906,30.40999985,81.34999847,0.810049772,"UAGuest",0,"Green",1013,2260,2260,-208.984375,"false","BioR1132",2026-06-27 01:15:00,178,15.0166666666667,16,15,27,1,0,6,2026,2026-06-27 01:15:00,2655.7617191
"395874","BiosphereDendrometer_",14,"2026-06-27 8:31:54","2026-06-27T1:31:54",15849,4.18461895,4157.226563,30.38999939,81.19000244,0.816065192,"UAGuest",0,"Green",1013,2260,2260,-208.984375,"false","BioR1132",2026-06-27 01:30:00,178,15.0166666666667,31,30,27,1,0,6,2026,2026-06-27 01:30:00,2655.7617191
"395884","BiosphereDendrometer_",14,"2026-06-27 8:46:55","2026-06-27T1:46:55",15850,4.18461895,4155.615234,30.32999992,80.93000031,0.824510634,"UAGuest",0,"Green",1013,2261,2260,-208.4960938,"false","BioR1132",2026-06-27 01:45:00,178,15.0166666666667,46,45,27,1,0,6,2026,2026-06-27 01:45:00,2656.2500003
"395893","BiosphereDendrometer_",14,"2026-06-27 9:1:56","2026-06-27T2:1:56",15851,4.181396484,4155.615234,30.27000046,80.69000244,0.832025468,"UAGuest",0,"Green",1012,2261,2260,-208.4960938,"false","BioR1132",2026-06-27 02:00:00,178,15.0166666666667,1,0,27,2,0,6,2026,2026-06-27 02:00:00,2656.2500003
"395904","BiosphereDendrometer_",14,"2026-06-27 9:16:57","2026-06-27T2:16:57",15852,4.179785252,4152.392578,30.23999977,80.44000244,0.841351271,"UAGuest",0,"Green",1014,2261,2260,-208.4960938,"false","BioR1132",2026-06-27 02:15:00,178,15.0166666666667,16,15,27,2,0,6,2026,2026-06-27 02:15:00,2656.2500003
"395917","BiosphereDendrometer_",14,"2026-06-27 9:31:58","2026-06-27T2:31:58",15853,4.18461895,4154.003906,30.19000053,80.34999847,0.842806041,"UAGuest",0,"Green",1014,2261,2260,-208.4960938,"false","BioR1132",2026-06-27 02:30:00,178,15.0166666666667,31,30,27,2,0,6,2026,2026-06-27 02:30:00,2656.2500003
"395924","BiosphereDendrometer_",14,"2026-06-27 9:46:59","2026-06-27T2:46:59",15854,4.181396484,4149.169922,30.15999985,80.19999695,0.847781599,"UAGuest",0,"Green",1009,2260,2260,-208.984375,"false","BioR1132",2026-06-27 02:45:00,178,15.0166666666667,46,45,27,2,0,6,2026,2026-06-27 02:45:00,2655.7617191
"395934","BiosphereDendrometer_",14,"2026-06-27 10:2:0","2026-06-27T3:2:0",15855,4.183007717,4150.78125,30.12999916,80.04000092,0.853164494,"UAGuest",0,"Green",1010,2261,2260,-208.4960938,"false","BioR1132",2026-06-27 03:00:00,178,15.0166666666667,2,0,27,3,0,6,2026,2026-06-27 03:00:00,2656.2500003
"395944","BiosphereDendrometer_",14,"2026-06-27 10:17:1","2026-06-27T3:17:1",15856,4.187841892,4150.78125,30.07999992,79.95999908,0.85413307,"UAGuest",0,"Green",1011,2261,2260,-208.4960938,"false","BioR1132",2026-06-27 03:15:00,178,15.0166666666667,17,15,27,3,0,6,2026,2026-06-27 03:15:00,2656.2500003
"395954","BiosphereDendrometer_",14,"2026-06-27 10:32:14","2026-06-27T3:32:14",15857,4.176562309,4150.78125,30.02000046,79.80999756,0.857571125,"null",-100,"Green",1016,2261,2261,-208.4960938,"false","BioR1132",2026-06-27 03:30:00,178,15.2166666666667,32,30,27,3,0,6,2026,2026-06-27 03:30:00,2656.2500003
"395964","BiosphereDendrometer_",14,"2026-06-27 10:48:5","2026-06-27T3:48:5",15858,4.189453125,4157.226563,29.12999916,82,0.726384103,"UAGuest",0,"Green",1013,2263,2262,-207.5195313,"false","BioR1132",2026-06-27 03:45:00,178,15.85,48,45,27,3,0,6,2026,2026-06-27 03:45:00,2657.2265628
"395974","BiosphereDendrometer_",14,"2026-06-27 11:3:6","2026-06-27T4:3:6",15859,4.181396484,4149.169922,28.51000023,82.45999908,0.682876945,"UAGuest",0,"Green",1013,2264,2263,-207.03125,"false","BioR1132",2026-06-27 04:00:00,178,15.0166666666667,3,0,27,4,0,6,2026,2026-06-27 04:00:00,2657.7148441
"395984","BiosphereDendrometer_",14,"2026-06-27 11:18:7","2026-06-27T4:18:7",15860,4.179785252,4147.558594,28.04999924,82.25,0.672827899,"UAGuest",0,"Green",1014,2265,2264,-206.5429688,"false","BioR1132",2026-06-27 04:15:00,178,15.0166666666667,18,15,27,4,0,6,2026,2026-06-27 04:15:00,2658.2031253
"395994","BiosphereDendrometer_",14,"2026-06-27 11:33:8","2026-06-27T4:33:8",15861,4.181396484,4149.169922,27.67000008,82.06999969,0.664763272,"UAGuest",0,"Green",1011,2267,2265,-205.5664063,"false","BioR1132",2026-06-27 04:30:00,178,15.0166666666667,33,30,27,4,0,6,2026,2026-06-27 04:30:00,2659.1796878
"396004","BiosphereDendrometer_",14,"2026-06-27 11:48:9","2026-06-27T4:48:9",15862,4.181396484,4149.169922,27.38999939,81.75,0.665647447,"UAGuest",0,"Green",1011,2266,2266,-206.0546875,"false","BioR1132",2026-06-27 04:45:00,178,15.0166666666667,48,45,27,4,0,6,2026,2026-06-27 04:45:00,2658.6914066
"396017","BiosphereDendrometer_",14,"2026-06-27 12:3:10","2026-06-27T5:3:10",15863,4.183007717,4144.335938,27.09000015,81.80000305,0.652263761,"UAGuest",0,"Green",1011,2267,2267,-205.5664063,"false","BioR1132",2026-06-27 05:00:00,178,15.0166666666667,3,0,27,5,0,6,2026,2026-06-27 05:00:00,2659.1796878
"396024","BiosphereDendrometer_",14,"2026-06-27 12:18:11","2026-06-27T5:18:11",15864,4.174951077,4144.335938,26.87000084,81.93000031,0.639299035,"UAGuest",0,"Green",1013,2268,2267,-205.078125,"false","BioR1132",2026-06-27 05:15:00,178,15.0166666666667,18,15,27,5,0,6,2026,2026-06-27 05:15:00,2659.6679691
"396034","BiosphereDendrometer_",14,"2026-06-27 12:33:12","2026-06-27T5:33:12",15865,4.183007717,4144.335938,26.77000046,82.26000214,0.62394774,"UAGuest",0,"Green",1013,2268,2267,-205.078125,"false","BioR1132",2026-06-27 05:30:00,178,15.0166666666667,33,30,27,5,0,6,2026,2026-06-27 05:30:00,2659.6679691
"396044","BiosphereDendrometer_",14,"2026-06-27 12:48:13","2026-06-27T5:48:13",15866,4.181396484,4145.947266,26.84000015,82.70999908,0.610626638,"UAGuest",0,"Green",1012,2267,2267,-205.5664063,"false","BioR1132",2026-06-27 05:45:00,178,15.0166666666667,48,45,27,5,0,6,2026,2026-06-27 05:45:00,2659.1796878
"396054","BiosphereDendrometer_",14,"2026-06-27 13:3:14","2026-06-27T6:3:14",15867,4.178174019,4145.947266,27.11000061,82.58000183,0.625042021,"UAGuest",0,"Green",1011,2264,2263,-207.03125,"false","BioR1132",2026-06-27 06:00:00,178,15.0166666666667,3,0,27,6,0,6,2026,2026-06-27 06:00:00,2657.7148441
"396064","BiosphereDendrometer_",14,"2026-06-27 13:18:15","2026-06-27T6:18:15",15868,4.178174019,4145.947266,27.35000038,82.23999786,0.646261334,"UAGuest",0,"Green",1013,2257,2257,-210.4492188,"false","BioR1132",2026-06-27 06:15:00,178,15.0166666666667,18,15,27,6,0,6,2026,2026-06-27 06:15:00,2654.2968753
"396074","BiosphereDendrometer_",14,"2026-06-27 13:33:16","2026-06-27T6:33:16",15869,4.176562309,4144.335938,27.62000084,81.84999847,0.670958579,"UAGuest",0,"Green",1013,2252,2251,-212.890625,"false","BioR1132",2026-06-27 06:30:00,178,15.0166666666667,33,30,27,6,0,6,2026,2026-06-27 06:30:00,2651.8554691
"396084","BiosphereDendrometer_",14,"2026-06-27 13:48:17","2026-06-27T6:48:17",15870,4.174951077,4142.724609,27.88999939,82.05000305,0.674098432,"UAGuest",0,"Green",1013,2245,2245,-216.3085938,"false","BioR1132",2026-06-27 06:45:00,178,15.0166666666667,48,45,27,6,0,6,2026,2026-06-27 06:45:00,2648.4375003
"396093","BiosphereDendrometer_",14,"2026-06-27 14:3:18","2026-06-27T7:3:18",15871,4.176562309,4141.113281,28.14999962,82.12000275,0.681710243,"UAGuest",0,"Green",1012,2240,2240,-218.75,"false","BioR1132",2026-06-27 07:00:00,178,15.0166666666667,3,0,27,7,0,6,2026,2026-06-27 07:00:00,2645.9960941
"396106","BiosphereDendrometer_",14,"2026-06-27 14:18:19","2026-06-27T7:18:19",15872,4.176562309,4147.558594,28.44000053,82.55999756,0.676231921,"UAGuest",0,"Green",1013,2234,2234,-221.6796875,"false","BioR1132",2026-06-27 07:15:00,178,15.0166666666667,18,15,27,7,0,6,2026,2026-06-27 07:15:00,2643.0664066
"396116","BiosphereDendrometer_",14,"2026-06-27 14:33:32","2026-06-27T7:33:32",15873,4.152392387,4125,28.65999985,82.59999847,0.683342397,"UAGuest",-73,"Green",1010,2227,2227,-225.0976563,"false","BioR1132",2026-06-27 07:30:00,178,15.2166666666667,33,30,27,7,0,6,2026,2026-06-27 07:30:00,2639.6484378
"396124","BiosphereDendrometer_",14,"2026-06-27 14:48:43","2026-06-27T7:48:43",15874,4.179785252,4142.724609,28.95999908,82.68000031,0.692112565,"UAGuest",0,"Green",1013,2218,2219,-229.4921875,"false","BioR1132",2026-06-27 07:45:00,178,15.1833333333333,48,45,27,7,0,6,2026,2026-06-27 07:45:00,2635.2539066
"396134","BiosphereDendrometer_",14,"2026-06-27 15:3:44","2026-06-27T8:3:44",15875,4.179785252,4145.947266,29.06999969,82.06999969,0.721056819,"UAGuest",0,"Green",1012,2210,2210,-233.3984375,"false","BioR1132",2026-06-27 08:00:00,178,15.0166666666667,3,0,27,8,0,6,2026,2026-06-27 08:00:00,2631.3476566
"396144","BiosphereDendrometer_",14,"2026-06-27 15:18:45","2026-06-27T8:18:45",15876,4.171728611,4145.947266,28.27000046,86.94000244,0.501423895,"UAGuest",0,"Green",1011,2205,2206,-235.8398438,"false","BioR1132",2026-06-27 08:15:00,178,15.0166666666667,18,15,27,8,0,6,2026,2026-06-27 08:15:00,2628.9062503
"396154","BiosphereDendrometer_",14,"2026-06-27 15:33:46","2026-06-27T8:33:46",15877,4.178174019,4141.113281,28.20000076,87.73000336,0.469180018,"UAGuest",0,"Green",1011,2199,2199,-238.7695313,"false","BioR1132",2026-06-27 08:30:00,178,15.0166666666667,33,30,27,8,0,6,2026,2026-06-27 08:30:00,2625.9765628
"396164","BiosphereDendrometer_",14,"2026-06-27 15:48:47","2026-06-27T8:48:47",15878,4.174951077,4145.947266,28.29000092,88.26000214,0.451268137,"UAGuest",0,"Green",1009,2192,2192,-242.1875,"false","BioR1132",2026-06-27 08:45:00,178,15.0166666666667,48,45,27,8,0,6,2026,2026-06-27 08:45:00,2622.5585941
"396174","BiosphereDendrometer_",14,"2026-06-27 16:3:48","2026-06-27T9:3:48",15879,4.179785252,4139.501953,28.11000061,87.80000305,0.464068055,"UAGuest",0,"Green",1010,2183,2183,-246.5820313,"false","BioR1132",2026-06-27 09:00:00,178,15.0166666666667,3,0,27,9,0,6,2026,2026-06-27 09:00:00,2618.1640628
"396184","BiosphereDendrometer_",14,"2026-06-27 16:18:49","2026-06-27T9:18:49",15880,4.173339844,4144.335938,27.40999985,89.70999908,0.375755131,"UAGuest",0,"Green",1012,2175,2175,-250.4882813,"false","BioR1132",2026-06-27 09:15:00,178,15.0166666666667,18,15,27,9,0,6,2026,2026-06-27 09:15:00,2614.2578128
"396194","BiosphereDendrometer_",14,"2026-06-27 16:33:50","2026-06-27T9:33:50",15881,4.174951077,4145.947266,27.40999985,90.59999847,0.34325546,"UAGuest",0,"Green",1013,2169,2168,-253.4179688,"false","BioR1132",2026-06-27 09:30:00,178,15.0166666666667,33,30,27,9,0,6,2026,2026-06-27 09:30:00,2611.3281253
"396204","BiosphereDendrometer_",14,"2026-06-27 16:48:51","2026-06-27T9:48:51",15882,4.178174019,4142.724609,27.45000076,91.19000244,0.322463781,"UAGuest",0,"Green",1012,2162,2160,-256.8359375,"false","BioR1132",2026-06-27 09:45:00,178,15.0166666666667,48,45,27,9,0,6,2026,2026-06-27 09:45:00,2607.9101566
"396217","BiosphereDendrometer_",14,"2026-06-27 17:3:52","2026-06-27T10:3:52",15883,4.178174019,4144.335938,27.52000046,91.68000031,0.305777401,"UAGuest",0,"Green",1015,2153,2153,-261.2304688,"false","BioR1132",2026-06-27 10:00:00,178,15.0166666666667,3,0,27,10,0,6,2026,2026-06-27 10:00:00,2603.5156253
"396224","BiosphereDendrometer_",14,"2026-06-27 17:18:53","2026-06-27T10:18:53",15884,4.174951077,4141.113281,27.67000008,92.12000275,0.29215461,"UAGuest",0,"Green",1012,2145,2145,-265.1367188,"false","BioR1132",2026-06-27 10:15:00,178,15.0166666666667,18,15,27,10,0,6,2026,2026-06-27 10:15:00,2599.6093753
"396234","BiosphereDendrometer_",14,"2026-06-27 17:33:54","2026-06-27T10:33:54",15885,4.174951077,4142.724609,27.82999992,92.45999908,0.282170415,"UAGuest",0,"Green",1012,2138,2138,-268.5546875,"false","BioR1132",2026-06-27 10:30:00,178,15.0166666666667,33,30,27,10,0,6,2026,2026-06-27 10:30:00,2596.1914066
"396244","BiosphereDendrometer_",14,"2026-06-27 17:48:55","2026-06-27T10:48:55",15886,4.173339844,4142.724609,27.96999931,92.66000366,0.276935548,"UAGuest",0,"Green",1012,2129,2129,-272.9492188,"false","BioR1132",2026-06-27 10:45:00,178,15.0166666666667,48,45,27,10,0,6,2026,2026-06-27 10:45:00,2591.7968753
"396254","BiosphereDendrometer_",14,"2026-06-27 18:3:56","2026-06-27T11:3:56",15887,4.171728611,4144.335938,28.10000038,92.81999969,0.27295664,"UAGuest",0,"Green",1012,2120,2120,-277.34375,"false","BioR1132",2026-06-27 11:00:00,178,15.0166666666667,3,0,27,11,0,6,2026,2026-06-27 11:00:00,2587.4023441
"396264","BiosphereDendrometer_",14,"2026-06-27 18:18:57","2026-06-27T11:18:57",15888,4.173339844,4139.501953,28.20999908,93.22000122,0.259404242,"UAGuest",0,"Green",1011,2111,2111,-281.7382813,"false","BioR1132",2026-06-27 11:15:00,178,15.0166666666667,18,15,27,11,0,6,2026,2026-06-27 11:15:00,2583.0078128
"396274","BiosphereDendrometer_",14,"2026-06-27 18:34:10","2026-06-27T11:34:10",15889,4.174951077,4141.113281,28.35000038,93.30999756,0.258051455,"null",-100,"Green",1013,2103,2102,-285.6445313,"false","BioR1132",2026-06-27 11:30:00,178,15.2166666666667,34,30,27,11,0,6,2026,2026-06-27 11:30:00,2579.1015628
"396284","BiosphereDendrometer_",14,"2026-06-27 18:50:1","2026-06-27T11:50:1",15890,4.178174019,4142.724609,28.48999977,93.43000031,0.255490243,"UAGuest",0,"Green",1012,2092,2093,-291.015625,"false","BioR1132",2026-06-27 11:45:00,178,15.85,50,45,27,11,0,6,2026,2026-06-27 11:45:00,2573.7304691
"396294","BiosphereDendrometer_",14,"2026-06-27 19:5:2","2026-06-27T12:5:2",15891,4.176562309,4139.501953,28.57999992,93.84999847,0.240409046,"UAGuest",0,"Green",1012,2082,2081,-295.8984375,"false","BioR1132",2026-06-27 12:00:00,178,15.0166666666667,5,0,27,12,0,6,2026,2026-06-27 12:00:00,2568.8476566
"396304","BiosphereDendrometer_",14,"2026-06-27 19:20:3","2026-06-27T12:20:3",15892,4.174951077,4141.113281,28.70000076,93.94000244,0.238543659,"UAGuest",0,"Green",1011,2068,2067,-302.734375,"false","BioR1132",2026-06-27 12:15:00,178,15.0166666666667,20,15,27,12,0,6,2026,2026-06-27 12:15:00,2562.0117191
"396317","BiosphereDendrometer_",14,"2026-06-27 19:35:4","2026-06-27T12:35:4",15893,4.173339844,4142.724609,28.79999924,94.05000305,0.23557356,"UAGuest",0,"Green",1009,2051,2050,-311.0351563,"false","BioR1132",2026-06-27 12:30:00,178,15.0166666666667,35,30,27,12,0,6,2026,2026-06-27 12:30:00,2553.7109378
"396324","BiosphereDendrometer_",14,"2026-06-27 19:50:5","2026-06-27T12:50:5",15894,4.174951077,4141.113281,28.95000076,94.09999847,0.235629663,"UAGuest",0,"Green",1013,2033,2032,-319.8242188,"false","BioR1132",2026-06-27 12:45:00,178,15.0166666666667,50,45,27,12,0,6,2026,2026-06-27 12:45:00,2544.9218753
"396334","BiosphereDendrometer_",14,"2026-06-27 20:5:6","2026-06-27T13:5:6",15895,4.168505669,4139.501953,28.95999908,94.20999908,0.231370226,"UAGuest",0,"Green",1011,2014,2013,-329.1015625,"false","BioR1132",2026-06-27 13:00:00,178,15.0166666666667,5,0,27,13,0,6,2026,2026-06-27 13:00:00,2535.6445316
"396344","BiosphereDendrometer_",14,"2026-06-27 20:20:7","2026-06-27T13:20:7",15896,4.174951077,4133.056641,29.06999969,94.12999725,0.23606275,"UAGuest",0,"Green",1013,2000,2000,-335.9375,"false","BioR1132",2026-06-27 13:15:00,178,15.0166666666667,20,15,27,13,0,6,2026,2026-06-27 13:15:00,2528.8085941
"396354","BiosphereDendrometer_",14,"2026-06-27 20:35:8","2026-06-27T13:35:8",15897,4.171728611,4139.501953,29.14999962,94.48999786,0.222611219,"UAGuest",0,"Green",1011,1991,1990,-340.3320313,"false","BioR1132",2026-06-27 13:30:00,178,15.0166666666667,35,30,27,13,0,6,2026,2026-06-27 13:30:00,2524.4140628
"396364","BiosphereDendrometer_",14,"2026-06-27 20:50:9","2026-06-27T13:50:9",15898,4.174951077,4142.724609,29.17000008,94.37999725,0.227317616,"UAGuest",0,"Green",1013,1986,1985,-342.7734375,"false","BioR1132",2026-06-27 13:45:00,178,15.0166666666667,50,45,27,13,0,6,2026,2026-06-27 13:45:00,2521.9726566
"396374","BiosphereDendrometer_",14,"2026-06-27 21:5:10","2026-06-27T14:5:10",15899,4.171728611,4137.890625,29.22999954,94.45999908,0.22485885,"UAGuest",0,"Green",1012,1983,1983,-344.2382813,"false","BioR1132",2026-06-27 14:00:00,178,15.0166666666667,5,0,27,14,0,6,2026,2026-06-27 14:00:00,2520.5078128
"396384","BiosphereDendrometer_",14,"2026-06-27 21:20:11","2026-06-27T14:20:11",15900,4.171728611,4139.501953,29.25,94.34999847,0.2295883,"UAGuest",0,"Green",1012,1985,1985,-343.2617188,"false","BioR1132",2026-06-27 14:15:00,178,15.0166666666667,20,15,27,14,0,6,2026,2026-06-27 14:15:00,2521.4843753
"396394","BiosphereDendrometer_",14,"2026-06-27 21:35:12","2026-06-27T14:35:12",15901,4.170117378,4137.890625,29.25,94.44000244,0.225931019,"UAGuest",0,"Green",1013,1989,1988,-341.3085938,"false","BioR1132",2026-06-27 14:30:00,178,15.0166666666667,35,30,27,14,0,6,2026,2026-06-27 14:30:00,2523.4375003
"396404","BiosphereDendrometer_",14,"2026-06-27 21:50:13","2026-06-27T14:50:13",15902,4.170117378,4139.501953,29.25,94.30000305,0.231619909,"UAGuest",0,"Green",1011,1995,1994,-338.3789063,"false","BioR1132",2026-06-27 14:45:00,178,15.0166666666667,50,45,27,14,0,6,2026,2026-06-27 14:45:00,2526.3671878
"396417","BiosphereDendrometer_",14,"2026-06-27 22:5:14","2026-06-27T15:5:14",15903,4.170117378,4136.279297,29.34000015,94.44999695,0.226698205,"UAGuest",0,"Green",1012,2005,2005,-333.4960938,"false","BioR1132",2026-06-27 15:00:00,178,15.0166666666667,5,0,27,15,0,6,2026,2026-06-27 15:00:00,2531.2500003
"396424","BiosphereDendrometer_",14,"2026-06-27 22:20:15","2026-06-27T15:20:15",15904,4.171728611,4134.667969,29.86000061,93.51000214,0.273143679,"UAGuest",0,"Green",1011,2014,2014,-329.1015625,"false","BioR1132",2026-06-27 15:15:00,178,15.0166666666667,20,15,27,15,0,6,2026,2026-06-27 15:15:00,2535.6445316
"396434","BiosphereDendrometer_",14,"2026-06-27 22:35:28","2026-06-27T15:35:28",15905,4.170117378,4133.056641,30,93.69000244,0.267710209,"null",-100,"Green",1014,2026,2026,-323.2421875,"false","BioR1132",2026-06-27 15:30:00,178,15.2166666666667,35,30,27,15,0,6,2026,2026-06-27 15:30:00,2541.5039066
"396444","BiosphereDendrometer_",14,"2026-06-27 22:51:19","2026-06-27T15:51:19",15906,4.178174019,4144.335938,29.95999908,93.47000122,0.27640903,"UAGuest",0,"Green",1010,2040,2039,-316.40625,"false","BioR1132",2026-06-27 15:45:00,178,15.85,51,45,27,15,0,6,2026,2026-06-27 15:45:00,2548.3398441
"396454","BiosphereDendrometer_",14,"2026-06-27 23:6:20","2026-06-27T16:6:20",15907,4.171728611,4134.667969,30,93.87999725,0.259649366,"UAGuest",0,"Green",1011,2053,2053,-310.0585938,"false","BioR1132",2026-06-27 16:00:00,178,15.0166666666667,6,0,27,16,0,6,2026,2026-06-27 16:00:00,2554.6875003
"396464","BiosphereDendrometer_",14,"2026-06-27 23:21:21","2026-06-27T16:21:21",15908,4.171728611,4142.724609,29.89999962,93.62999725,0.268709749,"UAGuest",0,"Green",1010,2065,2064,-304.1992188,"false","BioR1132",2026-06-27 16:15:00,178,15.0166666666667,21,15,27,16,0,6,2026,2026-06-27 16:15:00,2560.5468753
"396474","BiosphereDendrometer_",14,"2026-06-27 23:36:22","2026-06-27T16:36:22",15909,4.168505669,4139.501953,30.22999954,95.23999786,0.204628959,"UAGuest",0,"Green",1010,2080,2079,-296.875,"false","BioR1132",2026-06-27 16:30:00,178,15.0166666666667,36,30,27,16,0,6,2026,2026-06-27 16:30:00,2567.8710941
"396484","BiosphereDendrometer_",14,"2026-06-27 23:51:23","2026-06-27T16:51:23",15910,4.170117378,4137.890625,31.07999992,93.66000366,0.286100417,"UAGuest",0,"Green",1013,2095,2095,-289.5507813,"false","BioR1132",2026-06-27 16:45:00,178,15.0166666666667,51,45,27,16,0,6,2026,2026-06-27 16:45:00,2575.1953128
"396494","BiosphereDendrometer_",14,"2026-06-28 0:6:24","2026-06-27T17:6:24",15911,4.168505669,4139.501953,31.31999969,92.73000336,0.332574159,"UAGuest",0,"Green",1010,2111,2111,-281.7382813,"false","BioR1132",2026-06-27 17:00:00,178,15.0166666666667,6,0,27,17,0,6,2026,2026-06-27 17:00:00,2583.0078128
"396504","BiosphereDendrometer_",14,"2026-06-28 0:21:25","2026-06-27T17:21:25",15912,4.171728611,4136.279297,31.37000084,92.5,0.344071418,"UAGuest",0,"Green",1010,2126,2125,-274.4140625,"false","BioR1132",2026-06-27 17:15:00,178,15.0166666666667,21,15,27,17,0,6,2026,2026-06-27 17:15:00,2590.3320316
"396517","BiosphereDendrometer_",14,"2026-06-28 0:36:26","2026-06-27T17:36:26",15913,4.165283203,4136.279297,31.48999977,92.98999786,0.323789567,"UAGuest",0,"Green",1010,2140,2140,-267.578125,"false","BioR1132",2026-06-27 17:30:00,178,15.0166666666667,36,30,27,17,0,6,2026,2026-06-27 17:30:00,2597.1679691
"396524","BiosphereDendrometer_",14,"2026-06-28 0:51:27","2026-06-27T17:51:27",15914,4.171728611,4141.113281,31.59000015,91.73000336,0.38416034,"UAGuest",0,"Green",1010,2154,2153,-260.7421875,"false","BioR1132",2026-06-27 17:45:00,178,15.0166666666667,51,45,27,17,0,6,2026,2026-06-27 17:45:00,2604.0039066
"396534","BiosphereDendrometer_",14,"2026-06-28 1:6:28","2026-06-27T18:6:28",15915,4.165283203,4137.890625,31.62999916,91.40000153,0.400396198,"UAGuest",0,"Green",1012,2167,2167,-254.3945313,"false","BioR1132",2026-06-27 18:00:00,178,15.0166666666667,6,0,27,18,0,6,2026,2026-06-27 18:00:00,2610.3515628
"396544","BiosphereDendrometer_",14,"2026-06-28 1:21:29","2026-06-27T18:21:29",15916,4.16367197,4139.501953,31.59000015,90.81999969,0.426432014,"UAGuest",0,"Green",1012,2180,2180,-248.046875,"false","BioR1132",2026-06-27 18:15:00,178,15.0166666666667,21,15,27,18,0,6,2026,2026-06-27 18:15:00,2616.6992191
"396554","BiosphereDendrometer_",14,"2026-06-28 1:36:30","2026-06-27T18:36:30",15917,4.165283203,4139.501953,31.53000069,89.65000153,0.479148775,"UAGuest",0,"Green",1012,2194,2192,-241.2109375,"false","BioR1132",2026-06-27 18:30:00,178,15.0166666666667,36,30,27,18,0,6,2026,2026-06-27 18:30:00,2623.5351566
"396564","BiosphereDendrometer_",14,"2026-06-28 1:51:31","2026-06-27T18:51:31",15918,4.170117378,4139.501953,31.29999924,89.02999878,0.501265347,"UAGuest",0,"Green",1010,2204,2203,-236.328125,"false","BioR1132",2026-06-27 18:45:00,178,15.0166666666667,51,45,27,18,0,6,2026,2026-06-27 18:45:00,2628.4179691
"396574","BiosphereDendrometer_",14,"2026-06-28 2:6:32","2026-06-27T19:6:32",15919,4.166894436,4133.056641,31.48999977,88.75,0.51963377,"UAGuest",0,"Green",1011,2214,2214,-231.4453125,"false","BioR1132",2026-06-27 19:00:00,178,15.0166666666667,6,0,27,19,0,6,2026,2026-06-27 19:00:00,2633.3007816
"396584","BiosphereDendrometer_",14,"2026-06-28 2:21:33","2026-06-27T19:21:33",15920,4.165283203,4133.056641,31.67000008,87.19999695,0.597290933,"UAGuest",0,"Green",1013,2223,2223,-227.0507813,"false","BioR1132",2026-06-27 19:15:00,178,15.0166666666667,21,15,27,19,0,6,2026,2026-06-27 19:15:00,2637.6953128
"396594","BiosphereDendrometer_",14,"2026-06-28 2:36:46","2026-06-27T19:36:46",15921,4.166894436,4137.890625,31.70000076,86.19000244,0.645516634,"null",-100,"Green",1011,2230,2230,-223.6328125,"false","BioR1132",2026-06-27 19:30:00,178,15.2166666666667,36,30,27,19,0,6,2026,2026-06-27 19:30:00,2641.1132816
"396604","BiosphereDendrometer_",14,"2026-06-28 2:52:37","2026-06-27T19:52:37",15922,4.170117378,4139.501953,31.62000084,85.37999725,0.680288315,"UAGuest",0,"Green",1011,2236,2236,-220.703125,"false","BioR1132",2026-06-27 19:45:00,178,15.85,52,45,27,19,0,6,2026,2026-06-27 19:45:00,2644.0429691
"396617","BiosphereDendrometer_",14,"2026-06-28 3:7:38","2026-06-27T20:7:38",15923,4.166894436,4133.056641,31.48999977,84.52999878,0.71455425,"UAGuest",0,"Green",1010,2242,2240,-217.7734375,"false","BioR1132",2026-06-27 20:00:00,178,15.0166666666667,7,0,27,20,0,6,2026,2026-06-27 20:00:00,2646.9726566
"396624","BiosphereDendrometer_",14,"2026-06-28 3:22:39","2026-06-27T20:22:39",15924,4.165283203,4131.445313,30.69000053,72.30999756,1.22208631,"UAGuest",0,"Green",1011,2246,2245,-215.8203125,"false","BioR1132",2026-06-27 20:15:00,178,15.0166666666667,22,15,27,20,0,6,2026,2026-06-27 20:15:00,2648.9257816
"396634","BiosphereDendrometer_",14,"2026-06-28 3:37:40","2026-06-27T20:37:40",15925,4.166894436,4129.833984,26.56999969,73.66999817,0.91524446,"UAGuest",0,"Green",1013,2244,2243,-216.796875,"false","BioR1132",2026-06-27 20:30:00,178,15.0166666666667,37,30,27,20,0,6,2026,2026-06-27 20:30:00,2647.9492191
"396644","BiosphereDendrometer_",14,"2026-06-28 3:52:41","2026-06-27T20:52:41",15926,4.162060738,4136.279297,25.37000084,75.48999786,0.793626606,"UAGuest",0,"Green",1012,2243,2242,-217.2851563,"false","BioR1132",2026-06-27 20:45:00,178,15.0166666666667,52,45,27,20,0,6,2026,2026-06-27 20:45:00,2647.4609378
"396654","BiosphereDendrometer_",14,"2026-06-28 4:7:42","2026-06-27T21:7:42",15927,4.16367197,4133.056641,24.76000023,76.40000153,0.73690784,"UAGuest",0,"Green",1012,2243,2242,-217.2851563,"false","BioR1132",2026-06-27 21:00:00,178,15.0166666666667,7,0,27,21,0,6,2026,2026-06-27 21:00:00,2647.4609378
"396664","BiosphereDendrometer_",14,"2026-06-28 4:22:43","2026-06-27T21:22:43",15928,4.168505669,4137.890625,24.38999939,76.59999847,0.714685261,"UAGuest",0,"Green",1013,2245,2244,-216.3085938,"false","BioR1132",2026-06-27 21:15:00,178,15.0166666666667,22,15,27,21,0,6,2026,2026-06-27 21:15:00,2648.4375003
"396674","BiosphereDendrometer_",14,"2026-06-28 4:37:44","2026-06-27T21:37:44",15929,4.16367197,4133.056641,24.06999969,76.86000061,0.693323195,"UAGuest",0,"Green",1009,2245,2245,-216.3085938,"false","BioR1132",2026-06-27 21:30:00,178,15.0166666666667,37,30,27,21,0,6,2026,2026-06-27 21:30:00,2648.4375003
"396684","BiosphereDendrometer_",14,"2026-06-28 4:52:45","2026-06-27T21:52:45",15930,4.16367197,4131.445313,24.37000084,83.5,0.503341973,"UAGuest",0,"Green",1011,2246,2247,-215.8203125,"false","BioR1132",2026-06-27 21:45:00,178,15.0166666666667,52,45,27,21,0,6,2026,2026-06-27 21:45:00,2648.9257816
"396694","BiosphereDendrometer_",14,"2026-06-28 5:7:46","2026-06-27T22:7:46",15931,4.16367197,4129.833984,25.26000023,83.58999634,0.527889371,"UAGuest",0,"Green",1015,2252,2252,-212.890625,"false","BioR1132",2026-06-27 22:00:00,178,15.0166666666667,7,0,27,22,0,6,2026,2026-06-27 22:00:00,2651.8554691
"396704","BiosphereDendrometer_",14,"2026-06-28 5:22:47","2026-06-27T22:22:47",15932,4.16367197,4137.890625,25.75,83.40000153,0.549754739,"UAGuest",0,"Green",1012,2255,2255,-211.4257813,"false","BioR1132",2026-06-27 22:15:00,178,15.0166666666667,22,15,27,22,0,6,2026,2026-06-27 22:15:00,2653.3203128
"396717","BiosphereDendrometer_",14,"2026-06-28 5:37:48","2026-06-27T22:37:48",15933,4.166894436,4129.833984,25.86000061,83.77999878,0.540679514,"UAGuest",0,"Green",1010,2260,2259,-208.984375,"false","BioR1132",2026-06-27 22:30:00,178,15.0166666666667,37,30,27,22,0,6,2026,2026-06-27 22:30:00,2655.7617191
"396724","BiosphereDendrometer_",14,"2026-06-28 5:52:49","2026-06-27T22:52:49",15934,4.162060738,4131.445313,25.85000038,83.87999725,0.537028253,"UAGuest",0,"Green",1012,2263,2263,-207.5195313,"false","BioR1132",2026-06-27 22:45:00,178,15.0166666666667,52,45,27,22,0,6,2026,2026-06-27 22:45:00,2657.2265628
"396734","BiosphereDendrometer_",14,"2026-06-28 6:7:50","2026-06-27T23:7:50",15935,4.16367197,4133.056641,25.84000015,84.38999939,0.519730151,"UAGuest",0,"Green",1010,2265,2266,-206.5429688,"false","BioR1132",2026-06-27 23:00:00,178,15.0166666666667,7,0,27,23,0,6,2026,2026-06-27 23:00:00,2658.2031253
"396744","BiosphereDendrometer_",14,"2026-06-28 6:22:51","2026-06-27T23:22:51",15936,4.162060738,4129.833984,25.80999947,84.69000244,0.508837104,"UAGuest",0,"Green",1013,2269,2268,-204.5898438,"false","BioR1132",2026-06-27 23:15:00,178,15.0166666666667,22,15,27,23,0,6,2026,2026-06-27 23:15:00,2660.1562503
"396754","BiosphereDendrometer_",14,"2026-06-28 6:38:4","2026-06-27T23:38:4",15937,4.160449028,4128.222656,25.79999924,84.75,0.5065431,"null",-100,"Green",1014,2271,2271,-203.6132813,"false","BioR1132",2026-06-27 23:45:00,178,15.2166666666667,38,45,27,23,0,6,2026,2026-06-27 23:45:00,2661.1328128
"396764","BiosphereDendrometer_",14,"2026-06-28 6:53:55","2026-06-27T23:53:55",15938,4.162060738,4129.833984,25.75,84.52999878,0.512331784,"UAGuest",0,"Green",1010,2275,2273,-201.6601563,"false","BioR1132",2026-06-28,178,15.85,53,0,28,0,0,6,2026,2026-06-28,2663.0859378
"396774","BiosphereDendrometer_",14,"2026-06-28 7:8:56","2026-06-28T0:8:56",15939,4.16367197,4128.222656,25.88999939,90.95999908,0.301875681,"UAGuest",0,"Green",1011,2280,2279,-199.21875,"false","BioR1132",2026-06-28 00:15:00,179,15.0166666666667,8,15,28,0,0,6,2026,2026-06-28 00:15:00,2665.5273441
"396784","BiosphereDendrometer_",14,"2026-06-28 7:23:57","2026-06-28T0:23:57",15940,4.162060738,4131.445313,26.45999908,90.72000122,0.32049492,"UAGuest",0,"Green",1012,2289,2289,-194.8242188,"false","BioR1132",2026-06-28 00:30:00,179,15.0166666666667,23,30,28,0,0,6,2026,2026-06-28 00:30:00,2669.9218753
"396794","BiosphereDendrometer_",14,"2026-06-28 7:38:58","2026-06-28T0:38:58",15941,4.160449028,4129.833984,26.61000061,94.04000092,0.207660928,"UAGuest",0,"Green",1009,2277,2277,-200.6835938,"false","BioR1132",2026-06-28 00:45:00,179,15.0166666666667,38,45,28,0,0,6,2026,2026-06-28 00:45:00,2664.0625003
"396804","BiosphereDendrometer_",14,"2026-06-28 7:53:59","2026-06-28T0:53:59",15942,4.160449028,4129.833984,26.64999962,95.15000153,0.169383958,"UAGuest",0,"Green",1013,2289,2288,-194.8242188,"false","BioR1132",2026-06-28 01:00:00,179,15.0166666666667,53,0,28,1,0,6,2026,2026-06-28 01:00:00,2669.9218753
"396817","BiosphereDendrometer_",14,"2026-06-28 8:9:0","2026-06-28T1:9:0",15943,4.162060738,4126.611328,26.96999931,93.44000244,0.233452693,"UAGuest",0,"Green",1011,2299,2299,-189.9414063,"false","BioR1132",2026-06-28 01:15:00,179,15.0166666666667,9,15,28,1,0,6,2026,2026-06-28 01:15:00,2674.8046878
"396824","BiosphereDendrometer_",14,"2026-06-28 8:24:1","2026-06-28T1:24:1",15944,4.162060738,4126.611328,27.13999939,92.34999847,0.274970472,"UAGuest",0,"Green",1013,2309,2309,-185.0585938,"false","BioR1132",2026-06-28 01:30:00,179,15.0166666666667,24,30,28,1,0,6,2026,2026-06-28 01:30:00,2679.6875003
"396834","BiosphereDendrometer_",14,"2026-06-28 8:39:2","2026-06-28T1:39:2",15945,4.165283203,4125,26.85000038,94.75,0.185521886,"UAGuest",0,"Green",1011,2320,2318,-179.6875,"false","BioR1132",2026-06-28 01:45:00,179,15.0166666666667,39,45,28,1,0,6,2026,2026-06-28 01:45:00,2685.0585941
"396844","BiosphereDendrometer_",14,"2026-06-28 8:54:3","2026-06-28T1:54:3",15946,4.160449028,4128.222656,26.95000076,94,0.213273451,"UAGuest",0,"Green",1014,2328,2327,-175.78125,"false","BioR1132",2026-06-28 02:00:00,179,15.0166666666667,54,0,28,2,0,6,2026,2026-06-28 02:00:00,2688.9648441
"396854","BiosphereDendrometer_",14,"2026-06-28 9:9:4","2026-06-28T2:9:4",15947,4.158837795,4131.445313,26.82999992,95.26999664,0.166950271,"UAGuest",0,"Green",1012,2336,2336,-171.875,"false","BioR1132",2026-06-28 02:15:00,179,15.0166666666667,9,15,28,2,0,6,2026,2026-06-28 02:15:00,2692.8710941
"396864","BiosphereDendrometer_",14,"2026-06-28 9:24:5","2026-06-28T2:24:5",15948,4.16367197,4123.388672,26.77000046,96.05999756,0.138577044,"UAGuest",0,"Green",1010,2344,2344,-167.96875,"false","BioR1132",2026-06-28 02:30:00,179,15.0166666666667,24,30,28,2,0,6,2026,2026-06-28 02:30:00,2696.7773441
"396874","BiosphereDendrometer_",14,"2026-06-28 9:39:6","2026-06-28T2:39:6",15949,4.162060738,4131.445313,26.92000008,96.05999756,0.139803305,"UAGuest",0,"Green",1012,2352,2351,-164.0625,"false","BioR1132",2026-06-28 02:45:00,179,15.0166666666667,39,45,28,2,0,6,2026,2026-06-28 02:45:00,2700.6835941
"396884","BiosphereDendrometer_",14,"2026-06-28 9:54:7","2026-06-28T2:54:7",15950,4.160449028,4128.222656,27.20999908,94.09999847,0.212940291,"UAGuest",0,"Green",1010,2359,2358,-160.6445313,"false","BioR1132",2026-06-28 03:00:00,179,15.0166666666667,54,0,28,3,0,6,2026,2026-06-28 03:00:00,2704.1015628
"396894","BiosphereDendrometer_",14,"2026-06-28 10:9:8","2026-06-28T3:9:8",15951,4.160449028,4126.611328,27.35000038,92.26000214,0.281647533,"UAGuest",0,"Green",1011,2364,2364,-158.203125,"false","BioR1132",2026-06-28 03:15:00,179,15.0166666666667,9,15,28,3,0,6,2026,2026-06-28 03:15:00,2706.5429691
"396904","BiosphereDendrometer_",14,"2026-06-28 10:24:9","2026-06-28T3:24:9",15952,4.160449028,4126.611328,27.38999939,91.68000031,0.303462207,"UAGuest",0,"Green",1011,2368,2369,-156.25,"false","BioR1132",2026-06-28 03:30:00,179,15.0166666666667,24,30,28,3,0,6,2026,2026-06-28 03:30:00,2708.4960941
"396917","BiosphereDendrometer_",14,"2026-06-28 10:39:22","2026-06-28T3:39:22",15953,4.15561533,4125,26.85000038,91.36000061,0.305315852,"null",-100,"Green",1011,2374,2373,-153.3203125,"false","BioR1132",2026-06-28 03:45:00,179,15.2166666666667,39,45,28,3,0,6,2026,2026-06-28 03:45:00,2711.4257816
"396924","BiosphereDendrometer_",14,"2026-06-28 10:55:13","2026-06-28T3:55:13",15954,4.162060738,4131.445313,26.28000069,90.48999786,0.324972153,"UAGuest",0,"Green",1011,2375,2374,-152.8320313,"false","BioR1132",2026-06-28 04:00:00,179,15.85,55,0,28,4,0,6,2026,2026-06-28 04:00:00,2711.9140628
"396934","BiosphereDendrometer_",14,"2026-06-28 11:10:14","2026-06-28T4:10:14",15955,4.160449028,4125,25.85000038,89.81999969,0.339140654,"UAGuest",0,"Green",1013,2377,2375,-151.8554688,"false","BioR1132",2026-06-28 04:15:00,179,15.0166666666667,10,15,28,4,0,6,2026,2026-06-28 04:15:00,2712.8906253
"396944","BiosphereDendrometer_",14,"2026-06-28 11:25:15","2026-06-28T4:25:15",15956,4.15561533,4125,25.46999931,89.23000336,0.350805998,"UAGuest",0,"Green",1014,2375,2375,-152.8320313,"false","BioR1132",2026-06-28 04:30:00,179,15.0166666666667,25,30,28,4,0,6,2026,2026-06-28 04:30:00,2711.9140628
"396954","BiosphereDendrometer_",14,"2026-06-28 11:40:16","2026-06-28T4:40:16",15957,4.162060738,4126.611328,25.17000008,88.84999847,0.356767148,"UAGuest",0,"Green",1011,2375,2374,-152.8320313,"false","BioR1132",2026-06-28 04:45:00,179,15.0166666666667,40,45,28,4,0,6,2026,2026-06-28 04:45:00,2711.9140628
"396964","BiosphereDendrometer_",14,"2026-06-28 11:55:17","2026-06-28T4:55:17",15958,4.160449028,4123.388672,24.95000076,88.41999817,0.365704417,"UAGuest",0,"Green",1013,2373,2373,-153.8085938,"false","BioR1132",2026-06-28 05:00:00,179,15.0166666666667,55,0,28,5,0,6,2026,2026-06-28 05:00:00,2710.9375003
"396974","BiosphereDendrometer_",14,"2026-06-28 12:10:18","2026-06-28T5:10:18",15959,4.158837795,4125,24.72999954,88.33000183,0.363742858,"UAGuest",0,"Green",1011,2372,2371,-154.296875,"false","BioR1132",2026-06-28 05:15:00,179,15.0166666666667,10,15,28,5,0,6,2026,2026-06-28 05:15:00,2710.4492191
"396984","BiosphereDendrometer_",14,"2026-06-28 12:25:19","2026-06-28T5:25:19",15960,4.160449028,4128.222656,24.63999939,88.23000336,0.364893645,"UAGuest",0,"Green",1011,2371,2369,-154.7851563,"false","BioR1132",2026-06-28 05:30:00,179,15.0166666666667,25,30,28,5,0,6,2026,2026-06-28 05:30:00,2709.9609378
"396994","BiosphereDendrometer_",14,"2026-06-28 12:40:20","2026-06-28T5:40:20",15961,4.157226563,4126.611328,24.62000084,87.77999878,0.378392369,"UAGuest",0,"Green",1013,2367,2367,-156.7382813,"false","BioR1132",2026-06-28 05:45:00,179,15.0166666666667,40,45,28,5,0,6,2026,2026-06-28 05:45:00,2708.0078128
"397004","BiosphereDendrometer_",14,"2026-06-28 12:55:21","2026-06-28T5:55:21",15962,4.15561533,4121.777344,24.78000069,87.66000366,0.385775417,"UAGuest",0,"Green",1010,2364,2364,-158.203125,"false","BioR1132",2026-06-28 06:00:00,179,15.0166666666667,55,0,28,6,0,6,2026,2026-06-28 06:00:00,2706.5429691
"397017","BiosphereDendrometer_",14,"2026-06-28 13:10:22","2026-06-28T6:10:22",15963,4.157226563,4128.222656,25.02000046,86.66000366,0.423046619,"UAGuest",0,"Green",1012,2359,2358,-160.6445313,"false","BioR1132",2026-06-28 06:15:00,179,15.0166666666667,10,15,28,6,0,6,2026,2026-06-28 06:15:00,2704.1015628
"397024","BiosphereDendrometer_",14,"2026-06-28 13:25:23","2026-06-28T6:25:23",15964,4.157226563,4120.166016,25.28000069,86.55999756,0.432862341,"UAGuest",0,"Green",1009,2350,2350,-165.0390625,"false","BioR1132",2026-06-28 06:30:00,179,15.0166666666667,25,30,28,6,0,6,2026,2026-06-28 06:30:00,2699.7070316
"397034","BiosphereDendrometer_",14,"2026-06-28 13:40:24","2026-06-28T6:40:24",15965,4.15561533,4123.388672,25.54999924,86.54000092,0.440512061,"UAGuest",0,"Green",1011,2343,2342,-168.4570313,"false","BioR1132",2026-06-28 06:45:00,179,15.0166666666667,40,45,28,6,0,6,2026,2026-06-28 06:45:00,2696.2890628
"397044","BiosphereDendrometer_",14,"2026-06-28 13:55:25","2026-06-28T6:55:25",15966,4.154004097,4126.611328,25.88999939,86.52999878,0.44980824,"UAGuest",0,"Green",1013,2337,2336,-171.3867188,"false","BioR1132",2026-06-28 07:00:00,179,15.0166666666667,55,0,28,7,0,6,2026,2026-06-28 07:00:00,2693.3593753
"397054","BiosphereDendrometer_",14,"2026-06-28 14:10:26","2026-06-28T7:10:26",15967,4.158837795,4126.611328,26.21999931,86.83999634,0.448109299,"UAGuest",0,"Green",1014,2330,2329,-174.8046875,"false","BioR1132",2026-06-28 07:15:00,179,15.0166666666667,10,15,28,7,0,6,2026,2026-06-28 07:15:00,2689.9414066
"397064","BiosphereDendrometer_",14,"2026-06-28 14:25:27","2026-06-28T7:25:27",15968,4.15561533,4120.166016,26.54000092,86.90000153,0.454559356,"UAGuest",0,"Green",1011,2323,2322,-178.2226563,"false","BioR1132",2026-06-28 07:30:00,179,15.0166666666667,25,30,28,7,0,6,2026,2026-06-28 07:30:00,2686.5234378
"397074","BiosphereDendrometer_",14,"2026-06-28 14:40:32","2026-06-28T7:40:32",15969,4.136279106,4105.664063,26.87999916,87.30999756,0.449223578,"UAGuest",-71,"Green",1013,2315,2316,-182.1289063,"false","BioR1132",2026-06-28 07:45:00,179,15.0833333333333,40,45,28,7,0,6,2026,2026-06-28 07:45:00,2682.6171878
"397084","BiosphereDendrometer_",14,"2026-06-28 14:55:43","2026-06-28T7:55:43",15970,4.162060738,4128.222656,27.19000053,87.38999939,0.454581857,"UAGuest",0,"Green",1009,2309,2308,-185.0585938,"false","BioR1132",2026-06-28 08:00:00,179,15.1833333333333,55,0,28,8,0,6,2026,2026-06-28 08:00:00,2679.6875003
"397094","BiosphereDendrometer_",14,"2026-06-28 15:10:44","2026-06-28T8:10:44",15971,4.158837795,4126.611328,26.77000046,90.06999969,0.349256098,"UAGuest",0,"Green",1010,2303,2303,-187.9882813,"false","BioR1132",2026-06-28 08:15:00,179,15.0166666666667,10,15,28,8,0,6,2026,2026-06-28 08:15:00,2676.7578128
"397107","BiosphereDendrometer_",14,"2026-06-28 15:25:45","2026-06-28T8:25:45",15972,4.15561533,4125,26.68000031,91.81999969,0.286187083,"UAGuest",0,"Green",1013,2300,2299,-189.453125,"false","BioR1132",2026-06-28 08:30:00,179,15.0166666666667,25,30,28,8,0,6,2026,2026-06-28 08:30:00,2675.2929691
"397117","BiosphereDendrometer_",14,"2026-06-28 15:40:46","2026-06-28T8:40:46",15973,4.158837795,4121.777344,26.80999947,92.65000153,0.259120941,"UAGuest",0,"Green",1012,2294,2295,-192.3828125,"false","BioR1132",2026-06-28 08:45:00,179,15.0166666666667,40,45,28,8,0,6,2026,2026-06-28 08:45:00,2672.3632816
"397124","BiosphereDendrometer_",14,"2026-06-28 15:55:47","2026-06-28T8:55:47",15974,4.154004097,4126.611328,26.96999931,92.90000153,0.252669841,"UAGuest",0,"Green",1013,2290,2289,-194.3359375,"false","BioR1132",2026-06-28 09:00:00,179,15.0166666666667,55,0,28,9,0,6,2026,2026-06-28 09:00:00,2670.4101566
"397134","BiosphereDendrometer_",14,"2026-06-28 16:10:48","2026-06-28T9:10:48",15975,4.154004097,4121.777344,26.18000031,90.98000336,0.306414247,"UAGuest",0,"Green",1009,2281,2282,-198.7304688,"false","BioR1132",2026-06-28 09:15:00,179,15.0166666666667,10,15,28,9,0,6,2026,2026-06-28 09:15:00,2666.0156253
"397144","BiosphereDendrometer_",14,"2026-06-28 16:25:49","2026-06-28T9:25:49",15976,4.158837795,4128.222656,25.88999939,91.77999878,0.274493188,"UAGuest",0,"Green",1011,2275,2275,-201.6601563,"false","BioR1132",2026-06-28 09:30:00,179,15.0166666666667,25,30,28,9,0,6,2026,2026-06-28 09:30:00,2663.0859378
"397154","BiosphereDendrometer_",14,"2026-06-28 16:40:50","2026-06-28T9:40:50",15977,4.157226563,4123.388672,25.90999985,92.79000092,0.241050944,"UAGuest",0,"Green",1012,2268,2268,-205.078125,"false","BioR1132",2026-06-28 09:45:00,179,15.0166666666667,40,45,28,9,0,6,2026,2026-06-28 09:45:00,2659.6679691
"397164","BiosphereDendrometer_",14,"2026-06-28 16:55:51","2026-06-28T9:55:51",15978,4.154004097,4125,26.04999924,93.11000061,0.232266948,"UAGuest",0,"Green",1013,2262,2261,-208.0078125,"false","BioR1132",2026-06-28 10:00:00,179,15.0166666666667,55,0,28,10,0,6,2026,2026-06-28 10:00:00,2656.7382816
"397174","BiosphereDendrometer_",14,"2026-06-28 17:10:52","2026-06-28T10:10:52",15979,4.154004097,4123.388672,26.12999916,93.23000336,0.229302645,"UAGuest",0,"Green",1010,2256,2255,-210.9375,"false","BioR1132",2026-06-28 10:15:00,179,15.0166666666667,10,15,28,10,0,6,2026,2026-06-28 10:15:00,2653.8085941
"397184","BiosphereDendrometer_",14,"2026-06-28 17:25:53","2026-06-28T10:25:53",15980,4.157226563,4125,26.29000092,93.48000336,0.222930253,"UAGuest",0,"Green",1012,2248,2248,-214.84375,"false","BioR1132",2026-06-28 10:30:00,179,15.0166666666667,25,30,28,10,0,6,2026,2026-06-28 10:30:00,2649.9023441
"397194","BiosphereDendrometer_",14,"2026-06-28 17:40:54","2026-06-28T10:40:54",15981,4.15561533,4123.388672,26.37000084,93.61000061,0.219518438,"UAGuest",0,"Green",1012,2242,2240,-217.7734375,"false","BioR1132",2026-06-28 10:45:00,179,15.0166666666667,40,45,28,10,0,6,2026,2026-06-28 10:45:00,2646.9726566
"397204","BiosphereDendrometer_",14,"2026-06-28 17:55:55","2026-06-28T10:55:55",15982,4.152392387,4116.943359,26.5,94.01999664,0.20701313,"UAGuest",0,"Green",1011,2233,2233,-222.1679688,"false","BioR1132",2026-06-28 11:00:00,179,15.0166666666667,55,0,28,11,0,6,2026,2026-06-28 11:00:00,2642.5781253
"397217","BiosphereDendrometer_",14,"2026-06-28 18:10:56","2026-06-28T11:10:56",15983,4.157226563,4118.554688,26.68000031,93.81999969,0.216214746,"UAGuest",0,"Green",1012,2225,2225,-226.0742188,"false","BioR1132",2026-06-28 11:15:00,179,15.0166666666667,10,15,28,11,0,6,2026,2026-06-28 11:15:00,2638.6718753
"397224","BiosphereDendrometer_",14,"2026-06-28 18:25:57","2026-06-28T11:25:57",15984,4.154004097,4120.166016,26.77000046,93.86000061,0.215954855,"UAGuest",0,"Green",1011,2216,2216,-230.46875,"false","BioR1132",2026-06-28 11:30:00,179,15.0166666666667,25,30,28,11,0,6,2026,2026-06-28 11:30:00,2634.2773441
"397234","BiosphereDendrometer_",14,"2026-06-28 18:41:9","2026-06-28T11:41:9",15985,4.134667873,4099.21875,26.84000015,94.06999969,0.20942834,"UAGuest",-72,"Green",1010,2207,2206,-234.8632813,"false","BioR1132",2026-06-28 11:45:00,179,15.2,41,45,28,11,0,6,2026,2026-06-28 11:45:00,2629.8828128
"397244","BiosphereDendrometer_",14,"2026-06-28 18:56:20","2026-06-28T11:56:20",15986,4.15561533,4125,26.97999954,93.83999634,0.219346628,"UAGuest",0,"Green",1013,2197,2197,-239.7460938,"false","BioR1132",2026-06-28 12:00:00,179,15.1833333333333,56,0,28,12,0,6,2026,2026-06-28 12:00:00,2625.0000003
"397254","BiosphereDendrometer_",14,"2026-06-28 19:11:21","2026-06-28T12:11:21",15987,4.15561533,4125,27.02000046,94.12999725,0.20951131,"UAGuest",0,"Green",1014,2185,2185,-245.6054688,"false","BioR1132",2026-06-28 12:15:00,179,15.0166666666667,11,15,28,12,0,6,2026,2026-06-28 12:15:00,2619.1406253
"397264","BiosphereDendrometer_",14,"2026-06-28 19:26:22","2026-06-28T12:26:22",15988,4.152392387,4121.777344,27.13999939,94.18000031,0.20919323,"UAGuest",0,"Green",1012,2171,2171,-252.4414063,"false","BioR1132",2026-06-28 12:30:00,179,15.0166666666667,26,30,28,12,0,6,2026,2026-06-28 12:30:00,2612.3046878
"397274","BiosphereDendrometer_",14,"2026-06-28 19:41:23","2026-06-28T12:41:23",15989,4.152392387,4121.777344,27.30999947,93.84999847,0.223266587,"UAGuest",0,"Green",1013,2154,2153,-260.7421875,"false","BioR1132",2026-06-28 12:45:00,179,15.0166666666667,41,45,28,12,0,6,2026,2026-06-28 12:45:00,2604.0039066
"397284","BiosphereDendrometer_",14,"2026-06-28 19:56:24","2026-06-28T12:56:24",15990,4.150781155,4118.554688,27.31999969,94.08999634,0.21467942,"UAGuest",0,"Green",1013,2137,2137,-269.0429688,"false","BioR1132",2026-06-28 13:00:00,179,15.0166666666667,56,0,28,13,0,6,2026,2026-06-28 13:00:00,2595.7031253
"397294","BiosphereDendrometer_",14,"2026-06-28 20:11:25","2026-06-28T13:11:25",15991,4.154004097,4121.777344,27.36000061,94.09999847,0.214818344,"UAGuest",0,"Green",1012,2123,2122,-275.8789063,"false","BioR1132",2026-06-28 13:15:00,179,15.0166666666667,11,15,28,13,0,6,2026,2026-06-28 13:15:00,2588.8671878
"397304","BiosphereDendrometer_",14,"2026-06-28 20:26:26","2026-06-28T13:26:26",15992,4.15561533,4121.777344,27.54000092,94.44000244,0.20458059,"UAGuest",0,"Green",1013,2112,2112,-281.25,"false","BioR1132",2026-06-28 13:30:00,179,15.0166666666667,26,30,28,13,0,6,2026,2026-06-28 13:30:00,2583.4960941
"397317","BiosphereDendrometer_",14,"2026-06-28 20:41:27","2026-06-28T13:41:27",15993,4.15561533,4120.166016,27.67000008,94.75,0.194646269,"UAGuest",0,"Green",1011,2106,2107,-284.1796875,"false","BioR1132",2026-06-28 13:45:00,179,15.0166666666667,41,45,28,13,0,6,2026,2026-06-28 13:45:00,2580.5664066
"397324","BiosphereDendrometer_",14,"2026-06-28 20:56:28","2026-06-28T13:56:28",15994,4.152392387,4120.166016,27.77000046,94.5,0.205108389,"UAGuest",0,"Green",1010,2104,2104,-285.15625,"false","BioR1132",2026-06-28 14:00:00,179,15.0166666666667,56,0,28,14,0,6,2026,2026-06-28 14:00:00,2579.5898441
"397334","BiosphereDendrometer_",14,"2026-06-28 21:11:29","2026-06-28T14:11:29",15995,4.149169922,4120.166016,27.79999924,94.22000122,0.21592766,"UAGuest",0,"Green",1013,2105,2104,-284.6679688,"false","BioR1132",2026-06-28 14:15:00,179,15.0166666666667,11,15,28,14,0,6,2026,2026-06-28 14:15:00,2580.0781253
"397344","BiosphereDendrometer_",14,"2026-06-28 21:26:30","2026-06-28T14:26:30",15996,4.15561533,4121.777344,27.79000092,94.26999664,0.213935152,"UAGuest",0,"Green",1012,2106,2106,-284.1796875,"false","BioR1132",2026-06-28 14:30:00,179,15.0166666666667,26,30,28,14,0,6,2026,2026-06-28 14:30:00,2580.5664066
"397354","BiosphereDendrometer_",14,"2026-06-28 21:41:31","2026-06-28T14:41:31",15997,4.15561533,4123.388672,27.79999924,94.83000183,0.193139449,"UAGuest",0,"Green",1013,2112,2111,-281.25,"false","BioR1132",2026-06-28 14:45:00,179,15.0166666666667,41,45,28,14,0,6,2026,2026-06-28 14:45:00,2583.4960941
"397364","BiosphereDendrometer_",14,"2026-06-28 21:56:32","2026-06-28T14:56:32",15998,4.154004097,4120.166016,27.77000046,94.68000031,0.198395759,"UAGuest",0,"Green",1012,2117,2116,-278.8085938,"false","BioR1132",2026-06-28 15:00:00,179,15.0166666666667,56,0,28,15,0,6,2026,2026-06-28 15:00:00,2585.9375003
"397374","BiosphereDendrometer_",14,"2026-06-28 22:11:33","2026-06-28T15:11:33",15999,4.150781155,4121.777344,28.29000092,94.16999817,0.224096611,"UAGuest",0,"Green",1012,2127,2126,-273.9257813,"false","BioR1132",2026-06-28 15:15:00,179,15.0166666666667,11,15,28,15,0,6,2026,2026-06-28 15:15:00,2590.8203128
"397384","BiosphereDendrometer_",14,"2026-06-28 22:26:34","2026-06-28T15:26:34",16000,4.150781155,4118.554688,28.57999992,93.73000336,0.245099798,"UAGuest",0,"Green",1011,2137,2136,-269.0429688,"false","BioR1132",2026-06-28 15:30:00,179,15.0166666666667,26,30,28,15,0,6,2026,2026-06-28 15:30:00,2595.7031253
"397394","BiosphereDendrometer_",14,"2026-06-28 22:41:47","2026-06-28T15:41:47",16001,4.15561533,4115.332031,28.69000053,93.58999634,0.252175003,"null",-100,"Green",1014,2146,2146,-264.6484375,"false","BioR1132",2026-06-28 15:45:00,179,15.2166666666667,41,45,28,15,0,6,2026,2026-06-28 15:45:00,2600.0976566
"397404","BiosphereDendrometer_",14,"2026-06-28 22:57:38","2026-06-28T15:57:38",16002,4.157226563,4118.554688,28.67000008,93.83000183,0.242451981,"UAGuest",0,"Green",1009,2158,2157,-258.7890625,"false","BioR1132",2026-06-28 16:00:00,179,15.85,57,0,28,16,0,6,2026,2026-06-28 16:00:00,2605.9570316
"397417","BiosphereDendrometer_",14,"2026-06-28 23:12:39","2026-06-28T16:12:39",16003,4.154004097,4120.166016,28.62999916,93.40000153,0.258748591,"UAGuest",0,"Green",1010,2166,2167,-254.8828125,"false","BioR1132",2026-06-28 16:15:00,179,15.0166666666667,12,15,28,16,0,6,2026,2026-06-28 16:15:00,2609.8632816
"397424","BiosphereDendrometer_",14,"2026-06-28 23:27:40","2026-06-28T16:27:40",16004,4.152392387,4116.943359,28.53000069,93.33000183,0.259981394,"UAGuest",0,"Green",1010,2175,2175,-250.4882813,"false","BioR1132",2026-06-28 16:30:00,179,15.0166666666667,27,30,28,16,0,6,2026,2026-06-28 16:30:00,2614.2578128
"397434","BiosphereDendrometer_",14,"2026-06-28 23:42:41","2026-06-28T16:42:41",16005,4.15561533,4121.777344,29.38999939,95.34999847,0.190484434,"UAGuest",0,"Green",1012,2189,2188,-243.6523438,"false","BioR1132",2026-06-28 16:45:00,179,15.0166666666667,42,45,28,16,0,6,2026,2026-06-28 16:45:00,2621.0937503
"397444","BiosphereDendrometer_",14,"2026-06-28 23:57:42","2026-06-28T16:57:42",16006,4.152392387,4125,29.87999916,93.36000061,0.279777795,"UAGuest",0,"Green",1012,2200,2199,-238.28125,"false","BioR1132",2026-06-28 17:00:00,179,15.0166666666667,57,0,28,17,0,6,2026,2026-06-28 17:00:00,2626.4648441
"397454","BiosphereDendrometer_",14,"2026-06-29 0:12:43","2026-06-28T17:12:43",16007,4.152392387,4116.943359,30.17000008,94.08999634,0.253195107,"UAGuest",0,"Green",1011,2211,2211,-232.9101563,"false","BioR1132",2026-06-28 17:15:00,179,15.0166666666667,12,15,28,17,0,6,2026,2026-06-28 17:15:00,2631.8359378
"397464","BiosphereDendrometer_",14,"2026-06-29 0:27:44","2026-06-28T17:27:44",16008,4.15561533,4118.554688,30.38999939,93.62000275,0.276793987,"UAGuest",0,"Green",1010,2225,2223,-226.0742188,"false","BioR1132",2026-06-28 17:30:00,179,15.0166666666667,27,30,28,17,0,6,2026,2026-06-28 17:30:00,2638.6718753
"397474","BiosphereDendrometer_",14,"2026-06-29 0:42:45","2026-06-28T17:42:45",16009,4.152392387,4120.166016,30.62999916,93.20999908,0.298649222,"UAGuest",0,"Green",1010,2234,2234,-221.6796875,"false","BioR1132",2026-06-28 17:45:00,179,15.0166666666667,42,45,28,17,0,6,2026,2026-06-28 17:45:00,2643.0664066
"397484","BiosphereDendrometer_",14,"2026-06-29 0:57:46","2026-06-28T17:57:46",16010,4.152392387,4120.166016,30.67000008,92.70999908,0.32137394,"UAGuest",0,"Green",1010,2245,2244,-216.3085938,"false","BioR1132",2026-06-28 18:00:00,179,15.0166666666667,57,0,28,18,0,6,2026,2026-06-28 18:00:00,2648.4375003
"397494","BiosphereDendrometer_",14,"2026-06-29 1:12:47","2026-06-28T18:12:47",16011,4.152392387,4118.554688,30.68000031,92.30999756,0.339201212,"UAGuest",0,"Green",1013,2255,2255,-211.4257813,"false","BioR1132",2026-06-28 18:15:00,179,15.0166666666667,12,15,28,18,0,6,2026,2026-06-28 18:15:00,2653.3203128
"397504","BiosphereDendrometer_",14,"2026-06-29 1:27:48","2026-06-28T18:27:48",16012,4.15561533,4118.554688,30.67000008,91.77999878,0.362372249,"UAGuest",0,"Green",1013,2266,2265,-206.0546875,"false","BioR1132",2026-06-28 18:30:00,179,15.0166666666667,27,30,28,18,0,6,2026,2026-06-28 18:30:00,2658.6914066
"397517","BiosphereDendrometer_",14,"2026-06-29 1:42:49","2026-06-28T18:42:49",16013,4.150781155,4121.777344,30.60000038,91,0.395175666,"UAGuest",0,"Green",1009,2275,2275,-201.6601563,"false","BioR1132",2026-06-28 18:45:00,179,15.0166666666667,42,45,28,18,0,6,2026,2026-06-28 18:45:00,2663.0859378
"397524","BiosphereDendrometer_",14,"2026-06-29 1:57:50","2026-06-28T18:57:50",16014,4.149169922,4116.943359,30.44000053,91.16000366,0.384618163,"UAGuest",0,"Green",1011,2284,2284,-197.265625,"false","BioR1132",2026-06-28 19:00:00,179,15.0166666666667,57,0,28,19,0,6,2026,2026-06-28 19:00:00,2667.4804691
"397534","BiosphereDendrometer_",14,"2026-06-29 2:12:51","2026-06-28T19:12:51",16015,4.147558689,4113.720703,30.78000069,89.52999878,0.464467376,"UAGuest",0,"Green",1011,2291,2291,-193.8476563,"false","BioR1132",2026-06-28 19:15:00,179,15.0166666666667,12,15,28,19,0,6,2026,2026-06-28 19:15:00,2670.8984378
"397544","BiosphereDendrometer_",14,"2026-06-29 2:27:52","2026-06-28T19:27:52",16016,4.152392387,4118.554688,30.92000008,88.45999908,0.516035378,"UAGuest",0,"Green",1011,2298,2297,-190.4296875,"false","BioR1132",2026-06-28 19:30:00,179,15.0166666666667,27,30,28,19,0,6,2026,2026-06-28 19:30:00,2674.3164066
"397554","BiosphereDendrometer_",14,"2026-06-29 2:43:5","2026-06-28T19:43:5",16017,4.147558689,4120.166016,30.87999916,87.34999847,0.564383686,"null",-100,"Green",1010,2302,2301,-188.4765625,"false","BioR1132",2026-06-28 19:45:00,179,15.2166666666667,43,45,28,19,0,6,2026,2026-06-28 19:45:00,2676.2695316
"397564","BiosphereDendrometer_",14,"2026-06-29 2:58:56","2026-06-28T19:58:56",16018,4.154004097,4120.166016,30.70999908,86.72000122,0.586776078,"UAGuest",0,"Green",1012,2305,2304,-187.0117188,"false","BioR1132",2026-06-28 20:00:00,179,15.85,58,0,28,20,0,6,2026,2026-06-28 20:00:00,2677.7343753
"397574","BiosphereDendrometer_",14,"2026-06-29 3:13:57","2026-06-28T20:13:57",16019,4.149169922,4115.332031,30.53000069,86.23999786,0.601769209,"UAGuest",0,"Green",1014,2306,2307,-186.5234375,"false","BioR1132",2026-06-28 20:15:00,179,15.0166666666667,13,15,28,20,0,6,2026,2026-06-28 20:15:00,2678.2226566
"397584","BiosphereDendrometer_",14,"2026-06-29 3:28:58","2026-06-28T20:28:58",16020,4.152392387,4116.943359,30.40999985,85.44999695,0.631969094,"UAGuest",0,"Green",1010,2310,2308,-184.5703125,"false","BioR1132",2026-06-28 20:30:00,179,15.0166666666667,28,30,28,20,0,6,2026,2026-06-28 20:30:00,2680.1757816
"397594","BiosphereDendrometer_",14,"2026-06-29 3:43:59","2026-06-28T20:43:59",16021,4.154004097,4118.554688,30.34000015,84.72000122,0.661024213,"UAGuest",0,"Green",1010,2310,2310,-184.5703125,"false","BioR1132",2026-06-28 20:45:00,179,15.0166666666667,43,45,28,20,0,6,2026,2026-06-28 20:45:00,2680.1757816
"397604","BiosphereDendrometer_",14,"2026-06-29 3:59:0","2026-06-28T20:59:0",16022,4.144335747,4115.332031,30.26000023,84.16000366,0.682120025,"UAGuest",0,"Green",1012,2311,2310,-184.0820313,"false","BioR1132",2026-06-28 21:00:00,179,15.0166666666667,59,0,28,21,0,6,2026,2026-06-28 21:00:00,2680.6640628
"397617","BiosphereDendrometer_",14,"2026-06-29 4:14:1","2026-06-28T21:14:1",16023,4.145947456,4118.554688,30.12000084,83.76999664,0.693333387,"UAGuest",0,"Green",1012,2310,2311,-184.5703125,"false","BioR1132",2026-06-28 21:15:00,179,15.0166666666667,14,15,28,21,0,6,2026,2026-06-28 21:15:00,2680.1757816
"397624","BiosphereDendrometer_",14,"2026-06-29 4:29:2","2026-06-28T21:29:2",16024,4.150781155,4120.166016,30.04999924,84.81999969,0.645881116,"UAGuest",0,"Green",1012,2313,2312,-183.1054688,"false","BioR1132",2026-06-28 21:30:00,179,15.0166666666667,29,30,28,21,0,6,2026,2026-06-28 21:30:00,2681.6406253
"397634","BiosphereDendrometer_",14,"2026-06-29 4:44:3","2026-06-28T21:44:3",16025,4.144335747,4113.720703,29.92000008,84.33000183,0.661776364,"UAGuest",0,"Green",1012,2315,2313,-182.1289063,"false","BioR1132",2026-06-28 21:45:00,179,15.0166666666667,44,45,28,21,0,6,2026,2026-06-28 21:45:00,2682.6171878
"397644","BiosphereDendrometer_",14,"2026-06-29 4:59:4","2026-06-28T21:59:4",16026,4.149169922,4115.332031,29.88999939,83.75,0.685090482,"UAGuest",0,"Green",1010,2314,2314,-182.6171875,"false","BioR1132",2026-06-28 22:00:00,179,15.0166666666667,59,0,28,22,0,6,2026,2026-06-28 22:00:00,2682.1289066
"397654","BiosphereDendrometer_",14,"2026-06-29 5:14:5","2026-06-28T22:14:5",16027,4.147558689,4112.109375,29.79000092,83.12000275,0.707575977,"UAGuest",0,"Green",1010,2314,2314,-182.6171875,"false","BioR1132",2026-06-28 22:15:00,179,15.0166666666667,14,15,28,22,0,6,2026,2026-06-28 22:15:00,2682.1289066
"397664","BiosphereDendrometer_",14,"2026-06-29 5:29:6","2026-06-28T22:29:6",16028,4.152392387,4113.720703,29.72999954,82.66000366,0.724356592,"UAGuest",0,"Green",1010,2315,2315,-182.1289063,"false","BioR1132",2026-06-28 22:30:00,179,15.0166666666667,29,30,28,22,0,6,2026,2026-06-28 22:30:00,2682.6171878
"397674","BiosphereDendrometer_",14,"2026-06-29 5:44:7","2026-06-28T22:44:7",16029,4.150781155,4116.943359,29.62000084,82.31999969,0.733903587,"UAGuest",0,"Green",1012,2316,2315,-181.640625,"false","BioR1132",2026-06-28 22:45:00,179,15.0166666666667,44,45,28,22,0,6,2026,2026-06-28 22:45:00,2683.1054691
"397684","BiosphereDendrometer_",14,"2026-06-29 5:59:8","2026-06-28T22:59:8",16030,4.149169922,4116.943359,29.5,81.87000275,0.747404099,"UAGuest",0,"Green",1012,2315,2315,-182.1289063,"false","BioR1132",2026-06-28 23:00:00,179,15.0166666666667,59,0,28,23,0,6,2026,2026-06-28 23:00:00,2682.6171878
"397694","BiosphereDendrometer_",14,"2026-06-29 6:14:9","2026-06-28T23:14:9",16031,4.152392387,4118.554688,29.44000053,81.65000153,0.753864467,"UAGuest",0,"Green",1014,2315,2315,-182.1289063,"false","BioR1132",2026-06-28 23:15:00,179,15.0166666666667,14,15,28,23,0,6,2026,2026-06-28 23:15:00,2682.6171878
"397704","BiosphereDendrometer_",14,"2026-06-29 6:29:10","2026-06-28T23:29:10",16032,4.149169922,4113.720703,29.35000038,81.23000336,0.767130733,"UAGuest",0,"Green",1013,2315,2315,-182.1289063,"false","BioR1132",2026-06-28 23:30:00,179,15.0166666666667,29,30,28,23,0,6,2026,2026-06-28 23:30:00,2682.6171878
"397717","BiosphereDendrometer_",14,"2026-06-29 6:44:23","2026-06-28T23:44:23",16033,4.149169922,4115.332031,29.30999947,80.80999756,0.782490015,"null",-100,"Green",1013,2316,2315,-181.640625,"false","BioR1132",2026-06-28 23:45:00,179,15.2166666666667,44,45,28,23,0,6,2026,2026-06-28 23:45:00,2683.1054691
"397724","BiosphereDendrometer_",14,"2026-06-29 7:0:14","2026-06-29T0:0:14",16034,4.152392387,4120.166016,29.23999977,80.34999847,0.798018992,"UAGuest",0,"Green",1010,2315,2315,-182.1289063,"false","BioR1132",2026-06-29,180,15.85,0,0,29,0,0,6,2026,2026-06-29,2682.6171878
"397734","BiosphereDendrometer_",14,"2026-06-29 7:15:15","2026-06-29T0:15:15",16035,4.149169922,4116.943359,29.14999962,80.19999695,0.799945652,"UAGuest",0,"Green",1011,2315,2314,-182.1289063,"false","BioR1132",2026-06-29 00:15:00,180,15.0166666666667,15,15,29,0,0,6,2026,2026-06-29 00:15:00,2682.6171878
"397744","BiosphereDendrometer_",14,"2026-06-29 7:30:16","2026-06-29T0:30:16",16036,4.147558689,4116.943359,29.07999992,79.94999695,0.80677861,"UAGuest",0,"Green",1011,2315,2314,-182.1289063,"false","BioR1132",2026-06-29 00:30:00,180,15.0166666666667,30,30,29,0,0,6,2026,2026-06-29 00:30:00,2682.6171878
"397754","BiosphereDendrometer_",14,"2026-06-29 7:45:17","2026-06-29T0:45:17",16037,4.150781155,4115.332031,28.98999977,79.70999908,0.812201738,"UAGuest",0,"Green",1012,2316,2315,-181.640625,"false","BioR1132",2026-06-29 00:45:00,180,15.0166666666667,45,45,29,0,0,6,2026,2026-06-29 00:45:00,2683.1054691
"397764","BiosphereDendrometer_",14,"2026-06-29 8:0:18","2026-06-29T1:0:18",16038,4.147558689,4110.498047,28.95000076,79.61000061,0.814319849,"UAGuest",0,"Green",1013,2315,2315,-182.1289063,"false","BioR1132",2026-06-29 01:00:00,180,15.0166666666667,0,0,29,1,0,6,2026,2026-06-29 01:00:00,2682.6171878
"397774","BiosphereDendrometer_",14,"2026-06-29 8:15:19","2026-06-29T1:15:19",16039,4.147558689,4112.109375,28.87000084,79.52999878,0.813741624,"UAGuest",0,"Green",1012,2316,2315,-181.640625,"false","BioR1132",2026-06-29 01:15:00,180,15.0166666666667,15,15,29,1,0,6,2026,2026-06-29 01:15:00,2683.1054691
"397784","BiosphereDendrometer_",14,"2026-06-29 8:30:20","2026-06-29T1:30:20",16040,4.145947456,4113.720703,28.79999924,79.30999756,0.819162786,"UAGuest",0,"Green",1013,2317,2315,-181.1523438,"false","BioR1132",2026-06-29 01:30:00,180,15.0166666666667,30,30,29,1,0,6,2026,2026-06-29 01:30:00,2683.5937503
"397794","BiosphereDendrometer_",14,"2026-06-29 8:45:21","2026-06-29T1:45:21",16041,4.149169922,4121.777344,28.79000092,79.16999817,0.824228585,"UAGuest",0,"Green",1010,2316,2315,-181.640625,"false","BioR1132",2026-06-29 01:45:00,180,15.0166666666667,45,45,29,1,0,6,2026,2026-06-29 01:45:00,2683.1054691
"397804","BiosphereDendrometer_",14,"2026-06-29 9:0:22","2026-06-29T2:0:22",16042,4.147558689,4112.109375,28.76000023,79.09999847,0.82556355,"UAGuest",0,"Green",1010,2316,2316,-181.640625,"false","BioR1132",2026-06-29 02:00:00,180,15.0166666666667,0,0,29,2,0,6,2026,2026-06-29 02:00:00,2683.1054691
"397817","BiosphereDendrometer_",14,"2026-06-29 9:15:23","2026-06-29T2:15:23",16043,4.144335747,4113.720703,28.72999954,79.01999664,0.827285409,"UAGuest",0,"Green",1011,2317,2316,-181.1523438,"false","BioR1132",2026-06-29 02:15:00,180,15.0166666666667,15,15,29,2,0,6,2026,2026-06-29 02:15:00,2683.5937503
"397824","BiosphereDendrometer_",14,"2026-06-29 9:30:24","2026-06-29T2:30:24",16044,4.147558689,4112.109375,28.64999962,78.94999695,0.826208293,"UAGuest",0,"Green",1009,2317,2316,-181.1523438,"false","BioR1132",2026-06-29 02:30:00,180,15.0166666666667,30,30,29,2,0,6,2026,2026-06-29 02:30:00,2683.5937503
"397834","BiosphereDendrometer_",14,"2026-06-29 9:45:25","2026-06-29T2:45:25",16045,4.145947456,4112.109375,28.60000038,79.09999847,0.817947388,"UAGuest",0,"Green",1010,2317,2317,-181.1523438,"false","BioR1132",2026-06-29 02:45:00,180,15.0166666666667,45,45,29,2,0,6,2026,2026-06-29 02:45:00,2683.5937503
"397844","BiosphereDendrometer_",14,"2026-06-29 10:0:26","2026-06-29T3:0:26",16046,4.149169922,4112.109375,28.55999947,78.80000305,0.827766418,"UAGuest",0,"Green",1011,2318,2317,-180.6640625,"false","BioR1132",2026-06-29 03:00:00,180,15.0166666666667,0,0,29,3,0,6,2026,2026-06-29 03:00:00,2684.0820316
"397854","BiosphereDendrometer_",14,"2026-06-29 10:15:27","2026-06-29T3:15:27",16047,4.149169922,4110.498047,28.48999977,78.75,0.826357305,"UAGuest",0,"Green",1012,2318,2317,-180.6640625,"false","BioR1132",2026-06-29 03:15:00,180,15.0166666666667,15,15,29,3,0,6,2026,2026-06-29 03:15:00,2684.0820316
"397864","BiosphereDendrometer_",14,"2026-06-29 10:30:28","2026-06-29T3:30:28",16048,4.144335747,4112.109375,28.46999931,78.55000305,0.833167374,"UAGuest",0,"Green",1010,2319,2318,-180.1757813,"false","BioR1132",2026-06-29 03:30:00,180,15.0166666666667,30,30,29,3,0,6,2026,2026-06-29 03:30:00,2684.5703128
"397874","BiosphereDendrometer_",14,"2026-06-29 10:45:41","2026-06-29T3:45:41",16049,4.144335747,4108.886719,28.37999916,78.83999634,0.817621648,"null",-100,"Green",1013,2320,2319,-179.6875,"false","BioR1132",2026-06-29 03:45:00,180,15.2166666666667,45,45,29,3,0,6,2026,2026-06-29 03:45:00,2685.0585941
"397884","BiosphereDendrometer_",14,"2026-06-29 11:1:32","2026-06-29T4:1:32",16050,4.150781155,4113.720703,28.35000038,78.62000275,0.824684262,"UAGuest",0,"Green",1012,2319,2319,-180.1757813,"false","BioR1132",2026-06-29 04:00:00,180,15.85,1,0,29,4,0,6,2026,2026-06-29 04:00:00,2684.5703128
"397894","BiosphereDendrometer_",14,"2026-06-29 11:16:33","2026-06-29T4:16:33",16051,4.142724514,4112.109375,28.29000092,78.5,0.826427996,"UAGuest",0,"Green",1011,2319,2320,-180.1757813,"false","BioR1132",2026-06-29 04:15:00,180,15.0166666666667,16,15,29,4,0,6,2026,2026-06-29 04:15:00,2684.5703128
"397904","BiosphereDendrometer_",14,"2026-06-29 11:31:34","2026-06-29T4:31:34",16052,4.152392387,4113.720703,28.23999977,78.55000305,0.822113872,"UAGuest",0,"Green",1013,2320,2321,-179.6875,"false","BioR1132",2026-06-29 04:30:00,180,15.0166666666667,31,30,29,4,0,6,2026,2026-06-29 04:30:00,2685.0585941
"397917","BiosphereDendrometer_",14,"2026-06-29 11:46:35","2026-06-29T4:46:35",16053,4.144335747,4116.943359,28.20000076,78.54000092,0.820587039,"UAGuest",0,"Green",1013,2322,2321,-178.7109375,"false","BioR1132",2026-06-29 04:45:00,180,15.0166666666667,46,45,29,4,0,6,2026,2026-06-29 04:45:00,2686.0351566
"397924","BiosphereDendrometer_",14,"2026-06-29 12:1:36","2026-06-29T5:1:36",16054,4.147558689,4110.498047,28.17000008,78.36000061,0.826027811,"UAGuest",0,"Green",1011,2322,2322,-178.7109375,"false","BioR1132",2026-06-29 05:00:00,180,15.0166666666667,1,0,29,5,0,6,2026,2026-06-29 05:00:00,2686.0351566
"397934","BiosphereDendrometer_",14,"2026-06-29 12:16:37","2026-06-29T5:16:37",16055,4.141113281,4115.332031,27.15999985,80.95999908,0.685173571,"UAGuest",0,"Green",1010,2323,2323,-178.2226563,"false","BioR1132",2026-06-29 05:15:00,180,15.0166666666667,16,15,29,5,0,6,2026,2026-06-29 05:15:00,2686.5234378
"397944","BiosphereDendrometer_",14,"2026-06-29 12:31:38","2026-06-29T5:31:38",16056,4.142724514,4113.720703,26.62999916,81.37000275,0.6498788,"UAGuest",0,"Green",1009,2325,2324,-177.2460938,"false","BioR1132",2026-06-29 05:30:00,180,15.0166666666667,31,30,29,5,0,6,2026,2026-06-29 05:30:00,2687.5000003
"397954","BiosphereDendrometer_",14,"2026-06-29 12:46:39","2026-06-29T5:46:39",16057,4.144335747,4110.498047,26.35000038,81.36000061,0.639593482,"UAGuest",0,"Green",1011,2326,2325,-176.7578125,"false","BioR1132",2026-06-29 05:45:00,180,15.0166666666667,46,45,29,5,0,6,2026,2026-06-29 05:45:00,2687.9882816
"397964","BiosphereDendrometer_",14,"2026-06-29 13:1:40","2026-06-29T6:1:40",16058,4.142724514,4110.498047,26.37000084,80.87999725,0.656837761,"UAGuest",0,"Green",1011,2321,2320,-179.1992188,"false","BioR1132",2026-06-29 06:00:00,180,15.0166666666667,1,0,29,6,0,6,2026,2026-06-29 06:00:00,2685.5468753
"397973","BiosphereDendrometer_",14,"2026-06-29 13:16:41","2026-06-29T6:16:41",16059,4.145947456,4108.886719,26.44000053,80.08999634,0.686804295,"UAGuest",0,"Green",1013,2313,2312,-183.1054688,"false","BioR1132",2026-06-29 06:15:00,180,15.0166666666667,16,15,29,6,0,6,2026,2026-06-29 06:15:00,2681.6406253
"397983","BiosphereDendrometer_",14,"2026-06-29 13:31:42","2026-06-29T6:31:42",16060,4.144335747,4108.886719,26.63999939,79.95999908,0.699475944,"UAGuest",0,"Green",1011,2307,2305,-186.0351563,"false","BioR1132",2026-06-29 06:30:00,180,15.0166666666667,31,30,29,6,0,6,2026,2026-06-29 06:30:00,2678.7109378
"397993","BiosphereDendrometer_",14,"2026-06-29 13:46:43","2026-06-29T6:46:43",16061,4.144335747,4112.109375,26.89999962,80.12000275,0.704574943,"UAGuest",0,"Green",1011,2299,2300,-189.9414063,"false","BioR1132",2026-06-29 06:45:00,180,15.0166666666667,46,45,29,6,0,6,2026,2026-06-29 06:45:00,2674.8046878
"398004","BiosphereDendrometer_",14,"2026-06-29 14:1:44","2026-06-29T7:1:44",16062,4.139502048,4113.720703,27.12000084,80.73000336,0.691826642,"UAGuest",0,"Green",1010,2295,2294,-191.8945313,"false","BioR1132",2026-06-29 07:00:00,180,15.0166666666667,1,0,29,7,0,6,2026,2026-06-29 07:00:00,2672.8515628
"398017","BiosphereDendrometer_",14,"2026-06-29 14:16:45","2026-06-29T7:16:45",16063,4.142724514,4113.720703,27.31999969,81.12000275,0.685811341,"UAGuest",0,"Green",1011,2287,2287,-195.8007813,"false","BioR1132",2026-06-29 07:15:00,180,15.0166666666667,16,15,29,7,0,6,2026,2026-06-29 07:15:00,2668.9453128
"398024","BiosphereDendrometer_",14,"2026-06-29 14:31:46","2026-06-29T7:31:46",16064,4.141113281,4107.275391,27.55999947,81.66000366,0.675610483,"UAGuest",0,"Green",1010,2281,2280,-198.7304688,"false","BioR1132",2026-06-29 07:30:00,180,15.0166666666667,31,30,29,7,0,6,2026,2026-06-29 07:30:00,2666.0156253
"398034","BiosphereDendrometer_",14,"2026-06-29 14:46:59","2026-06-29T7:46:59",16065,4.144335747,4112.109375,27.79999924,82.23000336,0.663846791,"null",-100,"Green",1014,2273,2273,-202.6367188,"false","BioR1132",2026-06-29 07:45:00,180,15.2166666666667,46,45,29,7,0,6,2026,2026-06-29 07:45:00,2662.1093753
"398044","BiosphereDendrometer_",14,"2026-06-29 15:2:50","2026-06-29T8:2:50",16066,4.149169922,4115.332031,28.01000023,80.29000092,0.745385647,"UAGuest",0,"Green",1011,2264,2263,-207.03125,"false","BioR1132",2026-06-29 08:00:00,180,15.85,2,0,29,8,0,6,2026,2026-06-29 08:00:00,2657.7148441
"398054","BiosphereDendrometer_",14,"2026-06-29 15:17:51","2026-06-29T8:17:51",16067,4.142724514,4112.109375,27.13999939,86.19999695,0.496025234,"UAGuest",0,"Green",1012,2260,2260,-208.984375,"false","BioR1132",2026-06-29 08:15:00,180,15.0166666666667,17,15,29,8,0,6,2026,2026-06-29 08:15:00,2655.7617191
"398064","BiosphereDendrometer_",14,"2026-06-29 15:32:52","2026-06-29T8:32:52",16068,4.145947456,4112.109375,27.19000053,87.27999878,0.458547294,"UAGuest",0,"Green",1010,2253,2253,-212.4023438,"false","BioR1132",2026-06-29 08:30:00,180,15.0166666666667,32,30,29,8,0,6,2026,2026-06-29 08:30:00,2652.3437503
"398074","BiosphereDendrometer_",14,"2026-06-29 15:47:53","2026-06-29T8:47:53",16069,4.142724514,4108.886719,27.25,88.26000214,0.424708724,"UAGuest",0,"Green",1011,2248,2248,-214.84375,"false","BioR1132",2026-06-29 08:45:00,180,15.0166666666667,47,45,29,8,0,6,2026,2026-06-29 08:45:00,2649.9023441
"398084","BiosphereDendrometer_",14,"2026-06-29 16:2:54","2026-06-29T9:2:54",16070,4.142724514,4108.886719,27.29000092,87.08999634,0.468130052,"UAGuest",0,"Green",1011,2242,2241,-217.7734375,"false","BioR1132",2026-06-29 09:00:00,180,15.0166666666667,2,0,29,9,0,6,2026,2026-06-29 09:00:00,2646.9726566
"398094","BiosphereDendrometer_",14,"2026-06-29 16:17:55","2026-06-29T9:17:55",16071,4.139502048,4110.498047,26.44000053,89.19999695,0.372550905,"UAGuest",0,"Green",1012,2236,2234,-220.703125,"false","BioR1132",2026-06-29 09:15:00,180,15.0166666666667,17,15,29,9,0,6,2026,2026-06-29 09:15:00,2644.0429691
"398107","BiosphereDendrometer_",14,"2026-06-29 16:32:56","2026-06-29T9:32:56",16072,4.142724514,4105.664063,26.35000038,90.19999695,0.336267143,"UAGuest",0,"Green",1011,2229,2229,-224.1210938,"false","BioR1132",2026-06-29 09:30:00,180,15.0166666666667,32,30,29,9,0,6,2026,2026-06-29 09:30:00,2640.6250003
"398117","BiosphereDendrometer_",14,"2026-06-29 16:47:57","2026-06-29T9:47:57",16073,4.144335747,4110.498047,26.43000031,91.05999756,0.30820778,"UAGuest",0,"Green",1012,2223,2223,-227.0507813,"false","BioR1132",2026-06-29 09:45:00,180,15.0166666666667,47,45,29,9,0,6,2026,2026-06-29 09:45:00,2637.6953128
"398124","BiosphereDendrometer_",14,"2026-06-29 17:2:58","2026-06-29T10:2:58",16074,4.141113281,4105.664063,26.56999969,91.26000214,0.303806782,"UAGuest",0,"Green",1010,2217,2216,-229.9804688,"false","BioR1132",2026-06-29 10:00:00,180,15.0166666666667,2,0,29,10,0,6,2026,2026-06-29 10:00:00,2634.7656253
"398134","BiosphereDendrometer_",14,"2026-06-29 17:17:59","2026-06-29T10:17:59",16075,4.144335747,4107.275391,26.68000031,91.66000366,0.291784763,"UAGuest",0,"Green",1009,2212,2211,-232.421875,"false","BioR1132",2026-06-29 10:15:00,180,15.0166666666667,17,15,29,10,0,6,2026,2026-06-29 10:15:00,2632.3242191
"398144","BiosphereDendrometer_",14,"2026-06-29 17:33:0","2026-06-29T10:33:0",16076,4.141113281,4107.275391,26.85000038,91.83000183,0.288707227,"UAGuest",0,"Green",1013,2204,2204,-236.328125,"false","BioR1132",2026-06-29 10:30:00,180,15.0166666666667,33,30,29,10,0,6,2026,2026-06-29 10:30:00,2628.4179691
"398154","BiosphereDendrometer_",14,"2026-06-29 17:48:1","2026-06-29T10:48:1",16077,4.144335747,4108.886719,26.96999931,92.36000061,0.271887004,"UAGuest",0,"Green",1013,2198,2197,-239.2578125,"false","BioR1132",2026-06-29 10:45:00,180,15.0166666666667,48,45,29,10,0,6,2026,2026-06-29 10:45:00,2625.4882816
"398164","BiosphereDendrometer_",14,"2026-06-29 18:3:2","2026-06-29T11:3:2",16078,4.142724514,4112.109375,27.12000084,92.5,0.269263089,"UAGuest",0,"Green",1011,2190,2190,-243.1640625,"false","BioR1132",2026-06-29 11:00:00,180,15.0166666666667,3,0,29,11,0,6,2026,2026-06-29 11:00:00,2621.5820316
"398174","BiosphereDendrometer_",14,"2026-06-29 18:18:3","2026-06-29T11:18:3",16079,4.139502048,4105.664063,27.20999908,92.75,0.261663824,"UAGuest",0,"Green",1014,2183,2181,-246.5820313,"false","BioR1132",2026-06-29 11:15:00,180,15.0166666666667,18,15,29,11,0,6,2026,2026-06-29 11:15:00,2618.1640628
"398184","BiosphereDendrometer_",14,"2026-06-29 18:33:4","2026-06-29T11:33:4",16080,4.145947456,4105.664063,27.30999947,92.83000183,0.260296047,"UAGuest",0,"Green",1013,2173,2173,-251.4648438,"false","BioR1132",2026-06-29 11:30:00,180,15.0166666666667,33,30,29,11,0,6,2026,2026-06-29 11:30:00,2613.2812503
"398194","BiosphereDendrometer_",14,"2026-06-29 18:48:17","2026-06-29T11:48:17",16081,4.142724514,4108.886719,27.45000076,92.87000275,0.26097241,"null",-100,"Green",1010,2165,2164,-255.3710938,"false","BioR1132",2026-06-29 11:45:00,180,15.2166666666667,48,45,29,11,0,6,2026,2026-06-29 11:45:00,2609.3750003
"398204","BiosphereDendrometer_",14,"2026-06-29 19:4:8","2026-06-29T12:4:8",16082,4.141113281,4108.886719,27.54000092,93.02999878,0.25646171,"UAGuest",0,"Green",1012,2154,2153,-260.7421875,"false","BioR1132",2026-06-29 12:00:00,180,15.85,4,0,29,12,0,6,2026,2026-06-29 12:00:00,2604.0039066
"398217","BiosphereDendrometer_",14,"2026-06-29 19:19:9","2026-06-29T12:19:9",16083,4.141113281,4108.886719,27.65999985,93.38999939,0.244925871,"UAGuest",0,"Green",1012,2141,2141,-267.0898438,"false","BioR1132",2026-06-29 12:15:00,180,15.0166666666667,19,15,29,12,0,6,2026,2026-06-29 12:15:00,2597.6562503
"398224","BiosphereDendrometer_",14,"2026-06-29 19:34:10","2026-06-29T12:34:10",16084,4.141113281,4107.275391,27.73999977,93.19999695,0.253145218,"UAGuest",0,"Green",1009,2127,2126,-273.9257813,"false","BioR1132",2026-06-29 12:30:00,180,15.0166666666667,34,30,29,12,0,6,2026,2026-06-29 12:30:00,2590.8203128
"398234","BiosphereDendrometer_",14,"2026-06-29 19:49:11","2026-06-29T12:49:11",16085,4.134667873,4105.664063,27.86000061,93.38999939,0.247799888,"UAGuest",0,"Green",1012,2110,2110,-282.2265625,"false","BioR1132",2026-06-29 12:45:00,180,15.0166666666667,49,45,29,12,0,6,2026,2026-06-29 12:45:00,2582.5195316
"398244","BiosphereDendrometer_",14,"2026-06-29 20:4:12","2026-06-29T13:4:12",16086,4.142724514,4112.109375,27.93000031,93.75,0.235261619,"UAGuest",0,"Green",1010,2092,2092,-291.015625,"false","BioR1132",2026-06-29 13:00:00,180,15.0166666666667,4,0,29,13,0,6,2026,2026-06-29 13:00:00,2573.7304691
"398254","BiosphereDendrometer_",14,"2026-06-29 20:19:13","2026-06-29T13:19:13",16087,4.139502048,4108.886719,28.04999924,93.41000366,0.249799073,"UAGuest",0,"Green",1014,2080,2079,-296.875,"false","BioR1132",2026-06-29 13:15:00,180,15.0166666666667,19,15,29,13,0,6,2026,2026-06-29 13:15:00,2567.8710941
"398264","BiosphereDendrometer_",14,"2026-06-29 20:34:14","2026-06-29T13:34:14",16088,4.139502048,4107.275391,28.07999992,94,0.227832213,"UAGuest",0,"Green",1013,2071,2070,-301.2695313,"false","BioR1132",2026-06-29 13:30:00,180,15.0166666666667,34,30,29,13,0,6,2026,2026-06-29 13:30:00,2563.4765628
"398274","BiosphereDendrometer_",14,"2026-06-29 20:49:15","2026-06-29T13:49:15",16089,4.141113281,4107.275391,28.21999931,94.01000214,0.229311913,"UAGuest",0,"Green",1011,2067,2066,-303.2226563,"false","BioR1132",2026-06-29 13:45:00,180,15.0166666666667,49,45,29,13,0,6,2026,2026-06-29 13:45:00,2561.5234378
"398284","BiosphereDendrometer_",14,"2026-06-29 21:4:16","2026-06-29T14:4:16",16090,4.141113281,4108.886719,28.29000092,93.83000183,0.237165585,"UAGuest",0,"Green",1009,2063,2064,-305.1757813,"false","BioR1132",2026-06-29 14:00:00,180,15.0166666666667,4,0,29,14,0,6,2026,2026-06-29 14:00:00,2559.5703128
"398294","BiosphereDendrometer_",14,"2026-06-29 21:19:17","2026-06-29T14:19:17",16091,4.141113281,4105.664063,28.31999969,94.06999969,0.228337973,"UAGuest",0,"Green",1014,2067,2066,-303.2226563,"false","BioR1132",2026-06-29 14:15:00,180,15.0166666666667,19,15,29,14,0,6,2026,2026-06-29 14:15:00,2561.5234378
"398304","BiosphereDendrometer_",14,"2026-06-29 21:34:18","2026-06-29T14:34:18",16092,4.137890816,4104.052734,28.37999916,94.26999664,0.221407056,"UAGuest",0,"Green",1013,2070,2069,-301.7578125,"false","BioR1132",2026-06-29 14:30:00,180,15.0166666666667,34,30,29,14,0,6,2026,2026-06-29 14:30:00,2562.9882816
"398317","BiosphereDendrometer_",14,"2026-06-29 21:49:19","2026-06-29T14:49:19",16093,4.133056641,4105.664063,28.38999939,94.34999847,0.218442574,"UAGuest",0,"Green",1012,2076,2076,-298.828125,"false","BioR1132",2026-06-29 14:45:00,180,15.0166666666667,49,45,29,14,0,6,2026,2026-06-29 14:45:00,2565.9179691
"398324","BiosphereDendrometer_",14,"2026-06-29 22:4:20","2026-06-29T15:4:20",16094,4.137890816,4107.275391,28.51000023,94.63999939,0.208678514,"UAGuest",0,"Green",1012,2087,2087,-293.4570313,"false","BioR1132",2026-06-29 15:00:00,180,15.0166666666667,4,0,29,15,0,6,2026,2026-06-29 15:00:00,2571.2890628
"398334","BiosphereDendrometer_",14,"2026-06-29 22:19:21","2026-06-29T15:19:21",16095,4.136279106,4108.886719,29.14999962,93.84999847,0.248467997,"UAGuest",0,"Green",1009,2096,2096,-289.0625,"false","BioR1132",2026-06-29 15:15:00,180,15.0166666666667,19,15,29,15,0,6,2026,2026-06-29 15:15:00,2575.6835941
"398344","BiosphereDendrometer_",14,"2026-06-29 22:34:22","2026-06-29T15:34:22",16096,4.136279106,4107.275391,29.34000015,94.01999664,0.244262189,"UAGuest",0,"Green",1014,2110,2108,-282.2265625,"false","BioR1132",2026-06-29 15:30:00,180,15.0166666666667,34,30,29,15,0,6,2026,2026-06-29 15:30:00,2582.5195316
"398354","BiosphereDendrometer_",14,"2026-06-29 22:49:35","2026-06-29T15:49:35",16097,4.139502048,4105.664063,29.40999985,93.83000183,0.253041506,"null",-100,"Green",1011,2122,2122,-276.3671875,"false","BioR1132",2026-06-29 15:45:00,180,15.2166666666667,49,45,29,15,0,6,2026,2026-06-29 15:45:00,2588.3789066
"398364","BiosphereDendrometer_",14,"2026-06-29 23:5:26","2026-06-29T16:5:26",16098,4.144335747,4110.498047,29.44000053,94.12999725,0.241154581,"UAGuest",0,"Green",1016,2134,2134,-270.5078125,"false","BioR1132",2026-06-29 16:00:00,180,15.85,5,0,29,16,0,6,2026,2026-06-29 16:00:00,2594.2382816
"398374","BiosphereDendrometer_",14,"2026-06-29 23:20:27","2026-06-29T16:20:27",16099,4.137890816,4105.664063,29.45000076,94.12000275,0.241704389,"UAGuest",0,"Green",1012,2147,2146,-264.1601563,"false","BioR1132",2026-06-29 16:15:00,180,15.0166666666667,20,15,29,16,0,6,2026,2026-06-29 16:15:00,2600.5859378
"398384","BiosphereDendrometer_",14,"2026-06-29 23:35:28","2026-06-29T16:35:28",16100,4.141113281,4107.275391,29.76000023,95.90000153,0.171567902,"UAGuest",0,"Green",1011,2160,2160,-257.8125,"false","BioR1132",2026-06-29 16:30:00,180,15.0166666666667,35,30,29,16,0,6,2026,2026-06-29 16:30:00,2606.9335941
"398394","BiosphereDendrometer_",14,"2026-06-29 23:50:29","2026-06-29T16:50:29",16101,4.141113281,4104.052734,30.61000061,94.80999756,0.228014976,"UAGuest",0,"Green",1010,2175,2175,-250.4882813,"false","BioR1132",2026-06-29 16:45:00,180,15.0166666666667,50,45,29,16,0,6,2026,2026-06-29 16:45:00,2614.2578128
"398404","BiosphereDendrometer_",14,"2026-06-30 0:5:30","2026-06-29T17:5:30",16102,4.137890816,4108.886719,30.87999916,94.16999817,0.260107309,"UAGuest",0,"Green",1009,2190,2190,-243.1640625,"false","BioR1132",2026-06-29 17:00:00,180,15.0166666666667,5,0,29,17,0,6,2026,2026-06-29 17:00:00,2621.5820316
"398417","BiosphereDendrometer_",14,"2026-06-30 0:20:31","2026-06-29T17:20:31",16103,4.141113281,4107.275391,31.13999939,94.76000214,0.237270042,"UAGuest",0,"Green",1013,2205,2205,-235.8398438,"false","BioR1132",2026-06-29 17:15:00,180,15.0166666666667,20,15,29,17,0,6,2026,2026-06-29 17:15:00,2628.9062503
"398424","BiosphereDendrometer_",14,"2026-06-30 0:35:32","2026-06-29T17:35:32",16104,4.141113281,4107.275391,31.35000038,94.38999939,0.257073432,"UAGuest",0,"Green",1014,2219,2218,-229.0039063,"false","BioR1132",2026-06-29 17:30:00,180,15.0166666666667,35,30,29,17,0,6,2026,2026-06-29 17:30:00,2635.7421878
"398434","BiosphereDendrometer_",14,"2026-06-30 0:50:33","2026-06-29T17:50:33",16105,4.136279106,4105.664063,31.45999908,93.56999969,0.296494484,"UAGuest",0,"Green",1011,2232,2232,-222.65625,"false","BioR1132",2026-06-29 17:45:00,180,15.0166666666667,50,45,29,17,0,6,2026,2026-06-29 17:45:00,2642.0898441
"398444","BiosphereDendrometer_",14,"2026-06-30 1:5:34","2026-06-29T18:5:34",16106,4.142724514,4107.275391,31.44000053,92.80999756,0.331163019,"UAGuest",0,"Green",1012,2245,2245,-216.3085938,"false","BioR1132",2026-06-29 18:00:00,180,15.0166666666667,5,0,29,18,0,6,2026,2026-06-29 18:00:00,2648.4375003
"398454","BiosphereDendrometer_",14,"2026-06-30 1:20:35","2026-06-29T18:20:35",16107,4.137890816,4105.664063,31.36000061,91.83000183,0.374595642,"UAGuest",0,"Green",1012,2258,2257,-209.9609375,"false","BioR1132",2026-06-29 18:15:00,180,15.0166666666667,20,15,29,18,0,6,2026,2026-06-29 18:15:00,2654.7851566
"398464","BiosphereDendrometer_",14,"2026-06-30 1:35:36","2026-06-29T18:35:36",16108,4.133056641,4107.275391,31.26000023,91.68000031,0.379312664,"UAGuest",0,"Green",1012,2270,2269,-204.1015625,"false","BioR1132",2026-06-29 18:30:00,180,15.0166666666667,35,30,29,18,0,6,2026,2026-06-29 18:30:00,2660.6445316
"398474","BiosphereDendrometer_",14,"2026-06-30 1:50:37","2026-06-29T18:50:37",16109,4.137890816,4108.886719,31.04999924,90.91999817,0.409047872,"UAGuest",0,"Green",1011,2282,2281,-198.2421875,"false","BioR1132",2026-06-29 18:45:00,180,15.0166666666667,50,45,29,18,0,6,2026,2026-06-29 18:45:00,2666.5039066
"398484","BiosphereDendrometer_",14,"2026-06-30 2:5:38","2026-06-29T19:5:38",16110,4.139502048,4104.052734,31.14999962,90.18000031,0.444907993,"UAGuest",0,"Green",1012,2292,2291,-193.359375,"false","BioR1132",2026-06-29 19:00:00,180,15.0166666666667,5,0,29,19,0,6,2026,2026-06-29 19:00:00,2671.3867191
"398494","BiosphereDendrometer_",14,"2026-06-30 2:20:39","2026-06-29T19:20:39",16111,4.136279106,4105.664063,31.32999992,88.62999725,0.520429134,"UAGuest",0,"Green",1013,2300,2299,-189.453125,"false","BioR1132",2026-06-29 19:15:00,180,15.0166666666667,20,15,29,19,0,6,2026,2026-06-29 19:15:00,2675.2929691
"398504","BiosphereDendrometer_",14,"2026-06-30 2:35:40","2026-06-29T19:35:40",16112,4.133056641,4102.441406,31.36000061,87.54000092,0.571292937,"UAGuest",0,"Green",1011,2306,2306,-186.5234375,"false","BioR1132",2026-06-29 19:30:00,180,15.0166666666667,35,30,29,19,0,6,2026,2026-06-29 19:30:00,2678.2226566
"398517","BiosphereDendrometer_",14,"2026-06-30 2:50:53","2026-06-29T19:50:53",16113,4.136279106,4107.275391,31.22999954,86.70999908,0.604865372,"null",-100,"Green",1012,2312,2313,-183.59375,"false","BioR1132",2026-06-29 19:45:00,180,15.2166666666667,50,45,29,19,0,6,2026,2026-06-29 19:45:00,2681.1523441
"398524","BiosphereDendrometer_",14,"2026-06-30 3:6:44","2026-06-29T20:6:44",16114,4.142724514,4108.886719,31.05999947,86.01000214,0.630598307,"UAGuest",0,"Green",1012,2318,2318,-180.6640625,"false","BioR1132",2026-06-29 20:00:00,180,15.85,6,0,29,20,0,6,2026,2026-06-29 20:00:00,2684.0820316
"398534","BiosphereDendrometer_",14,"2026-06-30 3:21:45","2026-06-29T20:21:45",16115,4.136279106,4104.052734,30.87999916,85.48000336,0.647814035,"UAGuest",0,"Green",1014,2323,2322,-178.2226563,"false","BioR1132",2026-06-29 20:15:00,180,15.0166666666667,21,15,29,20,0,6,2026,2026-06-29 20:15:00,2686.5234378
"398544","BiosphereDendrometer_",14,"2026-06-30 3:36:46","2026-06-29T20:36:46",16116,4.137890816,4105.664063,30.70999908,84.80999756,0.671169639,"UAGuest",0,"Green",1013,2324,2325,-177.734375,"false","BioR1132",2026-06-29 20:30:00,180,15.0166666666667,36,30,29,20,0,6,2026,2026-06-29 20:30:00,2687.0117191
"398554","BiosphereDendrometer_",14,"2026-06-30 3:51:47","2026-06-29T20:51:47",16117,4.139502048,4102.441406,30.57999992,84.33999634,0.686821222,"UAGuest",0,"Green",1008,2329,2328,-175.2929688,"false","BioR1132",2026-06-29 20:45:00,180,15.0166666666667,51,45,29,20,0,6,2026,2026-06-29 20:45:00,2689.4531253
"398564","BiosphereDendrometer_",14,"2026-06-30 4:6:48","2026-06-29T21:6:48",16118,4.141113281,4104.052734,30.45000076,83.93000031,0.699587405,"UAGuest",0,"Green",1011,2330,2331,-174.8046875,"false","BioR1132",2026-06-29 21:00:00,180,15.0166666666667,6,0,29,21,0,6,2026,2026-06-29 21:00:00,2689.9414066
"398574","BiosphereDendrometer_",14,"2026-06-30 4:21:49","2026-06-29T21:21:49",16119,4.139502048,4100.830078,30.32999992,83.26999664,0.723338604,"UAGuest",0,"Green",1010,2332,2332,-173.828125,"false","BioR1132",2026-06-29 21:15:00,180,15.0166666666667,21,15,29,21,0,6,2026,2026-06-29 21:15:00,2690.9179691
"398584","BiosphereDendrometer_",14,"2026-06-30 4:36:50","2026-06-29T21:36:50",16120,4.141113281,4105.664063,30.20000076,82.62999725,0.745441854,"UAGuest",0,"Green",1011,2335,2334,-172.3632813,"false","BioR1132",2026-06-29 21:30:00,180,15.0166666666667,36,30,29,21,0,6,2026,2026-06-29 21:30:00,2692.3828128
"398594","BiosphereDendrometer_",14,"2026-06-30 4:51:51","2026-06-29T21:51:51",16121,4.134667873,4105.664063,30.04999924,82.37999725,0.749698877,"UAGuest",0,"Green",1010,2336,2335,-171.875,"false","BioR1132",2026-06-29 21:45:00,180,15.0166666666667,51,45,29,21,0,6,2026,2026-06-29 21:45:00,2692.8710941
"398604","BiosphereDendrometer_",14,"2026-06-30 5:6:52","2026-06-29T22:6:52",16122,4.134667873,4104.052734,29.92000008,82.11000061,0.755531728,"UAGuest",0,"Green",1012,2336,2336,-171.875,"false","BioR1132",2026-06-29 22:00:00,180,15.0166666666667,6,0,29,22,0,6,2026,2026-06-29 22:00:00,2692.8710941
"398617","BiosphereDendrometer_",14,"2026-06-30 5:21:53","2026-06-29T22:21:53",16123,4.142724514,4102.441406,29.86000061,81.77999878,0.766822696,"UAGuest",0,"Green",1013,2338,2338,-170.8984375,"false","BioR1132",2026-06-29 22:15:00,180,15.0166666666667,21,15,29,22,0,6,2026,2026-06-29 22:15:00,2693.8476566
"398624","BiosphereDendrometer_",14,"2026-06-30 5:36:54","2026-06-29T22:36:54",16124,4.133056641,4107.275391,29.86000061,81.23000336,0.789970338,"UAGuest",0,"Green",1013,2339,2339,-170.4101563,"false","BioR1132",2026-06-29 22:30:00,180,15.0166666666667,36,30,29,22,0,6,2026,2026-06-29 22:30:00,2694.3359378
"398634","BiosphereDendrometer_",14,"2026-06-30 5:51:55","2026-06-29T22:51:55",16125,4.136279106,4100.830078,29.81999969,80.77999878,0.807053566,"UAGuest",0,"Green",1008,2340,2340,-169.921875,"false","BioR1132",2026-06-29 22:45:00,180,15.0166666666667,51,45,29,22,0,6,2026,2026-06-29 22:45:00,2694.8242191
"398644","BiosphereDendrometer_",14,"2026-06-30 6:6:56","2026-06-29T23:6:56",16126,4.134667873,4104.052734,29.71999931,80.37999725,0.819129944,"UAGuest",0,"Green",1011,2340,2341,-169.921875,"false","BioR1132",2026-06-29 23:00:00,180,15.0166666666667,6,0,29,23,0,6,2026,2026-06-29 23:00:00,2694.8242191
"398654","BiosphereDendrometer_",14,"2026-06-30 6:21:57","2026-06-29T23:21:57",16127,4.136279106,4094.384766,29.59000015,80.23000336,0.819244981,"UAGuest",0,"Green",1009,2341,2341,-169.4335938,"false","BioR1132",2026-06-29 23:15:00,180,15.0166666666667,21,15,29,23,0,6,2026,2026-06-29 23:15:00,2695.3125003
"398664","BiosphereDendrometer_",14,"2026-06-30 6:36:58","2026-06-29T23:36:58",16128,4.134667873,4102.441406,29.57999992,79.98000336,0.829127491,"UAGuest",0,"Green",1011,2343,2342,-168.4570313,"false","BioR1132",2026-06-29 23:30:00,180,15.0166666666667,36,30,29,23,0,6,2026,2026-06-29 23:30:00,2696.2890628
"398674","BiosphereDendrometer_",14,"2026-06-30 6:52:11","2026-06-29T23:52:11",16129,4.133056641,4099.21875,29.54000092,79.55000305,0.844988763,"null",-100,"Green",1014,2343,2343,-168.4570313,"false","BioR1132",2026-06-29 23:45:00,180,15.2166666666667,52,45,29,23,0,6,2026,2026-06-29 23:45:00,2696.2890628
"398684","BiosphereDendrometer_",14,"2026-06-30 7:8:2","2026-06-30T0:8:2",16130,4.136279106,4110.498047,28.45000076,88.20999908,0.457419813,"UAGuest",0,"Green",1012,2347,2346,-166.5039063,"false","BioR1132",2026-06-30 00:15:00,181,15.85,8,15,30,0,0,6,2026,2026-06-30 00:15:00,2698.2421878
"398694","BiosphereDendrometer_",14,"2026-06-30 7:23:3","2026-06-30T0:23:3",16131,4.137890816,4100.830078,28.25,89.98999786,0.383876413,"UAGuest",0,"Green",1012,2356,2356,-162.109375,"false","BioR1132",2026-06-30 00:30:00,181,15.0166666666667,23,30,30,0,0,6,2026,2026-06-30 00:30:00,2702.6367191
"398704","BiosphereDendrometer_",14,"2026-06-30 7:38:4","2026-06-30T0:38:4",16132,4.137890816,4102.441406,28.38999939,91.38999939,0.33288312,"UAGuest",0,"Green",1012,2366,2365,-157.2265625,"false","BioR1132",2026-06-30 00:45:00,181,15.0166666666667,38,45,30,0,0,6,2026,2026-06-30 00:45:00,2707.5195316
"398717","BiosphereDendrometer_",14,"2026-06-30 7:53:5","2026-06-30T0:53:5",16133,4.134667873,4100.830078,28.18000031,92.75,0.276903182,"UAGuest",0,"Green",1010,2379,2379,-150.8789063,"false","BioR1132",2026-06-30 01:00:00,181,15.0166666666667,53,0,30,1,0,6,2026,2026-06-30 01:00:00,2713.8671878
"398724","BiosphereDendrometer_",14,"2026-06-30 8:8:6","2026-06-30T1:8:6",16134,4.129834175,4099.21875,27.87000084,94.98999786,0.187927678,"UAGuest",0,"Green",1012,2391,2391,-145.0195313,"false","BioR1132",2026-06-30 01:15:00,181,15.0166666666667,8,15,30,1,0,6,2026,2026-06-30 01:15:00,2719.7265628
"398734","BiosphereDendrometer_",14,"2026-06-30 8:23:7","2026-06-30T1:23:7",16135,4.131445408,4095.99585,28.12000084,92.87000275,0.271371305,"UAGuest",0,"Green",1014,2403,2402,-139.1601563,"false","BioR1132",2026-06-30 01:30:00,181,15.0166666666667,23,30,30,1,0,6,2026,2026-06-30 01:30:00,2725.5859378
"398744","BiosphereDendrometer_",14,"2026-06-30 8:38:8","2026-06-30T1:38:8",16136,4.137890816,4100.830078,27.84000015,95.22000122,0.178986907,"UAGuest",0,"Green",1015,2403,2402,-139.1601563,"false","BioR1132",2026-06-30 01:45:00,181,15.0166666666667,38,45,30,1,0,6,2026,2026-06-30 01:45:00,2725.5859378
"398754","BiosphereDendrometer_",14,"2026-06-30 8:53:9","2026-06-30T1:53:9",16137,4.136279106,4095.99585,27.90999985,94.98999786,0.188366205,"UAGuest",0,"Green",1011,2397,2397,-142.0898438,"false","BioR1132",2026-06-30 02:00:00,181,15.0166666666667,53,0,30,2,0,6,2026,2026-06-30 02:00:00,2722.6562503
"398764","BiosphereDendrometer_",14,"2026-06-30 9:8:10","2026-06-30T2:8:10",16138,4.133056641,4097.607422,27.60000038,96.08999634,0.144374043,"UAGuest",0,"Green",1014,2404,2402,-138.671875,"false","BioR1132",2026-06-30 02:15:00,181,15.0166666666667,8,15,30,2,0,6,2026,2026-06-30 02:15:00,2726.0742191
"398774","BiosphereDendrometer_",14,"2026-06-30 9:23:11","2026-06-30T2:23:11",16139,4.133056641,4100.830078,27.53000069,96.77999878,0.118411079,"UAGuest",0,"Green",1014,2412,2412,-134.765625,"false","BioR1132",2026-06-30 02:30:00,181,15.0166666666667,23,30,30,2,0,6,2026,2026-06-30 02:30:00,2729.9804691
"398784","BiosphereDendrometer_",14,"2026-06-30 9:38:12","2026-06-30T2:38:12",16140,4.131445408,4102.441406,27.46999931,96.48000336,0.128989667,"UAGuest",0,"Green",1011,2419,2418,-131.3476563,"false","BioR1132",2026-06-30 02:45:00,181,15.0166666666667,38,45,30,2,0,6,2026,2026-06-30 02:45:00,2733.3984378
"398794","BiosphereDendrometer_",14,"2026-06-30 9:53:13","2026-06-30T2:53:13",16141,4.131445408,4100.830078,27.79000092,94.55000305,0.203480899,"UAGuest",0,"Green",1011,2424,2424,-128.90625,"false","BioR1132",2026-06-30 03:00:00,181,15.0166666666667,53,0,30,3,0,6,2026,2026-06-30 03:00:00,2735.8398441
"398804","BiosphereDendrometer_",14,"2026-06-30 10:8:14","2026-06-30T3:8:14",16142,4.134667873,4097.607422,27.82999992,93.77999878,0.232771933,"UAGuest",0,"Green",1013,2429,2428,-126.4648438,"false","BioR1132",2026-06-30 03:15:00,181,15.0166666666667,8,15,30,3,0,6,2026,2026-06-30 03:15:00,2738.2812503
"398817","BiosphereDendrometer_",14,"2026-06-30 10:23:15","2026-06-30T3:23:15",16143,4.134667873,4100.830078,27.93000031,91.81999969,0.307910353,"UAGuest",0,"Green",1014,2434,2433,-124.0234375,"false","BioR1132",2026-06-30 03:30:00,181,15.0166666666667,23,30,30,3,0,6,2026,2026-06-30 03:30:00,2740.7226566
"398824","BiosphereDendrometer_",14,"2026-06-30 10:38:16","2026-06-30T3:38:16",16144,4.133056641,4094.384766,28.02000046,91.20999908,0.332610577,"UAGuest",0,"Green",1013,2437,2437,-122.5585938,"false","BioR1132",2026-06-30 03:45:00,181,15.0166666666667,38,45,30,3,0,6,2026,2026-06-30 03:45:00,2742.1875003
"398834","BiosphereDendrometer_",14,"2026-06-30 10:53:29","2026-06-30T3:53:29",16145,4.129834175,4094.384766,28.01000023,90.84999847,0.346031576,"null",-100,"Green",1011,2441,2441,-120.6054688,"false","BioR1132",2026-06-30 04:00:00,181,15.2166666666667,53,0,30,4,0,6,2026,2026-06-30 04:00:00,2744.1406253
"398844","BiosphereDendrometer_",14,"2026-06-30 11:9:20","2026-06-30T4:9:20",16146,4.136279106,4100.830078,28.02000046,90.51999664,0.358720213,"UAGuest",0,"Green",1010,2445,2444,-118.6523438,"false","BioR1132",2026-06-30 04:15:00,181,15.85,9,15,30,4,0,6,2026,2026-06-30 04:15:00,2746.0937503
"398854","BiosphereDendrometer_",14,"2026-06-30 11:24:21","2026-06-30T4:24:21",16147,4.133056641,4097.607422,28.04999924,90.20999908,0.371097863,"UAGuest",0,"Green",1012,2449,2447,-116.6992188,"false","BioR1132",2026-06-30 04:30:00,181,15.0166666666667,24,30,30,4,0,6,2026,2026-06-30 04:30:00,2748.0468753
"398864","BiosphereDendrometer_",14,"2026-06-30 11:39:22","2026-06-30T4:39:22",16148,4.128222466,4099.21875,28.01000023,90.16999817,0.371747553,"UAGuest",0,"Green",1011,2451,2450,-115.7226563,"false","BioR1132",2026-06-30 04:45:00,181,15.0166666666667,39,45,30,4,0,6,2026,2026-06-30 04:45:00,2749.0234378
"398874","BiosphereDendrometer_",14,"2026-06-30 11:54:23","2026-06-30T4:54:23",16149,4.134667873,4099.21875,28,89.83999634,0.384003758,"UAGuest",0,"Green",1010,2451,2451,-115.7226563,"false","BioR1132",2026-06-30 05:00:00,181,15.0166666666667,54,0,30,5,0,6,2026,2026-06-30 05:00:00,2749.0234378
"398884","BiosphereDendrometer_",14,"2026-06-30 12:9:24","2026-06-30T5:9:24",16150,4.129834175,4095.99585,27.62999916,89.87000275,0.37469855,"UAGuest",0,"Green",1013,2453,2452,-114.7460938,"false","BioR1132",2026-06-30 05:15:00,181,15.0166666666667,9,15,30,5,0,6,2026,2026-06-30 05:15:00,2750.0000003
"398894","BiosphereDendrometer_",14,"2026-06-30 12:24:25","2026-06-30T5:24:25",16151,4.128222466,4097.607422,27.07999992,89.84999847,0.363549411,"UAGuest",0,"Green",1013,2451,2451,-115.7226563,"false","BioR1132",2026-06-30 05:30:00,181,15.0166666666667,24,30,30,5,0,6,2026,2026-06-30 05:30:00,2749.0234378
"398904","BiosphereDendrometer_",14,"2026-06-30 12:39:26","2026-06-30T5:39:26",16152,4.126611233,4097.607422,26.70000076,89.33999634,0.373391986,"UAGuest",0,"Green",1013,2451,2450,-115.7226563,"false","BioR1132",2026-06-30 05:45:00,181,15.0166666666667,39,45,30,5,0,6,2026,2026-06-30 05:45:00,2749.0234378
"398917","BiosphereDendrometer_",14,"2026-06-30 12:54:27","2026-06-30T5:54:27",16153,4.125,4092.773438,26.62999916,88.83000183,0.389648259,"UAGuest",0,"Green",1014,2447,2448,-117.6757813,"false","BioR1132",2026-06-30 06:00:00,181,15.0166666666667,54,0,30,6,0,6,2026,2026-06-30 06:00:00,2747.0703128
"398924","BiosphereDendrometer_",14,"2026-06-30 13:9:28","2026-06-30T6:9:28",16154,4.128222466,4097.607422,26.68000031,87.48000336,0.438027173,"UAGuest",0,"Green",1010,2442,2442,-120.1171875,"false","BioR1132",2026-06-30 06:15:00,181,15.0166666666667,9,15,30,6,0,6,2026,2026-06-30 06:15:00,2744.6289066
"398934","BiosphereDendrometer_",14,"2026-06-30 13:24:29","2026-06-30T6:24:29",16155,4.129834175,4095.99585,26.73999977,87.05999756,0.454321384,"UAGuest",0,"Green",1008,2432,2432,-125,"false","BioR1132",2026-06-30 06:30:00,181,15.0166666666667,24,30,30,6,0,6,2026,2026-06-30 06:30:00,2739.7460941
"398944","BiosphereDendrometer_",14,"2026-06-30 13:39:30","2026-06-30T6:39:30",16156,4.129834175,4097.607422,26.87999916,86.91000366,0.463383317,"UAGuest",0,"Green",1010,2423,2423,-129.3945313,"false","BioR1132",2026-06-30 06:45:00,181,15.0166666666667,39,45,30,6,0,6,2026,2026-06-30 06:45:00,2735.3515628
"398954","BiosphereDendrometer_",14,"2026-06-30 13:54:31","2026-06-30T6:54:31",16157,4.128222466,4097.607422,27.04999924,86.83999634,0.470532089,"UAGuest",0,"Green",1012,2416,2416,-132.8125,"false","BioR1132",2026-06-30 07:00:00,181,15.0166666666667,54,0,30,7,0,6,2026,2026-06-30 07:00:00,2731.9335941
"398964","BiosphereDendrometer_",14,"2026-06-30 14:9:32","2026-06-30T7:9:32",16158,4.126611233,4097.607422,27.28000069,86.80000305,0.478365421,"UAGuest",0,"Green",1012,2409,2409,-136.2304688,"false","BioR1132",2026-06-30 07:15:00,181,15.0166666666667,9,15,30,7,0,6,2026,2026-06-30 07:15:00,2728.5156253
"398974","BiosphereDendrometer_",14,"2026-06-30 14:24:33","2026-06-30T7:24:33",16159,4.131445408,4099.21875,27.55999947,86.72000122,0.489209771,"UAGuest",0,"Green",1010,2402,2402,-139.6484375,"false","BioR1132",2026-06-30 07:30:00,181,15.0166666666667,24,30,30,7,0,6,2026,2026-06-30 07:30:00,2725.0976566
"398984","BiosphereDendrometer_",14,"2026-06-30 14:39:34","2026-06-30T7:39:34",16160,4.128222466,4094.384766,27.79000092,87.23999786,0.476406842,"UAGuest",0,"Green",1010,2395,2394,-143.0664063,"false","BioR1132",2026-06-30 07:45:00,181,15.0166666666667,39,45,30,7,0,6,2026,2026-06-30 07:45:00,2721.6796878
"398994","BiosphereDendrometer_",14,"2026-06-30 14:54:47","2026-06-30T7:54:47",16161,4.129834175,4095.99585,28.06999969,87.70999908,0.466404855,"null",-100,"Green",1011,2388,2387,-146.484375,"false","BioR1132",2026-06-30 08:00:00,181,15.2166666666667,54,0,30,8,0,6,2026,2026-06-30 08:00:00,2718.2617191
"399004","BiosphereDendrometer_",14,"2026-06-30 15:10:38","2026-06-30T8:10:38",16162,4.136279106,4100.830078,27.55999947,89.69999695,0.379432499,"UAGuest",0,"Green",1011,2380,2380,-150.390625,"false","BioR1132",2026-06-30 08:15:00,181,15.85,10,15,30,8,0,6,2026,2026-06-30 08:15:00,2714.3554691
"399017","BiosphereDendrometer_",14,"2026-06-30 15:25:39","2026-06-30T8:25:39",16163,4.129834175,4097.607422,27.38999939,90.19000244,0.357808113,"UAGuest",0,"Green",1012,2375,2374,-152.8320313,"false","BioR1132",2026-06-30 08:30:00,181,15.0166666666667,25,30,30,8,0,6,2026,2026-06-30 08:30:00,2711.9140628
"399024","BiosphereDendrometer_",14,"2026-06-30 15:40:40","2026-06-30T8:40:40",16164,4.133056641,4094.384766,27.5,90.76999664,0.338825852,"UAGuest",0,"Green",1014,2368,2368,-156.25,"false","BioR1132",2026-06-30 08:45:00,181,15.0166666666667,40,45,30,8,0,6,2026,2026-06-30 08:45:00,2708.4960941
"399034","BiosphereDendrometer_",14,"2026-06-30 15:55:41","2026-06-30T8:55:41",16165,4.125,4091.162109,27.62999916,91.51999664,0.313666731,"UAGuest",0,"Green",1013,2363,2362,-158.6914063,"false","BioR1132",2026-06-30 09:00:00,181,15.0166666666667,55,0,30,9,0,6,2026,2026-06-30 09:00:00,2706.0546878
"399044","BiosphereDendrometer_",14,"2026-06-30 16:10:42","2026-06-30T9:10:42",16166,4.131445408,4097.607422,26.96999931,91.40000153,0.306050777,"UAGuest",0,"Green",1011,2355,2354,-162.5976563,"false","BioR1132",2026-06-30 09:15:00,181,15.0166666666667,10,15,30,9,0,6,2026,2026-06-30 09:15:00,2702.1484378
"399054","BiosphereDendrometer_",14,"2026-06-30 16:25:43","2026-06-30T9:25:43",16167,4.134667873,4095.99585,26.77000046,92.31999969,0.270119399,"UAGuest",0,"Green",1012,2350,2350,-165.0390625,"false","BioR1132",2026-06-30 09:30:00,181,15.0166666666667,25,30,30,9,0,6,2026,2026-06-30 09:30:00,2699.7070316
"399064","BiosphereDendrometer_",14,"2026-06-30 16:40:44","2026-06-30T9:40:44",16168,4.128222466,4100.830078,26.84000015,92.98999786,0.24757044,"UAGuest",0,"Green",1012,2345,2344,-167.4804688,"false","BioR1132",2026-06-30 09:45:00,181,15.0166666666667,40,45,30,9,0,6,2026,2026-06-30 09:45:00,2697.2656253
"399074","BiosphereDendrometer_",14,"2026-06-30 16:55:45","2026-06-30T9:55:45",16169,4.131445408,4095.99585,26.94000053,93.30999756,0.237660408,"UAGuest",0,"Green",1013,2338,2338,-170.8984375,"false","BioR1132",2026-06-30 10:00:00,181,15.0166666666667,55,0,30,10,0,6,2026,2026-06-30 10:00:00,2693.8476566
"399084","BiosphereDendrometer_",14,"2026-06-30 17:10:46","2026-06-30T10:10:46",16170,4.125,4091.162109,27.04999924,93.30000305,0.239556462,"UAGuest",0,"Green",1012,2332,2332,-173.828125,"false","BioR1132",2026-06-30 10:15:00,181,15.0166666666667,10,15,30,10,0,6,2026,2026-06-30 10:15:00,2690.9179691
"399094","BiosphereDendrometer_",14,"2026-06-30 17:25:47","2026-06-30T10:25:47",16171,4.131445408,4092.773438,27.18000031,93.65000153,0.228779018,"UAGuest",0,"Green",1013,2325,2325,-177.2460938,"false","BioR1132",2026-06-30 10:30:00,181,15.0166666666667,25,30,30,10,0,6,2026,2026-06-30 10:30:00,2687.5000003
"399107","BiosphereDendrometer_",14,"2026-06-30 17:40:48","2026-06-30T10:40:48",16172,4.126611233,4092.773438,27.29000092,93.87999725,0.221917614,"UAGuest",0,"Green",1013,2320,2318,-179.6875,"false","BioR1132",2026-06-30 10:45:00,181,15.0166666666667,40,45,30,10,0,6,2026,2026-06-30 10:45:00,2685.0585941
"399117","BiosphereDendrometer_",14,"2026-06-30 17:55:49","2026-06-30T10:55:49",16173,4.125,4094.384766,27.38999939,93.87000275,0.223584518,"UAGuest",0,"Green",1013,2311,2311,-184.0820313,"false","BioR1132",2026-06-30 11:00:00,181,15.0166666666667,55,0,30,11,0,6,2026,2026-06-30 11:00:00,2680.6640628
"399124","BiosphereDendrometer_",14,"2026-06-30 18:10:50","2026-06-30T11:10:50",16174,4.129834175,4089.551025,27.46999931,94.12999725,0.215105385,"UAGuest",0,"Green",1011,2303,2303,-187.9882813,"false","BioR1132",2026-06-30 11:15:00,181,15.0166666666667,10,15,30,11,0,6,2026,2026-06-30 11:15:00,2676.7578128
"399134","BiosphereDendrometer_",14,"2026-06-30 18:25:51","2026-06-30T11:25:51",16175,4.126611233,4092.773438,27.62000084,94.08000183,0.218847036,"UAGuest",0,"Green",1011,2295,2295,-191.8945313,"false","BioR1132",2026-06-30 11:30:00,181,15.0166666666667,25,30,30,11,0,6,2026,2026-06-30 11:30:00,2672.8515628
"399144","BiosphereDendrometer_",14,"2026-06-30 18:40:52","2026-06-30T11:40:52",16176,4.123388767,4091.162109,27.70999908,94.23999786,0.214053899,"UAGuest",0,"Green",1012,2289,2288,-194.8242188,"false","BioR1132",2026-06-30 11:45:00,181,15.0166666666667,40,45,30,11,0,6,2026,2026-06-30 11:45:00,2669.9218753
"399154","BiosphereDendrometer_",14,"2026-06-30 18:56:5","2026-06-30T11:56:5",16177,4.126611233,4094.384766,27.76000023,94.43000031,0.207597733,"null",-100,"Green",1010,2280,2279,-199.21875,"false","BioR1132",2026-06-30 12:00:00,181,15.2166666666667,56,0,30,12,0,6,2026,2026-06-30 12:00:00,2665.5273441
"399164","BiosphereDendrometer_",14,"2026-06-30 19:11:56","2026-06-30T12:11:56",16178,4.131445408,4095.99585,27.88999939,94.43000031,0.209177092,"UAGuest",0,"Green",1012,2268,2267,-205.078125,"false","BioR1132",2026-06-30 12:15:00,181,15.85,11,15,30,12,0,6,2026,2026-06-30 12:15:00,2659.6679691
"399174","BiosphereDendrometer_",14,"2026-06-30 19:26:57","2026-06-30T12:26:57",16179,4.129834175,4092.773438,27.96999931,94.69999695,0.19996731,"UAGuest",0,"Green",1013,2256,2255,-210.9375,"false","BioR1132",2026-06-30 12:30:00,181,15.0166666666667,26,30,30,12,0,6,2026,2026-06-30 12:30:00,2653.8085941
"399184","BiosphereDendrometer_",14,"2026-06-30 19:41:58","2026-06-30T12:41:58",16180,4.125,4092.773438,28.12000084,94.51999664,0.208571717,"UAGuest",0,"Green",1009,2239,2240,-219.2382813,"false","BioR1132",2026-06-30 12:45:00,181,15.0166666666667,41,45,30,12,0,6,2026,2026-06-30 12:45:00,2645.5078128
"399194","BiosphereDendrometer_",14,"2026-06-30 19:56:59","2026-06-30T12:56:59",16181,4.123388767,4092.773438,28.20999908,94.58999634,0.206987932,"UAGuest",0,"Green",1012,2225,2224,-226.0742188,"false","BioR1132",2026-06-30 13:00:00,181,15.0166666666667,56,0,30,13,0,6,2026,2026-06-30 13:00:00,2638.6718753
"399204","BiosphereDendrometer_",14,"2026-06-30 20:12:0","2026-06-30T13:12:0",16182,4.128222466,4091.162109,28.25,94.77999878,0.200183302,"UAGuest",0,"Green",1012,2211,2211,-232.9101563,"false","BioR1132",2026-06-30 13:15:00,181,15.0166666666667,12,15,30,13,0,6,2026,2026-06-30 13:15:00,2631.8359378
"399217","BiosphereDendrometer_",14,"2026-06-30 20:27:1","2026-06-30T13:27:1",16183,4.126611233,4091.162109,28.38999939,94.72000122,0.204137415,"UAGuest",0,"Green",1012,2203,2201,-236.8164063,"false","BioR1132",2026-06-30 13:30:00,181,15.0166666666667,27,30,30,13,0,6,2026,2026-06-30 13:30:00,2627.9296878
"399224","BiosphereDendrometer_",14,"2026-06-30 20:42:2","2026-06-30T13:42:2",16184,4.129834175,4091.162109,28.37000084,94.83000183,0.199652597,"UAGuest",0,"Green",1010,2197,2196,-239.7460938,"false","BioR1132",2026-06-30 13:45:00,181,15.0166666666667,42,45,30,13,0,6,2026,2026-06-30 13:45:00,2625.0000003
"399234","BiosphereDendrometer_",14,"2026-06-30 20:57:3","2026-06-30T13:57:3",16185,4.126611233,4089.551025,28.40999985,94.80999756,0.200891018,"UAGuest",0,"Green",1010,2194,2192,-241.2109375,"false","BioR1132",2026-06-30 14:00:00,181,15.0166666666667,57,0,30,14,0,6,2026,2026-06-30 14:00:00,2623.5351566
"399244","BiosphereDendrometer_",14,"2026-06-30 21:12:4","2026-06-30T14:12:4",16186,4.126611233,4091.162109,28.72999954,94.51999664,0.216088027,"UAGuest",0,"Green",1008,2194,2193,-241.2109375,"false","BioR1132",2026-06-30 14:15:00,181,15.0166666666667,12,15,30,14,0,6,2026,2026-06-30 14:15:00,2623.5351566
"399254","BiosphereDendrometer_",14,"2026-06-30 21:27:5","2026-06-30T14:27:5",16187,4.125,4094.384766,28.79000092,94.69999695,0.209717438,"UAGuest",0,"Green",1013,2196,2195,-240.234375,"false","BioR1132",2026-06-30 14:30:00,181,15.0166666666667,27,30,30,14,0,6,2026,2026-06-30 14:30:00,2624.5117191
"399264","BiosphereDendrometer_",14,"2026-06-30 21:42:6","2026-06-30T14:42:6",16188,4.121777534,4091.162109,28.46999931,94.79000092,0.202368453,"UAGuest",0,"Green",1013,2199,2199,-238.7695313,"false","BioR1132",2026-06-30 14:45:00,181,15.0166666666667,42,45,30,14,0,6,2026,2026-06-30 14:45:00,2625.9765628
"399274","BiosphereDendrometer_",14,"2026-06-30 21:57:7","2026-06-30T14:57:7",16189,4.125,4092.773438,28.45000076,95.31999969,0.181571275,"UAGuest",0,"Green",1014,2206,2204,-235.3515625,"false","BioR1132",2026-06-30 15:00:00,181,15.0166666666667,57,0,30,15,0,6,2026,2026-06-30 15:00:00,2629.3945316
"399284","BiosphereDendrometer_",14,"2026-06-30 22:12:8","2026-06-30T15:12:8",16190,4.121777534,4095.99585,29.04000092,95.86000061,0.166202322,"UAGuest",0,"Green",1012,2216,2215,-230.46875,"false","BioR1132",2026-06-30 15:15:00,181,15.0166666666667,12,15,30,15,0,6,2026,2026-06-30 15:15:00,2634.2773441
"399294","BiosphereDendrometer_",14,"2026-06-30 22:27:9","2026-06-30T15:27:9",16191,4.126611233,4091.162109,29.34000015,94.44000244,0.227106497,"UAGuest",0,"Green",1009,2225,2225,-226.0742188,"false","BioR1132",2026-06-30 15:30:00,181,15.0166666666667,27,30,30,15,0,6,2026,2026-06-30 15:30:00,2638.6718753
"399304","BiosphereDendrometer_",14,"2026-06-30 22:42:10","2026-06-30T15:42:10",16192,4.125,4092.773438,29.38999939,94.31999969,0.232677653,"UAGuest",0,"Green",1012,2238,2236,-219.7265625,"false","BioR1132",2026-06-30 15:45:00,181,15.0166666666667,42,45,30,15,0,6,2026,2026-06-30 15:45:00,2645.0195316
"399317","BiosphereDendrometer_",14,"2026-06-30 22:57:23","2026-06-30T15:57:23",16193,4.123388767,4092.773438,29.40999985,94.68000031,0.218181744,"null",-100,"Green",1011,2247,2246,-215.3320313,"false","BioR1132",2026-06-30 16:00:00,181,15.2166666666667,57,0,30,16,0,6,2026,2026-06-30 16:00:00,2649.4140628
"399324","BiosphereDendrometer_",14,"2026-06-30 23:13:14","2026-06-30T16:13:14",16194,4.128222466,4092.773438,29.25,93.87000275,0.249092996,"UAGuest",0,"Green",1012,2258,2257,-209.9609375,"false","BioR1132",2026-06-30 16:15:00,181,15.85,13,15,30,16,0,6,2026,2026-06-30 16:15:00,2654.7851566
"399334","BiosphereDendrometer_",14,"2026-06-30 23:28:15","2026-06-30T16:28:15",16195,4.121777534,4089.551025,29.10000038,93.51000214,0.261448532,"UAGuest",0,"Green",1012,2266,2266,-206.0546875,"false","BioR1132",2026-06-30 16:30:00,181,15.0166666666667,28,30,30,16,0,6,2026,2026-06-30 16:30:00,2658.6914066
"399344","BiosphereDendrometer_",14,"2026-06-30 23:43:16","2026-06-30T16:43:16",16196,4.121777534,4095.99585,30.12999916,95.94000244,0.17353949,"UAGuest",0,"Green",1014,2278,2277,-200.1953125,"false","BioR1132",2026-06-30 16:45:00,181,15.0166666666667,43,45,30,16,0,6,2026,2026-06-30 16:45:00,2664.5507816
"399354","BiosphereDendrometer_",14,"2026-06-30 23:58:17","2026-06-30T16:58:17",16197,4.121777534,4091.162109,30.68000031,94.48999786,0.243042827,"UAGuest",0,"Green",1013,2289,2289,-194.8242188,"false","BioR1132",2026-06-30 17:00:00,181,15.0166666666667,58,0,30,17,0,6,2026,2026-06-30 17:00:00,2669.9218753
"399364","BiosphereDendrometer_",14,"2026-07-01 0:13:18","2026-06-30T17:13:18",16198,4.118554592,4091.162109,30.95999908,95.13999939,0.217820823,"UAGuest",0,"Green",1010,2302,2301,-188.4765625,"false","BioR1132",2026-06-30 17:15:00,181,15.0166666666667,13,15,30,17,0,6,2026,2026-06-30 17:15:00,2676.2695316
"399374","BiosphereDendrometer_",14,"2026-07-01 0:28:19","2026-06-30T17:28:19",16199,4.126611233,4089.551025,31.26000023,95.40000153,0.209716216,"UAGuest",0,"Green",1013,2314,2314,-182.6171875,"false","BioR1132",2026-06-30 17:30:00,181,15.0166666666667,28,30,30,17,0,6,2026,2026-06-30 17:30:00,2682.1289066
"399384","BiosphereDendrometer_",14,"2026-07-01 0:43:20","2026-06-30T17:43:20",16200,4.118554592,4092.773438,31.42000008,94.38999939,0.258096963,"UAGuest",0,"Green",1012,2326,2326,-176.7578125,"false","BioR1132",2026-06-30 17:45:00,181,15.0166666666667,43,45,30,17,0,6,2026,2026-06-30 17:45:00,2687.9882816
"399394","BiosphereDendrometer_",14,"2026-07-01 0:58:21","2026-06-30T17:58:21",16201,4.121777534,4089.551025,31.46999931,93.93000031,0.280053318,"UAGuest",0,"Green",1010,2336,2336,-171.875,"false","BioR1132",2026-06-30 18:00:00,181,15.0166666666667,58,0,30,18,0,6,2026,2026-06-30 18:00:00,2692.8710941
"399404","BiosphereDendrometer_",14,"2026-07-01 1:13:22","2026-06-30T18:13:22",16202,4.125,4087.939209,31.43000031,93.23000336,0.311641216,"UAGuest",0,"Green",1009,2346,2346,-166.9921875,"false","BioR1132",2026-06-30 18:15:00,181,15.0166666666667,13,15,30,18,0,6,2026,2026-06-30 18:15:00,2697.7539066
"399417","BiosphereDendrometer_",14,"2026-07-01 1:28:23","2026-06-30T18:28:23",16203,4.121777534,4089.551025,31.29999924,92.65000153,0.335852176,"UAGuest",0,"Green",1012,2358,2355,-161.1328125,"false","BioR1132",2026-06-30 18:30:00,181,15.0166666666667,28,30,30,18,0,6,2026,2026-06-30 18:30:00,2703.6132816
"399424","BiosphereDendrometer_",14,"2026-07-01 1:43:24","2026-06-30T18:43:24",16204,4.120165825,4087.939209,31.14999962,92.05000305,0.360184908,"UAGuest",0,"Green",1012,2365,2365,-157.7148438,"false","BioR1132",2026-06-30 18:45:00,181,15.0166666666667,43,45,30,18,0,6,2026,2026-06-30 18:45:00,2707.0312503
"399434","BiosphereDendrometer_",14,"2026-07-01 1:58:25","2026-06-30T18:58:25",16205,4.118554592,4081.494385,30.40999985,91.30000305,0.377878219,"UAGuest",0,"Green",1012,2373,2373,-153.8085938,"false","BioR1132",2026-06-30 19:00:00,181,15.0166666666667,58,0,30,19,0,6,2026,2026-06-30 19:00:00,2710.9375003
"399444","BiosphereDendrometer_",14,"2026-07-01 2:13:26","2026-06-30T19:13:26",16206,4.121777534,4089.551025,30.13999939,90.66000366,0.399454892,"UAGuest",0,"Green",1012,2381,2381,-149.9023438,"false","BioR1132",2026-06-30 19:15:00,181,15.0166666666667,13,15,30,19,0,6,2026,2026-06-30 19:15:00,2714.8437503
"399454","BiosphereDendrometer_",14,"2026-07-01 2:28:27","2026-06-30T19:28:27",16207,4.116943359,4083.105469,29.95999908,89.43000031,0.447418779,"UAGuest",0,"Green",1012,2387,2387,-146.9726563,"false","BioR1132",2026-06-30 19:30:00,181,15.0166666666667,28,30,30,19,0,6,2026,2026-06-30 19:30:00,2717.7734378
"399464","BiosphereDendrometer_",14,"2026-07-01 2:43:28","2026-06-30T19:43:28",16208,4.121777534,4086.328125,29.76000023,88.30000305,0.489596039,"UAGuest",0,"Green",1011,2394,2392,-143.5546875,"false","BioR1132",2026-06-30 19:45:00,181,15.0166666666667,43,45,30,19,0,6,2026,2026-06-30 19:45:00,2721.1914066
"399474","BiosphereDendrometer_",14,"2026-07-01 2:58:41","2026-06-30T19:58:41",16209,4.123388767,4092.773438,29.52000046,87.36000061,0.521680713,"null",-100,"Green",1011,2397,2397,-142.0898438,"false","BioR1132",2026-06-30 20:00:00,181,15.2166666666667,58,0,30,20,0,6,2026,2026-06-30 20:00:00,2722.6562503
"399484","BiosphereDendrometer_",14,"2026-07-01 3:14:32","2026-06-30T20:14:32",16210,4.123388767,4084.716797,29.34000015,87.27999878,0.51956749,"UAGuest",0,"Green",1015,2401,2401,-140.1367188,"false","BioR1132",2026-06-30 20:15:00,181,15.85,14,15,30,20,0,6,2026,2026-06-30 20:15:00,2724.6093753
"399494","BiosphereDendrometer_",14,"2026-07-01 3:29:33","2026-06-30T20:29:33",16211,4.118554592,4087.939209,29.11000061,86.79000092,0.532469988,"UAGuest",0,"Green",1009,2404,2404,-138.671875,"false","BioR1132",2026-06-30 20:30:00,181,15.0166666666667,29,30,30,20,0,6,2026,2026-06-30 20:30:00,2726.0742191
"399504","BiosphereDendrometer_",14,"2026-07-01 3:44:34","2026-06-30T20:44:34",16212,4.116943359,4084.716797,28.98999977,86.83999634,0.52679038,"UAGuest",0,"Green",1009,2408,2407,-136.71875,"false","BioR1132",2026-06-30 20:45:00,181,15.0166666666667,44,45,30,20,0,6,2026,2026-06-30 20:45:00,2728.0273441
"399517","BiosphereDendrometer_",14,"2026-07-01 3:59:35","2026-06-30T20:59:35",16213,4.120165825,4091.162109,28.75,86.13999939,0.547162116,"UAGuest",0,"Green",1012,2409,2409,-136.2304688,"false","BioR1132",2026-06-30 21:00:00,181,15.0166666666667,59,0,30,21,0,6,2026,2026-06-30 21:00:00,2728.5156253
"399524","BiosphereDendrometer_",14,"2026-07-01 4:14:36","2026-06-30T21:14:36",16214,4.118554592,4081.494385,28.51000023,86.56999969,0.522864103,"UAGuest",0,"Green",1010,2411,2412,-135.2539063,"false","BioR1132",2026-06-30 21:15:00,181,15.0166666666667,14,15,30,21,0,6,2026,2026-06-30 21:15:00,2729.4921878
"399534","BiosphereDendrometer_",14,"2026-07-01 4:29:37","2026-06-30T21:29:37",16215,4.120165825,4087.939209,28.30999947,85.23999786,0.568011999,"UAGuest",0,"Green",1010,2415,2414,-133.3007813,"false","BioR1132",2026-06-30 21:30:00,181,15.0166666666667,29,30,30,21,0,6,2026,2026-06-30 21:30:00,2731.4453128
"399544","BiosphereDendrometer_",14,"2026-07-01 4:44:38","2026-06-30T21:44:38",16216,4.118554592,4081.494385,28.04000092,85.86000061,0.535676062,"UAGuest",0,"Green",1010,2416,2415,-132.8125,"false","BioR1132",2026-06-30 21:45:00,181,15.0166666666667,44,45,30,21,0,6,2026,2026-06-30 21:45:00,2731.9335941
"399554","BiosphereDendrometer_",14,"2026-07-01 4:59:39","2026-06-30T21:59:39",16217,4.121777534,4083.105469,27.95999908,85.23000336,0.556942403,"UAGuest",0,"Green",1011,2418,2416,-131.8359375,"false","BioR1132",2026-06-30 22:00:00,181,15.0166666666667,59,0,30,22,0,6,2026,2026-06-30 22:00:00,2732.9101566
"399564","BiosphereDendrometer_",14,"2026-07-01 5:14:40","2026-06-30T22:14:40",16218,4.118554592,4084.716797,27.70000076,83.76000214,0.603160858,"UAGuest",0,"Green",1013,2419,2418,-131.3476563,"false","BioR1132",2026-06-30 22:15:00,181,15.0166666666667,14,15,30,22,0,6,2026,2026-06-30 22:15:00,2733.3984378
"399574","BiosphereDendrometer_",14,"2026-07-01 5:29:41","2026-06-30T22:29:41",16219,4.120165825,4091.162109,27.54000092,84.09999847,0.585041881,"UAGuest",0,"Green",1013,2420,2419,-130.859375,"false","BioR1132",2026-06-30 22:30:00,181,15.0166666666667,29,30,30,22,0,6,2026,2026-06-30 22:30:00,2733.8867191
"399584","BiosphereDendrometer_",14,"2026-07-01 5:44:42","2026-06-30T22:44:42",16220,4.115332127,4084.716797,27.40999985,83.80999756,0.591202676,"UAGuest",0,"Green",1015,2420,2420,-130.859375,"false","BioR1132",2026-06-30 22:45:00,181,15.0166666666667,44,45,30,22,0,6,2026,2026-06-30 22:45:00,2733.8867191
"399594","BiosphereDendrometer_",14,"2026-07-01 5:59:43","2026-06-30T22:59:43",16221,4.118554592,4084.716797,27.30999947,83.76999664,0.58920604,"UAGuest",0,"Green",1014,2421,2421,-130.3710938,"false","BioR1132",2026-06-30 23:00:00,181,15.0166666666667,59,0,30,23,0,6,2026,2026-06-30 23:00:00,2734.3750003
"399604","BiosphereDendrometer_",14,"2026-07-01 6:14:44","2026-06-30T23:14:44",16222,4.120165825,4081.494385,27.13999939,84.01999664,0.574382961,"UAGuest",0,"Green",1014,2423,2421,-129.3945313,"false","BioR1132",2026-06-30 23:15:00,181,15.0166666666667,14,15,30,23,0,6,2026,2026-06-30 23:15:00,2735.3515628
"399617","BiosphereDendrometer_",14,"2026-07-01 6:29:45","2026-06-30T23:29:45",16223,4.113720894,4081.494385,26.97999954,82.94000244,0.607475877,"UAGuest",0,"Green",1011,2423,2422,-129.3945313,"false","BioR1132",2026-06-30 23:30:00,181,15.0166666666667,29,30,30,23,0,6,2026,2026-06-30 23:30:00,2735.3515628
"399624","BiosphereDendrometer_",14,"2026-07-01 6:44:46","2026-06-30T23:44:46",16224,4.115332127,4079.882568,26.84000015,82.98000336,0.601091027,"UAGuest",0,"Green",1012,2423,2423,-129.3945313,"false","BioR1132",2026-06-30 23:45:00,181,15.0166666666667,44,45,30,23,0,6,2026,2026-06-30 23:45:00,2735.3515628
"399634","BiosphereDendrometer_",14,"2026-07-01 6:59:59","2026-06-30T23:59:59",16225,4.115332127,4086.328125,26.68000031,83.72000122,0.569575429,"null",-100,"Green",1014,2424,2423,-128.90625,"false","BioR1132",2026-07-01,181,15.2166666666667,59,0,1,0,0,7,2026,2026-07-01,2735.8398441
"399644","BiosphereDendrometer_",14,"2026-07-01 7:15:50","2026-07-01T0:15:50",16226,4.123388767,4087.939209,26.54000092,83.20999908,0.582599521,"UAGuest",0,"Green",1013,2424,2424,-128.90625,"false","BioR1132",2026-07-01 00:15:00,182,15.85,15,15,1,0,0,7,2026,2026-07-01 00:15:00,2735.8398441
"399654","BiosphereDendrometer_",14,"2026-07-01 7:30:51","2026-07-01T0:30:51",16227,4.118554592,4078.271484,26.40999985,82.91999817,0.58814168,"UAGuest",0,"Green",1012,2425,2425,-128.4179688,"false","BioR1132",2026-07-01 00:30:00,182,15.0166666666667,30,30,1,0,0,7,2026,2026-07-01 00:30:00,2736.3281253
"399664","BiosphereDendrometer_",14,"2026-07-01 7:45:52","2026-07-01T0:45:52",16228,4.115332127,4078.271484,26.29999924,82.36000061,0.603498638,"UAGuest",0,"Green",1012,2428,2426,-126.953125,"false","BioR1132",2026-07-01 00:45:00,182,15.0166666666667,45,45,1,0,0,7,2026,2026-07-01 00:45:00,2737.7929691
"399674","BiosphereDendrometer_",14,"2026-07-01 8:0:53","2026-07-01T1:0:53",16229,4.116943359,4076.660156,26.14999962,81.31999969,0.63344717,"UAGuest",0,"Green",1014,2427,2426,-127.4414063,"false","BioR1132",2026-07-01 01:00:00,182,15.0166666666667,0,0,1,1,0,7,2026,2026-07-01 01:00:00,2737.3046878
"399684","BiosphereDendrometer_",14,"2026-07-01 8:15:54","2026-07-01T1:15:54",16230,4.115332127,4079.882568,26.12000084,82.31999969,0.598475575,"UAGuest",0,"Green",1011,2428,2427,-126.953125,"false","BioR1132",2026-07-01 01:15:00,182,15.0166666666667,15,15,1,1,0,7,2026,2026-07-01 01:15:00,2737.7929691
"399694","BiosphereDendrometer_",14,"2026-07-01 8:30:55","2026-07-01T1:30:55",16231,4.112109184,4079.882568,25.97999954,82.15000153,0.599252224,"UAGuest",0,"Green",1012,2428,2428,-126.953125,"false","BioR1132",2026-07-01 01:30:00,182,15.0166666666667,30,30,1,1,0,7,2026,2026-07-01 01:30:00,2737.7929691
"399704","BiosphereDendrometer_",14,"2026-07-01 8:45:56","2026-07-01T1:45:56",16232,4.112109184,4081.494385,25.90999985,81.95999908,0.603129029,"UAGuest",0,"Green",1015,2429,2429,-126.4648438,"false","BioR1132",2026-07-01 01:45:00,182,15.0166666666667,45,45,1,1,0,7,2026,2026-07-01 01:45:00,2738.2812503
"399717","BiosphereDendrometer_",14,"2026-07-01 9:0:57","2026-07-01T2:0:57",16233,4.112109184,4083.105469,25.79999924,81.75,0.606190979,"UAGuest",0,"Green",1015,2430,2429,-125.9765625,"false","BioR1132",2026-07-01 02:00:00,182,15.0166666666667,0,0,1,2,0,7,2026,2026-07-01 02:00:00,2738.7695316
"399724","BiosphereDendrometer_",14,"2026-07-01 9:15:58","2026-07-01T2:15:58",16234,4.115332127,4079.882568,25.71999931,81.69000244,0.605309427,"UAGuest",0,"Green",1012,2430,2430,-125.9765625,"false","BioR1132",2026-07-01 02:15:00,182,15.0166666666667,15,15,1,2,0,7,2026,2026-07-01 02:15:00,2738.7695316
"399734","BiosphereDendrometer_",14,"2026-07-01 9:30:59","2026-07-01T2:30:59",16235,4.115332127,4079.882568,25.64999962,81.98999786,0.592927456,"UAGuest",0,"Green",1011,2431,2431,-125.4882813,"false","BioR1132",2026-07-01 02:30:00,182,15.0166666666667,30,30,1,2,0,7,2026,2026-07-01 02:30:00,2739.2578128
"399744","BiosphereDendrometer_",14,"2026-07-01 9:46:0","2026-07-01T2:46:0",16236,4.112109184,4078.271484,25.56999969,81.44999695,0.607815742,"UAGuest",0,"Green",1011,2432,2432,-125,"false","BioR1132",2026-07-01 02:45:00,182,15.0166666666667,46,45,1,2,0,7,2026,2026-07-01 02:45:00,2739.7460941
"399754","BiosphereDendrometer_",14,"2026-07-01 10:1:1","2026-07-01T3:1:1",16237,4.116943359,4076.660156,25.53000069,80.90000153,0.624354005,"UAGuest",0,"Green",1011,2433,2432,-124.5117188,"false","BioR1132",2026-07-01 03:00:00,182,15.0166666666667,1,0,1,3,0,7,2026,2026-07-01 03:00:00,2740.2343753
"399764","BiosphereDendrometer_",14,"2026-07-01 10:16:2","2026-07-01T3:16:2",16238,4.112109184,4076.660156,25.51000023,81.83000183,0.593249202,"UAGuest",0,"Green",1011,2434,2434,-124.0234375,"false","BioR1132",2026-07-01 03:15:00,182,15.0166666666667,16,15,1,3,0,7,2026,2026-07-01 03:15:00,2740.7226566
"399774","BiosphereDendrometer_",14,"2026-07-01 10:31:3","2026-07-01T3:31:3",16239,4.112109184,4076.660156,25.37999916,81.5,0.599380314,"UAGuest",0,"Green",1010,2435,2434,-123.5351563,"false","BioR1132",2026-07-01 03:30:00,182,15.0166666666667,31,30,1,3,0,7,2026,2026-07-01 03:30:00,2741.2109378
"399784","BiosphereDendrometer_",14,"2026-07-01 10:46:4","2026-07-01T3:46:4",16240,4.113720894,4078.271484,25.35000038,80.79000092,0.621275544,"UAGuest",0,"Green",1009,2435,2435,-123.5351563,"false","BioR1132",2026-07-01 03:45:00,182,15.0166666666667,46,45,1,3,0,7,2026,2026-07-01 03:45:00,2741.2109378
"399794","BiosphereDendrometer_",14,"2026-07-01 11:1:17","2026-07-01T4:1:17",16241,4.112109184,4075.048828,25.34000015,82.05000305,0.580180764,"null",-100,"Green",1012,2437,2436,-122.5585938,"false","BioR1132",2026-07-01 04:00:00,182,15.2166666666667,1,0,1,4,0,7,2026,2026-07-01 04:00:00,2742.1875003
"399804","BiosphereDendrometer_",14,"2026-07-01 11:17:8","2026-07-01T4:17:8",16242,4.113720894,4081.494385,25.27000046,81.56999969,0.593222618,"UAGuest",0,"Green",1012,2437,2437,-122.5585938,"false","BioR1132",2026-07-01 04:15:00,182,15.85,17,15,1,4,0,7,2026,2026-07-01 04:15:00,2742.1875003
"399817","BiosphereDendrometer_",14,"2026-07-01 11:32:9","2026-07-01T4:32:9",16243,4.113720894,4078.271484,25.12999916,81.83000183,0.580004334,"UAGuest",0,"Green",1011,2439,2438,-121.5820313,"false","BioR1132",2026-07-01 04:30:00,182,15.0166666666667,32,30,1,4,0,7,2026,2026-07-01 04:30:00,2743.1640628
"399824","BiosphereDendrometer_",14,"2026-07-01 11:47:10","2026-07-01T4:47:10",16244,4.110497952,4079.882568,25.19000053,81.65000153,0.58784467,"UAGuest",0,"Green",1011,2440,2439,-121.09375,"false","BioR1132",2026-07-01 04:45:00,182,15.0166666666667,47,45,1,4,0,7,2026,2026-07-01 04:45:00,2743.6523441
"399834","BiosphereDendrometer_",14,"2026-07-01 12:2:11","2026-07-01T5:2:11",16245,4.108886719,4073.437744,25.09000015,81.51999664,0.5884974,"UAGuest",0,"Green",1011,2440,2440,-121.09375,"false","BioR1132",2026-07-01 05:00:00,182,15.0166666666667,2,0,1,5,0,7,2026,2026-07-01 05:00:00,2743.6523441
"399844","BiosphereDendrometer_",14,"2026-07-01 12:17:12","2026-07-01T5:17:12",16246,4.113720894,4071.825928,24.95999908,81.72000122,0.577638924,"UAGuest",0,"Green",1009,2440,2441,-121.09375,"false","BioR1132",2026-07-01 05:15:00,182,15.0166666666667,17,15,1,5,0,7,2026,2026-07-01 05:15:00,2743.6523441
"399854","BiosphereDendrometer_",14,"2026-07-01 12:32:13","2026-07-01T5:32:13",16247,4.113720894,4076.660156,24.95000076,81.61000061,0.580768824,"UAGuest",0,"Green",1011,2442,2442,-120.1171875,"false","BioR1132",2026-07-01 05:30:00,182,15.0166666666667,32,30,1,5,0,7,2026,2026-07-01 05:30:00,2744.6289066
"399864","BiosphereDendrometer_",14,"2026-07-01 12:47:14","2026-07-01T5:47:14",16248,4.108886719,4076.660156,24.87000084,79.27999878,0.651239038,"UAGuest",0,"Green",1009,2443,2442,-119.6289063,"false","BioR1132",2026-07-01 05:45:00,182,15.0166666666667,47,45,1,5,0,7,2026,2026-07-01 05:45:00,2745.1171878
"399874","BiosphereDendrometer_",14,"2026-07-01 13:2:15","2026-07-01T6:2:15",16249,4.105664253,4079.882568,23.34000015,77.95999908,0.631993413,"UAGuest",0,"Green",1013,2438,2436,-122.0703125,"false","BioR1132",2026-07-01 06:00:00,182,15.0166666666667,2,0,1,6,0,7,2026,2026-07-01 06:00:00,2742.6757816
"399884","BiosphereDendrometer_",14,"2026-07-01 13:17:16","2026-07-01T6:17:16",16250,4.110497952,4078.271484,22.78000069,79.58999634,0.56577158,"UAGuest",0,"Green",1011,2429,2429,-126.4648438,"false","BioR1132",2026-07-01 06:15:00,182,15.0166666666667,17,15,1,6,0,7,2026,2026-07-01 06:15:00,2738.2812503
"399894","BiosphereDendrometer_",14,"2026-07-01 13:32:17","2026-07-01T6:32:17",16251,4.105664253,4076.660156,22.70999908,81.41000366,0.513139129,"UAGuest",0,"Green",1010,2422,2421,-129.8828125,"false","BioR1132",2026-07-01 06:30:00,182,15.0166666666667,32,30,1,6,0,7,2026,2026-07-01 06:30:00,2734.8632816
"399904","BiosphereDendrometer_",14,"2026-07-01 13:47:18","2026-07-01T6:47:18",16252,4.110497952,4075.048828,22.82999992,82.23000336,0.494084001,"UAGuest",0,"Green",1011,2416,2415,-132.8125,"false","BioR1132",2026-07-01 06:45:00,182,15.0166666666667,47,45,1,6,0,7,2026,2026-07-01 06:45:00,2731.9335941
"399917","BiosphereDendrometer_",14,"2026-07-01 14:2:19","2026-07-01T7:2:19",16253,4.105664253,4073.437744,22.96999931,82.44999695,0.492119789,"UAGuest",0,"Green",1010,2411,2410,-135.2539063,"false","BioR1132",2026-07-01 07:00:00,182,15.0166666666667,2,0,1,7,0,7,2026,2026-07-01 07:00:00,2729.4921878
"399924","BiosphereDendrometer_",14,"2026-07-01 14:17:20","2026-07-01T7:17:20",16254,4.110497952,4071.825928,22.52000046,84.15000153,0.432493329,"UAGuest",0,"Green",1012,2407,2408,-137.2070313,"false","BioR1132",2026-07-01 07:15:00,182,15.0166666666667,17,15,1,7,0,7,2026,2026-07-01 07:15:00,2727.5390628
"399934","BiosphereDendrometer_",14,"2026-07-01 14:32:21","2026-07-01T7:32:21",16255,4.107275486,4078.271484,22.25,85.66000366,0.384922713,"UAGuest",0,"Green",1011,2405,2404,-138.1835938,"false","BioR1132",2026-07-01 07:30:00,182,15.0166666666667,32,30,1,7,0,7,2026,2026-07-01 07:30:00,2726.5625003
"399944","BiosphereDendrometer_",14,"2026-07-01 14:47:22","2026-07-01T7:47:22",16256,4.110497952,4073.437744,22.20000076,85.88999939,0.377598554,"UAGuest",0,"Green",1013,2400,2400,-140.625,"false","BioR1132",2026-07-01 07:45:00,182,15.0166666666667,47,45,1,7,0,7,2026,2026-07-01 07:45:00,2724.1210941
"399954","BiosphereDendrometer_",14,"2026-07-01 15:2:35","2026-07-01T8:2:35",16257,4.084716797,4046.044922,22.26000023,86.51000214,0.36232689,"UAGuest",-72,"Green",1012,2396,2395,-142.578125,"false","BioR1132",2026-07-01 08:00:00,182,15.2166666666667,2,0,1,8,0,7,2026,2026-07-01 08:00:00,2722.1679691
"399964","BiosphereDendrometer_",14,"2026-07-01 15:17:46","2026-07-01T8:17:46",16258,4.115332127,4073.437744,22.37999916,86.51999664,0.364709616,"UAGuest",0,"Green",1015,2390,2388,-145.5078125,"false","BioR1132",2026-07-01 08:15:00,182,15.1833333333333,17,15,1,8,0,7,2026,2026-07-01 08:15:00,2719.2382816
"399974","BiosphereDendrometer_",14,"2026-07-01 15:32:47","2026-07-01T8:32:47",16259,4.102441311,4070.214844,22.56999969,86.94000244,0.3574467,"UAGuest",0,"Green",1010,2383,2383,-148.9257813,"false","BioR1132",2026-07-01 08:30:00,182,15.0166666666667,32,30,1,8,0,7,2026,2026-07-01 08:30:00,2715.8203128
"399984","BiosphereDendrometer_",14,"2026-07-01 15:47:48","2026-07-01T8:47:48",16260,4.107275486,4071.825928,22.87000084,88.54000092,0.319411069,"UAGuest",0,"Green",1011,2379,2378,-150.8789063,"false","BioR1132",2026-07-01 08:45:00,182,15.0166666666667,47,45,1,8,0,7,2026,2026-07-01 08:45:00,2713.8671878
"399994","BiosphereDendrometer_",14,"2026-07-01 16:2:49","2026-07-01T9:2:49",16261,4.105664253,4070.214844,24.40999985,92.19000244,0.238819346,"UAGuest",0,"Green",1009,2374,2375,-153.3203125,"false","BioR1132",2026-07-01 09:00:00,182,15.0166666666667,2,0,1,9,0,7,2026,2026-07-01 09:00:00,2711.4257816
"400004","BiosphereDendrometer_",14,"2026-07-01 16:17:50","2026-07-01T9:17:50",16262,4.104052544,4070.214844,24.54999924,92.66999817,0.226026103,"UAGuest",0,"Green",1011,2374,2373,-153.3203125,"false","BioR1132",2026-07-01 09:15:00,182,15.0166666666667,17,15,1,9,0,7,2026,2026-07-01 09:15:00,2711.4257816
"400017","BiosphereDendrometer_",14,"2026-07-01 16:32:51","2026-07-01T9:32:51",16263,4.107275486,4068.603516,24.88999939,92.87000275,0.224366412,"UAGuest",0,"Green",1011,2370,2369,-155.2734375,"false","BioR1132",2026-07-01 09:30:00,182,15.0166666666667,32,30,1,9,0,7,2026,2026-07-01 09:30:00,2709.4726566
"400024","BiosphereDendrometer_",14,"2026-07-01 16:47:52","2026-07-01T9:47:52",16264,4.105664253,4073.437744,25.17000008,93.44999695,0.209580719,"UAGuest",0,"Green",1011,2363,2363,-158.6914063,"false","BioR1132",2026-07-01 09:45:00,182,15.0166666666667,47,45,1,9,0,7,2026,2026-07-01 09:45:00,2706.0546878
"400034","BiosphereDendrometer_",14,"2026-07-01 17:2:53","2026-07-01T10:2:53",16265,4.108886719,4066.992188,25.51000023,93.77999878,0.203082591,"UAGuest",0,"Green",1011,2358,2358,-161.1328125,"false","BioR1132",2026-07-01 10:00:00,182,15.0166666666667,2,0,1,10,0,7,2026,2026-07-01 10:00:00,2703.6132816
"400044","BiosphereDendrometer_",14,"2026-07-01 17:17:54","2026-07-01T10:17:54",16266,4.107275486,4070.214844,25.87999916,93.69999695,0.210253656,"UAGuest",0,"Green",1011,2352,2352,-164.0625,"false","BioR1132",2026-07-01 10:15:00,182,15.0166666666667,17,15,1,10,0,7,2026,2026-07-01 10:15:00,2700.6835941
"400054","BiosphereDendrometer_",14,"2026-07-01 17:32:55","2026-07-01T10:32:55",16267,4.105664253,4066.992188,26.04999924,93.83999634,0.207658246,"UAGuest",0,"Green",1010,2346,2346,-166.9921875,"false","BioR1132",2026-07-01 10:30:00,182,15.0166666666667,32,30,1,10,0,7,2026,2026-07-01 10:30:00,2697.7539066
"400064","BiosphereDendrometer_",14,"2026-07-01 17:47:56","2026-07-01T10:47:56",16268,4.108886719,4070.214844,26.29999924,94.29000092,0.195350155,"UAGuest",0,"Green",1013,2340,2340,-169.921875,"false","BioR1132",2026-07-01 10:45:00,182,15.0166666666667,47,45,1,10,0,7,2026,2026-07-01 10:45:00,2694.8242191
"400074","BiosphereDendrometer_",14,"2026-07-01 18:2:57","2026-07-01T11:2:57",16269,4.108886719,4070.214844,26.53000069,94.59999847,0.187265426,"UAGuest",0,"Green",1012,2331,2332,-174.3164063,"false","BioR1132",2026-07-01 11:00:00,182,15.0166666666667,2,0,1,11,0,7,2026,2026-07-01 11:00:00,2690.4296878
"400084","BiosphereDendrometer_",14,"2026-07-01 18:17:58","2026-07-01T11:17:58",16270,4.105664253,4065.381104,26.76000023,94.51999664,0.192628339,"UAGuest",0,"Green",1012,2324,2324,-177.734375,"false","BioR1132",2026-07-01 11:15:00,182,15.0166666666667,17,15,1,11,0,7,2026,2026-07-01 11:15:00,2687.0117191
"400094","BiosphereDendrometer_",14,"2026-07-01 18:32:59","2026-07-01T11:32:59",16271,4.104052544,4068.603516,26.87000084,94.61000061,0.190692976,"UAGuest",0,"Green",1013,2316,2315,-181.640625,"false","BioR1132",2026-07-01 11:30:00,182,15.0166666666667,32,30,1,11,0,7,2026,2026-07-01 11:30:00,2683.1054691
"400107","BiosphereDendrometer_",14,"2026-07-01 18:48:0","2026-07-01T11:48:0",16272,4.102441311,4071.825928,27.01000023,94.76000214,0.186915636,"UAGuest",0,"Green",1014,2308,2307,-185.546875,"false","BioR1132",2026-07-01 11:45:00,182,15.0166666666667,48,45,1,11,0,7,2026,2026-07-01 11:45:00,2679.1992191
"400117","BiosphereDendrometer_",14,"2026-07-01 19:3:13","2026-07-01T12:3:13",16273,4.104052544,4066.992188,27.19000053,94.43000031,0.200794697,"null",-100,"Green",1013,2297,2296,-190.9179688,"false","BioR1132",2026-07-01 12:00:00,182,15.2166666666667,3,0,1,12,0,7,2026,2026-07-01 12:00:00,2673.8281253
"400124","BiosphereDendrometer_",14,"2026-07-01 19:19:4","2026-07-01T12:19:4",16274,4.105664253,4075.048828,27.26000023,94.91999817,0.183882892,"UAGuest",0,"Green",1011,2284,2283,-197.265625,"false","BioR1132",2026-07-01 12:15:00,182,15.85,19,15,1,12,0,7,2026,2026-07-01 12:15:00,2667.4804691
"400134","BiosphereDendrometer_",14,"2026-07-01 19:34:5","2026-07-01T12:34:5",16275,4.102441311,4065.381104,27.40999985,94.58999634,0.197554529,"UAGuest",0,"Green",1013,2267,2267,-205.5664063,"false","BioR1132",2026-07-01 12:30:00,182,15.0166666666667,34,30,1,12,0,7,2026,2026-07-01 12:30:00,2659.1796878
"400144","BiosphereDendrometer_",14,"2026-07-01 19:49:6","2026-07-01T12:49:6",16276,4.102441311,4070.214844,27.46999931,94.25,0.210707933,"UAGuest",0,"Green",1010,2249,2248,-214.3554688,"false","BioR1132",2026-07-01 12:45:00,182,15.0166666666667,49,45,1,12,0,7,2026,2026-07-01 12:45:00,2650.3906253
"400154","BiosphereDendrometer_",14,"2026-07-01 20:4:7","2026-07-01T13:4:7",16277,4.105664253,4066.992188,27.5,94.68000031,0.195292816,"UAGuest",0,"Green",1011,2231,2230,-223.1445313,"false","BioR1132",2026-07-01 13:00:00,182,15.0166666666667,4,0,1,13,0,7,2026,2026-07-01 13:00:00,2641.6015628
"400164","BiosphereDendrometer_",14,"2026-07-01 20:19:8","2026-07-01T13:19:8",16278,4.104052544,4071.825928,27.79000092,95.29000092,0.175852388,"UAGuest",0,"Green",1009,2219,2217,-229.0039063,"false","BioR1132",2026-07-01 13:15:00,182,15.0166666666667,19,15,1,13,0,7,2026,2026-07-01 13:15:00,2635.7421878
"400174","BiosphereDendrometer_",14,"2026-07-01 20:34:9","2026-07-01T13:34:9",16279,4.108886719,4071.825928,28.10000038,95.61000061,0.166891381,"UAGuest",0,"Green",1009,2208,2208,-234.375,"false","BioR1132",2026-07-01 13:30:00,182,15.0166666666667,34,30,1,13,0,7,2026,2026-07-01 13:30:00,2630.3710941
"400184","BiosphereDendrometer_",14,"2026-07-01 20:49:10","2026-07-01T13:49:10",16280,4.104052544,4065.381104,28.25,95.44999695,0.174489364,"UAGuest",0,"Green",1010,2204,2204,-236.328125,"false","BioR1132",2026-07-01 13:45:00,182,15.0166666666667,49,45,1,13,0,7,2026,2026-07-01 13:45:00,2628.4179691
"400194","BiosphereDendrometer_",14,"2026-07-01 21:4:11","2026-07-01T14:4:11",16281,4.104052544,4063.769287,28.30999947,95.41999817,0.176253155,"UAGuest",0,"Green",1011,2202,2202,-237.3046875,"false","BioR1132",2026-07-01 14:00:00,182,15.0166666666667,4,0,1,14,0,7,2026,2026-07-01 14:00:00,2627.4414066
"400204","BiosphereDendrometer_",14,"2026-07-01 21:19:12","2026-07-01T14:19:12",16282,4.102441311,4060.546875,28.38999939,95.37000275,0.179006845,"UAGuest",0,"Green",1011,2203,2203,-236.8164063,"false","BioR1132",2026-07-01 14:15:00,182,15.0166666666667,19,15,1,14,0,7,2026,2026-07-01 14:15:00,2627.9296878
"400217","BiosphereDendrometer_",14,"2026-07-01 21:34:13","2026-07-01T14:34:13",16283,4.095995903,4063.769287,28.46999931,95.48999786,0.175178945,"UAGuest",0,"Green",1011,2205,2205,-235.8398438,"false","BioR1132",2026-07-01 14:30:00,182,15.0166666666667,34,30,1,14,0,7,2026,2026-07-01 14:30:00,2628.9062503
"400224","BiosphereDendrometer_",14,"2026-07-01 21:49:14","2026-07-01T14:49:14",16284,4.102441311,4063.769287,28.52000046,95.59999847,0.171402708,"UAGuest",0,"Green",1011,2212,2211,-232.421875,"false","BioR1132",2026-07-01 14:45:00,182,15.0166666666667,49,45,1,14,0,7,2026,2026-07-01 14:45:00,2632.3242191
"400234","BiosphereDendrometer_",14,"2026-07-01 22:4:15","2026-07-01T15:4:15",16285,4.097607613,4070.214844,28.62000084,95.73000336,0.167305529,"UAGuest",0,"Green",1012,2222,2221,-227.5390625,"false","BioR1132",2026-07-01 15:00:00,182,15.0166666666667,4,0,1,15,0,7,2026,2026-07-01 15:00:00,2637.2070316
"400244","BiosphereDendrometer_",14,"2026-07-01 22:19:16","2026-07-01T15:19:16",16286,4.097607613,4065.381104,29.12999916,95.23000336,0.19249174,"UAGuest",0,"Green",1010,2229,2229,-224.1210938,"false","BioR1132",2026-07-01 15:15:00,182,15.0166666666667,19,15,1,15,0,7,2026,2026-07-01 15:15:00,2640.6250003
"400254","BiosphereDendrometer_",14,"2026-07-01 22:34:17","2026-07-01T15:34:17",16287,4.099218845,4068.603516,29.32999992,95.09999847,0.200032622,"UAGuest",0,"Green",1012,2239,2239,-219.2382813,"false","BioR1132",2026-07-01 15:30:00,182,15.0166666666667,34,30,1,15,0,7,2026,2026-07-01 15:30:00,2645.5078128
"400264","BiosphereDendrometer_",14,"2026-07-01 22:49:18","2026-07-01T15:49:18",16288,4.102441311,4063.769287,29.30999947,95.15000153,0.197763234,"UAGuest",0,"Green",1013,2252,2251,-212.890625,"false","BioR1132",2026-07-01 15:45:00,182,15.0166666666667,49,45,1,15,0,7,2026,2026-07-01 15:45:00,2651.8554691
"400274","BiosphereDendrometer_",14,"2026-07-01 23:4:31","2026-07-01T16:4:31",16289,4.097607613,4066.992188,29.22999954,94.91999817,0.206188321,"null",-100,"Green",1015,2262,2262,-208.0078125,"false","BioR1132",2026-07-01 16:00:00,182,15.2166666666667,4,0,1,16,0,7,2026,2026-07-01 16:00:00,2656.7382816
"400284","BiosphereDendrometer_",14,"2026-07-01 23:20:22","2026-07-01T16:20:22",16290,4.102441311,4071.825928,29.10000038,94.63999939,0.215926781,"UAGuest",0,"Green",1011,2273,2273,-202.6367188,"false","BioR1132",2026-07-01 16:15:00,182,15.85,20,15,1,16,0,7,2026,2026-07-01 16:15:00,2662.1093753
"400294","BiosphereDendrometer_",14,"2026-07-01 23:35:23","2026-07-01T16:35:23",16291,4.097607613,4066.992188,28.95999908,94.5,0.219781727,"UAGuest",0,"Green",1012,2283,2282,-197.7539063,"false","BioR1132",2026-07-01 16:30:00,182,15.0166666666667,35,30,1,16,0,7,2026,2026-07-01 16:30:00,2666.9921878
"400304","BiosphereDendrometer_",14,"2026-07-01 23:50:24","2026-07-01T16:50:24",16292,4.099218845,4065.381104,28.79999924,94.15000153,0.231614396,"UAGuest",0,"Green",1011,2292,2292,-193.359375,"false","BioR1132",2026-07-01 16:45:00,182,15.0166666666667,50,45,1,16,0,7,2026,2026-07-01 16:45:00,2671.3867191
"400317","BiosphereDendrometer_",14,"2026-07-02 0:5:25","2026-07-01T17:5:25",16293,4.097607613,4065.381104,28.79000092,95.22000122,0.189141288,"UAGuest",0,"Green",1013,2302,2301,-188.4765625,"false","BioR1132",2026-07-01 17:00:00,182,15.0166666666667,5,0,1,17,0,7,2026,2026-07-01 17:00:00,2676.2695316
"400324","BiosphereDendrometer_",14,"2026-07-02 0:20:26","2026-07-01T17:20:26",16294,4.097607613,4063.769287,29.54999924,95.16999817,0.199689373,"UAGuest",0,"Green",1010,2312,2312,-183.59375,"false","BioR1132",2026-07-01 17:15:00,182,15.0166666666667,20,15,1,17,0,7,2026,2026-07-01 17:15:00,2681.1523441
"400334","BiosphereDendrometer_",14,"2026-07-02 0:35:27","2026-07-01T17:35:27",16295,4.095995903,4063.769287,30.02000046,94.23000336,0.245080903,"UAGuest",0,"Green",1012,2324,2322,-177.734375,"false","BioR1132",2026-07-01 17:30:00,182,15.0166666666667,35,30,1,17,0,7,2026,2026-07-01 17:30:00,2687.0117191
"400344","BiosphereDendrometer_",14,"2026-07-02 0:50:28","2026-07-01T17:50:28",16296,4.091162205,4063.769287,30.23999977,93.75,0.268836707,"UAGuest",0,"Green",1013,2334,2335,-172.8515625,"false","BioR1132",2026-07-01 17:45:00,182,15.0166666666667,50,45,1,17,0,7,2026,2026-07-01 17:45:00,2691.8945316
"400354","BiosphereDendrometer_",14,"2026-07-02 1:5:29","2026-07-01T18:5:29",16297,4.100830078,4066.992188,30.34000015,93.45999908,0.282925367,"UAGuest",0,"Green",1011,2347,2347,-166.5039063,"false","BioR1132",2026-07-01 18:00:00,182,15.0166666666667,5,0,1,18,0,7,2026,2026-07-01 18:00:00,2698.2421878
"400364","BiosphereDendrometer_",14,"2026-07-02 1:20:30","2026-07-01T18:20:30",16298,4.100830078,4065.381104,30.38999939,92.65000153,0.318877101,"UAGuest",0,"Green",1009,2359,2359,-160.6445313,"false","BioR1132",2026-07-01 18:15:00,182,15.0166666666667,20,15,1,18,0,7,2026,2026-07-01 18:15:00,2704.1015628
"400374","BiosphereDendrometer_",14,"2026-07-02 1:35:31","2026-07-01T18:35:31",16299,4.095995903,4062.158203,30.36000061,92.54000092,0.323094606,"UAGuest",0,"Green",1015,2372,2371,-154.296875,"false","BioR1132",2026-07-01 18:30:00,182,15.0166666666667,35,30,1,18,0,7,2026,2026-07-01 18:30:00,2710.4492191
"400384","BiosphereDendrometer_",14,"2026-07-02 1:50:32","2026-07-01T18:50:32",16300,4.097607613,4063.769287,30.29000092,92.02999878,0.343803138,"UAGuest",0,"Green",1012,2384,2384,-148.4375,"false","BioR1132",2026-07-01 18:45:00,182,15.0166666666667,50,45,1,18,0,7,2026,2026-07-01 18:45:00,2716.3085941
"400394","BiosphereDendrometer_",14,"2026-07-02 2:5:33","2026-07-01T19:5:33",16301,4.095995903,4062.158203,30.20999908,90.66999817,0.400630802,"UAGuest",0,"Green",1012,2394,2394,-143.5546875,"false","BioR1132",2026-07-01 19:00:00,182,15.0166666666667,5,0,1,19,0,7,2026,2026-07-01 19:00:00,2721.1914066
"400404","BiosphereDendrometer_",14,"2026-07-02 2:20:34","2026-07-01T19:20:34",16302,4.09438467,4063.769287,30,90.44000244,0.40559572,"UAGuest",0,"Green",1013,2405,2403,-138.1835938,"false","BioR1132",2026-07-01 19:15:00,182,15.0166666666667,20,15,1,19,0,7,2026,2026-07-01 19:15:00,2726.5625003
"400417","BiosphereDendrometer_",14,"2026-07-02 2:35:35","2026-07-01T19:35:35",16303,4.092773438,4065.381104,29.80999947,89.44000244,0.443162978,"UAGuest",0,"Green",1009,2414,2413,-133.7890625,"false","BioR1132",2026-07-01 19:30:00,182,15.0166666666667,35,30,1,19,0,7,2026,2026-07-01 19:30:00,2730.9570316
"400424","BiosphereDendrometer_",14,"2026-07-02 2:50:36","2026-07-01T19:50:36",16304,4.087939262,4062.158203,29.56999969,87.45999908,0.519044995,"UAGuest",0,"Green",1010,2421,2420,-130.3710938,"false","BioR1132",2026-07-01 19:45:00,182,15.0166666666667,50,45,1,19,0,7,2026,2026-07-01 19:45:00,2734.3750003
"400434","BiosphereDendrometer_",14,"2026-07-02 3:5:49","2026-07-01T20:5:49",16305,4.09438467,4063.769287,29.30999947,87.16000366,0.523562729,"null",-100,"Green",1013,2427,2427,-127.4414063,"false","BioR1132",2026-07-01 20:00:00,182,15.2166666666667,5,0,1,20,0,7,2026,2026-07-01 20:00:00,2737.3046878
"400444","BiosphereDendrometer_",14,"2026-07-02 3:21:40","2026-07-01T20:21:40",16306,4.097607613,4063.769287,29.10000038,86.40000153,0.547873735,"UAGuest",0,"Green",1009,2433,2432,-124.5117188,"false","BioR1132",2026-07-01 20:15:00,182,15.85,21,15,1,20,0,7,2026,2026-07-01 20:15:00,2740.2343753
"400454","BiosphereDendrometer_",14,"2026-07-02 3:36:41","2026-07-01T20:36:41",16307,4.095995903,4062.158203,28.87000084,87.01000214,0.516389966,"UAGuest",0,"Green",1010,2436,2437,-123.046875,"false","BioR1132",2026-07-01 20:30:00,182,15.0166666666667,36,30,1,20,0,7,2026,2026-07-01 20:30:00,2741.6992191
"400464","BiosphereDendrometer_",14,"2026-07-02 3:51:42","2026-07-01T20:51:42",16308,4.095995903,4057.324463,28.64999962,86.62000275,0.52516222,"UAGuest",0,"Green",1010,2442,2441,-120.1171875,"false","BioR1132",2026-07-01 20:45:00,182,15.0166666666667,51,45,1,20,0,7,2026,2026-07-01 20:45:00,2744.6289066
"400474","BiosphereDendrometer_",14,"2026-07-02 4:6:43","2026-07-01T21:6:43",16309,4.089550972,4057.324463,28.37999916,86.58000183,0.518548071,"UAGuest",0,"Green",1010,2446,2445,-118.1640625,"false","BioR1132",2026-07-01 21:00:00,182,15.0166666666667,6,0,1,21,0,7,2026,2026-07-01 21:00:00,2746.5820316
"400484","BiosphereDendrometer_",14,"2026-07-02 4:21:44","2026-07-01T21:21:44",16310,4.09438467,4057.324463,28.12000084,86.23999786,0.523712575,"UAGuest",0,"Green",1011,2449,2449,-116.6992188,"false","BioR1132",2026-07-01 21:15:00,182,15.0166666666667,21,15,1,21,0,7,2026,2026-07-01 21:15:00,2748.0468753
"400494","BiosphereDendrometer_",14,"2026-07-02 4:36:45","2026-07-01T21:36:45",16311,4.092773438,4058.935547,27.89999962,85.55000305,0.54297483,"UAGuest",0,"Green",1010,2451,2452,-115.7226563,"false","BioR1132",2026-07-01 21:30:00,182,15.0166666666667,36,30,1,21,0,7,2026,2026-07-01 21:30:00,2749.0234378
"400504","BiosphereDendrometer_",14,"2026-07-02 4:51:46","2026-07-01T21:51:46",16312,4.091162205,4058.935547,27.63999939,85.97000122,0.519258618,"UAGuest",0,"Green",1010,2455,2454,-113.7695313,"false","BioR1132",2026-07-01 21:45:00,182,15.0166666666667,51,45,1,21,0,7,2026,2026-07-01 21:45:00,2750.9765628
"400517","BiosphereDendrometer_",14,"2026-07-02 5:6:47","2026-07-01T22:6:47",16313,4.08632803,4058.935547,27.46999931,85.08999634,0.546375036,"UAGuest",0,"Green",1012,2457,2457,-112.7929688,"false","BioR1132",2026-07-01 22:00:00,182,15.0166666666667,6,0,1,22,0,7,2026,2026-07-01 22:00:00,2751.9531253
"400524","BiosphereDendrometer_",14,"2026-07-02 5:21:48","2026-07-01T22:21:48",16314,4.091162205,4057.324463,27.29000092,85.41999817,0.528685868,"UAGuest",0,"Green",1010,2459,2459,-111.8164063,"false","BioR1132",2026-07-01 22:15:00,182,15.0166666666667,21,15,1,22,0,7,2026,2026-07-01 22:15:00,2752.9296878
"400534","BiosphereDendrometer_",14,"2026-07-02 5:36:49","2026-07-01T22:36:49",16315,4.092773438,4060.546875,27.18000031,84.80000305,0.547628462,"UAGuest",0,"Green",1013,2462,2461,-110.3515625,"false","BioR1132",2026-07-01 22:30:00,182,15.0166666666667,36,30,1,22,0,7,2026,2026-07-01 22:30:00,2754.3945316
"400544","BiosphereDendrometer_",14,"2026-07-02 5:51:50","2026-07-01T22:51:50",16316,4.089550972,4057.324463,27.01000023,84.76999664,0.543268442,"UAGuest",0,"Green",1012,2463,2463,-109.8632813,"false","BioR1132",2026-07-01 22:45:00,182,15.0166666666667,51,45,1,22,0,7,2026,2026-07-01 22:45:00,2754.8828128
"400554","BiosphereDendrometer_",14,"2026-07-02 6:6:51","2026-07-01T23:6:51",16317,4.092773438,4055.712646,26.85000038,84.66000366,0.542077005,"UAGuest",0,"Green",1012,2465,2464,-108.8867188,"false","BioR1132",2026-07-01 23:00:00,182,15.0166666666667,6,0,1,23,0,7,2026,2026-07-01 23:00:00,2755.8593753
"400564","BiosphereDendrometer_",14,"2026-07-02 6:21:52","2026-07-01T23:21:52",16318,4.091162205,4055.712646,26.68000031,84.43000031,0.544735074,"UAGuest",0,"Green",1012,2467,2466,-107.9101563,"false","BioR1132",2026-07-01 23:15:00,182,15.0166666666667,21,15,1,23,0,7,2026,2026-07-01 23:15:00,2756.8359378
"400574","BiosphereDendrometer_",14,"2026-07-02 6:36:53","2026-07-01T23:36:53",16319,4.089550972,4054.101563,26.57999992,83.73000336,0.565886378,"UAGuest",0,"Green",1014,2468,2467,-107.421875,"false","BioR1132",2026-07-01 23:30:00,182,15.0166666666667,36,30,1,23,0,7,2026,2026-07-01 23:30:00,2757.3242191
"400584","BiosphereDendrometer_",14,"2026-07-02 6:51:54","2026-07-01T23:51:54",16320,4.092773438,4058.935547,26.45999908,83.54000092,0.568464339,"UAGuest",0,"Green",1013,2468,2468,-107.421875,"false","BioR1132",2026-07-01 23:45:00,182,15.0166666666667,51,45,1,23,0,7,2026,2026-07-01 23:45:00,2757.3242191
"400594","BiosphereDendrometer_",14,"2026-07-02 7:7:7","2026-07-02T0:7:7",16321,4.091162205,4057.324463,26.35000038,83.25,0.574742079,"null",-100,"Green",1014,2470,2470,-106.4453125,"false","BioR1132",2026-07-02,183,15.2166666666667,7,0,2,0,0,7,2026,2026-07-02,2758.3007816
"400604","BiosphereDendrometer_",14,"2026-07-02 7:22:58","2026-07-02T0:22:58",16322,4.087939262,4057.324463,26.25,83.11000061,0.5761379,"UAGuest",0,"Green",1014,2470,2471,-106.4453125,"false","BioR1132",2026-07-02 00:15:00,183,15.85,22,15,2,0,0,7,2026,2026-07-02 00:15:00,2758.3007816
"400617","BiosphereDendrometer_",14,"2026-07-02 7:37:59","2026-07-02T0:37:59",16323,4.089550972,4054.101563,26.14999962,82.41000366,0.596484661,"UAGuest",0,"Green",1011,2472,2472,-105.46875,"false","BioR1132",2026-07-02 00:30:00,183,15.0166666666667,37,30,2,0,0,7,2026,2026-07-02 00:30:00,2759.2773441
"400624","BiosphereDendrometer_",14,"2026-07-02 7:53:0","2026-07-02T0:53:0",16324,4.08632803,4054.101563,26.05999947,82.93000031,0.575782418,"UAGuest",0,"Green",1013,2474,2473,-104.4921875,"false","BioR1132",2026-07-02 01:00:00,183,15.0166666666667,53,0,2,1,0,7,2026,2026-07-02 01:00:00,2760.2539066
"400634","BiosphereDendrometer_",14,"2026-07-02 8:8:1","2026-07-02T1:8:1",16325,4.087939262,4057.324463,25.95000076,83.30000305,0.559651375,"UAGuest",0,"Green",1010,2476,2474,-103.515625,"false","BioR1132",2026-07-02 01:15:00,183,15.0166666666667,8,15,2,1,0,7,2026,2026-07-02 01:15:00,2761.2304691
"400644","BiosphereDendrometer_",14,"2026-07-02 8:23:2","2026-07-02T1:23:2",16326,4.087939262,4052.490234,25.90999985,83.44000244,0.553648353,"UAGuest",0,"Green",1010,2476,2476,-103.515625,"false","BioR1132",2026-07-02 01:30:00,183,15.0166666666667,23,30,2,1,0,7,2026,2026-07-02 01:30:00,2761.2304691
"400654","BiosphereDendrometer_",14,"2026-07-02 8:38:3","2026-07-02T1:38:3",16327,4.08632803,4055.712646,25.80999947,83.30000305,0.555034757,"UAGuest",0,"Green",1013,2478,2478,-102.5390625,"false","BioR1132",2026-07-02 01:45:00,183,15.0166666666667,38,45,2,1,0,7,2026,2026-07-02 01:45:00,2762.2070316
"400664","BiosphereDendrometer_",14,"2026-07-02 8:53:4","2026-07-02T1:53:4",16328,4.084716797,4049.267822,25.73999977,83.51999664,0.545457542,"UAGuest",0,"Green",1014,2479,2479,-102.0507813,"false","BioR1132",2026-07-02 02:00:00,183,15.0166666666667,53,0,2,2,0,7,2026,2026-07-02 02:00:00,2762.6953128
"400674","BiosphereDendrometer_",14,"2026-07-02 9:8:5","2026-07-02T2:8:5",16329,4.08632803,4052.490234,25.64999962,82.98000336,0.560334444,"UAGuest",0,"Green",1010,2482,2480,-100.5859375,"false","BioR1132",2026-07-02 02:15:00,183,15.0166666666667,8,15,2,2,0,7,2026,2026-07-02 02:15:00,2764.1601566
"400684","BiosphereDendrometer_",14,"2026-07-02 9:23:6","2026-07-02T2:23:6",16330,4.084716797,4050.878906,25.54999924,82.90000153,0.559640229,"UAGuest",0,"Green",1011,2481,2482,-101.0742188,"false","BioR1132",2026-07-02 02:30:00,183,15.0166666666667,23,30,2,2,0,7,2026,2026-07-02 02:30:00,2763.6718753
"400694","BiosphereDendrometer_",14,"2026-07-02 9:38:7","2026-07-02T2:38:7",16331,4.084716797,4052.490234,25.46999931,82.83000183,0.559270144,"UAGuest",0,"Green",1011,2483,2483,-100.0976563,"false","BioR1132",2026-07-02 02:45:00,183,15.0166666666667,38,45,2,2,0,7,2026,2026-07-02 02:45:00,2764.6484378
"400704","BiosphereDendrometer_",14,"2026-07-02 9:53:8","2026-07-02T2:53:8",16332,4.083105564,4052.490234,25.37000084,82.87999725,0.554340661,"UAGuest",0,"Green",1010,2484,2484,-99.609375,"false","BioR1132",2026-07-02 03:00:00,183,15.0166666666667,53,0,2,3,0,7,2026,2026-07-02 03:00:00,2765.1367191
"400717","BiosphereDendrometer_",14,"2026-07-02 10:8:9","2026-07-02T3:8:9",16333,4.083105564,4054.101563,25.30999947,82.79000092,0.555271864,"UAGuest",0,"Green",1012,2485,2485,-99.12109375,"false","BioR1132",2026-07-02 03:15:00,183,15.0166666666667,8,15,2,3,0,7,2026,2026-07-02 03:15:00,2765.62500035
"400724","BiosphereDendrometer_",14,"2026-07-02 10:23:10","2026-07-02T3:23:10",16334,4.089550972,4049.267822,25.22999954,82.73999786,0.554243326,"UAGuest",0,"Green",1010,2486,2487,-98.6328125,"false","BioR1132",2026-07-02 03:30:00,183,15.0166666666667,23,30,2,3,0,7,2026,2026-07-02 03:30:00,2766.1132816
"400734","BiosphereDendrometer_",14,"2026-07-02 10:38:11","2026-07-02T3:38:11",16335,4.08632803,4052.490234,25.19000053,83,0.544597328,"UAGuest",0,"Green",1010,2488,2487,-97.65625,"false","BioR1132",2026-07-02 03:45:00,183,15.0166666666667,38,45,2,3,0,7,2026,2026-07-02 03:45:00,2767.0898441
"400744","BiosphereDendrometer_",14,"2026-07-02 10:53:12","2026-07-02T3:53:12",16336,4.083105564,4050.878906,25.06999969,82.63999939,0.552173078,"UAGuest",0,"Green",1011,2488,2488,-97.65625,"false","BioR1132",2026-07-02 04:00:00,183,15.0166666666667,53,0,2,4,0,7,2026,2026-07-02 04:00:00,2767.0898441
"400754","BiosphereDendrometer_",14,"2026-07-02 11:8:25","2026-07-02T4:8:25",16337,4.081494331,4049.267822,25.05999947,82.80000305,0.546758235,"null",-100,"Green",1013,2491,2490,-96.19140625,"false","BioR1132",2026-07-02 04:15:00,183,15.2166666666667,8,15,2,4,0,7,2026,2026-07-02 04:15:00,2768.55468785
"400764","BiosphereDendrometer_",14,"2026-07-02 11:24:16","2026-07-02T4:24:16",16338,4.08632803,4055.712646,24.95999908,82.83000183,0.542563498,"UAGuest",0,"Green",1011,2491,2491,-96.19140625,"false","BioR1132",2026-07-02 04:30:00,183,15.85,24,30,2,4,0,7,2026,2026-07-02 04:30:00,2768.55468785
"400774","BiosphereDendrometer_",14,"2026-07-02 11:39:17","2026-07-02T4:39:17",16339,4.081494331,4047.656006,24.89999962,82.73000336,0.543775618,"UAGuest",0,"Green",1011,2492,2492,-95.703125,"false","BioR1132",2026-07-02 04:45:00,183,15.0166666666667,39,45,2,4,0,7,2026,2026-07-02 04:45:00,2769.0429691
"400784","BiosphereDendrometer_",14,"2026-07-02 11:54:18","2026-07-02T4:54:18",16340,4.078271389,4046.044922,24.86000061,82.76999664,0.541224122,"UAGuest",0,"Green",1011,2494,2493,-94.7265625,"false","BioR1132",2026-07-02 05:00:00,183,15.0166666666667,54,0,2,5,0,7,2026,2026-07-02 05:00:00,2770.0195316
"400794","BiosphereDendrometer_",14,"2026-07-02 12:9:19","2026-07-02T5:9:19",16341,4.081494331,4050.878906,24.82999992,82.66000366,0.543705583,"UAGuest",0,"Green",1012,2494,2494,-94.7265625,"false","BioR1132",2026-07-02 05:15:00,183,15.0166666666667,9,15,2,5,0,7,2026,2026-07-02 05:15:00,2770.0195316
"400804","BiosphereDendrometer_",14,"2026-07-02 12:24:20","2026-07-02T5:24:20",16342,4.081494331,4054.101563,24.75,83.20999908,0.523953557,"UAGuest",0,"Green",1011,2495,2495,-94.23828125,"false","BioR1132",2026-07-02 05:30:00,183,15.0166666666667,24,30,2,5,0,7,2026,2026-07-02 05:30:00,2770.50781285
"400817","BiosphereDendrometer_",14,"2026-07-02 12:39:21","2026-07-02T5:39:21",16343,4.078271389,4044.433594,24.72999954,83.22000122,0.523016751,"UAGuest",0,"Green",1011,2497,2496,-93.26171875,"false","BioR1132",2026-07-02 05:45:00,183,15.0166666666667,39,45,2,5,0,7,2026,2026-07-02 05:45:00,2771.48437535
"400824","BiosphereDendrometer_",14,"2026-07-02 12:54:22","2026-07-02T5:54:22",16344,4.078271389,4049.267822,24.87000084,83.13999939,0.529917598,"UAGuest",0,"Green",1011,2495,2495,-94.23828125,"false","BioR1132",2026-07-02 06:00:00,183,15.0166666666667,54,0,2,6,0,7,2026,2026-07-02 06:00:00,2770.50781285
"400834","BiosphereDendrometer_",14,"2026-07-02 13:9:23","2026-07-02T6:9:23",16345,4.081494331,4044.433594,24.85000038,83.05000305,0.532111287,"UAGuest",0,"Green",1013,2490,2490,-96.6796875,"false","BioR1132",2026-07-02 06:15:00,183,15.0166666666667,9,15,2,6,0,7,2026,2026-07-02 06:15:00,2768.0664066
"400844","BiosphereDendrometer_",14,"2026-07-02 13:24:24","2026-07-02T6:24:24",16346,4.075048923,4044.433594,24.79999924,83.41000366,0.519258916,"UAGuest",0,"Green",1012,2485,2484,-99.12109375,"false","BioR1132",2026-07-02 06:30:00,183,15.0166666666667,24,30,2,6,0,7,2026,2026-07-02 06:30:00,2765.62500035
"400854","BiosphereDendrometer_",14,"2026-07-02 13:39:25","2026-07-02T6:39:25",16347,4.079882622,4046.044922,24.85000038,83.66999817,0.512647748,"UAGuest",0,"Green",1010,2477,2479,-103.0273438,"false","BioR1132",2026-07-02 06:45:00,183,15.0166666666667,39,45,2,6,0,7,2026,2026-07-02 06:45:00,2761.7187503
"400864","BiosphereDendrometer_",14,"2026-07-02 13:54:26","2026-07-02T6:54:26",16348,4.076660156,4044.433594,24.96999931,84.09999847,0.502731681,"UAGuest",0,"Green",1008,2474,2473,-104.4921875,"false","BioR1132",2026-07-02 07:00:00,183,15.0166666666667,54,0,2,7,0,7,2026,2026-07-02 07:00:00,2760.2539066
"400874","BiosphereDendrometer_",14,"2026-07-02 14:9:27","2026-07-02T7:9:27",16349,4.078271389,4047.656006,25.20000076,84.76999664,0.488185555,"UAGuest",0,"Green",1014,2468,2467,-107.421875,"false","BioR1132",2026-07-02 07:15:00,183,15.0166666666667,9,15,2,7,0,7,2026,2026-07-02 07:15:00,2757.3242191
"400884","BiosphereDendrometer_",14,"2026-07-02 14:24:28","2026-07-02T7:24:28",16350,4.075048923,4046.044922,25.5,85.56999969,0.470858961,"UAGuest",0,"Green",1010,2463,2462,-109.8632813,"false","BioR1132",2026-07-02 07:30:00,183,15.0166666666667,24,30,2,7,0,7,2026,2026-07-02 07:30:00,2754.8828128
"400894","BiosphereDendrometer_",14,"2026-07-02 14:39:29","2026-07-02T7:39:29",16351,4.078271389,4044.433594,25.86000061,85.90000153,0.470010966,"UAGuest",0,"Green",1012,2455,2456,-113.7695313,"false","BioR1132",2026-07-02 07:45:00,183,15.0166666666667,39,45,2,7,0,7,2026,2026-07-02 07:45:00,2750.9765628
"400904","BiosphereDendrometer_",14,"2026-07-02 14:54:30","2026-07-02T7:54:30",16352,4.078271389,4042.822266,26.29999924,86.47000122,0.462887466,"UAGuest",0,"Green",1012,2450,2450,-116.2109375,"false","BioR1132",2026-07-02 08:00:00,183,15.0166666666667,54,0,2,8,0,7,2026,2026-07-02 08:00:00,2748.5351566
"400917","BiosphereDendrometer_",14,"2026-07-02 15:9:43","2026-07-02T8:9:43",16353,4.081494331,4042.822266,25.78000069,88.04000092,0.396792591,"null",-100,"Green",1012,2443,2442,-119.6289063,"false","BioR1132",2026-07-02 08:15:00,183,15.2166666666667,9,15,2,8,0,7,2026,2026-07-02 08:15:00,2745.1171878
"400924","BiosphereDendrometer_",14,"2026-07-02 15:25:34","2026-07-02T8:25:34",16354,4.081494331,4050.878906,25.80999947,90.41999817,0.318397313,"UAGuest",0,"Green",1013,2435,2435,-123.5351563,"false","BioR1132",2026-07-02 08:30:00,183,15.85,25,30,2,8,0,7,2026,2026-07-02 08:30:00,2741.2109378
"400934","BiosphereDendrometer_",14,"2026-07-02 15:40:35","2026-07-02T8:40:35",16355,4.084716797,4044.433594,26.07999992,90.66999817,0.315079302,"UAGuest",0,"Green",1013,2429,2428,-126.4648438,"false","BioR1132",2026-07-02 08:45:00,183,15.0166666666667,40,45,2,8,0,7,2026,2026-07-02 08:45:00,2738.2812503
"400944","BiosphereDendrometer_",14,"2026-07-02 15:55:36","2026-07-02T8:55:36",16356,4.079882622,4047.656006,26.29999924,91.11000061,0.304144025,"UAGuest",0,"Green",1013,2421,2421,-130.3710938,"false","BioR1132",2026-07-02 09:00:00,183,15.0166666666667,55,0,2,9,0,7,2026,2026-07-02 09:00:00,2734.3750003
"400954","BiosphereDendrometer_",14,"2026-07-02 16:10:37","2026-07-02T9:10:37",16357,4.076660156,4041.211182,25.70999908,89.69999695,0.340305716,"UAGuest",0,"Green",1011,2412,2411,-134.765625,"false","BioR1132",2026-07-02 09:15:00,183,15.0166666666667,10,15,2,9,0,7,2026,2026-07-02 09:15:00,2729.9804691
"400964","BiosphereDendrometer_",14,"2026-07-02 16:25:38","2026-07-02T9:25:38",16358,4.076660156,4042.822266,25.5,90.98000336,0.294327497,"UAGuest",0,"Green",1010,2402,2402,-139.6484375,"false","BioR1132",2026-07-02 09:30:00,183,15.0166666666667,25,30,2,9,0,7,2026,2026-07-02 09:30:00,2725.0976566
"400974","BiosphereDendrometer_",14,"2026-07-02 16:40:39","2026-07-02T9:40:39",16359,4.075048923,4042.822266,25.54999924,91.25,0.286365509,"UAGuest",0,"Green",1013,2393,2393,-144.0429688,"false","BioR1132",2026-07-02 09:45:00,183,15.0166666666667,40,45,2,9,0,7,2026,2026-07-02 09:45:00,2720.7031253
"400984","BiosphereDendrometer_",14,"2026-07-02 16:55:40","2026-07-02T9:55:40",16360,4.076660156,4042.822266,25.67000008,92.11000061,0.260063529,"UAGuest",0,"Green",1013,2384,2384,-148.4375,"false","BioR1132",2026-07-02 10:00:00,183,15.0166666666667,55,0,2,10,0,7,2026,2026-07-02 10:00:00,2716.3085941
"400994","BiosphereDendrometer_",14,"2026-07-02 17:10:41","2026-07-02T10:10:41",16361,4.078271389,4042.822266,25.85000038,92.30000305,0.256520748,"UAGuest",0,"Green",1012,2377,2375,-151.8554688,"false","BioR1132",2026-07-02 10:15:00,183,15.0166666666667,10,15,2,10,0,7,2026,2026-07-02 10:15:00,2712.8906253
"401007","BiosphereDendrometer_",14,"2026-07-02 17:25:42","2026-07-02T10:25:42",16362,4.075048923,4041.211182,26.02000046,92.72000122,0.244979411,"UAGuest",0,"Green",1014,2366,2366,-157.2265625,"false","BioR1132",2026-07-02 10:30:00,183,15.0166666666667,25,30,2,10,0,7,2026,2026-07-02 10:30:00,2707.5195316
"401017","BiosphereDendrometer_",14,"2026-07-02 17:40:43","2026-07-02T10:40:43",16363,4.075048923,4042.822266,26.26000023,92.98999786,0.239260554,"UAGuest",0,"Green",1015,2356,2355,-162.109375,"false","BioR1132",2026-07-02 10:45:00,183,15.0166666666667,40,45,2,10,0,7,2026,2026-07-02 10:45:00,2702.6367191
"401024","BiosphereDendrometer_",14,"2026-07-02 17:55:44","2026-07-02T10:55:44",16364,4.078271389,4042.822266,26.37000084,93.30999756,0.229824543,"UAGuest",0,"Green",1010,2345,2345,-167.4804688,"false","BioR1132",2026-07-02 11:00:00,183,15.0166666666667,55,0,2,11,0,7,2026,2026-07-02 11:00:00,2697.2656253
"401034","BiosphereDendrometer_",14,"2026-07-02 18:10:45","2026-07-02T11:10:45",16365,4.076660156,4039.599365,26.48999977,93.19999695,0.235260919,"UAGuest",0,"Green",1011,2334,2334,-172.8515625,"false","BioR1132",2026-07-02 11:15:00,183,15.0166666666667,10,15,2,11,0,7,2026,2026-07-02 11:15:00,2691.8945316
"401044","BiosphereDendrometer_",14,"2026-07-02 18:25:46","2026-07-02T11:25:46",16366,4.073437691,4036.376953,26.70999908,93.48999786,0.228162348,"UAGuest",0,"Green",1013,2322,2322,-178.7109375,"false","BioR1132",2026-07-02 11:30:00,183,15.0166666666667,25,30,2,11,0,7,2026,2026-07-02 11:30:00,2686.0351566
"401054","BiosphereDendrometer_",14,"2026-07-02 18:40:47","2026-07-02T11:40:47",16367,4.073437691,4034.765625,26.92000008,93.55999756,0.228510812,"UAGuest",0,"Green",1012,2309,2310,-185.0585938,"false","BioR1132",2026-07-02 11:45:00,183,15.0166666666667,40,45,2,11,0,7,2026,2026-07-02 11:45:00,2679.6875003
"401064","BiosphereDendrometer_",14,"2026-07-02 18:55:48","2026-07-02T11:55:48",16368,4.071825981,4034.765625,26.96999931,93.5,0.23131752,"UAGuest",0,"Green",1011,2297,2296,-190.9179688,"false","BioR1132",2026-07-02 12:00:00,183,15.0166666666667,55,0,2,12,0,7,2026,2026-07-02 12:00:00,2673.8281253
"401074","BiosphereDendrometer_",14,"2026-07-02 19:11:1","2026-07-02T12:11:1",16369,4.071825981,4041.211182,27.09000015,93.76999664,0.223275021,"null",-100,"Green",1013,2280,2279,-199.21875,"false","BioR1132",2026-07-02 12:15:00,183,15.2166666666667,11,15,2,12,0,7,2026,2026-07-02 12:15:00,2665.5273441
"401084","BiosphereDendrometer_",14,"2026-07-02 19:26:52","2026-07-02T12:26:52",16370,4.076660156,4044.433594,27.23999977,93.51999664,0.234284714,"UAGuest",0,"Green",1013,2259,2259,-209.4726563,"false","BioR1132",2026-07-02 12:30:00,183,15.85,26,30,2,12,0,7,2026,2026-07-02 12:30:00,2655.2734378
"401094","BiosphereDendrometer_",14,"2026-07-02 19:41:53","2026-07-02T12:41:53",16371,4.071825981,4042.822266,27.35000038,93.59999847,0.23288697,"UAGuest",0,"Green",1011,2235,2235,-221.1914063,"false","BioR1132",2026-07-02 12:45:00,183,15.0166666666667,41,45,2,12,0,7,2026,2026-07-02 12:45:00,2643.5546878
"401107","BiosphereDendrometer_",14,"2026-07-02 19:56:54","2026-07-02T12:56:54",16372,4.075048923,4041.211182,27.42000008,93.68000031,0.230919421,"UAGuest",0,"Green",1011,2212,2211,-232.421875,"false","BioR1132",2026-07-02 13:00:00,183,15.0166666666667,56,0,2,13,0,7,2026,2026-07-02 13:00:00,2632.3242191
"401117","BiosphereDendrometer_",14,"2026-07-02 20:11:55","2026-07-02T13:11:55",16373,4.071825981,4037.988281,27.48999977,93.55000305,0.2366357,"UAGuest",0,"Green",1012,2187,2187,-244.6289063,"false","BioR1132",2026-07-02 13:15:00,183,15.0166666666667,11,15,2,13,0,7,2026,2026-07-02 13:15:00,2620.1171878
"401124","BiosphereDendrometer_",14,"2026-07-02 20:26:56","2026-07-02T13:26:56",16374,4.076660156,4042.822266,27.54000092,93.58000183,0.236224338,"UAGuest",0,"Green",1012,2170,2170,-252.9296875,"false","BioR1132",2026-07-02 13:30:00,183,15.0166666666667,26,30,2,13,0,7,2026,2026-07-02 13:30:00,2611.8164066
"401134","BiosphereDendrometer_",14,"2026-07-02 20:41:57","2026-07-02T13:41:57",16375,4.071825981,4041.211182,27.62000084,93.83000183,0.228088871,"UAGuest",0,"Green",1014,2159,2157,-258.3007813,"false","BioR1132",2026-07-02 13:45:00,183,15.0166666666667,41,45,2,13,0,7,2026,2026-07-02 13:45:00,2606.4453128
"401144","BiosphereDendrometer_",14,"2026-07-02 20:56:58","2026-07-02T13:56:58",16376,4.070214748,4037.988281,27.79000092,94.11000061,0.219908774,"UAGuest",0,"Green",1007,2149,2149,-263.1835938,"false","BioR1132",2026-07-02 14:00:00,183,15.0166666666667,56,0,2,14,0,7,2026,2026-07-02 14:00:00,2601.5625003
"401154","BiosphereDendrometer_",14,"2026-07-02 21:11:59","2026-07-02T14:11:59",16377,4.075048923,4037.988281,27.88999939,94.18000031,0.218565643,"UAGuest",0,"Green",1011,2145,2146,-265.1367188,"false","BioR1132",2026-07-02 14:15:00,183,15.0166666666667,11,15,2,14,0,7,2026,2026-07-02 14:15:00,2599.6093753
"401164","BiosphereDendrometer_",14,"2026-07-02 21:27:0","2026-07-02T14:27:0",16378,4.070214748,4039.599365,27.90999985,94.19000244,0.218444467,"UAGuest",0,"Green",1011,2147,2146,-264.1601563,"false","BioR1132",2026-07-02 14:30:00,183,15.0166666666667,27,30,2,14,0,7,2026,2026-07-02 14:30:00,2600.5859378
"401174","BiosphereDendrometer_",14,"2026-07-02 21:42:1","2026-07-02T14:42:1",16379,4.068603516,4036.376953,27.89999962,94.29000092,0.214559659,"UAGuest",0,"Green",1012,2148,2149,-263.671875,"false","BioR1132",2026-07-02 14:45:00,183,15.0166666666667,42,45,2,14,0,7,2026,2026-07-02 14:45:00,2601.0742191
"401184","BiosphereDendrometer_",14,"2026-07-02 21:57:2","2026-07-02T14:57:2",16380,4.066992283,4041.211182,27.93000031,94.48999786,0.207406729,"UAGuest",0,"Green",1009,2156,2155,-259.765625,"false","BioR1132",2026-07-02 15:00:00,183,15.0166666666667,57,0,2,15,0,7,2026,2026-07-02 15:00:00,2604.9804691
"401194","BiosphereDendrometer_",14,"2026-07-02 22:12:3","2026-07-02T15:12:3",16381,4.068603516,4039.599365,28.48999977,94.23999786,0.223991558,"UAGuest",0,"Green",1012,2166,2166,-254.8828125,"false","BioR1132",2026-07-02 15:15:00,183,15.0166666666667,12,15,2,15,0,7,2026,2026-07-02 15:15:00,2609.8632816
"401204","BiosphereDendrometer_",14,"2026-07-02 22:27:4","2026-07-02T15:27:4",16382,4.070214748,4039.599365,28.79999924,93.66000366,0.251014501,"UAGuest",0,"Green",1010,2178,2178,-249.0234375,"false","BioR1132",2026-07-02 15:30:00,183,15.0166666666667,27,30,2,15,0,7,2026,2026-07-02 15:30:00,2615.7226566
"401217","BiosphereDendrometer_",14,"2026-07-02 22:42:5","2026-07-02T15:42:5",16383,4.070214748,4034.765625,28.88999939,93.37999725,0.263468802,"UAGuest",0,"Green",1009,2190,2190,-243.1640625,"false","BioR1132",2026-07-02 15:45:00,183,15.0166666666667,42,45,2,15,0,7,2026,2026-07-02 15:45:00,2621.5820316
"401224","BiosphereDendrometer_",14,"2026-07-02 22:57:6","2026-07-02T15:57:6",16384,4.071825981,4037.988281,28.79999924,93.08000183,0.273977995,"UAGuest",0,"Green",1013,2204,2205,-236.328125,"false","BioR1132",2026-07-02 16:00:00,183,15.0166666666667,57,0,2,16,0,7,2026,2026-07-02 16:00:00,2628.4179691
"401234","BiosphereDendrometer_",14,"2026-07-02 23:12:19","2026-07-02T16:12:19",16385,4.071825981,4036.376953,28.79000092,93.13999939,0.271445423,"null",-100,"Green",1011,2218,2218,-229.4921875,"false","BioR1132",2026-07-02 16:15:00,183,15.2166666666667,12,15,2,16,0,7,2026,2026-07-02 16:15:00,2635.2539066
"401244","BiosphereDendrometer_",14,"2026-07-02 23:28:10","2026-07-02T16:28:10",16386,4.071825981,4039.599365,28.64999962,93,0.274748564,"UAGuest",0,"Green",1012,2232,2232,-222.65625,"false","BioR1132",2026-07-02 16:30:00,183,15.85,28,30,2,16,0,7,2026,2026-07-02 16:30:00,2642.0898441
"401254","BiosphereDendrometer_",14,"2026-07-02 23:43:11","2026-07-02T16:43:11",16387,4.06538105,4041.211182,29.65999985,94.69000244,0.2209277,"UAGuest",0,"Green",1013,2248,2247,-214.84375,"false","BioR1132",2026-07-02 16:45:00,183,15.0166666666667,43,45,2,16,0,7,2026,2026-07-02 16:45:00,2649.9023441
"401264","BiosphereDendrometer_",14,"2026-07-02 23:58:12","2026-07-02T16:58:12",16388,4.068603516,4034.765625,30.19000053,92.94000244,0.302809596,"UAGuest",0,"Green",1011,2263,2263,-207.5195313,"false","BioR1132",2026-07-02 17:00:00,183,15.0166666666667,58,0,2,17,0,7,2026,2026-07-02 17:00:00,2657.2265628
"401274","BiosphereDendrometer_",14,"2026-07-03 0:13:13","2026-07-02T17:13:13",16389,4.06538105,4037.988281,30.45000076,93.68000031,0.275133252,"UAGuest",0,"Green",1014,2280,2279,-199.21875,"false","BioR1132",2026-07-02 17:15:00,183,15.0166666666667,13,15,2,17,0,7,2026,2026-07-02 17:15:00,2665.5273441
"401284","BiosphereDendrometer_",14,"2026-07-03 0:28:14","2026-07-02T17:28:14",16390,4.066992283,4034.765625,30.70999908,93.66000366,0.280132473,"UAGuest",0,"Green",1013,2297,2297,-190.9179688,"false","BioR1132",2026-07-02 17:30:00,183,15.0166666666667,28,30,2,17,0,7,2026,2026-07-02 17:30:00,2673.8281253
"401294","BiosphereDendrometer_",14,"2026-07-03 0:43:15","2026-07-02T17:43:15",16391,4.066992283,4036.376953,31.03000069,93.44999695,0.294737369,"UAGuest",0,"Green",1010,2317,2315,-181.1523438,"false","BioR1132",2026-07-02 17:45:00,183,15.0166666666667,43,45,2,17,0,7,2026,2026-07-02 17:45:00,2683.5937503
"401303","BiosphereDendrometer_",14,"2026-07-03 0:58:16","2026-07-02T17:58:16",16392,4.06538105,4031.542725,31.14999962,93.05999756,0.314425796,"UAGuest",0,"Green",1012,2335,2333,-172.3632813,"false","BioR1132",2026-07-02 18:00:00,183,15.0166666666667,58,0,2,18,0,7,2026,2026-07-02 18:00:00,2692.3828128
"401317","BiosphereDendrometer_",14,"2026-07-03 1:13:17","2026-07-02T18:13:17",16393,4.066992283,4033.154541,31.12000084,92.62999725,0.33333832,"UAGuest",0,"Green",1011,2353,2352,-163.5742188,"false","BioR1132",2026-07-02 18:15:00,183,15.0166666666667,13,15,2,18,0,7,2026,2026-07-02 18:15:00,2701.1718753
"401324","BiosphereDendrometer_",14,"2026-07-03 1:28:18","2026-07-02T18:28:18",16394,4.066992283,4031.542725,31.11000061,92.23999786,0.350778013,"UAGuest",0,"Green",1014,2369,2369,-155.7617188,"false","BioR1132",2026-07-02 18:30:00,183,15.0166666666667,28,30,2,18,0,7,2026,2026-07-02 18:30:00,2708.9843753
"401334","BiosphereDendrometer_",14,"2026-07-03 1:43:19","2026-07-02T18:43:19",16395,4.06538105,4033.154541,30.92000008,91.40000153,0.384566873,"UAGuest",0,"Green",1010,2387,2386,-146.9726563,"false","BioR1132",2026-07-02 18:45:00,183,15.0166666666667,43,45,2,18,0,7,2026,2026-07-02 18:45:00,2717.7734378
"401344","BiosphereDendrometer_",14,"2026-07-03 1:58:20","2026-07-02T18:58:20",16396,4.060546875,4034.765625,30.75,91.34999847,0.383072883,"UAGuest",0,"Green",1014,2401,2402,-140.1367188,"false","BioR1132",2026-07-02 19:00:00,183,15.0166666666667,58,0,2,19,0,7,2026,2026-07-02 19:00:00,2724.6093753
"401354","BiosphereDendrometer_",14,"2026-07-03 2:13:21","2026-07-02T19:13:21",16397,4.063769341,4031.542725,30.51000023,90.73999786,0.404507399,"UAGuest",0,"Green",1014,2416,2416,-132.8125,"false","BioR1132",2026-07-02 19:15:00,183,15.0166666666667,13,15,2,19,0,7,2026,2026-07-02 19:15:00,2731.9335941
"401364","BiosphereDendrometer_",14,"2026-07-03 2:28:22","2026-07-02T19:28:22",16398,4.063769341,4031.542725,30.20999908,90.48999786,0.408360004,"UAGuest",0,"Green",1011,2430,2429,-125.9765625,"false","BioR1132",2026-07-02 19:30:00,183,15.0166666666667,28,30,2,19,0,7,2026,2026-07-02 19:30:00,2738.7695316
"401374","BiosphereDendrometer_",14,"2026-07-03 2:43:23","2026-07-02T19:43:23",16399,4.063769341,4031.542725,29.93000031,90.13999939,0.416647375,"UAGuest",0,"Green",1010,2441,2441,-120.6054688,"false","BioR1132",2026-07-02 19:45:00,183,15.0166666666667,43,45,2,19,0,7,2026,2026-07-02 19:45:00,2744.1406253
"401384","BiosphereDendrometer_",14,"2026-07-03 2:58:24","2026-07-02T19:58:24",16400,4.06538105,4033.154541,29.62999916,89.58999634,0.432371825,"UAGuest",0,"Green",1012,2452,2451,-115.234375,"false","BioR1132",2026-07-02 20:00:00,183,15.0166666666667,58,0,2,20,0,7,2026,2026-07-02 20:00:00,2749.5117191
"401394","BiosphereDendrometer_",14,"2026-07-03 3:13:37","2026-07-02T20:13:37",16401,4.060546875,4029.931641,29.38999939,89.15000153,0.444463432,"null",-100,"Green",1012,2462,2461,-110.3515625,"false","BioR1132",2026-07-02 20:15:00,183,15.2166666666667,13,15,2,20,0,7,2026,2026-07-02 20:15:00,2754.3945316
"401404","BiosphereDendrometer_",14,"2026-07-03 3:29:28","2026-07-02T20:29:28",16402,4.062158108,4031.542725,29.10000038,88.76999664,0.452398896,"UAGuest",0,"Green",1012,2471,2469,-105.9570313,"false","BioR1132",2026-07-02 20:30:00,183,15.85,29,30,2,20,0,7,2026,2026-07-02 20:30:00,2758.7890628
"401417","BiosphereDendrometer_",14,"2026-07-03 3:44:29","2026-07-02T20:44:29",16403,4.060546875,4031.542725,28.79999924,88.23000336,0.466000229,"UAGuest",0,"Green",1013,2477,2476,-103.0273438,"false","BioR1132",2026-07-02 20:45:00,183,15.0166666666667,44,45,2,20,0,7,2026,2026-07-02 20:45:00,2761.7187503
"401424","BiosphereDendrometer_",14,"2026-07-03 3:59:30","2026-07-02T20:59:30",16404,4.06538105,4033.154541,27.70000076,81.51000214,0.686726809,"UAGuest",0,"Green",1011,2482,2481,-100.5859375,"false","BioR1132",2026-07-02 21:00:00,183,15.0166666666667,59,0,2,21,0,7,2026,2026-07-02 21:00:00,2764.1601566
"401434","BiosphereDendrometer_",14,"2026-07-03 4:14:31","2026-07-02T21:14:31",16405,4.066992283,4031.542725,26.77000046,79.16999817,0.732628644,"UAGuest",0,"Green",1013,2482,2482,-100.5859375,"false","BioR1132",2026-07-02 21:15:00,183,15.0166666666667,14,15,2,21,0,7,2026,2026-07-02 21:15:00,2764.1601566
"401444","BiosphereDendrometer_",14,"2026-07-03 4:29:32","2026-07-02T21:29:32",16406,4.060546875,4029.931641,26.12000084,78.26000214,0.735908151,"UAGuest",0,"Green",1010,2484,2483,-99.609375,"false","BioR1132",2026-07-02 21:30:00,183,15.0166666666667,29,30,2,21,0,7,2026,2026-07-02 21:30:00,2765.1367191
"401454","BiosphereDendrometer_",14,"2026-07-03 4:44:33","2026-07-02T21:44:33",16407,4.062158108,4026.708984,23.98999977,76.51000214,0.700439334,"UAGuest",0,"Green",1011,2485,2485,-99.12109375,"false","BioR1132",2026-07-02 21:45:00,183,15.0166666666667,44,45,2,21,0,7,2026,2026-07-02 21:45:00,2765.62500035
"401464","BiosphereDendrometer_",14,"2026-07-03 4:59:34","2026-07-02T21:59:34",16408,4.062158108,4026.708984,22.97999954,77.25,0.638319016,"UAGuest",0,"Green",1013,2487,2486,-98.14453125,"false","BioR1132",2026-07-02 22:00:00,183,15.0166666666667,59,0,2,22,0,7,2026,2026-07-02 22:00:00,2766.60156285
"401474","BiosphereDendrometer_",14,"2026-07-03 5:14:35","2026-07-02T22:14:35",16409,4.058935642,4028.320313,22.46999931,77.51999664,0.611544669,"UAGuest",0,"Green",1016,2488,2489,-97.65625,"false","BioR1132",2026-07-02 22:15:00,183,15.0166666666667,14,15,2,22,0,7,2026,2026-07-02 22:15:00,2767.0898441
"401484","BiosphereDendrometer_",14,"2026-07-03 5:29:36","2026-07-02T22:29:36",16410,4.060546875,4028.320313,22.02000046,77.48999786,0.59582448,"UAGuest",0,"Green",1010,2492,2491,-95.703125,"false","BioR1132",2026-07-02 22:30:00,183,15.0166666666667,29,30,2,22,0,7,2026,2026-07-02 22:30:00,2769.0429691
"401494","BiosphereDendrometer_",14,"2026-07-03 5:44:37","2026-07-02T22:44:37",16411,4.058935642,4026.708984,21.63999939,77.55999756,0.580355227,"UAGuest",0,"Green",1013,2494,2494,-94.7265625,"false","BioR1132",2026-07-02 22:45:00,183,15.0166666666667,44,45,2,22,0,7,2026,2026-07-02 22:45:00,2770.0195316
"401504","BiosphereDendrometer_",14,"2026-07-03 5:59:38","2026-07-02T22:59:38",16412,4.058935642,4028.320313,21.26000023,77.54000092,0.567517579,"UAGuest",0,"Green",1012,2496,2495,-93.75,"false","BioR1132",2026-07-02 23:00:00,183,15.0166666666667,59,0,2,23,0,7,2026,2026-07-02 23:00:00,2770.9960941
"401517","BiosphereDendrometer_",14,"2026-07-03 6:14:39","2026-07-02T23:14:39",16413,4.062158108,4026.708984,20.95999908,77.23000336,0.564854681,"UAGuest",0,"Green",1011,2498,2498,-92.7734375,"false","BioR1132",2026-07-02 23:15:00,183,15.0166666666667,14,15,2,23,0,7,2026,2026-07-02 23:15:00,2771.9726566
"401524","BiosphereDendrometer_",14,"2026-07-03 6:29:40","2026-07-02T23:29:40",16414,4.057324409,4021.875,20.61000061,77.29000092,0.55136472,"UAGuest",0,"Green",1013,2501,2500,-91.30859375,"false","BioR1132",2026-07-02 23:30:00,183,15.0166666666667,29,30,2,23,0,7,2026,2026-07-02 23:30:00,2773.43750035
"401534","BiosphereDendrometer_",14,"2026-07-03 6:44:41","2026-07-02T23:44:41",16415,4.052490234,4023.486084,20.28000069,76.88999939,0.549769998,"UAGuest",0,"Green",1013,2503,2502,-90.33203125,"false","BioR1132",2026-07-02 23:45:00,183,15.0166666666667,44,45,2,23,0,7,2026,2026-07-02 23:45:00,2774.41406285
"401544","BiosphereDendrometer_",14,"2026-07-03 6:59:42","2026-07-02T23:59:42",16416,4.062158108,4021.875,20.04999924,76.48000336,0.551623881,"UAGuest",0,"Green",1014,2505,2504,-89.35546875,"false","BioR1132",2026-07-03,183,15.0166666666667,59,0,3,0,0,7,2026,2026-07-03,2775.39062535
"401554","BiosphereDendrometer_",14,"2026-07-03 7:14:55","2026-07-03T0:14:55",16417,4.058935642,4023.486084,20.20000076,76.84999847,0.548006117,"null",-100,"Green",1013,2505,2505,-89.35546875,"false","BioR1132",2026-07-03 00:15:00,184,15.2166666666667,14,15,3,0,0,7,2026,2026-07-03 00:15:00,2775.39062535
"401564","BiosphereDendrometer_",14,"2026-07-03 7:30:46","2026-07-03T0:30:46",16418,4.062158108,4025.0979,21.18000031,74.65000153,0.637407362,"UAGuest",0,"Green",1012,2506,2506,-88.8671875,"false","BioR1132",2026-07-03 00:30:00,184,15.85,30,30,3,0,0,7,2026,2026-07-03 00:30:00,2775.8789066
"401574","BiosphereDendrometer_",14,"2026-07-03 7:45:47","2026-07-03T0:45:47",16419,4.0557127,4017.04126,21.37000084,73.40000153,0.676672161,"UAGuest",0,"Green",1012,2508,2507,-87.890625,"false","BioR1132",2026-07-03 00:45:00,184,15.0166666666667,45,45,3,0,0,7,2026,2026-07-03 00:45:00,2776.8554691
"401584","BiosphereDendrometer_",14,"2026-07-03 8:0:48","2026-07-03T1:0:48",16420,4.0557127,4018.652344,21.36000061,72.94999695,0.687698364,"UAGuest",0,"Green",1012,2508,2508,-87.890625,"false","BioR1132",2026-07-03 01:00:00,184,15.0166666666667,0,0,3,1,0,7,2026,2026-07-03 01:00:00,2776.8554691
"401594","BiosphereDendrometer_",14,"2026-07-03 8:15:49","2026-07-03T1:15:49",16421,4.054101467,4020.263672,21.23999977,72.72000122,0.688464224,"UAGuest",0,"Green",1013,2509,2509,-87.40234375,"false","BioR1132",2026-07-03 01:15:00,184,15.0166666666667,15,15,3,1,0,7,2026,2026-07-03 01:15:00,2777.34375035
"401604","BiosphereDendrometer_",14,"2026-07-03 8:30:50","2026-07-03T1:30:50",16422,4.054101467,4025.0979,21.12000084,72.66000366,0.684918582,"UAGuest",0,"Green",1013,2509,2509,-87.40234375,"false","BioR1132",2026-07-03 01:30:00,184,15.0166666666667,30,30,3,1,0,7,2026,2026-07-03 01:30:00,2777.34375035
"401617","BiosphereDendrometer_",14,"2026-07-03 8:45:51","2026-07-03T1:45:51",16423,4.0557127,4021.875,20.97999954,72.69000244,0.678311229,"UAGuest",0,"Green",1014,2512,2510,-85.9375,"false","BioR1132",2026-07-03 01:45:00,184,15.0166666666667,45,45,3,1,0,7,2026,2026-07-03 01:45:00,2778.8085941
"401624","BiosphereDendrometer_",14,"2026-07-03 9:0:52","2026-07-03T2:0:52",16424,4.050879002,4021.875,20.85000038,71.66000366,0.698291957,"UAGuest",0,"Green",1010,2512,2511,-85.9375,"false","BioR1132",2026-07-03 02:00:00,184,15.0166666666667,0,0,3,2,0,7,2026,2026-07-03 02:00:00,2778.8085941
"401634","BiosphereDendrometer_",14,"2026-07-03 9:15:53","2026-07-03T2:15:53",16425,4.050879002,4020.263672,21.12999916,76.38999939,0.591838181,"UAGuest",0,"Green",1014,2513,2512,-85.44921875,"false","BioR1132",2026-07-03 02:15:00,184,15.0166666666667,15,15,3,2,0,7,2026,2026-07-03 02:15:00,2779.29687535
"401644","BiosphereDendrometer_",14,"2026-07-03 9:30:54","2026-07-03T2:30:54",16426,4.052490234,4017.04126,21.70999908,79.27999878,0.53816843,"UAGuest",0,"Green",1010,2514,2514,-84.9609375,"false","BioR1132",2026-07-03 02:30:00,184,15.0166666666667,30,30,3,2,0,7,2026,2026-07-03 02:30:00,2779.7851566
"401654","BiosphereDendrometer_",14,"2026-07-03 9:45:55","2026-07-03T2:45:55",16427,4.052490234,4023.486084,22.21999931,79.30000305,0.554628432,"UAGuest",0,"Green",1013,2518,2517,-83.0078125,"false","BioR1132",2026-07-03 02:45:00,184,15.0166666666667,45,45,3,2,0,7,2026,2026-07-03 02:45:00,2781.7382816
"401664","BiosphereDendrometer_",14,"2026-07-03 10:0:56","2026-07-03T3:0:56",16428,4.049267769,4015.429443,22.5,79.68000031,0.55379194,"UAGuest",0,"Green",1011,2519,2519,-82.51953125,"false","BioR1132",2026-07-03 03:00:00,184,15.0166666666667,0,0,3,3,0,7,2026,2026-07-03 03:00:00,2782.22656285
"401674","BiosphereDendrometer_",14,"2026-07-03 10:15:57","2026-07-03T3:15:57",16429,4.052490234,4021.875,22.70999908,79.80999756,0.557303965,"UAGuest",0,"Green",1016,2522,2521,-81.0546875,"false","BioR1132",2026-07-03 03:15:00,184,15.0166666666667,15,15,3,3,0,7,2026,2026-07-03 03:15:00,2783.6914066
"401684","BiosphereDendrometer_",14,"2026-07-03 10:30:58","2026-07-03T3:30:58",16430,4.054101467,4017.04126,22.87000084,80.33999634,0.547960043,"UAGuest",0,"Green",1013,2523,2523,-80.56640625,"false","BioR1132",2026-07-03 03:30:00,184,15.0166666666667,30,30,3,3,0,7,2026,2026-07-03 03:30:00,2784.17968785
"401694","BiosphereDendrometer_",14,"2026-07-03 10:45:59","2026-07-03T3:45:59",16431,4.057324409,4018.652344,23.01000023,80.69000244,0.542783499,"UAGuest",0,"Green",1012,2526,2525,-79.1015625,"false","BioR1132",2026-07-03 03:45:00,184,15.0166666666667,45,45,3,3,0,7,2026,2026-07-03 03:45:00,2785.6445316
"401704","BiosphereDendrometer_",14,"2026-07-03 11:1:0","2026-07-03T4:1:0",16432,4.050879002,4018.652344,23.04000092,80.90000153,0.537855506,"UAGuest",0,"Green",1011,2527,2527,-78.61328125,"false","BioR1132",2026-07-03 04:00:00,184,15.0166666666667,1,0,3,4,0,7,2026,2026-07-03 04:00:00,2786.13281285
"401717","BiosphereDendrometer_",14,"2026-07-03 11:16:13","2026-07-03T4:16:13",16433,4.049267769,4021.875,22.89999962,81.48000336,0.517124236,"null",-100,"Green",1010,2530,2529,-77.1484375,"false","BioR1132",2026-07-03 04:15:00,184,15.2166666666667,16,15,3,4,0,7,2026,2026-07-03 04:15:00,2787.5976566
"401724","BiosphereDendrometer_",14,"2026-07-03 11:32:4","2026-07-03T4:32:4",16434,4.052490234,4017.04126,22.70000076,82.16999817,0.491862774,"UAGuest",0,"Green",1012,2531,2531,-76.66015625,"false","BioR1132",2026-07-03 04:30:00,184,15.85,32,30,3,4,0,7,2026,2026-07-03 04:30:00,2788.08593785
"401734","BiosphereDendrometer_",14,"2026-07-03 11:47:5","2026-07-03T4:47:5",16435,4.050879002,4017.04126,22.53000069,82.15000153,0.487362534,"UAGuest",0,"Green",1011,2533,2533,-75.68359375,"false","BioR1132",2026-07-03 04:45:00,184,15.0166666666667,47,45,3,4,0,7,2026,2026-07-03 04:45:00,2789.06250035
"401744","BiosphereDendrometer_",14,"2026-07-03 12:2:6","2026-07-03T5:2:6",16436,4.047656059,4018.652344,22.37999916,82.23000336,0.480778098,"UAGuest",0,"Green",1011,2535,2535,-74.70703125,"false","BioR1132",2026-07-03 05:00:00,184,15.0166666666667,2,0,3,5,0,7,2026,2026-07-03 05:00:00,2790.03906285
"401754","BiosphereDendrometer_",14,"2026-07-03 12:17:7","2026-07-03T5:17:7",16437,4.049267769,4017.04126,22.29000092,82.26000214,0.477347583,"UAGuest",0,"Green",1011,2537,2536,-73.73046875,"false","BioR1132",2026-07-03 05:15:00,184,15.0166666666667,17,15,3,5,0,7,2026,2026-07-03 05:15:00,2791.01562535
"401764","BiosphereDendrometer_",14,"2026-07-03 12:32:8","2026-07-03T5:32:8",16438,4.049267769,4015.429443,22.22999954,81.95999908,0.483651668,"UAGuest",0,"Green",1011,2538,2538,-73.2421875,"false","BioR1132",2026-07-03 05:30:00,184,15.0166666666667,32,30,3,5,0,7,2026,2026-07-03 05:30:00,2791.5039066
"401774","BiosphereDendrometer_",14,"2026-07-03 12:47:9","2026-07-03T5:47:9",16439,4.052490234,4018.652344,22.25,82.26999664,0.475919336,"UAGuest",0,"Green",1012,2540,2538,-72.265625,"false","BioR1132",2026-07-03 05:45:00,184,15.0166666666667,47,45,3,5,0,7,2026,2026-07-03 05:45:00,2792.4804691
"401784","BiosphereDendrometer_",14,"2026-07-03 13:2:10","2026-07-03T6:2:10",16440,4.052490234,4017.04126,22.29999924,81.75,0.491369396,"UAGuest",0,"Green",1013,2538,2537,-73.2421875,"false","BioR1132",2026-07-03 06:00:00,184,15.0166666666667,2,0,3,6,0,7,2026,2026-07-03 06:00:00,2791.5039066
"401794","BiosphereDendrometer_",14,"2026-07-03 13:17:11","2026-07-03T6:17:11",16441,4.046044827,4018.652344,22.55999947,81.69000244,0.500833035,"UAGuest",0,"Green",1014,2532,2531,-76.171875,"false","BioR1132",2026-07-03 06:15:00,184,15.0166666666667,17,15,3,6,0,7,2026,2026-07-03 06:15:00,2788.5742191
"401804","BiosphereDendrometer_",14,"2026-07-03 13:32:12","2026-07-03T6:32:12",16442,4.049267769,4013.818359,22.77000046,82.02999878,0.497832328,"UAGuest",0,"Green",1010,2525,2525,-79.58984375,"false","BioR1132",2026-07-03 06:30:00,184,15.0166666666667,32,30,3,6,0,7,2026,2026-07-03 06:30:00,2785.15625035
"401817","BiosphereDendrometer_",14,"2026-07-03 13:47:13","2026-07-03T6:47:13",16443,4.049267769,4018.652344,23.03000069,83.05000305,0.477023035,"UAGuest",0,"Green",1012,2520,2519,-82.03125,"false","BioR1132",2026-07-03 06:45:00,184,15.0166666666667,47,45,3,6,0,7,2026,2026-07-03 06:45:00,2782.7148441
"401824","BiosphereDendrometer_",14,"2026-07-03 14:2:14","2026-07-03T7:2:14",16444,4.050879002,4012.207031,23.35000038,83.5,0.473420262,"UAGuest",0,"Green",1015,2513,2512,-85.44921875,"false","BioR1132",2026-07-03 07:00:00,184,15.0166666666667,2,0,3,7,0,7,2026,2026-07-03 07:00:00,2779.29687535
"401834","BiosphereDendrometer_",14,"2026-07-03 14:17:15","2026-07-03T7:17:15",16445,4.049267769,4015.429443,23.79000092,84.09999847,0.468454212,"UAGuest",0,"Green",1014,2507,2506,-88.37890625,"false","BioR1132",2026-07-03 07:15:00,184,15.0166666666667,17,15,3,7,0,7,2026,2026-07-03 07:15:00,2776.36718785
"401844","BiosphereDendrometer_",14,"2026-07-03 14:32:16","2026-07-03T7:32:16",16446,4.050879002,4017.04126,24.23999977,84.80999756,0.459786594,"UAGuest",0,"Green",1010,2500,2498,-91.796875,"false","BioR1132",2026-07-03 07:30:00,184,15.0166666666667,32,30,3,7,0,7,2026,2026-07-03 07:30:00,2772.9492191
"401854","BiosphereDendrometer_",14,"2026-07-03 14:47:17","2026-07-03T7:47:17",16447,4.046044827,4015.429443,24.76000023,85.33999634,0.457757175,"UAGuest",0,"Green",1011,2492,2491,-95.703125,"false","BioR1132",2026-07-03 07:45:00,184,15.0166666666667,47,45,3,7,0,7,2026,2026-07-03 07:45:00,2769.0429691
"401864","BiosphereDendrometer_",14,"2026-07-03 15:2:18","2026-07-03T8:2:18",16448,4.046044827,4013.818359,25.04999924,83.04000092,0.538808227,"UAGuest",0,"Green",1011,2483,2483,-100.0976563,"false","BioR1132",2026-07-03 08:00:00,184,15.0166666666667,2,0,3,8,0,7,2026,2026-07-03 08:00:00,2764.6484378
"401874","BiosphereDendrometer_",14,"2026-07-03 15:17:31","2026-07-03T8:17:31",16449,4.049267769,4010.595703,24.31999969,88.83000183,0.339728832,"null",-100,"Green",1013,2475,2474,-104.0039063,"false","BioR1132",2026-07-03 08:15:00,184,15.2166666666667,17,15,3,8,0,7,2026,2026-07-03 08:15:00,2760.7421878
"401884","BiosphereDendrometer_",14,"2026-07-03 15:33:22","2026-07-03T8:33:22",16450,4.052490234,4015.429443,24.62000084,90.06999969,0.307482541,"UAGuest",0,"Green",1010,2466,2465,-108.3984375,"false","BioR1132",2026-07-03 08:30:00,184,15.85,33,30,3,8,0,7,2026,2026-07-03 08:30:00,2756.3476566
"401894","BiosphereDendrometer_",14,"2026-07-03 15:48:23","2026-07-03T8:48:23",16451,4.047656059,4012.207031,24.81999969,90.87999725,0.2857925,"UAGuest",0,"Green",1010,2459,2459,-111.8164063,"false","BioR1132",2026-07-03 08:45:00,184,15.0166666666667,48,45,3,8,0,7,2026,2026-07-03 08:45:00,2752.9296878
"401904","BiosphereDendrometer_",14,"2026-07-03 16:3:24","2026-07-03T9:3:24",16452,4.046044827,4015.429443,24.98999977,89.09999847,0.345050842,"UAGuest",0,"Green",1013,2448,2447,-117.1875,"false","BioR1132",2026-07-03 09:00:00,184,15.0166666666667,3,0,3,9,0,7,2026,2026-07-03 09:00:00,2747.5585941
"401917","BiosphereDendrometer_",14,"2026-07-03 16:18:25","2026-07-03T9:18:25",16453,4.047656059,4012.207031,24.28000069,90.5,0.288245618,"UAGuest",0,"Green",1012,2440,2440,-121.09375,"false","BioR1132",2026-07-03 09:15:00,184,15.0166666666667,18,15,3,9,0,7,2026,2026-07-03 09:15:00,2743.6523441
"401924","BiosphereDendrometer_",14,"2026-07-03 16:33:26","2026-07-03T9:33:26",16454,4.049267769,4012.207031,24.35000038,91.22000122,0.267518342,"UAGuest",0,"Green",1011,2428,2428,-126.953125,"false","BioR1132",2026-07-03 09:30:00,184,15.0166666666667,33,30,3,9,0,7,2026,2026-07-03 09:30:00,2737.7929691
"401934","BiosphereDendrometer_",14,"2026-07-03 16:48:27","2026-07-03T9:48:27",16455,4.042822361,4012.207031,24.56999969,92.19999695,0.240806565,"UAGuest",0,"Green",1012,2416,2416,-132.8125,"false","BioR1132",2026-07-03 09:45:00,184,15.0166666666667,48,45,3,9,0,7,2026,2026-07-03 09:45:00,2731.9335941
"401944","BiosphereDendrometer_",14,"2026-07-03 17:3:28","2026-07-03T10:3:28",16456,4.047656059,4008.984619,24.72999954,92.48999786,0.234079614,"UAGuest",0,"Green",1011,2404,2404,-138.671875,"false","BioR1132",2026-07-03 10:00:00,184,15.0166666666667,3,0,3,10,0,7,2026,2026-07-03 10:00:00,2726.0742191
"401954","BiosphereDendrometer_",14,"2026-07-03 17:18:29","2026-07-03T10:18:29",16457,4.046044827,4013.818359,24.87000084,92.91000366,0.222841829,"UAGuest",0,"Green",1011,2394,2394,-143.5546875,"false","BioR1132",2026-07-03 10:15:00,184,15.0166666666667,18,15,3,10,0,7,2026,2026-07-03 10:15:00,2721.1914066
"401964","BiosphereDendrometer_",14,"2026-07-03 17:33:30","2026-07-03T10:33:30",16458,4.046044827,4013.818359,25.09000015,93.41999817,0.20954074,"UAGuest",0,"Green",1014,2382,2382,-149.4140625,"false","BioR1132",2026-07-03 10:30:00,184,15.0166666666667,33,30,3,10,0,7,2026,2026-07-03 10:30:00,2715.3320316
"401974","BiosphereDendrometer_",14,"2026-07-03 17:48:31","2026-07-03T10:48:31",16459,4.042822361,4010.595703,25.21999931,93.65000153,0.203786299,"UAGuest",0,"Green",1009,2372,2372,-154.296875,"false","BioR1132",2026-07-03 10:45:00,184,15.0166666666667,48,45,3,10,0,7,2026,2026-07-03 10:45:00,2710.4492191
"401984","BiosphereDendrometer_",14,"2026-07-03 18:3:32","2026-07-03T11:3:32",16460,4.041211128,4010.595703,25.39999962,93.37999725,0.21473594,"UAGuest",0,"Green",1011,2357,2358,-161.6210938,"false","BioR1132",2026-07-03 11:00:00,184,15.0166666666667,3,0,3,11,0,7,2026,2026-07-03 11:00:00,2703.1250003
"401994","BiosphereDendrometer_",14,"2026-07-03 18:18:33","2026-07-03T11:18:33",16461,4.041211128,4010.595703,25.63999939,93.52999878,0.212879926,"UAGuest",0,"Green",1013,2343,2341,-168.4570313,"false","BioR1132",2026-07-03 11:15:00,184,15.0166666666667,18,15,3,11,0,7,2026,2026-07-03 11:15:00,2696.2890628
"402004","BiosphereDendrometer_",14,"2026-07-03 18:33:34","2026-07-03T11:33:34",16462,4.041211128,4012.207031,25.79999924,93.62999725,0.211585641,"UAGuest",0,"Green",1009,2327,2326,-176.2695313,"false","BioR1132",2026-07-03 11:30:00,184,15.0166666666667,33,30,3,11,0,7,2026,2026-07-03 11:30:00,2688.4765628
"402017","BiosphereDendrometer_",14,"2026-07-03 18:48:35","2026-07-03T11:48:35",16463,4.044433594,4008.984619,25.88999939,94.12999725,0.196018964,"UAGuest",0,"Green",1012,2316,2315,-181.640625,"false","BioR1132",2026-07-03 11:45:00,184,15.0166666666667,48,45,3,11,0,7,2026,2026-07-03 11:45:00,2683.1054691
"402024","BiosphereDendrometer_",14,"2026-07-03 19:3:36","2026-07-03T12:3:36",16464,4.047656059,4007.372803,26.01000023,94.08999634,0.198760167,"UAGuest",0,"Green",1014,2301,2300,-188.9648438,"false","BioR1132",2026-07-03 12:00:00,184,15.0166666666667,3,0,3,12,0,7,2026,2026-07-03 12:00:00,2675.7812503
"402034","BiosphereDendrometer_",14,"2026-07-03 19:18:49","2026-07-03T12:18:49",16465,4.047656059,4007.372803,26.18000031,94.30999756,0.193292558,"null",-100,"Green",1013,2278,2277,-200.1953125,"false","BioR1132",2026-07-03 12:15:00,184,15.2166666666667,18,15,3,12,0,7,2026,2026-07-03 12:15:00,2664.5507816
"402044","BiosphereDendrometer_",14,"2026-07-03 19:34:40","2026-07-03T12:34:40",16466,4.044433594,4013.818359,26.31999969,94.40000153,0.191812947,"UAGuest",0,"Green",1012,2256,2256,-210.9375,"false","BioR1132",2026-07-03 12:30:00,184,15.85,34,30,3,12,0,7,2026,2026-07-03 12:30:00,2653.8085941
"402054","BiosphereDendrometer_",14,"2026-07-03 19:49:41","2026-07-03T12:49:41",16467,4.039599419,4008.984619,26.51000023,94.5,0.190508783,"UAGuest",0,"Green",1011,2225,2225,-226.0742188,"false","BioR1132",2026-07-03 12:45:00,184,15.0166666666667,49,45,3,12,0,7,2026,2026-07-03 12:45:00,2638.6718753
"402064","BiosphereDendrometer_",14,"2026-07-03 20:4:42","2026-07-03T13:4:42",16468,4.041211128,4010.595703,26.73999977,94.54000092,0.191699728,"UAGuest",0,"Green",1012,2194,2193,-241.2109375,"false","BioR1132",2026-07-03 13:00:00,184,15.0166666666667,4,0,3,13,0,7,2026,2026-07-03 13:00:00,2623.5351566
"402074","BiosphereDendrometer_",14,"2026-07-03 20:19:43","2026-07-03T13:19:43",16469,4.041211128,4007.372803,26.95000076,94.37000275,0.200121522,"UAGuest",0,"Green",1011,2179,2178,-248.5351563,"false","BioR1132",2026-07-03 13:15:00,184,15.0166666666667,19,15,3,13,0,7,2026,2026-07-03 13:15:00,2616.2109378
"402084","BiosphereDendrometer_",14,"2026-07-03 20:34:44","2026-07-03T13:34:44",16470,4.041211128,4007.372803,26.94000053,94.66000366,0.189701915,"UAGuest",0,"Green",1010,2175,2175,-250.4882813,"false","BioR1132",2026-07-03 13:30:00,184,15.0166666666667,34,30,3,13,0,7,2026,2026-07-03 13:30:00,2614.2578128
"402094","BiosphereDendrometer_",14,"2026-07-03 20:49:45","2026-07-03T13:49:45",16471,4.042822361,4012.207031,26.87999916,94.68000031,0.188326985,"UAGuest",0,"Green",1011,2175,2175,-250.4882813,"false","BioR1132",2026-07-03 13:45:00,184,15.0166666666667,49,45,3,13,0,7,2026,2026-07-03 13:45:00,2614.2578128
"402107","BiosphereDendrometer_",14,"2026-07-03 21:4:46","2026-07-03T14:4:46",16472,4.041211128,4005.761719,26.84000015,94.56999969,0.191769987,"UAGuest",0,"Green",1013,2175,2175,-250.4882813,"false","BioR1132",2026-07-03 14:00:00,184,15.0166666666667,4,0,3,14,0,7,2026,2026-07-03 14:00:00,2614.2578128
"402117","BiosphereDendrometer_",14,"2026-07-03 21:19:47","2026-07-03T14:19:47",16473,4.039599419,4010.595703,26.73999977,95.12999725,0.170985043,"UAGuest",0,"Green",1012,2177,2177,-249.5117188,"false","BioR1132",2026-07-03 14:15:00,184,15.0166666666667,19,15,3,14,0,7,2026,2026-07-03 14:15:00,2615.2343753
"402124","BiosphereDendrometer_",14,"2026-07-03 21:34:48","2026-07-03T14:34:48",16474,4.037988186,4005.761719,26.70999908,94.83999634,0.180847675,"UAGuest",0,"Green",1012,2180,2180,-248.046875,"false","BioR1132",2026-07-03 14:30:00,184,15.0166666666667,34,30,3,14,0,7,2026,2026-07-03 14:30:00,2616.6992191
"402134","BiosphereDendrometer_",14,"2026-07-03 21:49:49","2026-07-03T14:49:49",16475,4.039599419,4004.150391,26.64999962,94.88999939,0.178464383,"UAGuest",0,"Green",1011,2184,2184,-246.09375,"false","BioR1132",2026-07-03 14:45:00,184,15.0166666666667,49,45,3,14,0,7,2026,2026-07-03 14:45:00,2618.6523441
"402144","BiosphereDendrometer_",14,"2026-07-03 22:4:50","2026-07-03T15:4:50",16476,4.039599419,4007.372803,26.84000015,95.62999725,0.154334337,"UAGuest",0,"Green",1011,2194,2193,-241.2109375,"false","BioR1132",2026-07-03 15:00:00,184,15.0166666666667,4,0,3,15,0,7,2026,2026-07-03 15:00:00,2623.5351566
"402154","BiosphereDendrometer_",14,"2026-07-03 22:19:51","2026-07-03T15:19:51",16477,4.036376953,4002.539063,27.43000031,94.61000061,0.197054416,"UAGuest",0,"Green",1013,2200,2200,-238.28125,"false","BioR1132",2026-07-03 15:15:00,184,15.0166666666667,19,15,3,15,0,7,2026,2026-07-03 15:15:00,2626.4648441
"402164","BiosphereDendrometer_",14,"2026-07-03 22:34:52","2026-07-03T15:34:52",16478,4.037988186,4007.372803,27.54000092,94.04000092,0.219298646,"UAGuest",0,"Green",1013,2207,2208,-234.8632813,"false","BioR1132",2026-07-03 15:30:00,184,15.0166666666667,34,30,3,15,0,7,2026,2026-07-03 15:30:00,2629.8828128
"402174","BiosphereDendrometer_",14,"2026-07-03 22:49:53","2026-07-03T15:49:53",16479,4.021874905,4004.150391,27.5,93.62999725,0.233837485,"UAGuest",0,"Green",1010,2217,2216,-229.9804688,"false","BioR1132",2026-07-03 15:45:00,184,15.0166666666667,49,45,3,15,0,7,2026,2026-07-03 15:45:00,2634.7656253
"402184","BiosphereDendrometer_",14,"2026-07-03 23:4:54","2026-07-03T16:4:54",16480,4.036376953,4004.150391,27.45000076,93.73000336,0.229494676,"UAGuest",0,"Green",1012,2225,2224,-226.0742188,"false","BioR1132",2026-07-03 16:00:00,184,15.0166666666667,4,0,3,16,0,7,2026,2026-07-03 16:00:00,2638.6718753
"402194","BiosphereDendrometer_",14,"2026-07-03 23:20:7","2026-07-03T16:20:7",16481,4.039599419,4007.372803,26.48999977,89.5,0.363270491,"null",-100,"Green",1012,2233,2232,-222.1679688,"false","BioR1132",2026-07-03 16:15:00,184,15.2166666666667,20,15,3,16,0,7,2026,2026-07-03 16:15:00,2642.5781253
"402204","BiosphereDendrometer_",14,"2026-07-03 23:35:58","2026-07-03T16:35:58",16482,4.039599419,4008.984619,25.63999939,91.22000122,0.288884819,"UAGuest",0,"Green",1010,2239,2238,-219.2382813,"false","BioR1132",2026-07-03 16:30:00,184,15.85,35,30,3,16,0,7,2026,2026-07-03 16:30:00,2645.5078128
"402217","BiosphereDendrometer_",14,"2026-07-03 23:50:59","2026-07-03T16:50:59",16483,4.039599419,4004.150391,24.98999977,88.63999939,0.359612554,"UAGuest",0,"Green",1012,2245,2244,-216.3085938,"false","BioR1132",2026-07-03 16:45:00,184,15.0166666666667,50,45,3,16,0,7,2026,2026-07-03 16:45:00,2648.4375003
"402224","BiosphereDendrometer_",14,"2026-07-04 0:6:0","2026-07-03T17:6:0",16484,4.037988186,4004.150391,25.84000015,93.77999878,0.207092971,"UAGuest",0,"Green",1015,2253,2252,-212.4023438,"false","BioR1132",2026-07-03 17:00:00,184,15.0166666666667,6,0,3,17,0,7,2026,2026-07-03 17:00:00,2652.3437503
"402234","BiosphereDendrometer_",14,"2026-07-04 0:21:1","2026-07-03T17:21:1",16485,4.03476572,4004.150391,27.38999939,93.51000214,0.236715108,"UAGuest",0,"Green",1011,2269,2269,-204.5898438,"false","BioR1132",2026-07-03 17:15:00,184,15.0166666666667,21,15,3,17,0,7,2026,2026-07-03 17:15:00,2660.1562503
"402244","BiosphereDendrometer_",14,"2026-07-04 0:36:2","2026-07-03T17:36:2",16486,4.039599419,4005.761719,27.95999908,92.25,0.29223454,"UAGuest",0,"Green",1012,2287,2288,-195.8007813,"false","BioR1132",2026-07-03 17:30:00,184,15.0166666666667,36,30,3,17,0,7,2026,2026-07-03 17:30:00,2668.9453128
"402254","BiosphereDendrometer_",14,"2026-07-04 0:51:3","2026-07-03T17:51:3",16487,4.03476572,4002.539063,28.29000092,92.01999664,0.30673939,"UAGuest",0,"Green",1011,2305,2306,-187.0117188,"false","BioR1132",2026-07-03 17:45:00,184,15.0166666666667,51,45,3,17,0,7,2026,2026-07-03 17:45:00,2677.7343753
"402264","BiosphereDendrometer_",14,"2026-07-04 1:6:4","2026-07-03T18:6:4",16488,4.036376953,4004.150391,28.44000053,91.40000153,0.333462805,"UAGuest",0,"Green",1014,2324,2324,-177.734375,"false","BioR1132",2026-07-03 18:00:00,184,15.0166666666667,6,0,3,18,0,7,2026,2026-07-03 18:00:00,2687.0117191
"402274","BiosphereDendrometer_",14,"2026-07-04 1:21:5","2026-07-03T18:21:5",16489,4.036376953,4000.927979,28.47999954,90.88999939,0.354058713,"UAGuest",0,"Green",1010,2342,2342,-168.9453125,"false","BioR1132",2026-07-03 18:15:00,184,15.0166666666667,21,15,3,18,0,7,2026,2026-07-03 18:15:00,2695.8007816
"402284","BiosphereDendrometer_",14,"2026-07-04 1:36:6","2026-07-03T18:36:6",16490,4.033154488,4005.761719,28.44000053,90.62000275,0.363707036,"UAGuest",0,"Green",1013,2361,2360,-159.6679688,"false","BioR1132",2026-07-03 18:30:00,184,15.0166666666667,36,30,3,18,0,7,2026,2026-07-03 18:30:00,2705.0781253
"402294","BiosphereDendrometer_",14,"2026-07-04 1:51:7","2026-07-03T18:51:7",16491,4.036376953,4005.761719,28.38999939,90.01999664,0.385850847,"UAGuest",0,"Green",1010,2377,2376,-151.8554688,"false","BioR1132",2026-07-03 18:45:00,184,15.0166666666667,51,45,3,18,0,7,2026,2026-07-03 18:45:00,2712.8906253
"402304","BiosphereDendrometer_",14,"2026-07-04 2:6:8","2026-07-03T19:6:8",16492,4.031542778,4004.150391,28.04999924,85.51000214,0.549254835,"UAGuest",0,"Green",1010,2391,2391,-145.0195313,"false","BioR1132",2026-07-03 19:00:00,184,15.0166666666667,6,0,3,19,0,7,2026,2026-07-03 19:00:00,2719.7265628
"402317","BiosphereDendrometer_",14,"2026-07-04 2:21:9","2026-07-03T19:21:9",16493,4.031542778,4000.927979,27.09000015,81.66999817,0.656922877,"UAGuest",0,"Green",1014,2402,2401,-139.6484375,"false","BioR1132",2026-07-03 19:15:00,184,15.0166666666667,21,15,3,19,0,7,2026,2026-07-03 19:15:00,2725.0976566
"402324","BiosphereDendrometer_",14,"2026-07-04 2:36:10","2026-07-03T19:36:10",16494,4.031542778,3999.316406,26.36000061,80.01999664,0.685977221,"UAGuest",0,"Green",1010,2409,2409,-136.2304688,"false","BioR1132",2026-07-03 19:30:00,184,15.0166666666667,36,30,3,19,0,7,2026,2026-07-03 19:30:00,2728.5156253
"402334","BiosphereDendrometer_",14,"2026-07-04 2:51:11","2026-07-03T19:51:11",16495,4.031542778,4000.927979,25.87999916,78.08999634,0.731215417,"UAGuest",0,"Green",1011,2417,2416,-132.3242188,"false","BioR1132",2026-07-03 19:45:00,184,15.0166666666667,51,45,3,19,0,7,2026,2026-07-03 19:45:00,2732.4218753
"402344","BiosphereDendrometer_",14,"2026-07-04 3:6:12","2026-07-03T20:6:12",16496,4.033154488,3997.705078,25.43000031,77.05000305,0.745766521,"UAGuest",0,"Green",1012,2423,2423,-129.3945313,"false","BioR1132",2026-07-03 20:00:00,184,15.0166666666667,6,0,3,20,0,7,2026,2026-07-03 20:00:00,2735.3515628
"402354","BiosphereDendrometer_",14,"2026-07-04 3:21:25","2026-07-03T20:21:25",16497,4.03476572,3999.316406,25.03000069,76.45999908,0.746960521,"null",-100,"Green",1013,2429,2429,-126.4648438,"false","BioR1132",2026-07-03 20:15:00,184,15.2166666666667,21,15,3,20,0,7,2026,2026-07-03 20:15:00,2738.2812503
"402364","BiosphereDendrometer_",14,"2026-07-04 3:37:16","2026-07-03T20:37:16",16498,4.037988186,4002.539063,24.70999908,76.40000153,0.734712064,"UAGuest",0,"Green",1011,2435,2435,-123.5351563,"false","BioR1132",2026-07-03 20:30:00,184,15.85,37,30,3,20,0,7,2026,2026-07-03 20:30:00,2741.2109378
"402374","BiosphereDendrometer_",14,"2026-07-04 3:52:17","2026-07-03T20:52:17",16499,4.029931545,3996.09375,24.40999985,75.91000366,0.736640215,"UAGuest",0,"Green",1012,2441,2441,-120.6054688,"false","BioR1132",2026-07-03 20:45:00,184,15.0166666666667,52,45,3,20,0,7,2026,2026-07-03 20:45:00,2744.1406253
"402384","BiosphereDendrometer_",14,"2026-07-04 4:7:18","2026-07-03T21:7:18",16500,4.031542778,3996.09375,24.12999916,76.01000214,0.721382141,"UAGuest",0,"Green",1011,2446,2445,-118.1640625,"false","BioR1132",2026-07-03 21:00:00,184,15.0166666666667,7,0,3,21,0,7,2026,2026-07-03 21:00:00,2746.5820316
"402394","BiosphereDendrometer_",14,"2026-07-04 4:22:19","2026-07-03T21:22:19",16501,4.02670908,3999.316406,23.88999939,75.48000336,0.726775229,"UAGuest",0,"Green",1010,2451,2451,-115.7226563,"false","BioR1132",2026-07-03 21:15:00,184,15.0166666666667,22,15,3,21,0,7,2026,2026-07-03 21:15:00,2749.0234378
"402404","BiosphereDendrometer_",14,"2026-07-04 4:37:20","2026-07-03T21:37:20",16502,4.029931545,3994.482422,23.65999985,75.36000061,0.720302284,"UAGuest",0,"Green",1010,2456,2456,-113.28125,"false","BioR1132",2026-07-03 21:30:00,184,15.0166666666667,37,30,3,21,0,7,2026,2026-07-03 21:30:00,2751.4648441
"402417","BiosphereDendrometer_",14,"2026-07-04 4:52:21","2026-07-03T21:52:21",16503,4.028320313,3999.316406,23.48999977,75.29000092,0.714991868,"UAGuest",0,"Green",1010,2460,2461,-111.328125,"false","BioR1132",2026-07-03 21:45:00,184,15.0166666666667,52,45,3,21,0,7,2026,2026-07-03 21:45:00,2753.4179691
"402424","BiosphereDendrometer_",14,"2026-07-04 5:7:22","2026-07-03T22:7:22",16504,4.02670908,3997.705078,23.77000046,80.83000183,0.56411773,"UAGuest",0,"Green",1010,2465,2466,-108.8867188,"false","BioR1132",2026-07-03 22:00:00,184,15.0166666666667,7,0,3,22,0,7,2026,2026-07-03 22:00:00,2755.8593753
"402434","BiosphereDendrometer_",14,"2026-07-04 5:22:23","2026-07-03T22:22:23",16505,4.02670908,3996.09375,24.28000069,80.77999878,0.583166242,"UAGuest",0,"Green",1012,2474,2473,-104.4921875,"false","BioR1132",2026-07-03 22:15:00,184,15.0166666666667,22,15,3,22,0,7,2026,2026-07-03 22:15:00,2760.2539066
"402444","BiosphereDendrometer_",14,"2026-07-04 5:37:24","2026-07-03T22:37:24",16506,4.03476572,3991.259766,24.48999977,81.26000214,0.575792968,"UAGuest",0,"Green",1011,2479,2479,-102.0507813,"false","BioR1132",2026-07-03 22:30:00,184,15.0166666666667,37,30,3,22,0,7,2026,2026-07-03 22:30:00,2762.6953128
"402454","BiosphereDendrometer_",14,"2026-07-04 5:52:25","2026-07-03T22:52:25",16507,4.031542778,3997.705078,24.63999939,81.84999847,0.562686622,"UAGuest",0,"Green",1009,2485,2485,-99.12109375,"false","BioR1132",2026-07-03 22:45:00,184,15.0166666666667,52,45,3,22,0,7,2026,2026-07-03 22:45:00,2765.62500035
"402464","BiosphereDendrometer_",14,"2026-07-04 6:7:26","2026-07-03T23:7:26",16508,4.029931545,3994.482422,24.68000031,82.12000275,0.555641711,"UAGuest",0,"Green",1013,2491,2490,-96.19140625,"false","BioR1132",2026-07-03 23:00:00,184,15.0166666666667,7,0,3,23,0,7,2026,2026-07-03 23:00:00,2768.55468785
"402474","BiosphereDendrometer_",14,"2026-07-04 6:22:27","2026-07-03T23:22:27",16509,4.02670908,3999.316406,24.72999954,82.47000122,0.546393514,"UAGuest",0,"Green",1010,2496,2496,-93.75,"false","BioR1132",2026-07-03 23:15:00,184,15.0166666666667,22,15,3,23,0,7,2026,2026-07-03 23:15:00,2770.9960941
"402484","BiosphereDendrometer_",14,"2026-07-04 6:37:28","2026-07-03T23:37:28",16510,4.031542778,3992.871094,24.78000069,82.88999939,0.534896195,"UAGuest",0,"Green",1010,2501,2501,-91.30859375,"false","BioR1132",2026-07-03 23:30:00,184,15.0166666666667,37,30,3,23,0,7,2026,2026-07-03 23:30:00,2773.43750035
"402494","BiosphereDendrometer_",14,"2026-07-04 6:52:29","2026-07-03T23:52:29",16511,4.028320313,3994.482422,24.86000061,82.97000122,0.534941614,"UAGuest",0,"Green",1013,2506,2506,-88.8671875,"false","BioR1132",2026-07-03 23:45:00,184,15.0166666666667,52,45,3,23,0,7,2026,2026-07-03 23:45:00,2775.8789066
"402504","BiosphereDendrometer_",14,"2026-07-04 7:7:30","2026-07-04T0:7:30",16512,4.02670908,3997.705078,24.89999962,83.31999969,0.525198519,"UAGuest",0,"Green",1011,2511,2511,-86.42578125,"false","BioR1132",2026-07-04,185,15.0166666666667,7,0,4,0,0,7,2026,2026-07-04,2778.32031285
"402517","BiosphereDendrometer_",14,"2026-07-04 7:22:43","2026-07-04T0:22:43",16513,4.02670908,3994.482422,24.95999908,83.18000031,0.531503737,"null",-100,"Green",1010,2516,2516,-83.984375,"false","BioR1132",2026-07-04 00:15:00,185,15.2166666666667,22,15,4,0,0,7,2026,2026-07-04 00:15:00,2780.7617191
"402524","BiosphereDendrometer_",14,"2026-07-04 7:38:34","2026-07-04T0:38:34",16514,4.033154488,3991.259766,24.95999908,83.33999634,0.526447892,"UAGuest",0,"Green",1010,2520,2520,-82.03125,"false","BioR1132",2026-07-04 00:45:00,185,15.85,38,45,4,0,0,7,2026,2026-07-04 00:45:00,2782.7148441
"402534","BiosphereDendrometer_",14,"2026-07-04 7:53:35","2026-07-04T0:53:35",16515,4.025097847,3992.871094,25.03000069,83.44000244,0.52547431,"UAGuest",0,"Green",1010,2525,2524,-79.58984375,"false","BioR1132",2026-07-04 01:00:00,185,15.0166666666667,53,0,4,1,0,7,2026,2026-07-04 01:00:00,2785.15625035
"402544","BiosphereDendrometer_",14,"2026-07-04 8:8:36","2026-07-04T1:8:36",16516,4.025097847,3992.871094,25.05999947,83.41999817,0.527049661,"UAGuest",0,"Green",1013,2529,2528,-77.63671875,"false","BioR1132",2026-07-04 01:15:00,185,15.0166666666667,8,15,4,1,0,7,2026,2026-07-04 01:15:00,2787.10937535
"402554","BiosphereDendrometer_",14,"2026-07-04 8:23:37","2026-07-04T1:23:37",16517,4.025097847,3996.09375,25.03000069,83.34999847,0.528330266,"UAGuest",0,"Green",1014,2533,2531,-75.68359375,"false","BioR1132",2026-07-04 01:30:00,185,15.0166666666667,23,30,4,1,0,7,2026,2026-07-04 01:30:00,2789.06250035
"402564","BiosphereDendrometer_",14,"2026-07-04 8:38:38","2026-07-04T1:38:38",16518,4.025097847,3992.871094,25.05999947,83.5,0.524506509,"UAGuest",0,"Green",1012,2536,2535,-74.21875,"false","BioR1132",2026-07-04 01:45:00,185,15.0166666666667,38,45,4,1,0,7,2026,2026-07-04 01:45:00,2790.5273441
"402574","BiosphereDendrometer_",14,"2026-07-04 8:53:39","2026-07-04T1:53:39",16519,4.025097847,3991.259766,25.09000015,83.41000366,0.528310061,"UAGuest",0,"Green",1012,2538,2539,-73.2421875,"false","BioR1132",2026-07-04 02:00:00,185,15.0166666666667,53,0,4,2,0,7,2026,2026-07-04 02:00:00,2791.5039066
"402584","BiosphereDendrometer_",14,"2026-07-04 9:8:40","2026-07-04T2:8:40",16520,4.023486137,3981.591797,25.06999969,83.30999756,0.530862331,"UAGuest",0,"Green",1010,2543,2542,-70.80078125,"false","BioR1132",2026-07-04 02:15:00,185,15.0166666666667,8,15,4,2,0,7,2026,2026-07-04 02:15:00,2793.94531285
"402594","BiosphereDendrometer_",14,"2026-07-04 9:23:41","2026-07-04T2:23:41",16521,4.025097847,3991.259766,25.10000038,83.33000183,0.531173766,"UAGuest",0,"Green",1011,2546,2544,-69.3359375,"false","BioR1132",2026-07-04 02:30:00,185,15.0166666666667,23,30,4,2,0,7,2026,2026-07-04 02:30:00,2795.4101566
"402604","BiosphereDendrometer_",14,"2026-07-04 9:38:42","2026-07-04T2:38:42",16522,4.023486137,3992.871094,24.72999954,76.44000244,0.734342933,"UAGuest",0,"Green",1012,2546,2547,-69.3359375,"false","BioR1132",2026-07-04 02:45:00,185,15.0166666666667,38,45,4,2,0,7,2026,2026-07-04 02:45:00,2795.4101566
"402617","BiosphereDendrometer_",14,"2026-07-04 9:53:43","2026-07-04T2:53:43",16523,4.023486137,3991.259766,23.62000084,73.34999847,0.777187467,"UAGuest",0,"Green",1012,2547,2546,-68.84765625,"false","BioR1132",2026-07-04 03:00:00,185,15.0166666666667,53,0,4,3,0,7,2026,2026-07-04 03:00:00,2795.89843785
"402624","BiosphereDendrometer_",14,"2026-07-04 10:8:44","2026-07-04T3:8:44",16524,4.020263672,3989.648438,22.96999931,71.15000153,0.808983088,"UAGuest",0,"Green",1011,2546,2544,-69.3359375,"false","BioR1132",2026-07-04 03:15:00,185,15.0166666666667,8,15,4,3,0,7,2026,2026-07-04 03:15:00,2795.4101566
"402634","BiosphereDendrometer_",14,"2026-07-04 10:23:45","2026-07-04T3:23:45",16525,4.021874905,3991.259766,22.52000046,69.91999817,0.820782602,"UAGuest",0,"Green",1013,2543,2544,-70.80078125,"false","BioR1132",2026-07-04 03:30:00,185,15.0166666666667,23,30,4,3,0,7,2026,2026-07-04 03:30:00,2793.94531285
"402644","BiosphereDendrometer_",14,"2026-07-04 10:38:46","2026-07-04T3:38:46",16526,4.021874905,3988.037109,22.14999962,68.83000183,0.831607461,"UAGuest",0,"Green",1011,2544,2543,-70.3125,"false","BioR1132",2026-07-04 03:45:00,185,15.0166666666667,38,45,4,3,0,7,2026,2026-07-04 03:45:00,2794.4335941
"402654","BiosphereDendrometer_",14,"2026-07-04 10:53:47","2026-07-04T3:53:47",16527,4.021874905,3986.425781,21.92000008,68.98999786,0.815824866,"UAGuest",0,"Green",1014,2543,2543,-70.80078125,"false","BioR1132",2026-07-04 04:00:00,185,15.0166666666667,53,0,4,4,0,7,2026,2026-07-04 04:00:00,2793.94531285
"402664","BiosphereDendrometer_",14,"2026-07-04 11:8:48","2026-07-04T4:8:48",16528,4.020263672,3988.037109,21.70999908,68.30000305,0.823356152,"UAGuest",0,"Green",1014,2542,2543,-71.2890625,"false","BioR1132",2026-07-04 04:15:00,185,15.0166666666667,8,15,4,4,0,7,2026,2026-07-04 04:15:00,2793.4570316
"402674","BiosphereDendrometer_",14,"2026-07-04 11:24:1","2026-07-04T4:24:1",16529,4.018652439,3984.814453,21.42000008,69.06999969,0.789234936,"null",-100,"Green",1012,2542,2543,-71.2890625,"false","BioR1132",2026-07-04 04:30:00,185,15.2166666666667,24,30,4,4,0,7,2026,2026-07-04 04:30:00,2793.4570316
"402684","BiosphereDendrometer_",14,"2026-07-04 11:39:52","2026-07-04T4:39:52",16530,4.020263672,3992.871094,21.09000015,70.06999969,0.748423874,"UAGuest",0,"Green",1010,2545,2543,-69.82421875,"false","BioR1132",2026-07-04 04:45:00,185,15.85,39,45,4,4,0,7,2026,2026-07-04 04:45:00,2794.92187535
"402694","BiosphereDendrometer_",14,"2026-07-04 11:54:53","2026-07-04T4:54:53",16531,4.021874905,3989.648438,20.76000023,69.81999969,0.739523828,"UAGuest",0,"Green",1010,2544,2543,-70.3125,"false","BioR1132",2026-07-04 05:00:00,185,15.0166666666667,54,0,4,5,0,7,2026,2026-07-04 05:00:00,2794.4335941
"402704","BiosphereDendrometer_",14,"2026-07-04 12:9:54","2026-07-04T5:9:54",16532,4.021874905,3986.425781,20.51000023,71.23000336,0.694200516,"UAGuest",0,"Green",1013,2545,2544,-69.82421875,"false","BioR1132",2026-07-04 05:15:00,185,15.0166666666667,9,15,4,5,0,7,2026,2026-07-04 05:15:00,2794.92187535
"402717","BiosphereDendrometer_",14,"2026-07-04 12:24:55","2026-07-04T5:24:55",16533,4.018652439,3988.037109,20.27000046,70.54000092,0.700398982,"UAGuest",0,"Green",1011,2545,2545,-69.82421875,"false","BioR1132",2026-07-04 05:30:00,185,15.0166666666667,24,30,4,5,0,7,2026,2026-07-04 05:30:00,2794.92187535
"402724","BiosphereDendrometer_",14,"2026-07-04 12:39:56","2026-07-04T5:39:56",16534,4.020263672,3984.814453,20.37999916,75.37999725,0.58931905,"UAGuest",0,"Green",1009,2546,2546,-69.3359375,"false","BioR1132",2026-07-04 05:45:00,185,15.0166666666667,39,45,4,5,0,7,2026,2026-07-04 05:45:00,2795.4101566
"402734","BiosphereDendrometer_",14,"2026-07-04 12:54:57","2026-07-04T5:54:57",16535,4.020263672,3984.814453,21.10000038,79.16000366,0.521440864,"UAGuest",0,"Green",1012,2548,2548,-68.359375,"false","BioR1132",2026-07-04 06:00:00,185,15.0166666666667,54,0,4,6,0,7,2026,2026-07-04 06:00:00,2796.3867191
"402744","BiosphereDendrometer_",14,"2026-07-04 13:9:58","2026-07-04T6:9:58",16536,4.021874905,3986.425781,21.60000038,79.75,0.522437155,"UAGuest",0,"Green",1009,2547,2548,-68.84765625,"false","BioR1132",2026-07-04 06:15:00,185,15.0166666666667,9,15,4,6,0,7,2026,2026-07-04 06:15:00,2795.89843785
"402754","BiosphereDendrometer_",14,"2026-07-04 13:24:59","2026-07-04T6:24:59",16537,4.021874905,3988.037109,21.92000008,81.01000214,0.499597281,"UAGuest",0,"Green",1013,2546,2546,-69.3359375,"false","BioR1132",2026-07-04 06:30:00,185,15.0166666666667,24,30,4,6,0,7,2026,2026-07-04 06:30:00,2795.4101566
"402764","BiosphereDendrometer_",14,"2026-07-04 13:40:0","2026-07-04T6:40:0",16538,4.018652439,3983.203125,22.15999985,82.58000183,0.465044111,"UAGuest",0,"Green",1012,2545,2545,-69.82421875,"false","BioR1132",2026-07-04 06:45:00,185,15.0166666666667,40,45,4,6,0,7,2026,2026-07-04 06:45:00,2794.92187535
"402774","BiosphereDendrometer_",14,"2026-07-04 13:55:1","2026-07-04T6:55:1",16539,4.015429497,3984.814453,22.37999916,83.33999634,0.450746536,"UAGuest",0,"Green",1013,2543,2543,-70.80078125,"false","BioR1132",2026-07-04 07:00:00,185,15.0166666666667,55,0,4,7,0,7,2026,2026-07-04 07:00:00,2793.94531285
"402784","BiosphereDendrometer_",14,"2026-07-04 14:10:2","2026-07-04T7:10:2",16540,4.010595798,3984.814453,22.46999931,83.70999908,0.443152249,"UAGuest",0,"Green",1014,2541,2541,-71.77734375,"false","BioR1132",2026-07-04 07:15:00,185,15.0166666666667,10,15,4,7,0,7,2026,2026-07-04 07:15:00,2792.96875035
"402794","BiosphereDendrometer_",14,"2026-07-04 14:25:3","2026-07-04T7:25:3",16541,4.017041206,3984.814453,22.63999939,84.27999878,0.432080954,"UAGuest",0,"Green",1013,2538,2538,-73.2421875,"false","BioR1132",2026-07-04 07:30:00,185,15.0166666666667,25,30,4,7,0,7,2026,2026-07-04 07:30:00,2791.5039066
"402804","BiosphereDendrometer_",14,"2026-07-04 14:40:4","2026-07-04T7:40:4",16542,4.017041206,3989.648438,23.04000092,84.19000244,0.445209086,"UAGuest",0,"Green",1008,2534,2533,-75.1953125,"false","BioR1132",2026-07-04 07:45:00,185,15.0166666666667,40,45,4,7,0,7,2026,2026-07-04 07:45:00,2789.5507816
"402817","BiosphereDendrometer_",14,"2026-07-04 14:55:5","2026-07-04T7:55:5",16543,4.017041206,3983.203125,23.57999992,85.16000366,0.431734204,"UAGuest",0,"Green",1011,2523,2522,-80.56640625,"false","BioR1132",2026-07-04 08:00:00,185,15.0166666666667,55,0,4,8,0,7,2026,2026-07-04 08:00:00,2784.17968785
"402824","BiosphereDendrometer_",14,"2026-07-04 15:10:6","2026-07-04T8:10:6",16544,4.023486137,3983.203125,23.30999947,87.34999847,0.362080693,"UAGuest",0,"Green",1013,2513,2513,-85.44921875,"false","BioR1132",2026-07-04 08:15:00,185,15.0166666666667,10,15,4,8,0,7,2026,2026-07-04 08:15:00,2779.29687535
"402834","BiosphereDendrometer_",14,"2026-07-04 15:25:19","2026-07-04T8:25:19",16545,4.012207031,3983.203125,23.38999939,89.68000031,0.296818048,"null",-100,"Green",1013,2508,2508,-87.890625,"false","BioR1132",2026-07-04 08:30:00,185,15.2166666666667,25,30,4,8,0,7,2026,2026-07-04 08:30:00,2776.8554691
"402844","BiosphereDendrometer_",14,"2026-07-04 15:41:10","2026-07-04T8:41:10",16546,4.017041206,3989.648438,23.67000008,90.37000275,0.281683564,"UAGuest",0,"Green",1011,2502,2501,-90.8203125,"false","BioR1132",2026-07-04 08:45:00,185,15.85,41,45,4,8,0,7,2026,2026-07-04 08:45:00,2773.9257816
"402854","BiosphereDendrometer_",14,"2026-07-04 15:56:11","2026-07-04T8:56:11",16547,4.015429497,3983.203125,23.95999908,91.18000031,0.2625269,"UAGuest",0,"Green",1012,2494,2494,-94.7265625,"false","BioR1132",2026-07-04 09:00:00,185,15.0166666666667,56,0,4,9,0,7,2026,2026-07-04 09:00:00,2770.0195316
"402864","BiosphereDendrometer_",14,"2026-07-04 16:11:12","2026-07-04T9:11:12",16548,4.017041206,3986.425781,23.61000061,91.19000244,0.25676915,"UAGuest",0,"Green",1009,2484,2483,-99.609375,"false","BioR1132",2026-07-04 09:15:00,185,15.0166666666667,11,15,4,9,0,7,2026,2026-07-04 09:15:00,2765.1367191
"402874","BiosphereDendrometer_",14,"2026-07-04 16:26:13","2026-07-04T9:26:13",16549,4.017041206,3986.425781,23.55999947,92.30000305,0.223743364,"UAGuest",0,"Green",1009,2476,2476,-103.515625,"false","BioR1132",2026-07-04 09:30:00,185,15.0166666666667,26,30,4,9,0,7,2026,2026-07-04 09:30:00,2761.2304691
"402884","BiosphereDendrometer_",14,"2026-07-04 16:41:14","2026-07-04T9:41:14",16550,4.015429497,3983.203125,23.57999992,92.87000275,0.207430243,"UAGuest",0,"Green",1010,2472,2471,-105.46875,"false","BioR1132",2026-07-04 09:45:00,185,15.0166666666667,41,45,4,9,0,7,2026,2026-07-04 09:45:00,2759.2773441
"402894","BiosphereDendrometer_",14,"2026-07-04 16:56:15","2026-07-04T9:56:15",16551,4.015429497,3983.203125,23.57999992,93.19999695,0.197829813,"UAGuest",0,"Green",1011,2467,2467,-107.9101563,"false","BioR1132",2026-07-04 10:00:00,185,15.0166666666667,56,0,4,10,0,7,2026,2026-07-04 10:00:00,2756.8359378
"402904","BiosphereDendrometer_",14,"2026-07-04 17:11:16","2026-07-04T10:11:16",16552,4.015429497,3983.203125,23.57999992,93.55999756,0.187356472,"UAGuest",0,"Green",1010,2466,2466,-108.3984375,"false","BioR1132",2026-07-04 10:15:00,185,15.0166666666667,11,15,4,10,0,7,2026,2026-07-04 10:15:00,2756.3476566
"402917","BiosphereDendrometer_",14,"2026-07-04 17:26:17","2026-07-04T10:26:17",16553,4.013818264,3984.814453,23.59000015,93.59999847,0.186304882,"UAGuest",0,"Green",1012,2464,2464,-109.375,"false","BioR1132",2026-07-04 10:30:00,185,15.0166666666667,26,30,4,10,0,7,2026,2026-07-04 10:30:00,2755.3710941
"402924","BiosphereDendrometer_",14,"2026-07-04 17:41:18","2026-07-04T10:41:18",16554,4.017041206,3979.980469,23.52000046,93.83000183,0.178853899,"UAGuest",0,"Green",1011,2464,2463,-109.375,"false","BioR1132",2026-07-04 10:45:00,185,15.0166666666667,41,45,4,10,0,7,2026,2026-07-04 10:45:00,2755.3710941
"402934","BiosphereDendrometer_",14,"2026-07-04 17:56:19","2026-07-04T10:56:19",16555,4.015429497,3978.369141,23.45000076,93.77999878,0.179544434,"UAGuest",0,"Green",1011,2464,2463,-109.375,"false","BioR1132",2026-07-04 11:00:00,185,15.0166666666667,56,0,4,11,0,7,2026,2026-07-04 11:00:00,2755.3710941
"402944","BiosphereDendrometer_",14,"2026-07-04 18:11:20","2026-07-04T11:11:20",16556,4.013818264,3979.980469,23.47999954,93.58000183,0.185652837,"UAGuest",0,"Green",1011,2462,2462,-110.3515625,"false","BioR1132",2026-07-04 11:15:00,185,15.0166666666667,11,15,4,11,0,7,2026,2026-07-04 11:15:00,2754.3945316
"402954","BiosphereDendrometer_",14,"2026-07-04 18:26:21","2026-07-04T11:26:21",16557,4.018652439,3979.980469,23.45999908,93.86000061,0.177341983,"UAGuest",0,"Green",1011,2460,2460,-111.328125,"false","BioR1132",2026-07-04 11:30:00,185,15.0166666666667,26,30,4,11,0,7,2026,2026-07-04 11:30:00,2753.4179691
"402964","BiosphereDendrometer_",14,"2026-07-04 18:41:22","2026-07-04T11:41:22",16558,4.012207031,3978.369141,23.45999908,93.91999817,0.175609052,"UAGuest",0,"Green",1011,2458,2458,-112.3046875,"false","BioR1132",2026-07-04 11:45:00,185,15.0166666666667,41,45,4,11,0,7,2026,2026-07-04 11:45:00,2752.4414066
"402974","BiosphereDendrometer_",14,"2026-07-04 18:56:23","2026-07-04T11:56:23",16559,4.008984566,3981.591797,23.48999977,93.94000244,0.175348014,"UAGuest",0,"Green",1011,2456,2456,-113.28125,"false","BioR1132",2026-07-04 12:00:00,185,15.0166666666667,56,0,4,12,0,7,2026,2026-07-04 12:00:00,2751.4648441
"402984","BiosphereDendrometer_",14,"2026-07-04 19:11:24","2026-07-04T12:11:24",16560,4.008984566,3979.980469,23.47999954,94.16000366,0.168880433,"UAGuest",0,"Green",1012,2453,2454,-114.7460938,"false","BioR1132",2026-07-04 12:15:00,185,15.0166666666667,11,15,4,12,0,7,2026,2026-07-04 12:15:00,2750.0000003
"402994","BiosphereDendrometer_",14,"2026-07-04 19:26:37","2026-07-04T12:26:37",16561,4.012207031,3983.203125,23.51000023,93.95999908,0.174980134,"null",-100,"Green",1009,2452,2452,-115.234375,"false","BioR1132",2026-07-04 12:30:00,185,15.2166666666667,26,30,4,12,0,7,2026,2026-07-04 12:30:00,2749.5117191
"403004","BiosphereDendrometer_",14,"2026-07-04 19:42:28","2026-07-04T12:42:28",16562,4.015429497,3984.814453,23.54999924,94.18000031,0.169013381,"UAGuest",0,"Green",1013,2446,2447,-118.1640625,"false","BioR1132",2026-07-04 12:45:00,185,15.85,42,45,4,12,0,7,2026,2026-07-04 12:45:00,2746.5820316
"403017","BiosphereDendrometer_",14,"2026-07-04 19:57:29","2026-07-04T12:57:29",16563,4.012207031,3973.535156,23.65999985,94.33000183,0.165751353,"UAGuest",0,"Green",1013,2445,2444,-118.6523438,"false","BioR1132",2026-07-04 13:00:00,185,15.0166666666667,57,0,4,13,0,7,2026,2026-07-04 13:00:00,2746.0937503
"403024","BiosphereDendrometer_",14,"2026-07-04 20:12:30","2026-07-04T13:12:30",16564,4.012207031,3978.369141,23.76000023,94.44999695,0.163222402,"UAGuest",0,"Green",1009,2439,2438,-121.5820313,"false","BioR1132",2026-07-04 13:15:00,185,15.0166666666667,12,15,4,13,0,7,2026,2026-07-04 13:15:00,2743.1640628
"403034","BiosphereDendrometer_",14,"2026-07-04 20:27:31","2026-07-04T13:27:31",16565,4.013818264,3979.980469,24.03000069,94.43000031,0.166488931,"UAGuest",0,"Green",1012,2426,2425,-127.9296875,"false","BioR1132",2026-07-04 13:30:00,185,15.0166666666667,27,30,4,13,0,7,2026,2026-07-04 13:30:00,2736.8164066
"403044","BiosphereDendrometer_",14,"2026-07-04 20:42:32","2026-07-04T13:42:32",16566,4.010595798,3978.369141,24.29999924,95.19000244,0.146118149,"UAGuest",0,"Green",1012,2421,2420,-130.3710938,"false","BioR1132",2026-07-04 13:45:00,185,15.0166666666667,42,45,4,13,0,7,2026,2026-07-04 13:45:00,2734.3750003
"403054","BiosphereDendrometer_",14,"2026-07-04 20:57:33","2026-07-04T13:57:33",16567,4.010595798,3983.203125,24.52000046,95.58000183,0.136049852,"UAGuest",0,"Green",1011,2418,2418,-131.8359375,"false","BioR1132",2026-07-04 14:00:00,185,15.0166666666667,57,0,4,14,0,7,2026,2026-07-04 14:00:00,2732.9101566
"403064","BiosphereDendrometer_",14,"2026-07-04 21:12:34","2026-07-04T14:12:34",16568,4.007372856,3976.757813,24.64999962,95.63999939,0.1352496,"UAGuest",0,"Green",1012,2417,2416,-132.3242188,"false","BioR1132",2026-07-04 14:15:00,185,15.0166666666667,12,15,4,14,0,7,2026,2026-07-04 14:15:00,2732.4218753
"403074","BiosphereDendrometer_",14,"2026-07-04 21:27:35","2026-07-04T14:27:35",16569,4.012207031,3975.146484,24.70999908,95.73000336,0.13293305,"UAGuest",0,"Green",1013,2416,2415,-132.8125,"false","BioR1132",2026-07-04 14:30:00,185,15.0166666666667,27,30,4,14,0,7,2026,2026-07-04 14:30:00,2731.9335941
"403084","BiosphereDendrometer_",14,"2026-07-04 21:42:36","2026-07-04T14:42:36",16570,4.008984566,3979.980469,24.65999985,95.48999786,0.139986292,"UAGuest",0,"Green",1013,2415,2413,-133.3007813,"false","BioR1132",2026-07-04 14:45:00,185,15.0166666666667,42,45,4,14,0,7,2026,2026-07-04 14:45:00,2731.4453128
"403094","BiosphereDendrometer_",14,"2026-07-04 21:57:37","2026-07-04T14:57:37",16571,4.010595798,3979.980469,24.64999962,95.45999908,0.140833303,"UAGuest",0,"Green",1011,2413,2413,-134.2773438,"false","BioR1132",2026-07-04 15:00:00,185,15.0166666666667,57,0,4,15,0,7,2026,2026-07-04 15:00:00,2730.4687503
"403107","BiosphereDendrometer_",14,"2026-07-04 22:12:38","2026-07-04T15:12:38",16572,4.012207031,3976.757813,25.23999977,95.34999847,0.149407029,"UAGuest",0,"Green",1010,2415,2415,-133.3007813,"false","BioR1132",2026-07-04 15:15:00,185,15.0166666666667,12,15,4,15,0,7,2026,2026-07-04 15:15:00,2731.4453128
"403117","BiosphereDendrometer_",14,"2026-07-04 22:27:39","2026-07-04T15:27:39",16573,4.008984566,3979.980469,25.57999992,94.80999756,0.170158282,"UAGuest",0,"Green",1013,2415,2415,-133.3007813,"false","BioR1132",2026-07-04 15:30:00,185,15.0166666666667,27,30,4,15,0,7,2026,2026-07-04 15:30:00,2731.4453128
"403124","BiosphereDendrometer_",14,"2026-07-04 22:42:40","2026-07-04T15:42:40",16574,4.008984566,3975.146484,25.68000031,94.47000122,0.182383284,"UAGuest",0,"Green",1011,2417,2416,-132.3242188,"false","BioR1132",2026-07-04 15:45:00,185,15.0166666666667,42,45,4,15,0,7,2026,2026-07-04 15:45:00,2732.4218753
"403134","BiosphereDendrometer_",14,"2026-07-04 22:57:41","2026-07-04T15:57:41",16575,4.008984566,3978.369141,25.70999908,94.25,0.189976439,"UAGuest",0,"Green",1013,2416,2417,-132.8125,"false","BioR1132",2026-07-04 16:00:00,185,15.0166666666667,57,0,4,16,0,7,2026,2026-07-04 16:00:00,2731.9335941
"403144","BiosphereDendrometer_",14,"2026-07-04 23:12:42","2026-07-04T16:12:42",16576,4.013818264,3976.757813,25.67000008,93.94000244,0.199744612,"UAGuest",0,"Green",1014,2419,2418,-131.3476563,"false","BioR1132",2026-07-04 16:15:00,185,15.0166666666667,12,15,4,16,0,7,2026,2026-07-04 16:15:00,2733.3984378
"403154","BiosphereDendrometer_",14,"2026-07-04 23:27:55","2026-07-04T16:27:55",16577,4.007372856,3973.535156,25.54999924,93.61000061,0.209128678,"null",-100,"Green",1011,2423,2421,-129.3945313,"false","BioR1132",2026-07-04 16:30:00,185,15.2166666666667,27,30,4,16,0,7,2026,2026-07-04 16:30:00,2735.3515628
"403164","BiosphereDendrometer_",14,"2026-07-04 23:43:46","2026-07-04T16:43:46",16578,4.010595798,3979.980469,25.95000076,93.30999756,0.224195719,"UAGuest",0,"Green",1011,2427,2425,-127.4414063,"false","BioR1132",2026-07-04 16:45:00,185,15.85,43,45,4,16,0,7,2026,2026-07-04 16:45:00,2737.3046878
"403174","BiosphereDendrometer_",14,"2026-07-04 23:58:47","2026-07-04T16:58:47",16579,4.007372856,3973.535156,25.97999954,91.01999664,0.301472753,"UAGuest",0,"Green",1012,2429,2429,-126.4648438,"false","BioR1132",2026-07-04 17:00:00,185,15.0166666666667,58,0,4,17,0,7,2026,2026-07-04 17:00:00,2738.2812503
"403184","BiosphereDendrometer_",14,"2026-07-05 0:13:48","2026-07-04T17:13:48",16580,4.008984566,3975.146484,25.47999954,88.88999939,0.362095594,"UAGuest",0,"Green",1012,2430,2430,-125.9765625,"false","BioR1132",2026-07-04 17:15:00,185,15.0166666666667,13,15,4,17,0,7,2026,2026-07-04 17:15:00,2738.7695316
"403194","BiosphereDendrometer_",14,"2026-07-05 0:28:49","2026-07-04T17:28:49",16581,4.010595798,3976.757813,25.17000008,86.16000366,0.442838997,"UAGuest",0,"Green",1014,2431,2431,-125.4882813,"false","BioR1132",2026-07-04 17:30:00,185,15.0166666666667,28,30,4,17,0,7,2026,2026-07-04 17:30:00,2739.2578128
"403204","BiosphereDendrometer_",14,"2026-07-05 0:43:50","2026-07-04T17:43:50",16582,4.007372856,3973.535156,24.82999992,83.83000183,0.507019639,"UAGuest",0,"Green",1009,2436,2434,-123.046875,"false","BioR1132",2026-07-04 17:45:00,185,15.0166666666667,43,45,4,17,0,7,2026,2026-07-04 17:45:00,2741.6992191
"403217","BiosphereDendrometer_",14,"2026-07-05 0:58:51","2026-07-04T17:58:51",16583,4.010595798,3968.701172,24.72999954,87.41999817,0.392106742,"UAGuest",0,"Green",1011,2440,2440,-121.09375,"false","BioR1132",2026-07-04 18:00:00,185,15.0166666666667,58,0,4,18,0,7,2026,2026-07-04 18:00:00,2743.6523441
"403224","BiosphereDendrometer_",14,"2026-07-05 1:13:52","2026-07-04T18:13:52",16584,4.007372856,3973.535156,25.09000015,89.34999847,0.339150339,"UAGuest",0,"Green",1012,2450,2450,-116.2109375,"false","BioR1132",2026-07-04 18:15:00,185,15.0166666666667,13,15,4,18,0,7,2026,2026-07-04 18:15:00,2748.5351566
"403234","BiosphereDendrometer_",14,"2026-07-05 1:28:53","2026-07-04T18:28:53",16585,4.005761623,3976.757813,25.45000076,88.58999634,0.371211678,"UAGuest",0,"Green",1011,2459,2459,-111.8164063,"false","BioR1132",2026-07-04 18:30:00,185,15.0166666666667,28,30,4,18,0,7,2026,2026-07-04 18:30:00,2752.9296878
"403244","BiosphereDendrometer_",14,"2026-07-05 1:43:54","2026-07-04T18:43:54",16586,4.010595798,3975.146484,25.71999931,87.98999786,0.397038132,"UAGuest",0,"Green",1013,2467,2468,-107.9101563,"false","BioR1132",2026-07-04 18:45:00,185,15.0166666666667,43,45,4,18,0,7,2026,2026-07-04 18:45:00,2756.8359378
"403254","BiosphereDendrometer_",14,"2026-07-05 1:58:55","2026-07-04T18:58:55",16587,4.007372856,3973.535156,25.81999969,87.55000305,0.414028347,"UAGuest",0,"Green",1010,2476,2476,-103.515625,"false","BioR1132",2026-07-04 19:00:00,185,15.0166666666667,58,0,4,19,0,7,2026,2026-07-04 19:00:00,2761.2304691
"403264","BiosphereDendrometer_",14,"2026-07-05 2:13:56","2026-07-04T19:13:56",16588,4.005761623,3975.146484,25.90999985,87.33999634,0.423260212,"UAGuest",0,"Green",1011,2485,2484,-99.12109375,"false","BioR1132",2026-07-04 19:15:00,185,15.0166666666667,13,15,4,19,0,7,2026,2026-07-04 19:15:00,2765.62500035
"403274","BiosphereDendrometer_",14,"2026-07-05 2:28:57","2026-07-04T19:28:57",16589,4.007372856,3975.146484,25.95000076,87.25,0.427278727,"UAGuest",0,"Green",1013,2493,2493,-95.21484375,"false","BioR1132",2026-07-04 19:30:00,185,15.0166666666667,28,30,4,19,0,7,2026,2026-07-04 19:30:00,2769.53125035
"403284","BiosphereDendrometer_",14,"2026-07-05 2:43:58","2026-07-04T19:43:58",16590,4.007372856,3971.923828,25.95999908,87.11000061,0.432225853,"UAGuest",0,"Green",1011,2502,2501,-90.8203125,"false","BioR1132",2026-07-04 19:45:00,185,15.0166666666667,43,45,4,19,0,7,2026,2026-07-04 19:45:00,2773.9257816
"403294","BiosphereDendrometer_",14,"2026-07-05 2:58:59","2026-07-04T19:58:59",16591,4.007372856,3968.701172,25.93000031,87.15000153,0.430120826,"UAGuest",0,"Green",1012,2508,2508,-87.890625,"false","BioR1132",2026-07-04 20:00:00,185,15.0166666666667,58,0,4,20,0,7,2026,2026-07-04 20:00:00,2776.8554691
"403304","BiosphereDendrometer_",14,"2026-07-05 3:14:0","2026-07-04T20:14:0",16592,4.008984566,3970.3125,25.92000008,87.16000366,0.429531932,"UAGuest",0,"Green",1011,2515,2515,-84.47265625,"false","BioR1132",2026-07-04 20:15:00,185,15.0166666666667,14,15,4,20,0,7,2026,2026-07-04 20:15:00,2780.27343785
"403317","BiosphereDendrometer_",14,"2026-07-05 3:29:13","2026-07-04T20:29:13",16593,4.008984566,3971.923828,25.87999916,87.11000061,0.430185467,"null",-100,"Green",1013,2522,2522,-81.0546875,"false","BioR1132",2026-07-04 20:30:00,185,15.2166666666667,29,30,4,20,0,7,2026,2026-07-04 20:30:00,2783.6914066
"403324","BiosphereDendrometer_",14,"2026-07-05 3:45:4","2026-07-04T20:45:4",16594,4.007372856,3975.146484,25.86000061,86.94000244,0.435343474,"UAGuest",0,"Green",1009,2530,2529,-77.1484375,"false","BioR1132",2026-07-04 20:45:00,185,15.85,45,45,4,20,0,7,2026,2026-07-04 20:45:00,2787.5976566
"403334","BiosphereDendrometer_",14,"2026-07-05 4:0:5","2026-07-04T21:0:5",16595,4.007372856,3970.3125,25.80999947,86.73999786,0.440704286,"UAGuest",0,"Green",1013,2535,2536,-74.70703125,"false","BioR1132",2026-07-04 21:00:00,185,15.0166666666667,0,0,4,21,0,7,2026,2026-07-04 21:00:00,2790.03906285
"403344","BiosphereDendrometer_",14,"2026-07-05 4:15:6","2026-07-04T21:15:6",16596,4.002539158,3976.757813,25.78000069,86.62999725,0.443571717,"UAGuest",0,"Green",1011,2541,2540,-71.77734375,"false","BioR1132",2026-07-04 21:15:00,185,15.0166666666667,15,15,4,21,0,7,2026,2026-07-04 21:15:00,2792.96875035
"403354","BiosphereDendrometer_",14,"2026-07-05 4:30:7","2026-07-04T21:30:7",16597,4.008984566,3975.146484,25.78000069,86.41000366,0.450870395,"UAGuest",0,"Green",1012,2545,2546,-69.82421875,"false","BioR1132",2026-07-04 21:30:00,185,15.0166666666667,30,30,4,21,0,7,2026,2026-07-04 21:30:00,2794.92187535
"403364","BiosphereDendrometer_",14,"2026-07-05 4:45:8","2026-07-04T21:45:8",16598,4.005761623,3971.923828,25.67000008,86.51999664,0.444316566,"UAGuest",0,"Green",1011,2551,2550,-66.89453125,"false","BioR1132",2026-07-04 21:45:00,185,15.0166666666667,45,45,4,21,0,7,2026,2026-07-04 21:45:00,2797.85156285
"403374","BiosphereDendrometer_",14,"2026-07-05 5:0:9","2026-07-04T22:0:9",16599,4.002539158,3970.3125,25.60000038,86.41999817,0.445759207,"UAGuest",0,"Green",1011,2555,2555,-64.94140625,"false","BioR1132",2026-07-04 22:00:00,185,15.0166666666667,0,0,4,22,0,7,2026,2026-07-04 22:00:00,2799.80468785
"403384","BiosphereDendrometer_",14,"2026-07-05 5:15:10","2026-07-04T22:15:10",16600,4.002539158,3968.701172,25.57999992,86.37999725,0.446542323,"UAGuest",0,"Green",1011,2560,2559,-62.5,"false","BioR1132",2026-07-04 22:15:00,185,15.0166666666667,15,15,4,22,0,7,2026,2026-07-04 22:15:00,2802.2460941
"403394","BiosphereDendrometer_",14,"2026-07-05 5:30:11","2026-07-04T22:30:11",16601,4.005761623,3968.701172,25.54999924,86.23000336,0.450657517,"UAGuest",0,"Green",1013,2564,2564,-60.546875,"false","BioR1132",2026-07-04 22:30:00,185,15.0166666666667,30,30,4,22,0,7,2026,2026-07-04 22:30:00,2804.1992191
"403404","BiosphereDendrometer_",14,"2026-07-05 5:45:12","2026-07-04T22:45:12",16602,4.004150391,3967.089844,25.53000069,86.09999847,0.454372853,"UAGuest",0,"Green",1013,2568,2567,-58.59375,"false","BioR1132",2026-07-04 22:45:00,185,15.0166666666667,45,45,4,22,0,7,2026,2026-07-04 22:45:00,2806.1523441
"403417","BiosphereDendrometer_",14,"2026-07-05 6:0:13","2026-07-04T23:0:13",16603,4.005761623,3968.701172,25.46999931,86.01000214,0.45568946,"UAGuest",0,"Green",1011,2571,2571,-57.12890625,"false","BioR1132",2026-07-04 23:00:00,185,15.0166666666667,0,0,4,23,0,7,2026,2026-07-04 23:00:00,2807.61718785
"403424","BiosphereDendrometer_",14,"2026-07-05 6:15:14","2026-07-04T23:15:14",16604,4.005761623,3967.089844,25.51000023,85.66000366,0.468199849,"UAGuest",0,"Green",1013,2575,2575,-55.17578125,"false","BioR1132",2026-07-04 23:15:00,185,15.0166666666667,15,15,4,23,0,7,2026,2026-07-04 23:15:00,2809.57031285
"403434","BiosphereDendrometer_",14,"2026-07-05 6:30:15","2026-07-04T23:30:15",16605,3.999316454,3965.478516,25.51000023,85.61000061,0.46983242,"UAGuest",0,"Green",1012,2578,2578,-53.7109375,"false","BioR1132",2026-07-04 23:30:00,185,15.0166666666667,30,30,4,23,0,7,2026,2026-07-04 23:30:00,2811.0351566
"403444","BiosphereDendrometer_",14,"2026-07-05 6:45:16","2026-07-04T23:45:16",16606,4.004150391,3967.089844,25.45000076,85.54000092,0.470439821,"UAGuest",0,"Green",1012,2581,2581,-52.24609375,"false","BioR1132",2026-07-04 23:45:00,185,15.0166666666667,45,45,4,23,0,7,2026,2026-07-04 23:45:00,2812.50000035
"403454","BiosphereDendrometer_",14,"2026-07-05 7:0:17","2026-07-05T0:0:17",16607,4.000927925,3965.478516,25.44000053,85.45999908,0.47276184,"UAGuest",0,"Green",1010,2584,2584,-50.78125,"false","BioR1132",2026-07-05,186,15.0166666666667,0,0,5,0,0,7,2026,2026-07-05,2813.9648441
"403464","BiosphereDendrometer_",14,"2026-07-05 7:15:18","2026-07-05T0:15:18",16608,3.999316454,3965.478516,25.44000053,85.31999969,0.477313846,"UAGuest",0,"Green",1009,2586,2586,-49.8046875,"false","BioR1132",2026-07-05 00:15:00,186,15.0166666666667,15,15,5,0,0,7,2026,2026-07-05 00:15:00,2814.9414066
"403474","BiosphereDendrometer_",14,"2026-07-05 7:30:31","2026-07-05T0:30:31",16609,4.007372856,3970.3125,25.43000031,85.16000366,0.48222971,"null",-100,"Green",1013,2590,2589,-47.8515625,"false","BioR1132",2026-07-05 00:30:00,186,15.2166666666667,30,30,5,0,0,7,2026,2026-07-05 00:30:00,2816.8945316
"403484","BiosphereDendrometer_",14,"2026-07-05 7:46:22","2026-07-05T0:46:22",16610,4.005761623,3975.146484,25.39999962,85.36000061,0.474884093,"UAGuest",0,"Green",1013,2591,2592,-47.36328125,"false","BioR1132",2026-07-05 00:45:00,186,15.85,46,45,5,0,0,7,2026,2026-07-05 00:45:00,2817.38281285
"403494","BiosphereDendrometer_",14,"2026-07-05 8:1:23","2026-07-05T1:1:23",16611,3.999316454,3968.701172,25.34000015,85.26999664,0.476103842,"UAGuest",0,"Green",1012,2595,2594,-45.41015625,"false","BioR1132",2026-07-05 01:00:00,186,15.0166666666667,1,0,5,1,0,7,2026,2026-07-05 01:00:00,2819.33593785
"403504","BiosphereDendrometer_",14,"2026-07-05 8:16:24","2026-07-05T1:16:24",16612,4.002539158,3967.089844,25.34000015,85.05000305,0.483214527,"UAGuest",0,"Green",1011,2597,2597,-44.43359375,"false","BioR1132",2026-07-05 01:15:00,186,15.0166666666667,16,15,5,1,0,7,2026,2026-07-05 01:15:00,2820.31250035
"403517","BiosphereDendrometer_",14,"2026-07-05 8:31:25","2026-07-05T1:31:25",16613,3.994482517,3963.867188,25.34000015,84.84999847,0.489679039,"UAGuest",0,"Green",1011,2598,2598,-43.9453125,"false","BioR1132",2026-07-05 01:30:00,186,15.0166666666667,31,30,5,1,0,7,2026,2026-07-05 01:30:00,2820.8007816
"403524","BiosphereDendrometer_",14,"2026-07-05 8:46:26","2026-07-05T1:46:26",16614,3.997704983,3967.089844,25.37999916,84.79000092,0.492787719,"UAGuest",0,"Green",1011,2601,2601,-42.48046875,"false","BioR1132",2026-07-05 01:45:00,186,15.0166666666667,46,45,5,1,0,7,2026,2026-07-05 01:45:00,2822.26562535
"403534","BiosphereDendrometer_",14,"2026-07-05 9:1:27","2026-07-05T2:1:27",16615,3.99609375,3967.089844,25.39999962,84.68000031,0.496941537,"UAGuest",0,"Green",1011,2604,2603,-41.015625,"false","BioR1132",2026-07-05 02:00:00,186,15.0166666666667,1,0,5,2,0,7,2026,2026-07-05 02:00:00,2823.7304691
"403544","BiosphereDendrometer_",14,"2026-07-05 9:16:28","2026-07-05T2:16:28",16616,3.99609375,3967.089844,25.37999916,84.61000061,0.498619527,"UAGuest",0,"Green",1012,2605,2605,-40.52734375,"false","BioR1132",2026-07-05 02:15:00,186,15.0166666666667,16,15,5,2,0,7,2026,2026-07-05 02:15:00,2824.21875035
"403554","BiosphereDendrometer_",14,"2026-07-05 9:31:29","2026-07-05T2:31:29",16617,4.005761623,3965.478516,25.37000084,84.52999878,0.500914156,"UAGuest",0,"Green",1011,2607,2607,-39.55078125,"false","BioR1132",2026-07-05 02:30:00,186,15.0166666666667,31,30,5,2,0,7,2026,2026-07-05 02:30:00,2825.19531285
"403564","BiosphereDendrometer_",14,"2026-07-05 9:46:30","2026-07-05T2:46:30",16618,4.000927925,3965.478516,25.37000084,84.41000366,0.504799366,"UAGuest",0,"Green",1010,2608,2608,-39.0625,"false","BioR1132",2026-07-05 02:45:00,186,15.0166666666667,46,45,5,2,0,7,2026,2026-07-05 02:45:00,2825.6835941
"403574","BiosphereDendrometer_",14,"2026-07-05 10:1:31","2026-07-05T3:1:31",16619,3.997704983,3965.478516,25.34000015,84.48999786,0.501315176,"UAGuest",0,"Green",1012,2610,2611,-38.0859375,"false","BioR1132",2026-07-05 03:00:00,186,15.0166666666667,1,0,5,3,0,7,2026,2026-07-05 03:00:00,2826.6601566
"403584","BiosphereDendrometer_",14,"2026-07-05 10:16:32","2026-07-05T3:16:32",16620,3.99609375,3965.478516,25.34000015,84.43000031,0.503254235,"UAGuest",0,"Green",1011,2613,2612,-36.62109375,"false","BioR1132",2026-07-05 03:15:00,186,15.0166666666667,16,15,5,3,0,7,2026,2026-07-05 03:15:00,2828.12500035
"403594","BiosphereDendrometer_",14,"2026-07-05 10:31:33","2026-07-05T3:31:33",16621,3.997704983,3962.255859,25.30999947,84.33000183,0.505584359,"UAGuest",0,"Green",1012,2615,2614,-35.64453125,"false","BioR1132",2026-07-05 03:30:00,186,15.0166666666667,31,30,5,3,0,7,2026,2026-07-05 03:30:00,2829.10156285
"403604","BiosphereDendrometer_",14,"2026-07-05 10:46:34","2026-07-05T3:46:34",16622,4.000927925,3962.255859,25.03000069,84.22000122,0.5007236,"UAGuest",0,"Green",1011,2616,2615,-35.15625,"false","BioR1132",2026-07-05 03:45:00,186,15.0166666666667,46,45,5,3,0,7,2026,2026-07-05 03:45:00,2829.5898441
"403617","BiosphereDendrometer_",14,"2026-07-05 11:1:35","2026-07-05T4:1:35",16623,3.994482517,3962.255859,24.70999908,84.37000275,0.486590892,"UAGuest",0,"Green",1012,2617,2617,-34.66796875,"false","BioR1132",2026-07-05 04:00:00,186,15.0166666666667,1,0,5,4,0,7,2026,2026-07-05 04:00:00,2830.07812535
"403624","BiosphereDendrometer_",14,"2026-07-05 11:16:36","2026-07-05T4:16:36",16624,3.99609375,3965.478516,24.42000008,84.08999634,0.486798078,"UAGuest",0,"Green",1010,2620,2619,-33.203125,"false","BioR1132",2026-07-05 04:15:00,186,15.0166666666667,16,15,5,4,0,7,2026,2026-07-05 04:15:00,2831.5429691
"403634","BiosphereDendrometer_",14,"2026-07-05 11:31:49","2026-07-05T4:31:49",16625,3.992871046,3959.033203,24.25,84.06999969,0.482474566,"null",-100,"Green",1009,2620,2620,-33.203125,"false","BioR1132",2026-07-05 04:30:00,186,15.2166666666667,31,30,5,4,0,7,2026,2026-07-05 04:30:00,2831.5429691
"403644","BiosphereDendrometer_",14,"2026-07-05 11:47:40","2026-07-05T4:47:40",16626,3.999316454,3968.701172,24.09000015,84.01999664,0.479369372,"UAGuest",0,"Green",1011,2621,2621,-32.71484375,"false","BioR1132",2026-07-05 04:45:00,186,15.85,47,45,5,4,0,7,2026,2026-07-05 04:45:00,2832.03125035
"403654","BiosphereDendrometer_",14,"2026-07-05 12:2:41","2026-07-05T5:2:41",16627,3.994482517,3960.644531,23.94000053,83.80999756,0.481316596,"UAGuest",0,"Green",1011,2622,2623,-32.2265625,"false","BioR1132",2026-07-05 05:00:00,186,15.0166666666667,2,0,5,5,0,7,2026,2026-07-05 05:00:00,2832.5195316
"403664","BiosphereDendrometer_",14,"2026-07-05 12:17:42","2026-07-05T5:17:42",16628,3.99609375,3965.478516,23.82999992,83.58999634,0.484643906,"UAGuest",0,"Green",1013,2626,2624,-30.2734375,"false","BioR1132",2026-07-05 05:15:00,186,15.0166666666667,17,15,5,5,0,7,2026,2026-07-05 05:15:00,2834.4726566
"403674","BiosphereDendrometer_",14,"2026-07-05 12:32:43","2026-07-05T5:32:43",16629,3.99609375,3962.255859,23.71999931,83.58000183,0.481742501,"UAGuest",0,"Green",1014,2625,2625,-30.76171875,"false","BioR1132",2026-07-05 05:30:00,186,15.0166666666667,32,30,5,5,0,7,2026,2026-07-05 05:30:00,2833.98437535
"403684","BiosphereDendrometer_",14,"2026-07-05 12:47:44","2026-07-05T5:47:44",16630,3.992871046,3963.867188,23.62000084,83.66000366,0.476519257,"UAGuest",0,"Green",1013,2626,2626,-30.2734375,"false","BioR1132",2026-07-05 05:45:00,186,15.0166666666667,47,45,5,5,0,7,2026,2026-07-05 05:45:00,2834.4726566
"403694","BiosphereDendrometer_",14,"2026-07-05 13:2:45","2026-07-05T6:2:45",16631,3.99609375,3960.644531,23.55999947,83.58000183,0.477125704,"UAGuest",0,"Green",1012,2626,2626,-30.2734375,"false","BioR1132",2026-07-05 06:00:00,186,15.0166666666667,2,0,5,6,0,7,2026,2026-07-05 06:00:00,2834.4726566
"403704","BiosphereDendrometer_",14,"2026-07-05 13:17:46","2026-07-05T6:17:46",16632,3.99609375,3962.255859,23.51000023,83.62000275,0.474532127,"UAGuest",0,"Green",1014,2626,2625,-30.2734375,"false","BioR1132",2026-07-05 06:15:00,186,15.0166666666667,17,15,5,6,0,7,2026,2026-07-05 06:15:00,2834.4726566
"403717","BiosphereDendrometer_",14,"2026-07-05 13:32:47","2026-07-05T6:32:47",16633,3.991259813,3960.644531,23.54999924,83.56999969,0.477128893,"UAGuest",0,"Green",1011,2623,2623,-31.73828125,"false","BioR1132",2026-07-05 06:30:00,186,15.0166666666667,32,30,5,6,0,7,2026,2026-07-05 06:30:00,2833.00781285
"403724","BiosphereDendrometer_",14,"2026-07-05 13:47:48","2026-07-05T6:47:48",16634,3.991259813,3960.644531,23.54999924,83.48000336,0.479742408,"UAGuest",0,"Green",1011,2619,2618,-33.69140625,"false","BioR1132",2026-07-05 06:45:00,186,15.0166666666667,47,45,5,6,0,7,2026,2026-07-05 06:45:00,2831.05468785
"403734","BiosphereDendrometer_",14,"2026-07-05 14:2:49","2026-07-05T7:2:49",16635,3.989648342,3955.810547,23.61000061,83.45999908,0.482061803,"UAGuest",0,"Green",1011,2613,2613,-36.62109375,"false","BioR1132",2026-07-05 07:00:00,186,15.0166666666667,2,0,5,7,0,7,2026,2026-07-05 07:00:00,2828.12500035
"403744","BiosphereDendrometer_",14,"2026-07-05 14:17:50","2026-07-05T7:17:50",16636,3.991259813,3960.644531,23.64999962,83.77999878,0.473874867,"UAGuest",0,"Green",1011,2607,2607,-39.55078125,"false","BioR1132",2026-07-05 07:15:00,186,15.0166666666667,17,15,5,7,0,7,2026,2026-07-05 07:15:00,2825.19531285
"403754","BiosphereDendrometer_",14,"2026-07-05 14:32:51","2026-07-05T7:32:51",16637,3.994482517,3960.644531,23.65999985,83.87999725,0.471236855,"UAGuest",0,"Green",1013,2603,2602,-41.50390625,"false","BioR1132",2026-07-05 07:30:00,186,15.0166666666667,32,30,5,7,0,7,2026,2026-07-05 07:30:00,2823.24218785
"403764","BiosphereDendrometer_",14,"2026-07-05 14:47:52","2026-07-05T7:47:52",16638,3.989648342,3959.033203,23.77000046,84.16000366,0.466125309,"UAGuest",0,"Green",1010,2598,2597,-43.9453125,"false","BioR1132",2026-07-05 07:45:00,186,15.0166666666667,47,45,5,7,0,7,2026,2026-07-05 07:45:00,2820.8007816
"403774","BiosphereDendrometer_",14,"2026-07-05 15:2:53","2026-07-05T8:2:53",16639,3.99609375,3960.644531,23.76000023,83.83999634,0.475256473,"UAGuest",0,"Green",1012,2590,2590,-47.8515625,"false","BioR1132",2026-07-05 08:00:00,186,15.0166666666667,2,0,5,8,0,7,2026,2026-07-05 08:00:00,2816.8945316
"403784","BiosphereDendrometer_",14,"2026-07-05 15:17:54","2026-07-05T8:17:54",16640,3.991259813,3959.033203,23.20999908,87.80999756,0.346814394,"UAGuest",0,"Green",1014,2587,2586,-49.31640625,"false","BioR1132",2026-07-05 08:15:00,186,15.0166666666667,17,15,5,8,0,7,2026,2026-07-05 08:15:00,2815.42968785
"403794","BiosphereDendrometer_",14,"2026-07-05 15:33:7","2026-07-05T8:33:7",16641,3.991259813,3960.644531,23.20999908,88.56999969,0.325191826,"null",-100,"Green",1013,2582,2582,-51.7578125,"false","BioR1132",2026-07-05 08:30:00,186,15.2166666666667,33,30,5,8,0,7,2026,2026-07-05 08:30:00,2812.9882816
"403804","BiosphereDendrometer_",14,"2026-07-05 15:48:58","2026-07-05T8:48:58",16642,3.994482517,3960.644531,23.37000084,89.33000183,0.306514591,"UAGuest",0,"Green",1013,2575,2574,-55.17578125,"false","BioR1132",2026-07-05 08:45:00,186,15.85,48,45,5,8,0,7,2026,2026-07-05 08:45:00,2809.57031285
"403817","BiosphereDendrometer_",14,"2026-07-05 16:3:59","2026-07-05T9:3:59",16643,3.991259813,3955.810547,23.52000046,88.5,0.333358258,"UAGuest",0,"Green",1014,2563,2563,-61.03515625,"false","BioR1132",2026-07-05 09:00:00,186,15.0166666666667,3,0,5,9,0,7,2026,2026-07-05 09:00:00,2803.71093785
"403824","BiosphereDendrometer_",14,"2026-07-05 16:19:0","2026-07-05T9:19:0",16644,3.991259813,3959.033203,23.06999969,90.75,0.260952532,"UAGuest",0,"Green",1011,2554,2555,-65.4296875,"false","BioR1132",2026-07-05 09:15:00,186,15.0166666666667,19,15,5,9,0,7,2026,2026-07-05 09:15:00,2799.3164066
"403834","BiosphereDendrometer_",14,"2026-07-05 16:34:1","2026-07-05T9:34:1",16645,3.986425877,3957.421875,23.15999985,91.86000061,0.230890542,"UAGuest",0,"Green",1012,2546,2545,-69.3359375,"false","BioR1132",2026-07-05 09:30:00,186,15.0166666666667,34,30,5,9,0,7,2026,2026-07-05 09:30:00,2795.4101566
"403844","BiosphereDendrometer_",14,"2026-07-05 16:49:2","2026-07-05T9:49:2",16646,3.991259813,3955.810547,23.45000076,92.29000092,0.222554177,"UAGuest",0,"Green",1010,2536,2536,-74.21875,"false","BioR1132",2026-07-05 09:45:00,186,15.0166666666667,49,45,5,9,0,7,2026,2026-07-05 09:45:00,2790.5273441
"403854","BiosphereDendrometer_",14,"2026-07-05 17:4:3","2026-07-05T10:4:3",16647,3.986425877,3960.644531,23.72999954,92.83000183,0.210485414,"UAGuest",0,"Green",1012,2527,2527,-78.61328125,"false","BioR1132",2026-07-05 10:00:00,186,15.0166666666667,4,0,5,10,0,7,2026,2026-07-05 10:00:00,2786.13281285
"403864","BiosphereDendrometer_",14,"2026-07-05 17:19:4","2026-07-05T10:19:4",16648,3.991259813,3955.810547,23.95999908,93.26000214,0.200615793,"UAGuest",0,"Green",1014,2517,2517,-83.49609375,"false","BioR1132",2026-07-05 10:15:00,186,15.0166666666667,19,15,5,10,0,7,2026,2026-07-05 10:15:00,2781.25000035
"403874","BiosphereDendrometer_",14,"2026-07-05 17:34:5","2026-07-05T10:34:5",16649,3.991259813,3954.199219,24.37999916,93.62000275,0.194741964,"UAGuest",0,"Green",1013,2501,2501,-91.30859375,"false","BioR1132",2026-07-05 10:30:00,186,15.0166666666667,34,30,5,10,0,7,2026,2026-07-05 10:30:00,2773.43750035
"403884","BiosphereDendrometer_",14,"2026-07-05 17:49:6","2026-07-05T10:49:6",16650,3.989648342,3957.421875,24.75,93.73999786,0.195351377,"UAGuest",0,"Green",1014,2485,2484,-99.12109375,"false","BioR1132",2026-07-05 10:45:00,186,15.0166666666667,49,45,5,10,0,7,2026,2026-07-05 10:45:00,2765.62500035
"403894","BiosphereDendrometer_",14,"2026-07-05 18:4:7","2026-07-05T11:4:7",16651,3.992871046,3957.421875,25.04999924,94.26999664,0.182038471,"UAGuest",0,"Green",1013,2467,2466,-107.9101563,"false","BioR1132",2026-07-05 11:00:00,186,15.0166666666667,4,0,5,11,0,7,2026,2026-07-05 11:00:00,2756.8359378
"403904","BiosphereDendrometer_",14,"2026-07-05 18:19:8","2026-07-05T11:19:8",16652,3.992871046,3955.810547,25.13999939,94.66999817,0.170240209,"UAGuest",0,"Green",1012,2459,2458,-111.8164063,"false","BioR1132",2026-07-05 11:15:00,186,15.0166666666667,19,15,5,11,0,7,2026,2026-07-05 11:15:00,2752.9296878
"403917","BiosphereDendrometer_",14,"2026-07-05 18:34:9","2026-07-05T11:34:9",16653,3.994482517,3959.033203,25.29999924,94.73999786,0.169610456,"UAGuest",0,"Green",1009,2452,2450,-115.234375,"false","BioR1132",2026-07-05 11:30:00,186,15.0166666666667,34,30,5,11,0,7,2026,2026-07-05 11:30:00,2749.5117191
"403924","BiosphereDendrometer_",14,"2026-07-05 18:49:10","2026-07-05T11:49:10",16654,3.988037109,3957.421875,25.28000069,95.05000305,0.159424692,"UAGuest",0,"Green",1012,2444,2444,-119.140625,"false","BioR1132",2026-07-05 11:45:00,186,15.0166666666667,49,45,5,11,0,7,2026,2026-07-05 11:45:00,2745.6054691
"403934","BiosphereDendrometer_",14,"2026-07-05 19:4:11","2026-07-05T12:4:11",16655,3.991259813,3957.421875,25.30999947,94.98999786,0.161645174,"UAGuest",0,"Green",1010,2438,2437,-122.0703125,"false","BioR1132",2026-07-05 12:00:00,186,15.0166666666667,4,0,5,12,0,7,2026,2026-07-05 12:00:00,2742.6757816
"403944","BiosphereDendrometer_",14,"2026-07-05 19:19:12","2026-07-05T12:19:12",16656,3.986425877,3957.421875,25.37000084,95.19999695,0.155422702,"UAGuest",0,"Green",1012,2430,2430,-125.9765625,"false","BioR1132",2026-07-05 12:15:00,186,15.0166666666667,19,15,5,12,0,7,2026,2026-07-05 12:15:00,2738.7695316
"403954","BiosphereDendrometer_",14,"2026-07-05 19:34:25","2026-07-05T12:34:25",16657,3.991259813,3954.199219,25.40999985,95.20999908,0.155467704,"null",-100,"Green",1013,2421,2422,-130.3710938,"false","BioR1132",2026-07-05 12:30:00,186,15.2166666666667,34,30,5,12,0,7,2026,2026-07-05 12:30:00,2734.3750003
"403964","BiosphereDendrometer_",14,"2026-07-05 19:50:16","2026-07-05T12:50:16",16658,3.991259813,3960.644531,25.44000053,95.18000031,0.156720281,"UAGuest",0,"Green",1012,2416,2415,-132.8125,"false","BioR1132",2026-07-05 12:45:00,186,15.85,50,45,5,12,0,7,2026,2026-07-05 12:45:00,2731.9335941
"403974","BiosphereDendrometer_",14,"2026-07-05 20:5:17","2026-07-05T13:5:17",16659,3.994482517,3955.810547,25.63999939,94.98000336,0.165171072,"UAGuest",0,"Green",1011,2391,2391,-145.0195313,"false","BioR1132",2026-07-05 13:00:00,186,15.0166666666667,5,0,5,13,0,7,2026,2026-07-05 13:00:00,2719.7265628
"403984","BiosphereDendrometer_",14,"2026-07-05 20:20:18","2026-07-05T13:20:18",16660,3.988037109,3957.421875,25.84000015,95.23000336,0.158815607,"UAGuest",0,"Green",1010,2364,2363,-158.203125,"false","BioR1132",2026-07-05 13:15:00,186,15.0166666666667,20,15,5,13,0,7,2026,2026-07-05 13:15:00,2706.5429691
"403994","BiosphereDendrometer_",14,"2026-07-05 20:35:19","2026-07-05T13:35:19",16661,3.984814405,3959.033203,26.04999924,95.55999756,0.149675801,"UAGuest",0,"Green",1011,2354,2353,-163.0859375,"false","BioR1132",2026-07-05 13:30:00,186,15.0166666666667,35,30,5,13,0,7,2026,2026-07-05 13:30:00,2701.6601566
"404004","BiosphereDendrometer_",14,"2026-07-05 20:50:20","2026-07-05T13:50:20",16662,3.988037109,3955.810547,26.02000046,95.81999969,0.140661374,"UAGuest",0,"Green",1013,2356,2357,-162.109375,"false","BioR1132",2026-07-05 13:45:00,186,15.0166666666667,50,45,5,13,0,7,2026,2026-07-05 13:45:00,2702.6367191
"404017","BiosphereDendrometer_",14,"2026-07-05 21:5:21","2026-07-05T14:5:21",16663,3.988037109,3955.810547,25.95000076,95.91000366,0.137064293,"UAGuest",0,"Green",1012,2357,2357,-161.6210938,"false","BioR1132",2026-07-05 14:00:00,186,15.0166666666667,5,0,5,14,0,7,2026,2026-07-05 14:00:00,2703.1250003
"404023","BiosphereDendrometer_",14,"2026-07-05 21:20:22","2026-07-05T14:20:22",16664,3.983203173,3955.810547,25.92000008,95.75,0.142173827,"UAGuest",0,"Green",1012,2355,2355,-162.5976563,"false","BioR1132",2026-07-05 14:15:00,186,15.0166666666667,20,15,5,14,0,7,2026,2026-07-05 14:15:00,2702.1484378
"404033","BiosphereDendrometer_",14,"2026-07-05 21:35:23","2026-07-05T14:35:23",16665,3.984814405,3955.810547,25.92000008,95.5,0.150536984,"UAGuest",0,"Green",1011,2351,2350,-164.5507813,"false","BioR1132",2026-07-05 14:30:00,186,15.0166666666667,35,30,5,14,0,7,2026,2026-07-05 14:30:00,2700.1953128
"404043","BiosphereDendrometer_",14,"2026-07-05 21:50:24","2026-07-05T14:50:24",16666,3.984814405,3952.587891,26.05999947,95.61000061,0.148077652,"UAGuest",0,"Green",1010,2342,2342,-168.9453125,"false","BioR1132",2026-07-05 14:45:00,186,15.0166666666667,50,45,5,14,0,7,2026,2026-07-05 14:45:00,2695.8007816
"404053","BiosphereDendrometer_",14,"2026-07-05 22:5:25","2026-07-05T15:5:25",16667,3.981591702,3952.587891,26.35000038,96.08000183,0.134506822,"UAGuest",0,"Green",1014,2341,2342,-169.4335938,"false","BioR1132",2026-07-05 15:00:00,186,15.0166666666667,5,0,5,15,0,7,2026,2026-07-05 15:00:00,2695.3125003
"404063","BiosphereDendrometer_",14,"2026-07-05 22:20:26","2026-07-05T15:20:26",16668,3.991259813,3959.033203,27.05999947,95.36000061,0.165999219,"UAGuest",0,"Green",1014,2336,2335,-171.875,"false","BioR1132",2026-07-05 15:15:00,186,15.0166666666667,20,15,5,15,0,7,2026,2026-07-05 15:15:00,2692.8710941
"404073","BiosphereDendrometer_",14,"2026-07-05 22:35:27","2026-07-05T15:35:27",16669,3.988037109,3955.810547,27.37999916,94.86000061,0.18736589,"UAGuest",0,"Green",1012,2333,2332,-173.3398438,"false","BioR1132",2026-07-05 15:30:00,186,15.0166666666667,35,30,5,15,0,7,2026,2026-07-05 15:30:00,2691.4062503
"404083","BiosphereDendrometer_",14,"2026-07-05 22:50:28","2026-07-05T15:50:28",16670,3.991259813,3952.587891,27.52000046,94.54000092,0.200666487,"UAGuest",0,"Green",1011,2338,2337,-170.8984375,"false","BioR1132",2026-07-05 15:45:00,186,15.0166666666667,50,45,5,15,0,7,2026,2026-07-05 15:45:00,2693.8476566
"404093","BiosphereDendrometer_",14,"2026-07-05 23:5:29","2026-07-05T16:5:29",16671,3.989648342,3952.587891,27.60000038,94.27999878,0.211206824,"UAGuest",0,"Green",1011,2340,2341,-169.921875,"false","BioR1132",2026-07-05 16:00:00,186,15.0166666666667,5,0,5,16,0,7,2026,2026-07-05 16:00:00,2694.8242191
"404106","BiosphereDendrometer_",14,"2026-07-05 23:20:30","2026-07-05T16:20:30",16672,3.984814405,3952.587891,27.62999916,94.76999664,0.193452597,"UAGuest",0,"Green",1011,2345,2345,-167.4804688,"false","BioR1132",2026-07-05 16:15:00,186,15.0166666666667,20,15,5,16,0,7,2026,2026-07-05 16:15:00,2697.2656253
"404116","BiosphereDendrometer_",14,"2026-07-05 23:35:43","2026-07-05T16:35:43",16673,3.984814405,3952.587891,28.20000076,96.56999969,0.1311564,"null",-100,"Green",1012,2353,2353,-163.5742188,"false","BioR1132",2026-07-05 16:30:00,186,15.2166666666667,35,30,5,16,0,7,2026,2026-07-05 16:30:00,2701.1718753
"404123","BiosphereDendrometer_",14,"2026-07-05 23:51:34","2026-07-05T16:51:34",16674,3.991259813,3955.810547,29.18000031,95.23999786,0.192643538,"UAGuest",0,"Green",1014,2364,2364,-158.203125,"false","BioR1132",2026-07-05 16:45:00,186,15.85,51,45,5,16,0,7,2026,2026-07-05 16:45:00,2706.5429691
"404133","BiosphereDendrometer_",14,"2026-07-06 0:6:35","2026-07-05T17:6:35",16675,3.986425877,3950.976563,29.5,94.22000122,0.238278851,"UAGuest",0,"Green",1011,2374,2373,-153.3203125,"false","BioR1132",2026-07-05 17:00:00,186,15.0166666666667,6,0,5,17,0,7,2026,2026-07-05 17:00:00,2711.4257816
"404143","BiosphereDendrometer_",14,"2026-07-06 0:21:36","2026-07-05T17:21:36",16676,3.986425877,3949.365234,29.65999985,93.44000244,0.272935122,"UAGuest",0,"Green",1011,2384,2383,-148.4375,"false","BioR1132",2026-07-05 17:15:00,186,15.0166666666667,21,15,5,17,0,7,2026,2026-07-05 17:15:00,2716.3085941
"404153","BiosphereDendrometer_",14,"2026-07-06 0:36:37","2026-07-05T17:36:37",16677,3.983203173,3952.587891,29.64999962,92.65000153,0.305628061,"UAGuest",0,"Green",1012,2395,2394,-143.0664063,"false","BioR1132",2026-07-05 17:30:00,186,15.0166666666667,36,30,5,17,0,7,2026,2026-07-05 17:30:00,2721.6796878
"404163","BiosphereDendrometer_",14,"2026-07-06 0:51:38","2026-07-05T17:51:38",16678,3.988037109,3954.199219,29.59000015,92.26000214,0.3207362,"UAGuest",0,"Green",1010,2406,2405,-137.6953125,"false","BioR1132",2026-07-05 17:45:00,186,15.0166666666667,51,45,5,17,0,7,2026,2026-07-05 17:45:00,2727.0507816
"404173","BiosphereDendrometer_",14,"2026-07-06 1:6:39","2026-07-05T18:6:39",16679,3.988037109,3950.976563,29.56999969,91.51999664,0.350996912,"UAGuest",0,"Green",1013,2418,2417,-131.8359375,"false","BioR1132",2026-07-05 18:00:00,186,15.0166666666667,6,0,5,18,0,7,2026,2026-07-05 18:00:00,2732.9101566
"404183","BiosphereDendrometer_",14,"2026-07-06 1:21:40","2026-07-05T18:21:40",16680,3.983203173,3950.976563,29.43000031,90.83999634,0.376099527,"UAGuest",0,"Green",1009,2431,2430,-125.4882813,"false","BioR1132",2026-07-05 18:15:00,186,15.0166666666667,21,15,5,18,0,7,2026,2026-07-05 18:15:00,2739.2578128
"404193","BiosphereDendrometer_",14,"2026-07-06 1:36:41","2026-07-05T18:36:41",16681,3.984814405,3952.587891,29.25,90.31999969,0.39334774,"UAGuest",0,"Green",1010,2443,2443,-119.6289063,"false","BioR1132",2026-07-05 18:30:00,186,15.0166666666667,36,30,5,18,0,7,2026,2026-07-05 18:30:00,2745.1171878
"404203","BiosphereDendrometer_",14,"2026-07-06 1:51:42","2026-07-05T18:51:42",16682,3.983203173,3952.587891,29.02000046,89.54000092,0.419436783,"UAGuest",0,"Green",1012,2455,2456,-113.7695313,"false","BioR1132",2026-07-05 18:45:00,186,15.0166666666667,51,45,5,18,0,7,2026,2026-07-05 18:45:00,2750.9765628
"404216","BiosphereDendrometer_",14,"2026-07-06 2:6:43","2026-07-05T19:6:43",16683,3.979980469,3950.976563,28.79000092,88.98999786,0.435658157,"UAGuest",0,"Green",1010,2469,2468,-106.9335938,"false","BioR1132",2026-07-05 19:00:00,186,15.0166666666667,6,0,5,19,0,7,2026,2026-07-05 19:00:00,2757.8125003
"404223","BiosphereDendrometer_",14,"2026-07-06 2:21:44","2026-07-05T19:21:44",16684,3.981591702,3947.753906,28.48999977,88.20999908,0.458482593,"UAGuest",0,"Green",1010,2479,2480,-102.0507813,"false","BioR1132",2026-07-05 19:15:00,186,15.0166666666667,21,15,5,19,0,7,2026,2026-07-05 19:15:00,2762.6953128
"404233","BiosphereDendrometer_",14,"2026-07-06 2:36:45","2026-07-05T19:36:45",16685,3.984814405,3949.365234,28.11000061,87.63999939,0.470154285,"UAGuest",0,"Green",1014,2490,2491,-96.6796875,"false","BioR1132",2026-07-05 19:30:00,186,15.0166666666667,36,30,5,19,0,7,2026,2026-07-05 19:30:00,2768.0664066
"404243","BiosphereDendrometer_",14,"2026-07-06 2:51:46","2026-07-05T19:51:46",16686,3.981591702,3944.53125,27.73999977,87.41999817,0.468318582,"UAGuest",0,"Green",1013,2501,2501,-91.30859375,"false","BioR1132",2026-07-05 19:45:00,186,15.0166666666667,51,45,5,19,0,7,2026,2026-07-05 19:45:00,2773.43750035
"404253","BiosphereDendrometer_",14,"2026-07-06 3:6:47","2026-07-05T20:6:47",16687,3.984814405,3949.365234,27.38999939,87.26000214,0.464676559,"UAGuest",0,"Green",1010,2511,2510,-86.42578125,"false","BioR1132",2026-07-05 20:00:00,186,15.0166666666667,6,0,5,20,0,7,2026,2026-07-05 20:00:00,2778.32031285
"404263","BiosphereDendrometer_",14,"2026-07-06 3:21:48","2026-07-05T20:21:48",16688,3.983203173,3949.365234,27.09000015,87.22000122,0.458018154,"UAGuest",0,"Green",1013,2519,2519,-82.51953125,"false","BioR1132",2026-07-05 20:15:00,186,15.0166666666667,21,15,5,20,0,7,2026,2026-07-05 20:15:00,2782.22656285
"404273","BiosphereDendrometer_",14,"2026-07-06 3:37:1","2026-07-05T20:37:1",16689,3.979980469,3947.753906,26.84000015,87.08000183,0.456292331,"null",-100,"Green",1010,2529,2528,-77.63671875,"false","BioR1132",2026-07-05 20:30:00,186,15.2166666666667,37,30,5,20,0,7,2026,2026-07-05 20:30:00,2787.10937535
"404283","BiosphereDendrometer_",14,"2026-07-06 3:52:52","2026-07-05T20:52:52",16690,3.989648342,3954.199219,26.63999939,87.04000092,0.452355653,"UAGuest",0,"Green",1010,2538,2537,-73.2421875,"false","BioR1132",2026-07-05 20:45:00,186,15.85,52,45,5,20,0,7,2026,2026-07-05 20:45:00,2791.5039066
"404293","BiosphereDendrometer_",14,"2026-07-06 4:7:53","2026-07-05T21:7:53",16691,3.981591702,3952.587891,26.45999908,87.08000183,0.446206391,"UAGuest",0,"Green",1012,2546,2545,-69.3359375,"false","BioR1132",2026-07-05 21:00:00,186,15.0166666666667,7,0,5,21,0,7,2026,2026-07-05 21:00:00,2795.4101566
"404303","BiosphereDendrometer_",14,"2026-07-06 4:22:54","2026-07-05T21:22:54",16692,3.979980469,3947.753906,26.31999969,87.05000305,0.443567365,"UAGuest",0,"Green",1012,2554,2553,-65.4296875,"false","BioR1132",2026-07-05 21:15:00,186,15.0166666666667,22,15,5,21,0,7,2026,2026-07-05 21:15:00,2799.3164066
"404316","BiosphereDendrometer_",14,"2026-07-06 4:37:55","2026-07-05T21:37:55",16693,3.981591702,3947.753906,26.12999916,87.15000153,0.435234845,"UAGuest",0,"Green",1010,2560,2561,-62.5,"false","BioR1132",2026-07-05 21:30:00,186,15.0166666666667,37,30,5,21,0,7,2026,2026-07-05 21:30:00,2802.2460941
"404323","BiosphereDendrometer_",14,"2026-07-06 4:52:56","2026-07-05T21:52:56",16694,3.979980469,3947.753906,25.95999908,87.05000305,0.434237689,"UAGuest",0,"Green",1014,2568,2568,-58.59375,"false","BioR1132",2026-07-05 21:45:00,186,15.0166666666667,52,45,5,21,0,7,2026,2026-07-05 21:45:00,2806.1523441
"404333","BiosphereDendrometer_",14,"2026-07-06 5:7:57","2026-07-05T22:7:57",16695,3.975146532,3949.365234,26.07999992,88.31999969,0.394439965,"UAGuest",0,"Green",1012,2576,2576,-54.6875,"false","BioR1132",2026-07-05 22:00:00,186,15.0166666666667,7,0,5,22,0,7,2026,2026-07-05 22:00:00,2810.0585941
"404343","BiosphereDendrometer_",14,"2026-07-06 5:22:58","2026-07-05T22:22:58",16696,3.981591702,3952.587891,26.32999992,87.65000153,0.423265576,"UAGuest",0,"Green",1013,2585,2583,-50.29296875,"false","BioR1132",2026-07-05 22:15:00,186,15.0166666666667,22,15,5,22,0,7,2026,2026-07-05 22:15:00,2814.45312535
"404353","BiosphereDendrometer_",14,"2026-07-06 5:37:59","2026-07-05T22:37:59",16697,3.979980469,3949.365234,26.39999962,87.48999786,0.430522084,"UAGuest",0,"Green",1011,2591,2591,-47.36328125,"false","BioR1132",2026-07-05 22:30:00,186,15.0166666666667,37,30,5,22,0,7,2026,2026-07-05 22:30:00,2817.38281285
"404363","BiosphereDendrometer_",14,"2026-07-06 5:53:0","2026-07-05T22:53:0",16698,3.983203173,3944.53125,26.43000031,87.34999847,0.436110348,"UAGuest",0,"Green",1009,2596,2597,-44.921875,"false","BioR1132",2026-07-05 23:00:00,186,15.0166666666667,53,0,5,23,0,7,2026,2026-07-05 23:00:00,2819.8242191
"404373","BiosphereDendrometer_",14,"2026-07-06 6:8:1","2026-07-05T23:8:1",16699,3.986425877,3942.919922,26.40999985,86.94999695,0.449370533,"UAGuest",0,"Green",1012,2604,2604,-41.015625,"false","BioR1132",2026-07-05 23:15:00,186,15.0166666666667,8,15,5,23,0,7,2026,2026-07-05 23:15:00,2823.7304691
"404383","BiosphereDendrometer_",14,"2026-07-06 6:23:2","2026-07-05T23:23:2",16700,3.981591702,3942.919922,26.40999985,87.04000092,0.44627133,"UAGuest",0,"Green",1010,2611,2610,-37.59765625,"false","BioR1132",2026-07-05 23:30:00,186,15.0166666666667,23,30,5,23,0,7,2026,2026-07-05 23:30:00,2827.14843785
"404393","BiosphereDendrometer_",14,"2026-07-06 6:38:3","2026-07-05T23:38:3",16701,3.975146532,3949.365234,26.39999962,86.80000305,0.45426774,"UAGuest",0,"Green",1011,2616,2615,-35.15625,"false","BioR1132",2026-07-05 23:45:00,186,15.0166666666667,38,45,5,23,0,7,2026,2026-07-05 23:45:00,2829.5898441
"404403","BiosphereDendrometer_",14,"2026-07-06 6:53:4","2026-07-05T23:53:4",16702,3.978369236,3944.53125,26.38999939,86.75,0.455719858,"UAGuest",0,"Green",1011,2620,2620,-33.203125,"false","BioR1132",2026-07-06,186,15.0166666666667,53,0,6,0,0,7,2026,2026-07-06,2831.5429691
"404416","BiosphereDendrometer_",14,"2026-07-06 7:8:5","2026-07-06T0:8:5",16703,3.979980469,3947.753906,26.35000038,86.66000366,0.457734704,"UAGuest",0,"Green",1014,2626,2626,-30.2734375,"false","BioR1132",2026-07-06 00:15:00,187,15.0166666666667,8,15,6,0,0,7,2026,2026-07-06 00:15:00,2834.4726566
"404423","BiosphereDendrometer_",14,"2026-07-06 7:23:6","2026-07-06T0:23:6",16704,3.979980469,3946.142578,26.35000038,86.56999969,0.46082297,"UAGuest",0,"Green",1011,2630,2630,-28.3203125,"false","BioR1132",2026-07-06 00:30:00,187,15.0166666666667,23,30,6,0,0,7,2026,2026-07-06 00:30:00,2836.4257816
"404433","BiosphereDendrometer_",14,"2026-07-06 7:38:19","2026-07-06T0:38:19",16705,3.975146532,3944.53125,26.35000038,86.40000153,0.466656119,"null",-100,"Green",1010,2635,2635,-25.87890625,"false","BioR1132",2026-07-06 00:45:00,187,15.2166666666667,38,45,6,0,0,7,2026,2026-07-06 00:45:00,2838.86718785
"404443","BiosphereDendrometer_",14,"2026-07-06 7:54:10","2026-07-06T0:54:10",16706,3.981591702,3949.365234,26.29999924,86.30999756,0.468361467,"UAGuest",0,"Green",1012,2639,2639,-23.92578125,"false","BioR1132",2026-07-06 01:00:00,187,15.85,54,0,6,1,0,7,2026,2026-07-06 01:00:00,2840.82031285
"404453","BiosphereDendrometer_",14,"2026-07-06 8:9:11","2026-07-06T1:9:11",16707,3.978369236,3942.919922,25.98999977,81.63999939,0.61673826,"UAGuest",0,"Green",1011,2643,2642,-21.97265625,"false","BioR1132",2026-07-06 01:15:00,187,15.0166666666667,9,15,6,1,0,7,2026,2026-07-06 01:15:00,2842.77343785
"404463","BiosphereDendrometer_",14,"2026-07-06 8:24:12","2026-07-06T1:24:12",16708,3.979980469,3942.919922,25,76.88999939,0.732006907,"UAGuest",0,"Green",1013,2642,2642,-22.4609375,"false","BioR1132",2026-07-06 01:30:00,187,15.0166666666667,24,30,6,1,0,7,2026,2026-07-06 01:30:00,2842.2851566
"404473","BiosphereDendrometer_",14,"2026-07-06 8:39:13","2026-07-06T1:39:13",16709,3.979980469,3941.308594,24.42000008,80.20999908,0.605514169,"UAGuest",0,"Green",1009,2642,2641,-22.4609375,"false","BioR1132",2026-07-06 01:45:00,187,15.0166666666667,39,45,6,1,0,7,2026,2026-07-06 01:45:00,2842.2851566
"404483","BiosphereDendrometer_",14,"2026-07-06 8:54:14","2026-07-06T1:54:14",16710,3.976757765,3941.308594,24.75,84.22000122,0.492434978,"UAGuest",0,"Green",1011,2643,2643,-21.97265625,"false","BioR1132",2026-07-06 02:00:00,187,15.0166666666667,54,0,6,2,0,7,2026,2026-07-06 02:00:00,2842.77343785
"404493","BiosphereDendrometer_",14,"2026-07-06 9:9:15","2026-07-06T2:9:15",16711,3.976757765,3939.697266,25.20000076,84.09999847,0.509661794,"UAGuest",0,"Green",1013,2646,2646,-20.5078125,"false","BioR1132",2026-07-06 02:15:00,187,15.0166666666667,9,15,6,2,0,7,2026,2026-07-06 02:15:00,2844.2382816
"404503","BiosphereDendrometer_",14,"2026-07-06 9:24:16","2026-07-06T2:24:16",16712,3.976757765,3944.53125,25.43000031,83.80999756,0.526098609,"UAGuest",0,"Green",1012,2651,2650,-18.06640625,"false","BioR1132",2026-07-06 02:30:00,187,15.0166666666667,24,30,6,2,0,7,2026,2026-07-06 02:30:00,2846.67968785
"404516","BiosphereDendrometer_",14,"2026-07-06 9:39:17","2026-07-06T2:39:17",16713,3.975146532,3942.919922,25.53000069,83.91999817,0.525634348,"UAGuest",0,"Green",1011,2653,2652,-17.08984375,"false","BioR1132",2026-07-06 02:45:00,187,15.0166666666667,39,45,6,2,0,7,2026,2026-07-06 02:45:00,2847.65625035
"404523","BiosphereDendrometer_",14,"2026-07-06 9:54:18","2026-07-06T2:54:18",16714,3.975146532,3941.308594,25.60000038,84.26000214,0.516660333,"UAGuest",0,"Green",1009,2654,2655,-16.6015625,"false","BioR1132",2026-07-06 03:00:00,187,15.0166666666667,54,0,6,3,0,7,2026,2026-07-06 03:00:00,2848.1445316
"404533","BiosphereDendrometer_",14,"2026-07-06 10:9:19","2026-07-06T3:9:19",16715,3.976757765,3944.53125,25.60000038,84.56999969,0.506484807,"UAGuest",0,"Green",1015,2658,2658,-14.6484375,"false","BioR1132",2026-07-06 03:15:00,187,15.0166666666667,9,15,6,3,0,7,2026,2026-07-06 03:15:00,2850.0976566
"404543","BiosphereDendrometer_",14,"2026-07-06 10:24:20","2026-07-06T3:24:20",16716,3.975146532,3942.919922,25.60000038,84.63999939,0.504187047,"UAGuest",0,"Green",1014,2660,2661,-13.671875,"false","BioR1132",2026-07-06 03:30:00,187,15.0166666666667,24,30,6,3,0,7,2026,2026-07-06 03:30:00,2851.0742191
"404553","BiosphereDendrometer_",14,"2026-07-06 10:39:21","2026-07-06T3:39:21",16717,3.975146532,3942.919922,25.57999992,84.80999756,0.498016149,"UAGuest",0,"Green",1013,2664,2663,-11.71875,"false","BioR1132",2026-07-06 03:45:00,187,15.0166666666667,39,45,6,3,0,7,2026,2026-07-06 03:45:00,2853.0273441
"404563","BiosphereDendrometer_",14,"2026-07-06 10:54:22","2026-07-06T3:54:22",16718,3.975146532,3941.308594,25.63999939,84.55999756,0.508016527,"UAGuest",0,"Green",1012,2667,2666,-10.25390625,"false","BioR1132",2026-07-06 04:00:00,187,15.0166666666667,54,0,6,4,0,7,2026,2026-07-06 04:00:00,2854.49218785
"404573","BiosphereDendrometer_",14,"2026-07-06 11:9:23","2026-07-06T4:9:23",16719,3.975146532,3941.308594,22.59000015,69.72000122,0.829757392,"UAGuest",0,"Green",1012,2667,2667,-10.25390625,"false","BioR1132",2026-07-06 04:15:00,187,15.0166666666667,9,15,6,4,0,7,2026,2026-07-06 04:15:00,2854.49218785
"404583","BiosphereDendrometer_",14,"2026-07-06 11:24:24","2026-07-06T4:24:24",16720,3.975146532,3939.697266,20.47999954,69.94999695,0.723746181,"UAGuest",0,"Green",1012,2663,2663,-12.20703125,"false","BioR1132",2026-07-06 04:30:00,187,15.0166666666667,24,30,6,4,0,7,2026,2026-07-06 04:30:00,2852.53906285
"404593","BiosphereDendrometer_",14,"2026-07-06 11:39:37","2026-07-06T4:39:37",16721,3.971923828,3938.085938,21.38999939,78.55000305,0.546330929,"null",-100,"Green",1013,2662,2660,-12.6953125,"false","BioR1132",2026-07-06 04:45:00,187,15.2166666666667,39,45,6,4,0,7,2026,2026-07-06 04:45:00,2852.0507816
"404603","BiosphereDendrometer_",14,"2026-07-06 11:55:28","2026-07-06T4:55:28",16722,3.976757765,3941.308594,23.01000023,81.13999939,0.530134559,"UAGuest",0,"Green",1014,2663,2662,-12.20703125,"false","BioR1132",2026-07-06 05:00:00,187,15.85,55,0,6,5,0,7,2026,2026-07-06 05:00:00,2852.53906285
"404616","BiosphereDendrometer_",14,"2026-07-06 12:10:29","2026-07-06T5:10:29",16723,3.973535061,3941.308594,23.67000008,80.69000244,0.564829886,"UAGuest",0,"Green",1011,2665,2665,-11.23046875,"false","BioR1132",2026-07-06 05:15:00,187,15.0166666666667,10,15,6,5,0,7,2026,2026-07-06 05:15:00,2853.51562535
"404623","BiosphereDendrometer_",14,"2026-07-06 12:25:30","2026-07-06T5:25:30",16724,3.970312595,3939.697266,23.79000092,81.58999634,0.542405128,"UAGuest",0,"Green",1012,2667,2666,-10.25390625,"false","BioR1132",2026-07-06 05:30:00,187,15.0166666666667,25,30,6,5,0,7,2026,2026-07-06 05:30:00,2854.49218785
"404633","BiosphereDendrometer_",14,"2026-07-06 12:40:31","2026-07-06T5:40:31",16725,3.975146532,3941.308594,23.82999992,82.91000366,0.50472647,"UAGuest",0,"Green",1013,2669,2669,-9.27734375,"false","BioR1132",2026-07-06 05:45:00,187,15.0166666666667,40,45,6,5,0,7,2026,2026-07-06 05:45:00,2855.46875035
"404643","BiosphereDendrometer_",14,"2026-07-06 12:55:32","2026-07-06T5:55:32",16726,3.970312595,3936.474609,23.87000084,83.66999817,0.48344183,"UAGuest",0,"Green",1012,2672,2671,-7.8125,"false","BioR1132",2026-07-06 06:00:00,187,15.0166666666667,55,0,6,6,0,7,2026,2026-07-06 06:00:00,2856.9335941
"404653","BiosphereDendrometer_",14,"2026-07-06 13:10:33","2026-07-06T6:10:33",16727,3.976757765,3939.697266,23.95999908,84.26999664,0.468203068,"UAGuest",0,"Green",1011,2669,2669,-9.27734375,"false","BioR1132",2026-07-06 06:15:00,187,15.0166666666667,10,15,6,6,0,7,2026,2026-07-06 06:15:00,2855.46875035
"404663","BiosphereDendrometer_",14,"2026-07-06 13:25:34","2026-07-06T6:25:34",16728,3.973535061,3936.474609,24,84.80000305,0.453515023,"UAGuest",0,"Green",1011,2666,2665,-10.7421875,"false","BioR1132",2026-07-06 06:30:00,187,15.0166666666667,25,30,6,6,0,7,2026,2026-07-06 06:30:00,2854.0039066
"404673","BiosphereDendrometer_",14,"2026-07-06 13:40:35","2026-07-06T6:40:35",16729,3.970312595,3936.474609,24.05999947,85.12000275,0.445568651,"UAGuest",0,"Green",1012,2662,2661,-12.6953125,"false","BioR1132",2026-07-06 06:45:00,187,15.0166666666667,40,45,6,6,0,7,2026,2026-07-06 06:45:00,2852.0507816
"404683","BiosphereDendrometer_",14,"2026-07-06 13:55:36","2026-07-06T6:55:36",16730,3.971923828,3934.863281,24.11000061,85.48000336,0.436094701,"UAGuest",0,"Green",1012,2659,2657,-14.16015625,"false","BioR1132",2026-07-06 07:00:00,187,15.0166666666667,55,0,6,7,0,7,2026,2026-07-06 07:00:00,2850.58593785
"404693","BiosphereDendrometer_",14,"2026-07-06 14:10:37","2026-07-06T7:10:37",16731,3.967089891,3938.085938,24.18000031,85.69000244,0.431595057,"UAGuest",0,"Green",1013,2655,2654,-16.11328125,"false","BioR1132",2026-07-06 07:15:00,187,15.0166666666667,10,15,6,7,0,7,2026,2026-07-06 07:15:00,2848.63281285
"404703","BiosphereDendrometer_",14,"2026-07-06 14:25:38","2026-07-06T7:25:38",16732,3.971923828,3938.085938,24.38999939,85.86000061,0.431865245,"UAGuest",0,"Green",1009,2650,2650,-18.5546875,"false","BioR1132",2026-07-06 07:30:00,187,15.0166666666667,25,30,6,7,0,7,2026,2026-07-06 07:30:00,2846.1914066
"404716","BiosphereDendrometer_",14,"2026-07-06 14:40:39","2026-07-06T7:40:39",16733,3.970312595,3941.308594,24.79999924,86.62000275,0.41878742,"UAGuest",0,"Green",1012,2642,2641,-22.4609375,"false","BioR1132",2026-07-06 07:45:00,187,15.0166666666667,40,45,6,7,0,7,2026,2026-07-06 07:45:00,2842.2851566
"404723","BiosphereDendrometer_",14,"2026-07-06 14:55:40","2026-07-06T7:55:40",16734,3.968701124,3939.697266,25.02000046,87.44999695,0.397993803,"UAGuest",0,"Green",1012,2636,2635,-25.390625,"false","BioR1132",2026-07-06 08:00:00,187,15.0166666666667,55,0,6,8,0,7,2026,2026-07-06 08:00:00,2839.3554691
"404733","BiosphereDendrometer_",14,"2026-07-06 15:10:41","2026-07-06T8:10:41",16735,3.970312595,3936.474609,24.65999985,88.44000244,0.358811587,"UAGuest",0,"Green",1012,2627,2625,-29.78515625,"false","BioR1132",2026-07-06 08:15:00,187,15.0166666666667,10,15,6,8,0,7,2026,2026-07-06 08:15:00,2834.96093785
"404743","BiosphereDendrometer_",14,"2026-07-06 15:25:42","2026-07-06T8:25:42",16736,3.971923828,3938.085938,24.76000023,90.44999695,0.298198044,"UAGuest",0,"Green",1011,2614,2614,-36.1328125,"false","BioR1132",2026-07-06 08:30:00,187,15.0166666666667,25,30,6,8,0,7,2026,2026-07-06 08:30:00,2828.6132816
"404753","BiosphereDendrometer_",14,"2026-07-06 15:40:55","2026-07-06T8:40:55",16737,3.967089891,3938.085938,25.05999947,91.23999786,0.278465241,"null",-100,"Green",1011,2602,2602,-41.9921875,"false","BioR1132",2026-07-06 08:45:00,187,15.2166666666667,40,45,6,8,0,7,2026,2026-07-06 08:45:00,2822.7539066
"404763","BiosphereDendrometer_",14,"2026-07-06 15:56:46","2026-07-06T8:56:46",16738,3.975146532,3941.308594,25.39999962,91.51999664,0.275069535,"UAGuest",0,"Green",1009,2590,2588,-47.8515625,"false","BioR1132",2026-07-06 09:00:00,187,15.85,56,0,6,9,0,7,2026,2026-07-06 09:00:00,2816.8945316
"404773","BiosphereDendrometer_",14,"2026-07-06 16:11:47","2026-07-06T9:11:47",16739,3.970312595,3942.919922,23.45999908,87.47000122,0.36190474,"UAGuest",0,"Green",1009,2565,2565,-60.05859375,"false","BioR1132",2026-07-06 09:15:00,187,15.0166666666667,11,15,6,9,0,7,2026,2026-07-06 09:15:00,2804.68750035
"404783","BiosphereDendrometer_",14,"2026-07-06 16:26:48","2026-07-06T9:26:48",16740,3.971923828,3933.251953,23.07999992,89.52999878,0.295548826,"UAGuest",0,"Green",1012,2546,2544,-69.3359375,"false","BioR1132",2026-07-06 09:30:00,187,15.0166666666667,26,30,6,9,0,7,2026,2026-07-06 09:30:00,2795.4101566
"404793","BiosphereDendrometer_",14,"2026-07-06 16:41:49","2026-07-06T9:41:49",16741,3.96547842,3939.697266,23.19000053,90.38999939,0.273081571,"UAGuest",0,"Green",1012,2523,2524,-80.56640625,"false","BioR1132",2026-07-06 09:45:00,187,15.0166666666667,41,45,6,9,0,7,2026,2026-07-06 09:45:00,2784.17968785
"404803","BiosphereDendrometer_",14,"2026-07-06 16:56:50","2026-07-06T9:56:50",16742,3.970312595,3939.697266,23.73999977,94.55000305,0.160088658,"UAGuest",0,"Green",1014,2506,2506,-88.8671875,"false","BioR1132",2026-07-06 10:00:00,187,15.0166666666667,56,0,6,10,0,7,2026,2026-07-06 10:00:00,2775.8789066
"404816","BiosphereDendrometer_",14,"2026-07-06 17:11:51","2026-07-06T10:11:51",16743,3.967089891,3938.085938,24.62000084,95.27999878,0.146154881,"UAGuest",0,"Green",1011,2496,2495,-93.75,"false","BioR1132",2026-07-06 10:15:00,187,15.0166666666667,11,15,6,10,0,7,2026,2026-07-06 10:15:00,2770.9960941
"404823","BiosphereDendrometer_",14,"2026-07-06 17:26:52","2026-07-06T10:26:52",16744,3.971923828,3939.697266,25.22999954,95.31999969,0.150281534,"UAGuest",0,"Green",1015,2481,2481,-101.0742188,"false","BioR1132",2026-07-06 10:30:00,187,15.0166666666667,26,30,6,10,0,7,2026,2026-07-06 10:30:00,2763.6718753
"404833","BiosphereDendrometer_",14,"2026-07-06 17:41:53","2026-07-06T10:41:53",16745,3.96547842,3931.640625,25.67000008,95.25,0.156565592,"UAGuest",0,"Green",1011,2462,2462,-110.3515625,"false","BioR1132",2026-07-06 10:45:00,187,15.0166666666667,41,45,6,10,0,7,2026,2026-07-06 10:45:00,2754.3945316
"404843","BiosphereDendrometer_",14,"2026-07-06 17:56:54","2026-07-06T10:56:54",16746,3.973535061,3938.085938,26.03000069,94.98999786,0.168691412,"UAGuest",0,"Green",1009,2442,2441,-120.1171875,"false","BioR1132",2026-07-06 11:00:00,187,15.0166666666667,56,0,6,11,0,7,2026,2026-07-06 11:00:00,2744.6289066
"404853","BiosphereDendrometer_",14,"2026-07-06 18:11:55","2026-07-06T11:11:55",16747,3.96547842,3933.251953,26.32999992,95.40000153,0.1576536,"UAGuest",0,"Green",1013,2417,2418,-132.3242188,"false","BioR1132",2026-07-06 11:15:00,187,15.0166666666667,11,15,6,11,0,7,2026,2026-07-06 11:15:00,2732.4218753
"404863","BiosphereDendrometer_",14,"2026-07-06 18:26:56","2026-07-06T11:26:56",16748,3.963867188,3934.863281,26.55999947,95.41000366,0.159456849,"UAGuest",0,"Green",1013,2394,2393,-143.5546875,"false","BioR1132",2026-07-06 11:30:00,187,15.0166666666667,26,30,6,11,0,7,2026,2026-07-06 11:30:00,2721.1914066
"404873","BiosphereDendrometer_",14,"2026-07-06 18:41:57","2026-07-06T11:41:57",16749,3.970312595,3936.474609,26.73999977,95.30999756,0.164665267,"UAGuest",0,"Green",1010,2366,2366,-157.2265625,"false","BioR1132",2026-07-06 11:45:00,187,15.0166666666667,41,45,6,11,0,7,2026,2026-07-06 11:45:00,2707.5195316
"404883","BiosphereDendrometer_",14,"2026-07-06 18:56:58","2026-07-06T11:56:58",16750,3.968701124,3931.640625,26.89999962,95.37999725,0.163739398,"UAGuest",0,"Green",1011,2338,2338,-170.8984375,"false","BioR1132",2026-07-06 12:00:00,187,15.0166666666667,56,0,6,12,0,7,2026,2026-07-06 12:00:00,2693.8476566
"404893","BiosphereDendrometer_",14,"2026-07-06 19:11:59","2026-07-06T12:11:59",16751,3.968701124,3938.085938,27.13999939,95.22000122,0.17181164,"UAGuest",0,"Green",1013,2307,2305,-186.0351563,"false","BioR1132",2026-07-06 12:15:00,187,15.0166666666667,11,15,6,12,0,7,2026,2026-07-06 12:15:00,2678.7109378
"404903","BiosphereDendrometer_",14,"2026-07-06 19:27:0","2026-07-06T12:27:0",16752,3.967089891,3933.251953,27.21999931,95.19000244,0.173702121,"UAGuest",0,"Green",1010,2270,2269,-204.1015625,"false","BioR1132",2026-07-06 12:30:00,187,15.0166666666667,27,30,6,12,0,7,2026,2026-07-06 12:30:00,2660.6445316
"404916","BiosphereDendrometer_",14,"2026-07-06 19:42:13","2026-07-06T12:42:13",16753,3.968701124,3934.863281,27.40999985,95.04000092,0.181121975,"null",-100,"Green",1011,2229,2229,-224.1210938,"false","BioR1132",2026-07-06 12:45:00,187,15.2166666666667,42,45,6,12,0,7,2026,2026-07-06 12:45:00,2640.6250003
"404923","BiosphereDendrometer_",14,"2026-07-06 19:58:4","2026-07-06T12:58:4",16754,3.971923828,3934.863281,27.56999969,95.26000214,0.17471458,"UAGuest",0,"Green",1012,2185,2184,-245.6054688,"false","BioR1132",2026-07-06 13:00:00,187,15.85,58,0,6,13,0,7,2026,2026-07-06 13:00:00,2619.1406253
"404933","BiosphereDendrometer_",14,"2026-07-06 20:13:5","2026-07-06T13:13:5",16755,3.970312595,3930.029297,27.70999908,95.27999878,0.175405309,"UAGuest",0,"Green",1012,2146,2145,-264.6484375,"false","BioR1132",2026-07-06 13:15:00,187,15.0166666666667,13,15,6,13,0,7,2026,2026-07-06 13:15:00,2600.0976566
"404943","BiosphereDendrometer_",14,"2026-07-06 20:28:6","2026-07-06T13:28:6",16756,3.970312595,3934.863281,27.89999962,95.44999695,0.170971513,"UAGuest",0,"Green",1013,2111,2111,-281.7382813,"false","BioR1132",2026-07-06 13:30:00,187,15.0166666666667,28,30,6,13,0,7,2026,2026-07-06 13:30:00,2583.0078128
"404953","BiosphereDendrometer_",14,"2026-07-06 20:43:7","2026-07-06T13:43:7",16757,3.963867188,3933.251953,28.11000061,95.56999969,0.16851005,"UAGuest",0,"Green",1011,2085,2083,-294.4335938,"false","BioR1132",2026-07-06 13:45:00,187,15.0166666666667,43,45,6,13,0,7,2026,2026-07-06 13:45:00,2570.3125003
"404963","BiosphereDendrometer_",14,"2026-07-06 20:58:8","2026-07-06T13:58:8",16758,3.968701124,3931.640625,28.27000046,95.55999756,0.170468941,"UAGuest",0,"Green",1013,2062,2063,-305.6640625,"false","BioR1132",2026-07-06 14:00:00,187,15.0166666666667,58,0,6,14,0,7,2026,2026-07-06 14:00:00,2559.0820316
"404973","BiosphereDendrometer_",14,"2026-07-06 21:13:9","2026-07-06T14:13:9",16759,3.967089891,3933.251953,28.34000015,95.5,0.173476472,"UAGuest",0,"Green",1012,2048,2048,-312.5,"false","BioR1132",2026-07-06 14:15:00,187,15.0166666666667,13,15,6,14,0,7,2026,2026-07-06 14:15:00,2552.2460941
"404983","BiosphereDendrometer_",14,"2026-07-06 21:28:10","2026-07-06T14:28:10",16760,3.96547842,3936.474609,28.40999985,95.59999847,0.170312256,"UAGuest",0,"Green",1010,2038,2037,-317.3828125,"false","BioR1132",2026-07-06 14:30:00,187,15.0166666666667,28,30,6,14,0,7,2026,2026-07-06 14:30:00,2547.3632816
"404993","BiosphereDendrometer_",14,"2026-07-06 21:43:11","2026-07-06T14:43:11",16761,3.967089891,3934.863281,28.38999939,95.66000366,0.167794734,"UAGuest",0,"Green",1013,2030,2030,-321.2890625,"false","BioR1132",2026-07-06 14:45:00,187,15.0166666666667,43,45,6,14,0,7,2026,2026-07-06 14:45:00,2543.4570316
"405003","BiosphereDendrometer_",14,"2026-07-06 21:58:12","2026-07-06T14:58:12",16762,3.968701124,3930.029297,28.38999939,95.83000183,0.16122219,"UAGuest",0,"Green",1011,2030,2028,-321.2890625,"false","BioR1132",2026-07-06 15:00:00,187,15.0166666666667,58,0,6,15,0,7,2026,2026-07-06 15:00:00,2543.4570316
"405016","BiosphereDendrometer_",14,"2026-07-06 22:13:13","2026-07-06T15:13:13",16763,3.96547842,3930.029297,28.95999908,95.18000031,0.192608729,"UAGuest",0,"Green",1011,2032,2031,-320.3125,"false","BioR1132",2026-07-06 15:15:00,187,15.0166666666667,13,15,6,15,0,7,2026,2026-07-06 15:15:00,2544.4335941
"405023","BiosphereDendrometer_",14,"2026-07-06 22:28:14","2026-07-06T15:28:14",16764,3.96547842,3933.251953,29.18000031,94.75,0.212474391,"UAGuest",0,"Green",1010,2038,2037,-317.3828125,"false","BioR1132",2026-07-06 15:30:00,187,15.0166666666667,28,30,6,15,0,7,2026,2026-07-06 15:30:00,2547.3632816
"405033","BiosphereDendrometer_",14,"2026-07-06 22:43:15","2026-07-06T15:43:15",16765,3.967089891,3933.251953,29.32999992,94.58999634,0.22085239,"UAGuest",0,"Green",1010,2048,2048,-312.5,"false","BioR1132",2026-07-06 15:45:00,187,15.0166666666667,43,45,6,15,0,7,2026,2026-07-06 15:45:00,2552.2460941
"405043","BiosphereDendrometer_",14,"2026-07-06 22:58:16","2026-07-06T15:58:16",16766,3.963867188,3931.640625,29.28000069,94.69999695,0.215739027,"UAGuest",0,"Green",1011,2063,2063,-305.1757813,"false","BioR1132",2026-07-06 16:00:00,187,15.0166666666667,58,0,6,16,0,7,2026,2026-07-06 16:00:00,2559.5703128
"405053","BiosphereDendrometer_",14,"2026-07-06 23:13:17","2026-07-06T16:13:17",16767,3.963867188,3930.029297,29.23999977,94.73999786,0.213617399,"UAGuest",0,"Green",1009,2079,2079,-297.3632813,"false","BioR1132",2026-07-06 16:15:00,187,15.0166666666667,13,15,6,16,0,7,2026,2026-07-06 16:15:00,2567.3828128
"405063","BiosphereDendrometer_",14,"2026-07-06 23:28:18","2026-07-06T16:28:18",16768,3.963867188,3931.640625,29.22999954,94.41999817,0.226482406,"UAGuest",0,"Green",1009,2097,2098,-288.5742188,"false","BioR1132",2026-07-06 16:30:00,187,15.0166666666667,28,30,6,16,0,7,2026,2026-07-06 16:30:00,2576.1718753
"405073","BiosphereDendrometer_",14,"2026-07-06 23:43:31","2026-07-06T16:43:31",16769,3.96547842,3930.029297,30.37000084,95.93000031,0.17637378,"null",-100,"Green",1011,2123,2121,-275.8789063,"false","BioR1132",2026-07-06 16:45:00,187,15.2166666666667,43,45,6,16,0,7,2026,2026-07-06 16:45:00,2588.8671878
"405083","BiosphereDendrometer_",14,"2026-07-06 23:59:22","2026-07-06T16:59:22",16770,3.963867188,3933.251953,30.85000038,93.55000305,0.287277102,"UAGuest",0,"Green",1012,2147,2147,-264.1601563,"false","BioR1132",2026-07-06 17:00:00,187,15.85,59,0,6,17,0,7,2026,2026-07-06 17:00:00,2600.5859378
"405093","BiosphereDendrometer_",14,"2026-07-07 0:14:23","2026-07-06T17:14:23",16771,3.96547842,3931.640625,31.12000084,94.33999634,0.255996704,"UAGuest",0,"Green",1012,2172,2172,-251.953125,"false","BioR1132",2026-07-06 17:15:00,187,15.0166666666667,14,15,6,17,0,7,2026,2026-07-06 17:15:00,2612.7929691
"405106","BiosphereDendrometer_",14,"2026-07-07 0:29:24","2026-07-06T17:29:24",16772,3.962255955,3931.640625,31.31999969,93.87999725,0.279966384,"UAGuest",0,"Green",1011,2198,2197,-239.2578125,"false","BioR1132",2026-07-06 17:30:00,187,15.0166666666667,29,30,6,17,0,7,2026,2026-07-06 17:30:00,2625.4882816
"405116","BiosphereDendrometer_",14,"2026-07-07 0:44:25","2026-07-06T17:44:25",16773,3.968701124,3933.251953,31.51000023,93.12999725,0.31768319,"UAGuest",0,"Green",1013,2224,2222,-226.5625,"false","BioR1132",2026-07-06 17:45:00,187,15.0166666666667,44,45,6,17,0,7,2026,2026-07-06 17:45:00,2638.1835941
"405123","BiosphereDendrometer_",14,"2026-07-07 0:59:26","2026-07-06T17:59:26",16774,3.95742178,3930.029297,31.56999969,92.84999847,0.331757665,"UAGuest",0,"Green",1013,2247,2247,-215.3320313,"false","BioR1132",2026-07-06 18:00:00,187,15.0166666666667,59,0,6,18,0,7,2026,2026-07-06 18:00:00,2649.4140628
"405133","BiosphereDendrometer_",14,"2026-07-07 1:14:27","2026-07-06T18:14:27",16775,3.963867188,3933.251953,31.62000084,92.40000153,0.353638142,"UAGuest",0,"Green",1010,2273,2271,-202.6367188,"false","BioR1132",2026-07-06 18:15:00,187,15.0166666666667,14,15,6,18,0,7,2026,2026-07-06 18:15:00,2662.1093753
"405143","BiosphereDendrometer_",14,"2026-07-07 1:29:28","2026-07-06T18:29:28",16776,3.959033251,3928.417969,31.54000092,92.06999969,0.367324024,"UAGuest",0,"Green",1013,2295,2295,-191.8945313,"false","BioR1132",2026-07-06 18:30:00,187,15.0166666666667,29,30,6,18,0,7,2026,2026-07-06 18:30:00,2672.8515628
"405153","BiosphereDendrometer_",14,"2026-07-07 1:44:29","2026-07-06T18:44:29",16777,3.960644484,3930.029297,31.44000053,91.51999664,0.390578866,"UAGuest",0,"Green",1011,2318,2318,-180.6640625,"false","BioR1132",2026-07-06 18:45:00,187,15.0166666666667,44,45,6,18,0,7,2026,2026-07-06 18:45:00,2684.0820316
"405163","BiosphereDendrometer_",14,"2026-07-07 1:59:30","2026-07-06T18:59:30",16778,3.960644484,3930.029297,31.26000023,91.20999908,0.400740206,"UAGuest",0,"Green",1010,2340,2340,-169.921875,"false","BioR1132",2026-07-06 19:00:00,187,15.0166666666667,59,0,6,19,0,7,2026,2026-07-06 19:00:00,2694.8242191
"405173","BiosphereDendrometer_",14,"2026-07-07 2:14:31","2026-07-06T19:14:31",16779,3.963867188,3933.251953,31.04999924,91.11000061,0.400488138,"UAGuest",0,"Green",1015,2361,2361,-159.6679688,"false","BioR1132",2026-07-06 19:15:00,187,15.0166666666667,14,15,6,19,0,7,2026,2026-07-06 19:15:00,2705.0781253
"405183","BiosphereDendrometer_",14,"2026-07-07 2:29:32","2026-07-06T19:29:32",16780,3.963867188,3933.251953,30.78000069,91.06999969,0.396150112,"UAGuest",0,"Green",1010,2383,2381,-148.9257813,"false","BioR1132",2026-07-06 19:30:00,187,15.0166666666667,29,30,6,19,0,7,2026,2026-07-06 19:30:00,2715.8203128
"405193","BiosphereDendrometer_",14,"2026-07-07 2:44:33","2026-07-06T19:44:33",16781,3.962255955,3934.863281,30.46999931,91.06999969,0.389200866,"UAGuest",0,"Green",1013,2401,2400,-140.1367188,"false","BioR1132",2026-07-06 19:45:00,187,15.0166666666667,44,45,6,19,0,7,2026,2026-07-06 19:45:00,2724.6093753
"405203","BiosphereDendrometer_",14,"2026-07-07 2:59:34","2026-07-06T19:59:34",16782,3.963867188,3928.417969,30.19000053,91.20999908,0.377010882,"UAGuest",0,"Green",1012,2418,2417,-131.8359375,"false","BioR1132",2026-07-06 20:00:00,187,15.0166666666667,59,0,6,20,0,7,2026,2026-07-06 20:00:00,2732.9101566
"405216","BiosphereDendrometer_",14,"2026-07-07 3:14:35","2026-07-06T20:14:35",16783,3.962255955,3931.640625,29.95000076,90.95999908,0.38243562,"UAGuest",0,"Green",1015,2435,2435,-123.5351563,"false","BioR1132",2026-07-06 20:15:00,187,15.0166666666667,14,15,6,20,0,7,2026,2026-07-06 20:15:00,2741.2109378
"405223","BiosphereDendrometer_",14,"2026-07-07 3:29:36","2026-07-06T20:29:36",16784,3.962255955,3928.417969,29.75,91.08000183,0.373050123,"UAGuest",0,"Green",1011,2452,2451,-115.234375,"false","BioR1132",2026-07-06 20:30:00,187,15.0166666666667,29,30,6,20,0,7,2026,2026-07-06 20:30:00,2749.5117191
"405233","BiosphereDendrometer_",14,"2026-07-07 3:44:49","2026-07-06T20:44:49",16785,3.962255955,3926.806641,29.56999969,91.12999725,0.367139667,"null",-100,"Green",1009,2468,2467,-107.421875,"false","BioR1132",2026-07-06 20:45:00,187,15.2166666666667,44,45,6,20,0,7,2026,2026-07-06 20:45:00,2757.3242191
"405243","BiosphereDendrometer_",14,"2026-07-07 4:0:40","2026-07-06T21:0:40",16786,3.960644484,3930.029297,29.43000031,91.01000214,0.369119108,"UAGuest",0,"Green",1013,2483,2483,-100.0976563,"false","BioR1132",2026-07-06 21:00:00,187,15.85,0,0,6,21,0,7,2026,2026-07-06 21:00:00,2764.6484378
"405253","BiosphereDendrometer_",14,"2026-07-07 4:15:41","2026-07-06T21:15:41",16787,3.963867188,3930.029297,29.27000046,90.84999847,0.372240305,"UAGuest",0,"Green",1013,2499,2498,-92.28515625,"false","BioR1132",2026-07-06 21:15:00,187,15.0166666666667,15,15,6,21,0,7,2026,2026-07-06 21:15:00,2772.46093785
"405263","BiosphereDendrometer_",14,"2026-07-07 4:30:42","2026-07-06T21:30:42",16788,3.952587843,3926.806641,29.13999939,90.83999634,0.369862497,"UAGuest",0,"Green",1012,2512,2512,-85.9375,"false","BioR1132",2026-07-06 21:30:00,187,15.0166666666667,30,30,6,21,0,7,2026,2026-07-06 21:30:00,2778.8085941
"405273","BiosphereDendrometer_",14,"2026-07-07 4:45:43","2026-07-06T21:45:43",16789,3.959033251,3926.806641,28.96999931,90.90000153,0.363848895,"UAGuest",0,"Green",1012,2525,2525,-79.58984375,"false","BioR1132",2026-07-06 21:45:00,187,15.0166666666667,45,45,6,21,0,7,2026,2026-07-06 21:45:00,2785.15625035
"405283","BiosphereDendrometer_",14,"2026-07-07 5:0:44","2026-07-06T22:0:44",16790,3.962255955,3928.417969,28.84000015,90.91000366,0.360726982,"UAGuest",0,"Green",1014,2538,2538,-73.2421875,"false","BioR1132",2026-07-06 22:00:00,187,15.0166666666667,0,0,6,22,0,7,2026,2026-07-06 22:00:00,2791.5039066
"405293","BiosphereDendrometer_",14,"2026-07-07 5:15:45","2026-07-06T22:15:45",16791,3.959033251,3926.806641,28.70000076,90.83999634,0.360571295,"UAGuest",0,"Green",1011,2550,2550,-67.3828125,"false","BioR1132",2026-07-06 22:15:00,187,15.0166666666667,15,15,6,22,0,7,2026,2026-07-06 22:15:00,2797.3632816
"405303","BiosphereDendrometer_",14,"2026-07-07 5:30:46","2026-07-06T22:30:46",16792,3.959033251,3926.806641,28.60000038,90.81999969,0.359270602,"UAGuest",0,"Green",1012,2562,2562,-61.5234375,"false","BioR1132",2026-07-06 22:30:00,187,15.0166666666667,30,30,6,22,0,7,2026,2026-07-06 22:30:00,2803.2226566
"405316","BiosphereDendrometer_",14,"2026-07-07 5:45:47","2026-07-06T22:45:47",16793,3.95742178,3930.029297,28.47999954,90.91000366,0.353281289,"UAGuest",0,"Green",1011,2573,2573,-56.15234375,"false","BioR1132",2026-07-06 22:45:00,187,15.0166666666667,45,45,6,22,0,7,2026,2026-07-06 22:45:00,2808.59375035
"405323","BiosphereDendrometer_",14,"2026-07-07 6:0:48","2026-07-06T23:0:48",16794,3.955810547,3930.029297,28.37000084,90.73000336,0.357984275,"UAGuest",0,"Green",1013,2584,2583,-50.78125,"false","BioR1132",2026-07-06 23:00:00,187,15.0166666666667,0,0,6,23,0,7,2026,2026-07-06 23:00:00,2813.9648441
"405333","BiosphereDendrometer_",14,"2026-07-07 6:15:49","2026-07-06T23:15:49",16795,3.959033251,3925.195313,28.23999977,90.65000153,0.358357251,"UAGuest",0,"Green",1010,2595,2593,-45.41015625,"false","BioR1132",2026-07-06 23:15:00,187,15.0166666666667,15,15,6,23,0,7,2026,2026-07-06 23:15:00,2819.33593785
"405343","BiosphereDendrometer_",14,"2026-07-07 6:30:50","2026-07-06T23:30:50",16796,3.960644484,3925.195313,28.14999962,90.44000244,0.364493668,"UAGuest",0,"Green",1012,2604,2602,-41.015625,"false","BioR1132",2026-07-06 23:30:00,187,15.0166666666667,30,30,6,23,0,7,2026,2026-07-06 23:30:00,2823.7304691
"405353","BiosphereDendrometer_",14,"2026-07-07 6:45:51","2026-07-06T23:45:51",16797,3.95742178,3926.806641,28.04000092,90.34999847,0.365578294,"UAGuest",0,"Green",1013,2612,2611,-37.109375,"false","BioR1132",2026-07-06 23:45:00,187,15.0166666666667,45,45,6,23,0,7,2026,2026-07-06 23:45:00,2827.6367191
"405363","BiosphereDendrometer_",14,"2026-07-07 7:0:52","2026-07-07T0:0:52",16798,3.960644484,3925.195313,27.96999931,90.18000031,0.370505333,"UAGuest",0,"Green",1011,2621,2619,-32.71484375,"false","BioR1132",2026-07-07,188,15.0166666666667,0,0,7,0,0,7,2026,2026-07-07,2832.03125035
"405373","BiosphereDendrometer_",14,"2026-07-07 7:15:53","2026-07-07T0:15:53",16799,3.960644484,3921.972656,27.93000031,90.01000214,0.376042187,"UAGuest",0,"Green",1013,2627,2627,-29.78515625,"false","BioR1132",2026-07-07 00:15:00,188,15.0166666666667,15,15,7,0,0,7,2026,2026-07-07 00:15:00,2834.96093785
"405383","BiosphereDendrometer_",14,"2026-07-07 7:30:54","2026-07-07T0:30:54",16800,3.954199314,3930.029297,27.84000015,89.87999725,0.378943115,"UAGuest",0,"Green",1013,2635,2634,-25.87890625,"false","BioR1132",2026-07-07 00:30:00,188,15.0166666666667,30,30,7,0,0,7,2026,2026-07-07 00:30:00,2838.86718785
"405393","BiosphereDendrometer_",14,"2026-07-07 7:46:7","2026-07-07T0:46:7",16801,3.959033251,3923.583984,27.77000046,89.62999725,0.386722654,"null",-100,"Green",1015,2642,2641,-22.4609375,"false","BioR1132",2026-07-07 00:45:00,188,15.2166666666667,46,45,7,0,0,7,2026,2026-07-07 00:45:00,2842.2851566
"405403","BiosphereDendrometer_",14,"2026-07-07 8:1:58","2026-07-07T1:1:58",16802,3.960644484,3928.417969,27.70000076,89.51000214,0.389603287,"UAGuest",0,"Green",1010,2648,2648,-19.53125,"false","BioR1132",2026-07-07 01:00:00,188,15.85,1,0,7,1,0,7,2026,2026-07-07 01:00:00,2845.2148441
"405416","BiosphereDendrometer_",14,"2026-07-07 8:16:59","2026-07-07T1:16:59",16803,3.95742178,3926.806641,27.62999916,89.41000366,0.39171344,"UAGuest",0,"Green",1013,2654,2654,-16.6015625,"false","BioR1132",2026-07-07 01:15:00,188,15.0166666666667,16,15,7,1,0,7,2026,2026-07-07 01:15:00,2848.1445316
"405423","BiosphereDendrometer_",14,"2026-07-07 8:32:0","2026-07-07T1:32:0",16804,3.960644484,3923.583984,27.55999947,89.20999908,0.397483081,"UAGuest",0,"Green",1011,2660,2659,-13.671875,"false","BioR1132",2026-07-07 01:30:00,188,15.0166666666667,32,30,7,1,0,7,2026,2026-07-07 01:30:00,2851.0742191
"405433","BiosphereDendrometer_",14,"2026-07-07 8:47:1","2026-07-07T1:47:1",16805,3.954199314,3923.583984,27.5,88.87000275,0.408573031,"UAGuest",0,"Green",1011,2665,2664,-11.23046875,"false","BioR1132",2026-07-07 01:45:00,188,15.0166666666667,47,45,7,1,0,7,2026,2026-07-07 01:45:00,2853.51562535
"405443","BiosphereDendrometer_",14,"2026-07-07 9:2:2","2026-07-07T2:2:2",16806,3.955810547,3921.972656,27.43000031,88.84999847,0.407635808,"UAGuest",0,"Green",1009,2669,2669,-9.27734375,"false","BioR1132",2026-07-07 02:00:00,188,15.0166666666667,2,0,7,2,0,7,2026,2026-07-07 02:00:00,2855.46875035
"405453","BiosphereDendrometer_",14,"2026-07-07 9:17:3","2026-07-07T2:17:3",16807,3.954199314,3926.806641,27.38999939,88.51000214,0.419084311,"UAGuest",0,"Green",1009,2673,2673,-7.32421875,"false","BioR1132",2026-07-07 02:15:00,188,15.0166666666667,17,15,7,2,0,7,2026,2026-07-07 02:15:00,2857.42187535
"405463","BiosphereDendrometer_",14,"2026-07-07 9:32:4","2026-07-07T2:32:4",16808,3.955810547,3923.583984,27.29000092,88.33999634,0.422803789,"UAGuest",0,"Green",1013,2678,2677,-4.8828125,"false","BioR1132",2026-07-07 02:30:00,188,15.0166666666667,32,30,7,2,0,7,2026,2026-07-07 02:30:00,2859.8632816
"405473","BiosphereDendrometer_",14,"2026-07-07 9:47:5","2026-07-07T2:47:5",16809,3.962255955,3923.583984,27.25,88.12000275,0.42977336,"UAGuest",0,"Green",1012,2682,2681,-2.9296875,"false","BioR1132",2026-07-07 02:45:00,188,15.0166666666667,47,45,7,2,0,7,2026,2026-07-07 02:45:00,2861.8164066
"405483","BiosphereDendrometer_",14,"2026-07-07 10:2:6","2026-07-07T3:2:6",16810,3.95742178,3921.972656,27.19000053,87.94999695,0.43439433,"UAGuest",0,"Green",1012,2685,2685,-1.46484375,"false","BioR1132",2026-07-07 03:00:00,188,15.0166666666667,2,0,7,3,0,7,2026,2026-07-07 03:00:00,2863.28125035
"405493","BiosphereDendrometer_",14,"2026-07-07 10:17:7","2026-07-07T3:17:7",16811,3.95097661,3921.972656,27.12000084,87.98999786,0.43118012,"UAGuest",0,"Green",1013,2689,2688,0.48828125,"false","BioR1132",2026-07-07 03:15:00,188,15.0166666666667,17,15,7,3,0,7,2026,2026-07-07 03:15:00,2865.23437535
"405503","BiosphereDendrometer_",14,"2026-07-07 10:32:8","2026-07-07T3:32:8",16812,3.95742178,3923.583984,27.05999947,87.87000275,0.433959007,"UAGuest",0,"Green",1013,2692,2692,1.953125,"false","BioR1132",2026-07-07 03:30:00,188,15.0166666666667,32,30,7,3,0,7,2026,2026-07-07 03:30:00,2866.6992191
"405516","BiosphereDendrometer_",14,"2026-07-07 10:47:9","2026-07-07T3:47:9",16813,3.959033251,3918.75,27.04999924,87.37000275,0.451581925,"UAGuest",0,"Green",1012,2695,2694,3.41796875,"false","BioR1132",2026-07-07 03:45:00,188,15.0166666666667,47,45,7,3,0,7,2026,2026-07-07 03:45:00,2868.16406285
"405523","BiosphereDendrometer_",14,"2026-07-07 11:2:10","2026-07-07T4:2:10",16814,3.95742178,3925.195313,26.98999977,87.48000336,0.446076214,"UAGuest",0,"Green",1010,2698,2698,4.8828125,"false","BioR1132",2026-07-07 04:00:00,188,15.0166666666667,2,0,7,4,0,7,2026,2026-07-07 04:00:00,2869.6289066
"405533","BiosphereDendrometer_",14,"2026-07-07 11:17:11","2026-07-07T4:17:11",16815,3.95097661,3923.583984,26.94000053,87.25,0.452940136,"UAGuest",0,"Green",1012,2700,2700,5.859375,"false","BioR1132",2026-07-07 04:15:00,188,15.0166666666667,17,15,7,4,0,7,2026,2026-07-07 04:15:00,2870.6054691
"405543","BiosphereDendrometer_",14,"2026-07-07 11:32:12","2026-07-07T4:32:12",16816,3.954199314,3921.972656,26.87000084,87.16000366,0.454266608,"UAGuest",0,"Green",1010,2704,2703,7.8125,"false","BioR1132",2026-07-07 04:30:00,188,15.0166666666667,32,30,7,4,0,7,2026,2026-07-07 04:30:00,2872.5585941
"405553","BiosphereDendrometer_",14,"2026-07-07 11:47:25","2026-07-07T4:47:25",16817,3.952587843,3920.361328,26.80999947,87.19000244,0.451610863,"null",-100,"Green",1014,2706,2706,8.7890625,"false","BioR1132",2026-07-07 04:45:00,188,15.2166666666667,47,45,7,4,0,7,2026,2026-07-07 04:45:00,2873.5351566
"405563","BiosphereDendrometer_",14,"2026-07-07 12:3:16","2026-07-07T5:3:16",16818,3.962255955,3921.972656,26.73999977,86.91000366,0.459587663,"UAGuest",0,"Green",1011,2708,2708,9.765625,"false","BioR1132",2026-07-07 05:00:00,188,15.85,3,0,7,5,0,7,2026,2026-07-07 05:00:00,2874.5117191
"405573","BiosphereDendrometer_",14,"2026-07-07 12:18:17","2026-07-07T5:18:17",16819,3.959033251,3917.138672,26.36000061,87.44000244,0.431224823,"UAGuest",0,"Green",1015,2710,2710,10.7421875,"false","BioR1132",2026-07-07 05:15:00,188,15.0166666666667,18,15,7,5,0,7,2026,2026-07-07 05:15:00,2875.4882816
"405583","BiosphereDendrometer_",14,"2026-07-07 12:33:18","2026-07-07T5:33:18",16820,3.955810547,3923.583984,26.07999992,87.56999969,0.419767857,"UAGuest",0,"Green",1011,2713,2712,12.20703125,"false","BioR1132",2026-07-07 05:30:00,188,15.0166666666667,33,30,7,5,0,7,2026,2026-07-07 05:30:00,2876.95312535
"405593","BiosphereDendrometer_",14,"2026-07-07 12:48:19","2026-07-07T5:48:19",16821,3.952587843,3918.75,25.87999916,87.01999664,0.433189213,"UAGuest",0,"Green",1011,2714,2714,12.6953125,"false","BioR1132",2026-07-07 05:45:00,188,15.0166666666667,48,45,7,5,0,7,2026,2026-07-07 05:45:00,2877.4414066
"405603","BiosphereDendrometer_",14,"2026-07-07 13:3:20","2026-07-07T6:3:20",16822,3.952587843,3923.583984,25.81999969,86.44000244,0.450941712,"UAGuest",0,"Green",1011,2714,2714,12.6953125,"false","BioR1132",2026-07-07 06:00:00,188,15.0166666666667,3,0,7,6,0,7,2026,2026-07-07 06:00:00,2877.4414066
"405616","BiosphereDendrometer_",14,"2026-07-07 13:18:21","2026-07-07T6:18:21",16823,3.954199314,3921.972656,25.86000061,85.98999786,0.467010975,"UAGuest",0,"Green",1010,2708,2709,9.765625,"false","BioR1132",2026-07-07 06:15:00,188,15.0166666666667,18,15,7,6,0,7,2026,2026-07-07 06:15:00,2874.5117191
"405623","BiosphereDendrometer_",14,"2026-07-07 13:33:22","2026-07-07T6:33:22",16824,3.95742178,3920.361328,25.97999954,86.36000061,0.457915932,"UAGuest",0,"Green",1013,2701,2701,6.34765625,"false","BioR1132",2026-07-07 06:30:00,188,15.0166666666667,33,30,7,6,0,7,2026,2026-07-07 06:30:00,2871.09375035
"405633","BiosphereDendrometer_",14,"2026-07-07 13:48:23","2026-07-07T6:48:23",16825,3.954199314,3920.361328,26.12999916,86.75,0.44878304,"UAGuest",0,"Green",1011,2692,2693,1.953125,"false","BioR1132",2026-07-07 06:45:00,188,15.0166666666667,48,45,7,6,0,7,2026,2026-07-07 06:45:00,2866.6992191
"405643","BiosphereDendrometer_",14,"2026-07-07 14:3:24","2026-07-07T7:3:24",16826,3.95097661,3920.361328,26.39999962,87.25,0.43878144,"UAGuest",0,"Green",1013,2684,2684,-1.953125,"false","BioR1132",2026-07-07 07:00:00,188,15.0166666666667,3,0,7,7,0,7,2026,2026-07-07 07:00:00,2862.7929691
"405653","BiosphereDendrometer_",14,"2026-07-07 14:18:25","2026-07-07T7:18:25",16827,3.954199314,3921.972656,26.76000023,87.77999878,0.429546922,"UAGuest",0,"Green",1013,2675,2675,-6.34765625,"false","BioR1132",2026-07-07 07:15:00,188,15.0166666666667,18,15,7,7,0,7,2026,2026-07-07 07:15:00,2858.39843785
"405663","BiosphereDendrometer_",14,"2026-07-07 14:33:26","2026-07-07T7:33:26",16828,3.954199314,3920.361328,27.07999992,88.01000214,0.429453731,"UAGuest",0,"Green",1010,2664,2664,-11.71875,"false","BioR1132",2026-07-07 07:30:00,188,15.0166666666667,33,30,7,7,0,7,2026,2026-07-07 07:30:00,2853.0273441
"405673","BiosphereDendrometer_",14,"2026-07-07 14:48:27","2026-07-07T7:48:27",16829,3.954199314,3917.138672,27.45999908,88.72000122,0.413112372,"UAGuest",0,"Green",1011,2653,2653,-17.08984375,"false","BioR1132",2026-07-07 07:45:00,188,15.0166666666667,48,45,7,7,0,7,2026,2026-07-07 07:45:00,2847.65625035
"405683","BiosphereDendrometer_",14,"2026-07-07 15:3:28","2026-07-07T8:3:28",16830,3.95097661,3915.527344,27.43000031,85.51999664,0.529378057,"UAGuest",0,"Green",1011,2640,2640,-23.4375,"false","BioR1132",2026-07-07 08:00:00,188,15.0166666666667,3,0,7,8,0,7,2026,2026-07-07 08:00:00,2841.3085941
"405693","BiosphereDendrometer_",14,"2026-07-07 15:18:29","2026-07-07T8:18:29",16831,3.95097661,3915.527344,26.87999916,90.80999756,0.325324386,"UAGuest",0,"Green",1012,2627,2625,-29.78515625,"false","BioR1132",2026-07-07 08:15:00,188,15.0166666666667,18,15,7,8,0,7,2026,2026-07-07 08:15:00,2834.96093785
"405703","BiosphereDendrometer_",14,"2026-07-07 15:33:30","2026-07-07T8:33:30",16832,3.955810547,3920.361328,27.01000023,91.80000305,0.292501479,"UAGuest",0,"Green",1011,2611,2611,-37.59765625,"false","BioR1132",2026-07-07 08:30:00,188,15.0166666666667,33,30,7,8,0,7,2026,2026-07-07 08:30:00,2827.14843785
"405716","BiosphereDendrometer_",14,"2026-07-07 15:48:43","2026-07-07T8:48:43",16833,3.949365139,3918.75,27.37999916,93.04000092,0.253709376,"null",-100,"Green",1012,2594,2594,-45.8984375,"false","BioR1132",2026-07-07 08:45:00,188,15.2166666666667,48,45,7,8,0,7,2026,2026-07-07 08:45:00,2818.8476566
"405723","BiosphereDendrometer_",14,"2026-07-07 16:4:34","2026-07-07T9:4:34",16834,3.95097661,3917.138672,28.02000046,88.72000122,0.426831394,"UAGuest",0,"Green",1013,2575,2574,-55.17578125,"false","BioR1132",2026-07-07 09:00:00,188,15.85,4,0,7,9,0,7,2026,2026-07-07 09:00:00,2809.57031285
"405733","BiosphereDendrometer_",14,"2026-07-07 16:19:35","2026-07-07T9:19:35",16835,3.947753906,3920.361328,27.01000023,91.08999634,0.317828208,"UAGuest",0,"Green",1012,2551,2551,-66.89453125,"false","BioR1132",2026-07-07 09:15:00,188,15.0166666666667,19,15,7,9,0,7,2026,2026-07-07 09:15:00,2797.85156285
"405743","BiosphereDendrometer_",14,"2026-07-07 16:34:36","2026-07-07T9:34:36",16836,3.95097661,3915.527344,26.80999947,92.87000275,0.251364917,"UAGuest",0,"Green",1013,2531,2531,-76.66015625,"false","BioR1132",2026-07-07 09:30:00,188,15.0166666666667,34,30,7,9,0,7,2026,2026-07-07 09:30:00,2788.08593785
"405753","BiosphereDendrometer_",14,"2026-07-07 16:49:37","2026-07-07T9:49:37",16837,3.954199314,3917.138672,26.97999954,93.19000244,0.242491767,"UAGuest",0,"Green",1012,2508,2508,-87.890625,"false","BioR1132",2026-07-07 09:45:00,188,15.0166666666667,49,45,7,9,0,7,2026,2026-07-07 09:45:00,2776.8554691
"405763","BiosphereDendrometer_",14,"2026-07-07 17:4:38","2026-07-07T10:4:38",16838,3.954199314,3913.916016,27.30999947,92.94999695,0.255939752,"UAGuest",0,"Green",1012,2483,2482,-100.0976563,"false","BioR1132",2026-07-07 10:00:00,188,15.0166666666667,4,0,7,10,0,7,2026,2026-07-07 10:00:00,2764.6484378
"405773","BiosphereDendrometer_",14,"2026-07-07 17:19:39","2026-07-07T10:19:39",16839,3.952587843,3915.527344,27.53000069,92.97000122,0.258518219,"UAGuest",0,"Green",1014,2453,2453,-114.7460938,"false","BioR1132",2026-07-07 10:15:00,188,15.0166666666667,19,15,7,10,0,7,2026,2026-07-07 10:15:00,2750.0000003
"405783","BiosphereDendrometer_",14,"2026-07-07 17:34:40","2026-07-07T10:34:40",16840,3.949365139,3917.138672,27.80999947,93.11000061,0.257544845,"UAGuest",0,"Green",1008,2423,2423,-129.3945313,"false","BioR1132",2026-07-07 10:30:00,188,15.0166666666667,34,30,7,10,0,7,2026,2026-07-07 10:30:00,2735.3515628
"405793","BiosphereDendrometer_",14,"2026-07-07 17:49:41","2026-07-07T10:49:41",16841,3.949365139,3918.75,28.04999924,93.40000153,0.250178188,"UAGuest",0,"Green",1009,2392,2392,-144.53125,"false","BioR1132",2026-07-07 10:45:00,188,15.0166666666667,49,45,7,10,0,7,2026,2026-07-07 10:45:00,2720.2148441
"405803","BiosphereDendrometer_",14,"2026-07-07 18:4:42","2026-07-07T11:4:42",16842,3.949365139,3913.916016,28.25,93.68000031,0.242367432,"UAGuest",0,"Green",1014,2360,2359,-160.15625,"false","BioR1132",2026-07-07 11:00:00,188,15.0166666666667,4,0,7,11,0,7,2026,2026-07-07 11:00:00,2704.5898441
"405816","BiosphereDendrometer_",14,"2026-07-07 18:19:43","2026-07-07T11:19:43",16843,3.941308498,3915.527344,28.53000069,93.66000366,0.247118711,"UAGuest",0,"Green",1013,2325,2324,-177.2460938,"false","BioR1132",2026-07-07 11:15:00,188,15.0166666666667,19,15,7,11,0,7,2026,2026-07-07 11:15:00,2687.5000003
"405823","BiosphereDendrometer_",14,"2026-07-07 18:34:44","2026-07-07T11:34:44",16844,3.947753906,3915.527344,28.71999931,93.98000336,0.237243697,"UAGuest",0,"Green",1010,2289,2288,-194.8242188,"false","BioR1132",2026-07-07 11:30:00,188,15.0166666666667,34,30,7,11,0,7,2026,2026-07-07 11:30:00,2669.9218753
"405833","BiosphereDendrometer_",14,"2026-07-07 18:49:45","2026-07-07T11:49:45",16845,3.949365139,3920.361328,28.89999962,93.76999664,0.248090699,"UAGuest",0,"Green",1013,2253,2253,-212.4023438,"false","BioR1132",2026-07-07 11:45:00,188,15.0166666666667,49,45,7,11,0,7,2026,2026-07-07 11:45:00,2652.3437503
"405843","BiosphereDendrometer_",14,"2026-07-07 19:4:46","2026-07-07T12:4:46",16846,3.947753906,3918.75,29.03000069,93.97000122,0.241937384,"UAGuest",0,"Green",1010,2215,2215,-230.9570313,"false","BioR1132",2026-07-07 12:00:00,188,15.0166666666667,4,0,7,12,0,7,2026,2026-07-07 12:00:00,2633.7890628
"405853","BiosphereDendrometer_",14,"2026-07-07 19:19:47","2026-07-07T12:19:47",16847,3.95097661,3917.138672,29.10000038,93.90000153,0.245737478,"UAGuest",0,"Green",1011,2172,2172,-251.953125,"false","BioR1132",2026-07-07 12:15:00,188,15.0166666666667,19,15,7,12,0,7,2026,2026-07-07 12:15:00,2612.7929691
"405863","BiosphereDendrometer_",14,"2026-07-07 19:34:48","2026-07-07T12:34:48",16848,3.946142673,3917.138672,29.27000046,93.66000366,0.257923633,"UAGuest",0,"Green",1013,2125,2126,-274.9023438,"false","BioR1132",2026-07-07 12:30:00,188,15.0166666666667,34,30,7,12,0,7,2026,2026-07-07 12:30:00,2589.8437503
"405873","BiosphereDendrometer_",14,"2026-07-07 19:50:1","2026-07-07T12:50:1",16849,3.952587843,3917.138672,29.40999985,93.61000061,0.262064099,"null",-100,"Green",1011,2073,2074,-300.2929688,"false","BioR1132",2026-07-07 12:45:00,188,15.2166666666667,50,45,7,12,0,7,2026,2026-07-07 12:45:00,2564.4531253
"405883","BiosphereDendrometer_",14,"2026-07-07 20:5:52","2026-07-07T13:5:52",16850,3.955810547,3920.361328,29.47999954,93.87999725,0.252005011,"UAGuest",0,"Green",1012,2019,2019,-326.6601563,"false","BioR1132",2026-07-07 13:00:00,188,15.85,5,0,7,13,0,7,2026,2026-07-07 13:00:00,2538.0859378
"405893","BiosphereDendrometer_",14,"2026-07-07 20:20:53","2026-07-07T13:20:53",16851,3.952587843,3915.527344,29.56999969,93.98000336,0.24917458,"UAGuest",0,"Green",1012,1971,1970,-350.0976563,"false","BioR1132",2026-07-07 13:15:00,188,15.0166666666667,20,15,7,13,0,7,2026,2026-07-07 13:15:00,2514.6484378
"405903","BiosphereDendrometer_",14,"2026-07-07 20:35:54","2026-07-07T13:35:54",16852,3.946142673,3915.527344,29.64999962,94.12000275,0.24450244,"UAGuest",0,"Green",1011,1929,1929,-370.6054688,"false","BioR1132",2026-07-07 13:30:00,188,15.0166666666667,35,30,7,13,0,7,2026,2026-07-07 13:30:00,2494.1406253
"405916","BiosphereDendrometer_",14,"2026-07-07 20:50:55","2026-07-07T13:50:55",16853,3.949365139,3917.138672,29.70999908,94.19000244,0.242426515,"UAGuest",0,"Green",1010,1899,1899,-385.2539063,"false","BioR1132",2026-07-07 13:45:00,188,15.0166666666667,50,45,7,13,0,7,2026,2026-07-07 13:45:00,2479.4921878
"405923","BiosphereDendrometer_",14,"2026-07-07 21:5:56","2026-07-07T14:5:56",16854,3.95097661,3915.527344,29.75,94.43000031,0.232947335,"UAGuest",0,"Green",1012,1876,1875,-396.484375,"false","BioR1132",2026-07-07 14:00:00,188,15.0166666666667,5,0,7,14,0,7,2026,2026-07-07 14:00:00,2468.2617191
"405933","BiosphereDendrometer_",14,"2026-07-07 21:20:57","2026-07-07T14:20:57",16855,3.947753906,3917.138672,29.82999992,94.11000061,0.24746494,"UAGuest",0,"Green",1009,1860,1859,-404.296875,"false","BioR1132",2026-07-07 14:15:00,188,15.0166666666667,20,15,7,14,0,7,2026,2026-07-07 14:15:00,2460.4492191
"405943","BiosphereDendrometer_",14,"2026-07-07 21:35:58","2026-07-07T14:35:58",16856,3.947753906,3917.138672,29.92000008,93.91999817,0.256771058,"UAGuest",0,"Green",1012,1848,1847,-410.15625,"false","BioR1132",2026-07-07 14:30:00,188,15.0166666666667,35,30,7,14,0,7,2026,2026-07-07 14:30:00,2454.5898441
"405953","BiosphereDendrometer_",14,"2026-07-07 21:50:59","2026-07-07T14:50:59",16857,3.941308498,3912.304688,29.95999908,94.12000275,0.248895094,"UAGuest",0,"Green",1011,1842,1841,-413.0859375,"false","BioR1132",2026-07-07 14:45:00,188,15.0166666666667,50,45,7,14,0,7,2026,2026-07-07 14:45:00,2451.6601566
"405963","BiosphereDendrometer_",14,"2026-07-07 22:6:0","2026-07-07T15:6:0",16858,3.946142673,3913.916016,30.15999985,94.58999634,0.231641471,"UAGuest",0,"Green",1011,1839,1840,-414.5507813,"false","BioR1132",2026-07-07 15:00:00,188,15.0166666666667,6,0,7,15,0,7,2026,2026-07-07 15:00:00,2450.1953128
"405973","BiosphereDendrometer_",14,"2026-07-07 22:21:1","2026-07-07T15:21:1",16859,3.949365139,3915.527344,30.36000061,94.27999878,0.24773486,"UAGuest",0,"Green",1010,1842,1843,-413.0859375,"false","BioR1132",2026-07-07 15:15:00,188,15.0166666666667,21,15,7,15,0,7,2026,2026-07-07 15:15:00,2451.6601566
"405983","BiosphereDendrometer_",14,"2026-07-07 22:36:2","2026-07-07T15:36:2",16860,3.944531202,3912.304688,30.51000023,94.55000305,0.238073811,"UAGuest",0,"Green",1015,1853,1852,-407.7148438,"false","BioR1132",2026-07-07 15:30:00,188,15.0166666666667,36,30,7,15,0,7,2026,2026-07-07 15:30:00,2457.0312503
"405993","BiosphereDendrometer_",14,"2026-07-07 22:51:3","2026-07-07T15:51:3",16861,3.944531202,3910.693359,30.44000053,94.56999969,0.236253202,"UAGuest",0,"Green",1011,1867,1866,-400.8789063,"false","BioR1132",2026-07-07 15:45:00,188,15.0166666666667,51,45,7,15,0,7,2026,2026-07-07 15:45:00,2463.8671878
"406003","BiosphereDendrometer_",14,"2026-07-07 23:6:4","2026-07-07T16:6:4",16862,3.944531202,3912.304688,30.34000015,94.34999847,0.244423345,"UAGuest",0,"Green",1011,1885,1884,-392.0898438,"false","BioR1132",2026-07-07 16:00:00,188,15.0166666666667,6,0,7,16,0,7,2026,2026-07-07 16:00:00,2472.6562503
"406016","BiosphereDendrometer_",14,"2026-07-07 23:21:5","2026-07-07T16:21:5",16863,3.939697266,3913.916016,30.20000076,94.13999939,0.251484692,"UAGuest",0,"Green",1013,1903,1902,-383.3007813,"false","BioR1132",2026-07-07 16:15:00,188,15.0166666666667,21,15,7,16,0,7,2026,2026-07-07 16:15:00,2481.4453128
"406023","BiosphereDendrometer_",14,"2026-07-07 23:36:6","2026-07-07T16:36:6",16864,3.941308498,3918.75,30.84000015,96.16000366,0.170932412,"UAGuest",0,"Green",1013,1922,1923,-374.0234375,"false","BioR1132",2026-07-07 16:30:00,188,15.0166666666667,36,30,7,16,0,7,2026,2026-07-07 16:30:00,2490.7226566
"406033","BiosphereDendrometer_",14,"2026-07-07 23:51:19","2026-07-07T16:51:19",16865,3.946142673,3915.527344,31.87999916,94.08000183,0.279550105,"null",-100,"Green",1014,1949,1948,-360.8398438,"false","BioR1132",2026-07-07 16:45:00,188,15.2166666666667,51,45,7,16,0,7,2026,2026-07-07 16:45:00,2503.9062503
"406043","BiosphereDendrometer_",14,"2026-07-08 0:7:10","2026-07-07T17:7:10",16866,3.947753906,3915.527344,32.25,93.66999817,0.305223197,"UAGuest",0,"Green",1011,1972,1972,-349.609375,"false","BioR1132",2026-07-07 17:00:00,188,15.85,7,0,7,17,0,7,2026,2026-07-07 17:00:00,2515.1367191
"406053","BiosphereDendrometer_",14,"2026-07-08 0:22:11","2026-07-07T17:22:11",16867,3.941308498,3910.693359,32.59000015,94.22000122,0.284092277,"UAGuest",0,"Green",1013,1998,1997,-336.9140625,"false","BioR1132",2026-07-07 17:15:00,188,15.0166666666667,22,15,7,17,0,7,2026,2026-07-07 17:15:00,2527.8320316
"406063","BiosphereDendrometer_",14,"2026-07-08 0:37:12","2026-07-07T17:37:12",16868,3.944531202,3907.470703,32.83000183,93.69999695,0.313856512,"UAGuest",0,"Green",1010,2024,2023,-324.21875,"false","BioR1132",2026-07-07 17:30:00,188,15.0166666666667,37,30,7,17,0,7,2026,2026-07-07 17:30:00,2540.5273441
"406073","BiosphereDendrometer_",14,"2026-07-08 0:52:13","2026-07-07T17:52:13",16869,3.947753906,3912.304688,32.90000153,93.02999878,0.348602176,"UAGuest",0,"Green",1012,2052,2052,-310.546875,"false","BioR1132",2026-07-07 17:45:00,188,15.0166666666667,52,45,7,17,0,7,2026,2026-07-07 17:45:00,2554.1992191
"406083","BiosphereDendrometer_",14,"2026-07-08 1:7:14","2026-07-07T18:7:14",16870,3.94291997,3910.693359,32.86000061,92.41000366,0.378759563,"UAGuest",0,"Green",1010,2080,2080,-296.875,"false","BioR1132",2026-07-07 18:00:00,188,15.0166666666667,7,0,7,18,0,7,2026,2026-07-07 18:00:00,2567.8710941
"406093","BiosphereDendrometer_",14,"2026-07-08 1:22:15","2026-07-07T18:22:15",16871,3.944531202,3910.693359,32.81999969,92.15000153,0.390855312,"UAGuest",0,"Green",1011,2108,2108,-283.203125,"false","BioR1132",2026-07-07 18:15:00,188,15.0166666666667,22,15,7,18,0,7,2026,2026-07-07 18:15:00,2581.5429691
"406106","BiosphereDendrometer_",14,"2026-07-08 1:37:16","2026-07-07T18:37:16",16872,3.941308498,3913.916016,32.75999832,92,0.396983564,"UAGuest",0,"Green",1013,2135,2134,-270.0195313,"false","BioR1132",2026-07-07 18:30:00,188,15.0166666666667,37,30,7,18,0,7,2026,2026-07-07 18:30:00,2594.7265628
"406116","BiosphereDendrometer_",14,"2026-07-08 1:52:17","2026-07-07T18:52:17",16873,3.94291997,3913.916016,32.65000153,91.79000092,0.404893041,"UAGuest",0,"Green",1011,2160,2160,-257.8125,"false","BioR1132",2026-07-07 18:45:00,188,15.0166666666667,52,45,7,18,0,7,2026,2026-07-07 18:45:00,2606.9335941
"406123","BiosphereDendrometer_",14,"2026-07-08 2:7:18","2026-07-07T19:7:18",16874,3.94291997,3913.916016,32.49000168,91.56999969,0.412016749,"UAGuest",0,"Green",1012,2187,2185,-244.6289063,"false","BioR1132",2026-07-07 19:00:00,188,15.0166666666667,7,0,7,19,0,7,2026,2026-07-07 19:00:00,2620.1171878
"406133","BiosphereDendrometer_",14,"2026-07-08 2:22:19","2026-07-07T19:22:19",16875,3.939697266,3912.304688,32.24000168,91.29000092,0.41974625,"UAGuest",0,"Green",1010,2211,2210,-232.9101563,"false","BioR1132",2026-07-07 19:15:00,188,15.0166666666667,22,15,7,19,0,7,2026,2026-07-07 19:15:00,2631.8359378
"406143","BiosphereDendrometer_",14,"2026-07-08 2:37:20","2026-07-07T19:37:20",16876,3.941308498,3910.693359,31.95000076,91.06999969,0.42335856,"UAGuest",0,"Green",1010,2232,2233,-222.65625,"false","BioR1132",2026-07-07 19:30:00,188,15.0166666666667,37,30,7,19,0,7,2026,2026-07-07 19:30:00,2642.0898441
"406153","BiosphereDendrometer_",14,"2026-07-08 2:52:21","2026-07-07T19:52:21",16877,3.94291997,3910.693359,31.67000008,90.93000031,0.4232364,"UAGuest",0,"Green",1009,2255,2254,-211.4257813,"false","BioR1132",2026-07-07 19:45:00,188,15.0166666666667,52,45,7,19,0,7,2026,2026-07-07 19:45:00,2653.3203128
"406163","BiosphereDendrometer_",14,"2026-07-08 3:7:22","2026-07-07T20:7:22",16878,3.938086033,3905.859375,31.35000038,90.98000336,0.413333416,"UAGuest",0,"Green",1012,2275,2274,-201.6601563,"false","BioR1132",2026-07-07 20:00:00,188,15.0166666666667,7,0,7,20,0,7,2026,2026-07-07 20:00:00,2663.0859378
"406173","BiosphereDendrometer_",14,"2026-07-08 3:22:23","2026-07-07T20:22:23",16879,3.941308498,3910.693359,31.09000015,91.12999725,0.400498092,"UAGuest",0,"Green",1011,2296,2295,-191.40625,"false","BioR1132",2026-07-07 20:15:00,188,15.0166666666667,22,15,7,20,0,7,2026,2026-07-07 20:15:00,2673.3398441
"406183","BiosphereDendrometer_",14,"2026-07-08 3:37:24","2026-07-07T20:37:24",16880,3.94291997,3909.082031,30.85000038,91.16999817,0.393280238,"UAGuest",0,"Green",1010,2314,2314,-182.6171875,"false","BioR1132",2026-07-07 20:30:00,188,15.0166666666667,37,30,7,20,0,7,2026,2026-07-07 20:30:00,2682.1289066
"406193","BiosphereDendrometer_",14,"2026-07-08 3:52:37","2026-07-07T20:52:37",16881,3.94291997,3909.082031,30.69000053,91.16000366,0.390149325,"null",-100,"Green",1010,2334,2333,-172.8515625,"false","BioR1132",2026-07-07 20:45:00,188,15.2166666666667,52,45,7,20,0,7,2026,2026-07-07 20:45:00,2691.8945316
"406203","BiosphereDendrometer_",14,"2026-07-08 4:8:28","2026-07-07T21:8:28",16882,3.946142673,3912.304688,30.47999954,90.63999939,0.40817529,"UAGuest",0,"Green",1009,2353,2352,-163.5742188,"false","BioR1132",2026-07-07 21:15:00,188,15.85,8,15,7,21,0,7,2026,2026-07-07 21:15:00,2701.1718753
"406216","BiosphereDendrometer_",14,"2026-07-08 4:23:29","2026-07-07T21:23:29",16883,3.94291997,3907.470703,30.30999947,90.69999695,0.40163523,"UAGuest",0,"Green",1012,2370,2369,-155.2734375,"false","BioR1132",2026-07-07 21:30:00,188,15.0166666666667,23,30,7,21,0,7,2026,2026-07-07 21:30:00,2709.4726566
"406223","BiosphereDendrometer_",14,"2026-07-08 4:38:30","2026-07-07T21:38:30",16884,3.941308498,3905.859375,30.13999939,90.56999969,0.403304428,"UAGuest",0,"Green",1010,2387,2386,-146.9726563,"false","BioR1132",2026-07-07 21:45:00,188,15.0166666666667,38,45,7,21,0,7,2026,2026-07-07 21:45:00,2717.7734378
"406233","BiosphereDendrometer_",14,"2026-07-08 4:53:31","2026-07-07T21:53:31",16885,3.94291997,3909.082031,30.02000046,90.44999695,0.405636877,"UAGuest",0,"Green",1012,2402,2402,-139.6484375,"false","BioR1132",2026-07-07 22:00:00,188,15.0166666666667,53,0,7,22,0,7,2026,2026-07-07 22:00:00,2725.0976566
"406243","BiosphereDendrometer_",14,"2026-07-08 5:8:32","2026-07-07T22:8:32",16886,3.938086033,3905.859375,29.89999962,90.47000122,0.402009726,"UAGuest",0,"Green",1010,2417,2416,-132.3242188,"false","BioR1132",2026-07-07 22:15:00,188,15.0166666666667,8,15,7,22,0,7,2026,2026-07-07 22:15:00,2732.4218753
"406253","BiosphereDendrometer_",14,"2026-07-08 5:23:33","2026-07-07T22:23:33",16887,3.944531202,3907.470703,29.76000023,90.31999969,0.405067682,"UAGuest",0,"Green",1010,2431,2431,-125.4882813,"false","BioR1132",2026-07-07 22:30:00,188,15.0166666666667,23,30,7,22,0,7,2026,2026-07-07 22:30:00,2739.2578128
"406263","BiosphereDendrometer_",14,"2026-07-08 5:38:34","2026-07-07T22:38:34",16888,3.94291997,3907.470703,29.62999916,90.47000122,0.395821303,"UAGuest",0,"Green",1012,2446,2445,-118.1640625,"false","BioR1132",2026-07-07 22:45:00,188,15.0166666666667,38,45,7,22,0,7,2026,2026-07-07 22:45:00,2746.5820316
"406273","BiosphereDendrometer_",14,"2026-07-08 5:53:35","2026-07-07T22:53:35",16889,3.938086033,3907.470703,29.54000092,90.55000305,0.390471429,"UAGuest",0,"Green",1012,2459,2458,-111.8164063,"false","BioR1132",2026-07-07 23:00:00,188,15.0166666666667,53,0,7,23,0,7,2026,2026-07-07 23:00:00,2752.9296878
"406283","BiosphereDendrometer_",14,"2026-07-08 6:8:36","2026-07-07T23:8:36",16890,3.939697266,3907.470703,29.44000053,90.47000122,0.391516387,"UAGuest",0,"Green",1009,2471,2471,-105.9570313,"false","BioR1132",2026-07-07 23:15:00,188,15.0166666666667,8,15,7,23,0,7,2026,2026-07-07 23:15:00,2758.7890628
"406293","BiosphereDendrometer_",14,"2026-07-08 6:23:37","2026-07-07T23:23:37",16891,3.939697266,3905.859375,29.32999992,90.48999786,0.388226569,"UAGuest",0,"Green",1013,2483,2483,-100.0976563,"false","BioR1132",2026-07-07 23:30:00,188,15.0166666666667,23,30,7,23,0,7,2026,2026-07-07 23:30:00,2764.6484378
"406303","BiosphereDendrometer_",14,"2026-07-08 6:38:38","2026-07-07T23:38:38",16892,3.938086033,3904.248047,29.20999908,90.19999695,0.397306174,"UAGuest",0,"Green",1012,2494,2494,-94.7265625,"false","BioR1132",2026-07-07 23:45:00,188,15.0166666666667,38,45,7,23,0,7,2026,2026-07-07 23:45:00,2770.0195316
"406316","BiosphereDendrometer_",14,"2026-07-08 6:53:39","2026-07-07T23:53:39",16893,3.941308498,3910.693359,29.12999916,90.11000061,0.399107784,"UAGuest",0,"Green",1014,2506,2505,-88.8671875,"false","BioR1132",2026-07-08,188,15.0166666666667,53,0,8,0,0,7,2026,2026-07-08,2775.8789066
"406323","BiosphereDendrometer_",14,"2026-07-08 7:8:40","2026-07-08T0:8:40",16894,3.938086033,3905.859375,29.02000046,90.16999817,0.394174457,"UAGuest",0,"Green",1011,2516,2515,-83.984375,"false","BioR1132",2026-07-08 00:15:00,189,15.0166666666667,8,15,8,0,0,7,2026,2026-07-08 00:15:00,2780.7617191
"406333","BiosphereDendrometer_",14,"2026-07-08 7:23:41","2026-07-08T0:23:41",16895,3.934863329,3905.859375,28.93000031,89.94999695,0.400905401,"UAGuest",0,"Green",1010,2525,2525,-79.58984375,"false","BioR1132",2026-07-08 00:30:00,189,15.0166666666667,23,30,8,0,0,7,2026,2026-07-08 00:30:00,2785.15625035
"406343","BiosphereDendrometer_",14,"2026-07-08 7:38:42","2026-07-08T0:38:42",16896,3.934863329,3904.248047,28.79000092,89.90000153,0.399650007,"UAGuest",0,"Green",1013,2536,2534,-74.21875,"false","BioR1132",2026-07-08 00:45:00,189,15.0166666666667,38,45,8,0,0,7,2026,2026-07-08 00:45:00,2790.5273441
"406353","BiosphereDendrometer_",14,"2026-07-08 7:53:55","2026-07-08T0:53:55",16897,3.936474562,3907.470703,28.70000076,89.62000275,0.408594698,"null",-100,"Green",1011,2544,2543,-70.3125,"false","BioR1132",2026-07-08 01:00:00,189,15.2166666666667,53,0,8,1,0,7,2026,2026-07-08 01:00:00,2794.4335941
"406363","BiosphereDendrometer_",14,"2026-07-08 8:9:46","2026-07-08T1:9:46",16898,3.938086033,3902.636719,28.64999962,89.30000305,0.419972837,"UAGuest",0,"Green",1010,2552,2551,-66.40625,"false","BioR1132",2026-07-08 01:15:00,189,15.85,9,15,8,1,0,7,2026,2026-07-08 01:15:00,2798.3398441
"406373","BiosphereDendrometer_",14,"2026-07-08 8:24:47","2026-07-08T1:24:47",16899,3.936474562,3901.025391,28.55999947,89.23000336,0.420521021,"UAGuest",0,"Green",1013,2559,2559,-62.98828125,"false","BioR1132",2026-07-08 01:30:00,189,15.0166666666667,24,30,8,1,0,7,2026,2026-07-08 01:30:00,2801.75781285
"406383","BiosphereDendrometer_",14,"2026-07-08 8:39:48","2026-07-08T1:39:48",16900,3.938086033,3899.414063,28.51000023,89.23999786,0.418914348,"UAGuest",0,"Green",1012,2566,2566,-59.5703125,"false","BioR1132",2026-07-08 01:45:00,189,15.0166666666667,39,45,8,1,0,7,2026,2026-07-08 01:45:00,2805.1757816
"406393","BiosphereDendrometer_",14,"2026-07-08 8:54:49","2026-07-08T1:54:49",16901,3.933251858,3905.859375,28.47999954,88.84999847,0.433343202,"UAGuest",0,"Green",1012,2572,2572,-56.640625,"false","BioR1132",2026-07-08 02:00:00,189,15.0166666666667,54,0,8,2,0,7,2026,2026-07-08 02:00:00,2808.1054691
"406403","BiosphereDendrometer_",14,"2026-07-08 9:9:50","2026-07-08T2:9:50",16902,3.936474562,3905.859375,28.45000076,89.12000275,0.422114223,"UAGuest",0,"Green",1010,2579,2579,-53.22265625,"false","BioR1132",2026-07-08 02:15:00,189,15.0166666666667,9,15,8,2,0,7,2026,2026-07-08 02:15:00,2811.52343785
"406416","BiosphereDendrometer_",14,"2026-07-08 9:24:51","2026-07-08T2:24:51",16903,3.938086033,3904.248047,28.37999916,89.05000305,0.423107445,"UAGuest",0,"Green",1012,2587,2585,-49.31640625,"false","BioR1132",2026-07-08 02:30:00,189,15.0166666666667,24,30,8,2,0,7,2026,2026-07-08 02:30:00,2815.42968785
"406423","BiosphereDendrometer_",14,"2026-07-08 9:39:52","2026-07-08T2:39:52",16904,3.933251858,3904.248047,28.31999969,88.91999817,0.426641673,"UAGuest",0,"Green",1011,2592,2592,-46.875,"false","BioR1132",2026-07-08 02:45:00,189,15.0166666666667,39,45,8,2,0,7,2026,2026-07-08 02:45:00,2817.8710941
"406433","BiosphereDendrometer_",14,"2026-07-08 9:54:53","2026-07-08T2:54:53",16905,3.933251858,3905.859375,28.27000046,88.80999756,0.429627568,"UAGuest",0,"Green",1011,2598,2597,-43.9453125,"false","BioR1132",2026-07-08 03:00:00,189,15.0166666666667,54,0,8,3,0,7,2026,2026-07-08 03:00:00,2820.8007816
"406443","BiosphereDendrometer_",14,"2026-07-08 10:9:54","2026-07-08T3:9:54",16906,3.933251858,3904.248047,28.20999908,88.56999969,0.437314361,"UAGuest",0,"Green",1013,2604,2602,-41.015625,"false","BioR1132",2026-07-08 03:15:00,189,15.0166666666667,9,15,8,3,0,7,2026,2026-07-08 03:15:00,2823.7304691
"406453","BiosphereDendrometer_",14,"2026-07-08 10:24:55","2026-07-08T3:24:55",16907,3.939697266,3904.248047,28.10000038,88.48999786,0.437567115,"UAGuest",0,"Green",1012,2607,2608,-39.55078125,"false","BioR1132",2026-07-08 03:30:00,189,15.0166666666667,24,30,8,3,0,7,2026,2026-07-08 03:30:00,2825.19531285
"406463","BiosphereDendrometer_",14,"2026-07-08 10:39:56","2026-07-08T3:39:56",16908,3.933251858,3901.025391,27.84000015,88.83999634,0.41788587,"UAGuest",0,"Green",1013,2613,2612,-36.62109375,"false","BioR1132",2026-07-08 03:45:00,189,15.0166666666667,39,45,8,3,0,7,2026,2026-07-08 03:45:00,2828.12500035
"406473","BiosphereDendrometer_",14,"2026-07-08 10:54:57","2026-07-08T3:54:57",16909,3.936474562,3899.414063,27.52000046,88.83999634,0.410153627,"UAGuest",0,"Green",1013,2618,2617,-34.1796875,"false","BioR1132",2026-07-08 04:00:00,189,15.0166666666667,54,0,8,4,0,7,2026,2026-07-08 04:00:00,2830.5664066
"406483","BiosphereDendrometer_",14,"2026-07-08 11:9:58","2026-07-08T4:9:58",16910,3.930029392,3902.636719,27.28000069,88.65000153,0.411321878,"UAGuest",0,"Green",1011,2622,2622,-32.2265625,"false","BioR1132",2026-07-08 04:15:00,189,15.0166666666667,9,15,8,4,0,7,2026,2026-07-08 04:15:00,2832.5195316
"406493","BiosphereDendrometer_",14,"2026-07-08 11:24:59","2026-07-08T4:24:59",16911,3.931640625,3896.191406,27.11000061,88.52999878,0.411551863,"UAGuest",0,"Green",1013,2625,2626,-30.76171875,"false","BioR1132",2026-07-08 04:30:00,189,15.0166666666667,24,30,8,4,0,7,2026,2026-07-08 04:30:00,2833.98437535
"406503","BiosphereDendrometer_",14,"2026-07-08 11:40:0","2026-07-08T4:40:0",16912,3.930029392,3901.025391,26.92000008,88.08999634,0.422603071,"UAGuest",0,"Green",1012,2633,2632,-26.85546875,"false","BioR1132",2026-07-08 04:45:00,189,15.0166666666667,40,45,8,4,0,7,2026,2026-07-08 04:45:00,2837.89062535
"406516","BiosphereDendrometer_",14,"2026-07-08 11:55:13","2026-07-08T4:55:13",16913,3.933251858,3901.025391,26.77000046,88.25,0.413268685,"null",-100,"Green",1015,2637,2636,-24.90234375,"false","BioR1132",2026-07-08 05:00:00,189,15.2166666666667,55,0,8,5,0,7,2026,2026-07-08 05:00:00,2839.84375035
"406523","BiosphereDendrometer_",14,"2026-07-08 12:11:4","2026-07-08T5:11:4",16914,3.934863329,3907.470703,26.67000008,88.18000031,0.413293809,"UAGuest",0,"Green",1010,2640,2640,-23.4375,"false","BioR1132",2026-07-08 05:15:00,189,15.85,11,15,8,5,0,7,2026,2026-07-08 05:15:00,2841.3085941
"406533","BiosphereDendrometer_",14,"2026-07-08 12:26:5","2026-07-08T5:26:5",16915,3.931640625,3901.025391,26.55999947,88.18000031,0.410627574,"UAGuest",0,"Green",1011,2642,2643,-22.4609375,"false","BioR1132",2026-07-08 05:30:00,189,15.0166666666667,26,30,8,5,0,7,2026,2026-07-08 05:30:00,2842.2851566
"406543","BiosphereDendrometer_",14,"2026-07-08 12:41:6","2026-07-08T5:41:6",16916,3.931640625,3899.414063,26.45999908,88.04000092,0.413051814,"UAGuest",0,"Green",1011,2647,2646,-20.01953125,"false","BioR1132",2026-07-08 05:45:00,189,15.0166666666667,41,45,8,5,0,7,2026,2026-07-08 05:45:00,2844.72656285
"406553","BiosphereDendrometer_",14,"2026-07-08 12:56:7","2026-07-08T5:56:7",16917,3.934863329,3896.191406,26.44000053,87.97000122,0.414980143,"UAGuest",0,"Green",1014,2649,2649,-19.04296875,"false","BioR1132",2026-07-08 06:00:00,189,15.0166666666667,56,0,8,6,0,7,2026,2026-07-08 06:00:00,2845.70312535
"406563","BiosphereDendrometer_",14,"2026-07-08 13:11:8","2026-07-08T6:11:8",16918,3.928417921,3894.580078,26.55999947,87.63999939,0.429387212,"UAGuest",0,"Green",1011,2648,2648,-19.53125,"false","BioR1132",2026-07-08 06:15:00,189,15.0166666666667,11,15,8,6,0,7,2026,2026-07-08 06:15:00,2845.2148441
"406573","BiosphereDendrometer_",14,"2026-07-08 13:26:9","2026-07-08T6:26:9",16919,3.931640625,3896.191406,26.70999908,87.69000244,0.431440473,"UAGuest",0,"Green",1011,2644,2643,-21.484375,"false","BioR1132",2026-07-08 06:30:00,189,15.0166666666667,26,30,8,6,0,7,2026,2026-07-08 06:30:00,2843.2617191
"406583","BiosphereDendrometer_",14,"2026-07-08 13:41:10","2026-07-08T6:41:10",16920,3.933251858,3892.96875,26.87000084,88.05999756,0.422425687,"UAGuest",0,"Green",1013,2638,2637,-24.4140625,"false","BioR1132",2026-07-08 06:45:00,189,15.0166666666667,41,45,8,6,0,7,2026,2026-07-08 06:45:00,2840.3320316
"406593","BiosphereDendrometer_",14,"2026-07-08 13:56:11","2026-07-08T6:56:11",16921,3.933251858,3894.580078,27.09000015,88.44999695,0.413936764,"UAGuest",0,"Green",1011,2630,2630,-28.3203125,"false","BioR1132",2026-07-08 07:00:00,189,15.0166666666667,56,0,8,7,0,7,2026,2026-07-08 07:00:00,2836.4257816
"406603","BiosphereDendrometer_",14,"2026-07-08 14:11:12","2026-07-08T7:11:12",16922,3.925195217,3897.802734,27.40999985,89.05000305,0.399855912,"UAGuest",0,"Green",1015,2621,2621,-32.71484375,"false","BioR1132",2026-07-08 07:15:00,189,15.0166666666667,11,15,8,7,0,7,2026,2026-07-08 07:15:00,2832.03125035
"406616","BiosphereDendrometer_",14,"2026-07-08 14:26:13","2026-07-08T7:26:13",16923,3.931640625,3894.580078,27.82999992,89.68000031,0.386206806,"UAGuest",0,"Green",1008,2614,2613,-36.1328125,"false","BioR1132",2026-07-08 07:30:00,189,15.0166666666667,26,30,8,7,0,7,2026,2026-07-08 07:30:00,2828.6132816
"406623","BiosphereDendrometer_",14,"2026-07-08 14:41:14","2026-07-08T7:41:14",16924,3.931640625,3896.191406,28.20000076,89.47000122,0.402646035,"UAGuest",0,"Green",1012,2604,2603,-41.015625,"false","BioR1132",2026-07-08 07:45:00,189,15.0166666666667,41,45,8,7,0,7,2026,2026-07-08 07:45:00,2823.7304691
"406633","BiosphereDendrometer_",14,"2026-07-08 14:56:15","2026-07-08T7:56:15",16925,3.931640625,3897.802734,28.60000038,90,0.391362488,"UAGuest",0,"Green",1011,2592,2592,-46.875,"false","BioR1132",2026-07-08 08:00:00,189,15.0166666666667,56,0,8,8,0,7,2026,2026-07-08 08:00:00,2817.8710941
"406643","BiosphereDendrometer_",14,"2026-07-08 15:11:16","2026-07-08T8:11:16",16926,3.931640625,3897.802734,27.79000092,89.31999969,0.39874807,"UAGuest",0,"Green",1012,2579,2578,-53.22265625,"false","BioR1132",2026-07-08 08:15:00,189,15.0166666666667,11,15,8,8,0,7,2026,2026-07-08 08:15:00,2811.52343785
"406653","BiosphereDendrometer_",14,"2026-07-08 15:26:17","2026-07-08T8:26:17",16927,3.930029392,3892.96875,27.79999924,90.76999664,0.344812065,"UAGuest",0,"Green",1011,2562,2562,-61.5234375,"false","BioR1132",2026-07-08 08:30:00,189,15.0166666666667,26,30,8,8,0,7,2026,2026-07-08 08:30:00,2803.2226566
"406663","BiosphereDendrometer_",14,"2026-07-08 15:41:18","2026-07-08T8:41:18",16928,3.928417921,3897.802734,27.89999962,91.26000214,0.328415185,"UAGuest",0,"Green",1013,2544,2545,-70.3125,"false","BioR1132",2026-07-08 08:45:00,189,15.0166666666667,41,45,8,8,0,7,2026,2026-07-08 08:45:00,2794.4335941
"406673","BiosphereDendrometer_",14,"2026-07-08 15:56:31","2026-07-08T8:56:31",16929,3.931640625,3897.802734,28.18000031,90.94000244,0.346033365,"null",-100,"Green",1011,2526,2525,-79.1015625,"false","BioR1132",2026-07-08 09:00:00,189,15.2166666666667,56,0,8,9,0,7,2026,2026-07-08 09:00:00,2785.6445316
"406683","BiosphereDendrometer_",14,"2026-07-08 16:12:22","2026-07-08T9:12:22",16930,3.928417921,3899.414063,27.82999992,91.48999786,0.318470865,"UAGuest",0,"Green",1013,2502,2502,-90.8203125,"false","BioR1132",2026-07-08 09:15:00,189,15.85,12,15,8,9,0,7,2026,2026-07-08 09:15:00,2773.9257816
"406693","BiosphereDendrometer_",14,"2026-07-08 16:27:23","2026-07-08T9:27:23",16931,3.931640625,3896.191406,27.82999992,92.08999634,0.296017051,"UAGuest",0,"Green",1010,2478,2478,-102.5390625,"false","BioR1132",2026-07-08 09:30:00,189,15.0166666666667,27,30,8,9,0,7,2026,2026-07-08 09:30:00,2762.2070316
"406703","BiosphereDendrometer_",14,"2026-07-08 16:42:24","2026-07-08T9:42:24",16932,3.928417921,3896.191406,27.96999931,92.30000305,0.290518224,"UAGuest",0,"Green",1016,2453,2452,-114.7460938,"false","BioR1132",2026-07-08 09:45:00,189,15.0166666666667,42,45,8,9,0,7,2026,2026-07-08 09:45:00,2750.0000003
"406716","BiosphereDendrometer_",14,"2026-07-08 16:57:25","2026-07-08T9:57:25",16933,3.925195217,3896.191406,28.17000008,92.66999817,0.279795974,"UAGuest",0,"Green",1010,2425,2425,-128.4179688,"false","BioR1132",2026-07-08 10:00:00,189,15.0166666666667,57,0,8,10,0,7,2026,2026-07-08 10:00:00,2736.3281253
"406723","BiosphereDendrometer_",14,"2026-07-08 17:12:26","2026-07-08T10:12:26",16934,3.926806688,3899.414063,28.34000015,92.81999969,0.276791215,"UAGuest",0,"Green",1012,2396,2395,-142.578125,"false","BioR1132",2026-07-08 10:15:00,189,15.0166666666667,12,15,8,10,0,7,2026,2026-07-08 10:15:00,2722.1679691
"406733","BiosphereDendrometer_",14,"2026-07-08 17:27:27","2026-07-08T10:27:27",16935,3.931640625,3894.580078,28.54999924,93,0.273160696,"UAGuest",0,"Green",1014,2364,2364,-158.203125,"false","BioR1132",2026-07-08 10:30:00,189,15.0166666666667,27,30,8,10,0,7,2026,2026-07-08 10:30:00,2706.5429691
"406743","BiosphereDendrometer_",14,"2026-07-08 17:42:28","2026-07-08T10:42:28",16936,3.928417921,3897.802734,28.71999931,93.05999756,0.273500383,"UAGuest",0,"Green",1012,2332,2330,-173.828125,"false","BioR1132",2026-07-08 10:45:00,189,15.0166666666667,42,45,8,10,0,7,2026,2026-07-08 10:45:00,2690.9179691
"406753","BiosphereDendrometer_",14,"2026-07-08 17:57:29","2026-07-08T10:57:29",16937,3.930029392,3888.134766,28.93000031,93.01999664,0.27843973,"UAGuest",0,"Green",1012,2297,2296,-190.9179688,"false","BioR1132",2026-07-08 11:00:00,189,15.0166666666667,57,0,8,11,0,7,2026,2026-07-08 11:00:00,2673.8281253
"406763","BiosphereDendrometer_",14,"2026-07-08 18:12:30","2026-07-08T11:12:30",16938,3.926806688,3894.580078,28.75,94.84999847,0.203310698,"UAGuest",0,"Green",1009,2261,2260,-208.4960938,"false","BioR1132",2026-07-08 11:15:00,189,15.0166666666667,12,15,8,11,0,7,2026,2026-07-08 11:15:00,2656.2500003
"406773","BiosphereDendrometer_",14,"2026-07-08 18:27:31","2026-07-08T11:27:31",16939,3.926806688,3896.191406,28.95000076,94.58000183,0.216459706,"UAGuest",0,"Green",1013,2224,2225,-226.5625,"false","BioR1132",2026-07-08 11:30:00,189,15.0166666666667,27,30,8,11,0,7,2026,2026-07-08 11:30:00,2638.1835941
"406783","BiosphereDendrometer_",14,"2026-07-08 18:42:32","2026-07-08T11:42:32",16940,3.926806688,3889.746094,29.20000076,94.30000305,0.230952755,"UAGuest",0,"Green",1014,2188,2187,-244.140625,"false","BioR1132",2026-07-08 11:45:00,189,15.0166666666667,42,45,8,11,0,7,2026,2026-07-08 11:45:00,2620.6054691
"406793","BiosphereDendrometer_",14,"2026-07-08 18:57:33","2026-07-08T11:57:33",16941,3.928417921,3891.357422,29.38999939,94.37000275,0.23062934,"UAGuest",0,"Green",1010,2150,2150,-262.6953125,"false","BioR1132",2026-07-08 12:00:00,189,15.0166666666667,57,0,8,12,0,7,2026,2026-07-08 12:00:00,2602.0507816
"406803","BiosphereDendrometer_",14,"2026-07-08 19:12:34","2026-07-08T12:12:34",16942,3.925195217,3894.580078,29.46999931,94.16000366,0.240336746,"UAGuest",0,"Green",1014,2109,2108,-282.7148438,"false","BioR1132",2026-07-08 12:15:00,189,15.0166666666667,12,15,8,12,0,7,2026,2026-07-08 12:15:00,2582.0312503
"406816","BiosphereDendrometer_",14,"2026-07-08 19:27:35","2026-07-08T12:27:35",16943,3.926806688,3891.357422,29.62999916,94.01999664,0.248374969,"UAGuest",0,"Green",1013,2064,2063,-304.6875,"false","BioR1132",2026-07-08 12:30:00,189,15.0166666666667,27,30,8,12,0,7,2026,2026-07-08 12:30:00,2560.0585941
"406823","BiosphereDendrometer_",14,"2026-07-08 19:42:36","2026-07-08T12:42:36",16944,3.925195217,3894.580078,29.78000069,94.19999695,0.242984936,"UAGuest",0,"Green",1013,2013,2012,-329.5898438,"false","BioR1132",2026-07-08 12:45:00,189,15.0166666666667,42,45,8,12,0,7,2026,2026-07-08 12:45:00,2535.1562503
"406833","BiosphereDendrometer_",14,"2026-07-08 19:57:49","2026-07-08T12:57:49",16945,3.921972752,3891.357422,29.81999969,94.26999664,0.24060455,"null",-100,"Green",1012,1959,1958,-355.9570313,"false","BioR1132",2026-07-08 13:00:00,189,15.2166666666667,57,0,8,13,0,7,2026,2026-07-08 13:00:00,2508.7890628
"406843","BiosphereDendrometer_",14,"2026-07-08 20:13:40","2026-07-08T13:13:40",16946,3.930029392,3894.580078,29.95000076,94.33000183,0.239868373,"UAGuest",0,"Green",1012,1903,1902,-383.3007813,"false","BioR1132",2026-07-08 13:15:00,189,15.85,13,15,8,13,0,7,2026,2026-07-08 13:15:00,2481.4453128
"406853","BiosphereDendrometer_",14,"2026-07-08 20:28:41","2026-07-08T13:28:41",16947,3.923583984,3892.96875,30.12000084,94.48999786,0.235383093,"UAGuest",0,"Green",1010,1856,1855,-406.25,"false","BioR1132",2026-07-08 13:30:00,189,15.0166666666667,28,30,8,13,0,7,2026,2026-07-08 13:30:00,2458.4960941
"406863","BiosphereDendrometer_",14,"2026-07-08 20:43:42","2026-07-08T13:43:42",16948,3.928417921,3888.134766,30.23999977,94.44999695,0.238727123,"UAGuest",0,"Green",1011,1817,1817,-425.2929688,"false","BioR1132",2026-07-08 13:45:00,189,15.0166666666667,43,45,8,13,0,7,2026,2026-07-08 13:45:00,2439.4531253
"406873","BiosphereDendrometer_",14,"2026-07-08 20:58:43","2026-07-08T13:58:43",16949,3.923583984,3894.580078,30.23999977,94.75,0.225822881,"UAGuest",0,"Green",1011,1788,1788,-439.453125,"false","BioR1132",2026-07-08 14:00:00,189,15.0166666666667,58,0,8,14,0,7,2026,2026-07-08 14:00:00,2425.2929691
"406883","BiosphereDendrometer_",14,"2026-07-08 21:13:44","2026-07-08T14:13:44",16950,3.926806688,3891.357422,30.38999939,94.23999786,0.249895692,"UAGuest",0,"Green",1013,1769,1768,-448.7304688,"false","BioR1132",2026-07-08 14:15:00,189,15.0166666666667,13,15,8,14,0,7,2026,2026-07-08 14:15:00,2416.0156253
"406893","BiosphereDendrometer_",14,"2026-07-08 21:28:45","2026-07-08T14:28:45",16951,3.923583984,3891.357422,30.39999962,94.30000305,0.247433901,"UAGuest",0,"Green",1012,1756,1756,-455.078125,"false","BioR1132",2026-07-08 14:30:00,189,15.0166666666667,28,30,8,14,0,7,2026,2026-07-08 14:30:00,2409.6679691
"406903","BiosphereDendrometer_",14,"2026-07-08 21:43:46","2026-07-08T14:43:46",16952,3.92036128,3889.746094,30.53000069,94.05999756,0.25977546,"UAGuest",0,"Green",1013,1746,1746,-459.9609375,"false","BioR1132",2026-07-08 14:45:00,189,15.0166666666667,43,45,8,14,0,7,2026,2026-07-08 14:45:00,2404.7851566
"406916","BiosphereDendrometer_",14,"2026-07-08 21:58:47","2026-07-08T14:58:47",16953,3.92036128,3889.746094,30.44000053,94.26000214,0.249740854,"UAGuest",0,"Green",1013,1743,1742,-461.4257813,"false","BioR1132",2026-07-08 15:00:00,189,15.0166666666667,58,0,8,15,0,7,2026,2026-07-08 15:00:00,2403.3203128
"406923","BiosphereDendrometer_",14,"2026-07-08 22:13:48","2026-07-08T15:13:48",16954,3.917138577,3886.523438,30.75,94.01000214,0.265272409,"UAGuest",0,"Green",1011,1742,1741,-461.9140625,"false","BioR1132",2026-07-08 15:15:00,189,15.0166666666667,13,15,8,15,0,7,2026,2026-07-08 15:15:00,2402.8320316
"406933","BiosphereDendrometer_",14,"2026-07-08 22:28:49","2026-07-08T15:28:49",16955,3.921972752,3888.134766,30.88999939,93.69000244,0.281682968,"UAGuest",0,"Green",1012,1747,1747,-459.4726563,"false","BioR1132",2026-07-08 15:30:00,189,15.0166666666667,28,30,8,15,0,7,2026,2026-07-08 15:30:00,2405.2734378
"406943","BiosphereDendrometer_",14,"2026-07-08 22:43:50","2026-07-08T15:43:50",16956,3.921972752,3884.912109,30.80999947,94.33999634,0.251517355,"UAGuest",0,"Green",1010,1757,1757,-454.5898438,"false","BioR1132",2026-07-08 15:45:00,189,15.0166666666667,43,45,8,15,0,7,2026,2026-07-08 15:45:00,2410.1562503
"406953","BiosphereDendrometer_",14,"2026-07-08 22:58:51","2026-07-08T15:58:51",16957,3.921972752,3889.746094,30.78000069,94.12000275,0.260846853,"UAGuest",0,"Green",1012,1771,1771,-447.7539063,"false","BioR1132",2026-07-08 16:00:00,189,15.0166666666667,58,0,8,16,0,7,2026,2026-07-08 16:00:00,2416.9921878
"406963","BiosphereDendrometer_",14,"2026-07-08 23:13:52","2026-07-08T16:13:52",16958,3.92036128,3888.134766,30.70999908,94.16999817,0.257598341,"UAGuest",0,"Green",1011,1788,1788,-439.453125,"false","BioR1132",2026-07-08 16:15:00,189,15.0166666666667,13,15,8,16,0,7,2026,2026-07-08 16:15:00,2425.2929691
"406973","BiosphereDendrometer_",14,"2026-07-08 23:28:53","2026-07-08T16:28:53",16959,3.918750048,3886.523438,30.53000069,94.05000305,0.2602126,"UAGuest",0,"Green",1012,1807,1807,-430.1757813,"false","BioR1132",2026-07-08 16:30:00,189,15.0166666666667,28,30,8,16,0,7,2026,2026-07-08 16:30:00,2434.5703128
"406983","BiosphereDendrometer_",14,"2026-07-08 23:43:54","2026-07-08T16:43:54",16960,3.92036128,3884.912109,31.94000053,95.40000153,0.21795626,"UAGuest",0,"Green",1011,1829,1828,-419.4335938,"false","BioR1132",2026-07-08 16:45:00,189,15.0166666666667,43,45,8,16,0,7,2026,2026-07-08 16:45:00,2445.3125003
"406993","BiosphereDendrometer_",14,"2026-07-08 23:59:7","2026-07-08T16:59:7",16961,3.92036128,3886.523438,32.41999817,93.25,0.328608662,"null",-100,"Green",1012,1849,1849,-409.6679688,"false","BioR1132",2026-07-08 17:00:00,189,15.2166666666667,59,0,8,17,0,7,2026,2026-07-08 17:00:00,2455.0781253
"407003","BiosphereDendrometer_",14,"2026-07-09 0:14:58","2026-07-08T17:14:58",16962,3.92036128,3889.746094,32.43000031,93.80000305,0.302003115,"UAGuest",0,"Green",1013,1877,1876,-395.9960938,"false","BioR1132",2026-07-08 17:15:00,189,15.85,14,15,8,17,0,7,2026,2026-07-08 17:15:00,2468.7500003
"407016","BiosphereDendrometer_",14,"2026-07-09 0:29:59","2026-07-08T17:29:59",16963,3.92036128,3886.523438,32.56000137,93.62000275,0.313053876,"UAGuest",0,"Green",1010,1902,1900,-383.7890625,"false","BioR1132",2026-07-08 17:30:00,189,15.0166666666667,29,30,8,17,0,7,2026,2026-07-08 17:30:00,2480.9570316
"407023","BiosphereDendrometer_",14,"2026-07-09 0:45:0","2026-07-08T17:45:0",16964,3.917138577,3884.912109,32.83000183,93.31999969,0.332787424,"UAGuest",0,"Green",1012,1923,1921,-373.5351563,"false","BioR1132",2026-07-08 17:45:00,189,15.0166666666667,45,45,8,17,0,7,2026,2026-07-08 17:45:00,2491.2109378
"407033","BiosphereDendrometer_",14,"2026-07-09 1:0:1","2026-07-08T18:0:1",16965,3.915527344,3883.300781,32.88000107,92.5,0.374688983,"UAGuest",0,"Green",1011,1944,1944,-363.28125,"false","BioR1132",2026-07-08 18:00:00,189,15.0166666666667,0,0,8,18,0,7,2026,2026-07-08 18:00:00,2501.4648441
"407043","BiosphereDendrometer_",14,"2026-07-09 1:15:2","2026-07-08T18:15:2",16966,3.92036128,3889.746094,32.84000015,92.41000366,0.378334403,"UAGuest",0,"Green",1012,1970,1969,-350.5859375,"false","BioR1132",2026-07-08 18:15:00,189,15.0166666666667,15,15,8,18,0,7,2026,2026-07-08 18:15:00,2514.1601566
"407053","BiosphereDendrometer_",14,"2026-07-09 1:30:3","2026-07-08T18:30:3",16967,3.918750048,3888.134766,32.58000183,91.41000366,0.421968669,"UAGuest",0,"Green",1009,1994,1993,-338.8671875,"false","BioR1132",2026-07-08 18:30:00,189,15.0166666666667,30,30,8,18,0,7,2026,2026-07-08 18:30:00,2525.8789066
"407063","BiosphereDendrometer_",14,"2026-07-09 1:45:4","2026-07-08T18:45:4",16968,3.913916111,3881.689453,32.34999847,91.54000092,0.410234809,"UAGuest",0,"Green",1012,2017,2017,-327.6367188,"false","BioR1132",2026-07-08 18:45:00,189,15.0166666666667,45,45,8,18,0,7,2026,2026-07-08 18:45:00,2537.1093753
"407073","BiosphereDendrometer_",14,"2026-07-09 2:0:5","2026-07-08T19:0:5",16969,3.915527344,3886.523438,32.04999924,91.40000153,0.410024017,"UAGuest",0,"Green",1010,2040,2040,-316.40625,"false","BioR1132",2026-07-08 19:00:00,189,15.0166666666667,0,0,8,19,0,7,2026,2026-07-08 19:00:00,2548.3398441
"407083","BiosphereDendrometer_",14,"2026-07-09 2:15:6","2026-07-08T19:15:6",16970,3.917138577,3881.689453,31.72999954,91.54000092,0.396115482,"UAGuest",0,"Green",1011,2065,2063,-304.1992188,"false","BioR1132",2026-07-08 19:15:00,189,15.0166666666667,15,15,8,19,0,7,2026,2026-07-08 19:15:00,2560.5468753
"407093","BiosphereDendrometer_",14,"2026-07-09 2:30:7","2026-07-08T19:30:7",16971,3.913916111,3884.912109,31.42000008,91.26000214,0.402097315,"UAGuest",0,"Green",1012,2089,2088,-292.4804688,"false","BioR1132",2026-07-08 19:30:00,189,15.0166666666667,30,30,8,19,0,7,2026,2026-07-08 19:30:00,2572.2656253
"407106","BiosphereDendrometer_",14,"2026-07-09 2:45:8","2026-07-08T19:45:8",16972,3.921972752,3886.523438,31.09000015,90.95999908,0.408173561,"UAGuest",0,"Green",1012,2112,2111,-281.25,"false","BioR1132",2026-07-08 19:45:00,189,15.0166666666667,45,45,8,19,0,7,2026,2026-07-08 19:45:00,2583.4960941
"407116","BiosphereDendrometer_",14,"2026-07-09 3:0:9","2026-07-08T20:0:9",16973,3.91230464,3883.300781,30.80999947,90.91999817,0.403494209,"UAGuest",0,"Green",1013,2134,2133,-270.5078125,"false","BioR1132",2026-07-08 20:00:00,189,15.0166666666667,0,0,8,20,0,7,2026,2026-07-08 20:00:00,2594.2382816
"407123","BiosphereDendrometer_",14,"2026-07-09 3:15:10","2026-07-08T20:15:10",16974,3.910693407,3876.855469,30.62999916,90.98000336,0.396732599,"UAGuest",0,"Green",1012,2156,2155,-259.765625,"false","BioR1132",2026-07-08 20:15:00,189,15.0166666666667,15,15,8,20,0,7,2026,2026-07-08 20:15:00,2604.9804691
"407133","BiosphereDendrometer_",14,"2026-07-09 3:30:11","2026-07-08T20:30:11",16975,3.910693407,3880.078125,30.47999954,90.80000305,0.401197553,"UAGuest",0,"Green",1011,2178,2176,-249.0234375,"false","BioR1132",2026-07-08 20:30:00,189,15.0166666666667,30,30,8,20,0,7,2026,2026-07-08 20:30:00,2615.7226566
"407143","BiosphereDendrometer_",14,"2026-07-09 3:45:12","2026-07-08T20:45:12",16976,3.907470703,3876.855469,30.34000015,90.29000092,0.420062035,"UAGuest",0,"Green",1010,2197,2196,-239.7460938,"false","BioR1132",2026-07-08 20:45:00,189,15.0166666666667,45,45,8,20,0,7,2026,2026-07-08 20:45:00,2625.0000003
"407153","BiosphereDendrometer_",14,"2026-07-09 4:0:25","2026-07-08T21:0:25",16977,3.907470703,3881.689453,30.13999939,90.48999786,0.406725943,"null",-100,"Green",1014,2217,2216,-229.9804688,"false","BioR1132",2026-07-08 21:00:00,189,15.2166666666667,0,0,8,21,0,7,2026,2026-07-08 21:00:00,2634.7656253
"407163","BiosphereDendrometer_",14,"2026-07-09 4:16:16","2026-07-08T21:16:16",16978,3.915527344,3880.078125,29.98999977,90.15000153,0.417659998,"UAGuest",0,"Green",1010,2236,2235,-220.703125,"false","BioR1132",2026-07-08 21:15:00,189,15.85,16,15,8,21,0,7,2026,2026-07-08 21:15:00,2644.0429691
"407173","BiosphereDendrometer_",14,"2026-07-09 4:31:17","2026-07-08T21:31:17",16979,3.909081936,3878.466797,29.87999916,90.22000122,0.412082464,"UAGuest",0,"Green",1015,2254,2253,-211.9140625,"false","BioR1132",2026-07-08 21:30:00,189,15.0166666666667,31,30,8,21,0,7,2026,2026-07-08 21:30:00,2652.8320316
"407183","BiosphereDendrometer_",14,"2026-07-09 4:46:18","2026-07-08T21:46:18",16980,3.910693407,3870.410156,29.76000023,89.94000244,0.42096898,"UAGuest",0,"Green",1013,2269,2269,-204.5898438,"false","BioR1132",2026-07-08 21:45:00,189,15.0166666666667,46,45,8,21,0,7,2026,2026-07-08 21:45:00,2660.1562503
"407193","BiosphereDendrometer_",14,"2026-07-09 5:1:19","2026-07-08T22:1:19",16981,3.909081936,3880.078125,29.62999916,89.97000122,0.416588664,"UAGuest",0,"Green",1010,2286,2285,-196.2890625,"false","BioR1132",2026-07-08 22:00:00,189,15.0166666666667,1,0,8,22,0,7,2026,2026-07-08 22:00:00,2668.4570316
"407203","BiosphereDendrometer_",14,"2026-07-09 5:16:20","2026-07-08T22:16:20",16982,3.904247999,3875.244141,29.54000092,89.88999939,0.417742819,"UAGuest",0,"Green",1009,2300,2300,-189.453125,"false","BioR1132",2026-07-08 22:15:00,189,15.0166666666667,16,15,8,22,0,7,2026,2026-07-08 22:15:00,2675.2929691
"407216","BiosphereDendrometer_",14,"2026-07-09 5:31:21","2026-07-08T22:31:21",16983,3.899414063,3875.244141,29.44000053,89.63999939,0.425615162,"UAGuest",0,"Green",1012,2314,2314,-182.6171875,"false","BioR1132",2026-07-08 22:30:00,189,15.0166666666667,31,30,8,22,0,7,2026,2026-07-08 22:30:00,2682.1289066
"407223","BiosphereDendrometer_",14,"2026-07-09 5:46:22","2026-07-08T22:46:22",16984,3.909081936,3872.021484,29.34000015,89.79000092,0.417042822,"UAGuest",0,"Green",1011,2328,2328,-175.78125,"false","BioR1132",2026-07-08 22:45:00,189,15.0166666666667,46,45,8,22,0,7,2026,2026-07-08 22:45:00,2688.9648441
"407233","BiosphereDendrometer_",14,"2026-07-09 6:1:23","2026-07-08T23:1:23",16985,3.907470703,3876.855469,29.28000069,89.70999908,0.418859214,"UAGuest",0,"Green",1011,2342,2341,-168.9453125,"false","BioR1132",2026-07-08 23:00:00,189,15.0166666666667,1,0,8,23,0,7,2026,2026-07-08 23:00:00,2695.8007816
"407243","BiosphereDendrometer_",14,"2026-07-09 6:16:24","2026-07-08T23:16:24",16986,3.904247999,3875.244141,29.22999954,89.47000122,0.427394122,"UAGuest",0,"Green",1012,2353,2354,-163.5742188,"false","BioR1132",2026-07-08 23:15:00,189,15.0166666666667,16,15,8,23,0,7,2026,2026-07-08 23:15:00,2701.1718753
"407253","BiosphereDendrometer_",14,"2026-07-09 6:31:25","2026-07-08T23:31:25",16987,3.901025295,3870.410156,29.12999916,89.36000061,0.429373771,"UAGuest",0,"Green",1012,2366,2365,-157.2265625,"false","BioR1132",2026-07-08 23:30:00,189,15.0166666666667,31,30,8,23,0,7,2026,2026-07-08 23:30:00,2707.5195316
"407263","BiosphereDendrometer_",14,"2026-07-09 6:46:26","2026-07-08T23:46:26",16988,3.90585947,3873.632813,29,89.16999817,0.433771938,"UAGuest",0,"Green",1011,2377,2377,-151.8554688,"false","BioR1132",2026-07-08 23:45:00,189,15.0166666666667,46,45,8,23,0,7,2026,2026-07-08 23:45:00,2712.8906253
"407273","BiosphereDendrometer_",14,"2026-07-09 7:1:27","2026-07-09T0:1:27",16989,3.904247999,3867.1875,28.89999962,88.98000336,0.438837558,"UAGuest",0,"Green",1012,2388,2387,-146.484375,"false","BioR1132",2026-07-09,190,15.0166666666667,1,0,9,0,0,7,2026,2026-07-09,2718.2617191
"407283","BiosphereDendrometer_",14,"2026-07-09 7:16:28","2026-07-09T0:16:28",16990,3.901025295,3865.576172,28.84000015,88.91999817,0.439698368,"UAGuest",0,"Green",1012,2397,2397,-142.0898438,"false","BioR1132",2026-07-09 00:15:00,190,15.0166666666667,16,15,9,0,0,7,2026,2026-07-09 00:15:00,2722.6562503
"407293","BiosphereDendrometer_",14,"2026-07-09 7:31:29","2026-07-09T0:31:29",16991,3.89780283,3868.798828,28.72999954,88.54000092,0.45189184,"UAGuest",0,"Green",1011,2406,2406,-137.6953125,"false","BioR1132",2026-07-09 00:30:00,190,15.0166666666667,31,30,9,0,0,7,2026,2026-07-09 00:30:00,2727.0507816
"407303","BiosphereDendrometer_",14,"2026-07-09 7:46:30","2026-07-09T0:46:30",16992,3.899414063,3865.576172,28.62000084,88.68000031,0.443536103,"UAGuest",0,"Green",1013,2416,2415,-132.8125,"false","BioR1132",2026-07-09 00:45:00,190,15.0166666666667,46,45,9,0,0,7,2026,2026-07-09 00:45:00,2731.9335941
"407316","BiosphereDendrometer_",14,"2026-07-09 8:1:43","2026-07-09T1:1:43",16993,3.896191359,3867.1875,28.57999992,88.36000061,0.455018014,"null",-100,"Green",1010,2422,2423,-129.8828125,"false","BioR1132",2026-07-09 01:00:00,190,15.2166666666667,1,0,9,1,0,7,2026,2026-07-09 01:00:00,2734.8632816
"407323","BiosphereDendrometer_",14,"2026-07-09 8:17:34","2026-07-09T1:17:34",16994,3.902636766,3870.410156,28.53000069,88.30999756,0.455649793,"UAGuest",0,"Green",1010,2433,2432,-124.5117188,"false","BioR1132",2026-07-09 01:15:00,190,15.85,17,15,9,1,0,7,2026,2026-07-09 01:15:00,2740.2343753
"407333","BiosphereDendrometer_",14,"2026-07-09 8:32:35","2026-07-09T1:32:35",16995,3.899414063,3865.576172,28.46999931,88.01000214,0.465719253,"UAGuest",0,"Green",1011,2440,2439,-121.09375,"false","BioR1132",2026-07-09 01:30:00,190,15.0166666666667,32,30,9,1,0,7,2026,2026-07-09 01:30:00,2743.6523441
"407343","BiosphereDendrometer_",14,"2026-07-09 8:47:36","2026-07-09T1:47:36",16996,3.894580126,3870.410156,28.37999916,87.62000275,0.47836253,"UAGuest",0,"Green",1013,2448,2447,-117.1875,"false","BioR1132",2026-07-09 01:45:00,190,15.0166666666667,47,45,9,1,0,7,2026,2026-07-09 01:45:00,2747.5585941
"407353","BiosphereDendrometer_",14,"2026-07-09 9:2:37","2026-07-09T2:2:37",16997,3.896191359,3865.576172,28.34000015,87.44999695,0.483806521,"UAGuest",0,"Green",1014,2454,2453,-114.2578125,"false","BioR1132",2026-07-09 02:00:00,190,15.0166666666667,2,0,9,2,0,7,2026,2026-07-09 02:00:00,2750.4882816
"407363","BiosphereDendrometer_",14,"2026-07-09 9:17:38","2026-07-09T2:17:38",16998,3.899414063,3865.576172,28.27000046,87.48999786,0.48030743,"UAGuest",0,"Green",1012,2459,2459,-111.8164063,"false","BioR1132",2026-07-09 02:15:00,190,15.0166666666667,17,15,9,2,0,7,2026,2026-07-09 02:15:00,2752.9296878
"407373","BiosphereDendrometer_",14,"2026-07-09 9:32:39","2026-07-09T2:32:39",16999,3.894580126,3862.353516,28.21999931,87.58999634,0.475085527,"UAGuest",0,"Green",1011,2466,2466,-108.3984375,"false","BioR1132",2026-07-09 02:30:00,190,15.0166666666667,32,30,9,2,0,7,2026,2026-07-09 02:30:00,2756.3476566
"407383","BiosphereDendrometer_",14,"2026-07-09 9:47:40","2026-07-09T2:47:40",17000,3.894580126,3862.353516,28.18000031,87.73000336,0.468634725,"UAGuest",0,"Green",1013,2473,2472,-104.9804688,"false","BioR1132",2026-07-09 02:45:00,190,15.0166666666667,47,45,9,2,0,7,2026,2026-07-09 02:45:00,2759.7656253
"407393","BiosphereDendrometer_",14,"2026-07-09 10:2:41","2026-07-09T3:2:41",17001,3.896191359,3859.130859,28.17000008,87.36000061,0.482485801,"UAGuest",0,"Green",1013,2477,2477,-103.0273438,"false","BioR1132",2026-07-09 03:00:00,190,15.0166666666667,2,0,9,3,0,7,2026,2026-07-09 03:00:00,2761.7187503
"407403","BiosphereDendrometer_",14,"2026-07-09 10:17:42","2026-07-09T3:17:42",17002,3.891357422,3859.130859,27.90999985,87.86000061,0.456440002,"UAGuest",0,"Green",1013,2482,2483,-100.5859375,"false","BioR1132",2026-07-09 03:15:00,190,15.0166666666667,17,15,9,3,0,7,2026,2026-07-09 03:15:00,2764.1601566
"407416","BiosphereDendrometer_",14,"2026-07-09 10:32:43","2026-07-09T3:32:43",17003,3.891357422,3855.908203,27.54000092,88.01000214,0.441172928,"UAGuest",0,"Green",1011,2488,2487,-97.65625,"false","BioR1132",2026-07-09 03:30:00,190,15.0166666666667,32,30,9,3,0,7,2026,2026-07-09 03:30:00,2767.0898441
"407423","BiosphereDendrometer_",14,"2026-07-09 10:47:44","2026-07-09T3:47:44",17004,3.892968655,3859.130859,27.29000092,88.04000092,0.433681965,"UAGuest",0,"Green",1011,2492,2493,-95.703125,"false","BioR1132",2026-07-09 03:45:00,190,15.0166666666667,47,45,9,3,0,7,2026,2026-07-09 03:45:00,2769.0429691
"407433","BiosphereDendrometer_",14,"2026-07-09 11:2:45","2026-07-09T4:2:45",17005,3.891357422,3862.353516,27.11000061,87.44000244,0.450661689,"UAGuest",0,"Green",1011,2497,2498,-93.26171875,"false","BioR1132",2026-07-09 04:00:00,190,15.0166666666667,2,0,9,4,0,7,2026,2026-07-09 04:00:00,2771.48437535
"407443","BiosphereDendrometer_",14,"2026-07-09 11:17:46","2026-07-09T4:17:46",17006,3.891357422,3857.519531,26.92000008,87.19000244,0.4545376,"UAGuest",0,"Green",1011,2502,2502,-90.8203125,"false","BioR1132",2026-07-09 04:15:00,190,15.0166666666667,17,15,9,4,0,7,2026,2026-07-09 04:15:00,2773.9257816
"407453","BiosphereDendrometer_",14,"2026-07-09 11:32:47","2026-07-09T4:32:47",17007,3.891357422,3859.130859,26.79999924,87.61000061,0.436547458,"UAGuest",0,"Green",1010,2506,2507,-88.8671875,"false","BioR1132",2026-07-09 04:30:00,190,15.0166666666667,32,30,9,4,0,7,2026,2026-07-09 04:30:00,2775.8789066
"407463","BiosphereDendrometer_",14,"2026-07-09 11:47:48","2026-07-09T4:47:48",17008,3.891357422,3859.130859,26.70999908,87.47000122,0.439151049,"UAGuest",0,"Green",1013,2511,2511,-86.42578125,"false","BioR1132",2026-07-09 04:45:00,190,15.0166666666667,47,45,9,4,0,7,2026,2026-07-09 04:45:00,2778.32031285
"407473","BiosphereDendrometer_",14,"2026-07-09 12:3:1","2026-07-09T5:3:1",17009,3.888134718,3859.130859,26.57999992,87.38999939,0.438588232,"null",-100,"Green",1013,2516,2515,-83.984375,"false","BioR1132",2026-07-09 05:00:00,190,15.2166666666667,3,0,9,5,0,7,2026,2026-07-09 05:00:00,2780.7617191
"407483","BiosphereDendrometer_",14,"2026-07-09 12:18:52","2026-07-09T5:18:52",17010,3.891357422,3859.130859,26.44000053,87.23000336,0.440506697,"UAGuest",0,"Green",1013,2520,2519,-82.03125,"false","BioR1132",2026-07-09 05:15:00,190,15.85,18,15,9,5,0,7,2026,2026-07-09 05:15:00,2782.7148441
"407493","BiosphereDendrometer_",14,"2026-07-09 12:33:53","2026-07-09T5:33:53",17011,3.889746189,3855.908203,26.36000061,86.98000336,0.447018027,"UAGuest",0,"Green",1011,2523,2522,-80.56640625,"false","BioR1132",2026-07-09 05:30:00,190,15.0166666666667,33,30,9,5,0,7,2026,2026-07-09 05:30:00,2784.17968785
"407503","BiosphereDendrometer_",14,"2026-07-09 12:48:54","2026-07-09T5:48:54",17012,3.894580126,3854.296875,26.29999924,86.70999908,0.454676658,"UAGuest",0,"Green",1011,2526,2525,-79.1015625,"false","BioR1132",2026-07-09 05:45:00,190,15.0166666666667,48,45,9,5,0,7,2026,2026-07-09 05:45:00,2785.6445316
"407516","BiosphereDendrometer_",14,"2026-07-09 13:3:55","2026-07-09T6:3:55",17013,3.889746189,3855.908203,26.37000084,86.37000275,0.468237251,"UAGuest",0,"Green",1011,2526,2525,-79.1015625,"false","BioR1132",2026-07-09 06:00:00,190,15.0166666666667,3,0,9,6,0,7,2026,2026-07-09 06:00:00,2785.6445316
"407523","BiosphereDendrometer_",14,"2026-07-09 13:18:56","2026-07-09T6:18:56",17014,3.891357422,3852.685547,26.5,86.26999664,0.475299209,"UAGuest",0,"Green",1014,2523,2522,-80.56640625,"false","BioR1132",2026-07-09 06:15:00,190,15.0166666666667,18,15,9,6,0,7,2026,2026-07-09 06:15:00,2784.17968785
"407533","BiosphereDendrometer_",14,"2026-07-09 13:33:57","2026-07-09T6:33:57",17015,3.884912014,3854.296875,26.68000031,86.62000275,0.4681153,"UAGuest",0,"Green",1011,2516,2515,-83.984375,"false","BioR1132",2026-07-09 06:30:00,190,15.0166666666667,33,30,9,6,0,7,2026,2026-07-09 06:30:00,2780.7617191
"407543","BiosphereDendrometer_",14,"2026-07-09 13:48:58","2026-07-09T6:48:58",17016,3.884912014,3854.296875,26.89999962,86.98000336,0.461446941,"UAGuest",0,"Green",1011,2510,2509,-86.9140625,"false","BioR1132",2026-07-09 06:45:00,190,15.0166666666667,48,45,9,6,0,7,2026,2026-07-09 06:45:00,2777.8320316
"407553","BiosphereDendrometer_",14,"2026-07-09 14:3:59","2026-07-09T7:3:59",17017,3.886523485,3852.685547,27.19000053,87.48000336,0.451337308,"UAGuest",0,"Green",1010,2501,2500,-91.30859375,"false","BioR1132",2026-07-09 07:00:00,190,15.0166666666667,3,0,9,7,0,7,2026,2026-07-09 07:00:00,2773.43750035
"407563","BiosphereDendrometer_",14,"2026-07-09 14:19:0","2026-07-09T7:19:0",17018,3.883300781,3854.296875,27.52000046,88.22000122,0.432939768,"UAGuest",0,"Green",1012,2492,2491,-95.703125,"false","BioR1132",2026-07-09 07:15:00,190,15.0166666666667,19,15,9,7,0,7,2026,2026-07-09 07:15:00,2769.0429691
"407573","BiosphereDendrometer_",14,"2026-07-09 14:34:1","2026-07-09T7:34:1",17019,3.884912014,3851.074219,27.90999985,88.37000275,0.437264949,"UAGuest",0,"Green",1013,2482,2481,-100.5859375,"false","BioR1132",2026-07-09 07:30:00,190,15.0166666666667,34,30,9,7,0,7,2026,2026-07-09 07:30:00,2764.1601566
"407583","BiosphereDendrometer_",14,"2026-07-09 14:49:2","2026-07-09T7:49:2",17020,3.886523485,3849.462891,28.25,88.58999634,0.437565416,"UAGuest",0,"Green",1012,2470,2469,-106.4453125,"false","BioR1132",2026-07-09 07:45:00,190,15.0166666666667,49,45,9,7,0,7,2026,2026-07-09 07:45:00,2758.3007816
"407593","BiosphereDendrometer_",14,"2026-07-09 15:4:3","2026-07-09T8:4:3",17021,3.883300781,3847.851563,28.11000061,85.94999695,0.534439147,"UAGuest",0,"Green",1011,2457,2456,-112.7929688,"false","BioR1132",2026-07-09 08:00:00,190,15.0166666666667,4,0,9,8,0,7,2026,2026-07-09 08:00:00,2751.9531253
"407603","BiosphereDendrometer_",14,"2026-07-09 15:19:4","2026-07-09T8:19:4",17022,3.881689548,3852.685547,27.52000046,89.81999969,0.374136478,"UAGuest",0,"Green",1010,2442,2440,-120.1171875,"false","BioR1132",2026-07-09 08:15:00,190,15.0166666666667,19,15,9,8,0,7,2026,2026-07-09 08:15:00,2744.6289066
"407616","BiosphereDendrometer_",14,"2026-07-09 15:34:5","2026-07-09T8:34:5",17023,3.883300781,3849.462891,27.62999916,90.61000061,0.347326547,"UAGuest",0,"Green",1012,2422,2422,-129.8828125,"false","BioR1132",2026-07-09 08:30:00,190,15.0166666666667,34,30,9,8,0,7,2026,2026-07-09 08:30:00,2734.8632816
"407623","BiosphereDendrometer_",14,"2026-07-09 15:49:6","2026-07-09T8:49:6",17024,3.881689548,3846.240234,27.80999947,90.51000214,0.35473147,"UAGuest",0,"Green",1015,2403,2402,-139.1601563,"false","BioR1132",2026-07-09 08:45:00,190,15.0166666666667,49,45,9,8,0,7,2026,2026-07-09 08:45:00,2725.5859378
"407633","BiosphereDendrometer_",14,"2026-07-09 16:4:19","2026-07-09T9:4:19",17025,3.883300781,3852.685547,27.87000084,89.90000153,0.378856033,"null",-100,"Green",1012,2381,2380,-149.9023438,"false","BioR1132",2026-07-09 09:00:00,190,15.2166666666667,4,0,9,9,0,7,2026,2026-07-09 09:00:00,2714.8437503
"407643","BiosphereDendrometer_",14,"2026-07-09 16:20:10","2026-07-09T9:20:10",17026,3.886523485,3851.074219,27.62000084,90.62999725,0.346384823,"UAGuest",0,"Green",1013,2353,2353,-163.5742188,"false","BioR1132",2026-07-09 09:15:00,190,15.85,20,15,9,9,0,7,2026,2026-07-09 09:15:00,2701.1718753
"407653","BiosphereDendrometer_",14,"2026-07-09 16:35:11","2026-07-09T9:35:11",17027,3.880078077,3851.074219,27.69000053,91.09999847,0.330357075,"UAGuest",0,"Green",1012,2326,2325,-176.7578125,"false","BioR1132",2026-07-09 09:30:00,190,15.0166666666667,35,30,9,9,0,7,2026,2026-07-09 09:30:00,2687.9882816
"407663","BiosphereDendrometer_",14,"2026-07-09 16:50:12","2026-07-09T9:50:12",17028,3.880078077,3849.462891,27.79999924,91.41000366,0.320902705,"UAGuest",0,"Green",1012,2296,2296,-191.40625,"false","BioR1132",2026-07-09 09:45:00,190,15.0166666666667,50,45,9,9,0,7,2026,2026-07-09 09:45:00,2673.3398441
"407673","BiosphereDendrometer_",14,"2026-07-09 17:5:13","2026-07-09T10:5:13",17029,3.881689548,3847.851563,27.95999908,91.62000275,0.315990299,"UAGuest",0,"Green",1010,2263,2263,-207.5195313,"false","BioR1132",2026-07-09 10:00:00,190,15.0166666666667,5,0,9,10,0,7,2026,2026-07-09 10:00:00,2657.2265628
"407683","BiosphereDendrometer_",14,"2026-07-09 17:20:14","2026-07-09T10:20:14",17030,3.876855373,3851.074219,28.13999939,91.70999908,0.315888792,"UAGuest",0,"Green",1012,2230,2230,-223.6328125,"false","BioR1132",2026-07-09 10:15:00,190,15.0166666666667,20,15,9,10,0,7,2026,2026-07-09 10:15:00,2641.1132816
"407693","BiosphereDendrometer_",14,"2026-07-09 17:35:15","2026-07-09T10:35:15",17031,3.886523485,3847.851563,28.29000092,92.01999664,0.30673939,"UAGuest",0,"Green",1012,2193,2194,-241.6992188,"false","BioR1132",2026-07-09 10:30:00,190,15.0166666666667,35,30,9,10,0,7,2026,2026-07-09 10:30:00,2623.0468753
"407703","BiosphereDendrometer_",14,"2026-07-09 17:50:16","2026-07-09T10:50:16",17032,3.880078077,3847.851563,28.52000046,92.26000214,0.301512629,"UAGuest",0,"Green",1013,2156,2156,-259.765625,"false","BioR1132",2026-07-09 10:45:00,190,15.0166666666667,50,45,9,10,0,7,2026,2026-07-09 10:45:00,2604.9804691
"407716","BiosphereDendrometer_",14,"2026-07-09 18:5:17","2026-07-09T11:5:17",17033,3.878466845,3841.40625,28.72999954,92.66000366,0.289431423,"UAGuest",0,"Green",1013,2118,2117,-278.3203125,"false","BioR1132",2026-07-09 11:00:00,190,15.0166666666667,5,0,9,11,0,7,2026,2026-07-09 11:00:00,2586.4257816
"407723","BiosphereDendrometer_",14,"2026-07-09 18:20:18","2026-07-09T11:20:18",17034,3.878466845,3847.851563,28.92000008,92.83999634,0.285455018,"UAGuest",0,"Green",1012,2076,2076,-298.828125,"false","BioR1132",2026-07-09 11:15:00,190,15.0166666666667,20,15,9,11,0,7,2026,2026-07-09 11:15:00,2565.9179691
"407733","BiosphereDendrometer_",14,"2026-07-09 18:35:19","2026-07-09T11:35:19",17035,3.881689548,3847.851563,29.10000038,92.81999969,0.289245129,"UAGuest",0,"Green",1011,2034,2033,-319.3359375,"false","BioR1132",2026-07-09 11:30:00,190,15.0166666666667,35,30,9,11,0,7,2026,2026-07-09 11:30:00,2545.4101566
"407743","BiosphereDendrometer_",14,"2026-07-09 18:50:20","2026-07-09T11:50:20",17036,3.878466845,3844.628906,29.32999992,92.79000092,0.294333488,"UAGuest",0,"Green",1012,1991,1990,-340.3320313,"false","BioR1132",2026-07-09 11:45:00,190,15.0166666666667,50,45,9,11,0,7,2026,2026-07-09 11:45:00,2524.4140628
"407753","BiosphereDendrometer_",14,"2026-07-09 19:5:21","2026-07-09T12:5:21",17037,3.881689548,3843.017578,29.43000031,92.91000366,0.291107267,"UAGuest",0,"Green",1013,1944,1944,-363.28125,"false","BioR1132",2026-07-09 12:00:00,190,15.0166666666667,5,0,9,12,0,7,2026,2026-07-09 12:00:00,2501.4648441
"407763","BiosphereDendrometer_",14,"2026-07-09 19:20:22","2026-07-09T12:20:22",17038,3.878466845,3849.462891,29.56999969,93.19999695,0.281459868,"UAGuest",0,"Green",1010,1894,1895,-387.6953125,"false","BioR1132",2026-07-09 12:15:00,190,15.0166666666667,20,15,9,12,0,7,2026,2026-07-09 12:15:00,2477.0507816
"407773","BiosphereDendrometer_",14,"2026-07-09 19:35:23","2026-07-09T12:35:23",17039,3.878466845,3843.017578,29.69000053,93.09999847,0.287576914,"UAGuest",0,"Green",1013,1844,1843,-412.109375,"false","BioR1132",2026-07-09 12:30:00,190,15.0166666666667,35,30,9,12,0,7,2026,2026-07-09 12:30:00,2452.6367191
"407783","BiosphereDendrometer_",14,"2026-07-09 19:50:24","2026-07-09T12:50:24",17040,3.878466845,3844.628906,29.79000092,93.23999786,0.283365816,"UAGuest",0,"Green",1010,1782,1781,-442.3828125,"false","BioR1132",2026-07-09 12:45:00,190,15.0166666666667,50,45,9,12,0,7,2026,2026-07-09 12:45:00,2422.3632816
"407793","BiosphereDendrometer_",14,"2026-07-09 20:5:37","2026-07-09T13:5:37",17041,3.878466845,3841.40625,29.86000061,93.33999634,0.28029862,"null",-100,"Green",1013,1718,1717,-473.6328125,"false","BioR1132",2026-07-09 13:00:00,190,15.2166666666667,5,0,9,13,0,7,2026,2026-07-09 13:00:00,2391.1132816
"407803","BiosphereDendrometer_",14,"2026-07-09 20:21:28","2026-07-09T13:21:28",17042,3.876855373,3846.240234,29.97999954,93.90000153,0.258503973,"UAGuest",0,"Green",1010,1651,1651,-506.3476563,"false","BioR1132",2026-07-09 13:15:00,190,15.85,21,15,9,13,0,7,2026,2026-07-09 13:15:00,2358.3984378
"407816","BiosphereDendrometer_",14,"2026-07-09 20:36:29","2026-07-09T13:36:29",17043,3.878466845,3841.40625,30.09000015,93.66000366,0.270374566,"UAGuest",0,"Green",1012,1599,1599,-531.7382813,"false","BioR1132",2026-07-09 13:30:00,190,15.0166666666667,36,30,9,13,0,7,2026,2026-07-09 13:30:00,2333.0078128
"407823","BiosphereDendrometer_",14,"2026-07-09 20:51:30","2026-07-09T13:51:30",17044,3.873632908,3839.794922,30.12999916,93.73000336,0.268002987,"UAGuest",0,"Green",1013,1560,1559,-550.78125,"false","BioR1132",2026-07-09 13:45:00,190,15.0166666666667,51,45,9,13,0,7,2026,2026-07-09 13:45:00,2313.9648441
"407833","BiosphereDendrometer_",14,"2026-07-09 21:6:31","2026-07-09T14:6:31",17045,3.873632908,3846.240234,30.13999939,93.81999969,0.264307588,"UAGuest",0,"Green",1013,1531,1531,-564.9414063,"false","BioR1132",2026-07-09 14:00:00,190,15.0166666666667,6,0,9,14,0,7,2026,2026-07-09 14:00:00,2299.8046878
"407843","BiosphereDendrometer_",14,"2026-07-09 21:21:32","2026-07-09T14:21:32",17046,3.875244141,3851.074219,30.20000076,93.81999969,0.265217602,"UAGuest",0,"Green",1011,1508,1509,-576.171875,"false","BioR1132",2026-07-09 14:15:00,190,15.0166666666667,21,15,9,14,0,7,2026,2026-07-09 14:15:00,2288.5742191
"407853","BiosphereDendrometer_",14,"2026-07-09 21:36:33","2026-07-09T14:36:33",17047,3.875244141,3841.40625,30.23999977,93.37000275,0.28518188,"UAGuest",0,"Green",1010,1493,1493,-583.4960938,"false","BioR1132",2026-07-09 14:30:00,190,15.0166666666667,36,30,9,14,0,7,2026,2026-07-09 14:30:00,2281.2500003
"407863","BiosphereDendrometer_",14,"2026-07-09 21:51:34","2026-07-09T14:51:34",17048,3.872021437,3844.628906,30.26000023,93.25,0.290676236,"UAGuest",0,"Green",1014,1484,1484,-587.890625,"false","BioR1132",2026-07-09 14:45:00,190,15.0166666666667,51,45,9,14,0,7,2026,2026-07-09 14:45:00,2276.8554691
"407873","BiosphereDendrometer_",14,"2026-07-09 22:6:35","2026-07-09T15:6:35",17049,3.872021437,3843.017578,28.82999992,89.98999786,0.39700681,"UAGuest",0,"Green",1012,1476,1475,-591.796875,"false","BioR1132",2026-07-09 15:00:00,190,15.0166666666667,6,0,9,15,0,7,2026,2026-07-09 15:00:00,2272.9492191
"407883","BiosphereDendrometer_",14,"2026-07-09 22:21:36","2026-07-09T15:21:36",17050,3.872021437,3838.183594,28.59000015,90.47000122,0.3727521,"UAGuest",0,"Green",1011,1471,1471,-594.2382813,"false","BioR1132",2026-07-09 15:15:00,190,15.0166666666667,21,15,9,15,0,7,2026,2026-07-09 15:15:00,2270.5078128
"407893","BiosphereDendrometer_",14,"2026-07-09 22:36:37","2026-07-09T15:36:37",17051,3.870410204,3844.628906,28.51000023,91.19999695,0.342606664,"UAGuest",0,"Green",1011,1474,1474,-592.7734375,"false","BioR1132",2026-07-09 15:30:00,190,15.0166666666667,36,30,9,15,0,7,2026,2026-07-09 15:30:00,2271.9726566
"407903","BiosphereDendrometer_",14,"2026-07-09 22:51:38","2026-07-09T15:51:38",17052,3.873632908,3836.572266,28.40999985,91.05000305,0.346430182,"UAGuest",0,"Green",1012,1481,1480,-589.3554688,"false","BioR1132",2026-07-09 15:45:00,190,15.0166666666667,51,45,9,15,0,7,2026,2026-07-09 15:45:00,2275.3906253
"407916","BiosphereDendrometer_",14,"2026-07-09 23:6:39","2026-07-09T16:6:39",17053,3.870410204,3836.572266,28.37000084,91.37999725,0.33288309,"UAGuest",0,"Green",1010,1489,1489,-585.4492188,"false","BioR1132",2026-07-09 16:00:00,190,15.0166666666667,6,0,9,16,0,7,2026,2026-07-09 16:00:00,2279.2968753
"407923","BiosphereDendrometer_",14,"2026-07-09 23:21:40","2026-07-09T16:21:40",17054,3.872021437,3834.960938,28.37999916,91.36000061,0.333849102,"UAGuest",0,"Green",1010,1500,1500,-580.078125,"false","BioR1132",2026-07-09 16:15:00,190,15.0166666666667,21,15,9,16,0,7,2026,2026-07-09 16:15:00,2284.6679691
"407933","BiosphereDendrometer_",14,"2026-07-09 23:36:41","2026-07-09T16:36:41",17055,3.875244141,3839.794922,29.40999985,95.38999939,0.189063564,"UAGuest",0,"Green",1013,1515,1515,-572.7539063,"false","BioR1132",2026-07-09 16:30:00,190,15.0166666666667,36,30,9,16,0,7,2026,2026-07-09 16:30:00,2291.9921878
"407943","BiosphereDendrometer_",14,"2026-07-09 23:51:42","2026-07-09T16:51:42",17056,3.872021437,3839.794922,30.94000053,93.90000153,0.273085177,"UAGuest",0,"Green",1011,1541,1540,-560.0585938,"false","BioR1132",2026-07-09 16:45:00,190,15.0166666666667,51,45,9,16,0,7,2026,2026-07-09 16:45:00,2304.6875003
"407953","BiosphereDendrometer_",14,"2026-07-10 0:6:53","2026-07-09T17:6:53",17057,3.852685452,3822.070313,31.53000069,93.16000366,0.316654682,"UAGuest",-83,"Green",1013,1567,1567,-547.3632813,"false","BioR1132",2026-07-09 17:00:00,190,15.1833333333333,6,0,9,17,0,7,2026,2026-07-09 17:00:00,2317.3828128
"407963","BiosphereDendrometer_",14,"2026-07-10 0:22:4","2026-07-09T17:22:4",17058,3.870410204,3844.628906,31.94000053,93.31999969,0.31651035,"UAGuest",0,"Green",1012,1595,1595,-533.6914063,"false","BioR1132",2026-07-09 17:15:00,190,15.1833333333333,22,15,9,17,0,7,2026,2026-07-09 17:15:00,2331.0546878
"407973","BiosphereDendrometer_",14,"2026-07-10 0:37:5","2026-07-09T17:37:5",17059,3.876855373,3838.183594,32.29000092,92.45999908,0.364388555,"UAGuest",0,"Green",1012,1624,1624,-519.53125,"false","BioR1132",2026-07-09 17:30:00,190,15.0166666666667,37,30,9,17,0,7,2026,2026-07-09 17:30:00,2345.2148441
"407983","BiosphereDendrometer_",14,"2026-07-10 0:52:6","2026-07-09T17:52:6",17060,3.872021437,3841.40625,32.49000168,92.08999634,0.386601865,"UAGuest",0,"Green",1011,1652,1653,-505.859375,"false","BioR1132",2026-07-09 17:45:00,190,15.0166666666667,52,45,9,17,0,7,2026,2026-07-09 17:45:00,2358.8867191
"407993","BiosphereDendrometer_",14,"2026-07-10 1:7:7","2026-07-09T18:7:7",17061,3.873632908,3839.794922,32.52999878,91.80999756,0.401189089,"UAGuest",0,"Green",1011,1683,1681,-490.7226563,"false","BioR1132",2026-07-09 18:00:00,190,15.0166666666667,7,0,9,18,0,7,2026,2026-07-09 18:00:00,2374.0234378
"408003","BiosphereDendrometer_",14,"2026-07-10 1:22:8","2026-07-09T18:22:8",17062,3.872021437,3836.572266,32.59000015,91.65000153,0.410409987,"UAGuest",0,"Green",1015,1711,1710,-477.0507813,"false","BioR1132",2026-07-09 18:15:00,190,15.0166666666667,22,15,9,18,0,7,2026,2026-07-09 18:15:00,2387.6953128
"408016","BiosphereDendrometer_",14,"2026-07-10 1:37:9","2026-07-09T18:37:9",17063,3.873632908,3839.794922,32.54999924,91.12999725,0.434988707,"UAGuest",0,"Green",1012,1739,1739,-463.3789063,"false","BioR1132",2026-07-09 18:30:00,190,15.0166666666667,37,30,9,18,0,7,2026,2026-07-09 18:30:00,2401.3671878
"408023","BiosphereDendrometer_",14,"2026-07-10 1:52:10","2026-07-09T18:52:10",17064,3.870410204,3838.183594,32.45999908,91.04000092,0.437181234,"UAGuest",0,"Green",1012,1768,1767,-449.21875,"false","BioR1132",2026-07-09 18:45:00,190,15.0166666666667,52,45,9,18,0,7,2026,2026-07-09 18:45:00,2415.5273441
"408033","BiosphereDendrometer_",14,"2026-07-10 2:7:11","2026-07-09T19:7:11",17065,3.872021437,3833.349609,32.29000092,90.70999908,0.448961705,"UAGuest",0,"Green",1012,1795,1794,-436.0351563,"false","BioR1132",2026-07-09 19:00:00,190,15.0166666666667,7,0,9,19,0,7,2026,2026-07-09 19:00:00,2428.7109378
"408043","BiosphereDendrometer_",14,"2026-07-10 2:22:12","2026-07-09T19:22:12",17066,3.872021437,3834.960938,32.08000183,90.37000275,0.459910184,"UAGuest",0,"Green",1009,1822,1821,-422.8515625,"false","BioR1132",2026-07-09 19:15:00,190,15.0166666666667,22,15,9,19,0,7,2026,2026-07-09 19:15:00,2441.8945316
"408053","BiosphereDendrometer_",14,"2026-07-10 2:37:13","2026-07-09T19:37:13",17067,3.873632908,3839.794922,31.76000023,90.22000122,0.458699375,"UAGuest",0,"Green",1009,1846,1846,-411.1328125,"false","BioR1132",2026-07-09 19:30:00,190,15.0166666666667,37,30,9,19,0,7,2026,2026-07-09 19:30:00,2453.6132816
"408063","BiosphereDendrometer_",14,"2026-07-10 2:52:14","2026-07-09T19:52:14",17068,3.868798733,3838.183594,31.45999908,90.27999878,0.448200226,"UAGuest",0,"Green",1012,1871,1870,-398.9257813,"false","BioR1132",2026-07-09 19:45:00,190,15.0166666666667,52,45,9,19,0,7,2026,2026-07-09 19:45:00,2465.8203128
"408073","BiosphereDendrometer_",14,"2026-07-10 3:7:15","2026-07-09T20:7:15",17069,3.865576267,3836.572266,31.19000053,90.22000122,0.444104582,"UAGuest",0,"Green",1011,1894,1895,-387.6953125,"false","BioR1132",2026-07-09 20:00:00,190,15.0166666666667,7,0,9,20,0,7,2026,2026-07-09 20:00:00,2477.0507816
"408083","BiosphereDendrometer_",14,"2026-07-10 3:22:16","2026-07-09T20:22:16",17070,3.868798733,3838.183594,30.98999977,90.29000092,0.435937434,"UAGuest",0,"Green",1012,1918,1918,-375.9765625,"false","BioR1132",2026-07-09 20:15:00,190,15.0166666666667,22,15,9,20,0,7,2026,2026-07-09 20:15:00,2488.7695316
"408093","BiosphereDendrometer_",14,"2026-07-10 3:37:17","2026-07-09T20:37:17",17071,3.868798733,3838.183594,30.81999969,90.20999908,0.435292959,"UAGuest",0,"Green",1011,1941,1940,-364.7460938,"false","BioR1132",2026-07-09 20:30:00,190,15.0166666666667,37,30,9,20,0,7,2026,2026-07-09 20:30:00,2500.0000003
"408106","BiosphereDendrometer_",14,"2026-07-10 3:52:18","2026-07-09T20:52:18",17072,3.868798733,3834.960938,30.67000008,89.97000122,0.442164779,"UAGuest",0,"Green",1011,1963,1962,-354.0039063,"false","BioR1132",2026-07-09 20:45:00,190,15.0166666666667,52,45,9,20,0,7,2026,2026-07-09 20:45:00,2510.7421878
"408116","BiosphereDendrometer_",14,"2026-07-10 4:7:31","2026-07-09T21:7:31",17073,3.865576267,3834.960938,30.54000092,89.68000031,0.451584876,"null",-100,"Green",1013,1983,1983,-344.2382813,"false","BioR1132",2026-07-09 21:00:00,190,15.2166666666667,7,0,9,21,0,7,2026,2026-07-09 21:00:00,2520.5078128
"408123","BiosphereDendrometer_",14,"2026-07-10 4:23:22","2026-07-09T21:23:22",17074,3.875244141,3836.572266,30.45000076,89.45999908,0.458845794,"UAGuest",0,"Green",1010,2006,2005,-333.0078125,"false","BioR1132",2026-07-09 21:30:00,190,15.85,23,30,9,21,0,7,2026,2026-07-09 21:30:00,2531.7382816
"408133","BiosphereDendrometer_",14,"2026-07-10 4:38:23","2026-07-09T21:38:23",17075,3.868798733,3833.349609,30.34000015,89.29000092,0.463322729,"UAGuest",0,"Green",1011,2025,2024,-323.7304688,"false","BioR1132",2026-07-09 21:45:00,190,15.0166666666667,38,45,9,21,0,7,2026,2026-07-09 21:45:00,2541.0156253
"408143","BiosphereDendrometer_",14,"2026-07-10 4:53:24","2026-07-09T21:53:24",17076,3.865576267,3836.572266,30.20000076,89.08000183,0.46863693,"UAGuest",0,"Green",1012,2043,2042,-314.9414063,"false","BioR1132",2026-07-09 22:00:00,190,15.0166666666667,53,0,9,22,0,7,2026,2026-07-09 22:00:00,2549.8046878
"408153","BiosphereDendrometer_",14,"2026-07-10 5:8:25","2026-07-09T22:8:25",17077,3.868798733,3831.738281,30.03000069,89.01999664,0.466643691,"UAGuest",0,"Green",1008,2061,2060,-306.1523438,"false","BioR1132",2026-07-09 22:15:00,190,15.0166666666667,8,15,9,22,0,7,2026,2026-07-09 22:15:00,2558.5937503
"408163","BiosphereDendrometer_",14,"2026-07-10 5:23:26","2026-07-09T22:23:26",17078,3.860742092,3833.349609,29.85000038,88.94999695,0.464793056,"UAGuest",0,"Green",1010,2077,2076,-298.3398438,"false","BioR1132",2026-07-09 22:30:00,190,15.0166666666667,23,30,9,22,0,7,2026,2026-07-09 22:30:00,2566.4062503
"408173","BiosphereDendrometer_",14,"2026-07-10 5:38:27","2026-07-09T22:38:27",17079,3.863964796,3834.960938,29.65999985,88.84999847,0.463906765,"UAGuest",0,"Green",1009,2092,2092,-291.015625,"false","BioR1132",2026-07-09 22:45:00,190,15.0166666666667,38,45,9,22,0,7,2026,2026-07-09 22:45:00,2573.7304691
"408183","BiosphereDendrometer_",14,"2026-07-10 5:53:28","2026-07-09T22:53:28",17080,3.8671875,3834.960938,29.54000092,88.88999939,0.459062517,"UAGuest",0,"Green",1009,2107,2107,-283.6914063,"false","BioR1132",2026-07-09 23:00:00,190,15.0166666666667,53,0,9,23,0,7,2026,2026-07-09 23:00:00,2581.0546878
"408193","BiosphereDendrometer_",14,"2026-07-10 6:8:29","2026-07-09T23:8:29",17081,3.863964796,3830.126953,29.37999916,88.69999695,0.462630868,"UAGuest",0,"Green",1010,2121,2121,-276.8554688,"false","BioR1132",2026-07-09 23:15:00,190,15.0166666666667,8,15,9,23,0,7,2026,2026-07-09 23:15:00,2587.8906253
"408203","BiosphereDendrometer_",14,"2026-07-10 6:23:30","2026-07-09T23:23:30",17082,3.862353563,3834.960938,29.29999924,88.44000244,0.471097946,"UAGuest",0,"Green",1011,2136,2135,-269.53125,"false","BioR1132",2026-07-09 23:30:00,190,15.0166666666667,23,30,9,23,0,7,2026,2026-07-09 23:30:00,2595.2148441
"408216","BiosphereDendrometer_",14,"2026-07-10 6:38:31","2026-07-09T23:38:31",17083,3.860742092,3830.126953,29.17000008,88.23999786,0.475668043,"UAGuest",0,"Green",1012,2148,2148,-263.671875,"false","BioR1132",2026-07-09 23:45:00,190,15.0166666666667,38,45,9,23,0,7,2026,2026-07-09 23:45:00,2601.0742191
"408223","BiosphereDendrometer_",14,"2026-07-10 6:53:32","2026-07-09T23:53:32",17084,3.8671875,3830.126953,29.07999992,88.05999756,0.480445802,"UAGuest",0,"Green",1013,2161,2160,-257.3242188,"false","BioR1132",2026-07-10,190,15.0166666666667,53,0,10,0,0,7,2026,2026-07-10,2607.4218753
"408233","BiosphereDendrometer_",14,"2026-07-10 7:8:33","2026-07-10T0:8:33",17085,3.862353563,3831.738281,29.04000092,87.95999908,0.483351558,"UAGuest",0,"Green",1012,2174,2172,-250.9765625,"false","BioR1132",2026-07-10 00:15:00,191,15.0166666666667,8,15,10,0,0,7,2026,2026-07-10 00:15:00,2613.7695316
"408243","BiosphereDendrometer_",14,"2026-07-10 7:23:34","2026-07-10T0:23:34",17086,3.862353563,3836.572266,28.92000008,87.66999817,0.491572589,"UAGuest",0,"Green",1012,2184,2183,-246.09375,"false","BioR1132",2026-07-10 00:30:00,191,15.0166666666667,23,30,10,0,0,7,2026,2026-07-10 00:30:00,2618.6523441
"408253","BiosphereDendrometer_",14,"2026-07-10 7:38:35","2026-07-10T0:38:35",17087,3.862353563,3828.515625,28.86000061,87.44000244,0.499007493,"UAGuest",0,"Green",1011,2194,2194,-241.2109375,"false","BioR1132",2026-07-10 00:45:00,191,15.0166666666667,38,45,10,0,0,7,2026,2026-07-10 00:45:00,2623.5351566
"408263","BiosphereDendrometer_",14,"2026-07-10 7:53:36","2026-07-10T0:53:36",17088,3.862353563,3833.349609,28.71999931,87.43000031,0.495374471,"UAGuest",0,"Green",1014,2204,2204,-236.328125,"false","BioR1132",2026-07-10 01:00:00,191,15.0166666666667,53,0,10,1,0,7,2026,2026-07-10 01:00:00,2628.4179691
"408273","BiosphereDendrometer_",14,"2026-07-10 8:8:49","2026-07-10T1:8:49",17089,3.859130859,3831.738281,28.64999962,87.33000183,0.497294903,"null",-100,"Green",1013,2214,2214,-231.4453125,"false","BioR1132",2026-07-10 01:15:00,191,15.2166666666667,8,15,10,1,0,7,2026,2026-07-10 01:15:00,2633.3007816
"408283","BiosphereDendrometer_",14,"2026-07-10 8:24:40","2026-07-10T1:24:40",17090,3.865576267,3833.349609,28.51000023,87.23000336,0.497168511,"UAGuest",0,"Green",1010,2223,2224,-227.0507813,"false","BioR1132",2026-07-10 01:30:00,191,15.85,24,30,10,1,0,7,2026,2026-07-10 01:30:00,2637.6953128
"408293","BiosphereDendrometer_",14,"2026-07-10 8:39:41","2026-07-10T1:39:41",17091,3.857519627,3825.292969,28.38999939,86.93000031,0.50531739,"UAGuest",0,"Green",1011,2233,2232,-222.1679688,"false","BioR1132",2026-07-10 01:45:00,191,15.0166666666667,39,45,10,1,0,7,2026,2026-07-10 01:45:00,2642.5781253
"408303","BiosphereDendrometer_",14,"2026-07-10 8:54:42","2026-07-10T1:54:42",17092,3.862353563,3825.292969,28.28000069,87.06999969,0.496721298,"UAGuest",0,"Green",1009,2240,2240,-218.75,"false","BioR1132",2026-07-10 02:00:00,191,15.0166666666667,54,0,10,2,0,7,2026,2026-07-10 02:00:00,2645.9960941
"408316","BiosphereDendrometer_",14,"2026-07-10 9:9:43","2026-07-10T2:9:43",17093,3.865576267,3830.126953,28.21999931,86.61000061,0.51260215,"UAGuest",0,"Green",1010,2248,2248,-214.84375,"false","BioR1132",2026-07-10 02:15:00,191,15.0166666666667,9,15,10,2,0,7,2026,2026-07-10 02:15:00,2649.9023441
"408323","BiosphereDendrometer_",14,"2026-07-10 9:24:44","2026-07-10T2:24:44",17094,3.859130859,3830.126953,28.14999962,86.43000031,0.517382979,"UAGuest",0,"Green",1013,2255,2256,-211.4257813,"false","BioR1132",2026-07-10 02:30:00,191,15.0166666666667,24,30,10,2,0,7,2026,2026-07-10 02:30:00,2653.3203128
"408333","BiosphereDendrometer_",14,"2026-07-10 9:39:45","2026-07-10T2:39:45",17095,3.860742092,3826.904297,28.10000038,86.48999786,0.513599515,"UAGuest",0,"Green",1013,2263,2263,-207.5195313,"false","BioR1132",2026-07-10 02:45:00,191,15.0166666666667,39,45,10,2,0,7,2026,2026-07-10 02:45:00,2657.2265628
"408343","BiosphereDendrometer_",14,"2026-07-10 9:54:46","2026-07-10T2:54:46",17096,3.859130859,3828.515625,28.06999969,86.36000061,0.517637193,"UAGuest",0,"Green",1012,2271,2270,-203.6132813,"false","BioR1132",2026-07-10 03:00:00,191,15.0166666666667,54,0,10,3,0,7,2026,2026-07-10 03:00:00,2661.1328128
"408353","BiosphereDendrometer_",14,"2026-07-10 10:9:47","2026-07-10T3:9:47",17097,3.865576267,3831.738281,28.01000023,86.15000153,0.523774207,"UAGuest",0,"Green",1012,2277,2276,-200.6835938,"false","BioR1132",2026-07-10 03:15:00,191,15.0166666666667,9,15,10,3,0,7,2026,2026-07-10 03:15:00,2664.0625003
"408363","BiosphereDendrometer_",14,"2026-07-10 10:24:48","2026-07-10T3:24:48",17098,3.859130859,3826.904297,27.94000053,86.13999939,0.522020161,"UAGuest",0,"Green",1013,2284,2282,-197.265625,"false","BioR1132",2026-07-10 03:30:00,191,15.0166666666667,24,30,10,3,0,7,2026,2026-07-10 03:30:00,2667.4804691
"408373","BiosphereDendrometer_",14,"2026-07-10 10:39:49","2026-07-10T3:39:49",17099,3.859130859,3825.292969,27.84000015,86.19999695,0.516740441,"UAGuest",0,"Green",1009,2289,2289,-194.8242188,"false","BioR1132",2026-07-10 03:45:00,191,15.0166666666667,39,45,10,3,0,7,2026,2026-07-10 03:45:00,2669.9218753
"408383","BiosphereDendrometer_",14,"2026-07-10 10:54:50","2026-07-10T3:54:50",17100,3.862353563,3828.515625,27.82999992,86.05999756,0.521678507,"UAGuest",0,"Green",1011,2294,2294,-192.3828125,"false","BioR1132",2026-07-10 04:00:00,191,15.0166666666667,54,0,10,4,0,7,2026,2026-07-10 04:00:00,2672.3632816
"408393","BiosphereDendrometer_",14,"2026-07-10 11:9:51","2026-07-10T4:9:51",17101,3.860742092,3820.458984,27.55999947,86.47000122,0.498419285,"UAGuest",0,"Green",1013,2300,2300,-189.453125,"false","BioR1132",2026-07-10 04:15:00,191,15.0166666666667,9,15,10,4,0,7,2026,2026-07-10 04:15:00,2675.2929691
"408403","BiosphereDendrometer_",14,"2026-07-10 11:24:52","2026-07-10T4:24:52",17102,3.857519627,3822.070313,27.31999969,87.11000061,0.468226075,"UAGuest",0,"Green",1008,2306,2305,-186.5234375,"false","BioR1132",2026-07-10 04:30:00,191,15.0166666666667,24,30,10,4,0,7,2026,2026-07-10 04:30:00,2678.2226566
"408416","BiosphereDendrometer_",14,"2026-07-10 11:39:53","2026-07-10T4:39:53",17103,3.860742092,3828.515625,27.15999985,86.69000244,0.478973657,"UAGuest",0,"Green",1010,2312,2311,-183.59375,"false","BioR1132",2026-07-10 04:45:00,191,15.0166666666667,39,45,10,4,0,7,2026,2026-07-10 04:45:00,2681.1523441
"408423","BiosphereDendrometer_",14,"2026-07-10 11:54:54","2026-07-10T4:54:54",17104,3.857519627,3826.904297,26.95000076,86.90000153,0.465646952,"UAGuest",0,"Green",1015,2317,2316,-181.1523438,"false","BioR1132",2026-07-10 05:00:00,191,15.0166666666667,54,0,10,5,0,7,2026,2026-07-10 05:00:00,2683.5937503
"408433","BiosphereDendrometer_",14,"2026-07-10 12:10:12","2026-07-10T5:10:12",17105,3.859130859,3822.070313,26.79999924,86.76999664,0.466143966,"null",-100,"Green",1011,2322,2322,-178.7109375,"false","BioR1132",2026-07-10 05:15:00,191,15.3,10,15,10,5,0,7,2026,2026-07-10 05:15:00,2686.0351566
"408443","BiosphereDendrometer_",14,"2026-07-10 12:26:3","2026-07-10T5:26:3",17106,3.860742092,3826.904297,26.72999954,87.16999817,0.450194567,"UAGuest",0,"Green",1012,2327,2327,-176.2695313,"false","BioR1132",2026-07-10 05:30:00,191,15.85,26,30,10,5,0,7,2026,2026-07-10 05:30:00,2688.4765628
"408453","BiosphereDendrometer_",14,"2026-07-10 12:41:4","2026-07-10T5:41:4",17107,3.859130859,3822.070313,26.60000038,86.61000061,0.466265798,"UAGuest",0,"Green",1012,2332,2332,-173.828125,"false","BioR1132",2026-07-10 05:45:00,191,15.0166666666667,41,45,10,5,0,7,2026,2026-07-10 05:45:00,2690.9179691
"408463","BiosphereDendrometer_",14,"2026-07-10 12:56:5","2026-07-10T5:56:5",17108,3.857519627,3820.458984,26.51000023,86.76000214,0.458606452,"UAGuest",0,"Green",1013,2337,2336,-171.3867188,"false","BioR1132",2026-07-10 06:00:00,191,15.0166666666667,56,0,10,6,0,7,2026,2026-07-10 06:00:00,2693.3593753
"408473","BiosphereDendrometer_",14,"2026-07-10 13:11:6","2026-07-10T6:11:6",17109,3.855908155,3823.681641,26.78000069,87.25,0.448704094,"UAGuest",0,"Green",1012,2338,2338,-170.8984375,"false","BioR1132",2026-07-10 06:15:00,191,15.0166666666667,11,15,10,6,0,7,2026,2026-07-10 06:15:00,2693.8476566
"408483","BiosphereDendrometer_",14,"2026-07-10 13:26:7","2026-07-10T6:26:7",17110,3.852685452,3822.070313,27.14999962,87,0.467544019,"UAGuest",0,"Green",1012,2339,2339,-170.4101563,"false","BioR1132",2026-07-10 06:30:00,191,15.0166666666667,26,30,10,6,0,7,2026,2026-07-10 06:30:00,2694.3359378
"408493","BiosphereDendrometer_",14,"2026-07-10 13:41:8","2026-07-10T6:41:8",17111,3.857519627,3820.458984,27.23999977,86.69999695,0.480862021,"UAGuest",0,"Green",1012,2340,2338,-169.921875,"false","BioR1132",2026-07-10 06:45:00,191,15.0166666666667,41,45,10,6,0,7,2026,2026-07-10 06:45:00,2694.8242191
"408503","BiosphereDendrometer_",14,"2026-07-10 13:56:9","2026-07-10T6:56:9",17112,3.854296923,3823.681641,27.31999969,87.02999878,0.4711321,"UAGuest",0,"Green",1014,2333,2332,-173.3398438,"false","BioR1132",2026-07-10 07:00:00,191,15.0166666666667,56,0,10,7,0,7,2026,2026-07-10 07:00:00,2691.4062503
"408516","BiosphereDendrometer_",14,"2026-07-10 14:11:10","2026-07-10T7:11:10",17113,3.857519627,3820.458984,26.45999908,80.12999725,0.686232448,"UAGuest",0,"Green",1012,2324,2323,-177.734375,"false","BioR1132",2026-07-10 07:15:00,191,15.0166666666667,11,15,10,7,0,7,2026,2026-07-10 07:15:00,2687.0117191
"408523","BiosphereDendrometer_",14,"2026-07-10 14:26:11","2026-07-10T7:26:11",17114,3.854296923,3818.847656,23.61000061,83.94000244,0.468071878,"UAGuest",0,"Green",1010,2306,2305,-186.5234375,"false","BioR1132",2026-07-10 07:30:00,191,15.0166666666667,26,30,10,7,0,7,2026,2026-07-10 07:30:00,2678.2226566
"408533","BiosphereDendrometer_",14,"2026-07-10 14:41:12","2026-07-10T7:41:12",17115,3.859130859,3823.681641,23.11000061,83.97000122,0.453318506,"UAGuest",0,"Green",1011,2287,2285,-195.8007813,"false","BioR1132",2026-07-10 07:45:00,191,15.0166666666667,41,45,10,7,0,7,2026,2026-07-10 07:45:00,2668.9453128
"408543","BiosphereDendrometer_",14,"2026-07-10 14:56:13","2026-07-10T7:56:13",17116,3.854296923,3820.458984,22.86000061,82.51999664,0.486904651,"UAGuest",0,"Green",1010,2267,2266,-205.5664063,"false","BioR1132",2026-07-10 08:00:00,191,15.0166666666667,56,0,10,8,0,7,2026,2026-07-10 08:00:00,2659.1796878
"408553","BiosphereDendrometer_",14,"2026-07-10 15:11:14","2026-07-10T8:11:14",17117,3.852685452,3817.236328,22.72999954,82.72000122,0.477557868,"UAGuest",0,"Green",1012,2240,2241,-218.75,"false","BioR1132",2026-07-10 08:15:00,191,15.0166666666667,11,15,10,8,0,7,2026,2026-07-10 08:15:00,2645.9960941
"408563","BiosphereDendrometer_",14,"2026-07-10 15:26:15","2026-07-10T8:26:15",17118,3.857519627,3820.458984,24.47999954,91.30999756,0.266843647,"UAGuest",0,"Green",1012,2228,2226,-224.609375,"false","BioR1132",2026-07-10 08:30:00,191,15.0166666666667,26,30,10,8,0,7,2026,2026-07-10 08:30:00,2640.1367191
"408573","BiosphereDendrometer_",14,"2026-07-10 15:41:16","2026-07-10T8:41:16",17119,3.859130859,3823.681641,25.78000069,92.62000275,0.244843483,"UAGuest",0,"Green",1011,2215,2215,-230.9570313,"false","BioR1132",2026-07-10 08:45:00,191,15.0166666666667,41,45,10,8,0,7,2026,2026-07-10 08:45:00,2633.7890628
"408583","BiosphereDendrometer_",14,"2026-07-10 15:56:17","2026-07-10T8:56:17",17120,3.851074219,3820.458984,26.51000023,92.16999817,0.2712152,"UAGuest",0,"Green",1012,2203,2201,-236.8164063,"false","BioR1132",2026-07-10 09:00:00,191,15.0166666666667,56,0,10,9,0,7,2026,2026-07-10 09:00:00,2627.9296878
"408593","BiosphereDendrometer_",14,"2026-07-10 16:11:29","2026-07-10T9:11:29",17121,3.830127001,3796.289063,26.72999954,92.01000214,0.280362636,"UAGuest",-83,"Green",1010,2185,2184,-245.6054688,"false","BioR1132",2026-07-10 09:15:00,191,15.2,11,15,10,9,0,7,2026,2026-07-10 09:15:00,2619.1406253
"408603","BiosphereDendrometer_",14,"2026-07-10 16:26:39","2026-07-10T9:26:39",17122,3.857519627,3825.292969,26.87000084,92.41999817,0.268173039,"UAGuest",0,"Green",1012,2168,2169,-253.90625,"false","BioR1132",2026-07-10 09:30:00,191,15.1666666666667,26,30,10,9,0,7,2026,2026-07-10 09:30:00,2610.8398441
"408616","BiosphereDendrometer_",14,"2026-07-10 16:41:40","2026-07-10T9:41:40",17123,3.854296923,3818.847656,27.05999947,92.29000092,0.275830448,"UAGuest",0,"Green",1014,2153,2152,-261.2304688,"false","BioR1132",2026-07-10 09:45:00,191,15.0166666666667,41,45,10,9,0,7,2026,2026-07-10 09:45:00,2603.5156253
"408623","BiosphereDendrometer_",14,"2026-07-10 16:56:41","2026-07-10T9:56:41",17124,3.854296923,3818.847656,27.18000031,92.29000092,0.277777344,"UAGuest",0,"Green",1013,2125,2125,-274.9023438,"false","BioR1132",2026-07-10 10:00:00,191,15.0166666666667,56,0,10,10,0,7,2026,2026-07-10 10:00:00,2589.8437503
"408633","BiosphereDendrometer_",14,"2026-07-10 17:11:42","2026-07-10T10:11:42",17125,3.852685452,3817.236328,27.31999969,92.55999756,0.270256221,"UAGuest",0,"Green",1013,2094,2093,-290.0390625,"false","BioR1132",2026-07-10 10:15:00,191,15.0166666666667,11,15,10,10,0,7,2026,2026-07-10 10:15:00,2574.7070316
"408643","BiosphereDendrometer_",14,"2026-07-10 17:26:43","2026-07-10T10:26:43",17126,3.847851515,3818.847656,27.60000038,92.66999817,0.270654827,"UAGuest",0,"Green",1012,2060,2059,-306.640625,"false","BioR1132",2026-07-10 10:30:00,191,15.0166666666667,26,30,10,10,0,7,2026,2026-07-10 10:30:00,2558.1054691
"408653","BiosphereDendrometer_",14,"2026-07-10 17:41:44","2026-07-10T10:41:44",17127,3.854296923,3815.625,27.86000061,92.80999756,0.26954335,"UAGuest",0,"Green",1010,2020,2021,-326.171875,"false","BioR1132",2026-07-10 10:45:00,191,15.0166666666667,41,45,10,10,0,7,2026,2026-07-10 10:45:00,2538.5742191
"408663","BiosphereDendrometer_",14,"2026-07-10 17:56:45","2026-07-10T10:56:45",17128,3.852685452,3818.847656,28.07999992,92.88999939,0.269981146,"UAGuest",0,"Green",1011,1981,1980,-345.2148438,"false","BioR1132",2026-07-10 11:00:00,191,15.0166666666667,56,0,10,11,0,7,2026,2026-07-10 11:00:00,2519.5312503
"408673","BiosphereDendrometer_",14,"2026-07-10 18:11:46","2026-07-10T11:11:46",17129,3.852685452,3815.625,28.30999947,92.88999939,0.273615509,"UAGuest",0,"Green",1011,1937,1937,-366.6992188,"false","BioR1132",2026-07-10 11:15:00,191,15.0166666666667,11,15,10,11,0,7,2026,2026-07-10 11:15:00,2498.0468753
"408683","BiosphereDendrometer_",14,"2026-07-10 18:26:47","2026-07-10T11:26:47",17130,3.849462986,3817.236328,28.46999931,92.86000061,0.277334034,"UAGuest",0,"Green",1013,1892,1891,-388.671875,"false","BioR1132",2026-07-10 11:30:00,191,15.0166666666667,26,30,10,11,0,7,2026,2026-07-10 11:30:00,2476.0742191
"408693","BiosphereDendrometer_",14,"2026-07-10 18:41:48","2026-07-10T11:41:48",17131,3.846240282,3817.236328,28.67000008,93.05999756,0.272709489,"UAGuest",0,"Green",1011,1843,1843,-412.5976563,"false","BioR1132",2026-07-10 11:45:00,191,15.0166666666667,41,45,10,11,0,7,2026,2026-07-10 11:45:00,2452.1484378
"408703","BiosphereDendrometer_",14,"2026-07-10 18:56:49","2026-07-10T11:56:49",17132,3.847851515,3820.458984,28.79999924,93.16000366,0.270810574,"UAGuest",0,"Green",1013,1795,1795,-436.0351563,"false","BioR1132",2026-07-10 12:00:00,191,15.0166666666667,56,0,10,12,0,7,2026,2026-07-10 12:00:00,2428.7109378
"408716","BiosphereDendrometer_",14,"2026-07-10 19:11:50","2026-07-10T12:11:50",17133,3.849462986,3820.458984,29,93.04000092,0.278767437,"UAGuest",0,"Green",1012,1741,1742,-462.4023438,"false","BioR1132",2026-07-10 12:15:00,191,15.0166666666667,11,15,10,12,0,7,2026,2026-07-10 12:15:00,2402.3437503
"408723","BiosphereDendrometer_",14,"2026-07-10 19:26:51","2026-07-10T12:26:51",17134,3.846240282,3823.681641,29.14999962,93.15000153,0.276748776,"UAGuest",0,"Green",1011,1685,1685,-489.7460938,"false","BioR1132",2026-07-10 12:30:00,191,15.0166666666667,26,30,10,12,0,7,2026,2026-07-10 12:30:00,2375.0000003
"408733","BiosphereDendrometer_",14,"2026-07-10 19:41:52","2026-07-10T12:41:52",17135,3.849462986,3815.625,29.27000046,93.16000366,0.278264612,"UAGuest",0,"Green",1012,1621,1621,-520.9960938,"false","BioR1132",2026-07-10 12:45:00,191,15.0166666666667,41,45,10,12,0,7,2026,2026-07-10 12:45:00,2343.7500003
"408743","BiosphereDendrometer_",14,"2026-07-10 19:56:53","2026-07-10T12:56:53",17136,3.851074219,3820.458984,29.37000084,93.15000153,0.280282646,"UAGuest",0,"Green",1014,1554,1554,-553.7109375,"false","BioR1132",2026-07-10 13:00:00,191,15.0166666666667,56,0,10,13,0,7,2026,2026-07-10 13:00:00,2311.0351566
"408753","BiosphereDendrometer_",14,"2026-07-10 20:12:6","2026-07-10T13:12:6",17137,3.851074219,3820.458984,29.45000076,93.51999664,0.26636827,"null",-100,"Green",1014,1488,1489,-585.9375,"false","BioR1132",2026-07-10 13:15:00,191,15.2166666666667,12,15,10,13,0,7,2026,2026-07-10 13:15:00,2278.8085941
"408763","BiosphereDendrometer_",14,"2026-07-10 20:27:57","2026-07-10T13:27:57",17138,3.852685452,3820.458984,29.56999969,93.44999695,0.271112084,"UAGuest",0,"Green",1009,1432,1430,-613.28125,"false","BioR1132",2026-07-10 13:30:00,191,15.85,27,30,10,13,0,7,2026,2026-07-10 13:30:00,2251.4648441
"408773","BiosphereDendrometer_",14,"2026-07-10 20:42:58","2026-07-10T13:42:58",17139,3.849462986,3814.013672,29.57999992,93.56999969,0.266298234,"UAGuest",0,"Green",1014,1386,1385,-635.7421875,"false","BioR1132",2026-07-10 13:45:00,191,15.0166666666667,42,45,10,13,0,7,2026,2026-07-10 13:45:00,2229.0039066
"408783","BiosphereDendrometer_",14,"2026-07-10 20:57:59","2026-07-10T13:57:59",17140,3.851074219,3815.625,29.62999916,93.90000153,0.25335893,"UAGuest",0,"Green",1011,1350,1349,-653.3203125,"false","BioR1132",2026-07-10 14:00:00,191,15.0166666666667,57,0,10,14,0,7,2026,2026-07-10 14:00:00,2211.4257816
"408793","BiosphereDendrometer_",14,"2026-07-10 21:13:0","2026-07-10T14:13:0",17141,3.851074219,3817.236328,29.71999931,93.61000061,0.266780823,"UAGuest",0,"Green",1013,1321,1320,-667.4804688,"false","BioR1132",2026-07-10 14:15:00,191,15.0166666666667,13,15,10,14,0,7,2026,2026-07-10 14:15:00,2197.2656253
"408803","BiosphereDendrometer_",14,"2026-07-10 21:28:1","2026-07-10T14:28:1",17142,3.851074219,3817.236328,29.79000092,93.66999817,0.265341073,"UAGuest",0,"Green",1012,1300,1299,-677.734375,"false","BioR1132",2026-07-10 14:30:00,191,15.0166666666667,28,30,10,14,0,7,2026,2026-07-10 14:30:00,2187.0117191
"408816","BiosphereDendrometer_",14,"2026-07-10 21:43:2","2026-07-10T14:43:2",17143,3.847851515,3818.847656,29.87999916,93.44000244,0.276406914,"UAGuest",0,"Green",1012,1285,1283,-685.0585938,"false","BioR1132",2026-07-10 14:45:00,191,15.0166666666667,43,45,10,14,0,7,2026,2026-07-10 14:45:00,2179.6875003
"408823","BiosphereDendrometer_",14,"2026-07-10 21:58:3","2026-07-10T14:58:3",17144,3.849462986,3818.847656,29.89999962,93.63999939,0.268287838,"UAGuest",0,"Green",1012,1275,1274,-689.9414063,"false","BioR1132",2026-07-10 15:00:00,191,15.0166666666667,58,0,10,15,0,7,2026,2026-07-10 15:00:00,2174.8046878
"408833","BiosphereDendrometer_",14,"2026-07-10 22:13:4","2026-07-10T15:13:4",17145,3.849462986,3815.625,30.29999924,93.55999756,0.277962387,"UAGuest",0,"Green",1011,1274,1273,-690.4296875,"false","BioR1132",2026-07-10 15:15:00,191,15.0166666666667,13,15,10,15,0,7,2026,2026-07-10 15:15:00,2174.3164066
"408843","BiosphereDendrometer_",14,"2026-07-10 22:28:5","2026-07-10T15:28:5",17146,3.847851515,3814.013672,30.44000053,93.58000183,0.279326856,"UAGuest",0,"Green",1012,1283,1282,-686.0351563,"false","BioR1132",2026-07-10 15:30:00,191,15.0166666666667,28,30,10,15,0,7,2026,2026-07-10 15:30:00,2178.7109378
"408853","BiosphereDendrometer_",14,"2026-07-10 22:43:6","2026-07-10T15:43:6",17147,3.847851515,3815.625,30.47999954,93.58999634,0.279530317,"UAGuest",0,"Green",1011,1298,1297,-678.7109375,"false","BioR1132",2026-07-10 15:45:00,191,15.0166666666667,43,45,10,15,0,7,2026,2026-07-10 15:45:00,2186.0351566
"408863","BiosphereDendrometer_",14,"2026-07-10 22:58:7","2026-07-10T15:58:7",17148,3.854296923,3815.625,30.45000076,93.83000183,0.268603146,"UAGuest",0,"Green",1010,1317,1315,-669.4335938,"false","BioR1132",2026-07-10 16:00:00,191,15.0166666666667,58,0,10,16,0,7,2026,2026-07-10 16:00:00,2195.3125003
"408873","BiosphereDendrometer_",14,"2026-07-10 23:13:8","2026-07-10T16:13:8",17149,3.849462986,3817.236328,30.37000084,93.55000305,0.279511034,"UAGuest",0,"Green",1011,1332,1332,-662.109375,"false","BioR1132",2026-07-10 16:15:00,191,15.0166666666667,13,15,10,16,0,7,2026,2026-07-10 16:15:00,2202.6367191
"408883","BiosphereDendrometer_",14,"2026-07-10 23:28:9","2026-07-10T16:28:9",17150,3.847851515,3814.013672,30.29000092,93.83000183,0.266156226,"UAGuest",0,"Green",1013,1351,1350,-652.8320313,"false","BioR1132",2026-07-10 16:30:00,191,15.0166666666667,28,30,10,16,0,7,2026,2026-07-10 16:30:00,2211.9140628
"408893","BiosphereDendrometer_",14,"2026-07-10 23:43:10","2026-07-10T16:43:10",17151,3.846240282,3814.013672,31.5,95.26000214,0.219063208,"UAGuest",0,"Green",1011,1372,1371,-642.578125,"false","BioR1132",2026-07-10 16:45:00,191,15.0166666666667,43,45,10,16,0,7,2026,2026-07-10 16:45:00,2222.1679691
"408903","BiosphereDendrometer_",14,"2026-07-10 23:58:11","2026-07-10T16:58:11",17152,3.846240282,3812.402344,32.00999832,93.33000183,0.317289233,"UAGuest",0,"Green",1013,1395,1395,-631.3476563,"false","BioR1132",2026-07-10 17:00:00,191,15.0166666666667,58,0,10,17,0,7,2026,2026-07-10 17:00:00,2233.3984378
"408916","BiosphereDendrometer_",14,"2026-07-11 0:13:18","2026-07-10T17:13:18",17153,3.825293064,3791.455078,32.08000183,92.51999664,0.357230604,"UAGuest",-81,"Green",1013,1419,1418,-619.6289063,"false","BioR1132",2026-07-10 17:15:00,191,15.1166666666667,13,15,10,17,0,7,2026,2026-07-10 17:15:00,2245.1171878
"408923","BiosphereDendrometer_",14,"2026-07-11 0:28:31","2026-07-10T17:28:31",17154,3.851074219,3817.236328,32.04999924,91.63999939,0.398581564,"UAGuest",0,"Green",1011,1442,1442,-608.3984375,"false","BioR1132",2026-07-10 17:30:00,191,15.2166666666667,28,30,10,17,0,7,2026,2026-07-10 17:30:00,2256.3476566
"408933","BiosphereDendrometer_",14,"2026-07-11 0:43:32","2026-07-10T17:43:32",17155,3.847851515,3812.402344,32,91.15000153,0.420753121,"UAGuest",0,"Green",1010,1466,1465,-596.6796875,"false","BioR1132",2026-07-10 17:45:00,191,15.0166666666667,43,45,10,17,0,7,2026,2026-07-10 17:45:00,2268.0664066
"408943","BiosphereDendrometer_",14,"2026-07-11 0:58:33","2026-07-10T17:58:33",17156,3.846240282,3815.625,31.89999962,91.05000305,0.423108786,"UAGuest",0,"Green",1013,1488,1488,-585.9375,"false","BioR1132",2026-07-10 18:00:00,191,15.0166666666667,58,0,10,18,0,7,2026,2026-07-10 18:00:00,2278.8085941
"408953","BiosphereDendrometer_",14,"2026-07-11 1:13:34","2026-07-10T18:13:34",17157,3.844628811,3814.013672,31.73999977,90.66999817,0.437098563,"UAGuest",0,"Green",1012,1510,1510,-575.1953125,"false","BioR1132",2026-07-10 18:15:00,191,15.0166666666667,13,15,10,18,0,7,2026,2026-07-10 18:15:00,2289.5507816
"408963","BiosphereDendrometer_",14,"2026-07-11 1:28:35","2026-07-10T18:28:35",17158,3.847851515,3814.013672,31.55999947,89.93000031,0.466979951,"UAGuest",0,"Green",1015,1534,1533,-563.4765625,"false","BioR1132",2026-07-10 18:30:00,191,15.0166666666667,28,30,10,18,0,7,2026,2026-07-10 18:30:00,2301.2695316
"408973","BiosphereDendrometer_",14,"2026-07-11 1:43:36","2026-07-10T18:43:36",17159,3.849462986,3812.402344,31.32999992,89.58999634,0.476487964,"UAGuest",0,"Green",1014,1557,1556,-552.2460938,"false","BioR1132",2026-07-10 18:45:00,191,15.0166666666667,43,45,10,18,0,7,2026,2026-07-10 18:45:00,2312.5000003
"408983","BiosphereDendrometer_",14,"2026-07-11 1:58:37","2026-07-10T18:58:37",17160,3.844628811,3809.179688,31.04999924,89.01000214,0.495091796,"UAGuest",0,"Green",1010,1579,1578,-541.5039063,"false","BioR1132",2026-07-10 19:00:00,191,15.0166666666667,58,0,10,19,0,7,2026,2026-07-10 19:00:00,2323.2421878
"408993","BiosphereDendrometer_",14,"2026-07-11 2:13:38","2026-07-10T19:13:38",17161,3.844628811,3809.179688,30.73999977,88.30000305,0.517849386,"UAGuest",0,"Green",1012,1601,1601,-530.7617188,"false","BioR1132",2026-07-10 19:15:00,191,15.0166666666667,13,15,10,19,0,7,2026,2026-07-10 19:15:00,2333.9843753
"409003","BiosphereDendrometer_",14,"2026-07-11 2:28:39","2026-07-10T19:28:39",17162,3.846240282,3812.402344,30.34000015,87.84999847,0.525618255,"UAGuest",0,"Green",1010,1623,1622,-520.0195313,"false","BioR1132",2026-07-10 19:30:00,191,15.0166666666667,28,30,10,19,0,7,2026,2026-07-10 19:30:00,2344.7265628
"409016","BiosphereDendrometer_",14,"2026-07-11 2:43:40","2026-07-10T19:43:40",17163,3.849462986,3810.791016,29.95000076,87.34999847,0.53515619,"UAGuest",0,"Green",1012,1644,1643,-509.765625,"false","BioR1132",2026-07-10 19:45:00,191,15.0166666666667,43,45,10,19,0,7,2026,2026-07-10 19:45:00,2354.9804691
"409023","BiosphereDendrometer_",14,"2026-07-11 2:58:41","2026-07-10T19:58:41",17164,3.844628811,3810.791016,29.59000015,87.25,0.52834475,"UAGuest",0,"Green",1011,1662,1663,-500.9765625,"false","BioR1132",2026-07-10 20:00:00,191,15.0166666666667,58,0,10,20,0,7,2026,2026-07-10 20:00:00,2363.7695316
"409033","BiosphereDendrometer_",14,"2026-07-11 3:13:42","2026-07-10T20:13:42",17165,3.846240282,3810.791016,29.25,87.12000275,0.523379803,"UAGuest",0,"Green",1014,1682,1682,-491.2109375,"false","BioR1132",2026-07-10 20:15:00,191,15.0166666666667,13,15,10,20,0,7,2026,2026-07-10 20:15:00,2373.5351566
"409043","BiosphereDendrometer_",14,"2026-07-11 3:28:43","2026-07-10T20:28:43",17166,3.846240282,3810.791016,28.98999977,87.34999847,0.506375253,"UAGuest",0,"Green",1011,1702,1702,-481.4453125,"false","BioR1132",2026-07-10 20:30:00,191,15.0166666666667,28,30,10,20,0,7,2026,2026-07-10 20:30:00,2383.3007816
"409053","BiosphereDendrometer_",14,"2026-07-11 3:43:44","2026-07-10T20:43:44",17167,3.843017578,3812.402344,28.79000092,87.23999786,0.504904389,"UAGuest",0,"Green",1012,1722,1721,-471.6796875,"false","BioR1132",2026-07-10 20:45:00,191,15.0166666666667,43,45,10,20,0,7,2026,2026-07-10 20:45:00,2393.0664066
"409063","BiosphereDendrometer_",14,"2026-07-11 3:58:45","2026-07-10T20:58:45",17168,3.847851515,3809.179688,28.55999947,87.29000092,0.496269464,"UAGuest",0,"Green",1012,1741,1740,-462.4023438,"false","BioR1132",2026-07-10 21:00:00,191,15.0166666666667,58,0,10,21,0,7,2026,2026-07-10 21:00:00,2402.3437503
"409073","BiosphereDendrometer_",14,"2026-07-11 4:13:52","2026-07-10T21:13:52",17169,3.818847656,3791.455078,28.37999916,87.33999634,0.489181906,"UAGuest",-81,"Green",1013,1760,1759,-453.125,"false","BioR1132",2026-07-10 21:15:00,191,15.1166666666667,13,15,10,21,0,7,2026,2026-07-10 21:15:00,2411.6210941
"409083","BiosphereDendrometer_",14,"2026-07-11 4:29:4","2026-07-10T21:29:4",17170,3.849462986,3810.791016,28.21999931,87.41000366,0.481976122,"UAGuest",0,"Green",1012,1777,1778,-444.8242188,"false","BioR1132",2026-07-10 21:30:00,191,15.2,29,30,10,21,0,7,2026,2026-07-10 21:30:00,2419.9218753
"409093","BiosphereDendrometer_",14,"2026-07-11 4:44:5","2026-07-10T21:44:5",17171,3.838183641,3809.179688,28.02000046,87.20999908,0.483969301,"UAGuest",0,"Green",1013,1796,1796,-435.546875,"false","BioR1132",2026-07-10 21:45:00,191,15.0166666666667,44,45,10,21,0,7,2026,2026-07-10 21:45:00,2429.1992191
"409106","BiosphereDendrometer_",14,"2026-07-11 4:59:6","2026-07-10T21:59:6",17172,3.846240282,3807.568359,27.88999939,87.37999725,0.473934501,"UAGuest",0,"Green",1010,1814,1813,-426.7578125,"false","BioR1132",2026-07-10 22:00:00,191,15.0166666666667,59,0,10,22,0,7,2026,2026-07-10 22:00:00,2437.9882816
"409116","BiosphereDendrometer_",14,"2026-07-11 5:14:7","2026-07-10T22:14:7",17173,3.839794874,3804.345703,27.73999977,87.37000275,0.470179796,"UAGuest",0,"Green",1010,1831,1830,-418.4570313,"false","BioR1132",2026-07-10 22:15:00,191,15.0166666666667,14,15,10,22,0,7,2026,2026-07-10 22:15:00,2446.2890628
"409123","BiosphereDendrometer_",14,"2026-07-11 5:29:8","2026-07-10T22:29:8",17174,3.838183641,3805.957031,27.59000015,87.37000275,0.466081053,"UAGuest",0,"Green",1011,1847,1846,-410.6445313,"false","BioR1132",2026-07-10 22:30:00,191,15.0166666666667,29,30,10,22,0,7,2026,2026-07-10 22:30:00,2454.1015628
"409133","BiosphereDendrometer_",14,"2026-07-11 5:44:9","2026-07-10T22:44:9",17175,3.839794874,3807.568359,27.48999977,87.30999756,0.465567231,"UAGuest",0,"Green",1011,1863,1863,-402.8320313,"false","BioR1132",2026-07-10 22:45:00,191,15.0166666666667,44,45,10,22,0,7,2026,2026-07-10 22:45:00,2461.9140628
"409143","BiosphereDendrometer_",14,"2026-07-11 5:59:10","2026-07-10T22:59:10",17176,3.843017578,3807.568359,27.36000061,87.26000214,0.463861793,"UAGuest",0,"Green",1013,1878,1878,-395.5078125,"false","BioR1132",2026-07-10 23:00:00,191,15.0166666666667,59,0,10,23,0,7,2026,2026-07-10 23:00:00,2469.2382816
"409153","BiosphereDendrometer_",14,"2026-07-11 6:14:11","2026-07-10T23:14:11",17177,3.841406345,3804.345703,27.26000023,87.08000183,0.467670381,"UAGuest",0,"Green",1011,1894,1893,-387.6953125,"false","BioR1132",2026-07-10 23:15:00,191,15.0166666666667,14,15,10,23,0,7,2026,2026-07-10 23:15:00,2477.0507816
"409163","BiosphereDendrometer_",14,"2026-07-11 6:29:12","2026-07-10T23:29:12",17178,3.839794874,3804.345703,27.15999985,87.34999847,0.455223024,"UAGuest",0,"Green",1011,1907,1908,-381.3476563,"false","BioR1132",2026-07-10 23:30:00,191,15.0166666666667,29,30,10,23,0,7,2026,2026-07-10 23:30:00,2483.3984378
"409173","BiosphereDendrometer_",14,"2026-07-11 6:44:13","2026-07-10T23:44:13",17179,3.841406345,3809.179688,27.09000015,87.63999939,0.442965984,"UAGuest",0,"Green",1012,1923,1922,-373.5351563,"false","BioR1132",2026-07-10 23:45:00,191,15.0166666666667,44,45,10,23,0,7,2026,2026-07-10 23:45:00,2491.2109378
"409183","BiosphereDendrometer_",14,"2026-07-11 6:59:14","2026-07-10T23:59:14",17180,3.838183641,3807.568359,27.04000092,87.48999786,0.447029293,"UAGuest",0,"Green",1010,1936,1936,-367.1875,"false","BioR1132",2026-07-11,191,15.0166666666667,59,0,11,0,0,7,2026,2026-07-11,2497.5585941
"409193","BiosphereDendrometer_",14,"2026-07-11 7:14:15","2026-07-11T0:14:15",17181,3.834960938,3801.123047,26.94000053,87.34999847,0.449387699,"UAGuest",0,"Green",1011,1949,1949,-360.8398438,"false","BioR1132",2026-07-11 00:15:00,192,15.0166666666667,14,15,11,0,0,7,2026,2026-07-11 00:15:00,2503.9062503
"409203","BiosphereDendrometer_",14,"2026-07-11 7:29:16","2026-07-11T0:29:16",17182,3.833349705,3807.568359,26.85000038,87.30000305,0.44878611,"UAGuest",0,"Green",1013,1962,1961,-354.4921875,"false","BioR1132",2026-07-11 00:30:00,192,15.0166666666667,29,30,11,0,0,7,2026,2026-07-11 00:30:00,2510.2539066
"409216","BiosphereDendrometer_",14,"2026-07-11 7:44:17","2026-07-11T0:44:17",17183,3.839794874,3802.734375,26.79999924,87.19000244,0.451345623,"UAGuest",0,"Green",1014,1974,1974,-348.6328125,"false","BioR1132",2026-07-11 00:45:00,192,15.0166666666667,44,45,11,0,0,7,2026,2026-07-11 00:45:00,2516.1132816
"409223","BiosphereDendrometer_",14,"2026-07-11 7:59:18","2026-07-11T0:59:18",17184,3.843017578,3810.791016,26.72999954,87.15000153,0.450896263,"UAGuest",0,"Green",1010,1985,1985,-343.2617188,"false","BioR1132",2026-07-11 01:00:00,192,15.0166666666667,59,0,11,1,0,7,2026,2026-07-11 01:00:00,2521.4843753
"409233","BiosphereDendrometer_",14,"2026-07-11 8:14:31","2026-07-11T1:14:31",17185,3.83657217,3804.345703,26.63999939,86.93000031,0.456195116,"null",-100,"Green",1011,1997,1997,-337.4023438,"false","BioR1132",2026-07-11 01:15:00,192,15.2166666666667,14,15,11,1,0,7,2026,2026-07-11 01:15:00,2527.3437503
"409243","BiosphereDendrometer_",14,"2026-07-11 8:30:22","2026-07-11T1:30:22",17186,3.833349705,3807.568359,26.56999969,86.90000153,0.455362737,"UAGuest",0,"Green",1013,2009,2008,-331.5429688,"false","BioR1132",2026-07-11 01:30:00,192,15.85,30,30,11,1,0,7,2026,2026-07-11 01:30:00,2533.2031253
"409253","BiosphereDendrometer_",14,"2026-07-11 8:45:23","2026-07-11T1:45:23",17187,3.833349705,3804.345703,26.53000069,87.04000092,0.449436814,"UAGuest",0,"Green",1014,2020,2018,-326.171875,"false","BioR1132",2026-07-11 01:45:00,192,15.0166666666667,45,45,11,1,0,7,2026,2026-07-11 01:45:00,2538.5742191
"409263","BiosphereDendrometer_",14,"2026-07-11 9:0:24","2026-07-11T2:0:24",17188,3.834960938,3802.734375,26.54000092,88.13999939,0.411532462,"UAGuest",0,"Green",1009,2031,2028,-320.8007813,"false","BioR1132",2026-07-11 02:00:00,192,15.0166666666667,0,0,11,2,0,7,2026,2026-07-11 02:00:00,2543.9453128
"409273","BiosphereDendrometer_",14,"2026-07-11 9:15:25","2026-07-11T2:15:25",17189,3.83657217,3799.511719,26.87999916,87.58000183,0.439665526,"UAGuest",0,"Green",1012,2041,2040,-315.9179688,"false","BioR1132",2026-07-11 02:15:00,192,15.0166666666667,15,15,11,2,0,7,2026,2026-07-11 02:15:00,2548.8281253
"409283","BiosphereDendrometer_",14,"2026-07-11 9:30:26","2026-07-11T2:30:26",17190,3.838183641,3799.511719,27.05999947,87.23999786,0.456497788,"UAGuest",0,"Green",1011,2051,2050,-311.0351563,"false","BioR1132",2026-07-11 02:30:00,192,15.0166666666667,30,30,11,2,0,7,2026,2026-07-11 02:30:00,2553.7109378
"409293","BiosphereDendrometer_",14,"2026-07-11 9:45:27","2026-07-11T2:45:27",17191,3.831738234,3801.123047,27.12000084,87.23999786,0.458106399,"UAGuest",0,"Green",1010,2060,2060,-306.640625,"false","BioR1132",2026-07-11 02:45:00,192,15.0166666666667,45,45,11,2,0,7,2026,2026-07-11 02:45:00,2558.1054691
"409303","BiosphereDendrometer_",14,"2026-07-11 10:0:28","2026-07-11T3:0:28",17192,3.831738234,3802.734375,27.12000084,87.12000275,0.462414473,"UAGuest",0,"Green",1009,2069,2069,-302.2460938,"false","BioR1132",2026-07-11 03:00:00,192,15.0166666666667,0,0,11,3,0,7,2026,2026-07-11 03:00:00,2562.5000003
"409316","BiosphereDendrometer_",14,"2026-07-11 10:15:29","2026-07-11T3:15:29",17193,3.834960938,3799.511719,27.14999962,87.23000336,0.459271997,"UAGuest",0,"Green",1010,2079,2078,-297.3632813,"false","BioR1132",2026-07-11 03:15:00,192,15.0166666666667,15,15,11,3,0,7,2026,2026-07-11 03:15:00,2567.3828128
"409323","BiosphereDendrometer_",14,"2026-07-11 10:30:30","2026-07-11T3:30:30",17194,3.833349705,3796.289063,27.14999962,87.12999725,0.462868661,"UAGuest",0,"Green",1010,2087,2087,-293.4570313,"false","BioR1132",2026-07-11 03:30:00,192,15.0166666666667,30,30,11,3,0,7,2026,2026-07-11 03:30:00,2571.2890628
"409333","BiosphereDendrometer_",14,"2026-07-11 10:45:31","2026-07-11T3:45:31",17195,3.834960938,3801.123047,26.89999962,86.80999756,0.467472136,"UAGuest",0,"Green",1011,2095,2094,-289.5507813,"false","BioR1132",2026-07-11 03:45:00,192,15.0166666666667,45,45,11,3,0,7,2026,2026-07-11 03:45:00,2575.1953128
"409343","BiosphereDendrometer_",14,"2026-07-11 11:0:32","2026-07-11T4:0:32",17196,3.834960938,3804.345703,26.56999969,86.83999634,0.457448483,"UAGuest",0,"Green",1013,2102,2102,-286.1328125,"false","BioR1132",2026-07-11 04:00:00,192,15.0166666666667,0,0,11,4,0,7,2026,2026-07-11 04:00:00,2578.6132816
"409353","BiosphereDendrometer_",14,"2026-07-11 11:15:33","2026-07-11T4:15:33",17197,3.833349705,3799.511719,26.36000061,86.76999664,0.454228193,"UAGuest",0,"Green",1008,2110,2109,-282.2265625,"false","BioR1132",2026-07-11 04:15:00,192,15.0166666666667,15,15,11,4,0,7,2026,2026-07-11 04:15:00,2582.5195316
"409363","BiosphereDendrometer_",14,"2026-07-11 11:30:34","2026-07-11T4:30:34",17198,3.834960938,3797.900391,26.19000053,87.01999664,0.441198319,"UAGuest",0,"Green",1010,2117,2116,-278.8085938,"false","BioR1132",2026-07-11 04:30:00,192,15.0166666666667,30,30,11,4,0,7,2026,2026-07-11 04:30:00,2585.9375003
"409373","BiosphereDendrometer_",14,"2026-07-11 11:45:35","2026-07-11T4:45:35",17199,3.834960938,3796.289063,26.09000015,87.08000183,0.436573178,"UAGuest",0,"Green",1010,2124,2123,-275.390625,"false","BioR1132",2026-07-11 04:45:00,192,15.0166666666667,45,45,11,4,0,7,2026,2026-07-11 04:45:00,2589.3554691
"409383","BiosphereDendrometer_",14,"2026-07-11 12:0:36","2026-07-11T5:0:36",17200,3.830127001,3797.900391,25.98999977,87.18000031,0.4306418,"UAGuest",0,"Green",1010,2131,2130,-271.9726563,"false","BioR1132",2026-07-11 05:00:00,192,15.0166666666667,0,0,11,5,0,7,2026,2026-07-11 05:00:00,2592.7734378
"409393","BiosphereDendrometer_",14,"2026-07-11 12:15:49","2026-07-11T5:15:49",17201,3.805957079,3776.953125,25.90999985,87.08000183,0.431952626,"UAGuest",-83,"Green",1012,2137,2137,-269.0429688,"false","BioR1132",2026-07-11 05:15:00,192,15.2166666666667,15,15,11,5,0,7,2026,2026-07-11 05:15:00,2595.7031253
"409403","BiosphereDendrometer_",14,"2026-07-11 12:31:2","2026-07-11T5:31:2",17202,3.838183641,3801.123047,25.79999924,87.08000183,0.429149956,"UAGuest",0,"Green",1010,2144,2143,-265.625,"false","BioR1132",2026-07-11 05:30:00,192,15.2166666666667,31,30,11,5,0,7,2026,2026-07-11 05:30:00,2599.1210941
"409416","BiosphereDendrometer_",14,"2026-07-11 12:46:3","2026-07-11T5:46:3",17203,3.82851553,3799.511719,25.70999908,87.12000275,0.425547093,"UAGuest",0,"Green",1010,2149,2149,-263.1835938,"false","BioR1132",2026-07-11 05:45:00,192,15.0166666666667,46,45,11,5,0,7,2026,2026-07-11 05:45:00,2601.5625003
"409423","BiosphereDendrometer_",14,"2026-07-11 13:1:4","2026-07-11T6:1:4",17204,3.830127001,3797.900391,25.71999931,86.95999908,0.431088775,"UAGuest",0,"Green",1012,2156,2154,-259.765625,"false","BioR1132",2026-07-11 06:00:00,192,15.0166666666667,1,0,11,6,0,7,2026,2026-07-11 06:00:00,2604.9804691
"409433","BiosphereDendrometer_",14,"2026-07-11 13:16:5","2026-07-11T6:16:5",17205,3.82851553,3801.123047,25.84000015,86.55000305,0.447813392,"UAGuest",0,"Green",1011,2158,2157,-258.7890625,"false","BioR1132",2026-07-11 06:15:00,192,15.0166666666667,16,15,11,6,0,7,2026,2026-07-11 06:15:00,2605.9570316
"409443","BiosphereDendrometer_",14,"2026-07-11 13:31:6","2026-07-11T6:31:6",17206,3.826904297,3799.511719,26.05999947,86.63999939,0.450641632,"UAGuest",0,"Green",1012,2155,2154,-260.2539063,"false","BioR1132",2026-07-11 06:30:00,192,15.0166666666667,31,30,11,6,0,7,2026,2026-07-11 06:30:00,2604.4921878
"409453","BiosphereDendrometer_",14,"2026-07-11 13:46:7","2026-07-11T6:46:7",17207,3.831738234,3794.677734,26.22999954,87.19999695,0.436108261,"UAGuest",0,"Green",1011,2150,2149,-262.6953125,"false","BioR1132",2026-07-11 06:45:00,192,15.0166666666667,46,45,11,6,0,7,2026,2026-07-11 06:45:00,2602.0507816
"409463","BiosphereDendrometer_",14,"2026-07-11 14:1:8","2026-07-11T7:1:8",17208,3.831738234,3793.066406,26.56999969,87.62000275,0.430335134,"UAGuest",0,"Green",1011,2144,2145,-265.625,"false","BioR1132",2026-07-11 07:00:00,192,15.0166666666667,1,0,11,7,0,7,2026,2026-07-11 07:00:00,2599.1210941
"409473","BiosphereDendrometer_",14,"2026-07-11 14:16:9","2026-07-11T7:16:9",17209,3.830127001,3794.677734,26.90999985,88.11000061,0.421645701,"UAGuest",0,"Green",1011,2139,2138,-268.0664063,"false","BioR1132",2026-07-11 07:15:00,192,15.0166666666667,16,15,11,7,0,7,2026,2026-07-11 07:15:00,2596.6796878
"409483","BiosphereDendrometer_",14,"2026-07-11 14:31:10","2026-07-11T7:31:10",17210,3.82851553,3791.455078,27.31999969,88.80000305,0.406837225,"UAGuest",0,"Green",1009,2131,2131,-271.9726563,"false","BioR1132",2026-07-11 07:30:00,192,15.0166666666667,31,30,11,7,0,7,2026,2026-07-11 07:30:00,2592.7734378
"409493","BiosphereDendrometer_",14,"2026-07-11 14:46:11","2026-07-11T7:46:11",17211,3.82851553,3791.455078,27.72999954,89.09999847,0.405540228,"UAGuest",0,"Green",1011,2123,2123,-275.8789063,"false","BioR1132",2026-07-11 07:45:00,192,15.0166666666667,46,45,11,7,0,7,2026,2026-07-11 07:45:00,2588.8671878
"409503","BiosphereDendrometer_",14,"2026-07-11 15:1:12","2026-07-11T8:1:12",17212,3.831738234,3796.289063,28.06999969,87.47000122,0.475512743,"UAGuest",0,"Green",1009,2115,2114,-279.7851563,"false","BioR1132",2026-07-11 08:00:00,192,15.0166666666667,1,0,11,8,0,7,2026,2026-07-11 08:00:00,2584.9609378
"409516","BiosphereDendrometer_",14,"2026-07-11 15:16:13","2026-07-11T8:16:13",17213,3.831738234,3799.511719,27.21999931,90.76000214,0.333681285,"UAGuest",0,"Green",1013,2099,2100,-287.5976563,"false","BioR1132",2026-07-11 08:15:00,192,15.0166666666667,16,15,11,8,0,7,2026,2026-07-11 08:15:00,2577.1484378
"409523","BiosphereDendrometer_",14,"2026-07-11 15:31:14","2026-07-11T8:31:14",17214,3.831738234,3796.289063,27.38999939,91.27999878,0.318051755,"UAGuest",0,"Green",1014,2086,2085,-293.9453125,"false","BioR1132",2026-07-11 08:30:00,192,15.0166666666667,31,30,11,8,0,7,2026,2026-07-11 08:30:00,2570.8007816
"409533","BiosphereDendrometer_",14,"2026-07-11 15:46:15","2026-07-11T8:46:15",17215,3.82851553,3794.677734,27.59000015,91.18000031,0.325481743,"UAGuest",0,"Green",1012,2070,2069,-301.7578125,"false","BioR1132",2026-07-11 08:45:00,192,15.0166666666667,46,45,11,8,0,7,2026,2026-07-11 08:45:00,2562.9882816
"409543","BiosphereDendrometer_",14,"2026-07-11 16:1:16","2026-07-11T9:1:16",17216,3.82851553,3796.289063,27.70999908,90.66000366,0.347093999,"UAGuest",0,"Green",1013,2051,2050,-311.0351563,"false","BioR1132",2026-07-11 09:00:00,192,15.0166666666667,1,0,11,9,0,7,2026,2026-07-11 09:00:00,2553.7109378
"409553","BiosphereDendrometer_",14,"2026-07-11 16:16:29","2026-07-11T9:16:29",17217,3.825293064,3794.677734,27.5,91.58999634,0.308724165,"null",-100,"Green",1011,2029,2029,-321.7773438,"false","BioR1132",2026-07-11 09:15:00,192,15.2166666666667,16,15,11,9,0,7,2026,2026-07-11 09:15:00,2542.9687503
"409563","BiosphereDendrometer_",14,"2026-07-11 16:32:20","2026-07-11T9:32:20",17218,3.831738234,3797.900391,27.59000015,92.16999817,0.288948148,"UAGuest",0,"Green",1012,2004,2003,-333.984375,"false","BioR1132",2026-07-11 09:30:00,192,15.85,32,30,11,9,0,7,2026,2026-07-11 09:30:00,2530.7617191
"409573","BiosphereDendrometer_",14,"2026-07-11 16:47:21","2026-07-11T9:47:21",17219,3.830127001,3793.066406,27.73999977,92.44999695,0.281065613,"UAGuest",0,"Green",1010,1978,1976,-346.6796875,"false","BioR1132",2026-07-11 09:45:00,192,15.0166666666667,47,45,11,9,0,7,2026,2026-07-11 09:45:00,2518.0664066
"409583","BiosphereDendrometer_",14,"2026-07-11 17:2:22","2026-07-11T10:2:22",17220,3.825293064,3796.289063,27.94000053,92.54000092,0.280971825,"UAGuest",0,"Green",1012,1947,1946,-361.8164063,"false","BioR1132",2026-07-11 10:00:00,192,15.0166666666667,2,0,11,10,0,7,2026,2026-07-11 10:00:00,2502.9296878
"409593","BiosphereDendrometer_",14,"2026-07-11 17:17:23","2026-07-11T10:17:23",17221,3.82851553,3796.289063,28.13999939,92.69000244,0.278546005,"UAGuest",0,"Green",1012,1911,1912,-379.3945313,"false","BioR1132",2026-07-11 10:15:00,192,15.0166666666667,17,15,11,10,0,7,2026,2026-07-11 10:15:00,2485.3515628
"409603","BiosphereDendrometer_",14,"2026-07-11 17:32:24","2026-07-11T10:32:24",17222,3.830127001,3793.066406,28.38999939,92.98999786,0.271023393,"UAGuest",0,"Green",1014,1875,1874,-396.9726563,"false","BioR1132",2026-07-11 10:30:00,192,15.0166666666667,32,30,11,10,0,7,2026,2026-07-11 10:30:00,2467.7734378
"409616","BiosphereDendrometer_",14,"2026-07-11 17:47:25","2026-07-11T10:47:25",17223,3.82851553,3793.066406,28.53000069,93.30000305,0.261150688,"UAGuest",0,"Green",1010,1840,1840,-414.0625,"false","BioR1132",2026-07-11 10:45:00,192,15.0166666666667,47,45,11,10,0,7,2026,2026-07-11 10:45:00,2450.6835941
"409623","BiosphereDendrometer_",14,"2026-07-11 18:2:26","2026-07-11T11:2:26",17224,3.826904297,3785.009766,28.59000015,93.20999908,0.265581101,"UAGuest",0,"Green",1011,1816,1816,-425.78125,"false","BioR1132",2026-07-11 11:00:00,192,15.0166666666667,2,0,11,11,0,7,2026,2026-07-11 11:00:00,2438.9648441
"409633","BiosphereDendrometer_",14,"2026-07-11 18:17:27","2026-07-11T11:17:27",17225,3.830127001,3796.289063,28.75,93.37999725,0.261343032,"UAGuest",0,"Green",1013,1777,1776,-444.8242188,"false","BioR1132",2026-07-11 11:15:00,192,15.0166666666667,17,15,11,11,0,7,2026,2026-07-11 11:15:00,2419.9218753
"409643","BiosphereDendrometer_",14,"2026-07-11 18:32:28","2026-07-11T11:32:28",17226,3.831738234,3794.677734,28.77000046,93.83000183,0.243860081,"UAGuest",0,"Green",1011,1754,1753,-456.0546875,"false","BioR1132",2026-07-11 11:30:00,192,15.0166666666667,32,30,11,11,0,7,2026,2026-07-11 11:30:00,2408.6914066
"409653","BiosphereDendrometer_",14,"2026-07-11 18:47:29","2026-07-11T11:47:29",17227,3.825293064,3791.455078,28.93000031,93.58000183,0.256100595,"UAGuest",0,"Green",1013,1718,1718,-473.6328125,"false","BioR1132",2026-07-11 11:45:00,192,15.0166666666667,47,45,11,11,0,7,2026,2026-07-11 11:45:00,2391.1132816
"409663","BiosphereDendrometer_",14,"2026-07-11 19:2:30","2026-07-11T12:2:30",17228,3.826904297,3797.900391,29.06999969,93.47000122,0.262604564,"UAGuest",0,"Green",1013,1658,1657,-502.9296875,"false","BioR1132",2026-07-11 12:00:00,192,15.0166666666667,2,0,11,12,0,7,2026,2026-07-11 12:00:00,2361.8164066
"409673","BiosphereDendrometer_",14,"2026-07-11 19:17:31","2026-07-11T12:17:31",17229,3.831738234,3789.84375,29.27000046,93.40000153,0.268501014,"UAGuest",0,"Green",1012,1592,1591,-535.15625,"false","BioR1132",2026-07-11 12:15:00,192,15.0166666666667,17,15,11,12,0,7,2026,2026-07-11 12:15:00,2329.5898441
"409683","BiosphereDendrometer_",14,"2026-07-11 19:32:32","2026-07-11T12:32:32",17230,3.825293064,3791.455078,29.32999992,93.94999695,0.246979043,"UAGuest",0,"Green",1013,1546,1546,-557.6171875,"false","BioR1132",2026-07-11 12:30:00,192,15.0166666666667,32,30,11,12,0,7,2026,2026-07-11 12:30:00,2307.1289066
"409693","BiosphereDendrometer_",14,"2026-07-11 19:47:33","2026-07-11T12:47:33",17231,3.826904297,3796.289063,29.44000053,93.91000366,0.250192523,"UAGuest",0,"Green",1012,1481,1481,-589.3554688,"false","BioR1132",2026-07-11 12:45:00,192,15.0166666666667,47,45,11,12,0,7,2026,2026-07-11 12:45:00,2275.3906253
"409703","BiosphereDendrometer_",14,"2026-07-11 20:2:34","2026-07-11T13:2:34",17232,3.826904297,3789.84375,29.56999969,94.37000275,0.233032078,"UAGuest",0,"Green",1012,1420,1420,-619.140625,"false","BioR1132",2026-07-11 13:00:00,192,15.0166666666667,2,0,11,13,0,7,2026,2026-07-11 13:00:00,2245.6054691
"409716","BiosphereDendrometer_",14,"2026-07-11 20:17:47","2026-07-11T13:17:47",17233,3.804345608,3709.277344,29.71999931,94.18000031,0.24298349,"UAGuest",-81,"Green",1013,1355,1355,-650.8789063,"false","BioR1132",2026-07-11 13:15:00,192,15.2166666666667,17,15,11,13,0,7,2026,2026-07-11 13:15:00,2213.8671878
"409723","BiosphereDendrometer_",14,"2026-07-11 20:33:0","2026-07-11T13:33:0",17234,3.830127001,3794.677734,29.79000092,94.08999634,0.247735575,"UAGuest",0,"Green",1009,1299,1300,-678.2226563,"false","BioR1132",2026-07-11 13:30:00,192,15.2166666666667,33,30,11,13,0,7,2026,2026-07-11 13:30:00,2186.5234378
"409733","BiosphereDendrometer_",14,"2026-07-11 20:48:1","2026-07-11T13:48:1",17235,3.826904297,3786.621094,29.85000038,94.13999939,0.246487498,"UAGuest",0,"Green",1014,1256,1256,-699.21875,"false","BioR1132",2026-07-11 13:45:00,192,15.0166666666667,48,45,11,13,0,7,2026,2026-07-11 13:45:00,2165.5273441
"409743","BiosphereDendrometer_",14,"2026-07-11 21:3:2","2026-07-11T14:3:2",17236,3.823681593,3788.232422,29.95999908,94.13999939,0.248048633,"UAGuest",0,"Green",1009,1222,1222,-715.8203125,"false","BioR1132",2026-07-11 14:00:00,192,15.0166666666667,3,0,11,14,0,7,2026,2026-07-11 14:00:00,2148.9257816
"409753","BiosphereDendrometer_",14,"2026-07-11 21:18:3","2026-07-11T14:18:3",17237,3.825293064,3789.84375,30.07999992,94.19000244,0.247630343,"UAGuest",0,"Green",1011,1194,1194,-729.4921875,"false","BioR1132",2026-07-11 14:15:00,192,15.0166666666667,18,15,11,14,0,7,2026,2026-07-11 14:15:00,2135.2539066
"409763","BiosphereDendrometer_",14,"2026-07-11 21:33:4","2026-07-11T14:33:4",17238,3.82207036,3789.84375,30.17000008,94.04000092,0.25533703,"UAGuest",0,"Green",1011,1175,1174,-738.7695313,"false","BioR1132",2026-07-11 14:30:00,192,15.0166666666667,33,30,11,14,0,7,2026,2026-07-11 14:30:00,2125.9765628
"409773","BiosphereDendrometer_",14,"2026-07-11 21:48:5","2026-07-11T14:48:5",17239,3.825293064,3789.84375,30.22999954,94.16000366,0.251057118,"UAGuest",0,"Green",1011,1160,1160,-746.09375,"false","BioR1132",2026-07-11 14:45:00,192,15.0166666666667,48,45,11,14,0,7,2026,2026-07-11 14:45:00,2118.6523441
"409783","BiosphereDendrometer_",14,"2026-07-11 22:3:6","2026-07-11T15:3:6",17240,3.82851553,3796.289063,30.26000023,94.58999634,0.232971802,"UAGuest",0,"Green",1009,1157,1156,-747.5585938,"false","BioR1132",2026-07-11 15:00:00,192,15.0166666666667,3,0,11,15,0,7,2026,2026-07-11 15:00:00,2117.1875003
"409793","BiosphereDendrometer_",14,"2026-07-11 22:18:7","2026-07-11T15:18:7",17241,3.818847656,3789.84375,30.55999947,94.19999695,0.254087865,"UAGuest",0,"Green",1010,1157,1157,-747.5585938,"false","BioR1132",2026-07-11 15:15:00,192,15.0166666666667,18,15,11,15,0,7,2026,2026-07-11 15:15:00,2117.1875003
"409803","BiosphereDendrometer_",14,"2026-07-11 22:33:8","2026-07-11T15:33:8",17242,3.820458889,3793.066406,30.64999962,94.26000214,0.252754688,"UAGuest",0,"Green",1012,1164,1163,-744.140625,"false","BioR1132",2026-07-11 15:30:00,192,15.0166666666667,33,30,11,15,0,7,2026,2026-07-11 15:30:00,2120.6054691
"409816","BiosphereDendrometer_",14,"2026-07-11 22:48:9","2026-07-11T15:48:9",17243,3.818847656,3789.84375,30.64999962,94.16999817,0.256717891,"UAGuest",0,"Green",1011,1176,1175,-738.28125,"false","BioR1132",2026-07-11 15:45:00,192,15.0166666666667,48,45,11,15,0,7,2026,2026-07-11 15:45:00,2126.4648441
"409823","BiosphereDendrometer_",14,"2026-07-11 23:3:10","2026-07-11T16:3:10",17244,3.825293064,3791.455078,30.64999962,94.30000305,0.250993311,"UAGuest",0,"Green",1014,1192,1190,-730.46875,"false","BioR1132",2026-07-11 16:00:00,192,15.0166666666667,3,0,11,16,0,7,2026,2026-07-11 16:00:00,2134.2773441
"409833","BiosphereDendrometer_",14,"2026-07-11 23:18:11","2026-07-11T16:18:11",17245,3.818847656,3788.232422,30.63999939,94.13999939,0.257891595,"UAGuest",0,"Green",1014,1205,1205,-724.1210938,"false","BioR1132",2026-07-11 16:15:00,192,15.0166666666667,18,15,11,16,0,7,2026,2026-07-11 16:15:00,2140.6250003
"409843","BiosphereDendrometer_",14,"2026-07-11 23:33:12","2026-07-11T16:33:12",17246,3.826904297,3786.621094,30.87000084,95.88999939,0.183264583,"UAGuest",0,"Green",1014,1217,1217,-718.2617188,"false","BioR1132",2026-07-11 16:30:00,192,15.0166666666667,33,30,11,16,0,7,2026,2026-07-11 16:30:00,2146.4843753
"409853","BiosphereDendrometer_",14,"2026-07-11 23:48:13","2026-07-11T16:48:13",17247,3.817236423,3791.455078,32.20999908,94.83000183,0.248727769,"UAGuest",0,"Green",1011,1231,1230,-711.4257813,"false","BioR1132",2026-07-11 16:45:00,192,15.0166666666667,48,45,11,16,0,7,2026,2026-07-11 16:45:00,2153.3203128
"409863","BiosphereDendrometer_",14,"2026-07-12 0:3:14","2026-07-11T17:3:14",17248,3.826904297,3788.232422,32.34999847,92.81999969,0.348166287,"UAGuest",0,"Green",1011,1247,1247,-703.6132813,"false","BioR1132",2026-07-11 17:00:00,192,15.0166666666667,3,0,11,17,0,7,2026,2026-07-11 17:00:00,2161.1328128
"409873","BiosphereDendrometer_",14,"2026-07-12 0:18:27","2026-07-11T17:18:27",17249,3.825293064,3788.232422,32.04999924,92.29000092,0.367591351,"null",-100,"Green",1011,1271,1269,-691.8945313,"false","BioR1132",2026-07-11 17:15:00,192,15.2166666666667,18,15,11,17,0,7,2026,2026-07-11 17:15:00,2172.8515628
"409883","BiosphereDendrometer_",14,"2026-07-12 0:34:18","2026-07-11T17:34:18",17250,3.823681593,3789.84375,31.77000046,92.18000031,0.36697945,"UAGuest",0,"Green",1012,1294,1294,-680.6640625,"false","BioR1132",2026-07-11 17:30:00,192,15.85,34,30,11,17,0,7,2026,2026-07-11 17:30:00,2184.0820316
"409893","BiosphereDendrometer_",14,"2026-07-12 0:49:19","2026-07-11T17:49:19",17251,3.820458889,3788.232422,31.21999931,91.30999756,0.395281672,"UAGuest",0,"Green",1012,1319,1318,-668.4570313,"false","BioR1132",2026-07-11 17:45:00,192,15.0166666666667,49,45,11,17,0,7,2026,2026-07-11 17:45:00,2196.2890628
"409903","BiosphereDendrometer_",14,"2026-07-12 1:4:20","2026-07-11T18:4:20",17252,3.82207036,3783.398438,30.20999908,90.59999847,0.403636605,"UAGuest",0,"Green",1009,1340,1340,-658.203125,"false","BioR1132",2026-07-11 18:00:00,192,15.0166666666667,4,0,11,18,0,7,2026,2026-07-11 18:00:00,2206.5429691
"409916","BiosphereDendrometer_",14,"2026-07-12 1:19:21","2026-07-11T18:19:21",17253,3.817236423,3789.84375,29.51000023,90.62999725,0.386498272,"UAGuest",0,"Green",1012,1363,1363,-646.9726563,"false","BioR1132",2026-07-11 18:15:00,192,15.0166666666667,19,15,11,18,0,7,2026,2026-07-11 18:15:00,2217.7734378
"409923","BiosphereDendrometer_",14,"2026-07-12 1:34:22","2026-07-11T18:34:22",17254,3.820458889,3785.009766,28.98999977,90.66999817,0.373476893,"UAGuest",0,"Green",1012,1387,1387,-635.2539063,"false","BioR1132",2026-07-11 18:30:00,192,15.0166666666667,34,30,11,18,0,7,2026,2026-07-11 18:30:00,2229.4921878
"409933","BiosphereDendrometer_",14,"2026-07-12 1:49:23","2026-07-11T18:49:23",17255,3.815624952,3788.232422,28.57999992,90.80999756,0.359245509,"UAGuest",0,"Green",1012,1412,1411,-623.046875,"false","BioR1132",2026-07-11 18:45:00,192,15.0166666666667,49,45,11,18,0,7,2026,2026-07-11 18:45:00,2241.6992191
"409943","BiosphereDendrometer_",14,"2026-07-12 2:4:24","2026-07-11T19:4:24",17256,3.818847656,3789.84375,28.30999947,90.47000122,0.366744727,"UAGuest",0,"Green",1011,1437,1436,-610.8398438,"false","BioR1132",2026-07-11 19:00:00,192,15.0166666666667,4,0,11,19,0,7,2026,2026-07-11 19:00:00,2253.9062503
"409953","BiosphereDendrometer_",14,"2026-07-12 2:19:25","2026-07-11T19:19:25",17257,3.815624952,3788.232422,28.07999992,90.5,0.360734433,"UAGuest",0,"Green",1012,1462,1461,-598.6328125,"false","BioR1132",2026-07-11 19:15:00,192,15.0166666666667,19,15,11,19,0,7,2026,2026-07-11 19:15:00,2266.1132816
"409963","BiosphereDendrometer_",14,"2026-07-12 2:34:26","2026-07-11T19:34:26",17258,3.823681593,3786.621094,27.93000031,90.41000366,0.36098519,"UAGuest",0,"Green",1012,1486,1486,-586.9140625,"false","BioR1132",2026-07-11 19:30:00,192,15.0166666666667,34,30,11,19,0,7,2026,2026-07-11 19:30:00,2277.8320316
"409973","BiosphereDendrometer_",14,"2026-07-12 2:49:27","2026-07-11T19:49:27",17259,3.818847656,3781.787109,27.79000092,90.40000153,0.358425021,"UAGuest",0,"Green",1010,1510,1511,-575.1953125,"false","BioR1132",2026-07-11 19:45:00,192,15.0166666666667,49,45,11,19,0,7,2026,2026-07-11 19:45:00,2289.5507816
"409983","BiosphereDendrometer_",14,"2026-07-12 3:4:28","2026-07-11T20:4:28",17260,3.817236423,3785.009766,27.70999908,90.45999908,0.354526788,"UAGuest",0,"Green",1013,1537,1536,-562.0117188,"false","BioR1132",2026-07-11 20:00:00,192,15.0166666666667,4,0,11,20,0,7,2026,2026-07-11 20:00:00,2302.7343753
"409993","BiosphereDendrometer_",14,"2026-07-12 3:19:29","2026-07-11T20:19:29",17261,3.823681593,3783.398438,27.60000038,90.66999817,0.344503522,"UAGuest",0,"Green",1012,1561,1560,-550.2929688,"false","BioR1132",2026-07-11 20:15:00,192,15.0166666666667,19,15,11,20,0,7,2026,2026-07-11 20:15:00,2314.4531253
"410003","BiosphereDendrometer_",14,"2026-07-12 3:34:30","2026-07-11T20:34:30",17262,3.818847656,3785.009766,27.54000092,90.44000244,0.351760745,"UAGuest",0,"Green",1011,1583,1584,-539.5507813,"false","BioR1132",2026-07-11 20:30:00,192,15.0166666666667,34,30,11,20,0,7,2026,2026-07-11 20:30:00,2325.1953128
"410016","BiosphereDendrometer_",14,"2026-07-12 3:49:31","2026-07-11T20:49:31",17263,3.818847656,3781.787109,27.5,90.37000275,0.353509128,"UAGuest",0,"Green",1009,1607,1608,-527.8320313,"false","BioR1132",2026-07-11 20:45:00,192,15.0166666666667,49,45,11,20,0,7,2026,2026-07-11 20:45:00,2336.9140628
"410023","BiosphereDendrometer_",14,"2026-07-12 4:4:32","2026-07-11T21:4:32",17264,3.81401372,3781.787109,27.45999908,90.48000336,0.348654926,"UAGuest",0,"Green",1011,1631,1631,-516.1132813,"false","BioR1132",2026-07-11 21:00:00,192,15.0166666666667,4,0,11,21,0,7,2026,2026-07-11 21:00:00,2348.6328128
"410033","BiosphereDendrometer_",14,"2026-07-12 4:19:45","2026-07-11T21:19:45",17265,3.81401372,3781.787109,27.38999939,90.29000092,0.354160994,"null",-100,"Green",1012,1653,1653,-505.3710938,"false","BioR1132",2026-07-11 21:15:00,192,15.2166666666667,19,15,11,21,0,7,2026,2026-07-11 21:15:00,2359.3750003
"410043","BiosphereDendrometer_",14,"2026-07-12 4:35:36","2026-07-11T21:35:36",17266,3.823681593,3786.621094,27.35000038,90.19999695,0.356608301,"UAGuest",0,"Green",1013,1677,1676,-493.6523438,"false","BioR1132",2026-07-11 21:30:00,192,15.85,35,30,11,21,0,7,2026,2026-07-11 21:30:00,2371.0937503
"410053","BiosphereDendrometer_",14,"2026-07-12 4:50:37","2026-07-11T21:50:37",17267,3.815624952,3783.398438,27.36000061,90.33000183,0.352083355,"UAGuest",0,"Green",1011,1696,1697,-484.375,"false","BioR1132",2026-07-11 21:45:00,192,15.0166666666667,50,45,11,21,0,7,2026,2026-07-11 21:45:00,2380.3710941
"410063","BiosphereDendrometer_",14,"2026-07-12 5:5:38","2026-07-11T22:5:38",17268,3.818847656,3781.787109,27.35000038,90.25,0.35478878,"UAGuest",0,"Green",1010,1717,1717,-474.1210938,"false","BioR1132",2026-07-11 22:00:00,192,15.0166666666667,5,0,11,22,0,7,2026,2026-07-11 22:00:00,2390.6250003
"410073","BiosphereDendrometer_",14,"2026-07-12 5:20:39","2026-07-11T22:20:39",17269,3.812402248,3783.398438,27.31999969,90.09999847,0.359615207,"UAGuest",0,"Green",1010,1737,1737,-464.3554688,"false","BioR1132",2026-07-11 22:15:00,192,15.0166666666667,20,15,11,22,0,7,2026,2026-07-11 22:15:00,2400.3906253
"410083","BiosphereDendrometer_",14,"2026-07-12 5:35:40","2026-07-11T22:35:40",17270,3.817236423,3785.009766,27.25,89.97000122,0.362847477,"UAGuest",0,"Green",1013,1756,1756,-455.078125,"false","BioR1132",2026-07-11 22:30:00,192,15.0166666666667,35,30,11,22,0,7,2026,2026-07-11 22:30:00,2409.6679691
"410093","BiosphereDendrometer_",14,"2026-07-12 5:50:41","2026-07-11T22:50:41",17271,3.809179783,3780.175781,27.20999908,89.72000122,0.37102133,"UAGuest",0,"Green",1009,1774,1773,-446.2890625,"false","BioR1132",2026-07-11 22:45:00,192,15.0166666666667,50,45,11,22,0,7,2026,2026-07-11 22:45:00,2418.4570316
"410106","BiosphereDendrometer_",14,"2026-07-12 6:5:42","2026-07-11T23:5:42",17272,3.817236423,3783.398438,27.12000084,89.68000031,0.370506138,"UAGuest",0,"Green",1012,1791,1790,-437.9882813,"false","BioR1132",2026-07-11 23:00:00,192,15.0166666666667,5,0,11,23,0,7,2026,2026-07-11 23:00:00,2426.7578128
"410116","BiosphereDendrometer_",14,"2026-07-12 6:20:43","2026-07-11T23:20:43",17273,3.809179783,3778.564453,27.02000046,89.55000305,0.372979909,"UAGuest",0,"Green",1014,1807,1808,-430.1757813,"false","BioR1132",2026-07-11 23:15:00,192,15.0166666666667,20,15,11,23,0,7,2026,2026-07-11 23:15:00,2434.5703128
"410123","BiosphereDendrometer_",14,"2026-07-12 6:35:44","2026-07-11T23:35:44",17274,3.812402248,3781.787109,26.94000053,89.66000366,0.367325544,"UAGuest",0,"Green",1012,1823,1823,-422.3632813,"false","BioR1132",2026-07-11 23:30:00,192,15.0166666666667,35,30,11,23,0,7,2026,2026-07-11 23:30:00,2442.3828128
"410133","BiosphereDendrometer_",14,"2026-07-12 6:50:45","2026-07-11T23:50:45",17275,3.81401372,3780.175781,26.90999985,89.62999725,0.367743284,"UAGuest",0,"Green",1014,1839,1839,-414.5507813,"false","BioR1132",2026-07-11 23:45:00,192,15.0166666666667,50,45,11,23,0,7,2026,2026-07-11 23:45:00,2450.1953128
"410143","BiosphereDendrometer_",14,"2026-07-12 7:5:46","2026-07-12T0:5:46",17276,3.810791016,3780.175781,26.85000038,89.55000305,0.369276822,"UAGuest",0,"Green",1012,1854,1854,-407.2265625,"false","BioR1132",2026-07-12,193,15.0166666666667,5,0,12,0,0,7,2026,2026-07-12,2457.5195316
"410153","BiosphereDendrometer_",14,"2026-07-12 7:20:47","2026-07-12T0:20:47",17277,3.809179783,3778.564453,26.84000015,89.55999756,0.368707001,"UAGuest",0,"Green",1013,1870,1869,-399.4140625,"false","BioR1132",2026-07-12 00:15:00,193,15.0166666666667,20,15,12,0,0,7,2026,2026-07-12 00:15:00,2465.3320316
"410163","BiosphereDendrometer_",14,"2026-07-12 7:35:48","2026-07-12T0:35:48",17278,3.810791016,3780.175781,26.87000084,89.73000336,0.363342613,"UAGuest",0,"Green",1015,1884,1883,-392.578125,"false","BioR1132",2026-07-12 00:30:00,193,15.0166666666667,35,30,12,0,0,7,2026,2026-07-12 00:30:00,2472.1679691
"410173","BiosphereDendrometer_",14,"2026-07-12 7:50:49","2026-07-12T0:50:49",17279,3.812402248,3776.953125,26.84000015,89.80000305,0.360230833,"UAGuest",0,"Green",1011,1897,1897,-386.2304688,"false","BioR1132",2026-07-12 00:45:00,193,15.0166666666667,50,45,12,0,0,7,2026,2026-07-12 00:45:00,2478.5156253
"410183","BiosphereDendrometer_",14,"2026-07-12 8:5:50","2026-07-12T1:5:50",17280,3.810791016,3775.341797,26.90999985,89.80999756,0.361360103,"UAGuest",0,"Green",1011,1910,1910,-379.8828125,"false","BioR1132",2026-07-12 01:00:00,193,15.0166666666667,5,0,12,1,0,7,2026,2026-07-12 01:00:00,2484.8632816
"410193","BiosphereDendrometer_",14,"2026-07-12 8:20:56","2026-07-12T1:20:56",17281,3.786621094,3756.005859,26.96999931,89.62000275,0.369396299,"UAGuest",-82,"Green",1012,1925,1924,-372.5585938,"false","BioR1132",2026-07-12 01:15:00,193,15.1,20,15,12,1,0,7,2026,2026-07-12 01:15:00,2492.1875003
"410203","BiosphereDendrometer_",14,"2026-07-12 8:36:7","2026-07-12T1:36:7",17282,3.817236423,3781.787109,26.90999985,89.75,0.36348775,"UAGuest",0,"Green",1009,1937,1936,-366.6992188,"false","BioR1132",2026-07-12 01:30:00,193,15.1833333333333,36,30,12,1,0,7,2026,2026-07-12 01:30:00,2498.0468753
"410216","BiosphereDendrometer_",14,"2026-07-12 8:51:8","2026-07-12T1:51:8",17283,3.810791016,3775.341797,26.94000053,89.70999908,0.365549445,"UAGuest",0,"Green",1011,1949,1949,-360.8398438,"false","BioR1132",2026-07-12 01:45:00,193,15.0166666666667,51,45,12,1,0,7,2026,2026-07-12 01:45:00,2503.9062503
"410223","BiosphereDendrometer_",14,"2026-07-12 9:6:9","2026-07-12T2:6:9",17284,3.810791016,3778.564453,26.90999985,89.58999634,0.369161814,"UAGuest",0,"Green",1013,1960,1960,-355.46875,"false","BioR1132",2026-07-12 02:00:00,193,15.0166666666667,6,0,12,2,0,7,2026,2026-07-12 02:00:00,2509.2773441
"410233","BiosphereDendrometer_",14,"2026-07-12 9:21:10","2026-07-12T2:21:10",17285,3.805957079,3778.564453,26.94000053,89.75,0.364128411,"UAGuest",0,"Green",1012,1971,1971,-350.0976563,"false","BioR1132",2026-07-12 02:15:00,193,15.0166666666667,21,15,12,2,0,7,2026,2026-07-12 02:15:00,2514.6484378
"410243","BiosphereDendrometer_",14,"2026-07-12 9:36:11","2026-07-12T2:36:11",17286,3.815624952,3776.953125,26.92000008,89.86000061,0.359798044,"UAGuest",0,"Green",1011,1982,1982,-344.7265625,"false","BioR1132",2026-07-12 02:30:00,193,15.0166666666667,36,30,12,2,0,7,2026,2026-07-12 02:30:00,2520.0195316
"410253","BiosphereDendrometer_",14,"2026-07-12 9:51:12","2026-07-12T2:51:12",17287,3.812402248,3778.564453,26.78000069,89.44999695,0.371280789,"UAGuest",0,"Green",1011,1992,1992,-339.84375,"false","BioR1132",2026-07-12 02:45:00,193,15.0166666666667,51,45,12,2,0,7,2026,2026-07-12 02:45:00,2524.9023441
"410263","BiosphereDendrometer_",14,"2026-07-12 10:6:13","2026-07-12T3:6:13",17288,3.809179783,3776.953125,26.68000031,89.20999908,0.37750122,"UAGuest",0,"Green",1012,2003,2002,-334.4726563,"false","BioR1132",2026-07-12 03:00:00,193,15.0166666666667,6,0,12,3,0,7,2026,2026-07-12 03:00:00,2530.2734378
"410273","BiosphereDendrometer_",14,"2026-07-12 10:21:14","2026-07-12T3:21:14",17289,3.802734375,3776.953125,26.55999947,89.01999664,0.381446034,"UAGuest",0,"Green",1013,2010,2010,-331.0546875,"false","BioR1132",2026-07-12 03:15:00,193,15.0166666666667,21,15,12,3,0,7,2026,2026-07-12 03:15:00,2533.6914066
"410283","BiosphereDendrometer_",14,"2026-07-12 10:36:15","2026-07-12T3:36:15",17290,3.805957079,3775.341797,26.32999992,89.26000214,0.368086845,"UAGuest",0,"Green",1011,2019,2019,-326.6601563,"false","BioR1132",2026-07-12 03:30:00,193,15.0166666666667,36,30,12,3,0,7,2026,2026-07-12 03:30:00,2538.0859378
"410293","BiosphereDendrometer_",14,"2026-07-12 10:51:16","2026-07-12T3:51:16",17291,3.807568312,3776.953125,26.15999985,89.36000061,0.361020267,"UAGuest",0,"Green",1012,2028,2027,-322.265625,"false","BioR1132",2026-07-12 03:45:00,193,15.0166666666667,51,45,12,3,0,7,2026,2026-07-12 03:45:00,2542.4804691
"410303","BiosphereDendrometer_",14,"2026-07-12 11:6:17","2026-07-12T4:6:17",17292,3.805957079,3775.341797,26.01000023,89.72000122,0.345728189,"UAGuest",0,"Green",1011,2037,2037,-317.8710938,"false","BioR1132",2026-07-12 04:00:00,193,15.0166666666667,6,0,12,4,0,7,2026,2026-07-12 04:00:00,2546.8750003
"410316","BiosphereDendrometer_",14,"2026-07-12 11:21:18","2026-07-12T4:21:18",17293,3.807568312,3775.341797,25.87999916,89.91999817,0.336405873,"UAGuest",0,"Green",1011,2047,2046,-312.9882813,"false","BioR1132",2026-07-12 04:15:00,193,15.0166666666667,21,15,12,4,0,7,2026,2026-07-12 04:15:00,2551.7578128
"410323","BiosphereDendrometer_",14,"2026-07-12 11:36:19","2026-07-12T4:36:19",17294,3.807568312,3775.341797,25.78000069,89.73999786,0.340392441,"UAGuest",0,"Green",1011,2053,2053,-310.0585938,"false","BioR1132",2026-07-12 04:30:00,193,15.0166666666667,36,30,12,4,0,7,2026,2026-07-12 04:30:00,2554.6875003
"410333","BiosphereDendrometer_",14,"2026-07-12 11:51:20","2026-07-12T4:51:20",17295,3.805957079,3772.119141,25.71999931,89.69999695,0.340507388,"UAGuest",0,"Green",1014,2062,2061,-305.6640625,"false","BioR1132",2026-07-12 04:45:00,193,15.0166666666667,51,45,12,4,0,7,2026,2026-07-12 04:45:00,2559.0820316
"410343","BiosphereDendrometer_",14,"2026-07-12 12:6:21","2026-07-12T5:6:21",17296,3.804345608,3776.953125,25.62000084,89.34999847,0.349997759,"UAGuest",0,"Green",1014,2069,2069,-302.2460938,"false","BioR1132",2026-07-12 05:00:00,193,15.0166666666667,6,0,12,5,0,7,2026,2026-07-12 05:00:00,2562.5000003
"410353","BiosphereDendrometer_",14,"2026-07-12 12:21:27","2026-07-12T5:21:27",17297,3.78339839,3752.783203,25.54000092,89.55000305,0.341799557,"UAGuest",-83,"Green",1013,2077,2076,-298.3398438,"false","BioR1132",2026-07-12 05:15:00,193,15.1,21,15,12,5,0,7,2026,2026-07-12 05:15:00,2566.4062503
"410363","BiosphereDendrometer_",14,"2026-07-12 12:36:38","2026-07-12T5:36:38",17298,3.812402248,3772.119141,25.54999924,89.56999969,0.341347873,"UAGuest",0,"Green",1012,2084,2084,-294.921875,"false","BioR1132",2026-07-12 05:30:00,193,15.1833333333333,36,30,12,5,0,7,2026,2026-07-12 05:30:00,2569.8242191
"410373","BiosphereDendrometer_",14,"2026-07-12 12:51:39","2026-07-12T5:51:39",17299,3.809179783,3775.341797,25.56999969,89.19000244,0.354204148,"UAGuest",0,"Green",1010,2091,2090,-291.5039063,"false","BioR1132",2026-07-12 05:45:00,193,15.0166666666667,51,45,12,5,0,7,2026,2026-07-12 05:45:00,2573.2421878
"410383","BiosphereDendrometer_",14,"2026-07-12 13:6:40","2026-07-12T6:6:40",17300,3.801123142,3772.119141,25.54999924,89.43000031,0.345929682,"UAGuest",0,"Green",1011,2094,2094,-290.0390625,"false","BioR1132",2026-07-12 06:00:00,193,15.0166666666667,6,0,12,6,0,7,2026,2026-07-12 06:00:00,2574.7070316
"410393","BiosphereDendrometer_",14,"2026-07-12 13:21:41","2026-07-12T6:21:41",17301,3.804345608,3772.119141,25.70999908,89.23000336,0.355834067,"UAGuest",0,"Green",1011,2096,2096,-289.0625,"false","BioR1132",2026-07-12 06:15:00,193,15.0166666666667,21,15,12,6,0,7,2026,2026-07-12 06:15:00,2575.6835941
"410403","BiosphereDendrometer_",14,"2026-07-12 13:36:42","2026-07-12T6:36:42",17302,3.807568312,3768.896484,25.95000076,89.37999725,0.355898201,"UAGuest",0,"Green",1011,2095,2096,-289.5507813,"false","BioR1132",2026-07-12 06:30:00,193,15.0166666666667,36,30,12,6,0,7,2026,2026-07-12 06:30:00,2575.1953128
"410416","BiosphereDendrometer_",14,"2026-07-12 13:51:43","2026-07-12T6:51:43",17303,3.804345608,3768.896484,26.20000076,89.61000061,0.353371084,"UAGuest",0,"Green",1011,2092,2093,-291.015625,"false","BioR1132",2026-07-12 06:45:00,193,15.0166666666667,51,45,12,6,0,7,2026,2026-07-12 06:45:00,2573.7304691
"410423","BiosphereDendrometer_",14,"2026-07-12 14:6:44","2026-07-12T7:6:44",17304,3.801123142,3772.119141,26.29000092,90.30999756,0.331318408,"UAGuest",0,"Green",1010,2091,2091,-291.5039063,"false","BioR1132",2026-07-12 07:00:00,193,15.0166666666667,6,0,12,7,0,7,2026,2026-07-12 07:00:00,2573.2421878
"410433","BiosphereDendrometer_",14,"2026-07-12 14:21:45","2026-07-12T7:21:45",17305,3.809179783,3768.896484,26.54000092,90.45999908,0.331030428,"UAGuest",0,"Green",1010,2087,2088,-293.4570313,"false","BioR1132",2026-07-12 07:15:00,193,15.0166666666667,21,15,12,7,0,7,2026,2026-07-12 07:15:00,2571.2890628
"410443","BiosphereDendrometer_",14,"2026-07-12 14:36:46","2026-07-12T7:36:46",17306,3.804345608,3772.119141,26.90999985,90.80999756,0.325897902,"UAGuest",0,"Green",1010,2082,2082,-295.8984375,"false","BioR1132",2026-07-12 07:30:00,193,15.0166666666667,36,30,12,7,0,7,2026,2026-07-12 07:30:00,2568.8476566
"410453","BiosphereDendrometer_",14,"2026-07-12 14:51:47","2026-07-12T7:51:47",17307,3.801123142,3767.285156,27.29000092,91.22000122,0.318371743,"UAGuest",0,"Green",1011,2075,2075,-299.3164063,"false","BioR1132",2026-07-12 07:45:00,193,15.0166666666667,51,45,12,7,0,7,2026,2026-07-12 07:45:00,2565.4296878
"410463","BiosphereDendrometer_",14,"2026-07-12 15:6:48","2026-07-12T8:6:48",17308,3.801123142,3770.507813,27.02000046,89.86000061,0.361915529,"UAGuest",0,"Green",1011,2066,2065,-303.7109375,"false","BioR1132",2026-07-12 08:00:00,193,15.0166666666667,6,0,12,8,0,7,2026,2026-07-12 08:00:00,2561.0351566
"410473","BiosphereDendrometer_",14,"2026-07-12 15:21:49","2026-07-12T8:21:49",17309,3.801123142,3768.896484,26.97999954,91.80999756,0.291631162,"UAGuest",0,"Green",1011,2052,2052,-310.546875,"false","BioR1132",2026-07-12 08:15:00,193,15.0166666666667,21,15,12,8,0,7,2026,2026-07-12 08:15:00,2554.1992191
"410483","BiosphereDendrometer_",14,"2026-07-12 15:36:50","2026-07-12T8:36:50",17310,3.804345608,3772.119141,27.12000084,92.04000092,0.285777867,"UAGuest",0,"Green",1010,2039,2039,-316.8945313,"false","BioR1132",2026-07-12 08:30:00,193,15.0166666666667,36,30,12,8,0,7,2026,2026-07-12 08:30:00,2547.8515628
"410493","BiosphereDendrometer_",14,"2026-07-12 15:51:51","2026-07-12T8:51:51",17311,3.802734375,3772.119141,27.28000069,92.47000122,0.27288571,"UAGuest",0,"Green",1012,2022,2022,-325.1953125,"false","BioR1132",2026-07-12 08:45:00,193,15.0166666666667,51,45,12,8,0,7,2026,2026-07-12 08:45:00,2539.5507816
"410503","BiosphereDendrometer_",14,"2026-07-12 16:6:52","2026-07-12T9:6:52",17312,3.802734375,3770.507813,27.28000069,92.44999695,0.273610622,"UAGuest",0,"Green",1010,2002,2002,-334.9609375,"false","BioR1132",2026-07-12 09:00:00,193,15.0166666666667,6,0,12,9,0,7,2026,2026-07-12 09:00:00,2529.7851566
"410516","BiosphereDendrometer_",14,"2026-07-12 16:22:5","2026-07-12T9:22:5",17313,3.801123142,3767.285156,27.18000031,92.61000061,0.266248345,"null",-100,"Green",1010,1979,1978,-346.1914063,"false","BioR1132",2026-07-12 09:15:00,193,15.2166666666667,22,15,12,9,0,7,2026,2026-07-12 09:15:00,2518.5546878
"410523","BiosphereDendrometer_",14,"2026-07-12 16:37:56","2026-07-12T9:37:56",17314,3.807568312,3770.507813,27.32999992,93.05000305,0.252604723,"UAGuest",0,"Green",1010,1951,1951,-359.8632813,"false","BioR1132",2026-07-12 09:30:00,193,15.85,37,30,12,9,0,7,2026,2026-07-12 09:30:00,2504.8828128
"410533","BiosphereDendrometer_",14,"2026-07-12 16:52:57","2026-07-12T9:52:57",17315,3.804345608,3765.673828,27.54000092,93.41999817,0.242111653,"UAGuest",0,"Green",1011,1922,1922,-374.0234375,"false","BioR1132",2026-07-12 09:45:00,193,15.0166666666667,52,45,12,9,0,7,2026,2026-07-12 09:45:00,2490.7226566
"410543","BiosphereDendrometer_",14,"2026-07-12 17:7:58","2026-07-12T10:7:58",17316,3.799511671,3773.730469,27.72999954,93.43000031,0.244440213,"UAGuest",0,"Green",1013,1890,1889,-389.6484375,"false","BioR1132",2026-07-12 10:00:00,193,15.0166666666667,7,0,12,10,0,7,2026,2026-07-12 10:00:00,2475.0976566
"410553","BiosphereDendrometer_",14,"2026-07-12 17:22:59","2026-07-12T10:22:59",17317,3.801123142,3767.285156,27.96999931,93.63999939,0.239960641,"UAGuest",0,"Green",1011,1856,1855,-406.25,"false","BioR1132",2026-07-12 10:15:00,193,15.0166666666667,22,15,12,10,0,7,2026,2026-07-12 10:15:00,2458.4960941
"410563","BiosphereDendrometer_",14,"2026-07-12 17:38:0","2026-07-12T10:38:0",17318,3.799511671,3765.673828,28.14999962,93.76000214,0.237912253,"UAGuest",0,"Green",1014,1817,1818,-425.2929688,"false","BioR1132",2026-07-12 10:45:00,193,15.0166666666667,38,45,12,10,0,7,2026,2026-07-12 10:45:00,2439.4531253
"410573","BiosphereDendrometer_",14,"2026-07-12 17:53:1","2026-07-12T10:53:1",17319,3.799511671,3772.119141,28.37999916,93.98999786,0.232226193,"UAGuest",0,"Green",1010,1779,1778,-443.8476563,"false","BioR1132",2026-07-12 11:00:00,193,15.0166666666667,53,0,12,11,0,7,2026,2026-07-12 11:00:00,2420.8984378
"410583","BiosphereDendrometer_",14,"2026-07-12 18:8:2","2026-07-12T11:8:2",17320,3.793066502,3768.896484,28.57999992,93.94000244,0.236890748,"UAGuest",0,"Green",1014,1734,1734,-465.8203125,"false","BioR1132",2026-07-12 11:15:00,193,15.0166666666667,8,15,12,11,0,7,2026,2026-07-12 11:15:00,2398.9257816
"410593","BiosphereDendrometer_",14,"2026-07-12 18:23:3","2026-07-12T11:23:3",17321,3.804345608,3768.896484,28.75,94.18000031,0.229760721,"UAGuest",0,"Green",1013,1688,1687,-488.28125,"false","BioR1132",2026-07-12 11:30:00,193,15.0166666666667,23,30,12,11,0,7,2026,2026-07-12 11:30:00,2376.4648441
"410603","BiosphereDendrometer_",14,"2026-07-12 18:38:4","2026-07-12T11:38:4",17322,3.796288967,3765.673828,28.95000076,94.26000214,0.229239598,"UAGuest",0,"Green",1012,1638,1637,-512.6953125,"false","BioR1132",2026-07-12 11:45:00,193,15.0166666666667,38,45,12,11,0,7,2026,2026-07-12 11:45:00,2352.0507816
"410616","BiosphereDendrometer_",14,"2026-07-12 18:53:5","2026-07-12T11:53:5",17323,3.802734375,3764.0625,29.05999947,94.22000122,0.232309043,"UAGuest",0,"Green",1010,1584,1585,-539.0625,"false","BioR1132",2026-07-12 12:00:00,193,15.0166666666667,53,0,12,12,0,7,2026,2026-07-12 12:00:00,2325.6835941
"410623","BiosphereDendrometer_",14,"2026-07-12 19:8:6","2026-07-12T12:8:6",17324,3.799511671,3764.0625,29.22999954,94.02999878,0.242311791,"UAGuest",0,"Green",1013,1527,1527,-566.8945313,"false","BioR1132",2026-07-12 12:15:00,193,15.0166666666667,8,15,12,12,0,7,2026,2026-07-12 12:15:00,2297.8515628
"410633","BiosphereDendrometer_",14,"2026-07-12 19:23:7","2026-07-12T12:23:7",17325,3.801123142,3767.285156,29.37000084,94.08000183,0.2422297,"UAGuest",0,"Green",1013,1468,1467,-595.703125,"false","BioR1132",2026-07-12 12:30:00,193,15.0166666666667,23,30,12,12,0,7,2026,2026-07-12 12:30:00,2269.0429691
"410643","BiosphereDendrometer_",14,"2026-07-12 19:38:8","2026-07-12T12:38:8",17326,3.797900438,3768.896484,29.57999992,93.95999908,0.250146449,"UAGuest",0,"Green",1012,1404,1403,-626.953125,"false","BioR1132",2026-07-12 12:45:00,193,15.0166666666667,38,45,12,12,0,7,2026,2026-07-12 12:45:00,2237.7929691
"410653","BiosphereDendrometer_",14,"2026-07-12 19:53:9","2026-07-12T12:53:9",17327,3.797900438,3767.285156,29.51000023,94.58999634,0.223154321,"UAGuest",0,"Green",1011,1381,1380,-638.1835938,"false","BioR1132",2026-07-12 13:00:00,193,15.0166666666667,53,0,12,13,0,7,2026,2026-07-12 13:00:00,2226.5625003
"410663","BiosphereDendrometer_",14,"2026-07-12 20:8:10","2026-07-12T13:8:10",17328,3.801123142,3768.896484,29.75,94.66999817,0.222910181,"UAGuest",0,"Green",1011,1314,1314,-670.8984375,"false","BioR1132",2026-07-12 13:15:00,193,15.0166666666667,8,15,12,13,0,7,2026,2026-07-12 13:15:00,2193.8476566
"410673","BiosphereDendrometer_",14,"2026-07-12 20:23:23","2026-07-12T13:23:23",17329,3.799511671,3764.0625,29.72999954,94.83000183,0.215970218,"null",-100,"Green",1010,1275,1273,-689.9414063,"false","BioR1132",2026-07-12 13:30:00,193,15.2166666666667,23,30,12,13,0,7,2026,2026-07-12 13:30:00,2174.8046878
"410683","BiosphereDendrometer_",14,"2026-07-12 20:39:14","2026-07-12T13:39:14",17330,3.797900438,3767.285156,29.89999962,94.90000153,0.215136454,"UAGuest",0,"Green",1014,1215,1215,-719.2382813,"false","BioR1132",2026-07-12 13:45:00,193,15.85,39,45,12,13,0,7,2026,2026-07-12 13:45:00,2145.5078128
"410693","BiosphereDendrometer_",14,"2026-07-12 20:54:15","2026-07-12T13:54:15",17331,3.799511671,3764.0625,29.98999977,94.70999908,0.224306777,"UAGuest",0,"Green",1012,1167,1168,-742.6757813,"false","BioR1132",2026-07-12 14:00:00,193,15.0166666666667,54,0,12,14,0,7,2026,2026-07-12 14:00:00,2122.0703128
"410703","BiosphereDendrometer_",14,"2026-07-12 21:9:16","2026-07-12T14:9:16",17332,3.801123142,3764.0625,30.09000015,94.93000031,0.216214493,"UAGuest",0,"Green",1013,1130,1130,-760.7421875,"false","BioR1132",2026-07-12 14:15:00,193,15.0166666666667,9,15,12,14,0,7,2026,2026-07-12 14:15:00,2104.0039066
"410716","BiosphereDendrometer_",14,"2026-07-12 21:24:17","2026-07-12T14:24:17",17333,3.797900438,3764.0625,30.12000084,94.87000275,0.219149634,"UAGuest",0,"Green",1013,1120,1120,-765.625,"false","BioR1132",2026-07-12 14:30:00,193,15.0166666666667,24,30,12,14,0,7,2026,2026-07-12 14:30:00,2099.1210941
"410723","BiosphereDendrometer_",14,"2026-07-12 21:39:18","2026-07-12T14:39:18",17334,3.804345608,3764.0625,30.12999916,94.75,0.224404544,"UAGuest",0,"Green",1012,1102,1101,-774.4140625,"false","BioR1132",2026-07-12 14:45:00,193,15.0166666666667,39,45,12,14,0,7,2026,2026-07-12 14:45:00,2090.3320316
"410733","BiosphereDendrometer_",14,"2026-07-12 21:54:19","2026-07-12T14:54:19",17335,3.802734375,3765.673828,30.12999916,94.66000366,0.228251353,"UAGuest",0,"Green",1014,1095,1095,-777.8320313,"false","BioR1132",2026-07-12 15:00:00,193,15.0166666666667,54,0,12,15,0,7,2026,2026-07-12 15:00:00,2086.9140628
"410743","BiosphereDendrometer_",14,"2026-07-12 22:9:20","2026-07-12T15:9:20",17336,3.794677734,3764.0625,30.22999954,95.16999817,0.207638189,"UAGuest",0,"Green",1013,1092,1091,-779.296875,"false","BioR1132",2026-07-12 15:15:00,193,15.0166666666667,9,15,12,15,0,7,2026,2026-07-12 15:15:00,2085.4492191
"410753","BiosphereDendrometer_",14,"2026-07-12 22:24:21","2026-07-12T15:24:21",17337,3.799511671,3760.839844,30.43000031,94.68000031,0.23133491,"UAGuest",0,"Green",1013,1092,1092,-779.296875,"false","BioR1132",2026-07-12 15:30:00,193,15.0166666666667,24,30,12,15,0,7,2026,2026-07-12 15:30:00,2085.4492191
"410763","BiosphereDendrometer_",14,"2026-07-12 22:39:22","2026-07-12T15:39:22",17338,3.793066502,3764.0625,30.40999985,94.69000244,0.23063609,"UAGuest",0,"Green",1012,1096,1095,-777.34375,"false","BioR1132",2026-07-12 15:45:00,193,15.0166666666667,39,45,12,15,0,7,2026,2026-07-12 15:45:00,2087.4023441
"410773","BiosphereDendrometer_",14,"2026-07-12 22:54:23","2026-07-12T15:54:23",17339,3.799511671,3765.673828,30.26000023,94.91999817,0.218760908,"UAGuest",0,"Green",1013,1114,1113,-768.5546875,"false","BioR1132",2026-07-12 16:00:00,193,15.0166666666667,54,0,12,16,0,7,2026,2026-07-12 16:00:00,2096.1914066
"410783","BiosphereDendrometer_",14,"2026-07-12 23:9:24","2026-07-12T16:9:24",17340,3.796288967,3764.0625,29.95999908,95.01000214,0.211222246,"UAGuest",0,"Green",1012,1138,1138,-756.8359375,"false","BioR1132",2026-07-12 16:15:00,193,15.0166666666667,9,15,12,16,0,7,2026,2026-07-12 16:15:00,2107.9101566
"410793","BiosphereDendrometer_",14,"2026-07-12 23:24:25","2026-07-12T16:24:25",17341,3.797900438,3759.228516,29.72999954,94.66999817,0.222654119,"UAGuest",0,"Green",1009,1159,1160,-746.5820313,"false","BioR1132",2026-07-12 16:30:00,193,15.0166666666667,24,30,12,16,0,7,2026,2026-07-12 16:30:00,2118.1640628
"410803","BiosphereDendrometer_",14,"2026-07-12 23:39:26","2026-07-12T16:39:26",17342,3.794677734,3759.228516,29.76000023,94.66999817,0.223038331,"UAGuest",0,"Green",1010,1182,1182,-735.3515625,"false","BioR1132",2026-07-12 16:45:00,193,15.0166666666667,39,45,12,16,0,7,2026,2026-07-12 16:45:00,2129.3945316
"410816","BiosphereDendrometer_",14,"2026-07-12 23:54:27","2026-07-12T16:54:27",17343,3.789843798,3762.451172,29.69000053,93.19999695,0.283409178,"UAGuest",0,"Green",1010,1204,1204,-724.609375,"false","BioR1132",2026-07-12 17:00:00,193,15.0166666666667,54,0,12,17,0,7,2026,2026-07-12 17:00:00,2140.1367191
"410823","BiosphereDendrometer_",14,"2026-07-13 0:9:28","2026-07-12T17:9:28",17344,3.793066502,3749.560547,29.45000076,93.5,0.267190278,"UAGuest",0,"Green",1011,1226,1225,-713.8671875,"false","BioR1132",2026-07-12 17:15:00,193,15.0166666666667,9,15,12,17,0,7,2026,2026-07-12 17:15:00,2150.8789066
"410833","BiosphereDendrometer_",14,"2026-07-13 0:24:41","2026-07-12T17:24:41",17345,3.797900438,3767.285156,29.37000084,93.58000183,0.262688279,"null",-100,"Green",1014,1249,1249,-702.6367188,"false","BioR1132",2026-07-12 17:30:00,193,15.2166666666667,24,30,12,17,0,7,2026,2026-07-12 17:30:00,2162.1093753
"410843","BiosphereDendrometer_",14,"2026-07-13 0:40:32","2026-07-12T17:40:32",17346,3.797900438,3759.228516,29.37999916,93.01999664,0.285766661,"UAGuest",0,"Green",1009,1273,1272,-690.9179688,"false","BioR1132",2026-07-12 17:45:00,193,15.85,40,45,12,17,0,7,2026,2026-07-12 17:45:00,2173.8281253
"410853","BiosphereDendrometer_",14,"2026-07-13 0:55:33","2026-07-12T17:55:33",17347,3.796288967,3759.228516,29.34000015,92.69999695,0.298179507,"UAGuest",0,"Green",1011,1297,1296,-679.1992188,"false","BioR1132",2026-07-12 18:00:00,193,15.0166666666667,55,0,12,18,0,7,2026,2026-07-12 18:00:00,2185.5468753
"410863","BiosphereDendrometer_",14,"2026-07-13 1:10:34","2026-07-12T18:10:34",17348,3.788232327,3764.0625,29.32999992,92.48000336,0.306988537,"UAGuest",0,"Green",1011,1319,1319,-668.4570313,"false","BioR1132",2026-07-12 18:15:00,193,15.0166666666667,10,15,12,18,0,7,2026,2026-07-12 18:15:00,2196.2890628
"410873","BiosphereDendrometer_",14,"2026-07-13 1:25:35","2026-07-12T18:25:35",17349,3.799511671,3759.228516,29.29999924,92.16999817,0.319091439,"UAGuest",0,"Green",1011,1343,1342,-656.7382813,"false","BioR1132",2026-07-12 18:30:00,193,15.0166666666667,25,30,12,18,0,7,2026,2026-07-12 18:30:00,2208.0078128
"410883","BiosphereDendrometer_",14,"2026-07-13 1:40:36","2026-07-12T18:40:36",17350,3.796288967,3757.617188,29.17000008,91.94999695,0.325606078,"UAGuest",0,"Green",1012,1366,1365,-645.5078125,"false","BioR1132",2026-07-12 18:45:00,193,15.0166666666667,40,45,12,18,0,7,2026,2026-07-12 18:45:00,2219.2382816
"410893","BiosphereDendrometer_",14,"2026-07-13 1:55:37","2026-07-12T18:55:37",17351,3.794677734,3757.617188,29.12999916,91.83999634,0.329294175,"UAGuest",0,"Green",1014,1389,1388,-634.2773438,"false","BioR1132",2026-07-12 19:00:00,193,15.0166666666667,55,0,12,19,0,7,2026,2026-07-12 19:00:00,2230.4687503
"410903","BiosphereDendrometer_",14,"2026-07-13 2:10:38","2026-07-12T19:10:38",17352,3.79145503,3759.228516,29.03000069,91.91999817,0.324188083,"UAGuest",0,"Green",1015,1411,1411,-623.5351563,"false","BioR1132",2026-07-12 19:15:00,193,15.0166666666667,10,15,12,19,0,7,2026,2026-07-12 19:15:00,2241.2109378
"410916","BiosphereDendrometer_",14,"2026-07-13 2:25:39","2026-07-12T19:25:39",17353,3.79145503,3762.451172,28.95999908,91.61000061,0.335266888,"UAGuest",0,"Green",1011,1434,1434,-612.3046875,"false","BioR1132",2026-07-12 19:30:00,193,15.0166666666667,25,30,12,19,0,7,2026,2026-07-12 19:30:00,2252.4414066
"410923","BiosphereDendrometer_",14,"2026-07-13 2:40:40","2026-07-12T19:40:40",17354,3.79145503,3754.394531,28.86000061,91.36000061,0.343266249,"UAGuest",0,"Green",1013,1458,1456,-600.5859375,"false","BioR1132",2026-07-12 19:45:00,193,15.0166666666667,40,45,12,19,0,7,2026,2026-07-12 19:45:00,2264.1601566
"410933","BiosphereDendrometer_",14,"2026-07-13 2:55:41","2026-07-12T19:55:41",17355,3.794677734,3756.005859,28.76000023,91.26000214,0.345235527,"UAGuest",0,"Green",1012,1479,1478,-590.3320313,"false","BioR1132",2026-07-12 20:00:00,193,15.0166666666667,55,0,12,20,0,7,2026,2026-07-12 20:00:00,2274.4140628
"410943","BiosphereDendrometer_",14,"2026-07-13 3:10:42","2026-07-12T20:10:42",17356,3.789843798,3759.228516,28.67000008,90.80000305,0.361516625,"UAGuest",0,"Green",1010,1499,1499,-580.5664063,"false","BioR1132",2026-07-12 20:15:00,193,15.0166666666667,10,15,12,20,0,7,2026,2026-07-12 20:15:00,2284.1796878
"410953","BiosphereDendrometer_",14,"2026-07-13 3:25:43","2026-07-12T20:25:43",17357,3.788232327,3759.228516,28.59000015,90.58000183,0.368449569,"UAGuest",0,"Green",1011,1519,1519,-570.8007813,"false","BioR1132",2026-07-12 20:30:00,193,15.0166666666667,25,30,12,20,0,7,2026,2026-07-12 20:30:00,2293.9453128
"410963","BiosphereDendrometer_",14,"2026-07-13 3:40:44","2026-07-12T20:40:44",17358,3.789843798,3756.005859,28.44000053,90.29000092,0.376502991,"UAGuest",0,"Green",1014,1539,1539,-561.0351563,"false","BioR1132",2026-07-12 20:45:00,193,15.0166666666667,40,45,12,20,0,7,2026,2026-07-12 20:45:00,2303.7109378
"410973","BiosphereDendrometer_",14,"2026-07-13 3:55:45","2026-07-12T20:55:45",17359,3.788232327,3762.451172,28.35000038,89.93000031,0.388427228,"UAGuest",0,"Green",1009,1557,1557,-552.2460938,"false","BioR1132",2026-07-12 21:00:00,193,15.0166666666667,55,0,12,21,0,7,2026,2026-07-12 21:00:00,2312.5000003
"410983","BiosphereDendrometer_",14,"2026-07-13 4:10:46","2026-07-12T21:10:46",17360,3.79145503,3757.617188,28.28000069,89.72000122,0.394918442,"UAGuest",0,"Green",1014,1576,1575,-542.96875,"false","BioR1132",2026-07-12 21:15:00,193,15.0166666666667,10,15,12,21,0,7,2026,2026-07-12 21:15:00,2321.7773441
"410993","BiosphereDendrometer_",14,"2026-07-13 4:25:59","2026-07-12T21:25:59",17361,3.794677734,3756.005859,28.12000084,89.41999817,0.402680308,"null",-100,"Green",1014,1593,1593,-534.6679688,"false","BioR1132",2026-07-12 21:30:00,193,15.2166666666667,25,30,12,21,0,7,2026,2026-07-12 21:30:00,2330.0781253
"411006","BiosphereDendrometer_",14,"2026-07-13 4:41:50","2026-07-12T21:41:50",17362,3.79145503,3757.617188,27.93000031,89.25,0.404650062,"UAGuest",0,"Green",1013,1610,1610,-526.3671875,"false","BioR1132",2026-07-12 21:45:00,193,15.85,41,45,12,21,0,7,2026,2026-07-12 21:45:00,2338.3789066
"411016","BiosphereDendrometer_",14,"2026-07-13 4:56:51","2026-07-12T21:56:51",17363,3.789843798,3757.617188,27.82999992,88.95999908,0.413151473,"UAGuest",0,"Green",1012,1626,1626,-518.5546875,"false","BioR1132",2026-07-12 22:00:00,193,15.0166666666667,56,0,12,22,0,7,2026,2026-07-12 22:00:00,2346.1914066
"411023","BiosphereDendrometer_",14,"2026-07-13 5:11:52","2026-07-12T22:11:52",17364,3.788232327,3756.005859,27.70999908,88.62999725,0.422533453,"UAGuest",0,"Green",1010,1643,1642,-510.2539063,"false","BioR1132",2026-07-12 22:15:00,193,15.0166666666667,11,15,12,22,0,7,2026,2026-07-12 22:15:00,2354.4921878
"411033","BiosphereDendrometer_",14,"2026-07-13 5:26:53","2026-07-12T22:26:53",17365,3.785009861,3752.783203,27.62999916,88.62999725,0.420565009,"UAGuest",0,"Green",1012,1657,1657,-503.4179688,"false","BioR1132",2026-07-12 22:30:00,193,15.0166666666667,26,30,12,22,0,7,2026,2026-07-12 22:30:00,2361.3281253
"411043","BiosphereDendrometer_",14,"2026-07-13 5:41:54","2026-07-12T22:41:54",17366,3.793066502,3759.228516,27.54000092,88.54000092,0.421671599,"UAGuest",0,"Green",1014,1671,1671,-496.5820313,"false","BioR1132",2026-07-12 22:45:00,193,15.0166666666667,41,45,12,22,0,7,2026,2026-07-12 22:45:00,2368.1640628
"411053","BiosphereDendrometer_",14,"2026-07-13 5:56:55","2026-07-12T22:56:55",17367,3.780175686,3752.783203,27.45999908,88.34999847,0.426663131,"UAGuest",0,"Green",1011,1686,1685,-489.2578125,"false","BioR1132",2026-07-12 23:00:00,193,15.0166666666667,56,0,12,23,0,7,2026,2026-07-12 23:00:00,2375.4882816
"411063","BiosphereDendrometer_",14,"2026-07-13 6:11:56","2026-07-12T23:11:56",17368,3.788232327,3752.783203,27.29000092,88.30999756,0.423891574,"UAGuest",0,"Green",1013,1698,1698,-483.3984375,"false","BioR1132",2026-07-12 23:15:00,193,15.0166666666667,11,15,12,23,0,7,2026,2026-07-12 23:15:00,2381.3476566
"411073","BiosphereDendrometer_",14,"2026-07-13 6:26:57","2026-07-12T23:26:57",17369,3.786621094,3757.617188,27.09000015,88.26999664,0.420387715,"UAGuest",0,"Green",1010,1713,1711,-476.0742188,"false","BioR1132",2026-07-12 23:30:00,193,15.0166666666667,26,30,12,23,0,7,2026,2026-07-12 23:30:00,2388.6718753
"411083","BiosphereDendrometer_",14,"2026-07-13 6:41:58","2026-07-12T23:41:58",17370,3.785009861,3752.783203,26.92000008,88.40000153,0.411603212,"UAGuest",0,"Green",1011,1724,1724,-470.703125,"false","BioR1132",2026-07-12 23:45:00,193,15.0166666666667,41,45,12,23,0,7,2026,2026-07-12 23:45:00,2394.0429691
"411093","BiosphereDendrometer_",14,"2026-07-13 6:56:59","2026-07-12T23:56:59",17371,3.785009861,3751.171875,26.82999992,88.72000122,0.39813897,"UAGuest",0,"Green",1012,1738,1736,-463.8671875,"false","BioR1132",2026-07-13,193,15.0166666666667,56,0,13,0,0,7,2026,2026-07-13,2400.8789066
"411106","BiosphereDendrometer_",14,"2026-07-13 7:12:0","2026-07-13T0:12:0",17372,3.785009861,3752.783203,26.77000046,88.43000031,0.406937778,"UAGuest",0,"Green",1013,1749,1749,-458.4960938,"false","BioR1132",2026-07-13 00:15:00,194,15.0166666666667,12,15,13,0,0,7,2026,2026-07-13 00:15:00,2406.2500003
"411116","BiosphereDendrometer_",14,"2026-07-13 7:27:1","2026-07-13T0:27:1",17373,3.786621094,3754.394531,26.70000076,88.56999969,0.400362939,"UAGuest",0,"Green",1009,1760,1761,-453.125,"false","BioR1132",2026-07-13 00:30:00,194,15.0166666666667,27,30,13,0,0,7,2026,2026-07-13 00:30:00,2411.6210941
"411123","BiosphereDendrometer_",14,"2026-07-13 7:42:2","2026-07-13T0:42:2",17374,3.78339839,3757.617188,26.63999939,88.72000122,0.393716991,"UAGuest",0,"Green",1010,1773,1773,-446.7773438,"false","BioR1132",2026-07-13 00:45:00,194,15.0166666666667,42,45,13,0,0,7,2026,2026-07-13 00:45:00,2417.9687503
"411133","BiosphereDendrometer_",14,"2026-07-13 7:57:3","2026-07-13T0:57:3",17375,3.786621094,3747.949219,26.57999992,88.80000305,0.38954699,"UAGuest",0,"Green",1011,1784,1785,-441.40625,"false","BioR1132",2026-07-13 01:00:00,194,15.0166666666667,57,0,13,1,0,7,2026,2026-07-13 01:00:00,2423.3398441
"411143","BiosphereDendrometer_",14,"2026-07-13 8:12:4","2026-07-13T1:12:4",17376,3.785009861,3752.783203,26.55999947,88.62999725,0.394994646,"UAGuest",0,"Green",1015,1796,1795,-435.546875,"false","BioR1132",2026-07-13 01:15:00,194,15.0166666666667,12,15,13,1,0,7,2026,2026-07-13 01:15:00,2429.1992191
"411153","BiosphereDendrometer_",14,"2026-07-13 8:27:17","2026-07-13T1:27:17",17377,3.762451172,3733.447266,26.46999931,88.76000214,0.388414532,"UAGuest",-84,"Green",1013,1807,1807,-430.1757813,"false","BioR1132",2026-07-13 01:30:00,194,15.2166666666667,27,30,13,1,0,7,2026,2026-07-13 01:30:00,2434.5703128
"411163","BiosphereDendrometer_",14,"2026-07-13 8:42:32","2026-07-13T1:42:32",17378,3.79145503,3752.783203,26.44000053,88.75,0.388073772,"UAGuest",0,"Green",1012,1818,1818,-424.8046875,"false","BioR1132",2026-07-13 01:45:00,194,15.25,42,45,13,1,0,7,2026,2026-07-13 01:45:00,2439.9414066
"411173","BiosphereDendrometer_",14,"2026-07-13 8:57:33","2026-07-13T1:57:33",17379,3.786621094,3754.394531,26.39999962,88.86000061,0.383374572,"UAGuest",0,"Green",1012,1828,1828,-419.921875,"false","BioR1132",2026-07-13 02:00:00,194,15.0166666666667,57,0,13,2,0,7,2026,2026-07-13 02:00:00,2444.8242191
"411183","BiosphereDendrometer_",14,"2026-07-13 9:12:34","2026-07-13T2:12:34",17380,3.78339839,3752.783203,26.36000061,88.98000336,0.378351718,"UAGuest",0,"Green",1009,1839,1838,-414.5507813,"false","BioR1132",2026-07-13 02:15:00,194,15.0166666666667,12,15,13,2,0,7,2026,2026-07-13 02:15:00,2450.1953128
"411193","BiosphereDendrometer_",14,"2026-07-13 9:27:35","2026-07-13T2:27:35",17381,3.78339839,3747.949219,26.35000038,89.01000214,0.377099395,"UAGuest",0,"Green",1011,1849,1848,-409.6679688,"false","BioR1132",2026-07-13 02:30:00,194,15.0166666666667,27,30,13,2,0,7,2026,2026-07-13 02:30:00,2455.0781253
"411203","BiosphereDendrometer_",14,"2026-07-13 9:42:36","2026-07-13T2:42:36",17382,3.786621094,3749.560547,26.32999992,88.98999786,0.377340525,"UAGuest",0,"Green",1012,1858,1858,-405.2734375,"false","BioR1132",2026-07-13 02:45:00,194,15.0166666666667,42,45,13,2,0,7,2026,2026-07-13 02:45:00,2459.4726566
"411216","BiosphereDendrometer_",14,"2026-07-13 9:57:37","2026-07-13T2:57:37",17383,3.78339839,3747.949219,26.31999969,89.19000244,0.37026751,"UAGuest",0,"Green",1014,1867,1867,-400.8789063,"false","BioR1132",2026-07-13 03:00:00,194,15.0166666666667,57,0,13,3,0,7,2026,2026-07-13 03:00:00,2463.8671878
"411223","BiosphereDendrometer_",14,"2026-07-13 10:12:38","2026-07-13T3:12:38",17384,3.78339839,3751.171875,26.29000092,89.12999725,0.371664673,"UAGuest",0,"Green",1010,1877,1877,-395.9960938,"false","BioR1132",2026-07-13 03:15:00,194,15.0166666666667,12,15,13,3,0,7,2026,2026-07-13 03:15:00,2468.7500003
"411233","BiosphereDendrometer_",14,"2026-07-13 10:27:39","2026-07-13T3:27:39",17385,3.781787157,3754.394531,26.29000092,89.26999664,0.366877854,"UAGuest",0,"Green",1011,1885,1885,-392.0898438,"false","BioR1132",2026-07-13 03:30:00,194,15.0166666666667,27,30,13,3,0,7,2026,2026-07-13 03:30:00,2472.6562503
"411243","BiosphereDendrometer_",14,"2026-07-13 10:42:40","2026-07-13T3:42:40",17386,3.781787157,3747.949219,26.26000023,89.23999786,0.367253065,"UAGuest",0,"Green",1009,1894,1894,-387.6953125,"false","BioR1132",2026-07-13 03:45:00,194,15.0166666666667,42,45,13,3,0,7,2026,2026-07-13 03:45:00,2477.0507816
"411253","BiosphereDendrometer_",14,"2026-07-13 10:57:41","2026-07-13T3:57:41",17387,3.78339839,3747.949219,26.25,89.26999664,0.366013139,"UAGuest",0,"Green",1012,1903,1903,-383.3007813,"false","BioR1132",2026-07-13 04:00:00,194,15.0166666666667,57,0,13,4,0,7,2026,2026-07-13 04:00:00,2481.4453128
"411263","BiosphereDendrometer_",14,"2026-07-13 11:12:42","2026-07-13T4:12:42",17388,3.781787157,3751.171875,26.28000069,89.16999817,0.370078623,"UAGuest",0,"Green",1011,1912,1911,-378.90625,"false","BioR1132",2026-07-13 04:15:00,194,15.0166666666667,12,15,13,4,0,7,2026,2026-07-13 04:15:00,2485.8398441
"411273","BiosphereDendrometer_",14,"2026-07-13 11:27:43","2026-07-13T4:27:43",17389,3.780175686,3749.560547,26.20000076,89.29000092,0.364254504,"UAGuest",0,"Green",1013,1919,1920,-375.4882813,"false","BioR1132",2026-07-13 04:30:00,194,15.0166666666667,27,30,13,4,0,7,2026,2026-07-13 04:30:00,2489.2578128
"411283","BiosphereDendrometer_",14,"2026-07-13 11:42:44","2026-07-13T4:42:44",17390,3.781787157,3743.115234,26.18000031,89.30999756,0.363145381,"UAGuest",0,"Green",1010,1927,1927,-371.5820313,"false","BioR1132",2026-07-13 04:45:00,194,15.0166666666667,42,45,13,4,0,7,2026,2026-07-13 04:45:00,2493.1640628
"411293","BiosphereDendrometer_",14,"2026-07-13 11:57:45","2026-07-13T4:57:45",17391,3.78339839,3749.560547,26.09000015,89.30000305,0.361558318,"UAGuest",0,"Green",1015,1935,1935,-367.6757813,"false","BioR1132",2026-07-13 05:00:00,194,15.0166666666667,57,0,13,5,0,7,2026,2026-07-13 05:00:00,2497.0703128
"411303","BiosphereDendrometer_",14,"2026-07-13 12:12:46","2026-07-13T5:12:46",17392,3.780175686,3747.949219,25.97999954,89.48000336,0.353172719,"UAGuest",0,"Green",1012,1942,1942,-364.2578125,"false","BioR1132",2026-07-13 05:15:00,194,15.0166666666667,12,15,13,5,0,7,2026,2026-07-13 05:15:00,2500.4882816
"411316","BiosphereDendrometer_",14,"2026-07-13 12:27:58","2026-07-13T5:27:58",17393,3.756005764,3722.167969,25.81999969,89.87000275,0.336876154,"UAGuest",-84,"Green",1013,1950,1949,-360.3515625,"false","BioR1132",2026-07-13 05:30:00,194,15.2,27,30,13,5,0,7,2026,2026-07-13 05:30:00,2504.3945316
"411323","BiosphereDendrometer_",14,"2026-07-13 12:43:9","2026-07-13T5:43:9",17394,3.778564453,3747.949219,25.67000008,89.93000031,0.331919014,"UAGuest",0,"Green",1013,1958,1958,-356.4453125,"false","BioR1132",2026-07-13 05:45:00,194,15.1833333333333,43,45,13,5,0,7,2026,2026-07-13 05:45:00,2508.3007816
"411333","BiosphereDendrometer_",14,"2026-07-13 12:58:10","2026-07-13T5:58:10",17395,3.78339839,3743.115234,25.57999992,90.34999847,0.316382885,"UAGuest",0,"Green",1011,1966,1965,-352.5390625,"false","BioR1132",2026-07-13 06:00:00,194,15.0166666666667,58,0,13,6,0,7,2026,2026-07-13 06:00:00,2512.2070316
"411343","BiosphereDendrometer_",14,"2026-07-13 13:13:11","2026-07-13T6:13:11",17396,3.778564453,3744.726563,25.46999931,90.37000275,0.313673198,"UAGuest",0,"Green",1012,1973,1973,-349.1210938,"false","BioR1132",2026-07-13 06:15:00,194,15.0166666666667,13,15,13,6,0,7,2026,2026-07-13 06:15:00,2515.6250003
"411353","BiosphereDendrometer_",14,"2026-07-13 13:28:12","2026-07-13T6:28:12",17397,3.785009861,3746.337891,25.46999931,90.31999969,0.315302074,"UAGuest",0,"Green",1012,1981,1980,-345.2148438,"false","BioR1132",2026-07-13 06:30:00,194,15.0166666666667,28,30,13,6,0,7,2026,2026-07-13 06:30:00,2519.5312503
"411363","BiosphereDendrometer_",14,"2026-07-13 13:43:13","2026-07-13T6:43:13",17398,3.780175686,3744.726563,25.45000076,90.34999847,0.313952059,"UAGuest",0,"Green",1010,1986,1986,-342.7734375,"false","BioR1132",2026-07-13 06:45:00,194,15.0166666666667,43,45,13,6,0,7,2026,2026-07-13 06:45:00,2521.9726566
"411373","BiosphereDendrometer_",14,"2026-07-13 13:58:14","2026-07-13T6:58:14",17399,3.77695322,3746.337891,25.45000076,90.41999817,0.311674714,"UAGuest",0,"Green",1013,1990,1990,-340.8203125,"false","BioR1132",2026-07-13 07:00:00,194,15.0166666666667,58,0,13,7,0,7,2026,2026-07-13 07:00:00,2523.9257816
"411383","BiosphereDendrometer_",14,"2026-07-13 14:13:15","2026-07-13T7:13:15",17400,3.778564453,3743.115234,25.45000076,90.76999664,0.300287902,"UAGuest",0,"Green",1014,1993,1993,-339.3554688,"false","BioR1132",2026-07-13 07:15:00,194,15.0166666666667,13,15,13,7,0,7,2026,2026-07-13 07:15:00,2525.3906253
"411393","BiosphereDendrometer_",14,"2026-07-13 14:28:16","2026-07-13T7:28:16",17401,3.778564453,3744.726563,25.54999924,90.94999695,0.296184033,"UAGuest",0,"Green",1012,1996,1995,-337.890625,"false","BioR1132",2026-07-13 07:30:00,194,15.0166666666667,28,30,13,7,0,7,2026,2026-07-13 07:30:00,2526.8554691
"411403","BiosphereDendrometer_",14,"2026-07-13 14:43:17","2026-07-13T7:43:17",17402,3.778564453,3744.726563,25.73999977,90.87999725,0.301855236,"UAGuest",0,"Green",1013,1995,1995,-338.3789063,"false","BioR1132",2026-07-13 07:45:00,194,15.0166666666667,43,45,13,7,0,7,2026,2026-07-13 07:45:00,2526.3671878
"411416","BiosphereDendrometer_",14,"2026-07-13 14:58:18","2026-07-13T7:58:18",17403,3.775341749,3743.115234,25.90999985,91.01999664,0.300227374,"UAGuest",0,"Green",1013,1996,1995,-337.890625,"false","BioR1132",2026-07-13 08:00:00,194,15.0166666666667,58,0,13,8,0,7,2026,2026-07-13 08:00:00,2526.8554691
"411423","BiosphereDendrometer_",14,"2026-07-13 15:13:19","2026-07-13T8:13:19",17404,3.77695322,3744.726563,25.37000084,91.05999756,0.289474726,"UAGuest",0,"Green",1010,1991,1991,-340.3320313,"false","BioR1132",2026-07-13 08:15:00,194,15.0166666666667,13,15,13,8,0,7,2026,2026-07-13 08:15:00,2524.4140628
"411433","BiosphereDendrometer_",14,"2026-07-13 15:28:20","2026-07-13T8:28:20",17405,3.778564453,3741.503906,25.44000053,91.65000153,0.271496564,"UAGuest",0,"Green",1011,1985,1984,-343.2617188,"false","BioR1132",2026-07-13 08:30:00,194,15.0166666666667,28,30,13,8,0,7,2026,2026-07-13 08:30:00,2521.4843753
"411443","BiosphereDendrometer_",14,"2026-07-13 15:43:21","2026-07-13T8:43:21",17406,3.778564453,3741.503906,25.61000061,92.23000336,0.255198926,"UAGuest",0,"Green",1011,1975,1975,-348.1445313,"false","BioR1132",2026-07-13 08:45:00,194,15.0166666666667,43,45,13,8,0,7,2026,2026-07-13 08:45:00,2516.6015628
"411453","BiosphereDendrometer_",14,"2026-07-13 15:58:22","2026-07-13T8:58:22",17407,3.772119045,3741.503906,25.73999977,92.45999908,0.249559969,"UAGuest",0,"Green",1014,1970,1969,-350.5859375,"false","BioR1132",2026-07-13 09:00:00,194,15.0166666666667,58,0,13,9,0,7,2026,2026-07-13 09:00:00,2514.1601566
"411463","BiosphereDendrometer_",14,"2026-07-13 16:13:23","2026-07-13T9:13:23",17408,3.77695322,3746.337891,25.84000015,92.33999634,0.255037338,"UAGuest",0,"Green",1014,1957,1956,-356.9335938,"false","BioR1132",2026-07-13 09:15:00,194,15.0166666666667,13,15,13,9,0,7,2026,2026-07-13 09:15:00,2507.8125003
"411473","BiosphereDendrometer_",14,"2026-07-13 16:28:36","2026-07-13T9:28:36",17409,3.775341749,3743.115234,26.09000015,92.80999756,0.242953718,"null",-100,"Green",1012,1935,1935,-367.6757813,"false","BioR1132",2026-07-13 09:30:00,194,15.2166666666667,28,30,13,9,0,7,2026,2026-07-13 09:30:00,2497.0703128
"411483","BiosphereDendrometer_",14,"2026-07-13 16:44:27","2026-07-13T9:44:27",17410,3.77695322,3744.726563,26.40999985,93.30999756,0.230366975,"UAGuest",0,"Green",1013,1910,1909,-379.8828125,"false","BioR1132",2026-07-13 09:45:00,194,15.85,44,45,13,9,0,7,2026,2026-07-13 09:45:00,2484.8632816
"411493","BiosphereDendrometer_",14,"2026-07-13 16:59:28","2026-07-13T9:59:28",17411,3.77695322,3744.726563,26.73999977,93.47000122,0.22926721,"UAGuest",0,"Green",1015,1882,1882,-393.5546875,"false","BioR1132",2026-07-13 10:00:00,194,15.0166666666667,59,0,13,10,0,7,2026,2026-07-13 10:00:00,2471.1914066
"411503","BiosphereDendrometer_",14,"2026-07-13 17:14:29","2026-07-13T10:14:29",17412,3.772119045,3738.28125,27.04999924,93.80000305,0.221679121,"UAGuest",0,"Green",1011,1853,1853,-407.7148438,"false","BioR1132",2026-07-13 10:15:00,194,15.0166666666667,14,15,13,10,0,7,2026,2026-07-13 10:15:00,2457.0312503
"411516","BiosphereDendrometer_",14,"2026-07-13 17:29:30","2026-07-13T10:29:30",17413,3.780175686,3741.503906,27.21999931,93.51999664,0.234010458,"UAGuest",0,"Green",1011,1822,1822,-422.8515625,"false","BioR1132",2026-07-13 10:30:00,194,15.0166666666667,29,30,13,10,0,7,2026,2026-07-13 10:30:00,2441.8945316
"411523","BiosphereDendrometer_",14,"2026-07-13 17:44:31","2026-07-13T10:44:31",17414,3.772119045,3738.28125,27.36000061,93.91999817,0.221372128,"UAGuest",0,"Green",1013,1786,1786,-440.4296875,"false","BioR1132",2026-07-13 10:45:00,194,15.0166666666667,44,45,13,10,0,7,2026,2026-07-13 10:45:00,2424.3164066
"411533","BiosphereDendrometer_",14,"2026-07-13 17:59:32","2026-07-13T10:59:32",17415,3.77695322,3738.28125,27.53000069,94.06999969,0.218067378,"UAGuest",0,"Green",1014,1749,1748,-458.4960938,"false","BioR1132",2026-07-13 11:00:00,194,15.0166666666667,59,0,13,11,0,7,2026,2026-07-13 11:00:00,2406.2500003
"411543","BiosphereDendrometer_",14,"2026-07-13 18:14:33","2026-07-13T11:14:33",17416,3.77695322,3746.337891,27.70000076,93.83999634,0.228785262,"UAGuest",0,"Green",1013,1705,1705,-479.9804688,"false","BioR1132",2026-07-13 11:15:00,194,15.0166666666667,14,15,13,11,0,7,2026,2026-07-13 11:15:00,2384.7656253
"411553","BiosphereDendrometer_",14,"2026-07-13 18:29:34","2026-07-13T11:29:34",17417,3.77695322,3738.28125,27.88999939,94.26999664,0.215185866,"UAGuest",0,"Green",1012,1659,1659,-502.4414063,"false","BioR1132",2026-07-13 11:30:00,194,15.0166666666667,29,30,13,11,0,7,2026,2026-07-13 11:30:00,2362.3046878
"411563","BiosphereDendrometer_",14,"2026-07-13 18:44:35","2026-07-13T11:44:35",17418,3.772119045,3744.726563,28.06999969,94.30000305,0.216314614,"UAGuest",0,"Green",1011,1610,1609,-526.3671875,"false","BioR1132",2026-07-13 11:45:00,194,15.0166666666667,44,45,13,11,0,7,2026,2026-07-13 11:45:00,2338.3789066
"411573","BiosphereDendrometer_",14,"2026-07-13 18:59:36","2026-07-13T11:59:36",17419,3.775341749,3739.892578,28.23999977,94.54000092,0.209265396,"UAGuest",0,"Green",1012,1555,1554,-553.2226563,"false","BioR1132",2026-07-13 12:00:00,194,15.0166666666667,59,0,13,12,0,7,2026,2026-07-13 12:00:00,2311.5234378
"411583","BiosphereDendrometer_",14,"2026-07-13 19:14:37","2026-07-13T12:14:37",17420,3.765673876,3743.115234,28.31999969,94.75,0.202154204,"UAGuest",0,"Green",1012,1512,1512,-574.21875,"false","BioR1132",2026-07-13 12:15:00,194,15.0166666666667,14,15,13,12,0,7,2026,2026-07-13 12:15:00,2290.5273441
"411593","BiosphereDendrometer_",14,"2026-07-13 19:29:38","2026-07-13T12:29:38",17421,3.773730516,3738.28125,28.53000069,94.31999969,0.221393555,"UAGuest",0,"Green",1011,1460,1459,-599.609375,"false","BioR1132",2026-07-13 12:30:00,194,15.0166666666667,29,30,13,12,0,7,2026,2026-07-13 12:30:00,2265.1367191
"411603","BiosphereDendrometer_",14,"2026-07-13 19:44:39","2026-07-13T12:44:39",17422,3.770507813,3743.115234,28.46999931,94.79000092,0.202368453,"UAGuest",0,"Green",1013,1419,1418,-619.6289063,"false","BioR1132",2026-07-13 12:45:00,194,15.0166666666667,44,45,13,12,0,7,2026,2026-07-13 12:45:00,2245.1171878
"411616","BiosphereDendrometer_",14,"2026-07-13 19:59:40","2026-07-13T12:59:40",17423,3.775341749,3736.669922,28.64999962,94.26000214,0.2252938,"UAGuest",0,"Green",1013,1366,1365,-645.5078125,"false","BioR1132",2026-07-13 13:00:00,194,15.0166666666667,59,0,13,13,0,7,2026,2026-07-13 13:00:00,2219.2382816
"411623","BiosphereDendrometer_",14,"2026-07-13 20:14:41","2026-07-13T13:14:41",17424,3.775341749,3741.503906,28.48999977,94.94000244,0.196770251,"UAGuest",0,"Green",1011,1344,1342,-656.25,"false","BioR1132",2026-07-13 13:15:00,194,15.0166666666667,14,15,13,13,0,7,2026,2026-07-13 13:15:00,2208.4960941
"411633","BiosphereDendrometer_",14,"2026-07-13 20:29:54","2026-07-13T13:29:54",17425,3.773730516,3741.503906,28.52000046,94.55000305,0.212305427,"null",-100,"Green",1013,1323,1323,-666.5039063,"false","BioR1132",2026-07-13 13:30:00,194,15.2166666666667,29,30,13,13,0,7,2026,2026-07-13 13:30:00,2198.2421878
"411643","BiosphereDendrometer_",14,"2026-07-13 20:45:45","2026-07-13T13:45:45",17426,3.775341749,3746.337891,28.54999924,94.61000061,0.210333765,"UAGuest",0,"Green",1010,1264,1263,-695.3125,"false","BioR1132",2026-07-13 13:45:00,194,15.85,45,45,13,13,0,7,2026,2026-07-13 13:45:00,2169.4335941
"411653","BiosphereDendrometer_",14,"2026-07-13 21:0:46","2026-07-13T14:0:46",17427,3.770507813,3743.115234,28.51000023,94.87999725,0.19933477,"UAGuest",0,"Green",1012,1234,1235,-709.9609375,"false","BioR1132",2026-07-13 14:00:00,194,15.0166666666667,0,0,13,14,0,7,2026,2026-07-13 14:00:00,2154.7851566
"411663","BiosphereDendrometer_",14,"2026-07-13 21:15:47","2026-07-13T14:15:47",17428,3.76889658,3739.892578,28.45000076,94.98000336,0.194762215,"UAGuest",0,"Green",1010,1221,1220,-716.3085938,"false","BioR1132",2026-07-13 14:15:00,194,15.0166666666667,15,15,13,14,0,7,2026,2026-07-13 14:15:00,2148.4375003
"411673","BiosphereDendrometer_",14,"2026-07-13 21:30:48","2026-07-13T14:30:48",17429,3.772119045,3739.892578,28.44000053,94.76999664,0.202792138,"UAGuest",0,"Green",1010,1215,1215,-719.2382813,"false","BioR1132",2026-07-13 14:30:00,194,15.0166666666667,30,30,13,14,0,7,2026,2026-07-13 14:30:00,2145.5078128
"411683","BiosphereDendrometer_",14,"2026-07-13 21:45:49","2026-07-13T14:45:49",17430,3.772119045,3738.28125,28.62999916,94.52999878,0.214447811,"UAGuest",0,"Green",1013,1186,1186,-733.3984375,"false","BioR1132",2026-07-13 14:45:00,194,15.0166666666667,45,45,13,14,0,7,2026,2026-07-13 14:45:00,2131.3476566
"411693","BiosphereDendrometer_",14,"2026-07-13 22:0:50","2026-07-13T15:0:50",17431,3.76889658,3735.058594,28.75,94.37999725,0.221865267,"UAGuest",0,"Green",1014,1158,1158,-747.0703125,"false","BioR1132",2026-07-13 15:00:00,194,15.0166666666667,0,0,13,15,0,7,2026,2026-07-13 15:00:00,2117.6757816
"411703","BiosphereDendrometer_",14,"2026-07-13 22:15:51","2026-07-13T15:15:51",17432,3.773730516,3741.503906,29.28000069,94.76999664,0.212889656,"UAGuest",0,"Green",1013,1134,1134,-758.7890625,"false","BioR1132",2026-07-13 15:15:00,194,15.0166666666667,15,15,13,15,0,7,2026,2026-07-13 15:15:00,2105.9570316
"411716","BiosphereDendrometer_",14,"2026-07-13 22:30:52","2026-07-13T15:30:52",17433,3.770507813,3736.669922,29.37999916,95.01000214,0.204294428,"UAGuest",0,"Green",1010,1127,1127,-762.2070313,"false","BioR1132",2026-07-13 15:30:00,194,15.0166666666667,30,30,13,15,0,7,2026,2026-07-13 15:30:00,2102.5390628
"411723","BiosphereDendrometer_",14,"2026-07-13 22:45:53","2026-07-13T15:45:53",17434,3.770507813,3736.669922,29.18000031,94.80000305,0.210450739,"UAGuest",0,"Green",1010,1136,1136,-757.8125,"false","BioR1132",2026-07-13 15:45:00,194,15.0166666666667,45,45,13,15,0,7,2026,2026-07-13 15:45:00,2106.9335941
"411733","BiosphereDendrometer_",14,"2026-07-13 23:0:54","2026-07-13T16:0:54",17435,3.76889658,3736.669922,28.95000076,94.48999786,0.220054179,"UAGuest",0,"Green",1011,1148,1148,-751.953125,"false","BioR1132",2026-07-13 16:00:00,194,15.0166666666667,0,0,13,16,0,7,2026,2026-07-13 16:00:00,2112.7929691
"411743","BiosphereDendrometer_",14,"2026-07-13 23:15:55","2026-07-13T16:15:55",17436,3.772119045,3733.447266,28.71999931,94.30000305,0.224632755,"UAGuest",0,"Green",1012,1158,1158,-747.0703125,"false","BioR1132",2026-07-13 16:15:00,194,15.0166666666667,15,15,13,16,0,7,2026,2026-07-13 16:15:00,2117.6757816
"411753","BiosphereDendrometer_",14,"2026-07-13 23:30:56","2026-07-13T16:30:56",17437,3.765673876,3738.28125,28.37000084,93.93000031,0.234408394,"UAGuest",0,"Green",1011,1173,1173,-739.7460938,"false","BioR1132",2026-07-13 16:30:00,194,15.0166666666667,30,30,13,16,0,7,2026,2026-07-13 16:30:00,2125.0000003
"411763","BiosphereDendrometer_",14,"2026-07-13 23:45:57","2026-07-13T16:45:57",17438,3.765673876,3733.447266,28.51000023,93.55999756,0.250725687,"UAGuest",0,"Green",1012,1190,1190,-731.4453125,"false","BioR1132",2026-07-13 16:45:00,194,15.0166666666667,45,45,13,16,0,7,2026,2026-07-13 16:45:00,2133.3007816
"411773","BiosphereDendrometer_",14,"2026-07-14 0:0:58","2026-07-13T17:0:58",17439,3.76889658,3739.892578,28.31999969,92.81999969,0.276469857,"UAGuest",0,"Green",1013,1206,1206,-723.6328125,"false","BioR1132",2026-07-13 17:00:00,194,15.0166666666667,0,0,13,17,0,7,2026,2026-07-13 17:00:00,2141.1132816
"411783","BiosphereDendrometer_",14,"2026-07-14 0:15:59","2026-07-13T17:15:59",17440,3.764062405,3738.28125,28.14999962,93.33999634,0.253925741,"UAGuest",0,"Green",1012,1225,1224,-714.3554688,"false","BioR1132",2026-07-13 17:15:00,194,15.0166666666667,15,15,13,17,0,7,2026,2026-07-13 17:15:00,2150.3906253
"411793","BiosphereDendrometer_",14,"2026-07-14 0:31:12","2026-07-13T17:31:12",17441,3.772119045,3736.669922,28.14999962,92.51999664,0.285189807,"null",-100,"Green",1010,1244,1242,-705.078125,"false","BioR1132",2026-07-13 17:30:00,194,15.2166666666667,31,30,13,17,0,7,2026,2026-07-13 17:30:00,2159.6679691
"411803","BiosphereDendrometer_",14,"2026-07-14 0:47:3","2026-07-13T17:47:3",17442,3.773730516,3744.726563,28.20000076,91.84999847,0.311639577,"UAGuest",0,"Green",1012,1262,1261,-696.2890625,"false","BioR1132",2026-07-13 17:45:00,194,15.85,47,45,13,17,0,7,2026,2026-07-13 17:45:00,2168.4570316
"411816","BiosphereDendrometer_",14,"2026-07-14 1:2:4","2026-07-13T18:2:4",17443,3.770507813,3736.669922,28.23999977,91.66999817,0.319263846,"UAGuest",0,"Green",1013,1277,1276,-688.9648438,"false","BioR1132",2026-07-13 18:00:00,194,15.0166666666667,2,0,13,18,0,7,2026,2026-07-13 18:00:00,2175.7812503
"411823","BiosphereDendrometer_",14,"2026-07-14 1:17:5","2026-07-13T18:17:5",17444,3.765673876,3733.447266,28.20999908,91.44000244,0.327507317,"UAGuest",0,"Green",1012,1293,1292,-681.1523438,"false","BioR1132",2026-07-13 18:15:00,194,15.0166666666667,17,15,13,18,0,7,2026,2026-07-13 18:15:00,2183.5937503
"411833","BiosphereDendrometer_",14,"2026-07-14 1:32:6","2026-07-13T18:32:6",17445,3.76889658,3733.447266,28.11000061,91.23999786,0.333216101,"UAGuest",0,"Green",1013,1310,1310,-672.8515625,"false","BioR1132",2026-07-13 18:30:00,194,15.0166666666667,32,30,13,18,0,7,2026,2026-07-13 18:30:00,2191.8945316
"411843","BiosphereDendrometer_",14,"2026-07-14 1:47:7","2026-07-13T18:47:7",17446,3.765673876,3735.058594,28.02000046,91.19999695,0.332989246,"UAGuest",0,"Green",1014,1330,1329,-663.0859375,"false","BioR1132",2026-07-13 18:45:00,194,15.0166666666667,47,45,13,18,0,7,2026,2026-07-13 18:45:00,2201.6601566
"411853","BiosphereDendrometer_",14,"2026-07-14 2:2:8","2026-07-13T19:2:8",17447,3.767285109,3736.669922,27.93000031,90.88999939,0.342917264,"UAGuest",0,"Green",1014,1349,1348,-653.8085938,"false","BioR1132",2026-07-13 19:00:00,194,15.0166666666667,2,0,13,19,0,7,2026,2026-07-13 19:00:00,2210.9375003
"411863","BiosphereDendrometer_",14,"2026-07-14 2:17:9","2026-07-13T19:17:9",17448,3.762451172,3735.058594,27.84000015,90.31999969,0.362467289,"UAGuest",0,"Green",1011,1367,1367,-645.0195313,"false","BioR1132",2026-07-13 19:15:00,194,15.0166666666667,17,15,13,19,0,7,2026,2026-07-13 19:15:00,2219.7265628
"411873","BiosphereDendrometer_",14,"2026-07-14 2:32:10","2026-07-13T19:32:10",17449,3.764062405,3733.447266,27.69000053,90.05000305,0.369331628,"UAGuest",0,"Green",1010,1386,1385,-635.7421875,"false","BioR1132",2026-07-13 19:30:00,194,15.0166666666667,32,30,13,19,0,7,2026,2026-07-13 19:30:00,2229.0039066
"411883","BiosphereDendrometer_",14,"2026-07-14 2:47:11","2026-07-13T19:47:11",17450,3.762451172,3735.058594,27.53000069,89.62000275,0.381709784,"UAGuest",0,"Green",1011,1403,1403,-627.4414063,"false","BioR1132",2026-07-13 19:45:00,194,15.0166666666667,47,45,13,19,0,7,2026,2026-07-13 19:45:00,2237.3046878
"411893","BiosphereDendrometer_",14,"2026-07-14 3:2:12","2026-07-13T20:2:12",17451,3.764062405,3730.224609,27.37999916,89.65000153,0.377283454,"UAGuest",0,"Green",1012,1421,1420,-618.6523438,"false","BioR1132",2026-07-13 20:00:00,194,15.0166666666667,2,0,13,20,0,7,2026,2026-07-13 20:00:00,2246.0937503
"411903","BiosphereDendrometer_",14,"2026-07-14 3:17:13","2026-07-13T20:17:13",17452,3.764062405,3731.835938,27.29000092,89.80000305,0.369862527,"UAGuest",0,"Green",1012,1437,1437,-610.8398438,"false","BioR1132",2026-07-13 20:15:00,194,15.0166666666667,17,15,13,20,0,7,2026,2026-07-13 20:15:00,2253.9062503
"411916","BiosphereDendrometer_",14,"2026-07-14 3:32:14","2026-07-13T20:32:14",17453,3.765673876,3733.447266,27.21999931,89.52999878,0.378100187,"UAGuest",0,"Green",1012,1455,1455,-602.0507813,"false","BioR1132",2026-07-13 20:30:00,194,15.0166666666667,32,30,13,20,0,7,2026,2026-07-13 20:30:00,2262.6953128
"411923","BiosphereDendrometer_",14,"2026-07-14 3:47:15","2026-07-13T20:47:15",17454,3.764062405,3728.613281,27.11000061,89.48000336,0.377465069,"UAGuest",0,"Green",1014,1471,1472,-594.2382813,"false","BioR1132",2026-07-13 20:45:00,194,15.0166666666667,47,45,13,20,0,7,2026,2026-07-13 20:45:00,2270.5078128
"411933","BiosphereDendrometer_",14,"2026-07-14 4:2:16","2026-07-13T21:2:16",17455,3.765673876,3727.001953,27.05999947,89.56999969,0.373140484,"UAGuest",0,"Green",1010,1488,1488,-585.9375,"false","BioR1132",2026-07-13 21:00:00,194,15.0166666666667,2,0,13,21,0,7,2026,2026-07-13 21:00:00,2278.8085941
"411943","BiosphereDendrometer_",14,"2026-07-14 4:17:17","2026-07-13T21:17:17",17456,3.76889658,3730.224609,26.98999977,89.87999725,0.360566646,"UAGuest",0,"Green",1012,1506,1505,-577.1484375,"false","BioR1132",2026-07-13 21:15:00,194,15.0166666666667,17,15,13,21,0,7,2026,2026-07-13 21:15:00,2287.5976566
"411953","BiosphereDendrometer_",14,"2026-07-14 4:32:30","2026-07-13T21:32:30",17457,3.765673876,3728.613281,26.98999977,89.81999969,0.362704307,"null",-100,"Green",1010,1523,1522,-568.8476563,"false","BioR1132",2026-07-13 21:30:00,194,15.2166666666667,32,30,13,21,0,7,2026,2026-07-13 21:30:00,2295.8984378
"411963","BiosphereDendrometer_",14,"2026-07-14 4:48:21","2026-07-13T21:48:21",17458,3.764062405,3733.447266,26.90999985,89.86000061,0.359586895,"UAGuest",0,"Green",1013,1539,1539,-561.0351563,"false","BioR1132",2026-07-13 21:45:00,194,15.85,48,45,13,21,0,7,2026,2026-07-13 21:45:00,2303.7109378
"411973","BiosphereDendrometer_",14,"2026-07-14 5:3:22","2026-07-13T22:3:22",17459,3.764062405,3728.613281,26.84000015,90.29000092,0.342925698,"UAGuest",0,"Green",1012,1556,1555,-552.734375,"false","BioR1132",2026-07-13 22:00:00,194,15.0166666666667,3,0,13,22,0,7,2026,2026-07-13 22:00:00,2312.0117191
"411983","BiosphereDendrometer_",14,"2026-07-14 5:18:23","2026-07-13T22:18:23",17460,3.764062405,3728.613281,26.87000084,89.83999634,0.359451115,"UAGuest",0,"Green",1011,1571,1571,-545.4101563,"false","BioR1132",2026-07-13 22:15:00,194,15.0166666666667,18,15,13,22,0,7,2026,2026-07-13 22:15:00,2319.3359378
"411993","BiosphereDendrometer_",14,"2026-07-14 5:33:24","2026-07-13T22:33:24",17461,3.762451172,3728.613281,26.82999992,89.79000092,0.360372305,"UAGuest",0,"Green",1013,1587,1586,-537.5976563,"false","BioR1132",2026-07-13 22:30:00,194,15.0166666666667,33,30,13,22,0,7,2026,2026-07-13 22:30:00,2327.1484378
"412003","BiosphereDendrometer_",14,"2026-07-14 5:48:25","2026-07-13T22:48:25",17462,3.760839939,3733.447266,26.79999924,89.70999908,0.362556458,"UAGuest",0,"Green",1008,1602,1601,-530.2734375,"false","BioR1132",2026-07-13 22:45:00,194,15.0166666666667,48,45,13,22,0,7,2026,2026-07-13 22:45:00,2334.4726566
"412016","BiosphereDendrometer_",14,"2026-07-14 6:3:26","2026-07-13T23:3:26",17463,3.762451172,3730.224609,26.84000015,89.75,0.36199674,"UAGuest",0,"Green",1012,1616,1616,-523.4375,"false","BioR1132",2026-07-13 23:00:00,194,15.0166666666667,3,0,13,23,0,7,2026,2026-07-13 23:00:00,2341.3085941
"412023","BiosphereDendrometer_",14,"2026-07-14 6:18:27","2026-07-13T23:18:27",17464,3.764062405,3728.613281,26.82999992,89.72000122,0.362843007,"UAGuest",0,"Green",1013,1631,1630,-516.1132813,"false","BioR1132",2026-07-13 23:15:00,194,15.0166666666667,18,15,13,23,0,7,2026,2026-07-13 23:15:00,2348.6328128
"412033","BiosphereDendrometer_",14,"2026-07-14 6:33:28","2026-07-13T23:33:28",17465,3.762451172,3731.835938,26.82999992,89.80000305,0.360019267,"UAGuest",0,"Green",1010,1645,1644,-509.2773438,"false","BioR1132",2026-07-13 23:30:00,194,15.0166666666667,33,30,13,23,0,7,2026,2026-07-13 23:30:00,2355.4687503
"412043","BiosphereDendrometer_",14,"2026-07-14 6:48:29","2026-07-13T23:48:29",17466,3.762451172,3722.167969,26.90999985,89.69999695,0.365260959,"UAGuest",0,"Green",1013,1658,1657,-502.9296875,"false","BioR1132",2026-07-13 23:45:00,194,15.0166666666667,48,45,13,23,0,7,2026,2026-07-13 23:45:00,2361.8164066
"412053","BiosphereDendrometer_",14,"2026-07-14 7:3:30","2026-07-14T0:3:30",17467,3.764062405,3725.390625,26.92000008,89.73000336,0.364410758,"UAGuest",0,"Green",1013,1671,1670,-496.5820313,"false","BioR1132",2026-07-14,195,15.0166666666667,3,0,14,0,0,7,2026,2026-07-14,2368.1640628
"412063","BiosphereDendrometer_",14,"2026-07-14 7:18:31","2026-07-14T0:18:31",17468,3.760839939,3731.835938,26.92000008,89.48999786,0.372926831,"UAGuest",0,"Green",1014,1684,1682,-490.234375,"false","BioR1132",2026-07-14 00:15:00,195,15.0166666666667,18,15,14,0,0,7,2026,2026-07-14 00:15:00,2374.5117191
"412073","BiosphereDendrometer_",14,"2026-07-14 7:33:32","2026-07-14T0:33:32",17469,3.764062405,3730.224609,26.85000038,89.27999878,0.378818035,"UAGuest",0,"Green",1011,1695,1694,-484.8632813,"false","BioR1132",2026-07-14 00:30:00,195,15.0166666666667,33,30,14,0,0,7,2026,2026-07-14 00:30:00,2379.8828128
"412083","BiosphereDendrometer_",14,"2026-07-14 7:48:33","2026-07-14T0:48:33",17470,3.764062405,3728.613281,26.78000069,89.33999634,0.375151962,"UAGuest",0,"Green",1013,1707,1706,-479.0039063,"false","BioR1132",2026-07-14 00:45:00,195,15.0166666666667,48,45,14,0,0,7,2026,2026-07-14 00:45:00,2385.7421878
"412093","BiosphereDendrometer_",14,"2026-07-14 8:3:34","2026-07-14T1:3:34",17471,3.760839939,3728.613281,26.72999954,89.20999908,0.378612608,"UAGuest",0,"Green",1013,1717,1717,-474.1210938,"false","BioR1132",2026-07-14 01:00:00,195,15.0166666666667,3,0,14,1,0,7,2026,2026-07-14 01:00:00,2390.6250003
"412106","BiosphereDendrometer_",14,"2026-07-14 8:18:35","2026-07-14T1:18:35",17472,3.756005764,3725.390625,26.67000008,89.06999969,0.382174432,"UAGuest",0,"Green",1011,1727,1727,-469.2382813,"false","BioR1132",2026-07-14 01:15:00,195,15.0166666666667,18,15,14,1,0,7,2026,2026-07-14 01:15:00,2395.5078128
"412116","BiosphereDendrometer_",14,"2026-07-14 8:33:48","2026-07-14T1:33:48",17473,3.759228468,3720.556641,26.60000038,89.34999847,0.370853812,"null",-100,"Green",1016,1738,1737,-463.8671875,"false","BioR1132",2026-07-14 01:30:00,195,15.2166666666667,33,30,14,1,0,7,2026,2026-07-14 01:30:00,2400.8789066
"412123","BiosphereDendrometer_",14,"2026-07-14 8:49:39","2026-07-14T1:49:39",17474,3.767285109,3728.613281,26.57999992,89.33999634,0.370765448,"UAGuest",0,"Green",1013,1748,1748,-458.984375,"false","BioR1132",2026-07-14 01:45:00,195,15.85,49,45,14,1,0,7,2026,2026-07-14 01:45:00,2405.7617191
"412133","BiosphereDendrometer_",14,"2026-07-14 9:4:40","2026-07-14T2:4:40",17475,3.762451172,3727.001953,26.51000023,89.41000366,0.366815925,"UAGuest",0,"Green",1013,1758,1757,-454.1015625,"false","BioR1132",2026-07-14 02:00:00,195,15.0166666666667,4,0,14,2,0,7,2026,2026-07-14 02:00:00,2410.6445316
"412143","BiosphereDendrometer_",14,"2026-07-14 9:19:41","2026-07-14T2:19:41",17476,3.757617235,3723.779297,26.46999931,89.51000214,0.362497211,"UAGuest",0,"Green",1010,1767,1767,-449.7070313,"false","BioR1132",2026-07-14 02:15:00,195,15.0166666666667,19,15,14,2,0,7,2026,2026-07-14 02:15:00,2415.0390628
"412153","BiosphereDendrometer_",14,"2026-07-14 9:34:42","2026-07-14T2:34:42",17477,3.754394531,3727.001953,26.35000038,89.87000275,0.347590238,"UAGuest",0,"Green",1009,1777,1777,-444.8242188,"false","BioR1132",2026-07-14 02:30:00,195,15.0166666666667,34,30,14,2,0,7,2026,2026-07-14 02:30:00,2419.9218753
"412163","BiosphereDendrometer_",14,"2026-07-14 9:49:43","2026-07-14T2:49:43",17478,3.762451172,3723.779297,26.20000076,90.30999756,0.329563707,"UAGuest",0,"Green",1012,1787,1786,-439.9414063,"false","BioR1132",2026-07-14 02:45:00,195,15.0166666666667,49,45,14,2,0,7,2026,2026-07-14 02:45:00,2424.8046878
"412173","BiosphereDendrometer_",14,"2026-07-14 10:4:44","2026-07-14T3:4:44",17479,3.754394531,3725.390625,26.40999985,89.80999756,0.350887895,"UAGuest",0,"Green",1014,1795,1795,-436.0351563,"false","BioR1132",2026-07-14 03:00:00,195,15.0166666666667,4,0,14,3,0,7,2026,2026-07-14 03:00:00,2428.7109378
"412183","BiosphereDendrometer_",14,"2026-07-14 10:19:45","2026-07-14T3:19:45",17480,3.757617235,3727.001953,26.44000053,89.73000336,0.354268163,"UAGuest",0,"Green",1013,1805,1804,-431.1523438,"false","BioR1132",2026-07-14 03:15:00,195,15.0166666666667,19,15,14,3,0,7,2026,2026-07-14 03:15:00,2433.5937503
"412193","BiosphereDendrometer_",14,"2026-07-14 10:34:46","2026-07-14T3:34:46",17481,3.759228468,3722.167969,26.48999977,89.56999969,0.360848725,"UAGuest",0,"Green",1010,1813,1813,-427.2460938,"false","BioR1132",2026-07-14 03:30:00,195,15.0166666666667,34,30,14,3,0,7,2026,2026-07-14 03:30:00,2437.5000003
"412203","BiosphereDendrometer_",14,"2026-07-14 10:49:47","2026-07-14T3:49:47",17482,3.756005764,3722.167969,26.53000069,89.51999664,0.363433659,"UAGuest",0,"Green",1011,1822,1821,-422.8515625,"false","BioR1132",2026-07-14 03:45:00,195,15.0166666666667,49,45,14,3,0,7,2026,2026-07-14 03:45:00,2441.8945316
"412216","BiosphereDendrometer_",14,"2026-07-14 11:4:48","2026-07-14T4:4:48",17483,3.756005764,3715.722656,26.51000023,89.56999969,0.361273974,"UAGuest",0,"Green",1012,1829,1828,-419.4335938,"false","BioR1132",2026-07-14 04:00:00,195,15.0166666666667,4,0,14,4,0,7,2026,2026-07-14 04:00:00,2445.3125003
"412223","BiosphereDendrometer_",14,"2026-07-14 11:19:49","2026-07-14T4:19:49",17484,3.756005764,3720.556641,26.46999931,89.33000183,0.368717372,"UAGuest",0,"Green",1013,1836,1836,-416.015625,"false","BioR1132",2026-07-14 04:15:00,195,15.0166666666667,19,15,14,4,0,7,2026,2026-07-14 04:15:00,2448.7304691
"412233","BiosphereDendrometer_",14,"2026-07-14 11:34:50","2026-07-14T4:34:50",17485,3.757617235,3725.390625,26.48999977,89.02999878,0.379531205,"UAGuest",0,"Green",1013,1844,1842,-412.109375,"false","BioR1132",2026-07-14 04:30:00,195,15.0166666666667,34,30,14,4,0,7,2026,2026-07-14 04:30:00,2452.6367191
"412243","BiosphereDendrometer_",14,"2026-07-14 11:49:51","2026-07-14T4:49:51",17486,3.764062405,3720.556641,26.40999985,88.81999969,0.384977967,"UAGuest",0,"Green",1012,1850,1849,-409.1796875,"false","BioR1132",2026-07-14 04:45:00,195,15.0166666666667,49,45,14,4,0,7,2026,2026-07-14 04:45:00,2455.5664066
"412253","BiosphereDendrometer_",14,"2026-07-14 12:4:52","2026-07-14T5:4:52",17487,3.757617235,3723.779297,26.35000038,88.65000153,0.38945204,"UAGuest",0,"Green",1010,1854,1855,-407.2265625,"false","BioR1132",2026-07-14 05:00:00,195,15.0166666666667,4,0,14,5,0,7,2026,2026-07-14 05:00:00,2457.5195316
"412263","BiosphereDendrometer_",14,"2026-07-14 12:19:53","2026-07-14T5:19:53",17488,3.754394531,3727.001953,26.05999947,89.41999817,0.356870502,"UAGuest",0,"Green",1014,1862,1861,-403.3203125,"false","BioR1132",2026-07-14 05:15:00,195,15.0166666666667,19,15,14,5,0,7,2026,2026-07-14 05:15:00,2461.4257816
"412273","BiosphereDendrometer_",14,"2026-07-14 12:35:6","2026-07-14T5:35:6",17489,3.756005764,3723.779297,25.90999985,89.41000366,0.354054064,"null",-100,"Green",1014,1868,1867,-400.390625,"false","BioR1132",2026-07-14 05:30:00,195,15.2166666666667,35,30,14,5,0,7,2026,2026-07-14 05:30:00,2464.3554691
"412283","BiosphereDendrometer_",14,"2026-07-14 12:50:57","2026-07-14T5:50:57",17490,3.756005764,3728.613281,25.78000069,89.29000092,0.355321825,"UAGuest",0,"Green",1013,1874,1873,-397.4609375,"false","BioR1132",2026-07-14 05:45:00,195,15.85,50,45,14,5,0,7,2026,2026-07-14 05:45:00,2467.2851566
"412293","BiosphereDendrometer_",14,"2026-07-14 13:5:58","2026-07-14T6:5:58",17491,3.757617235,3722.167969,25.70999908,89.51000214,0.346583068,"UAGuest",0,"Green",1009,1878,1878,-395.5078125,"false","BioR1132",2026-07-14 06:00:00,195,15.0166666666667,5,0,14,6,0,7,2026,2026-07-14 06:00:00,2469.2382816
"412303","BiosphereDendrometer_",14,"2026-07-14 13:20:59","2026-07-14T6:20:59",17492,3.749560595,3720.556641,25.75,89.45999908,0.349061191,"UAGuest",0,"Green",1011,1880,1880,-394.53125,"false","BioR1132",2026-07-14 06:15:00,195,15.0166666666667,20,15,14,6,0,7,2026,2026-07-14 06:15:00,2470.2148441
"412316","BiosphereDendrometer_",14,"2026-07-14 13:36:0","2026-07-14T6:36:0",17493,3.756005764,3722.167969,25.79999924,89.48000336,0.349431723,"UAGuest",0,"Green",1012,1881,1880,-394.0429688,"false","BioR1132",2026-07-14 06:30:00,195,15.0166666666667,36,30,14,6,0,7,2026,2026-07-14 06:30:00,2470.7031253
"412323","BiosphereDendrometer_",14,"2026-07-14 13:51:1","2026-07-14T6:51:1",17494,3.756005764,3718.945313,25.95000076,89.5,0.351876676,"UAGuest",0,"Green",1009,1879,1879,-395.0195313,"false","BioR1132",2026-07-14 06:45:00,195,15.0166666666667,51,45,14,6,0,7,2026,2026-07-14 06:45:00,2469.7265628
"412333","BiosphereDendrometer_",14,"2026-07-14 14:6:2","2026-07-14T7:6:2",17495,3.756005764,3718.945313,26.03000069,89.84999847,0.34175998,"UAGuest",0,"Green",1009,1878,1877,-395.5078125,"false","BioR1132",2026-07-14 07:00:00,195,15.0166666666667,6,0,14,7,0,7,2026,2026-07-14 07:00:00,2469.2382816
"412343","BiosphereDendrometer_",14,"2026-07-14 14:21:3","2026-07-14T7:21:3",17496,3.756005764,3715.722656,26.15999985,90.23000336,0.33150053,"UAGuest",0,"Green",1009,1876,1876,-396.484375,"false","BioR1132",2026-07-14 07:15:00,195,15.0166666666667,21,15,14,7,0,7,2026,2026-07-14 07:15:00,2468.2617191
"412353","BiosphereDendrometer_",14,"2026-07-14 14:36:4","2026-07-14T7:36:4",17497,3.751171827,3722.167969,26.36000061,90.48999786,0.32650879,"UAGuest",0,"Green",1010,1871,1872,-398.9257813,"false","BioR1132",2026-07-14 07:30:00,195,15.0166666666667,36,30,14,7,0,7,2026,2026-07-14 07:30:00,2465.8203128
"412363","BiosphereDendrometer_",14,"2026-07-14 14:51:5","2026-07-14T7:51:5",17498,3.752783298,3715.722656,26.48999977,90.72000122,0.32106173,"UAGuest",0,"Green",1011,1869,1869,-399.9023438,"false","BioR1132",2026-07-14 07:45:00,195,15.0166666666667,51,45,14,7,0,7,2026,2026-07-14 07:45:00,2464.8437503
"412373","BiosphereDendrometer_",14,"2026-07-14 15:6:6","2026-07-14T8:6:6",17499,3.749560595,3720.556641,26.43000031,89.91999817,0.347509384,"UAGuest",0,"Green",1010,1862,1862,-403.3203125,"false","BioR1132",2026-07-14 08:00:00,195,15.0166666666667,6,0,14,8,0,7,2026,2026-07-14 08:00:00,2461.4257816
"412393","BiosphereDendrometer_",14,"2026-07-14 15:26:38","2026-07-14T8:26:38",17501,3.757617235,3720.556641,26.46999931,92.83999634,0.247424275,"UAGuest",0,"Green",1012,1848,1848,-410.15625,"false","BioR1132",2026-07-14 08:30:00,195,15.0666666666667,26,30,14,8,0,7,2026,2026-07-14 08:30:00,2454.5898441
"412403","BiosphereDendrometer_",14,"2026-07-14 15:41:39","2026-07-14T8:41:39",17502,3.752783298,3720.556641,26.56999969,93.68000031,0.219686463,"UAGuest",0,"Green",1012,1840,1841,-414.0625,"false","BioR1132",2026-07-14 08:45:00,195,15.0166666666667,41,45,14,8,0,7,2026,2026-07-14 08:45:00,2450.6835941
"412416","BiosphereDendrometer_",14,"2026-07-14 15:56:40","2026-07-14T8:56:40",17503,3.749560595,3720.556641,26.95000076,93.26999664,0.239221781,"UAGuest",0,"Green",1011,1822,1822,-422.8515625,"false","BioR1132",2026-07-14 09:00:00,195,15.0166666666667,56,0,14,9,0,7,2026,2026-07-14 09:00:00,2441.8945316
"412423","BiosphereDendrometer_",14,"2026-07-14 16:11:41","2026-07-14T9:11:41",17504,3.751171827,3715.722656,27.02000046,92.90000153,0.253412127,"UAGuest",0,"Green",1012,1795,1794,-436.0351563,"false","BioR1132",2026-07-14 09:15:00,195,15.0166666666667,11,15,14,9,0,7,2026,2026-07-14 09:15:00,2428.7109378
"412433","BiosphereDendrometer_",14,"2026-07-14 16:26:54","2026-07-14T9:26:54",17505,3.751171827,3720.556641,27.12000084,93.45999908,0.234797478,"null",-100,"Green",1010,1773,1773,-446.7773438,"false","BioR1132",2026-07-14 09:30:00,195,15.2166666666667,26,30,14,9,0,7,2026,2026-07-14 09:30:00,2417.9687503
"412443","BiosphereDendrometer_",14,"2026-07-14 16:42:45","2026-07-14T9:42:45",17506,3.754394531,3722.167969,27.42000008,93.61000061,0.233477071,"UAGuest",0,"Green",1012,1742,1742,-461.9140625,"false","BioR1132",2026-07-14 09:45:00,195,15.85,42,45,14,9,0,7,2026,2026-07-14 09:45:00,2402.8320316
"412453","BiosphereDendrometer_",14,"2026-07-14 16:57:46","2026-07-14T9:57:46",17507,3.754394531,3722.167969,27.72999954,93.83000183,0.229557976,"UAGuest",0,"Green",1011,1708,1708,-478.515625,"false","BioR1132",2026-07-14 10:00:00,195,15.0166666666667,57,0,14,10,0,7,2026,2026-07-14 10:00:00,2386.2304691
"412463","BiosphereDendrometer_",14,"2026-07-14 17:12:47","2026-07-14T10:12:47",17508,3.752783298,3718.945313,27.86000061,94.40000153,0.209936351,"UAGuest",0,"Green",1012,1680,1680,-492.1875,"false","BioR1132",2026-07-14 10:15:00,195,15.0166666666667,12,15,14,10,0,7,2026,2026-07-14 10:15:00,2372.5585941
"412473","BiosphereDendrometer_",14,"2026-07-14 17:27:48","2026-07-14T10:27:48",17509,3.751171827,3717.333984,28.07999992,94.19000244,0.220617458,"UAGuest",0,"Green",1013,1649,1649,-507.3242188,"false","BioR1132",2026-07-14 10:30:00,195,15.0166666666667,27,30,14,10,0,7,2026,2026-07-14 10:30:00,2357.4218753
"412483","BiosphereDendrometer_",14,"2026-07-14 17:42:49","2026-07-14T10:42:49",17510,3.749560595,3718.945313,28.20000076,94.59999847,0.206485197,"UAGuest",0,"Green",1010,1621,1621,-520.9960938,"false","BioR1132",2026-07-14 10:45:00,195,15.0166666666667,42,45,14,10,0,7,2026,2026-07-14 10:45:00,2343.7500003
"412493","BiosphereDendrometer_",14,"2026-07-14 17:57:50","2026-07-14T10:57:50",17511,3.747949123,3717.333984,28.44000053,94.38999939,0.217526451,"UAGuest",0,"Green",1013,1580,1580,-541.015625,"false","BioR1132",2026-07-14 11:00:00,195,15.0166666666667,57,0,14,11,0,7,2026,2026-07-14 11:00:00,2323.7304691
"412503","BiosphereDendrometer_",14,"2026-07-14 18:12:51","2026-07-14T11:12:51",17512,3.749560595,3712.5,28.65999985,94.19000244,0.228173435,"UAGuest",0,"Green",1013,1535,1535,-562.9882813,"false","BioR1132",2026-07-14 11:15:00,195,15.0166666666667,12,15,14,11,0,7,2026,2026-07-14 11:15:00,2301.7578128
"412516","BiosphereDendrometer_",14,"2026-07-14 18:27:52","2026-07-14T11:27:52",17513,3.744726658,3720.556641,28.84000015,94.31999969,0.225404918,"UAGuest",0,"Green",1010,1488,1487,-585.9375,"false","BioR1132",2026-07-14 11:30:00,195,15.0166666666667,27,30,14,11,0,7,2026,2026-07-14 11:30:00,2278.8085941
"412523","BiosphereDendrometer_",14,"2026-07-14 18:42:53","2026-07-14T11:42:53",17514,3.752783298,3715.722656,29.06999969,94.34999847,0.227215394,"UAGuest",0,"Green",1013,1433,1433,-612.7929688,"false","BioR1132",2026-07-14 11:45:00,195,15.0166666666667,42,45,14,11,0,7,2026,2026-07-14 11:45:00,2251.9531253
"412533","BiosphereDendrometer_",14,"2026-07-14 18:57:54","2026-07-14T11:57:54",17515,3.751171827,3718.945313,29.37000084,94.31999969,0.232409656,"UAGuest",0,"Green",1009,1377,1376,-640.1367188,"false","BioR1132",2026-07-14 12:00:00,195,15.0166666666667,57,0,14,12,0,7,2026,2026-07-14 12:00:00,2224.6093753
"412543","BiosphereDendrometer_",14,"2026-07-14 19:12:55","2026-07-14T12:12:55",17516,3.746337891,3720.556641,29.56999969,94.27999878,0.236757398,"UAGuest",0,"Green",1013,1323,1322,-666.5039063,"false","BioR1132",2026-07-14 12:15:00,195,15.0166666666667,12,15,14,12,0,7,2026,2026-07-14 12:15:00,2198.2421878
"412553","BiosphereDendrometer_",14,"2026-07-14 19:27:56","2026-07-14T12:27:56",17517,3.751171827,3717.333984,29.37999916,95.01999664,0.203885198,"UAGuest",0,"Green",1012,1304,1302,-675.78125,"false","BioR1132",2026-07-14 12:30:00,195,15.0166666666667,27,30,14,12,0,7,2026,2026-07-14 12:30:00,2188.9648441
"412563","BiosphereDendrometer_",14,"2026-07-14 19:42:57","2026-07-14T12:42:57",17518,3.747949123,3717.333984,29.45000076,94.76999664,0.214985579,"UAGuest",0,"Green",1013,1284,1283,-685.546875,"false","BioR1132",2026-07-14 12:45:00,195,15.0166666666667,42,45,14,12,0,7,2026,2026-07-14 12:45:00,2179.1992191
"412573","BiosphereDendrometer_",14,"2026-07-14 19:57:58","2026-07-14T12:57:58",17519,3.752783298,3718.945313,29.54999924,94.47000122,0.228629723,"UAGuest",0,"Green",1009,1213,1213,-720.2148438,"false","BioR1132",2026-07-14 13:00:00,195,15.0166666666667,57,0,14,13,0,7,2026,2026-07-14 13:00:00,2144.5312503
"412583","BiosphereDendrometer_",14,"2026-07-14 20:12:59","2026-07-14T13:12:59",17520,3.749560595,3720.556641,29.64999962,94.69000244,0.220800698,"UAGuest",0,"Green",1011,1150,1150,-750.9765625,"false","BioR1132",2026-07-14 13:15:00,195,15.0166666666667,12,15,14,13,0,7,2026,2026-07-14 13:15:00,2113.7695316
"412593","BiosphereDendrometer_",14,"2026-07-14 20:28:12","2026-07-14T13:28:12",17521,3.751171827,3715.722656,29.85000038,94.44000244,0.233868599,"null",-100,"Green",1010,1098,1098,-776.3671875,"false","BioR1132",2026-07-14 13:30:00,195,15.2166666666667,28,30,14,13,0,7,2026,2026-07-14 13:30:00,2088.3789066
"412603","BiosphereDendrometer_",14,"2026-07-14 20:44:3","2026-07-14T13:44:3",17522,3.752783298,3720.556641,29.70999908,94.91999817,0.211966887,"UAGuest",0,"Green",1012,1082,1081,-784.1796875,"false","BioR1132",2026-07-14 13:45:00,195,15.85,44,45,14,13,0,7,2026,2026-07-14 13:45:00,2080.5664066
"412616","BiosphereDendrometer_",14,"2026-07-14 20:59:4","2026-07-14T13:59:4",17523,3.749560595,3715.722656,29.69000053,94.87000275,0.213807121,"UAGuest",0,"Green",1015,1066,1065,-791.9921875,"false","BioR1132",2026-07-14 14:00:00,195,15.0166666666667,59,0,14,14,0,7,2026,2026-07-14 14:00:00,2072.7539066
"412623","BiosphereDendrometer_",14,"2026-07-14 21:14:5","2026-07-14T14:14:5",17524,3.747949123,3715.722656,29.69000053,94.81999969,0.215891108,"UAGuest",0,"Green",1010,1039,1039,-805.1757813,"false","BioR1132",2026-07-14 14:15:00,195,15.0166666666667,14,15,14,14,0,7,2026,2026-07-14 14:15:00,2059.5703128
"412633","BiosphereDendrometer_",14,"2026-07-14 21:29:6","2026-07-14T14:29:6",17525,3.751171827,3715.722656,29.56999969,95.08999634,0.203230694,"UAGuest",0,"Green",1011,1024,1023,-812.5,"false","BioR1132",2026-07-14 14:30:00,195,15.0166666666667,29,30,14,14,0,7,2026,2026-07-14 14:30:00,2052.2460941
"412643","BiosphereDendrometer_",14,"2026-07-14 21:44:7","2026-07-14T14:44:7",17526,3.749560595,3717.333984,29.40999985,95.37999725,0.189473748,"UAGuest",0,"Green",1011,1023,1022,-812.9882813,"false","BioR1132",2026-07-14 14:45:00,195,15.0166666666667,44,45,14,14,0,7,2026,2026-07-14 14:45:00,2051.7578128
"412653","BiosphereDendrometer_",14,"2026-07-14 21:59:8","2026-07-14T14:59:8",17527,3.744726658,3717.333984,29.23999977,95.62000275,0.177879021,"UAGuest",0,"Green",1011,1025,1024,-812.0117188,"false","BioR1132",2026-07-14 15:00:00,195,15.0166666666667,59,0,14,15,0,7,2026,2026-07-14 15:00:00,2052.7343753
"412663","BiosphereDendrometer_",14,"2026-07-14 22:14:9","2026-07-14T15:14:9",17528,3.744726658,3715.722656,29.28000069,95.73999786,0.173405364,"UAGuest",0,"Green",1014,1041,1040,-804.1992188,"false","BioR1132",2026-07-14 15:15:00,195,15.0166666666667,14,15,14,15,0,7,2026,2026-07-14 15:15:00,2060.5468753
"412673","BiosphereDendrometer_",14,"2026-07-14 22:29:10","2026-07-14T15:29:10",17529,3.741503954,3714.111328,29.20000076,95.51999664,0.181520998,"UAGuest",0,"Green",1013,1058,1059,-795.8984375,"false","BioR1132",2026-07-14 15:30:00,195,15.0166666666667,29,30,14,15,0,7,2026,2026-07-14 15:30:00,2068.8476566
"412683","BiosphereDendrometer_",14,"2026-07-14 22:44:11","2026-07-14T15:44:11",17530,3.746337891,3712.5,28.96999931,95.23000336,0.190720826,"UAGuest",0,"Green",1011,1076,1075,-787.109375,"false","BioR1132",2026-07-14 15:45:00,195,15.0166666666667,44,45,14,15,0,7,2026,2026-07-14 15:45:00,2077.6367191
"412693","BiosphereDendrometer_",14,"2026-07-14 22:59:12","2026-07-14T15:59:12",17531,3.744726658,3714.111328,28.82999992,95.16000366,0.191959202,"UAGuest",0,"Green",1010,1090,1089,-780.2734375,"false","BioR1132",2026-07-14 16:00:00,195,15.0166666666667,59,0,14,16,0,7,2026,2026-07-14 16:00:00,2084.4726566
"412703","BiosphereDendrometer_",14,"2026-07-14 23:14:13","2026-07-14T16:14:13",17532,3.747949123,3710.888672,28.72999954,95.04000092,0.195583224,"UAGuest",0,"Green",1009,1102,1102,-774.4140625,"false","BioR1132",2026-07-14 16:15:00,195,15.0166666666667,14,15,14,16,0,7,2026,2026-07-14 16:15:00,2090.3320316
"412716","BiosphereDendrometer_",14,"2026-07-14 23:29:14","2026-07-14T16:29:14",17533,3.746337891,3710.888672,28.62000084,94.88999939,0.200218201,"UAGuest",0,"Green",1012,1114,1114,-768.5546875,"false","BioR1132",2026-07-14 16:30:00,195,15.0166666666667,29,30,14,16,0,7,2026,2026-07-14 16:30:00,2096.1914066
"412723","BiosphereDendrometer_",14,"2026-07-14 23:44:15","2026-07-14T16:44:15",17534,3.741503954,3717.333984,29.14999962,95.05999756,0.199582502,"UAGuest",0,"Green",1010,1127,1127,-762.2070313,"false","BioR1132",2026-07-14 16:45:00,195,15.0166666666667,44,45,14,16,0,7,2026,2026-07-14 16:45:00,2102.5390628
"412733","BiosphereDendrometer_",14,"2026-07-14 23:59:16","2026-07-14T16:59:16",17535,3.741503954,3712.5,29.54999924,94.47000122,0.228629723,"UAGuest",0,"Green",1012,1140,1139,-755.859375,"false","BioR1132",2026-07-14 17:00:00,195,15.0166666666667,59,0,14,17,0,7,2026,2026-07-14 17:00:00,2108.8867191
"412743","BiosphereDendrometer_",14,"2026-07-15 0:14:17","2026-07-14T17:14:17",17536,3.747949123,3714.111328,29.92000008,95.23000336,0.201446921,"UAGuest",0,"Green",1010,1151,1151,-750.4882813,"false","BioR1132",2026-07-14 17:15:00,195,15.0166666666667,14,15,14,17,0,7,2026,2026-07-14 17:15:00,2114.2578128
"412753","BiosphereDendrometer_",14,"2026-07-15 0:29:30","2026-07-14T17:29:30",17537,3.746337891,3710.888672,30.10000038,95,0.213351533,"null",-100,"Green",1014,1165,1165,-743.6523438,"false","BioR1132",2026-07-14 17:30:00,195,15.2166666666667,29,30,14,17,0,7,2026,2026-07-14 17:30:00,2121.0937503
"412763","BiosphereDendrometer_",14,"2026-07-15 0:45:21","2026-07-14T17:45:21",17538,3.751171827,3715.722656,30.17000008,94.18000031,0.249339208,"UAGuest",0,"Green",1014,1182,1181,-735.3515625,"false","BioR1132",2026-07-14 17:45:00,195,15.85,45,45,14,17,0,7,2026,2026-07-14 17:45:00,2129.3945316
"412773","BiosphereDendrometer_",14,"2026-07-15 1:0:22","2026-07-14T18:0:22",17539,3.744726658,3712.5,30.17000008,94.15000153,0.250624418,"UAGuest",0,"Green",1010,1197,1198,-728.0273438,"false","BioR1132",2026-07-14 18:00:00,195,15.0166666666667,0,0,14,18,0,7,2026,2026-07-14 18:00:00,2136.7187503
"412783","BiosphereDendrometer_",14,"2026-07-15 1:15:23","2026-07-14T18:15:23",17540,3.744726658,3717.333984,30.10000038,93.84999847,0.262422383,"UAGuest",0,"Green",1011,1213,1213,-720.2148438,"false","BioR1132",2026-07-14 18:15:00,195,15.0166666666667,15,15,14,18,0,7,2026,2026-07-14 18:15:00,2144.5312503
"412793","BiosphereDendrometer_",14,"2026-07-15 1:30:24","2026-07-14T18:30:24",17541,3.743115187,3712.5,30.07999992,93.51999664,0.276186854,"UAGuest",0,"Green",1011,1231,1230,-711.4257813,"false","BioR1132",2026-07-14 18:30:00,195,15.0166666666667,30,30,14,18,0,7,2026,2026-07-14 18:30:00,2153.3203128
"412803","BiosphereDendrometer_",14,"2026-07-15 1:45:25","2026-07-14T18:45:25",17542,3.743115187,3709.277344,29.95000076,93.23999786,0.285980731,"UAGuest",0,"Green",1010,1248,1247,-703.125,"false","BioR1132",2026-07-14 18:45:00,195,15.0166666666667,45,45,14,18,0,7,2026,2026-07-14 18:45:00,2161.6210941
"412816","BiosphereDendrometer_",14,"2026-07-15 2:0:26","2026-07-14T19:0:26",17543,3.741503954,3710.888672,29.89999962,93.08999634,0.291488886,"UAGuest",0,"Green",1008,1265,1264,-694.8242188,"false","BioR1132",2026-07-14 19:00:00,195,15.0166666666667,0,0,14,19,0,7,2026,2026-07-14 19:00:00,2169.9218753
"412823","BiosphereDendrometer_",14,"2026-07-15 2:15:27","2026-07-14T19:15:27",17544,3.743115187,3715.722656,29.85000038,92.65000153,0.309160799,"UAGuest",0,"Green",1012,1283,1282,-686.0351563,"false","BioR1132",2026-07-14 19:15:00,195,15.0166666666667,15,15,14,19,0,7,2026,2026-07-14 19:15:00,2178.7109378
"412833","BiosphereDendrometer_",14,"2026-07-15 2:30:28","2026-07-14T19:30:28",17545,3.739892483,3712.5,29.76000023,92.48000336,0.314680427,"UAGuest",0,"Green",1010,1301,1300,-677.2460938,"false","BioR1132",2026-07-14 19:30:00,195,15.0166666666667,30,30,14,19,0,7,2026,2026-07-14 19:30:00,2187.5000003
"412843","BiosphereDendrometer_",14,"2026-07-15 2:45:29","2026-07-14T19:45:29",17546,3.739892483,3712.5,29.64999962,92.40000153,0.316023558,"UAGuest",0,"Green",1011,1318,1318,-668.9453125,"false","BioR1132",2026-07-14 19:45:00,195,15.0166666666667,45,45,14,19,0,7,2026,2026-07-14 19:45:00,2195.8007816
"412853","BiosphereDendrometer_",14,"2026-07-15 3:0:30","2026-07-14T20:0:30",17547,3.741503954,3714.111328,29.54000092,92.26000214,0.319814742,"UAGuest",0,"Green",1011,1336,1335,-660.15625,"false","BioR1132",2026-07-14 20:00:00,195,15.0166666666667,0,0,14,20,0,7,2026,2026-07-14 20:00:00,2204.5898441
"412863","BiosphereDendrometer_",14,"2026-07-15 3:15:31","2026-07-14T20:15:31",17548,3.743115187,3712.5,29.47999954,92.09999847,0.325300425,"UAGuest",0,"Green",1010,1354,1353,-651.3671875,"false","BioR1132",2026-07-14 20:15:00,195,15.0166666666667,15,15,14,20,0,7,2026,2026-07-14 20:15:00,2213.3789066
"412873","BiosphereDendrometer_",14,"2026-07-15 3:30:32","2026-07-14T20:30:32",17549,3.739892483,3706.054688,29.37000084,91.94999695,0.329383373,"UAGuest",0,"Green",1014,1369,1370,-644.0429688,"false","BioR1132",2026-07-14 20:30:00,195,15.0166666666667,30,30,14,20,0,7,2026,2026-07-14 20:30:00,2220.7031253
"412883","BiosphereDendrometer_",14,"2026-07-15 3:45:33","2026-07-14T20:45:33",17550,3.746337891,3707.666016,29.29999924,91.83999634,0.332539797,"UAGuest",0,"Green",1012,1388,1387,-634.765625,"false","BioR1132",2026-07-14 20:45:00,195,15.0166666666667,45,45,14,20,0,7,2026,2026-07-14 20:45:00,2229.9804691
"412893","BiosphereDendrometer_",14,"2026-07-15 4:0:34","2026-07-14T21:0:34",17551,3.73828125,3714.111328,29.18000031,91.76000214,0.333483428,"UAGuest",0,"Green",1013,1405,1403,-626.4648438,"false","BioR1132",2026-07-14 21:00:00,195,15.0166666666667,0,0,14,21,0,7,2026,2026-07-14 21:00:00,2238.2812503
"412903","BiosphereDendrometer_",14,"2026-07-15 4:15:35","2026-07-14T21:15:35",17552,3.739892483,3706.054688,29.07999992,91.69000244,0.334380388,"UAGuest",0,"Green",1015,1420,1420,-619.140625,"false","BioR1132",2026-07-14 21:15:00,195,15.0166666666667,15,15,14,21,0,7,2026,2026-07-14 21:15:00,2245.6054691
"412916","BiosphereDendrometer_",14,"2026-07-15 4:30:48","2026-07-14T21:30:48",17553,3.739892483,3709.277344,29.03000069,91.56999969,0.338230819,"null",-100,"Green",1012,1436,1436,-611.328125,"false","BioR1132",2026-07-14 21:30:00,195,15.2166666666667,30,30,14,21,0,7,2026,2026-07-14 21:30:00,2253.4179691
"412923","BiosphereDendrometer_",14,"2026-07-15 4:46:39","2026-07-14T21:46:39",17554,3.746337891,3710.888672,28.95000076,91.34999847,0.345456898,"UAGuest",0,"Green",1010,1452,1452,-603.515625,"false","BioR1132",2026-07-14 21:45:00,195,15.85,46,45,14,21,0,7,2026,2026-07-14 21:45:00,2261.2304691
"412933","BiosphereDendrometer_",14,"2026-07-15 5:1:40","2026-07-14T22:1:40",17555,3.73828125,3706.054688,28.82999992,91.22000122,0.348223478,"UAGuest",0,"Green",1011,1468,1467,-595.703125,"false","BioR1132",2026-07-14 22:00:00,195,15.0166666666667,1,0,14,22,0,7,2026,2026-07-14 22:00:00,2269.0429691
"412943","BiosphereDendrometer_",14,"2026-07-15 5:16:41","2026-07-14T22:16:41",17556,3.741503954,3706.054688,28.77000046,90.97000122,0.356897265,"UAGuest",0,"Green",1012,1481,1481,-589.3554688,"false","BioR1132",2026-07-14 22:15:00,195,15.0166666666667,16,15,14,22,0,7,2026,2026-07-14 22:15:00,2275.3906253
"412953","BiosphereDendrometer_",14,"2026-07-15 5:31:42","2026-07-14T22:31:42",17557,3.741503954,3706.054688,28.70000076,91.02999878,0.353091896,"UAGuest",0,"Green",1010,1496,1495,-582.03125,"false","BioR1132",2026-07-14 22:30:00,195,15.0166666666667,31,30,14,22,0,7,2026,2026-07-14 22:30:00,2282.7148441
"412963","BiosphereDendrometer_",14,"2026-07-15 5:46:43","2026-07-14T22:46:43",17558,3.739892483,3704.443359,28.65999985,90.70999908,0.364842117,"UAGuest",0,"Green",1010,1509,1509,-575.6835938,"false","BioR1132",2026-07-14 22:45:00,195,15.0166666666667,46,45,14,22,0,7,2026,2026-07-14 22:45:00,2289.0625003
"412973","BiosphereDendrometer_",14,"2026-07-15 6:1:44","2026-07-14T23:1:44",17559,3.73828125,3702.832031,28.57999992,90.73999786,0.361981869,"UAGuest",0,"Green",1011,1523,1522,-568.8476563,"false","BioR1132",2026-07-14 23:00:00,195,15.0166666666667,1,0,14,23,0,7,2026,2026-07-14 23:00:00,2295.8984378
"412983","BiosphereDendrometer_",14,"2026-07-15 6:16:45","2026-07-14T23:16:45",17560,3.73828125,3710.888672,28.51000023,90.44000244,0.372194946,"UAGuest",0,"Green",1010,1536,1535,-562.5,"false","BioR1132",2026-07-14 23:15:00,195,15.0166666666667,16,15,14,23,0,7,2026,2026-07-14 23:15:00,2302.2460941
"412993","BiosphereDendrometer_",14,"2026-07-15 6:31:46","2026-07-14T23:31:46",17561,3.736670017,3709.277344,28.46999931,90.26999664,0.377935886,"UAGuest",0,"Green",1013,1549,1547,-556.1523438,"false","BioR1132",2026-07-14 23:30:00,195,15.0166666666667,31,30,14,23,0,7,2026,2026-07-14 23:30:00,2308.5937503
"413003","BiosphereDendrometer_",14,"2026-07-15 6:46:47","2026-07-14T23:46:47",17562,3.741503954,3706.054688,28.44000053,90.19999695,0.379992843,"UAGuest",0,"Green",1012,1560,1559,-550.78125,"false","BioR1132",2026-07-14 23:45:00,195,15.0166666666667,46,45,14,23,0,7,2026,2026-07-14 23:45:00,2313.9648441
"413016","BiosphereDendrometer_",14,"2026-07-15 7:1:48","2026-07-15T0:1:48",17563,3.739892483,3709.277344,28.42000008,90.08000183,0.38419944,"UAGuest",0,"Green",1011,1571,1571,-545.4101563,"false","BioR1132",2026-07-15,196,15.0166666666667,1,0,15,0,0,7,2026,2026-07-15,2319.3359378
"413023","BiosphereDendrometer_",14,"2026-07-15 7:16:49","2026-07-15T0:16:49",17564,3.736670017,3704.443359,28.37999916,90.04000092,0.384853989,"UAGuest",0,"Green",1011,1583,1582,-539.5507813,"false","BioR1132",2026-07-15 00:15:00,196,15.0166666666667,16,15,15,0,0,7,2026,2026-07-15 00:15:00,2325.1953128
"413033","BiosphereDendrometer_",14,"2026-07-15 7:31:50","2026-07-15T0:31:50",17565,3.736670017,3706.054688,28.37000084,90.01000214,0.385789126,"UAGuest",0,"Green",1011,1594,1593,-534.1796875,"false","BioR1132",2026-07-15 00:30:00,196,15.0166666666667,31,30,15,0,0,7,2026,2026-07-15 00:30:00,2330.5664066
"413043","BiosphereDendrometer_",14,"2026-07-15 7:46:51","2026-07-15T0:46:51",17566,3.739892483,3704.443359,28.30999947,89.98000336,0.385601401,"UAGuest",0,"Green",1015,1603,1604,-529.7851563,"false","BioR1132",2026-07-15 00:45:00,196,15.0166666666667,46,45,15,0,0,7,2026,2026-07-15 00:45:00,2334.9609378
"413053","BiosphereDendrometer_",14,"2026-07-15 8:1:52","2026-07-15T1:1:52",17567,3.735058546,3707.666016,28.29000092,89.77999878,0.392841756,"UAGuest",0,"Green",1013,1615,1614,-523.9257813,"false","BioR1132",2026-07-15 01:00:00,196,15.0166666666667,1,0,15,1,0,7,2026,2026-07-15 01:00:00,2340.8203128
"413063","BiosphereDendrometer_",14,"2026-07-15 8:16:53","2026-07-15T1:16:53",17568,3.735058546,3702.832031,28.25,90.01999664,0.382725984,"UAGuest",0,"Green",1011,1625,1624,-519.0429688,"false","BioR1132",2026-07-15 01:15:00,196,15.0166666666667,16,15,15,1,0,7,2026,2026-07-15 01:15:00,2345.7031253
"413073","BiosphereDendrometer_",14,"2026-07-15 8:32:6","2026-07-15T1:32:6",17569,3.733447313,3702.832031,28.23999977,89.83999634,0.389402479,"null",-100,"Green",1013,1634,1634,-514.6484375,"false","BioR1132",2026-07-15 01:30:00,196,15.2166666666667,32,30,15,1,0,7,2026,2026-07-15 01:30:00,2350.0976566
"413083","BiosphereDendrometer_",14,"2026-07-15 8:47:57","2026-07-15T1:47:57",17570,3.739892483,3706.054688,28.23999977,89.70999908,0.394384891,"UAGuest",0,"Green",1010,1644,1644,-509.765625,"false","BioR1132",2026-07-15 01:45:00,196,15.85,47,45,15,1,0,7,2026,2026-07-15 01:45:00,2354.9804691
"413093","BiosphereDendrometer_",14,"2026-07-15 9:2:58","2026-07-15T2:2:58",17571,3.736670017,3702.832031,28.20999908,89.56999969,0.39905417,"UAGuest",0,"Green",1014,1653,1653,-505.3710938,"false","BioR1132",2026-07-15 02:00:00,196,15.0166666666667,2,0,15,2,0,7,2026,2026-07-15 02:00:00,2359.3750003
"413106","BiosphereDendrometer_",14,"2026-07-15 9:17:59","2026-07-15T2:17:59",17572,3.733447313,3699.609375,28.17000008,89.73000336,0.392019719,"UAGuest",0,"Green",1012,1662,1662,-500.9765625,"false","BioR1132",2026-07-15 02:15:00,196,15.0166666666667,17,15,15,2,0,7,2026,2026-07-15 02:15:00,2363.7695316
"413116","BiosphereDendrometer_",14,"2026-07-15 9:33:0","2026-07-15T2:33:0",17573,3.731835842,3697.998047,28.13999939,89.44999695,0.402005851,"UAGuest",0,"Green",1011,1672,1671,-496.09375,"false","BioR1132",2026-07-15 02:30:00,196,15.0166666666667,33,30,15,2,0,7,2026,2026-07-15 02:30:00,2368.6523441
"413123","BiosphereDendrometer_",14,"2026-07-15 9:48:1","2026-07-15T2:48:1",17574,3.73828125,3702.832031,28.11000061,89.30999756,0.406630307,"UAGuest",0,"Green",1011,1678,1678,-493.1640625,"false","BioR1132",2026-07-15 02:45:00,196,15.0166666666667,48,45,15,2,0,7,2026,2026-07-15 02:45:00,2371.5820316
"413133","BiosphereDendrometer_",14,"2026-07-15 10:3:2","2026-07-15T3:3:2",17575,3.731835842,3702.832031,28.04999924,89.12000275,0.412415028,"UAGuest",0,"Green",1012,1686,1686,-489.2578125,"false","BioR1132",2026-07-15 03:00:00,196,15.0166666666667,3,0,15,3,0,7,2026,2026-07-15 03:00:00,2375.4882816
"413143","BiosphereDendrometer_",14,"2026-07-15 10:18:3","2026-07-15T3:18:3",17576,3.739892483,3699.609375,27.96999931,88.91000366,0.418421865,"UAGuest",0,"Green",1012,1693,1693,-485.8398438,"false","BioR1132",2026-07-15 03:15:00,196,15.0166666666667,18,15,15,3,0,7,2026,2026-07-15 03:15:00,2378.9062503
"413153","BiosphereDendrometer_",14,"2026-07-15 10:33:4","2026-07-15T3:33:4",17577,3.735058546,3699.609375,27.93000031,88.81999969,0.420836031,"UAGuest",0,"Green",1014,1701,1700,-481.9335938,"false","BioR1132",2026-07-15 03:30:00,196,15.0166666666667,33,30,15,3,0,7,2026,2026-07-15 03:30:00,2382.8125003
"413163","BiosphereDendrometer_",14,"2026-07-15 10:48:5","2026-07-15T3:48:5",17578,3.733447313,3702.832031,27.87000084,88.73999786,0.422368258,"UAGuest",0,"Green",1010,1708,1707,-478.515625,"false","BioR1132",2026-07-15 03:45:00,196,15.0166666666667,48,45,15,3,0,7,2026,2026-07-15 03:45:00,2386.2304691
"413173","BiosphereDendrometer_",14,"2026-07-15 11:3:6","2026-07-15T4:3:6",17579,3.731835842,3697.998047,27.79000092,88.63999939,0.424136519,"UAGuest",0,"Green",1009,1714,1714,-475.5859375,"false","BioR1132",2026-07-15 04:00:00,196,15.0166666666667,3,0,15,4,0,7,2026,2026-07-15 04:00:00,2389.1601566
"413183","BiosphereDendrometer_",14,"2026-07-15 11:18:7","2026-07-15T4:18:7",17580,3.73828125,3707.666016,27.77000046,88.51000214,0.428490013,"UAGuest",0,"Green",1012,1721,1720,-472.1679688,"false","BioR1132",2026-07-15 04:15:00,196,15.0166666666667,18,15,15,4,0,7,2026,2026-07-15 04:15:00,2392.5781253
"413193","BiosphereDendrometer_",14,"2026-07-15 11:33:8","2026-07-15T4:33:8",17581,3.733447313,3699.609375,27.67000008,88.27999878,0.434524626,"UAGuest",0,"Green",1012,1726,1726,-469.7265625,"false","BioR1132",2026-07-15 04:30:00,196,15.0166666666667,33,30,15,4,0,7,2026,2026-07-15 04:30:00,2395.0195316
"413203","BiosphereDendrometer_",14,"2026-07-15 11:48:9","2026-07-15T4:48:9",17582,3.731835842,3704.443359,27.62999916,88.15000153,0.438319594,"UAGuest",0,"Green",1014,1732,1732,-466.796875,"false","BioR1132",2026-07-15 04:45:00,196,15.0166666666667,48,45,15,4,0,7,2026,2026-07-15 04:45:00,2397.9492191
"413216","BiosphereDendrometer_",14,"2026-07-15 12:3:10","2026-07-15T5:3:10",17583,3.736670017,3696.386719,27.55999947,88.05999756,0.439846903,"UAGuest",0,"Green",1015,1737,1737,-464.3554688,"false","BioR1132",2026-07-15 05:00:00,196,15.0166666666667,3,0,15,5,0,7,2026,2026-07-15 05:00:00,2400.3906253
"413223","BiosphereDendrometer_",14,"2026-07-15 12:18:11","2026-07-15T5:18:11",17584,3.728613377,3697.998047,27.23999977,88.33999634,0.421567857,"UAGuest",0,"Green",1009,1742,1742,-461.9140625,"false","BioR1132",2026-07-15 05:15:00,196,15.0166666666667,18,15,15,5,0,7,2026,2026-07-15 05:15:00,2402.8320316
"413233","BiosphereDendrometer_",14,"2026-07-15 12:33:24","2026-07-15T5:33:24",17585,3.727001905,3702.832031,26.97999954,88.41999817,0.412343055,"null",-100,"Green",1014,1749,1747,-458.4960938,"false","BioR1132",2026-07-15 05:30:00,196,15.2166666666667,33,30,15,5,0,7,2026,2026-07-15 05:30:00,2406.2500003
"413243","BiosphereDendrometer_",14,"2026-07-15 12:49:15","2026-07-15T5:49:15",17586,3.733447313,3701.220703,26.77000046,88.44000244,0.406585991,"UAGuest",0,"Green",1012,1753,1752,-456.5429688,"false","BioR1132",2026-07-15 05:45:00,196,15.85,49,45,15,5,0,7,2026,2026-07-15 05:45:00,2408.2031253
"413253","BiosphereDendrometer_",14,"2026-07-15 13:4:16","2026-07-15T6:4:16",17587,3.730224609,3699.609375,26.70999908,88.04000092,0.419173747,"UAGuest",0,"Green",1011,1757,1756,-454.5898438,"false","BioR1132",2026-07-15 06:00:00,196,15.0166666666667,4,0,15,6,0,7,2026,2026-07-15 06:00:00,2410.1562503
"413263","BiosphereDendrometer_",14,"2026-07-15 13:19:17","2026-07-15T6:19:17",17588,3.731835842,3701.220703,26.76000023,87.77999878,0.429546922,"UAGuest",0,"Green",1013,1758,1757,-454.1015625,"false","BioR1132",2026-07-15 06:15:00,196,15.0166666666667,19,15,15,6,0,7,2026,2026-07-15 06:15:00,2410.6445316
"413273","BiosphereDendrometer_",14,"2026-07-15 13:34:18","2026-07-15T6:34:18",17589,3.730224609,3697.998047,26.78000069,87.91000366,0.425476968,"UAGuest",0,"Green",1012,1755,1755,-455.5664063,"false","BioR1132",2026-07-15 06:30:00,196,15.0166666666667,34,30,15,6,0,7,2026,2026-07-15 06:30:00,2409.1796878
"413283","BiosphereDendrometer_",14,"2026-07-15 13:49:19","2026-07-15T6:49:19",17590,3.731835842,3694.775391,25.90999985,82.23999786,0.593767881,"UAGuest",0,"Green",1010,1749,1750,-458.4960938,"false","BioR1132",2026-07-15 06:45:00,196,15.0166666666667,49,45,15,6,0,7,2026,2026-07-15 06:45:00,2406.2500003
"413293","BiosphereDendrometer_",14,"2026-07-15 14:4:20","2026-07-15T7:4:20",17591,3.730224609,3699.609375,23.94000053,85.01999664,0.445344269,"UAGuest",0,"Green",1010,1736,1734,-464.84375,"false","BioR1132",2026-07-15 07:00:00,196,15.0166666666667,4,0,15,7,0,7,2026,2026-07-15 07:00:00,2399.9023441
"413303","BiosphereDendrometer_",14,"2026-07-15 14:19:21","2026-07-15T7:19:21",17592,3.731835842,3699.609375,23.59000015,86.97000122,0.379305005,"UAGuest",0,"Green",1010,1722,1722,-471.6796875,"false","BioR1132",2026-07-15 07:15:00,196,15.0166666666667,19,15,15,7,0,7,2026,2026-07-15 07:15:00,2393.0664066
"413316","BiosphereDendrometer_",14,"2026-07-15 14:34:22","2026-07-15T7:34:22",17593,3.731835842,3696.386719,23.54999924,87.22000122,0.371132433,"UAGuest",0,"Green",1012,1713,1713,-476.0742188,"false","BioR1132",2026-07-15 07:30:00,196,15.0166666666667,34,30,15,7,0,7,2026,2026-07-15 07:30:00,2388.6718753
"413323","BiosphereDendrometer_",14,"2026-07-15 14:49:23","2026-07-15T7:49:23",17594,3.727001905,3697.998047,23.64999962,87.25,0.372497112,"UAGuest",0,"Green",1012,1702,1702,-481.4453125,"false","BioR1132",2026-07-15 07:45:00,196,15.0166666666667,49,45,15,7,0,7,2026,2026-07-15 07:45:00,2383.3007816
"413333","BiosphereDendrometer_",14,"2026-07-15 15:4:24","2026-07-15T8:4:24",17595,3.725390673,3693.164063,23.98999977,87.13999939,0.383467436,"UAGuest",0,"Green",1010,1682,1681,-491.2109375,"false","BioR1132",2026-07-15 08:00:00,196,15.0166666666667,4,0,15,8,0,7,2026,2026-07-15 08:00:00,2373.5351566
"413343","BiosphereDendrometer_",14,"2026-07-15 15:19:25","2026-07-15T8:19:25",17596,3.728613377,3699.609375,24.27000046,88,0.363881618,"UAGuest",0,"Green",1012,1656,1654,-503.90625,"false","BioR1132",2026-07-15 08:15:00,196,15.0166666666667,19,15,15,8,0,7,2026,2026-07-15 08:15:00,2360.8398441
"413353","BiosphereDendrometer_",14,"2026-07-15 15:34:26","2026-07-15T8:34:26",17597,3.727001905,3699.609375,24.46999931,88.76999664,0.344633341,"UAGuest",0,"Green",1014,1628,1626,-517.578125,"false","BioR1132",2026-07-15 08:30:00,196,15.0166666666667,34,30,15,8,0,7,2026,2026-07-15 08:30:00,2347.1679691
"413363","BiosphereDendrometer_",14,"2026-07-15 15:49:27","2026-07-15T8:49:27",17598,3.730224609,3697.998047,24.47999954,89.38999939,0.325801134,"UAGuest",0,"Green",1013,1606,1605,-528.3203125,"false","BioR1132",2026-07-15 08:45:00,196,15.0166666666667,49,45,15,8,0,7,2026,2026-07-15 08:45:00,2336.4257816
"413373","BiosphereDendrometer_",14,"2026-07-15 16:4:28","2026-07-15T9:4:28",17599,3.727001905,3696.386719,24.56999969,89.69999695,0.317988276,"UAGuest",0,"Green",1008,1585,1585,-538.5742188,"false","BioR1132",2026-07-15 09:00:00,196,15.0166666666667,4,0,15,9,0,7,2026,2026-07-15 09:00:00,2326.1718753
"413383","BiosphereDendrometer_",14,"2026-07-15 16:19:29","2026-07-15T9:19:29",17600,3.730224609,3693.164063,24.61000061,89.84999847,0.31410718,"UAGuest",0,"Green",1013,1565,1565,-548.3398438,"false","BioR1132",2026-07-15 09:15:00,196,15.0166666666667,19,15,15,9,0,7,2026,2026-07-15 09:15:00,2316.4062503
"413393","BiosphereDendrometer_",14,"2026-07-15 16:34:42","2026-07-15T9:34:42",17601,3.727001905,3696.386719,24.64999962,90.5,0.294695169,"null",-100,"Green",1013,1547,1546,-557.1289063,"false","BioR1132",2026-07-15 09:30:00,196,15.2166666666667,34,30,15,9,0,7,2026,2026-07-15 09:30:00,2307.6171878
"413403","BiosphereDendrometer_",14,"2026-07-15 16:50:33","2026-07-15T9:50:33",17602,3.736670017,3699.609375,25.02000046,93.83999634,0.195350006,"UAGuest",0,"Green",1012,1529,1529,-565.9179688,"false","BioR1132",2026-07-15 09:45:00,196,15.85,50,45,15,9,0,7,2026,2026-07-15 09:45:00,2298.8281253
"413416","BiosphereDendrometer_",14,"2026-07-15 17:5:34","2026-07-15T10:5:34",17603,3.723779202,3694.775391,25.88999939,95.69999695,0.143591478,"UAGuest",0,"Green",1012,1521,1521,-569.8242188,"false","BioR1132",2026-07-15 10:00:00,196,15.0166666666667,5,0,15,10,0,7,2026,2026-07-15 10:00:00,2294.9218753
"413423","BiosphereDendrometer_",14,"2026-07-15 17:20:35","2026-07-15T10:20:35",17604,3.727001905,3694.775391,26.28000069,95.59999847,0.150355175,"UAGuest",0,"Green",1011,1513,1513,-573.7304688,"false","BioR1132",2026-07-15 10:15:00,196,15.0166666666667,20,15,15,10,0,7,2026,2026-07-15 10:15:00,2291.0156253
"413433","BiosphereDendrometer_",14,"2026-07-15 17:35:36","2026-07-15T10:35:36",17605,3.727001905,3694.775391,26.61000061,95.09999847,0.170728043,"UAGuest",0,"Green",1010,1504,1503,-578.125,"false","BioR1132",2026-07-15 10:30:00,196,15.0166666666667,35,30,15,10,0,7,2026,2026-07-15 10:30:00,2286.6210941
"413443","BiosphereDendrometer_",14,"2026-07-15 17:50:37","2026-07-15T10:50:37",17606,3.727001905,3694.775391,26.87999916,94.76000214,0.185494944,"UAGuest",0,"Green",1015,1481,1481,-589.3554688,"false","BioR1132",2026-07-15 10:45:00,196,15.0166666666667,50,45,15,10,0,7,2026,2026-07-15 10:45:00,2275.3906253
"413453","BiosphereDendrometer_",14,"2026-07-15 18:5:38","2026-07-15T11:5:38",17607,3.725390673,3696.386719,27.20999908,94.66999817,0.192368135,"UAGuest",0,"Green",1013,1450,1450,-604.4921875,"false","BioR1132",2026-07-15 11:00:00,196,15.0166666666667,5,0,15,11,0,7,2026,2026-07-15 11:00:00,2260.2539066
"413463","BiosphereDendrometer_",14,"2026-07-15 18:20:39","2026-07-15T11:20:39",17608,3.730224609,3694.775391,27.45999908,94.86000061,0.188244492,"UAGuest",0,"Green",1010,1417,1416,-620.6054688,"false","BioR1132",2026-07-15 11:15:00,196,15.0166666666667,20,15,15,11,0,7,2026,2026-07-15 11:15:00,2244.1406253
"413473","BiosphereDendrometer_",14,"2026-07-15 18:35:40","2026-07-15T11:35:40",17609,3.730224609,3694.775391,27.88999939,94.61000061,0.202417329,"UAGuest",0,"Green",1013,1373,1372,-642.0898438,"false","BioR1132",2026-07-15 11:30:00,196,15.0166666666667,35,30,15,11,0,7,2026,2026-07-15 11:30:00,2222.6562503
"413483","BiosphereDendrometer_",14,"2026-07-15 18:50:41","2026-07-15T11:50:41",17610,3.722167969,3696.386719,28.10000038,94.83999634,0.196163982,"UAGuest",0,"Green",1014,1332,1331,-662.109375,"false","BioR1132",2026-07-15 11:45:00,196,15.0166666666667,50,45,15,11,0,7,2026,2026-07-15 11:45:00,2202.6367191
"413493","BiosphereDendrometer_",14,"2026-07-15 19:5:42","2026-07-15T12:5:42",17611,3.725390673,3693.164063,28.25,95.09999847,0.187911555,"UAGuest",0,"Green",1011,1311,1310,-672.3632813,"false","BioR1132",2026-07-15 12:00:00,196,15.0166666666667,5,0,15,12,0,7,2026,2026-07-15 12:00:00,2192.3828128
"413503","BiosphereDendrometer_",14,"2026-07-15 19:20:43","2026-07-15T12:20:43",17612,3.725390673,3694.775391,28.34000015,95.04000092,0.19120957,"UAGuest",0,"Green",1011,1289,1288,-683.1054688,"false","BioR1132",2026-07-15 12:15:00,196,15.0166666666667,20,15,15,12,0,7,2026,2026-07-15 12:15:00,2181.6406253
"413516","BiosphereDendrometer_",14,"2026-07-15 19:35:44","2026-07-15T12:35:44",17613,3.725390673,3691.552734,28.40999985,95.15000153,0.187730432,"UAGuest",0,"Green",1012,1268,1267,-693.359375,"false","BioR1132",2026-07-15 12:30:00,196,15.0166666666667,35,30,15,12,0,7,2026,2026-07-15 12:30:00,2171.3867191
"413523","BiosphereDendrometer_",14,"2026-07-15 19:50:45","2026-07-15T12:50:45",17614,3.723779202,3691.552734,28.42000008,95.25,0.183966503,"UAGuest",0,"Green",1011,1239,1239,-707.5195313,"false","BioR1132",2026-07-15 12:45:00,196,15.0166666666667,50,45,15,12,0,7,2026,2026-07-15 12:45:00,2157.2265628
"413533","BiosphereDendrometer_",14,"2026-07-15 20:5:46","2026-07-15T13:5:46",17615,3.730224609,3696.386719,28.65999985,94.91999817,0.199504644,"UAGuest",0,"Green",1013,1180,1180,-736.328125,"false","BioR1132",2026-07-15 13:00:00,196,15.0166666666667,5,0,15,13,0,7,2026,2026-07-15 13:00:00,2128.4179691
"413543","BiosphereDendrometer_",14,"2026-07-15 20:20:47","2026-07-15T13:20:47",17616,3.727001905,3694.775391,28.95000076,94.81999969,0.206874847,"UAGuest",0,"Green",1011,1112,1111,-769.53125,"false","BioR1132",2026-07-15 13:15:00,196,15.0166666666667,20,15,15,13,0,7,2026,2026-07-15 13:15:00,2095.2148441
"413553","BiosphereDendrometer_",14,"2026-07-15 20:36:0","2026-07-15T13:36:0",17617,3.727001905,3694.775391,29.20999908,94.91999817,0.205950543,"null",-100,"Green",1013,1061,1060,-794.4335938,"false","BioR1132",2026-07-15 13:30:00,196,15.2166666666667,36,30,15,13,0,7,2026,2026-07-15 13:30:00,2070.3125003
"413563","BiosphereDendrometer_",14,"2026-07-15 20:51:51","2026-07-15T13:51:51",17618,3.730224609,3696.386719,29.40999985,94.97000122,0.206288353,"UAGuest",0,"Green",1009,1020,1020,-814.453125,"false","BioR1132",2026-07-15 13:45:00,196,15.85,51,45,15,13,0,7,2026,2026-07-15 13:45:00,2050.2929691
"413573","BiosphereDendrometer_",14,"2026-07-15 21:6:52","2026-07-15T14:6:52",17619,3.725390673,3693.164063,29.61000061,94.87999725,0.212411046,"UAGuest",0,"Green",1012,990,989,-829.1015625,"false","BioR1132",2026-07-15 14:00:00,196,15.0166666666667,6,0,15,14,0,7,2026,2026-07-15 14:00:00,2035.6445316
"413583","BiosphereDendrometer_",14,"2026-07-15 21:21:53","2026-07-15T14:21:53",17620,3.727001905,3694.775391,29.44000053,95.34999847,0.1910339,"UAGuest",0,"Green",1013,990,990,-829.1015625,"false","BioR1132",2026-07-15 14:15:00,196,15.0166666666667,21,15,15,14,0,7,2026,2026-07-15 14:15:00,2035.6445316
"413593","BiosphereDendrometer_",14,"2026-07-15 21:36:54","2026-07-15T14:36:54",17621,3.723779202,3693.164063,29.29999924,95.31999969,0.190721393,"UAGuest",0,"Green",1014,999,1000,-824.7070313,"false","BioR1132",2026-07-15 14:30:00,196,15.0166666666667,36,30,15,14,0,7,2026,2026-07-15 14:30:00,2040.0390628
"413603","BiosphereDendrometer_",14,"2026-07-15 21:51:55","2026-07-15T14:51:55",17622,3.727001905,3696.386719,29.37999916,94.83000183,0.211663768,"UAGuest",0,"Green",1011,992,991,-828.125,"false","BioR1132",2026-07-15 14:45:00,196,15.0166666666667,51,45,15,14,0,7,2026,2026-07-15 14:45:00,2036.6210941
"413616","BiosphereDendrometer_",14,"2026-07-15 22:6:56","2026-07-15T15:6:56",17623,3.722167969,3693.164063,29.62000084,95.08999634,0.203816146,"UAGuest",0,"Green",1013,978,976,-834.9609375,"false","BioR1132",2026-07-15 15:00:00,196,15.0166666666667,6,0,15,15,0,7,2026,2026-07-15 15:00:00,2029.7851566
"413623","BiosphereDendrometer_",14,"2026-07-15 22:21:57","2026-07-15T15:21:57",17624,3.723779202,3691.552734,29.87999916,94.73999786,0.221631333,"UAGuest",0,"Green",1013,971,971,-838.3789063,"false","BioR1132",2026-07-15 15:15:00,196,15.0166666666667,21,15,15,15,0,7,2026,2026-07-15 15:15:00,2026.3671878
"413633","BiosphereDendrometer_",14,"2026-07-15 22:36:58","2026-07-15T15:36:58",17625,3.725390673,3689.941406,29.87999916,95.05999756,0.208148092,"UAGuest",0,"Green",1012,970,970,-838.8671875,"false","BioR1132",2026-07-15 15:30:00,196,15.0166666666667,36,30,15,15,0,7,2026,2026-07-15 15:30:00,2025.8789066
"413643","BiosphereDendrometer_",14,"2026-07-15 22:51:59","2026-07-15T15:51:59",17626,3.723779202,3694.775391,29.69000053,95,0.208389089,"UAGuest",0,"Green",1011,978,977,-834.9609375,"false","BioR1132",2026-07-15 15:45:00,196,15.0166666666667,51,45,15,15,0,7,2026,2026-07-15 15:45:00,2029.7851566
"413653","BiosphereDendrometer_",14,"2026-07-15 23:7:0","2026-07-15T16:7:0",17627,3.725390673,3694.775391,29.92000008,96.40000153,0.152035505,"UAGuest",0,"Green",1013,988,988,-830.078125,"false","BioR1132",2026-07-15 16:00:00,196,15.0166666666667,7,0,15,16,0,7,2026,2026-07-15 16:00:00,2034.6679691
"413663","BiosphereDendrometer_",14,"2026-07-15 23:22:1","2026-07-15T16:22:1",17628,3.725390673,3683.496094,29.82999992,96.27999878,0.156293795,"UAGuest",0,"Green",1010,1002,1003,-823.2421875,"false","BioR1132",2026-07-15 16:15:00,196,15.0166666666667,22,15,15,16,0,7,2026,2026-07-15 16:15:00,2041.5039066
"413673","BiosphereDendrometer_",14,"2026-07-15 23:37:2","2026-07-15T16:37:2",17629,3.725390673,3691.552734,29.87999916,95.88999939,0.173175842,"UAGuest",0,"Green",1012,1020,1019,-814.453125,"false","BioR1132",2026-07-15 16:30:00,196,15.0166666666667,37,30,15,16,0,7,2026,2026-07-15 16:30:00,2050.2929691
"413683","BiosphereDendrometer_",14,"2026-07-15 23:52:3","2026-07-15T16:52:3",17630,3.722167969,3693.164063,29.81999969,94.51999664,0.23010698,"UAGuest",0,"Green",1012,1036,1035,-806.640625,"false","BioR1132",2026-07-15 16:45:00,196,15.0166666666667,52,45,15,16,0,7,2026,2026-07-15 16:45:00,2058.1054691
"413693","BiosphereDendrometer_",14,"2026-07-16 0:7:4","2026-07-15T17:7:4",17631,3.727001905,3689.941406,29.54000092,93.30000305,0.276842207,"UAGuest",0,"Green",1012,1050,1050,-799.8046875,"false","BioR1132",2026-07-15 17:00:00,196,15.0166666666667,7,0,15,17,0,7,2026,2026-07-15 17:00:00,2064.9414066
"413703","BiosphereDendrometer_",14,"2026-07-16 0:22:5","2026-07-15T17:22:5",17632,3.720556736,3691.552734,29.11000061,92.77999878,0.291024506,"UAGuest",0,"Green",1010,1067,1067,-791.5039063,"false","BioR1132",2026-07-15 17:15:00,196,15.0166666666667,22,15,15,17,0,7,2026,2026-07-15 17:15:00,2073.2421878
"413715","BiosphereDendrometer_",14,"2026-07-16 0:37:18","2026-07-15T17:37:18",17633,3.725390673,3688.330078,28.70000076,92.43000031,0.297982782,"null",-100,"Green",1014,1083,1083,-783.6914063,"false","BioR1132",2026-07-15 17:30:00,196,15.2166666666667,37,30,15,17,0,7,2026,2026-07-15 17:30:00,2081.0546878
"413723","BiosphereDendrometer_",14,"2026-07-16 0:53:9","2026-07-15T17:53:9",17634,3.728613377,3693.164063,28.38999939,92.30999756,0.297313809,"UAGuest",0,"Green",1010,1101,1100,-774.9023438,"false","BioR1132",2026-07-15 18:00:00,196,15.85,53,0,15,18,0,7,2026,2026-07-15 18:00:00,2089.8437503
"413733","BiosphereDendrometer_",14,"2026-07-16 1:8:10","2026-07-15T18:8:10",17635,3.725390673,3689.941406,28.20000076,92.25,0.29634434,"UAGuest",0,"Green",1008,1117,1117,-767.0898438,"false","BioR1132",2026-07-15 18:15:00,196,15.0166666666667,8,15,15,18,0,7,2026,2026-07-15 18:15:00,2097.6562503
"413743","BiosphereDendrometer_",14,"2026-07-16 1:23:11","2026-07-15T18:23:11",17636,3.723779202,3694.775391,28.07999992,92.05000305,0.301877499,"UAGuest",0,"Green",1014,1134,1133,-758.7890625,"false","BioR1132",2026-07-15 18:30:00,196,15.0166666666667,23,30,15,18,0,7,2026,2026-07-15 18:30:00,2105.9570316
"413753","BiosphereDendrometer_",14,"2026-07-16 1:38:12","2026-07-15T18:38:12",17637,3.720556736,3683.496094,27.89999962,92.04000092,0.299105853,"UAGuest",0,"Green",1011,1151,1150,-750.4882813,"false","BioR1132",2026-07-15 18:45:00,196,15.0166666666667,38,45,15,18,0,7,2026,2026-07-15 18:45:00,2114.2578128
"413763","BiosphereDendrometer_",14,"2026-07-16 1:53:13","2026-07-15T18:53:13",17638,3.720556736,3688.330078,27.72999954,91.83999634,0.303597033,"UAGuest",0,"Green",1012,1168,1167,-742.1875,"false","BioR1132",2026-07-15 19:00:00,196,15.0166666666667,53,0,15,19,0,7,2026,2026-07-15 19:00:00,2122.5585941
"413773","BiosphereDendrometer_",14,"2026-07-16 2:8:14","2026-07-15T19:8:14",17639,3.718945265,3689.941406,27.60000038,91.72000122,0.305732757,"UAGuest",0,"Green",1010,1185,1185,-733.8867188,"false","BioR1132",2026-07-15 19:15:00,196,15.0166666666667,8,15,15,19,0,7,2026,2026-07-15 19:15:00,2130.8593753
"413783","BiosphereDendrometer_",14,"2026-07-16 2:23:15","2026-07-15T19:23:15",17640,3.720556736,3689.941406,27.46999931,91.56999969,0.308916062,"UAGuest",0,"Green",1011,1203,1203,-725.0976563,"false","BioR1132",2026-07-15 19:30:00,196,15.0166666666667,23,30,15,19,0,7,2026,2026-07-15 19:30:00,2139.6484378
"413793","BiosphereDendrometer_",14,"2026-07-16 2:38:16","2026-07-15T19:38:16",17641,3.723779202,3689.941406,27.38999939,91.15000153,0.322793275,"UAGuest",0,"Green",1011,1221,1220,-716.3085938,"false","BioR1132",2026-07-15 19:45:00,196,15.0166666666667,38,45,15,19,0,7,2026,2026-07-15 19:45:00,2148.4375003
"413803","BiosphereDendrometer_",14,"2026-07-16 2:53:17","2026-07-15T19:53:17",17642,3.718945265,3686.71875,27.18000031,90.87999725,0.328577369,"UAGuest",0,"Green",1011,1237,1237,-708.4960938,"false","BioR1132",2026-07-15 20:00:00,196,15.0166666666667,53,0,15,20,0,7,2026,2026-07-15 20:00:00,2156.2500003
"413815","BiosphereDendrometer_",14,"2026-07-16 3:8:18","2026-07-15T20:8:18",17643,3.718945265,3689.941406,26.96999931,90.37000275,0.342705637,"UAGuest",0,"Green",1011,1254,1254,-700.1953125,"false","BioR1132",2026-07-15 20:15:00,196,15.0166666666667,8,15,15,20,0,7,2026,2026-07-15 20:15:00,2164.5507816
"413823","BiosphereDendrometer_",14,"2026-07-16 3:23:19","2026-07-15T20:23:19",17644,3.718945265,3686.71875,26.77000046,90.40000153,0.337649137,"UAGuest",0,"Green",1010,1270,1270,-692.3828125,"false","BioR1132",2026-07-15 20:30:00,196,15.0166666666667,23,30,15,20,0,7,2026,2026-07-15 20:30:00,2172.3632816
"413833","BiosphereDendrometer_",14,"2026-07-16 3:38:20","2026-07-15T20:38:20",17645,3.717334032,3683.496094,26.60000038,90.36000061,0.335683614,"UAGuest",0,"Green",1011,1285,1286,-685.0585938,"false","BioR1132",2026-07-15 20:45:00,196,15.0166666666667,38,45,15,20,0,7,2026,2026-07-15 20:45:00,2179.6875003
"413843","BiosphereDendrometer_",14,"2026-07-16 3:53:21","2026-07-15T20:53:21",17646,3.718945265,3689.941406,26.44000053,90.15000153,0.339780152,"UAGuest",0,"Green",1010,1304,1302,-675.78125,"false","BioR1132",2026-07-15 21:00:00,196,15.0166666666667,53,0,15,21,0,7,2026,2026-07-15 21:00:00,2188.9648441
"413853","BiosphereDendrometer_",14,"2026-07-16 4:8:22","2026-07-15T21:8:22",17647,3.722167969,3686.71875,26.36000061,90.44999695,0.327882141,"UAGuest",0,"Green",1010,1318,1317,-668.9453125,"false","BioR1132",2026-07-15 21:15:00,196,15.0166666666667,8,15,15,21,0,7,2026,2026-07-15 21:15:00,2195.8007816
"413863","BiosphereDendrometer_",14,"2026-07-16 4:23:23","2026-07-15T21:23:23",17648,3.722167969,3686.71875,26.26000023,90.36000061,0.329025954,"UAGuest",0,"Green",1010,1334,1333,-661.1328125,"false","BioR1132",2026-07-15 21:30:00,196,15.0166666666667,23,30,15,21,0,7,2026,2026-07-15 21:30:00,2203.6132816
"413873","BiosphereDendrometer_",14,"2026-07-16 4:38:36","2026-07-15T21:38:36",17649,3.715722561,3685.107422,26.26000023,90.51999664,0.323565066,"null",-100,"Green",1013,1348,1348,-654.296875,"false","BioR1132",2026-07-15 21:45:00,196,15.2166666666667,38,45,15,21,0,7,2026,2026-07-15 21:45:00,2210.4492191
"413883","BiosphereDendrometer_",14,"2026-07-16 4:54:27","2026-07-15T21:54:27",17650,3.725390673,3686.71875,26.21999931,90.44999695,0.325185835,"UAGuest",0,"Green",1011,1365,1365,-645.9960938,"false","BioR1132",2026-07-15 22:00:00,196,15.85,54,0,15,22,0,7,2026,2026-07-15 22:00:00,2218.7500003
"413893","BiosphereDendrometer_",14,"2026-07-16 5:9:28","2026-07-15T22:9:28",17651,3.722167969,3686.71875,26.22999954,90.33000183,0.329465955,"UAGuest",0,"Green",1011,1381,1380,-638.1835938,"false","BioR1132",2026-07-15 22:15:00,196,15.0166666666667,9,15,15,22,0,7,2026,2026-07-15 22:15:00,2226.5625003
"413903","BiosphereDendrometer_",14,"2026-07-16 5:24:29","2026-07-15T22:24:29",17652,3.723779202,3685.107422,26.21999931,90.26000214,0.331655145,"UAGuest",0,"Green",1011,1396,1395,-630.859375,"false","BioR1132",2026-07-15 22:30:00,196,15.0166666666667,24,30,15,22,0,7,2026,2026-07-15 22:30:00,2233.8867191
"413916","BiosphereDendrometer_",14,"2026-07-16 5:39:30","2026-07-15T22:39:30",17653,3.722167969,3683.496094,26.25,90.48000336,0.324738264,"UAGuest",0,"Green",1012,1409,1409,-624.5117188,"false","BioR1132",2026-07-15 22:45:00,196,15.0166666666667,39,45,15,22,0,7,2026,2026-07-15 22:45:00,2240.2343753
"413923","BiosphereDendrometer_",14,"2026-07-16 5:54:31","2026-07-15T22:54:31",17654,3.717334032,3681.884766,26.26000023,90.31999969,0.330391228,"UAGuest",0,"Green",1012,1424,1424,-617.1875,"false","BioR1132",2026-07-15 23:00:00,196,15.0166666666667,54,0,15,23,0,7,2026,2026-07-15 23:00:00,2247.5585941
"413933","BiosphereDendrometer_",14,"2026-07-16 6:9:32","2026-07-15T23:9:32",17655,3.715722561,3686.71875,26.26000023,90.25,0.332780421,"UAGuest",0,"Green",1011,1439,1439,-609.8632813,"false","BioR1132",2026-07-15 23:15:00,196,15.0166666666667,9,15,15,23,0,7,2026,2026-07-15 23:15:00,2254.8828128
"413943","BiosphereDendrometer_",14,"2026-07-16 6:24:33","2026-07-15T23:24:33",17656,3.718945265,3685.107422,26.28000069,90.55999756,0.322580129,"UAGuest",0,"Green",1011,1453,1453,-603.0273438,"false","BioR1132",2026-07-15 23:30:00,196,15.0166666666667,24,30,15,23,0,7,2026,2026-07-15 23:30:00,2261.7187503
"413953","BiosphereDendrometer_",14,"2026-07-16 6:39:34","2026-07-15T23:39:34",17657,3.715722561,3683.496094,26.26000023,90.48000336,0.324929923,"UAGuest",0,"Green",1014,1466,1466,-596.6796875,"false","BioR1132",2026-07-15 23:45:00,196,15.0166666666667,39,45,15,23,0,7,2026,2026-07-15 23:45:00,2268.0664066
"413963","BiosphereDendrometer_",14,"2026-07-16 6:54:35","2026-07-15T23:54:35",17658,3.718945265,3685.107422,26.26000023,90.59999847,0.320834488,"UAGuest",0,"Green",1011,1479,1479,-590.3320313,"false","BioR1132",2026-07-16,196,15.0166666666667,54,0,16,0,0,7,2026,2026-07-16,2274.4140628
"413973","BiosphereDendrometer_",14,"2026-07-16 7:9:36","2026-07-16T0:9:36",17659,3.718945265,3677.050781,25.88999939,93.84999847,0.205369055,"UAGuest",0,"Green",1013,1496,1495,-582.03125,"false","BioR1132",2026-07-16 00:15:00,197,15.0166666666667,9,15,16,0,0,7,2026,2026-07-16 00:15:00,2282.7148441
"413983","BiosphereDendrometer_",14,"2026-07-16 7:24:37","2026-07-16T0:24:37",17660,3.712500095,3683.496094,25.81999969,95.88999939,0.136679351,"UAGuest",0,"Green",1012,1518,1518,-571.2890625,"false","BioR1132",2026-07-16 00:30:00,197,15.0166666666667,24,30,16,0,0,7,2026,2026-07-16 00:30:00,2293.4570316
"413993","BiosphereDendrometer_",14,"2026-07-16 7:39:38","2026-07-16T0:39:38",17661,3.717334032,3685.107422,25.68000031,97.44000244,0.084430456,"UAGuest",0,"Green",1012,1543,1542,-559.0820313,"false","BioR1132",2026-07-16 00:45:00,197,15.0166666666667,39,45,16,0,0,7,2026,2026-07-16 00:45:00,2305.6640628
"414003","BiosphereDendrometer_",14,"2026-07-16 7:54:39","2026-07-16T0:54:39",17662,3.718945265,3681.884766,25.84000015,97.81999969,0.072582349,"UAGuest",0,"Green",1012,1568,1566,-546.875,"false","BioR1132",2026-07-16 01:00:00,197,15.0166666666667,54,0,16,1,0,7,2026,2026-07-16 01:00:00,2317.8710941
"414016","BiosphereDendrometer_",14,"2026-07-16 8:9:40","2026-07-16T1:9:40",17663,3.717334032,3683.496094,25.84000015,98.38999939,0.053604409,"UAGuest",0,"Green",1013,1597,1596,-532.7148438,"false","BioR1132",2026-07-16 01:15:00,197,15.0166666666667,9,15,16,1,0,7,2026,2026-07-16 01:15:00,2332.0312503
"414023","BiosphereDendrometer_",14,"2026-07-16 8:24:41","2026-07-16T1:24:41",17664,3.714111328,3685.107422,25.77000046,98.55000305,0.048077527,"UAGuest",0,"Green",1013,1619,1617,-521.9726563,"false","BioR1132",2026-07-16 01:30:00,197,15.0166666666667,24,30,16,1,0,7,2026,2026-07-16 01:30:00,2342.7734378
"414033","BiosphereDendrometer_",14,"2026-07-16 8:39:54","2026-07-16T1:39:54",17665,3.714111328,3680.273438,25.77000046,98.54000092,0.048409149,"null",-100,"Green",1010,1642,1643,-510.7421875,"false","BioR1132",2026-07-16 01:45:00,197,15.2166666666667,39,45,16,1,0,7,2026,2026-07-16 01:45:00,2354.0039066
"414043","BiosphereDendrometer_",14,"2026-07-16 8:55:45","2026-07-16T1:55:45",17666,3.717334032,3681.884766,25.80999947,98.70999908,0.042873926,"UAGuest",0,"Green",1012,1666,1666,-499.0234375,"false","BioR1132",2026-07-16 02:00:00,197,15.85,55,0,16,2,0,7,2026,2026-07-16 02:00:00,2365.7226566
"414053","BiosphereDendrometer_",14,"2026-07-16 9:10:46","2026-07-16T2:10:46",17667,3.712500095,3681.884766,25.79999924,98.59999847,0.046502318,"UAGuest",0,"Green",1014,1692,1691,-486.328125,"false","BioR1132",2026-07-16 02:15:00,197,15.0166666666667,10,15,16,2,0,7,2026,2026-07-16 02:15:00,2378.4179691
"414063","BiosphereDendrometer_",14,"2026-07-16 9:25:47","2026-07-16T2:25:47",17668,3.715722561,3675.439453,25.71999931,98.91000366,0.036034133,"UAGuest",0,"Green",1014,1718,1717,-473.6328125,"false","BioR1132",2026-07-16 02:30:00,197,15.0166666666667,25,30,16,2,0,7,2026,2026-07-16 02:30:00,2391.1132816
"414073","BiosphereDendrometer_",14,"2026-07-16 9:40:48","2026-07-16T2:40:48",17669,3.714111328,3681.884766,25.78000069,99.04000092,0.031849518,"UAGuest",0,"Green",1012,1746,1744,-459.9609375,"false","BioR1132",2026-07-16 02:45:00,197,15.0166666666667,40,45,16,2,0,7,2026,2026-07-16 02:45:00,2404.7851566
"414083","BiosphereDendrometer_",14,"2026-07-16 9:55:49","2026-07-16T2:55:49",17670,3.712500095,3675.439453,25.77000046,99,0.033156969,"UAGuest",0,"Green",1011,1771,1772,-447.7539063,"false","BioR1132",2026-07-16 03:00:00,197,15.0166666666667,55,0,16,3,0,7,2026,2026-07-16 03:00:00,2416.9921878
"414093","BiosphereDendrometer_",14,"2026-07-16 10:10:50","2026-07-16T3:10:50",17671,3.717334032,3677.050781,25.75,98.88999939,0.036760684,"UAGuest",0,"Green",1014,1800,1799,-433.59375,"false","BioR1132",2026-07-16 03:15:00,197,15.0166666666667,10,15,16,3,0,7,2026,2026-07-16 03:15:00,2431.1523441
"414106","BiosphereDendrometer_",14,"2026-07-16 10:25:51","2026-07-16T3:25:51",17672,3.714111328,3672.216797,25.75,98.73000336,0.042059418,"UAGuest",0,"Green",1010,1829,1828,-419.4335938,"false","BioR1132",2026-07-16 03:30:00,197,15.0166666666667,25,30,16,3,0,7,2026,2026-07-16 03:30:00,2445.3125003
"414116","BiosphereDendrometer_",14,"2026-07-16 10:40:52","2026-07-16T3:40:52",17673,3.710888624,3677.050781,25.78000069,98.54000092,0.048437823,"UAGuest",0,"Green",1013,1860,1857,-404.296875,"false","BioR1132",2026-07-16 03:45:00,197,15.0166666666667,40,45,16,3,0,7,2026,2026-07-16 03:45:00,2460.4492191
"414123","BiosphereDendrometer_",14,"2026-07-16 10:55:53","2026-07-16T3:55:53",17674,3.710888624,3678.662109,25.79999924,98.26000214,0.057795633,"UAGuest",0,"Green",1013,1887,1888,-391.1132813,"false","BioR1132",2026-07-16 04:00:00,197,15.0166666666667,55,0,16,4,0,7,2026,2026-07-16 04:00:00,2473.6328128
"414133","BiosphereDendrometer_",14,"2026-07-16 11:10:54","2026-07-16T4:10:54",17675,3.712500095,3677.050781,25.78000069,98.12000275,0.062371951,"UAGuest",0,"Green",1013,1919,1918,-375.4882813,"false","BioR1132",2026-07-16 04:15:00,197,15.0166666666667,10,15,16,4,0,7,2026,2026-07-16 04:15:00,2489.2578128
"414143","BiosphereDendrometer_",14,"2026-07-16 11:25:55","2026-07-16T4:25:55",17676,3.70766592,3670.605469,25.80999947,97.83999634,0.071788952,"UAGuest",0,"Green",1009,1948,1948,-361.328125,"false","BioR1132",2026-07-16 04:30:00,197,15.0166666666667,25,30,16,4,0,7,2026,2026-07-16 04:30:00,2503.4179691
"414153","BiosphereDendrometer_",14,"2026-07-16 11:40:56","2026-07-16T4:40:56",17677,3.714111328,3678.662109,25.79999924,97.69000244,0.076728694,"UAGuest",0,"Green",1013,1980,1979,-345.703125,"false","BioR1132",2026-07-16 04:45:00,197,15.0166666666667,40,45,16,4,0,7,2026,2026-07-16 04:45:00,2519.0429691
"414163","BiosphereDendrometer_",14,"2026-07-16 11:55:57","2026-07-16T4:55:57",17678,3.712500095,3673.828125,25.77000046,97.22000122,0.092176341,"UAGuest",0,"Green",1011,2011,2010,-330.5664063,"false","BioR1132",2026-07-16 05:00:00,197,15.0166666666667,55,0,16,5,0,7,2026,2026-07-16 05:00:00,2534.1796878
"414173","BiosphereDendrometer_",14,"2026-07-16 12:10:58","2026-07-16T5:10:58",17679,3.712500095,3673.828125,25.75,97.16999817,0.093723394,"UAGuest",0,"Green",1012,2041,2040,-315.9179688,"false","BioR1132",2026-07-16 05:15:00,197,15.0166666666667,10,15,16,5,0,7,2026,2026-07-16 05:15:00,2548.8281253
"414183","BiosphereDendrometer_",14,"2026-07-16 12:25:59","2026-07-16T5:25:59",17680,3.709277391,3670.605469,25.75,96.91000366,0.102333665,"UAGuest",0,"Green",1013,2070,2070,-301.7578125,"false","BioR1132",2026-07-16 05:30:00,197,15.0166666666667,25,30,16,5,0,7,2026,2026-07-16 05:30:00,2562.9882816
"414193","BiosphereDendrometer_",14,"2026-07-16 12:41:12","2026-07-16T5:41:12",17681,3.715722561,3673.828125,25.73999977,96.94999695,0.100949511,"null",-100,"Green",1012,2100,2100,-287.109375,"false","BioR1132",2026-07-16 05:45:00,197,15.2166666666667,41,45,16,5,0,7,2026,2026-07-16 05:45:00,2577.6367191
"414203","BiosphereDendrometer_",14,"2026-07-16 12:57:3","2026-07-16T5:57:3",17682,3.715722561,3683.496094,25.71999931,96.61000061,0.112069935,"UAGuest",0,"Green",1011,2132,2131,-271.484375,"false","BioR1132",2026-07-16 06:00:00,197,15.85,57,0,16,6,0,7,2026,2026-07-16 06:00:00,2593.2617191
"414216","BiosphereDendrometer_",14,"2026-07-16 13:12:4","2026-07-16T6:12:4",17683,3.710888624,3675.439453,25.73999977,96.5,0.115843587,"UAGuest",0,"Green",1010,2161,2160,-257.3242188,"false","BioR1132",2026-07-16 06:15:00,197,15.0166666666667,12,15,16,6,0,7,2026,2026-07-16 06:15:00,2607.4218753
"414223","BiosphereDendrometer_",14,"2026-07-16 13:27:5","2026-07-16T6:27:5",17684,3.709277391,3675.439453,25.75,96.22000122,0.125185147,"UAGuest",0,"Green",1012,2190,2189,-243.1640625,"false","BioR1132",2026-07-16 06:30:00,197,15.0166666666667,27,30,16,6,0,7,2026,2026-07-16 06:30:00,2621.5820316
"414233","BiosphereDendrometer_",14,"2026-07-16 13:42:6","2026-07-16T6:42:6",17685,3.715722561,3673.828125,25.86000061,96.19999695,0.126669794,"UAGuest",0,"Green",1008,2218,2216,-229.4921875,"false","BioR1132",2026-07-16 06:45:00,197,15.0166666666667,42,45,16,6,0,7,2026,2026-07-16 06:45:00,2635.2539066
"414243","BiosphereDendrometer_",14,"2026-07-16 13:57:7","2026-07-16T6:57:7",17686,3.715722561,3673.828125,25.95999908,96.05000305,0.132450908,"UAGuest",0,"Green",1015,2244,2243,-216.796875,"false","BioR1132",2026-07-16 07:00:00,197,15.0166666666667,57,0,16,7,0,7,2026,2026-07-16 07:00:00,2647.9492191
"414253","BiosphereDendrometer_",14,"2026-07-16 14:12:8","2026-07-16T7:12:8",17687,3.709277391,3677.050781,26.15999985,96.19000244,0.129275113,"UAGuest",0,"Green",1013,2270,2270,-204.1015625,"false","BioR1132",2026-07-16 07:15:00,197,15.0166666666667,12,15,16,7,0,7,2026,2026-07-16 07:15:00,2660.6445316
"414263","BiosphereDendrometer_",14,"2026-07-16 14:27:9","2026-07-16T7:27:9",17688,3.70766592,3677.050781,26.26000023,96.26999664,0.127309978,"UAGuest",0,"Green",1011,2297,2296,-190.9179688,"false","BioR1132",2026-07-16 07:30:00,197,15.0166666666667,27,30,16,7,0,7,2026,2026-07-16 07:30:00,2673.8281253
"414273","BiosphereDendrometer_",14,"2026-07-16 14:42:10","2026-07-16T7:42:10",17689,3.709277391,3672.216797,26.43000031,96.30999756,0.127213359,"UAGuest",0,"Green",1011,2323,2323,-178.2226563,"false","BioR1132",2026-07-16 07:45:00,197,15.0166666666667,42,45,16,7,0,7,2026,2026-07-16 07:45:00,2686.5234378
"414283","BiosphereDendrometer_",14,"2026-07-16 14:57:11","2026-07-16T7:57:11",17690,3.710888624,3678.662109,26.54000092,96.37999725,0.125611231,"UAGuest",0,"Green",1013,2347,2347,-166.5039063,"false","BioR1132",2026-07-16 08:00:00,197,15.0166666666667,57,0,16,8,0,7,2026,2026-07-16 08:00:00,2698.2421878
"414293","BiosphereDendrometer_",14,"2026-07-16 15:12:12","2026-07-16T8:12:12",17691,3.710888624,3673.828125,26.10000038,95.83000183,0.140989661,"UAGuest",0,"Green",1022,2260,2259,-208.984375,"false","BioR1132",2026-07-16 08:15:00,197,15.0166666666667,12,15,16,8,0,7,2026,2026-07-16 08:15:00,2655.7617191
"414303","BiosphereDendrometer_",14,"2026-07-16 15:27:13","2026-07-16T8:27:13",17692,3.704443455,3683.496094,26.02000046,96.61000061,0.114077061,"UAGuest",0,"Green",1020,2276,2275,-201.171875,"false","BioR1132",2026-07-16 08:30:00,197,15.0166666666667,27,30,16,8,0,7,2026,2026-07-16 08:30:00,2663.5742191
"414316","BiosphereDendrometer_",14,"2026-07-16 15:42:14","2026-07-16T8:42:14",17693,3.710888624,3672.216797,26.18000031,96.97000122,0.102930665,"UAGuest",0,"Green",1013,2299,2299,-189.9414063,"false","BioR1132",2026-07-16 08:45:00,197,15.0166666666667,42,45,16,8,0,7,2026,2026-07-16 08:45:00,2674.8046878
"414323","BiosphereDendrometer_",14,"2026-07-16 15:57:15","2026-07-16T8:57:15",17694,3.714111328,3673.828125,26.55999947,96.91000366,0.107346594,"UAGuest",0,"Green",1010,2321,2320,-179.1992188,"false","BioR1132",2026-07-16 09:00:00,197,15.0166666666667,57,0,16,9,0,7,2026,2026-07-16 09:00:00,2685.5468753
"414333","BiosphereDendrometer_",14,"2026-07-16 16:12:16","2026-07-16T9:12:16",17695,3.706054688,3670.605469,26.87000084,97.30999756,0.095169775,"UAGuest",0,"Green",1020,2343,2343,-168.4570313,"false","BioR1132",2026-07-16 09:15:00,197,15.0166666666667,12,15,16,9,0,7,2026,2026-07-16 09:15:00,2696.2890628
"414343","BiosphereDendrometer_",14,"2026-07-16 16:27:17","2026-07-16T9:27:17",17696,3.70766592,3677.050781,27.14999962,97.38999939,0.093868382,"UAGuest",0,"Green",1012,2367,2367,-156.7382813,"false","BioR1132",2026-07-16 09:30:00,197,15.0166666666667,27,30,16,9,0,7,2026,2026-07-16 09:30:00,2708.0078128
"414353","BiosphereDendrometer_",14,"2026-07-16 16:42:30","2026-07-16T9:42:30",17697,3.706054688,3670.605469,27.70000076,97.37999725,0.097308174,"null",-100,"Green",1022,2385,2384,-147.9492188,"false","BioR1132",2026-07-16 09:45:00,197,15.2166666666667,42,45,16,9,0,7,2026,2026-07-16 09:45:00,2716.7968753
"414363","BiosphereDendrometer_",14,"2026-07-16 16:58:21","2026-07-16T9:58:21",17698,3.710888624,3677.050781,27.93000031,97.56999969,0.091469638,"UAGuest",0,"Green",1021,2405,2405,-138.1835938,"false","BioR1132",2026-07-16 10:00:00,197,15.85,58,0,16,10,0,7,2026,2026-07-16 10:00:00,2726.5625003
"414373","BiosphereDendrometer_",14,"2026-07-16 17:13:22","2026-07-16T10:13:22",17699,3.706054688,3675.439453,28.12000084,97.63999939,0.089822732,"UAGuest",0,"Green",1014,2428,2428,-126.953125,"false","BioR1132",2026-07-16 10:15:00,197,15.0166666666667,13,15,16,10,0,7,2026,2026-07-16 10:15:00,2737.7929691
"414383","BiosphereDendrometer_",14,"2026-07-16 17:28:23","2026-07-16T10:28:23",17700,3.710888624,3673.828125,28.23999977,97.66000366,0.089684971,"UAGuest",0,"Green",1010,2451,2451,-115.7226563,"false","BioR1132",2026-07-16 10:30:00,197,15.0166666666667,28,30,16,10,0,7,2026,2026-07-16 10:30:00,2749.0234378
"414393","BiosphereDendrometer_",14,"2026-07-16 17:43:24","2026-07-16T10:43:24",17701,3.709277391,3677.050781,28.23999977,97.70999908,0.087768763,"UAGuest",0,"Green",1020,2475,2475,-104.0039063,"false","BioR1132",2026-07-16 10:45:00,197,15.0166666666667,43,45,16,10,0,7,2026,2026-07-16 10:45:00,2760.7421878
"414403","BiosphereDendrometer_",14,"2026-07-16 17:58:25","2026-07-16T10:58:25",17702,3.709277391,3668.994141,28.21999931,97.65000153,0.089963667,"UAGuest",0,"Green",1018,2500,2499,-91.796875,"false","BioR1132",2026-07-16 11:00:00,197,15.0166666666667,58,0,16,11,0,7,2026,2026-07-16 11:00:00,2772.9492191
"414416","BiosphereDendrometer_",14,"2026-07-16 18:13:26","2026-07-16T11:13:26",17703,3.712500095,3673.828125,28.25,97.55000305,0.093955547,"UAGuest",0,"Green",1014,2524,2523,-80.078125,"false","BioR1132",2026-07-16 11:15:00,197,15.0166666666667,13,15,16,11,0,7,2026,2026-07-16 11:15:00,2784.6679691
"414423","BiosphereDendrometer_",14,"2026-07-16 18:28:27","2026-07-16T11:28:27",17704,3.712500095,3672.216797,28.27000046,97.44999695,0.097904608,"UAGuest",0,"Green",1013,2546,2546,-69.3359375,"false","BioR1132",2026-07-16 11:30:00,197,15.0166666666667,28,30,16,11,0,7,2026,2026-07-16 11:30:00,2795.4101566
"414433","BiosphereDendrometer_",14,"2026-07-16 18:43:28","2026-07-16T11:43:28",17705,3.709277391,3670.605469,28.28000069,97.55000305,0.094119482,"UAGuest",0,"Green",1009,2569,2568,-58.10546875,"false","BioR1132",2026-07-16 11:45:00,197,15.0166666666667,43,45,16,11,0,7,2026,2026-07-16 11:45:00,2806.64062535
"414443","BiosphereDendrometer_",14,"2026-07-16 18:58:29","2026-07-16T11:58:29",17706,3.710888624,3677.050781,28.29000092,97.58999634,0.092637077,"UAGuest",0,"Green",1022,2591,2590,-47.36328125,"false","BioR1132",2026-07-16 12:00:00,197,15.0166666666667,58,0,16,12,0,7,2026,2026-07-16 12:00:00,2817.38281285
"414453","BiosphereDendrometer_",14,"2026-07-16 19:13:30","2026-07-16T12:13:30",17707,3.706054688,3677.050781,28.31999969,97.51000214,0.095878683,"UAGuest",0,"Green",1019,2611,2611,-37.59765625,"false","BioR1132",2026-07-16 12:15:00,197,15.0166666666667,13,15,16,12,0,7,2026,2026-07-16 12:15:00,2827.14843785
"414463","BiosphereDendrometer_",14,"2026-07-16 19:28:31","2026-07-16T12:28:31",17708,3.70766592,3673.828125,28.37999916,97.47000122,0.097758949,"UAGuest",0,"Green",1018,2630,2630,-28.3203125,"false","BioR1132",2026-07-16 12:30:00,197,15.0166666666667,28,30,16,12,0,7,2026,2026-07-16 12:30:00,2836.4257816
"414473","BiosphereDendrometer_",14,"2026-07-16 19:43:32","2026-07-16T12:43:32",17709,3.709277391,3670.605469,28.51000023,97.51000214,0.096941888,"UAGuest",0,"Green",1017,2648,2646,-19.53125,"false","BioR1132",2026-07-16 12:45:00,197,15.0166666666667,43,45,16,12,0,7,2026,2026-07-16 12:45:00,2845.2148441
"414483","BiosphereDendrometer_",14,"2026-07-16 19:58:33","2026-07-16T12:58:33",17710,3.712500095,3672.216797,28.70000076,97.48000336,0.099196203,"UAGuest",0,"Green",1015,2659,2658,-14.16015625,"false","BioR1132",2026-07-16 13:00:00,197,15.0166666666667,58,0,16,13,0,7,2026,2026-07-16 13:00:00,2850.58593785
"414493","BiosphereDendrometer_",14,"2026-07-16 20:13:34","2026-07-16T13:13:34",17711,3.709277391,3673.828125,29,97.52999878,0.098930359,"UAGuest",0,"Green",1015,2664,2664,-11.71875,"false","BioR1132",2026-07-16 13:15:00,197,15.0166666666667,13,15,16,13,0,7,2026,2026-07-16 13:15:00,2853.0273441
"414503","BiosphereDendrometer_",14,"2026-07-16 20:28:35","2026-07-16T13:28:35",17712,3.70766592,3673.828125,29.34000015,97.61000061,0.09762302,"UAGuest",0,"Green",1015,2666,2665,-10.7421875,"false","BioR1132",2026-07-16 13:30:00,197,15.0166666666667,28,30,16,13,0,7,2026,2026-07-16 13:30:00,2854.0039066
"414516","BiosphereDendrometer_",14,"2026-07-16 20:43:48","2026-07-16T13:43:48",17713,3.706054688,3670.605469,29.52000046,97.55999756,0.100704178,"null",-100,"Green",1012,2672,2671,-7.8125,"false","BioR1132",2026-07-16 13:45:00,197,15.2166666666667,43,45,16,13,0,7,2026,2026-07-16 13:45:00,2856.9335941
"414523","BiosphereDendrometer_",14,"2026-07-16 20:59:39","2026-07-16T13:59:39",17714,3.714111328,3673.828125,29.62999916,97.56999969,0.100928158,"UAGuest",0,"Green",1013,2683,2681,-2.44140625,"false","BioR1132",2026-07-16 14:00:00,197,15.85,59,0,16,14,0,7,2026,2026-07-16 14:00:00,2862.30468785
"414533","BiosphereDendrometer_",14,"2026-07-16 21:14:40","2026-07-16T14:14:40",17715,3.710888624,3673.828125,28.71999931,95.16000366,0.190740794,"UAGuest",0,"Green",1014,2688,2688,0,"false","BioR1132",2026-07-16 14:15:00,197,15.0166666666667,14,15,16,14,0,7,2026,2026-07-16 14:15:00,2864.7460941
"414543","BiosphereDendrometer_",14,"2026-07-16 21:29:41","2026-07-16T14:29:41",17716,3.709277391,3673.828125,28.18000031,95.70999908,0.163850412,"UAGuest",0,"Green",1016,2689,2689,0.48828125,"false","BioR1132",2026-07-16 14:30:00,197,15.0166666666667,29,30,16,14,0,7,2026,2026-07-16 14:30:00,2865.23437535
"414553","BiosphereDendrometer_",14,"2026-07-16 21:44:42","2026-07-16T14:44:42",17717,3.704443455,3668.994141,28,95.98999786,0.151560605,"UAGuest",0,"Green",1017,2689,2689,0.48828125,"false","BioR1132",2026-07-16 14:45:00,197,15.0166666666667,44,45,16,14,0,7,2026,2026-07-16 14:45:00,2865.23437535
"414563","BiosphereDendrometer_",14,"2026-07-16 21:59:43","2026-07-16T14:59:43",17718,3.706054688,3668.994141,28.02000046,96.16000366,0.145304054,"UAGuest",0,"Green",1017,2689,2688,0.48828125,"false","BioR1132",2026-07-16 15:00:00,197,15.0166666666667,59,0,16,15,0,7,2026,2026-07-16 15:00:00,2865.23437535
"414573","BiosphereDendrometer_",14,"2026-07-16 22:14:44","2026-07-16T15:14:44",17719,3.709277391,3667.382813,28.44000053,97.11000061,0.11205893,"UAGuest",0,"Green",1015,2689,2688,0.48828125,"false","BioR1132",2026-07-16 15:15:00,197,15.0166666666667,14,15,16,15,0,7,2026,2026-07-16 15:15:00,2865.23437535
"414583","BiosphereDendrometer_",14,"2026-07-16 22:29:45","2026-07-16T15:29:45",17720,3.70766592,3672.216797,28.64999962,97.01999664,0.116964631,"UAGuest",0,"Green",1015,2690,2688,0.9765625,"false","BioR1132",2026-07-16 15:30:00,197,15.0166666666667,29,30,16,15,0,7,2026,2026-07-16 15:30:00,2865.7226566
"414593","BiosphereDendrometer_",14,"2026-07-16 22:44:46","2026-07-16T15:44:46",17721,3.706054688,3665.771484,28.71999931,96.90000153,0.122168563,"UAGuest",0,"Green",1014,2689,2690,0.48828125,"false","BioR1132",2026-07-16 15:45:00,197,15.0166666666667,44,45,16,15,0,7,2026,2026-07-16 15:45:00,2865.23437535
"414603","BiosphereDendrometer_",14,"2026-07-16 22:59:47","2026-07-16T15:59:47",17722,3.70766592,3675.439453,28.86000061,96.91999817,0.122368276,"UAGuest",0,"Green",1013,2694,2694,2.9296875,"false","BioR1132",2026-07-16 16:00:00,197,15.0166666666667,59,0,16,16,0,7,2026,2026-07-16 16:00:00,2867.6757816
"414616","BiosphereDendrometer_",14,"2026-07-16 23:14:48","2026-07-16T16:14:48",17723,3.706054688,3672.216797,28.96999931,96.76999664,0.12914665,"UAGuest",0,"Green",1014,2697,2696,4.39453125,"false","BioR1132",2026-07-16 16:15:00,197,15.0166666666667,14,15,16,16,0,7,2026,2026-07-16 16:15:00,2869.14062535
"414623","BiosphereDendrometer_",14,"2026-07-16 23:29:49","2026-07-16T16:29:49",17724,3.704443455,3670.605469,28.98999977,96.61000061,0.135700628,"UAGuest",0,"Green",1013,2703,2703,7.32421875,"false","BioR1132",2026-07-16 16:30:00,197,15.0166666666667,29,30,16,16,0,7,2026,2026-07-16 16:30:00,2872.07031285
"414633","BiosphereDendrometer_",14,"2026-07-16 23:44:50","2026-07-16T16:44:50",17725,3.706054688,3670.605469,29.92000008,97.91000366,0.088264823,"UAGuest",0,"Green",1009,2716,2716,13.671875,"false","BioR1132",2026-07-16 16:45:00,197,15.0166666666667,44,45,16,16,0,7,2026,2026-07-16 16:45:00,2878.4179691
"414643","BiosphereDendrometer_",14,"2026-07-16 23:59:51","2026-07-16T16:59:51",17726,3.69960928,3673.828125,30.19000053,96.69999695,0.14154017,"UAGuest",0,"Green",1009,2727,2727,19.04296875,"false","BioR1132",2026-07-16 17:00:00,197,15.0166666666667,59,0,16,17,0,7,2026,2026-07-16 17:00:00,2883.78906285
"414653","BiosphereDendrometer_",14,"2026-07-17 0:14:52","2026-07-16T17:14:52",17727,3.704443455,3677.050781,30.12999916,95.68000031,0.184652925,"UAGuest",0,"Green",1010,2738,2738,24.4140625,"false","BioR1132",2026-07-16 17:15:00,197,15.0166666666667,14,15,16,17,0,7,2026,2026-07-16 17:15:00,2889.1601566
"414663","BiosphereDendrometer_",14,"2026-07-17 0:29:53","2026-07-16T17:29:53",17728,3.704443455,3664.160156,29.97999954,95.22000122,0.202565446,"UAGuest",0,"Green",1009,2750,2748,30.2734375,"false","BioR1132",2026-07-16 17:30:00,197,15.0166666666667,29,30,16,17,0,7,2026,2026-07-16 17:30:00,2895.0195316
"414673","BiosphereDendrometer_",14,"2026-07-17 0:45:6","2026-07-16T17:45:6",17729,3.704443455,3672.216797,29.72999954,94.86000061,0.214717045,"null",-100,"Green",1009,2761,2760,35.64453125,"false","BioR1132",2026-07-16 17:45:00,197,15.2166666666667,45,45,16,17,0,7,2026,2026-07-16 17:45:00,2900.39062535
"414683","BiosphereDendrometer_",14,"2026-07-17 1:0:57","2026-07-16T18:0:57",17730,3.70766592,3675.439453,29.43000031,94.5,0.225823835,"UAGuest",0,"Green",1013,2773,2772,41.50390625,"false","BioR1132",2026-07-16 18:00:00,197,15.85,0,0,16,18,0,7,2026,2026-07-16 18:00:00,2906.25000035
"414693","BiosphereDendrometer_",14,"2026-07-17 1:15:58","2026-07-16T18:15:58",17731,3.70766592,3668.994141,29.12999916,94.09999847,0.238092616,"UAGuest",0,"Green",1012,2784,2784,46.875,"false","BioR1132",2026-07-16 18:15:00,197,15.0166666666667,15,15,16,18,0,7,2026,2026-07-16 18:15:00,2911.6210941
"414703","BiosphereDendrometer_",14,"2026-07-17 1:30:59","2026-07-16T18:30:59",17732,3.709277391,3670.605469,28.76000023,94.04000092,0.235423848,"UAGuest",0,"Green",1013,2796,2796,52.734375,"false","BioR1132",2026-07-16 18:30:00,197,15.0166666666667,30,30,16,18,0,7,2026,2026-07-16 18:30:00,2917.4804691
"414716","BiosphereDendrometer_",14,"2026-07-17 1:46:0","2026-07-16T18:46:0",17733,3.706054688,3668.994141,28.45000076,93.62000275,0.247526467,"UAGuest",0,"Green",1012,2807,2806,58.10546875,"false","BioR1132",2026-07-16 18:45:00,197,15.0166666666667,46,45,16,18,0,7,2026,2026-07-16 18:45:00,2922.85156285
"414723","BiosphereDendrometer_",14,"2026-07-17 2:1:1","2026-07-16T19:1:1",17734,3.706054688,3668.994141,28.11000061,93.58000183,0.24420628,"UAGuest",0,"Green",1016,2816,2816,62.5,"false","BioR1132",2026-07-16 19:00:00,197,15.0166666666667,1,0,16,19,0,7,2026,2026-07-16 19:00:00,2927.2460941
"414733","BiosphereDendrometer_",14,"2026-07-17 2:16:2","2026-07-16T19:16:2",17735,3.702831984,3664.160156,27.88999939,93.26000214,0.253115445,"UAGuest",0,"Green",1016,2826,2825,67.3828125,"false","BioR1132",2026-07-16 19:15:00,197,15.0166666666667,16,15,16,19,0,7,2026,2026-07-16 19:15:00,2932.1289066
"414743","BiosphereDendrometer_",14,"2026-07-17 2:31:3","2026-07-16T19:31:3",17736,3.697998047,3664.160156,27.55999947,92.83000183,0.264129013,"UAGuest",0,"Green",1016,2833,2834,70.80078125,"false","BioR1132",2026-07-16 19:30:00,197,15.0166666666667,31,30,16,19,0,7,2026,2026-07-16 19:30:00,2935.54687535
"414753","BiosphereDendrometer_",14,"2026-07-17 2:46:4","2026-07-16T19:46:4",17737,3.706054688,3667.382813,27.20999908,92.54000092,0.269243002,"UAGuest",0,"Green",1016,2843,2843,75.68359375,"false","BioR1132",2026-07-16 19:45:00,197,15.0166666666667,46,45,16,19,0,7,2026,2026-07-16 19:45:00,2940.42968785
"414763","BiosphereDendrometer_",14,"2026-07-17 3:1:5","2026-07-16T20:1:5",17738,3.704443455,3665.771484,26.89999962,92.86000061,0.253051549,"UAGuest",0,"Green",1017,2852,2852,80.078125,"false","BioR1132",2026-07-16 20:00:00,197,15.0166666666667,1,0,16,20,0,7,2026,2026-07-16 20:00:00,2944.8242191
"414773","BiosphereDendrometer_",14,"2026-07-17 3:16:6","2026-07-16T20:16:6",17739,3.702831984,3667.382813,26.63999939,92.61000061,0.257940412,"UAGuest",0,"Green",1019,2861,2859,84.47265625,"false","BioR1132",2026-07-16 20:15:00,197,15.0166666666667,16,15,16,20,0,7,2026,2026-07-16 20:15:00,2949.21875035
"414783","BiosphereDendrometer_",14,"2026-07-17 3:31:7","2026-07-16T20:31:7",17740,3.701220751,3667.382813,26.46999931,92.41000366,0.262283325,"UAGuest",0,"Green",1018,2868,2867,87.890625,"false","BioR1132",2026-07-16 20:30:00,197,15.0166666666667,31,30,16,20,0,7,2026,2026-07-16 20:30:00,2952.6367191
"414793","BiosphereDendrometer_",14,"2026-07-17 3:46:8","2026-07-16T20:46:8",17741,3.701220751,3667.382813,26.32999992,92.29000092,0.26424104,"UAGuest",0,"Green",1020,2876,2875,91.796875,"false","BioR1132",2026-07-16 20:45:00,197,15.0166666666667,46,45,16,20,0,7,2026,2026-07-16 20:45:00,2956.5429691
"414803","BiosphereDendrometer_",14,"2026-07-17 4:1:9","2026-07-16T21:1:9",17742,3.706054688,3660.9375,26.14999962,92.33999634,0.259754062,"UAGuest",0,"Green",1019,2881,2881,94.23828125,"false","BioR1132",2026-07-16 21:00:00,197,15.0166666666667,1,0,16,21,0,7,2026,2026-07-16 21:00:00,2958.98437535
"414816","BiosphereDendrometer_",14,"2026-07-17 4:16:10","2026-07-16T21:16:10",17743,3.701220751,3665.771484,26.10000038,92.94999695,0.238363832,"UAGuest",0,"Green",1019,2886,2887,96.6796875,"false","BioR1132",2026-07-16 21:15:00,197,15.0166666666667,16,15,16,21,0,7,2026,2026-07-16 21:15:00,2961.4257816
"414823","BiosphereDendrometer_",14,"2026-07-17 4:31:11","2026-07-16T21:31:11",17744,3.694775343,3665.771484,26.25,93.25,0.230250463,"UAGuest",0,"Green",1019,2894,2894,100.5859375,"false","BioR1132",2026-07-16 21:30:00,197,15.0166666666667,31,30,16,21,0,7,2026,2026-07-16 21:30:00,2965.3320316
"414833","BiosphereDendrometer_",14,"2026-07-17 4:46:24","2026-07-16T21:46:24",17745,3.701220751,3662.548828,26.38999939,92.58000183,0.255203038,"null",-100,"Green",1017,2900,2899,103.515625,"false","BioR1132",2026-07-16 21:45:00,197,15.2166666666667,46,45,16,21,0,7,2026,2026-07-16 21:45:00,2968.2617191
"414843","BiosphereDendrometer_",14,"2026-07-17 5:2:15","2026-07-16T22:2:15",17746,3.709277391,3667.382813,26.40999985,92.37999725,0.262391061,"UAGuest",0,"Green",1019,2905,2904,105.9570313,"false","BioR1132",2026-07-16 22:00:00,197,15.85,2,0,16,22,0,7,2026,2026-07-16 22:00:00,2970.7031254
"414853","BiosphereDendrometer_",14,"2026-07-17 5:17:16","2026-07-16T22:17:16",17747,3.69960928,3664.160156,26.46999931,92.30000305,0.266084552,"UAGuest",0,"Green",1020,2908,2908,107.421875,"false","BioR1132",2026-07-16 22:15:00,197,15.0166666666667,17,15,16,22,0,7,2026,2026-07-16 22:15:00,2972.1679691
"414863","BiosphereDendrometer_",14,"2026-07-17 5:32:17","2026-07-16T22:32:17",17748,3.697998047,3659.326172,26.46999931,92.51000214,0.258827746,"UAGuest",0,"Green",1019,2911,2911,108.8867188,"false","BioR1132",2026-07-16 22:30:00,197,15.0166666666667,32,30,16,22,0,7,2026,2026-07-16 22:30:00,2973.6328129
"414873","BiosphereDendrometer_",14,"2026-07-17 5:47:18","2026-07-16T22:47:18",17749,3.697998047,3664.160156,26.48999977,92.33000183,0.265360296,"UAGuest",0,"Green",1018,2914,2914,110.3515625,"false","BioR1132",2026-07-16 22:45:00,197,15.0166666666667,47,45,16,22,0,7,2026,2026-07-16 22:45:00,2975.0976566
"414883","BiosphereDendrometer_",14,"2026-07-17 6:2:19","2026-07-16T23:2:19",17750,3.69960928,3665.771484,26.46999931,92.5,0.259173363,"UAGuest",0,"Green",1019,2917,2917,111.8164063,"false","BioR1132",2026-07-16 23:00:00,197,15.0166666666667,2,0,16,23,0,7,2026,2026-07-16 23:00:00,2976.5625004
"414893","BiosphereDendrometer_",14,"2026-07-17 6:17:20","2026-07-16T23:17:20",17751,3.694775343,3662.548828,26.46999931,92.33999634,0.264702499,"UAGuest",0,"Green",1019,2918,2918,112.3046875,"false","BioR1132",2026-07-16 23:15:00,197,15.0166666666667,17,15,16,23,0,7,2026,2026-07-16 23:15:00,2977.0507816
"414903","BiosphereDendrometer_",14,"2026-07-17 6:32:21","2026-07-16T23:32:21",17752,3.697998047,3659.326172,26.45999908,92.41000366,0.26212889,"UAGuest",0,"Green",1018,2921,2921,113.7695313,"false","BioR1132",2026-07-16 23:30:00,197,15.0166666666667,32,30,16,23,0,7,2026,2026-07-16 23:30:00,2978.5156254
"414916","BiosphereDendrometer_",14,"2026-07-17 6:47:22","2026-07-16T23:47:22",17753,3.69960928,3664.160156,26.44000053,92.44000244,0.260785431,"UAGuest",0,"Green",1019,2923,2922,114.7460938,"false","BioR1132",2026-07-16 23:45:00,197,15.0166666666667,47,45,16,23,0,7,2026,2026-07-16 23:45:00,2979.4921879
"414923","BiosphereDendrometer_",14,"2026-07-17 7:2:23","2026-07-17T0:2:23",17754,3.697998047,3664.160156,26.45999908,92.43000031,0.261438251,"UAGuest",0,"Green",1019,2925,2924,115.7226563,"false","BioR1132",2026-07-17,198,15.0166666666667,2,0,17,0,0,7,2026,2026-07-17,2980.4687504
"414933","BiosphereDendrometer_",14,"2026-07-17 7:17:24","2026-07-17T0:17:24",17755,3.697998047,3660.9375,26.43000031,92.30999756,0.265113711,"UAGuest",0,"Green",1018,2926,2926,116.2109375,"false","BioR1132",2026-07-17 00:15:00,198,15.0166666666667,17,15,17,0,0,7,2026,2026-07-17 00:15:00,2980.9570316
"414943","BiosphereDendrometer_",14,"2026-07-17 7:32:25","2026-07-17T0:32:25",17756,3.694775343,3660.9375,26.36000061,92.16000366,0.269172072,"UAGuest",0,"Green",1018,2929,2928,117.6757813,"false","BioR1132",2026-07-17 00:30:00,198,15.0166666666667,32,30,17,0,0,7,2026,2026-07-17 00:30:00,2982.4218754
"414953","BiosphereDendrometer_",14,"2026-07-17 7:47:26","2026-07-17T0:47:26",17757,3.69960928,3660.9375,26.32999992,92.06999969,0.271781027,"UAGuest",0,"Green",1017,2928,2929,117.1875,"false","BioR1132",2026-07-17 00:45:00,198,15.0166666666667,47,45,17,0,0,7,2026,2026-07-17 00:45:00,2981.9335941
"414963","BiosphereDendrometer_",14,"2026-07-17 8:2:27","2026-07-17T1:2:27",17758,3.694775343,3662.548828,26.31999969,92,0.274018466,"UAGuest",0,"Green",1020,2930,2930,118.1640625,"false","BioR1132",2026-07-17 01:00:00,198,15.0166666666667,2,0,17,1,0,7,2026,2026-07-17 01:00:00,2982.9101566
"414973","BiosphereDendrometer_",14,"2026-07-17 8:17:28","2026-07-17T1:17:28",17759,3.702831984,3660.9375,26.25,91.88999939,0.276641637,"UAGuest",0,"Green",1019,2930,2929,118.1640625,"false","BioR1132",2026-07-17 01:15:00,198,15.0166666666667,17,15,17,1,0,7,2026,2026-07-17 01:15:00,2982.9101566
"414983","BiosphereDendrometer_",14,"2026-07-17 8:32:29","2026-07-17T1:32:29",17760,3.696386814,3662.548828,26.22999954,91.98999786,0.27290833,"UAGuest",0,"Green",1021,2929,2929,117.6757813,"false","BioR1132",2026-07-17 01:30:00,198,15.0166666666667,32,30,17,1,0,7,2026,2026-07-17 01:30:00,2982.4218754
"414993","BiosphereDendrometer_",14,"2026-07-17 8:47:42","2026-07-17T1:47:42",17761,3.69960928,3659.326172,26.15999985,91.86000061,0.276193976,"null",-100,"Green",1021,2931,2929,118.6523438,"false","BioR1132",2026-07-17 01:45:00,198,15.2166666666667,47,45,17,1,0,7,2026,2026-07-17 01:45:00,2983.3984379
"415003","BiosphereDendrometer_",14,"2026-07-17 9:3:33","2026-07-17T2:3:33",17762,3.702831984,3665.771484,26.14999962,92.08999634,0.26823166,"UAGuest",0,"Green",1021,2929,2929,117.6757813,"false","BioR1132",2026-07-17 02:00:00,198,15.85,3,0,17,2,0,7,2026,2026-07-17 02:00:00,2982.4218754
"415016","BiosphereDendrometer_",14,"2026-07-17 9:18:34","2026-07-17T2:18:34",17763,3.697998047,3664.160156,26.12000084,91.91999817,0.27351144,"UAGuest",0,"Green",1023,2928,2928,117.1875,"false","BioR1132",2026-07-17 02:15:00,198,15.0166666666667,18,15,17,2,0,7,2026,2026-07-17 02:15:00,2981.9335941
"415023","BiosphereDendrometer_",14,"2026-07-17 9:33:35","2026-07-17T2:33:35",17764,3.69316411,3659.326172,26.09000015,91.91000366,0.273364961,"UAGuest",0,"Green",1008,2929,2928,117.6757813,"false","BioR1132",2026-07-17 02:30:00,198,15.0166666666667,33,30,17,2,0,7,2026,2026-07-17 02:30:00,2982.4218754
"415033","BiosphereDendrometer_",14,"2026-07-17 9:48:36","2026-07-17T2:48:36",17765,3.697998047,3660.9375,26.05999947,91.94999695,0.27153185,"UAGuest",0,"Green",1010,2929,2928,117.6757813,"false","BioR1132",2026-07-17 02:45:00,198,15.0166666666667,48,45,17,2,0,7,2026,2026-07-17 02:45:00,2982.4218754
"415043","BiosphereDendrometer_",14,"2026-07-17 10:3:37","2026-07-17T3:3:37",17766,3.701220751,3662.548828,26.02000046,91.83999634,0.274592429,"UAGuest",0,"Green",1022,2928,2928,117.1875,"false","BioR1132",2026-07-17 03:00:00,198,15.0166666666667,3,0,17,3,0,7,2026,2026-07-17 03:00:00,2981.9335941
"415053","BiosphereDendrometer_",14,"2026-07-17 10:18:38","2026-07-17T3:18:38",17767,3.696386814,3660.9375,25.97999954,91.69999695,0.278643906,"UAGuest",0,"Green",1008,2928,2928,117.1875,"false","BioR1132",2026-07-17 03:15:00,198,15.0166666666667,18,15,17,3,0,7,2026,2026-07-17 03:15:00,2981.9335941
"415063","BiosphereDendrometer_",14,"2026-07-17 10:33:39","2026-07-17T3:33:39",17768,3.69316411,3662.548828,25.95000076,91.91000366,0.271112382,"UAGuest",0,"Green",1009,2928,2927,117.1875,"false","BioR1132",2026-07-17 03:30:00,198,15.0166666666667,33,30,17,3,0,7,2026,2026-07-17 03:30:00,2981.9335941
"415073","BiosphereDendrometer_",14,"2026-07-17 10:48:40","2026-07-17T3:48:40",17769,3.69316411,3660.9375,25.95000076,91.72000122,0.277479738,"UAGuest",0,"Green",1009,2927,2927,116.6992188,"false","BioR1132",2026-07-17 03:45:00,198,15.0166666666667,48,45,17,3,0,7,2026,2026-07-17 03:45:00,2981.4453129
"415083","BiosphereDendrometer_",14,"2026-07-17 11:3:41","2026-07-17T4:3:41",17770,3.69316411,3662.548828,25.88999939,91.54000092,0.282507509,"UAGuest",0,"Green",1010,2928,2927,117.1875,"false","BioR1132",2026-07-17 04:00:00,198,15.0166666666667,3,0,17,4,0,7,2026,2026-07-17 04:00:00,2981.9335941
"415093","BiosphereDendrometer_",14,"2026-07-17 11:18:42","2026-07-17T4:18:42",17771,3.689941406,3657.714844,25.86000061,91.58999634,0.280339956,"UAGuest",0,"Green",1011,2927,2927,116.6992188,"false","BioR1132",2026-07-17 04:15:00,198,15.0166666666667,18,15,17,4,0,7,2026,2026-07-17 04:15:00,2981.4453129
"415106","BiosphereDendrometer_",14,"2026-07-17 11:33:43","2026-07-17T4:33:43",17772,3.697998047,3656.103516,25.85000038,91.73000336,0.275509924,"UAGuest",0,"Green",1010,2927,2927,116.6992188,"false","BioR1132",2026-07-17 04:30:00,198,15.0166666666667,33,30,17,4,0,7,2026,2026-07-17 04:30:00,2981.4453129
"415116","BiosphereDendrometer_",14,"2026-07-17 11:48:44","2026-07-17T4:48:44",17773,3.69316411,3657.714844,25.62000084,91.43000031,0.281641215,"UAGuest",0,"Green",1011,2928,2927,117.1875,"false","BioR1132",2026-07-17 04:45:00,198,15.0166666666667,48,45,17,4,0,7,2026,2026-07-17 04:45:00,2981.9335941
"415123","BiosphereDendrometer_",14,"2026-07-17 12:3:45","2026-07-17T5:3:45",17774,3.694775343,3657.714844,25.44000053,91.66999817,0.270846367,"UAGuest",0,"Green",1010,2927,2927,116.6992188,"false","BioR1132",2026-07-17 05:00:00,198,15.0166666666667,3,0,17,5,0,7,2026,2026-07-17 05:00:00,2981.4453129
"415133","BiosphereDendrometer_",14,"2026-07-17 12:18:46","2026-07-17T5:18:46",17775,3.689941406,3652.880859,25.29999924,91.54000092,0.27279532,"UAGuest",0,"Green",1011,2927,2927,116.6992188,"false","BioR1132",2026-07-17 05:15:00,198,15.0166666666667,18,15,17,5,0,7,2026,2026-07-17 05:15:00,2981.4453129
"415143","BiosphereDendrometer_",14,"2026-07-17 12:33:47","2026-07-17T5:33:47",17776,3.691552639,3662.548828,25.15999985,91.01999664,0.287162781,"UAGuest",0,"Green",1012,2928,2926,117.1875,"false","BioR1132",2026-07-17 05:30:00,198,15.0166666666667,33,30,17,5,0,7,2026,2026-07-17 05:30:00,2981.9335941
"415153","BiosphereDendrometer_",14,"2026-07-17 12:49:0","2026-07-17T5:49:0",17777,3.69316411,3657.714844,25.06999969,90.72000122,0.295170695,"null",-100,"Green",1010,2928,2926,117.1875,"false","BioR1132",2026-07-17 05:45:00,198,15.2166666666667,49,45,17,5,0,7,2026,2026-07-17 05:45:00,2981.9335941
"415163","BiosphereDendrometer_",14,"2026-07-17 13:4:51","2026-07-17T6:4:51",17778,3.697998047,3659.326172,24.98999977,90.76999664,0.292185366,"UAGuest",0,"Green",1013,2927,2926,116.6992188,"false","BioR1132",2026-07-17 06:00:00,198,15.85,4,0,17,6,0,7,2026,2026-07-17 06:00:00,2981.4453129
"415173","BiosphereDendrometer_",14,"2026-07-17 13:19:52","2026-07-17T6:19:52",17779,3.696386814,3656.103516,24.89999962,90.69000244,0.293141186,"UAGuest",0,"Green",1012,2926,2926,116.2109375,"false","BioR1132",2026-07-17 06:15:00,198,15.0166666666667,19,15,17,6,0,7,2026,2026-07-17 06:15:00,2980.9570316
"415183","BiosphereDendrometer_",14,"2026-07-17 13:34:53","2026-07-17T6:34:53",17780,3.694775343,3656.103516,24.89999962,90.76000214,0.290937126,"UAGuest",0,"Green",1013,2926,2926,116.2109375,"false","BioR1132",2026-07-17 06:30:00,198,15.0166666666667,34,30,17,6,0,7,2026,2026-07-17 06:30:00,2980.9570316
"415193","BiosphereDendrometer_",14,"2026-07-17 13:49:54","2026-07-17T6:49:54",17781,3.689941406,3660.9375,24.89999962,90.77999878,0.290307671,"UAGuest",0,"Green",1012,2926,2926,116.2109375,"false","BioR1132",2026-07-17 06:45:00,198,15.0166666666667,49,45,17,6,0,7,2026,2026-07-17 06:45:00,2980.9570316
"415203","BiosphereDendrometer_",14,"2026-07-17 14:4:55","2026-07-17T7:4:55",17782,3.688330173,3659.326172,24.92000008,91.02999878,0.28277272,"UAGuest",0,"Green",1012,2926,2926,116.2109375,"false","BioR1132",2026-07-17 07:00:00,198,15.0166666666667,4,0,17,7,0,7,2026,2026-07-17 07:00:00,2980.9570316
"415216","BiosphereDendrometer_",14,"2026-07-17 14:19:56","2026-07-17T7:19:56",17783,3.69316411,3654.492188,25.02000046,91.11000061,0.28192535,"UAGuest",0,"Green",1014,2926,2926,116.2109375,"false","BioR1132",2026-07-17 07:15:00,198,15.0166666666667,19,15,17,7,0,7,2026,2026-07-17 07:15:00,2980.9570316
"415223","BiosphereDendrometer_",14,"2026-07-17 14:34:57","2026-07-17T7:34:57",17784,3.691552639,3656.103516,25.30999947,91.13999939,0.28586331,"UAGuest",0,"Green",1011,2926,2926,116.2109375,"false","BioR1132",2026-07-17 07:30:00,198,15.0166666666667,34,30,17,7,0,7,2026,2026-07-17 07:30:00,2980.9570316
"415233","BiosphereDendrometer_",14,"2026-07-17 14:49:58","2026-07-17T7:49:58",17785,3.694775343,3651.269531,25.77000046,91.79000092,0.272218883,"UAGuest",0,"Green",1010,2926,2926,116.2109375,"false","BioR1132",2026-07-17 07:45:00,198,15.0166666666667,49,45,17,7,0,7,2026,2026-07-17 07:45:00,2980.9570316
"415243","BiosphereDendrometer_",14,"2026-07-17 15:4:59","2026-07-17T8:4:59",17786,3.691552639,3652.880859,25.71999931,90.19000244,0.324308187,"UAGuest",0,"Green",1011,2926,2926,116.2109375,"false","BioR1132",2026-07-17 08:00:00,198,15.0166666666667,4,0,17,8,0,7,2026,2026-07-17 08:00:00,2980.9570316
"415253","BiosphereDendrometer_",14,"2026-07-17 15:20:0","2026-07-17T8:20:0",17787,3.691552639,3656.103516,25.43000031,92.58999634,0.240790039,"UAGuest",0,"Green",1013,2927,2926,116.6992188,"false","BioR1132",2026-07-17 08:15:00,198,15.0166666666667,20,15,17,8,0,7,2026,2026-07-17 08:15:00,2981.4453129
"415263","BiosphereDendrometer_",14,"2026-07-17 15:35:1","2026-07-17T8:35:1",17788,3.689941406,3656.103516,25.39999962,93.19000244,0.220898911,"UAGuest",0,"Green",1011,2927,2926,116.6992188,"false","BioR1132",2026-07-17 08:30:00,198,15.0166666666667,35,30,17,8,0,7,2026,2026-07-17 08:30:00,2981.4453129
"415273","BiosphereDendrometer_",14,"2026-07-17 15:50:2","2026-07-17T8:50:2",17789,3.69316411,3660.9375,25.54000092,93.77999878,0.203444362,"UAGuest",0,"Green",1010,2926,2926,116.2109375,"false","BioR1132",2026-07-17 08:45:00,198,15.0166666666667,50,45,17,8,0,7,2026,2026-07-17 08:45:00,2980.9570316
"415283","BiosphereDendrometer_",14,"2026-07-17 16:5:3","2026-07-17T9:5:3",17790,3.694775343,3651.269531,25.54000092,93.41000366,0.215546221,"UAGuest",0,"Green",1011,2927,2926,116.6992188,"false","BioR1132",2026-07-17 09:00:00,198,15.0166666666667,5,0,17,9,0,7,2026,2026-07-17 09:00:00,2981.4453129
"415293","BiosphereDendrometer_",14,"2026-07-17 16:20:4","2026-07-17T9:20:4",17791,3.688330173,3649.658203,25.47999954,93.58999634,0.208913893,"UAGuest",0,"Green",1011,2928,2926,117.1875,"false","BioR1132",2026-07-17 09:15:00,198,15.0166666666667,20,15,17,9,0,7,2026,2026-07-17 09:15:00,2981.9335941
"415303","BiosphereDendrometer_",14,"2026-07-17 16:35:5","2026-07-17T9:35:5",17792,3.691552639,3651.269531,25.56999969,93.98000336,0.197253302,"UAGuest",0,"Green",1010,2928,2926,117.1875,"false","BioR1132",2026-07-17 09:30:00,198,15.0166666666667,35,30,17,9,0,7,2026,2026-07-17 09:30:00,2981.9335941
"415316","BiosphereDendrometer_",14,"2026-07-17 16:50:12","2026-07-17T9:50:12",17793,3.665771484,3633.544922,25.68000031,94.54000092,0.180074647,"UAGuest",-78,"Green",1009,2926,2926,116.2109375,"false","BioR1132",2026-07-17 09:45:00,198,15.1166666666667,50,45,17,9,0,7,2026,2026-07-17 09:45:00,2980.9570316
"415323","BiosphereDendrometer_",14,"2026-07-17 17:5:23","2026-07-17T10:5:23",17794,3.69316411,3652.880859,26.03000069,94.44000244,0.187210277,"UAGuest",0,"Green",1012,2928,2927,117.1875,"false","BioR1132",2026-07-17 10:00:00,198,15.1833333333333,5,0,17,10,0,7,2026,2026-07-17 10:00:00,2981.9335941
"415333","BiosphereDendrometer_",14,"2026-07-17 17:20:24","2026-07-17T10:20:24",17795,3.688330173,3652.880859,26.35000038,94.58000183,0.185976207,"UAGuest",0,"Green",1009,2927,2927,116.6992188,"false","BioR1132",2026-07-17 10:15:00,198,15.0166666666667,20,15,17,10,0,7,2026,2026-07-17 10:15:00,2981.4453129
"415343","BiosphereDendrometer_",14,"2026-07-17 17:35:25","2026-07-17T10:35:25",17796,3.689941406,3652.880859,26.53000069,94.93000031,0.175821394,"UAGuest",0,"Green",1022,2927,2928,116.6992188,"false","BioR1132",2026-07-17 10:30:00,198,15.0166666666667,35,30,17,10,0,7,2026,2026-07-17 10:30:00,2981.4453129
"415353","BiosphereDendrometer_",14,"2026-07-17 17:50:26","2026-07-17T10:50:26",17797,3.680273533,3651.269531,26.61000061,95.08999634,0.171076536,"UAGuest",0,"Green",1009,2928,2927,117.1875,"false","BioR1132",2026-07-17 10:45:00,198,15.0166666666667,50,45,17,10,0,7,2026,2026-07-17 10:45:00,2981.9335941
"415363","BiosphereDendrometer_",14,"2026-07-17 18:5:27","2026-07-17T11:5:27",17798,3.683495998,3641.601563,26.77000046,95.19999695,0.168824777,"UAGuest",0,"Green",1007,2927,2927,116.6992188,"false","BioR1132",2026-07-17 11:00:00,198,15.0166666666667,5,0,17,11,0,7,2026,2026-07-17 11:00:00,2981.4453129
"415373","BiosphereDendrometer_",14,"2026-07-17 18:20:28","2026-07-17T11:20:28",17799,3.691552639,3654.492188,26.96999931,95.06999969,0.175445512,"UAGuest",0,"Green",1008,2927,2927,116.6992188,"false","BioR1132",2026-07-17 11:15:00,198,15.0166666666667,20,15,17,11,0,7,2026,2026-07-17 11:15:00,2981.4453129
"415383","BiosphereDendrometer_",14,"2026-07-17 18:35:29","2026-07-17T11:35:29",17800,3.691552639,3646.435547,27.18000031,95.15000153,0.174736768,"UAGuest",0,"Green",1006,2927,2926,116.6992188,"false","BioR1132",2026-07-17 11:30:00,198,15.0166666666667,35,30,17,11,0,7,2026,2026-07-17 11:30:00,2981.4453129
"415393","BiosphereDendrometer_",14,"2026-07-17 18:50:30","2026-07-17T11:50:30",17801,3.691552639,3652.880859,27.36000061,95.23999786,0.173311129,"UAGuest",0,"Green",1008,2926,2926,116.2109375,"false","BioR1132",2026-07-17 11:45:00,198,15.0166666666667,50,45,17,11,0,7,2026,2026-07-17 11:45:00,2980.9570316
"415403","BiosphereDendrometer_",14,"2026-07-17 19:5:31","2026-07-17T12:5:31",17802,3.686718702,3648.046875,27.60000038,95.19999695,0.177236587,"UAGuest",0,"Green",1008,2925,2924,115.7226563,"false","BioR1132",2026-07-17 12:00:00,198,15.0166666666667,5,0,17,12,0,7,2026,2026-07-17 12:00:00,2980.4687504
"415416","BiosphereDendrometer_",14,"2026-07-17 19:20:32","2026-07-17T12:20:32",17803,3.681884766,3648.046875,27.70000076,95.47000122,0.168246239,"UAGuest",0,"Green",1009,2925,2924,115.7226563,"false","BioR1132",2026-07-17 12:15:00,198,15.0166666666667,20,15,17,12,0,7,2026,2026-07-17 12:15:00,2980.4687504
"415423","BiosphereDendrometer_",14,"2026-07-17 19:35:33","2026-07-17T12:35:33",17804,3.678662062,3651.269531,27.70000076,95.63999939,0.161932424,"UAGuest",0,"Green",1008,2925,2924,115.7226563,"false","BioR1132",2026-07-17 12:30:00,198,15.0166666666667,35,30,17,12,0,7,2026,2026-07-17 12:30:00,2980.4687504
"415433","BiosphereDendrometer_",14,"2026-07-17 19:50:34","2026-07-17T12:50:34",17805,3.688330173,3651.269531,27.63999939,95.93000031,0.150633216,"UAGuest",0,"Green",1010,2923,2924,114.7460938,"false","BioR1132",2026-07-17 12:45:00,198,15.0166666666667,50,45,17,12,0,7,2026,2026-07-17 12:45:00,2979.4921879
"415443","BiosphereDendrometer_",14,"2026-07-17 20:5:35","2026-07-17T13:5:35",17806,3.686718702,3646.435547,27.73999977,95.83999634,0.154865444,"UAGuest",0,"Green",1023,2925,2924,115.7226563,"false","BioR1132",2026-07-17 13:00:00,198,15.0166666666667,5,0,17,13,0,7,2026,2026-07-17 13:00:00,2980.4687504
"415453","BiosphereDendrometer_",14,"2026-07-17 20:20:36","2026-07-17T13:20:36",17807,3.688330173,3649.658203,27.87000084,95.75,0.159419671,"UAGuest",0,"Green",1007,2923,2923,114.7460938,"false","BioR1132",2026-07-17 13:15:00,198,15.0166666666667,20,15,17,13,0,7,2026,2026-07-17 13:15:00,2979.4921879
"415463","BiosphereDendrometer_",14,"2026-07-17 20:35:37","2026-07-17T13:35:37",17808,3.683495998,3649.658203,27.79999924,96.13999939,0.144200951,"UAGuest",0,"Green",1008,2923,2923,114.7460938,"false","BioR1132",2026-07-17 13:30:00,198,15.0166666666667,35,30,17,13,0,7,2026,2026-07-17 13:30:00,2979.4921879
"415473","BiosphereDendrometer_",14,"2026-07-17 20:50:46","2026-07-17T13:50:46",17809,3.660937548,3627.099609,27.65999985,96.30999756,0.136728823,"UAGuest",-73,"Green",1021,2923,2923,114.7460938,"false","BioR1132",2026-07-17 13:45:00,198,15.15,50,45,17,13,0,7,2026,2026-07-17 13:45:00,2979.4921879
"415483","BiosphereDendrometer_",14,"2026-07-17 21:5:57","2026-07-17T14:5:57",17810,4.247460842,4216.845703,27.5,95.98000336,0.147570848,"UAGuest",0,"Green",1007,2924,2923,115.234375,"false","BioR1132",2026-07-17 14:00:00,198,15.1833333333333,5,0,17,14,0,7,2026,2026-07-17 14:00:00,2979.9804691
"415493","BiosphereDendrometer_",14,"2026-07-17 21:20:58","2026-07-17T14:20:58",17811,4.245849609,4215.234375,27.42000008,95.97000122,0.147247717,"UAGuest",0,"Green",1023,2922,2923,114.2578125,"false","BioR1132",2026-07-17 14:15:00,198,15.0166666666667,20,15,17,14,0,7,2026,2026-07-17 14:15:00,2979.0039066
"415503","BiosphereDendrometer_",14,"2026-07-17 21:35:59","2026-07-17T14:35:59",17812,4.237792969,4212.011719,27.42000008,96.06999969,0.143593982,"UAGuest",0,"Green",1009,2924,2923,115.234375,"false","BioR1132",2026-07-17 14:30:00,198,15.0166666666667,35,30,17,14,0,7,2026,2026-07-17 14:30:00,2979.9804691
"415516","BiosphereDendrometer_",14,"2026-07-17 21:51:0","2026-07-17T14:51:0",17813,4.242627144,4212.011719,27.36000061,96.12000275,0.141270339,"UAGuest",0,"Green",1024,2924,2923,115.234375,"false","BioR1132",2026-07-17 14:45:00,198,15.0166666666667,51,45,17,14,0,7,2026,2026-07-17 14:45:00,2979.9804691
"415523","BiosphereDendrometer_",14,"2026-07-17 22:6:1","2026-07-17T15:6:1",17814,4.242627144,4213.623047,27.52000046,96.37000275,0.133409932,"UAGuest",0,"Green",1024,2923,2923,114.7460938,"false","BioR1132",2026-07-17 15:00:00,198,15.0166666666667,6,0,17,15,0,7,2026,2026-07-17 15:00:00,2979.4921879
"415533","BiosphereDendrometer_",14,"2026-07-17 22:21:2","2026-07-17T15:21:2",17815,4.237792969,4208.789063,27.93000031,95.90000153,0.154331654,"UAGuest",0,"Green",1021,2922,2923,114.2578125,"false","BioR1132",2026-07-17 15:15:00,198,15.0166666666667,21,15,17,15,0,7,2026,2026-07-17 15:15:00,2979.0039066
"415543","BiosphereDendrometer_",14,"2026-07-17 22:36:3","2026-07-17T15:36:3",17816,4.241015434,4208.789063,28.28000069,95.94000244,0.155969724,"UAGuest",0,"Green",1020,2923,2923,114.7460938,"false","BioR1132",2026-07-17 15:30:00,198,15.0166666666667,36,30,17,15,0,7,2026,2026-07-17 15:30:00,2979.4921879
"415553","BiosphereDendrometer_",14,"2026-07-17 22:51:4","2026-07-17T15:51:4",17817,4.241015434,4208.789063,28.57999992,96.44000244,0.139163375,"UAGuest",0,"Green",1021,2924,2923,115.234375,"false","BioR1132",2026-07-17 15:45:00,198,15.0166666666667,51,45,17,15,0,7,2026,2026-07-17 15:45:00,2979.9804691
"415563","BiosphereDendrometer_",14,"2026-07-17 23:6:5","2026-07-17T16:6:5",17818,4.239404202,4210.400391,28.72999954,96.30999756,0.145504609,"UAGuest",0,"Green",1019,2923,2923,114.7460938,"false","BioR1132",2026-07-17 16:00:00,198,15.0166666666667,6,0,17,16,0,7,2026,2026-07-17 16:00:00,2979.4921879
"415573","BiosphereDendrometer_",14,"2026-07-17 23:21:6","2026-07-17T16:21:6",17819,4.241015434,4208.789063,28.65999985,96.23000336,0.148057252,"UAGuest",0,"Green",1018,2923,2923,114.7460938,"false","BioR1132",2026-07-17 16:15:00,198,15.0166666666667,21,15,17,16,0,7,2026,2026-07-17 16:15:00,2979.4921879
"415583","BiosphereDendrometer_",14,"2026-07-17 23:36:7","2026-07-17T16:36:7",17820,4.239404202,4213.623047,28.44000053,96.44999695,0.137650594,"UAGuest",0,"Green",1018,2923,2923,114.7460938,"false","BioR1132",2026-07-17 16:30:00,198,15.0166666666667,36,30,17,16,0,7,2026,2026-07-17 16:30:00,2979.4921879
"415593","BiosphereDendrometer_",14,"2026-07-17 23:51:8","2026-07-17T16:51:8",17821,4.241015434,4207.177734,28.38999939,95.25,0.183646411,"UAGuest",0,"Green",1018,2925,2923,115.7226563,"false","BioR1132",2026-07-17 16:45:00,198,15.0166666666667,51,45,17,16,0,7,2026,2026-07-17 16:45:00,2980.4687504
"415603","BiosphereDendrometer_",14,"2026-07-18 0:6:9","2026-07-17T17:6:9",17822,4.241015434,4202.34375,28.12000084,94.72000122,0.200959474,"UAGuest",0,"Green",1019,2923,2923,114.7460938,"false","BioR1132",2026-07-17 17:00:00,198,15.0166666666667,6,0,17,17,0,7,2026,2026-07-17 17:00:00,2979.4921879
"415616","BiosphereDendrometer_",14,"2026-07-18 0:21:10","2026-07-17T17:21:10",17823,4.241015434,4207.177734,27.94000053,94.65000153,0.20150128,"UAGuest",0,"Green",1021,2923,2923,114.7460938,"false","BioR1132",2026-07-17 17:15:00,198,15.0166666666667,21,15,17,17,0,7,2026,2026-07-17 17:15:00,2979.4921879
"415623","BiosphereDendrometer_",14,"2026-07-18 0:36:11","2026-07-17T17:36:11",17824,4.236181736,4207.177734,28.04000092,95.66999817,0.164036736,"UAGuest",0,"Green",1021,2923,2923,114.7460938,"false","BioR1132",2026-07-17 17:30:00,198,15.0166666666667,36,30,17,17,0,7,2026,2026-07-17 17:30:00,2979.4921879
"415633","BiosphereDendrometer_",14,"2026-07-18 0:51:20","2026-07-17T17:51:20",17825,4.226513863,4192.675781,28.14999962,95.65000153,0.165852368,"UAGuest",-73,"Green",1017,2923,2922,114.7460938,"false","BioR1132",2026-07-17 17:45:00,198,15.15,51,45,17,17,0,7,2026,2026-07-17 17:45:00,2979.4921879
"415643","BiosphereDendrometer_",14,"2026-07-18 1:6:39","2026-07-17T18:6:39",17826,4.236181736,4202.34375,28.21999931,95.19999695,0.183755979,"UAGuest",0,"Green",1019,2923,2922,114.7460938,"false","BioR1132",2026-07-17 18:00:00,198,15.3166666666667,6,0,17,18,0,7,2026,2026-07-17 18:00:00,2979.4921879
"415653","BiosphereDendrometer_",14,"2026-07-18 1:21:40","2026-07-17T18:21:40",17827,4.234570503,4207.177734,28.23999977,94.90000153,0.195467666,"UAGuest",0,"Green",1019,2922,2922,114.2578125,"false","BioR1132",2026-07-17 18:15:00,198,15.0166666666667,21,15,17,18,0,7,2026,2026-07-17 18:15:00,2979.0039066
"415663","BiosphereDendrometer_",14,"2026-07-18 1:36:41","2026-07-17T18:36:41",17828,4.237792969,4202.34375,28.11000061,94.81999969,0.197038814,"UAGuest",0,"Green",1019,2921,2922,113.7695313,"false","BioR1132",2026-07-17 18:30:00,198,15.0166666666667,36,30,17,18,0,7,2026,2026-07-17 18:30:00,2978.5156254
"415673","BiosphereDendrometer_",14,"2026-07-18 1:51:42","2026-07-17T18:51:42",17829,4.237792969,4200.732422,28.04999924,94.70999908,0.200521722,"UAGuest",0,"Green",1019,2922,2921,114.2578125,"false","BioR1132",2026-07-17 18:45:00,198,15.0166666666667,51,45,17,18,0,7,2026,2026-07-17 18:45:00,2979.0039066
"415683","BiosphereDendrometer_",14,"2026-07-18 2:6:43","2026-07-17T19:6:43",17830,4.237792969,4200.732422,27.97999954,94.62999725,0.202726394,"UAGuest",0,"Green",1018,2922,2921,114.2578125,"false","BioR1132",2026-07-17 19:00:00,198,15.0166666666667,6,0,17,19,0,7,2026,2026-07-17 19:00:00,2979.0039066
"415693","BiosphereDendrometer_",14,"2026-07-18 2:21:44","2026-07-17T19:21:44",17831,4.231347561,4197.509766,27.88999939,94.51999664,0.20579733,"UAGuest",0,"Green",1020,2922,2920,114.2578125,"false","BioR1132",2026-07-17 19:15:00,198,15.0166666666667,21,15,17,19,0,7,2026,2026-07-17 19:15:00,2979.0039066
"415703","BiosphereDendrometer_",14,"2026-07-18 2:36:45","2026-07-17T19:36:45",17832,4.231347561,4202.34375,27.76000023,94.30999756,0.212070286,"UAGuest",0,"Green",1020,2921,2920,113.7695313,"false","BioR1132",2026-07-17 19:30:00,198,15.0166666666667,36,30,17,19,0,7,2026,2026-07-17 19:30:00,2978.5156254
"415716","BiosphereDendrometer_",14,"2026-07-18 2:51:46","2026-07-17T19:51:46",17833,4.236181736,4199.121094,27.65999985,94,0.22232303,"UAGuest",0,"Green",1020,2920,2920,113.28125,"false","BioR1132",2026-07-17 19:45:00,198,15.0166666666667,51,45,17,19,0,7,2026,2026-07-17 19:45:00,2978.0273441
"415723","BiosphereDendrometer_",14,"2026-07-18 3:6:47","2026-07-17T20:6:47",17834,4.232958794,4200.732422,27.55999947,93.93000031,0.223607212,"UAGuest",0,"Green",1020,2919,2920,112.7929688,"false","BioR1132",2026-07-17 20:00:00,198,15.0166666666667,6,0,17,20,0,7,2026,2026-07-17 20:00:00,2977.5390629
"415733","BiosphereDendrometer_",14,"2026-07-18 3:21:48","2026-07-17T20:21:48",17835,4.234570503,4203.955078,27.45999908,93.76999664,0.228164107,"UAGuest",0,"Green",1020,2919,2919,112.7929688,"false","BioR1132",2026-07-17 20:15:00,198,15.0166666666667,21,15,17,20,0,7,2026,2026-07-17 20:15:00,2977.5390629
"415743","BiosphereDendrometer_",14,"2026-07-18 3:36:49","2026-07-17T20:36:49",17836,4.236181736,4200.732422,27.36000061,93.66000366,0.230838522,"UAGuest",0,"Green",1021,2920,2919,113.28125,"false","BioR1132",2026-07-17 20:30:00,198,15.0166666666667,36,30,17,20,0,7,2026,2026-07-17 20:30:00,2978.0273441
"415753","BiosphereDendrometer_",14,"2026-07-18 3:51:50","2026-07-17T20:51:50",17837,4.236181736,4195.898438,27.31999969,93.62999725,0.231388777,"UAGuest",0,"Green",1020,2919,2919,112.7929688,"false","BioR1132",2026-07-17 20:45:00,198,15.0166666666667,51,45,17,20,0,7,2026,2026-07-17 20:45:00,2977.5390629
"415763","BiosphereDendrometer_",14,"2026-07-18 4:6:51","2026-07-17T21:6:51",17838,4.229736328,4200.732422,27.29000092,93.5,0.235696718,"UAGuest",0,"Green",1021,2918,2919,112.3046875,"false","BioR1132",2026-07-17 21:00:00,198,15.0166666666667,6,0,17,21,0,7,2026,2026-07-17 21:00:00,2977.0507816
"415773","BiosphereDendrometer_",14,"2026-07-18 4:21:52","2026-07-17T21:21:52",17839,4.229736328,4199.121094,27.19000053,93.29000092,0.241890848,"UAGuest",0,"Green",1020,2919,2919,112.7929688,"false","BioR1132",2026-07-17 21:15:00,198,15.0166666666667,21,15,17,21,0,7,2026,2026-07-17 21:15:00,2977.5390629
"415783","BiosphereDendrometer_",14,"2026-07-18 4:36:53","2026-07-17T21:36:53",17840,4.232958794,4194.287109,27.15999985,93.06999969,0.249383003,"UAGuest",0,"Green",1022,2918,2919,112.3046875,"false","BioR1132",2026-07-17 21:30:00,198,15.0166666666667,36,30,17,21,0,7,2026,2026-07-17 21:30:00,2977.0507816
"415793","BiosphereDendrometer_",14,"2026-07-18 4:52:0","2026-07-17T21:52:0",17841,4.218457222,4183.007813,27.12000084,93.05999756,0.249158204,"UAGuest",-78,"Green",1019,2919,2918,112.7929688,"false","BioR1132",2026-07-17 21:45:00,198,15.1166666666667,52,45,17,21,0,7,2026,2026-07-17 21:45:00,2977.5390629
"415803","BiosphereDendrometer_",14,"2026-07-18 5:7:18","2026-07-17T22:7:18",17842,4.232958794,4200.732422,27.04999924,92.83000183,0.256361187,"UAGuest",0,"Green",1022,2920,2918,113.28125,"false","BioR1132",2026-07-17 22:00:00,198,15.3,7,0,17,22,0,7,2026,2026-07-17 22:00:00,2978.0273441
"415816","BiosphereDendrometer_",14,"2026-07-18 5:22:19","2026-07-17T22:22:19",17843,4.229736328,4195.898438,27.01000023,92.76999664,0.257900864,"UAGuest",0,"Green",1021,2918,2918,112.3046875,"false","BioR1132",2026-07-17 22:15:00,198,15.0166666666667,22,15,17,22,0,7,2026,2026-07-17 22:15:00,2977.0507816
"415823","BiosphereDendrometer_",14,"2026-07-18 5:37:20","2026-07-17T22:37:20",17844,4.231347561,4192.675781,26.95000076,92.70999908,0.259127229,"UAGuest",0,"Green",1022,2917,2918,111.8164063,"false","BioR1132",2026-07-17 22:30:00,198,15.0166666666667,37,30,17,22,0,7,2026,2026-07-17 22:30:00,2976.5625004
"415833","BiosphereDendrometer_",14,"2026-07-18 5:52:21","2026-07-17T22:52:21",17845,4.229736328,4192.675781,26.89999962,92.72000122,0.258013338,"UAGuest",0,"Green",1023,2918,2918,112.3046875,"false","BioR1132",2026-07-17 22:45:00,198,15.0166666666667,52,45,17,22,0,7,2026,2026-07-17 22:45:00,2977.0507816
"415843","BiosphereDendrometer_",14,"2026-07-18 6:7:22","2026-07-17T23:7:22",17846,4.229736328,4194.287109,26.89999962,92.66000366,0.260139734,"UAGuest",0,"Green",1022,2918,2917,112.3046875,"false","BioR1132",2026-07-17 23:00:00,198,15.0166666666667,7,0,17,23,0,7,2026,2026-07-17 23:00:00,2977.0507816
"415853","BiosphereDendrometer_",14,"2026-07-18 6:22:23","2026-07-17T23:22:23",17847,4.224902153,4192.675781,26.85000038,92.66999817,0.259023845,"UAGuest",0,"Green",1023,2918,2917,112.3046875,"false","BioR1132",2026-07-17 23:15:00,198,15.0166666666667,22,15,17,23,0,7,2026,2026-07-17 23:15:00,2977.0507816
"415863","BiosphereDendrometer_",14,"2026-07-18 6:37:24","2026-07-17T23:37:24",17848,4.226513863,4192.675781,26.84000015,92.51000214,0.264522344,"UAGuest",0,"Green",1022,2917,2917,111.8164063,"false","BioR1132",2026-07-17 23:30:00,198,15.0166666666667,37,30,17,23,0,7,2026,2026-07-17 23:30:00,2976.5625004
"415873","BiosphereDendrometer_",14,"2026-07-18 6:52:25","2026-07-17T23:52:25",17849,4.22329092,4192.675781,26.79999924,92.58000183,0.261435121,"UAGuest",0,"Green",1024,2918,2917,112.3046875,"false","BioR1132",2026-07-17 23:45:00,198,15.0166666666667,52,45,17,23,0,7,2026,2026-07-17 23:45:00,2977.0507816
"415883","BiosphereDendrometer_",14,"2026-07-18 7:7:26","2026-07-18T0:7:26",17850,4.224902153,4189.453125,26.76000023,92.33000183,0.269609123,"UAGuest",0,"Green",1008,2918,2917,112.3046875,"false","BioR1132",2026-07-18,199,15.0166666666667,7,0,18,0,0,7,2026,2026-07-18,2977.0507816
"415893","BiosphereDendrometer_",14,"2026-07-18 7:22:27","2026-07-18T0:22:27",17851,4.224902153,4192.675781,26.73999977,92.33999634,0.268941432,"UAGuest",0,"Green",1022,2918,2917,112.3046875,"false","BioR1132",2026-07-18 00:15:00,199,15.0166666666667,22,15,18,0,0,7,2026,2026-07-18 00:15:00,2977.0507816
"415903","BiosphereDendrometer_",14,"2026-07-18 7:37:28","2026-07-18T0:37:28",17852,4.22329092,4191.064453,26.68000031,92.30000305,0.269393623,"UAGuest",0,"Green",1009,2917,2917,111.8164063,"false","BioR1132",2026-07-18 00:30:00,199,15.0166666666667,37,30,18,0,0,7,2026,2026-07-18 00:30:00,2976.5625004
"415916","BiosphereDendrometer_",14,"2026-07-18 7:52:29","2026-07-18T0:52:29",17853,4.218457222,4189.453125,26.63999939,92.12000275,0.275043309,"UAGuest",0,"Green",1022,2917,2917,111.8164063,"false","BioR1132",2026-07-18 00:45:00,199,15.0166666666667,52,45,18,0,0,7,2026,2026-07-18 00:45:00,2976.5625004
"415923","BiosphereDendrometer_",14,"2026-07-18 8:7:30","2026-07-18T1:7:30",17854,4.22329092,4187.841797,26.62999916,92.20999908,0.271742135,"UAGuest",0,"Green",1009,2918,2917,112.3046875,"false","BioR1132",2026-07-18 01:00:00,199,15.0166666666667,7,0,18,1,0,7,2026,2026-07-18 01:00:00,2977.0507816
"415933","BiosphereDendrometer_",14,"2026-07-18 8:22:31","2026-07-18T1:22:31",17855,4.224902153,4191.064453,26.60000038,92.02999878,0.277530879,"UAGuest",0,"Green",1007,2917,2917,111.8164063,"false","BioR1132",2026-07-18 01:15:00,199,15.0166666666667,22,15,18,1,0,7,2026,2026-07-18 01:15:00,2976.5625004
"415943","BiosphereDendrometer_",14,"2026-07-18 8:37:32","2026-07-18T1:37:32",17856,4.220068455,4191.064453,26.60000038,91.98000336,0.279271841,"UAGuest",0,"Green",1008,2917,2917,111.8164063,"false","BioR1132",2026-07-18 01:30:00,199,15.0166666666667,37,30,18,1,0,7,2026,2026-07-18 01:30:00,2976.5625004
"415953","BiosphereDendrometer_",14,"2026-07-18 8:52:39","2026-07-18T1:52:39",17857,4.200732231,4174.951172,26.57999992,92.13999939,0.273378491,"UAGuest",-74,"Green",1007,2917,2916,111.8164063,"false","BioR1132",2026-07-18 01:45:00,199,15.1166666666667,52,45,18,1,0,7,2026,2026-07-18 01:45:00,2976.5625004
"415963","BiosphereDendrometer_",14,"2026-07-18 9:7:50","2026-07-18T2:7:50",17858,4.224902153,4189.453125,26.54000092,91.98000336,0.278287381,"UAGuest",0,"Green",1010,2916,2917,111.328125,"false","BioR1132",2026-07-18 02:00:00,199,15.1833333333333,7,0,18,2,0,7,2026,2026-07-18 02:00:00,2976.0742191
"415973","BiosphereDendrometer_",14,"2026-07-18 9:22:51","2026-07-18T2:22:51",17859,4.218457222,4184.619141,26.51000023,91.97000122,0.278142691,"UAGuest",0,"Green",1009,2917,2916,111.8164063,"false","BioR1132",2026-07-18 02:15:00,199,15.0166666666667,22,15,18,2,0,7,2026,2026-07-18 02:15:00,2976.5625004
"415983","BiosphereDendrometer_",14,"2026-07-18 9:37:52","2026-07-18T2:37:52",17860,4.220068455,4189.453125,26.5,91.93000031,0.279363692,"UAGuest",0,"Green",1010,2916,2916,111.328125,"false","BioR1132",2026-07-18 02:30:00,199,15.0166666666667,37,30,18,2,0,7,2026,2026-07-18 02:30:00,2976.0742191
"415993","BiosphereDendrometer_",14,"2026-07-18 9:52:53","2026-07-18T2:52:53",17861,4.221679688,4191.064453,26.55999947,92.04000092,0.276530832,"UAGuest",0,"Green",1009,2917,2916,111.8164063,"false","BioR1132",2026-07-18 02:45:00,199,15.0166666666667,52,45,18,2,0,7,2026,2026-07-18 02:45:00,2976.5625004
"416003","BiosphereDendrometer_",14,"2026-07-18 10:7:54","2026-07-18T3:7:54",17862,4.216845512,4187.841797,26.51000023,91.66999817,0.288534164,"UAGuest",0,"Green",1009,2917,2916,111.8164063,"false","BioR1132",2026-07-18 03:00:00,199,15.0166666666667,7,0,18,3,0,7,2026,2026-07-18 03:00:00,2976.5625004
"416015","BiosphereDendrometer_",14,"2026-07-18 10:22:55","2026-07-18T3:22:55",17863,4.218457222,4184.619141,26.45999908,92.04000092,0.274907321,"UAGuest",0,"Green",1010,2916,2916,111.328125,"false","BioR1132",2026-07-18 03:15:00,199,15.0166666666667,22,15,18,3,0,7,2026,2026-07-18 03:15:00,2976.0742191
"416023","BiosphereDendrometer_",14,"2026-07-18 10:37:56","2026-07-18T3:37:56",17864,4.212011814,4181.396484,26.40999985,91.56999969,0.290282935,"UAGuest",0,"Green",1010,2917,2915,111.8164063,"false","BioR1132",2026-07-18 03:30:00,199,15.0166666666667,37,30,18,3,0,7,2026,2026-07-18 03:30:00,2976.5625004
"416033","BiosphereDendrometer_",14,"2026-07-18 10:52:57","2026-07-18T3:52:57",17865,4.21523428,4184.619141,26.20000076,91.94999695,0.273786038,"UAGuest",0,"Green",1009,2916,2916,111.328125,"false","BioR1132",2026-07-18 03:45:00,199,15.0166666666667,52,45,18,3,0,7,2026,2026-07-18 03:45:00,2976.0742191
"416043","BiosphereDendrometer_",14,"2026-07-18 11:7:58","2026-07-18T4:7:58",17866,4.210400581,4186.230469,26.01000023,91.77999878,0.276447982,"UAGuest",0,"Green",1008,2915,2916,110.8398438,"false","BioR1132",2026-07-18 04:00:00,199,15.0166666666667,7,0,18,4,0,7,2026,2026-07-18 04:00:00,2975.5859379
"416053","BiosphereDendrometer_",14,"2026-07-18 11:22:59","2026-07-18T4:22:59",17867,4.216845512,4179.785156,25.81999969,91.83999634,0.271363258,"UAGuest",0,"Green",1012,2916,2915,111.328125,"false","BioR1132",2026-07-18 04:15:00,199,15.0166666666667,22,15,18,4,0,7,2026,2026-07-18 04:15:00,2976.0742191
"416063","BiosphereDendrometer_",14,"2026-07-18 11:38:0","2026-07-18T4:38:0",17868,4.216845512,4179.785156,25.68000031,91.81999969,0.269782096,"UAGuest",0,"Green",1011,2916,2916,111.328125,"false","BioR1132",2026-07-18 04:45:00,199,15.0166666666667,38,45,18,4,0,7,2026,2026-07-18 04:45:00,2976.0742191
"416073","BiosphereDendrometer_",14,"2026-07-18 11:53:1","2026-07-18T4:53:1",17869,4.216845512,4181.396484,25.57999992,91.84999847,0.267204076,"UAGuest",0,"Green",1012,2916,2915,111.328125,"false","BioR1132",2026-07-18 05:00:00,199,15.0166666666667,53,0,18,5,0,7,2026,2026-07-18 05:00:00,2976.0742191
"416083","BiosphereDendrometer_",14,"2026-07-18 12:8:2","2026-07-18T5:8:2",17870,4.212011814,4179.785156,25.51000023,91.33999634,0.28274861,"UAGuest",0,"Green",1012,2916,2915,111.328125,"false","BioR1132",2026-07-18 05:15:00,199,15.0166666666667,8,15,18,5,0,7,2026,2026-07-18 05:15:00,2976.0742191
"416093","BiosphereDendrometer_",14,"2026-07-18 12:23:3","2026-07-18T5:23:3",17871,4.210400581,4179.785156,25.39999962,91.48999786,0.27604264,"UAGuest",0,"Green",1011,2915,2915,110.8398438,"false","BioR1132",2026-07-18 05:30:00,199,15.0166666666667,23,30,18,5,0,7,2026,2026-07-18 05:30:00,2975.5859379
"416106","BiosphereDendrometer_",14,"2026-07-18 12:38:4","2026-07-18T5:38:4",17872,4.210400581,4174.951172,25.30999947,91.51000214,0.273925364,"UAGuest",0,"Green",1013,2916,2915,111.328125,"false","BioR1132",2026-07-18 05:45:00,199,15.0166666666667,38,45,18,5,0,7,2026,2026-07-18 05:45:00,2976.0742191
"416115","BiosphereDendrometer_",14,"2026-07-18 12:53:13","2026-07-18T5:53:13",17873,4.1942873,4168.505859,25.22999954,91.33999634,0.278085142,"UAGuest",-79,"Green",1011,2915,2915,110.8398438,"false","BioR1132",2026-07-18 06:00:00,199,15.15,53,0,18,6,0,7,2026,2026-07-18 06:00:00,2975.5859379
"416123","BiosphereDendrometer_",14,"2026-07-18 13:8:24","2026-07-18T6:8:24",17874,4.21523428,4181.396484,25.26000023,91.72000122,0.266357154,"UAGuest",0,"Green",1014,2916,2915,111.328125,"false","BioR1132",2026-07-18 06:15:00,199,15.1833333333333,8,15,18,6,0,7,2026,2026-07-18 06:15:00,2976.0742191
"416133","BiosphereDendrometer_",14,"2026-07-18 13:23:25","2026-07-18T6:23:25",17875,4.213623047,4179.785156,25.23999977,91.80999756,0.263148993,"UAGuest",0,"Green",1013,2915,2915,110.8398438,"false","BioR1132",2026-07-18 06:30:00,199,15.0166666666667,23,30,18,6,0,7,2026,2026-07-18 06:30:00,2975.5859379
"416143","BiosphereDendrometer_",14,"2026-07-18 13:38:26","2026-07-18T6:38:26",17876,4.205566406,4179.785156,25.19000053,91.63999939,0.267813683,"UAGuest",0,"Green",1012,2915,2915,110.8398438,"false","BioR1132",2026-07-18 06:45:00,199,15.0166666666667,38,45,18,6,0,7,2026,2026-07-18 06:45:00,2975.5859379
"416153","BiosphereDendrometer_",14,"2026-07-18 13:53:27","2026-07-18T6:53:27",17877,4.205566406,4176.5625,25.17000008,92,0.255976319,"UAGuest",0,"Green",1013,2917,2915,111.8164063,"false","BioR1132",2026-07-18 07:00:00,199,15.0166666666667,53,0,18,7,0,7,2026,2026-07-18 07:00:00,2976.5625004
"416163","BiosphereDendrometer_",14,"2026-07-18 14:8:28","2026-07-18T7:8:28",17878,4.213623047,4179.785156,25.12000084,91.83999634,0.260320365,"UAGuest",0,"Green",1015,2916,2915,111.328125,"false","BioR1132",2026-07-18 07:15:00,199,15.0166666666667,8,15,18,7,0,7,2026,2026-07-18 07:15:00,2976.0742191
"416173","BiosphereDendrometer_",14,"2026-07-18 14:23:29","2026-07-18T7:23:29",17879,4.205566406,4178.173828,25.05999947,91.80000305,0.260663688,"UAGuest",0,"Green",1011,2915,2915,110.8398438,"false","BioR1132",2026-07-18 07:30:00,199,15.0166666666667,23,30,18,7,0,7,2026,2026-07-18 07:30:00,2975.5859379
"416183","BiosphereDendrometer_",14,"2026-07-18 14:38:30","2026-07-18T7:38:30",17880,4.207177639,4176.5625,25.05999947,92.01999664,0.253670424,"UAGuest",0,"Green",1013,2915,2915,110.8398438,"false","BioR1132",2026-07-18 07:45:00,199,15.0166666666667,38,45,18,7,0,7,2026,2026-07-18 07:45:00,2975.5859379
"416193","BiosphereDendrometer_",14,"2026-07-18 14:53:31","2026-07-18T7:53:31",17881,4.208788872,4179.785156,25,92.19999695,0.247064218,"UAGuest",0,"Green",1012,2915,2915,110.8398438,"false","BioR1132",2026-07-18 08:00:00,199,15.0166666666667,53,0,18,8,0,7,2026,2026-07-18 08:00:00,2975.5859379
"416203","BiosphereDendrometer_",14,"2026-07-18 15:8:32","2026-07-18T8:8:32",17882,4.210400581,4174.951172,24.44000053,91.65000153,0.255790532,"UAGuest",0,"Green",1015,2915,2915,110.8398438,"false","BioR1132",2026-07-18 08:15:00,199,15.0166666666667,8,15,18,8,0,7,2026,2026-07-18 08:15:00,2975.5859379
"416215","BiosphereDendrometer_",14,"2026-07-18 15:23:33","2026-07-18T8:23:33",17883,4.208788872,4171.728516,24.29999924,92.94000244,0.214468569,"UAGuest",0,"Green",1015,2914,2915,110.3515625,"false","BioR1132",2026-07-18 08:30:00,199,15.0166666666667,23,30,18,8,0,7,2026,2026-07-18 08:30:00,2975.0976566
"416223","BiosphereDendrometer_",14,"2026-07-18 15:38:34","2026-07-18T8:38:34",17884,4.205566406,4178.173828,24.51000023,93.08000183,0.212873757,"UAGuest",0,"Green",1013,2915,2915,110.8398438,"false","BioR1132",2026-07-18 08:45:00,199,15.0166666666667,38,45,18,8,0,7,2026,2026-07-18 08:45:00,2975.5859379
"416233","BiosphereDendrometer_",14,"2026-07-18 15:53:35","2026-07-18T8:53:35",17885,4.208788872,4171.728516,24.82999992,93.87000275,0.192209601,"UAGuest",0,"Green",1013,2916,2915,111.328125,"false","BioR1132",2026-07-18 09:00:00,199,15.0166666666667,53,0,18,9,0,7,2026,2026-07-18 09:00:00,2976.0742191
"416243","BiosphereDendrometer_",14,"2026-07-18 16:8:36","2026-07-18T9:8:36",17886,4.205566406,4171.728516,24.95999908,94.04000092,0.188333035,"UAGuest",0,"Green",1013,2915,2915,110.8398438,"false","BioR1132",2026-07-18 09:15:00,199,15.0166666666667,8,15,18,9,0,7,2026,2026-07-18 09:15:00,2975.5859379
"416253","BiosphereDendrometer_",14,"2026-07-18 16:23:37","2026-07-18T9:23:37",17887,4.205566406,4171.728516,24.98999977,94.51000214,0.173791587,"UAGuest",0,"Green",1013,2916,2915,111.328125,"false","BioR1132",2026-07-18 09:30:00,199,15.0166666666667,23,30,18,9,0,7,2026,2026-07-18 09:30:00,2976.0742191
"416263","BiosphereDendrometer_",14,"2026-07-18 16:38:38","2026-07-18T9:38:38",17888,4.203955173,4173.339844,25.12999916,94.77999878,0.166627616,"UAGuest",0,"Green",1013,2917,2915,111.8164063,"false","BioR1132",2026-07-18 09:45:00,199,15.0166666666667,38,45,18,9,0,7,2026,2026-07-18 09:45:00,2976.5625004
"416273","BiosphereDendrometer_",14,"2026-07-18 16:53:47","2026-07-18T9:53:47",17889,4.187841892,4157.226563,25.26000023,95.16000366,0.155696705,"UAGuest",-73,"Green",1009,2916,2915,111.328125,"false","BioR1132",2026-07-18 10:00:00,199,15.15,53,0,18,10,0,7,2026,2026-07-18 10:00:00,2976.0742191
"416283","BiosphereDendrometer_",14,"2026-07-18 17:9:1","2026-07-18T10:9:1",17890,4.202343941,4171.728516,25.47999954,95.27999878,0.153833643,"UAGuest",0,"Green",1013,2914,2916,110.3515625,"false","BioR1132",2026-07-18 10:15:00,199,15.2333333333333,9,15,18,10,0,7,2026,2026-07-18 10:15:00,2975.0976566
"416293","BiosphereDendrometer_",14,"2026-07-18 17:24:2","2026-07-18T10:24:2",17891,4.207177639,4173.339844,25.86000061,95.30000305,0.156670317,"UAGuest",0,"Green",1011,2916,2915,111.328125,"false","BioR1132",2026-07-18 10:30:00,199,15.0166666666667,24,30,18,10,0,7,2026,2026-07-18 10:30:00,2976.0742191
"416303","BiosphereDendrometer_",14,"2026-07-18 17:39:3","2026-07-18T10:39:3",17892,4.200732231,4171.728516,26.36000061,95.48000336,0.155185983,"UAGuest",0,"Green",1010,2917,2916,111.8164063,"false","BioR1132",2026-07-18 10:45:00,199,15.0166666666667,39,45,18,10,0,7,2026,2026-07-18 10:45:00,2976.5625004
"416315","BiosphereDendrometer_",14,"2026-07-18 17:54:4","2026-07-18T10:54:4",17893,4.202343941,4163.671875,26.67000008,95.83999634,0.145457208,"UAGuest",0,"Green",1009,2916,2916,111.328125,"false","BioR1132",2026-07-18 11:00:00,199,15.0166666666667,54,0,18,11,0,7,2026,2026-07-18 11:00:00,2976.0742191
"416323","BiosphereDendrometer_",14,"2026-07-18 18:9:5","2026-07-18T11:9:5",17894,4.199120998,4171.728516,26.73999977,96.12000275,0.136226177,"UAGuest",0,"Green",1010,2917,2917,111.8164063,"false","BioR1132",2026-07-18 11:15:00,199,15.0166666666667,9,15,18,11,0,7,2026,2026-07-18 11:15:00,2976.5625004
"416333","BiosphereDendrometer_",14,"2026-07-18 18:24:6","2026-07-18T11:24:6",17895,4.197509766,4166.894531,26.70000076,96.30999756,0.129251167,"UAGuest",0,"Green",1008,2917,2917,111.8164063,"false","BioR1132",2026-07-18 11:30:00,199,15.0166666666667,24,30,18,11,0,7,2026,2026-07-18 11:30:00,2976.5625004
"416343","BiosphereDendrometer_",14,"2026-07-18 18:39:7","2026-07-18T11:39:7",17896,4.203955173,4171.728516,26.63999939,96.40000153,0.125654399,"UAGuest",0,"Green",1010,2918,2917,112.3046875,"false","BioR1132",2026-07-18 11:45:00,199,15.0166666666667,39,45,18,11,0,7,2026,2026-07-18 11:45:00,2977.0507816
"416353","BiosphereDendrometer_",14,"2026-07-18 18:54:8","2026-07-18T11:54:8",17897,4.203955173,4165.283203,26.63999939,96.30000305,0.129144549,"UAGuest",0,"Green",1011,2917,2917,111.8164063,"false","BioR1132",2026-07-18 12:00:00,199,15.0166666666667,54,0,18,12,0,7,2026,2026-07-18 12:00:00,2976.5625004
"416363","BiosphereDendrometer_",14,"2026-07-18 19:9:9","2026-07-18T12:9:9",17898,4.200732231,4168.505859,26.56999969,96.23999786,0.130699694,"UAGuest",0,"Green",1009,2918,2917,112.3046875,"false","BioR1132",2026-07-18 12:15:00,199,15.0166666666667,9,15,18,12,0,7,2026,2026-07-18 12:15:00,2977.0507816
"416373","BiosphereDendrometer_",14,"2026-07-18 19:24:10","2026-07-18T12:24:10",17899,4.200732231,4166.894531,26.53000069,96.41000366,0.124496564,"UAGuest",0,"Green",1010,2918,2917,112.3046875,"false","BioR1132",2026-07-18 12:30:00,199,15.0166666666667,24,30,18,12,0,7,2026,2026-07-18 12:30:00,2977.0507816
"416383","BiosphereDendrometer_",14,"2026-07-18 19:39:11","2026-07-18T12:39:11",17900,4.199120998,4163.671875,26.45999908,96.37000275,0.125365868,"UAGuest",0,"Green",1010,2918,2917,112.3046875,"false","BioR1132",2026-07-18 12:45:00,199,15.0166666666667,39,45,18,12,0,7,2026,2026-07-18 12:45:00,2977.0507816
"416393","BiosphereDendrometer_",14,"2026-07-18 19:54:12","2026-07-18T12:54:12",17901,4.199120998,4165.283203,26.44000053,96.26999664,0.128668174,"UAGuest",0,"Green",1010,2917,2917,111.8164063,"false","BioR1132",2026-07-18 13:00:00,199,15.0166666666667,54,0,18,13,0,7,2026,2026-07-18 13:00:00,2976.5625004
"416403","BiosphereDendrometer_",14,"2026-07-18 20:9:13","2026-07-18T13:9:13",17902,4.199120998,4163.671875,26.43000031,96.23000336,0.129970998,"UAGuest",0,"Green",1010,2918,2917,112.3046875,"false","BioR1132",2026-07-18 13:15:00,199,15.0166666666667,9,15,18,13,0,7,2026,2026-07-18 13:15:00,2977.0507816
"416416","BiosphereDendrometer_",14,"2026-07-18 20:24:14","2026-07-18T13:24:14",17903,4.192675591,4165.283203,26.44000053,96.30000305,0.127632931,"UAGuest",0,"Green",1010,2917,2917,111.8164063,"false","BioR1132",2026-07-18 13:30:00,199,15.0166666666667,24,30,18,13,0,7,2026,2026-07-18 13:30:00,2976.5625004
"416423","BiosphereDendrometer_",14,"2026-07-18 20:39:15","2026-07-18T13:39:15",17904,4.197509766,4163.671875,26.53000069,96.26999664,0.129351988,"UAGuest",0,"Green",1010,2918,2918,112.3046875,"false","BioR1132",2026-07-18 13:45:00,199,15.0166666666667,39,45,18,13,0,7,2026,2026-07-18 13:45:00,2977.0507816
"416433","BiosphereDendrometer_",14,"2026-07-18 20:54:22","2026-07-18T13:54:22",17905,4.179785252,4144.335938,26.67000008,96.20999908,0.132519856,"UAGuest",-78,"Green",1022,2919,2918,112.7929688,"false","BioR1132",2026-07-18 14:00:00,199,15.1166666666667,54,0,18,14,0,7,2026,2026-07-18 14:00:00,2977.5390629
"416443","BiosphereDendrometer_",14,"2026-07-18 21:9:34","2026-07-18T14:9:34",17906,4.1942873,4160.449219,26.94000053,96.05000305,0.140322626,"UAGuest",0,"Green",1011,2917,2917,111.8164063,"false","BioR1132",2026-07-18 14:15:00,199,15.2,9,15,18,14,0,7,2026,2026-07-18 14:15:00,2976.5625004
"416453","BiosphereDendrometer_",14,"2026-07-18 21:24:35","2026-07-18T14:24:35",17907,4.199120998,4165.283203,27.19000053,95.93000031,0.146720767,"UAGuest",0,"Green",1010,2916,2915,111.328125,"false","BioR1132",2026-07-18 14:30:00,199,15.0166666666667,24,30,18,14,0,7,2026,2026-07-18 14:30:00,2976.0742191
"416463","BiosphereDendrometer_",14,"2026-07-18 21:39:36","2026-07-18T14:39:36",17908,4.192675591,4162.060547,27.40999985,96.01000214,0.145700946,"UAGuest",0,"Green",1008,2916,2916,111.328125,"false","BioR1132",2026-07-18 14:45:00,199,15.0166666666667,39,45,18,14,0,7,2026,2026-07-18 14:45:00,2976.0742191
"416473","BiosphereDendrometer_",14,"2026-07-18 21:54:37","2026-07-18T14:54:37",17909,4.1942873,4158.837891,27.42000008,96.44000244,0.13007468,"UAGuest",0,"Green",1007,2917,2916,111.8164063,"false","BioR1132",2026-07-18 15:00:00,199,15.0166666666667,54,0,18,15,0,7,2026,2026-07-18 15:00:00,2976.5625004
"416483","BiosphereDendrometer_",14,"2026-07-18 22:9:38","2026-07-18T15:9:38",17910,4.1942873,4158.837891,27.69000053,96.81999969,0.118037835,"UAGuest",0,"Green",1021,2916,2916,111.328125,"false","BioR1132",2026-07-18 15:15:00,199,15.0166666666667,9,15,18,15,0,7,2026,2026-07-18 15:15:00,2976.0742191
"416493","BiosphereDendrometer_",14,"2026-07-18 22:24:39","2026-07-18T15:24:39",17911,4.195898533,4157.226563,28,96.20999908,0.143245548,"UAGuest",0,"Green",1021,2916,2916,111.328125,"false","BioR1132",2026-07-18 15:30:00,199,15.0166666666667,24,30,18,15,0,7,2026,2026-07-18 15:30:00,2976.0742191
"416503","BiosphereDendrometer_",14,"2026-07-18 22:39:40","2026-07-18T15:39:40",17912,4.191064358,4160.449219,28.17000008,96.31999969,0.140470654,"UAGuest",0,"Green",1020,2915,2916,110.8398438,"false","BioR1132",2026-07-18 15:45:00,199,15.0166666666667,39,45,18,15,0,7,2026,2026-07-18 15:45:00,2975.5859379
"416516","BiosphereDendrometer_",14,"2026-07-18 22:54:41","2026-07-18T15:54:41",17913,4.192675591,4160.449219,28.21999931,96.59999847,0.13016054,"UAGuest",0,"Green",1018,2917,2916,111.8164063,"false","BioR1132",2026-07-18 16:00:00,199,15.0166666666667,54,0,18,16,0,7,2026,2026-07-18 16:00:00,2976.5625004
"416523","BiosphereDendrometer_",14,"2026-07-18 23:9:42","2026-07-18T16:9:42",17914,4.191064358,4162.060547,28.28000069,96.37000275,0.13945055,"UAGuest",0,"Green",1020,2915,2916,110.8398438,"false","BioR1132",2026-07-18 16:15:00,199,15.0166666666667,9,15,18,16,0,7,2026,2026-07-18 16:15:00,2975.5859379
"416533","BiosphereDendrometer_",14,"2026-07-18 23:24:43","2026-07-18T16:24:43",17915,4.191064358,4158.837891,28.37999916,96.61000061,0.130989522,"UAGuest",0,"Green",1019,2915,2915,110.8398438,"false","BioR1132",2026-07-18 16:30:00,199,15.0166666666667,24,30,18,16,0,7,2026,2026-07-18 16:30:00,2975.5859379
"416543","BiosphereDendrometer_",14,"2026-07-18 23:39:44","2026-07-18T16:39:44",17916,4.1942873,4154.003906,29.13999939,98.15000153,0.074699134,"UAGuest",0,"Green",1017,2916,2916,111.328125,"false","BioR1132",2026-07-18 16:45:00,199,15.0166666666667,39,45,18,16,0,7,2026,2026-07-18 16:45:00,2976.0742191
"416553","BiosphereDendrometer_",14,"2026-07-18 23:54:45","2026-07-18T16:54:45",17917,4.189453125,4154.003906,29.69000053,97.34999847,0.11044614,"UAGuest",0,"Green",1016,2916,2915,111.328125,"false","BioR1132",2026-07-18 17:00:00,199,15.0166666666667,54,0,18,17,0,7,2026,2026-07-18 17:00:00,2976.0742191
"416563","BiosphereDendrometer_",14,"2026-07-19 0:9:46","2026-07-18T17:9:46",17918,4.189453125,4155.615234,29.89999962,96.55999756,0.145111844,"UAGuest",0,"Green",1016,2916,2915,111.328125,"false","BioR1132",2026-07-18 17:15:00,199,15.0166666666667,9,15,18,17,0,7,2026,2026-07-18 17:15:00,2976.0742191
"416573","BiosphereDendrometer_",14,"2026-07-19 0:24:47","2026-07-18T17:24:47",17919,4.186230659,4155.615234,30.12999916,96.73999786,0.139344707,"UAGuest",0,"Green",1015,2916,2916,111.328125,"false","BioR1132",2026-07-18 17:30:00,199,15.0166666666667,24,30,18,17,0,7,2026,2026-07-18 17:30:00,2976.0742191
"416583","BiosphereDendrometer_",14,"2026-07-19 0:39:48","2026-07-18T17:39:48",17920,4.187841892,4155.615234,30.30999947,96.65000153,0.144674793,"UAGuest",0,"Green",1013,2916,2915,111.328125,"false","BioR1132",2026-07-18 17:45:00,199,15.0166666666667,39,45,18,17,0,7,2026,2026-07-18 17:45:00,2976.0742191
"416593","BiosphereDendrometer_",14,"2026-07-19 0:54:55","2026-07-18T17:54:55",17921,4.176562309,4141.113281,30.43000031,96.13999939,0.167848364,"UAGuest",-81,"Green",1013,2916,2915,111.328125,"false","BioR1132",2026-07-18 18:00:00,199,15.1166666666667,54,0,18,18,0,7,2026,2026-07-18 18:00:00,2976.0742191
"416603","BiosphereDendrometer_",14,"2026-07-19 1:10:9","2026-07-18T18:10:9",17922,4.192675591,4157.226563,30.47999954,95.94999695,0.176614434,"UAGuest",0,"Green",1013,2917,2915,111.8164063,"false","BioR1132",2026-07-18 18:15:00,199,15.2333333333333,10,15,18,18,0,7,2026,2026-07-18 18:15:00,2976.5625004
"416616","BiosphereDendrometer_",14,"2026-07-19 1:25:10","2026-07-18T18:25:10",17923,4.187841892,4157.226563,30.40999985,95.41999817,0.19892922,"UAGuest",0,"Green",1012,2916,2915,111.328125,"false","BioR1132",2026-07-18 18:30:00,199,15.0166666666667,25,30,18,18,0,7,2026,2026-07-18 18:30:00,2976.0742191
"416623","BiosphereDendrometer_",14,"2026-07-19 1:40:11","2026-07-18T18:40:11",17924,4.186230659,4152.392578,30.34000015,95.18000031,0.208516896,"UAGuest",0,"Green",1012,2915,2915,110.8398438,"false","BioR1132",2026-07-18 18:45:00,199,15.0166666666667,40,45,18,18,0,7,2026,2026-07-18 18:45:00,2975.5859379
"416633","BiosphereDendrometer_",14,"2026-07-19 1:55:12","2026-07-18T18:55:12",17925,4.187841892,4152.392578,30.13999939,94.94000244,0.216407135,"UAGuest",0,"Green",1011,2916,2915,111.328125,"false","BioR1132",2026-07-18 19:00:00,199,15.0166666666667,55,0,18,19,0,7,2026,2026-07-18 19:00:00,2976.0742191
"416643","BiosphereDendrometer_",14,"2026-07-19 2:10:13","2026-07-18T19:10:13",17926,4.191064358,4152.392578,29.86000061,94.52999878,0.230215222,"UAGuest",0,"Green",1013,2916,2915,111.328125,"false","BioR1132",2026-07-18 19:15:00,199,15.0166666666667,10,15,18,19,0,7,2026,2026-07-18 19:15:00,2976.0742191
"416653","BiosphereDendrometer_",14,"2026-07-19 2:25:14","2026-07-18T19:25:14",17927,4.186230659,4152.392578,29.64999962,94.38999939,0.233275399,"UAGuest",0,"Green",1014,2915,2915,110.8398438,"false","BioR1132",2026-07-18 19:30:00,199,15.0166666666667,25,30,18,19,0,7,2026,2026-07-18 19:30:00,2975.5859379
"416663","BiosphereDendrometer_",14,"2026-07-19 2:40:15","2026-07-18T19:40:15",17928,4.18461895,4152.392578,29.38999939,94.22000122,0.236774042,"UAGuest",0,"Green",1013,2917,2915,111.8164063,"false","BioR1132",2026-07-18 19:45:00,199,15.0166666666667,40,45,18,19,0,7,2026,2026-07-18 19:45:00,2976.5625004
"416673","BiosphereDendrometer_",14,"2026-07-19 2:55:16","2026-07-18T19:55:16",17929,4.181396484,4154.003906,29.18000031,94.06999969,0.239994869,"UAGuest",0,"Green",1015,2915,2915,110.8398438,"false","BioR1132",2026-07-18 20:00:00,199,15.0166666666667,55,0,18,20,0,7,2026,2026-07-18 20:00:00,2975.5859379
"416683","BiosphereDendrometer_",14,"2026-07-19 3:10:17","2026-07-18T20:10:17",17930,4.183007717,4152.392578,28.92000008,94.15000153,0.233227804,"UAGuest",0,"Green",1017,2916,2915,111.328125,"false","BioR1132",2026-07-18 20:15:00,199,15.0166666666667,10,15,18,20,0,7,2026,2026-07-18 20:15:00,2976.0742191
"416693","BiosphereDendrometer_",14,"2026-07-19 3:25:18","2026-07-18T20:25:18",17931,4.183007717,4149.169922,28.70000076,94.05000305,0.234213635,"UAGuest",0,"Green",1017,2915,2915,110.8398438,"false","BioR1132",2026-07-18 20:30:00,199,15.0166666666667,25,30,18,20,0,7,2026,2026-07-18 20:30:00,2975.5859379
"416703","BiosphereDendrometer_",14,"2026-07-19 3:40:19","2026-07-18T20:40:19",17932,4.181396484,4152.392578,28.53000069,93.93000031,0.236594841,"UAGuest",0,"Green",1017,2915,2915,110.8398438,"false","BioR1132",2026-07-18 20:45:00,199,15.0166666666667,40,45,18,20,0,7,2026,2026-07-18 20:45:00,2975.5859379
"416716","BiosphereDendrometer_",14,"2026-07-19 3:55:20","2026-07-18T20:55:20",17933,4.183007717,4147.558594,28.34000015,93.79000092,0.239397421,"UAGuest",0,"Green",1017,2915,2914,110.8398438,"false","BioR1132",2026-07-18 21:00:00,199,15.0166666666667,55,0,18,21,0,7,2026,2026-07-18 21:00:00,2975.5859379
"416723","BiosphereDendrometer_",14,"2026-07-19 4:10:21","2026-07-18T21:10:21",17934,4.18461895,4150.78125,28.20000076,93.69000244,0.241281614,"UAGuest",0,"Green",1018,2915,2915,110.8398438,"false","BioR1132",2026-07-18 21:15:00,199,15.0166666666667,10,15,18,21,0,7,2026,2026-07-18 21:15:00,2975.5859379
"416733","BiosphereDendrometer_",14,"2026-07-19 4:25:22","2026-07-18T21:25:22",17935,4.178174019,4147.558594,28.04000092,93.51999664,0.245486751,"UAGuest",0,"Green",1018,2915,2914,110.8398438,"false","BioR1132",2026-07-18 21:30:00,199,15.0166666666667,25,30,18,21,0,7,2026,2026-07-18 21:30:00,2975.5859379
"416743","BiosphereDendrometer_",14,"2026-07-19 4:40:23","2026-07-18T21:40:23",17936,4.179785252,4145.947266,27.93000031,93.33000183,0.251071125,"UAGuest",0,"Green",1019,2915,2914,110.8398438,"false","BioR1132",2026-07-18 21:45:00,199,15.0166666666667,40,45,18,21,0,7,2026,2026-07-18 21:45:00,2975.5859379
"416753","BiosphereDendrometer_",14,"2026-07-19 4:55:30","2026-07-18T21:55:30",17937,4.165283203,4134.667969,27.80999947,93.16999817,0.255302161,"UAGuest",-81,"Green",1018,2915,2914,110.8398438,"false","BioR1132",2026-07-18 22:00:00,199,15.1166666666667,55,0,18,22,0,7,2026,2026-07-18 22:00:00,2975.5859379
"416763","BiosphereDendrometer_",14,"2026-07-19 5:10:41","2026-07-18T22:10:41",17938,4.178174019,4149.169922,27.70000076,92.98000336,0.260725796,"UAGuest",0,"Green",1019,2914,2914,110.3515625,"false","BioR1132",2026-07-18 22:15:00,199,15.1833333333333,10,15,18,22,0,7,2026,2026-07-18 22:15:00,2975.0976566
"416773","BiosphereDendrometer_",14,"2026-07-19 5:25:42","2026-07-18T22:25:42",17939,4.176562309,4145.947266,27.62999916,92.66999817,0.27112937,"UAGuest",0,"Green",1019,2915,2914,110.8398438,"false","BioR1132",2026-07-18 22:30:00,199,15.0166666666667,25,30,18,22,0,7,2026,2026-07-18 22:30:00,2975.5859379
"416783","BiosphereDendrometer_",14,"2026-07-19 5:40:43","2026-07-18T22:40:43",17940,4.174951077,4144.335938,27.55999947,92.73999786,0.267444551,"UAGuest",0,"Green",1020,2914,2914,110.3515625,"false","BioR1132",2026-07-18 22:45:00,199,15.0166666666667,40,45,18,22,0,7,2026,2026-07-18 22:45:00,2975.0976566
"416793","BiosphereDendrometer_",14,"2026-07-19 5:55:44","2026-07-18T22:55:44",17941,4.173339844,4145.947266,27.5,92.44000244,0.277521223,"UAGuest",0,"Green",1019,2914,2914,110.3515625,"false","BioR1132",2026-07-18 23:00:00,199,15.0166666666667,55,0,18,23,0,7,2026,2026-07-18 23:00:00,2975.0976566
"416803","BiosphereDendrometer_",14,"2026-07-19 6:10:45","2026-07-18T23:10:45",17942,4.178174019,4144.335938,27.42000008,92.45999908,0.275495648,"UAGuest",0,"Green",1020,2914,2913,110.3515625,"false","BioR1132",2026-07-18 23:15:00,199,15.0166666666667,10,15,18,23,0,7,2026,2026-07-18 23:15:00,2975.0976566
"416816","BiosphereDendrometer_",14,"2026-07-19 6:25:46","2026-07-18T23:25:46",17943,4.178174019,4147.558594,27.37999916,92.20999908,0.283964962,"UAGuest",0,"Green",1019,2914,2913,110.3515625,"false","BioR1132",2026-07-18 23:30:00,199,15.0166666666667,25,30,18,23,0,7,2026,2026-07-18 23:30:00,2975.0976566
"416823","BiosphereDendrometer_",14,"2026-07-19 6:40:47","2026-07-18T23:40:47",17944,4.174951077,4141.113281,27.32999992,92.05000305,0.288950711,"UAGuest",0,"Green",1021,2915,2913,110.8398438,"false","BioR1132",2026-07-18 23:45:00,199,15.0166666666667,40,45,18,23,0,7,2026,2026-07-18 23:45:00,2975.5859379
"416833","BiosphereDendrometer_",14,"2026-07-19 6:55:48","2026-07-18T23:55:48",17945,4.179785252,4142.724609,27.28000069,91.87000275,0.294629544,"UAGuest",0,"Green",1018,2915,2913,110.8398438,"false","BioR1132",2026-07-19,199,15.0166666666667,55,0,19,0,0,7,2026,2026-07-19,2975.5859379
"416843","BiosphereDendrometer_",14,"2026-07-19 7:10:49","2026-07-19T0:10:49",17946,4.174951077,4144.335938,26.92000008,94.66000366,0.189479336,"UAGuest",0,"Green",1023,2914,2913,110.3515625,"false","BioR1132",2026-07-19 00:15:00,200,15.0166666666667,10,15,19,0,0,7,2026,2026-07-19 00:15:00,2975.0976566
"416853","BiosphereDendrometer_",14,"2026-07-19 7:25:50","2026-07-19T0:25:50",17947,4.176562309,4141.113281,26.73999977,95.93000031,0.142897114,"UAGuest",0,"Green",1020,2926,2926,116.2109375,"false","BioR1132",2026-07-19 00:30:00,200,15.0166666666667,25,30,19,0,0,7,2026,2026-07-19 00:30:00,2980.9570316
"416863","BiosphereDendrometer_",14,"2026-07-19 7:40:51","2026-07-19T0:40:51",17948,4.171728611,4144.335938,26.67000008,96.61000061,0.118533581,"UAGuest",0,"Green",1021,2940,2939,123.046875,"false","BioR1132",2026-07-19 00:45:00,200,15.0166666666667,40,45,19,0,0,7,2026,2026-07-19 00:45:00,2987.7929691
"416873","BiosphereDendrometer_",14,"2026-07-19 7:55:52","2026-07-19T0:55:52",17949,4.168505669,4141.113281,26.48999977,97.30999756,0.09306661,"UAGuest",0,"Green",1020,2956,2956,130.859375,"false","BioR1132",2026-07-19 01:00:00,200,15.0166666666667,55,0,19,1,0,7,2026,2026-07-19 01:00:00,2995.6054691
"416883","BiosphereDendrometer_",14,"2026-07-19 8:10:53","2026-07-19T1:10:53",17950,4.173339844,4142.724609,26.54000092,97.12999725,0.099586867,"UAGuest",0,"Green",1018,2975,2974,140.1367188,"false","BioR1132",2026-07-19 01:15:00,200,15.0166666666667,10,15,19,1,0,7,2026,2026-07-19 01:15:00,3004.8828129
"416893","BiosphereDendrometer_",14,"2026-07-19 8:25:54","2026-07-19T1:25:54",17951,4.174951077,4145.947266,26.37000084,97.37000275,0.090349384,"UAGuest",0,"Green",1017,2986,2986,145.5078125,"false","BioR1132",2026-07-19 01:30:00,200,15.0166666666667,25,30,19,1,0,7,2026,2026-07-19 01:30:00,3010.2539066
"416903","BiosphereDendrometer_",14,"2026-07-19 8:40:55","2026-07-19T1:40:55",17952,4.176562309,4141.113281,26.20000076,97.73000336,0.077204093,"UAGuest",0,"Green",1016,2997,2997,150.8789063,"false","BioR1132",2026-07-19 01:45:00,200,15.0166666666667,40,45,19,1,0,7,2026,2026-07-19 01:45:00,3015.6250004
"416916","BiosphereDendrometer_",14,"2026-07-19 8:56:2","2026-07-19T1:56:2",17953,4.160449028,4125,26.21999931,97.69999695,0.078316972,"UAGuest",-72,"Green",1015,3006,3005,155.2734375,"false","BioR1132",2026-07-19 02:00:00,200,15.1166666666667,56,0,19,2,0,7,2026,2026-07-19 02:00:00,3020.0195316
"416923","BiosphereDendrometer_",14,"2026-07-19 9:11:13","2026-07-19T2:11:13",17954,4.174951077,4139.501953,26.19000053,98.22000122,0.060503211,"UAGuest",0,"Green",1018,3017,3016,160.6445313,"false","BioR1132",2026-07-19 02:15:00,200,15.1833333333333,11,15,19,2,0,7,2026,2026-07-19 02:15:00,3025.3906254
"416933","BiosphereDendrometer_",14,"2026-07-19 9:26:14","2026-07-19T2:26:14",17955,4.168505669,4137.890625,26.21999931,98.26000214,0.059248373,"UAGuest",0,"Green",1015,3025,3025,164.5507813,"false","BioR1132",2026-07-19 02:30:00,200,15.0166666666667,26,30,19,2,0,7,2026,2026-07-19 02:30:00,3029.2968754
"416943","BiosphereDendrometer_",14,"2026-07-19 9:41:15","2026-07-19T2:41:15",17956,4.171728611,4134.667969,26.19000053,98.5,0.05098588,"UAGuest",0,"Green",1016,3034,3034,168.9453125,"false","BioR1132",2026-07-19 02:45:00,200,15.0166666666667,41,45,19,2,0,7,2026,2026-07-19 02:45:00,3033.6914066
"416953","BiosphereDendrometer_",14,"2026-07-19 9:56:16","2026-07-19T2:56:16",17957,4.174951077,4136.279297,26.20000076,98.37999725,0.055097334,"UAGuest",0,"Green",1013,3041,3040,172.3632813,"false","BioR1132",2026-07-19 03:00:00,200,15.0166666666667,56,0,19,3,0,7,2026,2026-07-19 03:00:00,3037.1093754
"416963","BiosphereDendrometer_",14,"2026-07-19 10:11:17","2026-07-19T3:11:17",17958,4.166894436,4137.890625,26.26000023,97.91000366,0.07133428,"UAGuest",0,"Green",1013,3046,3047,174.8046875,"false","BioR1132",2026-07-19 03:15:00,200,15.0166666666667,11,15,19,3,0,7,2026,2026-07-19 03:15:00,3039.5507816
"416973","BiosphereDendrometer_",14,"2026-07-19 10:26:18","2026-07-19T3:26:18",17959,4.166894436,4137.890625,26.29999924,97.58000183,0.082792766,"UAGuest",0,"Green",1012,3054,3053,178.7109375,"false","BioR1132",2026-07-19 03:30:00,200,15.0166666666667,26,30,19,3,0,7,2026,2026-07-19 03:30:00,3043.4570316
"416983","BiosphereDendrometer_",14,"2026-07-19 10:41:19","2026-07-19T3:41:19",17960,4.173339844,4133.056641,26.29999924,97.23999786,0.094425119,"UAGuest",0,"Green",1013,3060,3059,181.640625,"false","BioR1132",2026-07-19 03:45:00,200,15.0166666666667,41,45,19,3,0,7,2026,2026-07-19 03:45:00,3046.3867191
"416993","BiosphereDendrometer_",14,"2026-07-19 10:56:20","2026-07-19T3:56:20",17961,4.170117378,4134.667969,26.29999924,97.05999756,0.10058327,"UAGuest",0,"Green",1013,3065,3065,184.0820313,"false","BioR1132",2026-07-19 04:00:00,200,15.0166666666667,56,0,19,4,0,7,2026,2026-07-19 04:00:00,3048.8281254
"417003","BiosphereDendrometer_",14,"2026-07-19 11:11:21","2026-07-19T4:11:21",17962,4.165283203,4133.056641,26.31999969,96.80999756,0.109265052,"UAGuest",0,"Green",1011,3071,3070,187.0117188,"false","BioR1132",2026-07-19 04:15:00,200,15.0166666666667,11,15,19,4,0,7,2026,2026-07-19 04:15:00,3051.7578129
"417016","BiosphereDendrometer_",14,"2026-07-19 11:26:22","2026-07-19T4:26:22",17963,4.16367197,4131.445313,26.32999992,96.58999634,0.116869479,"UAGuest",0,"Green",1012,3076,3075,189.453125,"false","BioR1132",2026-07-19 04:30:00,200,15.0166666666667,26,30,19,4,0,7,2026,2026-07-19 04:30:00,3054.1992191
"417023","BiosphereDendrometer_",14,"2026-07-19 11:41:23","2026-07-19T4:41:23",17964,4.171728611,4131.445313,26.32999992,96.48000336,0.120639056,"UAGuest",0,"Green",1012,3081,3080,191.8945313,"false","BioR1132",2026-07-19 04:45:00,200,15.0166666666667,41,45,19,4,0,7,2026,2026-07-19 04:45:00,3056.6406254
"417033","BiosphereDendrometer_",14,"2026-07-19 11:56:24","2026-07-19T4:56:24",17965,4.162060738,4133.056641,26.29999924,96.38999939,0.123505197,"UAGuest",0,"Green",1011,3087,3086,194.8242188,"false","BioR1132",2026-07-19 05:00:00,200,15.0166666666667,56,0,19,5,0,7,2026,2026-07-19 05:00:00,3059.5703129
"417043","BiosphereDendrometer_",14,"2026-07-19 12:11:25","2026-07-19T5:11:25",17966,4.168505669,4134.667969,26.20000076,96.31999969,0.125159413,"UAGuest",0,"Green",1010,3090,3090,196.2890625,"false","BioR1132",2026-07-19 05:15:00,200,15.0166666666667,11,15,19,5,0,7,2026,2026-07-19 05:15:00,3061.0351566
"417053","BiosphereDendrometer_",14,"2026-07-19 12:26:26","2026-07-19T5:26:26",17967,4.16367197,4131.445313,25.97999954,95.98000336,0.134957626,"UAGuest",0,"Green",1009,3095,3094,198.7304688,"false","BioR1132",2026-07-19 05:30:00,200,15.0166666666667,26,30,19,5,0,7,2026,2026-07-19 05:30:00,3063.4765629
"417063","BiosphereDendrometer_",14,"2026-07-19 12:41:27","2026-07-19T5:41:27",17968,4.16367197,4129.833984,25.78000069,95.62000275,0.145313665,"UAGuest",0,"Green",1010,3096,3096,199.21875,"false","BioR1132",2026-07-19 05:45:00,200,15.0166666666667,41,45,19,5,0,7,2026,2026-07-19 05:45:00,3063.9648441
"417073","BiosphereDendrometer_",14,"2026-07-19 12:56:36","2026-07-19T5:56:36",17969,4.145947456,4120.166016,25.61000061,95.30999756,0.154039189,"UAGuest",-77,"Green",1007,3099,3098,200.6835938,"false","BioR1132",2026-07-19 06:00:00,200,15.15,56,0,19,6,0,7,2026,2026-07-19 06:00:00,3065.4296879
"417083","BiosphereDendrometer_",14,"2026-07-19 13:11:50","2026-07-19T6:11:50",17970,4.165283203,4133.056641,25.51000023,95.20999908,0.15639323,"UAGuest",0,"Green",1011,3101,3100,201.6601563,"false","BioR1132",2026-07-19 06:15:00,200,15.2333333333333,11,15,19,6,0,7,2026,2026-07-19 06:15:00,3066.4062504
"417093","BiosphereDendrometer_",14,"2026-07-19 13:26:51","2026-07-19T6:26:51",17971,4.160449028,4131.445313,25.45000076,95.04000092,0.161368057,"UAGuest",0,"Green",1012,3102,3102,202.1484375,"false","BioR1132",2026-07-19 06:30:00,200,15.0166666666667,26,30,19,6,0,7,2026,2026-07-19 06:30:00,3066.8945316
"417106","BiosphereDendrometer_",14,"2026-07-19 13:41:52","2026-07-19T6:41:52",17972,4.162060738,4133.056641,25.40999985,95.06999969,0.160011634,"UAGuest",0,"Green",1011,3103,3103,202.6367188,"false","BioR1132",2026-07-19 06:45:00,200,15.0166666666667,41,45,19,6,0,7,2026,2026-07-19 06:45:00,3067.3828129
"417116","BiosphereDendrometer_",14,"2026-07-19 13:56:53","2026-07-19T6:56:53",17973,4.165283203,4126.611328,25.40999985,95.09999847,0.159037963,"UAGuest",0,"Green",1012,3104,3104,203.125,"false","BioR1132",2026-07-19 07:00:00,200,15.0166666666667,56,0,19,7,0,7,2026,2026-07-19 07:00:00,3067.8710941
"417123","BiosphereDendrometer_",14,"2026-07-19 14:11:54","2026-07-19T7:11:54",17974,4.162060738,4128.222656,25.44000053,95.26000214,0.154119059,"UAGuest",0,"Green",1010,3105,3105,203.6132813,"false","BioR1132",2026-07-19 07:15:00,200,15.0166666666667,11,15,19,7,0,7,2026,2026-07-19 07:15:00,3068.3593754
"417133","BiosphereDendrometer_",14,"2026-07-19 14:26:55","2026-07-19T7:26:55",17975,4.162060738,4125,25.5,95.26000214,0.154668853,"UAGuest",0,"Green",1009,3107,3106,204.5898438,"false","BioR1132",2026-07-19 07:30:00,200,15.0166666666667,26,30,19,7,0,7,2026,2026-07-19 07:30:00,3069.3359379
"417143","BiosphereDendrometer_",14,"2026-07-19 14:41:56","2026-07-19T7:41:56",17976,4.165283203,4121.777344,25.54000092,95.18000031,0.157653034,"UAGuest",0,"Green",1010,3106,3106,204.1015625,"false","BioR1132",2026-07-19 07:45:00,200,15.0166666666667,41,45,19,7,0,7,2026,2026-07-19 07:45:00,3068.8476566
"417153","BiosphereDendrometer_",14,"2026-07-19 14:56:57","2026-07-19T7:56:57",17977,4.158837795,4129.833984,25.60000038,95.20999908,0.157230303,"UAGuest",0,"Green",1011,3107,3107,204.5898438,"false","BioR1132",2026-07-19 08:00:00,200,15.0166666666667,56,0,19,8,0,7,2026,2026-07-19 08:00:00,3069.3359379
"417163","BiosphereDendrometer_",14,"2026-07-19 15:11:58","2026-07-19T8:11:58",17978,4.160449028,4126.611328,25.21999931,95.56999969,0.142169118,"UAGuest",0,"Green",1010,3108,3107,205.078125,"false","BioR1132",2026-07-19 08:15:00,200,15.0166666666667,11,15,19,8,0,7,2026,2026-07-19 08:15:00,3069.8242191
"417173","BiosphereDendrometer_",14,"2026-07-19 15:26:59","2026-07-19T8:26:59",17979,4.15561533,4125,25.20000076,96.27999878,0.119241707,"UAGuest",0,"Green",1010,3107,3107,204.5898438,"false","BioR1132",2026-07-19 08:30:00,200,15.0166666666667,26,30,19,8,0,7,2026,2026-07-19 08:30:00,3069.3359379
"417183","BiosphereDendrometer_",14,"2026-07-19 15:42:0","2026-07-19T8:42:0",17980,4.160449028,4131.445313,25.26000023,96.51000214,0.112268776,"UAGuest",0,"Green",1010,3107,3107,204.5898438,"false","BioR1132",2026-07-19 08:45:00,200,15.0166666666667,42,45,19,8,0,7,2026,2026-07-19 08:45:00,3069.3359379
"417193","BiosphereDendrometer_",14,"2026-07-19 15:57:1","2026-07-19T8:57:1",17981,4.157226563,4125,25.37999916,96.69000244,0.107240319,"UAGuest",0,"Green",1010,3108,3108,205.078125,"false","BioR1132",2026-07-19 09:00:00,200,15.0166666666667,57,0,19,9,0,7,2026,2026-07-19 09:00:00,3069.8242191
"417203","BiosphereDendrometer_",14,"2026-07-19 16:12:2","2026-07-19T9:12:2",17982,4.157226563,4121.777344,25.29999924,95.70999908,0.138332501,"UAGuest",0,"Green",1010,3108,3108,205.078125,"false","BioR1132",2026-07-19 09:15:00,200,15.0166666666667,12,15,19,9,0,7,2026,2026-07-19 09:15:00,3069.8242191
"417216","BiosphereDendrometer_",14,"2026-07-19 16:27:3","2026-07-19T9:27:3",17983,4.152392387,4123.388672,25.30999947,95.87999725,0.132929817,"UAGuest",0,"Green",1010,3108,3108,205.078125,"false","BioR1132",2026-07-19 09:30:00,200,15.0166666666667,27,30,19,9,0,7,2026,2026-07-19 09:30:00,3069.8242191
"417223","BiosphereDendrometer_",14,"2026-07-19 16:42:4","2026-07-19T9:42:4",17984,4.154004097,4123.388672,25.47999954,96.04000092,0.1290638,"UAGuest",0,"Green",1010,3108,3108,205.078125,"false","BioR1132",2026-07-19 09:45:00,200,15.0166666666667,42,45,19,9,0,7,2026,2026-07-19 09:45:00,3069.8242191
"417233","BiosphereDendrometer_",14,"2026-07-19 16:57:11","2026-07-19T9:57:11",17985,4.145947456,4107.275391,25.61000061,96.26000214,0.122837156,"UAGuest",-72,"Green",1010,3109,3108,205.5664063,"false","BioR1132",2026-07-19 10:00:00,200,15.1166666666667,57,0,19,10,0,7,2026,2026-07-19 10:00:00,3070.3125004
"417243","BiosphereDendrometer_",14,"2026-07-19 17:12:30","2026-07-19T10:12:30",17986,4.157226563,4120.166016,25.88999939,96.43000031,0.119214281,"UAGuest",0,"Green",1010,3107,3107,204.5898438,"false","BioR1132",2026-07-19 10:15:00,200,15.3166666666667,12,15,19,10,0,7,2026,2026-07-19 10:15:00,3069.3359379
"417253","BiosphereDendrometer_",14,"2026-07-19 17:27:31","2026-07-19T10:27:31",17987,4.15561533,4120.166016,26.14999962,96.52999878,0.117669374,"UAGuest",0,"Green",1010,3106,3106,204.1015625,"false","BioR1132",2026-07-19 10:30:00,200,15.0166666666667,27,30,19,10,0,7,2026,2026-07-19 10:30:00,3068.8476566
"417263","BiosphereDendrometer_",14,"2026-07-19 17:42:32","2026-07-19T10:42:32",17988,4.154004097,4121.777344,26.39999962,96.76999664,0.111158155,"UAGuest",0,"Green",1009,3105,3105,203.6132813,"false","BioR1132",2026-07-19 10:45:00,200,15.0166666666667,42,45,19,10,0,7,2026,2026-07-19 10:45:00,3068.3593754
"417273","BiosphereDendrometer_",14,"2026-07-19 17:57:33","2026-07-19T10:57:33",17989,4.154004097,4120.166016,26.60000038,96.90000153,0.107947886,"UAGuest",0,"Green",1011,3105,3104,203.6132813,"false","BioR1132",2026-07-19 11:00:00,200,15.0166666666667,57,0,19,11,0,7,2026,2026-07-19 11:00:00,3068.3593754
"417283","BiosphereDendrometer_",14,"2026-07-19 18:12:34","2026-07-19T11:12:34",17990,4.154004097,4121.777344,26.89999962,96.88999939,0.110222884,"UAGuest",0,"Green",1011,3099,3098,200.6835938,"false","BioR1132",2026-07-19 11:15:00,200,15.0166666666667,12,15,19,11,0,7,2026,2026-07-19 11:15:00,3065.4296879
"417293","BiosphereDendrometer_",14,"2026-07-19 18:27:35","2026-07-19T11:27:35",17991,4.154004097,4118.554688,27.18000031,96.94999695,0.109886207,"UAGuest",0,"Green",1012,3093,3093,197.7539063,"false","BioR1132",2026-07-19 11:30:00,200,15.0166666666667,27,30,19,11,0,7,2026,2026-07-19 11:30:00,3062.5000004
"417303","BiosphereDendrometer_",14,"2026-07-19 18:42:36","2026-07-19T11:42:36",17992,4.154004097,4115.332031,27.43000031,97.12000275,0.10529048,"UAGuest",0,"Green",1010,3088,3087,195.3125,"false","BioR1132",2026-07-19 11:45:00,200,15.0166666666667,42,45,19,11,0,7,2026,2026-07-19 11:45:00,3060.0585941
"417316","BiosphereDendrometer_",14,"2026-07-19 18:57:37","2026-07-19T11:57:37",17993,4.154004097,4118.554688,27.63999939,97.34999847,0.098078042,"UAGuest",0,"Green",1009,3083,3083,192.8710938,"false","BioR1132",2026-07-19 12:00:00,200,15.0166666666667,57,0,19,12,0,7,2026,2026-07-19 12:00:00,3057.6171879
"417323","BiosphereDendrometer_",14,"2026-07-19 19:12:38","2026-07-19T12:12:38",17994,4.150781155,4120.166016,27.90999985,97.23999786,0.103770733,"UAGuest",0,"Green",1011,3073,3072,187.9882813,"false","BioR1132",2026-07-19 12:15:00,200,15.0166666666667,12,15,19,12,0,7,2026,2026-07-19 12:15:00,3052.7343754
"417333","BiosphereDendrometer_",14,"2026-07-19 19:27:39","2026-07-19T12:27:39",17995,4.150781155,4121.777344,28.06999969,97.36000061,0.100187734,"UAGuest",0,"Green",1011,3060,3060,181.640625,"false","BioR1132",2026-07-19 12:30:00,200,15.0166666666667,27,30,19,12,0,7,2026,2026-07-19 12:30:00,3046.3867191
"417343","BiosphereDendrometer_",14,"2026-07-19 19:42:40","2026-07-19T12:42:40",17996,4.150781155,4120.166016,28,97.58000183,0.091465279,"UAGuest",0,"Green",1010,3061,3061,182.1289063,"false","BioR1132",2026-07-19 12:45:00,200,15.0166666666667,42,45,19,12,0,7,2026,2026-07-19 12:45:00,3046.8750004
"417353","BiosphereDendrometer_",14,"2026-07-19 19:57:41","2026-07-19T12:57:41",17997,4.149169922,4120.166016,27.86000061,97.59999847,0.08997269,"UAGuest",0,"Green",1012,3061,3061,182.1289063,"false","BioR1132",2026-07-19 13:00:00,200,15.0166666666667,57,0,19,13,0,7,2026,2026-07-19 13:00:00,3046.8750004
"417363","BiosphereDendrometer_",14,"2026-07-19 20:12:42","2026-07-19T13:12:42",17998,4.149169922,4115.332031,27.70000076,97.45999908,0.094336666,"UAGuest",0,"Green",1012,3063,3062,183.1054688,"false","BioR1132",2026-07-19 13:15:00,200,15.0166666666667,12,15,19,13,0,7,2026,2026-07-19 13:15:00,3047.8515629
"417373","BiosphereDendrometer_",14,"2026-07-19 20:27:43","2026-07-19T13:27:43",17999,4.150781155,4115.332031,27.79000092,97.25,0.102673784,"UAGuest",0,"Green",1014,3062,3061,182.6171875,"false","BioR1132",2026-07-19 13:30:00,200,15.0166666666667,27,30,19,13,0,7,2026,2026-07-19 13:30:00,3047.3632816
"417383","BiosphereDendrometer_",14,"2026-07-19 20:42:44","2026-07-19T13:42:44",18000,4.147558689,4113.720703,27.90999985,97.09999847,0.109034434,"UAGuest",0,"Green",1012,3061,3061,182.1289063,"false","BioR1132",2026-07-19 13:45:00,200,15.0166666666667,42,45,19,13,0,7,2026,2026-07-19 13:45:00,3046.8750004
"417393","BiosphereDendrometer_",14,"2026-07-19 20:57:53","2026-07-19T13:57:53",18001,4.104052544,4107.275391,28,97.26000214,0.103559859,"UAGuest",-72,"Green",1011,3062,3061,182.6171875,"false","BioR1132",2026-07-19 14:00:00,200,15.15,57,0,19,14,0,7,2026,2026-07-19 14:00:00,3047.3632816
"417403","BiosphereDendrometer_",14,"2026-07-19 21:13:12","2026-07-19T14:13:12",18002,4.147558689,4118.554688,27.88999939,97.47000122,0.095012084,"UAGuest",0,"Green",1014,3060,3061,181.640625,"false","BioR1132",2026-07-19 14:15:00,200,15.3166666666667,13,15,19,14,0,7,2026,2026-07-19 14:15:00,3046.3867191
"417416","BiosphereDendrometer_",14,"2026-07-19 21:28:13","2026-07-19T14:28:13",18003,4.145947456,4113.720703,28.07999992,97.45999908,0.096448898,"UAGuest",0,"Green",1014,3061,3061,182.1289063,"false","BioR1132",2026-07-19 14:30:00,200,15.0166666666667,28,30,19,14,0,7,2026,2026-07-19 14:30:00,3046.8750004
"417423","BiosphereDendrometer_",14,"2026-07-19 21:43:14","2026-07-19T14:43:14",18004,4.149169922,4112.109375,28.14999962,97.29000092,0.103323974,"UAGuest",0,"Green",1015,3061,3061,182.1289063,"false","BioR1132",2026-07-19 14:45:00,200,15.0166666666667,43,45,19,14,0,7,2026,2026-07-19 14:45:00,3046.8750004
"417433","BiosphereDendrometer_",14,"2026-07-19 21:58:15","2026-07-19T14:58:15",18005,4.141113281,4116.943359,28.23999977,97.38999939,0.10003338,"UAGuest",0,"Green",1014,3062,3062,182.6171875,"false","BioR1132",2026-07-19 15:00:00,200,15.0166666666667,58,0,19,15,0,7,2026,2026-07-19 15:00:00,3047.3632816
"417443","BiosphereDendrometer_",14,"2026-07-19 22:13:16","2026-07-19T15:13:16",18006,4.147558689,4113.720703,28.75,97.90000153,0.082903229,"UAGuest",0,"Green",1011,3062,3062,182.6171875,"false","BioR1132",2026-07-19 15:15:00,200,15.0166666666667,13,15,19,15,0,7,2026,2026-07-19 15:15:00,3047.3632816
"417453","BiosphereDendrometer_",14,"2026-07-19 22:28:17","2026-07-19T15:28:17",18007,4.145947456,4112.109375,28.96999931,97.80000305,0.087963328,"UAGuest",0,"Green",1010,3063,3062,183.1054688,"false","BioR1132",2026-07-19 15:30:00,200,15.0166666666667,28,30,19,15,0,7,2026,2026-07-19 15:30:00,3047.8515629
"417463","BiosphereDendrometer_",14,"2026-07-19 22:43:18","2026-07-19T15:43:18",18008,4.142724514,4112.109375,29.13999939,97.83999634,0.087216459,"UAGuest",0,"Green",1010,3062,3062,182.6171875,"false","BioR1132",2026-07-19 15:45:00,200,15.0166666666667,43,45,19,15,0,7,2026,2026-07-19 15:45:00,3047.3632816
"417473","BiosphereDendrometer_",14,"2026-07-19 22:58:19","2026-07-19T15:58:19",18009,4.145947456,4108.886719,29.06999969,97.76000214,0.090081677,"UAGuest",0,"Green",1012,3062,3062,182.6171875,"false","BioR1132",2026-07-19 16:00:00,200,15.0166666666667,58,0,19,16,0,7,2026,2026-07-19 16:00:00,3047.3632816
"417483","BiosphereDendrometer_",14,"2026-07-19 23:13:20","2026-07-19T16:13:20",18010,4.142724514,4115.332031,28.89999962,97.51000214,0.099156432,"UAGuest",0,"Green",1010,3064,3062,183.59375,"false","BioR1132",2026-07-19 16:15:00,200,15.0166666666667,13,15,19,16,0,7,2026,2026-07-19 16:15:00,3048.3398441
"417493","BiosphereDendrometer_",14,"2026-07-19 23:28:21","2026-07-19T16:28:21",18011,4.142724514,4107.275391,28.84000015,97.31999969,0.106352918,"UAGuest",0,"Green",1010,3064,3062,183.59375,"false","BioR1132",2026-07-19 16:30:00,200,15.0166666666667,28,30,19,16,0,7,2026,2026-07-19 16:30:00,3048.3398441
"417503","BiosphereDendrometer_",14,"2026-07-19 23:43:22","2026-07-19T16:43:22",18012,4.145947456,4112.109375,29.69000053,98.59999847,0.058348928,"UAGuest",0,"Green",1024,3063,3062,183.1054688,"false","BioR1132",2026-07-19 16:45:00,200,15.0166666666667,43,45,19,16,0,7,2026,2026-07-19 16:45:00,3047.8515629
"417516","BiosphereDendrometer_",14,"2026-07-19 23:58:23","2026-07-19T16:58:23",18013,4.144335747,4107.275391,29.88999939,97.65000153,0.099074468,"UAGuest",0,"Green",1022,3063,3062,183.1054688,"false","BioR1132",2026-07-19 17:00:00,200,15.0166666666667,58,0,19,17,0,7,2026,2026-07-19 17:00:00,3047.8515629
"417523","BiosphereDendrometer_",14,"2026-07-20 0:13:24","2026-07-19T17:13:24",18014,4.144335747,4112.109375,30.04999924,97.61000061,0.101690009,"UAGuest",0,"Green",1021,3062,3062,182.6171875,"false","BioR1132",2026-07-19 17:15:00,200,15.0166666666667,13,15,19,17,0,7,2026,2026-07-19 17:15:00,3047.3632816
"417533","BiosphereDendrometer_",14,"2026-07-20 0:28:25","2026-07-19T17:28:25",18015,4.142724514,4107.275391,30.12000084,97.58999634,0.102953635,"UAGuest",0,"Green",1022,3062,3062,182.6171875,"false","BioR1132",2026-07-19 17:30:00,200,15.0166666666667,28,30,19,17,0,7,2026,2026-07-19 17:30:00,3047.3632816
"417543","BiosphereDendrometer_",14,"2026-07-20 0:43:26","2026-07-19T17:43:26",18016,4.141113281,4105.664063,30.10000038,97.11000061,0.123317026,"UAGuest",0,"Green",1023,3062,3062,182.6171875,"false","BioR1132",2026-07-19 17:45:00,200,15.0166666666667,43,45,19,17,0,7,2026,2026-07-19 17:45:00,3047.3632816
"417553","BiosphereDendrometer_",14,"2026-07-20 0:58:33","2026-07-19T17:58:33",18017,4.126611233,4099.21875,30.10000038,96.70999908,0.140385434,"UAGuest",-80,"Green",1018,3063,3062,183.1054688,"false","BioR1132",2026-07-19 18:00:00,200,15.1166666666667,58,0,19,18,0,7,2026,2026-07-19 18:00:00,3047.8515629
"417563","BiosphereDendrometer_",14,"2026-07-20 1:13:44","2026-07-19T18:13:44",18018,4.144335747,4112.109375,30.20999908,96.76000214,0.139125541,"UAGuest",0,"Green",1021,3063,3062,183.1054688,"false","BioR1132",2026-07-19 18:15:00,200,15.1833333333333,13,15,19,18,0,7,2026,2026-07-19 18:15:00,3047.8515629
"417573","BiosphereDendrometer_",14,"2026-07-20 1:28:45","2026-07-19T18:28:45",18019,4.137890816,4113.720703,30.29000092,96.55000305,0.148822948,"UAGuest",0,"Green",1019,3062,3062,182.6171875,"false","BioR1132",2026-07-19 18:30:00,200,15.0166666666667,28,30,19,18,0,7,2026,2026-07-19 18:30:00,3047.3632816
"417583","BiosphereDendrometer_",14,"2026-07-20 1:43:46","2026-07-19T18:43:46",18020,4.136279106,4112.109375,30.29999924,96.18000031,0.164878353,"UAGuest",0,"Green",1020,3064,3062,183.59375,"false","BioR1132",2026-07-19 18:45:00,200,15.0166666666667,43,45,19,18,0,7,2026,2026-07-19 18:45:00,3048.3398441
"417593","BiosphereDendrometer_",14,"2026-07-20 1:58:47","2026-07-19T18:58:47",18021,4.141113281,4108.886719,30.17000008,95.87000275,0.176936582,"UAGuest",0,"Green",1019,3062,3062,182.6171875,"false","BioR1132",2026-07-19 19:00:00,200,15.0166666666667,58,0,19,19,0,7,2026,2026-07-19 19:00:00,3047.3632816
"417603","BiosphereDendrometer_",14,"2026-07-20 2:13:48","2026-07-19T19:13:48",18022,4.139502048,4105.664063,30.02000046,95.61000061,0.186465487,"UAGuest",0,"Green",1020,3062,3062,182.6171875,"false","BioR1132",2026-07-19 19:15:00,200,15.0166666666667,13,15,19,19,0,7,2026,2026-07-19 19:15:00,3047.3632816
"417616","BiosphereDendrometer_",14,"2026-07-20 2:28:49","2026-07-19T19:28:49",18023,4.141113281,4105.664063,29.85000038,95.5,0.189282253,"UAGuest",0,"Green",1022,3062,3061,182.6171875,"false","BioR1132",2026-07-19 19:30:00,200,15.0166666666667,28,30,19,19,0,7,2026,2026-07-19 19:30:00,3047.3632816
"417623","BiosphereDendrometer_",14,"2026-07-20 2:43:50","2026-07-19T19:43:50",18024,4.137890816,4102.441406,29.69000053,95.51999664,0.186716765,"UAGuest",0,"Green",1021,3062,3062,182.6171875,"false","BioR1132",2026-07-19 19:45:00,200,15.0166666666667,43,45,19,19,0,7,2026,2026-07-19 19:45:00,3047.3632816
"417633","BiosphereDendrometer_",14,"2026-07-20 2:58:51","2026-07-19T19:58:51",18025,4.142724514,4105.664063,29.51000023,95.18000031,0.198817626,"UAGuest",0,"Green",1022,3061,3061,182.1289063,"false","BioR1132",2026-07-19 20:00:00,200,15.0166666666667,58,0,19,20,0,7,2026,2026-07-19 20:00:00,3046.8750004
"417643","BiosphereDendrometer_",14,"2026-07-20 3:13:52","2026-07-19T20:13:52",18026,4.137890816,4107.275391,29.37000084,94.94999695,0.206631944,"UAGuest",0,"Green",1008,3062,3062,182.6171875,"false","BioR1132",2026-07-19 20:15:00,200,15.0166666666667,13,15,19,20,0,7,2026,2026-07-19 20:15:00,3047.3632816
"417653","BiosphereDendrometer_",14,"2026-07-20 3:28:53","2026-07-19T20:28:53",18027,4.137890816,4100.830078,29.22999954,94.86000061,0.208623528,"UAGuest",0,"Green",1009,3062,3061,182.6171875,"false","BioR1132",2026-07-19 20:30:00,200,15.0166666666667,28,30,19,20,0,7,2026,2026-07-19 20:30:00,3047.3632816
"417663","BiosphereDendrometer_",14,"2026-07-20 3:43:54","2026-07-19T20:43:54",18028,4.134667873,4105.664063,29.10000038,94.83999634,0.207869932,"UAGuest",0,"Green",1009,3062,3061,182.6171875,"false","BioR1132",2026-07-19 20:45:00,200,15.0166666666667,43,45,19,20,0,7,2026,2026-07-19 20:45:00,3047.3632816
"417673","BiosphereDendrometer_",14,"2026-07-20 3:58:55","2026-07-19T20:58:55",18029,4.136279106,4102.441406,28.93000031,94.81999969,0.206635773,"UAGuest",0,"Green",1010,3061,3061,182.1289063,"false","BioR1132",2026-07-19 21:00:00,200,15.0166666666667,58,0,19,21,0,7,2026,2026-07-19 21:00:00,3046.8750004
"417683","BiosphereDendrometer_",14,"2026-07-20 4:13:56","2026-07-19T21:13:56",18030,4.137890816,4097.607422,28.79000092,94.73999786,0.208134636,"UAGuest",0,"Green",1010,3062,3061,182.6171875,"false","BioR1132",2026-07-19 21:15:00,200,15.0166666666667,13,15,19,21,0,7,2026,2026-07-19 21:15:00,3047.3632816
"417693","BiosphereDendrometer_",14,"2026-07-20 4:28:57","2026-07-19T21:28:57",18031,4.128222466,4102.441406,28.69000053,94.73999786,0.206933022,"UAGuest",0,"Green",1011,3061,3061,182.1289063,"false","BioR1132",2026-07-19 21:30:00,200,15.0166666666667,28,30,19,21,0,7,2026,2026-07-19 21:30:00,3046.8750004
"417703","BiosphereDendrometer_",14,"2026-07-20 4:43:58","2026-07-19T21:43:58",18032,4.133056641,4102.441406,28.59000015,94.61000061,0.21082212,"UAGuest",0,"Green",1012,3061,3061,182.1289063,"false","BioR1132",2026-07-19 21:45:00,200,15.0166666666667,43,45,19,21,0,7,2026,2026-07-19 21:45:00,3046.8750004
"417716","BiosphereDendrometer_",14,"2026-07-20 4:59:5","2026-07-19T21:59:5",18033,4.121777534,4087.939209,28.46999931,94.52999878,0.212467507,"UAGuest",-78,"Green",1024,3060,3061,181.640625,"false","BioR1132",2026-07-19 22:00:00,200,15.1166666666667,59,0,19,22,0,7,2026,2026-07-19 22:00:00,3046.3867191
"417723","BiosphereDendrometer_",14,"2026-07-20 5:14:16","2026-07-19T22:14:16",18034,4.134667873,4099.21875,28.35000038,94.40000153,0.216007128,"UAGuest",0,"Green",1011,3062,3061,182.6171875,"false","BioR1132",2026-07-19 22:15:00,200,15.1833333333333,14,15,19,22,0,7,2026,2026-07-19 22:15:00,3047.3632816
"417733","BiosphereDendrometer_",14,"2026-07-20 5:29:17","2026-07-19T22:29:17",18035,4.131445408,4097.607422,28.25,94.27999878,0.219357923,"UAGuest",0,"Green",1010,3061,3060,182.1289063,"false","BioR1132",2026-07-19 22:30:00,200,15.0166666666667,29,30,19,22,0,7,2026,2026-07-19 22:30:00,3046.8750004
"417743","BiosphereDendrometer_",14,"2026-07-20 5:44:18","2026-07-19T22:44:18",18036,4.131445408,4099.21875,28.14999962,94.12999725,0.223805428,"UAGuest",0,"Green",1011,3061,3060,182.1289063,"false","BioR1132",2026-07-19 22:45:00,200,15.0166666666667,44,45,19,22,0,7,2026,2026-07-19 22:45:00,3046.8750004
"417753","BiosphereDendrometer_",14,"2026-07-20 5:59:19","2026-07-19T22:59:19",18037,4.129834175,4102.441406,28.06999969,93.94000244,0.229976594,"UAGuest",0,"Green",1012,3060,3060,181.640625,"false","BioR1132",2026-07-19 23:00:00,200,15.0166666666667,59,0,19,23,0,7,2026,2026-07-19 23:00:00,3046.3867191
"417763","BiosphereDendrometer_",14,"2026-07-20 6:14:20","2026-07-19T23:14:20",18038,4.133056641,4102.441406,28.01000023,93.79000092,0.234847516,"UAGuest",0,"Green",1013,3060,3060,181.640625,"false","BioR1132",2026-07-19 23:15:00,200,15.0166666666667,14,15,19,23,0,7,2026,2026-07-19 23:15:00,3046.3867191
"417773","BiosphereDendrometer_",14,"2026-07-20 6:29:21","2026-07-19T23:29:21",18039,4.131445408,4095.99585,27.89999962,93.73999786,0.235226601,"UAGuest",0,"Green",1012,3060,3060,181.640625,"false","BioR1132",2026-07-19 23:30:00,200,15.0166666666667,29,30,19,23,0,7,2026,2026-07-19 23:30:00,3046.3867191
"417783","BiosphereDendrometer_",14,"2026-07-20 6:44:22","2026-07-19T23:44:22",18040,4.126611233,4094.384766,27.84000015,93.48000336,0.244141012,"UAGuest",0,"Green",1012,3060,3060,181.640625,"false","BioR1132",2026-07-19 23:45:00,200,15.0166666666667,44,45,19,23,0,7,2026,2026-07-19 23:45:00,3046.3867191
"417793","BiosphereDendrometer_",14,"2026-07-20 6:59:23","2026-07-19T23:59:23",18041,4.129834175,4099.21875,27.72999954,93.30999756,0.248904943,"UAGuest",0,"Green",1014,3059,3060,181.1523438,"false","BioR1132",2026-07-20,200,15.0166666666667,59,0,20,0,0,7,2026,2026-07-20,3045.8984379
"417803","BiosphereDendrometer_",14,"2026-07-20 7:14:24","2026-07-20T0:14:24",18042,4.126611233,4097.607422,27.65999985,93.16000366,0.253448129,"UAGuest",0,"Green",1013,3061,3060,182.1289063,"false","BioR1132",2026-07-20 00:15:00,201,15.0166666666667,14,15,20,0,0,7,2026,2026-07-20 00:15:00,3046.8750004
"417816","BiosphereDendrometer_",14,"2026-07-20 7:29:25","2026-07-20T0:29:25",18043,4.128222466,4095.99585,27.56999969,93.08000183,0.255068481,"UAGuest",0,"Green",1013,3061,3060,182.1289063,"false","BioR1132",2026-07-20 00:30:00,201,15.0166666666667,29,30,20,0,0,7,2026,2026-07-20 00:30:00,3046.8750004
"417823","BiosphereDendrometer_",14,"2026-07-20 7:44:26","2026-07-20T0:44:26",18044,4.123388767,4095.99585,27.52000046,92.91999817,0.260204911,"UAGuest",0,"Green",1014,3060,3060,181.640625,"false","BioR1132",2026-07-20 00:45:00,201,15.0166666666667,44,45,20,0,0,7,2026,2026-07-20 00:45:00,3046.3867191
"417833","BiosphereDendrometer_",14,"2026-07-20 7:59:27","2026-07-20T0:59:27",18045,4.126611233,4095.99585,27.38999939,92.76999664,0.263705879,"UAGuest",0,"Green",1013,3060,3060,181.640625,"false","BioR1132",2026-07-20 01:00:00,201,15.0166666666667,59,0,20,1,0,7,2026,2026-07-20 01:00:00,3046.3867191
"417843","BiosphereDendrometer_",14,"2026-07-20 8:14:28","2026-07-20T1:14:28",18046,4.126611233,4094.384766,27.35000038,92.61000061,0.26891157,"UAGuest",0,"Green",1015,3061,3060,182.1289063,"false","BioR1132",2026-07-20 01:15:00,201,15.0166666666667,14,15,20,1,0,7,2026,2026-07-20 01:15:00,3046.8750004
"417853","BiosphereDendrometer_",14,"2026-07-20 8:29:29","2026-07-20T1:29:29",18047,4.126611233,4097.607422,27.30999947,92.5,0.272276223,"UAGuest",0,"Green",1015,3061,3060,182.1289063,"false","BioR1132",2026-07-20 01:30:00,201,15.0166666666667,29,30,20,1,0,7,2026,2026-07-20 01:30:00,3046.8750004
"417863","BiosphereDendrometer_",14,"2026-07-20 8:44:30","2026-07-20T1:44:30",18048,4.128222466,4087.939209,27.23999977,92.55000305,0.26935488,"UAGuest",0,"Green",1016,3061,3060,182.1289063,"false","BioR1132",2026-07-20 01:45:00,201,15.0166666666667,44,45,20,1,0,7,2026,2026-07-20 01:45:00,3046.8750004
"417873","BiosphereDendrometer_",14,"2026-07-20 8:59:37","2026-07-20T1:59:37",18049,4.112109184,4078.271484,27.20999908,92.31999969,0.277183175,"UAGuest",-79,"Green",1012,3060,3060,181.640625,"false","BioR1132",2026-07-20 02:00:00,201,15.1166666666667,59,0,20,2,0,7,2026,2026-07-20 02:00:00,3046.3867191
"417883","BiosphereDendrometer_",14,"2026-07-20 9:14:48","2026-07-20T2:14:48",18050,4.126611233,4094.384766,27.15999985,92.5,0.269895017,"UAGuest",0,"Green",1015,3060,3060,181.640625,"false","BioR1132",2026-07-20 02:15:00,201,15.1833333333333,14,15,20,2,0,7,2026,2026-07-20 02:15:00,3046.3867191
"417893","BiosphereDendrometer_",14,"2026-07-20 9:29:49","2026-07-20T2:29:49",18051,4.120165825,4092.773438,26.92000008,92.79000092,0.255832642,"UAGuest",0,"Green",1015,3060,3060,181.640625,"false","BioR1132",2026-07-20 02:30:00,201,15.0166666666667,29,30,20,2,0,7,2026,2026-07-20 02:30:00,3046.3867191
"417903","BiosphereDendrometer_",14,"2026-07-20 9:44:50","2026-07-20T2:44:50",18052,4.120165825,4086.328125,26.70000076,92.58000183,0.259903044,"UAGuest",0,"Green",1017,3060,3060,181.640625,"false","BioR1132",2026-07-20 02:45:00,201,15.0166666666667,44,45,20,2,0,7,2026,2026-07-20 02:45:00,3046.3867191
"417916","BiosphereDendrometer_",14,"2026-07-20 9:59:51","2026-07-20T2:59:51",18053,4.125,4092.773438,26.76000023,93.36000061,0.233403519,"UAGuest",0,"Green",1016,3060,3060,181.640625,"false","BioR1132",2026-07-20 03:00:00,201,15.0166666666667,59,0,20,3,0,7,2026,2026-07-20 03:00:00,3046.3867191
"417923","BiosphereDendrometer_",14,"2026-07-20 10:14:52","2026-07-20T3:14:52",18054,4.120165825,4089.551025,26.85000038,92.58999634,0.261850893,"UAGuest",0,"Green",1017,3060,3060,181.640625,"false","BioR1132",2026-07-20 03:15:00,201,15.0166666666667,14,15,20,3,0,7,2026,2026-07-20 03:15:00,3046.3867191
"417933","BiosphereDendrometer_",14,"2026-07-20 10:29:53","2026-07-20T3:29:53",18055,4.118554592,4089.551025,26.89999962,92.54000092,0.264392793,"UAGuest",0,"Green",1017,3060,3060,181.640625,"false","BioR1132",2026-07-20 03:30:00,201,15.0166666666667,29,30,20,3,0,7,2026,2026-07-20 03:30:00,3046.3867191
"417943","BiosphereDendrometer_",14,"2026-07-20 10:44:54","2026-07-20T3:44:54",18056,4.125,4086.328125,26.84000015,92.22000122,0.27476421,"UAGuest",0,"Green",1017,3060,3059,181.640625,"false","BioR1132",2026-07-20 03:45:00,201,15.0166666666667,44,45,20,3,0,7,2026,2026-07-20 03:45:00,3046.3867191
"417953","BiosphereDendrometer_",14,"2026-07-20 10:59:55","2026-07-20T3:59:55",18057,4.116943359,4084.716797,26.76000023,91.91000366,0.284372538,"UAGuest",0,"Green",1016,3059,3060,181.1523438,"false","BioR1132",2026-07-20 04:00:00,201,15.0166666666667,59,0,20,4,0,7,2026,2026-07-20 04:00:00,3045.8984379
"417963","BiosphereDendrometer_",14,"2026-07-20 11:14:56","2026-07-20T4:14:56",18058,4.116943359,4089.551025,26.62999916,91.98999786,0.279416531,"UAGuest",0,"Green",1017,3061,3060,182.1289063,"false","BioR1132",2026-07-20 04:15:00,201,15.0166666666667,14,15,20,4,0,7,2026,2026-07-20 04:15:00,3046.8750004
"417973","BiosphereDendrometer_",14,"2026-07-20 11:29:57","2026-07-20T4:29:57",18059,4.123388767,4092.773438,26.54000092,91.80000305,0.284533232,"UAGuest",0,"Green",1017,3060,3060,181.640625,"false","BioR1132",2026-07-20 04:30:00,201,15.0166666666667,29,30,20,4,0,7,2026,2026-07-20 04:30:00,3046.3867191
"417983","BiosphereDendrometer_",14,"2026-07-20 11:44:58","2026-07-20T4:44:58",18060,4.116943359,4084.716797,26.46999931,91.94000244,0.278524876,"UAGuest",0,"Green",1017,3060,3060,181.640625,"false","BioR1132",2026-07-20 04:45:00,201,15.0166666666667,44,45,20,4,0,7,2026,2026-07-20 04:45:00,3046.3867191
"417993","BiosphereDendrometer_",14,"2026-07-20 11:59:59","2026-07-20T4:59:59",18061,4.121777534,4083.105469,26.39999962,91.83999634,0.280820161,"UAGuest",0,"Green",1019,3060,3059,181.640625,"false","BioR1132",2026-07-20 05:00:00,201,15.0166666666667,59,0,20,5,0,7,2026,2026-07-20 05:00:00,3046.3867191
"418003","BiosphereDendrometer_",14,"2026-07-20 12:15:0","2026-07-20T5:15:0",18062,4.121777534,4083.105469,26.14999962,92.13999939,0.266536057,"UAGuest",0,"Green",1019,3060,3059,181.640625,"false","BioR1132",2026-07-20 05:15:00,201,15.0166666666667,15,15,20,5,0,7,2026,2026-07-20 05:15:00,3046.3867191
"418016","BiosphereDendrometer_",14,"2026-07-20 12:30:1","2026-07-20T5:30:1",18063,4.113720894,4081.494385,25.92000008,91.81999969,0.273642629,"UAGuest",0,"Green",1018,3060,3060,181.640625,"false","BioR1132",2026-07-20 05:30:00,201,15.0166666666667,30,30,20,5,0,7,2026,2026-07-20 05:30:00,3046.3867191
"418023","BiosphereDendrometer_",14,"2026-07-20 12:45:2","2026-07-20T5:45:2",18064,4.115332127,4084.716797,25.78000069,91.98999786,0.265744865,"UAGuest",0,"Green",1020,3060,3059,181.640625,"false","BioR1132",2026-07-20 05:45:00,201,15.0166666666667,45,45,20,5,0,7,2026,2026-07-20 05:45:00,3046.3867191
"418033","BiosphereDendrometer_",14,"2026-07-20 13:0:9","2026-07-20T6:0:9",18065,4.063769341,4079.882568,25.68000031,91.38999939,0.283963799,"UAGuest",-78,"Green",1018,3060,3060,181.640625,"false","BioR1132",2026-07-20 06:00:00,201,15.1166666666667,0,0,20,6,0,7,2026,2026-07-20 06:00:00,3046.3867191
"418043","BiosphereDendrometer_",14,"2026-07-20 13:15:20","2026-07-20T6:15:20",18066,4.125,4079.882568,25.64999962,91.44999695,0.281484127,"UAGuest",0,"Green",1020,3061,3059,182.1289063,"false","BioR1132",2026-07-20 06:15:00,201,15.1833333333333,15,15,20,6,0,7,2026,2026-07-20 06:15:00,3046.8750004
"418053","BiosphereDendrometer_",14,"2026-07-20 13:30:21","2026-07-20T6:30:21",18067,4.113720894,4083.105469,25.73999977,91.40000153,0.284643918,"UAGuest",0,"Green",1020,3060,3059,181.640625,"false","BioR1132",2026-07-20 06:30:00,201,15.0166666666667,30,30,20,6,0,7,2026,2026-07-20 06:30:00,3046.3867191
"418063","BiosphereDendrometer_",14,"2026-07-20 13:45:22","2026-07-20T6:45:22",18068,4.116943359,4083.105469,25.90999985,91.58999634,0.281170458,"UAGuest",0,"Green",1019,3060,3060,181.640625,"false","BioR1132",2026-07-20 06:45:00,201,15.0166666666667,45,45,20,6,0,7,2026,2026-07-20 06:45:00,3046.3867191
"418073","BiosphereDendrometer_",14,"2026-07-20 14:0:23","2026-07-20T7:0:23",18069,4.113720894,4076.660156,26.01000023,91.77999878,0.276447982,"UAGuest",0,"Green",1020,3061,3060,182.1289063,"false","BioR1132",2026-07-20 07:00:00,201,15.0166666666667,0,0,20,7,0,7,2026,2026-07-20 07:00:00,3046.8750004
"418083","BiosphereDendrometer_",14,"2026-07-20 14:15:24","2026-07-20T7:15:24",18070,4.115332127,4081.494385,26.03000069,92.06999969,0.267010361,"UAGuest",0,"Green",1019,3059,3060,181.1523438,"false","BioR1132",2026-07-20 07:15:00,201,15.0166666666667,15,15,20,7,0,7,2026,2026-07-20 07:15:00,3045.8984379
"418093","BiosphereDendrometer_",14,"2026-07-20 14:30:25","2026-07-20T7:30:25",18071,4.112109184,4079.882568,26.12999916,92.09999847,0.267576307,"UAGuest",0,"Green",1019,3059,3060,181.1523438,"false","BioR1132",2026-07-20 07:30:00,201,15.0166666666667,30,30,20,7,0,7,2026,2026-07-20 07:30:00,3045.8984379
"418106","BiosphereDendrometer_",14,"2026-07-20 14:45:26","2026-07-20T7:45:26",18072,4.112109184,4079.882568,26.5,92.19999695,0.270017028,"UAGuest",0,"Green",1017,3061,3060,182.1289063,"false","BioR1132",2026-07-20 07:45:00,201,15.0166666666667,45,45,20,7,0,7,2026,2026-07-20 07:45:00,3046.8750004
"418116","BiosphereDendrometer_",14,"2026-07-20 15:0:27","2026-07-20T8:0:27",18073,4.113720894,4078.271484,26.70000076,92.87999725,0.249394953,"UAGuest",0,"Green",1019,3061,3060,182.1289063,"false","BioR1132",2026-07-20 08:00:00,201,15.0166666666667,0,0,20,8,0,7,2026,2026-07-20 08:00:00,3046.8750004
"418123","BiosphereDendrometer_",14,"2026-07-20 15:15:28","2026-07-20T8:15:28",18074,4.115332127,4079.882568,26.36000061,93.56999969,0.220762417,"UAGuest",0,"Green",1018,3061,3060,182.1289063,"false","BioR1132",2026-07-20 08:15:00,201,15.0166666666667,15,15,20,8,0,7,2026,2026-07-20 08:15:00,3046.8750004
"418133","BiosphereDendrometer_",14,"2026-07-20 15:30:29","2026-07-20T8:30:29",18075,4.112109184,4078.271484,26.73999977,94.75,0.184326693,"UAGuest",0,"Green",1017,3061,3060,182.1289063,"false","BioR1132",2026-07-20 08:30:00,201,15.0166666666667,30,30,20,8,0,7,2026,2026-07-20 08:30:00,3046.8750004
"418143","BiosphereDendrometer_",14,"2026-07-20 15:45:30","2026-07-20T8:45:30",18076,4.115332127,4078.271484,27.04999924,94.66999817,0.190572694,"UAGuest",0,"Green",1015,3061,3060,182.1289063,"false","BioR1132",2026-07-20 08:45:00,201,15.0166666666667,45,45,20,8,0,7,2026,2026-07-20 08:45:00,3046.8750004
"418153","BiosphereDendrometer_",14,"2026-07-20 16:0:31","2026-07-20T9:0:31",18077,4.110497952,4071.825928,27.28000069,94.61000061,0.195332602,"UAGuest",0,"Green",1015,3062,3061,182.6171875,"false","BioR1132",2026-07-20 09:00:00,201,15.0166666666667,0,0,20,9,0,7,2026,2026-07-20 09:00:00,3047.3632816
"418163","BiosphereDendrometer_",14,"2026-07-20 16:15:32","2026-07-20T9:15:32",18078,4.113720894,4075.048828,27.01000023,94.11000061,0.210101768,"UAGuest",0,"Green",1017,3061,3061,182.1289063,"false","BioR1132",2026-07-20 09:15:00,201,15.0166666666667,15,15,20,9,0,7,2026,2026-07-20 09:15:00,3046.8750004
"418173","BiosphereDendrometer_",14,"2026-07-20 16:30:33","2026-07-20T9:30:33",18079,4.110497952,4075.048828,27.11000061,94.62000275,0.193038195,"UAGuest",0,"Green",1017,3062,3062,182.6171875,"false","BioR1132",2026-07-20 09:30:00,201,15.0166666666667,30,30,20,9,0,7,2026,2026-07-20 09:30:00,3047.3632816
"418183","BiosphereDendrometer_",14,"2026-07-20 16:45:34","2026-07-20T9:45:34",18080,4.112109184,4075.048828,27.23999977,94.75,0.189813972,"UAGuest",0,"Green",1016,3063,3062,183.1054688,"false","BioR1132",2026-07-20 09:45:00,201,15.0166666666667,45,45,20,9,0,7,2026,2026-07-20 09:45:00,3047.8515629
"418193","BiosphereDendrometer_",14,"2026-07-20 17:0:41","2026-07-20T10:0:41",18081,4.092773438,4063.769287,27.38999939,94.98999786,0.182733998,"UAGuest",-72,"Green",1015,3063,3062,183.1054688,"false","BioR1132",2026-07-20 10:00:00,201,15.1166666666667,0,0,20,10,0,7,2026,2026-07-20 10:00:00,3047.8515629
