dt,individual,canopy,period,Obs#,Time,Date,configName,configAuthor,remark,Observation,...12,...13,gsw,gbw,gtw,E_apparent,VPcham,VPref,VPleaf,VPDleaf,H2O_r,H2O_s,H2O_leaf,leaf_area,leaf_width,flashID,Fo,Fm,Fv/Fm,Fs,Fm',PhiPS2,PS2/1,abs,ETR,TRANS,rh_s,rh_r,Tref,Tmeas,Tleaf,P_atm,flow,flow_s,leak_pct,Qamb,batt,match_time,match_date,rh_adj,type,gsw1sec,gsw2sec,gsw4sec,flr1sec,flr2sec,flr4sec,auto,flow_set,gsw_limit,gsw_period,aw,Bla,Blb,Blc,Bld,Ble,chamber,dark,flash_type,flash_intensity,modrate,flr_limit,flr_period,P1_dur,P2_dur,P3_dur,P1_Fmax,P2_ramp,P2_slp,P3_Fmax,P3_Pred,P3_DeltaF,v_humA,v_humB,v_flowIn,v_flowOut,v_temp,v_irt,v_pres,v_par,v_F,i_LED,b_rhr,m_rhr,span_rhr,b_rhs,m_rhs,span_rhs,z_flowIn,z_flowOut,z_quantum,z_flr,flashId,lciSerNum,lcpSerNum,lcfSerNum,lcrhSerNum,version,configUpdatedAt,MEASUREMENT_HEADER_END
2026-06-23T14:38:58Z,1,lower,morning,1,07:38:58,2026-06-23,Auto gsw+F,LI-COR Default,NA,2,NA,NA,-0.11688,2.5131,-0.122581,-0.67419,2.769468,2.791134,3.241617,0.472149,31.413473,31.169628,36.48354,0.441786,7.5,PSF-01793_20260623073858_152,0,0,0,202.519653,659.34668,0.692848,0.5,0.8,0.769225,1,86.38,87.05,25.14,25.32,25.32,88.85,118.3,118.5,-0.1,3,4.123,10:53:48,2026-06-23,-1.05,1,-0.002,-0.004,-0.01,0.013,0.063,-0.729,1,150,0.005,2,0.058905,0,0.02923,0,0,-6.8e-5,standard,0,mpf,7000,500,5,2,300,300,300,659.34668,25,1.287599,657.584656,661.192078,-3.607422,2.594336,2.559639,1.377464,0.852428,0.271211,0.003681,0.057342,0.109001,202.519653,3.87e-4,2.449094,1.8e-5,1,2.418127,-1e-6,1,0.602037,0.600124,0.106561,0,PSF-01793_20260623073858_152,PFA-01559,PSA-01670,PSF-01793,RHS-2569,3.0.0,2024-07-09T18:52:43.055Z,MEASUREMENT_END
2026-06-23T14:38:58Z,1,lower,morning,PSF-01793_20260623073858_152,07:38:58,2026-06-23,PFA-01559,PSA-01670,PSF-01793,0,0,0,659.34668,202.519653,0.692848,9.460841,NA,0,0.01,0.02,0.03,0.04,0.05,0.06,0.07,0.080000,0.09,0.1,0.11,0.12,0.13,0.14,0.15,0.16,0.17,0.18,0.19,0.2,0.21,0.22,0.23,0.24,0.25,0.26,0.27,0.28,0.29,0.300000,0.310000,0.32,0.33,0.34,0.35,0.36,0.37,0.38,0.39,0.4,0.41,0.42,0.43,0.44,0.45,0.46,0.47,0.48,0.49,0.500000,0.51,0.520000,0.53,0.54,0.55,0.56,0.57,0.58,0.59,0.6,0.61,0.62,0.63,0.64,0.65,0.66,0.67,0.68,0.69,0.7,0.71,0.72,0.73,0.74,0.75,0.76,0.77,0.78,0.79,0.8,0.81,0.82,0.83,0.839999,0.849999,0.859999,0.869999,0.879999,0.889999,FLR,451.086761,595.059875,"627.817139,641.244263,647.829651,651.501404,653.833496,655.395996,656.471741,657.232788,657.842896,658.180115,658.463745,658.709045,658.877502,659.019104,659.112122,659.177551,659.234375,659.273743,659.346680,659.305237,659.293762,659.280151,659.241943,659.212952,659.186462,659.137146,659.091003,659.028381,659.025574,659.122803,659.053467,659.184692,659.122803,659.252258,659.179688,659.225830,659.197937,659.274109,659.377075,659.305908,659.369202,659.300232,659.344543,659.403931,659.470459,659.490479,659.559143,659.511230,659.581299,659.563416,659.560913,659.575928,659.615967,659.609192,659.563049,659.605652,659.595276,659.618835,657.522095,657.584656,657.542480,657.461304,657.350037,657.261353,657.172668,657.055725,656.983826,656.891602,656.859741,656.730286,656.645508,656.555786,656.498535,656.386230,656.339050,656.239990,656.159180,656.075806,656.043274,655.916687,655.817627,655.742554,655.645630,655.560486,655.491089,655.398132,655.316956,655.218933,PAR,6977.404297,6977.404297,6977.404297,6977.404297,6977.404297,6977.404297,6977.404297,6977.404297,6977.404297,6977.404297,6977.404297,6977.404297,6977.404297,6977.404297,6977.404297,6977.404297,6977.404297,6977.404297,6977.404297,6977.404297,6977.404297,6977.404297,6977.404297,6977.404297,6977.404297,6977.404297,6977.404297,6977.404297,6977.404297,6977.404297,6919.270508,6861.136719,6803.002441,6744.868652,6686.734863,6628.601074,6570.466797,6512.333008,6454.199219,6396.064941,6337.931152,6279.797363,6221.663574,6163.529297,6105.395508,6047.261719,5989.127441,5930.993652,5872.859863,5814.726074,5756.591797,5698.458008,5640.324219,5582.189941,5524.056152,5465.922363,5407.788086,5349.654297,5291.520508,5233.386719,6977.404297,6977.404297,6977.404297,6977.404297,6977.404297,6977.404297,6977.404297,6977.404297,6977.404297,6977.404297,6977.404297,6977.404297,6977.404297,6977.404297,6977.404297,6977.404297,6977.404297,6977.404297,6977.404297,6977.404297,6977.404297,6977.404297,6977.404297,6977.404297,6977.404297,6977.404297,6977.404297,6977.404297,6977.404297,6977.404297,PHASE,1,1,1,1,1,1,1,1,1,1,1,1,1,1,1,1,1,1,1,1,1,1,1,1,1,1,1,1,1,1,2,2,2,2,2,2,2,2,2,2,2,2,2,2,2,2,2,2,2,2,2,2,2,2,2,2,2,2,2,2,3,3,3,3,3,3,3,3,3,3,3,3,3,3,3,3,3,3,3,3,3,3,3,3,3,3,3,3,3,3,FLASH_END"
2026-06-23T14:39:21Z,1,lower,morning,2,07:39:21,2026-06-23,Auto gsw+F,LI-COR Default,NA,3,NA,NA,-0.099358,2.488487,-0.103491,-0.587022,2.78141,2.800569,3.268192,0.486782,31.522587,31.306944,36.786049,0.441786,7.5,PSF-01793_20260623073921_c45,0,0,0,163.474564,669.335266,0.755766,0.5,0.8,0.700726,1,86.17,86.76,25.25,25.46,25.46,88.84,116.5,117.1,-0.5,2,4.121,10:53:48,2026-06-23,-1.05,1,-0.003,-0.005,-0.01,0.723,1.503,3.081,1,150,0.005,2,0.058905,0,0.02923,0,0,-6.8e-5,standard,0,mpf,7000,500,5,2,300,300,300,669.335266,25,0.137827,665.350586,669.532776,-4.18219,2.593877,2.559313,1.363056,0.84899,0.269996,0.003954,0.06008,0.108599,163.474564,3.76e-4,2.449094,1.8e-5,1,2.418127,-1e-6,1,0.602037,0.600124,0.106561,0,PSF-01793_20260623073921_c45,PFA-01559,PSA-01670,PSF-01793,RHS-2569,3.0.0,2024-07-09T18:52:43.055Z,MEASUREMENT_END
2026-06-23T14:39:21Z,1,lower,morning,PSF-01793_20260623073921_c45,07:39:21,2026-06-23,PFA-01559,PSA-01670,PSF-01793,0,0,0,669.335266,163.474564,0.755766,9.003182,NA,0,0.01,0.02,0.03,0.04,0.05,0.06,0.07,0.080000,0.09,0.1,0.11,0.12,0.13,0.14,0.15,0.16,0.17,0.18,0.19,0.2,0.21,0.22,0.23,0.24,0.25,0.26,0.27,0.28,0.29,0.300000,0.310000,0.32,0.33,0.34,0.35,0.36,0.37,0.38,0.39,0.4,0.41,0.42,0.43,0.44,0.45,0.46,0.47,0.48,0.49,0.500000,0.51,0.520000,0.53,0.54,0.55,0.56,0.57,0.58,0.59,0.6,0.61,0.62,0.63,0.64,0.65,0.66,0.67,0.68,0.69,0.7,0.71,0.72,0.73,0.74,0.75,0.76,0.77,0.78,0.79,0.8,0.81,0.82,0.83,0.839999,0.849999,0.859999,0.869999,0.879999,0.889999,FLR,413.369904,587.623718,"636.597656,652.926941,659.501892,662.796387,664.741516,666.021118,666.915161,667.528503,668.074585,668.417908,668.707947,668.905396,669.058105,669.178955,669.268372,669.321655,669.335266,669.329163,669.319153,669.231506,669.153198,669.064514,668.994812,668.909302,668.807739,668.698303,668.595337,668.461182,668.396484,668.488037,668.367859,668.522705,668.425110,668.577454,668.447266,668.515930,668.397888,668.501587,668.659302,668.471558,668.582825,668.485901,668.591370,668.641418,668.517334,668.578491,668.627136,668.550598,668.661133,668.634277,668.520203,668.590332,668.554199,668.542358,668.479797,668.493408,668.476196,668.446899,665.350586,665.337341,665.214661,665.060181,664.894592,664.711121,664.529114,664.379578,664.233337,664.066650,663.963318,663.834229,663.676880,663.545593,663.394348,663.220886,663.074280,662.882568,662.724487,662.532837,662.418701,662.190552,662.031799,661.859741,661.686646,661.474915,661.236023,661.036865,660.788269,660.578735,PAR,6977.404297,6977.404297,6977.404297,6977.404297,6977.404297,6977.404297,6977.404297,6977.404297,6977.404297,6977.404297,6977.404297,6977.404297,6977.404297,6977.404297,6977.404297,6977.404297,6977.404297,6977.404297,6977.404297,6977.404297,6977.404297,6977.404297,6977.404297,6977.404297,6977.404297,6977.404297,6977.404297,6977.404297,6977.404297,6977.404297,6919.270508,6861.136719,6803.002441,6744.868652,6686.734863,6628.601074,6570.466797,6512.333008,6454.199219,6396.064941,6337.931152,6279.797363,6221.663574,6163.529297,6105.395508,6047.261719,5989.127441,5930.993652,5872.859863,5814.726074,5756.591797,5698.458008,5640.324219,5582.189941,5524.056152,5465.922363,5407.788086,5349.654297,5291.520508,5233.386719,6977.404297,6977.404297,6977.404297,6977.404297,6977.404297,6977.404297,6977.404297,6977.404297,6977.404297,6977.404297,6977.404297,6977.404297,6977.404297,6977.404297,6977.404297,6977.404297,6977.404297,6977.404297,6977.404297,6977.404297,6977.404297,6977.404297,6977.404297,6977.404297,6977.404297,6977.404297,6977.404297,6977.404297,6977.404297,6977.404297,PHASE,1,1,1,1,1,1,1,1,1,1,1,1,1,1,1,1,1,1,1,1,1,1,1,1,1,1,1,1,1,1,2,2,2,2,2,2,2,2,2,2,2,2,2,2,2,2,2,2,2,2,2,2,2,2,2,2,2,2,2,2,3,3,3,3,3,3,3,3,3,3,3,3,3,3,3,3,3,3,3,3,3,3,3,3,3,3,3,3,3,3,FLASH_END"
2026-06-23T14:39:42Z,1,lower,morning,3,07:39:42,2026-06-23,Auto gsw+F,LI-COR Default,NA,4,NA,NA,-0.125536,2.466376,-0.132268,-0.778628,2.791235,2.817004,3.296324,0.505089,31.706947,31.416904,37.101959,0.441786,7.5,PSF-01793_20260623073942_2d6,0,0,0,189.5392,710.912964,0.733386,0.5,0.8,0.823541,1,85.91,86.7,25.36,25.61,25.61,88.85,114.9,115.3,-0.4,3,4.118,10:53:48,2026-06-23,-1.05,1,-0.003,-0.002,-0.009,1.409,2.865,5.613,1,150,0.005,2,0.058905,0,0.02923,0,0,-6.8e-5,standard,0,mpf,7000,500,5,2,300,300,300,703.358887,25,-6.01363,697.772034,702.29425,-4.522217,2.593774,2.558908,1.350397,0.844797,0.268815,0.004339,0.062627,0.109029,189.5392,3.82e-4,2.449094,1.8e-5,1,2.418127,-1e-6,1,0.602037,0.600124,0.106561,0,PSF-01793_20260623073942_2d6,PFA-01559,PSA-01670,PSF-01793,RHS-2569,3.0.0,2024-07-09T18:52:43.055Z,MEASUREMENT_END
2026-06-23T14:39:42Z,1,lower,morning,PSF-01793_20260623073942_2d6,07:39:42,2026-06-23,PFA-01559,PSA-01670,PSF-01793,0,0,0,710.912964,189.5392,0.733386,9.492572,NA,0,0.01,0.02,0.03,0.04,0.05,0.06,0.07,0.080000,0.09,0.1,0.11,0.12,0.13,0.14,0.15,0.16,0.17,0.18,0.19,0.2,0.21,0.22,0.23,0.24,0.25,0.26,0.27,0.28,0.29,0.300000,0.310000,0.32,0.33,0.34,0.35,0.36,0.37,0.38,0.39,0.4,0.41,0.42,0.43,0.44,0.45,0.46,0.47,0.48,0.49,0.500000,0.51,0.520000,0.53,0.54,0.55,0.56,0.57,0.58,0.59,0.6,0.61,0.62,0.63,0.64,0.65,0.66,0.67,0.68,0.69,0.7,0.71,0.72,0.73,0.74,0.75,0.76,0.77,0.78,0.79,0.8,0.81,0.82,0.83,0.839999,0.849999,0.859999,0.869999,0.879999,0.889999,FLR,463.117371,634.266235,"676.244629,689.925293,695.433167,698.142883,699.721802,700.737488,701.475952,701.989868,702.432983,702.692261,702.931519,703.086365,703.226562,703.298828,703.358887,703.356750,703.327087,703.284119,703.263733,703.142883,703.063843,702.927917,702.830688,702.676880,702.621460,702.497009,702.305298,702.143311,702.023499,702.071411,701.887939,701.967346,701.797485,701.861145,701.687317,701.688416,701.541809,701.517822,701.571106,701.374023,701.352600,701.215637,701.177368,701.067566,700.959900,700.891968,700.801147,700.683472,700.613403,700.486450,700.325134,700.211060,699.996094,699.845215,699.712158,699.562317,699.374573,699.154968,697.772034,697.667969,697.513123,697.316772,697.111145,696.908325,696.722046,696.544312,696.374390,696.189880,696.062927,695.845459,695.664185,695.521118,695.321228,695.147766,694.980713,694.807312,694.635620,694.472534,694.324158,694.148193,693.980469,693.785889,693.625671,693.449707,693.300598,693.114624,692.941528,692.757385,PAR,6977.404297,6977.404297,6977.404297,6977.404297,6977.404297,6977.404297,6977.404297,6977.404297,6977.404297,6977.404297,6977.404297,6977.404297,6977.404297,6977.404297,6977.404297,6977.404297,6977.404297,6977.404297,6977.404297,6977.404297,6977.404297,6977.404297,6977.404297,6977.404297,6977.404297,6977.404297,6977.404297,6977.404297,6977.404297,6977.404297,6919.270508,6861.136719,6803.002441,6744.868652,6686.734863,6628.601074,6570.466797,6512.333008,6454.199219,6396.064941,6337.931152,6279.797363,6221.663574,6163.529297,6105.395508,6047.261719,5989.127441,5930.993652,5872.859863,5814.726074,5756.591797,5698.458008,5640.324219,5582.189941,5524.056152,5465.922363,5407.788086,5349.654297,5291.520508,5233.386719,6977.404297,6977.404297,6977.404297,6977.404297,6977.404297,6977.404297,6977.404297,6977.404297,6977.404297,6977.404297,6977.404297,6977.404297,6977.404297,6977.404297,6977.404297,6977.404297,6977.404297,6977.404297,6977.404297,6977.404297,6977.404297,6977.404297,6977.404297,6977.404297,6977.404297,6977.404297,6977.404297,6977.404297,6977.404297,6977.404297,PHASE,1,1,1,1,1,1,1,1,1,1,1,1,1,1,1,1,1,1,1,1,1,1,1,1,1,1,1,1,1,1,2,2,2,2,2,2,2,2,2,2,2,2,2,2,2,2,2,2,2,2,2,2,2,2,2,2,2,2,2,2,3,3,3,3,3,3,3,3,3,3,3,3,3,3,3,3,3,3,3,3,3,3,3,3,3,3,3,3,3,3,FLASH_END"
2026-06-23T14:41:44Z,2,lower,morning,4,07:41:44,2026-06-23,Auto gsw+F,LI-COR Default,NA,5,NA,NA,-0.023275,2.389983,-0.023504,-0.105496,3.077296,3.080947,3.461268,0.383972,34.689297,34.648186,38.971439,0.441786,7.5,PSF-01793_20260623074144_5c2,0,0,0,223.311783,712.745728,0.686688,0.5,0.8,0.388727,1,90.61,90.72,26.11,26.43,26.43,88.82,109.4,109.6,-0.2,1,4.116,07:41:25,2026-06-23,-0.39,1,-0.001,-0.001,-0.012,1.167,3.225,7.737,1,150,0.005,2,0.058905,0,0.02923,0,0,-6.8e-5,standard,0,mpf,7000,500,5,2,300,300,300,706.3526,25,-5.150394,701.105103,705.364197,-4.259094,2.599955,2.56495,1.308563,0.831517,0.260934,0.005173,0.07774,0.107805,223.311783,3.83e-4,2.449094,1.8e-5,1,2.418127,-1e-6,1,0.602037,0.600124,0.106561,0,PSF-01793_20260623074144_5c2,PFA-01559,PSA-01670,PSF-01793,RHS-2569,3.0.0,2024-07-09T18:52:43.055Z,MEASUREMENT_END
2026-06-23T14:41:44Z,2,lower,morning,PSF-01793_20260623074144_5c2,07:41:44,2026-06-23,PFA-01559,PSA-01670,PSF-01793,0,0,0,712.745728,223.311783,0.686688,8.100475,NA,0,0.01,0.02,0.03,0.04,0.05,0.06,0.07,0.080000,0.09,0.1,0.11,0.12,0.13,0.14,0.15,0.16,0.17,0.18,0.19,0.2,0.21,0.22,0.23,0.24,0.25,0.26,0.27,0.28,0.29,0.300000,0.310000,0.32,0.33,0.34,0.35,0.36,0.37,0.38,0.39,0.4,0.41,0.42,0.43,0.44,0.45,0.46,0.47,0.48,0.49,0.500000,0.51,0.520000,0.53,0.54,0.55,0.56,0.57,0.58,0.59,0.6,0.61,0.62,0.63,0.64,0.65,0.66,0.67,0.68,0.69,0.7,0.71,0.72,0.73,0.74,0.75,0.76,0.77,0.78,0.79,0.8,0.81,0.82,0.83,0.839999,0.849999,0.859999,0.869999,0.879999,0.889999,FLR,507.267609,663.780945,"688.803406,696.280029,699.715759,701.733826,703.145020,704.113464,704.822998,705.315491,705.739990,705.919495,706.090454,706.236694,706.293213,706.342957,706.352600,706.318237,706.279968,706.238525,706.214539,706.093689,706.000671,705.913086,705.806824,705.680237,705.557556,705.400208,705.261475,705.127380,705.055115,705.113037,704.951050,705.050476,704.904175,704.980347,704.855896,704.858093,704.715698,704.744690,704.769043,704.600220,704.601990,704.473633,704.467529,704.385254,704.261902,704.191833,704.121338,703.984741,703.973633,703.809143,703.707581,703.562378,703.421814,703.265930,703.153259,702.971558,702.783081,702.589661,701.105103,700.973145,700.820068,700.632324,700.405945,700.218933,700.037231,699.867004,699.711060,699.525146,699.429993,699.171448,699.060913,698.902466,698.723328,698.556641,698.385010,698.224792,698.052734,697.912231,697.796692,697.575317,697.411194,697.277771,697.096497,696.920898,696.748840,696.581116,696.435547,696.281067,PAR,6977.404297,6977.404297,6977.404297,6977.404297,6977.404297,6977.404297,6977.404297,6977.404297,6977.404297,6977.404297,6977.404297,6977.404297,6977.404297,6977.404297,6977.404297,6977.404297,6977.404297,6977.404297,6977.404297,6977.404297,6977.404297,6977.404297,6977.404297,6977.404297,6977.404297,6977.404297,6977.404297,6977.404297,6977.404297,6977.404297,6919.270508,6861.136719,6803.002441,6744.868652,6686.734863,6628.601074,6570.466797,6512.333008,6454.199219,6396.064941,6337.931152,6279.797363,6221.663574,6163.529297,6105.395508,6047.261719,5989.127441,5930.993652,5872.859863,5814.726074,5756.591797,5698.458008,5640.324219,5582.189941,5524.056152,5465.922363,5407.788086,5349.654297,5291.520508,5233.386719,6977.404297,6977.404297,6977.404297,6977.404297,6977.404297,6977.404297,6977.404297,6977.404297,6977.404297,6977.404297,6977.404297,6977.404297,6977.404297,6977.404297,6977.404297,6977.404297,6977.404297,6977.404297,6977.404297,6977.404297,6977.404297,6977.404297,6977.404297,6977.404297,6977.404297,6977.404297,6977.404297,6977.404297,6977.404297,6977.404297,PHASE,1,1,1,1,1,1,1,1,1,1,1,1,1,1,1,1,1,1,1,1,1,1,1,1,1,1,1,1,1,1,2,2,2,2,2,2,2,2,2,2,2,2,2,2,2,2,2,2,2,2,2,2,2,2,2,2,2,2,2,2,3,3,3,3,3,3,3,3,3,3,3,3,3,3,3,3,3,3,3,3,3,3,3,3,3,3,3,3,3,3,FLASH_END"
2026-06-23T14:41:55Z,2,lower,morning,5,07:41:55,2026-06-23,Auto gsw+F,LI-COR Default,NA,6,NA,NA,-0.013781,2.379683,-0.013861,-0.0775,3.084229,3.086929,3.562256,0.478026,34.755177,34.724785,40.106796,0.441786,7.5,PSF-01793_20260623074155_fdc,0,0,0,135.766983,633.087036,0.785548,0.5,0.8,1.062478,1,90.5,90.58,26.17,26.92,26.92,88.82,108.7,108.8,-0,3,4.116,07:41:25,2026-06-23,-0.39,1,-0.004,-0.005,-9999,0.874,1.687,-9999,1,150,0.005,2,0.058905,0,0.02923,0,0,-6.8e-5,standard,0,mpf,7000,500,5,2,300,300,300,630.92926,25,-1.523356,628.08075,630.903748,-2.822998,2.599729,2.564771,1.303132,0.829519,0.260319,0.010189,0.07894,0.109534,135.766983,3.87e-4,2.449094,1.8e-5,1,2.418127,-1e-6,1,0.602037,0.600124,0.106561,0,PSF-01793_20260623074155_fdc,PFA-01559,PSA-01670,PSF-01793,RHS-2569,3.0.0,2024-07-09T18:52:43.055Z,MEASUREMENT_END
2026-06-23T14:41:55Z,2,lower,morning,PSF-01793_20260623074155_fdc,07:41:55,2026-06-23,PFA-01559,PSA-01670,PSF-01793,0,0,0,633.087036,135.766983,0.785548,10.066578,NA,0,0.01,0.02,0.03,0.04,0.05,0.06,0.07,0.080000,0.09,0.1,0.11,0.12,0.13,0.14,0.15,0.16,0.17,0.18,0.19,0.2,0.21,0.22,0.23,0.24,0.25,0.26,0.27,0.28,0.29,0.300000,0.310000,0.32,0.33,0.34,0.35,0.36,0.37,0.38,0.39,0.4,0.41,0.42,0.43,0.44,0.45,0.46,0.47,0.48,0.49,0.500000,0.51,0.520000,0.53,0.54,0.55,0.56,0.57,0.58,0.59,0.6,0.61,0.62,0.63,0.64,0.65,0.66,0.67,0.68,0.69,0.7,0.71,0.72,0.73,0.74,0.75,0.76,0.77,0.78,0.79,0.8,0.81,0.82,0.83,0.839999,0.849999,0.859999,0.869999,0.879999,0.889999,FLR,344.495056,533.886536,"594.690430,613.773132,620.245117,623.102173,624.784119,625.980042,626.949524,627.694458,628.363953,628.849243,629.278442,629.631775,629.924988,630.148193,630.346985,630.516174,630.629517,630.738953,630.863770,630.869507,630.907410,630.929260,630.926025,630.902405,630.894897,630.882019,630.825867,630.769714,630.762573,630.809448,630.741821,630.868103,630.767944,630.845886,630.766174,630.794739,630.708191,630.752197,630.809082,630.666748,630.686401,630.613464,630.588745,630.630249,630.523315,630.545166,630.536926,630.440002,630.514038,630.458252,630.360229,630.342346,630.329468,630.313416,630.207520,630.208984,630.137817,630.151367,627.984863,628.080750,628.006348,627.889771,627.749939,627.615479,627.509949,627.382263,627.275330,627.157715,627.058289,626.901245,626.799683,626.679871,626.565796,626.457458,626.347290,626.212830,626.142761,626.039734,625.968933,625.826233,625.703552,625.583069,625.485779,625.345215,625.251160,625.139954,625.024414,624.920715,PAR,6977.404297,6977.404297,6977.404297,6977.404297,6977.404297,6977.404297,6977.404297,6977.404297,6977.404297,6977.404297,6977.404297,6977.404297,6977.404297,6977.404297,6977.404297,6977.404297,6977.404297,6977.404297,6977.404297,6977.404297,6977.404297,6977.404297,6977.404297,6977.404297,6977.404297,6977.404297,6977.404297,6977.404297,6977.404297,6977.404297,6919.270508,6861.136719,6803.002441,6744.868652,6686.734863,6628.601074,6570.466797,6512.333008,6454.199219,6396.064941,6337.931152,6279.797363,6221.663574,6163.529297,6105.395508,6047.261719,5989.127441,5930.993652,5872.859863,5814.726074,5756.591797,5698.458008,5640.324219,5582.189941,5524.056152,5465.922363,5407.788086,5349.654297,5291.520508,5233.386719,6977.404297,6977.404297,6977.404297,6977.404297,6977.404297,6977.404297,6977.404297,6977.404297,6977.404297,6977.404297,6977.404297,6977.404297,6977.404297,6977.404297,6977.404297,6977.404297,6977.404297,6977.404297,6977.404297,6977.404297,6977.404297,6977.404297,6977.404297,6977.404297,6977.404297,6977.404297,6977.404297,6977.404297,6977.404297,6977.404297,PHASE,1,1,1,1,1,1,1,1,1,1,1,1,1,1,1,1,1,1,1,1,1,1,1,1,1,1,1,1,1,1,2,2,2,2,2,2,2,2,2,2,2,2,2,2,2,2,2,2,2,2,2,2,2,2,2,2,2,2,2,2,3,3,3,3,3,3,3,3,3,3,3,3,3,3,3,3,3,3,3,3,3,3,3,3,3,3,3,3,3,3,FLASH_END"
2026-06-23T14:42:08Z,2,lower,morning,6,07:42:08,2026-06-23,Auto gsw+F,LI-COR Default,NA,7,NA,NA,0.016367,2.359861,0.016254,0.100263,3.104779,3.101243,3.631885,0.527106,34.915363,34.95517,40.889591,0.441786,7.5,PSF-01793_20260623074208_755,0,0,0,143.897293,633.792419,0.772958,0.5,0.8,0.958915,1,90.67,90.56,26.25,27.25,27.25,88.82,107.4,107.4,-0,3,4.115,07:41:25,2026-06-23,-0.39,1,-0.001,-0.004,-9999,0.934,1.92,-9999,1,150,0.005,2,0.058905,0,0.02923,0,0,-6.8e-5,standard,0,mpf,7000,500,5,2,300,300,300,633.792419,25,3.851915,631.211426,639.312988,-8.101562,2.599703,2.565022,1.292812,0.826369,0.259483,0.013114,0.080452,0.109288,143.897293,3.82e-4,2.449094,1.8e-5,1,2.418127,-1e-6,1,0.602037,0.600124,0.106561,0,PSF-01793_20260623074208_755,PFA-01559,PSA-01670,PSF-01793,RHS-2569,3.0.0,2024-07-09T18:52:43.055Z,MEASUREMENT_END
2026-06-23T14:42:08Z,2,lower,morning,PSF-01793_20260623074208_755,07:42:08,2026-06-23,PFA-01559,PSA-01670,PSF-01793,0,0,0,633.792419,143.897293,0.772958,9.786695,NA,0,0.01,0.02,0.03,0.04,0.05,0.06,0.07,0.080000,0.09,0.1,0.11,0.12,0.13,0.14,0.15,0.16,0.17,0.18,0.19,0.2,0.21,0.22,0.23,0.24,0.25,0.26,0.27,0.28,0.29,0.300000,0.310000,0.32,0.33,0.34,0.35,0.36,0.37,0.38,0.39,0.4,0.41,0.42,0.43,0.44,0.45,0.46,0.47,0.48,0.49,0.500000,0.51,0.520000,0.53,0.54,0.55,0.56,0.57,0.58,0.59,0.6,0.61,0.62,0.63,0.64,0.65,0.66,0.67,0.68,0.69,0.7,0.71,0.72,0.73,0.74,0.75,0.76,0.77,0.78,0.79,0.8,0.81,0.82,0.83,0.839999,0.849999,0.859999,0.869999,0.879999,0.889999,FLR,370.668060,558.521362,"608.737000,622.037537,626.654480,628.905762,630.282654,631.222473,631.917725,632.408386,632.831787,633.063171,633.291382,633.442993,633.544556,633.643616,633.681885,633.733398,633.728394,633.743042,633.792419,633.731934,633.694763,633.656128,633.635376,633.584961,633.535278,633.430481,633.378601,633.304260,633.294922,633.470520,633.384705,633.616089,633.508057,633.797791,633.708740,633.857849,633.802795,633.950806,634.174316,634.055237,634.219788,634.126770,634.252319,634.388184,634.336365,634.451172,634.578491,634.528381,634.698975,634.777649,634.655334,634.795532,634.898193,634.969727,634.913940,635.010132,635.078064,635.131348,631.211426,631.208557,631.085876,630.926392,630.803345,630.637024,630.525452,630.396729,630.268677,630.158875,630.084900,629.916443,629.824158,629.700073,629.593140,629.482300,629.351013,629.208679,629.101746,628.988403,628.901123,628.725159,628.603577,628.476624,628.340027,628.237366,628.091797,627.927307,627.830017,627.679443,PAR,6977.404297,6977.404297,6977.404297,6977.404297,6977.404297,6977.404297,6977.404297,6977.404297,6977.404297,6977.404297,6977.404297,6977.404297,6977.404297,6977.404297,6977.404297,6977.404297,6977.404297,6977.404297,6977.404297,6977.404297,6977.404297,6977.404297,6977.404297,6977.404297,6977.404297,6977.404297,6977.404297,6977.404297,6977.404297,6977.404297,6919.270508,6861.136719,6803.002441,6744.868652,6686.734863,6628.601074,6570.466797,6512.333008,6454.199219,6396.064941,6337.931152,6279.797363,6221.663574,6163.529297,6105.395508,6047.261719,5989.127441,5930.993652,5872.859863,5814.726074,5756.591797,5698.458008,5640.324219,5582.189941,5524.056152,5465.922363,5407.788086,5349.654297,5291.520508,5233.386719,6977.404297,6977.404297,6977.404297,6977.404297,6977.404297,6977.404297,6977.404297,6977.404297,6977.404297,6977.404297,6977.404297,6977.404297,6977.404297,6977.404297,6977.404297,6977.404297,6977.404297,6977.404297,6977.404297,6977.404297,6977.404297,6977.404297,6977.404297,6977.404297,6977.404297,6977.404297,6977.404297,6977.404297,6977.404297,6977.404297,PHASE,1,1,1,1,1,1,1,1,1,1,1,1,1,1,1,1,1,1,1,1,1,1,1,1,1,1,1,1,1,1,2,2,2,2,2,2,2,2,2,2,2,2,2,2,2,2,2,2,2,2,2,2,2,2,2,2,2,2,2,2,3,3,3,3,3,3,3,3,3,3,3,3,3,3,3,3,3,3,3,3,3,3,3,3,3,3,3,3,3,3,FLASH_END"
2026-06-23T14:42:32Z,2,upper,morning,7,07:42:32,2026-06-23,Auto gsw+F,LI-COR Default,NA,8,NA,NA,0.200559,2.327461,0.184648,1.195196,3.147754,3.104769,3.700315,0.552561,34.967548,35.451668,41.6749,0.441786,7.5,PSF-01793_20260623074232_8dc,0,0,0,128.524658,609.071045,0.788983,0.5,0.8,1.79276,1,91.16,89.91,26.39,27.57,27.57,88.79,105.2,105.6,-0.4,6,4.108,07:41:25,2026-06-23,-0.39,1,-0.001,-0.002,-9999,0.67,1.78,-9999,1,150,0.005,2,0.058905,0,0.02923,0,0,-6.8e-5,standard,0,mpf,7000,500,5,2,300,300,300,609.071045,25,0.442499,609.661438,609.705261,-0.043823,2.598669,2.56576,1.276298,0.822105,0.258024,0.015203,0.083245,0.111555,128.524658,3.91e-4,2.449094,1.8e-5,1,2.418127,-1e-6,1,0.602037,0.600124,0.106561,0,PSF-01793_20260623074232_8dc,PFA-01559,PSA-01670,PSF-01793,RHS-2569,3.0.0,2024-07-09T18:52:43.055Z,MEASUREMENT_END
2026-06-23T14:42:32Z,2,upper,morning,PSF-01793_20260623074232_8dc,07:42:32,2026-06-23,PFA-01559,PSA-01670,PSF-01793,0,0,0,609.071045,128.524658,0.788983,12.365857,NA,0,0.01,0.02,0.03,0.04,0.05,0.06,0.07,0.080000,0.09,0.1,0.11,0.12,0.13,0.14,0.15,0.16,0.17,0.18,0.19,0.2,0.21,0.22,0.23,0.24,0.25,0.26,0.27,0.28,0.29,0.300000,0.310000,0.32,0.33,0.34,0.35,0.36,0.37,0.38,0.39,0.4,0.41,0.42,0.43,0.44,0.45,0.46,0.47,0.48,0.49,0.500000,0.51,0.520000,0.53,0.54,0.55,0.56,0.57,0.58,0.59,0.6,0.61,0.62,0.63,0.64,0.65,0.66,0.67,0.68,0.69,0.7,0.71,0.72,0.73,0.74,0.75,0.76,0.77,0.78,0.79,0.8,0.81,0.82,0.83,0.839999,0.849999,0.859999,0.869999,0.879999,0.889999,FLR,324.859863,503.778564,"564.316406,588.796753,598.765625,603.254944,605.543762,606.799011,607.568237,608.018188,608.384033,608.574646,608.718384,608.813904,608.888245,608.967285,608.997681,609.026672,609.023071,609.029175,609.071045,609.012695,608.982666,608.950134,608.940125,608.936523,608.908630,608.873596,608.833923,608.801025,608.818176,608.901855,608.837830,608.871460,608.789185,608.849304,608.799194,608.826782,608.796387,608.806030,608.877563,608.805664,608.875366,608.835327,608.896851,608.891846,608.853210,608.887207,608.869690,608.842163,608.916504,608.909729,608.941223,608.949036,608.953735,608.952637,608.968384,609.014526,609.029541,609.077454,608.435852,608.879700,608.989136,608.985168,608.966919,608.930115,608.958008,608.988770,608.994507,609.025574,609.060669,609.059570,609.097473,609.151855,609.175415,609.211182,609.243042,609.282349,609.333862,609.364624,609.421509,609.399658,609.416870,609.439758,609.459045,609.478699,609.534485,609.575989,609.618164,609.661438,PAR,6977.404297,6977.404297,6977.404297,6977.404297,6977.404297,6977.404297,6977.404297,6977.404297,6977.404297,6977.404297,6977.404297,6977.404297,6977.404297,6977.404297,6977.404297,6977.404297,6977.404297,6977.404297,6977.404297,6977.404297,6977.404297,6977.404297,6977.404297,6977.404297,6977.404297,6977.404297,6977.404297,6977.404297,6977.404297,6977.404297,6919.270508,6861.136719,6803.002441,6744.868652,6686.734863,6628.601074,6570.466797,6512.333008,6454.199219,6396.064941,6337.931152,6279.797363,6221.663574,6163.529297,6105.395508,6047.261719,5989.127441,5930.993652,5872.859863,5814.726074,5756.591797,5698.458008,5640.324219,5582.189941,5524.056152,5465.922363,5407.788086,5349.654297,5291.520508,5233.386719,6977.404297,6977.404297,6977.404297,6977.404297,6977.404297,6977.404297,6977.404297,6977.404297,6977.404297,6977.404297,6977.404297,6977.404297,6977.404297,6977.404297,6977.404297,6977.404297,6977.404297,6977.404297,6977.404297,6977.404297,6977.404297,6977.404297,6977.404297,6977.404297,6977.404297,6977.404297,6977.404297,6977.404297,6977.404297,6977.404297,PHASE,1,1,1,1,1,1,1,1,1,1,1,1,1,1,1,1,1,1,1,1,1,1,1,1,1,1,1,1,1,1,2,2,2,2,2,2,2,2,2,2,2,2,2,2,2,2,2,2,2,2,2,2,2,2,2,2,2,2,2,2,3,3,3,3,3,3,3,3,3,3,3,3,3,3,3,3,3,3,3,3,3,3,3,3,3,3,3,3,3,3,FLASH_END"
2026-06-23T14:42:42Z,2,upper,morning,8,07:42:42,2026-06-23,Auto gsw+F,LI-COR Default,NA,9,NA,NA,0.105546,2.317804,0.100949,0.691053,3.129316,3.104305,3.713713,0.584396,34.962128,35.24382,41.825565,0.441786,7.5,PSF-01793_20260623074242_6d9,0,0,0,121.463654,538.413757,0.774405,0.5,0.8,2.142087,1,90.32,89.6,26.45,27.63,27.63,88.79,104.6,104.7,-0.1,7,4.091,07:41:25,2026-06-23,-0.39,1,0.004,0.003,-9999,-0.029,0.195,-9999,1,150,0.005,2,0.058905,0,0.02923,0,0,-6.8e-5,standard,0,mpf,7000,500,5,2,300,300,300,537.713196,25,-0.29379,539.111145,537.992676,1.118469,2.598178,2.564476,1.271459,0.820035,0.25745,0.015271,0.084254,0.11264,121.463654,3.85e-4,2.449094,1.8e-5,1,2.418127,-1e-6,1,0.602037,0.600124,0.106561,0,PSF-01793_20260623074242_6d9,PFA-01559,PSA-01670,PSF-01793,RHS-2569,3.0.0,2024-07-09T18:52:43.055Z,MEASUREMENT_END
2026-06-23T14:42:42Z,2,upper,morning,PSF-01793_20260623074242_6d9,07:42:42,2026-06-23,PFA-01559,PSA-01670,PSF-01793,0,0,0,538.413757,121.463654,0.774405,13.600519,NA,0,0.01,0.02,0.03,0.04,0.05,0.06,0.07,0.080000,0.09,0.1,0.11,0.12,0.13,0.14,0.15,0.16,0.17,0.18,0.19,0.2,0.21,0.22,0.23,0.24,0.25,0.26,0.27,0.28,0.29,0.300000,0.310000,0.32,0.33,0.34,0.35,0.36,0.37,0.38,0.39,0.4,0.41,0.42,0.43,0.44,0.45,0.46,0.47,0.48,0.49,0.500000,0.51,0.520000,0.53,0.54,0.55,0.56,0.57,0.58,0.59,0.6,0.61,0.62,0.63,0.64,0.65,0.66,0.67,0.68,0.69,0.7,0.71,0.72,0.73,0.74,0.75,0.76,0.77,0.78,0.79,0.8,0.81,0.82,0.83,0.839999,0.849999,0.859999,0.869999,0.879999,0.889999,FLR,292.292480,452.840912,"499.310364,515.118591,522.707092,527.315125,530.367859,532.401672,533.739563,534.637573,535.277039,535.654663,535.924316,536.166077,536.347046,536.518677,536.659973,536.781921,536.884521,537.029724,537.147766,537.202820,537.273315,537.366272,537.430664,537.486816,537.549377,537.587646,537.649170,537.713196,537.811157,537.834412,537.853699,537.892700,537.896301,537.920593,537.977844,537.978882,537.999634,538.010010,538.020386,538.009277,538.026794,538.044312,538.035400,538.026428,538.038269,538.000000,537.965271,537.977844,538.017517,537.928467,537.971741,537.935608,537.875183,537.829773,537.835144,537.799744,537.713196,537.582642,538.463806,539.028503,539.111145,539.073242,538.955566,538.803955,538.629395,538.421631,538.161255,537.834045,537.552612,537.156677,536.786560,536.433594,536.112427,535.843506,535.593506,535.369263,535.170105,534.931519,534.772034,534.536377,534.391174,534.229858,534.068237,533.882996,533.725952,533.543945,533.378357,533.178101,PAR,6977.404297,6977.404297,6977.404297,6977.404297,6977.404297,6977.404297,6977.404297,6977.404297,6977.404297,6977.404297,6977.404297,6977.404297,6977.404297,6977.404297,6977.404297,6977.404297,6977.404297,6977.404297,6977.404297,6977.404297,6977.404297,6977.404297,6977.404297,6977.404297,6977.404297,6977.404297,6977.404297,6977.404297,6977.404297,6977.404297,6919.270508,6861.136719,6803.002441,6744.868652,6686.734863,6628.601074,6570.466797,6512.333008,6454.199219,6396.064941,6337.931152,6279.797363,6221.663574,6163.529297,6105.395508,6047.261719,5989.127441,5930.993652,5872.859863,5814.726074,5756.591797,5698.458008,5640.324219,5582.189941,5524.056152,5465.922363,5407.788086,5349.654297,5291.520508,5233.386719,6977.404297,6977.404297,6977.404297,6977.404297,6977.404297,6977.404297,6977.404297,6977.404297,6977.404297,6977.404297,6977.404297,6977.404297,6977.404297,6977.404297,6977.404297,6977.404297,6977.404297,6977.404297,6977.404297,6977.404297,6977.404297,6977.404297,6977.404297,6977.404297,6977.404297,6977.404297,6977.404297,6977.404297,6977.404297,6977.404297,PHASE,1,1,1,1,1,1,1,1,1,1,1,1,1,1,1,1,1,1,1,1,1,1,1,1,1,1,1,1,1,1,2,2,2,2,2,2,2,2,2,2,2,2,2,2,2,2,2,2,2,2,2,2,2,2,2,2,2,2,2,2,3,3,3,3,3,3,3,3,3,3,3,3,3,3,3,3,3,3,3,3,3,3,3,3,3,3,3,3,3,3,FLASH_END"
2026-06-23T14:42:55Z,2,upper,morning,9,07:42:55,2026-06-23,Auto gsw+F,LI-COR Default,NA,10,NA,NA,0.118548,2.301654,0.112741,0.798704,3.129433,3.100227,3.734173,0.60474000000000006,34.914829,35.243752,42.05434,0.441786,7.5,PSF-01793_20260623074255_44a,0,0,0,126.432892,563.056824,0.775453,0.5,0.8,3.260579,1,89.89,89.05,26.53,27.72,27.72,88.79,103.5,103.9,-0.4,11,4.112,07:41:25,2026-06-23,-0.39,1,0,0.001,-9999,0.234,0.721,-9999,1,150,0.005,2,0.058905,0,0.02923,0,0,-6.8e-5,standard,0,mpf,7000,500,5,2,300,300,300,563.056824,25,0.725408,563.587158,564.096497,-0.509338,2.597311,2.563805,1.263447,0.818294,0.256611,0.015414,0.085688,0.115802,126.432892,3.93e-4,2.449094,1.8e-5,1,2.418127,-1e-6,1,0.602037,0.600124,0.106561,0,PSF-01793_20260623074255_44a,PFA-01559,PSA-01670,PSF-01793,RHS-2569,3.0.0,2024-07-09T18:52:43.055Z,MEASUREMENT_END
2026-06-23T14:42:55Z,2,upper,morning,PSF-01793_20260623074255_44a,07:42:55,2026-06-23,PFA-01559,PSA-01670,PSF-01793,0,0,0,563.056824,126.432892,0.775453,17.197107,NA,0,0.01,0.02,0.03,0.04,0.05,0.06,0.07,0.080000,0.09,0.1,0.11,0.12,0.13,0.14,0.15,0.16,0.17,0.18,0.19,0.2,0.21,0.22,0.23,0.24,0.25,0.26,0.27,0.28,0.29,0.300000,0.310000,0.32,0.33,0.34,0.35,0.36,0.37,0.38,0.39,0.4,0.41,0.42,0.43,0.44,0.45,0.46,0.47,0.48,0.49,0.500000,0.51,0.520000,0.53,0.54,0.55,0.56,0.57,0.58,0.59,0.6,0.61,0.62,0.63,0.64,0.65,0.66,0.67,0.68,0.69,0.7,0.71,0.72,0.73,0.74,0.75,0.76,0.77,0.78,0.79,0.8,0.81,0.82,0.83,0.839999,0.849999,0.859999,0.869999,0.879999,0.889999,FLR,316.510681,489.009247,"529.243835,540.601013,546.160706,550.007690,553.008179,555.305603,557.059753,558.401917,559.450500,560.173279,560.754089,561.233276,561.576599,561.846985,562.000366,562.208862,562.351929,562.498596,562.652710,562.671997,562.765381,562.807922,562.869812,562.920593,562.954529,562.992432,563.031433,563.056824,563.120117,563.159851,563.180237,563.246704,563.252808,563.365112,563.363647,563.435181,563.433777,563.486328,563.559265,563.564331,563.597229,563.623657,563.631165,563.681274,563.707703,563.667664,563.671570,563.625793,563.683411,563.617920,563.649048,563.674805,563.631165,563.578247,563.548584,563.521362,563.451294,563.380127,563.192749,563.573242,563.587158,563.493835,563.396545,563.309692,563.205627,563.095825,562.973877,562.914124,562.870850,562.760681,562.657349,562.574036,562.511780,562.392334,562.301514,562.183838,562.045105,561.916687,561.827637,561.644897,561.533325,561.429993,561.286194,561.166077,561.037292,560.853455,560.697571,560.523010,PAR,6977.404297,6977.404297,6977.404297,6977.404297,6977.404297,6977.404297,6977.404297,6977.404297,6977.404297,6977.404297,6977.404297,6977.404297,6977.404297,6977.404297,6977.404297,6977.404297,6977.404297,6977.404297,6977.404297,6977.404297,6977.404297,6977.404297,6977.404297,6977.404297,6977.404297,6977.404297,6977.404297,6977.404297,6977.404297,6977.404297,6919.270508,6861.136719,6803.002441,6744.868652,6686.734863,6628.601074,6570.466797,6512.333008,6454.199219,6396.064941,6337.931152,6279.797363,6221.663574,6163.529297,6105.395508,6047.261719,5989.127441,5930.993652,5872.859863,5814.726074,5756.591797,5698.458008,5640.324219,5582.189941,5524.056152,5465.922363,5407.788086,5349.654297,5291.520508,5233.386719,6977.404297,6977.404297,6977.404297,6977.404297,6977.404297,6977.404297,6977.404297,6977.404297,6977.404297,6977.404297,6977.404297,6977.404297,6977.404297,6977.404297,6977.404297,6977.404297,6977.404297,6977.404297,6977.404297,6977.404297,6977.404297,6977.404297,6977.404297,6977.404297,6977.404297,6977.404297,6977.404297,6977.404297,6977.404297,6977.404297,PHASE,1,1,1,1,1,1,1,1,1,1,1,1,1,1,1,1,1,1,1,1,1,1,1,1,1,1,1,1,1,1,2,2,2,2,2,2,2,2,2,2,2,2,2,2,2,2,2,2,2,2,2,2,2,2,2,2,2,2,2,2,3,3,3,3,3,3,3,3,3,3,3,3,3,3,3,3,3,3,3,3,3,3,3,3,3,3,3,3,3,3,FLASH_END"
2026-06-23T14:43:42Z,1,upper,morning,10,07:43:42,2026-06-23,Auto gsw+F,LI-COR Default,NA,11,NA,NA,0.081466,2.190392,0.078545,0.452259,3.125602,3.107847,3.61754,0.491939,34.995316,35.195244,40.734623,0.441786,7.5,PSF-01793_20260623074342_4bd,0,0,0,165.061356,668.008423,0.752905,0.5,0.8,1.611546,1,88.17,87.67,26.84,27.18,27.18,88.81,96.4,96,0.5,5,4.081,07:41:25,2026-06-23,-0.39,1,-0.001,-0.003,-0.011,0.65,1.345,2.742,1,150,0.005,2,0.058905,0,0.02923,0,0,-6.8e-5,standard,0,mpf,7000,500,5,2,300,300,300,653.12323,25,-11.124126,645.696411,652.065369,-6.368958,2.59513,2.56115,1.210822,0.800129,0.253504,0.005402,0.091218,0.111265,165.061356,3.89e-4,2.449094,1.8e-5,1,2.418127,-1e-6,1,0.602037,0.600124,0.106561,0,PSF-01793_20260623074342_4bd,PFA-01559,PSA-01670,PSF-01793,RHS-2569,3.0.0,2024-07-09T18:52:43.055Z,MEASUREMENT_END
2026-06-23T14:43:42Z,1,upper,morning,PSF-01793_20260623074342_4bd,07:43:42,2026-06-23,PFA-01559,PSA-01670,PSF-01793,0,0,0,668.008423,165.061356,0.752905,12.036343,NA,0,0.01,0.02,0.03,0.04,0.05,0.06,0.07,0.080000,0.09,0.1,0.11,0.12,0.13,0.14,0.15,0.16,0.17,0.18,0.19,0.2,0.21,0.22,0.23,0.24,0.25,0.26,0.27,0.28,0.29,0.300000,0.310000,0.32,0.33,0.34,0.35,0.36,0.37,0.38,0.39,0.4,0.41,0.42,0.43,0.44,0.45,0.46,0.47,0.48,0.49,0.500000,0.51,0.520000,0.53,0.54,0.55,0.56,0.57,0.58,0.59,0.6,0.61,0.62,0.63,0.64,0.65,0.66,0.67,0.68,0.69,0.7,0.71,0.72,0.73,0.74,0.75,0.76,0.77,0.78,0.79,0.8,0.81,0.82,0.83,0.839999,0.849999,0.859999,0.869999,0.879999,0.889999,FLR,401.165833,568.809265,"614.804504,630.259766,636.714966,640.414612,643.066406,645.090942,646.748901,648.056763,649.158264,649.969360,650.687805,651.265747,651.741028,652.118347,652.421936,652.741333,652.915466,653.030273,653.123230,653.104675,653.074280,653.019165,652.939087,652.816772,652.677307,652.494202,652.370483,652.170166,652.007812,651.917725,651.704529,651.640198,651.412720,651.343689,651.093750,650.952820,650.735046,650.575500,650.502930,650.217163,650.098816,649.861694,649.703979,649.563049,649.259827,649.133911,648.990845,648.762695,648.662903,648.412598,648.208374,648.067810,647.854309,647.660156,647.469543,647.307129,647.156982,646.944153,645.575195,645.696411,645.515076,645.262268,645.007629,644.801270,644.577759,644.360657,644.146790,643.933289,643.787048,643.523438,643.332458,643.139709,642.930847,642.738464,642.522461,642.341125,642.145508,641.953796,641.839722,641.592285,641.435608,641.232849,641.053345,640.865234,640.719299,640.564453,640.361694,640.204285,PAR,6977.404297,6977.404297,6977.404297,6977.404297,6977.404297,6977.404297,6977.404297,6977.404297,6977.404297,6977.404297,6977.404297,6977.404297,6977.404297,6977.404297,6977.404297,6977.404297,6977.404297,6977.404297,6977.404297,6977.404297,6977.404297,6977.404297,6977.404297,6977.404297,6977.404297,6977.404297,6977.404297,6977.404297,6977.404297,6977.404297,6919.270508,6861.136719,6803.002441,6744.868652,6686.734863,6628.601074,6570.466797,6512.333008,6454.199219,6396.064941,6337.931152,6279.797363,6221.663574,6163.529297,6105.395508,6047.261719,5989.127441,5930.993652,5872.859863,5814.726074,5756.591797,5698.458008,5640.324219,5582.189941,5524.056152,5465.922363,5407.788086,5349.654297,5291.520508,5233.386719,6977.404297,6977.404297,6977.404297,6977.404297,6977.404297,6977.404297,6977.404297,6977.404297,6977.404297,6977.404297,6977.404297,6977.404297,6977.404297,6977.404297,6977.404297,6977.404297,6977.404297,6977.404297,6977.404297,6977.404297,6977.404297,6977.404297,6977.404297,6977.404297,6977.404297,6977.404297,6977.404297,6977.404297,6977.404297,6977.404297,PHASE,1,1,1,1,1,1,1,1,1,1,1,1,1,1,1,1,1,1,1,1,1,1,1,1,1,1,1,1,1,1,2,2,2,2,2,2,2,2,2,2,2,2,2,2,2,2,2,2,2,2,2,2,2,2,2,2,2,2,2,2,3,3,3,3,3,3,3,3,3,3,3,3,3,3,3,3,3,3,3,3,3,3,3,3,3,3,3,3,3,3,FLASH_END"
2026-06-23T14:43:54Z,1,upper,morning,11,07:43:54,2026-06-23,Auto gsw+F,LI-COR Default,NA,12,NA,NA,0.058223,2.176758,0.056706,0.425906,3.122293,3.105427,3.763412,0.641119,34.970039,35.159973,42.37957,0.441786,7.5,PSF-01793_20260623074354_191,0,0,0,134.455566,609.053955,0.779239,0.5,0.8,4.076481,1,87.68,87.21,26.91,27.86,27.86,88.8,95.6,95,0.6,13,4.11,07:41:25,2026-06-23,-0.39,1,-0.001,-0.002,-9999,0.84,1.278,-9999,1,150,0.005,2,0.058905,0,0.02923,0,0,-6.8e-5,standard,0,mpf,7000,500,5,2,300,300,300,604.285583,25,-3.224437,602.466003,604.432678,-1.966675,2.594398,2.56039,1.20466,0.797889,0.252728,0.012457,0.092495,0.118058,134.455566,3.86e-4,2.449094,1.8e-5,1,2.418127,-1e-6,1,0.602037,0.600124,0.106561,0,PSF-01793_20260623074354_191,PFA-01559,PSA-01670,PSF-01793,RHS-2569,3.0.0,2024-07-09T18:52:43.055Z,MEASUREMENT_END
2026-06-23T14:43:54Z,1,upper,morning,PSF-01793_20260623074354_191,07:43:54,2026-06-23,PFA-01559,PSA-01670,PSF-01793,0,0,0,609.053955,134.455566,0.779239,19.763659,NA,0,0.01,0.02,0.03,0.04,0.05,0.06,0.07,0.080000,0.09,0.1,0.11,0.12,0.13,0.14,0.15,0.16,0.17,0.18,0.19,0.2,0.21,0.22,0.23,0.24,0.25,0.26,0.27,0.28,0.29,0.300000,0.310000,0.32,0.33,0.34,0.35,0.36,0.37,0.38,0.39,0.4,0.41,0.42,0.43,0.44,0.45,0.46,0.47,0.48,0.49,0.500000,0.51,0.520000,0.53,0.54,0.55,0.56,0.57,0.58,0.59,0.6,0.61,0.62,0.63,0.64,0.65,0.66,0.67,0.68,0.69,0.7,0.71,0.72,0.73,0.74,0.75,0.76,0.77,0.78,0.79,0.8,0.81,0.82,0.83,0.839999,0.849999,0.859999,0.869999,0.879999,0.889999,FLR,323.954346,498.685608,"559.913269,582.559326,591.872681,596.242920,598.621826,600.036255,601.016907,601.711731,602.265686,602.661987,602.988098,603.279968,603.497009,603.685486,603.866089,603.950867,604.061707,604.135376,604.246277,604.246948,604.278442,604.285583,604.273804,604.264832,604.258057,604.244812,604.220520,604.253784,604.246643,604.252686,604.192261,604.234436,604.165100,604.217651,604.135376,604.136108,604.064941,604.062805,604.067444,603.964111,603.941589,603.867554,603.846436,603.836792,603.728760,603.674438,603.624695,603.541016,603.543518,603.432983,603.309265,603.244873,603.176208,603.095764,602.995972,602.991699,602.896240,602.828247,602.081543,602.431641,602.466003,602.343689,602.212097,602.114441,602.002869,601.918823,601.814392,601.733215,601.688843,601.554016,601.483948,601.406006,601.300476,601.243591,601.141357,601.099487,601.006531,600.906738,600.895264,600.767639,600.715393,600.640320,600.588440,600.520874,600.486877,600.431824,600.381348,600.320557,PAR,6977.404297,6977.404297,6977.404297,6977.404297,6977.404297,6977.404297,6977.404297,6977.404297,6977.404297,6977.404297,6977.404297,6977.404297,6977.404297,6977.404297,6977.404297,6977.404297,6977.404297,6977.404297,6977.404297,6977.404297,6977.404297,6977.404297,6977.404297,6977.404297,6977.404297,6977.404297,6977.404297,6977.404297,6977.404297,6977.404297,6919.270508,6861.136719,6803.002441,6744.868652,6686.734863,6628.601074,6570.466797,6512.333008,6454.199219,6396.064941,6337.931152,6279.797363,6221.663574,6163.529297,6105.395508,6047.261719,5989.127441,5930.993652,5872.859863,5814.726074,5756.591797,5698.458008,5640.324219,5582.189941,5524.056152,5465.922363,5407.788086,5349.654297,5291.520508,5233.386719,6977.404297,6977.404297,6977.404297,6977.404297,6977.404297,6977.404297,6977.404297,6977.404297,6977.404297,6977.404297,6977.404297,6977.404297,6977.404297,6977.404297,6977.404297,6977.404297,6977.404297,6977.404297,6977.404297,6977.404297,6977.404297,6977.404297,6977.404297,6977.404297,6977.404297,6977.404297,6977.404297,6977.404297,6977.404297,6977.404297,PHASE,1,1,1,1,1,1,1,1,1,1,1,1,1,1,1,1,1,1,1,1,1,1,1,1,1,1,1,1,1,1,2,2,2,2,2,2,2,2,2,2,2,2,2,2,2,2,2,2,2,2,2,2,2,2,2,2,2,2,2,2,3,3,3,3,3,3,3,3,3,3,3,3,3,3,3,3,3,3,3,3,3,3,3,3,3,3,3,3,3,3,FLASH_END"
2026-06-23T14:44:08Z,1,upper,morning,12,07:44:08,2026-06-23,Auto gsw+F,LI-COR Default,NA,13,NA,NA,0.036991,2.164156,0.036369,0.260705,3.125877,3.115469,3.737848,0.611971,35.082329,35.199532,42.090748,0.441786,7.5,PSF-01793_20260623074408_99b,0,0,0,131.354568,608.742126,0.78422,0.5,0.8,7.906231,1,87.32,87.03,27,27.74,27.74,88.8,94.8,94.5,0.4,25,4.109,07:41:25,2026-06-23,-0.39,1,-0.001,-0.001,-9999,0.545,1.289,-9999,1,150,0.005,2,0.058905,0,0.02923,0,0,-6.8e-5,standard,0,mpf,7000,500,5,2,300,300,300,605.026978,25,-2.658619,604.111084,604.931824,-0.82074,2.594115,2.559833,1.199016,0.796731,0.251834,0.010018,0.093996,0.128718,131.354568,3.84e-4,2.449094,1.8e-5,1,2.418127,-1e-6,1,0.602037,0.600124,0.106561,0,PSF-01793_20260623074408_99b,PFA-01559,PSA-01670,PSF-01793,RHS-2569,3.0.0,2024-07-09T18:52:43.055Z,MEASUREMENT_END
2026-06-23T14:44:08Z,1,upper,morning,PSF-01793_20260623074408_99b,07:44:08,2026-06-23,PFA-01559,PSA-01670,PSF-01793,0,0,0,608.742126,131.354568,0.78422,31.889383,NA,0,0.01,0.02,0.03,0.04,0.05,0.06,0.07,0.080000,0.09,0.1,0.11,0.12,0.13,0.14,0.15,0.16,0.17,0.18,0.19,0.2,0.21,0.22,0.23,0.24,0.25,0.26,0.27,0.28,0.29,0.300000,0.310000,0.32,0.33,0.34,0.35,0.36,0.37,0.38,0.39,0.4,0.41,0.42,0.43,0.44,0.45,0.46,0.47,0.48,0.49,0.500000,0.51,0.520000,0.53,0.54,0.55,0.56,0.57,0.58,0.59,0.6,0.61,0.62,0.63,0.64,0.65,0.66,0.67,0.68,0.69,0.7,0.71,0.72,0.73,0.74,0.75,0.76,0.77,0.78,0.79,0.8,0.81,0.82,0.83,0.839999,0.849999,0.859999,0.869999,0.879999,0.889999,FLR,323.745850,498.563995,"558.900452,582.959167,593.278503,598.049988,600.511536,601.834045,602.674133,603.238098,603.670471,603.958374,604.203369,604.387146,604.556702,604.679016,604.753357,604.842041,604.907898,604.927185,605.026978,605.001221,605.001221,605.011963,605.010132,604.988342,604.980103,604.972595,604.918579,604.903564,604.902893,604.897156,604.814148,604.846008,604.766968,604.779846,604.704407,604.690796,604.616028,604.612122,604.609985,604.481934,604.463318,604.393250,604.328125,604.323486,604.260559,604.231567,604.172241,604.111084,604.151123,604.035950,603.974792,603.973389,603.935486,603.853210,603.832153,603.833557,603.810303,603.686218,603.353271,603.842834,603.893616,603.860352,603.800293,603.777039,603.736633,603.719482,603.708374,603.677246,603.763123,603.744873,603.706238,603.730225,603.742004,603.755615,603.775635,603.792786,603.815674,603.818176,603.891113,603.870056,603.882202,603.920471,603.936523,604.000183,604.007385,604.034546,604.097107,604.111084,PAR,6977.404297,6977.404297,6977.404297,6977.404297,6977.404297,6977.404297,6977.404297,6977.404297,6977.404297,6977.404297,6977.404297,6977.404297,6977.404297,6977.404297,6977.404297,6977.404297,6977.404297,6977.404297,6977.404297,6977.404297,6977.404297,6977.404297,6977.404297,6977.404297,6977.404297,6977.404297,6977.404297,6977.404297,6977.404297,6977.404297,6919.270508,6861.136719,6803.002441,6744.868652,6686.734863,6628.601074,6570.466797,6512.333008,6454.199219,6396.064941,6337.931152,6279.797363,6221.663574,6163.529297,6105.395508,6047.261719,5989.127441,5930.993652,5872.859863,5814.726074,5756.591797,5698.458008,5640.324219,5582.189941,5524.056152,5465.922363,5407.788086,5349.654297,5291.520508,5233.386719,6977.404297,6977.404297,6977.404297,6977.404297,6977.404297,6977.404297,6977.404297,6977.404297,6977.404297,6977.404297,6977.404297,6977.404297,6977.404297,6977.404297,6977.404297,6977.404297,6977.404297,6977.404297,6977.404297,6977.404297,6977.404297,6977.404297,6977.404297,6977.404297,6977.404297,6977.404297,6977.404297,6977.404297,6977.404297,6977.404297,PHASE,1,1,1,1,1,1,1,1,1,1,1,1,1,1,1,1,1,1,1,1,1,1,1,1,1,1,1,1,1,1,2,2,2,2,2,2,2,2,2,2,2,2,2,2,2,2,2,2,2,2,2,2,2,2,2,2,2,2,2,2,3,3,3,3,3,3,3,3,3,3,3,3,3,3,3,3,3,3,3,3,3,3,3,3,3,3,3,3,3,3,FLASH_END"
2026-06-23T14:44:57Z,3,lower,morning,13,07:44:57,2026-06-23,Auto gsw+F,LI-COR Default,NA,14,NA,NA,0.017664,2.168832,0.017521,0.099656,3.21227,3.208308,3.697728,0.485458,36.126537,36.171162,41.637566,0.441786,7.5,PSF-01793_20260623074457_e46,0,0,0,260.917419,665.63739,0.608019,0.5,0.8,1.310825,1,88.08,87.97,27.32,27.56,27.56,88.81,95.1,94.6,0.5,5,4.109,07:41:25,2026-06-23,-0.39,1,-0.002,-0.004,-0.012,0.114,0.616,1.125,1,150,0.005,2,0.058905,0,0.02923,0,0,-6.8e-5,standard,0,mpf,7000,500,5,2,300,300,300,665.63739,25,29.658293,675.699585,708.143616,-32.444031,2.595542,2.56094,1.201105,0.797134,0.248667,0.004063,0.099597,0.111299,260.917419,3.83e-4,2.449094,1.8e-5,1,2.418127,-1e-6,1,0.602037,0.600124,0.106561,0,PSF-01793_20260623074457_e46,PFA-01559,PSA-01670,PSF-01793,RHS-2569,3.0.0,2024-07-09T18:52:43.055Z,MEASUREMENT_END
2026-06-23T14:44:57Z,3,lower,morning,PSF-01793_20260623074457_e46,07:44:57,2026-06-23,PFA-01559,PSA-01670,PSF-01793,0,0,0,665.63739,260.917419,0.608019,12.074989,NA,0,0.01,0.02,0.03,0.04,0.05,0.06,0.07,0.080000,0.09,0.1,0.11,0.12,0.13,0.14,0.15,0.16,0.17,0.18,0.19,0.2,0.21,0.22,0.23,0.24,0.25,0.26,0.27,0.28,0.29,0.300000,0.310000,0.32,0.33,0.34,0.35,0.36,0.37,0.38,0.39,0.4,0.41,0.42,0.43,0.44,0.45,0.46,0.47,0.48,0.49,0.500000,0.51,0.520000,0.53,0.54,0.55,0.56,0.57,0.58,0.59,0.6,0.61,0.62,0.63,0.64,0.65,0.66,0.67,0.68,0.69,0.7,0.71,0.72,0.73,0.74,0.75,0.76,0.77,0.78,0.79,0.8,0.81,0.82,0.83,0.839999,0.849999,0.859999,0.869999,0.879999,0.889999,FLR,479.327209,575.374939,"597.718506,610.875977,620.551575,628.189819,634.430420,639.491211,643.603943,646.924500,649.667114,651.811462,653.597107,655.073425,656.351196,657.418030,658.358582,659.188293,659.930725,660.629150,661.298645,661.862610,662.421936,662.935120,663.447266,663.919678,664.412476,664.825562,665.228943,665.637390,666.073669,666.939148,667.282104,668.172241,668.478027,669.318420,669.637085,670.367737,670.663452,671.382996,672.125488,672.371887,673.051697,673.287415,673.954712,674.544434,674.796570,675.343384,675.918823,676.116943,676.720276,677.196289,677.371887,677.875427,678.317444,678.740479,678.913208,679.337036,679.700745,680.042969,673.465149,673.806641,674.055603,674.241882,674.366333,674.505859,674.614563,674.732910,674.808411,674.902771,675.042603,675.090576,675.154907,675.256104,675.324463,675.405273,675.429932,675.546143,675.588745,675.630188,675.699585,675.658081,675.681702,675.698547,675.675293,675.632690,675.590515,675.551880,675.521118,675.465698,PAR,6977.404297,6977.404297,6977.404297,6977.404297,6977.404297,6977.404297,6977.404297,6977.404297,6977.404297,6977.404297,6977.404297,6977.404297,6977.404297,6977.404297,6977.404297,6977.404297,6977.404297,6977.404297,6977.404297,6977.404297,6977.404297,6977.404297,6977.404297,6977.404297,6977.404297,6977.404297,6977.404297,6977.404297,6977.404297,6977.404297,6919.270508,6861.136719,6803.002441,6744.868652,6686.734863,6628.601074,6570.466797,6512.333008,6454.199219,6396.064941,6337.931152,6279.797363,6221.663574,6163.529297,6105.395508,6047.261719,5989.127441,5930.993652,5872.859863,5814.726074,5756.591797,5698.458008,5640.324219,5582.189941,5524.056152,5465.922363,5407.788086,5349.654297,5291.520508,5233.386719,6977.404297,6977.404297,6977.404297,6977.404297,6977.404297,6977.404297,6977.404297,6977.404297,6977.404297,6977.404297,6977.404297,6977.404297,6977.404297,6977.404297,6977.404297,6977.404297,6977.404297,6977.404297,6977.404297,6977.404297,6977.404297,6977.404297,6977.404297,6977.404297,6977.404297,6977.404297,6977.404297,6977.404297,6977.404297,6977.404297,PHASE,1,1,1,1,1,1,1,1,1,1,1,1,1,1,1,1,1,1,1,1,1,1,1,1,1,1,1,1,1,1,2,2,2,2,2,2,2,2,2,2,2,2,2,2,2,2,2,2,2,2,2,2,2,2,2,2,2,2,2,2,3,3,3,3,3,3,3,3,3,3,3,3,3,3,3,3,3,3,3,3,3,3,3,3,3,3,3,3,3,3,FLASH_END"
2026-06-23T14:45:10Z,3,lower,morning,14,07:45:10,2026-06-23,Auto gsw+F,LI-COR Default,NA,15,NA,NA,-0.0033,2.135461,-0.003305,-0.019938,3.227383,3.228193,3.74204,0.514657,36.350143,36.341022,42.136169,0.441786,7.5,PSF-01793_20260623074510_e1f,0,0,0,325.023285,803.165894,0.595322,0.5,0.8,0.903809,1,88.06,88.09,27.4,27.76,27.76,88.81,93.1,92.8,0.3,4,4.108,07:41:25,2026-06-23,-0.39,1,-0.002,-0.001,-0.004,1.484,3.163,11.973,1,150,0.005,2,0.058905,0,0.02923,0,0,-6.8e-5,standard,0,mpf,7000,500,5,2,300,300,300,778.452515,25,-16.437738,777.304199,779.607361,-2.303162,2.595722,2.560913,1.186344,0.792961,0.247856,0.005491,0.100967,0.109898,325.023285,3.94e-4,2.449094,1.8e-5,1,2.418127,-1e-6,1,0.602037,0.600124,0.106561,0,PSF-01793_20260623074510_e1f,PFA-01559,PSA-01670,PSF-01793,RHS-2569,3.0.0,2024-07-09T18:52:43.055Z,MEASUREMENT_END
2026-06-23T14:45:10Z,3,lower,morning,PSF-01793_20260623074510_e1f,07:45:10,2026-06-23,PFA-01559,PSA-01670,PSF-01793,0,0,0,803.165894,325.023285,0.595322,10.480709,NA,0,0.01,0.02,0.03,0.04,0.05,0.06,0.07,0.080000,0.09,0.1,0.11,0.12,0.13,0.14,0.15,0.16,0.17,0.18,0.19,0.2,0.21,0.22,0.23,0.24,0.25,0.26,0.27,0.28,0.29,0.300000,0.310000,0.32,0.33,0.34,0.35,0.36,0.37,0.38,0.39,0.4,0.41,0.42,0.43,0.44,0.45,0.46,0.47,0.48,0.49,0.500000,0.51,0.520000,0.53,0.54,0.55,0.56,0.57,0.58,0.59,0.6,0.61,0.62,0.63,0.64,0.65,0.66,0.67,0.68,0.69,0.7,0.71,0.72,0.73,0.74,0.75,0.76,0.77,0.78,0.79,0.8,0.81,0.82,0.83,0.839999,0.849999,0.859999,0.869999,0.879999,0.889999,FLR,613.000977,719.291565,"732.660034,741.934082,750.044373,756.852844,762.341003,766.578918,769.766113,772.122498,773.908875,775.105103,776.019958,776.723389,777.202271,777.584534,777.852051,778.060181,778.213623,778.296570,778.421387,778.417847,778.452515,778.447876,778.407104,778.411377,778.379578,778.305176,778.285156,778.232544,778.223267,778.287292,778.218628,778.284790,778.205383,778.201477,778.148865,778.020874,777.956116,777.813416,777.609924,777.521973,777.238037,777.191162,776.865723,776.499878,776.447266,776.015259,775.538940,775.508545,775.048950,774.458862,774.392700,773.824829,773.253296,772.610657,772.606018,771.946899,771.263855,770.575745,777.167542,777.285950,777.304199,777.205811,777.149292,777.061340,776.990173,776.895020,776.811340,776.755188,776.751282,776.596802,776.540283,776.442261,776.284546,776.196594,776.093628,775.983093,775.867920,775.796082,775.747803,775.576477,775.516052,775.414490,775.317566,775.285339,775.205627,775.125488,775.006042,774.875854,PAR,6977.404297,6977.404297,6977.404297,6977.404297,6977.404297,6977.404297,6977.404297,6977.404297,6977.404297,6977.404297,6977.404297,6977.404297,6977.404297,6977.404297,6977.404297,6977.404297,6977.404297,6977.404297,6977.404297,6977.404297,6977.404297,6977.404297,6977.404297,6977.404297,6977.404297,6977.404297,6977.404297,6977.404297,6977.404297,6977.404297,6919.270508,6861.136719,6803.002441,6744.868652,6686.734863,6628.601074,6570.466797,6512.333008,6454.199219,6396.064941,6337.931152,6279.797363,6221.663574,6163.529297,6105.395508,6047.261719,5989.127441,5930.993652,5872.859863,5814.726074,5756.591797,5698.458008,5640.324219,5582.189941,5524.056152,5465.922363,5407.788086,5349.654297,5291.520508,5233.386719,6977.404297,6977.404297,6977.404297,6977.404297,6977.404297,6977.404297,6977.404297,6977.404297,6977.404297,6977.404297,6977.404297,6977.404297,6977.404297,6977.404297,6977.404297,6977.404297,6977.404297,6977.404297,6977.404297,6977.404297,6977.404297,6977.404297,6977.404297,6977.404297,6977.404297,6977.404297,6977.404297,6977.404297,6977.404297,6977.404297,PHASE,1,1,1,1,1,1,1,1,1,1,1,1,1,1,1,1,1,1,1,1,1,1,1,1,1,1,1,1,1,1,2,2,2,2,2,2,2,2,2,2,2,2,2,2,2,2,2,2,2,2,2,2,2,2,2,2,2,2,2,2,3,3,3,3,3,3,3,3,3,3,3,3,3,3,3,3,3,3,3,3,3,3,3,3,3,3,3,3,3,3,FLASH_END"
2026-06-23T14:45:25Z,3,lower,morning,15,07:45:25,2026-06-23,Auto gsw+F,LI-COR Default,NA,16,NA,NA,0.009166,2.153766,0.009127,0.054147,3.244514,3.24234,3.750666,0.506153,36.507187,36.531658,42.23069,0.441786,7.5,PSF-01793_20260623074525_bca,0,0,0,251.371628,753.24176,0.66628,0.5,0.8,0.476595,1,88.03,87.97,27.5,27.8,27.8,88.81,94.2,93.8,0.4,2,4.107,07:41:25,2026-06-23,-0.39,1,-0,-0.003,-0.003,3.163,4.961,12.228,1,150,0.005,2,0.058905,0,0.02923,0,0,-6.8e-5,standard,0,mpf,7000,500,5,2,300,300,300,743.765137,25,-6.173219,741.33075,744.394287,-3.063538,2.595535,2.560851,1.194399,0.795162,0.246907,0.004808,0.102622,0.108133,251.371628,3.88e-4,2.449094,1.8e-5,1,2.418127,-1e-6,1,0.602037,0.600124,0.106561,0,PSF-01793_20260623074525_bca,PFA-01559,PSA-01670,PSF-01793,RHS-2569,3.0.0,2024-07-09T18:52:43.055Z,MEASUREMENT_END
2026-06-23T14:45:25Z,3,lower,morning,PSF-01793_20260623074525_bca,07:45:25,2026-06-23,PFA-01559,PSA-01670,PSF-01793,0,0,0,753.24176,251.371628,0.66628,8.473518,NA,0,0.01,0.02,0.03,0.04,0.05,0.06,0.07,0.080000,0.09,0.1,0.11,0.12,0.13,0.14,0.15,0.16,0.17,0.18,0.19,0.2,0.21,0.22,0.23,0.24,0.25,0.26,0.27,0.28,0.29,0.300000,0.310000,0.32,0.33,0.34,0.35,0.36,0.37,0.38,0.39,0.4,0.41,0.42,0.43,0.44,0.45,0.46,0.47,0.48,0.49,0.500000,0.51,0.520000,0.53,0.54,0.55,0.56,0.57,0.58,0.59,0.6,0.61,0.62,0.63,0.64,0.65,0.66,0.67,0.68,0.69,0.7,0.71,0.72,0.73,0.74,0.75,0.76,0.77,0.78,0.79,0.8,0.81,0.82,0.83,0.839999,0.849999,0.859999,0.869999,0.879999,0.889999,FLR,556.595581,696.747437,"716.028931,723.297729,728.040588,731.737366,734.662048,736.964478,738.744751,740.064758,741.090759,741.761658,742.323853,742.721924,743.039124,743.269470,743.446838,743.550171,743.640686,743.682861,743.753296,743.718628,743.765137,743.741516,743.707520,743.700745,743.635315,743.579163,743.546265,743.501160,743.474731,743.604187,743.535156,743.740784,743.667480,743.806580,743.747620,743.814087,743.734741,743.776550,743.848450,743.727539,743.781555,743.725037,743.655334,743.497620,743.455750,743.289490,743.128540,743.080261,742.919678,742.609619,742.597473,742.298462,741.990540,741.635803,741.591125,741.262085,740.877625,740.479248,741.330750,741.277100,741.119019,740.968811,740.820740,740.659119,740.536072,740.390198,740.226013,740.071533,739.993591,739.767578,739.611633,739.417786,739.247559,739.078430,738.926025,738.749023,738.592041,738.414307,738.272339,738.027710,737.872131,737.697266,737.502686,737.295288,737.111084,736.944458,736.750610,736.558899,PAR,6977.404297,6977.404297,6977.404297,6977.404297,6977.404297,6977.404297,6977.404297,6977.404297,6977.404297,6977.404297,6977.404297,6977.404297,6977.404297,6977.404297,6977.404297,6977.404297,6977.404297,6977.404297,6977.404297,6977.404297,6977.404297,6977.404297,6977.404297,6977.404297,6977.404297,6977.404297,6977.404297,6977.404297,6977.404297,6977.404297,6919.270508,6861.136719,6803.002441,6744.868652,6686.734863,6628.601074,6570.466797,6512.333008,6454.199219,6396.064941,6337.931152,6279.797363,6221.663574,6163.529297,6105.395508,6047.261719,5989.127441,5930.993652,5872.859863,5814.726074,5756.591797,5698.458008,5640.324219,5582.189941,5524.056152,5465.922363,5407.788086,5349.654297,5291.520508,5233.386719,6977.404297,6977.404297,6977.404297,6977.404297,6977.404297,6977.404297,6977.404297,6977.404297,6977.404297,6977.404297,6977.404297,6977.404297,6977.404297,6977.404297,6977.404297,6977.404297,6977.404297,6977.404297,6977.404297,6977.404297,6977.404297,6977.404297,6977.404297,6977.404297,6977.404297,6977.404297,6977.404297,6977.404297,6977.404297,6977.404297,PHASE,1,1,1,1,1,1,1,1,1,1,1,1,1,1,1,1,1,1,1,1,1,1,1,1,1,1,1,1,1,1,2,2,2,2,2,2,2,2,2,2,2,2,2,2,2,2,2,2,2,2,2,2,2,2,2,2,2,2,2,2,3,3,3,3,3,3,3,3,3,3,3,3,3,3,3,3,3,3,3,3,3,3,3,3,3,3,3,3,3,3,FLASH_END"
2026-06-23T14:45:45Z,3,upper,morning,16,07:45:45,2026-06-23,Auto gsw+F,LI-COR Default,NA,17,NA,NA,0.072604,2.14023,0.070222,0.470067,3.264534,3.245507,3.835248,0.570714,36.54562,36.759872,43.186329,0.441786,7.5,PSF-01793_20260623074545_010,0,0,0,141.88707,628.770081,0.774342,0.5,0.8,5.349833,1,87.96,87.45,27.62,28.18,28.18,88.81,93.4,93.1,0.3,17,4.106,07:41:25,2026-06-23,-0.39,1,-0.001,-0,-9999,0.752,1.293,-9999,1,150,0.005,2,0.058905,0,0.02923,0,0,-6.8e-5,standard,0,mpf,7000,500,5,2,300,300,300,628.082886,25,-0.362704,627.384766,628.250244,-0.865479,2.594697,2.560724,1.188433,0.793644,0.24574,0.007916,0.104737,0.121745,141.88707,3.88e-4,2.449094,1.8e-5,1,2.418127,-1e-6,1,0.602037,0.600124,0.106561,0,PSF-01793_20260623074545_010,PFA-01559,PSA-01670,PSF-01793,RHS-2569,3.0.0,2024-07-09T18:52:43.055Z,MEASUREMENT_END
2026-06-23T14:45:45Z,3,upper,morning,PSF-01793_20260623074545_010,07:45:45,2026-06-23,PFA-01559,PSA-01670,PSF-01793,0,0,0,628.770081,141.88707,0.774342,23.957441,NA,0,0.01,0.02,0.03,0.04,0.05,0.06,0.07,0.080000,0.09,0.1,0.11,0.12,0.13,0.14,0.15,0.16,0.17,0.18,0.19,0.2,0.21,0.22,0.23,0.24,0.25,0.26,0.27,0.28,0.29,0.300000,0.310000,0.32,0.33,0.34,0.35,0.36,0.37,0.38,0.39,0.4,0.41,0.42,0.43,0.44,0.45,0.46,0.47,0.48,0.49,0.500000,0.51,0.520000,0.53,0.54,0.55,0.56,0.57,0.58,0.59,0.6,0.61,0.62,0.63,0.64,0.65,0.66,0.67,0.68,0.69,0.7,0.71,0.72,0.73,0.74,0.75,0.76,0.77,0.78,0.79,0.8,0.81,0.82,0.83,0.839999,0.849999,0.859999,0.869999,0.879999,0.889999,FLR,348.692535,531.532288,"589.196533,610.055237,618.600342,622.507446,624.489807,625.553345,626.178528,626.605530,626.938110,627.124756,627.290039,627.436279,627.558960,627.651245,627.743469,627.840027,627.862244,627.927673,627.993835,627.997070,628.025635,628.049255,628.077881,628.078552,628.069275,628.082886,628.076050,628.073547,628.084290,628.144714,628.105042,628.186218,628.146545,628.259155,628.196960,628.254517,628.211975,628.243469,628.301025,628.220886,628.243103,628.209839,628.268127,628.264160,628.243103,628.240234,628.232361,628.180481,628.260620,628.157593,628.118652,628.135071,628.110046,628.066772,628.038513,628.009216,627.995972,627.940552,626.958496,627.342590,627.384766,627.331848,627.263184,627.188110,627.143005,627.098694,627.047546,627.006775,626.996033,626.922729,626.876221,626.853333,626.811890,626.776794,626.724609,626.678101,626.663452,626.628418,626.621948,626.556519,626.515015,626.500366,626.479614,626.454956,626.422424,626.385925,626.332275,626.308655,PAR,6977.404297,6977.404297,6977.404297,6977.404297,6977.404297,6977.404297,6977.404297,6977.404297,6977.404297,6977.404297,6977.404297,6977.404297,6977.404297,6977.404297,6977.404297,6977.404297,6977.404297,6977.404297,6977.404297,6977.404297,6977.404297,6977.404297,6977.404297,6977.404297,6977.404297,6977.404297,6977.404297,6977.404297,6977.404297,6977.404297,6919.270508,6861.136719,6803.002441,6744.868652,6686.734863,6628.601074,6570.466797,6512.333008,6454.199219,6396.064941,6337.931152,6279.797363,6221.663574,6163.529297,6105.395508,6047.261719,5989.127441,5930.993652,5872.859863,5814.726074,5756.591797,5698.458008,5640.324219,5582.189941,5524.056152,5465.922363,5407.788086,5349.654297,5291.520508,5233.386719,6977.404297,6977.404297,6977.404297,6977.404297,6977.404297,6977.404297,6977.404297,6977.404297,6977.404297,6977.404297,6977.404297,6977.404297,6977.404297,6977.404297,6977.404297,6977.404297,6977.404297,6977.404297,6977.404297,6977.404297,6977.404297,6977.404297,6977.404297,6977.404297,6977.404297,6977.404297,6977.404297,6977.404297,6977.404297,6977.404297,PHASE,1,1,1,1,1,1,1,1,1,1,1,1,1,1,1,1,1,1,1,1,1,1,1,1,1,1,1,1,1,1,2,2,2,2,2,2,2,2,2,2,2,2,2,2,2,2,2,2,2,2,2,2,2,2,2,2,2,2,2,2,3,3,3,3,3,3,3,3,3,3,3,3,3,3,3,3,3,3,3,3,3,3,3,3,3,3,3,3,3,3,FLASH_END"
2026-06-23T14:45:56Z,3,upper,morning,17,07:45:56,2026-06-23,Auto gsw+F,LI-COR Default,NA,18,NA,NA,0.056654,2.134931,0.05519,0.386177,3.264026,3.248341,3.860524,0.596498,36.576393,36.753014,43.469593,0.441786,7.5,PSF-01793_20260623074556_3f4,0,0,0,137.354141,627.763489,0.781201,0.5,0.8,4.16378,1,87.6,87.18,27.69,28.29,28.29,88.81,93,92.9,0.2,13,4.106,07:41:25,2026-06-23,-0.39,1,-0.001,-0.002,-9999,0.874,1.803,-9999,1,150,0.005,2,0.058905,0,0.02923,0,0,-6.8e-5,standard,0,mpf,7000,500,5,2,300,300,300,627.763489,25,0.88137,628.341797,629.026672,-0.684875,2.594269,2.560164,1.186113,0.793145,0.245082,0.008452,0.105867,0.118275,137.354141,3.79e-4,2.449094,1.8e-5,1,2.418127,-1e-6,1,0.602037,0.600124,0.106561,0,PSF-01793_20260623074556_3f4,PFA-01559,PSA-01670,PSF-01793,RHS-2569,3.0.0,2024-07-09T18:52:43.055Z,MEASUREMENT_END
2026-06-23T14:45:56Z,3,upper,morning,PSF-01793_20260623074556_3f4,07:45:56,2026-06-23,PFA-01559,PSA-01670,PSF-01793,0,0,0,627.763489,137.354141,0.781201,20.010185,NA,0,0.01,0.02,0.03,0.04,0.05,0.06,0.07,0.080000,0.09,0.1,0.11,0.12,0.13,0.14,0.15,0.16,0.17,0.18,0.19,0.2,0.21,0.22,0.23,0.24,0.25,0.26,0.27,0.28,0.29,0.300000,0.310000,0.32,0.33,0.34,0.35,0.36,0.37,0.38,0.39,0.4,0.41,0.42,0.43,0.44,0.45,0.46,0.47,0.48,0.49,0.500000,0.51,0.520000,0.53,0.54,0.55,0.56,0.57,0.58,0.59,0.6,0.61,0.62,0.63,0.64,0.65,0.66,0.67,0.68,0.69,0.7,0.71,0.72,0.73,0.74,0.75,0.76,0.77,0.78,0.79,0.8,0.81,0.82,0.83,0.839999,0.849999,0.859999,0.869999,0.879999,0.889999,FLR,339.340912,523.335083,"584.410400,607.717773,617.428406,621.813660,624.021667,625.141357,625.775452,626.209229,626.540771,626.744995,626.924500,627.081848,627.208801,627.316101,627.378723,627.474915,627.512451,627.566467,627.646912,627.643677,627.654785,627.681946,627.711304,627.717346,627.746338,627.759216,627.735596,627.763489,627.769958,627.816101,627.800720,627.872925,627.859741,627.913025,627.876526,627.903320,627.884399,627.945923,627.989502,627.904419,627.971985,627.946228,628.005981,628.008484,627.978455,628.003479,628.005615,628.054993,628.127930,628.086426,628.061035,628.135803,628.161194,628.137207,628.156921,628.186218,628.200867,628.229492,627.649048,628.112549,628.218079,628.239136,628.236633,628.243103,628.222351,628.235962,628.235596,628.242737,628.313538,628.291016,628.288147,628.296387,628.304932,628.317505,628.311035,628.312439,628.315308,628.296387,628.341797,628.297119,628.259155,628.272034,628.237732,628.235596,628.206238,628.187683,628.177612,628.121521,PAR,6977.404297,6977.404297,6977.404297,6977.404297,6977.404297,6977.404297,6977.404297,6977.404297,6977.404297,6977.404297,6977.404297,6977.404297,6977.404297,6977.404297,6977.404297,6977.404297,6977.404297,6977.404297,6977.404297,6977.404297,6977.404297,6977.404297,6977.404297,6977.404297,6977.404297,6977.404297,6977.404297,6977.404297,6977.404297,6977.404297,6919.270508,6861.136719,6803.002441,6744.868652,6686.734863,6628.601074,6570.466797,6512.333008,6454.199219,6396.064941,6337.931152,6279.797363,6221.663574,6163.529297,6105.395508,6047.261719,5989.127441,5930.993652,5872.859863,5814.726074,5756.591797,5698.458008,5640.324219,5582.189941,5524.056152,5465.922363,5407.788086,5349.654297,5291.520508,5233.386719,6977.404297,6977.404297,6977.404297,6977.404297,6977.404297,6977.404297,6977.404297,6977.404297,6977.404297,6977.404297,6977.404297,6977.404297,6977.404297,6977.404297,6977.404297,6977.404297,6977.404297,6977.404297,6977.404297,6977.404297,6977.404297,6977.404297,6977.404297,6977.404297,6977.404297,6977.404297,6977.404297,6977.404297,6977.404297,6977.404297,PHASE,1,1,1,1,1,1,1,1,1,1,1,1,1,1,1,1,1,1,1,1,1,1,1,1,1,1,1,1,1,1,2,2,2,2,2,2,2,2,2,2,2,2,2,2,2,2,2,2,2,2,2,2,2,2,2,2,2,2,2,2,3,3,3,3,3,3,3,3,3,3,3,3,3,3,3,3,3,3,3,3,3,3,3,3,3,3,3,3,3,3,FLASH_END"
2026-06-23T14:46:10Z,3,upper,morning,18,07:46:10,2026-06-23,Auto gsw+F,LI-COR Default,NA,19,NA,NA,0.049237,2.127238,0.048123,0.389981,3.271778,3.255861,3.962137,0.690359,36.662628,36.841858,44.615654,0.441786,7.5,PSF-01793_20260623074610_8ce,0,0,0,152.015808,625.103882,0.756815,0.5,0.8,5.160148,1,87.35,86.92,27.78,28.74,28.74,88.81,92.6,92.4,0.2,17,4.103,07:41:25,2026-06-23,-0.39,1,-0.001,-0.003,-9999,0.873,1.84,-9999,1,150,0.005,2,0.058905,0,0.02923,0,0,-6.8e-5,standard,0,mpf,7000,500,5,2,300,300,300,620.870972,25,-2.985053,619.875671,620.825684,-0.950012,2.593857,2.559765,1.182758,0.792093,0.244208,0.012706,0.107397,0.121546,152.015808,3.91e-4,2.449094,1.8e-5,1,2.418127,-1e-6,1,0.602037,0.600124,0.106561,0,PSF-01793_20260623074610_8ce,PFA-01559,PSA-01670,PSF-01793,RHS-2569,3.0.0,2024-07-09T18:52:43.055Z,MEASUREMENT_END
2026-06-23T14:46:10Z,3,upper,morning,PSF-01793_20260623074610_8ce,07:46:10,2026-06-23,PFA-01559,PSA-01670,PSF-01793,0,0,0,625.103882,152.015808,0.756815,23.73085,NA,0,0.01,0.02,0.03,0.04,0.05,0.06,0.07,0.080000,0.09,0.1,0.11,0.12,0.13,0.14,0.15,0.16,0.17,0.18,0.19,0.2,0.21,0.22,0.23,0.24,0.25,0.26,0.27,0.28,0.29,0.300000,0.310000,0.32,0.33,0.34,0.35,0.36,0.37,0.38,0.39,0.4,0.41,0.42,0.43,0.44,0.45,0.46,0.47,0.48,0.49,0.500000,0.51,0.520000,0.53,0.54,0.55,0.56,0.57,0.58,0.59,0.6,0.61,0.62,0.63,0.64,0.65,0.66,0.67,0.68,0.69,0.7,0.71,0.72,0.73,0.74,0.75,0.76,0.77,0.78,0.79,0.8,0.81,0.82,0.83,0.839999,0.849999,0.859999,0.869999,0.879999,0.889999,FLR,369.859802,539.953735,"582.251404,598.661560,607.048645,611.888428,614.854187,616.660950,617.843994,618.633301,619.218018,619.545959,619.863159,620.099182,620.282654,620.441101,620.541565,620.632385,620.732178,620.793335,620.858459,620.850891,620.869873,620.870972,620.867004,620.849854,620.852722,620.822693,620.808350,620.766174,620.776184,620.761169,620.683533,620.701416,620.635620,620.638855,620.561218,620.541931,620.473633,620.438599,620.447510,620.356689,620.322327,620.252625,620.168945,620.164978,620.089172,620.048035,619.980103,619.949707,619.985107,619.843811,619.746216,619.754761,619.695435,619.624634,619.578125,619.559875,619.504089,619.430786,619.249451,619.717590,619.867065,619.875671,619.828796,619.754761,619.728699,619.690796,619.656433,619.604248,619.607117,619.531250,619.492981,619.461548,619.429688,619.400024,619.377136,619.314880,619.272339,619.231201,619.235901,619.131470,619.088501,619.040588,618.966553,618.897217,618.842468,618.783813,618.734497,618.663696,PAR,6977.404297,6977.404297,6977.404297,6977.404297,6977.404297,6977.404297,6977.404297,6977.404297,6977.404297,6977.404297,6977.404297,6977.404297,6977.404297,6977.404297,6977.404297,6977.404297,6977.404297,6977.404297,6977.404297,6977.404297,6977.404297,6977.404297,6977.404297,6977.404297,6977.404297,6977.404297,6977.404297,6977.404297,6977.404297,6977.404297,6919.270508,6861.136719,6803.002441,6744.868652,6686.734863,6628.601074,6570.466797,6512.333008,6454.199219,6396.064941,6337.931152,6279.797363,6221.663574,6163.529297,6105.395508,6047.261719,5989.127441,5930.993652,5872.859863,5814.726074,5756.591797,5698.458008,5640.324219,5582.189941,5524.056152,5465.922363,5407.788086,5349.654297,5291.520508,5233.386719,6977.404297,6977.404297,6977.404297,6977.404297,6977.404297,6977.404297,6977.404297,6977.404297,6977.404297,6977.404297,6977.404297,6977.404297,6977.404297,6977.404297,6977.404297,6977.404297,6977.404297,6977.404297,6977.404297,6977.404297,6977.404297,6977.404297,6977.404297,6977.404297,6977.404297,6977.404297,6977.404297,6977.404297,6977.404297,6977.404297,PHASE,1,1,1,1,1,1,1,1,1,1,1,1,1,1,1,1,1,1,1,1,1,1,1,1,1,1,1,1,1,1,2,2,2,2,2,2,2,2,2,2,2,2,2,2,2,2,2,2,2,2,2,2,2,2,2,2,2,2,2,2,3,3,3,3,3,3,3,3,3,3,3,3,3,3,3,3,3,3,3,3,3,3,3,3,3,3,3,3,3,3,FLASH_END"
2026-06-23T14:47:32Z,4,lower,morning,19,07:47:32,2026-06-23,Auto gsw+F,LI-COR Default,NA,20,NA,NA,0.033857,2.028863,0.033301,0.188438,3.371508,3.363316,3.853637,0.482129,37.868359,37.96059,43.388992,0.441786,7.5,PSF-01793_20260623074732_5ea,0,0,0,157.109146,701.659302,0.776089,0.5,0.8,0.932742,1,87.53,87.32,28.26,28.26,28.26,88.82,86.8,86.1,0.8,3,4.073,07:41:25,2026-06-23,-0.39,1,-0,-0,-9999,2.555,4.758,-9999,1,150,0.005,2,0.058905,0,0.02923,0,0,-6.8e-5,standard,0,mpf,7000,500,5,2,300,300,300,698.559875,25,-2.843598,694.674622,697.583862,-2.909241,2.594435,2.559991,1.141314,0.778072,0.239622,0.001314,0.116499,0.109202,157.109146,3.87e-4,2.449094,1.8e-5,1,2.418127,-1e-6,1,0.602037,0.600124,0.106561,0,PSF-01793_20260623074732_5ea,PFA-01559,PSA-01670,PSF-01793,RHS-2569,3.0.0,2024-07-09T18:52:43.055Z,MEASUREMENT_END
2026-06-23T14:47:32Z,4,lower,morning,PSF-01793_20260623074732_5ea,07:47:32,2026-06-23,PFA-01559,PSA-01670,PSF-01793,0,0,0,701.659302,157.109146,0.776089,9.689874,NA,0,0.01,0.02,0.03,0.04,0.05,0.06,0.07,0.080000,0.09,0.1,0.11,0.12,0.13,0.14,0.15,0.16,0.17,0.18,0.19,0.2,0.21,0.22,0.23,0.24,0.25,0.26,0.27,0.28,0.29,0.300000,0.310000,0.32,0.33,0.34,0.35,0.36,0.37,0.38,0.39,0.4,0.41,0.42,0.43,0.44,0.45,0.46,0.47,0.48,0.49,0.500000,0.51,0.520000,0.53,0.54,0.55,0.56,0.57,0.58,0.59,0.6,0.61,0.62,0.63,0.64,0.65,0.66,0.67,0.68,0.69,0.7,0.71,0.72,0.73,0.74,0.75,0.76,0.77,0.78,0.79,0.8,0.81,0.82,0.83,0.839999,0.849999,0.859999,0.869999,0.879999,0.889999,FLR,403.114197,591.760010,"656.945923,683.087097,692.705139,696.380859,697.848938,698.352112,698.502319,698.507324,698.559875,698.468689,698.461548,698.390015,698.395752,698.358887,698.336365,698.271973,698.218018,698.158630,698.148254,698.024841,697.948364,697.908264,697.810669,697.752014,697.646118,697.534180,697.444092,697.369690,697.329651,697.352905,697.264221,697.398682,697.275635,697.372192,697.211975,697.273865,697.174805,697.206238,697.274231,697.146545,697.186951,697.124023,697.126892,697.155090,697.088623,697.079651,697.036377,696.966980,696.966980,696.846130,696.770996,696.651550,696.520691,696.362244,696.293213,696.130127,695.994629,695.828308,694.674622,694.663147,694.517273,694.333435,694.121704,693.942200,693.725830,693.534119,693.337463,693.185425,693.090332,692.875732,692.705139,692.476990,692.248840,692.072876,691.891907,691.743164,691.591492,691.418762,691.276062,691.056824,690.850830,690.664551,690.529724,690.406677,690.282227,690.161682,690.069458,689.909912,PAR,6977.404297,6977.404297,6977.404297,6977.404297,6977.404297,6977.404297,6977.404297,6977.404297,6977.404297,6977.404297,6977.404297,6977.404297,6977.404297,6977.404297,6977.404297,6977.404297,6977.404297,6977.404297,6977.404297,6977.404297,6977.404297,6977.404297,6977.404297,6977.404297,6977.404297,6977.404297,6977.404297,6977.404297,6977.404297,6977.404297,6919.270508,6861.136719,6803.002441,6744.868652,6686.734863,6628.601074,6570.466797,6512.333008,6454.199219,6396.064941,6337.931152,6279.797363,6221.663574,6163.529297,6105.395508,6047.261719,5989.127441,5930.993652,5872.859863,5814.726074,5756.591797,5698.458008,5640.324219,5582.189941,5524.056152,5465.922363,5407.788086,5349.654297,5291.520508,5233.386719,6977.404297,6977.404297,6977.404297,6977.404297,6977.404297,6977.404297,6977.404297,6977.404297,6977.404297,6977.404297,6977.404297,6977.404297,6977.404297,6977.404297,6977.404297,6977.404297,6977.404297,6977.404297,6977.404297,6977.404297,6977.404297,6977.404297,6977.404297,6977.404297,6977.404297,6977.404297,6977.404297,6977.404297,6977.404297,6977.404297,PHASE,1,1,1,1,1,1,1,1,1,1,1,1,1,1,1,1,1,1,1,1,1,1,1,1,1,1,1,1,1,1,2,2,2,2,2,2,2,2,2,2,2,2,2,2,2,2,2,2,2,2,2,2,2,2,2,2,2,2,2,2,3,3,3,3,3,3,3,3,3,3,3,3,3,3,3,3,3,3,3,3,3,3,3,3,3,3,3,3,3,3,FLASH_END"
2026-06-23T14:47:51Z,4,lower,morning,20,07:47:51,2026-06-23,Auto gsw+F,LI-COR Default,NA,21,NA,NA,0.033141,2.020061,0.032606,0.198324,3.350191,3.341518,3.868452,0.518261,37.623138,37.720795,43.556046,0.441786,7.5,PSF-01793_20260623074751_342,0,0,0,248.283142,741.486328,0.665155,0.5,0.8,0.625589,1,86.45,86.23,28.36,28.33,28.33,88.82,86.3,85.9,0.5,2,4.073,07:41:25,2026-06-23,-0.39,1,0.001,-0.001,-0,1.559,4.001,10.447,1,150,0.005,2,0.058905,0,0.02923,0,0,-6.8e-5,standard,0,mpf,7000,500,5,2,300,300,300,726.018555,25,-11.454187,719.928528,725.07019,-5.141663,2.592709,2.558321,1.13773,0.777632,0.238632,8.47e-4,0.118593,0.108628,248.283142,3.86e-4,2.449094,1.8e-5,1,2.418127,-1e-6,1,0.602037,0.600124,0.106561,0,PSF-01793_20260623074751_342,PFA-01559,PSA-01670,PSF-01793,RHS-2569,3.0.0,2024-07-09T18:52:43.055Z,MEASUREMENT_END
2026-06-23T14:47:51Z,4,lower,morning,PSF-01793_20260623074751_342,07:47:51,2026-06-23,PFA-01559,PSA-01670,PSF-01793,0,0,0,741.486328,248.283142,0.665155,9.036541,NA,0,0.01,0.02,0.03,0.04,0.05,0.06,0.07,0.080000,0.09,0.1,0.11,0.12,0.13,0.14,0.15,0.16,0.17,0.18,0.19,0.2,0.21,0.22,0.23,0.24,0.25,0.26,0.27,0.28,0.29,0.300000,0.310000,0.32,0.33,0.34,0.35,0.36,0.37,0.38,0.39,0.4,0.41,0.42,0.43,0.44,0.45,0.46,0.47,0.48,0.49,0.500000,0.51,0.520000,0.53,0.54,0.55,0.56,0.57,0.58,0.59,0.6,0.61,0.62,0.63,0.64,0.65,0.66,0.67,0.68,0.69,0.7,0.71,0.72,0.73,0.74,0.75,0.76,0.77,0.78,0.79,0.8,0.81,0.82,0.83,0.839999,0.849999,0.859999,0.869999,0.879999,0.889999,FLR,523.782104,675.434204,"707.254517,718.120667,722.328918,724.175720,725.099060,725.566528,725.811096,725.941284,726.018555,725.984924,725.945923,725.918762,725.901978,725.835449,725.799683,725.716736,725.644104,725.570068,725.496399,725.365540,725.266113,725.192444,725.077271,724.960327,724.867676,724.732178,724.617004,724.521179,724.507935,724.473267,724.334839,724.326599,724.212158,724.193237,724.025513,723.969360,723.789795,723.687500,723.619568,723.401062,723.287354,723.123535,722.914673,722.770935,722.585327,722.355713,722.126465,721.993103,721.784241,721.436279,721.328979,721.031433,720.707397,720.366577,720.219971,719.886292,719.542969,719.146362,719.928528,719.785461,719.582336,719.338074,719.067688,718.828796,718.575623,718.334229,718.077759,717.829224,717.622864,717.321411,717.062500,716.799622,716.531067,716.263184,715.992798,715.721008,715.427368,715.173828,714.927063,714.579834,714.303711,713.993286,713.694702,713.405701,713.085999,712.788086,712.471619,712.150085,PAR,6977.404297,6977.404297,6977.404297,6977.404297,6977.404297,6977.404297,6977.404297,6977.404297,6977.404297,6977.404297,6977.404297,6977.404297,6977.404297,6977.404297,6977.404297,6977.404297,6977.404297,6977.404297,6977.404297,6977.404297,6977.404297,6977.404297,6977.404297,6977.404297,6977.404297,6977.404297,6977.404297,6977.404297,6977.404297,6977.404297,6919.270508,6861.136719,6803.002441,6744.868652,6686.734863,6628.601074,6570.466797,6512.333008,6454.199219,6396.064941,6337.931152,6279.797363,6221.663574,6163.529297,6105.395508,6047.261719,5989.127441,5930.993652,5872.859863,5814.726074,5756.591797,5698.458008,5640.324219,5582.189941,5524.056152,5465.922363,5407.788086,5349.654297,5291.520508,5233.386719,6977.404297,6977.404297,6977.404297,6977.404297,6977.404297,6977.404297,6977.404297,6977.404297,6977.404297,6977.404297,6977.404297,6977.404297,6977.404297,6977.404297,6977.404297,6977.404297,6977.404297,6977.404297,6977.404297,6977.404297,6977.404297,6977.404297,6977.404297,6977.404297,6977.404297,6977.404297,6977.404297,6977.404297,6977.404297,6977.404297,PHASE,1,1,1,1,1,1,1,1,1,1,1,1,1,1,1,1,1,1,1,1,1,1,1,1,1,1,1,1,1,1,2,2,2,2,2,2,2,2,2,2,2,2,2,2,2,2,2,2,2,2,2,2,2,2,2,2,2,2,2,2,3,3,3,3,3,3,3,3,3,3,3,3,3,3,3,3,3,3,3,3,3,3,3,3,3,3,3,3,3,3,FLASH_END"
2026-06-23T14:48:01Z,4,lower,morning,21,07:48:01,2026-06-23,Auto gsw+F,LI-COR Default,NA,22,NA,NA,0.029879,2.025169,0.029445,0.18659800000000001,3.347149,3.339015,3.887092,0.539943,37.593372,37.684952,43.764065,0.441786,7.5,PSF-01793_20260623074801_c46,0,0,0,142.558334,696.573914,0.795344,0.5,0.8,1.1124830000000001,1,86.12,85.91,28.41,28.41,28.41,88.82,86.6,85.6,1.1,3,4.1,07:41:25,2026-06-23,-0.39,1,-0.003,-0.002,-9999,1.11,2.225,-9999,1,150,0.005,2,0.058905,0,0.02923,0,0,-6.8e-5,standard,0,mpf,7000,500,5,2,300,300,300,692.283142,25,-3.452941,688.412537,691.625183,-3.212646,2.592205,2.557805,1.139807,0.776969,0.238153,0.001221,0.119574,0.109635,142.558334,3.83e-4,2.449094,1.8e-5,1,2.418127,-1e-6,1,0.602037,0.600124,0.106561,0,PSF-01793_20260623074801_c46,PFA-01559,PSA-01670,PSF-01793,RHS-2569,3.0.0,2024-07-09T18:52:43.055Z,MEASUREMENT_END
2026-06-23T14:48:01Z,4,lower,morning,PSF-01793_20260623074801_c46,07:48:01,2026-06-23,PFA-01559,PSA-01670,PSF-01793,0,0,0,696.573914,142.558334,0.795344,10.182112,NA,0,0.01,0.02,0.03,0.04,0.05,0.06,0.07,0.080000,0.09,0.1,0.11,0.12,0.13,0.14,0.15,0.16,0.17,0.18,0.19,0.2,0.21,0.22,0.23,0.24,0.25,0.26,0.27,0.28,0.29,0.300000,0.310000,0.32,0.33,0.34,0.35,0.36,0.37,0.38,0.39,0.4,0.41,0.42,0.43,0.44,0.45,0.46,0.47,0.48,0.49,0.500000,0.51,0.520000,0.53,0.54,0.55,0.56,0.57,0.58,0.59,0.6,0.61,0.62,0.63,0.64,0.65,0.66,0.67,0.68,0.69,0.7,0.71,0.72,0.73,0.74,0.75,0.76,0.77,0.78,0.79,0.8,0.81,0.82,0.83,0.839999,0.849999,0.859999,0.869999,0.879999,0.889999,FLR,365.446686,575.367432,"653.852478,680.355164,688.820251,691.552490,692.283142,692.265625,692.123291,691.978088,691.947327,691.867615,691.869751,691.866516,691.912292,691.894409,691.895508,691.869019,691.852905,691.860779,691.894043,691.811829,691.768188,691.729553,691.673767,691.624756,691.521790,691.428406,691.361206,691.275330,691.232422,691.332947,691.230652,691.355835,691.241760,691.401611,691.298218,691.329712,691.204529,691.246765,691.304688,691.150879,691.178772,691.094727,691.097290,691.048279,690.958496,690.912720,690.888428,690.766479,690.794678,690.641296,690.509705,690.411316,690.300842,690.171387,690.071228,689.941406,689.812317,689.624573,688.354980,688.412537,688.302368,688.149719,687.976624,687.786316,687.624695,687.449463,687.289612,687.121521,687.009583,686.814331,686.655518,686.489197,686.355469,686.193115,686.043274,685.878784,685.729248,685.558350,685.457825,685.249329,685.110229,684.942139,684.809448,684.645630,684.526184,684.407837,684.245117,684.096680,PAR,6977.404297,6977.404297,6977.404297,6977.404297,6977.404297,6977.404297,6977.404297,6977.404297,6977.404297,6977.404297,6977.404297,6977.404297,6977.404297,6977.404297,6977.404297,6977.404297,6977.404297,6977.404297,6977.404297,6977.404297,6977.404297,6977.404297,6977.404297,6977.404297,6977.404297,6977.404297,6977.404297,6977.404297,6977.404297,6977.404297,6919.270508,6861.136719,6803.002441,6744.868652,6686.734863,6628.601074,6570.466797,6512.333008,6454.199219,6396.064941,6337.931152,6279.797363,6221.663574,6163.529297,6105.395508,6047.261719,5989.127441,5930.993652,5872.859863,5814.726074,5756.591797,5698.458008,5640.324219,5582.189941,5524.056152,5465.922363,5407.788086,5349.654297,5291.520508,5233.386719,6977.404297,6977.404297,6977.404297,6977.404297,6977.404297,6977.404297,6977.404297,6977.404297,6977.404297,6977.404297,6977.404297,6977.404297,6977.404297,6977.404297,6977.404297,6977.404297,6977.404297,6977.404297,6977.404297,6977.404297,6977.404297,6977.404297,6977.404297,6977.404297,6977.404297,6977.404297,6977.404297,6977.404297,6977.404297,6977.404297,PHASE,1,1,1,1,1,1,1,1,1,1,1,1,1,1,1,1,1,1,1,1,1,1,1,1,1,1,1,1,1,1,2,2,2,2,2,2,2,2,2,2,2,2,2,2,2,2,2,2,2,2,2,2,2,2,2,2,2,2,2,2,3,3,3,3,3,3,3,3,3,3,3,3,3,3,3,3,3,3,3,3,3,3,3,3,3,3,3,3,3,3,FLASH_END"
2026-06-23T14:48:40Z,4,upper,morning,22,07:48:40,2026-06-23,Auto gsw+F,LI-COR Default,NA,23,NA,NA,0.036656,2.005684,0.035998,0.254702,3.385839,3.3746,3.988045,0.602206,38.002571,38.129135,44.910793,0.441786,7.5,PSF-01793_20260623074840_f7f,0,0,0,148.690582,635.872742,0.766163,0.5,0.8,6.589171,1,86.11,85.82,28.61,28.85,28.85,88.8,85.5,85.4,0.2,22,4.1,07:41:25,2026-06-23,-0.39,1,-0,0.002,-9999,1.286,3.035,-9999,1,150,0.005,2,0.058905,0,0.02923,0,0,-6.8e-5,standard,0,mpf,7000,500,5,2,300,300,300,635.872742,25,2.212493,635.658508,639.043701,-3.385193,2.592047,2.557762,1.131918,0.776335,0.236277,0.004088,0.123736,0.125462,148.690582,3.86e-4,2.449094,1.8e-5,1,2.418127,-1e-6,1,0.602037,0.600124,0.106561,0,PSF-01793_20260623074840_f7f,PFA-01559,PSA-01670,PSF-01793,RHS-2569,3.0.0,2024-07-09T18:52:43.055Z,MEASUREMENT_END
2026-06-23T14:48:40Z,4,upper,morning,PSF-01793_20260623074840_f7f,07:48:40,2026-06-23,PFA-01559,PSA-01670,PSF-01793,0,0,0,635.872742,148.690582,0.766163,28.185804,NA,0,0.01,0.02,0.03,0.04,0.05,0.06,0.07,0.080000,0.09,0.1,0.11,0.12,0.13,0.14,0.15,0.16,0.17,0.18,0.19,0.2,0.21,0.22,0.23,0.24,0.25,0.26,0.27,0.28,0.29,0.300000,0.310000,0.32,0.33,0.34,0.35,0.36,0.37,0.38,0.39,0.4,0.41,0.42,0.43,0.44,0.45,0.46,0.47,0.48,0.49,0.500000,0.51,0.520000,0.53,0.54,0.55,0.56,0.57,0.58,0.59,0.6,0.61,0.62,0.63,0.64,0.65,0.66,0.67,0.68,0.69,0.7,0.71,0.72,0.73,0.74,0.75,0.76,0.77,0.78,0.79,0.8,0.81,0.82,0.83,0.839999,0.849999,0.859999,0.869999,0.879999,0.889999,FLR,373.612762,556.370605,"609.787354,626.865845,632.459900,634.246582,634.789124,635.014771,635.160706,635.284790,635.447510,635.491821,635.565186,635.656372,635.708923,635.747559,635.803345,635.803711,635.801941,635.838013,635.872742,635.837646,635.843750,635.821960,635.815491,635.792236,635.778687,635.754700,635.708557,635.696045,635.709656,635.787964,635.738953,635.858032,635.832336,635.942078,635.905273,635.977173,635.944580,636.021484,636.117004,636.032959,636.163086,636.119507,636.164917,636.254333,636.216736,636.294373,636.332642,636.334045,636.448853,636.482483,636.434570,636.524658,636.572571,636.592285,636.601929,636.679871,636.754639,636.747498,635.403503,635.658142,635.658508,635.578369,635.503662,635.446045,635.401001,635.378845,635.338440,635.290527,635.295166,635.219666,635.172485,635.120605,635.090576,635.036926,634.998657,634.955078,634.906433,634.837036,634.805542,634.704346,634.646423,634.599915,634.523743,634.410034,634.317383,634.267334,634.143921,634.094971,PAR,6977.404297,6977.404297,6977.404297,6977.404297,6977.404297,6977.404297,6977.404297,6977.404297,6977.404297,6977.404297,6977.404297,6977.404297,6977.404297,6977.404297,6977.404297,6977.404297,6977.404297,6977.404297,6977.404297,6977.404297,6977.404297,6977.404297,6977.404297,6977.404297,6977.404297,6977.404297,6977.404297,6977.404297,6977.404297,6977.404297,6919.270508,6861.136719,6803.002441,6744.868652,6686.734863,6628.601074,6570.466797,6512.333008,6454.199219,6396.064941,6337.931152,6279.797363,6221.663574,6163.529297,6105.395508,6047.261719,5989.127441,5930.993652,5872.859863,5814.726074,5756.591797,5698.458008,5640.324219,5582.189941,5524.056152,5465.922363,5407.788086,5349.654297,5291.520508,5233.386719,6977.404297,6977.404297,6977.404297,6977.404297,6977.404297,6977.404297,6977.404297,6977.404297,6977.404297,6977.404297,6977.404297,6977.404297,6977.404297,6977.404297,6977.404297,6977.404297,6977.404297,6977.404297,6977.404297,6977.404297,6977.404297,6977.404297,6977.404297,6977.404297,6977.404297,6977.404297,6977.404297,6977.404297,6977.404297,6977.404297,PHASE,1,1,1,1,1,1,1,1,1,1,1,1,1,1,1,1,1,1,1,1,1,1,1,1,1,1,1,1,1,1,2,2,2,2,2,2,2,2,2,2,2,2,2,2,2,2,2,2,2,2,2,2,2,2,2,2,2,2,2,2,3,3,3,3,3,3,3,3,3,3,3,3,3,3,3,3,3,3,3,3,3,3,3,3,3,3,3,3,3,3,FLASH_END"
2026-06-23T14:48:49Z,4,upper,morning,23,07:48:49,2026-06-23,Auto gsw+F,LI-COR Default,NA,24,NA,NA,0.033315,1.99247,0.032767,0.229263,3.39336,3.383155,3.988876,0.595516,38.096447,38.211361,44.917248,0.441786,7.5,PSF-01793_20260623074849_f22,0,0,0,143.805389,638.883423,0.774911,0.5,0.8,6.066967,1,86.05,85.79,28.66,28.86,28.86,88.81,84.8,83.7,1.2,20,4.1,07:41:25,2026-06-23,-0.39,1,-0.002,-0.002,-9999,1.143,2.296,-9999,1,150,0.005,2,0.058905,0,0.02923,0,0,-6.8e-5,standard,0,mpf,7000,500,5,2,300,300,300,634.52301,25,-3.072102,632.739563,634.480469,-1.740906,2.591994,2.557668,1.126621,0.772766,0.235813,0.003536,0.124649,0.123768,143.805389,3.85e-4,2.449094,1.8e-5,1,2.418127,-1e-6,1,0.602037,0.600124,0.106561,0,PSF-01793_20260623074849_f22,PFA-01559,PSA-01670,PSF-01793,RHS-2569,3.0.0,2024-07-09T18:52:43.055Z,MEASUREMENT_END
2026-06-23T14:48:49Z,4,upper,morning,PSF-01793_20260623074849_f22,07:48:49,2026-06-23,PFA-01559,PSA-01670,PSF-01793,0,0,0,638.883423,143.805389,0.774911,26.258348,NA,0,0.01,0.02,0.03,0.04,0.05,0.06,0.07,0.080000,0.09,0.1,0.11,0.12,0.13,0.14,0.15,0.16,0.17,0.18,0.19,0.2,0.21,0.22,0.23,0.24,0.25,0.26,0.27,0.28,0.29,0.300000,0.310000,0.32,0.33,0.34,0.35,0.36,0.37,0.38,0.39,0.4,0.41,0.42,0.43,0.44,0.45,0.46,0.47,0.48,0.49,0.500000,0.51,0.520000,0.53,0.54,0.55,0.56,0.57,0.58,0.59,0.6,0.61,0.62,0.63,0.64,0.65,0.66,0.67,0.68,0.69,0.7,0.71,0.72,0.73,0.74,0.75,0.76,0.77,0.78,0.79,0.8,0.81,0.82,0.83,0.839999,0.849999,0.859999,0.869999,0.879999,0.889999,FLR,350.707764,536.941040,"595.917847,617.265686,625.801941,629.519470,631.271484,632.172363,632.728455,633.065674,633.378296,633.539185,633.723389,633.849976,633.979065,634.080261,634.171143,634.246216,634.295227,634.356750,634.455078,634.442200,634.472961,634.462219,634.513733,634.523010,634.489075,634.472595,634.460815,634.442566,634.438660,634.467590,634.384277,634.409668,634.318115,634.341003,634.254456,634.186890,634.089600,634.056335,634.092102,633.935425,633.863953,633.776672,633.784912,633.750916,633.675476,633.648254,633.579956,633.534912,633.583191,633.446228,633.445862,633.426880,633.365723,633.296387,633.238464,633.203369,633.149414,633.026733,632.444519,632.739563,632.573975,632.239929,631.901978,631.518250,631.093384,630.747192,630.412842,630.146729,629.991882,629.654663,629.461548,629.200439,628.944763,628.708374,628.512390,628.346436,628.204102,628.071411,627.997742,627.872559,627.774963,627.685181,627.555359,627.417664,627.299683,627.228149,627.181274,627.111572,PAR,6977.404297,6977.404297,6977.404297,6977.404297,6977.404297,6977.404297,6977.404297,6977.404297,6977.404297,6977.404297,6977.404297,6977.404297,6977.404297,6977.404297,6977.404297,6977.404297,6977.404297,6977.404297,6977.404297,6977.404297,6977.404297,6977.404297,6977.404297,6977.404297,6977.404297,6977.404297,6977.404297,6977.404297,6977.404297,6977.404297,6919.270508,6861.136719,6803.002441,6744.868652,6686.734863,6628.601074,6570.466797,6512.333008,6454.199219,6396.064941,6337.931152,6279.797363,6221.663574,6163.529297,6105.395508,6047.261719,5989.127441,5930.993652,5872.859863,5814.726074,5756.591797,5698.458008,5640.324219,5582.189941,5524.056152,5465.922363,5407.788086,5349.654297,5291.520508,5233.386719,6977.404297,6977.404297,6977.404297,6977.404297,6977.404297,6977.404297,6977.404297,6977.404297,6977.404297,6977.404297,6977.404297,6977.404297,6977.404297,6977.404297,6977.404297,6977.404297,6977.404297,6977.404297,6977.404297,6977.404297,6977.404297,6977.404297,6977.404297,6977.404297,6977.404297,6977.404297,6977.404297,6977.404297,6977.404297,6977.404297,PHASE,1,1,1,1,1,1,1,1,1,1,1,1,1,1,1,1,1,1,1,1,1,1,1,1,1,1,1,1,1,1,2,2,2,2,2,2,2,2,2,2,2,2,2,2,2,2,2,2,2,2,2,2,2,2,2,2,2,2,2,2,3,3,3,3,3,3,3,3,3,3,3,3,3,3,3,3,3,3,3,3,3,3,3,3,3,3,3,3,3,3,FLASH_END"
2026-06-23T14:49:01Z,4,upper,morning,24,07:49:01,2026-06-23,Auto gsw+F,LI-COR Default,NA,25,NA,NA,0.023844,1.981178,0.02356,0.165294,3.407091,3.399679,4.004154,0.597064,38.281219,38.364681,45.087765,0.441786,7.5,PSF-01793_20260623074901_19a,0,0,0,139.48703,605.022339,0.769451,0.5,0.8,6.203517,1,86.1,85.91,28.72,28.92,28.92,88.81,84.1,83.3,1,20,4.098,07:41:25,2026-06-23,-0.39,1,-0.001,-0.001,-9999,0.785,1.616,-9999,1,150,0.005,2,0.058905,0,0.02923,0,0,-6.8e-5,standard,0,mpf,7000,500,5,2,300,300,300,605.022339,25,2.379337,605.588074,608.432373,-2.844299,2.59217,2.557729,1.122128,0.771813,0.235249,0.003598,0.125786,0.12428,139.48703,3.97e-4,2.449094,1.8e-5,1,2.418127,-1e-6,1,0.602037,0.600124,0.106561,0,PSF-01793_20260623074901_19a,PFA-01559,PSA-01670,PSF-01793,RHS-2569,3.0.0,2024-07-09T18:52:43.055Z,MEASUREMENT_END
2026-06-23T14:49:01Z,4,upper,morning,PSF-01793_20260623074901_19a,07:49:01,2026-06-23,PFA-01559,PSA-01670,PSF-01793,0,0,0,605.022339,139.48703,0.769451,26.840897,NA,0,0.01,0.02,0.03,0.04,0.05,0.06,0.07,0.080000,0.09,0.1,0.11,0.12,0.13,0.14,0.15,0.16,0.17,0.18,0.19,0.2,0.21,0.22,0.23,0.24,0.25,0.26,0.27,0.28,0.29,0.300000,0.310000,0.32,0.33,0.34,0.35,0.36,0.37,0.38,0.39,0.4,0.41,0.42,0.43,0.44,0.45,0.46,0.47,0.48,0.49,0.500000,0.51,0.520000,0.53,0.54,0.55,0.56,0.57,0.58,0.59,0.6,0.61,0.62,0.63,0.64,0.65,0.66,0.67,0.68,0.69,0.7,0.71,0.72,0.73,0.74,0.75,0.76,0.77,0.78,0.79,0.8,0.81,0.82,0.83,0.839999,0.849999,0.859999,0.869999,0.879999,0.889999,FLR,342.011688,521.820923,"573.655151,590.188965,596.617371,599.599976,601.180664,602.137695,602.776062,603.228821,603.647217,603.877930,604.067810,604.274536,604.393250,604.525208,604.641052,604.712219,604.782349,604.837036,604.930054,604.912170,604.946472,604.981873,605.011963,605.022339,605.003357,605.021973,605.005493,605.004456,605.060913,605.106323,605.073425,605.160339,605.174683,605.233337,605.201111,605.232239,605.209717,605.259399,605.397461,605.326294,605.393188,605.368469,605.462891,605.479736,605.478638,605.528381,605.608826,605.621704,605.723999,605.722900,605.791931,605.851624,605.900269,605.926392,605.992554,606.088745,606.134888,606.161743,605.264038,605.586670,605.588074,605.535522,605.487244,605.438232,605.392456,605.390320,605.370972,605.367798,605.519043,605.457886,605.424988,605.389587,605.326294,605.286255,605.218994,605.186096,605.126709,605.070618,605.103821,605.030151,605.010498,605.002258,604.978699,604.989075,604.985840,604.985474,604.978333,604.937561,PAR,6977.404297,6977.404297,6977.404297,6977.404297,6977.404297,6977.404297,6977.404297,6977.404297,6977.404297,6977.404297,6977.404297,6977.404297,6977.404297,6977.404297,6977.404297,6977.404297,6977.404297,6977.404297,6977.404297,6977.404297,6977.404297,6977.404297,6977.404297,6977.404297,6977.404297,6977.404297,6977.404297,6977.404297,6977.404297,6977.404297,6919.270508,6861.136719,6803.002441,6744.868652,6686.734863,6628.601074,6570.466797,6512.333008,6454.199219,6396.064941,6337.931152,6279.797363,6221.663574,6163.529297,6105.395508,6047.261719,5989.127441,5930.993652,5872.859863,5814.726074,5756.591797,5698.458008,5640.324219,5582.189941,5524.056152,5465.922363,5407.788086,5349.654297,5291.520508,5233.386719,6977.404297,6977.404297,6977.404297,6977.404297,6977.404297,6977.404297,6977.404297,6977.404297,6977.404297,6977.404297,6977.404297,6977.404297,6977.404297,6977.404297,6977.404297,6977.404297,6977.404297,6977.404297,6977.404297,6977.404297,6977.404297,6977.404297,6977.404297,6977.404297,6977.404297,6977.404297,6977.404297,6977.404297,6977.404297,6977.404297,PHASE,1,1,1,1,1,1,1,1,1,1,1,1,1,1,1,1,1,1,1,1,1,1,1,1,1,1,1,1,1,1,2,2,2,2,2,2,2,2,2,2,2,2,2,2,2,2,2,2,2,2,2,2,2,2,2,2,2,2,2,2,3,3,3,3,3,3,3,3,3,3,3,3,3,3,3,3,3,3,3,3,3,3,3,3,3,3,3,3,3,3,FLASH_END"
2026-06-23T17:58:01Z,1,lower,noon,1,10:58:01,2026-06-23,Auto gsw+F,LI-COR Default,NA,1,NA,NA,-0.352722,2.921665,-0.401152,-2.958049,2.528993,2.600951,3.162897,0.633904,29.286034,28.475801,35.6134,0.441786,7.5,PSF-01793_20260623105801_5e7,0,0,0,80.562119,310.572235,0.740601,0.5,0.8,1.295376,1,83.52,85.89,24.18,24.91,24.91,88.81,156.7,157.1,-0.3,4,4.108,10:57:26,2026-06-23,-3.01,1,-0.002,-0.005,-0.016,0.095,0.1,0.249,1,150,0.005,2,0.058905,0,0.02923,0,0,-6.8e-5,standard,0,mpf,7000,500,5,2,300,300,300,308.545959,25,-1.358326,307.066803,308.625488,-1.558685,2.592653,2.55842,1.69413,0.948516,0.281761,0.010037,0.06311,0.110405,80.562119,3.84e-4,2.449094,1.8e-5,1,2.418127,-1e-6,1,0.602037,0.600124,0.106561,0,PSF-01793_20260623105801_5e7,PFA-01559,PSA-01670,PSF-01793,RHS-2569,3.0.0,2024-07-09T18:52:43.055Z,MEASUREMENT_END
2026-06-23T17:58:01Z,1,lower,noon,PSF-01793_20260623105801_5e7,10:58:01,2026-06-23,PFA-01559,PSA-01670,PSF-01793,0,0,0,310.572235,80.562119,0.740601,11.057969,NA,0,0.01,0.02,0.03,0.04,0.05,0.06,0.07,0.080000,0.09,0.1,0.11,0.12,0.13,0.14,0.15,0.16,0.17,0.18,0.19,0.2,0.21,0.22,0.23,0.24,0.25,0.26,0.27,0.28,0.29,0.300000,0.310000,0.32,0.33,0.34,0.35,0.36,0.37,0.38,0.39,0.4,0.41,0.42,0.43,0.44,0.45,0.46,0.47,0.48,0.49,0.500000,0.510000,0.520000,0.53,0.54,0.55,0.56,0.57,0.58,0.59,0.6,0.61,0.62,0.63,0.64,0.65,0.66,0.67,0.68,0.69,0.7,0.71,0.72,0.73,0.74,0.75,0.76,0.77,0.78,0.79,0.8,0.81,0.82,0.83,0.839999,0.849999,0.859999,0.869999,0.879999,0.889999,FLR,193.877930,268.711914,"290.163147,298.249115,301.492462,303.053497,303.994049,304.684631,305.259338,305.736786,306.172363,306.511749,306.836853,307.128296,307.372559,307.597870,307.780609,307.932251,308.086761,308.186523,308.321350,308.377502,308.440796,308.488739,308.515900,308.523407,308.545227,308.543457,308.545959,308.521973,308.526642,308.558105,308.503387,308.563477,308.527710,308.576355,308.519836,308.526978,308.472290,308.478699,308.483368,308.415405,308.415070,308.371429,308.372131,308.355347,308.303833,308.282013,308.273071,308.192596,308.224426,308.190460,308.124298,308.134308,308.107849,308.091034,308.028809,308.029541,308.012726,307.977325,306.974518,307.066803,307.034607,306.975952,306.925903,306.867615,306.806793,306.732056,306.677338,306.605103,306.567902,306.491730,306.435944,306.364777,306.306122,306.236023,306.181671,306.135895,306.094757,306.022522,305.982117,305.909515,305.853363,305.801147,305.745361,305.688141,305.630920,305.564056,305.509338,305.451385,PAR,6977.404297,6977.404297,6977.404297,6977.404297,6977.404297,6977.404297,6977.404297,6977.404297,6977.404297,6977.404297,6977.404297,6977.404297,6977.404297,6977.404297,6977.404297,6977.404297,6977.404297,6977.404297,6977.404297,6977.404297,6977.404297,6977.404297,6977.404297,6977.404297,6977.404297,6977.404297,6977.404297,6977.404297,6977.404297,6977.404297,6919.270508,6861.136719,6803.002441,6744.868652,6686.734863,6628.601074,6570.466797,6512.333008,6454.199219,6396.064941,6337.931152,6279.797363,6221.663574,6163.529297,6105.395508,6047.261719,5989.127441,5930.993652,5872.859863,5814.726074,5756.591797,5698.458008,5640.324219,5582.189941,5524.056152,5465.922363,5407.788086,5349.654297,5291.520508,5233.386719,6977.404297,6977.404297,6977.404297,6977.404297,6977.404297,6977.404297,6977.404297,6977.404297,6977.404297,6977.404297,6977.404297,6977.404297,6977.404297,6977.404297,6977.404297,6977.404297,6977.404297,6977.404297,6977.404297,6977.404297,6977.404297,6977.404297,6977.404297,6977.404297,6977.404297,6977.404297,6977.404297,6977.404297,6977.404297,6977.404297,PHASE,1,1,1,1,1,1,1,1,1,1,1,1,1,1,1,1,1,1,1,1,1,1,1,1,1,1,1,1,1,1,2,2,2,2,2,2,2,2,2,2,2,2,2,2,2,2,2,2,2,2,2,2,2,2,2,2,2,2,2,2,3,3,3,3,3,3,3,3,3,3,3,3,3,3,3,3,3,3,3,3,3,3,3,3,3,3,3,3,3,3,FLASH_END"
2026-06-23T17:58:27Z,1,lower,noon,2,10:58:27,2026-06-23,Auto gsw+F,LI-COR Default,NA,2,NA,NA,-0.461704,2.921827,-0.548355,-3.649074,2.619833,2.708498,3.191508,0.571675,30.496805,29.498474,35.935345,0.441786,7.5,PSF-01793_20260623105827_c43,0,0,0,88.692787,295.089996,0.699438,0.5,0.8,1.608756,1,84.85,87.72,24.51,25.06,25.06,88.81,156.7,157,-0.2,6,4.127,10:57:26,2026-06-23,-3.01,1,-0.002,-0.002,-0.012,-1.752,-3.592,-5.185,1,150,0.005,2,0.058905,0,0.02923,0,0,-6.8e-5,standard,0,mpf,7000,500,5,2,300,300,300,294.672119,25,-0.442499,293.347107,294.455811,-1.108704,2.595424,2.560372,1.694304,0.9481,0.278129,0.008007,0.067153,0.111616,88.692787,3.87e-4,2.449094,1.8e-5,1,2.418127,-1e-6,1,0.602037,0.600124,0.106561,0,PSF-01793_20260623105827_c43,PFA-01559,PSA-01670,PSF-01793,RHS-2569,3.0.0,2024-07-09T18:52:43.055Z,MEASUREMENT_END
2026-06-23T17:58:27Z,1,lower,noon,PSF-01793_20260623105827_c43,10:58:27,2026-06-23,PFA-01559,PSA-01670,PSF-01793,0,0,0,295.089996,88.692787,0.699438,12.435421,NA,0,0.01,0.02,0.03,0.04,0.05,0.06,0.07,0.080000,0.09,0.1,0.11,0.12,0.13,0.14,0.15,0.16,0.17,0.18,0.19,0.2,0.21,0.22,0.23,0.24,0.25,0.26,0.27,0.28,0.29,0.300000,0.310000,0.32,0.33,0.34,0.35,0.36,0.37,0.38,0.39,0.4,0.41,0.42,0.43,0.44,0.45,0.46,0.47,0.48,0.49,0.500000,0.510000,0.520000,0.53,0.54,0.55,0.56,0.57,0.58,0.59,0.6,0.61,0.62,0.63,0.64,0.65,0.66,0.67,0.68,0.69,0.7,0.71,0.72,0.73,0.74,0.75,0.76,0.77,0.78,0.79,0.8,0.81,0.82,0.83,0.839999,0.849999,0.859999,0.869999,0.879999,0.889999,FLR,190.048813,257.868286,"280.117737,289.029114,292.445892,293.769836,294.300201,294.513702,294.588074,294.614197,294.640289,294.627075,294.638153,294.636383,294.650330,294.659973,294.667114,294.669281,294.664612,294.642792,294.672119,294.636383,294.615265,294.584503,294.568420,294.537292,294.512634,294.476166,294.452911,294.425354,294.425354,294.437531,294.406403,294.465790,294.407501,294.447174,294.407135,294.442535,294.387817,294.401398,294.424652,294.378510,294.396393,294.355988,294.354919,294.392822,294.330231,294.347412,294.347046,294.308411,294.345612,294.314148,294.268372,294.294464,294.292328,294.290527,294.249786,294.259430,294.271240,294.249054,293.285248,293.347107,293.339264,293.327087,293.281311,293.215515,293.172607,293.120728,293.094635,293.057098,293.019897,292.950500,292.911163,292.871826,292.827484,292.784576,292.745941,292.706970,292.656891,292.627563,292.588593,292.532074,292.488098,292.435516,292.392975,292.349701,292.311432,292.252411,292.219177,292.171967,PAR,6977.404297,6977.404297,6977.404297,6977.404297,6977.404297,6977.404297,6977.404297,6977.404297,6977.404297,6977.404297,6977.404297,6977.404297,6977.404297,6977.404297,6977.404297,6977.404297,6977.404297,6977.404297,6977.404297,6977.404297,6977.404297,6977.404297,6977.404297,6977.404297,6977.404297,6977.404297,6977.404297,6977.404297,6977.404297,6977.404297,6919.270508,6861.136719,6803.002441,6744.868652,6686.734863,6628.601074,6570.466797,6512.333008,6454.199219,6396.064941,6337.931152,6279.797363,6221.663574,6163.529297,6105.395508,6047.261719,5989.127441,5930.993652,5872.859863,5814.726074,5756.591797,5698.458008,5640.324219,5582.189941,5524.056152,5465.922363,5407.788086,5349.654297,5291.520508,5233.386719,6977.404297,6977.404297,6977.404297,6977.404297,6977.404297,6977.404297,6977.404297,6977.404297,6977.404297,6977.404297,6977.404297,6977.404297,6977.404297,6977.404297,6977.404297,6977.404297,6977.404297,6977.404297,6977.404297,6977.404297,6977.404297,6977.404297,6977.404297,6977.404297,6977.404297,6977.404297,6977.404297,6977.404297,6977.404297,6977.404297,PHASE,1,1,1,1,1,1,1,1,1,1,1,1,1,1,1,1,1,1,1,1,1,1,1,1,1,1,1,1,1,1,2,2,2,2,2,2,2,2,2,2,2,2,2,2,2,2,2,2,2,2,2,2,2,2,2,2,2,2,2,2,3,3,3,3,3,3,3,3,3,3,3,3,3,3,3,3,3,3,3,3,3,3,3,3,3,3,3,3,3,3,FLASH_END"
2026-06-23T17:59:10Z,1,lower,noon,3,10:59:10,2026-06-23,Auto gsw+F,LI-COR Default,NA,3,NA,NA,-0.461193,2.809156,-0.551782,-3.187537,2.75724,2.84134,3.25286,0.495621,31.997066,31.049995,36.63131,0.441786,7.5,PSF-01793_20260623105910_e4b,0,0,0,84.652664,309.392517,0.726391,0.5,0.8,1.214376,1,86.7,89.34,25,25.38,25.38,88.8,144.1,144,0,4,4.122,10:57:26,2026-06-23,-3.01,1,-0.003,-0.002,-0.013,0.05,0.161,0.9,1,150,0.005,2,0.058905,0,0.02923,0,0,-6.8e-5,standard,0,mpf,7000,500,5,2,300,300,300,304.831635,25,-3.266148,302.62326,304.711487,-2.088226,2.597892,2.563105,1.586492,0.914993,0.272696,0.005948,0.073582,0.110235,84.652664,3.82e-4,2.449094,1.8e-5,1,2.418127,-1e-6,1,0.602037,0.600124,0.106561,0,PSF-01793_20260623105910_e4b,PFA-01559,PSA-01670,PSF-01793,RHS-2569,3.0.0,2024-07-09T18:52:43.055Z,MEASUREMENT_END
2026-06-23T17:59:10Z,1,lower,noon,PSF-01793_20260623105910_e4b,10:59:10,2026-06-23,PFA-01559,PSA-01670,PSF-01793,0,0,0,309.392517,84.652664,0.726391,10.864736,NA,0,0.01,0.02,0.03,0.04,0.05,0.06,0.07,0.080000,0.09,0.1,0.11,0.12,0.13,0.14,0.15,0.16,0.17,0.18,0.19,0.2,0.21,0.22,0.23,0.24,0.25,0.26,0.27,0.28,0.29,0.300000,0.310000,0.32,0.33,0.34,0.35,0.36,0.37,0.38,0.39,0.4,0.41,0.42,0.43,0.44,0.45,0.46,0.47,0.48,0.49,0.500000,0.510000,0.520000,0.53,0.54,0.55,0.56,0.57,0.58,0.59,0.6,0.61,0.62,0.63,0.64,0.65,0.66,0.67,0.68,0.69,0.7,0.71,0.72,0.73,0.74,0.75,0.76,0.77,0.78,0.79,0.8,0.81,0.82,0.83,0.839999,0.849999,0.859999,0.869999,0.879999,0.889999,FLR,197.655197,268.607849,"284.833801,291.219940,294.811951,297.181244,298.844940,300.085175,301.048981,301.797150,302.414062,302.878265,303.288818,303.616760,303.885345,304.104553,304.289459,304.424652,304.559113,304.638519,304.739014,304.772980,304.799805,304.831635,304.816589,304.829132,304.803009,304.776550,304.753296,304.695374,304.670685,304.642090,304.594513,304.595581,304.529083,304.512970,304.431427,304.409637,304.328796,304.286591,304.266571,304.165375,304.142822,304.058075,304.035889,303.961517,303.877106,303.845642,303.800598,303.727997,303.700104,303.654327,303.549530,303.527344,303.480499,303.429352,303.347839,303.320648,303.278076,303.229095,302.522430,302.623260,302.620422,302.561035,302.487366,302.410828,302.336090,302.273865,302.199127,302.115448,302.090057,301.996338,301.928406,301.862946,301.799286,301.729553,301.654816,301.595795,301.527130,301.463837,301.410919,301.327942,301.272858,301.213135,301.158081,301.094055,301.028595,300.971741,300.920593,300.852661,PAR,6977.404297,6977.404297,6977.404297,6977.404297,6977.404297,6977.404297,6977.404297,6977.404297,6977.404297,6977.404297,6977.404297,6977.404297,6977.404297,6977.404297,6977.404297,6977.404297,6977.404297,6977.404297,6977.404297,6977.404297,6977.404297,6977.404297,6977.404297,6977.404297,6977.404297,6977.404297,6977.404297,6977.404297,6977.404297,6977.404297,6919.270508,6861.136719,6803.002441,6744.868652,6686.734863,6628.601074,6570.466797,6512.333008,6454.199219,6396.064941,6337.931152,6279.797363,6221.663574,6163.529297,6105.395508,6047.261719,5989.127441,5930.993652,5872.859863,5814.726074,5756.591797,5698.458008,5640.324219,5582.189941,5524.056152,5465.922363,5407.788086,5349.654297,5291.520508,5233.386719,6977.404297,6977.404297,6977.404297,6977.404297,6977.404297,6977.404297,6977.404297,6977.404297,6977.404297,6977.404297,6977.404297,6977.404297,6977.404297,6977.404297,6977.404297,6977.404297,6977.404297,6977.404297,6977.404297,6977.404297,6977.404297,6977.404297,6977.404297,6977.404297,6977.404297,6977.404297,6977.404297,6977.404297,6977.404297,6977.404297,PHASE,1,1,1,1,1,1,1,1,1,1,1,1,1,1,1,1,1,1,1,1,1,1,1,1,1,1,1,1,1,1,2,2,2,2,2,2,2,2,2,2,2,2,2,2,2,2,2,2,2,2,2,2,2,2,2,2,2,2,2,2,3,3,3,3,3,3,3,3,3,3,3,3,3,3,3,3,3,3,3,3,3,3,3,3,3,3,3,3,3,3,FLASH_END"
2026-06-23T18:00:44Z,2,lower,noon,4,11:00:44,2026-06-23,Auto gsw+F,LI-COR Default,NA,4,NA,NA,0.081132,2.574066,0.078653,0.454327,3.168597,3.154636,3.6616,0.493003,35.539692,35.696976,41.25108,0.441786,7.5,PSF-01793_20260623110044_93b,0,0,0,60.003162,253.04007,0.762871,0.5,0.8,1.058372,1,90.69,90.29,26.59,27.39,27.39,88.76,123.1,123.2,-0.1,3,4.12,11:00:29,2026-06-23,-1.82,1,-0,-0.001,0.011,0.477,1.005,2.416,1,150,0.005,2,0.058905,0,0.02923,0,0,-6.8e-5,standard,0,mpf,7000,500,5,2,300,300,300,251.467819,25,-1.186042,250.008347,251.34024,-1.331894,2.599251,2.567227,1.414714,0.863748,0.255993,0.010735,0.087168,0.10961,60.003162,3.77e-4,2.449094,1.8e-5,1,2.418127,-1e-6,1,0.602037,0.600124,0.106561,0,PSF-01793_20260623110044_93b,PFA-01559,PSA-01670,PSF-01793,RHS-2569,3.0.0,2024-07-09T18:52:43.055Z,MEASUREMENT_END
2026-06-23T18:00:44Z,2,lower,noon,PSF-01793_20260623110044_93b,11:00:44,2026-06-23,PFA-01559,PSA-01670,PSF-01793,0,0,0,253.04007,60.003162,0.762871,10.153635,NA,0,0.01,0.02,0.03,0.04,0.05,0.06,0.07,0.080000,0.09,0.1,0.11,0.12,0.13,0.14,0.15,0.16,0.17,0.18,0.19,0.2,0.21,0.22,0.23,0.24,0.25,0.26,0.27,0.28,0.29,0.300000,0.310000,0.32,0.33,0.34,0.35,0.36,0.37,0.38,0.39,0.4,0.41,0.42,0.43,0.44,0.45,0.46,0.47,0.48,0.49,0.500000,0.510000,0.520000,0.53,0.54,0.55,0.56,0.57,0.58,0.59,0.6,0.61,0.62,0.63,0.64,0.65,0.66,0.67,0.68,0.69,0.7,0.71,0.72,0.73,0.74,0.75,0.76,0.77,0.78,0.79,0.8,0.81,0.82,0.83,0.839999,0.849999,0.859999,0.869999,0.879999,0.889999,FLR,153.070801,223.864319,"240.723969,245.912079,247.958786,249.020569,249.667175,250.091309,250.405670,250.645279,250.856277,250.971802,251.084091,251.184586,251.273987,251.335495,251.377350,251.408096,251.424545,251.437790,251.467819,251.444580,251.442078,251.434570,251.420258,251.403458,251.376633,251.354813,251.329071,251.310471,251.286865,251.316910,251.265762,251.303314,251.256821,251.289719,251.223572,251.246811,251.192093,251.197815,251.216766,251.151688,251.144531,251.096252,251.088379,251.104111,251.035812,251.043320,251.032593,250.985748,251.003616,250.946396,250.899918,250.895615,250.874512,250.851624,250.803345,250.834473,250.836609,250.814087,249.947189,250.008347,249.994034,249.977951,249.938248,249.903198,249.861008,249.822739,249.777313,249.752640,249.720810,249.658234,249.628906,249.602081,249.547363,249.519470,249.482269,249.448654,249.407532,249.374268,249.354248,249.297028,249.275925,249.241226,249.196884,249.164337,249.114990,249.090317,249.046326,249.009842,PAR,6977.404297,6977.404297,6977.404297,6977.404297,6977.404297,6977.404297,6977.404297,6977.404297,6977.404297,6977.404297,6977.404297,6977.404297,6977.404297,6977.404297,6977.404297,6977.404297,6977.404297,6977.404297,6977.404297,6977.404297,6977.404297,6977.404297,6977.404297,6977.404297,6977.404297,6977.404297,6977.404297,6977.404297,6977.404297,6977.404297,6919.270508,6861.136719,6803.002441,6744.868652,6686.734863,6628.601074,6570.466797,6512.333008,6454.199219,6396.064941,6337.931152,6279.797363,6221.663574,6163.529297,6105.395508,6047.261719,5989.127441,5930.993652,5872.859863,5814.726074,5756.591797,5698.458008,5640.324219,5582.189941,5524.056152,5465.922363,5407.788086,5349.654297,5291.520508,5233.386719,6977.404297,6977.404297,6977.404297,6977.404297,6977.404297,6977.404297,6977.404297,6977.404297,6977.404297,6977.404297,6977.404297,6977.404297,6977.404297,6977.404297,6977.404297,6977.404297,6977.404297,6977.404297,6977.404297,6977.404297,6977.404297,6977.404297,6977.404297,6977.404297,6977.404297,6977.404297,6977.404297,6977.404297,6977.404297,6977.404297,PHASE,1,1,1,1,1,1,1,1,1,1,1,1,1,1,1,1,1,1,1,1,1,1,1,1,1,1,1,1,1,1,2,2,2,2,2,2,2,2,2,2,2,2,2,2,2,2,2,2,2,2,2,2,2,2,2,2,2,2,2,2,3,3,3,3,3,3,3,3,3,3,3,3,3,3,3,3,3,3,3,3,3,3,3,3,3,3,3,3,3,3,FLASH_END"
2026-06-23T18:00:55Z,2,lower,noon,5,11:00:55,2026-06-23,Auto gsw+F,LI-COR Default,NA,5,NA,NA,0.07767,2.527428,0.075355,0.463864,3.213465,3.198785,3.738481,0.525016,36.036659,36.202038,42.11673,0.441786,7.5,PSF-01793_20260623110055_f8d,0,0,0,45.066833,207.89444,0.783222,0.5,0.8,3.744289,1,90.6,90.19,26.85,27.74,27.74,88.76,119.4,120.3,-0.7,12,4.12,11:00:29,2026-06-23,-1.82,1,-0.004,-0.002,-9999,0.148,-0.15,-9999,1,150,0.005,2,0.058905,0,0.02923,0,0,-6.8e-5,standard,0,mpf,7000,500,5,2,300,300,300,207.89444,25,0.281095,208.585022,208.297302,0.28772,2.599073,2.567072,1.386012,0.856711,0.253409,0.011911,0.088561,0.117068,45.066833,3.85e-4,2.449094,1.8e-5,1,2.418127,-1e-6,1,0.602037,0.600124,0.106561,0,PSF-01793_20260623110055_f8d,PFA-01559,PSA-01670,PSF-01793,RHS-2569,3.0.0,2024-07-09T18:52:43.055Z,MEASUREMENT_END
2026-06-23T18:00:55Z,2,lower,noon,PSF-01793_20260623110055_f8d,11:00:55,2026-06-23,PFA-01559,PSA-01670,PSF-01793,0,0,0,207.89444,45.066833,0.783222,18.636801,NA,0,0.01,0.02,0.03,0.04,0.05,0.06,0.07,0.080000,0.09,0.1,0.11,0.12,0.13,0.14,0.15,0.16,0.17,0.18,0.19,0.2,0.21,0.22,0.23,0.24,0.25,0.26,0.27,0.28,0.29,0.300000,0.310000,0.32,0.33,0.34,0.35,0.36,0.37,0.38,0.39,0.4,0.41,0.42,0.43,0.44,0.45,0.46,0.47,0.48,0.49,0.500000,0.510000,0.520000,0.53,0.54,0.55,0.56,0.57,0.58,0.59,0.6,0.61,0.62,0.63,0.64,0.65,0.66,0.67,0.68,0.69,0.7,0.71,0.72,0.73,0.74,0.75,0.76,0.77,0.78,0.79,0.8,0.81,0.82,0.83,0.839999,0.849999,0.859999,0.869999,0.879999,0.889999,FLR,103.630898,169.321060,"193.406219,200.592758,203.085785,204.268097,204.967972,205.430023,205.808044,206.084137,206.322662,206.496841,206.656693,206.801529,206.920975,207.056168,207.153793,207.239990,207.326172,207.389832,207.477448,207.531097,207.573288,207.626938,207.682724,207.742447,207.778931,207.817551,207.851166,207.894440,207.952026,207.966324,207.978134,208.015320,208.027130,208.054306,208.064316,208.078629,208.091492,208.105438,208.126190,208.109375,208.125122,208.139771,208.150146,208.153366,208.149796,208.153366,208.145859,208.146210,208.174469,208.143356,208.156937,208.150864,208.151581,208.132629,208.125473,208.126907,208.090424,208.071823,208.295349,208.494904,208.554626,208.585022,208.583237,208.576447,208.567505,208.576080,208.576447,208.576080,208.572510,208.546753,208.542465,208.533173,208.538177,208.523148,208.517075,208.531372,208.511002,208.504196,208.503479,208.471298,208.441620,208.433746,208.419083,208.399780,208.376892,208.355789,208.338623,208.326462,PAR,6977.404297,6977.404297,6977.404297,6977.404297,6977.404297,6977.404297,6977.404297,6977.404297,6977.404297,6977.404297,6977.404297,6977.404297,6977.404297,6977.404297,6977.404297,6977.404297,6977.404297,6977.404297,6977.404297,6977.404297,6977.404297,6977.404297,6977.404297,6977.404297,6977.404297,6977.404297,6977.404297,6977.404297,6977.404297,6977.404297,6919.270508,6861.136719,6803.002441,6744.868652,6686.734863,6628.601074,6570.466797,6512.333008,6454.199219,6396.064941,6337.931152,6279.797363,6221.663574,6163.529297,6105.395508,6047.261719,5989.127441,5930.993652,5872.859863,5814.726074,5756.591797,5698.458008,5640.324219,5582.189941,5524.056152,5465.922363,5407.788086,5349.654297,5291.520508,5233.386719,6977.404297,6977.404297,6977.404297,6977.404297,6977.404297,6977.404297,6977.404297,6977.404297,6977.404297,6977.404297,6977.404297,6977.404297,6977.404297,6977.404297,6977.404297,6977.404297,6977.404297,6977.404297,6977.404297,6977.404297,6977.404297,6977.404297,6977.404297,6977.404297,6977.404297,6977.404297,6977.404297,6977.404297,6977.404297,6977.404297,PHASE,1,1,1,1,1,1,1,1,1,1,1,1,1,1,1,1,1,1,1,1,1,1,1,1,1,1,1,1,1,1,2,2,2,2,2,2,2,2,2,2,2,2,2,2,2,2,2,2,2,2,2,2,2,2,2,2,2,2,2,2,3,3,3,3,3,3,3,3,3,3,3,3,3,3,3,3,3,3,3,3,3,3,3,3,3,3,3,3,3,3,FLASH_END"
2026-06-23T18:01:20Z,2,lower,noon,6,11:01:20,2026-06-23,Auto gsw+F,LI-COR Default,NA,6,NA,NA,-0.144352,2.436424,-0.153443,-1.002029,3.267847,3.301425,3.824334,0.556487,37.194023,36.815723,43.08514,0.441786,7.5,PSF-01793_20260623110120_4bc,0,0,0,48.457863,203.403717,0.761765,0.5,0.8,4.893302,1,89.13,90.05,27.41,28.13,28.13,88.76,112.7,111.6,1,16,4.115,11:00:29,2026-06-23,-1.82,1,0,-0.005,-0.011,0.025,0.069,0.063,1,150,0.005,2,0.058905,0,0.02923,0,0,-6.8e-5,standard,0,mpf,7000,500,5,2,300,300,300,203.403717,25,0.330061,203.83609,203.876755,-0.040665,2.598805,2.564745,1.333656,0.836025,0.247784,0.009817,0.091946,0.120679,48.457863,3.86e-4,2.449094,1.8e-5,1,2.418127,-1e-6,1,0.602037,0.600124,0.106561,0,PSF-01793_20260623110120_4bc,PFA-01559,PSA-01670,PSF-01793,RHS-2569,3.0.0,2024-07-09T18:52:43.055Z,MEASUREMENT_END
2026-06-23T18:01:20Z,2,lower,noon,PSF-01793_20260623110120_4bc,11:01:20,2026-06-23,PFA-01559,PSA-01670,PSF-01793,0,0,0,203.403717,48.457863,0.761765,22.744341,NA,0,0.01,0.02,0.03,0.04,0.05,0.06,0.07,0.080000,0.09,0.1,0.11,0.12,0.13,0.14,0.15,0.16,0.17,0.18,0.19,0.2,0.21,0.22,0.23,0.24,0.25,0.26,0.27,0.28,0.29,0.300000,0.310000,0.32,0.33,0.34,0.35,0.36,0.37,0.38,0.39,0.4,0.41,0.42,0.43,0.44,0.45,0.46,0.47,0.48,0.49,0.500000,0.510000,0.520000,0.53,0.54,0.55,0.56,0.57,0.58,0.59,0.6,0.61,0.62,0.63,0.64,0.65,0.66,0.67,0.68,0.69,0.7,0.71,0.72,0.73,0.74,0.75,0.76,0.77,0.78,0.79,0.8,0.81,0.82,0.83,0.839999,0.849999,0.859999,0.869999,0.879999,0.889999,FLR,113.844391,175.122498,"193.459869,198.353287,200.088150,200.951096,201.481461,201.846237,202.100510,202.297562,202.460297,202.562210,202.658768,202.754623,202.817917,202.879425,202.923767,202.963120,203.026764,203.066833,203.107956,203.131912,203.204865,203.244568,203.270309,203.301788,203.323608,203.356857,203.374023,203.403717,203.429825,203.448776,203.449844,203.484894,203.504211,203.538544,203.545334,203.565720,203.568939,203.591110,203.595764,203.596466,203.600052,203.616150,203.633667,203.641541,203.632233,203.634018,203.628662,203.628296,203.657272,203.628296,203.651184,203.652985,203.631165,203.623291,203.623291,203.617935,203.598267,203.572159,203.656555,203.817490,203.836090,203.831070,203.822144,203.804260,203.791016,203.779221,203.755981,203.734879,203.716629,203.674072,203.642609,203.635101,203.615433,203.590393,203.563217,203.528519,203.509567,203.479172,203.468796,203.430176,203.394058,203.360443,203.330048,203.272461,203.238129,203.187347,203.135132,203.106522,PAR,6977.404297,6977.404297,6977.404297,6977.404297,6977.404297,6977.404297,6977.404297,6977.404297,6977.404297,6977.404297,6977.404297,6977.404297,6977.404297,6977.404297,6977.404297,6977.404297,6977.404297,6977.404297,6977.404297,6977.404297,6977.404297,6977.404297,6977.404297,6977.404297,6977.404297,6977.404297,6977.404297,6977.404297,6977.404297,6977.404297,6919.270508,6861.136719,6803.002441,6744.868652,6686.734863,6628.601074,6570.466797,6512.333008,6454.199219,6396.064941,6337.931152,6279.797363,6221.663574,6163.529297,6105.395508,6047.261719,5989.127441,5930.993652,5872.859863,5814.726074,5756.591797,5698.458008,5640.324219,5582.189941,5524.056152,5465.922363,5407.788086,5349.654297,5291.520508,5233.386719,6977.404297,6977.404297,6977.404297,6977.404297,6977.404297,6977.404297,6977.404297,6977.404297,6977.404297,6977.404297,6977.404297,6977.404297,6977.404297,6977.404297,6977.404297,6977.404297,6977.404297,6977.404297,6977.404297,6977.404297,6977.404297,6977.404297,6977.404297,6977.404297,6977.404297,6977.404297,6977.404297,6977.404297,6977.404297,6977.404297,PHASE,1,1,1,1,1,1,1,1,1,1,1,1,1,1,1,1,1,1,1,1,1,1,1,1,1,1,1,1,1,1,2,2,2,2,2,2,2,2,2,2,2,2,2,2,2,2,2,2,2,2,2,2,2,2,2,2,2,2,2,2,3,3,3,3,3,3,3,3,3,3,3,3,3,3,3,3,3,3,3,3,3,3,3,3,3,3,3,3,3,3,FLASH_END"
2026-06-23T18:02:58Z,1,upper,noon,7,11:02:58,2026-06-23,Auto gsw+F,LI-COR Default,NA,7,NA,NA,0.346989,2.076915,0.297317,1.988738,3.800511,3.717217,4.366877,0.566366,41.881535,42.820007,49.201199,0.441786,7.5,PSF-01793_20260623110258_a3d,0,0,0,53.228615,176.695084,0.698754,0.5,0.8,64.355164,1,92.16,90.14,29.43,30.43,30.43,88.76,89.6,89.2,0.5,230,4.115,11:00:29,2026-06-23,-1.82,1,-0.004,-0.003,0.018,-0.068,-0.195,0.788,1,150,0.005,2,0.058905,0,0.02923,0,0,-6.8e-5,standard,0,mpf,7000,500,5,2,300,300,300,168.826813,25,-5.432397,168.905136,168.909378,-0.004242,2.5988,2.569324,1.16123,0.78487,0.228707,0.013134,0.104762,0.308975,53.228615,3.94e-4,2.449094,1.8e-5,1,2.418127,-1e-6,1,0.602037,0.600124,0.106561,0,PSF-01793_20260623110258_a3d,PFA-01559,PSA-01670,PSF-01793,RHS-2569,3.0.0,2024-07-09T18:52:43.055Z,MEASUREMENT_END
2026-06-23T18:02:58Z,1,upper,noon,PSF-01793_20260623110258_a3d,11:02:58,2026-06-23,PFA-01559,PSA-01670,PSF-01793,0,0,0,176.695084,53.228615,0.698754,236.93483,NA,0,0.01,0.02,0.03,0.04,0.05,0.06,0.07,0.080000,0.09,0.1,0.11,0.12,0.13,0.14,0.15,0.16,0.17,0.18,0.19,0.2,0.21,0.22,0.23,0.24,0.25,0.26,0.27,0.28,0.29,0.300000,0.310000,0.32,0.33,0.34,0.35,0.36,0.37,0.38,0.39,0.4,0.41,0.42,0.43,0.44,0.45,0.46,0.47,0.48,0.49,0.500000,0.510000,0.520000,0.53,0.54,0.55,0.56,0.57,0.58,0.59,0.6,0.61,0.62,0.63,0.64,0.65,0.66,0.67,0.68,0.69,0.7,0.71,0.72,0.73,0.74,0.75,0.76,0.77,0.78,0.79,0.8,0.81,0.82,0.83,0.839999,0.849999,0.859999,0.869999,0.879999,0.889999,FLR,100.177292,139.874344,"154.937622,161.671036,164.783829,166.340942,167.192810,167.681702,168.014999,168.246750,168.392654,168.478851,168.564316,168.612595,168.663025,168.709152,168.736694,168.745285,168.764236,168.769592,168.800354,168.802139,168.785339,168.799637,168.799286,168.817169,168.810730,168.817871,168.826813,168.819672,168.839340,168.735260,168.710236,168.602234,168.588638,168.489212,168.464539,168.343307,168.308975,168.207764,168.095474,168.039322,167.942398,167.917725,167.803284,167.689209,167.655228,167.554382,167.417770,167.371994,167.291519,167.154190,167.113419,166.993973,166.847702,166.703583,166.676407,166.550156,166.411407,166.263336,168.239594,168.737762,168.867233,168.898346,168.905136,168.904785,168.892258,168.881531,168.859360,168.836121,168.843628,168.812866,168.797852,168.800003,168.775314,168.772812,168.759949,168.733124,168.719528,168.705582,168.689484,168.663025,168.655151,168.622253,168.614746,168.596146,168.578629,168.557877,168.551804,168.537491,PAR,6977.404297,6977.404297,6977.404297,6977.404297,6977.404297,6977.404297,6977.404297,6977.404297,6977.404297,6977.404297,6977.404297,6977.404297,6977.404297,6977.404297,6977.404297,6977.404297,6977.404297,6977.404297,6977.404297,6977.404297,6977.404297,6977.404297,6977.404297,6977.404297,6977.404297,6977.404297,6977.404297,6977.404297,6977.404297,6977.404297,6919.270508,6861.136719,6803.002441,6744.868652,6686.734863,6628.601074,6570.466797,6512.333008,6454.199219,6396.064941,6337.931152,6279.797363,6221.663574,6163.529297,6105.395508,6047.261719,5989.127441,5930.993652,5872.859863,5814.726074,5756.591797,5698.458008,5640.324219,5582.189941,5524.056152,5465.922363,5407.788086,5349.654297,5291.520508,5233.386719,6977.404297,6977.404297,6977.404297,6977.404297,6977.404297,6977.404297,6977.404297,6977.404297,6977.404297,6977.404297,6977.404297,6977.404297,6977.404297,6977.404297,6977.404297,6977.404297,6977.404297,6977.404297,6977.404297,6977.404297,6977.404297,6977.404297,6977.404297,6977.404297,6977.404297,6977.404297,6977.404297,6977.404297,6977.404297,6977.404297,PHASE,1,1,1,1,1,1,1,1,1,1,1,1,1,1,1,1,1,1,1,1,1,1,1,1,1,1,1,1,1,1,2,2,2,2,2,2,2,2,2,2,2,2,2,2,2,2,2,2,2,2,2,2,2,2,2,2,2,2,2,2,3,3,3,3,3,3,3,3,3,3,3,3,3,3,3,3,3,3,3,3,3,3,3,3,3,3,3,3,3,3,FLASH_END"
2026-06-23T18:03:32Z,1,upper,noon,8,11:03:32,2026-06-23,Auto gsw+F,LI-COR Default,NA,8,NA,NA,-0.099752,1.945304,-0.105143,-0.87042,3.802824,3.842596,4.503271,0.700448,43.289902,42.841835,50.732937,0.441786,7.5,PSF-01793_20260623110332_67d,0,0,0,144.563553,230.115387,0.371778,0.5,0.8,50.497231,1,89.15,90.09,30.02,30.97,30.97,88.76,82.1,81.5,0.8,340,4.112,11:00:29,2026-06-23,-1.82,1,-0.001,-0.002,-0.003,-0.702,-1.748,8.135,1,150,0.005,2,0.058905,0,0.02923,0,0,-6.8e-5,standard,0,mpf,7000,500,5,2,300,300,300,226.536865,25,-3.844661,222.759247,224.605225,-1.845978,2.59867,2.56452,1.108053,0.767744,0.223474,0.012578,0.108927,0.405076,144.563553,3.87e-4,2.449094,1.8e-5,1,2.418127,-1e-6,1,0.602037,0.600124,0.106561,0,PSF-01793_20260623110332_67d,PFA-01559,PSA-01670,PSF-01793,RHS-2569,3.0.0,2024-07-09T18:52:43.055Z,MEASUREMENT_END
2026-06-23T18:03:32Z,1,upper,noon,PSF-01793_20260623110332_67d,11:03:32,2026-06-23,PFA-01559,PSA-01670,PSF-01793,0,0,0,230.115387,144.563553,0.371778,346.251007,NA,0,0.01,0.02,0.03,0.04,0.05,0.06,0.07,0.080000,0.09,0.1,0.11,0.12,0.13,0.14,0.15,0.16,0.17,0.18,0.19,0.2,0.21,0.22,0.23,0.24,0.25,0.26,0.27,0.28,0.29,0.300000,0.310000,0.32,0.33,0.34,0.35,0.36,0.37,0.38,0.39,0.4,0.41,0.42,0.43,0.44,0.45,0.46,0.47,0.48,0.49,0.500000,0.510000,0.520000,0.53,0.54,0.55,0.56,0.57,0.58,0.59,0.6,0.61,0.62,0.63,0.64,0.65,0.66,0.67,0.68,0.69,0.7,0.71,0.72,0.73,0.74,0.75,0.76,0.77,0.78,0.79,0.8,0.81,0.82,0.83,0.839999,0.849999,0.859999,0.869999,0.879999,0.889999,FLR,188.360092,217.841156,"224.587799,226.289398,226.536865,226.414917,226.248260,226.115936,226.019028,225.940353,225.912094,225.831985,225.774765,225.712891,225.659973,225.589157,225.519058,225.463623,225.398544,225.332382,225.285522,225.200775,225.124954,225.053436,224.991913,224.947937,224.871750,224.804871,224.739075,224.676483,224.630707,224.565979,224.495178,224.449402,224.379303,224.341400,224.257706,224.221222,224.148270,224.089630,224.044922,223.945145,223.901505,223.840714,223.784561,223.721985,223.652603,223.594315,223.537094,223.465561,223.440170,223.348969,223.273514,223.217728,223.144058,223.084686,223.021744,222.967392,222.916245,222.844360,222.667343,222.759247,222.744232,222.687714,222.622269,222.550034,222.470642,222.425217,222.377304,222.314713,222.263931,222.177032,222.062225,221.973541,221.905945,221.819046,221.742508,221.678848,221.599823,221.545105,221.503265,221.443893,221.360199,221.311218,221.261856,221.220367,221.156357,221.076965,221.006516,220.915314,PAR,6977.404297,6977.404297,6977.404297,6977.404297,6977.404297,6977.404297,6977.404297,6977.404297,6977.404297,6977.404297,6977.404297,6977.404297,6977.404297,6977.404297,6977.404297,6977.404297,6977.404297,6977.404297,6977.404297,6977.404297,6977.404297,6977.404297,6977.404297,6977.404297,6977.404297,6977.404297,6977.404297,6977.404297,6977.404297,6977.404297,6919.270508,6861.136719,6803.002441,6744.868652,6686.734863,6628.601074,6570.466797,6512.333008,6454.199219,6396.064941,6337.931152,6279.797363,6221.663574,6163.529297,6105.395508,6047.261719,5989.127441,5930.993652,5872.859863,5814.726074,5756.591797,5698.458008,5640.324219,5582.189941,5524.056152,5465.922363,5407.788086,5349.654297,5291.520508,5233.386719,6977.404297,6977.404297,6977.404297,6977.404297,6977.404297,6977.404297,6977.404297,6977.404297,6977.404297,6977.404297,6977.404297,6977.404297,6977.404297,6977.404297,6977.404297,6977.404297,6977.404297,6977.404297,6977.404297,6977.404297,6977.404297,6977.404297,6977.404297,6977.404297,6977.404297,6977.404297,6977.404297,6977.404297,6977.404297,6977.404297,PHASE,1,1,1,1,1,1,1,1,1,1,1,1,1,1,1,1,1,1,1,1,1,1,1,1,1,1,1,1,1,1,2,2,2,2,2,2,2,2,2,2,2,2,2,2,2,2,2,2,2,2,2,2,2,2,2,2,2,2,2,2,3,3,3,3,3,3,3,3,3,3,3,3,3,3,3,3,3,3,3,3,3,3,3,3,3,3,3,3,3,3,FLASH_END"
2026-06-23T18:03:43Z,1,upper,noon,9,11:03:43,2026-06-23,Auto gsw+F,LI-COR Default,NA,9,NA,NA,-0.017635,1.90039,-0.0178,-0.155723,3.875504,3.882833,4.614941,0.739436,43.74136,43.658802,51.988789,0.441786,7.5,PSF-01793_20260623110343_84e,0,0,0,47.201157,134.904068,0.650113,0.5,0.8,66.429329,1,89.98,90.15,30.19,31.4,31.4,88.77,79.7,79.2,0.6,255,4.11,11:00:29,2026-06-23,-1.82,1,0.002,0.004,0.01,0.379,0.443,0.882,1,150,0.005,2,0.058905,0,0.02923,0,0,-6.8e-5,standard,0,mpf,7000,500,5,2,300,300,300,127.999664,25,-4.736912,128.612274,128.115143,0.497131,2.598755,2.565803,1.090843,0.76278,0.221985,0.015776,0.110162,0.331132,47.201157,3.88e-4,2.449094,1.8e-5,1,2.418127,-1e-6,1,0.602037,0.600124,0.106561,0,PSF-01793_20260623110343_84e,PFA-01559,PSA-01670,PSF-01793,RHS-2569,3.0.0,2024-07-09T18:52:43.055Z,MEASUREMENT_END
2026-06-23T18:03:43Z,1,upper,noon,PSF-01793_20260623110343_84e,11:03:43,2026-06-23,PFA-01559,PSA-01670,PSF-01793,0,0,0,134.904068,47.201157,0.650113,262.138184,NA,0,0.01,0.02,0.03,0.04,0.05,0.06,0.07,0.080000,0.09,0.1,0.11,0.12,0.13,0.14,0.15,0.16,0.17,0.18,0.19,0.2,0.21,0.22,0.23,0.24,0.25,0.26,0.27,0.28,0.29,0.300000,0.310000,0.32,0.33,0.34,0.35,0.36,0.37,0.38,0.39,0.4,0.41,0.42,0.43,0.44,0.45,0.46,0.47,0.48,0.49,0.500000,0.510000,0.520000,0.53,0.54,0.55,0.56,0.57,0.58,0.59,0.6,0.61,0.62,0.63,0.64,0.65,0.66,0.67,0.68,0.69,0.7,0.71,0.72,0.73,0.74,0.75,0.76,0.77,0.78,0.79,0.8,0.81,0.82,0.83,0.839999,0.849999,0.859999,0.869999,0.879999,0.889999,FLR,78.586578,105.204102,"116.235497,121.626022,124.214890,125.528809,126.235840,126.642464,126.892090,127.075195,127.196075,127.294067,127.362373,127.423164,127.482178,127.534035,127.576233,127.627731,127.650978,127.687454,127.732872,127.752541,127.785088,127.816917,127.850891,127.870201,127.904175,127.930641,127.961754,127.999664,128.024704,127.931358,127.927063,127.841232,127.828003,127.746460,127.740028,127.629875,127.613785,127.518654,127.418159,127.387047,127.282974,127.277969,127.166389,127.049088,127.020119,126.926064,126.809120,126.782654,126.699684,126.568077,126.532677,126.432541,126.325966,126.185417,126.157524,126.067757,125.932930,125.804184,127.839088,128.318665,128.470306,128.527527,128.547913,128.574020,128.577591,128.582596,128.597610,128.600479,128.612274,128.582947,128.555054,128.552917,128.545410,128.530029,128.519653,128.508575,128.508926,128.501053,128.495697,128.474945,128.446335,128.435608,128.415222,128.408432,128.405212,128.417023,128.406647,128.395203,PAR,6977.404297,6977.404297,6977.404297,6977.404297,6977.404297,6977.404297,6977.404297,6977.404297,6977.404297,6977.404297,6977.404297,6977.404297,6977.404297,6977.404297,6977.404297,6977.404297,6977.404297,6977.404297,6977.404297,6977.404297,6977.404297,6977.404297,6977.404297,6977.404297,6977.404297,6977.404297,6977.404297,6977.404297,6977.404297,6977.404297,6919.270508,6861.136719,6803.002441,6744.868652,6686.734863,6628.601074,6570.466797,6512.333008,6454.199219,6396.064941,6337.931152,6279.797363,6221.663574,6163.529297,6105.395508,6047.261719,5989.127441,5930.993652,5872.859863,5814.726074,5756.591797,5698.458008,5640.324219,5582.189941,5524.056152,5465.922363,5407.788086,5349.654297,5291.520508,5233.386719,6977.404297,6977.404297,6977.404297,6977.404297,6977.404297,6977.404297,6977.404297,6977.404297,6977.404297,6977.404297,6977.404297,6977.404297,6977.404297,6977.404297,6977.404297,6977.404297,6977.404297,6977.404297,6977.404297,6977.404297,6977.404297,6977.404297,6977.404297,6977.404297,6977.404297,6977.404297,6977.404297,6977.404297,6977.404297,6977.404297,PHASE,1,1,1,1,1,1,1,1,1,1,1,1,1,1,1,1,1,1,1,1,1,1,1,1,1,1,1,1,1,1,2,2,2,2,2,2,2,2,2,2,2,2,2,2,2,2,2,2,2,2,2,2,2,2,2,2,2,2,2,2,3,3,3,3,3,3,3,3,3,3,3,3,3,3,3,3,3,3,3,3,3,3,3,3,3,3,3,3,3,3,FLASH_END"
2026-06-23T18:04:25Z,2,upper,noon,10,11:04:25,2026-06-23,Auto gsw+F,LI-COR Default,NA,10,NA,NA,-0.125473,1.774757,-0.135019,-1.070146,3.961509,4.016385,4.630868,0.669359,45.255928,44.637604,52.179829,0.441786,7.5,PSF-01793_20260623110425_b57,0,0,0,66.435455,240.240723,0.723463,0.5,0.8,6.567816,1,89.04,90.27,30.76,31.46,31.46,88.75,73,72.1,1.2,23,4.109,11:00:29,2026-06-23,-1.82,1,-0.002,-0.005,-0.011,0.273,0.1,0.047,1,150,0.005,2,0.058905,0,0.02923,0,0,-6.8e-5,standard,0,mpf,7000,500,5,2,300,300,300,239.921448,25,-0.315552,238.97052,239.788467,-0.817947,2.598915,2.564265,1.044942,0.747428,0.217088,0.009618,0.115101,0.126513,66.435455,3.89e-4,2.449094,1.8e-5,1,2.418127,-1e-6,1,0.602037,0.600124,0.106561,0,PSF-01793_20260623110425_b57,PFA-01559,PSA-01670,PSF-01793,RHS-2569,3.0.0,2024-07-09T18:52:43.055Z,MEASUREMENT_END
2026-06-23T18:04:25Z,2,upper,noon,PSF-01793_20260623110425_b57,11:04:25,2026-06-23,PFA-01559,PSA-01670,PSF-01793,0,0,0,240.240723,66.435455,0.723463,29.381006,NA,0,0.01,0.02,0.03,0.04,0.05,0.06,0.07,0.080000,0.09,0.1,0.11,0.12,0.13,0.14,0.15,0.16,0.17,0.18,0.19,0.2,0.21,0.22,0.23,0.24,0.25,0.26,0.27,0.28,0.29,0.300000,0.310000,0.32,0.33,0.34,0.35,0.36,0.37,0.38,0.39,0.4,0.41,0.42,0.43,0.44,0.45,0.46,0.47,0.48,0.49,0.500000,0.510000,0.520000,0.53,0.54,0.55,0.56,0.57,0.58,0.59,0.6,0.61,0.62,0.63,0.64,0.65,0.66,0.67,0.68,0.69,0.7,0.71,0.72,0.73,0.74,0.75,0.76,0.77,0.78,0.79,0.8,0.81,0.82,0.83,0.839999,0.849999,0.859999,0.869999,0.879999,0.889999,FLR,153.810028,217.089767,"233.723404,237.956284,239.126450,239.445450,239.566330,239.622833,239.675400,239.751572,239.808441,239.816666,239.843124,239.860657,239.875320,239.887482,239.889618,239.905716,239.891403,239.894623,239.921448,239.881393,239.877106,239.858871,239.844208,239.844208,239.823456,239.803787,239.788055,239.780182,239.766235,239.760880,239.740845,239.770538,239.756226,239.784836,239.755508,239.771240,239.751221,239.750504,239.779480,239.726547,239.737625,239.722260,239.720108,239.741211,239.712601,239.718323,239.726898,239.697220,239.721542,239.706161,239.671463,239.674683,239.675049,239.671829,239.637497,239.635712,239.636063,239.612823,238.900787,238.970520,238.962296,238.919373,238.894348,238.850357,238.823532,238.793137,238.750580,238.707657,238.673691,238.627197,238.582489,238.542435,238.483078,238.458755,238.406189,238.359695,238.318558,238.260620,238.237732,238.172287,238.116150,238.076096,238.031738,237.963074,237.925171,237.870453,237.821823,237.761017,PAR,6977.404297,6977.404297,6977.404297,6977.404297,6977.404297,6977.404297,6977.404297,6977.404297,6977.404297,6977.404297,6977.404297,6977.404297,6977.404297,6977.404297,6977.404297,6977.404297,6977.404297,6977.404297,6977.404297,6977.404297,6977.404297,6977.404297,6977.404297,6977.404297,6977.404297,6977.404297,6977.404297,6977.404297,6977.404297,6977.404297,6919.270508,6861.136719,6803.002441,6744.868652,6686.734863,6628.601074,6570.466797,6512.333008,6454.199219,6396.064941,6337.931152,6279.797363,6221.663574,6163.529297,6105.395508,6047.261719,5989.127441,5930.993652,5872.859863,5814.726074,5756.591797,5698.458008,5640.324219,5582.189941,5524.056152,5465.922363,5407.788086,5349.654297,5291.520508,5233.386719,6977.404297,6977.404297,6977.404297,6977.404297,6977.404297,6977.404297,6977.404297,6977.404297,6977.404297,6977.404297,6977.404297,6977.404297,6977.404297,6977.404297,6977.404297,6977.404297,6977.404297,6977.404297,6977.404297,6977.404297,6977.404297,6977.404297,6977.404297,6977.404297,6977.404297,6977.404297,6977.404297,6977.404297,6977.404297,6977.404297,PHASE,1,1,1,1,1,1,1,1,1,1,1,1,1,1,1,1,1,1,1,1,1,1,1,1,1,1,1,1,1,1,2,2,2,2,2,2,2,2,2,2,2,2,2,2,2,2,2,2,2,2,2,2,2,2,2,2,2,2,2,2,3,3,3,3,3,3,3,3,3,3,3,3,3,3,3,3,3,3,3,3,3,3,3,3,3,3,3,3,3,3,FLASH_END"
2026-06-23T18:04:44Z,2,upper,noon,11,11:04:44,2026-06-23,Auto gsw+F,LI-COR Default,NA,11,NA,NA,-0.133249,1.726586,-0.144393,-1.156501,4.009953,4.07129,4.685907,0.675954,45.877312,45.186134,52.80312,0.441786,7.5,PSF-01793_20260623110444_c18,0,0,0,71.466209,252.034195,0.716442,0.5,0.8,3.953388,1,88.97,90.33,30.98,31.67,31.67,88.74,70.6,69.9,0.9,14,4.109,11:00:29,2026-06-23,-1.82,1,-0.002,-0.003,-0.009,-0.244,-0.395,-0.821,1,150,0.005,2,0.058905,0,0.02923,0,0,-6.8e-5,standard,0,mpf,7000,500,5,2,300,300,300,250.71788,25,-1.429053,248.366837,249.986084,-1.619247,2.598987,2.564127,1.028147,0.74266,0.215156,0.009394,0.117234,0.118688,71.466209,3.87e-4,2.449094,1.8e-5,1,2.418127,-1e-6,1,0.602037,0.600124,0.106561,0,PSF-01793_20260623110444_c18,PFA-01559,PSA-01670,PSF-01793,RHS-2569,3.0.0,2024-07-09T18:52:43.055Z,MEASUREMENT_END
2026-06-23T18:04:44Z,2,upper,noon,PSF-01793_20260623110444_c18,11:04:44,2026-06-23,PFA-01559,PSA-01670,PSF-01793,0,0,0,252.034195,71.466209,0.716442,20.480455,NA,0,0.01,0.02,0.03,0.04,0.05,0.06,0.07,0.080000,0.09,0.1,0.11,0.12,0.13,0.14,0.15,0.16,0.17,0.18,0.19,0.2,0.21,0.22,0.23,0.24,0.25,0.26,0.27,0.28,0.29,0.300000,0.310000,0.32,0.33,0.34,0.35,0.36,0.37,0.38,0.39,0.4,0.41,0.42,0.43,0.44,0.45,0.46,0.47,0.48,0.49,0.500000,0.510000,0.520000,0.53,0.54,0.55,0.56,0.57,0.58,0.59,0.6,0.61,0.62,0.63,0.64,0.65,0.66,0.67,0.68,0.69,0.7,0.71,0.72,0.73,0.74,0.75,0.76,0.77,0.78,0.79,0.8,0.81,0.82,0.83,0.839999,0.849999,0.859999,0.869999,0.879999,0.889999,FLR,171.679611,235.514038,"246.030090,248.484848,249.373199,249.799850,250.028366,250.198959,250.349518,250.428192,250.525833,250.555511,250.593063,250.640274,250.676041,250.703217,250.704285,250.717880,250.707504,250.699646,250.706787,250.637772,250.584839,250.516174,250.455017,250.393158,250.344513,250.270126,250.220779,250.156403,250.083084,250.078079,250.021225,250.038391,249.977234,249.977951,249.882812,249.861359,249.777313,249.768738,249.770874,249.644287,249.634262,249.560593,249.543076,249.562027,249.511963,249.547363,249.570969,249.503738,249.519104,249.493362,249.442215,249.444000,249.456161,249.463684,249.430420,249.450439,249.472626,249.494431,248.336075,248.366837,248.330719,248.274200,248.182297,248.117569,248.051758,248.007416,247.968430,247.914429,247.859009,247.761368,247.684128,247.595428,247.514252,247.442001,247.347595,247.273926,247.185226,247.135880,247.102615,247.051483,247.022873,247.009277,246.968155,246.922729,246.852280,246.801498,246.731750,246.622330,PAR,6977.404297,6977.404297,6977.404297,6977.404297,6977.404297,6977.404297,6977.404297,6977.404297,6977.404297,6977.404297,6977.404297,6977.404297,6977.404297,6977.404297,6977.404297,6977.404297,6977.404297,6977.404297,6977.404297,6977.404297,6977.404297,6977.404297,6977.404297,6977.404297,6977.404297,6977.404297,6977.404297,6977.404297,6977.404297,6977.404297,6919.270508,6861.136719,6803.002441,6744.868652,6686.734863,6628.601074,6570.466797,6512.333008,6454.199219,6396.064941,6337.931152,6279.797363,6221.663574,6163.529297,6105.395508,6047.261719,5989.127441,5930.993652,5872.859863,5814.726074,5756.591797,5698.458008,5640.324219,5582.189941,5524.056152,5465.922363,5407.788086,5349.654297,5291.520508,5233.386719,6977.404297,6977.404297,6977.404297,6977.404297,6977.404297,6977.404297,6977.404297,6977.404297,6977.404297,6977.404297,6977.404297,6977.404297,6977.404297,6977.404297,6977.404297,6977.404297,6977.404297,6977.404297,6977.404297,6977.404297,6977.404297,6977.404297,6977.404297,6977.404297,6977.404297,6977.404297,6977.404297,6977.404297,6977.404297,6977.404297,PHASE,1,1,1,1,1,1,1,1,1,1,1,1,1,1,1,1,1,1,1,1,1,1,1,1,1,1,1,1,1,1,2,2,2,2,2,2,2,2,2,2,2,2,2,2,2,2,2,2,2,2,2,2,2,2,2,2,2,2,2,2,3,3,3,3,3,3,3,3,3,3,3,3,3,3,3,3,3,3,3,3,3,3,3,3,3,3,3,3,3,3,FLASH_END"
2026-06-23T18:05:03Z,2,upper,noon,12,11:05:03,2026-06-23,Auto gsw+F,LI-COR Default,NA,12,NA,NA,-0.126981,1.6764,-0.137388,-1.097054,4.06565,4.125966,4.739243,0.673593,46.485172,45.805626,53.394653,0.441786,7.5,PSF-01793_20260623110503_973,0,0,0,60.066105,243.533142,0.753356,0.5,0.8,3.402056,1,89.09,90.41,31.2,31.87,31.87,88.76,68.1,67.6,0.6,11,4.109,11:00:29,2026-06-23,-1.82,1,-0.003,-0.004,-0.011,0.112,0.235,0.449,1,150,0.005,2,0.058905,0,0.02923,0,0,-6.8e-5,standard,0,mpf,7000,500,5,2,300,300,300,243.533142,25,0.462447,243.164413,244.195923,-1.031509,2.5991,2.564293,1.011087,0.737706,0.213314,0.00917,0.119395,0.116486,60.066105,3.88e-4,2.449094,1.8e-5,1,2.418127,-1e-6,1,0.602037,0.600124,0.106561,0,PSF-01793_20260623110503_973,PFA-01559,PSA-01670,PSF-01793,RHS-2569,3.0.0,2024-07-09T18:52:43.055Z,MEASUREMENT_END
2026-06-23T18:05:03Z,2,upper,noon,PSF-01793_20260623110503_973,11:05:03,2026-06-23,PFA-01559,PSA-01670,PSF-01793,0,0,0,243.533142,60.066105,0.753356,17.974924,NA,0,0.01,0.02,0.03,0.04,0.05,0.06,0.07,0.080000,0.09,0.1,0.11,0.12,0.13,0.14,0.15,0.16,0.17,0.18,0.19,0.2,0.21,0.22,0.23,0.24,0.25,0.26,0.27,0.28,0.29,0.300000,0.310000,0.32,0.33,0.34,0.35,0.36,0.37,0.38,0.39,0.4,0.41,0.42,0.43,0.44,0.45,0.46,0.47,0.48,0.49,0.500000,0.510000,0.520000,0.53,0.54,0.55,0.56,0.57,0.58,0.59,0.6,0.61,0.62,0.63,0.64,0.65,0.66,0.67,0.68,0.69,0.7,0.71,0.72,0.73,0.74,0.75,0.76,0.77,0.78,0.79,0.8,0.81,0.82,0.83,0.839999,0.849999,0.859999,0.869999,0.879999,0.889999,FLR,151.059509,221.817963,"236.711380,239.976883,241.104843,241.713531,242.106918,242.375854,242.580063,242.742783,242.871170,242.975952,243.056778,243.108627,243.181946,243.228439,243.243820,243.268845,243.307114,243.335373,243.379349,243.382568,243.409393,243.446594,243.467682,243.490936,243.513824,243.508453,243.533142,243.532776,243.552811,243.610031,243.613953,243.686203,243.704086,243.763092,243.771317,243.806000,243.803146,243.809937,243.863220,243.829254,243.870026,243.866806,243.913300,243.938324,243.939041,243.959076,243.946915,243.912216,243.947632,243.915802,243.883972,243.871094,243.880035,243.862152,243.849640,243.849991,243.841766,243.792419,243.053909,243.164413,243.142609,243.092896,243.066437,243.009216,242.985962,242.950562,242.888336,242.821808,242.751358,242.641922,242.586136,242.521759,242.473846,242.391586,242.326141,242.265350,242.214554,242.139816,242.095108,241.996048,241.926666,241.845840,241.743561,241.653091,241.565109,241.499664,241.410248,241.350891,PAR,6977.404297,6977.404297,6977.404297,6977.404297,6977.404297,6977.404297,6977.404297,6977.404297,6977.404297,6977.404297,6977.404297,6977.404297,6977.404297,6977.404297,6977.404297,6977.404297,6977.404297,6977.404297,6977.404297,6977.404297,6977.404297,6977.404297,6977.404297,6977.404297,6977.404297,6977.404297,6977.404297,6977.404297,6977.404297,6977.404297,6919.270508,6861.136719,6803.002441,6744.868652,6686.734863,6628.601074,6570.466797,6512.333008,6454.199219,6396.064941,6337.931152,6279.797363,6221.663574,6163.529297,6105.395508,6047.261719,5989.127441,5930.993652,5872.859863,5814.726074,5756.591797,5698.458008,5640.324219,5582.189941,5524.056152,5465.922363,5407.788086,5349.654297,5291.520508,5233.386719,6977.404297,6977.404297,6977.404297,6977.404297,6977.404297,6977.404297,6977.404297,6977.404297,6977.404297,6977.404297,6977.404297,6977.404297,6977.404297,6977.404297,6977.404297,6977.404297,6977.404297,6977.404297,6977.404297,6977.404297,6977.404297,6977.404297,6977.404297,6977.404297,6977.404297,6977.404297,6977.404297,6977.404297,6977.404297,6977.404297,PHASE,1,1,1,1,1,1,1,1,1,1,1,1,1,1,1,1,1,1,1,1,1,1,1,1,1,1,1,1,1,1,2,2,2,2,2,2,2,2,2,2,2,2,2,2,2,2,2,2,2,2,2,2,2,2,2,2,2,2,2,2,3,3,3,3,3,3,3,3,3,3,3,3,3,3,3,3,3,3,3,3,3,3,3,3,3,3,3,3,3,3,FLASH_END"
2026-06-23T18:05:35Z,3,lower,noon,13,11:05:35,2026-06-23,Auto gsw+F,LI-COR Default,NA,13,NA,NA,-0.143433,1.614136,-0.157422,-1.130813,4.141274,4.20634,4.747025,0.605751,47.383904,46.650944,53.474651,0.441786,7.5,PSF-01793_20260623110535_b9a,0,0,0,58.102013,250.595612,0.768144,0.5,0.8,2.935737,1,89.14,90.54,31.52,31.9,31.9,88.77,65,64.4,0.8,10,4.107,11:00:29,2026-06-23,-1.82,1,-0.003,-0.004,-0.011,-0.048,0.01,0.224,1,150,0.005,2,0.058905,0,0.02923,0,0,-6.8e-5,standard,0,mpf,7000,500,5,2,300,300,300,247.052902,25,-2.397472,246.106262,247.159561,-1.053299,2.599291,2.564345,0.990506,0.730898,0.210703,0.005684,0.122853,0.114961,58.102013,3.85e-4,2.449094,1.8e-5,1,2.418127,-1e-6,1,0.602037,0.600124,0.106561,0,PSF-01793_20260623110535_b9a,PFA-01559,PSA-01670,PSF-01793,RHS-2569,3.0.0,2024-07-09T18:52:43.055Z,MEASUREMENT_END
2026-06-23T18:05:35Z,3,lower,noon,PSF-01793_20260623110535_b9a,11:05:35,2026-06-23,PFA-01559,PSA-01670,PSF-01793,0,0,0,250.595612,58.102013,0.768144,16.239889,NA,0,0.01,0.02,0.03,0.04,0.05,0.06,0.07,0.080000,0.09,0.1,0.11,0.12,0.13,0.14,0.15,0.16,0.17,0.18,0.19,0.2,0.21,0.22,0.23,0.24,0.25,0.26,0.27,0.28,0.29,0.300000,0.310000,0.32,0.33,0.34,0.35,0.36,0.37,0.38,0.39,0.4,0.41,0.42,0.43,0.44,0.45,0.46,0.47,0.48,0.49,0.500000,0.510000,0.520000,0.53,0.54,0.55,0.56,0.57,0.58,0.59,0.6,0.61,0.62,0.63,0.64,0.65,0.66,0.67,0.68,0.69,0.7,0.71,0.72,0.73,0.74,0.75,0.76,0.77,0.78,0.79,0.8,0.81,0.82,0.83,0.839999,0.849999,0.859999,0.869999,0.879999,0.889999,FLR,138.487823,214.479095,"234.048126,239.996918,242.575760,243.962997,244.805939,245.345947,245.746857,245.990036,246.187454,246.313339,246.418839,246.525055,246.602295,246.674896,246.736053,246.795410,246.833679,246.883041,246.940262,246.944183,246.972794,246.978516,246.992462,247.004272,247.002121,247.015717,247.052902,247.041458,247.043259,247.030014,247.013565,247.021072,246.985321,246.982101,246.913788,246.902710,246.859787,246.850494,246.830109,246.819016,246.817230,246.782181,246.725327,246.673828,246.615524,246.592636,246.535782,246.518250,246.501083,246.459610,246.383072,246.333008,246.255035,246.165283,246.101974,246.064072,245.991104,245.912079,245.916367,246.106262,246.098404,246.052261,246.008636,245.930664,245.892044,245.848053,245.787979,245.724670,245.664246,245.568039,245.473618,245.389938,245.319489,245.249039,245.190018,245.127792,245.044464,244.986176,244.942551,244.864578,244.815948,244.775894,244.715805,244.665024,244.597076,244.515900,244.447586,244.404678,PAR,6977.404297,6977.404297,6977.404297,6977.404297,6977.404297,6977.404297,6977.404297,6977.404297,6977.404297,6977.404297,6977.404297,6977.404297,6977.404297,6977.404297,6977.404297,6977.404297,6977.404297,6977.404297,6977.404297,6977.404297,6977.404297,6977.404297,6977.404297,6977.404297,6977.404297,6977.404297,6977.404297,6977.404297,6977.404297,6977.404297,6919.270508,6861.136719,6803.002441,6744.868652,6686.734863,6628.601074,6570.466797,6512.333008,6454.199219,6396.064941,6337.931152,6279.797363,6221.663574,6163.529297,6105.395508,6047.261719,5989.127441,5930.993652,5872.859863,5814.726074,5756.591797,5698.458008,5640.324219,5582.189941,5524.056152,5465.922363,5407.788086,5349.654297,5291.520508,5233.386719,6977.404297,6977.404297,6977.404297,6977.404297,6977.404297,6977.404297,6977.404297,6977.404297,6977.404297,6977.404297,6977.404297,6977.404297,6977.404297,6977.404297,6977.404297,6977.404297,6977.404297,6977.404297,6977.404297,6977.404297,6977.404297,6977.404297,6977.404297,6977.404297,6977.404297,6977.404297,6977.404297,6977.404297,6977.404297,6977.404297,PHASE,1,1,1,1,1,1,1,1,1,1,1,1,1,1,1,1,1,1,1,1,1,1,1,1,1,1,1,1,1,1,2,2,2,2,2,2,2,2,2,2,2,2,2,2,2,2,2,2,2,2,2,2,2,2,2,2,2,2,2,2,3,3,3,3,3,3,3,3,3,3,3,3,3,3,3,3,3,3,3,3,3,3,3,3,3,3,3,3,3,3,FLASH_END"
2026-06-23T18:05:49Z,3,lower,noon,14,11:05:49,2026-06-23,Auto gsw+F,LI-COR Default,NA,14,NA,NA,-0.155673,1.594477,-0.172516,-1.28097,4.166525,4.241316,4.792446,0.625921,47.775349,46.93288,53.983425,0.441786,7.5,PSF-01793_20260623110549_ba7,0,0,0,49.487114,228.105515,0.783052,0.5,0.8,4.14077,1,88.98,90.58,31.65,32.06,32.06,88.78,64,63.5,0.8,13,4.106,11:00:29,2026-06-23,-1.82,1,-0.002,-0.003,-0.009,0.001,0.037,0.163,1,150,0.005,2,0.058905,0,0.02923,0,0,-6.8e-5,standard,0,mpf,7000,500,5,2,300,300,300,227.49353,25,-0.302858,228.071457,227.671463,0.399994,2.599344,2.56408,0.984137,0.728836,0.209561,0.006055,0.124313,0.118183,49.487114,3.86e-4,2.449094,1.8e-5,1,2.418127,-1e-6,1,0.602037,0.600124,0.106561,0,PSF-01793_20260623110549_ba7,PFA-01559,PSA-01670,PSF-01793,RHS-2569,3.0.0,2024-07-09T18:52:43.055Z,MEASUREMENT_END
2026-06-23T18:05:49Z,3,lower,noon,PSF-01793_20260623110549_ba7,11:05:49,2026-06-23,PFA-01559,PSA-01670,PSF-01793,0,0,0,228.105515,49.487114,0.783052,19.905228,NA,0,0.01,0.02,0.03,0.04,0.05,0.06,0.07,0.080000,0.09,0.1,0.11,0.12,0.13,0.14,0.15,0.16,0.17,0.18,0.19,0.2,0.21,0.22,0.23,0.24,0.25,0.26,0.27,0.28,0.29,0.300000,0.310000,0.32,0.33,0.34,0.35,0.36,0.37,0.38,0.39,0.4,0.41,0.42,0.43,0.44,0.45,0.46,0.47,0.48,0.49,0.500000,0.510000,0.520000,0.53,0.54,0.55,0.56,0.57,0.58,0.59,0.6,0.61,0.62,0.63,0.64,0.65,0.66,0.67,0.68,0.69,0.7,0.71,0.72,0.73,0.74,0.75,0.76,0.77,0.78,0.79,0.8,0.81,0.82,0.83,0.839999,0.849999,0.859999,0.869999,0.879999,0.889999,FLR,108.348373,181.821228,"210.887787,219.579224,222.695236,224.118942,224.910019,225.403183,225.763321,226.003998,226.224655,226.355194,226.486084,226.598389,226.681702,226.762527,226.839417,226.888779,226.951721,227.004654,227.074738,227.110504,227.144119,227.194901,227.238892,227.295044,227.336166,227.384445,227.427719,227.493530,227.570419,227.587585,227.605820,227.584366,227.557892,227.563263,227.604034,227.612610,227.640869,227.662689,227.683777,227.702744,227.706314,227.711670,227.685577,227.671631,227.688431,227.678055,227.635498,227.648743,227.667694,227.619415,227.626923,227.606537,227.560394,227.519272,227.491379,227.457047,227.400894,227.357620,227.799301,228.042480,228.071457,228.048203,228.001709,227.962021,227.931259,227.911957,227.886200,227.873688,227.877625,227.823608,227.783554,227.746002,227.694870,227.608322,227.526062,227.465637,227.385880,227.314346,227.263565,227.177383,227.123016,227.063660,226.996780,226.949219,226.841217,226.752167,226.672409,226.590866,PAR,6977.404297,6977.404297,6977.404297,6977.404297,6977.404297,6977.404297,6977.404297,6977.404297,6977.404297,6977.404297,6977.404297,6977.404297,6977.404297,6977.404297,6977.404297,6977.404297,6977.404297,6977.404297,6977.404297,6977.404297,6977.404297,6977.404297,6977.404297,6977.404297,6977.404297,6977.404297,6977.404297,6977.404297,6977.404297,6977.404297,6919.270508,6861.136719,6803.002441,6744.868652,6686.734863,6628.601074,6570.466797,6512.333008,6454.199219,6396.064941,6337.931152,6279.797363,6221.663574,6163.529297,6105.395508,6047.261719,5989.127441,5930.993652,5872.859863,5814.726074,5756.591797,5698.458008,5640.324219,5582.189941,5524.056152,5465.922363,5407.788086,5349.654297,5291.520508,5233.386719,6977.404297,6977.404297,6977.404297,6977.404297,6977.404297,6977.404297,6977.404297,6977.404297,6977.404297,6977.404297,6977.404297,6977.404297,6977.404297,6977.404297,6977.404297,6977.404297,6977.404297,6977.404297,6977.404297,6977.404297,6977.404297,6977.404297,6977.404297,6977.404297,6977.404297,6977.404297,6977.404297,6977.404297,6977.404297,6977.404297,PHASE,1,1,1,1,1,1,1,1,1,1,1,1,1,1,1,1,1,1,1,1,1,1,1,1,1,1,1,1,1,1,2,2,2,2,2,2,2,2,2,2,2,2,2,2,2,2,2,2,2,2,2,2,2,2,2,2,2,2,2,2,3,3,3,3,3,3,3,3,3,3,3,3,3,3,3,3,3,3,3,3,3,3,3,3,3,3,3,3,3,3,FLASH_END"
2026-06-23T18:05:57Z,3,lower,noon,15,11:05:57,2026-06-23,Auto gsw+F,LI-COR Default,NA,15,NA,NA,-0.141382,1.577583,-0.1553,-1.162696,4.194454,4.263184,4.82523,0.630776,48.029518,47.255196,54.361591,0.441786,7.5,PSF-01793_20260623110557_d7f,0,0,0,53.197861,250.370941,0.787524,0.5,0.8,3.855582,1,89.16,90.62,31.74,32.18,32.18,88.76,63.2,63.1,0.2,12,4.106,11:00:29,2026-06-23,-1.82,1,-0.004,-0.005,-0.012,0.253,0.614,1.187,1,150,0.005,2,0.058905,0,0.02923,0,0,-6.8e-5,standard,0,mpf,7000,500,5,2,300,300,300,249.339935,25,-0.611156,249.311691,249.495041,-0.18335,2.599402,2.56435,0.978711,0.727931,0.20888,0.00652,0.125133,0.117321,53.197861,3.91e-4,2.449094,1.8e-5,1,2.418127,-1e-6,1,0.602037,0.600124,0.106561,0,PSF-01793_20260623110557_d7f,PFA-01559,PSA-01670,PSF-01793,RHS-2569,3.0.0,2024-07-09T18:52:43.055Z,MEASUREMENT_END
2026-06-23T18:05:57Z,3,lower,noon,PSF-01793_20260623110557_d7f,11:05:57,2026-06-23,PFA-01559,PSA-01670,PSF-01793,0,0,0,250.370941,53.197861,0.787524,18.924822,NA,0,0.01,0.02,0.03,0.04,0.05,0.06,0.07,0.080000,0.09,0.1,0.11,0.12,0.13,0.14,0.15,0.16,0.17,0.18,0.19,0.2,0.21,0.22,0.23,0.24,0.25,0.26,0.27,0.28,0.29,0.300000,0.310000,0.32,0.33,0.34,0.35,0.36,0.37,0.38,0.39,0.4,0.41,0.42,0.43,0.44,0.45,0.46,0.47,0.48,0.49,0.500000,0.510000,0.520000,0.53,0.54,0.55,0.56,0.57,0.58,0.59,0.6,0.61,0.62,0.63,0.64,0.65,0.66,0.67,0.68,0.69,0.7,0.71,0.72,0.73,0.74,0.75,0.76,0.77,0.78,0.79,0.8,0.81,0.82,0.83,0.839999,0.849999,0.859999,0.869999,0.879999,0.889999,FLR,125.248787,205.119247,"235.434296,243.659378,246.043320,246.886963,247.319336,247.615097,247.867233,248.061417,248.219849,248.347519,248.464111,248.574966,248.668671,248.739487,248.825668,248.879318,248.942261,248.992676,249.062057,249.104263,249.139313,249.179001,249.222992,249.245529,249.272339,249.292023,249.315979,249.339935,249.371414,249.384277,249.382492,249.413971,249.406815,249.442215,249.444366,249.433273,249.432556,249.446869,249.464752,249.427917,249.427200,249.427917,249.417542,249.437576,249.431854,249.428986,249.414688,249.401093,249.376419,249.342804,249.310608,249.282364,249.246597,249.204758,249.180084,249.169708,249.107117,249.087448,249.066711,249.288803,249.311691,249.296661,249.263763,249.241226,249.207260,249.177216,249.151108,249.118210,249.101761,249.052399,249.029160,248.996979,248.951553,248.913284,248.874664,248.830322,248.797775,248.760223,248.738052,248.672241,248.636841,248.573547,248.547440,248.503448,248.411530,248.309967,248.248459,248.173004,PAR,6977.404297,6977.404297,6977.404297,6977.404297,6977.404297,6977.404297,6977.404297,6977.404297,6977.404297,6977.404297,6977.404297,6977.404297,6977.404297,6977.404297,6977.404297,6977.404297,6977.404297,6977.404297,6977.404297,6977.404297,6977.404297,6977.404297,6977.404297,6977.404297,6977.404297,6977.404297,6977.404297,6977.404297,6977.404297,6977.404297,6919.270508,6861.136719,6803.002441,6744.868652,6686.734863,6628.601074,6570.466797,6512.333008,6454.199219,6396.064941,6337.931152,6279.797363,6221.663574,6163.529297,6105.395508,6047.261719,5989.127441,5930.993652,5872.859863,5814.726074,5756.591797,5698.458008,5640.324219,5582.189941,5524.056152,5465.922363,5407.788086,5349.654297,5291.520508,5233.386719,6977.404297,6977.404297,6977.404297,6977.404297,6977.404297,6977.404297,6977.404297,6977.404297,6977.404297,6977.404297,6977.404297,6977.404297,6977.404297,6977.404297,6977.404297,6977.404297,6977.404297,6977.404297,6977.404297,6977.404297,6977.404297,6977.404297,6977.404297,6977.404297,6977.404297,6977.404297,6977.404297,6977.404297,6977.404297,6977.404297,PHASE,1,1,1,1,1,1,1,1,1,1,1,1,1,1,1,1,1,1,1,1,1,1,1,1,1,1,1,1,1,1,2,2,2,2,2,2,2,2,2,2,2,2,2,2,2,2,2,2,2,2,2,2,2,2,2,2,2,2,2,2,3,3,3,3,3,3,3,3,3,3,3,3,3,3,3,3,3,3,3,3,3,3,3,3,3,3,3,3,3,3,FLASH_END"
2026-06-23T18:06:24Z,3,upper,noon,16,11:06:24,2026-06-23,Auto gsw+F,LI-COR Default,NA,16,NA,NA,-0.140234,1.524884,-0.154436,-1.242069,4.246046,4.322461,4.922898,0.676852,48.707764,47.84668,55.473801,0.441786,7.5,PSF-01793_20260623110624_05d,0,0,0,55.030704,240.788177,0.771456,0.5,0.8,7.367433,1,89.18,90.78,31.95,32.54,32.54,88.74,60.7,60.1,0.9,24,4.106,11:00:29,2026-06-23,-1.82,1,-0.002,-0.004,-0.01,0.079,0.422,0.429,1,150,0.005,2,0.058905,0,0.02923,0,0,-6.8e-5,standard,0,mpf,7000,500,5,2,300,300,300,236.052277,25,-3.28247,235.766525,236.083755,-0.31723,2.599655,2.56436,0.962063,0.721747,0.207151,0.008297,0.127998,0.12755,55.030704,3.89e-4,2.449094,1.8e-5,1,2.418127,-1e-6,1,0.602037,0.600124,0.106561,0,PSF-01793_20260623110624_05d,PFA-01559,PSA-01670,PSF-01793,RHS-2569,3.0.0,2024-07-09T18:52:43.055Z,MEASUREMENT_END
2026-06-23T18:06:24Z,3,upper,noon,PSF-01793_20260623110624_05d,11:06:24,2026-06-23,PFA-01559,PSA-01670,PSF-01793,0,0,0,240.788177,55.030704,0.771456,30.560341,NA,0,0.01,0.02,0.03,0.04,0.05,0.06,0.07,0.080000,0.09,0.1,0.11,0.12,0.13,0.14,0.15,0.16,0.17,0.18,0.19,0.2,0.21,0.22,0.23,0.24,0.25,0.26,0.27,0.28,0.29,0.300000,0.310000,0.32,0.33,0.34,0.35,0.36,0.37,0.38,0.39,0.4,0.41,0.42,0.43,0.44,0.45,0.46,0.47,0.48,0.49,0.500000,0.510000,0.520000,0.53,0.54,0.55,0.56,0.57,0.58,0.59,0.6,0.61,0.62,0.63,0.64,0.65,0.66,0.67,0.68,0.69,0.7,0.71,0.72,0.73,0.74,0.75,0.76,0.77,0.78,0.79,0.8,0.81,0.82,0.83,0.839999,0.849999,0.859999,0.869999,0.879999,0.889999,FLR,121.484039,191.091660,"216.543320,225.986481,230.135315,232.189529,233.339310,234.048843,234.519119,234.838135,235.089188,235.252975,235.408539,235.529419,235.640640,235.713959,235.770828,235.828751,235.868805,235.906723,235.965729,235.966797,235.998993,236.036179,236.041901,236.052277,236.049774,236.034744,236.027603,236.040466,236.058716,236.008636,235.961441,235.916382,235.880966,235.853073,235.834839,235.762604,235.736130,235.674973,235.629196,235.550873,235.498306,235.446457,235.414627,235.326294,235.284805,235.210770,235.134598,235.106354,235.081665,234.987610,234.965439,234.914658,234.841339,234.756943,234.742279,234.688644,234.627838,234.562393,235.192535,235.592728,235.706802,235.727554,235.752579,235.766525,235.749359,235.735413,235.735779,235.736847,235.736496,235.708588,235.691788,235.697861,235.693573,235.680344,235.676758,235.679626,235.663895,235.668533,235.703949,235.685349,235.686066,235.673553,235.686066,235.693573,235.694641,235.698944,235.688919,235.695358,PAR,6977.404297,6977.404297,6977.404297,6977.404297,6977.404297,6977.404297,6977.404297,6977.404297,6977.404297,6977.404297,6977.404297,6977.404297,6977.404297,6977.404297,6977.404297,6977.404297,6977.404297,6977.404297,6977.404297,6977.404297,6977.404297,6977.404297,6977.404297,6977.404297,6977.404297,6977.404297,6977.404297,6977.404297,6977.404297,6977.404297,6919.270508,6861.136719,6803.002441,6744.868652,6686.734863,6628.601074,6570.466797,6512.333008,6454.199219,6396.064941,6337.931152,6279.797363,6221.663574,6163.529297,6105.395508,6047.261719,5989.127441,5930.993652,5872.859863,5814.726074,5756.591797,5698.458008,5640.324219,5582.189941,5524.056152,5465.922363,5407.788086,5349.654297,5291.520508,5233.386719,6977.404297,6977.404297,6977.404297,6977.404297,6977.404297,6977.404297,6977.404297,6977.404297,6977.404297,6977.404297,6977.404297,6977.404297,6977.404297,6977.404297,6977.404297,6977.404297,6977.404297,6977.404297,6977.404297,6977.404297,6977.404297,6977.404297,6977.404297,6977.404297,6977.404297,6977.404297,6977.404297,6977.404297,6977.404297,6977.404297,PHASE,1,1,1,1,1,1,1,1,1,1,1,1,1,1,1,1,1,1,1,1,1,1,1,1,1,1,1,1,1,1,2,2,2,2,2,2,2,2,2,2,2,2,2,2,2,2,2,2,2,2,2,2,2,2,2,2,2,2,2,2,3,3,3,3,3,3,3,3,3,3,3,3,3,3,3,3,3,3,3,3,3,3,3,3,3,3,3,3,3,3,FLASH_END"
2026-06-23T18:06:39Z,3,upper,noon,17,11:06:39,2026-06-23,Auto gsw+F,LI-COR Default,NA,17,NA,NA,-0.134145,1.502422,-0.147297,-1.298092,4.272602,4.353853,5.01365,0.741048,49.068001,48.152302,56.503925,0.441786,7.5,PSF-01793_20260623110639_7a1,0,0,0,57.652473,245.318054,0.764989,0.5,0.8,8.38393,1,89.18,90.88,32.06,32.86,32.86,88.73,59.6,59.3,0.5,27,4.105,11:00:29,2026-06-23,-1.82,1,-0.002,-0.004,-0.011,0.215,0.098,-0.257,1,150,0.005,2,0.058905,0,0.02923,0,0,-6.8e-5,standard,0,mpf,7000,500,5,2,300,300,300,241.787903,25,-2.413794,241.320496,241.858612,-0.538116,2.599801,2.564353,0.95509,0.720007,0.206263,0.010967,0.129569,0.130648,57.652473,3.93e-4,2.449094,1.8e-5,1,2.418127,-1e-6,1,0.602037,0.600124,0.106561,0,PSF-01793_20260623110639_7a1,PFA-01559,PSA-01670,PSF-01793,RHS-2569,3.0.0,2024-07-09T18:52:43.055Z,MEASUREMENT_END
2026-06-23T18:06:39Z,3,upper,noon,PSF-01793_20260623110639_7a1,11:06:39,2026-06-23,PFA-01559,PSA-01670,PSF-01793,0,0,0,245.318054,57.652473,0.764989,34.084114,NA,0,0.01,0.02,0.03,0.04,0.05,0.06,0.07,0.080000,0.09,0.1,0.11,0.12,0.13,0.14,0.15,0.16,0.17,0.18,0.19,0.2,0.21,0.22,0.23,0.24,0.25,0.26,0.27,0.28,0.29,0.300000,0.310000,0.32,0.33,0.34,0.35,0.36,0.37,0.38,0.39,0.4,0.41,0.42,0.43,0.44,0.45,0.46,0.47,0.48,0.49,0.500000,0.510000,0.520000,0.53,0.54,0.55,0.56,0.57,0.58,0.59,0.6,0.61,0.62,0.63,0.64,0.65,0.66,0.67,0.68,0.69,0.7,0.71,0.72,0.73,0.74,0.75,0.76,0.77,0.78,0.79,0.8,0.81,0.82,0.83,0.839999,0.849999,0.859999,0.869999,0.879999,0.889999,FLR,127.166748,196.799759,"224.258774,234.344604,238.272781,239.859589,240.573044,240.929596,241.156342,241.302612,241.431000,241.494293,241.548294,241.608734,241.634842,241.666321,241.703156,241.712448,241.739273,241.747147,241.772888,241.767532,241.777893,241.773254,241.768951,241.781479,241.781113,241.787903,241.772171,241.776459,241.785400,241.765381,241.739624,241.741058,241.698151,241.690277,241.650940,241.623764,241.602661,241.563675,241.541504,241.489288,241.452454,241.420624,241.395233,241.341232,241.289017,241.249329,241.205338,241.155975,241.130234,241.063004,241.015442,240.985031,240.916016,240.878815,240.848068,240.812302,240.776535,240.713242,240.934967,241.211777,241.279007,241.297241,241.319412,241.320496,241.316193,241.315842,241.317993,241.311554,241.309052,241.275070,241.241806,241.218567,241.225723,241.203552,241.205688,241.189957,241.189240,241.178513,241.178162,241.147034,241.123077,241.096252,241.074799,241.067642,241.058701,241.045471,241.010788,240.998260,PAR,6977.404297,6977.404297,6977.404297,6977.404297,6977.404297,6977.404297,6977.404297,6977.404297,6977.404297,6977.404297,6977.404297,6977.404297,6977.404297,6977.404297,6977.404297,6977.404297,6977.404297,6977.404297,6977.404297,6977.404297,6977.404297,6977.404297,6977.404297,6977.404297,6977.404297,6977.404297,6977.404297,6977.404297,6977.404297,6977.404297,6919.270508,6861.136719,6803.002441,6744.868652,6686.734863,6628.601074,6570.466797,6512.333008,6454.199219,6396.064941,6337.931152,6279.797363,6221.663574,6163.529297,6105.395508,6047.261719,5989.127441,5930.993652,5872.859863,5814.726074,5756.591797,5698.458008,5640.324219,5582.189941,5524.056152,5465.922363,5407.788086,5349.654297,5291.520508,5233.386719,6977.404297,6977.404297,6977.404297,6977.404297,6977.404297,6977.404297,6977.404297,6977.404297,6977.404297,6977.404297,6977.404297,6977.404297,6977.404297,6977.404297,6977.404297,6977.404297,6977.404297,6977.404297,6977.404297,6977.404297,6977.404297,6977.404297,6977.404297,6977.404297,6977.404297,6977.404297,6977.404297,6977.404297,6977.404297,6977.404297,PHASE,1,1,1,1,1,1,1,1,1,1,1,1,1,1,1,1,1,1,1,1,1,1,1,1,1,1,1,1,1,1,2,2,2,2,2,2,2,2,2,2,2,2,2,2,2,2,2,2,2,2,2,2,2,2,2,2,2,2,2,2,3,3,3,3,3,3,3,3,3,3,3,3,3,3,3,3,3,3,3,3,3,3,3,3,3,3,3,3,3,3,FLASH_END"
2026-06-23T18:06:55Z,3,upper,noon,18,11:06:55,2026-06-23,Auto gsw+F,LI-COR Default,NA,18,NA,NA,-0.144107,1.483049,-0.159617,-1.352313,4.297719,4.383654,5.010037,0.712317,49.403996,48.435513,56.463367,0.441786,7.5,PSF-01793_20260623110655_53b,0,0,0,92.599152,292.400177,0.683314,0.5,0.8,3.495828,1,89.18,90.96,32.16,32.85,32.85,88.73,58.7,58.3,0.6,13,4.102,11:00:29,2026-06-23,-1.82,1,-0.002,-0.004,-0.011,0.526,1.457,5.048,1,150,0.005,2,0.058905,0,0.02923,0,0,-6.8e-5,standard,0,mpf,7000,500,5,2,300,300,300,291.147705,25,-0.904946,289.661041,291.10321,-1.442169,2.599934,2.56434,0.949133,0.717904,0.205424,0.009525,0.131177,0.11780500000000001,92.599152,3.93e-4,2.449094,1.8e-5,1,2.418127,-1e-6,1,0.602037,0.600124,0.106561,0,PSF-01793_20260623110655_53b,PFA-01559,PSA-01670,PSF-01793,RHS-2569,3.0.0,2024-07-09T18:52:43.055Z,MEASUREMENT_END
2026-06-23T18:06:55Z,3,upper,noon,PSF-01793_20260623110655_53b,11:06:55,2026-06-23,PFA-01559,PSA-01670,PSF-01793,0,0,0,292.400177,92.599152,0.683314,19.475233,NA,0,0.01,0.02,0.03,0.04,0.05,0.06,0.07,0.080000,0.09,0.1,0.11,0.12,0.13,0.14,0.15,0.16,0.17,0.18,0.19,0.2,0.21,0.22,0.23,0.24,0.25,0.26,0.27,0.28,0.29,0.300000,0.310000,0.32,0.33,0.34,0.35,0.36,0.37,0.38,0.39,0.4,0.41,0.42,0.43,0.44,0.45,0.46,0.47,0.48,0.49,0.500000,0.510000,0.520000,0.53,0.54,0.55,0.56,0.57,0.58,0.59,0.6,0.61,0.62,0.63,0.64,0.65,0.66,0.67,0.68,0.69,0.7,0.71,0.72,0.73,0.74,0.75,0.76,0.77,0.78,0.79,0.8,0.81,0.82,0.83,0.839999,0.849999,0.859999,0.869999,0.879999,0.889999,FLR,198.561432,268.122925,"281.931274,286.740295,288.792725,289.766205,290.281189,290.571930,290.755737,290.865173,290.978546,291.003571,291.038635,291.072601,291.086182,291.096924,291.125183,291.118744,291.126617,291.129120,291.147705,291.118378,291.106934,291.106232,291.089050,291.080475,291.063293,291.058289,291.040405,291.018250,291.006104,291.049713,291.012177,291.054718,291.024323,291.056519,291.036133,291.050079,291.006439,291.025757,291.051514,290.970337,290.984985,290.934570,290.919189,290.940277,290.871613,290.863739,290.870544,290.817627,290.851227,290.818329,290.764343,290.765045,290.770782,290.758606,290.707825,290.688171,290.695679,290.648102,289.608826,289.661041,289.640320,289.598816,289.526581,289.467224,289.392822,289.323456,289.230835,289.161072,289.114960,289.008392,288.930420,288.845306,288.777008,288.685089,288.596741,288.512695,288.433685,288.338531,288.299561,288.183685,288.089996,287.997711,287.921906,287.843597,287.754883,287.667633,287.601471,287.498840,PAR,6977.404297,6977.404297,6977.404297,6977.404297,6977.404297,6977.404297,6977.404297,6977.404297,6977.404297,6977.404297,6977.404297,6977.404297,6977.404297,6977.404297,6977.404297,6977.404297,6977.404297,6977.404297,6977.404297,6977.404297,6977.404297,6977.404297,6977.404297,6977.404297,6977.404297,6977.404297,6977.404297,6977.404297,6977.404297,6977.404297,6919.270508,6861.136719,6803.002441,6744.868652,6686.734863,6628.601074,6570.466797,6512.333008,6454.199219,6396.064941,6337.931152,6279.797363,6221.663574,6163.529297,6105.395508,6047.261719,5989.127441,5930.993652,5872.859863,5814.726074,5756.591797,5698.458008,5640.324219,5582.189941,5524.056152,5465.922363,5407.788086,5349.654297,5291.520508,5233.386719,6977.404297,6977.404297,6977.404297,6977.404297,6977.404297,6977.404297,6977.404297,6977.404297,6977.404297,6977.404297,6977.404297,6977.404297,6977.404297,6977.404297,6977.404297,6977.404297,6977.404297,6977.404297,6977.404297,6977.404297,6977.404297,6977.404297,6977.404297,6977.404297,6977.404297,6977.404297,6977.404297,6977.404297,6977.404297,6977.404297,PHASE,1,1,1,1,1,1,1,1,1,1,1,1,1,1,1,1,1,1,1,1,1,1,1,1,1,1,1,1,1,1,2,2,2,2,2,2,2,2,2,2,2,2,2,2,2,2,2,2,2,2,2,2,2,2,2,2,2,2,2,2,3,3,3,3,3,3,3,3,3,3,3,3,3,3,3,3,3,3,3,3,3,3,3,3,3,3,3,3,3,3,FLASH_END"
2026-06-23T18:08:05Z,4,lower,noon,19,11:08:05,2026-06-23,Auto gsw+F,LI-COR Default,NA,19,NA,NA,-0.167519,1.410145,-0.190102,-1.045989,4.368401,4.4389,4.83144,0.463039,50.013233,49.218922,54.435997,0.441786,7.5,PSF-01793_20260623110805_42b,0,0,0,76.413277,329.421051,0.768038,0.5,0.8,0.838206,1,90.44,91.9,32.2,32.21,32.21,88.75,55.3,55.1,0.5,3,4.101,11:00:29,2026-06-23,-1.82,1,-0.002,-0.004,-0.012,-0.012,0.209,0.494,1,150,0.005,2,0.058905,0,0.02923,0,0,-6.8e-5,standard,0,mpf,7000,500,5,2,300,300,300,329.421051,25,0.1342,329.934235,329.613373,0.320862,2.601479,2.566363,0.927178,0.711055,0.205105,0.001077,0.138393,0.10896,76.413277,3.94e-4,2.449094,1.8e-5,1,2.418127,-1e-6,1,0.602037,0.600124,0.106561,0,PSF-01793_20260623110805_42b,PFA-01559,PSA-01670,PSF-01793,RHS-2569,3.0.0,2024-07-09T18:52:43.055Z,MEASUREMENT_END
2026-06-23T18:08:05Z,4,lower,noon,PSF-01793_20260623110805_42b,11:08:05,2026-06-23,PFA-01559,PSA-01670,PSF-01793,0,0,0,329.421051,76.413277,0.768038,9.413651,NA,0,0.01,0.02,0.03,0.04,0.05,0.06,0.07,0.080000,0.09,0.1,0.11,0.12,0.13,0.14,0.15,0.16,0.17,0.18,0.19,0.2,0.21,0.22,0.23,0.24,0.25,0.26,0.27,0.28,0.29,0.300000,0.310000,0.32,0.33,0.34,0.35,0.36,0.37,0.38,0.39,0.4,0.41,0.42,0.43,0.44,0.45,0.46,0.47,0.48,0.49,0.500000,0.510000,0.520000,0.53,0.54,0.55,0.56,0.57,0.58,0.59,0.6,0.61,0.62,0.63,0.64,0.65,0.66,0.67,0.68,0.69,0.7,0.71,0.72,0.73,0.74,0.75,0.76,0.77,0.78,0.79,0.8,0.81,0.82,0.83,0.839999,0.849999,0.859999,0.869999,0.879999,0.889999,FLR,185.769073,286.669128,"312.122223,319.585571,322.818512,324.559814,325.636993,326.403748,326.942322,327.362885,327.689423,327.918640,328.121063,328.295227,328.450806,328.574188,328.691467,328.801270,328.886383,328.954346,329.051270,329.097046,329.142822,329.205750,329.239014,329.268341,329.305542,329.334503,329.388489,329.421051,329.472198,329.497925,329.488281,329.526917,329.553711,329.594482,329.594147,329.612366,329.615234,329.608093,329.628113,329.613800,329.619171,329.591980,329.596649,329.571259,329.568756,329.582336,329.557312,329.584106,329.630981,329.596985,329.598785,329.625977,329.622375,329.617737,329.606995,329.613800,329.593048,329.549438,329.575897,329.872742,329.934235,329.902039,329.880585,329.835175,329.780823,329.761871,329.731812,329.684265,329.684967,329.618805,329.600586,329.597351,329.598419,329.584106,329.564453,329.535492,329.482910,329.427124,329.358093,329.272980,329.183929,329.075928,328.961121,328.848480,328.709015,328.553802,328.388916,328.176147,PAR,6977.404297,6977.404297,6977.404297,6977.404297,6977.404297,6977.404297,6977.404297,6977.404297,6977.404297,6977.404297,6977.404297,6977.404297,6977.404297,6977.404297,6977.404297,6977.404297,6977.404297,6977.404297,6977.404297,6977.404297,6977.404297,6977.404297,6977.404297,6977.404297,6977.404297,6977.404297,6977.404297,6977.404297,6977.404297,6977.404297,6919.270508,6861.136719,6803.002441,6744.868652,6686.734863,6628.601074,6570.466797,6512.333008,6454.199219,6396.064941,6337.931152,6279.797363,6221.663574,6163.529297,6105.395508,6047.261719,5989.127441,5930.993652,5872.859863,5814.726074,5756.591797,5698.458008,5640.324219,5582.189941,5524.056152,5465.922363,5407.788086,5349.654297,5291.520508,5233.386719,6977.404297,6977.404297,6977.404297,6977.404297,6977.404297,6977.404297,6977.404297,6977.404297,6977.404297,6977.404297,6977.404297,6977.404297,6977.404297,6977.404297,6977.404297,6977.404297,6977.404297,6977.404297,6977.404297,6977.404297,6977.404297,6977.404297,6977.404297,6977.404297,6977.404297,6977.404297,6977.404297,6977.404297,6977.404297,6977.404297,PHASE,1,1,1,1,1,1,1,1,1,1,1,1,1,1,1,1,1,1,1,1,1,1,1,1,1,1,1,1,1,1,2,2,2,2,2,2,2,2,2,2,2,2,2,2,2,2,2,2,2,2,2,2,2,2,2,2,2,2,2,2,3,3,3,3,3,3,3,3,3,3,3,3,3,3,3,3,3,3,3,3,3,3,3,3,3,3,3,3,3,3,FLASH_END"
2026-06-23T18:08:16Z,4,lower,noon,20,11:08:16,2026-06-23,Auto gsw+F,LI-COR Default,NA,20,NA,NA,-0.180864,1.405095,-0.207584,-1.083709,4.366283,4.439641,4.805739,0.439456,50.016518,49.190075,54.140938,0.441786,7.5,PSF-01793_20260623110816_ed2,0,0,0,74.934128,352.142578,0.787205,0.5,0.8,0.785213,1,90.55,92.07,32.17,32.11,32.11,88.76,55.1,54.6,0.9,2,4.101,11:00:29,2026-06-23,-1.82,1,-0.003,-0.004,-9999,0.603,1.092,-9999,1,150,0.005,2,0.058905,0,0.02923,0,0,-6.8e-5,standard,0,mpf,7000,500,5,2,300,300,300,352.142578,25,1.073603,352.923981,353.681274,-0.757294,2.601755,2.566534,0.925684,0.710096,0.205338,2.73e-4,0.139355,0.108753,74.934128,3.97e-4,2.449094,1.8e-5,1,2.418127,-1e-6,1,0.602037,0.600124,0.106561,0,PSF-01793_20260623110816_ed2,PFA-01559,PSA-01670,PSF-01793,RHS-2569,3.0.0,2024-07-09T18:52:43.055Z,MEASUREMENT_END
2026-06-23T18:08:16Z,4,lower,noon,PSF-01793_20260623110816_ed2,11:08:16,2026-06-23,PFA-01559,PSA-01670,PSF-01793,0,0,0,352.142578,74.934128,0.787205,9.178924,NA,0,0.01,0.02,0.03,0.04,0.05,0.06,0.07,0.080000,0.09,0.1,0.11,0.12,0.13,0.14,0.15,0.16,0.17,0.18,0.19,0.2,0.21,0.22,0.23,0.24,0.25,0.26,0.27,0.28,0.29,0.300000,0.310000,0.32,0.33,0.34,0.35,0.36,0.37,0.38,0.39,0.4,0.41,0.42,0.43,0.44,0.45,0.46,0.47,0.48,0.49,0.500000,0.510000,0.520000,0.53,0.54,0.55,0.56,0.57,0.58,0.59,0.6,0.61,0.62,0.63,0.64,0.65,0.66,0.67,0.68,0.69,0.7,0.71,0.72,0.73,0.74,0.75,0.76,0.77,0.78,0.79,0.8,0.81,0.82,0.83,0.839999,0.849999,0.859999,0.869999,0.879999,0.889999,FLR,179.641129,290.768280,"330.162048,341.184143,345.096954,346.921204,348.009460,348.749054,349.294434,349.719299,350.084076,350.339050,350.592255,350.792877,350.962402,351.130127,351.269257,351.395142,351.498840,351.595398,351.713409,351.754547,351.829651,351.892944,351.948730,351.991302,352.056396,352.080688,352.117554,352.142578,352.204071,352.233398,352.247009,352.294220,352.320312,352.363953,352.376465,352.406494,352.413300,352.447998,352.483032,352.489105,352.519165,352.528107,352.543823,352.565277,352.589966,352.597107,352.611420,352.622864,352.678284,352.653625,352.648987,352.672577,352.675079,352.681519,352.692596,352.710114,352.705109,352.712646,352.576019,352.873566,352.923279,352.923981,352.904663,352.876770,352.873932,352.848175,352.828857,352.809204,352.815613,352.750183,352.725861,352.694397,352.654327,352.625000,352.594971,352.535248,352.501282,352.454437,352.442627,352.360718,352.313171,352.236267,352.179047,352.123260,352.065338,352.007019,351.940857,351.851807,PAR,6977.404297,6977.404297,6977.404297,6977.404297,6977.404297,6977.404297,6977.404297,6977.404297,6977.404297,6977.404297,6977.404297,6977.404297,6977.404297,6977.404297,6977.404297,6977.404297,6977.404297,6977.404297,6977.404297,6977.404297,6977.404297,6977.404297,6977.404297,6977.404297,6977.404297,6977.404297,6977.404297,6977.404297,6977.404297,6977.404297,6919.270508,6861.136719,6803.002441,6744.868652,6686.734863,6628.601074,6570.466797,6512.333008,6454.199219,6396.064941,6337.931152,6279.797363,6221.663574,6163.529297,6105.395508,6047.261719,5989.127441,5930.993652,5872.859863,5814.726074,5756.591797,5698.458008,5640.324219,5582.189941,5524.056152,5465.922363,5407.788086,5349.654297,5291.520508,5233.386719,6977.404297,6977.404297,6977.404297,6977.404297,6977.404297,6977.404297,6977.404297,6977.404297,6977.404297,6977.404297,6977.404297,6977.404297,6977.404297,6977.404297,6977.404297,6977.404297,6977.404297,6977.404297,6977.404297,6977.404297,6977.404297,6977.404297,6977.404297,6977.404297,6977.404297,6977.404297,6977.404297,6977.404297,6977.404297,6977.404297,PHASE,1,1,1,1,1,1,1,1,1,1,1,1,1,1,1,1,1,1,1,1,1,1,1,1,1,1,1,1,1,1,2,2,2,2,2,2,2,2,2,2,2,2,2,2,2,2,2,2,2,2,2,2,2,2,2,2,2,2,2,2,3,3,3,3,3,3,3,3,3,3,3,3,3,3,3,3,3,3,3,3,3,3,3,3,3,3,3,3,3,3,FLASH_END"
2026-06-23T18:08:26Z,4,lower,noon,21,11:08:26,2026-06-23,Auto gsw+F,LI-COR Default,NA,21,NA,NA,-0.179082,1.401244,-0.205322,-1.017139,4.368338,4.437408,4.785378,0.41704,49.992344,49.214191,53.912613,0.441786,7.5,PSF-01793_20260623110826_605,0,0,0,77.744003,341.109406,0.772085,0.5,0.8,3.122039,1,90.71,92.14,32.15,32.04,32.04,88.76,54.9,54.7,0.3,10,4.1,11:00:29,2026-06-23,-1.82,1,-0.001,-0.003,-9999,0.268,0.509,-9999,1,150,0.005,2,0.058905,0,0.02923,0,0,-6.8e-5,standard,0,mpf,7000,500,5,2,300,300,300,341.109406,25,5.023448,343.326691,348.30899,-4.9823,2.601884,2.5668,0.924546,0.710336,0.205529,-3.58e-4,0.14037,0.115448,77.744003,3.97e-4,2.449094,1.8e-5,1,2.418127,-1e-6,1,0.602037,0.600124,0.106561,0,PSF-01793_20260623110826_605,PFA-01559,PSA-01670,PSF-01793,RHS-2569,3.0.0,2024-07-09T18:52:43.055Z,MEASUREMENT_END
2026-06-23T18:08:26Z,4,lower,noon,PSF-01793_20260623110826_605,11:08:26,2026-06-23,PFA-01559,PSA-01670,PSF-01793,0,0,0,341.109406,77.744003,0.772085,16.794369,NA,0,0.01,0.02,0.03,0.04,0.05,0.06,0.07,0.080000,0.09,0.1,0.11,0.12,0.13,0.14,0.15,0.16,0.17,0.18,0.19,0.2,0.21,0.22,0.23,0.24,0.25,0.26,0.27,0.28,0.29,0.300000,0.310000,0.32,0.33,0.34,0.35,0.36,0.37,0.38,0.39,0.4,0.41,0.42,0.43,0.44,0.45,0.46,0.47,0.48,0.49,0.500000,0.510000,0.520000,0.53,0.54,0.55,0.56,0.57,0.58,0.59,0.6,0.61,0.62,0.63,0.64,0.65,0.66,0.67,0.68,0.69,0.7,0.71,0.72,0.73,0.74,0.75,0.76,0.77,0.78,0.79,0.8,0.81,0.82,0.83,0.839999,0.849999,0.859999,0.869999,0.879999,0.889999,FLR,191.840881,298.336731,"327.185883,333.912140,336.349365,337.571381,338.284851,338.778748,339.177124,339.486847,339.749695,339.917786,340.075836,340.217834,340.340149,340.442780,340.537903,340.588318,340.659149,340.713867,340.780029,340.804352,340.837585,340.879089,340.914490,340.955261,340.991364,341.021423,341.061127,341.109406,341.183411,341.272125,341.329346,341.436615,341.494904,341.627960,341.687683,341.782104,341.834656,341.939453,342.061035,342.106110,342.214813,342.279541,342.391144,342.482330,342.523102,342.613922,342.705139,342.750183,342.866791,342.934723,342.967285,343.072784,343.143585,343.228333,343.281982,343.380676,343.443268,343.464386,342.858917,343.091736,343.146790,343.184357,343.216553,343.231567,343.277679,343.280182,343.313110,343.315948,343.326691,343.320953,343.314880,343.314880,343.288422,343.261230,343.256592,343.236938,343.189362,343.161469,343.169678,343.101746,343.054169,343.020905,342.991241,342.960480,342.905762,342.858551,342.810974,342.748749,PAR,6977.404297,6977.404297,6977.404297,6977.404297,6977.404297,6977.404297,6977.404297,6977.404297,6977.404297,6977.404297,6977.404297,6977.404297,6977.404297,6977.404297,6977.404297,6977.404297,6977.404297,6977.404297,6977.404297,6977.404297,6977.404297,6977.404297,6977.404297,6977.404297,6977.404297,6977.404297,6977.404297,6977.404297,6977.404297,6977.404297,6919.270508,6861.136719,6803.002441,6744.868652,6686.734863,6628.601074,6570.466797,6512.333008,6454.199219,6396.064941,6337.931152,6279.797363,6221.663574,6163.529297,6105.395508,6047.261719,5989.127441,5930.993652,5872.859863,5814.726074,5756.591797,5698.458008,5640.324219,5582.189941,5524.056152,5465.922363,5407.788086,5349.654297,5291.520508,5233.386719,6977.404297,6977.404297,6977.404297,6977.404297,6977.404297,6977.404297,6977.404297,6977.404297,6977.404297,6977.404297,6977.404297,6977.404297,6977.404297,6977.404297,6977.404297,6977.404297,6977.404297,6977.404297,6977.404297,6977.404297,6977.404297,6977.404297,6977.404297,6977.404297,6977.404297,6977.404297,6977.404297,6977.404297,6977.404297,6977.404297,PHASE,1,1,1,1,1,1,1,1,1,1,1,1,1,1,1,1,1,1,1,1,1,1,1,1,1,1,1,1,1,1,2,2,2,2,2,2,2,2,2,2,2,2,2,2,2,2,2,2,2,2,2,2,2,2,2,2,2,2,2,2,3,3,3,3,3,3,3,3,3,3,3,3,3,3,3,3,3,3,3,3,3,3,3,3,3,3,3,3,3,3,FLASH_END"
2026-06-23T18:09:04Z,4,upper,noon,22,11:09:04,2026-06-23,Auto gsw+F,LI-COR Default,NA,22,NA,NA,-0.076728,1.383016,-0.081235,-0.477705,4.414802,4.447716,4.909248,0.494447,50.118496,49.747604,55.319214,0.441786,7.5,PSF-01793_20260623110904_7da,0,0,0,84.51104,319.658417,0.735621,0.5,0.8,25.120159,1,91.45,92.13,32.19,32.49,32.49,88.74,54.1,53.5,1,85,4.099,11:00:29,2026-06-23,-1.82,1,-0.002,-0.005,-0.011,0.028,0.056,0.468,1,150,0.005,2,0.058905,0,0.02923,0,0,-6.8e-5,standard,0,mpf,7000,500,5,2,300,300,300,313.231598,25,-4.383276,312.782043,313.376312,-0.594269,2.601864,2.567996,0.919187,0.707839,0.205183,0.004687,0.144162,0.181611,84.51104,3.96e-4,2.449094,1.8e-5,1,2.418127,-1e-6,1,0.602037,0.600124,0.106561,0,PSF-01793_20260623110904_7da,PFA-01559,PSA-01670,PSF-01793,RHS-2569,3.0.0,2024-07-09T18:52:43.055Z,MEASUREMENT_END
2026-06-23T18:09:04Z,4,upper,noon,PSF-01793_20260623110904_7da,11:09:04,2026-06-23,PFA-01559,PSA-01670,PSF-01793,0,0,0,319.658417,84.51104,0.735621,92.05587,NA,0,0.01,0.02,0.03,0.04,0.05,0.06,0.07,0.080000,0.09,0.1,0.11,0.12,0.13,0.14,0.15,0.16,0.17,0.18,0.19,0.2,0.21,0.22,0.23,0.24,0.25,0.26,0.27,0.28,0.29,0.300000,0.310000,0.32,0.33,0.34,0.35,0.36,0.37,0.38,0.39,0.4,0.41,0.42,0.43,0.44,0.45,0.46,0.47,0.48,0.49,0.500000,0.510000,0.520000,0.53,0.54,0.55,0.56,0.57,0.58,0.59,0.6,0.61,0.62,0.63,0.64,0.65,0.66,0.67,0.68,0.69,0.7,0.71,0.72,0.73,0.74,0.75,0.76,0.77,0.78,0.79,0.8,0.81,0.82,0.83,0.839999,0.849999,0.859999,0.869999,0.879999,0.889999,FLR,184.946182,272.141571,"298.891785,306.839691,309.760803,311.056152,311.739563,312.141174,312.394379,312.582123,312.729492,312.804230,312.883972,312.950836,313.005920,313.042053,313.080322,313.107849,313.108917,313.147186,313.176880,313.154327,313.175446,313.184753,313.193665,313.211212,313.216217,313.205841,313.204407,313.231598,313.241241,313.181885,313.158264,313.117859,313.085663,313.038818,313.016663,312.943695,312.916870,312.837494,312.779907,312.728058,312.647949,312.623627,312.536346,312.443024,312.400116,312.298187,312.179810,312.124359,312.054626,311.897644,311.871185,311.787476,311.705231,311.581146,311.570404,311.472412,311.357269,311.243530,312.432281,312.782043,312.753784,312.720551,312.691925,312.670105,312.657959,312.647217,312.639343,312.610016,312.622192,312.562836,312.546387,312.532776,312.511688,312.500244,312.484497,312.483429,312.464111,312.463745,312.484863,312.458405,312.446228,312.437286,312.449463,312.424774,312.412262,312.413696,312.395447,312.413330,PAR,6977.404297,6977.404297,6977.404297,6977.404297,6977.404297,6977.404297,6977.404297,6977.404297,6977.404297,6977.404297,6977.404297,6977.404297,6977.404297,6977.404297,6977.404297,6977.404297,6977.404297,6977.404297,6977.404297,6977.404297,6977.404297,6977.404297,6977.404297,6977.404297,6977.404297,6977.404297,6977.404297,6977.404297,6977.404297,6977.404297,6919.270508,6861.136719,6803.002441,6744.868652,6686.734863,6628.601074,6570.466797,6512.333008,6454.199219,6396.064941,6337.931152,6279.797363,6221.663574,6163.529297,6105.395508,6047.261719,5989.127441,5930.993652,5872.859863,5814.726074,5756.591797,5698.458008,5640.324219,5582.189941,5524.056152,5465.922363,5407.788086,5349.654297,5291.520508,5233.386719,6977.404297,6977.404297,6977.404297,6977.404297,6977.404297,6977.404297,6977.404297,6977.404297,6977.404297,6977.404297,6977.404297,6977.404297,6977.404297,6977.404297,6977.404297,6977.404297,6977.404297,6977.404297,6977.404297,6977.404297,6977.404297,6977.404297,6977.404297,6977.404297,6977.404297,6977.404297,6977.404297,6977.404297,6977.404297,6977.404297,PHASE,1,1,1,1,1,1,1,1,1,1,1,1,1,1,1,1,1,1,1,1,1,1,1,1,1,1,1,1,1,1,2,2,2,2,2,2,2,2,2,2,2,2,2,2,2,2,2,2,2,2,2,2,2,2,2,2,2,2,2,2,3,3,3,3,3,3,3,3,3,3,3,3,3,3,3,3,3,3,3,3,3,3,3,3,3,3,3,3,3,3,FLASH_END"
2026-06-23T18:09:13Z,4,upper,noon,23,11:09:13,2026-06-23,Auto gsw+F,LI-COR Default,NA,23,NA,NA,-0.060789,1.380824,-0.063588,-0.434376,4.425297,4.455278,4.999337,0.57404,50.202583,49.86475,56.333099,0.441786,7.5,PSF-01793_20260623110913_0a8,0,0,0,86.471558,341.978851,0.747144,0.5,0.8,24.173008,1,91.44,92.06,32.24,32.81,32.81,88.75,54,53.5,0.9,81,4.098,11:00:29,2026-06-23,-1.82,1,-0.002,-0.003,-9999,0.686,0.604,-9999,1,150,0.005,2,0.058905,0,0.02923,0,0,-6.8e-5,standard,0,mpf,7000,500,5,2,300,300,300,333.893524,25,-5.589266,333.728302,333.968323,-0.240021,2.601744,2.567978,0.918546,0.707697,0.204831,0.008144,0.144964,0.177667,86.471558,4e-4,2.449094,1.8e-5,1,2.418127,-1e-6,1,0.602037,0.600124,0.106561,0,PSF-01793_20260623110913_0a8,PFA-01559,PSA-01670,PSF-01793,RHS-2569,3.0.0,2024-07-09T18:52:43.055Z,MEASUREMENT_END
2026-06-23T18:09:13Z,4,upper,noon,PSF-01793_20260623110913_0a8,11:09:13,2026-06-23,PFA-01559,PSA-01670,PSF-01793,0,0,0,341.978851,86.471558,0.747144,87.57,NA,0,0.01,0.02,0.03,0.04,0.05,0.06,0.07,0.080000,0.09,0.1,0.11,0.12,0.13,0.14,0.15,0.16,0.17,0.18,0.19,0.2,0.21,0.22,0.23,0.24,0.25,0.26,0.27,0.28,0.29,0.300000,0.310000,0.32,0.33,0.34,0.35,0.36,0.37,0.38,0.39,0.4,0.41,0.42,0.43,0.44,0.45,0.46,0.47,0.48,0.49,0.500000,0.510000,0.520000,0.53,0.54,0.55,0.56,0.57,0.58,0.59,0.6,0.61,0.62,0.63,0.64,0.65,0.66,0.67,0.68,0.69,0.7,0.71,0.72,0.73,0.74,0.75,0.76,0.77,0.78,0.79,0.8,0.81,0.82,0.83,0.839999,0.849999,0.859999,0.869999,0.879999,0.889999,FLR,184.549576,278.646118,"313.121094,325.230713,329.622375,331.314697,332.080017,332.487000,332.783813,332.991608,333.166473,333.265533,333.367462,333.456512,333.521973,333.598480,333.649994,333.695770,333.754425,333.785889,333.856689,333.835602,333.853851,333.893524,333.868500,333.874573,333.867798,333.870300,333.875671,333.859558,333.865631,333.796967,333.755859,333.678253,333.645691,333.563080,333.504425,333.410034,333.363892,333.256958,333.152527,333.075989,332.983734,332.954407,332.838531,332.704437,332.651123,332.552063,332.417236,332.358948,332.278839,332.122559,332.067139,331.969513,331.845032,331.704865,331.658020,331.561432,331.437347,331.320770,332.794556,333.322754,333.389282,333.375336,333.337433,333.327057,333.319550,333.311676,333.316315,333.304169,333.336700,333.323486,333.331360,333.337769,333.355316,333.378906,333.394653,333.415741,333.421112,333.458313,333.509796,333.498718,333.516235,333.556305,333.573822,333.602081,333.651428,333.665741,333.686829,333.728302,PAR,6977.404297,6977.404297,6977.404297,6977.404297,6977.404297,6977.404297,6977.404297,6977.404297,6977.404297,6977.404297,6977.404297,6977.404297,6977.404297,6977.404297,6977.404297,6977.404297,6977.404297,6977.404297,6977.404297,6977.404297,6977.404297,6977.404297,6977.404297,6977.404297,6977.404297,6977.404297,6977.404297,6977.404297,6977.404297,6977.404297,6919.270508,6861.136719,6803.002441,6744.868652,6686.734863,6628.601074,6570.466797,6512.333008,6454.199219,6396.064941,6337.931152,6279.797363,6221.663574,6163.529297,6105.395508,6047.261719,5989.127441,5930.993652,5872.859863,5814.726074,5756.591797,5698.458008,5640.324219,5582.189941,5524.056152,5465.922363,5407.788086,5349.654297,5291.520508,5233.386719,6977.404297,6977.404297,6977.404297,6977.404297,6977.404297,6977.404297,6977.404297,6977.404297,6977.404297,6977.404297,6977.404297,6977.404297,6977.404297,6977.404297,6977.404297,6977.404297,6977.404297,6977.404297,6977.404297,6977.404297,6977.404297,6977.404297,6977.404297,6977.404297,6977.404297,6977.404297,6977.404297,6977.404297,6977.404297,6977.404297,PHASE,1,1,1,1,1,1,1,1,1,1,1,1,1,1,1,1,1,1,1,1,1,1,1,1,1,1,1,1,1,1,2,2,2,2,2,2,2,2,2,2,2,2,2,2,2,2,2,2,2,2,2,2,2,2,2,2,2,2,2,2,3,3,3,3,3,3,3,3,3,3,3,3,3,3,3,3,3,3,3,3,3,3,3,3,3,3,3,3,3,3,FLASH_END"
2026-06-23T18:09:21Z,4,upper,noon,24,11:09:21,2026-06-23,Auto gsw+F,LI-COR Default,NA,24,NA,NA,-0.04501,1.375688,-0.046532,-0.327972,4.439726,4.462457,5.031847,0.592121,50.283901,50.02776,56.699905,0.441786,7.5,PSF-01793_20260623110921_075,0,0,0,89.036819,330.187073,0.730344,0.5,0.8,23.100035,1,91.52,91.99,32.28,32.93,32.93,88.75,53.7,53.2,1,79,4.093,11:00:29,2026-06-23,-1.82,1,-0.001,-0.003,-9999,0.109,0.169,-9999,1,150,0.005,2,0.058905,0,0.02923,0,0,-6.8e-5,standard,0,mpf,7000,500,5,2,300,300,300,327.632202,25,-1.780876,327.75415,327.634735,0.119415,2.601615,2.568096,0.917045,0.707201,0.204485,0.009042,0.145722,0.176074,89.036819,3.86e-4,2.449094,1.8e-5,1,2.418127,-1e-6,1,0.602037,0.600124,0.106561,0,PSF-01793_20260623110921_075,PFA-01559,PSA-01670,PSF-01793,RHS-2569,3.0.0,2024-07-09T18:52:43.055Z,MEASUREMENT_END
2026-06-23T18:09:21Z,4,upper,noon,PSF-01793_20260623110921_075,11:09:21,2026-06-23,PFA-01559,PSA-01670,PSF-01793,0,0,0,330.187073,89.036819,0.730344,85.757668,NA,0,0.01,0.02,0.03,0.04,0.05,0.06,0.07,0.080000,0.09,0.1,0.11,0.12,0.13,0.14,0.15,0.16,0.17,0.18,0.19,0.2,0.21,0.22,0.23,0.24,0.25,0.26,0.27,0.28,0.29,0.300000,0.310000,0.32,0.33,0.34,0.35,0.36,0.37,0.38,0.39,0.4,0.41,0.42,0.43,0.44,0.45,0.46,0.47,0.48,0.49,0.500000,0.510000,0.520000,0.53,0.54,0.55,0.56,0.57,0.58,0.59,0.6,0.61,0.62,0.63,0.64,0.65,0.66,0.67,0.68,0.69,0.7,0.71,0.72,0.73,0.74,0.75,0.76,0.77,0.78,0.79,0.8,0.81,0.82,0.83,0.839999,0.849999,0.859999,0.869999,0.879999,0.889999,FLR,196.860199,286.670563,"314.163574,322.154388,324.825531,325.881256,326.406586,326.722382,326.919067,327.089294,327.215912,327.270264,327.348236,327.394714,327.446228,327.469116,327.517395,327.532776,327.573883,327.587830,327.622162,327.610016,327.603577,327.617157,327.621826,327.631104,327.632202,327.612518,327.625397,327.609314,327.618256,327.577118,327.557098,327.539215,327.511322,327.512390,327.507019,327.461243,327.448730,327.409729,327.382568,327.337860,327.328217,327.311768,327.248444,327.227722,327.210541,327.161194,327.124359,327.110779,327.124725,327.050690,327.034241,327.015625,326.952332,326.898682,326.906189,326.877594,326.840393,326.788910,327.487701,327.754150,327.754150,327.718750,327.702271,327.678680,327.675110,327.667603,327.675476,327.675476,327.713715,327.682617,327.706207,327.687256,327.699768,327.706207,327.700867,327.700867,327.699066,327.704071,327.731964,327.670105,327.684387,327.678314,327.687622,327.699066,327.676178,327.681549,327.676178,327.665802,PAR,6977.404297,6977.404297,6977.404297,6977.404297,6977.404297,6977.404297,6977.404297,6977.404297,6977.404297,6977.404297,6977.404297,6977.404297,6977.404297,6977.404297,6977.404297,6977.404297,6977.404297,6977.404297,6977.404297,6977.404297,6977.404297,6977.404297,6977.404297,6977.404297,6977.404297,6977.404297,6977.404297,6977.404297,6977.404297,6977.404297,6919.270508,6861.136719,6803.002441,6744.868652,6686.734863,6628.601074,6570.466797,6512.333008,6454.199219,6396.064941,6337.931152,6279.797363,6221.663574,6163.529297,6105.395508,6047.261719,5989.127441,5930.993652,5872.859863,5814.726074,5756.591797,5698.458008,5640.324219,5582.189941,5524.056152,5465.922363,5407.788086,5349.654297,5291.520508,5233.386719,6977.404297,6977.404297,6977.404297,6977.404297,6977.404297,6977.404297,6977.404297,6977.404297,6977.404297,6977.404297,6977.404297,6977.404297,6977.404297,6977.404297,6977.404297,6977.404297,6977.404297,6977.404297,6977.404297,6977.404297,6977.404297,6977.404297,6977.404297,6977.404297,6977.404297,6977.404297,6977.404297,6977.404297,6977.404297,6977.404297,PHASE,1,1,1,1,1,1,1,1,1,1,1,1,1,1,1,1,1,1,1,1,1,1,1,1,1,1,1,1,1,1,2,2,2,2,2,2,2,2,2,2,2,2,2,2,2,2,2,2,2,2,2,2,2,2,2,2,2,2,2,2,3,3,3,3,3,3,3,3,3,3,3,3,3,3,3,3,3,3,3,3,3,3,3,3,3,3,3,3,3,3,FLASH_END"
2026-06-23T12:48:34Z,1,lower,early,1,05:48:34,2026-06-23,Auto gsw+F,LI-COR Default,NA,1,NA,NA,0.200186,2.56052,0.18567,1.310079,2.593849,2.552969,3.199674,0.605826,28.763573,29.224157,36.049824,0.441786,7.5,PSF-01793_20260623085834_059,0,0,0,349.793671,753.307068,0.535656,0.5,0.8,0.10284,1,86.27,84.91,24.06,25.11,25.11,88.76,122,122.3,-0.3,0,4.128,8:58:12,6/23/2026,2.47,1,-0.002,-0.001,-0.004,1.267,2.709,10.503,1,150,0.005,2,0.058905,0,0.02923,0,0,-6.8e-5,standard,0,mpf,7000,500,5,2,300,300,300,734.007935,25,-14.747539,725.746765,732.170959,-6.424194,2.591171,2.554381,1.406234,0.861606,0.283107,0.013656,0.039053,0.106983,349.793671,3.78e-4,2.449094,1.8e-5,1,2.418127,-1e-6,1,0.602037,0.600124,0.106561,0,PSF-01793_20260623085834_059,PFA-01559,PSA-01670,PSF-01793,RHS-2569,3.0.0,2024-07-09T18:52:43.055Z,MEASUREMENT_END
2026-06-23T12:48:34Z,1,lower,early,PSF-01793_20260623085834_059,05:48:34,2026-06-23,PFA-01559,PSA-01670,PSF-01793,0,0,0,753.307068,349.793671,0.535656,7.165224,NA,0,0.01,0.02,0.03,0.04,0.05,0.06,0.07,0.08,0.09,0.1,0.11,0.12,0.13,0.14,0.15,0.16,0.17,0.18,0.19,0.2,0.21,0.22,0.23,0.24,0.25,0.26,0.27,0.28,0.29,0.3,0.31,0.32,0.33,0.34,0.35,0.36,0.37,0.38,0.39,0.4,0.41,0.42,0.43,0.44,0.45,0.46,0.47,0.48,0.49,0.5,0.51,0.52,0.53,0.54,0.55,0.56,0.57,0.58,0.59,0.6,0.61,0.62,0.63,0.64,0.65,0.66,0.67,0.68,0.69,0.7,0.71,0.72,0.73,0.74,0.75,0.76,0.77,0.78,0.79,0.8,0.81,0.82,0.83,0.839999,0.849999,0.859999,0.869999,0.879999,0.889999,FLR,566.892029,675.031555,704.523315
2026-06-23T12:48:57Z,1,lower,early,2,05:48:57,2026-06-23,Auto gsw+F,LI-COR Default,NA,2,NA,NA,0.21269,2.40901,0.195435,1.16589,2.70571,2.66569,3.217615,0.511905,30.028843,30.479658,36.246243,0.441786,7.5,PSF-01793_20260623085857_e4c,0,0,0,346.844666,747.30365,0.535872,0.5,0.8,0.100004,1,89.33,88.01,24.19,25.2,25.2,88.77,110.8,111.4,-0.6,0,4.127,8:58:12,6/23/2026,2.47,1,0.002,0.003,0.007,0.6,2.027,7.297,1,150,0.005,2,0.058905,0,0.02923,0,0,-6.8e-5,standard,0,mpf,7000,500,5,2,300,300,300,727.474121,25,-14.907128,719.649902,725.938782,-6.288879,2.595897,2.558913,1.318722,0.835653,0.281712,0.013307,0.041298,0.106971,346.844666,3.82e-4,2.449094,1.8e-5,1,2.418127,-1e-6,1,0.602037,0.600124,0.106561,0,PSF-01793_20260623085857_e4c,PFA-01559,PSA-01670,PSF-01793,RHS-2569,3.0.0,2024-07-09T18:52:43.055Z,MEASUREMENT_END
2026-06-23T12:48:57Z,1,lower,early,PSF-01793_20260623085857_e4c,05:48:57,2026-06-23,PFA-01559,PSA-01670,PSF-01793,0,0,0,747.30365,346.844666,0.535872,7.151799,NA,0,0.01,0.02,0.03,0.04,0.05,0.06,0.07,0.08,0.09,0.1,0.11,0.12,0.13,0.14,0.15,0.16,0.17,0.18,0.19,0.2,0.21,0.22,0.23,0.24,0.25,0.26,0.27,0.28,0.29,0.3,0.31,0.32,0.33,0.34,0.35,0.36,0.37,0.38,0.39,0.4,0.41,0.42,0.43,0.44,0.45,0.46,0.47,0.48,0.49,0.5,0.51,0.52,0.53,0.54,0.55,0.56,0.57,0.58,0.59,0.6,0.61,0.62,0.63,0.64,0.65,0.66,0.67,0.68,0.69,0.7,0.71,0.72,0.73,0.74,0.75,0.76,0.77,0.78,0.79,0.8,0.81,0.82,0.83,0.839999,0.849999,0.859999,0.869999,0.879999,0.889999,FLR,549.859985,656.943787,687.516663
2026-06-23T12:49:24Z,1,lower,early,3,05:49:24,2026-06-23,Auto gsw+F,LI-COR Default,NA,3,NA,NA,0.312368,2.304336,0.275079,1.320392,2.794856,2.746479,3.206563,0.411707,30.938488,31.483442,36.121235,0.441786,7.5,PSF-01793_20260623085924_895,0,0,0,281.757477,698.627869,0.596699,0.5,0.8,0.109608,1,91.42,89.84,24.34,25.14,25.14,88.77,103.7,103.9,-0.3,0,4.12,8:58:12,6/23/2026,2.47,1,0.001,0.004,0.016,0.86,2.387,6.453,1,150,0.005,2,0.058905,0,0.02923,0,0,-6.8e-5,standard,0,mpf,7000,500,5,2,300,300,300,691.575745,25,-4.657117,688.428284,691.953308,-3.525024,2.598705,2.562027,1.26477,0.818308,0.279976,0.010844,0.044108,0.106965,281.757477,3.83e-4,2.449094,1.8e-5,1,2.418127,-1e-6,1,0.602037,0.600124,0.106561,0,PSF-01793_20260623085924_895,PFA-01559,PSA-01670,PSF-01793,RHS-2569,3.0.0,2024-07-09T18:52:43.055Z,MEASUREMENT_END
2026-06-23T12:49:24Z,1,lower,early,PSF-01793_20260623085924_895,05:49:24,2026-06-23,PFA-01559,PSA-01670,PSF-01793,0,0,0,698.627869,281.757477,0.596699,7.144477,NA,0,0.01,0.02,0.03,0.04,0.05,0.06,0.07,0.08,0.09,0.1,0.11,0.12,0.13,0.14,0.15,0.16,0.17,0.18,0.19,0.2,0.21,0.22,0.23,0.24,0.25,0.26,0.27,0.28,0.29,0.3,0.31,0.32,0.33,0.34,0.35,0.36,0.37,0.38,0.39,0.4,0.41,0.42,0.43,0.44,0.45,0.46,0.47,0.48,0.49,0.5,0.51,0.52,0.53,0.54,0.55,0.56,0.57,0.58,0.59,0.6,0.61,0.62,0.63,0.64,0.65,0.66,0.67,0.68,0.69,0.7,0.71,0.72,0.73,0.74,0.75,0.76,0.77,0.78,0.79,0.8,0.81,0.82,0.83,0.839999,0.849999,0.859999,0.869999,0.879999,0.889999,FLR,481.259094,600.567322,637.865784
2026-06-23T12:51:19Z,2,lower,early,4,05:51:19,2026-06-23,Auto gsw+F,LI-COR Default,NA,4,NA,NA,1.340937,2.111794,0.820157,2.436638,3.038242,2.937622,3.292417,0.254175,33.111526,34.24567,37.110611,0.441786,7.5,PSF-01793_20260623090119_cf6,0,0,0,226.07338,636.86261,0.64502,0.5,0.8,0.250419,1,95.12,91.97,25.08,25.59,25.59,88.72,91.7,91.3,0.5,1,4.12,8:58:12,6/23/2026,2.47,1,-0.011,-0.005,-0.06,0.597,1.14,3.869,1,150,0.005,2,0.058905,0,0.02923,0,0,-6.8e-5,standard,0,mpf,7000,500,5,2,300,300,300,636.86261,25,4.26177,635.650635,642.970581,-7.319946,2.601972,2.567559,1.176075,0.789486,0.271895,0.007442,0.057323,0.107414,226.07338,3.87e-4,2.449094,1.8e-5,1,2.418127,-1e-6,1,0.602037,0.600124,0.106561,0,PSF-01793_20260623090119_cf6,PFA-01559,PSA-01670,PSF-01793,RHS-2569,3.0.0,2024-07-09T18:52:43.055Z,MEASUREMENT_END
2026-06-23T12:51:19Z,2,lower,early,PSF-01793_20260623090119_cf6,05:51:19,2026-06-23,PFA-01559,PSA-01670,PSF-01793,0,0,0,636.86261,226.07338,0.64502,7.655834,NA,0,0.01,0.02,0.03,0.04,0.05,0.06,0.07,0.08,0.09,0.1,0.11,0.12,0.13,0.14,0.15,0.16,0.17,0.18,0.19,0.2,0.21,0.22,0.23,0.24,0.25,0.26,0.27,0.28,0.29,0.3,0.31,0.32,0.33,0.34,0.35,0.36,0.37,0.38,0.39,0.4,0.41,0.42,0.43,0.44,0.45,0.46,0.47,0.48,0.49,0.5,0.51,0.52,0.53,0.54,0.55,0.56,0.57,0.58,0.59,0.6,0.61,0.62,0.63,0.64,0.65,0.66,0.67,0.68,0.69,0.7,0.71,0.72,0.73,0.74,0.75,0.76,0.77,0.78,0.79,0.8,0.81,0.82,0.83,0.839999,0.849999,0.859999,0.869999,0.879999,0.889999,FLR,424.476746,552.234985,593.881836
2026-06-23T12:51:45Z,2,lower,early,5,05:51:45,2026-06-23,Auto gsw+F,LI-COR Default,NA,5,NA,NA,1.014271,2.147553,0.688906,2.079351,3.06343,2.979545,3.321589,0.258159,33.582649,34.528126,37.437851,0.441786,7.5,PSF-01793_20260623090145_95c,0,0,0,270.973572,707.509644,0.617004,0.5,0.8,0.294059,1,94.68,92.08,25.29,25.73,25.73,88.72,93.8,93.4,0.4,1,4.118,8:58:12,6/23/2026,2.47,1,-0.007,-0.003,0.007,0.367,0.937,3.366,1,150,0.005,2,0.058905,0,0.02923,0,0,-6.8e-5,standard,0,mpf,7000,500,5,2,300,300,300,704.580933,25,-2.379337,699.99469,704.099609,-4.104919,2.602145,2.56687,1.191654,0.794404,0.269558,0.006638,0.060236,0.107608,270.973572,3.86e-4,2.449094,1.8e-5,1,2.418127,-1e-6,1,0.602037,0.600124,0.106561,0,PSF-01793_20260623090145_95c,PFA-01559,PSA-01670,PSF-01793,RHS-2569,3.0.0,2024-07-09T18:52:43.055Z,MEASUREMENT_END
2026-06-23T12:51:45Z,2,lower,early,PSF-01793_20260623090145_95c,05:51:45,2026-06-23,PFA-01559,PSA-01670,PSF-01793,0,0,0,707.509644,270.973572,0.617004,7.876731,NA,0,0.01,0.02,0.03,0.04,0.05,0.06,0.07,0.08,0.09,0.1,0.11,0.12,0.13,0.14,0.15,0.16,0.17,0.18,0.19,0.2,0.21,0.22,0.23,0.24,0.25,0.26,0.27,0.28,0.29,0.3,0.31,0.32,0.33,0.34,0.35,0.36,0.37,0.38,0.39,0.4,0.41,0.42,0.43,0.44,0.45,0.46,0.47,0.48,0.49,0.5,0.51,0.52,0.53,0.54,0.55,0.56,0.57,0.58,0.59,0.6,0.61,0.62,0.63,0.64,0.65,0.66,0.67,0.68,0.69,0.7,0.71,0.72,0.73,0.74,0.75,0.76,0.77,0.78,0.79,0.8,0.81,0.82,0.83,0.839999,0.849999,0.859999,0.869999,0.879999,0.889999,FLR,524.409058,655.166016,681.337952
2026-06-23T12:52:09Z,2,lower,early,6,05:52:09,2026-06-23,Auto gsw+F,LI-COR Default,NA,6,NA,NA,1.133891,2.113743,0.738,2.121441,3.099486,3.012041,3.345294,0.245808,33.944893,34.930382,37.700573,0.441786,7.5,PSF-01793_20260623090209_7af,0,0,0,164.835693,604.871033,0.727486,0.5,0.8,0.379624,1,94.88,92.2,25.45,25.85,25.85,88.73,91.8,91.7,0.1,1,4.117,8:58:12,6/23/2026,2.47,1,0.021,0.002,0.028,2.318,4.756,9.504,1,150,0.005,2,0.058905,0,0.02923,0,0,-6.8e-5,standard,0,mpf,7000,500,5,2,300,300,300,604.871033,25,9.147391,606.411316,617.981079,-11.569763,2.602326,2.567171,1.176915,0.790386,0.267839,0.006154,0.062919,0.107708,164.835693,3.85e-4,2.449094,1.8e-5,1,2.418127,-1e-6,1,0.602037,0.600124,0.106561,0,PSF-01793_20260623090209_7af,PFA-01559,PSA-01670,PSF-01793,RHS-2569,3.0.0,2024-07-09T18:52:43.055Z,MEASUREMENT_END
2026-06-23T12:52:09Z,2,lower,early,PSF-01793_20260623090209_7af,05:52:09,2026-06-23,PFA-01559,PSA-01670,PSF-01793,0,0,0,604.871033,164.835693,0.727486,7.989824,NA,0,0.01,0.02,0.03,0.04,0.05,0.06,0.07,0.08,0.09,0.1,0.11,0.12,0.13,0.14,0.15,0.16,0.17,0.18,0.19,0.2,0.21,0.22,0.23,0.24,0.25,0.26,0.27,0.28,0.29,0.3,0.31,0.32,0.33,0.34,0.35,0.36,0.37,0.38,0.39,0.4,0.41,0.42,0.43,0.44,0.45,0.46,0.47,0.48,0.49,0.5,0.51,0.52,0.53,0.54,0.55,0.56,0.57,0.58,0.59,0.6,0.61,0.62,0.63,0.64,0.65,0.66,0.67,0.68,0.69,0.7,0.71,0.72,0.73,0.74,0.75,0.76,0.77,0.78,0.79,0.8,0.81,0.82,0.83,0.839999,0.849999,0.859999,0.869999,0.879999,0.889999,FLR,359.722504,503.114471,554.009216
2026-06-23T12:53:19Z,1,upper,early,7,05:53:19,2026-06-23,Auto gsw+F,LI-COR Default,NA,7,NA,NA,1.368542,2.052193,0.821026,2.453124,3.083675,2.978404,3.339205,0.255529,33.565723,34.752098,37.631836,0.441786,7.5,PSF-01793_20260623090319_173,0,0,0,171.227219,621.101624,0.724317,0.5,0.8,1.603982,1,93.87,90.66,25.55,25.82,25.82,88.73,88.2,87.9,0.3,6,4.114,8:58:12,6/23/2026,2.47,1,0.004,-0.005,-0.029,0.056,-0.062,0.31,1,150,0.005,2,0.058905,0,0.02923,0,0,-6.8e-5,standard,0,mpf,7000,500,5,2,300,300,300,621.101624,25,4.018759,621.025818,626.861328,-5.83551,2.599903,2.565609,1.150908,0.782095,0.266825,0.004684,0.07105,0.111428,171.227219,3.82e-4,2.449094,1.8e-5,1,2.418127,-1e-6,1,0.602037,0.600124,0.106561,0,PSF-01793_20260623090319_173,PFA-01559,PSA-01670,PSF-01793,RHS-2569,3.0.0,2024-07-09T18:52:43.055Z,MEASUREMENT_END
2026-06-23T12:53:19Z,1,upper,early,PSF-01793_20260623090319_173,05:53:19,2026-06-23,PFA-01559,PSA-01670,PSF-01793,0,0,0,621.101624,171.227219,0.724317,12.22144,NA,0,0.01,0.02,0.03,0.04,0.05,0.06,0.07,0.08,0.09,0.1,0.11,0.12,0.13,0.14,0.15,0.16,0.17,0.18,0.19,0.2,0.21,0.22,0.23,0.24,0.25,0.26,0.27,0.28,0.29,0.3,0.31,0.32,0.33,0.34,0.35,0.36,0.37,0.38,0.39,0.4,0.41,0.42,0.43,0.44,0.45,0.46,0.47,0.48,0.49,0.5,0.51,0.52,0.53,0.54,0.55,0.56,0.57,0.58,0.59,0.6,0.61,0.62,0.63,0.64,0.65,0.66,0.67,0.68,0.69,0.7,0.71,0.72,0.73,0.74,0.75,0.76,0.77,0.78,0.79,0.8,0.81,0.82,0.83,0.839999,0.849999,0.859999,0.869999,0.879999,0.889999,FLR,399.976013,551.089172,588.369751
2026-06-23T12:53:52Z,1,upper,early,8,05:53:52,2026-06-23,Auto gsw+F,LI-COR Default,NA,8,NA,NA,1.159197,2.025005,0.737196,2.378638,3.086882,2.982961,3.362813,0.275932,33.613667,34.784706,37.894054,0.441786,7.5,PSF-01793_20260623090352_5d1,0,0,0,169.245239,611.727844,0.723332,0.5,0.8,1.618634,1,92.75,89.62,25.77,25.94,25.94,88.74,86.6,86.1,0.6,6,4.112,8:58:12,6/23/2026,2.47,1,-0.008,-0.001,-0.024,0.659,1.491,3.284,1,150,0.005,2,0.058905,0,0.02923,0,0,-6.8e-5,standard,0,mpf,7000,500,5,2,300,300,300,611.727844,25,10.260892,614.763367,626.433716,-11.670349,2.598266,2.563879,1.13974,0.777889,0.264497,0.00349,0.074792,0.111479,169.245239,3.85e-4,2.449094,1.8e-5,1,2.418127,-1e-6,1,0.602037,0.600124,0.106561,0,PSF-01793_20260623090352_5d1,PFA-01559,PSA-01670,PSF-01793,RHS-2569,3.0.0,2024-07-09T18:52:43.055Z,MEASUREMENT_END
2026-06-23T12:53:52Z,1,upper,early,PSF-01793_20260623090352_5d1,05:53:52,2026-06-23,PFA-01559,PSA-01670,PSF-01793,0,0,0,611.727844,169.245239,0.723332,12.279613,NA,0,0.01,0.02,0.03,0.04,0.05,0.06,0.07,0.08,0.09,0.1,0.11,0.12,0.13,0.14,0.15,0.16,0.17,0.18,0.19,0.2,0.21,0.22,0.23,0.24,0.25,0.26,0.27,0.28,0.29,0.3,0.31,0.32,0.33,0.34,0.35,0.36,0.37,0.38,0.39,0.4,0.41,0.42,0.43,0.44,0.45,0.46,0.47,0.48,0.49,0.5,0.51,0.52,0.53,0.54,0.55,0.56,0.57,0.58,0.59,0.6,0.61,0.62,0.63,0.64,0.65,0.66,0.67,0.68,0.69,0.7,0.71,0.72,0.73,0.74,0.75,0.76,0.77,0.78,0.79,0.8,0.81,0.82,0.83,0.839999,0.849999,0.859999,0.869999,0.879999,0.889999,FLR,386.740936,529.424072,567.908752
2026-06-23T12:54:18Z,1,upper,early,9,05:54:18,2026-06-23,Auto gsw+F,LI-COR Default,NA,9,NA,NA,0.999807,2.004192,0.667046,2.34583,3.096488,2.992606,3.397124,0.300635,33.725773,34.8965,38.284565,0.441786,7.5,PSF-01793_20260623090418_43d,0,0,0,357.41687,753.623962,0.525736,0.5,0.8,1.179372,1,92.08,88.99,25.94,26.11,26.11,88.73,85.4,85.1,0.3,6,4.111,8:58:12,6/23/2026,2.47,1,-0.002,0,0.004,-1.459,-2.803,-4.5,1,150,0.005,2,0.058905,0,0.02923,0,0,-6.8e-5,standard,0,mpf,7000,500,5,2,300,300,300,735.86438,25,-13.877049,727.88324,733.735413,-5.852173,2.59726,2.562841,1.131318,0.775873,0.262663,0.003434,0.077647,0.111491,357.41687,3.86e-4,2.449094,1.8e-5,1,2.418127,-1e-6,1,0.602037,0.600124,0.106561,0,PSF-01793_20260623090418_43d,PFA-01559,PSA-01670,PSF-01793,RHS-2569,3.0.0,2024-07-09T18:52:43.055Z,MEASUREMENT_END
2026-06-23T12:54:18Z,1,upper,early,PSF-01793_20260623090418_43d,05:54:18,2026-06-23,PFA-01559,PSA-01670,PSF-01793,0,0,0,753.623962,357.41687,0.525736,12.293445,NA,0,0.01,0.02,0.03,0.04,0.05,0.06,0.07,0.08,0.09,0.1,0.11,0.12,0.13,0.14,0.15,0.16,0.17,0.18,0.19,0.2,0.21,0.22,0.23,0.24,0.25,0.26,0.27,0.28,0.29,0.3,0.31,0.32,0.33,0.34,0.35,0.36,0.37,0.38,0.39,0.4,0.41,0.42,0.43,0.44,0.45,0.46,0.47,0.48,0.49,0.5,0.51,0.52,0.53,0.54,0.55,0.56,0.57,0.58,0.59,0.6,0.61,0.62,0.63,0.64,0.65,0.66,0.67,0.68,0.69,0.7,0.71,0.72,0.73,0.74,0.75,0.76,0.77,0.78,0.79,0.8,0.81,0.82,0.83,0.839999,0.849999,0.859999,0.869999,0.879999,0.889999,FLR,577.806091,686.820374,713.213684
2026-06-23T12:54:45Z,2,upper,early,10,05:54:45,2026-06-23,Auto gsw+F,LI-COR Default,NA,10,NA,NA,0.832092,1.981256,0.585988,2.203789,3.124327,3.025289,3.445621,0.321294,34.100445,35.216778,38.838333,0.441786,7.5,PSF-01793_20260623090445_a6e,0,0,0,136.56842,603.659058,0.773766,0.5,0.8,1.897565,1,91.93,89.02,26.12,26.35,26.35,88.72,84.1,83.7,0.6,6,4.111,8:58:12,6/23/2026,2.47,1,0.014,0.004,-9999,1.036,2.995,-9999,1,150,0.005,2,0.058905,0,0.02923,0,0,-6.8e-5,standard,0,mpf,7000,500,5,2,300,300,300,603.659058,25,5.154022,605.701111,611.045776,-5.344666,2.597295,2.562604,1.122159,0.772587,0.260814,0.004143,0.080556,0.111951,136.56842,3.83e-4,2.449094,1.8e-5,1,2.418127,-1e-6,1,0.602037,0.600124,0.106561,0,PSF-01793_20260623090445_a6e,PFA-01559,PSA-01670,PSF-01793,RHS-2569,3.0.0,2024-07-09T18:52:43.055Z,MEASUREMENT_END
2026-06-23T12:54:45Z,2,upper,early,PSF-01793_20260623090445_a6e,05:54:45,2026-06-23,PFA-01559,PSA-01670,PSF-01793,0,0,0,603.659058,136.56842,0.773766,12.816194,NA,0,0.01,0.02,0.03,0.04,0.05,0.06,0.07,0.08,0.09,0.1,0.11,0.12,0.13,0.14,0.15,0.16,0.17,0.18,0.19,0.2,0.21,0.22,0.23,0.24,0.25,0.26,0.27,0.28,0.29,0.3,0.31,0.32,0.33,0.34,0.35,0.36,0.37,0.38,0.39,0.4,0.41,0.42,0.43,0.44,0.45,0.46,0.47,0.48,0.49,0.5,0.51,0.52,0.53,0.54,0.55,0.56,0.57,0.58,0.59,0.6,0.61,0.62,0.63,0.64,0.65,0.66,0.67,0.68,0.69,0.7,0.71,0.72,0.73,0.74,0.75,0.76,0.77,0.78,0.79,0.8,0.81,0.82,0.83,0.839999,0.849999,0.859999,0.869999,0.879999,0.889999,FLR,313.06601,479.541412,541.584839
2026-06-23T12:55:13Z,2,upper,early,11,05:55:13,2026-06-23,Auto gsw+F,LI-COR Default,NA,11,NA,NA,1.006766,1.954937,0.664538,2.345386,3.146465,3.039225,3.447935,0.30147,34.258205,35.46701,38.865185,0.441786,7.5,PSF-01793_20260623090513_0f7,0,0,0,133.094437,591.906311,0.775143,0.5,0.8,1.944963,1,91.57,88.45,26.31,26.37,26.37,88.72,82.7,82.4,0.4,6,4.11,8:58:12,6/23/2026,2.47,1,-0.016,-0.002,0.002,0.323,0.702,1.364,1,150,0.005,2,0.058905,0,0.02923,0,0,-6.8e-5,standard,0,mpf,7000,500,5,2,300,300,300,591.906311,25,5.701705,594.340698,600.078003,-5.737305,2.596385,2.562025,1.111803,0.769749,0.25888,0.002077,0.083618,0.112076,133.094437,3.94e-4,2.449094,1.8e-5,1,2.418127,-1e-6,1,0.602037,0.600124,0.106561,0,PSF-01793_20260623090513_0f7,PFA-01559,PSA-01670,PSF-01793,RHS-2569,3.0.0,2024-07-09T18:52:43.055Z,MEASUREMENT_END
2026-06-23T12:55:13Z,2,upper,early,PSF-01793_20260623090513_0f7,05:55:13,2026-06-23,PFA-01559,PSA-01670,PSF-01793,0,0,0,591.906311,133.094437,0.775143,12.958169,NA,0,0.01,0.02,0.03,0.04,0.05,0.06,0.07,0.08,0.09,0.1,0.11,0.12,0.13,0.14,0.15,0.16,0.17,0.18,0.19,0.2,0.21,0.22,0.23,0.24,0.25,0.26,0.27,0.28,0.29,0.3,0.31,0.32,0.33,0.34,0.35,0.36,0.37,0.38,0.39,0.4,0.41,0.42,0.43,0.44,0.45,0.46,0.47,0.48,0.49,0.5,0.51,0.52,0.53,0.54,0.55,0.56,0.57,0.58,0.59,0.6,0.61,0.62,0.63,0.64,0.65,0.66,0.67,0.68,0.69,0.7,0.71,0.72,0.73,0.74,0.75,0.76,0.77,0.78,0.79,0.8,0.81,0.82,0.83,0.839999,0.849999,0.859999,0.869999,0.879999,0.889999,FLR,326.534271,493.823639,546.45575
2026-06-23T12:55:44Z,2,upper,early,12,05:55:44,2026-06-23,Auto gsw+F,LI-COR Default,NA,12,NA,NA,1.054174,1.93102,0.681909,2.395037,3.175989,3.064753,3.475872,0.299883,34.548782,35.802734,39.1833,0.441786,7.5,PSF-01793_20260623090544_b6e,0,0,0,144.3311,614.550598,0.765144,0.5,0.8,2.424623,1,91.33,88.13,26.51,26.5,26.5,88.71,81.4,80.8,0.6,8,4.107,8:58:12,6/23/2026,2.47,1,-0.001,-0.002,0.016,0.409,0.653,1.25,1,150,0.005,2,0.058905,0,0.02923,0,0,-6.8e-5,standard,0,mpf,7000,500,5,2,300,300,300,614.550598,25,4.152959,614.49408,620.502625,-6.008545,2.595873,2.561639,1.102531,0.766364,0.256804,0.00129,0.08708,0.113525,144.3311,3.87e-4,2.449094,1.8e-5,1,2.418127,-1e-6,1,0.602037,0.600124,0.106561,0,PSF-01793_20260623090544_b6e,PFA-01559,PSA-01670,PSF-01793,RHS-2569,3.0.0,2024-07-09T18:52:43.055Z,MEASUREMENT_END
2026-06-23T12:55:44Z,2,upper,early,PSF-01793_20260623090544_b6e,05:55:44,2026-06-23,PFA-01559,PSA-01670,PSF-01793,0,0,0,614.550598,144.3311,0.765144,14.607368,NA,0,0.01,0.02,0.03,0.04,0.05,0.06,0.07,0.08,0.09,0.1,0.11,0.12,0.13,0.14,0.15,0.16,0.17,0.18,0.19,0.2,0.21,0.22,0.23,0.24,0.25,0.26,0.27,0.28,0.29,0.3,0.31,0.32,0.33,0.34,0.35,0.36,0.37,0.38,0.39,0.4,0.41,0.42,0.43,0.44,0.45,0.46,0.47,0.48,0.49,0.5,0.51,0.52,0.53,0.54,0.55,0.56,0.57,0.58,0.59,0.6,0.61,0.62,0.63,0.64,0.65,0.66,0.67,0.68,0.69,0.7,0.71,0.72,0.73,0.74,0.75,0.76,0.77,0.78,0.79,0.8,0.81,0.82,0.83,0.839999,0.849999,0.859999,0.869999,0.879999,0.889999,FLR,366.496338,537.727844,581.825867
2026-06-23T12:56:43Z,3,lower,early,13,05:56:43,2026-06-23,Auto gsw+F,LI-COR Default,NA,13,NA,NA,0.773123,1.892553,0.548895,1.981442,3.211313,3.116876,3.519454,0.308141,35.129234,36.193604,39.666553,0.441786,7.5,PSF-01793_20260623090643_b11,0,0,0,316.759216,793.763611,0.60094,0.5,0.8,0.805261,1,90.42,87.76,26.87,26.71,26.71,88.73,79.3,79,0.4,3,4.107,8:58:12,6/23/2026,2.47,1,0,0.005,0.015,1.201,3.383,10.444,1,150,0.005,2,0.058905,0,0.02923,0,0,-6.8e-5,standard,0,mpf,7000,500,5,2,300,300,300,763.886353,25,-21.588133,757.409668,762.823547,-5.413879,2.595268,2.560216,1.087885,0.762271,0.253183,-4.52e-4,0.093634,0.109506,316.759216,3.9e-4,2.449094,1.8e-5,1,2.418127,-1e-6,1,0.602037,0.600124,0.106561,0,PSF-01793_20260623090643_b11,PFA-01559,PSA-01670,PSF-01793,RHS-2569,3.0.0,2024-07-09T18:52:43.055Z,MEASUREMENT_END
2026-06-23T12:56:43Z,3,lower,early,PSF-01793_20260623090643_b11,05:56:43,2026-06-23,PFA-01559,PSA-01670,PSF-01793,0,0,0,793.763611,316.759216,0.60094,10.035254,NA,0,0.01,0.02,0.03,0.04,0.05,0.06,0.07,0.08,0.09,0.1,0.11,0.12,0.13,0.14,0.15,0.16,0.17,0.18,0.19,0.2,0.21,0.22,0.23,0.24,0.25,0.26,0.27,0.28,0.29,0.3,0.31,0.32,0.33,0.34,0.35,0.36,0.37,0.38,0.39,0.4,0.41,0.42,0.43,0.44,0.45,0.46,0.47,0.48,0.49,0.5,0.51,0.52,0.53,0.54,0.55,0.56,0.57,0.58,0.59,0.6,0.61,0.62,0.63,0.64,0.65,0.66,0.67,0.68,0.69,0.7,0.71,0.72,0.73,0.74,0.75,0.76,0.77,0.78,0.79,0.8,0.81,0.82,0.83,0.839999,0.849999,0.859999,0.869999,0.879999,0.889999,FLR,581.118469,719.492188,744.027283
2026-06-23T12:57:08Z,3,lower,early,14,05:57:08,2026-06-23,Auto gsw+F,LI-COR Default,NA,14,NA,NA,0.854807,1.874362,0.587072,2.086493,3.242756,3.142104,3.546036,0.30328,35.412968,36.547359,39.965462,0.441786,7.5,PSF-01793_20260623090708_097,0,0,0,320.33477799999997,835.690674,0.616683,0.5,0.8,0.206904,1,90.56,87.75,27.01,26.84,26.84,88.73,78.3,77.9,0.5,1,4.084,8:58:12,6/23/2026,2.47,1,0.009,0,0.01,1.07,2.883,8.755,1,150,0.005,2,0.058905,0,0.02923,0,0,-6.8e-5,standard,0,mpf,7000,500,5,2,300,300,300,788.930664,25,-33.419533,781.496277,787.793884,-6.297607,2.595226,2.560402,1.08107,0.759908,0.251772,-6.18e-4,0.096256,0.107298,320.33477799999997,3.76e-4,2.449094,1.8e-5,1,2.418127,-1e-6,1,0.602037,0.600124,0.106561,0,PSF-01793_20260623090708_097,PFA-01559,PSA-01670,PSF-01793,RHS-2569,3.0.0,2024-07-09T18:52:43.055Z,MEASUREMENT_END
2026-06-23T12:57:08Z,3,lower,early,PSF-01793_20260623090708_097,05:57:08,2026-06-23,PFA-01559,PSA-01670,PSF-01793,0,0,0,835.690674,320.33477799999997,0.616683,7.524028,NA,0,0.01,0.02,0.03,0.04,0.05,0.06,0.07,0.08,0.09,0.1,0.11,0.12,0.13,0.14,0.15,0.16,0.17,0.18,0.19,0.2,0.21,0.22,0.23,0.24,0.25,0.26,0.27,0.28,0.29,0.3,0.31,0.32,0.33,0.34,0.35,0.36,0.37,0.38,0.39,0.4,0.41,0.42,0.43,0.44,0.45,0.46,0.47,0.48,0.49,0.5,0.51,0.52,0.53,0.54,0.55,0.56,0.57,0.58,0.59,0.6,0.61,0.62,0.63,0.64,0.65,0.66,0.67,0.68,0.69,0.7,0.71,0.72,0.73,0.74,0.75,0.76,0.77,0.78,0.79,0.8,0.81,0.82,0.83,0.839999,0.849999,0.859999,0.869999,0.879999,0.889999,FLR,597.480652,744.364502,771.185852
2026-06-23T12:57:29Z,3,lower,early,15,05:57:29,2026-06-23,Auto gsw+F,LI-COR Default,NA,15,NA,NA,0.816731,1.859899,0.567518,2.041589,3.259708,3.16025,3.566649,0.306941,35.613964,36.734798,40.193821,0.441786,7.5,PSF-01793_20260623090729_87e,0,0,0,242.337936,700.410583,0.654006,0.5,0.8,1.111987,1,90.39,87.63,27.13,26.94,26.94,88.74,77.5,77.2,0.4,4,4.104,8:58:12,6/23/2026,2.47,1,0.005,0.004,0.011,1.956,4.242,10.411,1,150,0.005,2,0.058905,0,0.02923,0,0,-6.8e-5,standard,0,mpf,7000,500,5,2,300,300,300,696.105103,25,-3.63792,690.547974,695.196716,-4.648743,2.595041,2.560137,1.075701,0.758346,0.250578,-8.79e-4,0.098578,0.110298,242.337936,3.84e-4,2.449094,1.8e-5,1,2.418127,-1e-6,1,0.602037,0.600124,0.106561,0,PSF-01793_20260623090729_87e,PFA-01559,PSA-01670,PSF-01793,RHS-2569,3.0.0,2024-07-09T18:52:43.055Z,MEASUREMENT_END
2026-06-23T12:57:29Z,3,lower,early,PSF-01793_20260623090729_87e,05:57:29,2026-06-23,PFA-01559,PSA-01670,PSF-01793,0,0,0,700.410583,242.337936,0.654006,10.935927,NA,0,0.01,0.02,0.03,0.04,0.05,0.06,0.07,0.08,0.09,0.1,0.11,0.12,0.13,0.14,0.15,0.16,0.17,0.18,0.19,0.2,0.21,0.22,0.23,0.24,0.25,0.26,0.27,0.28,0.29,0.3,0.31,0.32,0.33,0.34,0.35,0.36,0.37,0.38,0.39,0.4,0.41,0.42,0.43,0.44,0.45,0.46,0.47,0.48,0.49,0.5,0.51,0.52,0.53,0.54,0.55,0.56,0.57,0.58,0.59,0.6,0.61,0.62,0.63,0.64,0.65,0.66,0.67,0.68,0.69,0.7,0.71,0.72,0.73,0.74,0.75,0.76,0.77,0.78,0.79,0.8,0.81,0.82,0.83,0.839999,0.849999,0.859999,0.869999,0.879999,0.889999,FLR,519.477356,663.506958,683.649292
2026-06-23T12:58:18Z,3,upper,early,16,05:58:18,2026-06-23,Auto gsw+F,LI-COR Default,NA,16,NA,NA,0.775784,1.84506,0.546148,2.196679,3.255059,3.146948,3.598154,0.343096,35.467167,36.685604,40.552406,0.441786,7.5,PSF-01793_20260623090818_29e,0,0,0,262.622223,723.513245,0.637018,0.5,0.8,0.727661,1,89,86.04,27.37,27.09,27.09,88.73,76.7,76.1,0.8,3,4.074,8:58:12,6/23/2026,2.47,1,0.003,0.003,0.015,-1.394,-2.461,-5.541,1,150,0.005,2,0.058905,0,0.02923,0,0,-6.8e-5,standard,0,mpf,7000,500,5,2,300,300,300,719.624146,25,-3.053966,715.672729,719.136292,-3.463562,2.592525,2.557978,1.070237,0.755985,0.248187,-0.001984,0.10384,0.109071,262.622223,3.89e-4,2.449094,1.8e-5,1,2.418127,-1e-6,1,0.602037,0.600124,0.106561,0,PSF-01793_20260623090818_29e,PFA-01559,PSA-01670,PSF-01793,RHS-2569,3.0.0,2024-07-09T18:52:43.055Z,MEASUREMENT_END
2026-06-23T12:58:18Z,3,upper,early,PSF-01793_20260623090818_29e,05:58:18,2026-06-23,PFA-01559,PSA-01670,PSF-01793,0,0,0,723.513245,262.622223,0.637018,9.540982,NA,0,0.01,0.02,0.03,0.04,0.05,0.06,0.07,0.08,0.09,0.1,0.11,0.12,0.13,0.14,0.15,0.16,0.17,0.18,0.19,0.2,0.21,0.22,0.23,0.24,0.25,0.26,0.27,0.28,0.29,0.3,0.31,0.32,0.33,0.34,0.35,0.36,0.37,0.38,0.39,0.4,0.41,0.42,0.43,0.44,0.45,0.46,0.47,0.48,0.49,0.5,0.51,0.52,0.53,0.54,0.55,0.56,0.57,0.58,0.59,0.6,0.61,0.62,0.63,0.64,0.65,0.66,0.67,0.68,0.69,0.7,0.71,0.72,0.73,0.74,0.75,0.76,0.77,0.78,0.79,0.8,0.81,0.82,0.83,0.839999,0.849999,0.859999,0.869999,0.879999,0.889999,FLR,559.886475,694.171082,708.189697
2026-06-23T12:59:00Z,3,upper,early,17,05:59:00,2026-06-23,Auto gsw+F,LI-COR Default,NA,17,NA,NA,0.028908,1.826755,0.028457,0.144216,3.195997,3.188803,3.628398,0.432402,35.935738,36.016808,40.889694,0.441786,7.5,PSF-01793_20260623090900_859,0,0,0,427.974335,861.257812,0.503082,0.5,0.8,0.553874,1,86.24,86.04,27.59,27.23,27.23,88.74,75.8,75.4,0.5,3,4.101,9:08:41,6/23/2026,-0.16,1,0.001,0.001,0.001,0.978,3.156,11.027,1,150,0.005,2,0.058905,0,0.02923,0,0,-6.8e-5,standard,0,mpf,7000,500,5,2,300,300,300,808.970337,25,-36.821693,803.10022,808.485046,-5.384827,2.592504,2.55775,1.063558,0.754513,0.245979,-0.002981,0.108397,0.108981,427.974335,3.91e-4,2.449094,1.8e-5,1,2.418127,-1e-6,1,0.602037,0.600124,0.106561,0,PSF-01793_20260623090900_859,PFA-01559,PSA-01670,PSF-01793,RHS-2569,3.0.0,2024-07-09T18:52:43.055Z,MEASUREMENT_END
2026-06-23T12:59:00Z,3,upper,early,PSF-01793_20260623090900_859,05:59:00,2026-06-23,PFA-01559,PSA-01670,PSF-01793,0,0,0,861.257812,427.974335,0.503082,9.437654,NA,0,0.01,0.02,0.03,0.04,0.05,0.06,0.07,0.08,0.09,0.1,0.11,0.12,0.13,0.14,0.15,0.16,0.17,0.18,0.19,0.2,0.21,0.22,0.23,0.24,0.25,0.26,0.27,0.28,0.29,0.3,0.31,0.32,0.33,0.34,0.35,0.36,0.37,0.38,0.39,0.4,0.41,0.42,0.43,0.44,0.45,0.46,0.47,0.48,0.49,0.5,0.51,0.52,0.53,0.54,0.55,0.56,0.57,0.58,0.59,0.6,0.61,0.62,0.63,0.64,0.65,0.66,0.67,0.68,0.69,0.7,0.71,0.72,0.73,0.74,0.75,0.76,0.77,0.78,0.79,0.8,0.81,0.82,0.83,0.839999,0.849999,0.859999,0.869999,0.879999,0.889999,FLR,682.803162,782.258362,795.088623
2026-06-23T13:01:10Z,3,upper,early,18,06:01:10,2026-06-23,Auto gsw+F,LI-COR Default,NA,19,NA,NA,-0.060642,1.809306,-0.062745,-0.370012,3.224786,3.243467,3.727698,0.502912,36.543121,36.332645,41.998795,0.441786,7.5,PSF-01793_20260623091110_ecb,0,0,0,245.508316,695.69458,0.647103,0.5,0.8,0.360422,1,84.25,84.74,28.15,27.69,27.69,88.76,74.8,74,1.1,1,4.097,9:08:41,6/23/2026,-0.16,1,0,0.004,0.012,0.556,2.011,6.474,1,150,0.005,2,0.058905,0,0.02923,0,0,-6.8e-5,standard,0,mpf,7000,500,5,2,300,300,300,695.69458,25,-0.224876,691.985229,695.372314,-3.387085,2.590407,2.554655,1.057253,0.751452,0.240648,-0.004131,0.122195,0.107785,245.508316,3.88e-4,2.449094,1.8e-5,1,2.418127,-1e-6,1,0.602037,0.600124,0.106561,0,PSF-01793_20260623091110_ecb,PFA-01559,PSA-01670,PSF-01793,RHS-2569,3.0.0,2024-07-09T18:52:43.055Z,MEASUREMENT_END
2026-06-23T13:01:10Z,3,upper,early,PSF-01793_20260623091110_ecb,06:01:10,2026-06-23,PFA-01559,PSA-01670,PSF-01793,0,0,0,695.69458,245.508316,0.647103,8.077694,NA,0,0.01,0.02,0.03,0.04,0.05,0.06,0.07,0.08,0.09,0.1,0.11,0.12,0.13,0.14,0.15,0.16,0.17,0.18,0.19,0.2,0.21,0.22,0.23,0.24,0.25,0.26,0.27,0.28,0.29,0.3,0.31,0.32,0.33,0.34,0.35,0.36,0.37,0.38,0.39,0.4,0.41,0.42,0.43,0.44,0.45,0.46,0.47,0.48,0.49,0.5,0.51,0.52,0.53,0.54,0.55,0.56,0.57,0.58,0.59,0.6,0.61,0.62,0.63,0.64,0.65,0.66,0.67,0.68,0.69,0.7,0.71,0.72,0.73,0.74,0.75,0.76,0.77,0.78,0.79,0.8,0.81,0.82,0.83,0.839999,0.849999,0.859999,0.869999,0.879999,0.889999,FLR,522.797607,660.632751,680.965637
2026-06-23T13:01:28Z,4,lower,early,19,06:01:28,2026-06-23,Auto gsw+F,LI-COR Default,NA,20,NA,NA,-0.013812,1.800436,-0.013919,-0.080468,3.249437,3.253524,3.742338,0.492901,36.656433,36.610386,42.16375,0.441786,7.5,PSF-01793_20260623091128_8a5,0,0,0,220.538742,713.866272,0.691064,0.5,0.8,0.523898,1,84.57,84.68,28.21,27.76,27.76,88.76,74.4,74,0.4,2,4.074,9:08:41,6/23/2026,-0.16,1,0.001,0.001,0.007,1.663,4.085,10.362,1,150,0.005,2,0.058905,0,0.02923,0,0,-6.8e-5,standard,0,mpf,7000,500,5,2,300,300,300,708.940369,25,-3.714087,704.131714,708.543274,-4.41156,2.590308,2.555135,1.054071,0.751539,0.240028,-0.004116,0.123919,0.108227,220.538742,3.92e-4,2.449094,1.8e-5,1,2.418127,-1e-6,1,0.602037,0.600124,0.106561,0,PSF-01793_20260623091128_8a5,PFA-01559,PSA-01670,PSF-01793,RHS-2569,3.0.0,2024-07-09T18:52:43.055Z,MEASUREMENT_END
2026-06-23T13:01:28Z,4,lower,early,PSF-01793_20260623091128_8a5,06:01:28,2026-06-23,PFA-01559,PSA-01670,PSF-01793,0,0,0,713.866272,220.538742,0.691064,8.580509,NA,0,0.01,0.02,0.03,0.04,0.05,0.06,0.07,0.08,0.09,0.1,0.11,0.12,0.13,0.14,0.15,0.16,0.17,0.18,0.19,0.2,0.21,0.22,0.23,0.24,0.25,0.26,0.27,0.28,0.29,0.3,0.31,0.32,0.33,0.34,0.35,0.36,0.37,0.38,0.39,0.4,0.41,0.42,0.43,0.44,0.45,0.46,0.47,0.48,0.49,0.5,0.51,0.52,0.53,0.54,0.55,0.56,0.57,0.58,0.59,0.6,0.61,0.62,0.63,0.64,0.65,0.66,0.67,0.68,0.69,0.7,0.71,0.72,0.73,0.74,0.75,0.76,0.77,0.78,0.79,0.8,0.81,0.82,0.83,0.839999,0.849999,0.859999,0.869999,0.879999,0.889999,FLR,506.333832,666.291809,692.939026
2026-06-23T13:01:49Z,4,lower,early,20,06:01:49,2026-06-23,Auto gsw+F,LI-COR Default,NA,21,NA,NA,0.015541,1.800234,0.015408,0.087921,3.273055,3.268591,3.759412,0.486356,36.829193,36.879494,42.35957,0.441786,7.5,PSF-01793_20260623091149_705,0,0,0,288.899658,701.075928,0.58792,0.5,0.8,0.602982,1,84.79,84.67,28.29,27.84,27.84,88.75,74.4,73.8,0.8,3,4.095,9:08:41,6/23/2026,-0.16,1,0.004,0.005,0.01,-0.121,0.482,3.927,1,150,0.005,2,0.058905,0,0.02923,0,0,-6.8e-5,standard,0,mpf,7000,500,5,2,300,300,300,698.595642,25,-2.676754,692.586792,697.239624,-4.652832,2.590281,2.555442,1.053998,0.750908,0.239253,-0.00417,0.126125,0.108815,288.899658,3.81e-4,2.449094,1.8e-5,1,2.418127,-1e-6,1,0.602037,0.600124,0.106561,0,PSF-01793_20260623091149_705,PFA-01559,PSA-01670,PSF-01793,RHS-2569,3.0.0,2024-07-09T18:52:43.055Z,MEASUREMENT_END
2026-06-23T13:01:49Z,4,lower,early,PSF-01793_20260623091149_705,06:01:49,2026-06-23,PFA-01559,PSA-01670,PSF-01793,0,0,0,701.075928,288.899658,0.58792,9.249301,NA,0,0.01,0.02,0.03,0.04,0.05,0.06,0.07,0.08,0.09,0.1,0.11,0.12,0.13,0.14,0.15,0.16,0.17,0.18,0.19,0.2,0.21,0.22,0.23,0.24,0.25,0.26,0.27,0.28,0.29,0.3,0.31,0.32,0.33,0.34,0.35,0.36,0.37,0.38,0.39,0.4,0.41,0.42,0.43,0.44,0.45,0.46,0.47,0.48,0.49,0.5,0.51,0.52,0.53,0.54,0.55,0.56,0.57,0.58,0.59,0.6,0.61,0.62,0.63,0.64,0.65,0.66,0.67,0.68,0.69,0.7,0.71,0.72,0.73,0.74,0.75,0.76,0.77,0.78,0.79,0.8,0.81,0.82,0.83,0.839999,0.849999,0.859999,0.869999,0.879999,0.889999,FLR,547.536865,667.909729,687.372559
2026-06-23T13:02:46Z,4,lower,early,21,06:02:46,2026-06-23,Auto gsw+F,LI-COR Default,NA,22,NA,NA,0.003273,1.799927,0.003267,0.020592,3.250839,3.249794,3.788001,0.537161,36.624512,36.636295,42.689995,0.441786,7.5,PSF-01793_20260623091246_463,0,0,0,169.002777,614.92395,0.725165,0.5,0.8,2.056506,1,83.23,83.21,28.49,27.97,27.97,88.73,74.4,74.1,0.3,7,4.093,9:08:41,6/23/2026,-0.16,1,0.003,0.004,0.01,-0.117,0.144,0.607,1,150,0.005,2,0.058905,0,0.02923,0,0,-6.8e-5,standard,0,mpf,7000,500,5,2,300,300,300,614.92395,25,6.793443,616.633057,624.660278,-8.027222,2.587978,2.553057,1.053889,0.751651,0.237359,-0.005034,0.132021,0.112794,169.002777,3.87e-4,2.449094,1.8e-5,1,2.418127,-1e-6,1,0.602037,0.600124,0.106561,0,PSF-01793_20260623091246_463,PFA-01559,PSA-01670,PSF-01793,RHS-2569,3.0.0,2024-07-09T18:52:43.055Z,MEASUREMENT_END
2026-06-23T13:02:46Z,4,lower,early,PSF-01793_20260623091246_463,06:02:46,2026-06-23,PFA-01559,PSA-01670,PSF-01793,0,0,0,614.92395,169.002777,0.725165,13.77504,NA,0,0.01,0.02,0.03,0.04,0.05,0.06,0.07,0.08,0.09,0.1,0.11,0.12,0.13,0.14,0.15,0.16,0.17,0.18,0.19,0.2,0.21,0.22,0.23,0.24,0.25,0.26,0.27,0.28,0.29,0.3,0.31,0.32,0.33,0.34,0.35,0.36,0.37,0.38,0.39,0.4,0.41,0.42,0.43,0.44,0.45,0.46,0.47,0.48,0.49,0.5,0.51,0.52,0.53,0.54,0.55,0.56,0.57,0.58,0.59,0.6,0.61,0.62,0.63,0.64,0.65,0.66,0.67,0.68,0.69,0.7,0.71,0.72,0.73,0.74,0.75,0.76,0.77,0.78,0.79,0.8,0.81,0.82,0.83,0.839999,0.849999,0.859999,0.869999,0.879999,0.889999,FLR,389.260773,542.872314,581.275452
2026-06-23T13:03:04Z,4,upper,early,22,06:03:04,2026-06-23,Auto gsw+F,LI-COR Default,NA,23,NA,NA,-0.033234,1.800469,-0.033859,-0.197333,3.254104,3.264122,3.75081,0.496706,36.787235,36.674328,42.272293,0.441786,7.5,PSF-01793_20260623091304_722,0,0,0,154.709457,629.344238,0.754174,0.5,0.8,2.084162,1,83.02,83.28,28.56,27.8,27.8,88.73,74.4,73.6,1,7,4.093,9:08:41,6/23/2026,-0.16,1,0.002,0.004,-9999,0.564,1.032,-9999,1,150,0.005,2,0.058905,0,0.02923,0,0,-6.8e-5,standard,0,mpf,7000,500,5,2,300,300,300,629.344238,25,-0.192233,625.996094,629.068726,-3.072632,2.588082,2.55273,1.054083,0.75061,0.236789,-0.007752,0.133785,0.112635,154.709457,3.91e-4,2.449094,1.8e-5,1,2.418127,-1e-6,1,0.602037,0.600124,0.106561,0,PSF-01793_20260623091304_722,PFA-01559,PSA-01670,PSF-01793,RHS-2569,3.0.0,2024-07-09T18:52:43.055Z,MEASUREMENT_END
2026-06-23T13:03:04Z,4,upper,early,PSF-01793_20260623091304_722,06:03:04,2026-06-23,PFA-01559,PSA-01670,PSF-01793,0,0,0,629.344238,154.709457,0.754174,13.59401,NA,0,0.01,0.02,0.03,0.04,0.05,0.06,0.07,0.08,0.09,0.1,0.11,0.12,0.13,0.14,0.15,0.16,0.17,0.18,0.19,0.2,0.21,0.22,0.23,0.24,0.25,0.26,0.27,0.28,0.29,0.3,0.31,0.32,0.33,0.34,0.35,0.36,0.37,0.38,0.39,0.4,0.41,0.42,0.43,0.44,0.45,0.46,0.47,0.48,0.49,0.5,0.51,0.52,0.53,0.54,0.55,0.56,0.57,0.58,0.59,0.6,0.61,0.62,0.63,0.64,0.65,0.66,0.67,0.68,0.69,0.7,0.71,0.72,0.73,0.74,0.75,0.76,0.77,0.78,0.79,0.8,0.81,0.82,0.83,0.839999,0.849999,0.859999,0.869999,0.879999,0.889999,FLR,380.352264,556.742554,601.624817
2026-06-23T13:03:12Z,4,upper,early,23,06:03:12,2026-06-23,Auto gsw+F,LI-COR Default,NA,24,NA,NA,-0.009441,1.797022,-0.009491,-0.067895,3.27118,3.274635,3.880368,0.609189,36.90353,36.864597,43.729855,0.441786,7.5,PSF-01793_20260623091312_fb6,0,0,0,198.078995,619.99585,0.680516,0.5,0.8,1.967867,1,83.32,83.41,28.58,28.38,28.38,88.74,74.2,73.8,0.5,7,4.092,9:08:41,6/23/2026,-0.16,1,0,-0.002,-9999,-1.855,-3.377,-9999,1,150,0.005,2,0.058905,0,0.02923,0,0,-6.8e-5,standard,0,mpf,7000,500,5,2,300,300,300,619.99585,25,3.115626,618.67511,624.461182,-5.786072,2.588287,2.553182,1.05285,0.75109,0.23653,-0.001197,0.134486,0.112916,198.078995,3.89e-4,2.449094,1.8e-5,1,2.418127,-1e-6,1,0.602037,0.600124,0.106561,0,PSF-01793_20260623091312_fb6,PFA-01559,PSA-01670,PSF-01793,RHS-2569,3.0.0,2024-07-09T18:52:43.055Z,MEASUREMENT_END
2026-06-23T13:03:12Z,4,upper,early,PSF-01793_20260623091312_fb6,06:03:12,2026-06-23,PFA-01559,PSA-01670,PSF-01793,0,0,0,619.99585,198.078995,0.680516,13.914575,NA,0,0.01,0.02,0.03,0.04,0.05,0.06,0.07,0.08,0.09,0.1,0.11,0.12,0.13,0.14,0.15,0.16,0.17,0.18,0.19,0.2,0.21,0.22,0.23,0.24,0.25,0.26,0.27,0.28,0.29,0.3,0.31,0.32,0.33,0.34,0.35,0.36,0.37,0.38,0.39,0.4,0.41,0.42,0.43,0.44,0.45,0.46,0.47,0.48,0.49,0.5,0.51,0.52,0.53,0.54,0.55,0.56,0.57,0.58,0.59,0.6,0.61,0.62,0.63,0.64,0.65,0.66,0.67,0.68,0.69,0.7,0.71,0.72,0.73,0.74,0.75,0.76,0.77,0.78,0.79,0.8,0.81,0.82,0.83,0.839999,0.849999,0.859999,0.869999,0.879999,0.889999,FLR,449.862244,585.384583,601.891968
2026-06-23T13:03:46Z,4,upper,early,24,06:03:46,2026-06-23,Auto gsw+F,LI-COR Default,NA,25,NA,NA,-0.055354,1.794046,-0.057117,-0.380978,3.275874,3.295299,3.844009,0.568135,37.1362,36.91729,43.319855,0.441786,7.5,PSF-01793_20260623091346_57c,0,0,0,168.989532,656.848694,0.742727,0.5,0.8,1.713157,1,82.91,83.4,28.69,28.22,28.22,88.74,74,73.5,0.7,6,4.087,9:08:41,6/23/2026,-0.16,1,0.002,0.003,0.01,1.397,2.845,5.615,1,150,0.005,2,0.058905,0,0.02923,0,0,-6.8e-5,standard,0,mpf,7000,500,5,2,300,300,300,656.848694,25,2.709398,655.967834,660.731812,-4.763977,2.588258,2.552539,1.051787,0.750436,0.2355,-0.004432,0.137854,0.11163,168.989532,3.96e-4,2.449094,1.8e-5,1,2.418127,-1e-6,1,0.602037,0.600124,0.106561,0,PSF-01793_20260623091346_57c,PFA-01559,PSA-01670,PSF-01793,RHS-2569,3.0.0,2024-07-09T18:52:43.055Z,MEASUREMENT_END
2026-06-23T13:03:46Z,4,upper,early,PSF-01793_20260623091346_57c,06:03:46,2026-06-23,PFA-01559,PSA-01670,PSF-01793,0,0,0,656.848694,168.989532,0.742727,12.451694,NA,0,0.01,0.02,0.03,0.04,0.05,0.06,0.07,0.08,0.09,0.1,0.11,0.12,0.13,0.14,0.15,0.16,0.17,0.18,0.19,0.2,0.21,0.22,0.23,0.24,0.25,0.26,0.27,0.28,0.29,0.3,0.31,0.32,0.33,0.34,0.35,0.36,0.37,0.38,0.39,0.4,0.41,0.42,0.43,0.44,0.45,0.46,0.47,0.48,0.49,0.5,0.51,0.52,0.53,0.54,0.55,0.56,0.57,0.58,0.59,0.6,0.61,0.62,0.63,0.64,0.65,0.66,0.67,0.68,0.69,0.7,0.71,0.72,0.73,0.74,0.75,0.76,0.77,0.78,0.79,0.8,0.81,0.82,0.83,0.839999,0.849999,0.859999,0.869999,0.879999,0.889999,FLR,420.650482,600.244019,635.023743
2026-06-22T14:53:14Z,1,lower,morning,1,07:53:14,2026-06-22,Auto gsw+F,LI-COR Default,NA,1,NA,NA,-0.010551,2.919202,-0.010589,-0.084815,2.249944,2.252011,2.938088,0.688144,25.444225,25.420874,33.195827,0.441786,7.5,PSF-00548_20260622075314_3d7,0,0,0,169.848206,617.472656,0.72493,0.5,0.8,0.590521,1,76.64,76.71,23.67,23.68,23.68,88.51,156.4,155.3,0.7,2,4.1,07:53:00,2026-06-22,0.37,1,-0.001,-0.003,-0.007,2.006,4.312,10.502,1,150,0.005,2,0.058905,0,0.02923,0,0,-6.8e-5,standard,0,mpf,7000,500,5,2,300,300,300,615.879517,25,-1.53448,610.904236,615.27655,-4.372314,2.50448,2.487231,1.657336,0.928561,0.287623,7.06e-4,0.030852,0.109004,169.848206,2.22e-4,2.389264,-6.4e-5,1,2.373994,-5e-5,1,0.600671,0.600225,0.107215,0,PSF-00548_20260622075314_3d7,PFA-00618,PSA-00618,PSF-00548,RHS-0688,3.0.0,2022-04-21T19:36:20.491Z,MEASUREMENT_END
2026-06-22T14:53:14Z,1,lower,morning,PSF-00548_20260622075314_3d7,07:53:14,2026-06-22,PFA-00618,PSA-00618,PSF-00548,0,0,0,617.472656,169.848206,0.72493,8.714836,NA,0,0.01,0.02,0.03,0.04,0.05,0.06,0.07,0.080000,0.09,0.1,0.11,0.12,0.13,0.14,0.15,0.16,0.17,0.18,0.19,0.2,0.21,0.22,0.23,0.24,0.25,0.26,0.27,0.28,0.29,0.300000,0.310000,0.32,0.33,0.34,0.35,0.36,0.37,0.38,0.39,0.4,0.41,0.42,0.43,0.44,0.45,0.46,0.47,0.48,0.49,0.500000,0.510000,0.520000,0.53,0.54,0.55,0.56,0.57,0.58,0.59,0.6,0.61,0.62,0.63,0.64,0.65,0.66,0.67,0.68,0.69,0.7,0.71,0.72,0.73,0.74,0.75,0.76,0.77,0.78,0.79,0.8,0.81,0.82,0.83,0.839999,0.849999,0.859999,0.869999,0.879999,0.889999,FLR,413.155670,555.226929,"588.670105,601.517944,606.708496,609.160095,610.613831,611.631287,612.445251,613.076111,613.663330,614.071716,614.479431,614.844910,615.102051,615.306274,615.499756,615.609863,615.735413,615.800476,615.879517,615.838074,615.856628,615.831604,615.766907,615.687500,615.611328,615.504028,615.421082,615.299438,615.213257,615.294128,615.171448,615.289429,615.127441,615.232605,615.082031,615.137817,615.013733,615.054138,615.154602,615.012268,615.083435,614.936096,614.951111,615.000488,614.861389,614.873169,614.937927,614.755859,614.852051,614.790588,614.658264,614.733704,614.722961,614.709351,614.585266,614.585632,614.594238,614.587402,610.904236,610.853821,610.653870,610.486511,610.262634,610.075623,609.880310,609.699036,609.518738,609.319580,609.190125,608.979126,608.797791,608.632568,608.436951,608.270264,608.100769,607.941284,607.786804,607.613342,607.494568,607.282166,607.109436,606.966003,606.809387,606.623413,606.460327,606.306580,606.147034,605.933899,PAR,6987.300293,6987.300293,6987.300293,6987.300293,6987.300293,6987.300293,6987.300293,6987.300293,6987.300293,6987.300293,6987.300293,6987.300293,6987.300293,6987.300293,6987.300293,6987.300293,6987.300293,6987.300293,6987.300293,6987.300293,6987.300293,6987.300293,6987.300293,6987.300293,6987.300293,6987.300293,6987.300293,6987.300293,6987.300293,6987.300293,6929.077148,6870.854004,6812.630859,6754.407715,6696.184570,6637.961914,6579.738770,6521.515625,6463.292480,6405.069336,6346.846680,6288.623535,6230.400391,6172.177246,6113.954102,6055.730957,5997.508301,5939.285156,5881.062012,5822.838867,5764.615723,5706.393066,5648.169922,5589.946777,5531.723633,5473.500488,5415.277344,5357.054688,5298.831543,5240.608398,6987.300293,6987.300293,6987.300293,6987.300293,6987.300293,6987.300293,6987.300293,6987.300293,6987.300293,6987.300293,6987.300293,6987.300293,6987.300293,6987.300293,6987.300293,6987.300293,6987.300293,6987.300293,6987.300293,6987.300293,6987.300293,6987.300293,6987.300293,6987.300293,6987.300293,6987.300293,6987.300293,6987.300293,6987.300293,6987.300293,PHASE,1,1,1,1,1,1,1,1,1,1,1,1,1,1,1,1,1,1,1,1,1,1,1,1,1,1,1,1,1,1,2,2,2,2,2,2,2,2,2,2,2,2,2,2,2,2,2,2,2,2,2,2,2,2,2,2,2,2,2,2,3,3,3,3,3,3,3,3,3,3,3,3,3,3,3,3,3,3,3,3,3,3,3,3,3,3,3,3,3,3,FLASH_END"
2026-06-22T14:53:34Z,1,lower,morning,2,07:53:34,2026-06-22,Auto gsw+F,LI-COR Default,NA,2,NA,NA,-0.021286,2.920434,-0.021443,-0.172052,2.246604,2.250792,2.93593,0.689326,25.432322,25.385,33.173885,0.441786,7.5,PSF-00548_20260622075334_288,0,0,0,225.490448,622.171814,0.637575,0.5,0.8,2.994091,1,76.33,76.48,23.71,23.67,23.67,88.5,156.5,155.3,0.8,12,4.098,07:53:00,2026-06-22,0.37,1,-0.003,-0.001,0.002,2.185,4.089,10.192,1,150,0.005,2,0.058905,0,0.02923,0,0,-6.8e-5,standard,0,mpf,7000,500,5,2,300,300,300,621.999634,25,-0.23999,618.660461,621.828369,-3.167908,2.504159,2.486822,1.658606,0.928654,0.287148,1.15e-4,0.032594,0.117526,225.490448,2.21e-4,2.389264,-6.4e-5,1,2.373994,-5e-5,1,0.600671,0.600225,0.107215,0,PSF-00548_20260622075334_288,PFA-00618,PSA-00618,PSF-00548,RHS-0688,3.0.0,2022-04-21T19:36:20.491Z,MEASUREMENT_END
2026-06-22T14:53:34Z,1,lower,morning,PSF-00548_20260622075334_288,07:53:34,2026-06-22,PFA-00618,PSA-00618,PSF-00548,0,0,0,622.171814,225.490448,0.637575,18.418505,NA,0,0.01,0.02,0.03,0.04,0.05,0.06,0.07,0.080000,0.09,0.1,0.11,0.12,0.13,0.14,0.15,0.16,0.17,0.18,0.19,0.2,0.21,0.22,0.23,0.24,0.25,0.26,0.27,0.28,0.29,0.300000,0.310000,0.32,0.33,0.34,0.35,0.36,0.37,0.38,0.39,0.4,0.41,0.42,0.43,0.44,0.45,0.46,0.47,0.48,0.49,0.500000,0.510000,0.520000,0.53,0.54,0.55,0.56,0.57,0.58,0.59,0.6,0.61,0.62,0.63,0.64,0.65,0.66,0.67,0.68,0.69,0.7,0.71,0.72,0.73,0.74,0.75,0.76,0.77,0.78,0.79,0.8,0.81,0.82,0.83,0.839999,0.849999,0.859999,0.869999,0.879999,0.889999,FLR,440.183411,563.443787,"593.923706,606.528992,612.617981,616.061584,618.087891,619.361755,620.238281,620.778320,621.219971,621.410583,621.620544,621.750000,621.830811,621.894470,621.959229,621.982788,621.995300,621.986755,621.999634,621.904114,621.865540,621.844788,621.760742,621.713501,621.677734,621.691345,621.794373,621.743530,621.753235,621.848694,621.751099,621.866943,621.758911,621.880554,621.750366,621.809021,621.722839,621.807190,621.915955,621.756104,621.868042,621.760376,621.772888,621.851562,621.724976,621.799683,621.861572,621.703857,621.788269,621.748230,621.700317,621.753601,621.743530,621.758606,621.661682,621.690979,621.729980,621.701355,618.660461,618.623962,618.509155,618.418701,618.213440,618.075745,617.920166,617.786743,617.650879,617.482422,617.379456,617.212402,617.069702,616.912354,616.763977,616.668457,616.531128,616.396301,616.261108,616.096252,615.992920,615.786560,615.628479,615.479004,615.324829,615.170715,614.980835,614.830261,614.671448,614.501221,PAR,6987.300293,6987.300293,6987.300293,6987.300293,6987.300293,6987.300293,6987.300293,6987.300293,6987.300293,6987.300293,6987.300293,6987.300293,6987.300293,6987.300293,6987.300293,6987.300293,6987.300293,6987.300293,6987.300293,6987.300293,6987.300293,6987.300293,6987.300293,6987.300293,6987.300293,6987.300293,6987.300293,6987.300293,6987.300293,6987.300293,6929.077148,6870.854004,6812.630859,6754.407715,6696.184570,6637.961914,6579.738770,6521.515625,6463.292480,6405.069336,6346.846680,6288.623535,6230.400391,6172.177246,6113.954102,6055.730957,5997.508301,5939.285156,5881.062012,5822.838867,5764.615723,5706.393066,5648.169922,5589.946777,5531.723633,5473.500488,5415.277344,5357.054688,5298.831543,5240.608398,6987.300293,6987.300293,6987.300293,6987.300293,6987.300293,6987.300293,6987.300293,6987.300293,6987.300293,6987.300293,6987.300293,6987.300293,6987.300293,6987.300293,6987.300293,6987.300293,6987.300293,6987.300293,6987.300293,6987.300293,6987.300293,6987.300293,6987.300293,6987.300293,6987.300293,6987.300293,6987.300293,6987.300293,6987.300293,6987.300293,PHASE,1,1,1,1,1,1,1,1,1,1,1,1,1,1,1,1,1,1,1,1,1,1,1,1,1,1,1,1,1,1,2,2,2,2,2,2,2,2,2,2,2,2,2,2,2,2,2,2,2,2,2,2,2,2,2,2,2,2,2,2,3,3,3,3,3,3,3,3,3,3,3,3,3,3,3,3,3,3,3,3,3,3,3,3,3,3,3,3,3,3,FLASH_END"
2026-06-22T14:53:48Z,1,lower,morning,3,07:53:48,2026-06-22,Auto gsw+F,LI-COR Default,Flag,3,NA,NA,0.003386,2.919736,0.003382,0.027239,2.234899,2.234236,2.927003,0.692104,25.244318,25.251816,33.0718,0.441786,7.5,PSF-00548_20260622075348_919,0,0,0,147.405624,581.208252,0.746381,0.5,0.8,1.133063,1,75.82,75.8,23.73,23.62,23.62,88.5,156.5,155.3,0.7,4,4.097,07:53:00,2026-06-22,0.37,1,-0.003,0.001,0.011,2.071,4.473,10.875,1,150,0.005,2,0.058905,0,0.02923,0,0,-6.8e-5,standard,0,mpf,7000,500,5,2,300,300,300,581.208252,25,1.243583,576.899902,582.988037,-6.088135,2.503259,2.486147,1.657886,0.92863,0.286862,-7.15e-4,0.033857,0.110548,147.405624,2.24e-4,2.389264,-6.4e-5,1,2.373994,-5e-5,1,0.600671,0.600225,0.107215,0,PSF-00548_20260622075348_919,PFA-00618,PSA-00618,PSF-00548,RHS-0688,3.0.0,2022-04-21T19:36:20.491Z,MEASUREMENT_END
2026-06-22T14:53:48Z,1,lower,morning,PSF-00548_20260622075348_919,07:53:48,2026-06-22,PFA-00618,PSA-00618,PSF-00548,0,0,0,581.208252,147.405624,0.746381,10.47355,NA,0,0.01,0.02,0.03,0.04,0.05,0.06,0.07,0.080000,0.09,0.1,0.11,0.12,0.13,0.14,0.15,0.16,0.17,0.18,0.19,0.2,0.21,0.22,0.23,0.24,0.25,0.26,0.27,0.28,0.29,0.300000,0.310000,0.32,0.33,0.34,0.35,0.36,0.37,0.38,0.39,0.4,0.41,0.42,0.43,0.44,0.45,0.46,0.47,0.48,0.49,0.500000,0.510000,0.520000,0.53,0.54,0.55,0.56,0.57,0.58,0.59,0.6,0.61,0.62,0.63,0.64,0.65,0.66,0.67,0.68,0.69,0.7,0.71,0.72,0.73,0.74,0.75,0.76,0.77,0.78,0.79,0.8,0.81,0.82,0.83,0.839999,0.849999,0.859999,0.869999,0.879999,0.889999,FLR,374.085541,514.056458,"553.529968,569.509888,575.976501,578.796387,580.055237,580.713257,581.026184,581.148499,581.208252,581.165283,581.145264,581.138855,581.111694,581.108459,581.047302,581.007629,581.009766,580.916382,580.916382,580.796936,580.696838,580.625305,580.540527,580.441101,580.359558,580.263000,580.167175,580.050598,579.986938,580.092102,579.981934,580.143555,580.011597,580.190796,580.057739,580.146423,580.071350,580.171082,580.300232,580.158203,580.261230,580.177917,580.268372,580.359558,580.240479,580.344910,580.432861,580.302002,580.424683,580.437927,580.337036,580.449341,580.481873,580.548401,580.451843,580.534485,580.585571,580.614929,576.899902,576.893433,576.753967,576.638489,576.468933,576.346619,576.198242,576.053406,575.926758,575.797302,575.686096,575.521973,575.398926,575.294861,575.149292,575.031250,574.920044,574.799561,574.700806,574.632141,574.541321,574.384705,574.250916,574.155090,574.000610,573.890076,573.770630,573.651184,573.551086,573.398010,PAR,6987.300293,6987.300293,6987.300293,6987.300293,6987.300293,6987.300293,6987.300293,6987.300293,6987.300293,6987.300293,6987.300293,6987.300293,6987.300293,6987.300293,6987.300293,6987.300293,6987.300293,6987.300293,6987.300293,6987.300293,6987.300293,6987.300293,6987.300293,6987.300293,6987.300293,6987.300293,6987.300293,6987.300293,6987.300293,6987.300293,6929.077148,6870.854004,6812.630859,6754.407715,6696.184570,6637.961914,6579.738770,6521.515625,6463.292480,6405.069336,6346.846680,6288.623535,6230.400391,6172.177246,6113.954102,6055.730957,5997.508301,5939.285156,5881.062012,5822.838867,5764.615723,5706.393066,5648.169922,5589.946777,5531.723633,5473.500488,5415.277344,5357.054688,5298.831543,5240.608398,6987.300293,6987.300293,6987.300293,6987.300293,6987.300293,6987.300293,6987.300293,6987.300293,6987.300293,6987.300293,6987.300293,6987.300293,6987.300293,6987.300293,6987.300293,6987.300293,6987.300293,6987.300293,6987.300293,6987.300293,6987.300293,6987.300293,6987.300293,6987.300293,6987.300293,6987.300293,6987.300293,6987.300293,6987.300293,6987.300293,PHASE,1,1,1,1,1,1,1,1,1,1,1,1,1,1,1,1,1,1,1,1,1,1,1,1,1,1,1,1,1,1,2,2,2,2,2,2,2,2,2,2,2,2,2,2,2,2,2,2,2,2,2,2,2,2,2,2,2,2,2,2,3,3,3,3,3,3,3,3,3,3,3,3,3,3,3,3,3,3,3,3,3,3,3,3,3,3,3,3,3,3,FLASH_END"
2026-06-22T14:55:22Z,2,lower,morning,4,07:55:22,2026-06-22,Auto gsw+F,LI-COR Default,NA,4,NA,NA,-0.022169,2.920514,-0.022339,-0.174777,2.398858,2.403103,3.069615,0.670757,27.164371,27.116388,34.69854,0.441786,7.5,PSF-00548_20260622075522_875,0,0,0,116.045952,521.008423,0.777267,0.5,0.8,0.896361,1,80.22,80.36,23.97,24.41,24.41,88.47,156.6,155.3,0.8,3,4.095,07:53:00,2026-06-22,0.37,1,0.002,0.004,0.009,1.024,2.148,4.552,1,150,0.005,2,0.058905,0,0.02923,0,0,-6.8e-5,standard,0,mpf,7000,500,5,2,300,300,300,519.636169,25,-0.879963,517.634155,519.749023,-2.114868,2.509199,2.491825,1.658688,0.928663,0.284121,0.005361,0.044125,0.109747,116.045952,2.26e-4,2.389264,-6.4e-5,1,2.373994,-5e-5,1,0.600671,0.600225,0.107215,0,PSF-00548_20260622075522_875,PFA-00618,PSA-00618,PSF-00548,RHS-0688,3.0.0,2022-04-21T19:36:20.491Z,MEASUREMENT_END
2026-06-22T14:55:22Z,2,lower,morning,PSF-00548_20260622075522_875,07:55:22,2026-06-22,PFA-00618,PSA-00618,PSF-00548,0,0,0,521.008423,116.045952,0.777267,9.561413,NA,0,0.01,0.02,0.03,0.04,0.05,0.06,0.07,0.080000,0.09,0.1,0.11,0.12,0.13,0.14,0.15,0.16,0.17,0.18,0.19,0.2,0.21,0.22,0.23,0.24,0.25,0.26,0.27,0.28,0.29,0.300000,0.310000,0.32,0.33,0.34,0.35,0.36,0.37,0.38,0.39,0.4,0.41,0.42,0.43,0.44,0.45,0.46,0.47,0.48,0.49,0.500000,0.510000,0.520000,0.53,0.54,0.55,0.56,0.57,0.58,0.59,0.6,0.61,0.62,0.63,0.64,0.65,0.66,0.67,0.68,0.69,0.7,0.71,0.72,0.73,0.74,0.75,0.76,0.77,0.78,0.79,0.8,0.81,0.82,0.83,0.839999,0.849999,0.859999,0.869999,0.879999,0.889999,FLR,294.336304,435.097931,"480.086456,499.275330,507.570496,511.500824,513.664490,515.020630,516.006958,516.720764,517.337708,517.787231,518.181335,518.494629,518.744934,518.953430,519.125488,519.237061,519.358276,519.441956,519.529236,519.561401,519.603943,519.635071,519.622559,519.636169,519.611450,519.575745,519.553162,519.530640,519.531738,519.595398,519.580750,519.700500,519.650085,519.724121,519.681946,519.723389,519.659424,519.706604,519.773865,519.657227,519.705200,519.642212,519.598267,519.654053,519.586060,519.583252,519.591431,519.479858,519.501343,519.465942,519.356506,519.418030,519.390442,519.366150,519.303223,519.296387,519.317871,519.323975,517.492188,517.634155,517.620178,517.549744,517.481079,517.385254,517.301208,517.218933,517.162415,517.106628,517.051941,516.957886,516.893127,516.835571,516.736145,516.674255,516.602783,516.553406,516.486877,516.418945,516.374939,516.271606,516.197205,516.146423,516.079895,516.016968,515.947571,515.881775,515.834900,515.725830,PAR,6987.300293,6987.300293,6987.300293,6987.300293,6987.300293,6987.300293,6987.300293,6987.300293,6987.300293,6987.300293,6987.300293,6987.300293,6987.300293,6987.300293,6987.300293,6987.300293,6987.300293,6987.300293,6987.300293,6987.300293,6987.300293,6987.300293,6987.300293,6987.300293,6987.300293,6987.300293,6987.300293,6987.300293,6987.300293,6987.300293,6929.077148,6870.854004,6812.630859,6754.407715,6696.184570,6637.961914,6579.738770,6521.515625,6463.292480,6405.069336,6346.846680,6288.623535,6230.400391,6172.177246,6113.954102,6055.730957,5997.508301,5939.285156,5881.062012,5822.838867,5764.615723,5706.393066,5648.169922,5589.946777,5531.723633,5473.500488,5415.277344,5357.054688,5298.831543,5240.608398,6987.300293,6987.300293,6987.300293,6987.300293,6987.300293,6987.300293,6987.300293,6987.300293,6987.300293,6987.300293,6987.300293,6987.300293,6987.300293,6987.300293,6987.300293,6987.300293,6987.300293,6987.300293,6987.300293,6987.300293,6987.300293,6987.300293,6987.300293,6987.300293,6987.300293,6987.300293,6987.300293,6987.300293,6987.300293,6987.300293,PHASE,1,1,1,1,1,1,1,1,1,1,1,1,1,1,1,1,1,1,1,1,1,1,1,1,1,1,1,1,1,1,2,2,2,2,2,2,2,2,2,2,2,2,2,2,2,2,2,2,2,2,2,2,2,2,2,2,2,2,2,2,3,3,3,3,3,3,3,3,3,3,3,3,3,3,3,3,3,3,3,3,3,3,3,3,3,3,3,3,3,3,FLASH_END"
2026-06-22T14:55:40Z,2,lower,morning,5,07:55:40,2026-06-22,Auto gsw+F,LI-COR Default,NA,5,NA,NA,2.65e-4,2.919713,2.65e-4,0.002061,2.396856,2.396806,3.062837,0.665981,27.093725,27.094292,34.622608,0.441786,7.5,PSF-00548_20260622075540_f84,0,0,0,110.747337,495.836029,0.776645,0.5,0.8,1.069963,1,79.82,79.82,24.04,24.37,24.37,88.46,156.5,155.3,0.8,3,4.093,07:53:00,2026-06-22,0.37,1,-0.005,-0.003,-0.017,0.493,1.1,2.282,1,150,0.005,2,0.058905,0,0.02923,0,0,-6.8e-5,standard,0,mpf,7000,500,5,2,300,300,300,495.836029,25,0.167266,493.844025,496.075409,-2.231384,2.508461,2.491284,1.657862,0.928429,0.283339,0.004188,0.046048,0.11024,110.747337,2.21e-4,2.389264,-6.4e-5,1,2.373994,-5e-5,1,0.600671,0.600225,0.107215,0,PSF-00548_20260622075540_f84,PFA-00618,PSA-00618,PSF-00548,RHS-0688,3.0.0,2022-04-21T19:36:20.491Z,MEASUREMENT_END
2026-06-22T14:55:40Z,2,lower,morning,PSF-00548_20260622075540_f84,07:55:40,2026-06-22,PFA-00618,PSA-00618,PSF-00548,0,0,0,495.836029,110.747337,0.776645,10.12254,NA,0,0.01,0.02,0.03,0.04,0.05,0.06,0.07,0.080000,0.09,0.1,0.11,0.12,0.13,0.14,0.15,0.16,0.17,0.18,0.19,0.2,0.21,0.22,0.23,0.24,0.25,0.26,0.27,0.28,0.29,0.300000,0.310000,0.32,0.33,0.34,0.35,0.36,0.37,0.38,0.39,0.4,0.41,0.42,0.43,0.44,0.45,0.46,0.47,0.48,0.49,0.500000,0.510000,0.520000,0.53,0.54,0.55,0.56,0.57,0.58,0.59,0.6,0.61,0.62,0.63,0.64,0.65,0.66,0.67,0.68,0.69,0.7,0.71,0.72,0.73,0.74,0.75,0.76,0.77,0.78,0.79,0.8,0.81,0.82,0.83,0.839999,0.849999,0.859999,0.869999,0.879999,0.889999,FLR,288.439758,427.899963,"468.971375,482.600220,487.640259,490.013489,491.428619,492.375244,493.120911,493.655212,494.144073,494.475616,494.752411,495.017395,495.200500,495.376831,495.490906,495.582825,495.674011,495.716919,495.810272,495.815979,495.808472,495.836029,495.819916,495.809906,495.780579,495.755554,495.742676,495.672241,495.672943,495.732666,495.679016,495.786316,495.729095,495.806335,495.692963,495.729095,495.667938,495.731232,495.814209,495.719086,495.788452,495.710846,495.731598,495.785583,495.726227,495.776642,495.817780,495.738037,495.804199,495.809906,495.751251,495.795593,495.794525,495.814209,495.730865,495.768433,495.815979,495.773071,493.774292,493.844025,493.778595,493.720642,493.616211,493.521454,493.435608,493.324402,493.244293,493.160950,493.109467,493.003235,492.915619,492.848053,492.761841,492.704987,492.621307,492.556915,492.492188,492.394928,492.358093,492.253296,492.170349,492.113831,492.050873,491.951813,491.863861,491.791595,491.742615,491.662506,PAR,6987.300293,6987.300293,6987.300293,6987.300293,6987.300293,6987.300293,6987.300293,6987.300293,6987.300293,6987.300293,6987.300293,6987.300293,6987.300293,6987.300293,6987.300293,6987.300293,6987.300293,6987.300293,6987.300293,6987.300293,6987.300293,6987.300293,6987.300293,6987.300293,6987.300293,6987.300293,6987.300293,6987.300293,6987.300293,6987.300293,6929.077148,6870.854004,6812.630859,6754.407715,6696.184570,6637.961914,6579.738770,6521.515625,6463.292480,6405.069336,6346.846680,6288.623535,6230.400391,6172.177246,6113.954102,6055.730957,5997.508301,5939.285156,5881.062012,5822.838867,5764.615723,5706.393066,5648.169922,5589.946777,5531.723633,5473.500488,5415.277344,5357.054688,5298.831543,5240.608398,6987.300293,6987.300293,6987.300293,6987.300293,6987.300293,6987.300293,6987.300293,6987.300293,6987.300293,6987.300293,6987.300293,6987.300293,6987.300293,6987.300293,6987.300293,6987.300293,6987.300293,6987.300293,6987.300293,6987.300293,6987.300293,6987.300293,6987.300293,6987.300293,6987.300293,6987.300293,6987.300293,6987.300293,6987.300293,6987.300293,PHASE,1,1,1,1,1,1,1,1,1,1,1,1,1,1,1,1,1,1,1,1,1,1,1,1,1,1,1,1,1,1,2,2,2,2,2,2,2,2,2,2,2,2,2,2,2,2,2,2,2,2,2,2,2,2,2,2,2,2,2,2,3,3,3,3,3,3,3,3,3,3,3,3,3,3,3,3,3,3,3,3,3,3,3,3,3,3,3,3,3,3,FLASH_END"
2026-06-22T14:55:56Z,2,lower,morning,6,07:55:56,2026-06-22,Auto gsw+F,LI-COR Default,Flag,6,NA,NA,0.016119,2.920142,0.01603,0.123364,2.404797,2.4018,3.064473,0.659676,27.152716,27.186592,34.644333,0.441786,7.5,PSF-00548_20260622075556_8a0,0,0,0,122.722862,535.846008,0.770974,0.5,0.8,0.199307,1,79.77,79.68,24.11,24.38,24.38,88.46,156.5,155.4,0.7,1,4.093,07:53:00,2026-06-22,0.37,1,-0.004,-0.001,0.016,0.894,1.953,4.156,1,150,0.005,2,0.058905,0,0.02923,0,0,-6.8e-5,standard,0,mpf,7000,500,5,2,300,300,300,535.846008,25,1.261764,533.360474,537.651794,-4.291321,2.508254,2.491209,1.658304,0.928793,0.282613,0.003575,0.047749,0.107783,122.722862,2.26e-4,2.389264,-6.4e-5,1,2.373994,-5e-5,1,0.600671,0.600225,0.107215,0,PSF-00548_20260622075556_8a0,PFA-00618,PSA-00618,PSF-00548,RHS-0688,3.0.0,2022-04-21T19:36:20.491Z,MEASUREMENT_END
2026-06-22T14:55:56Z,2,lower,morning,PSF-00548_20260622075556_8a0,07:55:56,2026-06-22,PFA-00618,PSA-00618,PSF-00548,0,0,0,535.846008,122.722862,0.770974,7.324643,NA,0,0.01,0.02,0.03,0.04,0.05,0.06,0.07,0.080000,0.09,0.1,0.11,0.12,0.13,0.14,0.15,0.16,0.17,0.18,0.19,0.2,0.21,0.22,0.23,0.24,0.25,0.26,0.27,0.28,0.29,0.300000,0.310000,0.32,0.33,0.34,0.35,0.36,0.37,0.38,0.39,0.4,0.41,0.42,0.43,0.44,0.45,0.46,0.47,0.48,0.49,0.500000,0.510000,0.520000,0.53,0.54,0.55,0.56,0.57,0.58,0.59,0.6,0.61,0.62,0.63,0.64,0.65,0.66,0.67,0.68,0.69,0.7,0.71,0.72,0.73,0.74,0.75,0.76,0.77,0.78,0.79,0.8,0.81,0.82,0.83,0.839999,0.849999,0.859999,0.869999,0.879999,0.889999,FLR,330.539337,476.375336,"511.757263,522.331604,526.501526,528.819702,530.445068,531.659241,532.629517,533.341858,533.970215,534.376160,534.737366,535.019897,535.241577,535.389648,535.548828,535.635376,535.706543,535.761963,535.843140,535.817749,535.846008,535.815247,535.771973,535.746582,535.704712,535.647156,535.632507,535.550232,535.507690,535.609985,535.526611,535.669678,535.577087,535.679321,535.596008,535.684326,535.640381,535.683655,535.802368,535.692200,535.769104,535.708313,535.779846,535.804504,535.735107,535.813477,535.898560,535.814514,535.946106,535.977234,535.898193,535.981873,536.009460,536.058411,535.992615,536.077759,536.144592,536.160339,533.343689,533.360474,533.284668,533.174133,533.059021,532.937378,532.831543,532.706360,532.627686,532.505371,532.448181,532.299072,532.224670,532.147766,532.000061,531.934631,531.827332,531.736511,531.654968,531.524414,531.459717,531.317383,531.229004,531.142822,531.043030,530.939697,530.843140,530.722595,530.625000,530.503052,PAR,6987.300293,6987.300293,6987.300293,6987.300293,6987.300293,6987.300293,6987.300293,6987.300293,6987.300293,6987.300293,6987.300293,6987.300293,6987.300293,6987.300293,6987.300293,6987.300293,6987.300293,6987.300293,6987.300293,6987.300293,6987.300293,6987.300293,6987.300293,6987.300293,6987.300293,6987.300293,6987.300293,6987.300293,6987.300293,6987.300293,6929.077148,6870.854004,6812.630859,6754.407715,6696.184570,6637.961914,6579.738770,6521.515625,6463.292480,6405.069336,6346.846680,6288.623535,6230.400391,6172.177246,6113.954102,6055.730957,5997.508301,5939.285156,5881.062012,5822.838867,5764.615723,5706.393066,5648.169922,5589.946777,5531.723633,5473.500488,5415.277344,5357.054688,5298.831543,5240.608398,6987.300293,6987.300293,6987.300293,6987.300293,6987.300293,6987.300293,6987.300293,6987.300293,6987.300293,6987.300293,6987.300293,6987.300293,6987.300293,6987.300293,6987.300293,6987.300293,6987.300293,6987.300293,6987.300293,6987.300293,6987.300293,6987.300293,6987.300293,6987.300293,6987.300293,6987.300293,6987.300293,6987.300293,6987.300293,6987.300293,PHASE,1,1,1,1,1,1,1,1,1,1,1,1,1,1,1,1,1,1,1,1,1,1,1,1,1,1,1,1,1,1,2,2,2,2,2,2,2,2,2,2,2,2,2,2,2,2,2,2,2,2,2,2,2,2,2,2,2,2,2,2,3,3,3,3,3,3,3,3,3,3,3,3,3,3,3,3,3,3,3,3,3,3,3,3,3,3,3,3,3,3,FLASH_END"
2026-06-22T14:56:37Z,2,upper,morning,7,07:56:37,2026-06-22,Auto gsw+F,LI-COR Default,NA,7,NA,NA,0.029513,2.918701,0.029218,0.193954,2.561901,2.557194,3.130101,0.5682,28.914038,28.967262,35.391869,0.441786,7.5,PSF-00548_20260622075637_721,0,0,0,99.874023,445.089417,0.775609,0.5,0.8,4.227098,1,84.02,83.87,24.3,24.74,24.74,88.44,156.3,155.5,0.6,14,4.093,07:53:00,2026-06-22,0.37,1,-0.001,-0.001,0.011,0.078,0.358,-0.029,1,150,0.005,2,0.058905,0,0.02923,0,0,-6.8e-5,standard,0,mpf,7000,500,5,2,300,300,300,445.032471,25,-0.119995,445.803162,444.917694,0.885468,2.513731,2.496723,1.65682,0.928953,0.280476,0.005394,0.052382,0.119181,99.874023,2.25e-4,2.389264,-6.4e-5,1,2.373994,-5e-5,1,0.600671,0.600225,0.107215,0,PSF-00548_20260622075637_721,PFA-00618,PSA-00618,PSF-00548,RHS-0688,3.0.0,2022-04-21T19:36:20.491Z,MEASUREMENT_END
2026-06-22T14:56:37Z,2,upper,morning,PSF-00548_20260622075637_721,07:56:37,2026-06-22,PFA-00618,PSA-00618,PSF-00548,0,0,0,445.089417,99.874023,0.775609,20.303452,NA,0,0.01,0.02,0.03,0.04,0.05,0.06,0.07,0.080000,0.09,0.1,0.11,0.12,0.13,0.14,0.15,0.16,0.17,0.18,0.19,0.2,0.21,0.22,0.23,0.24,0.25,0.26,0.27,0.28,0.29,0.300000,0.310000,0.32,0.33,0.34,0.35,0.36,0.37,0.38,0.39,0.4,0.41,0.42,0.43,0.44,0.45,0.46,0.47,0.48,0.49,0.500000,0.510000,0.520000,0.53,0.54,0.55,0.56,0.57,0.58,0.59,0.6,0.61,0.62,0.63,0.64,0.65,0.66,0.67,0.68,0.69,0.7,0.71,0.72,0.73,0.74,0.75,0.76,0.77,0.78,0.79,0.8,0.81,0.82,0.83,0.839999,0.849999,0.859999,0.869999,0.879999,0.889999,FLR,250.517242,380.286804,"417.810913,430.446991,435.486328,438.219666,439.993866,441.223389,442.190063,442.870605,443.422089,443.770050,444.073669,444.317932,444.486023,444.621552,444.719910,444.808960,444.889771,444.919830,444.988129,444.984558,445.026764,445.030701,445.027832,445.032471,445.023529,445.008148,444.982422,444.948425,444.967041,444.952026,444.910522,444.940552,444.914093,444.950226,444.910889,444.898712,444.894073,444.890137,444.916260,444.867615,444.876923,444.868317,444.846497,444.843994,444.844360,444.850433,444.851532,444.850433,444.911957,444.852936,444.876923,444.922699,444.904449,444.894775,444.891571,444.889771,444.882996,444.853302,445.063934,445.493805,445.566406,445.565704,445.566772,445.555328,445.551025,445.578217,445.612549,445.621857,445.660461,445.669403,445.683350,445.724487,445.724487,445.745941,445.751312,445.752380,445.774567,445.769562,445.801727,445.784912,445.802460,445.801727,445.803162,445.799591,445.791718,445.775269,445.788147,445.768829,PAR,6987.300293,6987.300293,6987.300293,6987.300293,6987.300293,6987.300293,6987.300293,6987.300293,6987.300293,6987.300293,6987.300293,6987.300293,6987.300293,6987.300293,6987.300293,6987.300293,6987.300293,6987.300293,6987.300293,6987.300293,6987.300293,6987.300293,6987.300293,6987.300293,6987.300293,6987.300293,6987.300293,6987.300293,6987.300293,6987.300293,6929.077148,6870.854004,6812.630859,6754.407715,6696.184570,6637.961914,6579.738770,6521.515625,6463.292480,6405.069336,6346.846680,6288.623535,6230.400391,6172.177246,6113.954102,6055.730957,5997.508301,5939.285156,5881.062012,5822.838867,5764.615723,5706.393066,5648.169922,5589.946777,5531.723633,5473.500488,5415.277344,5357.054688,5298.831543,5240.608398,6987.300293,6987.300293,6987.300293,6987.300293,6987.300293,6987.300293,6987.300293,6987.300293,6987.300293,6987.300293,6987.300293,6987.300293,6987.300293,6987.300293,6987.300293,6987.300293,6987.300293,6987.300293,6987.300293,6987.300293,6987.300293,6987.300293,6987.300293,6987.300293,6987.300293,6987.300293,6987.300293,6987.300293,6987.300293,6987.300293,PHASE,1,1,1,1,1,1,1,1,1,1,1,1,1,1,1,1,1,1,1,1,1,1,1,1,1,1,1,1,1,1,2,2,2,2,2,2,2,2,2,2,2,2,2,2,2,2,2,2,2,2,2,2,2,2,2,2,2,2,2,2,3,3,3,3,3,3,3,3,3,3,3,3,3,3,3,3,3,3,3,3,3,3,3,3,3,3,3,3,3,3,FLASH_END"
2026-06-22T14:56:59Z,2,upper,morning,8,07:56:59,2026-06-22,Auto gsw+F,LI-COR Default,NA,8,NA,NA,0.062862,2.919729,0.061537,0.374039,2.62131,2.612246,3.14135,0.52004,29.537346,29.639833,35.520061,0.441786,7.5,PSF-00548_20260622075659_ed2,0,0,0,104.125504,466.695801,0.776888,0.5,0.8,5.453414,1,85.34,85.05,24.42,24.8,24.8,88.44,156.5,155.3,0.7,18,4.085,07:53:00,2026-06-22,0.37,1,-0.002,-0.004,-0.012,0.324,-0.038,-0.089,1,150,0.005,2,0.058905,0,0.02923,0,0,-6.8e-5,standard,0,mpf,7000,500,5,2,300,300,300,466.695801,25,2.341718,468.939911,470.04718,-1.107269,2.51525,2.498424,1.657879,0.928513,0.279107,0.004699,0.054915,0.122627,104.125504,2.22e-4,2.389264,-6.4e-5,1,2.373994,-5e-5,1,0.600671,0.600225,0.107215,0,PSF-00548_20260622075659_ed2,PFA-00618,PSA-00618,PSF-00548,RHS-0688,3.0.0,2022-04-21T19:36:20.491Z,MEASUREMENT_END
2026-06-22T14:56:59Z,2,upper,morning,PSF-00548_20260622075659_ed2,07:56:59,2026-06-22,PFA-00618,PSA-00618,PSF-00548,0,0,0,466.695801,104.125504,0.776888,24.227266,NA,0,0.01,0.02,0.03,0.04,0.05,0.06,0.07,0.080000,0.09,0.1,0.11,0.12,0.13,0.14,0.15,0.16,0.17,0.18,0.19,0.2,0.21,0.22,0.23,0.24,0.25,0.26,0.27,0.28,0.29,0.300000,0.310000,0.32,0.33,0.34,0.35,0.36,0.37,0.38,0.39,0.4,0.41,0.42,0.43,0.44,0.45,0.46,0.47,0.48,0.49,0.500000,0.510000,0.520000,0.53,0.54,0.55,0.56,0.57,0.58,0.59,0.6,0.61,0.62,0.63,0.64,0.65,0.66,0.67,0.68,0.69,0.7,0.71,0.72,0.73,0.74,0.75,0.76,0.77,0.78,0.79,0.8,0.81,0.82,0.83,0.839999,0.849999,0.859999,0.869999,0.879999,0.889999,FLR,264.276611,404.159180,"440.158722,451.094269,455.441589,457.961090,459.694519,461.056366,462.167511,463.018646,463.751434,464.291107,464.747437,465.108643,465.421204,465.650787,465.854279,466.022736,466.150391,466.240173,466.351379,466.388580,466.470490,466.531982,466.573822,466.600647,466.644653,466.668976,466.670044,466.695801,466.754791,466.789490,466.782684,466.882111,466.867798,466.952911,466.961151,467.013702,467.036255,467.070923,467.157837,467.128510,467.197540,467.223999,467.293732,467.319122,467.350250,467.417480,467.435364,467.456116,467.554810,467.563385,467.584503,467.665314,467.647797,467.673889,467.700012,467.740784,467.779388,467.796570,467.193604,467.524414,467.577332,467.558746,467.515839,467.480072,467.520111,467.552673,467.701782,467.851624,468.125214,468.365204,468.637695,468.851196,468.936310,468.939911,468.849792,468.748932,468.690979,468.611969,468.488586,468.364838,468.251099,468.178162,468.143463,467.996124,467.808716,467.552307,467.274780,467.133514,PAR,6987.300293,6987.300293,6987.300293,6987.300293,6987.300293,6987.300293,6987.300293,6987.300293,6987.300293,6987.300293,6987.300293,6987.300293,6987.300293,6987.300293,6987.300293,6987.300293,6987.300293,6987.300293,6987.300293,6987.300293,6987.300293,6987.300293,6987.300293,6987.300293,6987.300293,6987.300293,6987.300293,6987.300293,6987.300293,6987.300293,6929.077148,6870.854004,6812.630859,6754.407715,6696.184570,6637.961914,6579.738770,6521.515625,6463.292480,6405.069336,6346.846680,6288.623535,6230.400391,6172.177246,6113.954102,6055.730957,5997.508301,5939.285156,5881.062012,5822.838867,5764.615723,5706.393066,5648.169922,5589.946777,5531.723633,5473.500488,5415.277344,5357.054688,5298.831543,5240.608398,6987.300293,6987.300293,6987.300293,6987.300293,6987.300293,6987.300293,6987.300293,6987.300293,6987.300293,6987.300293,6987.300293,6987.300293,6987.300293,6987.300293,6987.300293,6987.300293,6987.300293,6987.300293,6987.300293,6987.300293,6987.300293,6987.300293,6987.300293,6987.300293,6987.300293,6987.300293,6987.300293,6987.300293,6987.300293,6987.300293,PHASE,1,1,1,1,1,1,1,1,1,1,1,1,1,1,1,1,1,1,1,1,1,1,1,1,1,1,1,1,1,1,2,2,2,2,2,2,2,2,2,2,2,2,2,2,2,2,2,2,2,2,2,2,2,2,2,2,2,2,2,2,3,3,3,3,3,3,3,3,3,3,3,3,3,3,3,3,3,3,3,3,3,3,3,3,3,3,3,3,3,3,FLASH_END"
2026-06-22T14:57:13Z,2,upper,morning,9,07:57:13,2026-06-22,Auto gsw+F,LI-COR Default,Flag,9,NA,NA,0.043016,2.919443,0.042391,0.291892,2.644805,2.637732,3.233546,0.588742,29.824593,29.904566,36.561413,0.441786,7.5,PSF-00548_20260622075713_dc0,0,0,0,101.477982,443.61377,0.771247,0.5,0.8,9.985952,1,85.72,85.5,24.5,25.28,25.28,88.44,156.4,155.4,0.7,32,4.09,07:53:00,2026-06-22,0.37,1,0,0.001,0.011,-0.404,-0.429,-0.706,1,150,0.005,2,0.058905,0,0.02923,0,0,-6.8e-5,standard,0,mpf,7000,500,5,2,300,300,300,443.61377,25,0.639973,444.508209,444.529663,-0.021454,2.515818,2.498906,1.657584,0.928672,0.278277,0.009275,0.056401,0.135644,101.477982,2.23e-4,2.389264,-6.4e-5,1,2.373994,-5e-5,1,0.600671,0.600225,0.107215,0,PSF-00548_20260622075713_dc0,PFA-00618,PSA-00618,PSF-00548,RHS-0688,3.0.0,2022-04-21T19:36:20.491Z,MEASUREMENT_END
2026-06-22T14:57:13Z,2,upper,morning,PSF-00548_20260622075713_dc0,07:57:13,2026-06-22,PFA-00618,PSA-00618,PSF-00548,0,0,0,443.61377,101.477982,0.771247,39.047859,NA,0,0.01,0.02,0.03,0.04,0.05,0.06,0.07,0.080000,0.09,0.1,0.11,0.12,0.13,0.14,0.15,0.16,0.17,0.18,0.19,0.2,0.21,0.22,0.23,0.24,0.25,0.26,0.27,0.28,0.29,0.300000,0.310000,0.32,0.33,0.34,0.35,0.36,0.37,0.38,0.39,0.4,0.41,0.42,0.43,0.44,0.45,0.46,0.47,0.48,0.49,0.500000,0.510000,0.520000,0.53,0.54,0.55,0.56,0.57,0.58,0.59,0.6,0.61,0.62,0.63,0.64,0.65,0.66,0.67,0.68,0.69,0.7,0.71,0.72,0.73,0.74,0.75,0.76,0.77,0.78,0.79,0.8,0.81,0.82,0.83,0.839999,0.849999,0.859999,0.869999,0.879999,0.889999,FLR,256.576538,385.219208,"418.247589,428.279053,432.385681,434.901245,436.723694,438.146698,439.265381,440.123688,440.813904,441.329590,441.750885,442.093842,442.344910,442.569855,442.750092,442.881714,443.014038,443.118103,443.233246,443.277252,443.332672,443.402771,443.442108,443.493591,443.515076,443.541534,443.579071,443.613770,443.652405,443.674561,443.672424,443.748962,443.743591,443.800079,443.786499,443.822266,443.846222,443.866241,443.898071,443.862305,443.900940,443.919525,443.968903,443.949585,443.963165,443.962097,443.973175,443.965302,444.019684,443.973175,444.006073,444.026459,443.965668,443.958893,443.977478,443.977478,443.969604,443.913818,444.035767,444.451324,444.508209,444.480286,444.427002,444.391235,444.342621,444.302917,444.306122,444.258575,444.271454,444.204224,444.186676,444.187408,444.142334,444.116241,444.043640,444.000366,443.987854,443.942413,443.944580,443.895935,443.835846,443.791138,443.751099,443.708527,443.664917,443.600189,443.575867,443.508636,PAR,6987.300293,6987.300293,6987.300293,6987.300293,6987.300293,6987.300293,6987.300293,6987.300293,6987.300293,6987.300293,6987.300293,6987.300293,6987.300293,6987.300293,6987.300293,6987.300293,6987.300293,6987.300293,6987.300293,6987.300293,6987.300293,6987.300293,6987.300293,6987.300293,6987.300293,6987.300293,6987.300293,6987.300293,6987.300293,6987.300293,6929.077148,6870.854004,6812.630859,6754.407715,6696.184570,6637.961914,6579.738770,6521.515625,6463.292480,6405.069336,6346.846680,6288.623535,6230.400391,6172.177246,6113.954102,6055.730957,5997.508301,5939.285156,5881.062012,5822.838867,5764.615723,5706.393066,5648.169922,5589.946777,5531.723633,5473.500488,5415.277344,5357.054688,5298.831543,5240.608398,6987.300293,6987.300293,6987.300293,6987.300293,6987.300293,6987.300293,6987.300293,6987.300293,6987.300293,6987.300293,6987.300293,6987.300293,6987.300293,6987.300293,6987.300293,6987.300293,6987.300293,6987.300293,6987.300293,6987.300293,6987.300293,6987.300293,6987.300293,6987.300293,6987.300293,6987.300293,6987.300293,6987.300293,6987.300293,6987.300293,PHASE,1,1,1,1,1,1,1,1,1,1,1,1,1,1,1,1,1,1,1,1,1,1,1,1,1,1,1,1,1,1,2,2,2,2,2,2,2,2,2,2,2,2,2,2,2,2,2,2,2,2,2,2,2,2,2,2,2,2,2,2,3,3,3,3,3,3,3,3,3,3,3,3,3,3,3,3,3,3,3,3,3,3,3,3,3,3,3,3,3,3,FLASH_END"
2026-06-22T14:57:48Z,1,upper,morning,10,07:57:48,2026-06-22,Auto gsw+F,LI-COR Default,NA,10,NA,NA,0.024299,2.919713,0.024098,0.186328,2.495274,2.490752,3.157351,0.662076,28.158962,28.210093,35.695137,0.441786,7.5,PSF-00548_20260622075748_436,0,0,0,133.432037,439.296478,0.69626,0.5,0.8,10.134254,1,80.09,79.94,24.66,24.88,24.88,88.45,156.5,155.2,0.8,36,4.09,07:53:00,2026-06-22,0.37,1,0.003,0.004,-0.007,1.328,1.217,-0.691,1,150,0.005,2,0.058905,0,0.02923,0,0,-6.8e-5,standard,0,mpf,7000,500,5,2,300,300,300,439.296478,25,2.101729,439.390198,442.304413,-2.914215,2.508429,2.491467,1.657862,0.92832,0.276462,0.002992,0.060331,0.139173,133.432037,2.24e-4,2.389264,-6.4e-5,1,2.373994,-5e-5,1,0.600671,0.600225,0.107215,0,PSF-00548_20260622075748_436,PFA-00618,PSA-00618,PSF-00548,RHS-0688,3.0.0,2022-04-21T19:36:20.491Z,MEASUREMENT_END
2026-06-22T14:57:48Z,1,upper,morning,PSF-00548_20260622075748_436,07:57:48,2026-06-22,PFA-00618,PSA-00618,PSF-00548,0,0,0,439.296478,133.432037,0.69626,43.066555,NA,0,0.01,0.02,0.03,0.04,0.05,0.06,0.07,0.080000,0.09,0.1,0.11,0.12,0.13,0.14,0.15,0.16,0.17,0.18,0.19,0.2,0.21,0.22,0.23,0.24,0.25,0.26,0.27,0.28,0.29,0.300000,0.310000,0.32,0.33,0.34,0.35,0.36,0.37,0.38,0.39,0.4,0.41,0.42,0.43,0.44,0.45,0.46,0.47,0.48,0.49,0.500000,0.510000,0.520000,0.53,0.54,0.55,0.56,0.57,0.58,0.59,0.6,0.61,0.62,0.63,0.64,0.65,0.66,0.67,0.68,0.69,0.7,0.71,0.72,0.73,0.74,0.75,0.76,0.77,0.78,0.79,0.8,0.81,0.82,0.83,0.839999,0.849999,0.859999,0.869999,0.879999,0.889999,FLR,276.237854,368.850952,"403.680328,422.317749,430.708038,434.081543,435.309662,435.710205,435.842529,435.897583,436.006317,436.113586,436.259521,436.444763,436.610352,436.802734,437.001953,437.192566,437.431824,437.618134,437.856689,438.014038,438.212860,438.400970,438.570496,438.732147,438.882355,439.032898,439.180603,439.296478,439.445618,439.609039,439.676270,439.866913,439.923401,440.057861,440.119019,440.186249,440.252411,440.331818,440.442322,440.419434,440.526733,440.529572,440.591461,440.617218,440.632935,440.648315,440.686951,440.645447,440.709473,440.694824,440.657257,440.678711,440.658691,440.663696,440.611847,440.607178,440.601837,440.572144,439.390198,439.366943,439.250000,439.136627,438.986420,438.855164,438.723907,438.603760,438.466431,438.323364,438.218964,438.054077,437.921417,437.791229,437.637817,437.495117,437.362427,437.205078,437.080994,436.927551,436.826721,436.627136,436.493042,436.337128,436.180481,436.023834,435.875763,435.715546,435.564270,435.402985,PAR,6987.300293,6987.300293,6987.300293,6987.300293,6987.300293,6987.300293,6987.300293,6987.300293,6987.300293,6987.300293,6987.300293,6987.300293,6987.300293,6987.300293,6987.300293,6987.300293,6987.300293,6987.300293,6987.300293,6987.300293,6987.300293,6987.300293,6987.300293,6987.300293,6987.300293,6987.300293,6987.300293,6987.300293,6987.300293,6987.300293,6929.077148,6870.854004,6812.630859,6754.407715,6696.184570,6637.961914,6579.738770,6521.515625,6463.292480,6405.069336,6346.846680,6288.623535,6230.400391,6172.177246,6113.954102,6055.730957,5997.508301,5939.285156,5881.062012,5822.838867,5764.615723,5706.393066,5648.169922,5589.946777,5531.723633,5473.500488,5415.277344,5357.054688,5298.831543,5240.608398,6987.300293,6987.300293,6987.300293,6987.300293,6987.300293,6987.300293,6987.300293,6987.300293,6987.300293,6987.300293,6987.300293,6987.300293,6987.300293,6987.300293,6987.300293,6987.300293,6987.300293,6987.300293,6987.300293,6987.300293,6987.300293,6987.300293,6987.300293,6987.300293,6987.300293,6987.300293,6987.300293,6987.300293,6987.300293,6987.300293,PHASE,1,1,1,1,1,1,1,1,1,1,1,1,1,1,1,1,1,1,1,1,1,1,1,1,1,1,1,1,1,1,2,2,2,2,2,2,2,2,2,2,2,2,2,2,2,2,2,2,2,2,2,2,2,2,2,2,2,2,2,2,3,3,3,3,3,3,3,3,3,3,3,3,3,3,3,3,3,3,3,3,3,3,3,3,3,3,3,3,3,3,FLASH_END"
2026-06-22T14:58:04Z,1,upper,morning,11,07:58:04,2026-06-22,Auto gsw+F,LI-COR Default,NA,11,NA,NA,0.023699,2.919024,0.023508,0.173263,2.529425,2.525219,3.160405,0.63098,28.547737,28.595289,35.728554,0.441786,7.5,PSF-00548_20260622075804_b1d,0,0,0,103.220703,444.327606,0.767692,0.5,0.8,12.838297,1,80.81,80.67,24.74,24.9,24.9,88.46,156.4,155.3,0.7,42,4.089,07:53:00,2026-06-22,0.37,1,0,0.003,-0.003,0.056,0.163,0.417,1,150,0.005,2,0.058905,0,0.02923,0,0,-6.8e-5,standard,0,mpf,7000,500,5,2,300,300,300,444.327606,25,4.163459,447.054871,450.286224,-3.231354,2.509365,2.492385,1.657152,0.928495,0.275599,0.0023,0.062096,0.143933,103.220703,2.24e-4,2.389264,-6.4e-5,1,2.373994,-5e-5,1,0.600671,0.600225,0.107215,0,PSF-00548_20260622075804_b1d,PFA-00618,PSA-00618,PSF-00548,RHS-0688,3.0.0,2022-04-21T19:36:20.491Z,MEASUREMENT_END
2026-06-22T14:58:04Z,1,upper,morning,PSF-00548_20260622075804_b1d,07:58:04,2026-06-22,PFA-00618,PSA-00618,PSF-00548,0,0,0,444.327606,103.220703,0.767692,48.486439,NA,0,0.01,0.02,0.03,0.04,0.05,0.06,0.07,0.080000,0.09,0.1,0.11,0.12,0.13,0.14,0.15,0.16,0.17,0.18,0.19,0.2,0.21,0.22,0.23,0.24,0.25,0.26,0.27,0.28,0.29,0.300000,0.310000,0.32,0.33,0.34,0.35,0.36,0.37,0.38,0.39,0.4,0.41,0.42,0.43,0.44,0.45,0.46,0.47,0.48,0.49,0.500000,0.510000,0.520000,0.53,0.54,0.55,0.56,0.57,0.58,0.59,0.6,0.61,0.62,0.63,0.64,0.65,0.66,0.67,0.68,0.69,0.7,0.71,0.72,0.73,0.74,0.75,0.76,0.77,0.78,0.79,0.8,0.81,0.82,0.83,0.839999,0.849999,0.859999,0.869999,0.879999,0.889999,FLR,250.696060,369.278656,"409.404144,426.896088,434.863342,438.525085,440.217377,440.963043,441.356415,441.558838,441.747681,441.889282,442.057007,442.214020,442.382446,442.540527,442.700378,442.858093,443.023315,443.150269,443.315155,443.423157,443.552979,443.696381,443.825134,443.929565,444.034332,444.147003,444.231384,444.327606,444.448822,444.531097,444.592590,444.699524,444.756744,444.862244,444.929840,445.004578,445.066467,445.126892,445.243134,445.248840,445.356476,445.424805,445.454468,445.541748,445.570343,445.651886,445.705536,445.769196,445.885773,445.897949,445.979828,446.073547,446.099640,446.140778,446.233032,446.311340,446.369659,446.403259,446.447601,446.795227,446.861023,446.888580,446.867828,446.859253,446.849213,446.891418,446.903595,446.887482,446.943634,446.922180,446.928619,446.950439,446.972595,446.971527,446.990845,446.992981,447.031982,447.019104,447.041992,447.020874,447.041260,447.054871,447.041992,447.032318,447.029114,447.021606,447.014099,447.006592,PAR,6987.300293,6987.300293,6987.300293,6987.300293,6987.300293,6987.300293,6987.300293,6987.300293,6987.300293,6987.300293,6987.300293,6987.300293,6987.300293,6987.300293,6987.300293,6987.300293,6987.300293,6987.300293,6987.300293,6987.300293,6987.300293,6987.300293,6987.300293,6987.300293,6987.300293,6987.300293,6987.300293,6987.300293,6987.300293,6987.300293,6929.077148,6870.854004,6812.630859,6754.407715,6696.184570,6637.961914,6579.738770,6521.515625,6463.292480,6405.069336,6346.846680,6288.623535,6230.400391,6172.177246,6113.954102,6055.730957,5997.508301,5939.285156,5881.062012,5822.838867,5764.615723,5706.393066,5648.169922,5589.946777,5531.723633,5473.500488,5415.277344,5357.054688,5298.831543,5240.608398,6987.300293,6987.300293,6987.300293,6987.300293,6987.300293,6987.300293,6987.300293,6987.300293,6987.300293,6987.300293,6987.300293,6987.300293,6987.300293,6987.300293,6987.300293,6987.300293,6987.300293,6987.300293,6987.300293,6987.300293,6987.300293,6987.300293,6987.300293,6987.300293,6987.300293,6987.300293,6987.300293,6987.300293,6987.300293,6987.300293,PHASE,1,1,1,1,1,1,1,1,1,1,1,1,1,1,1,1,1,1,1,1,1,1,1,1,1,1,1,1,1,1,2,2,2,2,2,2,2,2,2,2,2,2,2,2,2,2,2,2,2,2,2,2,2,2,2,2,2,2,2,2,3,3,3,3,3,3,3,3,3,3,3,3,3,3,3,3,3,3,3,3,3,3,3,3,3,3,3,3,3,3,FLASH_END"
2026-06-22T14:58:21Z,1,upper,morning,12,07:58:21,2026-06-22,Auto gsw+F,LI-COR Default,Flag,12,NA,NA,0.051517,2.919923,0.050624,0.426473,2.443253,2.432897,3.16484,0.721587,27.503099,27.620178,35.777485,0.441786,7.5,PSF-00548_20260622075821_0e2,0,0,0,115.926506,480.68869,0.758832,0.5,0.8,8.493052,1,77.7,77.37,24.81,24.92,24.92,88.46,156.5,155.3,0.8,28,4.087,07:53:00,2026-06-22,0.37,1,-0.003,0.002,-0.013,0.246,0.349,0.941,1,150,0.005,2,0.058905,0,0.02923,0,0,-6.8e-5,standard,0,mpf,7000,500,5,2,300,300,300,480.68869,25,4.523444,482.273346,487.162506,-4.88916,2.504984,2.4883,1.658079,0.928436,0.274772,0.001721,0.063993,0.131789,115.926506,2.22e-4,2.389264,-6.4e-5,1,2.373994,-5e-5,1,0.600671,0.600225,0.107215,0,PSF-00548_20260622075821_0e2,PFA-00618,PSA-00618,PSF-00548,RHS-0688,3.0.0,2022-04-21T19:36:20.491Z,MEASUREMENT_END
2026-06-22T14:58:21Z,1,upper,morning,PSF-00548_20260622075821_0e2,07:58:21,2026-06-22,PFA-00618,PSA-00618,PSF-00548,0,0,0,480.68869,115.926506,0.758832,34.659016,NA,0,0.01,0.02,0.03,0.04,0.05,0.06,0.07,0.080000,0.09,0.1,0.11,0.12,0.13,0.14,0.15,0.16,0.17,0.18,0.19,0.2,0.21,0.22,0.23,0.24,0.25,0.26,0.27,0.28,0.29,0.300000,0.310000,0.32,0.33,0.34,0.35,0.36,0.37,0.38,0.39,0.4,0.41,0.42,0.43,0.44,0.45,0.46,0.47,0.48,0.49,0.500000,0.510000,0.520000,0.53,0.54,0.55,0.56,0.57,0.58,0.59,0.6,0.61,0.62,0.63,0.64,0.65,0.66,0.67,0.68,0.69,0.7,0.71,0.72,0.73,0.74,0.75,0.76,0.77,0.78,0.79,0.8,0.81,0.82,0.83,0.839999,0.849999,0.859999,0.869999,0.879999,0.889999,FLR,281.901947,403.813354,"444.260345,462.242950,470.416901,474.069366,475.660095,476.336365,476.690063,476.899628,477.124207,477.330566,477.533325,477.786896,478.032959,478.255737,478.478546,478.722809,478.928436,479.126923,479.363678,479.517090,479.701294,479.876862,480.033875,480.162964,480.313904,480.456940,480.579987,480.688690,480.810272,480.948334,481.006989,481.177917,481.233368,481.400726,481.458679,481.568085,481.634247,481.740845,481.876740,481.871002,481.974365,482.002960,482.138519,482.193237,482.226135,482.318390,482.378845,482.428894,482.548706,482.579834,482.617371,482.704987,482.721436,482.775085,482.788696,482.878448,482.963196,483.012543,482.089508,482.273346,482.236877,482.197876,482.110626,482.033020,481.969727,481.890320,481.827728,481.772675,481.730103,481.641785,481.570251,481.514099,481.422180,481.349579,481.273041,481.200470,481.133209,481.040955,480.987671,480.858215,480.754150,480.661499,480.563507,480.425110,480.293518,480.183350,480.069641,479.929077,PAR,6987.300293,6987.300293,6987.300293,6987.300293,6987.300293,6987.300293,6987.300293,6987.300293,6987.300293,6987.300293,6987.300293,6987.300293,6987.300293,6987.300293,6987.300293,6987.300293,6987.300293,6987.300293,6987.300293,6987.300293,6987.300293,6987.300293,6987.300293,6987.300293,6987.300293,6987.300293,6987.300293,6987.300293,6987.300293,6987.300293,6929.077148,6870.854004,6812.630859,6754.407715,6696.184570,6637.961914,6579.738770,6521.515625,6463.292480,6405.069336,6346.846680,6288.623535,6230.400391,6172.177246,6113.954102,6055.730957,5997.508301,5939.285156,5881.062012,5822.838867,5764.615723,5706.393066,5648.169922,5589.946777,5531.723633,5473.500488,5415.277344,5357.054688,5298.831543,5240.608398,6987.300293,6987.300293,6987.300293,6987.300293,6987.300293,6987.300293,6987.300293,6987.300293,6987.300293,6987.300293,6987.300293,6987.300293,6987.300293,6987.300293,6987.300293,6987.300293,6987.300293,6987.300293,6987.300293,6987.300293,6987.300293,6987.300293,6987.300293,6987.300293,6987.300293,6987.300293,6987.300293,6987.300293,6987.300293,6987.300293,PHASE,1,1,1,1,1,1,1,1,1,1,1,1,1,1,1,1,1,1,1,1,1,1,1,1,1,1,1,1,1,1,2,2,2,2,2,2,2,2,2,2,2,2,2,2,2,2,2,2,2,2,2,2,2,2,2,2,2,2,2,2,3,3,3,3,3,3,3,3,3,3,3,3,3,3,3,3,3,3,3,3,3,3,3,3,3,3,3,3,3,3,FLASH_END"
2026-06-22T14:59:07Z,3,lower,morning,13,07:59:07,2026-06-22,Auto gsw+F,LI-COR Default,NA,13,NA,NA,-0.032812,2.919883,-0.033185,-0.269436,2.508954,2.515492,3.203984,0.69503,28.436653,28.36274,36.219788,0.441786,7.5,PSF-00548_20260622075907_744,0,0,0,128.866196,548.319458,0.76498,0.5,0.8,1.327142,1,78.78,78.99,25.03,25.13,25.13,88.46,156.5,155,0.9,4,4.087,07:53:00,2026-06-22,0.37,1,0.002,0.003,-0.018,1.26,2.693,5.833,1,150,0.005,2,0.058905,0,0.02923,0,0,-6.8e-5,standard,0,mpf,7000,500,5,2,300,300,300,548.030762,25,-0.436345,545.443665,547.694946,-2.251282,2.507048,2.489655,1.658038,0.927918,0.272443,0.001635,0.069448,0.111024,128.866196,2.22e-4,2.389264,-6.4e-5,1,2.373994,-5e-5,1,0.600671,0.600225,0.107215,0,PSF-00548_20260622075907_744,PFA-00618,PSA-00618,PSF-00548,RHS-0688,3.0.0,2022-04-21T19:36:20.491Z,MEASUREMENT_END
2026-06-22T14:59:07Z,3,lower,morning,PSF-00548_20260622075907_744,07:59:07,2026-06-22,PFA-00618,PSA-00618,PSF-00548,0,0,0,548.319458,128.866196,0.76498,11.015538,NA,0,0.01,0.02,0.03,0.04,0.05,0.06,0.07,0.080000,0.09,0.1,0.11,0.12,0.13,0.14,0.15,0.16,0.17,0.18,0.19,0.2,0.21,0.22,0.23,0.24,0.25,0.26,0.27,0.28,0.29,0.300000,0.310000,0.32,0.33,0.34,0.35,0.36,0.37,0.38,0.39,0.4,0.41,0.42,0.43,0.44,0.45,0.46,0.47,0.48,0.49,0.500000,0.510000,0.520000,0.53,0.54,0.55,0.56,0.57,0.58,0.59,0.6,0.61,0.62,0.63,0.64,0.65,0.66,0.67,0.68,0.69,0.7,0.71,0.72,0.73,0.74,0.75,0.76,0.77,0.78,0.79,0.8,0.81,0.82,0.83,0.839999,0.849999,0.859999,0.869999,0.879999,0.889999,FLR,334.216827,485.284912,"523.160950,535.197632,539.801697,542.164185,543.663025,544.733765,545.564148,546.179993,546.696411,547.024353,547.295471,547.556885,547.690247,547.809387,547.889465,547.961731,547.995667,547.979980,548.030762,547.988159,548.000671,547.963867,547.947388,547.914490,547.873047,547.817932,547.760376,547.703857,547.672058,547.723145,547.632324,547.729614,547.641968,547.713501,547.643066,547.656677,547.589050,547.618774,547.692078,547.567261,547.639465,547.567993,547.631592,547.645203,547.559753,547.591187,547.610535,547.525024,547.614075,547.576538,547.508972,547.550110,547.532898,547.520752,547.447083,547.500366,547.518982,547.502136,545.360352,545.443665,545.357117,545.239807,545.104980,544.977661,544.864319,544.775635,544.689087,544.565674,544.518799,544.403320,544.283142,544.222351,544.102905,544.000244,543.930176,543.851868,543.783203,543.690186,543.658020,543.542480,543.457397,543.390137,543.277527,543.227783,543.159851,543.067566,543.005676,542.899475,PAR,6987.300293,6987.300293,6987.300293,6987.300293,6987.300293,6987.300293,6987.300293,6987.300293,6987.300293,6987.300293,6987.300293,6987.300293,6987.300293,6987.300293,6987.300293,6987.300293,6987.300293,6987.300293,6987.300293,6987.300293,6987.300293,6987.300293,6987.300293,6987.300293,6987.300293,6987.300293,6987.300293,6987.300293,6987.300293,6987.300293,6929.077148,6870.854004,6812.630859,6754.407715,6696.184570,6637.961914,6579.738770,6521.515625,6463.292480,6405.069336,6346.846680,6288.623535,6230.400391,6172.177246,6113.954102,6055.730957,5997.508301,5939.285156,5881.062012,5822.838867,5764.615723,5706.393066,5648.169922,5589.946777,5531.723633,5473.500488,5415.277344,5357.054688,5298.831543,5240.608398,6987.300293,6987.300293,6987.300293,6987.300293,6987.300293,6987.300293,6987.300293,6987.300293,6987.300293,6987.300293,6987.300293,6987.300293,6987.300293,6987.300293,6987.300293,6987.300293,6987.300293,6987.300293,6987.300293,6987.300293,6987.300293,6987.300293,6987.300293,6987.300293,6987.300293,6987.300293,6987.300293,6987.300293,6987.300293,6987.300293,PHASE,1,1,1,1,1,1,1,1,1,1,1,1,1,1,1,1,1,1,1,1,1,1,1,1,1,1,1,1,1,1,2,2,2,2,2,2,2,2,2,2,2,2,2,2,2,2,2,2,2,2,2,2,2,2,2,2,2,2,2,2,3,3,3,3,3,3,3,3,3,3,3,3,3,3,3,3,3,3,3,3,3,3,3,3,3,3,3,3,3,3,FLASH_END"
2026-06-22T14:59:32Z,3,lower,morning,14,07:59:32,2026-06-22,Auto gsw+F,LI-COR Default,NA,14,NA,NA,0.041485,2.919004,0.040904,0.359724,2.450904,2.442163,3.203973,0.753069,27.607925,27.706741,36.219971,0.441786,7.5,PSF-00548_20260622075932_479,0,0,0,208.955521,607.123352,0.655827,0.5,0.8,0.545767,1,76.47,76.2,25.13,25.13,25.13,88.46,156.4,155.2,0.7,2,4.085,07:53:00,2026-06-22,0.37,1,0.001,-0,0.014,1.569,3.687,7.894,1,150,0.005,2,0.058905,0,0.02923,0,0,-6.8e-5,standard,0,mpf,7000,500,5,2,300,300,300,607.123352,25,1.181768,602.484924,608.814636,-6.329712,2.503324,2.486594,1.657131,0.928359,0.271279,4.35e-4,0.072301,0.109042,208.955521,2.25e-4,2.389264,-6.4e-5,1,2.373994,-5e-5,1,0.600671,0.600225,0.107215,0,PSF-00548_20260622075932_479,PFA-00618,PSA-00618,PSF-00548,RHS-0688,3.0.0,2022-04-21T19:36:20.491Z,MEASUREMENT_END
2026-06-22T14:59:32Z,3,lower,morning,PSF-00548_20260622075932_479,07:59:32,2026-06-22,PFA-00618,PSA-00618,PSF-00548,0,0,0,607.123352,208.955521,0.655827,8.758815,NA,0,0.01,0.02,0.03,0.04,0.05,0.06,0.07,0.080000,0.09,0.1,0.11,0.12,0.13,0.14,0.15,0.16,0.17,0.18,0.19,0.2,0.21,0.22,0.23,0.24,0.25,0.26,0.27,0.28,0.29,0.300000,0.310000,0.32,0.33,0.34,0.35,0.36,0.37,0.38,0.39,0.4,0.41,0.42,0.43,0.44,0.45,0.46,0.47,0.48,0.49,0.500000,0.510000,0.520000,0.53,0.54,0.55,0.56,0.57,0.58,0.59,0.6,0.61,0.62,0.63,0.64,0.65,0.66,0.67,0.68,0.69,0.7,0.71,0.72,0.73,0.74,0.75,0.76,0.77,0.78,0.79,0.8,0.81,0.82,0.83,0.839999,0.849999,0.859999,0.869999,0.879999,0.889999,FLR,449.247467,574.758423,"595.985779,602.154114,604.454041,605.579468,606.238953,606.623413,606.896667,607.025024,607.123047,607.115845,607.123352,607.112305,607.073303,607.042175,606.992126,606.920959,606.859070,606.770752,606.731079,606.602661,606.529358,606.456055,606.358032,606.260803,606.175659,606.057312,605.968567,605.844482,605.762573,605.871704,605.764038,605.939636,605.869873,606.022949,605.904236,606.024414,605.890991,605.976074,606.168152,606.002563,606.133484,606.032227,606.083374,606.213562,606.111633,606.182800,606.291504,606.152039,606.278687,606.270813,606.168884,606.287964,606.299072,606.343018,606.246460,606.294006,606.366638,606.362366,602.484924,602.302185,602.092651,601.882324,601.677795,601.481812,601.286194,601.095215,600.934631,600.747925,600.624939,600.381714,600.205750,600.023010,599.817383,599.613159,599.429382,599.236267,599.031311,598.804932,598.621826,598.362915,598.164429,597.971313,597.753540,597.572205,597.364075,597.145569,596.934937,596.721436,PAR,6987.300293,6987.300293,6987.300293,6987.300293,6987.300293,6987.300293,6987.300293,6987.300293,6987.300293,6987.300293,6987.300293,6987.300293,6987.300293,6987.300293,6987.300293,6987.300293,6987.300293,6987.300293,6987.300293,6987.300293,6987.300293,6987.300293,6987.300293,6987.300293,6987.300293,6987.300293,6987.300293,6987.300293,6987.300293,6987.300293,6929.077148,6870.854004,6812.630859,6754.407715,6696.184570,6637.961914,6579.738770,6521.515625,6463.292480,6405.069336,6346.846680,6288.623535,6230.400391,6172.177246,6113.954102,6055.730957,5997.508301,5939.285156,5881.062012,5822.838867,5764.615723,5706.393066,5648.169922,5589.946777,5531.723633,5473.500488,5415.277344,5357.054688,5298.831543,5240.608398,6987.300293,6987.300293,6987.300293,6987.300293,6987.300293,6987.300293,6987.300293,6987.300293,6987.300293,6987.300293,6987.300293,6987.300293,6987.300293,6987.300293,6987.300293,6987.300293,6987.300293,6987.300293,6987.300293,6987.300293,6987.300293,6987.300293,6987.300293,6987.300293,6987.300293,6987.300293,6987.300293,6987.300293,6987.300293,6987.300293,PHASE,1,1,1,1,1,1,1,1,1,1,1,1,1,1,1,1,1,1,1,1,1,1,1,1,1,1,1,1,1,1,2,2,2,2,2,2,2,2,2,2,2,2,2,2,2,2,2,2,2,2,2,2,2,2,2,2,2,2,2,2,3,3,3,3,3,3,3,3,3,3,3,3,3,3,3,3,3,3,3,3,3,3,3,3,3,3,3,3,3,3,FLASH_END"
2026-06-22T14:59:46Z,3,lower,morning,15,07:59:46,2026-06-22,Auto gsw+F,LI-COR Default,Flag,15,NA,NA,-0.003396,2.919813,-0.0034,-0.030442,2.44639,2.447129,3.213052,0.766662,27.663994,27.655638,36.322498,0.441786,7.5,PSF-00548_20260622075946_5ef,0,0,0,110.089302,523.915466,0.789872,0.5,0.8,2.109453,1,76.06,76.09,25.19,25.18,25.18,88.46,156.5,155.2,0.8,7,4.084,07:53:00,2026-06-22,0.37,1,-0.001,-0,-0.011,0.682,1.254,2.935,1,150,0.005,2,0.058905,0,0.02923,0,0,-6.8e-5,standard,0,mpf,7000,500,5,2,300,300,300,523.603333,25,-0.189083,522.156372,523.644836,-1.488464,2.50316,2.486046,1.657965,0.928253,0.270647,3.11e-4,0.073831,0.113079,110.089302,2.22e-4,2.389264,-6.4e-5,1,2.373994,-5e-5,1,0.600671,0.600225,0.107215,0,PSF-00548_20260622075946_5ef,PFA-00618,PSA-00618,PSF-00548,RHS-0688,3.0.0,2022-04-21T19:36:20.491Z,MEASUREMENT_END
2026-06-22T14:59:46Z,3,lower,morning,PSF-00548_20260622075946_5ef,07:59:46,2026-06-22,PFA-00618,PSA-00618,PSF-00548,0,0,0,523.915466,110.089302,0.789872,13.354924,NA,0,0.01,0.02,0.03,0.04,0.05,0.06,0.07,0.080000,0.09,0.1,0.11,0.12,0.13,0.14,0.15,0.16,0.17,0.18,0.19,0.2,0.21,0.22,0.23,0.24,0.25,0.26,0.27,0.28,0.29,0.300000,0.310000,0.32,0.33,0.34,0.35,0.36,0.37,0.38,0.39,0.4,0.41,0.42,0.43,0.44,0.45,0.46,0.47,0.48,0.49,0.500000,0.510000,0.520000,0.53,0.54,0.55,0.56,0.57,0.58,0.59,0.6,0.61,0.62,0.63,0.64,0.65,0.66,0.67,0.68,0.69,0.7,0.71,0.72,0.73,0.74,0.75,0.76,0.77,0.78,0.79,0.8,0.81,0.82,0.83,0.839999,0.849999,0.859999,0.869999,0.879999,0.889999,FLR,289.124969,442.573059,"488.994598,505.140411,511.389984,514.424438,516.320251,517.697083,518.807861,519.705200,520.475891,521.054871,521.587708,521.988647,522.334839,522.644897,522.845154,523.048645,523.207764,523.298645,523.445251,523.475281,523.560791,523.588318,523.597595,523.593689,523.603333,523.587952,523.595825,523.577209,523.583984,523.622253,523.588684,523.654480,523.614746,523.691650,523.636963,523.654846,523.572571,523.591858,523.679504,523.571838,523.675232,523.607971,523.651611,523.653748,523.587585,523.621216,523.636230,523.571106,523.624390,523.566833,523.555420,523.585449,523.562927,523.571106,523.522522,523.548218,523.548950,523.525330,521.991821,522.156372,522.122009,522.051941,521.981140,521.873108,521.784790,521.706482,521.626709,521.533020,521.507996,521.387085,521.319153,521.237244,521.156067,521.083862,520.989075,520.918274,520.847412,520.761230,520.726929,520.578125,520.515198,520.459412,520.342834,520.236633,520.164734,520.082092,520.016296,519.934753,PAR,6987.300293,6987.300293,6987.300293,6987.300293,6987.300293,6987.300293,6987.300293,6987.300293,6987.300293,6987.300293,6987.300293,6987.300293,6987.300293,6987.300293,6987.300293,6987.300293,6987.300293,6987.300293,6987.300293,6987.300293,6987.300293,6987.300293,6987.300293,6987.300293,6987.300293,6987.300293,6987.300293,6987.300293,6987.300293,6987.300293,6929.077148,6870.854004,6812.630859,6754.407715,6696.184570,6637.961914,6579.738770,6521.515625,6463.292480,6405.069336,6346.846680,6288.623535,6230.400391,6172.177246,6113.954102,6055.730957,5997.508301,5939.285156,5881.062012,5822.838867,5764.615723,5706.393066,5648.169922,5589.946777,5531.723633,5473.500488,5415.277344,5357.054688,5298.831543,5240.608398,6987.300293,6987.300293,6987.300293,6987.300293,6987.300293,6987.300293,6987.300293,6987.300293,6987.300293,6987.300293,6987.300293,6987.300293,6987.300293,6987.300293,6987.300293,6987.300293,6987.300293,6987.300293,6987.300293,6987.300293,6987.300293,6987.300293,6987.300293,6987.300293,6987.300293,6987.300293,6987.300293,6987.300293,6987.300293,6987.300293,PHASE,1,1,1,1,1,1,1,1,1,1,1,1,1,1,1,1,1,1,1,1,1,1,1,1,1,1,1,1,1,1,2,2,2,2,2,2,2,2,2,2,2,2,2,2,2,2,2,2,2,2,2,2,2,2,2,2,2,2,2,2,3,3,3,3,3,3,3,3,3,3,3,3,3,3,3,3,3,3,3,3,3,3,3,3,3,3,3,3,3,3,FLASH_END"
2026-06-22T15:00:24Z,3,upper,morning,16,08:00:24,2026-06-22,Auto gsw+F,LI-COR Default,NA,16,NA,NA,0.014814,2.919906,0.014739,0.119281,2.63652,2.63363,3.328186,0.691666,29.775944,29.808617,37.62862,0.441786,7.5,PSF-00548_20260622080024_dfb,0,0,0,113.186005,490.608337,0.769295,0.5,0.8,6.603155,1,81.13,81.04,25.37,25.77,25.77,88.45,156.5,155.1,0.9,21,4.083,07:53:00,2026-06-22,0.37,1,0.01,0.005,0.001,0.115,0.407,1.294,1,150,0.005,2,0.058905,0,0.02923,0,0,-6.8e-5,standard,0,mpf,7000,500,5,2,300,300,300,489.010345,25,-1.178132,488.353363,488.922241,-0.568878,2.509653,2.49264,1.658062,0.928086,0.26878,0.004986,0.078241,0.126061,113.186005,2.25e-4,2.389264,-6.4e-5,1,2.373994,-5e-5,1,0.600671,0.600225,0.107215,0,PSF-00548_20260622080024_dfb,PFA-00618,PSA-00618,PSF-00548,RHS-0688,3.0.0,2022-04-21T19:36:20.491Z,MEASUREMENT_END
2026-06-22T15:00:24Z,3,upper,morning,PSF-00548_20260622080024_dfb,08:00:24,2026-06-22,PFA-00618,PSA-00618,PSF-00548,0,0,0,490.608337,113.186005,0.769295,28.136831,NA,0,0.01,0.02,0.03,0.04,0.05,0.06,0.07,0.080000,0.09,0.1,0.11,0.12,0.13,0.14,0.15,0.16,0.17,0.18,0.19,0.2,0.21,0.22,0.23,0.24,0.25,0.26,0.27,0.28,0.29,0.300000,0.310000,0.32,0.33,0.34,0.35,0.36,0.37,0.38,0.39,0.4,0.41,0.42,0.43,0.44,0.45,0.46,0.47,0.48,0.49,0.500000,0.510000,0.520000,0.53,0.54,0.55,0.56,0.57,0.58,0.59,0.6,0.61,0.62,0.63,0.64,0.65,0.66,0.67,0.68,0.69,0.7,0.71,0.72,0.73,0.74,0.75,0.76,0.77,0.78,0.79,0.8,0.81,0.82,0.83,0.839999,0.849999,0.859999,0.869999,0.879999,0.889999,FLR,274.583466,407.949677,"451.652893,470.106842,478.526825,482.798706,485.093964,486.378540,487.201813,487.677460,488.061890,488.261108,488.446716,488.588318,488.681671,488.757141,488.833679,488.879089,488.928436,488.961700,489.007843,488.963837,488.991394,489.010345,488.978851,488.999237,488.969574,488.967072,488.948456,488.906250,488.927734,488.926636,488.861572,488.911621,488.851196,488.860840,488.813293,488.822571,488.797913,488.759644,488.793976,488.699188,488.712067,488.674866,488.638763,488.649841,488.604431,488.610870,488.590851,488.547913,488.576538,488.527527,488.444580,488.506439,488.461731,488.472473,488.420258,488.447083,488.451721,488.397705,487.928162,488.289368,488.353363,488.326904,488.268982,488.228912,488.200317,488.155975,488.118408,488.037598,488.058685,487.982513,487.938538,487.928497,487.877716,487.824799,487.809418,487.776520,487.748993,487.718933,487.720734,487.661011,487.650269,487.632385,487.616669,487.587341,487.550507,487.554443,487.526886,487.483978,PAR,6987.300293,6987.300293,6987.300293,6987.300293,6987.300293,6987.300293,6987.300293,6987.300293,6987.300293,6987.300293,6987.300293,6987.300293,6987.300293,6987.300293,6987.300293,6987.300293,6987.300293,6987.300293,6987.300293,6987.300293,6987.300293,6987.300293,6987.300293,6987.300293,6987.300293,6987.300293,6987.300293,6987.300293,6987.300293,6987.300293,6929.077148,6870.854004,6812.630859,6754.407715,6696.184570,6637.961914,6579.738770,6521.515625,6463.292480,6405.069336,6346.846680,6288.623535,6230.400391,6172.177246,6113.954102,6055.730957,5997.508301,5939.285156,5881.062012,5822.838867,5764.615723,5706.393066,5648.169922,5589.946777,5531.723633,5473.500488,5415.277344,5357.054688,5298.831543,5240.608398,6987.300293,6987.300293,6987.300293,6987.300293,6987.300293,6987.300293,6987.300293,6987.300293,6987.300293,6987.300293,6987.300293,6987.300293,6987.300293,6987.300293,6987.300293,6987.300293,6987.300293,6987.300293,6987.300293,6987.300293,6987.300293,6987.300293,6987.300293,6987.300293,6987.300293,6987.300293,6987.300293,6987.300293,6987.300293,6987.300293,PHASE,1,1,1,1,1,1,1,1,1,1,1,1,1,1,1,1,1,1,1,1,1,1,1,1,1,1,1,1,1,1,2,2,2,2,2,2,2,2,2,2,2,2,2,2,2,2,2,2,2,2,2,2,2,2,2,2,2,2,2,2,3,3,3,3,3,3,3,3,3,3,3,3,3,3,3,3,3,3,3,3,3,3,3,3,3,3,3,3,3,3,FLASH_END"
2026-06-22T15:00:34Z,3,upper,morning,17,08:00:34,2026-06-22,Auto gsw+F,LI-COR Default,NA,17,NA,NA,0.02142,2.918778,0.021264,0.181583,2.625935,2.621531,3.355714,0.729779,29.638315,29.688103,37.938789,0.441786,7.5,PSF-00548_20260622080034_899,0,0,0,107.675674,482.303375,0.776747,0.5,0.8,6.23519,1,80.57,80.43,25.42,25.91,25.91,88.45,156.3,155,0.9,20,4.082,07:53:00,2026-06-22,0.37,1,0.002,0.002,0.013,0.437,1.063,1.964,1,150,0.005,2,0.058905,0,0.02923,0,0,-6.8e-5,standard,0,mpf,7000,500,5,2,300,300,300,482.303375,25,0.367257,482.416382,482.828979,-0.412598,2.508831,2.491887,1.656899,0.9278,0.26825,0.00599,0.079342,0.12484,107.675674,2.23e-4,2.389264,-6.4e-5,1,2.373994,-5e-5,1,0.600671,0.600225,0.107215,0,PSF-00548_20260622080034_899,PFA-00618,PSA-00618,PSF-00548,RHS-0688,3.0.0,2022-04-21T19:36:20.491Z,MEASUREMENT_END
2026-06-22T15:00:34Z,3,upper,morning,PSF-00548_20260622080034_899,08:00:34,2026-06-22,PFA-00618,PSA-00618,PSF-00548,0,0,0,482.303375,107.675674,0.776747,26.746637,NA,0,0.01,0.02,0.03,0.04,0.05,0.06,0.07,0.080000,0.09,0.1,0.11,0.12,0.13,0.14,0.15,0.16,0.17,0.18,0.19,0.2,0.21,0.22,0.23,0.24,0.25,0.26,0.27,0.28,0.29,0.300000,0.310000,0.32,0.33,0.34,0.35,0.36,0.37,0.38,0.39,0.4,0.41,0.42,0.43,0.44,0.45,0.46,0.47,0.48,0.49,0.500000,0.510000,0.520000,0.53,0.54,0.55,0.56,0.57,0.58,0.59,0.6,0.61,0.62,0.63,0.64,0.65,0.66,0.67,0.68,0.69,0.7,0.71,0.72,0.73,0.74,0.75,0.76,0.77,0.78,0.79,0.8,0.81,0.82,0.83,0.839999,0.849999,0.859999,0.869999,0.879999,0.889999,FLR,266.726379,399.426331,"444.794312,464.375153,473.133087,477.296234,479.294647,480.303162,480.842834,481.130707,481.385345,481.491211,481.652863,481.762299,481.852417,481.929291,481.981873,482.045532,482.089508,482.126007,482.181427,482.173553,482.205383,482.242950,482.246155,482.271179,482.261169,482.274414,482.303375,482.255829,482.294067,482.323761,482.292664,482.374908,482.323761,482.391357,482.353088,482.346649,482.359161,482.352386,482.362396,482.325562,482.353088,482.348450,482.339844,482.385284,482.349152,482.368835,482.391724,482.359528,482.418884,482.381714,482.383118,482.427826,482.437836,482.452881,482.442871,482.483612,482.537994,482.520447,482.008698,482.351318,482.406372,482.416382,482.352722,482.300873,482.242584,482.186066,482.156738,482.097015,482.085938,482.014771,481.965790,481.960419,481.903564,481.843475,481.767303,481.698273,481.641052,481.555573,481.516235,481.386078,481.280579,481.226562,481.144318,481.063141,481.001984,480.941895,480.878235,480.785980,PAR,6987.300293,6987.300293,6987.300293,6987.300293,6987.300293,6987.300293,6987.300293,6987.300293,6987.300293,6987.300293,6987.300293,6987.300293,6987.300293,6987.300293,6987.300293,6987.300293,6987.300293,6987.300293,6987.300293,6987.300293,6987.300293,6987.300293,6987.300293,6987.300293,6987.300293,6987.300293,6987.300293,6987.300293,6987.300293,6987.300293,6929.077148,6870.854004,6812.630859,6754.407715,6696.184570,6637.961914,6579.738770,6521.515625,6463.292480,6405.069336,6346.846680,6288.623535,6230.400391,6172.177246,6113.954102,6055.730957,5997.508301,5939.285156,5881.062012,5822.838867,5764.615723,5706.393066,5648.169922,5589.946777,5531.723633,5473.500488,5415.277344,5357.054688,5298.831543,5240.608398,6987.300293,6987.300293,6987.300293,6987.300293,6987.300293,6987.300293,6987.300293,6987.300293,6987.300293,6987.300293,6987.300293,6987.300293,6987.300293,6987.300293,6987.300293,6987.300293,6987.300293,6987.300293,6987.300293,6987.300293,6987.300293,6987.300293,6987.300293,6987.300293,6987.300293,6987.300293,6987.300293,6987.300293,6987.300293,6987.300293,PHASE,1,1,1,1,1,1,1,1,1,1,1,1,1,1,1,1,1,1,1,1,1,1,1,1,1,1,1,1,1,1,2,2,2,2,2,2,2,2,2,2,2,2,2,2,2,2,2,2,2,2,2,2,2,2,2,2,2,2,2,2,3,3,3,3,3,3,3,3,3,3,3,3,3,3,3,3,3,3,3,3,3,3,3,3,3,3,3,3,3,3,FLASH_END"
2026-06-22T15:00:44Z,3,upper,morning,18,08:00:44,2026-06-22,Auto gsw+F,LI-COR Default,Flag,18,NA,NA,0.006889,2.918287,0.006873,0.060176,2.642267,2.640807,3.390297,0.74803,29.857595,29.874098,38.331505,0.441786,7.5,PSF-00548_20260622080044_7ee,0,0,0,139.551041,539.572449,0.741367,0.5,0.8,5.644228,1,80.83,80.78,25.47,26.08,26.08,88.45,156.3,154.3,1.2,19,4.081,07:53:00,2026-06-22,0.37,1,-0.004,-0.001,-9999,2.206,4.655,-9999,1,150,0.005,2,0.058905,0,0.02923,0,0,-6.8e-5,standard,0,mpf,7000,500,5,2,300,300,300,539.572449,25,3.119867,539.166199,544.037476,-4.871277,2.509273,2.492208,1.656394,0.926179,0.267706,0.007364,0.080444,0.123931,139.551041,2.26e-4,2.389264,-6.4e-5,1,2.373994,-5e-5,1,0.600671,0.600225,0.107215,0,PSF-00548_20260622080044_7ee,PFA-00618,PSA-00618,PSF-00548,RHS-0688,3.0.0,2022-04-21T19:36:20.491Z,MEASUREMENT_END
2026-06-22T15:00:44Z,3,upper,morning,PSF-00548_20260622080044_7ee,08:00:44,2026-06-22,PFA-00618,PSA-00618,PSF-00548,0,0,0,539.572449,139.551041,0.741367,25.711525,NA,0,0.01,0.02,0.03,0.04,0.05,0.06,0.07,0.080000,0.09,0.1,0.11,0.12,0.13,0.14,0.15,0.16,0.17,0.18,0.19,0.2,0.21,0.22,0.23,0.24,0.25,0.26,0.27,0.28,0.29,0.300000,0.310000,0.32,0.33,0.34,0.35,0.36,0.37,0.38,0.39,0.4,0.41,0.42,0.43,0.44,0.45,0.46,0.47,0.48,0.49,0.500000,0.510000,0.520000,0.53,0.54,0.55,0.56,0.57,0.58,0.59,0.6,0.61,0.62,0.63,0.64,0.65,0.66,0.67,0.68,0.69,0.7,0.71,0.72,0.73,0.74,0.75,0.76,0.77,0.78,0.79,0.8,0.81,0.82,0.83,0.839999,0.849999,0.859999,0.869999,0.879999,0.889999,FLR,338.940735,474.450226,"513.199951,527.809021,533.687683,536.186829,537.266479,537.741089,538.000732,538.157349,538.329346,538.392639,538.500671,538.650879,538.698059,538.768860,538.868286,538.946960,539.006714,539.098633,539.192322,539.234863,539.294617,539.371460,539.432983,539.454468,539.489502,539.513123,539.545654,539.572449,539.627563,539.762024,539.744141,539.891846,539.878601,540.027405,540.015198,540.133240,540.087830,540.157532,540.285583,540.229797,540.333496,540.313477,540.387878,540.498047,540.494080,540.597107,540.718323,540.701843,540.806274,540.826660,540.813477,540.922180,540.945068,540.978699,540.948975,541.008728,541.067383,541.086304,539.075745,539.166199,539.124756,539.046387,538.964844,538.890869,538.766052,538.688782,538.639404,538.547485,538.547180,538.409851,538.350464,538.283936,538.200989,538.092957,538.014648,537.948853,537.881958,537.801514,537.761780,537.624146,537.550476,537.473572,537.348755,537.231445,537.149170,537.041199,536.963928,536.825562,PAR,6987.300293,6987.300293,6987.300293,6987.300293,6987.300293,6987.300293,6987.300293,6987.300293,6987.300293,6987.300293,6987.300293,6987.300293,6987.300293,6987.300293,6987.300293,6987.300293,6987.300293,6987.300293,6987.300293,6987.300293,6987.300293,6987.300293,6987.300293,6987.300293,6987.300293,6987.300293,6987.300293,6987.300293,6987.300293,6987.300293,6929.077148,6870.854004,6812.630859,6754.407715,6696.184570,6637.961914,6579.738770,6521.515625,6463.292480,6405.069336,6346.846680,6288.623535,6230.400391,6172.177246,6113.954102,6055.730957,5997.508301,5939.285156,5881.062012,5822.838867,5764.615723,5706.393066,5648.169922,5589.946777,5531.723633,5473.500488,5415.277344,5357.054688,5298.831543,5240.608398,6987.300293,6987.300293,6987.300293,6987.300293,6987.300293,6987.300293,6987.300293,6987.300293,6987.300293,6987.300293,6987.300293,6987.300293,6987.300293,6987.300293,6987.300293,6987.300293,6987.300293,6987.300293,6987.300293,6987.300293,6987.300293,6987.300293,6987.300293,6987.300293,6987.300293,6987.300293,6987.300293,6987.300293,6987.300293,6987.300293,PHASE,1,1,1,1,1,1,1,1,1,1,1,1,1,1,1,1,1,1,1,1,1,1,1,1,1,1,1,1,1,1,2,2,2,2,2,2,2,2,2,2,2,2,2,2,2,2,2,2,2,2,2,2,2,2,2,2,2,2,2,2,3,3,3,3,3,3,3,3,3,3,3,3,3,3,3,3,3,3,3,3,3,3,3,3,3,3,3,3,3,3,FLASH_END"
2026-06-22T15:02:29Z,4,lower,morning,19,08:02:29,2026-06-22,Auto gsw+F,LI-COR Default,NA,19,NA,NA,0.00106,2.918968,0.001059,0.009571,2.603231,2.602999,3.375486,0.772255,29.421976,29.424601,38.153481,0.441786,7.5,PSF-00548_20260622080229_1e8,0,0,0,123.762131,564.006714,0.780566,0.5,0.8,0.796038,1,77.4,77.39,25.95,26.01,26.01,88.47,156.4,155.4,0.6,3,4.08,07:53:00,2026-06-22,0.37,1,0.01,0.004,0.012,1.605,3.526,7,1,150,0.005,2,0.058905,0,0.02923,0,0,-6.8e-5,standard,0,mpf,7000,500,5,2,300,300,300,564.006714,25,-0.02909,560.879578,563.965088,-3.08551,2.504636,2.487579,1.657095,0.928802,0.26264,0.001145,0.092752,0.109454,123.762131,2.26e-4,2.389264,-6.4e-5,1,2.373994,-5e-5,1,0.600671,0.600225,0.107215,0,PSF-00548_20260622080229_1e8,PFA-00618,PSA-00618,PSF-00548,RHS-0688,3.0.0,2022-04-21T19:36:20.491Z,MEASUREMENT_END
2026-06-22T15:02:29Z,4,lower,morning,PSF-00548_20260622080229_1e8,08:02:29,2026-06-22,PFA-00618,PSA-00618,PSF-00548,0,0,0,564.006714,123.762131,0.780566,9.227913,NA,0,0.01,0.02,0.03,0.04,0.05,0.06,0.07,0.080000,0.09,0.1,0.11,0.12,0.13,0.14,0.15,0.16,0.17,0.18,0.19,0.2,0.21,0.22,0.23,0.24,0.25,0.26,0.27,0.28,0.29,0.300000,0.310000,0.32,0.33,0.34,0.35,0.36,0.37,0.38,0.39,0.4,0.41,0.42,0.43,0.44,0.45,0.46,0.47,0.48,0.49,0.500000,0.510000,0.520000,0.53,0.54,0.55,0.56,0.57,0.58,0.59,0.6,0.61,0.62,0.63,0.64,0.65,0.66,0.67,0.68,0.69,0.7,0.71,0.72,0.73,0.74,0.75,0.76,0.77,0.78,0.79,0.8,0.81,0.82,0.83,0.839999,0.849999,0.859999,0.869999,0.879999,0.889999,FLR,323.543793,473.610535,"525.345703,548.280701,557.510742,561.330566,562.953857,563.642639,563.910156,563.965576,564.006714,563.928345,563.935547,563.944092,563.954102,563.918701,563.930542,563.918335,563.917664,563.890076,563.892578,563.808533,563.752747,563.735229,563.675537,563.612244,563.543579,563.493103,563.437012,563.362610,563.316101,563.354004,563.281433,563.384766,563.262817,563.372620,563.269592,563.340088,563.254211,563.312866,563.419128,563.259949,563.335754,563.252808,563.297485,563.311096,563.228516,563.259216,563.307495,563.213806,563.316467,563.299316,563.255676,563.286438,563.324707,563.338257,563.267090,563.310364,563.350098,563.343994,560.781616,560.879578,560.805542,560.730103,560.611389,560.501587,560.400696,560.313477,560.204773,560.090637,560.037354,559.893982,559.803833,559.701904,559.618225,559.525269,559.427612,559.347534,559.291748,559.185120,559.123291,558.993469,558.916931,558.835388,558.724854,558.645508,558.560364,558.474182,558.408020,558.305725,PAR,6987.300293,6987.300293,6987.300293,6987.300293,6987.300293,6987.300293,6987.300293,6987.300293,6987.300293,6987.300293,6987.300293,6987.300293,6987.300293,6987.300293,6987.300293,6987.300293,6987.300293,6987.300293,6987.300293,6987.300293,6987.300293,6987.300293,6987.300293,6987.300293,6987.300293,6987.300293,6987.300293,6987.300293,6987.300293,6987.300293,6929.077148,6870.854004,6812.630859,6754.407715,6696.184570,6637.961914,6579.738770,6521.515625,6463.292480,6405.069336,6346.846680,6288.623535,6230.400391,6172.177246,6113.954102,6055.730957,5997.508301,5939.285156,5881.062012,5822.838867,5764.615723,5706.393066,5648.169922,5589.946777,5531.723633,5473.500488,5415.277344,5357.054688,5298.831543,5240.608398,6987.300293,6987.300293,6987.300293,6987.300293,6987.300293,6987.300293,6987.300293,6987.300293,6987.300293,6987.300293,6987.300293,6987.300293,6987.300293,6987.300293,6987.300293,6987.300293,6987.300293,6987.300293,6987.300293,6987.300293,6987.300293,6987.300293,6987.300293,6987.300293,6987.300293,6987.300293,6987.300293,6987.300293,6987.300293,6987.300293,PHASE,1,1,1,1,1,1,1,1,1,1,1,1,1,1,1,1,1,1,1,1,1,1,1,1,1,1,1,1,1,1,2,2,2,2,2,2,2,2,2,2,2,2,2,2,2,2,2,2,2,2,2,2,2,2,2,2,2,2,2,2,3,3,3,3,3,3,3,3,3,3,3,3,3,3,3,3,3,3,3,3,3,3,3,3,3,3,3,3,3,3,FLASH_END"
2026-06-22T15:02:41Z,4,lower,morning,20,08:02:41,2026-06-22,Auto gsw+F,LI-COR Default,NA,20,NA,NA,-0.005204,2.918487,-0.005213,-0.04611,2.629238,2.630357,3.385187,0.755949,29.732214,29.719568,38.264435,0.441786,7.5,PSF-00548_20260622080241_eb0,0,0,0,128.761047,565.533447,0.772319,0.5,0.8,0.858451,1,77.92,77.96,26,26.05,26.05,88.47,156.3,155,0.8,3,4.079,07:53:00,2026-06-22,0.37,1,-0.003,-0.004,0.007,1.473,3.294,7.127,1,150,0.005,2,0.058905,0,0.02923,0,0,-6.8e-5,standard,0,mpf,7000,500,5,2,300,300,300,562.960266,25,-2.548982,557.984924,561.885437,-3.900513,2.505366,2.488253,1.6566,0.927883,0.26208,0.001086,0.094029,0.109655,128.761047,2.25e-4,2.389264,-6.4e-5,1,2.373994,-5e-5,1,0.600671,0.600225,0.107215,0,PSF-00548_20260622080241_eb0,PFA-00618,PSA-00618,PSF-00548,RHS-0688,3.0.0,2022-04-21T19:36:20.491Z,MEASUREMENT_END
2026-06-22T15:02:41Z,4,lower,morning,PSF-00548_20260622080241_eb0,08:02:41,2026-06-22,PFA-00618,PSA-00618,PSF-00548,0,0,0,565.533447,128.761047,0.772319,9.457169,NA,0,0.01,0.02,0.03,0.04,0.05,0.06,0.07,0.080000,0.09,0.1,0.11,0.12,0.13,0.14,0.15,0.16,0.17,0.18,0.19,0.2,0.21,0.22,0.23,0.24,0.25,0.26,0.27,0.28,0.29,0.300000,0.310000,0.32,0.33,0.34,0.35,0.36,0.37,0.38,0.39,0.4,0.41,0.42,0.43,0.44,0.45,0.46,0.47,0.48,0.49,0.500000,0.510000,0.520000,0.53,0.54,0.55,0.56,0.57,0.58,0.59,0.6,0.61,0.62,0.63,0.64,0.65,0.66,0.67,0.68,0.69,0.7,0.71,0.72,0.73,0.74,0.75,0.76,0.77,0.78,0.79,0.8,0.81,0.82,0.83,0.839999,0.849999,0.859999,0.869999,0.879999,0.889999,FLR,340.933807,494.725952,"536.060242,550.941833,556.918884,559.676880,561.093811,561.833374,562.302917,562.530029,562.743164,562.796448,562.857300,562.913391,562.926636,562.940613,562.955994,562.960266,562.943787,562.904480,562.896973,562.779663,562.726746,562.652710,562.520386,562.405212,562.280396,562.175293,562.085144,561.920288,561.814087,561.824097,561.708557,561.792236,561.664917,561.735779,561.624146,561.659546,561.532288,561.564819,561.602722,561.437866,561.490784,561.373474,561.372375,561.362000,561.253662,561.283691,561.316589,561.176758,561.202515,561.124207,560.970093,560.977905,560.917480,560.881042,560.765503,560.723999,560.705811,560.602417,557.984924,557.955994,557.773560,557.591553,557.378784,557.129150,556.926025,556.724304,556.558350,556.341309,556.209656,556.010498,555.879944,555.706848,555.509827,555.302002,555.131104,554.955139,554.804565,554.603577,554.455139,554.210571,554.007385,553.845398,553.641907,553.474548,553.237427,553.023926,552.807922,552.580139,PAR,6987.300293,6987.300293,6987.300293,6987.300293,6987.300293,6987.300293,6987.300293,6987.300293,6987.300293,6987.300293,6987.300293,6987.300293,6987.300293,6987.300293,6987.300293,6987.300293,6987.300293,6987.300293,6987.300293,6987.300293,6987.300293,6987.300293,6987.300293,6987.300293,6987.300293,6987.300293,6987.300293,6987.300293,6987.300293,6987.300293,6929.077148,6870.854004,6812.630859,6754.407715,6696.184570,6637.961914,6579.738770,6521.515625,6463.292480,6405.069336,6346.846680,6288.623535,6230.400391,6172.177246,6113.954102,6055.730957,5997.508301,5939.285156,5881.062012,5822.838867,5764.615723,5706.393066,5648.169922,5589.946777,5531.723633,5473.500488,5415.277344,5357.054688,5298.831543,5240.608398,6987.300293,6987.300293,6987.300293,6987.300293,6987.300293,6987.300293,6987.300293,6987.300293,6987.300293,6987.300293,6987.300293,6987.300293,6987.300293,6987.300293,6987.300293,6987.300293,6987.300293,6987.300293,6987.300293,6987.300293,6987.300293,6987.300293,6987.300293,6987.300293,6987.300293,6987.300293,6987.300293,6987.300293,6987.300293,6987.300293,PHASE,1,1,1,1,1,1,1,1,1,1,1,1,1,1,1,1,1,1,1,1,1,1,1,1,1,1,1,1,1,1,2,2,2,2,2,2,2,2,2,2,2,2,2,2,2,2,2,2,2,2,2,2,2,2,2,2,2,2,2,2,3,3,3,3,3,3,3,3,3,3,3,3,3,3,3,3,3,3,3,3,3,3,3,3,3,3,3,3,3,3,FLASH_END"
2026-06-22T15:02:58Z,4,lower,morning,21,08:02:58,2026-06-22,Auto gsw+F,LI-COR Default,Flag,21,NA,NA,-0.038368,2.920259,-0.038878,-0.347644,2.638904,2.647327,3.403033,0.764128,29.921329,29.826132,38.462669,0.441786,7.5,PSF-00548_20260622080258_a0b,0,0,0,110.754845,527.997864,0.790236,0.5,0.8,0.610253,1,77.86,78.11,26.07,26.14,26.14,88.48,156.5,154.9,1,2,4.078,07:53:00,2026-06-22,0.37,1,-0.007,0.001,-9999,0.857,1.997,-9999,1,150,0.005,2,0.058905,0,0.02923,0,0,-6.8e-5,standard,0,mpf,7000,500,5,2,300,300,300,526.730774,25,-0.778149,525.013794,526.884216,-1.870422,2.505548,2.488154,1.658425,0.927655,0.2613,0.001241,0.095893,0.108911,110.754845,2.26e-4,2.389264,-6.4e-5,1,2.373994,-5e-5,1,0.600671,0.600225,0.107215,0,PSF-00548_20260622080258_a0b,PFA-00618,PSA-00618,PSF-00548,RHS-0688,3.0.0,2022-04-21T19:36:20.491Z,MEASUREMENT_END
2026-06-22T15:02:58Z,4,lower,morning,PSF-00548_20260622080258_a0b,08:02:58,2026-06-22,PFA-00618,PSA-00618,PSF-00548,0,0,0,527.997864,110.754845,0.790236,8.608963,NA,0,0.01,0.02,0.03,0.04,0.05,0.06,0.07,0.080000,0.09,0.1,0.11,0.12,0.13,0.14,0.15,0.16,0.17,0.18,0.19,0.2,0.21,0.22,0.23,0.24,0.25,0.26,0.27,0.28,0.29,0.300000,0.310000,0.32,0.33,0.34,0.35,0.36,0.37,0.38,0.39,0.4,0.41,0.42,0.43,0.44,0.45,0.46,0.47,0.48,0.49,0.500000,0.510000,0.520000,0.53,0.54,0.55,0.56,0.57,0.58,0.59,0.6,0.61,0.62,0.63,0.64,0.65,0.66,0.67,0.68,0.69,0.7,0.71,0.72,0.73,0.74,0.75,0.76,0.77,0.78,0.79,0.8,0.81,0.82,0.83,0.839999,0.849999,0.859999,0.869999,0.879999,0.889999,FLR,287.648682,432.933197,"486.686462,508.155212,516.681458,520.502319,522.407043,523.477783,524.185547,524.618958,525.009888,525.268433,525.515198,525.745850,525.915039,526.042725,526.193604,526.308777,526.412476,526.465088,526.570190,526.596313,526.646362,526.691101,526.700378,526.720398,526.728638,526.723999,526.730774,526.723999,526.735779,526.779785,526.704285,526.834473,526.770447,526.859863,526.790161,526.823730,526.799805,526.828064,526.889893,526.790161,526.816956,526.767639,526.785828,526.818726,526.739746,526.754028,526.756165,526.688232,526.711792,526.653198,526.605591,526.650330,526.599548,526.553406,526.463623,526.468994,526.440735,526.424316,524.838196,525.013794,524.961975,524.860352,524.716248,524.606812,524.470581,524.351501,524.247437,524.109741,524.052490,523.906250,523.779297,523.693420,523.543213,523.444519,523.332581,523.211731,523.107666,522.985352,522.886658,522.733215,522.625916,522.528625,522.388428,522.272217,522.168152,522.045166,521.942505,521.815552,PAR,6987.300293,6987.300293,6987.300293,6987.300293,6987.300293,6987.300293,6987.300293,6987.300293,6987.300293,6987.300293,6987.300293,6987.300293,6987.300293,6987.300293,6987.300293,6987.300293,6987.300293,6987.300293,6987.300293,6987.300293,6987.300293,6987.300293,6987.300293,6987.300293,6987.300293,6987.300293,6987.300293,6987.300293,6987.300293,6987.300293,6929.077148,6870.854004,6812.630859,6754.407715,6696.184570,6637.961914,6579.738770,6521.515625,6463.292480,6405.069336,6346.846680,6288.623535,6230.400391,6172.177246,6113.954102,6055.730957,5997.508301,5939.285156,5881.062012,5822.838867,5764.615723,5706.393066,5648.169922,5589.946777,5531.723633,5473.500488,5415.277344,5357.054688,5298.831543,5240.608398,6987.300293,6987.300293,6987.300293,6987.300293,6987.300293,6987.300293,6987.300293,6987.300293,6987.300293,6987.300293,6987.300293,6987.300293,6987.300293,6987.300293,6987.300293,6987.300293,6987.300293,6987.300293,6987.300293,6987.300293,6987.300293,6987.300293,6987.300293,6987.300293,6987.300293,6987.300293,6987.300293,6987.300293,6987.300293,6987.300293,PHASE,1,1,1,1,1,1,1,1,1,1,1,1,1,1,1,1,1,1,1,1,1,1,1,1,1,1,1,1,1,1,2,2,2,2,2,2,2,2,2,2,2,2,2,2,2,2,2,2,2,2,2,2,2,2,2,2,2,2,2,2,3,3,3,3,3,3,3,3,3,3,3,3,3,3,3,3,3,3,3,3,3,3,3,3,3,3,3,3,3,3,FLASH_END"
2026-06-22T15:03:57Z,4,upper,morning,22,08:03:57,2026-06-22,Auto gsw+F,LI-COR Default,NA,22,NA,NA,-0.032175,2.920327,-0.032534,-0.2443,2.841747,2.84765,3.482231,0.640484,32.192566,32.125832,39.366482,0.441786,7.5,PSF-00548_20260622080357_e95,0,0,0,107.113121,462.300507,0.768304,0.5,0.8,6.353629,1,82.38,82.55,26.37,26.53,26.53,88.46,156.5,154.9,1.1,21,4.077,08:03:46,2026-06-22,0.27,1,-0.003,-0.001,-0.013,0.286,0.471,1.005,1,150,0.005,2,0.058905,0,0.02923,0,0,-6.8e-5,standard,0,mpf,7000,500,5,2,300,300,300,460.552094,25,-1.050864,459.731354,460.796539,-1.065186,2.511322,2.494133,1.658496,0.927519,0.258205,0.00225,0.102758,0.125372,107.113121,2.26e-4,2.389264,-6.4e-5,1,2.373994,-5e-5,1,0.600671,0.600225,0.107215,0,PSF-00548_20260622080357_e95,PFA-00618,PSA-00618,PSF-00548,RHS-0688,3.0.0,2022-04-21T19:36:20.491Z,MEASUREMENT_END
2026-06-22T15:03:57Z,4,upper,morning,PSF-00548_20260622080357_e95,08:03:57,2026-06-22,PFA-00618,PSA-00618,PSF-00548,0,0,0,462.300507,107.113121,0.768304,27.352556,NA,0,0.01,0.02,0.03,0.04,0.05,0.06,0.07,0.080000,0.09,0.1,0.11,0.12,0.13,0.14,0.15,0.16,0.17,0.18,0.19,0.2,0.21,0.22,0.23,0.24,0.25,0.26,0.27,0.28,0.29,0.300000,0.310000,0.32,0.33,0.34,0.35,0.36,0.37,0.38,0.39,0.4,0.41,0.42,0.43,0.44,0.45,0.46,0.47,0.48,0.49,0.500000,0.510000,0.520000,0.53,0.54,0.55,0.56,0.57,0.58,0.59,0.6,0.61,0.62,0.63,0.64,0.65,0.66,0.67,0.68,0.69,0.7,0.71,0.72,0.73,0.74,0.75,0.76,0.77,0.78,0.79,0.8,0.81,0.82,0.83,0.839999,0.849999,0.859999,0.869999,0.879999,0.889999,FLR,259.847046,397.299164,"434.907318,446.873199,451.802734,454.454529,456.116425,457.221161,458.005432,458.554382,458.994263,459.279297,459.520325,459.722748,459.876526,459.980957,460.093262,460.195190,460.264221,460.328217,460.420837,460.408691,460.444092,460.464111,460.458038,460.482361,460.500244,460.520264,460.548157,460.552094,460.579285,460.623993,460.602875,460.687622,460.647949,460.711945,460.677277,460.710510,460.708008,460.739136,460.776672,460.708740,460.719452,460.688354,460.669403,460.670105,460.657227,460.598602,460.566406,460.543152,460.572845,460.514893,460.444092,460.445160,460.383667,460.343597,460.285675,460.262787,460.197693,460.107208,459.509613,459.731354,459.676636,459.578979,459.459534,459.357269,459.276428,459.185242,459.142334,459.066864,459.028259,458.937408,458.833679,458.786133,458.711395,458.638428,458.559021,458.485352,458.457825,458.400238,458.418488,458.365204,458.321228,458.284363,458.202850,458.127747,458.055481,458.003632,457.968231,457.916382,PAR,6987.300293,6987.300293,6987.300293,6987.300293,6987.300293,6987.300293,6987.300293,6987.300293,6987.300293,6987.300293,6987.300293,6987.300293,6987.300293,6987.300293,6987.300293,6987.300293,6987.300293,6987.300293,6987.300293,6987.300293,6987.300293,6987.300293,6987.300293,6987.300293,6987.300293,6987.300293,6987.300293,6987.300293,6987.300293,6987.300293,6929.077148,6870.854004,6812.630859,6754.407715,6696.184570,6637.961914,6579.738770,6521.515625,6463.292480,6405.069336,6346.846680,6288.623535,6230.400391,6172.177246,6113.954102,6055.730957,5997.508301,5939.285156,5881.062012,5822.838867,5764.615723,5706.393066,5648.169922,5589.946777,5531.723633,5473.500488,5415.277344,5357.054688,5298.831543,5240.608398,6987.300293,6987.300293,6987.300293,6987.300293,6987.300293,6987.300293,6987.300293,6987.300293,6987.300293,6987.300293,6987.300293,6987.300293,6987.300293,6987.300293,6987.300293,6987.300293,6987.300293,6987.300293,6987.300293,6987.300293,6987.300293,6987.300293,6987.300293,6987.300293,6987.300293,6987.300293,6987.300293,6987.300293,6987.300293,6987.300293,PHASE,1,1,1,1,1,1,1,1,1,1,1,1,1,1,1,1,1,1,1,1,1,1,1,1,1,1,1,1,1,1,2,2,2,2,2,2,2,2,2,2,2,2,2,2,2,2,2,2,2,2,2,2,2,2,2,2,2,2,2,2,3,3,3,3,3,3,3,3,3,3,3,3,3,3,3,3,3,3,3,3,3,3,3,3,3,3,3,3,3,3,FLASH_END"
2026-06-22T15:04:09Z,4,upper,morning,23,08:04:09,2026-06-22,Auto gsw+F,LI-COR Default,NA,23,NA,NA,0.012882,2.920107,0.012825,0.100566,2.872043,2.869614,3.540479,0.668436,32.442242,32.469707,40.026669,0.441786,7.5,PSF-00548_20260622080409_bd6,0,0,0,112.590553,495.5914,0.772816,0.5,0.8,4.716517,1,82.94,82.87,26.44,26.82,26.82,88.45,156.5,155,0.9,15,4.047,08:03:46,2026-06-22,0.27,1,0.004,0.004,-9999,0.384,0.792,-9999,1,150,0.005,2,0.058905,0,0.02923,0,0,-6.8e-5,standard,0,mpf,7000,500,5,2,300,300,300,495.5914,25,0.312714,495.453369,496.03894,-0.585571,2.511722,2.494853,1.658268,0.927909,0.257538,0.004696,0.103957,0.120615,112.590553,2.25e-4,2.389264,-6.4e-5,1,2.373994,-5e-5,1,0.600671,0.600225,0.107215,0,PSF-00548_20260622080409_bd6,PFA-00618,PSA-00618,PSF-00548,RHS-0688,3.0.0,2022-04-21T19:36:20.491Z,MEASUREMENT_END
2026-06-22T15:04:09Z,4,upper,morning,PSF-00548_20260622080409_bd6,08:04:09,2026-06-22,PFA-00618,PSA-00618,PSF-00548,0,0,0,495.5914,112.590553,0.772816,21.93593,NA,0,0.01,0.02,0.03,0.04,0.05,0.06,0.07,0.080000,0.09,0.1,0.11,0.12,0.13,0.14,0.15,0.16,0.17,0.18,0.19,0.2,0.21,0.22,0.23,0.24,0.25,0.26,0.27,0.28,0.29,0.300000,0.310000,0.32,0.33,0.34,0.35,0.36,0.37,0.38,0.39,0.4,0.41,0.42,0.43,0.44,0.45,0.46,0.47,0.48,0.49,0.500000,0.510000,0.520000,0.53,0.54,0.55,0.56,0.57,0.58,0.59,0.6,0.61,0.62,0.63,0.64,0.65,0.66,0.67,0.68,0.69,0.7,0.71,0.72,0.73,0.74,0.75,0.76,0.77,0.78,0.79,0.8,0.81,0.82,0.83,0.839999,0.849999,0.859999,0.869999,0.879999,0.889999,FLR,270.348785,415.257111,"460.184814,477.229370,484.728088,488.624817,490.887878,492.270111,493.182434,493.746765,494.197021,494.433411,494.650848,494.866852,494.974487,495.102539,495.174774,495.253815,495.313538,495.352142,495.426880,495.422241,495.452271,495.492340,495.493408,495.539917,495.550995,495.556702,495.591400,495.579956,495.643250,495.671875,495.647919,495.729797,495.701202,495.744476,495.725159,495.764130,495.755920,495.837463,495.892517,495.818481,495.850311,495.847473,495.859985,495.866058,495.838531,495.861755,495.867493,495.826019,495.888245,495.847473,495.856750,495.851044,495.840668,495.828522,495.814209,495.818146,495.817078,495.785248,495.084290,495.409729,495.453369,495.434753,495.377899,495.307800,495.262024,495.213043,495.174408,495.137207,495.127563,495.037445,495.016327,494.994873,494.955902,494.950165,494.897247,494.880066,494.857544,494.846832,494.860413,494.828583,494.772430,494.770996,494.751343,494.758850,494.750977,494.745239,494.771729,494.775299,PAR,6987.300293,6987.300293,6987.300293,6987.300293,6987.300293,6987.300293,6987.300293,6987.300293,6987.300293,6987.300293,6987.300293,6987.300293,6987.300293,6987.300293,6987.300293,6987.300293,6987.300293,6987.300293,6987.300293,6987.300293,6987.300293,6987.300293,6987.300293,6987.300293,6987.300293,6987.300293,6987.300293,6987.300293,6987.300293,6987.300293,6929.077148,6870.854004,6812.630859,6754.407715,6696.184570,6637.961914,6579.738770,6521.515625,6463.292480,6405.069336,6346.846680,6288.623535,6230.400391,6172.177246,6113.954102,6055.730957,5997.508301,5939.285156,5881.062012,5822.838867,5764.615723,5706.393066,5648.169922,5589.946777,5531.723633,5473.500488,5415.277344,5357.054688,5298.831543,5240.608398,6987.300293,6987.300293,6987.300293,6987.300293,6987.300293,6987.300293,6987.300293,6987.300293,6987.300293,6987.300293,6987.300293,6987.300293,6987.300293,6987.300293,6987.300293,6987.300293,6987.300293,6987.300293,6987.300293,6987.300293,6987.300293,6987.300293,6987.300293,6987.300293,6987.300293,6987.300293,6987.300293,6987.300293,6987.300293,6987.300293,PHASE,1,1,1,1,1,1,1,1,1,1,1,1,1,1,1,1,1,1,1,1,1,1,1,1,1,1,1,1,1,1,2,2,2,2,2,2,2,2,2,2,2,2,2,2,2,2,2,2,2,2,2,2,2,2,2,2,2,2,2,2,3,3,3,3,3,3,3,3,3,3,3,3,3,3,3,3,3,3,3,3,3,3,3,3,3,3,3,3,3,3,FLASH_END"
2026-06-22T15:04:22Z,4,upper,morning,24,08:04:22,2026-06-22,Auto gsw+F,LI-COR Default,Flag,24,NA,NA,0.004634,2.918369,0.004626,0.034629,2.882552,2.881715,3.520685,0.638132,32.578129,32.587601,39.801762,0.441786,7.5,PSF-00548_20260622080422_1fa,0,0,0,112.211105,500.724579,0.775903,0.5,0.8,3.517936,1,82.91,82.89,26.51,26.72,26.72,88.46,156.3,155.1,0.7,11,4.075,08:03:46,2026-06-22,0.27,1,-0.002,-0.002,0.01,0.516,0.85,2.191,1,150,0.005,2,0.058905,0,0.02923,0,0,-6.8e-5,standard,0,mpf,7000,500,5,2,300,300,300,500.422607,25,-0.305442,499.922272,500.287445,-0.365173,2.511724,2.494797,1.656479,0.928104,0.256845,0.002854,0.10533,0.11717,112.211105,2.26e-4,2.389264,-6.4e-5,1,2.373994,-5e-5,1,0.600671,0.600225,0.107215,0,PSF-00548_20260622080422_1fa,PFA-00618,PSA-00618,PSF-00548,RHS-0688,3.0.0,2022-04-21T19:36:20.491Z,MEASUREMENT_END
2026-06-22T15:04:22Z,4,upper,morning,PSF-00548_20260622080422_1fa,08:04:22,2026-06-22,PFA-00618,PSA-00618,PSF-00548,0,0,0,500.724579,112.211105,0.775903,18.013336,NA,0,0.01,0.02,0.03,0.04,0.05,0.06,0.07,0.080000,0.09,0.1,0.11,0.12,0.13,0.14,0.15,0.16,0.17,0.18,0.19,0.2,0.21,0.22,0.23,0.24,0.25,0.26,0.27,0.28,0.29,0.300000,0.310000,0.32,0.33,0.34,0.35,0.36,0.37,0.38,0.39,0.4,0.41,0.42,0.43,0.44,0.45,0.46,0.47,0.48,0.49,0.500000,0.510000,0.520000,0.53,0.54,0.55,0.56,0.57,0.58,0.59,0.6,0.61,0.62,0.63,0.64,0.65,0.66,0.67,0.68,0.69,0.7,0.71,0.72,0.73,0.74,0.75,0.76,0.77,0.78,0.79,0.8,0.81,0.82,0.83,0.839999,0.849999,0.859999,0.869999,0.879999,0.889999,FLR,282.976624,424.688446,"469.325073,485.193359,491.693970,494.911896,496.738312,497.820129,498.557922,499.039307,499.431244,499.649048,499.863983,500.033844,500.117188,500.246643,500.306732,500.358215,500.390778,500.388275,500.422607,500.406494,500.386841,500.384674,500.341064,500.318878,500.316010,500.302795,500.302063,500.280975,500.270966,500.279541,500.241638,500.270599,500.229828,500.273468,500.254517,500.254150,500.236633,500.259521,500.304230,500.238068,500.279907,500.215179,500.240936,500.219818,500.175476,500.170837,500.218048,500.185486,500.252380,500.215515,500.206238,500.225189,500.178345,500.166901,500.145782,500.156158,500.134003,500.073181,499.550690,499.901886,499.922272,499.850739,499.746338,499.650482,499.575745,499.492767,499.420532,499.331818,499.271393,499.127991,499.078278,499.039642,498.974213,498.925201,498.882996,498.874054,498.822571,498.781799,498.751038,498.667725,498.600830,498.536469,498.443481,498.405945,498.358002,498.295441,498.253571,498.179901,PAR,6987.300293,6987.300293,6987.300293,6987.300293,6987.300293,6987.300293,6987.300293,6987.300293,6987.300293,6987.300293,6987.300293,6987.300293,6987.300293,6987.300293,6987.300293,6987.300293,6987.300293,6987.300293,6987.300293,6987.300293,6987.300293,6987.300293,6987.300293,6987.300293,6987.300293,6987.300293,6987.300293,6987.300293,6987.300293,6987.300293,6929.077148,6870.854004,6812.630859,6754.407715,6696.184570,6637.961914,6579.738770,6521.515625,6463.292480,6405.069336,6346.846680,6288.623535,6230.400391,6172.177246,6113.954102,6055.730957,5997.508301,5939.285156,5881.062012,5822.838867,5764.615723,5706.393066,5648.169922,5589.946777,5531.723633,5473.500488,5415.277344,5357.054688,5298.831543,5240.608398,6987.300293,6987.300293,6987.300293,6987.300293,6987.300293,6987.300293,6987.300293,6987.300293,6987.300293,6987.300293,6987.300293,6987.300293,6987.300293,6987.300293,6987.300293,6987.300293,6987.300293,6987.300293,6987.300293,6987.300293,6987.300293,6987.300293,6987.300293,6987.300293,6987.300293,6987.300293,6987.300293,6987.300293,6987.300293,6987.300293,PHASE,1,1,1,1,1,1,1,1,1,1,1,1,1,1,1,1,1,1,1,1,1,1,1,1,1,1,1,1,1,1,2,2,2,2,2,2,2,2,2,2,2,2,2,2,2,2,2,2,2,2,2,2,2,2,2,2,2,2,2,2,3,3,3,3,3,3,3,3,3,3,3,3,3,3,3,3,3,3,3,3,3,3,3,3,3,3,3,3,3,3,FLASH_END"
2026-06-22T19:45:13Z,1,lower,noon,1,12:45:13,2026-06-22,Auto gsw+F,LI-COR Default,NA,1,NA,NA,-0.142198,2.919052,-0.149479,-0.712821,2.774815,2.792087,3.182842,0.408028,31.533773,31.338699,35.946957,0.441786,7.5,PSF-00548_20260622124513_1bb,0,0,0,58.642746,260.204742,0.774628,0.5,0.8,1.026304,1,89.89,90.45,24.5,25.02,25.02,88.54,156.4,155.3,0.7,3,4.105,12:44:58,2026-06-22,-0.18,1,-0.004,-0.002,-0.013,0.401,0.821,1.848,1,150,0.005,2,0.058905,0,0.02923,0,0,-6.8e-5,standard,0,mpf,7000,500,5,2,300,300,300,254.867081,25,-3.632572,252.912277,255.00592,-2.093643,2.522383,2.505131,1.657181,0.928484,0.278176,0.006214,0.075619,0.110124,58.642746,2.21e-4,2.389264,-6.4e-5,1,2.373994,-5e-5,1,0.600671,0.600225,0.107215,0,PSF-00548_20260622124513_1bb,PFA-00618,PSA-00618,PSF-00548,RHS-0688,3.0.0,2022-04-21T19:36:20.491Z,MEASUREMENT_END
2026-06-22T19:45:13Z,1,lower,noon,PSF-00548_20260622124513_1bb,12:45:13,2026-06-22,PFA-00618,PSA-00618,PSF-00548,0,0,0,260.204742,58.642746,0.774628,9.990606,NA,0,0.01,0.02,0.03,0.04,0.05,0.06,0.07,0.080000,0.09,0.1,0.11,0.12,0.13,0.14,0.15,0.16,0.17,0.18,0.19,0.2,0.21,0.22,0.23,0.24,0.25,0.26,0.27,0.28,0.29,0.300000,0.310000,0.32,0.33,0.34,0.35,0.36,0.37,0.38,0.39,0.4,0.41,0.42,0.43,0.44,0.45,0.46,0.47,0.48,0.49,0.500000,0.510000,0.520000,0.53,0.54,0.55,0.56,0.57,0.58,0.59,0.6,0.61,0.62,0.63,0.64,0.65,0.66,0.67,0.68,0.69,0.7,0.71,0.72,0.73,0.74,0.75,0.76,0.77,0.78,0.79,0.8,0.81,0.82,0.83,0.839999,0.849999,0.859999,0.869999,0.879999,0.889999,FLR,142.059082,207.504272,"228.200912,237.285736,242.090820,245.081299,247.098328,248.582489,249.727249,250.622040,251.366257,251.941681,252.458099,252.872223,253.225204,253.518463,253.775604,254.000549,254.214767,254.356735,254.506943,254.594559,254.664307,254.738327,254.791611,254.815582,254.837036,254.843475,254.867081,254.858490,254.861359,254.852051,254.812363,254.814148,254.762650,254.765503,254.712219,254.676102,254.610306,254.576691,254.548065,254.454376,254.415756,254.341370,254.275558,254.239075,254.158615,254.097824,254.046326,253.949402,253.915436,253.820297,253.733749,253.685120,253.628616,253.544205,253.482346,253.402237,253.345734,253.275269,252.831100,252.912277,252.889389,252.835754,252.753143,252.686264,252.599365,252.522110,252.461670,252.384430,252.335785,252.247452,252.181656,252.131577,252.059341,251.976364,251.914856,251.861572,251.797913,251.716736,251.676682,251.592987,251.504654,251.456375,251.381638,251.299744,251.240021,251.154190,251.080505,251.003983,PAR,6987.300293,6987.300293,6987.300293,6987.300293,6987.300293,6987.300293,6987.300293,6987.300293,6987.300293,6987.300293,6987.300293,6987.300293,6987.300293,6987.300293,6987.300293,6987.300293,6987.300293,6987.300293,6987.300293,6987.300293,6987.300293,6987.300293,6987.300293,6987.300293,6987.300293,6987.300293,6987.300293,6987.300293,6987.300293,6987.300293,6929.077148,6870.854004,6812.630859,6754.407715,6696.184570,6637.961914,6579.738770,6521.515625,6463.292480,6405.069336,6346.846680,6288.623535,6230.400391,6172.177246,6113.954102,6055.730957,5997.508301,5939.285156,5881.062012,5822.838867,5764.615723,5706.393066,5648.169922,5589.946777,5531.723633,5473.500488,5415.277344,5357.054688,5298.831543,5240.608398,6987.300293,6987.300293,6987.300293,6987.300293,6987.300293,6987.300293,6987.300293,6987.300293,6987.300293,6987.300293,6987.300293,6987.300293,6987.300293,6987.300293,6987.300293,6987.300293,6987.300293,6987.300293,6987.300293,6987.300293,6987.300293,6987.300293,6987.300293,6987.300293,6987.300293,6987.300293,6987.300293,6987.300293,6987.300293,6987.300293,PHASE,1,1,1,1,1,1,1,1,1,1,1,1,1,1,1,1,1,1,1,1,1,1,1,1,1,1,1,1,1,1,2,2,2,2,2,2,2,2,2,2,2,2,2,2,2,2,2,2,2,2,2,2,2,2,2,2,2,2,2,2,3,3,3,3,3,3,3,3,3,3,3,3,3,3,3,3,3,3,3,3,3,3,3,3,3,3,3,3,3,3,FLASH_END"
2026-06-22T19:45:27Z,1,lower,noon,2,12:45:27,2026-06-22,Auto gsw+F,LI-COR Default,NA,2,NA,NA,-0.144699,2.918418,-0.152248,-0.711504,2.811365,2.828607,3.211079,0.399714,31.946405,31.751677,36.266071,0.441786,7.5,PSF-00548_20260622124527_73e,0,0,0,49.885868,229.676682,0.7828,0.5,0.8,1.479695,1,90.41,90.96,24.63,25.16,25.16,88.54,156.3,155.3,0.6,5,4.102,12:44:58,2026-06-22,-0.18,1,-0.003,-0.003,-0.012,0.148,0.311,0.779,1,150,0.005,2,0.058905,0,0.02923,0,0,-6.8e-5,standard,0,mpf,7000,500,5,2,300,300,300,228.853226,25,-0.498161,228.547806,228.96373,-0.415924,2.523028,2.505788,1.656529,0.928508,0.276816,0.006499,0.077826,0.111365,49.885868,2.22e-4,2.389264,-6.4e-5,1,2.373994,-5e-5,1,0.600671,0.600225,0.107215,0,PSF-00548_20260622124527_73e,PFA-00618,PSA-00618,PSF-00548,RHS-0688,3.0.0,2022-04-21T19:36:20.491Z,MEASUREMENT_END
2026-06-22T19:45:27Z,1,lower,noon,PSF-00548_20260622124527_73e,12:45:27,2026-06-22,PFA-00618,PSA-00618,PSF-00548,0,0,0,229.676682,49.885868,0.7828,11.404011,NA,0,0.01,0.02,0.03,0.04,0.05,0.06,0.07,0.080000,0.09,0.1,0.11,0.12,0.13,0.14,0.15,0.16,0.17,0.18,0.19,0.2,0.21,0.22,0.23,0.24,0.25,0.26,0.27,0.28,0.29,0.300000,0.310000,0.32,0.33,0.34,0.35,0.36,0.37,0.38,0.39,0.4,0.41,0.42,0.43,0.44,0.45,0.46,0.47,0.48,0.49,0.500000,0.510000,0.520000,0.53,0.54,0.55,0.56,0.57,0.58,0.59,0.6,0.61,0.62,0.63,0.64,0.65,0.66,0.67,0.68,0.69,0.7,0.71,0.72,0.73,0.74,0.75,0.76,0.77,0.78,0.79,0.8,0.81,0.82,0.83,0.839999,0.849999,0.859999,0.869999,0.879999,0.889999,FLR,123.355507,184.350006,"208.038208,218.486664,222.800735,224.751587,225.783707,226.388092,226.815109,227.124817,227.386230,227.587936,227.767105,227.921249,228.049286,228.159073,228.265289,228.353256,228.438019,228.512756,228.574631,228.613968,228.671188,228.718399,228.746292,228.791000,228.814240,228.830688,228.851791,228.853226,228.884338,228.895782,228.885406,228.924393,228.917953,228.934402,228.910446,228.917603,228.909378,228.910095,228.939407,228.891129,228.902939,228.900787,228.895065,228.895065,228.873611,228.878967,228.879684,228.852875,228.853226,228.828552,228.795654,228.804596,228.760239,228.734131,228.722687,228.710892,228.703735,228.656174,228.410477,228.533859,228.539230,228.547806,228.505249,228.464127,228.451248,228.404755,228.378296,228.334671,228.313202,228.258484,228.222366,228.184464,228.126175,228.061798,227.991348,227.937698,227.882980,227.802155,227.766388,227.693802,227.615829,227.539307,227.476715,227.409485,227.339752,227.271790,227.216003,227.141266,PAR,6987.300293,6987.300293,6987.300293,6987.300293,6987.300293,6987.300293,6987.300293,6987.300293,6987.300293,6987.300293,6987.300293,6987.300293,6987.300293,6987.300293,6987.300293,6987.300293,6987.300293,6987.300293,6987.300293,6987.300293,6987.300293,6987.300293,6987.300293,6987.300293,6987.300293,6987.300293,6987.300293,6987.300293,6987.300293,6987.300293,6929.077148,6870.854004,6812.630859,6754.407715,6696.184570,6637.961914,6579.738770,6521.515625,6463.292480,6405.069336,6346.846680,6288.623535,6230.400391,6172.177246,6113.954102,6055.730957,5997.508301,5939.285156,5881.062012,5822.838867,5764.615723,5706.393066,5648.169922,5589.946777,5531.723633,5473.500488,5415.277344,5357.054688,5298.831543,5240.608398,6987.300293,6987.300293,6987.300293,6987.300293,6987.300293,6987.300293,6987.300293,6987.300293,6987.300293,6987.300293,6987.300293,6987.300293,6987.300293,6987.300293,6987.300293,6987.300293,6987.300293,6987.300293,6987.300293,6987.300293,6987.300293,6987.300293,6987.300293,6987.300293,6987.300293,6987.300293,6987.300293,6987.300293,6987.300293,6987.300293,PHASE,1,1,1,1,1,1,1,1,1,1,1,1,1,1,1,1,1,1,1,1,1,1,1,1,1,1,1,1,1,1,2,2,2,2,2,2,2,2,2,2,2,2,2,2,2,2,2,2,2,2,2,2,2,2,2,2,2,2,2,2,3,3,3,3,3,3,3,3,3,3,3,3,3,3,3,3,3,3,3,3,3,3,3,3,3,3,3,3,3,3,FLASH_END"
2026-06-22T19:45:41Z,1,lower,noon,3,12:45:41,2026-06-22,Auto gsw+F,LI-COR Default,NA,3,NA,NA,-0.155547,2.919875,-0.1643,-0.740626,2.841387,2.859308,3.22684,0.385453,32.293053,32.090656,36.443962,0.441786,7.5,PSF-00548_20260622124541_df5,0,0,0,55.46558,234.30777,0.763279,0.5,0.8,1.96359,1,90.78,91.35,24.74,25.25,25.25,88.54,156.5,155.3,0.8,6,4.101,12:44:58,2026-06-22,-0.18,1,0.001,-0.003,-0.012,0.207,0.905,1.305,1,150,0.005,2,0.058905,0,0.02923,0,0,-6.8e-5,standard,0,mpf,7000,500,5,2,300,300,300,234.30777,25,0.576339,234.117157,235.132614,-1.015457,2.523519,2.506259,1.658029,0.928489,0.27562,0.006207,0.079843,0.112863,55.46558,2.26e-4,2.389264,-6.4e-5,1,2.373994,-5e-5,1,0.600671,0.600225,0.107215,0,PSF-00548_20260622124541_df5,PFA-00618,PSA-00618,PSF-00548,RHS-0688,3.0.0,2022-04-21T19:36:20.491Z,MEASUREMENT_END
2026-06-22T19:45:41Z,1,lower,noon,PSF-00548_20260622124541_df5,12:45:41,2026-06-22,PFA-00618,PSA-00618,PSF-00548,0,0,0,234.30777,55.46558,0.763279,13.109788,NA,0,0.01,0.02,0.03,0.04,0.05,0.06,0.07,0.080000,0.09,0.1,0.11,0.12,0.13,0.14,0.15,0.16,0.17,0.18,0.19,0.2,0.21,0.22,0.23,0.24,0.25,0.26,0.27,0.28,0.29,0.300000,0.310000,0.32,0.33,0.34,0.35,0.36,0.37,0.38,0.39,0.4,0.41,0.42,0.43,0.44,0.45,0.46,0.47,0.48,0.49,0.500000,0.510000,0.520000,0.53,0.54,0.55,0.56,0.57,0.58,0.59,0.6,0.61,0.62,0.63,0.64,0.65,0.66,0.67,0.68,0.69,0.7,0.71,0.72,0.73,0.74,0.75,0.76,0.77,0.78,0.79,0.8,0.81,0.82,0.83,0.839999,0.849999,0.859999,0.869999,0.879999,0.889999,FLR,139.873978,202.731735,"221.763260,228.238464,230.582001,231.670258,232.279297,232.669479,232.977386,233.191605,233.382233,233.516693,233.654739,233.752014,233.848923,233.935120,233.999847,234.047058,234.097473,234.128235,234.178665,234.197266,234.211914,234.232666,234.252335,234.282013,234.289886,234.294174,234.305984,234.307770,234.311340,234.344604,234.324936,234.384293,234.369995,234.416840,234.415054,234.443314,234.434372,234.461899,234.489792,234.461548,234.493729,234.489441,234.540588,234.546661,234.540588,234.576706,234.581711,234.559540,234.581711,234.564896,234.553818,234.582779,234.593872,234.597092,234.577057,234.583862,234.596375,234.547012,233.968735,234.086395,234.113571,234.117157,234.108566,234.086746,234.066360,234.034546,234.029526,234.001633,233.993774,233.966232,233.934402,233.910446,233.856079,233.819244,233.788483,233.763092,233.734482,233.692642,233.674042,233.619690,233.572128,233.534927,233.473419,233.432648,233.394745,233.351471,233.321426,233.278870,PAR,6987.300293,6987.300293,6987.300293,6987.300293,6987.300293,6987.300293,6987.300293,6987.300293,6987.300293,6987.300293,6987.300293,6987.300293,6987.300293,6987.300293,6987.300293,6987.300293,6987.300293,6987.300293,6987.300293,6987.300293,6987.300293,6987.300293,6987.300293,6987.300293,6987.300293,6987.300293,6987.300293,6987.300293,6987.300293,6987.300293,6929.077148,6870.854004,6812.630859,6754.407715,6696.184570,6637.961914,6579.738770,6521.515625,6463.292480,6405.069336,6346.846680,6288.623535,6230.400391,6172.177246,6113.954102,6055.730957,5997.508301,5939.285156,5881.062012,5822.838867,5764.615723,5706.393066,5648.169922,5589.946777,5531.723633,5473.500488,5415.277344,5357.054688,5298.831543,5240.608398,6987.300293,6987.300293,6987.300293,6987.300293,6987.300293,6987.300293,6987.300293,6987.300293,6987.300293,6987.300293,6987.300293,6987.300293,6987.300293,6987.300293,6987.300293,6987.300293,6987.300293,6987.300293,6987.300293,6987.300293,6987.300293,6987.300293,6987.300293,6987.300293,6987.300293,6987.300293,6987.300293,6987.300293,6987.300293,6987.300293,PHASE,1,1,1,1,1,1,1,1,1,1,1,1,1,1,1,1,1,1,1,1,1,1,1,1,1,1,1,1,1,1,2,2,2,2,2,2,2,2,2,2,2,2,2,2,2,2,2,2,2,2,2,2,2,2,2,2,2,2,2,2,3,3,3,3,3,3,3,3,3,3,3,3,3,3,3,3,3,3,3,3,3,3,3,3,3,3,3,3,3,3,FLASH_END"
2026-06-22T19:46:48Z,2,lower,noon,4,12:46:48,2026-06-22,Auto gsw+F,LI-COR Default,NA,4,NA,NA,0.285012,2.920648,0.259672,2.261376,3.094117,3.039626,3.834602,0.740485,34.348576,34.964344,43.33202,0.441786,7.5,PSF-00548_20260622124648_a46,0,0,0,38.70821,174.601074,0.778305,0.5,0.8,3.665994,1,94.17,92.51,25.55,28.18,28.18,88.49,156.6,155.5,0.7,12,4.101,12:44:58,2026-06-22,-0.18,1,0.003,-0.001,0.029,0.208,0.735,1.964,1,150,0.005,2,0.058905,0,0.02923,0,0,-6.8e-5,standard,0,mpf,7000,500,5,2,300,300,300,174.601074,25,0.749968,174.769882,175.674408,-0.904526,2.524828,2.510601,1.658826,0.928988,0.266805,0.030307,0.089917,0.117557,38.70821,2.24e-4,2.389264,-6.4e-5,1,2.373994,-5e-5,1,0.600671,0.600225,0.107215,0,PSF-00548_20260622124648_a46,PFA-00618,PSA-00618,PSF-00548,RHS-0688,3.0.0,2022-04-21T19:36:20.491Z,MEASUREMENT_END
2026-06-22T19:46:48Z,2,lower,noon,PSF-00548_20260622124648_a46,12:46:48,2026-06-22,PFA-00618,PSA-00618,PSF-00548,0,0,0,174.601074,38.70821,0.778305,18.453931999999998,NA,0,0.01,0.02,0.03,0.04,0.05,0.06,0.07,0.080000,0.09,0.1,0.11,0.12,0.13,0.14,0.15,0.16,0.17,0.18,0.19,0.2,0.21,0.22,0.23,0.24,0.25,0.26,0.27,0.28,0.29,0.300000,0.310000,0.32,0.33,0.34,0.35,0.36,0.37,0.38,0.39,0.4,0.41,0.42,0.43,0.44,0.45,0.46,0.47,0.48,0.49,0.500000,0.510000,0.520000,0.53,0.54,0.55,0.56,0.57,0.58,0.59,0.6,0.61,0.62,0.63,0.64,0.65,0.66,0.67,0.68,0.69,0.7,0.71,0.72,0.73,0.74,0.75,0.76,0.77,0.78,0.79,0.8,0.81,0.82,0.83,0.839999,0.849999,0.859999,0.869999,0.879999,0.889999,FLR,99.123001,150.789505,"165.593506,169.886826,171.460754,172.260406,172.770020,173.143036,173.398376,173.628326,173.789261,173.903702,174.004547,174.090393,174.170853,174.231293,174.279572,174.341797,174.389725,174.429779,174.460526,174.477341,174.499512,174.530273,174.537415,174.565308,174.577835,174.589630,174.601074,174.591782,174.605377,174.642563,174.631119,174.676178,174.669388,174.716949,174.715164,174.738052,174.755569,174.778458,174.809219,174.780960,174.812439,174.814224,174.829239,174.842484,174.856430,174.871445,174.878952,174.885391,174.919006,174.916504,174.903992,174.927231,174.939392,174.935455,174.945114,174.946899,174.976227,174.957993,174.648636,174.744125,174.769882,174.765945,174.752350,174.744843,174.730896,174.728745,174.729462,174.708725,174.732681,174.698349,174.689407,174.675110,174.656860,174.640778,174.614304,174.598572,174.588196,174.584274,174.591064,174.575684,174.559601,174.542068,174.523468,174.504166,174.489502,174.473755,174.450516,174.423340,PAR,6987.300293,6987.300293,6987.300293,6987.300293,6987.300293,6987.300293,6987.300293,6987.300293,6987.300293,6987.300293,6987.300293,6987.300293,6987.300293,6987.300293,6987.300293,6987.300293,6987.300293,6987.300293,6987.300293,6987.300293,6987.300293,6987.300293,6987.300293,6987.300293,6987.300293,6987.300293,6987.300293,6987.300293,6987.300293,6987.300293,6929.077148,6870.854004,6812.630859,6754.407715,6696.184570,6637.961914,6579.738770,6521.515625,6463.292480,6405.069336,6346.846680,6288.623535,6230.400391,6172.177246,6113.954102,6055.730957,5997.508301,5939.285156,5881.062012,5822.838867,5764.615723,5706.393066,5648.169922,5589.946777,5531.723633,5473.500488,5415.277344,5357.054688,5298.831543,5240.608398,6987.300293,6987.300293,6987.300293,6987.300293,6987.300293,6987.300293,6987.300293,6987.300293,6987.300293,6987.300293,6987.300293,6987.300293,6987.300293,6987.300293,6987.300293,6987.300293,6987.300293,6987.300293,6987.300293,6987.300293,6987.300293,6987.300293,6987.300293,6987.300293,6987.300293,6987.300293,6987.300293,6987.300293,6987.300293,6987.300293,PHASE,1,1,1,1,1,1,1,1,1,1,1,1,1,1,1,1,1,1,1,1,1,1,1,1,1,1,1,1,1,1,2,2,2,2,2,2,2,2,2,2,2,2,2,2,2,2,2,2,2,2,2,2,2,2,2,2,2,2,2,2,3,3,3,3,3,3,3,3,3,3,3,3,3,3,3,3,3,3,3,3,3,3,3,3,3,3,3,3,3,3,FLASH_END"
2026-06-22T19:47:06Z,2,lower,noon,5,12:47:06,2026-06-22,Auto gsw+F,LI-COR Default,NA,5,NA,NA,0.152518,2.919815,0.144947,1.340972,3.141318,3.109,3.92734,0.786022,35.131435,35.49662,44.378605,0.441786,7.5,PSF-00548_20260622124706_f32,0,0,0,33.622742,153.875839,0.781494,0.5,0.8,4.862023,1,93.57,92.61,25.91,28.59,28.59,88.5,156.5,155.2,0.8,16,4.099,12:44:58,2026-06-22,-0.18,1,-0.004,-0.003,-0.013,-0.006,0.001,0.062,1,150,0.005,2,0.058905,0,0.02923,0,0,-6.8e-5,standard,0,mpf,7000,500,5,2,300,300,300,151.040558,25,-1.897192,151.038773,151.160645,-0.121872,2.524852,2.509719,1.657967,0.928246,0.262975,0.030945,0.092503,0.120875,33.622742,2.25e-4,2.389264,-6.4e-5,1,2.373994,-5e-5,1,0.600671,0.600225,0.107215,0,PSF-00548_20260622124706_f32,PFA-00618,PSA-00618,PSF-00548,RHS-0688,3.0.0,2022-04-21T19:36:20.491Z,MEASUREMENT_END
2026-06-22T19:47:06Z,2,lower,noon,PSF-00548_20260622124706_f32,12:47:06,2026-06-22,PFA-00618,PSA-00618,PSF-00548,0,0,0,153.875839,33.622742,0.781494,22.231968,NA,0,0.01,0.02,0.03,0.04,0.05,0.06,0.07,0.080000,0.09,0.1,0.11,0.12,0.13,0.14,0.15,0.16,0.17,0.18,0.19,0.2,0.21,0.22,0.23,0.24,0.25,0.26,0.27,0.28,0.29,0.300000,0.310000,0.32,0.33,0.34,0.35,0.36,0.37,0.38,0.39,0.4,0.41,0.42,0.43,0.44,0.45,0.46,0.47,0.48,0.49,0.500000,0.510000,0.520000,0.53,0.54,0.55,0.56,0.57,0.58,0.59,0.6,0.61,0.62,0.63,0.64,0.65,0.66,0.67,0.68,0.69,0.7,0.71,0.72,0.73,0.74,0.75,0.76,0.77,0.78,0.79,0.8,0.81,0.82,0.83,0.839999,0.849999,0.859999,0.869999,0.879999,0.889999,FLR,74.587227,117.156387,"135.345703,142.549759,145.534164,147.048355,147.963165,148.554688,149.000641,149.336456,149.629349,149.829987,150.011307,150.163300,150.289536,150.390747,150.472641,150.569199,150.656097,150.699371,150.756958,150.812027,150.849228,150.896790,150.921463,150.945068,150.970108,151.009445,151.038055,151.040558,151.063446,151.038406,151.036972,151.024460,151.019806,151.000137,150.995132,150.971176,150.967239,150.929337,150.905365,150.897141,150.863525,150.864960,150.846359,150.782349,150.754089,150.716904,150.667908,150.642868,150.619629,150.565979,150.540237,150.500534,150.451187,150.387161,150.344254,150.287750,150.234818,150.169373,150.742645,150.956146,151.021606,151.038773,151.034119,151.015518,150.987976,150.976532,150.962234,150.940063,150.940414,150.914673,150.888199,150.865677,150.842072,150.832062,150.818115,150.799515,150.788422,150.768402,150.754807,150.722260,150.707596,150.717255,150.696869,150.665405,150.648239,150.643234,150.629639,150.610687,PAR,6987.300293,6987.300293,6987.300293,6987.300293,6987.300293,6987.300293,6987.300293,6987.300293,6987.300293,6987.300293,6987.300293,6987.300293,6987.300293,6987.300293,6987.300293,6987.300293,6987.300293,6987.300293,6987.300293,6987.300293,6987.300293,6987.300293,6987.300293,6987.300293,6987.300293,6987.300293,6987.300293,6987.300293,6987.300293,6987.300293,6929.077148,6870.854004,6812.630859,6754.407715,6696.184570,6637.961914,6579.738770,6521.515625,6463.292480,6405.069336,6346.846680,6288.623535,6230.400391,6172.177246,6113.954102,6055.730957,5997.508301,5939.285156,5881.062012,5822.838867,5764.615723,5706.393066,5648.169922,5589.946777,5531.723633,5473.500488,5415.277344,5357.054688,5298.831543,5240.608398,6987.300293,6987.300293,6987.300293,6987.300293,6987.300293,6987.300293,6987.300293,6987.300293,6987.300293,6987.300293,6987.300293,6987.300293,6987.300293,6987.300293,6987.300293,6987.300293,6987.300293,6987.300293,6987.300293,6987.300293,6987.300293,6987.300293,6987.300293,6987.300293,6987.300293,6987.300293,6987.300293,6987.300293,6987.300293,6987.300293,PHASE,1,1,1,1,1,1,1,1,1,1,1,1,1,1,1,1,1,1,1,1,1,1,1,1,1,1,1,1,1,1,2,2,2,2,2,2,2,2,2,2,2,2,2,2,2,2,2,2,2,2,2,2,2,2,2,2,2,2,2,2,3,3,3,3,3,3,3,3,3,3,3,3,3,3,3,3,3,3,3,3,3,3,3,3,3,3,3,3,3,3,FLASH_END"
2026-06-22T19:47:21Z,2,lower,noon,6,12:47:21,2026-06-22,Auto gsw+F,LI-COR Default,NA,6,NA,NA,0.104432,2.919013,0.100825,1.087176,3.199675,3.173475,4.114509,0.914833,35.858879,36.154934,46.492149,0.441786,7.5,PSF-00548_20260622124721_a1c,0,0,0,32.986164,142.233551,0.768085,0.5,0.8,9.713808,1,93.44,92.68,26.25,29.39,29.39,88.5,156.4,155.2,0.8,32,4.098,12:44:58,2026-06-22,-0.18,1,-0.003,-0.004,-0.014,0.277,0.234,-0.581,1,150,0.005,2,0.058905,0,0.02923,0,0,-6.8e-5,standard,0,mpf,7000,500,5,2,300,300,300,138.781433,25,-2.342628,138.756042,138.880859,-0.124817,2.524842,2.509468,1.657141,0.928269,0.259489,0.036489,0.09464,0.134983,32.986164,2.24e-4,2.389264,-6.4e-5,1,2.373994,-5e-5,1,0.600671,0.600225,0.107215,0,PSF-00548_20260622124721_a1c,PFA-00618,PSA-00618,PSF-00548,RHS-0688,3.0.0,2022-04-21T19:36:20.491Z,MEASUREMENT_END
2026-06-22T19:47:21Z,2,lower,noon,PSF-00548_20260622124721_a1c,12:47:21,2026-06-22,PFA-00618,PSA-00618,PSF-00548,0,0,0,142.233551,32.986164,0.768085,38.295345,NA,0,0.01,0.02,0.03,0.04,0.05,0.06,0.07,0.080000,0.09,0.1,0.11,0.12,0.13,0.14,0.15,0.16,0.17,0.18,0.19,0.2,0.21,0.22,0.23,0.24,0.25,0.26,0.27,0.28,0.29,0.300000,0.310000,0.32,0.33,0.34,0.35,0.36,0.37,0.38,0.39,0.4,0.41,0.42,0.43,0.44,0.45,0.46,0.47,0.48,0.49,0.500000,0.510000,0.520000,0.53,0.54,0.55,0.56,0.57,0.58,0.59,0.6,0.61,0.62,0.63,0.64,0.65,0.66,0.67,0.68,0.69,0.7,0.71,0.72,0.73,0.74,0.75,0.76,0.77,0.78,0.79,0.8,0.81,0.82,0.83,0.839999,0.849999,0.859999,0.869999,0.879999,0.889999,FLR,73.851585,112.665649,"128.386978,134.093994,136.138199,137.039429,137.507553,137.782211,137.971039,138.100861,138.201004,138.265732,138.330109,138.401978,138.442398,138.474228,138.517853,138.542526,138.577942,138.609772,138.643387,138.644455,138.665909,138.688446,138.706329,138.713120,138.733856,138.749954,138.775345,138.781433,138.810043,138.766052,138.765686,138.743164,138.737076,138.699890,138.693817,138.643738,138.631226,138.577576,138.537170,138.520355,138.466721,138.471359,138.425583,138.370514,138.363358,138.318665,138.255005,138.239975,138.198853,138.130188,138.134125,138.070816,138.006454,137.934204,137.902740,137.842651,137.770767,137.678497,138.527863,138.724564,138.756042,138.747452,138.705612,138.688080,138.658768,138.634445,138.615845,138.591171,138.566132,138.512497,138.496399,138.488892,138.452057,138.436676,138.396271,138.366943,138.332611,138.283615,138.261078,138.211365,138.160950,138.129120,138.087280,138.048645,138.016098,137.974625,137.927063,137.888794,PAR,6987.300293,6987.300293,6987.300293,6987.300293,6987.300293,6987.300293,6987.300293,6987.300293,6987.300293,6987.300293,6987.300293,6987.300293,6987.300293,6987.300293,6987.300293,6987.300293,6987.300293,6987.300293,6987.300293,6987.300293,6987.300293,6987.300293,6987.300293,6987.300293,6987.300293,6987.300293,6987.300293,6987.300293,6987.300293,6987.300293,6929.077148,6870.854004,6812.630859,6754.407715,6696.184570,6637.961914,6579.738770,6521.515625,6463.292480,6405.069336,6346.846680,6288.623535,6230.400391,6172.177246,6113.954102,6055.730957,5997.508301,5939.285156,5881.062012,5822.838867,5764.615723,5706.393066,5648.169922,5589.946777,5531.723633,5473.500488,5415.277344,5357.054688,5298.831543,5240.608398,6987.300293,6987.300293,6987.300293,6987.300293,6987.300293,6987.300293,6987.300293,6987.300293,6987.300293,6987.300293,6987.300293,6987.300293,6987.300293,6987.300293,6987.300293,6987.300293,6987.300293,6987.300293,6987.300293,6987.300293,6987.300293,6987.300293,6987.300293,6987.300293,6987.300293,6987.300293,6987.300293,6987.300293,6987.300293,6987.300293,PHASE,1,1,1,1,1,1,1,1,1,1,1,1,1,1,1,1,1,1,1,1,1,1,1,1,1,1,1,1,1,1,2,2,2,2,2,2,2,2,2,2,2,2,2,2,2,2,2,2,2,2,2,2,2,2,2,2,2,2,2,2,3,3,3,3,3,3,3,3,3,3,3,3,3,3,3,3,3,3,3,3,3,3,3,3,3,3,3,3,3,3,FLASH_END"
2026-06-22T19:47:43Z,1,upper,noon,7,12:47:43,2026-06-22,Auto gsw+F,LI-COR Default,NA,7,NA,NA,0.146049,2.919894,0.139092,2.363899,3.332119,3.27529,4.767062,1.434944,37.016659,37.658928,53.876373,0.441786,7.5,PSF-00548_20260622124743_cf5,0,0,0,40.274261,86.641975,0.535165,0.5,0.8,86.784378,1,94.38,92.77,26.77,31.97,31.97,88.48,156.5,155.3,0.8,405,4.098,12:44:58,2026-06-22,-0.18,1,0,0.003,0.013,0.127,0.33,-0.968,1,150,0.005,2,0.058905,0,0.02923,0,0,-6.8e-5,standard,0,mpf,7000,500,5,2,300,300,300,83.179596,25,-2.428533,82.826614,83.166336,-0.339722,2.524825,2.5106290000000002,1.658049,0.928487,0.254203,0.061111,0.097832,0.463267,40.274261,2.28e-4,2.389264,-6.4e-5,1,2.373994,-5e-5,1,0.600671,0.600225,0.107215,0,PSF-00548_20260622124743_cf5,PFA-00618,PSA-00618,PSF-00548,RHS-0688,3.0.0,2022-04-21T19:36:20.491Z,MEASUREMENT_END
2026-06-22T19:47:43Z,1,upper,noon,PSF-00548_20260622124743_cf5,12:47:43,2026-06-22,PFA-00618,PSA-00618,PSF-00548,0,0,0,86.641975,40.274261,0.535165,412.088135,NA,0,0.01,0.02,0.03,0.04,0.05,0.06,0.07,0.080000,0.09,0.1,0.11,0.12,0.13,0.14,0.15,0.16,0.17,0.18,0.19,0.2,0.21,0.22,0.23,0.24,0.25,0.26,0.27,0.28,0.29,0.300000,0.310000,0.32,0.33,0.34,0.35,0.36,0.37,0.38,0.39,0.4,0.41,0.42,0.43,0.44,0.45,0.46,0.47,0.48,0.49,0.500000,0.510000,0.520000,0.53,0.54,0.55,0.56,0.57,0.58,0.59,0.6,0.61,0.62,0.63,0.64,0.65,0.66,0.67,0.68,0.69,0.7,0.71,0.72,0.73,0.74,0.75,0.76,0.77,0.78,0.79,0.8,0.81,0.82,0.83,0.839999,0.849999,0.859999,0.869999,0.879999,0.889999,FLR,60.830353,74.669838,"79.421280,81.601021,82.492592,82.863808,83.013298,83.074806,83.134171,83.141685,83.161354,83.166359,83.168861,83.171013,83.175659,83.171013,83.168152,83.179596,83.167076,83.170296,83.166359,83.156708,83.166359,83.167793,83.152771,83.150627,83.142761,83.142403,83.135963,83.125595,83.132385,83.088394,83.081245,83.034752,83.024742,82.977890,82.960007,82.905289,82.897064,82.858444,82.808014,82.788704,82.735062,82.721115,82.678917,82.627777,82.600952,82.550171,82.505463,82.476494,82.435013,82.377434,82.352760,82.311989,82.247253,82.192543,82.163216,82.115295,82.061646,81.983688,82.667473,82.800507,82.816605,82.826614,82.815887,82.812309,82.807663,82.786201,82.780479,82.765457,82.747581,82.729698,82.697510,82.690361,82.679985,82.649948,82.641365,82.628487,82.605598,82.596298,82.584503,82.565903,82.566261,82.548378,82.525848,82.500099,82.506180,82.490089,82.472923,82.454681,PAR,6987.300293,6987.300293,6987.300293,6987.300293,6987.300293,6987.300293,6987.300293,6987.300293,6987.300293,6987.300293,6987.300293,6987.300293,6987.300293,6987.300293,6987.300293,6987.300293,6987.300293,6987.300293,6987.300293,6987.300293,6987.300293,6987.300293,6987.300293,6987.300293,6987.300293,6987.300293,6987.300293,6987.300293,6987.300293,6987.300293,6929.077148,6870.854004,6812.630859,6754.407715,6696.184570,6637.961914,6579.738770,6521.515625,6463.292480,6405.069336,6346.846680,6288.623535,6230.400391,6172.177246,6113.954102,6055.730957,5997.508301,5939.285156,5881.062012,5822.838867,5764.615723,5706.393066,5648.169922,5589.946777,5531.723633,5473.500488,5415.277344,5357.054688,5298.831543,5240.608398,6987.300293,6987.300293,6987.300293,6987.300293,6987.300293,6987.300293,6987.300293,6987.300293,6987.300293,6987.300293,6987.300293,6987.300293,6987.300293,6987.300293,6987.300293,6987.300293,6987.300293,6987.300293,6987.300293,6987.300293,6987.300293,6987.300293,6987.300293,6987.300293,6987.300293,6987.300293,6987.300293,6987.300293,6987.300293,6987.300293,PHASE,1,1,1,1,1,1,1,1,1,1,1,1,1,1,1,1,1,1,1,1,1,1,1,1,1,1,1,1,1,1,2,2,2,2,2,2,2,2,2,2,2,2,2,2,2,2,2,2,2,2,2,2,2,2,2,2,2,2,2,2,3,3,3,3,3,3,3,3,3,3,3,3,3,3,3,3,3,3,3,3,3,3,3,3,3,3,3,3,3,3,FLASH_END"
2026-06-22T19:47:54Z,1,upper,noon,8,12:47:54,2026-06-22,Auto gsw+F,LI-COR Default,NA,8,NA,NA,0.119909,2.919152,0.115178,2.313686,3.387389,3.331772,5.079726,1.692337,37.65554,38.284126,57.410851,0.441786,7.5,PSF-00548_20260622124754_a6e,0,0,0,32.755852,69.125488,0.526139,0.5,0.8,57.110878,1,94.31,92.76,27.06,33.1,33.1,88.48,156.4,155.2,0.8,271,4.066,12:44:58,2026-06-22,-0.18,1,-0.005,-0.001,-0.002,0.187,0.53,1.817,1,150,0.005,2,0.058905,0,0.02923,0,0,-6.8e-5,standard,0,mpf,7000,500,5,2,300,300,300,65.681931,25,-2.385353,65.519211,65.711647,-0.192436,2.52472,2.510465,1.657284,0.928202,0.251257,0.071387,0.099335,0.345544,32.755852,2.28e-4,2.389264,-6.4e-5,1,2.373994,-5e-5,1,0.600671,0.600225,0.107215,0,PSF-00548_20260622124754_a6e,PFA-00618,PSA-00618,PSF-00548,RHS-0688,3.0.0,2022-04-21T19:36:20.491Z,MEASUREMENT_END
2026-06-22T19:47:54Z,1,upper,noon,PSF-00548_20260622124754_a6e,12:47:54,2026-06-22,PFA-00618,PSA-00618,PSF-00548,0,0,0,69.125488,32.755852,0.526139,278.04599,NA,0,0.01,0.02,0.03,0.04,0.05,0.06,0.07,0.080000,0.09,0.1,0.11,0.12,0.13,0.14,0.15,0.16,0.17,0.18,0.19,0.2,0.21,0.22,0.23,0.24,0.25,0.26,0.27,0.28,0.29,0.300000,0.310000,0.32,0.33,0.34,0.35,0.36,0.37,0.38,0.39,0.4,0.41,0.42,0.43,0.44,0.45,0.46,0.47,0.48,0.49,0.500000,0.510000,0.520000,0.53,0.54,0.55,0.56,0.57,0.58,0.59,0.6,0.61,0.62,0.63,0.64,0.65,0.66,0.67,0.68,0.69,0.7,0.71,0.72,0.73,0.74,0.75,0.76,0.77,0.78,0.79,0.8,0.81,0.82,0.83,0.839999,0.849999,0.859999,0.869999,0.879999,0.889999,FLR,47.742962,58.637383,"62.129257,63.807606,64.618706,65.032486,65.267799,65.392975,65.479156,65.532448,65.565346,65.586449,65.594673,65.615417,65.627930,65.641876,65.649391,65.668701,65.659401,65.670135,65.672279,65.673706,65.672997,65.676208,65.673355,65.665482,65.668701,65.681931,65.675499,65.675858,65.682289,65.641525,65.626862,65.583588,65.571426,65.527794,65.511345,65.471291,65.453049,65.414429,65.359711,65.337540,65.293907,65.270660,65.233109,65.162659,65.157295,65.102577,65.041779,65.028549,64.978836,64.932701,64.910889,64.870476,64.807892,64.751389,64.737793,64.686653,64.634445,64.560768,65.325737,65.469864,65.512062,65.519211,65.508842,65.516708,65.509560,65.510269,65.500618,65.491318,65.489532,65.482376,65.475227,65.464851,65.456985,65.444473,65.431953,65.416931,65.426590,65.408348,65.407990,65.399406,65.396545,65.379738,65.383675,65.369728,65.364365,65.358284,65.359711,65.352921,PAR,6987.300293,6987.300293,6987.300293,6987.300293,6987.300293,6987.300293,6987.300293,6987.300293,6987.300293,6987.300293,6987.300293,6987.300293,6987.300293,6987.300293,6987.300293,6987.300293,6987.300293,6987.300293,6987.300293,6987.300293,6987.300293,6987.300293,6987.300293,6987.300293,6987.300293,6987.300293,6987.300293,6987.300293,6987.300293,6987.300293,6929.077148,6870.854004,6812.630859,6754.407715,6696.184570,6637.961914,6579.738770,6521.515625,6463.292480,6405.069336,6346.846680,6288.623535,6230.400391,6172.177246,6113.954102,6055.730957,5997.508301,5939.285156,5881.062012,5822.838867,5764.615723,5706.393066,5648.169922,5589.946777,5531.723633,5473.500488,5415.277344,5357.054688,5298.831543,5240.608398,6987.300293,6987.300293,6987.300293,6987.300293,6987.300293,6987.300293,6987.300293,6987.300293,6987.300293,6987.300293,6987.300293,6987.300293,6987.300293,6987.300293,6987.300293,6987.300293,6987.300293,6987.300293,6987.300293,6987.300293,6987.300293,6987.300293,6987.300293,6987.300293,6987.300293,6987.300293,6987.300293,6987.300293,6987.300293,6987.300293,PHASE,1,1,1,1,1,1,1,1,1,1,1,1,1,1,1,1,1,1,1,1,1,1,1,1,1,1,1,1,1,1,2,2,2,2,2,2,2,2,2,2,2,2,2,2,2,2,2,2,2,2,2,2,2,2,2,2,2,2,2,2,3,3,3,3,3,3,3,3,3,3,3,3,3,3,3,3,3,3,3,3,3,3,3,3,3,3,3,3,3,3,FLASH_END"
2026-06-22T19:48:03Z,1,upper,noon,9,12:48:03,2026-06-22,Auto gsw+F,LI-COR Default,NA,9,NA,NA,0.1239,2.919717,0.118857,2.406849,3.437788,3.379991,5.142619,1.704832,38.200947,38.854168,58.122318,0.441786,7.5,PSF-00548_20260622124803_91d,0,0,0,42.643547,107.201019,0.60221,0.5,0.8,85.192307,1,94.35,92.77,27.3,33.32,33.32,88.48,156.5,154.7,1.1,354,4.096,12:44:58,2026-06-22,-0.18,1,0.001,-0.001,-9999,0.521,0.905,-9999,1,150,0.005,2,0.058905,0,0.02923,0,0,-6.8e-5,standard,0,mpf,7000,500,5,2,300,300,300,102.22435,25,-3.583484,101.464752,102.072449,-0.607697,2.524656,2.510471,1.657866,0.927103,0.248833,0.071231,0.100541,0.417823,42.643547,2.28e-4,2.389264,-6.4e-5,1,2.373994,-5e-5,1,0.600671,0.600225,0.107215,0,PSF-00548_20260622124803_91d,PFA-00618,PSA-00618,PSF-00548,RHS-0688,3.0.0,2022-04-21T19:36:20.491Z,MEASUREMENT_END
2026-06-22T19:48:03Z,1,upper,noon,PSF-00548_20260622124803_91d,12:48:03,2026-06-22,PFA-00618,PSA-00618,PSF-00548,0,0,0,107.201019,42.643547,0.60221,360.343933,NA,0,0.01,0.02,0.03,0.04,0.05,0.06,0.07,0.080000,0.09,0.1,0.11,0.12,0.13,0.14,0.15,0.16,0.17,0.18,0.19,0.2,0.21,0.22,0.23,0.24,0.25,0.26,0.27,0.28,0.29,0.300000,0.310000,0.32,0.33,0.34,0.35,0.36,0.37,0.38,0.39,0.4,0.41,0.42,0.43,0.44,0.45,0.46,0.47,0.48,0.49,0.500000,0.510000,0.520000,0.53,0.54,0.55,0.56,0.57,0.58,0.59,0.6,0.61,0.62,0.63,0.64,0.65,0.66,0.67,0.68,0.69,0.7,0.71,0.72,0.73,0.74,0.75,0.76,0.77,0.78,0.79,0.8,0.81,0.82,0.83,0.839999,0.849999,0.859999,0.869999,0.879999,0.889999,FLR,69.476364,89.280006,"96.563103,99.778534,101.082802,101.636414,101.907852,102.035881,102.104187,102.139595,102.175713,102.187157,102.212189,102.222206,102.224350,102.210403,102.205750,102.208618,102.212189,102.180717,102.186440,102.168564,102.160690,102.172852,102.138519,102.117416,102.104546,102.099541,102.083084,102.069138,102.040527,101.981522,101.953270,101.887466,101.857780,101.795197,101.776245,101.710800,101.683975,101.601364,101.541641,101.495865,101.436852,101.399658,101.342796,101.251961,101.224068,101.160767,101.077080,101.043823,100.988029,100.902916,100.874664,100.799919,100.721954,100.631836,100.603935,100.520615,100.453018,100.368263,101.260185,101.433990,101.464752,101.459740,101.436142,101.404663,101.377846,101.332787,101.316689,101.282356,101.266266,101.234436,101.196526,101.170059,101.141098,101.106766,101.070999,101.055618,101.035950,101.001976,100.978020,100.942970,100.914360,100.890038,100.866791,100.861069,100.829247,100.814583,100.800278,100.757362,PAR,6987.300293,6987.300293,6987.300293,6987.300293,6987.300293,6987.300293,6987.300293,6987.300293,6987.300293,6987.300293,6987.300293,6987.300293,6987.300293,6987.300293,6987.300293,6987.300293,6987.300293,6987.300293,6987.300293,6987.300293,6987.300293,6987.300293,6987.300293,6987.300293,6987.300293,6987.300293,6987.300293,6987.300293,6987.300293,6987.300293,6929.077148,6870.854004,6812.630859,6754.407715,6696.184570,6637.961914,6579.738770,6521.515625,6463.292480,6405.069336,6346.846680,6288.623535,6230.400391,6172.177246,6113.954102,6055.730957,5997.508301,5939.285156,5881.062012,5822.838867,5764.615723,5706.393066,5648.169922,5589.946777,5531.723633,5473.500488,5415.277344,5357.054688,5298.831543,5240.608398,6987.300293,6987.300293,6987.300293,6987.300293,6987.300293,6987.300293,6987.300293,6987.300293,6987.300293,6987.300293,6987.300293,6987.300293,6987.300293,6987.300293,6987.300293,6987.300293,6987.300293,6987.300293,6987.300293,6987.300293,6987.300293,6987.300293,6987.300293,6987.300293,6987.300293,6987.300293,6987.300293,6987.300293,6987.300293,6987.300293,PHASE,1,1,1,1,1,1,1,1,1,1,1,1,1,1,1,1,1,1,1,1,1,1,1,1,1,1,1,1,1,1,2,2,2,2,2,2,2,2,2,2,2,2,2,2,2,2,2,2,2,2,2,2,2,2,2,2,2,2,2,2,3,3,3,3,3,3,3,3,3,3,3,3,3,3,3,3,3,3,3,3,3,3,3,3,3,3,3,3,3,3,FLASH_END"
2026-06-22T19:48:24Z,2,upper,noon,10,12:48:24,2026-06-22,Auto gsw+F,LI-COR Default,NA,10,NA,NA,0.170825,2.919334,0.161381,2.720092,3.556896,3.491635,4.976631,1.419735,39.45406,40.191486,56.233917,0.441786,7.5,PSF-00548_20260622124824_e11,0,0,0,31.719803,122.444901,0.740946,0.5,0.8,36.998867,1,94.6,92.87,27.84,32.73,32.73,88.5,156.4,154.7,1.1,125,4.077,12:44:58,2026-06-22,-0.18,1,0.003,0.002,-9999,0.086,0.026,-9999,1,150,0.005,2,0.058905,0,0.02923,0,0,-6.8e-5,standard,0,mpf,7000,500,5,2,300,300,300,118.032578,25,-3.063506,119.140503,118.060509,1.079994,2.524636,2.510698,1.657471,0.927131,0.243589,0.057872,0.103514,0.216853,31.719803,2.27e-4,2.389264,-6.4e-5,1,2.373994,-5e-5,1,0.600671,0.600225,0.107215,0,PSF-00548_20260622124824_e11,PFA-00618,PSA-00618,PSF-00548,RHS-0688,3.0.0,2022-04-21T19:36:20.491Z,MEASUREMENT_END
2026-06-22T19:48:24Z,2,upper,noon,PSF-00548_20260622124824_e11,12:48:24,2026-06-22,PFA-00618,PSA-00618,PSF-00548,0,0,0,122.444901,31.719803,0.740946,131.514893,NA,0,0.01,0.02,0.03,0.04,0.05,0.06,0.07,0.080000,0.09,0.1,0.11,0.12,0.13,0.14,0.15,0.16,0.17,0.18,0.19,0.2,0.21,0.22,0.23,0.24,0.25,0.26,0.27,0.28,0.29,0.300000,0.310000,0.32,0.33,0.34,0.35,0.36,0.37,0.38,0.39,0.4,0.41,0.42,0.43,0.44,0.45,0.46,0.47,0.48,0.49,0.500000,0.510000,0.520000,0.53,0.54,0.55,0.56,0.57,0.58,0.59,0.6,0.61,0.62,0.63,0.64,0.65,0.66,0.67,0.68,0.69,0.7,0.71,0.72,0.73,0.74,0.75,0.76,0.77,0.78,0.79,0.8,0.81,0.82,0.83,0.839999,0.849999,0.859999,0.869999,0.879999,0.889999,FLR,64.852592,94.075081,"104.964851,109.966637,112.542274,114.105820,115.157249,115.928291,116.485474,116.889954,117.194298,117.387054,117.537621,117.642761,117.741104,117.800476,117.842316,117.883087,117.912415,117.927429,117.955688,117.958191,117.959259,117.983223,118.001106,117.996452,118.013260,118.017555,118.032578,118.030075,118.042946,117.958542,117.971420,117.904190,117.890236,117.811203,117.822647,117.741104,117.742897,117.665649,117.578743,117.576241,117.497925,117.512939,117.425682,117.343430,117.330193,117.270470,117.198227,117.185715,117.147087,117.046951,117.054459,116.994385,116.907837,116.823074,116.817352,116.756561,116.667511,116.573097,118.227478,118.645546,118.773582,118.840454,118.866203,118.887306,118.919495,118.937370,118.977066,118.983864,119.014267,119.012115,119.043945,119.064690,119.078278,119.093658,119.119049,119.124413,119.140503,119.131920,119.111893,119.075775,119.062546,119.058250,119.045021,119.062897,119.063614,119.075058,119.099022,119.101883,PAR,6987.300293,6987.300293,6987.300293,6987.300293,6987.300293,6987.300293,6987.300293,6987.300293,6987.300293,6987.300293,6987.300293,6987.300293,6987.300293,6987.300293,6987.300293,6987.300293,6987.300293,6987.300293,6987.300293,6987.300293,6987.300293,6987.300293,6987.300293,6987.300293,6987.300293,6987.300293,6987.300293,6987.300293,6987.300293,6987.300293,6929.077148,6870.854004,6812.630859,6754.407715,6696.184570,6637.961914,6579.738770,6521.515625,6463.292480,6405.069336,6346.846680,6288.623535,6230.400391,6172.177246,6113.954102,6055.730957,5997.508301,5939.285156,5881.062012,5822.838867,5764.615723,5706.393066,5648.169922,5589.946777,5531.723633,5473.500488,5415.277344,5357.054688,5298.831543,5240.608398,6987.300293,6987.300293,6987.300293,6987.300293,6987.300293,6987.300293,6987.300293,6987.300293,6987.300293,6987.300293,6987.300293,6987.300293,6987.300293,6987.300293,6987.300293,6987.300293,6987.300293,6987.300293,6987.300293,6987.300293,6987.300293,6987.300293,6987.300293,6987.300293,6987.300293,6987.300293,6987.300293,6987.300293,6987.300293,6987.300293,PHASE,1,1,1,1,1,1,1,1,1,1,1,1,1,1,1,1,1,1,1,1,1,1,1,1,1,1,1,1,1,1,2,2,2,2,2,2,2,2,2,2,2,2,2,2,2,2,2,2,2,2,2,2,2,2,2,2,2,2,2,2,3,3,3,3,3,3,3,3,3,3,3,3,3,3,3,3,3,3,3,3,3,3,3,3,3,3,3,3,3,3,FLASH_END"
2026-06-22T19:48:35Z,2,upper,noon,11,12:48:35,2026-06-22,Auto gsw+F,LI-COR Default,NA,11,NA,NA,0.117967,2.919918,0.113386,1.707293,3.590981,3.550057,4.859806,1.268826,40.117378,40.579834,54.918182,0.441786,7.5,PSF-00548_20260622124835_ecb,0,0,0,30.560732,133.01004,0.770237,0.5,0.8,10.970518,1,94.08,93.01,28.1,32.31,32.31,88.49,156.5,154.9,1,36,4.093,12:44:58,2026-06-22,-0.18,1,-0.005,-0.004,-0.011,0.074,0.117,0.198,1,150,0.005,2,0.058905,0,0.02923,0,0,-6.8e-5,standard,0,mpf,7000,500,5,2,300,300,300,132.324097,25,-0.341804,134.180542,132.520859,1.659683,2.524746,2.509927,1.658073,0.927512,0.241099,0.049772,0.105015,0.138487,30.560732,2.24e-4,2.389264,-6.4e-5,1,2.373994,-5e-5,1,0.600671,0.600225,0.107215,0,PSF-00548_20260622124835_ecb,PFA-00618,PSA-00618,PSF-00548,RHS-0688,3.0.0,2022-04-21T19:36:20.491Z,MEASUREMENT_END
2026-06-22T19:48:35Z,2,upper,noon,PSF-00548_20260622124835_ecb,12:48:35,2026-06-22,PFA-00618,PSA-00618,PSF-00548,0,0,0,133.01004,30.560732,0.770237,42.285946,NA,0,0.01,0.02,0.03,0.04,0.05,0.06,0.07,0.080000,0.09,0.1,0.11,0.12,0.13,0.14,0.15,0.16,0.17,0.18,0.19,0.2,0.21,0.22,0.23,0.24,0.25,0.26,0.27,0.28,0.29,0.300000,0.310000,0.32,0.33,0.34,0.35,0.36,0.37,0.38,0.39,0.4,0.41,0.42,0.43,0.44,0.45,0.46,0.47,0.48,0.49,0.500000,0.510000,0.520000,0.53,0.54,0.55,0.56,0.57,0.58,0.59,0.6,0.61,0.62,0.63,0.64,0.65,0.66,0.67,0.68,0.69,0.7,0.71,0.72,0.73,0.74,0.75,0.76,0.77,0.78,0.79,0.8,0.81,0.82,0.83,0.839999,0.849999,0.859999,0.869999,0.879999,0.889999,FLR,63.656330,100.385788,"116.764786,123.372314,126.260880,127.834442,128.806122,129.460938,129.941940,130.290985,130.562424,130.767700,130.949020,131.105667,131.222244,131.340271,131.445053,131.518372,131.601334,131.662125,131.727936,131.778717,131.851318,131.926773,131.979706,132.054092,132.115601,132.197144,132.255798,132.324097,132.414932,132.396347,132.444260,132.449631,132.482178,132.451416,132.506851,132.472870,132.520798,132.498627,132.481461,132.506851,132.507202,132.537598,132.525085,132.490402,132.531525,132.497910,132.466797,132.485382,132.475021,132.430313,132.448914,132.414932,132.377380,132.320877,132.354858,132.328751,132.287979,132.224319,133.433456,133.800751,133.919830,133.971329,133.994934,134.017822,134.038925,134.065384,134.077194,134.097214,134.124405,134.132629,134.129410,134.159088,134.150513,134.148712,134.161591,134.161957,134.163376,134.164093,134.180542,134.173035,134.156219,134.161591,134.146927,134.145142,134.144073,134.127625,134.112244,134.096146,PAR,6987.300293,6987.300293,6987.300293,6987.300293,6987.300293,6987.300293,6987.300293,6987.300293,6987.300293,6987.300293,6987.300293,6987.300293,6987.300293,6987.300293,6987.300293,6987.300293,6987.300293,6987.300293,6987.300293,6987.300293,6987.300293,6987.300293,6987.300293,6987.300293,6987.300293,6987.300293,6987.300293,6987.300293,6987.300293,6987.300293,6929.077148,6870.854004,6812.630859,6754.407715,6696.184570,6637.961914,6579.738770,6521.515625,6463.292480,6405.069336,6346.846680,6288.623535,6230.400391,6172.177246,6113.954102,6055.730957,5997.508301,5939.285156,5881.062012,5822.838867,5764.615723,5706.393066,5648.169922,5589.946777,5531.723633,5473.500488,5415.277344,5357.054688,5298.831543,5240.608398,6987.300293,6987.300293,6987.300293,6987.300293,6987.300293,6987.300293,6987.300293,6987.300293,6987.300293,6987.300293,6987.300293,6987.300293,6987.300293,6987.300293,6987.300293,6987.300293,6987.300293,6987.300293,6987.300293,6987.300293,6987.300293,6987.300293,6987.300293,6987.300293,6987.300293,6987.300293,6987.300293,6987.300293,6987.300293,6987.300293,PHASE,1,1,1,1,1,1,1,1,1,1,1,1,1,1,1,1,1,1,1,1,1,1,1,1,1,1,1,1,1,1,2,2,2,2,2,2,2,2,2,2,2,2,2,2,2,2,2,2,2,2,2,2,2,2,2,2,2,2,2,2,3,3,3,3,3,3,3,3,3,3,3,3,3,3,3,3,3,3,3,3,3,3,3,3,3,3,3,3,3,3,FLASH_END"
2026-06-22T19:48:46Z,2,upper,noon,12,12:48:46,2026-06-22,Auto gsw+F,LI-COR Default,NA,12,NA,NA,0.049764,2.921048,0.048931,0.794668,3.624423,3.605397,4.991765,1.367342,40.738605,40.953579,56.403645,0.441786,7.5,PSF-00548_20260622124846_abd,0,0,0,30.725241,142.96492,0.785085,0.5,0.8,6.334222,1,93.7,93.2,28.33,32.79,32.79,88.5,156.6,154.8,1.1,20,4.092,12:44:58,2026-06-22,-0.18,1,-0.002,-0.003,-0.011,0.153,0.288,0.338,1,150,0.005,2,0.058905,0,0.02923,0,0,-6.8e-5,standard,0,mpf,7000,500,5,2,300,300,300,141.784073,25,-0.681789,142.927765,141.989166,0.938599,2.524949,2.50936,1.659241,0.927415,0.238922,0.052843,0.106444,0.12493,30.725241,2.25e-4,2.389264,-6.4e-5,1,2.373994,-5e-5,1,0.600671,0.600225,0.107215,0,PSF-00548_20260622124846_abd,PFA-00618,PSA-00618,PSF-00548,RHS-0688,3.0.0,2022-04-21T19:36:20.491Z,MEASUREMENT_END
2026-06-22T19:48:46Z,2,upper,noon,PSF-00548_20260622124846_abd,12:48:46,2026-06-22,PFA-00618,PSA-00618,PSF-00548,0,0,0,142.96492,30.725241,0.785085,26.848845,NA,0,0.01,0.02,0.03,0.04,0.05,0.06,0.07,0.080000,0.09,0.1,0.11,0.12,0.13,0.14,0.15,0.16,0.17,0.18,0.19,0.2,0.21,0.22,0.23,0.24,0.25,0.26,0.27,0.28,0.29,0.300000,0.310000,0.32,0.33,0.34,0.35,0.36,0.37,0.38,0.39,0.4,0.41,0.42,0.43,0.44,0.45,0.46,0.47,0.48,0.49,0.500000,0.510000,0.520000,0.53,0.54,0.55,0.56,0.57,0.58,0.59,0.6,0.61,0.62,0.63,0.64,0.65,0.66,0.67,0.68,0.69,0.7,0.71,0.72,0.73,0.74,0.75,0.76,0.77,0.78,0.79,0.8,0.81,0.82,0.83,0.839999,0.849999,0.859999,0.869999,0.879999,0.889999,FLR,66.007019,108.011482,"126.019836,132.828354,135.821350,137.395981,138.332245,138.940567,139.366867,139.675858,139.930130,140.132187,140.305634,140.459412,140.584595,140.700104,140.807755,140.908951,140.999786,141.086334,141.169662,141.245850,141.319870,141.411072,141.488312,141.555908,141.613846,141.677139,141.734726,141.784073,141.847733,141.855591,141.881699,141.896011,141.901016,141.911743,141.941071,141.942856,141.960388,141.931061,141.912109,141.923553,141.926407,141.946442,141.932495,141.897797,141.911392,141.871338,141.854889,141.849518,141.833420,141.796234,141.794449,141.776199,141.724350,141.680359,141.667847,141.629578,141.588455,141.513702,142.467148,142.789719,142.883423,142.904877,142.922043,142.917389,142.918106,142.922043,142.917755,142.911316,142.927765,142.899155,142.903809,142.889145,142.878052,142.861252,142.854095,142.841583,142.827637,142.805817,142.796509,142.767197,142.749664,142.722839,142.714264,142.679565,142.657761,142.636292,142.614487,142.585876,PAR,6987.300293,6987.300293,6987.300293,6987.300293,6987.300293,6987.300293,6987.300293,6987.300293,6987.300293,6987.300293,6987.300293,6987.300293,6987.300293,6987.300293,6987.300293,6987.300293,6987.300293,6987.300293,6987.300293,6987.300293,6987.300293,6987.300293,6987.300293,6987.300293,6987.300293,6987.300293,6987.300293,6987.300293,6987.300293,6987.300293,6929.077148,6870.854004,6812.630859,6754.407715,6696.184570,6637.961914,6579.738770,6521.515625,6463.292480,6405.069336,6346.846680,6288.623535,6230.400391,6172.177246,6113.954102,6055.730957,5997.508301,5939.285156,5881.062012,5822.838867,5764.615723,5706.393066,5648.169922,5589.946777,5531.723633,5473.500488,5415.277344,5357.054688,5298.831543,5240.608398,6987.300293,6987.300293,6987.300293,6987.300293,6987.300293,6987.300293,6987.300293,6987.300293,6987.300293,6987.300293,6987.300293,6987.300293,6987.300293,6987.300293,6987.300293,6987.300293,6987.300293,6987.300293,6987.300293,6987.300293,6987.300293,6987.300293,6987.300293,6987.300293,6987.300293,6987.300293,6987.300293,6987.300293,6987.300293,6987.300293,PHASE,1,1,1,1,1,1,1,1,1,1,1,1,1,1,1,1,1,1,1,1,1,1,1,1,1,1,1,1,1,1,2,2,2,2,2,2,2,2,2,2,2,2,2,2,2,2,2,2,2,2,2,2,2,2,2,2,2,2,2,2,3,3,3,3,3,3,3,3,3,3,3,3,3,3,3,3,3,3,3,3,3,3,3,3,3,3,3,3,3,3,FLASH_END"
2026-06-22T19:49:16Z,3,lower,noon,13,12:49:16,2026-06-22,Auto gsw+F,LI-COR Default,NA,13,NA,NA,0.11475,2.91899,0.110409,1.818528,3.795778,3.752259,5.179462,1.383684,42.400326,42.892082,58.527645,0.441786,7.5,PSF-00548_20260622124916_31f,0,0,0,31.066776,151.412842,0.794821,0.5,0.8,0.820415,1,94.68,93.6,28.94,33.44,33.44,88.5,156.4,154.9,0.9,3,4.092,12:44:58,2026-06-22,-0.18,1,0.004,0.003,-9999,0.043,0.196,-9999,1,150,0.005,2,0.058905,0,0.02923,0,0,-6.8e-5,standard,0,mpf,7000,500,5,2,300,300,300,151.412842,25,0.67179,152.647369,152.374283,0.273087,2.525301,2.510571,1.657117,0.927546,0.233171,0.053631,0.110613,0.109481,31.066776,2.26e-4,2.389264,-6.4e-5,1,2.373994,-5e-5,1,0.600671,0.600225,0.107215,0,PSF-00548_20260622124916_31f,PFA-00618,PSA-00618,PSF-00548,RHS-0688,3.0.0,2022-04-21T19:36:20.491Z,MEASUREMENT_END
2026-06-22T19:49:16Z,3,lower,noon,PSF-00548_20260622124916_31f,12:49:16,2026-06-22,PFA-00618,PSA-00618,PSF-00548,0,0,0,151.412842,31.066776,0.794821,9.258861,NA,0,0.01,0.02,0.03,0.04,0.05,0.06,0.07,0.080000,0.09,0.1,0.11,0.12,0.13,0.14,0.15,0.16,0.17,0.18,0.19,0.2,0.21,0.22,0.23,0.24,0.25,0.26,0.27,0.28,0.29,0.300000,0.310000,0.32,0.33,0.34,0.35,0.36,0.37,0.38,0.39,0.4,0.41,0.42,0.43,0.44,0.45,0.46,0.47,0.48,0.49,0.500000,0.510000,0.520000,0.53,0.54,0.55,0.56,0.57,0.58,0.59,0.6,0.61,0.62,0.63,0.64,0.65,0.66,0.67,0.68,0.69,0.7,0.71,0.72,0.73,0.74,0.75,0.76,0.77,0.78,0.79,0.8,0.81,0.82,0.83,0.839999,0.849999,0.859999,0.869999,0.879999,0.889999,FLR,70.319656,118.603348,"138.814331,145.236252,147.518997,148.562195,149.113297,149.436600,149.672989,149.843933,149.998062,150.112503,150.233383,150.331375,150.420425,150.510910,150.585297,150.676132,150.767334,150.821335,150.899643,150.957230,151.014801,151.077393,151.129608,151.193970,151.260849,151.317719,151.377075,151.412842,151.473999,151.496887,151.518341,151.559479,151.578781,151.615616,151.638153,151.644226,151.673553,151.676773,151.696808,151.712173,151.741150,151.759750,151.761887,151.763672,151.786926,151.791565,151.790497,151.795868,151.810165,151.798370,151.820190,151.826263,151.821976,151.809448,151.810532,151.814819,151.804810,151.782272,152.209991,152.418488,152.498962,152.539017,152.546875,152.563690,152.579788,152.586945,152.602676,152.612686,152.639511,152.627701,152.624481,152.646301,152.634857,152.642014,152.642365,152.647369,152.638428,152.628418,152.625565,152.619476,152.606247,152.601593,152.567978,152.549026,152.540802,152.516846,152.502533,152.479645,PAR,6987.300293,6987.300293,6987.300293,6987.300293,6987.300293,6987.300293,6987.300293,6987.300293,6987.300293,6987.300293,6987.300293,6987.300293,6987.300293,6987.300293,6987.300293,6987.300293,6987.300293,6987.300293,6987.300293,6987.300293,6987.300293,6987.300293,6987.300293,6987.300293,6987.300293,6987.300293,6987.300293,6987.300293,6987.300293,6987.300293,6929.077148,6870.854004,6812.630859,6754.407715,6696.184570,6637.961914,6579.738770,6521.515625,6463.292480,6405.069336,6346.846680,6288.623535,6230.400391,6172.177246,6113.954102,6055.730957,5997.508301,5939.285156,5881.062012,5822.838867,5764.615723,5706.393066,5648.169922,5589.946777,5531.723633,5473.500488,5415.277344,5357.054688,5298.831543,5240.608398,6987.300293,6987.300293,6987.300293,6987.300293,6987.300293,6987.300293,6987.300293,6987.300293,6987.300293,6987.300293,6987.300293,6987.300293,6987.300293,6987.300293,6987.300293,6987.300293,6987.300293,6987.300293,6987.300293,6987.300293,6987.300293,6987.300293,6987.300293,6987.300293,6987.300293,6987.300293,6987.300293,6987.300293,6987.300293,6987.300293,PHASE,1,1,1,1,1,1,1,1,1,1,1,1,1,1,1,1,1,1,1,1,1,1,1,1,1,1,1,1,1,1,2,2,2,2,2,2,2,2,2,2,2,2,2,2,2,2,2,2,2,2,2,2,2,2,2,2,2,2,2,2,3,3,3,3,3,3,3,3,3,3,3,3,3,3,3,3,3,3,3,3,3,3,3,3,3,3,3,3,3,3,FLASH_END"
2026-06-22T19:49:24Z,3,lower,noon,14,12:49:24,2026-06-22,Auto gsw+F,LI-COR Default,NA,14,NA,NA,0.087286,2.919752,0.084753,1.382811,3.828313,3.795253,5.198591,1.370279,42.885181,43.258747,58.74247,0.441786,7.5,PSF-00548_20260622124924_21a,0,0,0,30.605793,149.513504,0.795298,0.5,0.8,1.415492,1,94.54,93.72,29.12,33.51,33.51,88.5,156.5,154.8,1.1,4,4.09,12:44:58,2026-06-22,-0.18,1,0.001,-0.002,-9999,0.124,0.069,-9999,1,150,0.005,2,0.058905,0,0.02923,0,0,-6.8e-5,standard,0,mpf,7000,500,5,2,300,300,300,147.991058,25,-1.00723,148.260361,148.071991,0.18837,2.525423,2.510339,1.657902,0.927253,0.231577,0.052399,0.11166,0.111123,30.605793,2.28e-4,2.389264,-6.4e-5,1,2.373994,-5e-5,1,0.600671,0.600225,0.107215,0,PSF-00548_20260622124924_21a,PFA-00618,PSA-00618,PSF-00548,RHS-0688,3.0.0,2022-04-21T19:36:20.491Z,MEASUREMENT_END
2026-06-22T19:49:24Z,3,lower,noon,PSF-00548_20260622124924_21a,12:49:24,2026-06-22,PFA-00618,PSA-00618,PSF-00548,0,0,0,149.513504,30.605793,0.795298,11.127927,NA,0,0.01,0.02,0.03,0.04,0.05,0.06,0.07,0.080000,0.09,0.1,0.11,0.12,0.13,0.14,0.15,0.16,0.17,0.18,0.19,0.2,0.21,0.22,0.23,0.24,0.25,0.26,0.27,0.28,0.29,0.300000,0.310000,0.32,0.33,0.34,0.35,0.36,0.37,0.38,0.39,0.4,0.41,0.42,0.43,0.44,0.45,0.46,0.47,0.48,0.49,0.500000,0.510000,0.520000,0.53,0.54,0.55,0.56,0.57,0.58,0.59,0.6,0.61,0.62,0.63,0.64,0.65,0.66,0.67,0.68,0.69,0.7,0.71,0.72,0.73,0.74,0.75,0.76,0.77,0.78,0.79,0.8,0.81,0.82,0.83,0.839999,0.849999,0.859999,0.869999,0.879999,0.889999,FLR,69.579002,116.897820,"136.830215,142.763977,144.799942,145.738724,146.263718,146.609909,146.864182,147.032257,147.187469,147.302277,147.402771,147.489670,147.538666,147.605896,147.655960,147.696381,147.760391,147.790787,147.826553,147.836563,147.869110,147.893433,147.904510,147.914886,147.933838,147.947067,147.976395,147.991058,147.996429,147.993210,147.981049,147.982483,147.989990,147.978180,147.978897,147.982483,147.980682,147.970322,147.963165,147.957092,147.941345,147.935623,147.923111,147.867676,147.865891,147.846573,147.809021,147.801163,147.778275,147.737854,147.724625,147.701736,147.682434,147.648102,147.637726,147.617340,147.579437,147.549026,148.040421,148.214584,148.248917,148.257858,148.251770,148.252838,148.254639,148.260361,148.244614,148.237473,148.235321,148.236389,148.224228,148.204926,148.191330,148.170593,148.150208,148.113007,148.091919,148.057587,148.030045,147.995346,147.953156,147.931335,147.881989,147.837997,147.797577,147.756821,147.712463,147.658112,PAR,6987.300293,6987.300293,6987.300293,6987.300293,6987.300293,6987.300293,6987.300293,6987.300293,6987.300293,6987.300293,6987.300293,6987.300293,6987.300293,6987.300293,6987.300293,6987.300293,6987.300293,6987.300293,6987.300293,6987.300293,6987.300293,6987.300293,6987.300293,6987.300293,6987.300293,6987.300293,6987.300293,6987.300293,6987.300293,6987.300293,6929.077148,6870.854004,6812.630859,6754.407715,6696.184570,6637.961914,6579.738770,6521.515625,6463.292480,6405.069336,6346.846680,6288.623535,6230.400391,6172.177246,6113.954102,6055.730957,5997.508301,5939.285156,5881.062012,5822.838867,5764.615723,5706.393066,5648.169922,5589.946777,5531.723633,5473.500488,5415.277344,5357.054688,5298.831543,5240.608398,6987.300293,6987.300293,6987.300293,6987.300293,6987.300293,6987.300293,6987.300293,6987.300293,6987.300293,6987.300293,6987.300293,6987.300293,6987.300293,6987.300293,6987.300293,6987.300293,6987.300293,6987.300293,6987.300293,6987.300293,6987.300293,6987.300293,6987.300293,6987.300293,6987.300293,6987.300293,6987.300293,6987.300293,6987.300293,6987.300293,PHASE,1,1,1,1,1,1,1,1,1,1,1,1,1,1,1,1,1,1,1,1,1,1,1,1,1,1,1,1,1,1,2,2,2,2,2,2,2,2,2,2,2,2,2,2,2,2,2,2,2,2,2,2,2,2,2,2,2,2,2,2,3,3,3,3,3,3,3,3,3,3,3,3,3,3,3,3,3,3,3,3,3,3,3,3,3,3,3,3,3,3,FLASH_END"
2026-06-22T19:49:32Z,3,lower,noon,15,12:49:32,2026-06-22,Auto gsw+F,LI-COR Default,NA,15,NA,NA,0.068865,2.919968,0.067279,1.110003,3.861781,3.835259,5.246712,1.384931,43.337975,43.637672,59.287224,0.441786,7.5,PSF-00548_20260622124932_45e,0,0,0,30.117989,150.818466,0.800303,0.5,0.8,1.704924,1,94.49,93.85,29.28,33.67,33.67,88.5,156.5,154.8,1.1,5,4.09,12:44:58,2026-06-22,-0.18,1,-0.003,-0.002,-9999,0.073,0.07,-9999,1,150,0.005,2,0.058905,0,0.02923,0,0,-6.8e-5,standard,0,mpf,7000,500,5,2,300,300,300,150.818466,25,0.112722,152.042984,150.979797,1.063187,2.525542,2.510242,1.658125,0.927402,0.230126,0.052541,0.112643,0.111892,30.117989,2.26e-4,2.389264,-6.4e-5,1,2.373994,-5e-5,1,0.600671,0.600225,0.107215,0,PSF-00548_20260622124932_45e,PFA-00618,PSA-00618,PSF-00548,RHS-0688,3.0.0,2022-04-21T19:36:20.491Z,MEASUREMENT_END
2026-06-22T19:49:32Z,3,lower,noon,PSF-00548_20260622124932_45e,12:49:32,2026-06-22,PFA-00618,PSA-00618,PSF-00548,0,0,0,150.818466,30.117989,0.800303,12.00423,NA,0,0.01,0.02,0.03,0.04,0.05,0.06,0.07,0.080000,0.09,0.1,0.11,0.12,0.13,0.14,0.15,0.16,0.17,0.18,0.19,0.2,0.21,0.22,0.23,0.24,0.25,0.26,0.27,0.28,0.29,0.300000,0.310000,0.32,0.33,0.34,0.35,0.36,0.37,0.38,0.39,0.4,0.41,0.42,0.43,0.44,0.45,0.46,0.47,0.48,0.49,0.500000,0.510000,0.520000,0.53,0.54,0.55,0.56,0.57,0.58,0.59,0.6,0.61,0.62,0.63,0.64,0.65,0.66,0.67,0.68,0.69,0.7,0.71,0.72,0.73,0.74,0.75,0.76,0.77,0.78,0.79,0.8,0.81,0.82,0.83,0.839999,0.849999,0.859999,0.869999,0.879999,0.889999,FLR,66.768051,114.544273,"135.581375,142.700317,145.481949,146.865250,147.686356,148.227448,148.622269,148.918030,149.152283,149.333237,149.504898,149.630066,149.763824,149.866821,149.967316,150.061005,150.163300,150.234100,150.328522,150.380371,150.452606,150.516266,150.566696,150.623917,150.669693,150.736572,150.781982,150.818466,150.892136,150.897858,150.925400,150.929688,150.971893,150.968307,150.981186,150.973328,151.020172,151.005508,151.014084,151.024109,151.003723,151.034836,151.033401,151.010864,151.030899,151.025894,151.028397,151.038406,151.053070,151.027328,151.049133,151.039474,151.023026,150.991562,150.998001,150.970459,150.956512,150.918243,151.535873,151.777618,151.866318,151.889557,151.912094,151.927475,151.934982,151.946777,151.957153,151.971466,151.995056,151.993271,151.992554,152.014023,152.009369,152.014740,152.026184,152.026886,152.030472,152.024384,152.042984,152.026886,152.022964,152.022247,152.007217,152.008652,151.997925,151.991486,151.987915,151.984695,PAR,6987.300293,6987.300293,6987.300293,6987.300293,6987.300293,6987.300293,6987.300293,6987.300293,6987.300293,6987.300293,6987.300293,6987.300293,6987.300293,6987.300293,6987.300293,6987.300293,6987.300293,6987.300293,6987.300293,6987.300293,6987.300293,6987.300293,6987.300293,6987.300293,6987.300293,6987.300293,6987.300293,6987.300293,6987.300293,6987.300293,6929.077148,6870.854004,6812.630859,6754.407715,6696.184570,6637.961914,6579.738770,6521.515625,6463.292480,6405.069336,6346.846680,6288.623535,6230.400391,6172.177246,6113.954102,6055.730957,5997.508301,5939.285156,5881.062012,5822.838867,5764.615723,5706.393066,5648.169922,5589.946777,5531.723633,5473.500488,5415.277344,5357.054688,5298.831543,5240.608398,6987.300293,6987.300293,6987.300293,6987.300293,6987.300293,6987.300293,6987.300293,6987.300293,6987.300293,6987.300293,6987.300293,6987.300293,6987.300293,6987.300293,6987.300293,6987.300293,6987.300293,6987.300293,6987.300293,6987.300293,6987.300293,6987.300293,6987.300293,6987.300293,6987.300293,6987.300293,6987.300293,6987.300293,6987.300293,6987.300293,PHASE,1,1,1,1,1,1,1,1,1,1,1,1,1,1,1,1,1,1,1,1,1,1,1,1,1,1,1,1,1,1,2,2,2,2,2,2,2,2,2,2,2,2,2,2,2,2,2,2,2,2,2,2,2,2,2,2,2,2,2,2,3,3,3,3,3,3,3,3,3,3,3,3,3,3,3,3,3,3,3,3,3,3,3,3,3,3,3,3,3,3,FLASH_END"
2026-06-22T19:49:53Z,3,upper,noon,16,12:49:53,2026-06-22,Auto gsw+F,LI-COR Default,NA,16,NA,NA,0.071146,2.919123,0.069453,1.11526,3.957658,3.931026,5.304203,1.346545,44.424519,44.725494,59.942799,0.441786,7.5,PSF-00548_20260622124953_b6f,0,0,0,34.886242,146.539154,0.761932,0.5,0.8,17.683571,1,94.73,94.09,29.66,33.87,33.87,88.49,156.4,154.9,1,58,4.089,12:44:58,2026-06-22,-0.18,1,-0.004,-0.004,-9999,0.108,0.086,-9999,1,150,0.005,2,0.058905,0,0.02923,0,0,-6.8e-5,standard,0,mpf,7000,500,5,2,300,300,300,141.675705,25,-3.350766,141.385315,141.743637,-0.358322,2.525769,2.510486,1.657254,0.927466,0.226683,0.050433,0.115358,0.158173,34.886242,2.28e-4,2.389264,-6.4e-5,1,2.373994,-5e-5,1,0.600671,0.600225,0.107215,0,PSF-00548_20260622124953_b6f,PFA-00618,PSA-00618,PSF-00548,RHS-0688,3.0.0,2022-04-21T19:36:20.491Z,MEASUREMENT_END
2026-06-22T19:49:53Z,3,upper,noon,PSF-00548_20260622124953_b6f,12:49:53,2026-06-22,PFA-00618,PSA-00618,PSF-00548,0,0,0,146.539154,34.886242,0.761932,64.700478,NA,0,0.01,0.02,0.03,0.04,0.05,0.06,0.07,0.080000,0.09,0.1,0.11,0.12,0.13,0.14,0.15,0.16,0.17,0.18,0.19,0.2,0.21,0.22,0.23,0.24,0.25,0.26,0.27,0.28,0.29,0.300000,0.310000,0.32,0.33,0.34,0.35,0.36,0.37,0.38,0.39,0.4,0.41,0.42,0.43,0.44,0.45,0.46,0.47,0.48,0.49,0.500000,0.510000,0.520000,0.53,0.54,0.55,0.56,0.57,0.58,0.59,0.6,0.61,0.62,0.63,0.64,0.65,0.66,0.67,0.68,0.69,0.7,0.71,0.72,0.73,0.74,0.75,0.76,0.77,0.78,0.79,0.8,0.81,0.82,0.83,0.839999,0.849999,0.859999,0.869999,0.879999,0.889999,FLR,75.039986,115.045311,"131.019119,136.768341,138.979553,140.005585,140.535950,140.851379,141.066315,141.195770,141.321655,141.392105,141.470795,141.514069,141.561264,141.566284,141.593811,141.595963,141.617767,141.624924,141.653534,141.657471,141.675705,141.669632,141.667480,141.645309,141.649597,141.649597,141.653183,141.658188,141.670700,141.630646,141.599533,141.556259,141.534454,141.482239,141.470428,141.409271,141.385681,141.321655,141.257996,141.214371,141.161087,141.137833,141.060226,141.011948,140.978333,140.912537,140.834213,140.800949,140.754105,140.664703,140.613907,140.547760,140.472656,140.378952,140.356781,140.297409,140.203003,140.105362,141.057007,141.324524,141.385315,141.374237,141.354553,141.317017,141.287689,141.243332,141.224030,141.199707,141.198639,141.166809,141.160370,141.141052,141.114594,141.060226,141.027695,141.009094,141.006226,140.972610,140.965820,140.921112,140.899658,140.884995,140.856750,140.833145,140.798447,140.773773,140.735153,140.686157,PAR,6987.300293,6987.300293,6987.300293,6987.300293,6987.300293,6987.300293,6987.300293,6987.300293,6987.300293,6987.300293,6987.300293,6987.300293,6987.300293,6987.300293,6987.300293,6987.300293,6987.300293,6987.300293,6987.300293,6987.300293,6987.300293,6987.300293,6987.300293,6987.300293,6987.300293,6987.300293,6987.300293,6987.300293,6987.300293,6987.300293,6929.077148,6870.854004,6812.630859,6754.407715,6696.184570,6637.961914,6579.738770,6521.515625,6463.292480,6405.069336,6346.846680,6288.623535,6230.400391,6172.177246,6113.954102,6055.730957,5997.508301,5939.285156,5881.062012,5822.838867,5764.615723,5706.393066,5648.169922,5589.946777,5531.723633,5473.500488,5415.277344,5357.054688,5298.831543,5240.608398,6987.300293,6987.300293,6987.300293,6987.300293,6987.300293,6987.300293,6987.300293,6987.300293,6987.300293,6987.300293,6987.300293,6987.300293,6987.300293,6987.300293,6987.300293,6987.300293,6987.300293,6987.300293,6987.300293,6987.300293,6987.300293,6987.300293,6987.300293,6987.300293,6987.300293,6987.300293,6987.300293,6987.300293,6987.300293,6987.300293,PHASE,1,1,1,1,1,1,1,1,1,1,1,1,1,1,1,1,1,1,1,1,1,1,1,1,1,1,1,1,1,1,2,2,2,2,2,2,2,2,2,2,2,2,2,2,2,2,2,2,2,2,2,2,2,2,2,2,2,2,2,2,3,3,3,3,3,3,3,3,3,3,3,3,3,3,3,3,3,3,3,3,3,3,3,3,3,3,3,3,3,3,FLASH_END"
2026-06-22T19:50:00Z,3,upper,noon,17,12:50:00,2026-06-22,Auto gsw+F,LI-COR Default,NA,17,NA,NA,0.038822,2.918209,0.038312,0.63742,3.978931,3.963701,5.373441,1.39451,44.790874,44.962975,60.721306,0.441786,7.5,PSF-00548_20260622125000_04e,0,0,0,34.868359,145.454605,0.76028,0.5,0.8,15.568875,1,94.55,94.19,29.79,34.1,34.1,88.49,156.3,154.5,1.1,51,4.088,12:44:58,2026-06-22,-0.18,1,-0.002,-0.003,-9999,0.061,0.333,-9999,1,150,0.005,2,0.058905,0,0.02923,0,0,-6.8e-5,standard,0,mpf,7000,500,5,2,300,300,300,140.844223,25,-3.178956,140.45549,140.904984,-0.449493,2.525865,2.510214,1.656314,0.926667,0.22556,0.051792,0.116179,0.152177,34.868359,2.26e-4,2.389264,-6.4e-5,1,2.373994,-5e-5,1,0.600671,0.600225,0.107215,0,PSF-00548_20260622125000_04e,PFA-00618,PSA-00618,PSF-00548,RHS-0688,3.0.0,2022-04-21T19:36:20.491Z,MEASUREMENT_END
2026-06-22T19:50:00Z,3,upper,noon,PSF-00548_20260622125000_04e,12:50:00,2026-06-22,PFA-00618,PSA-00618,PSF-00548,0,0,0,145.454605,34.868359,0.76028,57.872894,NA,0,0.01,0.02,0.03,0.04,0.05,0.06,0.07,0.080000,0.09,0.1,0.11,0.12,0.13,0.14,0.15,0.16,0.17,0.18,0.19,0.2,0.21,0.22,0.23,0.24,0.25,0.26,0.27,0.28,0.29,0.300000,0.310000,0.32,0.33,0.34,0.35,0.36,0.37,0.38,0.39,0.4,0.41,0.42,0.43,0.44,0.45,0.46,0.47,0.48,0.49,0.500000,0.510000,0.520000,0.53,0.54,0.55,0.56,0.57,0.58,0.59,0.6,0.61,0.62,0.63,0.64,0.65,0.66,0.67,0.68,0.69,0.7,0.71,0.72,0.73,0.74,0.75,0.76,0.77,0.78,0.79,0.8,0.81,0.82,0.83,0.839999,0.849999,0.859999,0.869999,0.879999,0.889999,FLR,75.210571,115.758064,"130.919693,136.226898,138.212082,139.073975,139.520645,139.793869,139.981628,140.118591,140.231247,140.319580,140.382889,140.448334,140.503403,140.547394,140.599609,140.650391,140.669342,140.692596,140.728348,140.756607,140.761261,140.787003,140.798813,140.798813,140.819199,140.822769,140.830276,140.844223,140.852448,140.800598,140.774124,140.726562,140.708679,140.658264,140.637161,140.577072,140.556335,140.506271,140.429016,140.400055,140.351410,140.334610,140.252716,140.208008,140.172958,140.106079,140.036346,140.015244,139.975555,139.889008,139.865036,139.793152,139.710541,139.612198,139.578934,139.502045,139.440887,139.347198,140.171890,140.431519,140.455490,140.443680,140.425079,140.415070,140.403275,140.402557,140.408630,140.385025,140.384674,140.355713,140.331741,140.314941,140.299561,140.295624,140.284897,140.275604,140.270950,140.253418,140.250916,140.231247,140.203003,140.184753,140.174393,140.155792,140.152573,140.145065,140.133621,140.117172,PAR,6987.300293,6987.300293,6987.300293,6987.300293,6987.300293,6987.300293,6987.300293,6987.300293,6987.300293,6987.300293,6987.300293,6987.300293,6987.300293,6987.300293,6987.300293,6987.300293,6987.300293,6987.300293,6987.300293,6987.300293,6987.300293,6987.300293,6987.300293,6987.300293,6987.300293,6987.300293,6987.300293,6987.300293,6987.300293,6987.300293,6929.077148,6870.854004,6812.630859,6754.407715,6696.184570,6637.961914,6579.738770,6521.515625,6463.292480,6405.069336,6346.846680,6288.623535,6230.400391,6172.177246,6113.954102,6055.730957,5997.508301,5939.285156,5881.062012,5822.838867,5764.615723,5706.393066,5648.169922,5589.946777,5531.723633,5473.500488,5415.277344,5357.054688,5298.831543,5240.608398,6987.300293,6987.300293,6987.300293,6987.300293,6987.300293,6987.300293,6987.300293,6987.300293,6987.300293,6987.300293,6987.300293,6987.300293,6987.300293,6987.300293,6987.300293,6987.300293,6987.300293,6987.300293,6987.300293,6987.300293,6987.300293,6987.300293,6987.300293,6987.300293,6987.300293,6987.300293,6987.300293,6987.300293,6987.300293,6987.300293,PHASE,1,1,1,1,1,1,1,1,1,1,1,1,1,1,1,1,1,1,1,1,1,1,1,1,1,1,1,1,1,1,2,2,2,2,2,2,2,2,2,2,2,2,2,2,2,2,2,2,2,2,2,2,2,2,2,2,2,2,2,2,3,3,3,3,3,3,3,3,3,3,3,3,3,3,3,3,3,3,3,3,3,3,3,3,3,3,3,3,3,3,FLASH_END"
2026-06-22T19:50:09Z,3,upper,noon,18,12:50:09,2026-06-22,Auto gsw+F,LI-COR Default,NA,18,NA,NA,0.055381,2.919332,0.05435,0.792536,4.026612,4.007704,5.249411,1.222798,45.288116,45.501789,59.319733,0.441786,7.5,PSF-00548_20260622125009_23a,0,0,0,39.605141,154.403336,0.743496,0.5,0.8,17.49231,1,94.76,94.32,29.95,33.68,33.68,88.49,156.4,154.5,1.2,59,4.086,12:44:58,2026-06-22,-0.18,1,-0.003,-0.004,-9999,0.764,1.361,-9999,1,150,0.005,2,0.058905,0,0.02923,0,0,-6.8e-5,standard,0,mpf,7000,500,5,2,300,300,300,149.312851,25,-3.542576,148.476364,149.333313,-0.856949,2.52599,2.510467,1.657469,0.926655,0.224065,0.044704,0.117348,0.158872,39.605141,2.29e-4,2.389264,-6.4e-5,1,2.373994,-5e-5,1,0.600671,0.600225,0.107215,0,PSF-00548_20260622125009_23a,PFA-00618,PSA-00618,PSF-00548,RHS-0688,3.0.0,2022-04-21T19:36:20.491Z,MEASUREMENT_END
2026-06-22T19:50:09Z,3,upper,noon,PSF-00548_20260622125009_23a,12:50:09,2026-06-22,PFA-00618,PSA-00618,PSF-00548,0,0,0,154.403336,39.605141,0.743496,65.496155,NA,0,0.01,0.02,0.03,0.04,0.05,0.06,0.07,0.080000,0.09,0.1,0.11,0.12,0.13,0.14,0.15,0.16,0.17,0.18,0.19,0.2,0.21,0.22,0.23,0.24,0.25,0.26,0.27,0.28,0.29,0.300000,0.310000,0.32,0.33,0.34,0.35,0.36,0.37,0.38,0.39,0.4,0.41,0.42,0.43,0.44,0.45,0.46,0.47,0.48,0.49,0.500000,0.510000,0.520000,0.53,0.54,0.55,0.56,0.57,0.58,0.59,0.6,0.61,0.62,0.63,0.64,0.65,0.66,0.67,0.68,0.69,0.7,0.71,0.72,0.73,0.74,0.75,0.76,0.77,0.78,0.79,0.8,0.81,0.82,0.83,0.839999,0.849999,0.859999,0.869999,0.879999,0.889999,FLR,83.308342,124.233841,"140.053513,145.681854,147.591949,148.301117,148.606903,148.773911,148.887985,148.972397,149.046066,149.073242,149.138687,149.194839,149.209137,149.235245,149.259918,149.279953,149.299271,149.308197,149.312851,149.304993,149.286743,149.288895,149.271729,149.270294,149.268860,149.266724,149.263855,149.254196,149.262421,149.218445,149.190186,149.151917,149.114014,149.065735,149.055008,148.990631,148.968094,148.899078,148.824692,148.777481,148.720261,148.690216,148.592239,148.532867,148.488159,148.432373,148.360138,148.308990,148.264999,148.182388,148.113724,148.056503,147.989624,147.914886,147.879837,147.806519,147.734650,147.642014,148.255707,148.445251,148.476364,148.465988,148.437744,148.411270,148.406265,148.371216,148.351913,148.327942,148.308990,148.252487,148.217087,148.177383,148.136612,148.108368,148.083328,148.053284,148.024323,147.992844,147.964951,147.915955,147.886993,147.859818,147.840851,147.811539,147.779709,147.753952,147.734650,147.702820,PAR,6987.300293,6987.300293,6987.300293,6987.300293,6987.300293,6987.300293,6987.300293,6987.300293,6987.300293,6987.300293,6987.300293,6987.300293,6987.300293,6987.300293,6987.300293,6987.300293,6987.300293,6987.300293,6987.300293,6987.300293,6987.300293,6987.300293,6987.300293,6987.300293,6987.300293,6987.300293,6987.300293,6987.300293,6987.300293,6987.300293,6929.077148,6870.854004,6812.630859,6754.407715,6696.184570,6637.961914,6579.738770,6521.515625,6463.292480,6405.069336,6346.846680,6288.623535,6230.400391,6172.177246,6113.954102,6055.730957,5997.508301,5939.285156,5881.062012,5822.838867,5764.615723,5706.393066,5648.169922,5589.946777,5531.723633,5473.500488,5415.277344,5357.054688,5298.831543,5240.608398,6987.300293,6987.300293,6987.300293,6987.300293,6987.300293,6987.300293,6987.300293,6987.300293,6987.300293,6987.300293,6987.300293,6987.300293,6987.300293,6987.300293,6987.300293,6987.300293,6987.300293,6987.300293,6987.300293,6987.300293,6987.300293,6987.300293,6987.300293,6987.300293,6987.300293,6987.300293,6987.300293,6987.300293,6987.300293,6987.300293,PHASE,1,1,1,1,1,1,1,1,1,1,1,1,1,1,1,1,1,1,1,1,1,1,1,1,1,1,1,1,1,1,2,2,2,2,2,2,2,2,2,2,2,2,2,2,2,2,2,2,2,2,2,2,2,2,2,2,2,2,2,2,3,3,3,3,3,3,3,3,3,3,3,3,3,3,3,3,3,3,3,3,3,3,3,3,3,3,3,3,3,3,FLASH_END"
2026-06-22T19:51:21Z,4,lower,noon,19,12:51:21,2026-06-22,Auto gsw+F,LI-COR Default,NA,19,NA,NA,-0.163884,2.9206,-0.173627,-0.727156,4.223695,4.240987,4.575892,0.352197,47.923054,47.727665,51.707478,0.441786,7.5,PSF-00548_20260622125121_726,0,0,0,41.806339,178.969498,0.766405,0.5,0.8,4.435217,1,94.97,95.36,30.75,31.25,31.25,88.5,156.6,154.7,1.2,14,4.083,12:44:58,2026-06-22,-0.18,1,-0.004,0.002,-0.012,-0.01,-0.027,0.017,1,150,0.005,2,0.058905,0,0.02923,0,0,-6.8e-5,standard,0,mpf,7000,500,5,2,300,300,300,178.969498,25,0.798148,179.603226,180.111786,-0.50856,2.527185,2.510582,1.658778,0.927069,0.217148,0.006221,0.12671,0.119921,41.806339,2.26e-4,2.389264,-6.4e-5,1,2.373994,-5e-5,1,0.600671,0.600225,0.107215,0,PSF-00548_20260622125121_726,PFA-00618,PSA-00618,PSF-00548,RHS-0688,3.0.0,2022-04-21T19:36:20.491Z,MEASUREMENT_END
2026-06-22T19:51:21Z,4,lower,noon,PSF-00548_20260622125121_726,12:51:21,2026-06-22,PFA-00618,PSA-00618,PSF-00548,0,0,0,178.969498,41.806339,0.766405,21.145956,NA,0,0.01,0.02,0.03,0.04,0.05,0.06,0.07,0.080000,0.09,0.1,0.11,0.12,0.13,0.14,0.15,0.16,0.17,0.18,0.19,0.2,0.21,0.22,0.23,0.24,0.25,0.26,0.27,0.28,0.29,0.300000,0.310000,0.32,0.33,0.34,0.35,0.36,0.37,0.38,0.39,0.4,0.41,0.42,0.43,0.44,0.45,0.46,0.47,0.48,0.49,0.500000,0.510000,0.520000,0.53,0.54,0.55,0.56,0.57,0.58,0.59,0.6,0.61,0.62,0.63,0.64,0.65,0.66,0.67,0.68,0.69,0.7,0.71,0.72,0.73,0.74,0.75,0.76,0.77,0.78,0.79,0.8,0.81,0.82,0.83,0.839999,0.849999,0.859999,0.869999,0.879999,0.889999,FLR,100.951912,156.708954,"171.175003,174.653290,175.975082,176.701065,177.199966,177.555084,177.840469,178.045395,178.228500,178.345078,178.464172,178.555374,178.614731,178.677673,178.729538,178.771027,178.801056,178.816086,178.841827,178.850052,178.873306,178.879028,178.897614,178.907272,178.916931,178.930878,178.947327,178.969498,178.987030,178.975586,178.991669,179.020996,179.027084,179.045319,179.066055,179.066772,179.083588,179.107193,179.137939,179.145462,179.163330,179.173355,179.214828,179.210190,179.223053,179.249161,179.252029,179.264908,179.279572,179.279205,179.275986,179.304596,179.307816,179.298874,179.310684,179.320694,179.314972,179.310684,179.439789,179.587479,179.603226,179.597855,179.591415,179.574249,179.552078,179.563873,179.558517,179.532043,179.536697,179.512741,179.497711,179.490204,179.468033,179.439072,179.413315,179.394012,179.369690,179.328568,179.322479,179.270630,179.234497,179.195877,179.144379,179.088593,179.035660,178.992386,178.946609,178.891541,PAR,6987.300293,6987.300293,6987.300293,6987.300293,6987.300293,6987.300293,6987.300293,6987.300293,6987.300293,6987.300293,6987.300293,6987.300293,6987.300293,6987.300293,6987.300293,6987.300293,6987.300293,6987.300293,6987.300293,6987.300293,6987.300293,6987.300293,6987.300293,6987.300293,6987.300293,6987.300293,6987.300293,6987.300293,6987.300293,6987.300293,6929.077148,6870.854004,6812.630859,6754.407715,6696.184570,6637.961914,6579.738770,6521.515625,6463.292480,6405.069336,6346.846680,6288.623535,6230.400391,6172.177246,6113.954102,6055.730957,5997.508301,5939.285156,5881.062012,5822.838867,5764.615723,5706.393066,5648.169922,5589.946777,5531.723633,5473.500488,5415.277344,5357.054688,5298.831543,5240.608398,6987.300293,6987.300293,6987.300293,6987.300293,6987.300293,6987.300293,6987.300293,6987.300293,6987.300293,6987.300293,6987.300293,6987.300293,6987.300293,6987.300293,6987.300293,6987.300293,6987.300293,6987.300293,6987.300293,6987.300293,6987.300293,6987.300293,6987.300293,6987.300293,6987.300293,6987.300293,6987.300293,6987.300293,6987.300293,6987.300293,PHASE,1,1,1,1,1,1,1,1,1,1,1,1,1,1,1,1,1,1,1,1,1,1,1,1,1,1,1,1,1,1,2,2,2,2,2,2,2,2,2,2,2,2,2,2,2,2,2,2,2,2,2,2,2,2,2,2,2,2,2,2,3,3,3,3,3,3,3,3,3,3,3,3,3,3,3,3,3,3,3,3,3,3,3,3,3,3,3,3,3,3,FLASH_END"
2026-06-22T19:51:34Z,4,lower,noon,20,12:51:34,2026-06-22,Auto gsw+F,LI-COR Default,NA,20,NA,NA,-0.201404,2.910627,-0.216376,-0.928614,4.240276,4.262527,4.601103,0.360827,48.165783,47.914345,51.991631,0.441786,7.5,PSF-00548_20260622125134_f7f,0,0,0,40.852905,180.955414,0.774238,0.5,0.8,7.073977,1,95.08,95.58,30.8,31.35,31.35,88.5,155.3,153.9,0.9,23,4.047,12:44:58,2026-06-22,-0.18,1,-0.002,-0.003,-0.013,0.366,0.364,0.176,1,150,0.005,2,0.058905,0,0.02923,0,0,-6.8e-5,standard,0,mpf,7000,500,5,2,300,300,300,180.955414,25,1.703564,181.965714,183.393494,-1.42778,2.527472,2.510722,1.648592,0.925135,0.216733,0.00679,0.128232,0.127276,40.852905,2.26e-4,2.389264,-6.4e-5,1,2.373994,-5e-5,1,0.600671,0.600225,0.107215,0,PSF-00548_20260622125134_f7f,PFA-00618,PSA-00618,PSF-00548,RHS-0688,3.0.0,2022-04-21T19:36:20.491Z,MEASUREMENT_END
2026-06-22T19:51:34Z,4,lower,noon,PSF-00548_20260622125134_f7f,12:51:34,2026-06-22,PFA-00618,PSA-00618,PSF-00548,0,0,0,180.955414,40.852905,0.774238,29.520103,NA,0,0.01,0.02,0.03,0.04,0.05,0.06,0.07,0.080000,0.09,0.1,0.11,0.12,0.13,0.14,0.15,0.16,0.17,0.18,0.19,0.2,0.21,0.22,0.23,0.24,0.25,0.26,0.27,0.28,0.29,0.300000,0.310000,0.32,0.33,0.34,0.35,0.36,0.37,0.38,0.39,0.4,0.41,0.42,0.43,0.44,0.45,0.46,0.47,0.48,0.49,0.500000,0.510000,0.520000,0.53,0.54,0.55,0.56,0.57,0.58,0.59,0.6,0.61,0.62,0.63,0.64,0.65,0.66,0.67,0.68,0.69,0.7,0.71,0.72,0.73,0.74,0.75,0.76,0.77,0.78,0.79,0.8,0.81,0.82,0.83,0.839999,0.849999,0.859999,0.869999,0.879999,0.889999,FLR,98.557594,156.018021,"172.914856,176.921371,178.263901,178.906921,179.307816,179.559952,179.784897,179.939026,180.082794,180.186157,180.284500,180.370682,180.438995,180.498718,180.562378,180.609589,180.646774,180.683609,180.730820,180.745834,180.768005,180.809860,180.831314,180.860275,180.881744,180.900330,180.922867,180.955414,180.984375,181.022644,181.022995,181.076996,181.101685,181.160324,181.163910,181.208969,181.232925,181.261185,181.306244,181.321259,181.342361,181.374542,181.417465,181.426407,181.455734,181.483276,181.513306,181.528336,181.580185,181.581619,181.620239,181.651352,181.653854,181.673172,181.700714,181.737900,181.774017,181.750412,181.792618,181.932800,181.959274,181.959274,181.944611,181.956406,181.957840,181.954269,181.956055,181.950333,181.965714,181.950333,181.938522,181.936386,181.938171,181.923859,181.918854,181.902405,181.885239,181.874878,181.871292,181.851990,181.827301,181.808350,181.793335,181.763641,181.728607,181.708572,181.674957,181.633118,PAR,6987.300293,6987.300293,6987.300293,6987.300293,6987.300293,6987.300293,6987.300293,6987.300293,6987.300293,6987.300293,6987.300293,6987.300293,6987.300293,6987.300293,6987.300293,6987.300293,6987.300293,6987.300293,6987.300293,6987.300293,6987.300293,6987.300293,6987.300293,6987.300293,6987.300293,6987.300293,6987.300293,6987.300293,6987.300293,6987.300293,6929.077148,6870.854004,6812.630859,6754.407715,6696.184570,6637.961914,6579.738770,6521.515625,6463.292480,6405.069336,6346.846680,6288.623535,6230.400391,6172.177246,6113.954102,6055.730957,5997.508301,5939.285156,5881.062012,5822.838867,5764.615723,5706.393066,5648.169922,5589.946777,5531.723633,5473.500488,5415.277344,5357.054688,5298.831543,5240.608398,6987.300293,6987.300293,6987.300293,6987.300293,6987.300293,6987.300293,6987.300293,6987.300293,6987.300293,6987.300293,6987.300293,6987.300293,6987.300293,6987.300293,6987.300293,6987.300293,6987.300293,6987.300293,6987.300293,6987.300293,6987.300293,6987.300293,6987.300293,6987.300293,6987.300293,6987.300293,6987.300293,6987.300293,6987.300293,6987.300293,PHASE,1,1,1,1,1,1,1,1,1,1,1,1,1,1,1,1,1,1,1,1,1,1,1,1,1,1,1,1,1,1,2,2,2,2,2,2,2,2,2,2,2,2,2,2,2,2,2,2,2,2,2,2,2,2,2,2,2,2,2,2,3,3,3,3,3,3,3,3,3,3,3,3,3,3,3,3,3,3,3,3,3,3,3,3,3,3,3,3,3,3,FLASH_END"
2026-06-22T19:51:49Z,4,lower,noon,21,12:51:49,2026-06-22,Auto gsw+F,LI-COR Default,NA,21,NA,NA,-0.242058,2.904411,-0.264066,-1.128423,4.256919,4.284083,4.616116,0.359197,48.411274,48.104313,52.163338,0.441786,7.5,PSF-00548_20260622125149_c9d,0,0,0,45.370461,203.783524,0.777359,0.5,0.8,5.004952,1,95.18,95.79,30.85,31.4,31.4,88.49,154.6,152.4,1.4,16,4.082,12:44:58,2026-06-22,-0.18,1,-0.004,-0.004,-0.013,0.077,0.241,0.728,1,150,0.005,2,0.058905,0,0.02923,0,0,-6.8e-5,standard,0,mpf,7000,500,5,2,300,300,300,199.257019,25,-2.979873,198.418732,199.518829,-1.100098,2.527749,2.510856,1.642358,0.921301,0.216312,0.006884,0.130055,0.121351,45.370461,2.27e-4,2.389264,-6.4e-5,1,2.373994,-5e-5,1,0.600671,0.600225,0.107215,0,PSF-00548_20260622125149_c9d,PFA-00618,PSA-00618,PSF-00548,RHS-0688,3.0.0,2022-04-21T19:36:20.491Z,MEASUREMENT_END
2026-06-22T19:51:49Z,4,lower,noon,PSF-00548_20260622125149_c9d,12:51:49,2026-06-22,PFA-00618,PSA-00618,PSF-00548,0,0,0,203.783524,45.370461,0.777359,22.774363,NA,0,0.01,0.02,0.03,0.04,0.05,0.06,0.07,0.080000,0.09,0.1,0.11,0.12,0.13,0.14,0.15,0.16,0.17,0.18,0.19,0.2,0.21,0.22,0.23,0.24,0.25,0.26,0.27,0.28,0.29,0.300000,0.310000,0.32,0.33,0.34,0.35,0.36,0.37,0.38,0.39,0.4,0.41,0.42,0.43,0.44,0.45,0.46,0.47,0.48,0.49,0.500000,0.510000,0.520000,0.53,0.54,0.55,0.56,0.57,0.58,0.59,0.6,0.61,0.62,0.63,0.64,0.65,0.66,0.67,0.68,0.69,0.7,0.71,0.72,0.73,0.74,0.75,0.76,0.77,0.78,0.79,0.8,0.81,0.82,0.83,0.839999,0.849999,0.859999,0.869999,0.879999,0.889999,FLR,109.872940,170.065994,"186.893112,192.466736,194.913620,196.194290,196.927429,197.387344,197.695969,197.901245,198.078995,198.213821,198.328262,198.430893,198.522812,198.598984,198.671219,198.746323,198.806763,198.861832,198.928360,198.963409,199.003098,199.059967,199.092514,199.140076,199.168320,199.194077,199.227692,199.257019,199.279190,199.269531,199.268463,199.266312,199.269531,199.273468,199.276688,199.255234,199.252365,199.217316,199.186569,199.149734,199.107880,199.064255,198.995590,198.961975,198.906540,198.861481,198.778152,198.722717,198.660492,198.581451,198.499207,198.453064,198.358658,198.266022,198.207733,198.127625,198.059677,197.992798,198.235626,198.411591,198.418732,198.395493,198.340775,198.292130,198.248154,198.203796,198.180206,198.154800,198.128342,198.083633,198.048950,198.020691,197.967407,197.916626,197.844391,197.795746,197.740677,197.685593,197.654129,197.594757,197.561859,197.523239,197.429184,197.359802,197.284348,197.258942,197.206741,197.170609,PAR,6987.300293,6987.300293,6987.300293,6987.300293,6987.300293,6987.300293,6987.300293,6987.300293,6987.300293,6987.300293,6987.300293,6987.300293,6987.300293,6987.300293,6987.300293,6987.300293,6987.300293,6987.300293,6987.300293,6987.300293,6987.300293,6987.300293,6987.300293,6987.300293,6987.300293,6987.300293,6987.300293,6987.300293,6987.300293,6987.300293,6929.077148,6870.854004,6812.630859,6754.407715,6696.184570,6637.961914,6579.738770,6521.515625,6463.292480,6405.069336,6346.846680,6288.623535,6230.400391,6172.177246,6113.954102,6055.730957,5997.508301,5939.285156,5881.062012,5822.838867,5764.615723,5706.393066,5648.169922,5589.946777,5531.723633,5473.500488,5415.277344,5357.054688,5298.831543,5240.608398,6987.300293,6987.300293,6987.300293,6987.300293,6987.300293,6987.300293,6987.300293,6987.300293,6987.300293,6987.300293,6987.300293,6987.300293,6987.300293,6987.300293,6987.300293,6987.300293,6987.300293,6987.300293,6987.300293,6987.300293,6987.300293,6987.300293,6987.300293,6987.300293,6987.300293,6987.300293,6987.300293,6987.300293,6987.300293,6987.300293,PHASE,1,1,1,1,1,1,1,1,1,1,1,1,1,1,1,1,1,1,1,1,1,1,1,1,1,1,1,1,1,1,2,2,2,2,2,2,2,2,2,2,2,2,2,2,2,2,2,2,2,2,2,2,2,2,2,2,2,2,2,2,3,3,3,3,3,3,3,3,3,3,3,3,3,3,3,3,3,3,3,3,3,3,3,3,3,3,3,3,3,3,FLASH_END"
2026-06-22T19:52:09Z,4,upper,noon,22,12:52:09,2026-06-22,Auto gsw+F,LI-COR Default,NA,22,NA,NA,-0.044935,2.895306,-0.045643,-0.265461,4.316216,4.322646,4.804302,0.488086,48.85339,48.78072,54.296944,0.441786,7.5,PSF-00548_20260622125209_b27,0,0,0,50.790668,159.865662,0.682292,0.5,0.8,40.219604,1,95.8,95.94,30.98,32.11,32.11,88.48,153.5,151.2,1.5,147,4.083,12:44:58,2026-06-22,-0.18,1,-0.001,-0.003,-9999,0.085,0.202,-9999,1,150,0.005,2,0.058905,0,0.02923,0,0,-6.8e-5,standard,0,mpf,7000,500,5,2,300,300,300,157.6091,25,-1.776288,156.885986,157.323502,-0.437515,2.52792,2.511683,1.633378,0.918542,0.215213,0.013709,0.132474,0.236643,50.790668,2.26e-4,2.389264,-6.4e-5,1,2.373994,-5e-5,1,0.600671,0.600225,0.107215,0,PSF-00548_20260622125209_b27,PFA-00618,PSA-00618,PSF-00548,RHS-0688,3.0.0,2022-04-21T19:36:20.491Z,MEASUREMENT_END
2026-06-22T19:52:09Z,4,upper,noon,PSF-00548_20260622125209_b27,12:52:09,2026-06-22,PFA-00618,PSA-00618,PSF-00548,0,0,0,159.865662,50.790668,0.682292,154.047928,NA,0,0.01,0.02,0.03,0.04,0.05,0.06,0.07,0.080000,0.09,0.1,0.11,0.12,0.13,0.14,0.15,0.16,0.17,0.18,0.19,0.2,0.21,0.22,0.23,0.24,0.25,0.26,0.27,0.28,0.29,0.300000,0.310000,0.32,0.33,0.34,0.35,0.36,0.37,0.38,0.39,0.4,0.41,0.42,0.43,0.44,0.45,0.46,0.47,0.48,0.49,0.500000,0.510000,0.520000,0.53,0.54,0.55,0.56,0.57,0.58,0.59,0.6,0.61,0.62,0.63,0.64,0.65,0.66,0.67,0.68,0.69,0.7,0.71,0.72,0.73,0.74,0.75,0.76,0.77,0.78,0.79,0.8,0.81,0.82,0.83,0.839999,0.849999,0.859999,0.869999,0.879999,0.889999,FLR,102.482918,138.840439,"150.770905,154.951569,156.486160,157.109497,157.377365,157.502884,157.562256,157.587646,157.609100,157.596939,157.606247,157.596237,157.584427,157.584793,157.554382,157.537933,157.543655,157.526489,157.517548,157.488220,157.467133,157.447815,157.425278,157.408478,157.397385,157.384521,157.356613,157.343033,157.328720,157.300110,157.263641,157.244324,157.220367,157.195328,157.180664,157.137390,157.123093,157.085892,157.063721,157.028671,156.997559,156.970383,156.951431,156.913513,156.888489,156.859512,156.818741,156.798721,156.795151,156.738632,156.719681,156.687851,156.644577,156.619186,156.599518,156.565186,156.543015,156.502243,156.784058,156.885986,156.884903,156.884552,156.864517,156.857727,156.833405,156.823044,156.811951,156.791214,156.790497,156.768677,156.748291,156.734711,156.726486,156.700378,156.689636,156.668182,156.659607,156.621338,156.617050,156.568405,156.546234,156.525848,156.487579,156.460052,156.441452,156.418915,156.402832,156.357758,PAR,6987.300293,6987.300293,6987.300293,6987.300293,6987.300293,6987.300293,6987.300293,6987.300293,6987.300293,6987.300293,6987.300293,6987.300293,6987.300293,6987.300293,6987.300293,6987.300293,6987.300293,6987.300293,6987.300293,6987.300293,6987.300293,6987.300293,6987.300293,6987.300293,6987.300293,6987.300293,6987.300293,6987.300293,6987.300293,6987.300293,6929.077148,6870.854004,6812.630859,6754.407715,6696.184570,6637.961914,6579.738770,6521.515625,6463.292480,6405.069336,6346.846680,6288.623535,6230.400391,6172.177246,6113.954102,6055.730957,5997.508301,5939.285156,5881.062012,5822.838867,5764.615723,5706.393066,5648.169922,5589.946777,5531.723633,5473.500488,5415.277344,5357.054688,5298.831543,5240.608398,6987.300293,6987.300293,6987.300293,6987.300293,6987.300293,6987.300293,6987.300293,6987.300293,6987.300293,6987.300293,6987.300293,6987.300293,6987.300293,6987.300293,6987.300293,6987.300293,6987.300293,6987.300293,6987.300293,6987.300293,6987.300293,6987.300293,6987.300293,6987.300293,6987.300293,6987.300293,6987.300293,6987.300293,6987.300293,6987.300293,PHASE,1,1,1,1,1,1,1,1,1,1,1,1,1,1,1,1,1,1,1,1,1,1,1,1,1,1,1,1,1,1,2,2,2,2,2,2,2,2,2,2,2,2,2,2,2,2,2,2,2,2,2,2,2,2,2,2,2,2,2,2,3,3,3,3,3,3,3,3,3,3,3,3,3,3,3,3,3,3,3,3,3,3,3,3,3,3,3,3,3,3,FLASH_END"
2026-06-22T19:52:17Z,4,upper,noon,23,12:52:17,2026-06-22,Auto gsw+F,LI-COR Default,NA,23,NA,NA,0.00634,2.885013,0.006326,0.036954,4.345494,4.344592,4.835584,0.49009,49.101284,49.111477,54.650326,0.441786,7.5,PSF-00548_20260622125217_063,0,0,0,50.857903,162.047897,0.686155,0.5,0.8,39.044518,1,95.95,95.93,31.07,32.22,32.22,88.48,152.3,151,0.9,142,4.081,12:44:58,2026-06-22,-0.18,1,-0.004,-0.002,-9999,0.479,0.793,-9999,1,150,0.005,2,0.058905,0,0.02923,0,0,-6.8e-5,standard,0,mpf,7000,500,5,2,300,300,300,159.677979,25,-1.744471,159.140106,159.55127,-0.411163,2.527883,2.511879,1.623432,0.917954,0.21445,0.014011,0.133416,0.232154,50.857903,2.26e-4,2.389264,-6.4e-5,1,2.373994,-5e-5,1,0.600671,0.600225,0.107215,0,PSF-00548_20260622125217_063,PFA-00618,PSA-00618,PSF-00548,RHS-0688,3.0.0,2022-04-21T19:36:20.491Z,MEASUREMENT_END
2026-06-22T19:52:17Z,4,upper,noon,PSF-00548_20260622125217_063,12:52:17,2026-06-22,PFA-00618,PSA-00618,PSF-00548,0,0,0,162.047897,50.857903,0.686155,148.936707,NA,0,0.01,0.02,0.03,0.04,0.05,0.06,0.07,0.080000,0.09,0.1,0.11,0.12,0.13,0.14,0.15,0.16,0.17,0.18,0.19,0.2,0.21,0.22,0.23,0.24,0.25,0.26,0.27,0.28,0.29,0.300000,0.310000,0.32,0.33,0.34,0.35,0.36,0.37,0.38,0.39,0.4,0.41,0.42,0.43,0.44,0.45,0.46,0.47,0.48,0.49,0.500000,0.510000,0.520000,0.53,0.54,0.55,0.56,0.57,0.58,0.59,0.6,0.61,0.62,0.63,0.64,0.65,0.66,0.67,0.68,0.69,0.7,0.71,0.72,0.73,0.74,0.75,0.76,0.77,0.78,0.79,0.8,0.81,0.82,0.83,0.839999,0.849999,0.859999,0.869999,0.879999,0.889999,FLR,103.788612,141.341324,"153.394821,157.316925,158.658386,159.191605,159.420135,159.531357,159.596436,159.634705,159.659027,159.666183,159.666901,159.677979,159.669754,159.666183,159.668686,159.667618,159.646866,159.637207,159.642578,159.625763,159.612183,159.603241,159.591080,159.579636,159.557816,159.549591,159.538864,159.532074,159.536011,159.496658,159.478424,159.476990,159.453033,159.417267,159.409042,159.361481,159.358978,159.317490,159.298187,159.264557,159.238098,159.227020,159.204834,159.168716,159.134384,159.115784,159.071091,159.051773,159.031036,158.981674,158.973816,158.938766,158.884399,158.840424,158.814667,158.798218,158.768890,158.720978,159.044617,159.140106,159.135818,159.122589,159.083603,159.074310,159.061783,159.049988,159.027451,158.988113,158.992050,158.959503,158.941986,158.925537,158.899780,158.878677,158.854004,158.844711,158.826477,158.802872,158.802155,158.765671,158.739212,158.716675,158.700592,158.668762,158.647293,158.628342,158.607956,158.579712,PAR,6987.300293,6987.300293,6987.300293,6987.300293,6987.300293,6987.300293,6987.300293,6987.300293,6987.300293,6987.300293,6987.300293,6987.300293,6987.300293,6987.300293,6987.300293,6987.300293,6987.300293,6987.300293,6987.300293,6987.300293,6987.300293,6987.300293,6987.300293,6987.300293,6987.300293,6987.300293,6987.300293,6987.300293,6987.300293,6987.300293,6929.077148,6870.854004,6812.630859,6754.407715,6696.184570,6637.961914,6579.738770,6521.515625,6463.292480,6405.069336,6346.846680,6288.623535,6230.400391,6172.177246,6113.954102,6055.730957,5997.508301,5939.285156,5881.062012,5822.838867,5764.615723,5706.393066,5648.169922,5589.946777,5531.723633,5473.500488,5415.277344,5357.054688,5298.831543,5240.608398,6987.300293,6987.300293,6987.300293,6987.300293,6987.300293,6987.300293,6987.300293,6987.300293,6987.300293,6987.300293,6987.300293,6987.300293,6987.300293,6987.300293,6987.300293,6987.300293,6987.300293,6987.300293,6987.300293,6987.300293,6987.300293,6987.300293,6987.300293,6987.300293,6987.300293,6987.300293,6987.300293,6987.300293,6987.300293,6987.300293,PHASE,1,1,1,1,1,1,1,1,1,1,1,1,1,1,1,1,1,1,1,1,1,1,1,1,1,1,1,1,1,1,2,2,2,2,2,2,2,2,2,2,2,2,2,2,2,2,2,2,2,2,2,2,2,2,2,2,2,2,2,2,3,3,3,3,3,3,3,3,3,3,3,3,3,3,3,3,3,3,3,3,3,3,3,3,3,3,3,3,3,3,FLASH_END"
2026-06-22T19:52:26Z,4,upper,noon,24,12:52:26,2026-06-22,Auto gsw+F,LI-COR Default,NA,24,NA,NA,0.032909,2.882588,0.032538,0.185394,4.371779,4.367248,4.849675,0.477895,49.356079,49.407291,54.808186,0.441786,7.5,PSF-00548_20260622125226_4e6,0,0,0,48.706413,165.40509,0.705533,0.5,0.8,36.634338,1,96.02,95.92,31.16,32.27,32.27,88.48,152,149.9,1.4,130,4.079,12:44:58,2026-06-22,-0.18,1,-0.003,0.001,-9999,0.29,0.456,-9999,1,150,0.005,2,0.058905,0,0.02923,0,0,-6.8e-5,standard,0,mpf,7000,500,5,2,300,300,300,162.651306,25,-2.064457,161.991119,162.4505,-0.459381,2.527833,2.511946,1.62112,0.915336,0.213655,0.01351,0.134354,0.221222,48.706413,2.29e-4,2.389264,-6.4e-5,1,2.373994,-5e-5,1,0.600671,0.600225,0.107215,0,PSF-00548_20260622125226_4e6,PFA-00618,PSA-00618,PSF-00548,RHS-0688,3.0.0,2022-04-21T19:36:20.491Z,MEASUREMENT_END
2026-06-22T19:52:26Z,4,upper,noon,PSF-00548_20260622125226_4e6,12:52:26,2026-06-22,PFA-00618,PSA-00618,PSF-00548,0,0,0,165.40509,48.706413,0.705533,136.489304,NA,0,0.01,0.02,0.03,0.04,0.05,0.06,0.07,0.080000,0.09,0.1,0.11,0.12,0.13,0.14,0.15,0.16,0.17,0.18,0.19,0.2,0.21,0.22,0.23,0.24,0.25,0.26,0.27,0.28,0.29,0.300000,0.310000,0.32,0.33,0.34,0.35,0.36,0.37,0.38,0.39,0.4,0.41,0.42,0.43,0.44,0.45,0.46,0.47,0.48,0.49,0.500000,0.510000,0.520000,0.53,0.54,0.55,0.56,0.57,0.58,0.59,0.6,0.61,0.62,0.63,0.64,0.65,0.66,0.67,0.68,0.69,0.7,0.71,0.72,0.73,0.74,0.75,0.76,0.77,0.78,0.79,0.8,0.81,0.82,0.83,0.839999,0.849999,0.859999,0.869999,0.879999,0.889999,FLR,102.289436,142.295837,"155.457260,159.801727,161.370270,162.011139,162.297241,162.458893,162.544373,162.587280,162.631989,162.623413,162.624832,162.638428,162.637711,162.641281,162.651306,162.640930,162.634491,162.624832,162.621262,162.599442,162.572617,162.569763,162.538284,162.527206,162.515045,162.497162,162.486084,162.459976,162.452820,162.413116,162.396667,162.360901,162.324783,162.299759,162.263626,162.251465,162.227509,162.179947,162.140610,162.103058,162.079803,162.049774,162.020798,161.965012,161.934967,161.906006,161.862366,161.848785,161.828400,161.770462,161.753662,161.723251,161.669250,161.632416,161.608459,161.579132,161.536575,161.478638,161.884552,161.991119,161.988251,161.978607,161.966797,161.946777,161.913879,161.893127,161.885254,161.860229,161.850220,161.824829,161.810165,161.785126,161.769394,161.744720,161.722534,161.709671,161.696075,161.665314,161.644928,161.612747,161.588425,161.570557,161.535141,161.516190,161.481506,161.447174,161.430008,161.411407,PAR,6987.300293,6987.300293,6987.300293,6987.300293,6987.300293,6987.300293,6987.300293,6987.300293,6987.300293,6987.300293,6987.300293,6987.300293,6987.300293,6987.300293,6987.300293,6987.300293,6987.300293,6987.300293,6987.300293,6987.300293,6987.300293,6987.300293,6987.300293,6987.300293,6987.300293,6987.300293,6987.300293,6987.300293,6987.300293,6987.300293,6929.077148,6870.854004,6812.630859,6754.407715,6696.184570,6637.961914,6579.738770,6521.515625,6463.292480,6405.069336,6346.846680,6288.623535,6230.400391,6172.177246,6113.954102,6055.730957,5997.508301,5939.285156,5881.062012,5822.838867,5764.615723,5706.393066,5648.169922,5589.946777,5531.723633,5473.500488,5415.277344,5357.054688,5298.831543,5240.608398,6987.300293,6987.300293,6987.300293,6987.300293,6987.300293,6987.300293,6987.300293,6987.300293,6987.300293,6987.300293,6987.300293,6987.300293,6987.300293,6987.300293,6987.300293,6987.300293,6987.300293,6987.300293,6987.300293,6987.300293,6987.300293,6987.300293,6987.300293,6987.300293,6987.300293,6987.300293,6987.300293,6987.300293,6987.300293,6987.300293,PHASE,1,1,1,1,1,1,1,1,1,1,1,1,1,1,1,1,1,1,1,1,1,1,1,1,1,1,1,1,1,1,2,2,2,2,2,2,2,2,2,2,2,2,2,2,2,2,2,2,2,2,2,2,2,2,2,2,2,2,2,2,3,3,3,3,3,3,3,3,3,3,3,3,3,3,3,3,3,3,3,3,3,3,3,3,3,3,3,3,3,3,FLASH_END"
2026-06-23T01:46:51Z,1,lower,afternoon,1,18:46:51,2026-06-22,Auto gsw+F,LI-COR Default,NA,1,NA,NA,-0.363669,2.920658,-0.415391,-2.165501,3.090208,3.142316,3.533629,0.443421,35.558624,34.968971,39.986752,0.441786,7.5,PSF-01793_20260622184651_61e,0,0,0,154.755234,482.007629,0.678936,0.5,0.8,1.01473,1,88.34,89.83,26.61,26.78,26.78,88.37,156.6,156.7,-0.1,4,4.117,18:46:23,2026-06-22,-1.47,1,-0.005,-0.004,-0.012,-0.65,-1.304,-4.024,1,150,0.005,2,0.058905,0,0.02923,0,0,-6.8e-5,standard,0,mpf,7000,500,5,2,300,300,300,482.007629,25,3.71046,480.407593,487.325439,-6.917847,2.598533,2.563091,1.69305,0.947316,0.255794,0.00339,0.096157,0.109846,154.755234,3.91e-4,2.449094,1.8e-5,1,2.418127,-1e-6,1,0.602037,0.600124,0.106561,0,PSF-01793_20260622184651_61e,PFA-01559,PSA-01670,PSF-01793,RHS-2569,3.0.0,2024-07-09T18:52:43.055Z,MEASUREMENT_END
2026-06-23T01:46:51Z,1,lower,afternoon,PSF-01793_20260622184651_61e,18:46:51,2026-06-22,PFA-01559,PSA-01670,PSF-01793,0,0,0,482.007629,154.755234,0.678936,10.421721,NA,0,0.01,0.02,0.03,0.04,0.05,0.06,0.07,0.080000,0.09,0.1,0.11,0.12,0.13,0.14,0.15,0.16,0.17,0.18,0.19,0.2,0.21,0.22,0.23,0.24,0.25,0.26,0.27,0.28,0.29,0.300000,0.310000,0.32,0.33,0.34,0.35,0.36,0.37,0.38,0.39,0.4,0.41,0.42,0.43,0.44,0.45,0.46,0.47,0.48,0.49,0.500000,0.510000,0.520000,0.53,0.54,0.55,0.56,0.57,0.58,0.59,0.6,0.61,0.62,0.63,0.64,0.65,0.66,0.67,0.68,0.69,0.7,0.71,0.72,0.73,0.74,0.75,0.76,0.77,0.78,0.79,0.8,0.81,0.82,0.83,0.839999,0.849999,0.859999,0.869999,0.879999,0.889999,FLR,355.136627,454.837921,"467.198242,471.519470,474.465973,476.727234,478.429199,479.630463,480.481262,481.046326,481.464386,481.683624,481.837402,481.938232,481.983673,482.007629,481.967224,481.918579,481.879242,481.837036,481.790894,481.688965,481.611725,481.560577,481.518738,481.447937,481.394287,481.338501,481.286987,481.238373,481.212250,481.299530,481.248383,481.398224,481.325623,481.489410,481.432556,481.542694,481.474396,481.577393,481.725098,481.629242,481.735107,481.701141,481.813782,481.926788,481.875305,481.980804,482.096313,482.054474,482.224701,482.300873,482.289429,482.406006,482.517242,482.642426,482.652771,482.785461,482.903839,483.026154,480.396881,480.407593,480.366455,480.278839,480.233429,480.159760,480.103973,480.039612,479.984528,479.953766,479.930878,479.832886,479.773163,479.723083,479.669098,479.618683,479.548218,479.483856,479.420197,479.330780,479.313263,479.201324,479.122284,479.036804,478.950623,478.850494,478.732819,478.667725,478.566528,478.513611,PAR,6977.404297,6977.404297,6977.404297,6977.404297,6977.404297,6977.404297,6977.404297,6977.404297,6977.404297,6977.404297,6977.404297,6977.404297,6977.404297,6977.404297,6977.404297,6977.404297,6977.404297,6977.404297,6977.404297,6977.404297,6977.404297,6977.404297,6977.404297,6977.404297,6977.404297,6977.404297,6977.404297,6977.404297,6977.404297,6977.404297,6919.270508,6861.136719,6803.002441,6744.868652,6686.734863,6628.601074,6570.466797,6512.333008,6454.199219,6396.064941,6337.931152,6279.797363,6221.663574,6163.529297,6105.395508,6047.261719,5989.127441,5930.993652,5872.859863,5814.726074,5756.591797,5698.458008,5640.324219,5582.189941,5524.056152,5465.922363,5407.788086,5349.654297,5291.520508,5233.386719,6977.404297,6977.404297,6977.404297,6977.404297,6977.404297,6977.404297,6977.404297,6977.404297,6977.404297,6977.404297,6977.404297,6977.404297,6977.404297,6977.404297,6977.404297,6977.404297,6977.404297,6977.404297,6977.404297,6977.404297,6977.404297,6977.404297,6977.404297,6977.404297,6977.404297,6977.404297,6977.404297,6977.404297,6977.404297,6977.404297,PHASE,1,1,1,1,1,1,1,1,1,1,1,1,1,1,1,1,1,1,1,1,1,1,1,1,1,1,1,1,1,1,2,2,2,2,2,2,2,2,2,2,2,2,2,2,2,2,2,2,2,2,2,2,2,2,2,2,2,2,2,2,3,3,3,3,3,3,3,3,3,3,3,3,3,3,3,3,3,3,3,3,3,3,3,3,3,3,3,3,3,3,FLASH_END"
2026-06-23T01:47:13Z,1,lower,afternoon,2,18:47:13,2026-06-22,Auto gsw+F,LI-COR Default,NA,2,NA,NA,-0.413791,2.921714,-0.482064,-2.597077,3.132628,3.195042,3.590637,0.458009,36.152615,35.446388,40.628868,0.441786,7.5,PSF-01793_20260622184713_2dc,0,0,0,163.86795,506.043091,0.676178,0.5,0.8,0.997184,1,88.56,90.33,26.8,27.05,27.05,88.38,156.7,156.6,0.1,4,4.116,18:46:23,2026-06-22,-1.47,1,-0.002,-0.003,-0.01,1.637,3.641,8.419,1,150,0.005,2,0.058905,0,0.02923,0,0,-6.8e-5,standard,0,mpf,7000,500,5,2,300,300,300,506.043091,25,4.214619,504.961975,512.083496,-7.121521,2.599295,2.563406,1.694183,0.947156,0.253874,0.004342,0.098854,0.109802,163.86795,3.81e-4,2.449094,1.8e-5,1,2.418127,-1e-6,1,0.602037,0.600124,0.106561,0,PSF-01793_20260622184713_2dc,PFA-01559,PSA-01670,PSF-01793,RHS-2569,3.0.0,2024-07-09T18:52:43.055Z,MEASUREMENT_END
2026-06-23T01:47:13Z,1,lower,afternoon,PSF-01793_20260622184713_2dc,18:47:13,2026-06-22,PFA-01559,PSA-01670,PSF-01793,0,0,0,506.043091,163.86795,0.676178,10.372091,NA,0,0.01,0.02,0.03,0.04,0.05,0.06,0.07,0.080000,0.09,0.1,0.11,0.12,0.13,0.14,0.15,0.16,0.17,0.18,0.19,0.2,0.21,0.22,0.23,0.24,0.25,0.26,0.27,0.28,0.29,0.300000,0.310000,0.32,0.33,0.34,0.35,0.36,0.37,0.38,0.39,0.4,0.41,0.42,0.43,0.44,0.45,0.46,0.47,0.48,0.49,0.500000,0.510000,0.520000,0.53,0.54,0.55,0.56,0.57,0.58,0.59,0.6,0.61,0.62,0.63,0.64,0.65,0.66,0.67,0.68,0.69,0.7,0.71,0.72,0.73,0.74,0.75,0.76,0.77,0.78,0.79,0.8,0.81,0.82,0.83,0.839999,0.849999,0.859999,0.869999,0.879999,0.889999,FLR,365.524292,470.925079,"488.692047,495.403290,499.097931,501.413940,502.969971,503.995667,504.680145,505.108948,505.432953,505.584595,505.702972,505.803833,505.861053,505.922211,505.975128,505.960449,505.984772,506.010529,506.043091,506.004089,506.001587,505.976562,505.942230,505.919708,505.886444,505.854614,505.800232,505.773773,505.749451,505.862823,505.828491,505.982635,505.915405,506.059875,506.038422,506.132477,506.081329,506.210815,506.355652,506.276245,506.378876,506.357086,506.464722,506.602753,506.589539,506.715057,506.844177,506.822693,506.976135,507.071259,507.049438,507.187836,507.285828,507.401703,507.407776,507.530457,507.632385,507.753265,504.954102,504.961975,504.888306,504.797089,504.705536,504.618988,504.538544,504.452362,504.359711,504.290344,504.236694,504.149078,504.059662,503.982056,503.903748,503.821136,503.727783,503.594391,503.421295,503.266083,503.136292,502.905975,502.766144,502.609497,502.493988,502.360596,502.240417,502.095947,501.960388,501.795898,PAR,6977.404297,6977.404297,6977.404297,6977.404297,6977.404297,6977.404297,6977.404297,6977.404297,6977.404297,6977.404297,6977.404297,6977.404297,6977.404297,6977.404297,6977.404297,6977.404297,6977.404297,6977.404297,6977.404297,6977.404297,6977.404297,6977.404297,6977.404297,6977.404297,6977.404297,6977.404297,6977.404297,6977.404297,6977.404297,6977.404297,6919.270508,6861.136719,6803.002441,6744.868652,6686.734863,6628.601074,6570.466797,6512.333008,6454.199219,6396.064941,6337.931152,6279.797363,6221.663574,6163.529297,6105.395508,6047.261719,5989.127441,5930.993652,5872.859863,5814.726074,5756.591797,5698.458008,5640.324219,5582.189941,5524.056152,5465.922363,5407.788086,5349.654297,5291.520508,5233.386719,6977.404297,6977.404297,6977.404297,6977.404297,6977.404297,6977.404297,6977.404297,6977.404297,6977.404297,6977.404297,6977.404297,6977.404297,6977.404297,6977.404297,6977.404297,6977.404297,6977.404297,6977.404297,6977.404297,6977.404297,6977.404297,6977.404297,6977.404297,6977.404297,6977.404297,6977.404297,6977.404297,6977.404297,6977.404297,6977.404297,PHASE,1,1,1,1,1,1,1,1,1,1,1,1,1,1,1,1,1,1,1,1,1,1,1,1,1,1,1,1,1,1,2,2,2,2,2,2,2,2,2,2,2,2,2,2,2,2,2,2,2,2,2,2,2,2,2,2,2,2,2,2,3,3,3,3,3,3,3,3,3,3,3,3,3,3,3,3,3,3,3,3,3,3,3,3,3,3,3,3,3,3,FLASH_END"
2026-06-23T01:47:28Z,1,lower,afternoon,3,18:47:28,2026-06-22,Auto gsw+F,LI-COR Default,NA,3,NA,NA,-0.416656,2.922319,-0.48594,-2.63397,3.168244,3.231492,3.628884,0.46064,36.562889,35.847267,41.059204,0.441786,7.5,PSF-01793_20260622184728_ec7,0,0,0,128.897675,491.134399,0.737551,0.5,0.8,0.855221,1,88.9,90.67,26.93,27.24,27.24,88.38,156.8,156.5,0.2,3,4.112,18:46:23,2026-06-22,-1.47,1,-0.003,-0.003,-0.014,1.312,2.656,5.114,1,150,0.005,2,0.058905,0,0.02923,0,0,-6.8e-5,standard,0,mpf,7000,500,5,2,300,300,300,490.175842,25,-1.280345,486.342773,489.299408,-2.956635,2.599825,2.563901,1.694834,0.946988,0.252579,0.004941,0.10075,0.109109,128.897675,3.85e-4,2.449094,1.8e-5,1,2.418127,-1e-6,1,0.602037,0.600124,0.106561,0,PSF-01793_20260622184728_ec7,PFA-01559,PSA-01670,PSF-01793,RHS-2569,3.0.0,2024-07-09T18:52:43.055Z,MEASUREMENT_END
2026-06-23T01:47:28Z,1,lower,afternoon,PSF-01793_20260622184728_ec7,18:47:28,2026-06-22,PFA-01559,PSA-01670,PSF-01793,0,0,0,491.134399,128.897675,0.737551,9.584104,NA,0,0.01,0.02,0.03,0.04,0.05,0.06,0.07,0.080000,0.09,0.1,0.11,0.12,0.13,0.14,0.15,0.16,0.17,0.18,0.19,0.2,0.21,0.22,0.23,0.24,0.25,0.26,0.27,0.28,0.29,0.300000,0.310000,0.32,0.33,0.34,0.35,0.36,0.37,0.38,0.39,0.4,0.41,0.42,0.43,0.44,0.45,0.46,0.47,0.48,0.49,0.500000,0.510000,0.520000,0.53,0.54,0.55,0.56,0.57,0.58,0.59,0.6,0.61,0.62,0.63,0.64,0.65,0.66,0.67,0.68,0.69,0.7,0.71,0.72,0.73,0.74,0.75,0.76,0.77,0.78,0.79,0.8,0.81,0.82,0.83,0.839999,0.849999,0.859999,0.869999,0.879999,0.889999,FLR,320.752136,445.352539,"472.407104,480.844971,484.526764,486.526245,487.752197,488.527191,489.078644,489.425537,489.710205,489.863647,490.007050,490.103973,490.155090,490.175842,490.172272,490.151886,490.141510,490.109314,490.105042,490.043518,489.974152,489.895111,489.774597,489.689117,489.610443,489.503143,489.417328,489.329681,489.295715,489.312897,489.197021,489.303589,489.203094,489.316101,489.224548,489.257446,489.152313,489.162323,489.228485,489.080078,489.122986,488.954193,488.923431,488.942749,488.850830,488.894470,488.943451,488.850830,488.915558,488.876953,488.757141,488.767853,488.795410,488.826508,488.750336,488.788239,488.831512,488.856903,486.342773,486.304535,486.211182,486.089233,485.974060,485.906128,485.873230,485.824219,485.788818,485.762726,485.778107,485.748779,485.729095,485.719788,485.700500,485.657562,485.579956,485.545990,485.470886,485.370758,485.289917,485.139740,484.993103,484.882965,484.776367,484.629395,484.480621,484.359375,484.220612,484.084717,PAR,6977.404297,6977.404297,6977.404297,6977.404297,6977.404297,6977.404297,6977.404297,6977.404297,6977.404297,6977.404297,6977.404297,6977.404297,6977.404297,6977.404297,6977.404297,6977.404297,6977.404297,6977.404297,6977.404297,6977.404297,6977.404297,6977.404297,6977.404297,6977.404297,6977.404297,6977.404297,6977.404297,6977.404297,6977.404297,6977.404297,6919.270508,6861.136719,6803.002441,6744.868652,6686.734863,6628.601074,6570.466797,6512.333008,6454.199219,6396.064941,6337.931152,6279.797363,6221.663574,6163.529297,6105.395508,6047.261719,5989.127441,5930.993652,5872.859863,5814.726074,5756.591797,5698.458008,5640.324219,5582.189941,5524.056152,5465.922363,5407.788086,5349.654297,5291.520508,5233.386719,6977.404297,6977.404297,6977.404297,6977.404297,6977.404297,6977.404297,6977.404297,6977.404297,6977.404297,6977.404297,6977.404297,6977.404297,6977.404297,6977.404297,6977.404297,6977.404297,6977.404297,6977.404297,6977.404297,6977.404297,6977.404297,6977.404297,6977.404297,6977.404297,6977.404297,6977.404297,6977.404297,6977.404297,6977.404297,6977.404297,PHASE,1,1,1,1,1,1,1,1,1,1,1,1,1,1,1,1,1,1,1,1,1,1,1,1,1,1,1,1,1,1,2,2,2,2,2,2,2,2,2,2,2,2,2,2,2,2,2,2,2,2,2,2,2,2,2,2,2,2,2,2,3,3,3,3,3,3,3,3,3,3,3,3,3,3,3,3,3,3,3,3,3,3,3,3,3,3,3,3,3,3,FLASH_END"
2026-06-23T01:48:43Z,2,lower,afternoon,4,18:48:43,2026-06-22,Auto gsw+F,LI-COR Default,NA,4,NA,NA,0.164014,2.813828,0.15498,1.03425,3.484893,3.45807,4.049312,0.564419,39.143238,39.446857,45.835732,0.441786,7.5,PSF-01793_20260622184843_ac4,0,0,0,52.132843,246.731964,0.788707,0.5,0.8,1.417506,1,92.44,91.73,27.89,29.12,29.12,88.34,144.6,144.8,-0.1,4,4.111,18:46:23,2026-06-22,-1.47,1,-0.002,-0.002,0.015,0.084,0.191,0.651,1,150,0.005,2,0.058905,0,0.02923,0,0,-6.8e-5,standard,0,mpf,7000,500,5,2,300,300,300,243.662949,25,-2.076479,242.822525,243.755951,-0.933426,2.60145,2.569327,1.590524,0.916822,0.24315,0.015898,0.110391,0.110511,52.132843,3.91e-4,2.449094,1.8e-5,1,2.418127,-1e-6,1,0.602037,0.600124,0.106561,0,PSF-01793_20260622184843_ac4,PFA-01559,PSA-01670,PSF-01793,RHS-2569,3.0.0,2024-07-09T18:52:43.055Z,MEASUREMENT_END
2026-06-23T01:48:43Z,2,lower,afternoon,PSF-01793_20260622184843_ac4,18:48:43,2026-06-22,PFA-01559,PSA-01670,PSF-01793,0,0,0,246.731964,52.132843,0.788707,11.178385,NA,0,0.01,0.02,0.03,0.04,0.05,0.06,0.07,0.080000,0.09,0.1,0.11,0.12,0.13,0.14,0.15,0.16,0.17,0.18,0.19,0.2,0.21,0.22,0.23,0.24,0.25,0.26,0.27,0.28,0.29,0.300000,0.310000,0.32,0.33,0.34,0.35,0.36,0.37,0.38,0.39,0.4,0.41,0.42,0.43,0.44,0.45,0.46,0.47,0.48,0.49,0.500000,0.510000,0.520000,0.53,0.54,0.55,0.56,0.57,0.58,0.59,0.6,0.61,0.62,0.63,0.64,0.65,0.66,0.67,0.68,0.69,0.7,0.71,0.72,0.73,0.74,0.75,0.76,0.77,0.78,0.79,0.8,0.81,0.82,0.83,0.839999,0.849999,0.859999,0.869999,0.879999,0.889999,FLR,117.114189,191.019058,"221.117020,231.791504,236.182449,238.357193,239.631409,240.470764,241.065506,241.518265,241.884109,242.156982,242.387299,242.605453,242.792130,242.948059,243.088608,243.209488,243.299957,243.370773,243.463043,243.508102,243.552811,243.581772,243.602158,243.622543,243.649368,243.662949,243.654373,243.655090,243.644714,243.646149,243.623978,243.633270,243.630402,243.635422,243.614319,243.558167,243.514542,243.489502,243.484497,243.441589,243.414047,243.383652,243.373276,243.320343,243.292816,243.263489,243.215210,243.181946,243.151550,243.100052,243.031387,242.997055,242.946976,242.912292,242.869736,242.832901,242.787125,242.737411,242.628693,242.798920,242.822525,242.810364,242.773178,242.740982,242.703796,242.677689,242.643707,242.608307,242.595078,242.532852,242.489578,242.452744,242.409103,242.374420,242.323990,242.284302,242.247467,242.212769,242.172363,242.101547,242.048981,241.997116,241.951340,241.901642,241.845123,241.806152,241.746063,241.704941,PAR,6977.404297,6977.404297,6977.404297,6977.404297,6977.404297,6977.404297,6977.404297,6977.404297,6977.404297,6977.404297,6977.404297,6977.404297,6977.404297,6977.404297,6977.404297,6977.404297,6977.404297,6977.404297,6977.404297,6977.404297,6977.404297,6977.404297,6977.404297,6977.404297,6977.404297,6977.404297,6977.404297,6977.404297,6977.404297,6977.404297,6919.270508,6861.136719,6803.002441,6744.868652,6686.734863,6628.601074,6570.466797,6512.333008,6454.199219,6396.064941,6337.931152,6279.797363,6221.663574,6163.529297,6105.395508,6047.261719,5989.127441,5930.993652,5872.859863,5814.726074,5756.591797,5698.458008,5640.324219,5582.189941,5524.056152,5465.922363,5407.788086,5349.654297,5291.520508,5233.386719,6977.404297,6977.404297,6977.404297,6977.404297,6977.404297,6977.404297,6977.404297,6977.404297,6977.404297,6977.404297,6977.404297,6977.404297,6977.404297,6977.404297,6977.404297,6977.404297,6977.404297,6977.404297,6977.404297,6977.404297,6977.404297,6977.404297,6977.404297,6977.404297,6977.404297,6977.404297,6977.404297,6977.404297,6977.404297,6977.404297,PHASE,1,1,1,1,1,1,1,1,1,1,1,1,1,1,1,1,1,1,1,1,1,1,1,1,1,1,1,1,1,1,2,2,2,2,2,2,2,2,2,2,2,2,2,2,2,2,2,2,2,2,2,2,2,2,2,2,2,2,2,2,3,3,3,3,3,3,3,3,3,3,3,3,3,3,3,3,3,3,3,3,3,3,3,3,3,3,3,3,3,3,FLASH_END"
2026-06-23T01:48:53Z,2,lower,afternoon,5,18:48:53,2026-06-22,Auto gsw+F,LI-COR Default,NA,5,NA,NA,0.057059,2.790719,0.055916,0.417497,3.510926,3.499923,4.141967,0.631042,39.61755,39.742092,46.885197,0.441786,7.5,PSF-01793_20260622184853_efc,0,0,0,51.132919,240.064499,0.787003,0.5,0.8,0.527092,1,91.96,91.67,28.1,29.51,29.51,88.34,142.2,142.4,-0.1,2,4.11,18:46:23,2026-06-22,-1.47,1,-0.001,-0.001,-9999,0.369,0.736,-9999,1,150,0.005,2,0.058905,0,0.02923,0,0,-6.8e-5,standard,0,mpf,7000,500,5,2,300,300,300,237.088684,25,-2.136326,235.617035,237.002716,-1.385681,2.60134,2.568552,1.570879,0.910749,0.24106,0.018003,0.11151,0.108033,51.132919,3.88e-4,2.449094,1.8e-5,1,2.418127,-1e-6,1,0.602037,0.600124,0.106561,0,PSF-01793_20260622184853_efc,PFA-01559,PSA-01670,PSF-01793,RHS-2569,3.0.0,2024-07-09T18:52:43.055Z,MEASUREMENT_END
2026-06-23T01:48:53Z,2,lower,afternoon,PSF-01793_20260622184853_efc,18:48:53,2026-06-22,PFA-01559,PSA-01670,PSF-01793,0,0,0,240.064499,51.132919,0.787003,8.359612,NA,0,0.01,0.02,0.03,0.04,0.05,0.06,0.07,0.080000,0.09,0.1,0.11,0.12,0.13,0.14,0.15,0.16,0.17,0.18,0.19,0.2,0.21,0.22,0.23,0.24,0.25,0.26,0.27,0.28,0.29,0.300000,0.310000,0.32,0.33,0.34,0.35,0.36,0.37,0.38,0.39,0.4,0.41,0.42,0.43,0.44,0.45,0.46,0.47,0.48,0.49,0.500000,0.510000,0.520000,0.53,0.54,0.55,0.56,0.57,0.58,0.59,0.6,0.61,0.62,0.63,0.64,0.65,0.66,0.67,0.68,0.69,0.7,0.71,0.72,0.73,0.74,0.75,0.76,0.77,0.78,0.79,0.8,0.81,0.82,0.83,0.839999,0.849999,0.859999,0.869999,0.879999,0.889999,FLR,117.172836,188.267105,"218.678360,229.617126,233.549240,235.115646,235.818741,236.156708,236.365921,236.506470,236.614105,236.690277,236.776474,236.837631,236.902710,236.957077,236.991409,237.018585,237.042908,237.060791,237.088684,237.068298,237.079376,237.064362,237.059357,237.053268,237.036469,237.015015,236.990692,236.977463,236.945984,236.937759,236.882690,236.895569,236.843353,236.856934,236.822601,236.801147,236.760376,236.746078,236.748581,236.669189,236.655243,236.596222,236.571548,236.526489,236.490372,236.447098,236.430649,236.359116,236.385223,236.331223,236.281509,236.229660,236.196762,236.149185,236.099121,236.074448,236.021515,235.972519,235.523697,235.598083,235.617035,235.569122,235.519409,235.465408,235.421417,235.367767,235.308762,235.266205,235.214706,235.152130,235.102417,235.048416,235.005493,234.945419,234.877106,234.836700,234.774109,234.729416,234.691147,234.626053,234.578842,234.522705,234.459045,234.402542,234.352112,234.302765,234.243393,234.187241,PAR,6977.404297,6977.404297,6977.404297,6977.404297,6977.404297,6977.404297,6977.404297,6977.404297,6977.404297,6977.404297,6977.404297,6977.404297,6977.404297,6977.404297,6977.404297,6977.404297,6977.404297,6977.404297,6977.404297,6977.404297,6977.404297,6977.404297,6977.404297,6977.404297,6977.404297,6977.404297,6977.404297,6977.404297,6977.404297,6977.404297,6919.270508,6861.136719,6803.002441,6744.868652,6686.734863,6628.601074,6570.466797,6512.333008,6454.199219,6396.064941,6337.931152,6279.797363,6221.663574,6163.529297,6105.395508,6047.261719,5989.127441,5930.993652,5872.859863,5814.726074,5756.591797,5698.458008,5640.324219,5582.189941,5524.056152,5465.922363,5407.788086,5349.654297,5291.520508,5233.386719,6977.404297,6977.404297,6977.404297,6977.404297,6977.404297,6977.404297,6977.404297,6977.404297,6977.404297,6977.404297,6977.404297,6977.404297,6977.404297,6977.404297,6977.404297,6977.404297,6977.404297,6977.404297,6977.404297,6977.404297,6977.404297,6977.404297,6977.404297,6977.404297,6977.404297,6977.404297,6977.404297,6977.404297,6977.404297,6977.404297,PHASE,1,1,1,1,1,1,1,1,1,1,1,1,1,1,1,1,1,1,1,1,1,1,1,1,1,1,1,1,1,1,2,2,2,2,2,2,2,2,2,2,2,2,2,2,2,2,2,2,2,2,2,2,2,2,2,2,2,2,2,2,3,3,3,3,3,3,3,3,3,3,3,3,3,3,3,3,3,3,3,3,3,3,3,3,3,3,3,3,3,3,FLASH_END"
2026-06-23T01:49:27Z,2,lower,afternoon,6,18:49:27,2026-06-22,Auto gsw+F,LI-COR Default,NA,6,NA,NA,-0.275189,2.70325,-0.306378,-2.22948,3.58661,3.648945,4.201214,0.614604,41.299263,40.593746,47.549927,0.441786,7.5,PSF-01793_20260622184927_219,0,0,0,93.431,262.47345,0.644036,0.5,0.8,0.764498,1,89.89,91.45,28.86,29.76,29.76,88.35,133.9,133.8,0.1,3,4.107,18:46:23,2026-06-22,-1.47,1,-0.002,-0.004,-0.01,-0.192,-0.517,-0.639,1,150,0.005,2,0.058905,0,0.02923,0,0,-6.8e-5,standard,0,mpf,7000,500,5,2,300,300,300,262.47345,25,0.959352,261.366608,263.848389,-2.481781,2.600944,2.565246,1.502488,0.88951,0.233924,0.011865,0.115607,0.10917,93.431,3.86e-4,2.449094,1.8e-5,1,2.418127,-1e-6,1,0.602037,0.600124,0.106561,0,PSF-01793_20260622184927_219,PFA-01559,PSA-01670,PSF-01793,RHS-2569,3.0.0,2024-07-09T18:52:43.055Z,MEASUREMENT_END
2026-06-23T01:49:27Z,2,lower,afternoon,PSF-01793_20260622184927_219,18:49:27,2026-06-22,PFA-01559,PSA-01670,PSF-01793,0,0,0,262.47345,93.431,0.644036,9.652855,NA,0,0.01,0.02,0.03,0.04,0.05,0.06,0.07,0.080000,0.09,0.1,0.11,0.12,0.13,0.14,0.15,0.16,0.17,0.18,0.19,0.2,0.21,0.22,0.23,0.24,0.25,0.26,0.27,0.28,0.29,0.300000,0.310000,0.32,0.33,0.34,0.35,0.36,0.37,0.38,0.39,0.4,0.41,0.42,0.43,0.44,0.45,0.46,0.47,0.48,0.49,0.500000,0.510000,0.520000,0.53,0.54,0.55,0.56,0.57,0.58,0.59,0.6,0.61,0.62,0.63,0.64,0.65,0.66,0.67,0.68,0.69,0.7,0.71,0.72,0.73,0.74,0.75,0.76,0.77,0.78,0.79,0.8,0.81,0.82,0.83,0.839999,0.849999,0.859999,0.869999,0.879999,0.889999,FLR,196.456070,248.626831,"255.837326,257.992737,259.099976,259.811279,260.317688,260.690674,261.003265,261.224640,261.408447,261.520020,261.630188,261.741394,261.826874,261.922363,262.000336,262.087952,262.151947,262.184143,262.268555,262.299286,262.346863,262.389771,262.420166,262.447723,262.464172,262.473450,262.472382,262.453430,262.466675,262.542480,262.509583,262.576111,262.552490,262.617584,262.566437,262.616882,262.574677,262.610077,262.678040,262.612579,262.665863,262.626160,262.654053,262.715210,262.681610,262.717010,262.760284,262.731659,262.802124,262.798553,262.770660,262.834656,262.858643,262.891541,262.873291,262.907257,262.938751,262.979492,261.356964,261.366608,261.338715,261.294708,261.256805,261.191711,261.139160,261.061188,260.992889,260.912781,260.843048,260.765442,260.712494,260.651337,260.579468,260.521881,260.455017,260.393494,260.313049,260.245789,260.165680,260.066284,259.986511,259.924652,259.861359,259.795898,259.714355,259.632812,259.545563,259.449707,PAR,6977.404297,6977.404297,6977.404297,6977.404297,6977.404297,6977.404297,6977.404297,6977.404297,6977.404297,6977.404297,6977.404297,6977.404297,6977.404297,6977.404297,6977.404297,6977.404297,6977.404297,6977.404297,6977.404297,6977.404297,6977.404297,6977.404297,6977.404297,6977.404297,6977.404297,6977.404297,6977.404297,6977.404297,6977.404297,6977.404297,6919.270508,6861.136719,6803.002441,6744.868652,6686.734863,6628.601074,6570.466797,6512.333008,6454.199219,6396.064941,6337.931152,6279.797363,6221.663574,6163.529297,6105.395508,6047.261719,5989.127441,5930.993652,5872.859863,5814.726074,5756.591797,5698.458008,5640.324219,5582.189941,5524.056152,5465.922363,5407.788086,5349.654297,5291.520508,5233.386719,6977.404297,6977.404297,6977.404297,6977.404297,6977.404297,6977.404297,6977.404297,6977.404297,6977.404297,6977.404297,6977.404297,6977.404297,6977.404297,6977.404297,6977.404297,6977.404297,6977.404297,6977.404297,6977.404297,6977.404297,6977.404297,6977.404297,6977.404297,6977.404297,6977.404297,6977.404297,6977.404297,6977.404297,6977.404297,6977.404297,PHASE,1,1,1,1,1,1,1,1,1,1,1,1,1,1,1,1,1,1,1,1,1,1,1,1,1,1,1,1,1,1,2,2,2,2,2,2,2,2,2,2,2,2,2,2,2,2,2,2,2,2,2,2,2,2,2,2,2,2,2,2,3,3,3,3,3,3,3,3,3,3,3,3,3,3,3,3,3,3,3,3,3,3,3,3,3,3,3,3,3,3,FLASH_END"
2026-06-23T01:50:20Z,1,upper,afternoon,7,18:50:20,2026-06-22,Auto gsw+F,LI-COR Default,NA,7,NA,NA,0.058102,2.562373,0.056814,0.428469,3.910087,3.896998,4.544598,0.634511,44.102768,44.250896,51.431732,0.441786,7.5,PSF-01793_20260622185020_0ed,0,0,0,48.782585,178.147308,0.726167,0.5,0.8,14.440241,1,91.99,91.68,29.96,31.13,31.13,88.36,122.1,122.5,-0.3,50,4.106,18:50:07,2026-06-22,-0.53,1,0.001,0.003,0.013,-0.34,-0.847,-2.468,1,150,0.005,2,0.058905,0,0.02923,0,0,-6.8e-5,standard,0,mpf,7000,500,5,2,300,300,300,178.147308,25,0.174098,179.654007,178.39682,1.257187,2.601248,2.566969,1.407387,0.861906,0.224009,0.015271,0.121926,0.150265,48.782585,3.96e-4,2.449094,1.8e-5,1,2.418127,-1e-6,1,0.602037,0.600124,0.106561,0,PSF-01793_20260622185020_0ed,PFA-01559,PSA-01670,PSF-01793,RHS-2569,3.0.0,2024-07-09T18:52:43.055Z,MEASUREMENT_END
2026-06-23T01:50:20Z,1,upper,afternoon,PSF-01793_20260622185020_0ed,18:50:20,2026-06-22,PFA-01559,PSA-01670,PSF-01793,0,0,0,178.147308,48.782585,0.726167,56.399155,NA,0,0.01,0.02,0.03,0.04,0.05,0.06,0.07,0.080000,0.09,0.1,0.11,0.12,0.13,0.14,0.15,0.16,0.17,0.18,0.19,0.2,0.21,0.22,0.23,0.24,0.25,0.26,0.27,0.28,0.29,0.300000,0.310000,0.32,0.33,0.34,0.35,0.36,0.37,0.38,0.39,0.4,0.41,0.42,0.43,0.44,0.45,0.46,0.47,0.48,0.49,0.500000,0.510000,0.520000,0.53,0.54,0.55,0.56,0.57,0.58,0.59,0.6,0.61,0.62,0.63,0.64,0.65,0.66,0.67,0.68,0.69,0.7,0.71,0.72,0.73,0.74,0.75,0.76,0.77,0.78,0.79,0.8,0.81,0.82,0.83,0.839999,0.849999,0.859999,0.869999,0.879999,0.889999,FLR,101.403954,156.030899,"167.692062,170.994049,172.558304,173.551086,174.316055,174.930450,175.435776,175.841339,176.174286,176.416397,176.651718,176.831604,176.995758,177.123779,177.249664,177.350876,177.465317,177.539352,177.631973,177.684540,177.749634,177.818649,177.885895,177.936676,177.995331,178.051117,178.108337,178.147308,178.213120,178.214554,178.249603,178.257828,178.288223,178.302521,178.330063,178.334717,178.357956,178.355453,178.361542,178.370483,178.365112,178.403732,178.387283,178.377625,178.404449,178.404099,178.385132,178.406952,178.408737,178.373337,178.387283,178.383713,178.357605,178.332565,178.355103,178.332565,178.311829,178.287506,179.000977,179.261688,179.337143,179.369690,179.386490,179.407593,179.421906,179.432266,179.440140,179.452652,179.485916,179.477341,179.486984,179.503799,179.519180,179.525253,179.527405,179.543488,179.558151,179.559952,179.584625,179.584625,179.592133,179.601074,179.595352,179.619675,179.621811,179.633621,179.645782,179.654007,PAR,6977.404297,6977.404297,6977.404297,6977.404297,6977.404297,6977.404297,6977.404297,6977.404297,6977.404297,6977.404297,6977.404297,6977.404297,6977.404297,6977.404297,6977.404297,6977.404297,6977.404297,6977.404297,6977.404297,6977.404297,6977.404297,6977.404297,6977.404297,6977.404297,6977.404297,6977.404297,6977.404297,6977.404297,6977.404297,6977.404297,6919.270508,6861.136719,6803.002441,6744.868652,6686.734863,6628.601074,6570.466797,6512.333008,6454.199219,6396.064941,6337.931152,6279.797363,6221.663574,6163.529297,6105.395508,6047.261719,5989.127441,5930.993652,5872.859863,5814.726074,5756.591797,5698.458008,5640.324219,5582.189941,5524.056152,5465.922363,5407.788086,5349.654297,5291.520508,5233.386719,6977.404297,6977.404297,6977.404297,6977.404297,6977.404297,6977.404297,6977.404297,6977.404297,6977.404297,6977.404297,6977.404297,6977.404297,6977.404297,6977.404297,6977.404297,6977.404297,6977.404297,6977.404297,6977.404297,6977.404297,6977.404297,6977.404297,6977.404297,6977.404297,6977.404297,6977.404297,6977.404297,6977.404297,6977.404297,6977.404297,PHASE,1,1,1,1,1,1,1,1,1,1,1,1,1,1,1,1,1,1,1,1,1,1,1,1,1,1,1,1,1,1,2,2,2,2,2,2,2,2,2,2,2,2,2,2,2,2,2,2,2,2,2,2,2,2,2,2,2,2,2,2,3,3,3,3,3,3,3,3,3,3,3,3,3,3,3,3,3,3,3,3,3,3,3,3,3,3,3,3,3,3,FLASH_END"
2026-06-23T01:50:41Z,1,upper,afternoon,8,18:50:41,2026-06-22,Auto gsw+F,LI-COR Default,NA,8,NA,NA,-0.109418,2.490588,-0.114446,-0.763242,3.961442,3.985838,4.522441,0.560999,45.107922,44.831833,51.180691,0.441786,7.5,PSF-01793_20260622185041_b27,0,0,0,96.232292,260.202179,0.630163,0.5,0.8,10.573828,1,90.97,91.53,30.38,31.04,31.04,88.36,116.7,116.2,0.4,42,4.106,18:50:07,2026-06-22,-0.53,1,-0.004,-0.004,-0.013,0.132,0.741,1.152,1,150,0.005,2,0.058905,0,0.02923,0,0,-6.8e-5,standard,0,mpf,7000,500,5,2,300,300,300,260.202179,25,0.883184,260.059845,261.467957,-1.408112,2.600973,2.565313,1.364272,0.846958,0.220312,0.009093,0.124426,0.143438,96.232292,3.92e-4,2.449094,1.8e-5,1,2.418127,-1e-6,1,0.602037,0.600124,0.106561,0,PSF-01793_20260622185041_b27,PFA-01559,PSA-01670,PSF-01793,RHS-2569,3.0.0,2024-07-09T18:52:43.055Z,MEASUREMENT_END
2026-06-23T01:50:41Z,1,upper,afternoon,PSF-01793_20260622185041_b27,18:50:41,2026-06-22,PFA-01559,PSA-01670,PSF-01793,0,0,0,260.202179,96.232292,0.630163,48.634007,NA,0,0.01,0.02,0.03,0.04,0.05,0.06,0.07,0.080000,0.09,0.1,0.11,0.12,0.13,0.14,0.15,0.16,0.17,0.18,0.19,0.2,0.21,0.22,0.23,0.24,0.25,0.26,0.27,0.28,0.29,0.300000,0.310000,0.32,0.33,0.34,0.35,0.36,0.37,0.38,0.39,0.4,0.41,0.42,0.43,0.44,0.45,0.46,0.47,0.48,0.49,0.500000,0.510000,0.520000,0.53,0.54,0.55,0.56,0.57,0.58,0.59,0.6,0.61,0.62,0.63,0.64,0.65,0.66,0.67,0.68,0.69,0.7,0.71,0.72,0.73,0.74,0.75,0.76,0.77,0.78,0.79,0.8,0.81,0.82,0.83,0.839999,0.849999,0.859999,0.869999,0.879999,0.889999,FLR,194.449066,243.365051,"250.235077,253.563522,255.718231,257.203094,258.217682,258.887543,259.343872,259.635681,259.853851,259.963287,260.049469,260.117401,260.137787,260.158905,260.190735,260.187134,260.193939,260.184998,260.202179,260.169617,260.154968,260.130646,260.132782,260.127075,260.117401,260.098816,260.092743,260.075562,260.084503,260.100952,260.071625,260.114899,260.093445,260.128510,260.109894,260.131012,260.104523,260.126343,260.164612,260.133850,260.152832,260.145294,260.183228,260.205017,260.195007,260.237579,260.255096,260.258331,260.295166,260.291565,260.304443,260.351288,260.378479,260.393494,260.407104,260.444275,260.466095,260.501495,259.891388,260.012970,260.045166,260.059845,260.030853,260.020508,260.029785,260.023712,260.028015,260.021576,260.025848,260.010132,259.996887,259.966858,259.937531,259.929657,259.908203,259.890320,259.887085,259.874939,259.874573,259.820221,259.804474,259.790192,259.774445,259.757629,259.735107,259.718658,259.697571,259.648926,PAR,6977.404297,6977.404297,6977.404297,6977.404297,6977.404297,6977.404297,6977.404297,6977.404297,6977.404297,6977.404297,6977.404297,6977.404297,6977.404297,6977.404297,6977.404297,6977.404297,6977.404297,6977.404297,6977.404297,6977.404297,6977.404297,6977.404297,6977.404297,6977.404297,6977.404297,6977.404297,6977.404297,6977.404297,6977.404297,6977.404297,6919.270508,6861.136719,6803.002441,6744.868652,6686.734863,6628.601074,6570.466797,6512.333008,6454.199219,6396.064941,6337.931152,6279.797363,6221.663574,6163.529297,6105.395508,6047.261719,5989.127441,5930.993652,5872.859863,5814.726074,5756.591797,5698.458008,5640.324219,5582.189941,5524.056152,5465.922363,5407.788086,5349.654297,5291.520508,5233.386719,6977.404297,6977.404297,6977.404297,6977.404297,6977.404297,6977.404297,6977.404297,6977.404297,6977.404297,6977.404297,6977.404297,6977.404297,6977.404297,6977.404297,6977.404297,6977.404297,6977.404297,6977.404297,6977.404297,6977.404297,6977.404297,6977.404297,6977.404297,6977.404297,6977.404297,6977.404297,6977.404297,6977.404297,6977.404297,6977.404297,PHASE,1,1,1,1,1,1,1,1,1,1,1,1,1,1,1,1,1,1,1,1,1,1,1,1,1,1,1,1,1,1,2,2,2,2,2,2,2,2,2,2,2,2,2,2,2,2,2,2,2,2,2,2,2,2,2,2,2,2,2,2,3,3,3,3,3,3,3,3,3,3,3,3,3,3,3,3,3,3,3,3,3,3,3,3,3,3,3,3,3,3,FLASH_END"
2026-06-23T01:50:53Z,1,upper,afternoon,9,18:50:53,2026-06-22,Auto gsw+F,LI-COR Default,NA,9,NA,NA,-0.064857,2.453957,-0.066618,-0.518208,4.015644,4.032586,4.669181,0.653537,45.639435,45.447689,52.8442,0.441786,7.5,PSF-01793_20260622185053_b29,0,0,0,43.625237,171.058853,0.744969,0.5,0.8,12.488579,1,91.16,91.54,30.58,31.6,31.6,88.36,114,114.3,-0.3,42,4.105,18:50:07,2026-06-22,-0.53,1,-0.001,-0.001,-9999,0.121,0.195,-9999,1,150,0.005,2,0.058905,0,0.02923,0,0,-6.8e-5,standard,0,mpf,7000,500,5,2,300,300,300,170.776245,25,-0.138734,173.854706,170.860016,2.99469,2.600989,2.565599,1.3434,0.842535,0.21858,0.01352,0.12565,0.143404,43.625237,3.94e-4,2.449094,1.8e-5,1,2.418127,-1e-6,1,0.602037,0.600124,0.106561,0,PSF-01793_20260622185053_b29,PFA-01559,PSA-01670,PSF-01793,RHS-2569,3.0.0,2024-07-09T18:52:43.055Z,MEASUREMENT_END
2026-06-23T01:50:53Z,1,upper,afternoon,PSF-01793_20260622185053_b29,18:50:53,2026-06-22,PFA-01559,PSA-01670,PSF-01793,0,0,0,171.058853,43.625237,0.744969,48.594952,NA,0,0.01,0.02,0.03,0.04,0.05,0.06,0.07,0.080000,0.09,0.1,0.11,0.12,0.13,0.14,0.15,0.16,0.17,0.18,0.19,0.2,0.21,0.22,0.23,0.24,0.25,0.26,0.27,0.28,0.29,0.300000,0.310000,0.32,0.33,0.34,0.35,0.36,0.37,0.38,0.39,0.4,0.41,0.42,0.43,0.44,0.45,0.46,0.47,0.48,0.49,0.500000,0.510000,0.520000,0.53,0.54,0.55,0.56,0.57,0.58,0.59,0.6,0.61,0.62,0.63,0.64,0.65,0.66,0.67,0.68,0.69,0.7,0.71,0.72,0.73,0.74,0.75,0.76,0.77,0.78,0.79,0.8,0.81,0.82,0.83,0.839999,0.849999,0.859999,0.869999,0.879999,0.889999,FLR,88.822601,138.920898,"156.024460,161.904221,164.631134,166.251190,167.314056,168.057205,168.596512,168.984894,169.264557,169.465897,169.627197,169.745560,169.849640,169.942978,170.025223,170.095322,170.163635,170.219421,170.276291,170.324921,170.398239,170.435425,170.499451,170.548798,170.611740,170.665390,170.715454,170.776245,170.853500,170.800201,170.842056,170.811646,170.843124,170.824890,170.871384,170.843842,170.877808,170.847061,170.822739,170.856003,170.828110,170.878891,170.855637,170.813080,170.849564,170.851349,170.805573,170.855637,170.846695,170.804138,170.870300,170.851349,170.812729,170.764450,170.819168,170.803070,170.756226,170.707581,172.440643,172.980667,173.162704,173.248886,173.300385,173.360107,173.403030,173.455231,173.486359,173.521042,173.579697,173.611877,173.647278,173.671967,173.685196,173.713089,173.735260,173.762436,173.786407,173.795349,173.826813,173.825378,173.837540,173.846130,173.850067,173.854706,173.851852,173.844330,173.843979,173.843262,PAR,6977.404297,6977.404297,6977.404297,6977.404297,6977.404297,6977.404297,6977.404297,6977.404297,6977.404297,6977.404297,6977.404297,6977.404297,6977.404297,6977.404297,6977.404297,6977.404297,6977.404297,6977.404297,6977.404297,6977.404297,6977.404297,6977.404297,6977.404297,6977.404297,6977.404297,6977.404297,6977.404297,6977.404297,6977.404297,6977.404297,6919.270508,6861.136719,6803.002441,6744.868652,6686.734863,6628.601074,6570.466797,6512.333008,6454.199219,6396.064941,6337.931152,6279.797363,6221.663574,6163.529297,6105.395508,6047.261719,5989.127441,5930.993652,5872.859863,5814.726074,5756.591797,5698.458008,5640.324219,5582.189941,5524.056152,5465.922363,5407.788086,5349.654297,5291.520508,5233.386719,6977.404297,6977.404297,6977.404297,6977.404297,6977.404297,6977.404297,6977.404297,6977.404297,6977.404297,6977.404297,6977.404297,6977.404297,6977.404297,6977.404297,6977.404297,6977.404297,6977.404297,6977.404297,6977.404297,6977.404297,6977.404297,6977.404297,6977.404297,6977.404297,6977.404297,6977.404297,6977.404297,6977.404297,6977.404297,6977.404297,PHASE,1,1,1,1,1,1,1,1,1,1,1,1,1,1,1,1,1,1,1,1,1,1,1,1,1,1,1,1,1,1,2,2,2,2,2,2,2,2,2,2,2,2,2,2,2,2,2,2,2,2,2,2,2,2,2,2,2,2,2,2,3,3,3,3,3,3,3,3,3,3,3,3,3,3,3,3,3,3,3,3,3,3,3,3,3,3,3,3,3,3,FLASH_END"
2026-06-23T01:51:13Z,2,upper,afternoon,10,18:51:13,2026-06-22,Auto gsw+F,LI-COR Default,NA,10,NA,NA,0.073717,2.392448,0.071513,0.604402,4.134872,4.114367,4.843331,0.708459,46.587536,46.819721,54.841698,0.441786,7.5,PSF-01793_20260622185113_413,0,0,0,47.311306,168.024231,0.718426,0.5,0.8,16.425301,1,92.11,91.66,30.91,32.25,32.25,88.31,109.6,109.7,-0.1,57,4.104,18:50:07,2026-06-22,-0.53,1,-0.001,0.001,-9999,-0.247,-0.427,-9999,1,150,0.005,2,0.058905,0,0.02923,0,0,-6.8e-5,standard,0,mpf,7000,500,5,2,300,300,300,167.17636100000001,25,-0.519573,168.411255,167.279587,1.131668,2.601151,2.567088,1.30987,0.831759,0.215759,0.017452,0.12789,0.156808,47.311306,3.89e-4,2.449094,1.8e-5,1,2.418127,-1e-6,1,0.602037,0.600124,0.106561,0,PSF-01793_20260622185113_413,PFA-01559,PSA-01670,PSF-01793,RHS-2569,3.0.0,2024-07-09T18:52:43.055Z,MEASUREMENT_END
2026-06-23T01:51:13Z,2,upper,afternoon,PSF-01793_20260622185113_413,18:51:13,2026-06-22,PFA-01559,PSA-01670,PSF-01793,0,0,0,168.024231,47.311306,0.718426,63.842522,NA,0,0.01,0.02,0.03,0.04,0.05,0.06,0.07,0.080000,0.09,0.1,0.11,0.12,0.13,0.14,0.15,0.16,0.17,0.18,0.19,0.2,0.21,0.22,0.23,0.24,0.25,0.26,0.27,0.28,0.29,0.300000,0.310000,0.32,0.33,0.34,0.35,0.36,0.37,0.38,0.39,0.4,0.41,0.42,0.43,0.44,0.45,0.46,0.47,0.48,0.49,0.500000,0.510000,0.520000,0.53,0.54,0.55,0.56,0.57,0.58,0.59,0.6,0.61,0.62,0.63,0.64,0.65,0.66,0.67,0.68,0.69,0.7,0.71,0.72,0.73,0.74,0.75,0.76,0.77,0.78,0.79,0.8,0.81,0.82,0.83,0.839999,0.849999,0.859999,0.869999,0.879999,0.889999,FLR,98.830818,144.101852,"157.180313,161.405685,163.193817,164.186600,164.823181,165.274139,165.622833,165.887115,166.101700,166.245453,166.362045,166.471832,166.543365,166.615967,166.667816,166.713593,166.763657,166.815155,166.856293,166.889908,166.920654,166.957855,166.988968,167.021149,167.058350,167.093750,167.133804,167.176361,167.225006,167.187805,167.211060,167.197464,167.229294,167.219284,167.227509,167.219635,167.255051,167.232513,167.216782,167.233582,167.206406,167.240387,167.222855,167.182800,167.209274,167.187454,167.150970,167.181732,167.172424,167.131302,167.156342,167.122726,167.085892,167.031891,167.047623,167.026169,166.965012,166.920303,168.019287,168.253906,168.313980,168.341156,168.367981,168.376572,168.385498,168.405884,168.411255,168.410538,168.406967,168.411255,168.407684,168.401596,168.406601,168.382996,168.382996,168.365829,168.365479,168.351532,168.348312,168.336868,168.300751,168.275360,168.262482,168.245667,168.227081,168.211700,168.189529,168.188095,PAR,6977.404297,6977.404297,6977.404297,6977.404297,6977.404297,6977.404297,6977.404297,6977.404297,6977.404297,6977.404297,6977.404297,6977.404297,6977.404297,6977.404297,6977.404297,6977.404297,6977.404297,6977.404297,6977.404297,6977.404297,6977.404297,6977.404297,6977.404297,6977.404297,6977.404297,6977.404297,6977.404297,6977.404297,6977.404297,6977.404297,6919.270508,6861.136719,6803.002441,6744.868652,6686.734863,6628.601074,6570.466797,6512.333008,6454.199219,6396.064941,6337.931152,6279.797363,6221.663574,6163.529297,6105.395508,6047.261719,5989.127441,5930.993652,5872.859863,5814.726074,5756.591797,5698.458008,5640.324219,5582.189941,5524.056152,5465.922363,5407.788086,5349.654297,5291.520508,5233.386719,6977.404297,6977.404297,6977.404297,6977.404297,6977.404297,6977.404297,6977.404297,6977.404297,6977.404297,6977.404297,6977.404297,6977.404297,6977.404297,6977.404297,6977.404297,6977.404297,6977.404297,6977.404297,6977.404297,6977.404297,6977.404297,6977.404297,6977.404297,6977.404297,6977.404297,6977.404297,6977.404297,6977.404297,6977.404297,6977.404297,PHASE,1,1,1,1,1,1,1,1,1,1,1,1,1,1,1,1,1,1,1,1,1,1,1,1,1,1,1,1,1,1,2,2,2,2,2,2,2,2,2,2,2,2,2,2,2,2,2,2,2,2,2,2,2,2,2,2,2,2,2,2,3,3,3,3,3,3,3,3,3,3,3,3,3,3,3,3,3,3,3,3,3,3,3,3,3,3,3,3,3,3,FLASH_END"
2026-06-23T01:51:22Z,2,upper,afternoon,11,18:51:22,2026-06-22,Auto gsw+F,LI-COR Default,NA,11,NA,NA,0.009486,2.363755,0.009448,0.092382,4.152922,4.149731,4.971861,0.818939,46.985443,47.021576,56.294033,0.441786,7.5,PSF-01793_20260622185122_77f,0,0,0,49.65377,176.271164,0.71831,0.5,0.8,21.185871,1,91.72,91.65,31.06,32.72,32.72,88.32,107.6,107.7,-0,74,4.104,18:50:07,2026-06-22,-0.53,1,-0.003,-0.001,-9999,0.422,0.742,-9999,1,150,0.005,2,0.058905,0,0.02923,0,0,-6.8e-5,standard,0,mpf,7000,500,5,2,300,300,300,173.154114,25,-1.989431,173.569321,173.419922,0.149399,2.60113,2.566446,1.294826,0.827,0.214477,0.021351,0.128873,0.171382,49.65377,3.94e-4,2.449094,1.8e-5,1,2.418127,-1e-6,1,0.602037,0.600124,0.106561,0,PSF-01793_20260622185122_77f,PFA-01559,PSA-01670,PSF-01793,RHS-2569,3.0.0,2024-07-09T18:52:43.055Z,MEASUREMENT_END
2026-06-23T01:51:22Z,2,upper,afternoon,PSF-01793_20260622185122_77f,18:51:22,2026-06-22,PFA-01559,PSA-01670,PSF-01793,0,0,0,176.271164,49.65377,0.71831,80.420349,NA,0,0.01,0.02,0.03,0.04,0.05,0.06,0.07,0.080000,0.09,0.1,0.11,0.12,0.13,0.14,0.15,0.16,0.17,0.18,0.19,0.2,0.21,0.22,0.23,0.24,0.25,0.26,0.27,0.28,0.29,0.300000,0.310000,0.32,0.33,0.34,0.35,0.36,0.37,0.38,0.39,0.4,0.41,0.42,0.43,0.44,0.45,0.46,0.47,0.48,0.49,0.500000,0.510000,0.520000,0.53,0.54,0.55,0.56,0.57,0.58,0.59,0.6,0.61,0.62,0.63,0.64,0.65,0.66,0.67,0.68,0.69,0.7,0.71,0.72,0.73,0.74,0.75,0.76,0.77,0.78,0.79,0.8,0.81,0.82,0.83,0.839999,0.849999,0.859999,0.869999,0.879999,0.889999,FLR,101.523758,147.712830,"162.275787,167.171356,169.232727,170.259125,170.858139,171.235794,171.495087,171.688919,171.859497,171.957489,172.046539,172.125931,172.194962,172.255402,172.329788,172.388794,172.458527,172.510742,172.576553,172.629837,172.689911,172.758575,172.837616,172.895905,172.963852,173.036453,173.100464,173.154114,173.213486,173.217422,173.258179,173.266418,173.287872,173.268921,173.267487,173.240662,173.239227,173.200607,173.158401,173.160202,173.138016,173.129440,173.097610,173.030731,173.030014,172.982101,172.922012,172.917007,172.869080,172.797913,172.783249,172.727463,172.652359,172.581558,172.555801,172.488571,172.418472,172.330505,173.308258,173.529633,173.569321,173.566101,173.541428,173.520691,173.498505,173.467041,173.434494,173.404816,173.391937,173.346878,173.318268,173.291809,173.274994,173.260681,173.232086,173.209900,173.184875,173.154114,173.151978,173.103333,173.080093,173.052902,173.023224,172.988892,172.967789,172.929886,172.900558,172.884827,PAR,6977.404297,6977.404297,6977.404297,6977.404297,6977.404297,6977.404297,6977.404297,6977.404297,6977.404297,6977.404297,6977.404297,6977.404297,6977.404297,6977.404297,6977.404297,6977.404297,6977.404297,6977.404297,6977.404297,6977.404297,6977.404297,6977.404297,6977.404297,6977.404297,6977.404297,6977.404297,6977.404297,6977.404297,6977.404297,6977.404297,6919.270508,6861.136719,6803.002441,6744.868652,6686.734863,6628.601074,6570.466797,6512.333008,6454.199219,6396.064941,6337.931152,6279.797363,6221.663574,6163.529297,6105.395508,6047.261719,5989.127441,5930.993652,5872.859863,5814.726074,5756.591797,5698.458008,5640.324219,5582.189941,5524.056152,5465.922363,5407.788086,5349.654297,5291.520508,5233.386719,6977.404297,6977.404297,6977.404297,6977.404297,6977.404297,6977.404297,6977.404297,6977.404297,6977.404297,6977.404297,6977.404297,6977.404297,6977.404297,6977.404297,6977.404297,6977.404297,6977.404297,6977.404297,6977.404297,6977.404297,6977.404297,6977.404297,6977.404297,6977.404297,6977.404297,6977.404297,6977.404297,6977.404297,6977.404297,6977.404297,PHASE,1,1,1,1,1,1,1,1,1,1,1,1,1,1,1,1,1,1,1,1,1,1,1,1,1,1,1,1,1,1,2,2,2,2,2,2,2,2,2,2,2,2,2,2,2,2,2,2,2,2,2,2,2,2,2,2,2,2,2,2,3,3,3,3,3,3,3,3,3,3,3,3,3,3,3,3,3,3,3,3,3,3,3,3,3,3,3,3,3,3,FLASH_END"
2026-06-23T01:51:31Z,2,upper,afternoon,12,18:51:31,2026-06-22,Auto gsw+F,LI-COR Default,NA,12,NA,NA,-0.016525,2.342381,-0.016642,-0.14189,4.177908,4.182874,4.892203,0.714295,47.362724,47.306488,55.394455,0.441786,7.5,PSF-01793_20260622185131_c83,0,0,0,50.8461,178.999786,0.715943,0.5,0.8,15.566554,1,91.55,91.66,31.2,32.43,32.43,88.32,106.2,105.8,0.4,54,4.102,18:50:07,2026-06-22,-0.53,1,-0.003,-0.004,-9999,1.155,0.133,-9999,1,150,0.005,2,0.058905,0,0.02923,0,0,-6.8e-5,standard,0,mpf,7000,500,5,2,300,300,300,177.638062,25,-0.868676,178.331131,177.754807,0.576324,2.601141,2.566167,1.283849,0.822641,0.213322,0.016113,0.129794,0.154346,50.8461,3.91e-4,2.449094,1.8e-5,1,2.418127,-1e-6,1,0.602037,0.600124,0.106561,0,PSF-01793_20260622185131_c83,PFA-01559,PSA-01670,PSF-01793,RHS-2569,3.0.0,2024-07-09T18:52:43.055Z,MEASUREMENT_END
2026-06-23T01:51:31Z,2,upper,afternoon,PSF-01793_20260622185131_c83,18:51:31,2026-06-22,PFA-01559,PSA-01670,PSF-01793,0,0,0,178.999786,50.8461,0.715943,61.042053,NA,0,0.01,0.02,0.03,0.04,0.05,0.06,0.07,0.080000,0.09,0.1,0.11,0.12,0.13,0.14,0.15,0.16,0.17,0.18,0.19,0.2,0.21,0.22,0.23,0.24,0.25,0.26,0.27,0.28,0.29,0.300000,0.310000,0.32,0.33,0.34,0.35,0.36,0.37,0.38,0.39,0.4,0.41,0.42,0.43,0.44,0.45,0.46,0.47,0.48,0.49,0.500000,0.510000,0.520000,0.53,0.54,0.55,0.56,0.57,0.58,0.59,0.6,0.61,0.62,0.63,0.64,0.65,0.66,0.67,0.68,0.69,0.7,0.71,0.72,0.73,0.74,0.75,0.76,0.77,0.78,0.79,0.8,0.81,0.82,0.83,0.839999,0.849999,0.859999,0.869999,0.879999,0.889999,FLR,105.495575,151.613113,"166.359192,171.509735,173.690552,174.835327,175.506943,175.946121,176.253677,176.468613,176.631332,176.747925,176.855560,176.949982,177.038315,177.101974,177.147385,177.205322,177.261826,177.302246,177.369110,177.370911,177.420975,177.461746,177.483551,177.516464,177.553299,177.577255,177.611588,177.638062,177.679901,177.651291,177.678818,177.667374,177.691345,177.680969,177.694565,177.674896,177.679184,177.657364,177.644852,177.642349,177.625183,177.640564,177.614807,177.574753,177.586914,177.572250,177.546860,177.552216,177.537201,177.486420,177.475327,177.456375,177.415604,177.376266,177.376633,177.360184,177.306183,177.260757,178.020721,178.253525,178.305389,178.318268,178.314682,178.330414,178.323624,178.328278,178.320770,178.323624,178.331131,178.303604,178.296082,178.287506,178.281433,178.262466,178.254959,178.234573,178.218491,178.190582,178.186661,178.140884,178.115845,178.080444,178.053619,178.010696,177.989609,177.955978,177.930954,177.892334,PAR,6977.404297,6977.404297,6977.404297,6977.404297,6977.404297,6977.404297,6977.404297,6977.404297,6977.404297,6977.404297,6977.404297,6977.404297,6977.404297,6977.404297,6977.404297,6977.404297,6977.404297,6977.404297,6977.404297,6977.404297,6977.404297,6977.404297,6977.404297,6977.404297,6977.404297,6977.404297,6977.404297,6977.404297,6977.404297,6977.404297,6919.270508,6861.136719,6803.002441,6744.868652,6686.734863,6628.601074,6570.466797,6512.333008,6454.199219,6396.064941,6337.931152,6279.797363,6221.663574,6163.529297,6105.395508,6047.261719,5989.127441,5930.993652,5872.859863,5814.726074,5756.591797,5698.458008,5640.324219,5582.189941,5524.056152,5465.922363,5407.788086,5349.654297,5291.520508,5233.386719,6977.404297,6977.404297,6977.404297,6977.404297,6977.404297,6977.404297,6977.404297,6977.404297,6977.404297,6977.404297,6977.404297,6977.404297,6977.404297,6977.404297,6977.404297,6977.404297,6977.404297,6977.404297,6977.404297,6977.404297,6977.404297,6977.404297,6977.404297,6977.404297,6977.404297,6977.404297,6977.404297,6977.404297,6977.404297,6977.404297,PHASE,1,1,1,1,1,1,1,1,1,1,1,1,1,1,1,1,1,1,1,1,1,1,1,1,1,1,1,1,1,1,2,2,2,2,2,2,2,2,2,2,2,2,2,2,2,2,2,2,2,2,2,2,2,2,2,2,2,2,2,2,3,3,3,3,3,3,3,3,3,3,3,3,3,3,3,3,3,3,3,3,3,3,3,3,3,3,3,3,3,3,FLASH_END"
2026-06-23T01:52:30Z,3,lower,afternoon,13,18:52:30,2026-06-22,Auto gsw+F,LI-COR Default,NA,13,NA,NA,-0.143653,2.183148,-0.153771,-1.005406,4.332836,4.371724,4.880448,0.547613,49.475723,49.035614,55.233059,0.441786,7.5,PSF-01793_20260622185230_dd5,0,0,0,87.687492,276.932007,0.683361,0.5,0.8,0.650385,1,91.18,92,31.91,32.39,32.39,88.36,96,95.2,0.8,2,4.075,18:50:07,2026-06-22,-0.53,1,-0.004,-0.005,-0.011,-1.457,-3.205,-5.955,1,150,0.005,2,0.058905,0,0.02923,0,0,-6.8e-5,standard,0,mpf,7000,500,5,2,300,300,300,276.932007,25,0.990182,276.383057,278.351135,-1.968079,2.601651,2.565503,1.207541,0.798353,0.207431,0.006823,0.136439,0.108653,87.687492,3.86e-4,2.449094,1.8e-5,1,2.418127,-1e-6,1,0.602037,0.600124,0.106561,0,PSF-01793_20260622185230_dd5,PFA-01559,PSA-01670,PSF-01793,RHS-2569,3.0.0,2024-07-09T18:52:43.055Z,MEASUREMENT_END
2026-06-23T01:52:30Z,3,lower,afternoon,PSF-01793_20260622185230_dd5,18:52:30,2026-06-22,PFA-01559,PSA-01670,PSF-01793,0,0,0,276.932007,87.687492,0.683361,9.06461,NA,0,0.01,0.02,0.03,0.04,0.05,0.06,0.07,0.080000,0.09,0.1,0.11,0.12,0.13,0.14,0.15,0.16,0.17,0.18,0.19,0.2,0.21,0.22,0.23,0.24,0.25,0.26,0.27,0.28,0.29,0.300000,0.310000,0.32,0.33,0.34,0.35,0.36,0.37,0.38,0.39,0.4,0.41,0.42,0.43,0.44,0.45,0.46,0.47,0.48,0.49,0.500000,0.510000,0.520000,0.53,0.54,0.55,0.56,0.57,0.58,0.59,0.6,0.61,0.62,0.63,0.64,0.65,0.66,0.67,0.68,0.69,0.7,0.71,0.72,0.73,0.74,0.75,0.76,0.77,0.78,0.79,0.8,0.81,0.82,0.83,0.839999,0.849999,0.859999,0.869999,0.879999,0.889999,FLR,197.352646,261.017212,"269.356384,271.935944,273.264893,274.094574,274.657837,275.078430,275.409210,275.638458,275.851593,275.984283,276.121613,276.253235,276.359070,276.433472,276.499634,276.563293,276.626587,276.671295,276.745331,276.752838,276.779999,276.844727,276.861206,276.888000,276.900543,276.911987,276.932007,276.921997,276.960266,277.014618,277.017487,277.100433,277.090088,277.159088,277.141571,277.193420,277.172699,277.231323,277.294281,277.259216,277.297150,277.279266,277.288544,277.354370,277.276764,277.327545,277.360443,277.336121,277.396210,277.395142,277.387268,277.421936,277.449127,277.452362,277.426605,277.451630,277.472748,277.476654,276.349060,276.383057,276.368378,276.345123,276.314026,276.264679,276.233551,276.195648,276.135193,276.099091,276.087646,276.032196,275.980347,275.955322,275.912415,275.879517,275.832306,275.788666,275.750031,275.707123,275.696411,275.642395,275.576599,275.548340,275.494690,275.450348,275.403137,275.350220,275.312653,275.269745,PAR,6977.404297,6977.404297,6977.404297,6977.404297,6977.404297,6977.404297,6977.404297,6977.404297,6977.404297,6977.404297,6977.404297,6977.404297,6977.404297,6977.404297,6977.404297,6977.404297,6977.404297,6977.404297,6977.404297,6977.404297,6977.404297,6977.404297,6977.404297,6977.404297,6977.404297,6977.404297,6977.404297,6977.404297,6977.404297,6977.404297,6919.270508,6861.136719,6803.002441,6744.868652,6686.734863,6628.601074,6570.466797,6512.333008,6454.199219,6396.064941,6337.931152,6279.797363,6221.663574,6163.529297,6105.395508,6047.261719,5989.127441,5930.993652,5872.859863,5814.726074,5756.591797,5698.458008,5640.324219,5582.189941,5524.056152,5465.922363,5407.788086,5349.654297,5291.520508,5233.386719,6977.404297,6977.404297,6977.404297,6977.404297,6977.404297,6977.404297,6977.404297,6977.404297,6977.404297,6977.404297,6977.404297,6977.404297,6977.404297,6977.404297,6977.404297,6977.404297,6977.404297,6977.404297,6977.404297,6977.404297,6977.404297,6977.404297,6977.404297,6977.404297,6977.404297,6977.404297,6977.404297,6977.404297,6977.404297,6977.404297,PHASE,1,1,1,1,1,1,1,1,1,1,1,1,1,1,1,1,1,1,1,1,1,1,1,1,1,1,1,1,1,1,2,2,2,2,2,2,2,2,2,2,2,2,2,2,2,2,2,2,2,2,2,2,2,2,2,2,2,2,2,2,3,3,3,3,3,3,3,3,3,3,3,3,3,3,3,3,3,3,3,3,3,3,3,3,3,3,3,3,3,3,FLASH_END"
2026-06-23T01:52:51Z,3,lower,afternoon,14,18:52:51,2026-06-22,Auto gsw+F,LI-COR Default,NA,14,NA,NA,-0.15382,2.135499,-0.165759,-1.084962,4.380682,4.423925,4.928532,0.54785,50.070179,49.580753,55.781338,0.441786,7.5,PSF-01793_20260622185251_d8a,0,0,0,60.814621,256.245789,0.762671,0.5,0.8,2.122288,1,91.26,92.16,32.09,32.56,32.56,88.35,93.1,92.4,0.7,7,4.1,18:50:07,2026-06-22,-0.53,1,-0.002,-0.004,-0.012,0.297,0.639,1.49,1,150,0.005,2,0.058905,0,0.02923,0,0,-6.8e-5,standard,0,mpf,7000,500,5,2,300,300,300,254.159683,25,-1.390969,253.731247,254.252258,-0.521011,2.60191,2.565615,1.186361,0.792036,0.205984,0.006773,0.138594,0.112677,60.814621,3.96e-4,2.449094,1.8e-5,1,2.418127,-1e-6,1,0.602037,0.600124,0.106561,0,PSF-01793_20260622185251_d8a,PFA-01559,PSA-01670,PSF-01793,RHS-2569,3.0.0,2024-07-09T18:52:43.055Z,MEASUREMENT_END
2026-06-23T01:52:51Z,3,lower,afternoon,PSF-01793_20260622185251_d8a,18:52:51,2026-06-22,PFA-01559,PSA-01670,PSF-01793,0,0,0,256.245789,60.814621,0.762671,13.642014,NA,0,0.01,0.02,0.03,0.04,0.05,0.06,0.07,0.080000,0.09,0.1,0.11,0.12,0.13,0.14,0.15,0.16,0.17,0.18,0.19,0.2,0.21,0.22,0.23,0.24,0.25,0.26,0.27,0.28,0.29,0.300000,0.310000,0.32,0.33,0.34,0.35,0.36,0.37,0.38,0.39,0.4,0.41,0.42,0.43,0.44,0.45,0.46,0.47,0.48,0.49,0.500000,0.510000,0.520000,0.53,0.54,0.55,0.56,0.57,0.58,0.59,0.6,0.61,0.62,0.63,0.64,0.65,0.66,0.67,0.68,0.69,0.7,0.71,0.72,0.73,0.74,0.75,0.76,0.77,0.78,0.79,0.8,0.81,0.82,0.83,0.839999,0.849999,0.859999,0.869999,0.879999,0.889999,FLR,143.951660,224.519852,"243.450882,248.258118,250.156403,251.172424,251.835114,252.288574,252.628326,252.914078,253.140442,253.281708,253.424042,253.547791,253.686188,253.780609,253.876450,253.927582,253.978378,254.011993,254.052048,254.042389,254.045609,254.062057,254.074936,254.099960,254.112122,254.128571,254.146454,254.159683,254.170776,254.167908,254.143234,254.146103,254.122131,254.131439,254.127853,254.105682,254.090668,254.104263,254.105682,254.063492,254.059555,254.045959,254.024857,253.979080,253.945114,253.932602,253.888611,253.870361,253.873581,253.827087,253.784180,253.771301,253.709442,253.677612,253.639694,253.610016,253.572815,253.530258,253.561371,253.719086,253.731247,253.696198,253.675110,253.623962,253.596069,253.548859,253.525253,253.480560,253.464462,253.402237,253.368973,253.343231,253.306747,253.278854,253.257034,253.230927,253.214127,253.183716,253.155106,253.090027,253.049606,253.017075,252.988464,252.952332,252.929092,252.908356,252.853989,252.822525,PAR,6977.404297,6977.404297,6977.404297,6977.404297,6977.404297,6977.404297,6977.404297,6977.404297,6977.404297,6977.404297,6977.404297,6977.404297,6977.404297,6977.404297,6977.404297,6977.404297,6977.404297,6977.404297,6977.404297,6977.404297,6977.404297,6977.404297,6977.404297,6977.404297,6977.404297,6977.404297,6977.404297,6977.404297,6977.404297,6977.404297,6919.270508,6861.136719,6803.002441,6744.868652,6686.734863,6628.601074,6570.466797,6512.333008,6454.199219,6396.064941,6337.931152,6279.797363,6221.663574,6163.529297,6105.395508,6047.261719,5989.127441,5930.993652,5872.859863,5814.726074,5756.591797,5698.458008,5640.324219,5582.189941,5524.056152,5465.922363,5407.788086,5349.654297,5291.520508,5233.386719,6977.404297,6977.404297,6977.404297,6977.404297,6977.404297,6977.404297,6977.404297,6977.404297,6977.404297,6977.404297,6977.404297,6977.404297,6977.404297,6977.404297,6977.404297,6977.404297,6977.404297,6977.404297,6977.404297,6977.404297,6977.404297,6977.404297,6977.404297,6977.404297,6977.404297,6977.404297,6977.404297,6977.404297,6977.404297,6977.404297,PHASE,1,1,1,1,1,1,1,1,1,1,1,1,1,1,1,1,1,1,1,1,1,1,1,1,1,1,1,1,1,1,2,2,2,2,2,2,2,2,2,2,2,2,2,2,2,2,2,2,2,2,2,2,2,2,2,2,2,2,2,2,3,3,3,3,3,3,3,3,3,3,3,3,3,3,3,3,3,3,3,3,3,3,3,3,3,3,3,3,3,3,FLASH_END"
2026-06-23T01:53:10Z,3,lower,afternoon,15,18:53:10,2026-06-22,Auto gsw+F,LI-COR Default,NA,15,NA,NA,-0.155425,2.091916,-0.1679,-1.101468,4.42519,4.470317,4.973913,0.548723,50.601967,50.091152,56.302444,0.441786,7.5,PSF-01793_20260622185310_578,0,0,0,106.092453,311.700226,0.659633,0.5,0.8,2.832408,1,91.37,92.3,32.25,32.72,32.72,88.34,90.5,89.9,0.7,11,4.099,18:50:07,2026-06-22,-0.53,1,-0.002,-0.004,-0.011,1.426,2.833,5.573,1,150,0.005,2,0.058905,0,0.02923,0,0,-6.8e-5,standard,0,mpf,7000,500,5,2,300,300,300,311.700226,25,1.764554,310.943115,314.229187,-3.286072,2.602136,2.565778,1.167573,0.786376,0.204718,0.006848,0.140657,0.115998,106.092453,3.97e-4,2.449094,1.8e-5,1,2.418127,-1e-6,1,0.602037,0.600124,0.106561,0,PSF-01793_20260622185310_578,PFA-01559,PSA-01670,PSF-01793,RHS-2569,3.0.0,2024-07-09T18:52:43.055Z,MEASUREMENT_END
2026-06-23T01:53:10Z,3,lower,afternoon,PSF-01793_20260622185310_578,18:53:10,2026-06-22,PFA-01559,PSA-01670,PSF-01793,0,0,0,311.700226,106.092453,0.659633,17.420038,NA,0,0.01,0.02,0.03,0.04,0.05,0.06,0.07,0.080000,0.09,0.1,0.11,0.12,0.13,0.14,0.15,0.16,0.17,0.18,0.19,0.2,0.21,0.22,0.23,0.24,0.25,0.26,0.27,0.28,0.29,0.300000,0.310000,0.32,0.33,0.34,0.35,0.36,0.37,0.38,0.39,0.4,0.41,0.42,0.43,0.44,0.45,0.46,0.47,0.48,0.49,0.500000,0.510000,0.520000,0.53,0.54,0.55,0.56,0.57,0.58,0.59,0.6,0.61,0.62,0.63,0.64,0.65,0.66,0.67,0.68,0.69,0.7,0.71,0.72,0.73,0.74,0.75,0.76,0.77,0.78,0.79,0.8,0.81,0.82,0.83,0.839999,0.849999,0.859999,0.869999,0.879999,0.889999,FLR,232.452042,295.258636,"303.135040,306.054718,307.778473,308.903931,309.695007,310.228577,310.610535,310.903442,311.121216,311.256409,311.381226,311.467773,311.553955,311.606537,311.641937,311.665894,311.678772,311.688080,311.700226,311.681976,311.664825,311.650513,311.630127,311.590424,311.537872,311.515686,311.477051,311.450958,311.425934,311.471710,311.444519,311.519623,311.506042,311.569336,311.534637,311.581146,311.575409,311.621552,311.689148,311.640869,311.704529,311.695923,311.757812,311.799286,311.769592,311.826477,311.881531,311.856506,311.944855,311.995636,311.968811,312.019592,312.063934,312.118652,312.112915,312.170868,312.223083,312.275299,310.885559,310.943115,310.938110,310.937775,310.927399,310.908081,310.877319,310.860870,310.834778,310.807953,310.810455,310.758240,310.738220,310.690643,310.673462,310.668823,310.660248,310.615906,310.577271,310.506104,310.472839,310.399536,310.346619,310.296539,310.241089,310.198547,310.131317,310.073029,310.024384,309.968231,PAR,6977.404297,6977.404297,6977.404297,6977.404297,6977.404297,6977.404297,6977.404297,6977.404297,6977.404297,6977.404297,6977.404297,6977.404297,6977.404297,6977.404297,6977.404297,6977.404297,6977.404297,6977.404297,6977.404297,6977.404297,6977.404297,6977.404297,6977.404297,6977.404297,6977.404297,6977.404297,6977.404297,6977.404297,6977.404297,6977.404297,6919.270508,6861.136719,6803.002441,6744.868652,6686.734863,6628.601074,6570.466797,6512.333008,6454.199219,6396.064941,6337.931152,6279.797363,6221.663574,6163.529297,6105.395508,6047.261719,5989.127441,5930.993652,5872.859863,5814.726074,5756.591797,5698.458008,5640.324219,5582.189941,5524.056152,5465.922363,5407.788086,5349.654297,5291.520508,5233.386719,6977.404297,6977.404297,6977.404297,6977.404297,6977.404297,6977.404297,6977.404297,6977.404297,6977.404297,6977.404297,6977.404297,6977.404297,6977.404297,6977.404297,6977.404297,6977.404297,6977.404297,6977.404297,6977.404297,6977.404297,6977.404297,6977.404297,6977.404297,6977.404297,6977.404297,6977.404297,6977.404297,6977.404297,6977.404297,6977.404297,PHASE,1,1,1,1,1,1,1,1,1,1,1,1,1,1,1,1,1,1,1,1,1,1,1,1,1,1,1,1,1,1,2,2,2,2,2,2,2,2,2,2,2,2,2,2,2,2,2,2,2,2,2,2,2,2,2,2,2,2,2,2,3,3,3,3,3,3,3,3,3,3,3,3,3,3,3,3,3,3,3,3,3,3,3,3,3,3,3,3,3,3,FLASH_END"
2026-06-23T01:53:42Z,3,upper,afternoon,16,18:53:42,2026-06-22,Auto gsw+F,LI-COR Default,NA,16,NA,NA,-0.120867,2.033448,-0.128505,-0.878338,4.498004,4.535351,5.069023,0.571019,51.347717,50.924885,57.389771,0.441786,7.5,PSF-01793_20260622185342_fa2,0,0,0,60.665848,238.935074,0.746099,0.5,0.8,12.456039,1,91.73,92.5,32.47,33.06,33.06,88.33,87.1,86.3,0.9,42,4.098,18:50:07,2026-06-22,-0.53,1,-0.004,-0.005,-0.011,0.243,0.443,0.394,1,150,0.005,2,0.058905,0,0.02923,0,0,-6.8e-5,standard,0,mpf,7000,500,5,2,300,300,300,233.805298,25,-3.465635,233.67334,233.96814,-0.2948,2.602449,2.566347,1.143188,0.778434,0.202975,0.008331,0.144021,0.143252,60.665848,3.98e-4,2.449094,1.8e-5,1,2.418127,-1e-6,1,0.602037,0.600124,0.106561,0,PSF-01793_20260622185342_fa2,PFA-01559,PSA-01670,PSF-01793,RHS-2569,3.0.0,2024-07-09T18:52:43.055Z,MEASUREMENT_END
2026-06-23T01:53:42Z,3,upper,afternoon,PSF-01793_20260622185342_fa2,18:53:42,2026-06-22,PFA-01559,PSA-01670,PSF-01793,0,0,0,238.935074,60.665848,0.746099,48.422466,NA,0,0.01,0.02,0.03,0.04,0.05,0.06,0.07,0.080000,0.09,0.1,0.11,0.12,0.13,0.14,0.15,0.16,0.17,0.18,0.19,0.2,0.21,0.22,0.23,0.24,0.25,0.26,0.27,0.28,0.29,0.300000,0.310000,0.32,0.33,0.34,0.35,0.36,0.37,0.38,0.39,0.4,0.41,0.42,0.43,0.44,0.45,0.46,0.47,0.48,0.49,0.500000,0.510000,0.520000,0.53,0.54,0.55,0.56,0.57,0.58,0.59,0.6,0.61,0.62,0.63,0.64,0.65,0.66,0.67,0.68,0.69,0.7,0.71,0.72,0.73,0.74,0.75,0.76,0.77,0.78,0.79,0.8,0.81,0.82,0.83,0.839999,0.849999,0.859999,0.869999,0.879999,0.889999,FLR,128.518219,193.014267,"216.260437,224.640015,228.232025,230.000137,231.005066,231.604813,232.036118,232.316132,232.553238,232.716675,232.862595,232.986694,233.099335,233.190186,233.272797,233.356125,233.419769,233.467697,233.534927,233.567123,233.612900,233.642227,233.676193,233.710175,233.744507,233.760590,233.790283,233.805298,233.859665,233.802795,233.798859,233.764175,233.758087,233.708374,233.686569,233.633286,233.601089,233.543152,233.483429,233.444809,233.395813,233.365768,233.283157,233.218430,233.178024,233.099335,233.021729,232.981323,232.939835,232.835770,232.820389,232.737061,232.645157,232.561111,232.511765,232.443451,232.368713,232.268570,233.228806,233.600372,233.673340,233.670120,233.645447,233.616470,233.581787,233.543869,233.507401,233.461975,233.450531,233.392242,233.341095,233.309982,233.257050,233.209854,233.159058,233.127594,233.065720,233.022095,232.981323,232.912308,232.861511,232.790344,232.727051,232.664459,232.593292,232.510681,232.448105,232.380508,PAR,6977.404297,6977.404297,6977.404297,6977.404297,6977.404297,6977.404297,6977.404297,6977.404297,6977.404297,6977.404297,6977.404297,6977.404297,6977.404297,6977.404297,6977.404297,6977.404297,6977.404297,6977.404297,6977.404297,6977.404297,6977.404297,6977.404297,6977.404297,6977.404297,6977.404297,6977.404297,6977.404297,6977.404297,6977.404297,6977.404297,6919.270508,6861.136719,6803.002441,6744.868652,6686.734863,6628.601074,6570.466797,6512.333008,6454.199219,6396.064941,6337.931152,6279.797363,6221.663574,6163.529297,6105.395508,6047.261719,5989.127441,5930.993652,5872.859863,5814.726074,5756.591797,5698.458008,5640.324219,5582.189941,5524.056152,5465.922363,5407.788086,5349.654297,5291.520508,5233.386719,6977.404297,6977.404297,6977.404297,6977.404297,6977.404297,6977.404297,6977.404297,6977.404297,6977.404297,6977.404297,6977.404297,6977.404297,6977.404297,6977.404297,6977.404297,6977.404297,6977.404297,6977.404297,6977.404297,6977.404297,6977.404297,6977.404297,6977.404297,6977.404297,6977.404297,6977.404297,6977.404297,6977.404297,6977.404297,6977.404297,PHASE,1,1,1,1,1,1,1,1,1,1,1,1,1,1,1,1,1,1,1,1,1,1,1,1,1,1,1,1,1,1,2,2,2,2,2,2,2,2,2,2,2,2,2,2,2,2,2,2,2,2,2,2,2,2,2,2,2,2,2,2,3,3,3,3,3,3,3,3,3,3,3,3,3,3,3,3,3,3,3,3,3,3,3,3,3,3,3,3,3,3,FLASH_END"
2026-06-23T01:54:02Z,3,upper,afternoon,17,18:54:02,2026-06-22,Auto gsw+F,LI-COR Default,NA,17,NA,NA,-0.137703,1.997908,-0.147897,-1.103762,4.524058,4.572093,5.147201,0.623143,51.759892,51.216095,58.270584,0.441786,7.5,PSF-01793_20260622185402_a62,0,0,0,92.929604,201.290848,0.538332,0.5,0.8,11.094055000000001,1,91.62,92.59,32.59,33.33,33.33,88.33,85.1,83.8,1.5,52,4.098,18:50:07,2026-06-22,-0.53,1,-0.002,-0.002,-0.007,-3.258,-2.959,-10.881,1,150,0.005,2,0.058905,0,0.02923,0,0,-6.8e-5,standard,0,mpf,7000,500,5,2,300,300,300,201.290848,25,0.277468,201.83551,201.688522,0.146988,2.6026,2.566148,1.128796,0.77291,0.201984,0.010181,0.145994,0.151853,92.929604,3.97e-4,2.449094,1.8e-5,1,2.418127,-1e-6,1,0.602037,0.600124,0.106561,0,PSF-01793_20260622185402_a62,PFA-01559,PSA-01670,PSF-01793,RHS-2569,3.0.0,2024-07-09T18:52:43.055Z,MEASUREMENT_END
2026-06-23T01:54:02Z,3,upper,afternoon,PSF-01793_20260622185402_a62,18:54:02,2026-06-22,PFA-01559,PSA-01670,PSF-01793,0,0,0,201.290848,92.929604,0.538332,58.205788,NA,0,0.01,0.02,0.03,0.04,0.05,0.06,0.07,0.080000,0.09,0.1,0.11,0.12,0.13,0.14,0.15,0.16,0.17,0.18,0.19,0.2,0.21,0.22,0.23,0.24,0.25,0.26,0.27,0.28,0.29,0.300000,0.310000,0.32,0.33,0.34,0.35,0.36,0.37,0.38,0.39,0.4,0.41,0.42,0.43,0.44,0.45,0.46,0.47,0.48,0.49,0.500000,0.510000,0.520000,0.53,0.54,0.55,0.56,0.57,0.58,0.59,0.6,0.61,0.62,0.63,0.64,0.65,0.66,0.67,0.68,0.69,0.7,0.71,0.72,0.73,0.74,0.75,0.76,0.77,0.78,0.79,0.8,0.81,0.82,0.83,0.839999,0.849999,0.859999,0.869999,0.879999,0.889999,FLR,137.709976,174.075363,"187.801117,194.211243,197.215683,198.676590,199.449417,199.878937,200.160736,200.342056,200.481171,200.571304,200.661057,200.726868,200.780151,200.847031,200.908539,200.950745,200.995453,201.041580,201.088791,201.107025,201.123840,201.150650,201.176041,201.192505,201.224335,201.252930,201.275116,201.290848,201.320175,201.338409,201.346634,201.364166,201.361664,201.385620,201.398499,201.424957,201.425308,201.431030,201.470734,201.434616,201.456787,201.440338,201.446060,201.447479,201.442841,201.445343,201.450699,201.460007,201.488617,201.483612,201.454285,201.472885,201.477890,201.474670,201.467514,201.473587,201.470734,201.471802,201.319092,201.465729,201.528671,201.550476,201.573013,201.577301,201.590546,201.596970,201.591248,201.606628,201.634171,201.632385,201.648468,201.657059,201.664215,201.675293,201.679230,201.672791,201.687805,201.702118,201.726791,201.730011,201.743240,201.772568,201.783295,201.790100,201.796890,201.826935,201.825134,201.835510,PAR,6977.404297,6977.404297,6977.404297,6977.404297,6977.404297,6977.404297,6977.404297,6977.404297,6977.404297,6977.404297,6977.404297,6977.404297,6977.404297,6977.404297,6977.404297,6977.404297,6977.404297,6977.404297,6977.404297,6977.404297,6977.404297,6977.404297,6977.404297,6977.404297,6977.404297,6977.404297,6977.404297,6977.404297,6977.404297,6977.404297,6919.270508,6861.136719,6803.002441,6744.868652,6686.734863,6628.601074,6570.466797,6512.333008,6454.199219,6396.064941,6337.931152,6279.797363,6221.663574,6163.529297,6105.395508,6047.261719,5989.127441,5930.993652,5872.859863,5814.726074,5756.591797,5698.458008,5640.324219,5582.189941,5524.056152,5465.922363,5407.788086,5349.654297,5291.520508,5233.386719,6977.404297,6977.404297,6977.404297,6977.404297,6977.404297,6977.404297,6977.404297,6977.404297,6977.404297,6977.404297,6977.404297,6977.404297,6977.404297,6977.404297,6977.404297,6977.404297,6977.404297,6977.404297,6977.404297,6977.404297,6977.404297,6977.404297,6977.404297,6977.404297,6977.404297,6977.404297,6977.404297,6977.404297,6977.404297,6977.404297,PHASE,1,1,1,1,1,1,1,1,1,1,1,1,1,1,1,1,1,1,1,1,1,1,1,1,1,1,1,1,1,1,2,2,2,2,2,2,2,2,2,2,2,2,2,2,2,2,2,2,2,2,2,2,2,2,2,2,2,2,2,2,3,3,3,3,3,3,3,3,3,3,3,3,3,3,3,3,3,3,3,3,3,3,3,3,3,3,3,3,3,3,FLASH_END"
2026-06-23T01:54:14Z,3,upper,afternoon,18,18:54:14,2026-06-22,Auto gsw+F,LI-COR Default,NA,18,NA,NA,-0.085471,1.979163,-0.089329,-0.706224,4.563316,4.594421,5.222986,0.65967,52.012211,51.66008,59.128033,0.441786,7.5,PSF-01793_20260622185414_86f,0,0,0,61.303497,247.536362,0.752346,0.5,0.8,16.4146,1,92.02,92.64,32.67,33.59,33.59,88.33,84,83.1,1.1,55,4.094,18:50:07,2026-06-22,-0.53,1,-0.002,-0.005,-9999,0.434,0.085,-9999,1,150,0.005,2,0.058905,0,0.02923,0,0,-6.8e-5,standard,0,mpf,7000,500,5,2,300,300,300,242.438797,25,-3.400348,243.119354,242.662994,0.45636,2.602685,2.566786,1.121329,0.771326,0.201382,0.012497,0.147206,0.154512,61.303497,3.99e-4,2.449094,1.8e-5,1,2.418127,-1e-6,1,0.602037,0.600124,0.106561,0,PSF-01793_20260622185414_86f,PFA-01559,PSA-01670,PSF-01793,RHS-2569,3.0.0,2024-07-09T18:52:43.055Z,MEASUREMENT_END
2026-06-23T01:54:14Z,3,upper,afternoon,PSF-01793_20260622185414_86f,18:54:14,2026-06-22,PFA-01559,PSA-01670,PSF-01793,0,0,0,247.536362,61.303497,0.752346,61.23,NA,0,0.01,0.02,0.03,0.04,0.05,0.06,0.07,0.080000,0.09,0.1,0.11,0.12,0.13,0.14,0.15,0.16,0.17,0.18,0.19,0.2,0.21,0.22,0.23,0.24,0.25,0.26,0.27,0.28,0.29,0.300000,0.310000,0.32,0.33,0.34,0.35,0.36,0.37,0.38,0.39,0.4,0.41,0.42,0.43,0.44,0.45,0.46,0.47,0.48,0.49,0.500000,0.510000,0.520000,0.53,0.54,0.55,0.56,0.57,0.58,0.59,0.6,0.61,0.62,0.63,0.64,0.65,0.66,0.67,0.68,0.69,0.7,0.71,0.72,0.73,0.74,0.75,0.76,0.77,0.78,0.79,0.8,0.81,0.82,0.83,0.839999,0.849999,0.859999,0.869999,0.879999,0.889999,FLR,128.356934,200.139999,"225.550537,234.019882,237.438446,239.002350,239.825256,240.320557,240.652084,240.897781,241.095901,241.216064,241.338379,241.434570,241.525406,241.626266,241.690643,241.771103,241.844772,241.919876,241.984604,242.031815,242.082596,242.130875,242.183090,242.229218,242.286087,242.347244,242.389435,242.438797,242.505310,242.466324,242.480286,242.438431,242.431992,242.392303,242.407318,242.314331,242.322922,242.256760,242.198471,242.153763,242.117279,242.120499,242.035385,241.950272,241.932037,241.837982,241.752869,241.718887,241.655594,241.535065,241.529343,241.446732,241.360184,241.257904,241.248611,241.170288,241.064072,240.942123,242.517120,242.985611,243.085388,243.099335,243.111130,243.117935,243.113281,243.111847,243.104340,243.113998,243.119354,243.099686,243.090027,243.081085,243.087891,243.086105,243.099335,243.096115,243.090027,243.084305,243.085388,243.060715,243.030304,243.028168,243.008850,243.000626,242.991684,242.989182,242.998840,242.986328,PAR,6977.404297,6977.404297,6977.404297,6977.404297,6977.404297,6977.404297,6977.404297,6977.404297,6977.404297,6977.404297,6977.404297,6977.404297,6977.404297,6977.404297,6977.404297,6977.404297,6977.404297,6977.404297,6977.404297,6977.404297,6977.404297,6977.404297,6977.404297,6977.404297,6977.404297,6977.404297,6977.404297,6977.404297,6977.404297,6977.404297,6919.270508,6861.136719,6803.002441,6744.868652,6686.734863,6628.601074,6570.466797,6512.333008,6454.199219,6396.064941,6337.931152,6279.797363,6221.663574,6163.529297,6105.395508,6047.261719,5989.127441,5930.993652,5872.859863,5814.726074,5756.591797,5698.458008,5640.324219,5582.189941,5524.056152,5465.922363,5407.788086,5349.654297,5291.520508,5233.386719,6977.404297,6977.404297,6977.404297,6977.404297,6977.404297,6977.404297,6977.404297,6977.404297,6977.404297,6977.404297,6977.404297,6977.404297,6977.404297,6977.404297,6977.404297,6977.404297,6977.404297,6977.404297,6977.404297,6977.404297,6977.404297,6977.404297,6977.404297,6977.404297,6977.404297,6977.404297,6977.404297,6977.404297,6977.404297,6977.404297,PHASE,1,1,1,1,1,1,1,1,1,1,1,1,1,1,1,1,1,1,1,1,1,1,1,1,1,1,1,1,1,1,2,2,2,2,2,2,2,2,2,2,2,2,2,2,2,2,2,2,2,2,2,2,2,2,2,2,2,2,2,2,3,3,3,3,3,3,3,3,3,3,3,3,3,3,3,3,3,3,3,3,3,3,3,3,3,3,3,3,3,3,FLASH_END"
2026-06-23T01:56:06Z,4,lower,afternoon,19,18:56:06,2026-06-22,Auto gsw+F,LI-COR Default,NA,19,NA,NA,-0.100983,1.830601,-0.106879,-0.607607,4.65974,4.689319,5.134251,0.474511,53.068211,52.733467,58.10342,0.441786,7.5,PSF-01793_20260622185606_41c,0,0,0,168.366196,616.843018,0.727052,0.5,0.8,8.550234,1,92.84,93.43,32.88,33.29,33.29,88.36,76,75.4,0.7,29,4.093,18:50:07,2026-06-22,-0.53,1,-0.002,-0.005,-0.012,0.156,0.602,1.185,1,150,0.005,2,0.058905,0,0.02923,0,0,-6.8e-5,standard,0,mpf,7000,500,5,2,300,300,300,611.286133,25,-4.667998,606.356628,610.152832,-3.796204,2.603983,2.568102,1.064956,0.754498,0.199704,0.006025,0.158731,0.132407,168.366196,3.95e-4,2.449094,1.8e-5,1,2.418127,-1e-6,1,0.602037,0.600124,0.106561,0,PSF-01793_20260622185606_41c,PFA-01559,PSA-01670,PSF-01793,RHS-2569,3.0.0,2024-07-09T18:52:43.055Z,MEASUREMENT_END
2026-06-23T01:56:06Z,4,lower,afternoon,PSF-01793_20260622185606_41c,18:56:06,2026-06-22,PFA-01559,PSA-01670,PSF-01793,0,0,0,616.843018,168.366196,0.727052,36.085609,NA,0,0.01,0.02,0.03,0.04,0.05,0.06,0.07,0.080000,0.09,0.1,0.11,0.12,0.13,0.14,0.15,0.16,0.17,0.18,0.19,0.2,0.21,0.22,0.23,0.24,0.25,0.26,0.27,0.28,0.29,0.300000,0.310000,0.32,0.33,0.34,0.35,0.36,0.37,0.38,0.39,0.4,0.41,0.42,0.43,0.44,0.45,0.46,0.47,0.48,0.49,0.500000,0.510000,0.520000,0.53,0.54,0.55,0.56,0.57,0.58,0.59,0.6,0.61,0.62,0.63,0.64,0.65,0.66,0.67,0.68,0.69,0.7,0.71,0.72,0.73,0.74,0.75,0.76,0.77,0.78,0.79,0.8,0.81,0.82,0.83,0.839999,0.849999,0.859999,0.869999,0.879999,0.889999,FLR,381.478790,550.099243,"594.528076,605.990784,609.387512,610.410339,610.816589,610.992554,611.116638,611.205322,611.286133,611.265808,611.275818,611.252563,611.201050,611.171753,611.127014,611.078735,611.044434,610.982910,610.948181,610.831604,610.756897,610.664246,610.567322,610.446106,610.347778,610.255493,610.163940,610.063782,610.011230,609.992249,609.877808,609.922180,609.809143,609.849548,609.722229,609.712219,609.595276,609.591003,609.588501,609.419678,609.376770,609.252319,609.259155,609.180786,609.057434,609.008789,608.954773,608.822083,608.811035,608.647583,608.509521,608.458374,608.377197,608.288513,608.162659,608.086121,608.010986,607.867981,606.319763,606.356628,606.201782,605.942505,605.655334,605.403931,605.150696,604.896057,604.623535,604.351746,604.122864,603.784180,603.481628,603.181580,602.840454,602.503174,602.169861,601.816895,601.449280,601.077332,600.758301,600.371704,600.019836,599.583130,599.199402,598.775269,598.352539,597.879761,597.407715,596.932068,PAR,6977.404297,6977.404297,6977.404297,6977.404297,6977.404297,6977.404297,6977.404297,6977.404297,6977.404297,6977.404297,6977.404297,6977.404297,6977.404297,6977.404297,6977.404297,6977.404297,6977.404297,6977.404297,6977.404297,6977.404297,6977.404297,6977.404297,6977.404297,6977.404297,6977.404297,6977.404297,6977.404297,6977.404297,6977.404297,6977.404297,6919.270508,6861.136719,6803.002441,6744.868652,6686.734863,6628.601074,6570.466797,6512.333008,6454.199219,6396.064941,6337.931152,6279.797363,6221.663574,6163.529297,6105.395508,6047.261719,5989.127441,5930.993652,5872.859863,5814.726074,5756.591797,5698.458008,5640.324219,5582.189941,5524.056152,5465.922363,5407.788086,5349.654297,5291.520508,5233.386719,6977.404297,6977.404297,6977.404297,6977.404297,6977.404297,6977.404297,6977.404297,6977.404297,6977.404297,6977.404297,6977.404297,6977.404297,6977.404297,6977.404297,6977.404297,6977.404297,6977.404297,6977.404297,6977.404297,6977.404297,6977.404297,6977.404297,6977.404297,6977.404297,6977.404297,6977.404297,6977.404297,6977.404297,6977.404297,6977.404297,PHASE,1,1,1,1,1,1,1,1,1,1,1,1,1,1,1,1,1,1,1,1,1,1,1,1,1,1,1,1,1,1,2,2,2,2,2,2,2,2,2,2,2,2,2,2,2,2,2,2,2,2,2,2,2,2,2,2,2,2,2,2,3,3,3,3,3,3,3,3,3,3,3,3,3,3,3,3,3,3,3,3,3,3,3,3,3,3,3,3,3,3,FLASH_END"
2026-06-23T01:56:15Z,4,lower,afternoon,20,18:56:15,2026-06-22,Auto gsw+F,LI-COR Default,NA,20,NA,NA,-0.099623,1.819627,-0.105393,-0.660259,4.659057,4.691444,5.181783,0.522727,53.094807,52.728268,58.644161,0.441786,7.5,PSF-01793_20260622185615_4cc,0,0,0,157.239319,619.979553,0.74638,0.5,0.8,9.750254,1,92.77,93.42,32.89,33.45,33.45,88.36,75.4,74.7,0.9,33,4.093,18:50:07,2026-06-22,-0.53,1,-0.003,-0.005,-0.011,-0.067,0.588,2.109,1,150,0.005,2,0.058905,0,0.02923,0,0,-6.8e-5,standard,0,mpf,7000,500,5,2,300,300,300,613.61145,25,-5.46232,608.585327,612.15094,-3.565613,2.603965,2.567993,1.060975,0.752984,0.199626,0.007951,0.15952,0.135271,157.239319,3.91e-4,2.449094,1.8e-5,1,2.418127,-1e-6,1,0.602037,0.600124,0.106561,0,PSF-01793_20260622185615_4cc,PFA-01559,PSA-01670,PSF-01793,RHS-2569,3.0.0,2024-07-09T18:52:43.055Z,MEASUREMENT_END
2026-06-23T01:56:15Z,4,lower,afternoon,PSF-01793_20260622185615_4cc,18:56:15,2026-06-22,PFA-01559,PSA-01670,PSF-01793,0,0,0,619.979553,157.239319,0.74638,39.343731,NA,0,0.01,0.02,0.03,0.04,0.05,0.06,0.07,0.080000,0.09,0.1,0.11,0.12,0.13,0.14,0.15,0.16,0.17,0.18,0.19,0.2,0.21,0.22,0.23,0.24,0.25,0.26,0.27,0.28,0.29,0.300000,0.310000,0.32,0.33,0.34,0.35,0.36,0.37,0.38,0.39,0.4,0.41,0.42,0.43,0.44,0.45,0.46,0.47,0.48,0.49,0.500000,0.510000,0.520000,0.53,0.54,0.55,0.56,0.57,0.58,0.59,0.6,0.61,0.62,0.63,0.64,0.65,0.66,0.67,0.68,0.69,0.7,0.71,0.72,0.73,0.74,0.75,0.76,0.77,0.78,0.79,0.8,0.81,0.82,0.83,0.839999,0.849999,0.859999,0.869999,0.879999,0.889999,FLR,360.807526,540.124634,"595.539429,609.398621,612.673035,613.280640,613.372192,613.443726,613.500610,613.538147,613.611450,613.567444,613.586060,613.553162,613.521362,613.492737,613.444824,613.375793,613.322510,613.233826,613.201965,613.065735,612.979553,612.884399,612.803589,612.666260,612.558594,612.467407,612.344727,612.213135,612.135193,612.087952,611.930603,611.951721,611.809387,611.798279,611.664551,611.598389,611.473206,611.424194,611.394165,611.232178,611.202454,611.051208,611.030457,610.960693,610.793335,610.721497,610.643860,610.519775,610.511902,610.369202,610.224731,610.180359,610.095947,610.004395,609.899292,609.805603,609.695435,609.620361,608.371521,608.585327,608.492371,608.344666,608.191956,608.032104,607.950928,607.818237,607.678406,607.543945,607.459900,607.286072,607.124451,607.017517,606.875916,606.733215,606.561523,606.444214,606.302612,606.166748,606.052612,605.867004,605.747192,605.619568,605.467529,605.340271,605.216858,605.064880,604.921082,604.742310,PAR,6977.404297,6977.404297,6977.404297,6977.404297,6977.404297,6977.404297,6977.404297,6977.404297,6977.404297,6977.404297,6977.404297,6977.404297,6977.404297,6977.404297,6977.404297,6977.404297,6977.404297,6977.404297,6977.404297,6977.404297,6977.404297,6977.404297,6977.404297,6977.404297,6977.404297,6977.404297,6977.404297,6977.404297,6977.404297,6977.404297,6919.270508,6861.136719,6803.002441,6744.868652,6686.734863,6628.601074,6570.466797,6512.333008,6454.199219,6396.064941,6337.931152,6279.797363,6221.663574,6163.529297,6105.395508,6047.261719,5989.127441,5930.993652,5872.859863,5814.726074,5756.591797,5698.458008,5640.324219,5582.189941,5524.056152,5465.922363,5407.788086,5349.654297,5291.520508,5233.386719,6977.404297,6977.404297,6977.404297,6977.404297,6977.404297,6977.404297,6977.404297,6977.404297,6977.404297,6977.404297,6977.404297,6977.404297,6977.404297,6977.404297,6977.404297,6977.404297,6977.404297,6977.404297,6977.404297,6977.404297,6977.404297,6977.404297,6977.404297,6977.404297,6977.404297,6977.404297,6977.404297,6977.404297,6977.404297,6977.404297,PHASE,1,1,1,1,1,1,1,1,1,1,1,1,1,1,1,1,1,1,1,1,1,1,1,1,1,1,1,1,1,1,2,2,2,2,2,2,2,2,2,2,2,2,2,2,2,2,2,2,2,2,2,2,2,2,2,2,2,2,2,2,3,3,3,3,3,3,3,3,3,3,3,3,3,3,3,3,3,3,3,3,3,3,3,3,3,3,3,3,3,3,FLASH_END"
2026-06-23T01:56:24Z,4,lower,afternoon,21,18:56:24,2026-06-22,Auto gsw+F,LI-COR Default,NA,21,NA,NA,-0.092793,1.813241,-0.097798,-0.588268,4.666842,4.695826,5.168771,0.501929,53.142891,52.814888,58.495243,0.441786,7.5,PSF-01793_20260622185624_203,0,0,0,156.591293,638.385803,0.754707,0.5,0.8,11.830359,1,92.84,93.42,32.91,33.41,33.41,88.36,75,74.6,0.6,39,4.092,18:50:07,2026-06-22,-0.53,1,-0.002,-0.004,-9999,0.254,1.08,-9999,1,150,0.005,2,0.058905,0,0.02923,0,0,-6.8e-5,standard,0,mpf,7000,500,5,2,300,300,300,629.568115,25,-6.593956,625.612732,628.935364,-3.322632,2.603966,2.568105,1.05867,0.752762,0.199498,0.007187,0.160316,0.141012,156.591293,3.99e-4,2.449094,1.8e-5,1,2.418127,-1e-6,1,0.602037,0.600124,0.106561,0,PSF-01793_20260622185624_203,PFA-01559,PSA-01670,PSF-01793,RHS-2569,3.0.0,2024-07-09T18:52:43.055Z,MEASUREMENT_END
2026-06-23T01:56:24Z,4,lower,afternoon,PSF-01793_20260622185624_203,18:56:24,2026-06-22,PFA-01559,PSA-01670,PSF-01793,0,0,0,638.385803,156.591293,0.754707,45.873814,NA,0,0.01,0.02,0.03,0.04,0.05,0.06,0.07,0.080000,0.09,0.1,0.11,0.12,0.13,0.14,0.15,0.16,0.17,0.18,0.19,0.2,0.21,0.22,0.23,0.24,0.25,0.26,0.27,0.28,0.29,0.300000,0.310000,0.32,0.33,0.34,0.35,0.36,0.37,0.38,0.39,0.4,0.41,0.42,0.43,0.44,0.45,0.46,0.47,0.48,0.49,0.500000,0.510000,0.520000,0.53,0.54,0.55,0.56,0.57,0.58,0.59,0.6,0.61,0.62,0.63,0.64,0.65,0.66,0.67,0.68,0.69,0.7,0.71,0.72,0.73,0.74,0.75,0.76,0.77,0.78,0.79,0.8,0.81,0.82,0.83,0.839999,0.849999,0.859999,0.869999,0.879999,0.889999,FLR,364.032990,548.148376,"606.710693,622.836121,627.307556,628.485229,628.863953,629.047363,629.212280,629.308472,629.436157,629.451843,629.477234,629.525879,629.534851,629.568115,629.546997,629.531982,629.490112,629.457581,629.479736,629.362793,629.324219,629.268738,629.231201,629.157532,629.090332,629.018799,628.942261,628.848938,628.805298,628.759155,628.597168,628.617188,628.497375,628.477722,628.340027,628.277405,628.152222,628.081055,628.053162,627.890137,627.815735,627.689819,627.638672,627.521729,627.400146,627.283569,627.180908,627.047546,626.986023,626.780029,626.677734,626.572266,626.423096,626.294373,626.169922,626.050476,625.916748,625.762207,625.264771,625.612732,625.543335,625.359558,625.183594,625.049133,624.919983,624.777344,624.662903,624.535583,624.481201,624.277344,624.132507,624.068848,623.927979,623.800659,623.653625,623.514893,623.412598,623.256348,623.203064,623.015991,622.879395,622.768494,622.635864,622.504578,622.400146,622.259644,622.116943,621.989258,PAR,6977.404297,6977.404297,6977.404297,6977.404297,6977.404297,6977.404297,6977.404297,6977.404297,6977.404297,6977.404297,6977.404297,6977.404297,6977.404297,6977.404297,6977.404297,6977.404297,6977.404297,6977.404297,6977.404297,6977.404297,6977.404297,6977.404297,6977.404297,6977.404297,6977.404297,6977.404297,6977.404297,6977.404297,6977.404297,6977.404297,6919.270508,6861.136719,6803.002441,6744.868652,6686.734863,6628.601074,6570.466797,6512.333008,6454.199219,6396.064941,6337.931152,6279.797363,6221.663574,6163.529297,6105.395508,6047.261719,5989.127441,5930.993652,5872.859863,5814.726074,5756.591797,5698.458008,5640.324219,5582.189941,5524.056152,5465.922363,5407.788086,5349.654297,5291.520508,5233.386719,6977.404297,6977.404297,6977.404297,6977.404297,6977.404297,6977.404297,6977.404297,6977.404297,6977.404297,6977.404297,6977.404297,6977.404297,6977.404297,6977.404297,6977.404297,6977.404297,6977.404297,6977.404297,6977.404297,6977.404297,6977.404297,6977.404297,6977.404297,6977.404297,6977.404297,6977.404297,6977.404297,6977.404297,6977.404297,6977.404297,PHASE,1,1,1,1,1,1,1,1,1,1,1,1,1,1,1,1,1,1,1,1,1,1,1,1,1,1,1,1,1,1,2,2,2,2,2,2,2,2,2,2,2,2,2,2,2,2,2,2,2,2,2,2,2,2,2,2,2,2,2,2,3,3,3,3,3,3,3,3,3,3,3,3,3,3,3,3,3,3,3,3,3,3,3,3,3,3,3,3,3,3,FLASH_END"
2026-06-23T01:56:53Z,4,upper,afternoon,22,18:56:53,2026-06-22,Auto gsw+F,LI-COR Default,NA,22,NA,NA,0.036786,1.79067,0.036045,0.263699,4.722415,4.709229,5.331883,0.609468,53.310268,53.459541,60.358944,0.441786,7.5,PSF-01793_20260622185653_891,0,0,0,155.26915,538.528503,0.711679,0.5,0.8,45.590858,1,93.72,93.46,32.95,33.96,33.96,88.34,73.9,73.7,0.3,160,4.092,18:50:07,2026-06-22,-0.53,1,-0.001,0,-9999,0.899,0.544,-9999,1,150,0.005,2,0.058905,0,0.02923,0,0,-6.8e-5,standard,0,mpf,7000,500,5,2,300,300,300,524.695129,25,-9.967102,522.336975,524.243652,-1.906677,2.604034,2.569542,1.050584,0.750755,0.199164,0.013611,0.163168,0.247352,155.26915,4.02e-4,2.449094,1.8e-5,1,2.418127,-1e-6,1,0.602037,0.600124,0.106561,0,PSF-01793_20260622185653_891,PFA-01559,PSA-01670,PSF-01793,RHS-2569,3.0.0,2024-07-09T18:52:43.055Z,MEASUREMENT_END
2026-06-23T01:56:53Z,4,upper,afternoon,PSF-01793_20260622185653_891,18:56:53,2026-06-22,PFA-01559,PSA-01670,PSF-01793,0,0,0,538.528503,155.26915,0.711679,166.837753,NA,0,0.01,0.02,0.03,0.04,0.05,0.06,0.07,0.080000,0.09,0.1,0.11,0.12,0.13,0.14,0.15,0.16,0.17,0.18,0.19,0.2,0.21,0.22,0.23,0.24,0.25,0.26,0.27,0.28,0.29,0.300000,0.310000,0.32,0.33,0.34,0.35,0.36,0.37,0.38,0.39,0.4,0.41,0.42,0.43,0.44,0.45,0.46,0.47,0.48,0.49,0.500000,0.510000,0.520000,0.53,0.54,0.55,0.56,0.57,0.58,0.59,0.6,0.61,0.62,0.63,0.64,0.65,0.66,0.67,0.68,0.69,0.7,0.71,0.72,0.73,0.74,0.75,0.76,0.77,0.78,0.79,0.8,0.81,0.82,0.83,0.839999,0.849999,0.859999,0.869999,0.879999,0.889999,FLR,317.038544,454.487457,"502.888092,517.483948,521.787292,523.162720,523.726685,524.013550,524.195190,524.341797,524.476624,524.490601,524.546753,524.561035,524.565369,524.597900,524.630066,524.644348,524.645813,524.652588,524.695129,524.613281,524.570007,524.533875,524.476318,524.431213,524.374023,524.338623,524.277832,524.209473,524.173401,524.000977,523.911255,523.781799,523.661987,523.505310,523.397339,523.210632,523.100830,522.923462,522.762878,522.638062,522.487854,522.394531,522.202820,521.982544,521.840210,521.676392,521.446106,521.358521,521.227234,520.975464,520.882507,520.690796,520.471191,520.254517,520.153259,519.966614,519.751648,519.513123,521.762634,522.323730,522.336975,522.246826,522.165649,522.090210,522.015076,521.944641,521.865967,521.789795,521.773010,521.652466,521.554443,521.458252,521.389954,521.310181,521.234741,521.176453,521.101013,521.053772,521.014832,520.912903,520.836365,520.800964,520.731567,520.681519,520.631409,520.568115,520.528442,520.472656,PAR,6977.404297,6977.404297,6977.404297,6977.404297,6977.404297,6977.404297,6977.404297,6977.404297,6977.404297,6977.404297,6977.404297,6977.404297,6977.404297,6977.404297,6977.404297,6977.404297,6977.404297,6977.404297,6977.404297,6977.404297,6977.404297,6977.404297,6977.404297,6977.404297,6977.404297,6977.404297,6977.404297,6977.404297,6977.404297,6977.404297,6919.270508,6861.136719,6803.002441,6744.868652,6686.734863,6628.601074,6570.466797,6512.333008,6454.199219,6396.064941,6337.931152,6279.797363,6221.663574,6163.529297,6105.395508,6047.261719,5989.127441,5930.993652,5872.859863,5814.726074,5756.591797,5698.458008,5640.324219,5582.189941,5524.056152,5465.922363,5407.788086,5349.654297,5291.520508,5233.386719,6977.404297,6977.404297,6977.404297,6977.404297,6977.404297,6977.404297,6977.404297,6977.404297,6977.404297,6977.404297,6977.404297,6977.404297,6977.404297,6977.404297,6977.404297,6977.404297,6977.404297,6977.404297,6977.404297,6977.404297,6977.404297,6977.404297,6977.404297,6977.404297,6977.404297,6977.404297,6977.404297,6977.404297,6977.404297,6977.404297,PHASE,1,1,1,1,1,1,1,1,1,1,1,1,1,1,1,1,1,1,1,1,1,1,1,1,1,1,1,1,1,1,2,2,2,2,2,2,2,2,2,2,2,2,2,2,2,2,2,2,2,2,2,2,2,2,2,2,2,2,2,2,3,3,3,3,3,3,3,3,3,3,3,3,3,3,3,3,3,3,3,3,3,3,3,3,3,3,3,3,3,3,FLASH_END"
2026-06-23T01:57:03Z,4,upper,afternoon,23,18:57:03,2026-06-22,Auto gsw+F,LI-COR Default,NA,23,NA,NA,0.040645,1.785813,0.03974,0.275668,4.732915,4.719084,5.310872,0.577957,53.419712,53.576275,60.118713,0.441786,7.5,PSF-01793_20260622185703_33b,0,0,0,159.406906,511.680267,0.688464,0.5,0.8,47.526726,1,93.67,93.4,33,33.89,33.89,88.34,73.6,72.8,1.1,173,4.091,18:50:07,2026-06-22,-0.53,1,0.001,-0,0.003,-1.052,-1.274,12.581,1,150,0.005,2,0.058905,0,0.02923,0,0,-6.8e-5,standard,0,mpf,7000,500,5,2,300,300,300,503.290405,25,-5.785126,502.983917,503.389038,-0.405121,2.603926,2.569455,1.048857,0.748885,0.198781,0.012111,0.164112,0.25828,159.406906,4.01e-4,2.449094,1.8e-5,1,2.418127,-1e-6,1,0.602037,0.600124,0.106561,0,PSF-01793_20260622185703_33b,PFA-01559,PSA-01670,PSF-01793,RHS-2569,3.0.0,2024-07-09T18:52:43.055Z,MEASUREMENT_END
2026-06-23T01:57:03Z,4,upper,afternoon,PSF-01793_20260622185703_33b,18:57:03,2026-06-22,PFA-01559,PSA-01670,PSF-01793,0,0,0,511.680267,159.406906,0.688464,179.267761,NA,0,0.01,0.02,0.03,0.04,0.05,0.06,0.07,0.080000,0.09,0.1,0.11,0.12,0.13,0.14,0.15,0.16,0.17,0.18,0.19,0.2,0.21,0.22,0.23,0.24,0.25,0.26,0.27,0.28,0.29,0.300000,0.310000,0.32,0.33,0.34,0.35,0.36,0.37,0.38,0.39,0.4,0.41,0.42,0.43,0.44,0.45,0.46,0.47,0.48,0.49,0.500000,0.510000,0.520000,0.53,0.54,0.55,0.56,0.57,0.58,0.59,0.6,0.61,0.62,0.63,0.64,0.65,0.66,0.67,0.68,0.69,0.7,0.71,0.72,0.73,0.74,0.75,0.76,0.77,0.78,0.79,0.8,0.81,0.82,0.83,0.839999,0.849999,0.859999,0.869999,0.879999,0.889999,FLR,311.950928,437.477600,"482.221130,496.513733,500.736603,502.011902,502.471436,502.717499,502.885223,502.953186,503.084076,503.088348,503.149872,503.162750,503.194916,503.212097,503.218536,503.239990,503.268250,503.253571,503.285400,503.275757,503.266449,503.272522,503.277191,503.274323,503.290405,503.271118,503.283264,503.271454,503.292206,503.164185,503.120178,503.049744,503.018250,502.934204,502.924927,502.801880,502.777588,502.672089,502.559052,502.477539,502.386688,502.366302,502.257935,502.097015,502.064117,501.943237,501.810913,501.756897,501.688599,501.486542,501.430756,501.344574,501.175751,501.022705,500.994812,500.897156,500.726593,500.560638,502.470734,502.960327,502.983917,502.929565,502.853760,502.792603,502.741089,502.672424,502.627014,502.535461,502.524017,502.433167,502.346649,502.285126,502.181061,502.133850,502.069458,501.979706,501.888153,501.840576,501.804108,501.669647,501.594543,501.536957,501.446838,501.359222,501.295197,501.231537,501.143921,501.024841,PAR,6977.404297,6977.404297,6977.404297,6977.404297,6977.404297,6977.404297,6977.404297,6977.404297,6977.404297,6977.404297,6977.404297,6977.404297,6977.404297,6977.404297,6977.404297,6977.404297,6977.404297,6977.404297,6977.404297,6977.404297,6977.404297,6977.404297,6977.404297,6977.404297,6977.404297,6977.404297,6977.404297,6977.404297,6977.404297,6977.404297,6919.270508,6861.136719,6803.002441,6744.868652,6686.734863,6628.601074,6570.466797,6512.333008,6454.199219,6396.064941,6337.931152,6279.797363,6221.663574,6163.529297,6105.395508,6047.261719,5989.127441,5930.993652,5872.859863,5814.726074,5756.591797,5698.458008,5640.324219,5582.189941,5524.056152,5465.922363,5407.788086,5349.654297,5291.520508,5233.386719,6977.404297,6977.404297,6977.404297,6977.404297,6977.404297,6977.404297,6977.404297,6977.404297,6977.404297,6977.404297,6977.404297,6977.404297,6977.404297,6977.404297,6977.404297,6977.404297,6977.404297,6977.404297,6977.404297,6977.404297,6977.404297,6977.404297,6977.404297,6977.404297,6977.404297,6977.404297,6977.404297,6977.404297,6977.404297,6977.404297,PHASE,1,1,1,1,1,1,1,1,1,1,1,1,1,1,1,1,1,1,1,1,1,1,1,1,1,1,1,1,1,1,2,2,2,2,2,2,2,2,2,2,2,2,2,2,2,2,2,2,2,2,2,2,2,2,2,2,2,2,2,2,3,3,3,3,3,3,3,3,3,3,3,3,3,3,3,3,3,3,3,3,3,3,3,3,3,3,3,3,3,3,FLASH_END"
2026-06-23T01:57:17Z,4,upper,afternoon,24,18:57:17,2026-06-22,Auto gsw+F,LI-COR Default,NA,24,NA,NA,0.038107,1.769132,0.037304,0.25541,4.745888,4.732924,5.316302,0.570414,53.574554,53.72131,60.178135,0.441786,7.5,PSF-01793_20260622185717_aef,0,0,0,206.762909,512.202515,0.596326,0.5,0.8,32.304935,1,93.59,93.34,33.07,33.91,33.91,88.34,72.8,72.2,0.7,135,4.077,18:50:07,2026-06-22,-0.53,1,-0.002,-0.003,-0.006,1.989,3.363,13.351,1,150,0.005,2,0.058905,0,0.02923,0,0,-6.8e-5,standard,0,mpf,7000,500,5,2,300,300,300,499.900116,25,-10.761423,491.179718,496.779266,-5.599548,2.603823,2.569323,1.042959,0.747566,0.198287,0.01155,0.165408,0.225621,206.762909,3.99e-4,2.449094,1.8e-5,1,2.418127,-1e-6,1,0.602037,0.600124,0.106561,0,PSF-01793_20260622185717_aef,PFA-01559,PSA-01670,PSF-01793,RHS-2569,3.0.0,2024-07-09T18:52:43.055Z,MEASUREMENT_END
2026-06-23T01:57:17Z,4,upper,afternoon,PSF-01793_20260622185717_aef,18:57:17,2026-06-22,PFA-01559,PSA-01670,PSF-01793,0,0,0,512.202515,206.762909,0.596326,142.118484,NA,0,0.01,0.02,0.03,0.04,0.05,0.06,0.07,0.080000,0.09,0.1,0.11,0.12,0.13,0.14,0.15,0.16,0.17,0.18,0.19,0.2,0.21,0.22,0.23,0.24,0.25,0.26,0.27,0.28,0.29,0.300000,0.310000,0.32,0.33,0.34,0.35,0.36,0.37,0.38,0.39,0.4,0.41,0.42,0.43,0.44,0.45,0.46,0.47,0.48,0.49,0.500000,0.510000,0.520000,0.53,0.54,0.55,0.56,0.57,0.58,0.59,0.6,0.61,0.62,0.63,0.64,0.65,0.66,0.67,0.68,0.69,0.7,0.71,0.72,0.73,0.74,0.75,0.76,0.77,0.78,0.79,0.8,0.81,0.82,0.83,0.839999,0.849999,0.859999,0.869999,0.879999,0.889999,FLR,355.732452,465.077881,"493.288269,499.145508,499.900116,499.722717,499.528534,499.391907,499.376892,499.339691,499.343262,499.276764,499.233124,499.141205,499.032867,498.968842,498.876923,498.799316,498.698486,498.579742,498.477112,498.302948,498.167389,498.016846,497.858032,497.661346,497.468933,497.309814,497.105591,496.912109,496.763000,496.627441,496.457214,496.352783,496.178986,496.068481,495.880005,495.678650,495.496277,495.356812,495.223053,495.005615,494.851105,494.651917,494.460571,494.280334,494.121552,493.953094,493.777161,493.573303,493.474976,493.224976,493.016846,492.864136,492.693909,492.550842,492.372742,492.223633,492.051971,491.844879,491.179718,491.176849,490.977295,490.744843,490.479126,490.254883,489.998810,489.703064,489.423035,489.178406,488.955627,488.702057,488.453522,488.232483,487.985718,487.760437,487.519379,487.268341,487.001190,486.748352,486.507660,486.173981,485.906494,485.631104,485.402954,485.161896,484.914429,484.659424,484.406586,484.145172,PAR,6977.404297,6977.404297,6977.404297,6977.404297,6977.404297,6977.404297,6977.404297,6977.404297,6977.404297,6977.404297,6977.404297,6977.404297,6977.404297,6977.404297,6977.404297,6977.404297,6977.404297,6977.404297,6977.404297,6977.404297,6977.404297,6977.404297,6977.404297,6977.404297,6977.404297,6977.404297,6977.404297,6977.404297,6977.404297,6977.404297,6919.270508,6861.136719,6803.002441,6744.868652,6686.734863,6628.601074,6570.466797,6512.333008,6454.199219,6396.064941,6337.931152,6279.797363,6221.663574,6163.529297,6105.395508,6047.261719,5989.127441,5930.993652,5872.859863,5814.726074,5756.591797,5698.458008,5640.324219,5582.189941,5524.056152,5465.922363,5407.788086,5349.654297,5291.520508,5233.386719,6977.404297,6977.404297,6977.404297,6977.404297,6977.404297,6977.404297,6977.404297,6977.404297,6977.404297,6977.404297,6977.404297,6977.404297,6977.404297,6977.404297,6977.404297,6977.404297,6977.404297,6977.404297,6977.404297,6977.404297,6977.404297,6977.404297,6977.404297,6977.404297,6977.404297,6977.404297,6977.404297,6977.404297,6977.404297,6977.404297,PHASE,1,1,1,1,1,1,1,1,1,1,1,1,1,1,1,1,1,1,1,1,1,1,1,1,1,1,1,1,1,1,2,2,2,2,2,2,2,2,2,2,2,2,2,2,2,2,2,2,2,2,2,2,2,2,2,2,2,2,2,2,3,3,3,3,3,3,3,3,3,3,3,3,3,3,3,3,3,3,3,3,3,3,3,3,3,3,3,3,3,3,FLASH_END"
NA,NA,NA,NA,NA,NA,NA,NA,NA,NA,NA,NA,NA,NA,NA,NA,NA,NA,NA,NA,NA,NA,NA,NA,NA,NA,NA,NA,NA,NA,NA,NA,NA,NA,NA,NA,NA,NA,NA,NA,NA,NA,NA,NA,NA,NA,NA,NA,NA,NA,NA,NA,NA,NA,NA,NA,NA,NA,NA,NA,NA,NA,NA,NA,NA,NA,NA,NA,NA,NA,NA,NA,NA,NA,NA,NA,NA,NA,NA,NA,NA,NA,NA,NA,NA,NA,NA,NA,NA,NA,NA,NA,NA,NA,NA,NA,NA,NA,NA,NA,NA,NA,NA,NA,NA,NA,NA,NA,NA,NA,NA,NA
