Obs#,Time,Date,configName,configAuthor,remark,Observation,,,gsw,gbw,gtw,E_apparent,VPcham,VPref,VPleaf,VPDleaf,H2O_r,H2O_s,H2O_leaf,leaf_area,leaf_width,flashID,Fo,Fm,Fv/Fm,Fs,Fm',PhiPS2,PS2/1,abs,ETR,TRANS,rh_s,rh_r,Tref,Tmeas,Tleaf,P_atm,flow,flow_s,leak_pct,Qamb,batt,match_time,match_date,rh_adj,type,gsw1sec,gsw2sec,gsw4sec,flr1sec,flr2sec,flr4sec,auto,flow_set,gsw_limit,gsw_period,aw,Bla,Blb,Blc,Bld,Ble,chamber,dark,flash_type,flash_intensity,modrate,flr_limit,flr_period,P1_dur,P2_dur,P3_dur,P1_Fmax,P2_ramp,P2_slp,P3_Fmax,P3_Pred,P3_DeltaF,v_humA,v_humB,v_flowIn,v_flowOut,v_temp,v_irt,v_pres,v_par,v_F,i_LED,b_rhr,m_rhr,span_rhr,b_rhs,m_rhs,span_rhs,z_flowIn,z_flowOut,z_quantum,z_flr,flashId,lciSerNum,lcpSerNum,lcfSerNum,lcrhSerNum,version,configUpdatedAt,MEASUREMENT_HEADER_END
flashId,time,date,lciSerialNumber,lcpSerialNumber,lcfSerialNumber,Fm,Fo,Fv/Fm,Fm',Fs,PhiPS2,LightIntensity,data[],FLASH_HEADER_END
Obs#,Time,Date,configName,configAuthor,remark,Observation,,,gsw,gbw,gtw,E_apparent,VPcham,VPref,VPleaf,VPDleaf,H2O_r,H2O_s,H2O_leaf,leaf_area,leaf_width,flashID,Fo,Fm,Fv/Fm,Fs,Fm',PhiPS2,PS2/1,abs,ETR,TRANS,rh_s,rh_r,Tref,Tmeas,Tleaf,P_atm,flow,flow_s,leak_pct,Qamb,batt,match_time,match_date,rh_adj,type,gsw1sec,gsw2sec,gsw4sec,flr1sec,flr2sec,flr4sec,auto,flow_set,gsw_limit,gsw_period,aw,Bla,Blb,Blc,Bld,Ble,chamber,dark,flash_type,flash_intensity,modrate,flr_limit,flr_period,P1_dur,P2_dur,P3_dur,P1_Fmax,P2_ramp,P2_slp,P3_Fmax,P3_Pred,P3_DeltaF,v_humA,v_humB,v_flowIn,v_flowOut,v_temp,v_irt,v_pres,v_par,v_F,i_LED,b_rhr,m_rhr,span_rhr,b_rhs,m_rhs,span_rhs,z_flowIn,z_flowOut,z_quantum,z_flr,flashId,lciSerNum,lcpSerNum,lcfSerNum,lcrhSerNum,version,configUpdatedAt,MEASUREMENT_HEADER_END
flashId,time,date,lciSerialNumber,lcpSerialNumber,lcfSerialNumber,Fm,Fo,Fv/Fm,Fm',Fs,PhiPS2,LightIntensity,data[],FLASH_HEADER_END
1,10:26:02,2026-07-07,Auto gsw+F,LI-COR Default,,001,,,-0.038538,2.919338,-0.039053,-0.246617,3.144012,3.149972,3.682594,0.538582,35.512447,35.445259,41.517178,0.441786,7.500000,PSF-00548_20260707102602_c10,0.000000,0.000000,0.000000,175.995819,596.225464,0.704817,0.5,0.80,0.852416,1.000000,86.08,86.25,27.34,27.49,27.49,88.70,156.4,155.1,0.8,3,3.995,10:25:39,2026-07-07,-0.75,1,-0.001,-0.003,-0.008,1.724,3.663,7.304,1,150,0.005,2.000000,0.058905,0.000000,0.029230,0.000000,0.000000,-0.000068,standard,0,mpf,7000,500,5.000000,2.000000,300,300,300,595.823059,25,-1.058137,590.777283,594.711121,-3.933838,2.515920,2.500125,1.657475,0.928122,0.248430,0.002023,0.296178,0.109870,175.995819,0.000228,2.389264,-0.000064,1.000000,2.373994,-0.000050,1.000000,0.600671,0.600225,0.107215,0.000000,PSF-00548_20260707102602_c10,PFA-00618,PSA-00618,PSF-00548,RHS-0688,3.0.0,2022-04-21T19:36:20.491Z,MEASUREMENT_END
PSF-00548_20260707102602_c10,10:26:02,2026-07-07,PFA-00618,PSA-00618,PSF-00548,0.000000,0.000000,0.000000,596.225464,175.995819,0.704817,9.701899,TIME,0.000000,0.010000,0.020000,0.030000,0.040000,0.050000,0.060000,0.070000,0.080000,0.090000,0.100000,0.110000,0.120000,0.130000,0.140000,0.150000,0.160000,0.170000,0.180000,0.190000,0.200000,0.210000,0.220000,0.230000,0.240000,0.250000,0.260000,0.270000,0.280000,0.290000,0.300000,0.310000,0.320000,0.330000,0.340000,0.350000,0.360000,0.370000,0.380000,0.390000,0.400000,0.410000,0.420000,0.430000,0.440000,0.450000,0.460000,0.470000,0.480000,0.490000,0.500000,0.510000,0.520000,0.530000,0.540000,0.550000,0.560000,0.570000,0.580000,0.590000,0.600000,0.610000,0.620000,0.630000,0.640000,0.650000,0.660000,0.670000,0.680000,0.690000,0.700000,0.710000,0.720000,0.730000,0.740000,0.750000,0.760000,0.770000,0.780000,0.790000,0.800000,0.810000,0.820000,0.830000,0.839999,0.849999,0.859999,0.869999,0.879999,0.889999,FLR,415.156250,552.131287,578.497070,586.305115,589.498779,591.274719,592.505005,593.364014,594.034546,594.552063,594.938293,595.177185,595.413940,595.604919,595.679993,595.731506,595.777283,595.787659,595.823059,595.789795,595.800903,595.677490,595.583069,595.491150,595.394958,595.299133,595.182922,595.076294,594.966187,594.825256,594.727661,594.780212,594.642151,594.795227,594.626404,594.732666,594.573120,594.642151,594.537720,594.562073,594.663635,594.461182,594.524841,594.383240,594.439392,594.462280,594.299194,594.363953,594.413269,594.297424,594.406494,594.373596,594.300964,594.368225,594.357849,594.382507,594.257324,594.263428,594.294189,594.298462,590.777283,590.736145,590.590942,590.406067,590.258728,590.092041,589.917908,589.791992,589.672913,589.503784,589.372498,589.179016,589.049194,588.927246,588.766357,588.627197,588.458801,588.306396,588.179138,588.010315,587.903748,587.704895,587.546814,587.399109,587.227478,587.057617,586.900940,586.708557,586.561584,586.403137,PAR,6987.300293,6987.300293,6987.300293,6987.300293,6987.300293,6987.300293,6987.300293,6987.300293,6987.300293,6987.300293,6987.300293,6987.300293,6987.300293,6987.300293,6987.300293,6987.300293,6987.300293,6987.300293,6987.300293,6987.300293,6987.300293,6987.300293,6987.300293,6987.300293,6987.300293,6987.300293,6987.300293,6987.300293,6987.300293,6987.300293,6929.077148,6870.854004,6812.630859,6754.407715,6696.184570,6637.961914,6579.738770,6521.515625,6463.292480,6405.069336,6346.846680,6288.623535,6230.400391,6172.177246,6113.954102,6055.730957,5997.508301,5939.285156,5881.062012,5822.838867,5764.615723,5706.393066,5648.169922,5589.946777,5531.723633,5473.500488,5415.277344,5357.054688,5298.831543,5240.608398,6987.300293,6987.300293,6987.300293,6987.300293,6987.300293,6987.300293,6987.300293,6987.300293,6987.300293,6987.300293,6987.300293,6987.300293,6987.300293,6987.300293,6987.300293,6987.300293,6987.300293,6987.300293,6987.300293,6987.300293,6987.300293,6987.300293,6987.300293,6987.300293,6987.300293,6987.300293,6987.300293,6987.300293,6987.300293,6987.300293,PHASE,1,1,1,1,1,1,1,1,1,1,1,1,1,1,1,1,1,1,1,1,1,1,1,1,1,1,1,1,1,1,2,2,2,2,2,2,2,2,2,2,2,2,2,2,2,2,2,2,2,2,2,2,2,2,2,2,2,2,2,2,3,3,3,3,3,3,3,3,3,3,3,3,3,3,3,3,3,3,3,3,3,3,3,3,3,3,3,3,3,3,FLASH_END
2,10:26:13,2026-07-07,Auto gsw+F,LI-COR Default,,002,,,-0.049361,2.919519,-0.050210,-0.321812,3.143684,3.151460,3.690308,0.546623,35.528625,35.440964,41.603432,0.441786,7.500000,PSF-00548_20260707102613_93d,0.000000,0.000000,0.000000,144.770630,583.811218,0.752025,0.5,0.80,1.082958,1.000000,85.91,86.12,27.38,27.52,27.52,88.70,156.4,155.1,0.9,4,3.995,10:25:39,2026-07-07,-0.75,1,-0.003,-0.002,-0.013,1.905,4.127,9.256,1,150,0.005,2.000000,0.058905,0.000000,0.029230,0.000000,0.000000,-0.000068,standard,0,mpf,7000,500,5.000000,2.000000,300,300,300,583.514954,25,-0.879963,579.211975,582.551819,-3.339844,2.515739,2.499881,1.657663,0.928047,0.248101,0.002050,0.297280,0.110377,144.770630,0.000225,2.389264,-0.000064,1.000000,2.373994,-0.000050,1.000000,0.600671,0.600225,0.107215,0.000000,PSF-00548_20260707102613_93d,PFA-00618,PSA-00618,PSF-00548,RHS-0688,3.0.0,2022-04-21T19:36:20.491Z,MEASUREMENT_END
PSF-00548_20260707102613_93d,10:26:13,2026-07-07,PFA-00618,PSA-00618,PSF-00548,0.000000,0.000000,0.000000,583.811218,144.770630,0.752025,10.278500,TIME,0.000000,0.010000,0.020000,0.030000,0.040000,0.050000,0.060000,0.070000,0.080000,0.090000,0.100000,0.110000,0.120000,0.130000,0.140000,0.150000,0.160000,0.170000,0.180000,0.190000,0.200000,0.210000,0.220000,0.230000,0.240000,0.250000,0.260000,0.270000,0.280000,0.290000,0.300000,0.310000,0.320000,0.330000,0.340000,0.350000,0.360000,0.370000,0.380000,0.390000,0.400000,0.410000,0.420000,0.430000,0.440000,0.450000,0.460000,0.470000,0.480000,0.490000,0.500000,0.510000,0.520000,0.530000,0.540000,0.550000,0.560000,0.570000,0.580000,0.590000,0.600000,0.610000,0.620000,0.630000,0.640000,0.650000,0.660000,0.670000,0.680000,0.690000,0.700000,0.710000,0.720000,0.730000,0.740000,0.750000,0.760000,0.770000,0.780000,0.790000,0.800000,0.810000,0.820000,0.830000,0.839999,0.849999,0.859999,0.869999,0.879999,0.889999,FLR,373.364929,528.768188,563.887939,573.315369,576.752930,578.536743,579.696899,580.554504,581.276550,581.764709,582.247131,582.550049,582.814331,583.053955,583.199829,583.312134,583.399414,583.463806,583.514954,583.477051,583.472717,583.372925,583.277100,583.217407,583.143372,583.071106,582.983826,582.873718,582.770691,582.650513,582.570435,582.636230,582.503906,582.603699,582.457092,582.543274,582.420959,582.486755,582.373718,582.425964,582.497498,582.325073,582.410583,582.303650,582.315796,582.369446,582.252136,582.297913,582.373047,582.233215,582.315796,582.314392,582.180603,582.253601,582.249634,582.282166,582.138062,582.162048,582.179199,582.176697,579.197266,579.211975,579.091064,578.968018,578.808899,578.661560,578.506714,578.367920,578.254211,578.092224,578.001709,577.829712,577.712769,577.576172,577.430603,577.311157,577.182739,577.047607,576.957825,576.814392,576.733948,576.544739,576.432495,576.325867,576.167847,576.054810,575.911072,575.800903,575.687500,575.546997,PAR,6987.300293,6987.300293,6987.300293,6987.300293,6987.300293,6987.300293,6987.300293,6987.300293,6987.300293,6987.300293,6987.300293,6987.300293,6987.300293,6987.300293,6987.300293,6987.300293,6987.300293,6987.300293,6987.300293,6987.300293,6987.300293,6987.300293,6987.300293,6987.300293,6987.300293,6987.300293,6987.300293,6987.300293,6987.300293,6987.300293,6929.077148,6870.854004,6812.630859,6754.407715,6696.184570,6637.961914,6579.738770,6521.515625,6463.292480,6405.069336,6346.846680,6288.623535,6230.400391,6172.177246,6113.954102,6055.730957,5997.508301,5939.285156,5881.062012,5822.838867,5764.615723,5706.393066,5648.169922,5589.946777,5531.723633,5473.500488,5415.277344,5357.054688,5298.831543,5240.608398,6987.300293,6987.300293,6987.300293,6987.300293,6987.300293,6987.300293,6987.300293,6987.300293,6987.300293,6987.300293,6987.300293,6987.300293,6987.300293,6987.300293,6987.300293,6987.300293,6987.300293,6987.300293,6987.300293,6987.300293,6987.300293,6987.300293,6987.300293,6987.300293,6987.300293,6987.300293,6987.300293,6987.300293,6987.300293,6987.300293,PHASE,1,1,1,1,1,1,1,1,1,1,1,1,1,1,1,1,1,1,1,1,1,1,1,1,1,1,1,1,1,1,2,2,2,2,2,2,2,2,2,2,2,2,2,2,2,2,2,2,2,2,2,2,2,2,2,2,2,2,2,2,3,3,3,3,3,3,3,3,3,3,3,3,3,3,3,3,3,3,3,3,3,3,3,3,3,3,3,3,3,3,FLASH_END
3,10:26:23,2026-07-07,Auto gsw+F,LI-COR Default,,003,,,-0.056109,2.919885,-0.057208,-0.367478,3.145226,3.154102,3.693033,0.547807,35.558811,35.458740,41.634624,0.441786,7.500000,PSF-00548_20260707102623_01d,0.000000,0.000000,0.000000,137.408493,561.846985,0.755434,0.5,0.80,0.884226,1.000000,85.81,86.05,27.41,27.53,27.53,88.70,156.5,154.9,1.0,3,3.995,10:25:39,2026-07-07,-0.75,1,-0.001,-0.004,-0.012,1.643,3.539,7.981,1,150,0.005,2.000000,0.058905,0.000000,0.029230,0.000000,0.000000,-0.000068,standard,0,mpf,7000,500,5.000000,2.000000,300,300,300,561.791199,25,-0.567249,557.968872,561.035156,-3.066284,2.515640,2.499744,1.658040,0.927661,0.247828,0.001876,0.298279,0.109785,137.408493,0.000227,2.389264,-0.000064,1.000000,2.373994,-0.000050,1.000000,0.600671,0.600225,0.107215,0.000000,PSF-00548_20260707102623_01d,PFA-00618,PSA-00618,PSF-00548,RHS-0688,3.0.0,2022-04-21T19:36:20.491Z,MEASUREMENT_END
PSF-00548_20260707102623_01d,10:26:23,2026-07-07,PFA-00618,PSA-00618,PSF-00548,0.000000,0.000000,0.000000,561.846985,137.408493,0.755434,9.604577,TIME,0.000000,0.010000,0.020000,0.030000,0.040000,0.050000,0.060000,0.070000,0.080000,0.090000,0.100000,0.110000,0.120000,0.130000,0.140000,0.150000,0.160000,0.170000,0.180000,0.190000,0.200000,0.210000,0.220000,0.230000,0.240000,0.250000,0.260000,0.270000,0.280000,0.290000,0.300000,0.310000,0.320000,0.330000,0.340000,0.350000,0.360000,0.370000,0.380000,0.390000,0.400000,0.410000,0.420000,0.430000,0.440000,0.450000,0.460000,0.470000,0.480000,0.490000,0.500000,0.510000,0.520000,0.530000,0.540000,0.550000,0.560000,0.570000,0.580000,0.590000,0.600000,0.610000,0.620000,0.630000,0.640000,0.650000,0.660000,0.670000,0.680000,0.690000,0.700000,0.710000,0.720000,0.730000,0.740000,0.750000,0.760000,0.770000,0.780000,0.790000,0.800000,0.810000,0.820000,0.830000,0.839999,0.849999,0.859999,0.869999,0.879999,0.889999,FLR,355.364441,508.493896,543.363342,552.244690,555.388916,557.004700,558.079346,558.875061,559.511292,560.014832,560.466187,560.759399,561.025146,561.248291,561.396362,561.530823,561.621338,561.706787,561.736450,561.753296,561.791199,561.728577,561.692810,561.639893,561.565186,561.517212,561.420654,561.331299,561.238647,561.116333,561.041931,561.118835,561.009766,561.125610,560.992249,561.075928,560.955750,561.006897,560.924622,560.950378,561.035522,560.889221,560.932129,560.820557,560.841309,560.890320,560.785522,560.827393,560.882080,560.762268,560.877808,560.876038,560.793396,560.850952,560.844543,560.869202,560.749390,560.803772,560.859924,560.855286,557.932739,557.968872,557.826904,557.713867,557.576904,557.438843,557.322998,557.178467,557.060486,556.929565,556.838013,556.692139,556.563354,556.448242,556.303711,556.165710,556.055176,555.958252,555.865295,555.732239,555.625305,555.463318,555.358521,555.267334,555.165039,555.029846,554.917908,554.771667,554.677979,554.534912,PAR,6987.300293,6987.300293,6987.300293,6987.300293,6987.300293,6987.300293,6987.300293,6987.300293,6987.300293,6987.300293,6987.300293,6987.300293,6987.300293,6987.300293,6987.300293,6987.300293,6987.300293,6987.300293,6987.300293,6987.300293,6987.300293,6987.300293,6987.300293,6987.300293,6987.300293,6987.300293,6987.300293,6987.300293,6987.300293,6987.300293,6929.077148,6870.854004,6812.630859,6754.407715,6696.184570,6637.961914,6579.738770,6521.515625,6463.292480,6405.069336,6346.846680,6288.623535,6230.400391,6172.177246,6113.954102,6055.730957,5997.508301,5939.285156,5881.062012,5822.838867,5764.615723,5706.393066,5648.169922,5589.946777,5531.723633,5473.500488,5415.277344,5357.054688,5298.831543,5240.608398,6987.300293,6987.300293,6987.300293,6987.300293,6987.300293,6987.300293,6987.300293,6987.300293,6987.300293,6987.300293,6987.300293,6987.300293,6987.300293,6987.300293,6987.300293,6987.300293,6987.300293,6987.300293,6987.300293,6987.300293,6987.300293,6987.300293,6987.300293,6987.300293,6987.300293,6987.300293,6987.300293,6987.300293,6987.300293,6987.300293,PHASE,1,1,1,1,1,1,1,1,1,1,1,1,1,1,1,1,1,1,1,1,1,1,1,1,1,1,1,1,1,1,2,2,2,2,2,2,2,2,2,2,2,2,2,2,2,2,2,2,2,2,2,2,2,2,2,2,2,2,2,2,3,3,3,3,3,3,3,3,3,3,3,3,3,3,3,3,3,3,3,3,3,3,3,3,3,3,3,3,3,3,FLASH_END
4,10:26:46,2026-07-07,Auto gsw+F,LI-COR Default,,004,,,-0.044774,2.919553,-0.045472,-0.297010,3.177759,3.184932,3.734446,0.556686,35.913460,35.832588,42.109810,0.441786,7.500000,PSF-00548_20260707102646_424,0.000000,0.000000,0.000000,114.281418,520.930054,0.780620,0.5,0.80,1.584161,1.000000,86.37,86.56,27.47,27.73,27.73,88.68,156.4,155.1,0.9,5,3.993,10:25:39,2026-07-07,-0.75,1,-0.004,-0.005,-0.016,0.575,1.238,2.707,1,150,0.005,2.000000,0.058905,0.000000,0.029230,0.000000,0.000000,-0.000068,standard,0,mpf,7000,500,5.000000,2.000000,300,300,300,516.199341,25,-3.290769,513.488892,516.220398,-2.731506,2.516300,2.500469,1.657697,0.927954,0.247188,0.003307,0.300601,0.111671,114.281418,0.000226,2.389264,-0.000064,1.000000,2.373994,-0.000050,1.000000,0.600671,0.600225,0.107215,0.000000,PSF-00548_20260707102646_424,PFA-00618,PSA-00618,PSF-00548,RHS-0688,3.0.0,2022-04-21T19:36:20.491Z,MEASUREMENT_END
PSF-00548_20260707102646_424,10:26:46,2026-07-07,PFA-00618,PSA-00618,PSF-00548,0.000000,0.000000,0.000000,520.930054,114.281418,0.780620,11.751762,TIME,0.000000,0.010000,0.020000,0.030000,0.040000,0.050000,0.060000,0.070000,0.080000,0.090000,0.100000,0.110000,0.120000,0.130000,0.140000,0.150000,0.160000,0.170000,0.180000,0.190000,0.200000,0.210000,0.220000,0.230000,0.240000,0.250000,0.260000,0.270000,0.280000,0.290000,0.300000,0.310000,0.320000,0.330000,0.340000,0.350000,0.360000,0.370000,0.380000,0.390000,0.400000,0.410000,0.420000,0.430000,0.440000,0.450000,0.460000,0.470000,0.480000,0.490000,0.500000,0.510000,0.520000,0.530000,0.540000,0.550000,0.560000,0.570000,0.580000,0.590000,0.600000,0.610000,0.620000,0.630000,0.640000,0.650000,0.660000,0.670000,0.680000,0.690000,0.700000,0.710000,0.720000,0.730000,0.740000,0.750000,0.760000,0.770000,0.780000,0.790000,0.800000,0.810000,0.820000,0.830000,0.839999,0.849999,0.859999,0.869999,0.879999,0.889999,FLR,288.086426,435.413727,480.537415,496.934296,504.184845,508.081909,510.431519,511.905304,512.930969,513.613708,514.184814,514.566772,514.907227,515.185486,515.421509,515.603882,515.727295,515.863892,515.973328,516.067017,516.170715,516.167175,516.179688,516.199341,516.166809,516.173584,516.147827,516.134644,516.104919,516.044861,516.064880,516.078491,515.960449,516.034485,515.927185,515.978699,515.884277,515.876404,515.810974,515.789856,515.809204,515.694763,515.711548,515.651489,515.601746,515.598206,515.515198,515.472290,515.444763,515.319580,515.337830,515.264893,515.186523,515.148254,515.031006,514.939758,514.787781,514.685852,514.559265,514.364746,513.307190,513.488892,513.413452,513.270752,513.096924,512.952820,512.824768,512.687439,512.593018,512.467529,512.373474,512.250793,512.167114,512.067688,511.959320,511.886719,511.796600,511.715057,511.673218,511.583435,511.527313,511.409271,511.322021,511.229034,511.105652,511.034119,510.949738,510.860321,510.781281,510.686523,PAR,6987.300293,6987.300293,6987.300293,6987.300293,6987.300293,6987.300293,6987.300293,6987.300293,6987.300293,6987.300293,6987.300293,6987.300293,6987.300293,6987.300293,6987.300293,6987.300293,6987.300293,6987.300293,6987.300293,6987.300293,6987.300293,6987.300293,6987.300293,6987.300293,6987.300293,6987.300293,6987.300293,6987.300293,6987.300293,6987.300293,6929.077148,6870.854004,6812.630859,6754.407715,6696.184570,6637.961914,6579.738770,6521.515625,6463.292480,6405.069336,6346.846680,6288.623535,6230.400391,6172.177246,6113.954102,6055.730957,5997.508301,5939.285156,5881.062012,5822.838867,5764.615723,5706.393066,5648.169922,5589.946777,5531.723633,5473.500488,5415.277344,5357.054688,5298.831543,5240.608398,6987.300293,6987.300293,6987.300293,6987.300293,6987.300293,6987.300293,6987.300293,6987.300293,6987.300293,6987.300293,6987.300293,6987.300293,6987.300293,6987.300293,6987.300293,6987.300293,6987.300293,6987.300293,6987.300293,6987.300293,6987.300293,6987.300293,6987.300293,6987.300293,6987.300293,6987.300293,6987.300293,6987.300293,6987.300293,6987.300293,PHASE,1,1,1,1,1,1,1,1,1,1,1,1,1,1,1,1,1,1,1,1,1,1,1,1,1,1,1,1,1,1,2,2,2,2,2,2,2,2,2,2,2,2,2,2,2,2,2,2,2,2,2,2,2,2,2,2,2,2,2,2,3,3,3,3,3,3,3,3,3,3,3,3,3,3,3,3,3,3,3,3,3,3,3,3,3,3,3,3,3,3,FLASH_END
5,10:27:09,2026-07-07,Auto gsw+F,LI-COR Default,,005,,,-0.069335,2.918834,-0.071022,-0.467732,3.184811,3.196111,3.746042,0.561231,36.039219,35.911797,42.240215,0.441786,7.500000,PSF-00548_20260707102709_26b,0.000000,0.000000,0.000000,113.272545,494.703400,0.771029,0.5,0.80,0.757553,1.000000,86.23,86.54,27.54,27.78,27.78,88.68,156.3,155.2,0.7,2,3.992,10:25:39,2026-07-07,-0.75,1,-0.002,-0.002,-0.010,0.285,0.630,1.449,1,150,0.005,2.000000,0.058905,0.000000,0.029230,0.000000,0.000000,-0.000068,standard,0,mpf,7000,500,5.000000,2.000000,300,300,300,491.156097,25,-2.727156,489.210236,490.800385,-1.590149,2.516249,2.500274,1.656956,0.928332,0.246557,0.003177,0.302910,0.109372,113.272545,0.000224,2.389264,-0.000064,1.000000,2.373994,-0.000050,1.000000,0.600671,0.600225,0.107215,0.000000,PSF-00548_20260707102709_26b,PFA-00618,PSA-00618,PSF-00548,RHS-0688,3.0.0,2022-04-21T19:36:20.491Z,MEASUREMENT_END
PSF-00548_20260707102709_26b,10:27:09,2026-07-07,PFA-00618,PSA-00618,PSF-00548,0.000000,0.000000,0.000000,494.703400,113.272545,0.771029,9.134664,TIME,0.000000,0.010000,0.020000,0.030000,0.040000,0.050000,0.060000,0.070000,0.080000,0.090000,0.100000,0.110000,0.120000,0.130000,0.140000,0.150000,0.160000,0.170000,0.180000,0.190000,0.200000,0.210000,0.220000,0.230000,0.240000,0.250000,0.260000,0.270000,0.280000,0.290000,0.300000,0.310000,0.320000,0.330000,0.340000,0.350000,0.360000,0.370000,0.380000,0.390000,0.400000,0.410000,0.420000,0.430000,0.440000,0.450000,0.460000,0.470000,0.480000,0.490000,0.500000,0.510000,0.520000,0.530000,0.540000,0.550000,0.560000,0.570000,0.580000,0.590000,0.600000,0.610000,0.620000,0.630000,0.640000,0.650000,0.660000,0.670000,0.680000,0.690000,0.700000,0.710000,0.720000,0.730000,0.740000,0.750000,0.760000,0.770000,0.780000,0.790000,0.800000,0.810000,0.820000,0.830000,0.839999,0.849999,0.859999,0.869999,0.879999,0.889999,FLR,287.148010,431.412933,465.521698,474.607941,478.385223,480.892548,482.865936,484.472382,485.842102,486.911774,487.860199,488.564362,489.173767,489.664062,490.049591,490.358246,490.575317,490.776306,490.917572,491.008759,491.120697,491.147888,491.155731,491.156097,491.145020,491.123199,491.072418,491.028442,490.995514,490.925781,490.885010,490.852112,490.777374,490.784180,490.688690,490.673309,490.594971,490.533478,490.456573,490.383636,490.380402,490.257385,490.235199,490.176208,490.162262,490.102539,490.021698,490.017761,489.987030,489.941589,489.963043,489.864349,489.830017,489.835754,489.787811,489.763153,489.710571,489.711639,489.703430,489.630096,488.990295,489.210236,489.178406,489.084351,488.960266,488.867645,488.780731,488.649475,488.590485,488.455292,488.382690,488.238586,488.133087,488.024719,487.877014,487.766144,487.629883,487.487915,487.362732,487.204315,487.083801,486.912476,486.742615,486.607422,486.452209,486.321686,486.183990,486.032013,485.900757,485.733734,PAR,6987.300293,6987.300293,6987.300293,6987.300293,6987.300293,6987.300293,6987.300293,6987.300293,6987.300293,6987.300293,6987.300293,6987.300293,6987.300293,6987.300293,6987.300293,6987.300293,6987.300293,6987.300293,6987.300293,6987.300293,6987.300293,6987.300293,6987.300293,6987.300293,6987.300293,6987.300293,6987.300293,6987.300293,6987.300293,6987.300293,6929.077148,6870.854004,6812.630859,6754.407715,6696.184570,6637.961914,6579.738770,6521.515625,6463.292480,6405.069336,6346.846680,6288.623535,6230.400391,6172.177246,6113.954102,6055.730957,5997.508301,5939.285156,5881.062012,5822.838867,5764.615723,5706.393066,5648.169922,5589.946777,5531.723633,5473.500488,5415.277344,5357.054688,5298.831543,5240.608398,6987.300293,6987.300293,6987.300293,6987.300293,6987.300293,6987.300293,6987.300293,6987.300293,6987.300293,6987.300293,6987.300293,6987.300293,6987.300293,6987.300293,6987.300293,6987.300293,6987.300293,6987.300293,6987.300293,6987.300293,6987.300293,6987.300293,6987.300293,6987.300293,6987.300293,6987.300293,6987.300293,6987.300293,6987.300293,6987.300293,PHASE,1,1,1,1,1,1,1,1,1,1,1,1,1,1,1,1,1,1,1,1,1,1,1,1,1,1,1,1,1,1,2,2,2,2,2,2,2,2,2,2,2,2,2,2,2,2,2,2,2,2,2,2,2,2,2,2,2,2,2,2,3,3,3,3,3,3,3,3,3,3,3,3,3,3,3,3,3,3,3,3,3,3,3,3,3,3,3,3,3,3,FLASH_END
6,10:27:19,2026-07-07,Auto gsw+F,LI-COR Default,,006,,,-0.051268,2.919545,-0.052185,-0.339099,3.193369,3.201555,3.747097,0.553729,36.100407,36.008091,42.251877,0.441786,7.500000,PSF-00548_20260707102719_5d3,0.000000,0.000000,0.000000,102.499367,493.606934,0.792346,0.5,0.80,1.027968,1.000000,86.32,86.54,27.56,27.78,27.78,88.68,156.4,155.2,0.8,3,3.991,10:25:39,2026-07-07,-0.75,1,-0.000,-0.001,-0.014,0.496,0.935,1.541,1,150,0.005,2.000000,0.058905,0.000000,0.029230,0.000000,0.000000,-0.000068,standard,0,mpf,7000,500,5.000000,2.000000,300,300,300,493.606934,25,1.065409,493.998169,495.131714,-1.133545,2.516242,2.500381,1.657689,0.928252,0.246276,0.002904,0.303845,0.110064,102.499367,0.000225,2.389264,-0.000064,1.000000,2.373994,-0.000050,1.000000,0.600671,0.600225,0.107215,0.000000,PSF-00548_20260707102719_5d3,PFA-00618,PSA-00618,PSF-00548,RHS-0688,3.0.0,2022-04-21T19:36:20.491Z,MEASUREMENT_END
PSF-00548_20260707102719_5d3,10:27:19,2026-07-07,PFA-00618,PSA-00618,PSF-00548,0.000000,0.000000,0.000000,493.606934,102.499367,0.792346,9.921788,TIME,0.000000,0.010000,0.020000,0.030000,0.040000,0.050000,0.060000,0.070000,0.080000,0.090000,0.100000,0.110000,0.120000,0.130000,0.140000,0.150000,0.160000,0.170000,0.180000,0.190000,0.200000,0.210000,0.220000,0.230000,0.240000,0.250000,0.260000,0.270000,0.280000,0.290000,0.300000,0.310000,0.320000,0.330000,0.340000,0.350000,0.360000,0.370000,0.380000,0.390000,0.400000,0.410000,0.420000,0.430000,0.440000,0.450000,0.460000,0.470000,0.480000,0.490000,0.500000,0.510000,0.520000,0.530000,0.540000,0.550000,0.560000,0.570000,0.580000,0.590000,0.600000,0.610000,0.620000,0.630000,0.640000,0.650000,0.660000,0.670000,0.680000,0.690000,0.700000,0.710000,0.720000,0.730000,0.740000,0.750000,0.760000,0.770000,0.780000,0.790000,0.800000,0.810000,0.820000,0.830000,0.839999,0.849999,0.859999,0.869999,0.879999,0.889999,FLR,255.624893,408.959259,462.375275,477.812286,483.167755,485.751282,487.367401,488.539337,489.468109,490.160461,490.751617,491.196869,491.598145,491.960419,492.264404,492.504364,492.678162,492.883087,493.042603,493.142365,493.278992,493.350494,493.425598,493.490326,493.515381,493.545410,493.580811,493.596558,493.606934,493.599060,493.636963,493.650208,493.634094,493.707062,493.685974,493.727081,493.712433,493.722809,493.735657,493.774292,493.824707,493.780365,493.826141,493.827942,493.833313,493.854401,493.887665,493.893372,493.925934,493.904114,493.996033,493.977081,494.004242,494.023193,494.016052,494.042511,494.040009,494.079346,494.131927,494.117615,493.623016,493.981354,493.998169,493.977417,493.905182,493.877289,493.849396,493.815765,493.793976,493.761414,493.744263,493.703125,493.672028,493.648407,493.608002,493.589417,493.550049,493.516815,493.481049,493.420959,493.412018,493.331207,493.284698,493.256805,493.196716,493.130920,493.064056,493.005402,492.950317,492.871643,PAR,6987.300293,6987.300293,6987.300293,6987.300293,6987.300293,6987.300293,6987.300293,6987.300293,6987.300293,6987.300293,6987.300293,6987.300293,6987.300293,6987.300293,6987.300293,6987.300293,6987.300293,6987.300293,6987.300293,6987.300293,6987.300293,6987.300293,6987.300293,6987.300293,6987.300293,6987.300293,6987.300293,6987.300293,6987.300293,6987.300293,6929.077148,6870.854004,6812.630859,6754.407715,6696.184570,6637.961914,6579.738770,6521.515625,6463.292480,6405.069336,6346.846680,6288.623535,6230.400391,6172.177246,6113.954102,6055.730957,5997.508301,5939.285156,5881.062012,5822.838867,5764.615723,5706.393066,5648.169922,5589.946777,5531.723633,5473.500488,5415.277344,5357.054688,5298.831543,5240.608398,6987.300293,6987.300293,6987.300293,6987.300293,6987.300293,6987.300293,6987.300293,6987.300293,6987.300293,6987.300293,6987.300293,6987.300293,6987.300293,6987.300293,6987.300293,6987.300293,6987.300293,6987.300293,6987.300293,6987.300293,6987.300293,6987.300293,6987.300293,6987.300293,6987.300293,6987.300293,6987.300293,6987.300293,6987.300293,6987.300293,PHASE,1,1,1,1,1,1,1,1,1,1,1,1,1,1,1,1,1,1,1,1,1,1,1,1,1,1,1,1,1,1,2,2,2,2,2,2,2,2,2,2,2,2,2,2,2,2,2,2,2,2,2,2,2,2,2,2,2,2,2,2,3,3,3,3,3,3,3,3,3,3,3,3,3,3,3,3,3,3,3,3,3,3,3,3,3,3,3,3,3,3,FLASH_END
7,10:28:53,2026-07-07,Auto gsw+F,LI-COR Default,,007,,,-0.079235,2.919666,-0.081445,-0.542093,3.597605,3.610626,4.161866,0.564260,40.726471,40.579605,46.944244,0.441786,7.500000,PSF-00548_20260707102853_841,0.000000,0.000000,0.000000,77.257629,352.723938,0.780969,0.5,0.80,1.706221,1.000000,93.15,93.49,28.30,29.59,29.59,88.66,156.4,155.2,0.8,5,3.985,10:28:36,2026-07-07,-0.48,1,-0.007,-0.004,-0.010,0.011,0.073,-0.068,1,150,0.005,2.000000,0.058905,0.000000,0.029230,0.000000,0.000000,-0.000068,standard,0,mpf,7000,500,5.000000,2.000000,300,300,300,346.969849,25,-4.036191,345.091583,346.947479,-1.855896,2.525339,2.509028,1.657813,0.928170,0.239179,0.015290,0.313794,0.112012,77.257629,0.000227,2.389264,-0.000064,1.000000,2.373994,-0.000050,1.000000,0.600671,0.600225,0.107215,0.000000,PSF-00548_20260707102853_841,PFA-00618,PSA-00618,PSF-00548,RHS-0688,3.0.0,2022-04-21T19:36:20.491Z,MEASUREMENT_END
PSF-00548_20260707102853_841,10:28:53,2026-07-07,PFA-00618,PSA-00618,PSF-00548,0.000000,0.000000,0.000000,352.723938,77.257629,0.780969,12.140235,TIME,0.000000,0.010000,0.020000,0.030000,0.040000,0.050000,0.060000,0.070000,0.080000,0.090000,0.100000,0.110000,0.120000,0.130000,0.140000,0.150000,0.160000,0.170000,0.180000,0.190000,0.200000,0.210000,0.220000,0.230000,0.240000,0.250000,0.260000,0.270000,0.280000,0.290000,0.300000,0.310000,0.320000,0.330000,0.340000,0.350000,0.360000,0.370000,0.380000,0.390000,0.400000,0.410000,0.420000,0.430000,0.440000,0.450000,0.460000,0.470000,0.480000,0.490000,0.500000,0.510000,0.520000,0.530000,0.540000,0.550000,0.560000,0.570000,0.580000,0.590000,0.600000,0.610000,0.620000,0.630000,0.640000,0.650000,0.660000,0.670000,0.680000,0.690000,0.700000,0.710000,0.720000,0.730000,0.740000,0.750000,0.760000,0.770000,0.780000,0.790000,0.800000,0.810000,0.820000,0.830000,0.839999,0.849999,0.859999,0.869999,0.879999,0.889999,FLR,183.721664,286.805756,321.716675,333.959686,339.185730,341.826080,343.307007,344.224701,344.865204,345.306152,345.669159,345.924500,346.121552,346.307159,346.434479,346.539246,346.654785,346.727356,346.814636,346.864349,346.929779,346.925842,346.948029,346.969849,346.959106,346.954834,346.929077,346.907257,346.900818,346.857178,346.859680,346.815338,346.773132,346.764923,346.697693,346.670166,346.612915,346.538177,346.471313,346.413727,346.387634,346.286407,346.281769,346.207733,346.139801,346.082916,345.988861,345.940948,345.864044,345.780365,345.749969,345.650208,345.544342,345.518219,345.384827,345.330841,345.262177,345.176331,345.128418,345.017914,344.834076,345.082275,345.091583,345.034729,344.972137,344.873779,344.812286,344.742188,344.654572,344.589478,344.503632,344.429626,344.358093,344.297302,344.216827,344.139587,344.074127,343.994019,343.937164,343.849884,343.788391,343.707916,343.621735,343.553772,343.479401,343.407166,343.352448,343.273041,343.206512,343.135345,PAR,6987.300293,6987.300293,6987.300293,6987.300293,6987.300293,6987.300293,6987.300293,6987.300293,6987.300293,6987.300293,6987.300293,6987.300293,6987.300293,6987.300293,6987.300293,6987.300293,6987.300293,6987.300293,6987.300293,6987.300293,6987.300293,6987.300293,6987.300293,6987.300293,6987.300293,6987.300293,6987.300293,6987.300293,6987.300293,6987.300293,6929.077148,6870.854004,6812.630859,6754.407715,6696.184570,6637.961914,6579.738770,6521.515625,6463.292480,6405.069336,6346.846680,6288.623535,6230.400391,6172.177246,6113.954102,6055.730957,5997.508301,5939.285156,5881.062012,5822.838867,5764.615723,5706.393066,5648.169922,5589.946777,5531.723633,5473.500488,5415.277344,5357.054688,5298.831543,5240.608398,6987.300293,6987.300293,6987.300293,6987.300293,6987.300293,6987.300293,6987.300293,6987.300293,6987.300293,6987.300293,6987.300293,6987.300293,6987.300293,6987.300293,6987.300293,6987.300293,6987.300293,6987.300293,6987.300293,6987.300293,6987.300293,6987.300293,6987.300293,6987.300293,6987.300293,6987.300293,6987.300293,6987.300293,6987.300293,6987.300293,PHASE,1,1,1,1,1,1,1,1,1,1,1,1,1,1,1,1,1,1,1,1,1,1,1,1,1,1,1,1,1,1,2,2,2,2,2,2,2,2,2,2,2,2,2,2,2,2,2,2,2,2,2,2,2,2,2,2,2,2,2,2,3,3,3,3,3,3,3,3,3,3,3,3,3,3,3,3,3,3,3,3,3,3,3,3,3,3,3,3,3,3,FLASH_END
8,10:29:10,2026-07-07,Auto gsw+F,LI-COR Default,,008,,,-0.073174,2.918741,-0.075056,-0.521367,3.649906,3.662430,4.238327,0.588420,41.311974,41.170704,47.808044,0.441786,7.500000,PSF-00548_20260707102910_96e,0.000000,0.000000,0.000000,63.920258,311.688507,0.794923,0.5,0.80,1.497173,1.000000,93.37,93.69,28.51,29.91,29.91,88.65,156.3,154.8,1.0,5,3.985,10:28:36,2026-07-07,-0.48,1,-0.005,-0.003,-0.012,-0.021,-0.043,-0.148,1,150,0.005,2.000000,0.058905,0.000000,0.029230,0.000000,0.000000,-0.000068,standard,0,mpf,7000,500,5.000000,2.000000,300,300,300,304.369568,25,-5.207051,302.839996,304.236328,-1.396332,2.525548,2.509275,1.656861,0.927260,0.237213,0.016570,0.315489,0.111350,63.920258,0.000226,2.389264,-0.000064,1.000000,2.373994,-0.000050,1.000000,0.600671,0.600225,0.107215,0.000000,PSF-00548_20260707102910_96e,PFA-00618,PSA-00618,PSF-00548,RHS-0688,3.0.0,2022-04-21T19:36:20.491Z,MEASUREMENT_END
PSF-00548_20260707102910_96e,10:29:10,2026-07-07,PFA-00618,PSA-00618,PSF-00548,0.000000,0.000000,0.000000,311.688507,63.920258,0.794923,11.386908,TIME,0.000000,0.010000,0.020000,0.030000,0.040000,0.050000,0.060000,0.070000,0.080000,0.090000,0.100000,0.110000,0.120000,0.130000,0.140000,0.150000,0.160000,0.170000,0.180000,0.190000,0.200000,0.210000,0.220000,0.230000,0.240000,0.250000,0.260000,0.270000,0.280000,0.290000,0.300000,0.310000,0.320000,0.330000,0.340000,0.350000,0.360000,0.370000,0.380000,0.390000,0.400000,0.410000,0.420000,0.430000,0.440000,0.450000,0.460000,0.470000,0.480000,0.490000,0.500000,0.510000,0.520000,0.530000,0.540000,0.550000,0.560000,0.570000,0.580000,0.590000,0.600000,0.610000,0.620000,0.630000,0.640000,0.650000,0.660000,0.670000,0.680000,0.690000,0.700000,0.710000,0.720000,0.730000,0.740000,0.750000,0.760000,0.770000,0.780000,0.790000,0.800000,0.810000,0.820000,0.830000,0.839999,0.849999,0.859999,0.869999,0.879999,0.889999,FLR,144.055725,235.879181,276.271454,290.903442,296.808228,299.632782,301.159149,302.087555,302.695160,303.089966,303.414703,303.618195,303.805939,303.940430,304.022675,304.113861,304.178223,304.221497,304.256195,304.286957,304.354919,304.350616,304.367767,304.369568,304.355255,304.338440,304.302338,304.279816,304.237976,304.214722,304.180023,304.100983,304.035187,303.983704,303.914307,303.849945,303.799866,303.715820,303.653961,303.553833,303.480164,303.400757,303.302063,303.249115,303.175812,303.075317,303.013794,302.936920,302.806732,302.725555,302.671204,302.543152,302.448761,302.397247,302.274597,302.146912,302.087189,301.988495,301.892639,301.745667,302.443390,302.786713,302.839996,302.817474,302.731995,302.666199,302.591797,302.527771,302.449463,302.375793,302.316437,302.207703,302.142609,302.058563,301.960938,301.854736,301.759949,301.643005,301.540009,301.403748,301.288971,301.161652,301.021088,300.912018,300.806152,300.688141,300.573364,300.472504,300.382385,300.248993,PAR,6987.300293,6987.300293,6987.300293,6987.300293,6987.300293,6987.300293,6987.300293,6987.300293,6987.300293,6987.300293,6987.300293,6987.300293,6987.300293,6987.300293,6987.300293,6987.300293,6987.300293,6987.300293,6987.300293,6987.300293,6987.300293,6987.300293,6987.300293,6987.300293,6987.300293,6987.300293,6987.300293,6987.300293,6987.300293,6987.300293,6929.077148,6870.854004,6812.630859,6754.407715,6696.184570,6637.961914,6579.738770,6521.515625,6463.292480,6405.069336,6346.846680,6288.623535,6230.400391,6172.177246,6113.954102,6055.730957,5997.508301,5939.285156,5881.062012,5822.838867,5764.615723,5706.393066,5648.169922,5589.946777,5531.723633,5473.500488,5415.277344,5357.054688,5298.831543,5240.608398,6987.300293,6987.300293,6987.300293,6987.300293,6987.300293,6987.300293,6987.300293,6987.300293,6987.300293,6987.300293,6987.300293,6987.300293,6987.300293,6987.300293,6987.300293,6987.300293,6987.300293,6987.300293,6987.300293,6987.300293,6987.300293,6987.300293,6987.300293,6987.300293,6987.300293,6987.300293,6987.300293,6987.300293,6987.300293,6987.300293,PHASE,1,1,1,1,1,1,1,1,1,1,1,1,1,1,1,1,1,1,1,1,1,1,1,1,1,1,1,1,1,1,2,2,2,2,2,2,2,2,2,2,2,2,2,2,2,2,2,2,2,2,2,2,2,2,2,2,2,2,2,2,3,3,3,3,3,3,3,3,3,3,3,3,3,3,3,3,3,3,3,3,3,3,3,3,3,3,3,3,3,3,FLASH_END
9,10:29:25,2026-07-07,Auto gsw+F,LI-COR Default,,009,,,-0.085414,2.919488,-0.087988,-0.628766,3.691780,3.706867,4.296750,0.604970,41.813564,41.643379,48.467461,0.441786,7.500000,PSF-00548_20260707102925_5cd,0.000000,0.000000,0.000000,62.021614,297.728394,0.791684,0.5,0.80,1.386881,1.000000,93.50,93.88,28.68,30.15,30.15,88.65,156.4,155.0,0.9,4,3.983,10:28:36,2026-07-07,-0.48,1,-0.002,-0.003,-0.013,-0.010,-0.001,-0.017,1,150,0.005,2.000000,0.058905,0.000000,0.029230,0.000000,0.000000,-0.000068,standard,0,mpf,7000,500,5.000000,2.000000,300,300,300,293.765900,25,-2.714430,293.509827,293.843597,-0.333771,2.525760,2.509417,1.657630,0.927783,0.235601,0.017365,0.317029,0.111061,62.021614,0.000225,2.389264,-0.000064,1.000000,2.373994,-0.000050,1.000000,0.600671,0.600225,0.107215,0.000000,PSF-00548_20260707102925_5cd,PFA-00618,PSA-00618,PSF-00548,RHS-0688,3.0.0,2022-04-21T19:36:20.491Z,MEASUREMENT_END
PSF-00548_20260707102925_5cd,10:29:25,2026-07-07,PFA-00618,PSA-00618,PSF-00548,0.000000,0.000000,0.000000,297.728394,62.021614,0.791684,11.057887,TIME,0.000000,0.010000,0.020000,0.030000,0.040000,0.050000,0.060000,0.070000,0.080000,0.090000,0.100000,0.110000,0.120000,0.130000,0.140000,0.150000,0.160000,0.170000,0.180000,0.190000,0.200000,0.210000,0.220000,0.230000,0.240000,0.250000,0.260000,0.270000,0.280000,0.290000,0.300000,0.310000,0.320000,0.330000,0.340000,0.350000,0.360000,0.370000,0.380000,0.390000,0.400000,0.410000,0.420000,0.430000,0.440000,0.450000,0.460000,0.470000,0.480000,0.490000,0.500000,0.510000,0.520000,0.530000,0.540000,0.550000,0.560000,0.570000,0.580000,0.590000,0.600000,0.610000,0.620000,0.630000,0.640000,0.650000,0.660000,0.670000,0.680000,0.690000,0.700000,0.710000,0.720000,0.730000,0.740000,0.750000,0.760000,0.770000,0.780000,0.790000,0.800000,0.810000,0.820000,0.830000,0.839999,0.849999,0.859999,0.869999,0.879999,0.889999,FLR,147.340179,240.871307,272.502411,282.089355,286.162720,288.450134,289.892090,290.853729,291.501404,291.959167,292.323578,292.562500,292.782074,292.955872,293.087830,293.225159,293.307434,293.379669,293.470154,293.519135,293.594971,293.623566,293.661133,293.690796,293.717255,293.723358,293.732300,293.745880,293.765900,293.761597,293.785217,293.720490,293.721924,293.692596,293.667908,293.638580,293.622498,293.565979,293.550262,293.503418,293.465485,293.416138,293.376801,293.348907,293.291687,293.245209,293.235168,293.173309,293.121094,293.083191,293.058868,292.946228,292.949066,292.898651,292.815338,292.752014,292.723053,292.643677,292.591461,292.488098,293.136108,293.427948,293.509827,293.476227,293.415070,293.365356,293.329956,293.283813,293.250549,293.204071,293.181549,293.083191,293.022766,292.945862,292.835358,292.742004,292.613617,292.509918,292.402985,292.291046,292.181976,292.063965,291.972412,291.864746,291.723480,291.579010,291.430603,291.277893,291.135895,290.951721,PAR,6987.300293,6987.300293,6987.300293,6987.300293,6987.300293,6987.300293,6987.300293,6987.300293,6987.300293,6987.300293,6987.300293,6987.300293,6987.300293,6987.300293,6987.300293,6987.300293,6987.300293,6987.300293,6987.300293,6987.300293,6987.300293,6987.300293,6987.300293,6987.300293,6987.300293,6987.300293,6987.300293,6987.300293,6987.300293,6987.300293,6929.077148,6870.854004,6812.630859,6754.407715,6696.184570,6637.961914,6579.738770,6521.515625,6463.292480,6405.069336,6346.846680,6288.623535,6230.400391,6172.177246,6113.954102,6055.730957,5997.508301,5939.285156,5881.062012,5822.838867,5764.615723,5706.393066,5648.169922,5589.946777,5531.723633,5473.500488,5415.277344,5357.054688,5298.831543,5240.608398,6987.300293,6987.300293,6987.300293,6987.300293,6987.300293,6987.300293,6987.300293,6987.300293,6987.300293,6987.300293,6987.300293,6987.300293,6987.300293,6987.300293,6987.300293,6987.300293,6987.300293,6987.300293,6987.300293,6987.300293,6987.300293,6987.300293,6987.300293,6987.300293,6987.300293,6987.300293,6987.300293,6987.300293,6987.300293,6987.300293,PHASE,1,1,1,1,1,1,1,1,1,1,1,1,1,1,1,1,1,1,1,1,1,1,1,1,1,1,1,1,1,1,2,2,2,2,2,2,2,2,2,2,2,2,2,2,2,2,2,2,2,2,2,2,2,2,2,2,2,2,2,2,3,3,3,3,3,3,3,3,3,3,3,3,3,3,3,3,3,3,3,3,3,3,3,3,3,3,3,3,3,3,FLASH_END
10,10:30:06,2026-07-07,Auto gsw+F,LI-COR Default,,010,,,-0.047852,2.893904,-0.048656,-0.403251,3.832348,3.842199,4.532212,0.699864,43.352222,43.241074,51.137764,0.441786,7.500000,PSF-00548_20260707103006_0d2,0.000000,0.000000,0.000000,85.930107,351.892273,0.755806,0.5,0.80,1.712677,1.000000,94.11,94.35,29.22,31.08,31.08,88.63,153.3,152.2,0.7,6,3.980,10:28:36,2026-07-07,-0.48,1,-0.004,-0.005,-0.017,0.277,0.405,0.868,1,150,0.005,2.000000,0.058905,0.000000,0.029230,0.000000,0.000000,-0.000068,standard,0,mpf,7000,500,5.000000,2.000000,300,300,300,349.585541,25,-1.854466,347.973694,349.238220,-1.264526,2.526249,2.510139,1.632011,0.921019,0.230692,0.022153,0.329696,0.112190,85.930107,0.000223,2.389264,-0.000064,1.000000,2.373994,-0.000050,1.000000,0.600671,0.600225,0.107215,0.000000,PSF-00548_20260707103006_0d2,PFA-00618,PSA-00618,PSF-00548,RHS-0688,3.0.0,2022-04-21T19:36:20.491Z,MEASUREMENT_END
PSF-00548_20260707103006_0d2,10:30:06,2026-07-07,PFA-00618,PSA-00618,PSF-00548,0.000000,0.000000,0.000000,351.892273,85.930107,0.755806,12.343430,TIME,0.000000,0.010000,0.020000,0.030000,0.040000,0.050000,0.060000,0.070000,0.080000,0.090000,0.100000,0.110000,0.120000,0.130000,0.140000,0.150000,0.160000,0.170000,0.180000,0.190000,0.200000,0.210000,0.220000,0.230000,0.240000,0.250000,0.260000,0.270000,0.280000,0.290000,0.300000,0.310000,0.320000,0.330000,0.340000,0.350000,0.360000,0.370000,0.380000,0.390000,0.400000,0.410000,0.420000,0.430000,0.440000,0.450000,0.460000,0.470000,0.480000,0.490000,0.500000,0.510000,0.520000,0.530000,0.540000,0.550000,0.560000,0.570000,0.580000,0.590000,0.600000,0.610000,0.620000,0.630000,0.640000,0.650000,0.660000,0.670000,0.680000,0.690000,0.700000,0.710000,0.720000,0.730000,0.740000,0.750000,0.760000,0.770000,0.780000,0.790000,0.800000,0.810000,0.820000,0.830000,0.839999,0.849999,0.859999,0.869999,0.879999,0.889999,FLR,214.560989,310.814392,332.439423,340.472809,344.226135,346.280334,347.509155,348.265533,348.751556,349.042664,349.264740,349.369537,349.432831,349.485046,349.508636,349.526886,349.558350,349.546204,349.563721,349.560852,349.585541,349.539764,349.513641,349.456421,349.422089,349.390991,349.361664,349.332703,349.324097,349.268677,349.247925,349.229706,349.176392,349.179993,349.120270,349.140991,349.066620,349.077698,349.010834,349.000458,348.991516,348.918213,348.893158,348.848816,348.814484,348.818420,348.767273,348.752625,348.726868,348.666779,348.696838,348.624237,348.563080,348.545898,348.520172,348.509064,348.465454,348.453278,348.452576,348.424316,347.798828,347.961548,347.973694,347.948303,347.888947,347.843536,347.806335,347.751617,347.729797,347.677948,347.655426,347.591400,347.559204,347.525238,347.481262,347.450134,347.413300,347.377533,347.343933,347.299927,347.280273,347.225189,347.200500,347.195862,347.142578,347.123260,347.087158,347.058533,347.032074,346.990936,PAR,6987.300293,6987.300293,6987.300293,6987.300293,6987.300293,6987.300293,6987.300293,6987.300293,6987.300293,6987.300293,6987.300293,6987.300293,6987.300293,6987.300293,6987.300293,6987.300293,6987.300293,6987.300293,6987.300293,6987.300293,6987.300293,6987.300293,6987.300293,6987.300293,6987.300293,6987.300293,6987.300293,6987.300293,6987.300293,6987.300293,6929.077148,6870.854004,6812.630859,6754.407715,6696.184570,6637.961914,6579.738770,6521.515625,6463.292480,6405.069336,6346.846680,6288.623535,6230.400391,6172.177246,6113.954102,6055.730957,5997.508301,5939.285156,5881.062012,5822.838867,5764.615723,5706.393066,5648.169922,5589.946777,5531.723633,5473.500488,5415.277344,5357.054688,5298.831543,5240.608398,6987.300293,6987.300293,6987.300293,6987.300293,6987.300293,6987.300293,6987.300293,6987.300293,6987.300293,6987.300293,6987.300293,6987.300293,6987.300293,6987.300293,6987.300293,6987.300293,6987.300293,6987.300293,6987.300293,6987.300293,6987.300293,6987.300293,6987.300293,6987.300293,6987.300293,6987.300293,6987.300293,6987.300293,6987.300293,6987.300293,PHASE,1,1,1,1,1,1,1,1,1,1,1,1,1,1,1,1,1,1,1,1,1,1,1,1,1,1,1,1,1,1,2,2,2,2,2,2,2,2,2,2,2,2,2,2,2,2,2,2,2,2,2,2,2,2,2,2,2,2,2,2,3,3,3,3,3,3,3,3,3,3,3,3,3,3,3,3,3,3,3,3,3,3,3,3,3,3,3,3,3,3,FLASH_END
11,10:30:23,2026-07-07,Auto gsw+F,LI-COR Default,,011,,,-0.037190,2.857115,-0.037681,-0.325678,3.890550,3.898725,4.619827,0.729277,43.987526,43.895306,52.123402,0.441786,7.500000,PSF-00548_20260707103023_ad4,0.000000,0.000000,0.000000,63.676716,295.802948,0.784733,0.5,0.80,1.852233,1.000000,94.26,94.45,29.45,31.42,31.42,88.63,149.2,147.8,0.9,6,3.978,10:28:36,2026-07-07,-0.48,1,0.002,-0.003,-0.008,0.024,0.194,0.283,1,150,0.005,2.000000,0.058905,0.000000,0.029230,0.000000,0.000000,-0.000068,standard,0,mpf,7000,500,5.000000,2.000000,300,300,300,295.802948,25,1.269037,297.789917,297.619141,0.170776,2.526321,2.510288,1.597485,0.910070,0.228567,0.023404,0.346918,0.112397,63.676716,0.000227,2.389264,-0.000064,1.000000,2.373994,-0.000050,1.000000,0.600671,0.600225,0.107215,0.000000,PSF-00548_20260707103023_ad4,PFA-00618,PSA-00618,PSF-00548,RHS-0688,3.0.0,2022-04-21T19:36:20.491Z,MEASUREMENT_END
PSF-00548_20260707103023_ad4,10:30:23,2026-07-07,PFA-00618,PSA-00618,PSF-00548,0.000000,0.000000,0.000000,295.802948,63.676716,0.784733,12.579201,TIME,0.000000,0.010000,0.020000,0.030000,0.040000,0.050000,0.060000,0.070000,0.080000,0.090000,0.100000,0.110000,0.120000,0.130000,0.140000,0.150000,0.160000,0.170000,0.180000,0.190000,0.200000,0.210000,0.220000,0.230000,0.240000,0.250000,0.260000,0.270000,0.280000,0.290000,0.300000,0.310000,0.320000,0.330000,0.340000,0.350000,0.360000,0.370000,0.380000,0.390000,0.400000,0.410000,0.420000,0.430000,0.440000,0.450000,0.460000,0.470000,0.480000,0.490000,0.500000,0.510000,0.520000,0.530000,0.540000,0.550000,0.560000,0.570000,0.580000,0.590000,0.600000,0.610000,0.620000,0.630000,0.640000,0.650000,0.660000,0.670000,0.680000,0.690000,0.700000,0.710000,0.720000,0.730000,0.740000,0.750000,0.760000,0.770000,0.780000,0.790000,0.800000,0.810000,0.820000,0.830000,0.839999,0.849999,0.859999,0.869999,0.879999,0.889999,FLR,147.853012,238.153702,273.330322,285.077698,289.486176,291.602600,292.759552,293.453705,293.875336,294.186829,294.398560,294.526581,294.661041,294.775116,294.846283,294.923187,295.004730,295.060516,295.145630,295.199646,295.282593,295.322662,295.374146,295.457489,295.492889,295.545807,295.616974,295.677063,295.747528,295.802948,295.870178,295.875183,295.924896,295.959961,296.009308,296.035065,296.088348,296.099060,296.162720,296.193115,296.226379,296.250702,296.280731,296.327576,296.310791,296.331177,296.380524,296.402679,296.406616,296.459900,296.488159,296.449554,296.476379,296.492096,296.450256,296.401978,296.449188,296.441681,296.446320,296.386963,297.294617,297.680145,297.771332,297.789917,297.769897,297.759521,297.753448,297.759186,297.749176,297.748077,297.741638,297.699097,297.657257,297.623993,297.578217,297.527802,297.476288,297.434448,297.397247,297.347198,297.317505,297.233459,297.146912,297.048584,296.965607,296.901215,296.823975,296.721710,296.643005,296.542511,PAR,6987.300293,6987.300293,6987.300293,6987.300293,6987.300293,6987.300293,6987.300293,6987.300293,6987.300293,6987.300293,6987.300293,6987.300293,6987.300293,6987.300293,6987.300293,6987.300293,6987.300293,6987.300293,6987.300293,6987.300293,6987.300293,6987.300293,6987.300293,6987.300293,6987.300293,6987.300293,6987.300293,6987.300293,6987.300293,6987.300293,6929.077148,6870.854004,6812.630859,6754.407715,6696.184570,6637.961914,6579.738770,6521.515625,6463.292480,6405.069336,6346.846680,6288.623535,6230.400391,6172.177246,6113.954102,6055.730957,5997.508301,5939.285156,5881.062012,5822.838867,5764.615723,5706.393066,5648.169922,5589.946777,5531.723633,5473.500488,5415.277344,5357.054688,5298.831543,5240.608398,6987.300293,6987.300293,6987.300293,6987.300293,6987.300293,6987.300293,6987.300293,6987.300293,6987.300293,6987.300293,6987.300293,6987.300293,6987.300293,6987.300293,6987.300293,6987.300293,6987.300293,6987.300293,6987.300293,6987.300293,6987.300293,6987.300293,6987.300293,6987.300293,6987.300293,6987.300293,6987.300293,6987.300293,6987.300293,6987.300293,PHASE,1,1,1,1,1,1,1,1,1,1,1,1,1,1,1,1,1,1,1,1,1,1,1,1,1,1,1,1,1,1,2,2,2,2,2,2,2,2,2,2,2,2,2,2,2,2,2,2,2,2,2,2,2,2,2,2,2,2,2,2,3,3,3,3,3,3,3,3,3,3,3,3,3,3,3,3,3,3,3,3,3,3,3,3,3,3,3,3,3,3,FLASH_END
12,10:30:37,2026-07-07,Auto gsw+F,LI-COR Default,,012,,,-0.042614,2.821485,-0.043267,-0.398815,3.929918,3.940185,4.707074,0.777156,44.455685,44.339840,53.108212,0.441786,7.500000,PSF-00548_20260707103037_a4d,0.000000,0.000000,0.000000,66.908600,322.389709,0.792461,0.5,0.80,0.801585,1.000000,94.26,94.50,29.62,31.75,31.75,88.63,145.3,144.5,0.6,3,3.978,10:28:36,2026-07-07,-0.48,1,-0.001,-0.001,-0.011,0.016,0.383,0.682,1,150,0.005,2.000000,0.058905,0.000000,0.029230,0.000000,0.000000,-0.000068,standard,0,mpf,7000,500,5.000000,2.000000,300,300,300,321.511383,25,-0.438163,321.637634,321.762634,-0.125000,2.526335,2.510249,1.566239,0.902000,0.226994,0.025275,0.375659,0.109436,66.908600,0.000226,2.389264,-0.000064,1.000000,2.373994,-0.000050,1.000000,0.600671,0.600225,0.107215,0.000000,PSF-00548_20260707103037_a4d,PFA-00618,PSA-00618,PSF-00548,RHS-0688,3.0.0,2022-04-21T19:36:20.491Z,MEASUREMENT_END
PSF-00548_20260707103037_a4d,10:30:37,2026-07-07,PFA-00618,PSA-00618,PSF-00548,0.000000,0.000000,0.000000,322.389709,66.908600,0.792461,9.207146,TIME,0.000000,0.010000,0.020000,0.030000,0.040000,0.050000,0.060000,0.070000,0.080000,0.090000,0.100000,0.110000,0.120000,0.130000,0.140000,0.150000,0.160000,0.170000,0.180000,0.190000,0.200000,0.210000,0.220000,0.230000,0.240000,0.250000,0.260000,0.270000,0.280000,0.290000,0.300000,0.310000,0.320000,0.330000,0.340000,0.350000,0.360000,0.370000,0.380000,0.390000,0.400000,0.410000,0.420000,0.430000,0.440000,0.450000,0.460000,0.470000,0.480000,0.490000,0.500000,0.510000,0.520000,0.530000,0.540000,0.550000,0.560000,0.570000,0.580000,0.590000,0.600000,0.610000,0.620000,0.630000,0.640000,0.650000,0.660000,0.670000,0.680000,0.690000,0.700000,0.710000,0.720000,0.730000,0.740000,0.750000,0.760000,0.770000,0.780000,0.790000,0.800000,0.810000,0.820000,0.830000,0.839999,0.849999,0.859999,0.869999,0.879999,0.889999,FLR,165.432922,267.568604,302.100769,312.160492,315.551880,317.145813,318.049896,318.606720,318.998688,319.278717,319.514740,319.682129,319.818024,319.973236,320.098389,320.221436,320.319763,320.425629,320.554749,320.665588,320.776825,320.867645,320.951691,321.049683,321.144806,321.228516,321.329346,321.389801,321.458099,321.511383,321.597565,321.637634,321.669098,321.718811,321.722382,321.767090,321.766022,321.773895,321.777466,321.770660,321.789612,321.754944,321.725616,321.712372,321.689117,321.686279,321.658020,321.678772,321.664795,321.619019,321.650848,321.598297,321.567535,321.610443,321.586853,321.567535,321.560394,321.556793,321.542145,321.518555,321.331146,321.560028,321.622620,321.637634,321.607941,321.588287,321.575043,321.549286,321.521057,321.470612,321.445953,321.386230,321.340454,321.281067,321.221008,321.135162,321.074371,320.983887,320.919525,320.838318,320.787903,320.666321,320.593353,320.495361,320.408478,320.299377,320.238953,320.158844,320.090546,320.018280,PAR,6987.300293,6987.300293,6987.300293,6987.300293,6987.300293,6987.300293,6987.300293,6987.300293,6987.300293,6987.300293,6987.300293,6987.300293,6987.300293,6987.300293,6987.300293,6987.300293,6987.300293,6987.300293,6987.300293,6987.300293,6987.300293,6987.300293,6987.300293,6987.300293,6987.300293,6987.300293,6987.300293,6987.300293,6987.300293,6987.300293,6929.077148,6870.854004,6812.630859,6754.407715,6696.184570,6637.961914,6579.738770,6521.515625,6463.292480,6405.069336,6346.846680,6288.623535,6230.400391,6172.177246,6113.954102,6055.730957,5997.508301,5939.285156,5881.062012,5822.838867,5764.615723,5706.393066,5648.169922,5589.946777,5531.723633,5473.500488,5415.277344,5357.054688,5298.831543,5240.608398,6987.300293,6987.300293,6987.300293,6987.300293,6987.300293,6987.300293,6987.300293,6987.300293,6987.300293,6987.300293,6987.300293,6987.300293,6987.300293,6987.300293,6987.300293,6987.300293,6987.300293,6987.300293,6987.300293,6987.300293,6987.300293,6987.300293,6987.300293,6987.300293,6987.300293,6987.300293,6987.300293,6987.300293,6987.300293,6987.300293,PHASE,1,1,1,1,1,1,1,1,1,1,1,1,1,1,1,1,1,1,1,1,1,1,1,1,1,1,1,1,1,1,2,2,2,2,2,2,2,2,2,2,2,2,2,2,2,2,2,2,2,2,2,2,2,2,2,2,2,2,2,2,3,3,3,3,3,3,3,3,3,3,3,3,3,3,3,3,3,3,3,3,3,3,3,3,3,3,3,3,3,3,FLASH_END
13,10:31:07,2026-07-07,Auto gsw+F,LI-COR Default,,013,,,-0.006085,2.763747,-0.006099,-0.054469,4.028362,4.029821,4.780763,0.752400,45.457916,45.441456,53.928818,0.441786,7.500000,PSF-00548_20260707103107_001,0.000000,0.000000,0.000000,73.750374,323.994537,0.772372,0.5,0.80,20.965181,1.000000,94.57,94.60,30.00,32.02,32.02,88.65,139.6,138.5,0.8,68,3.976,10:28:36,2026-07-07,-0.48,1,-0.001,-0.002,-0.010,0.051,0.388,0.957,1,150,0.005,2.000000,0.058905,0.000000,0.029230,0.000000,0.000000,-0.000068,standard,0,mpf,7000,500,5.000000,2.000000,300,300,300,318.606720,25,-3.679843,318.382507,318.728058,-0.345551,2.526364,2.510598,1.519360,0.887648,0.223680,0.024181,0.429051,0.166813,73.750374,0.000226,2.389264,-0.000064,1.000000,2.373994,-0.000050,1.000000,0.600671,0.600225,0.107215,0.000000,PSF-00548_20260707103107_001,PFA-00618,PSA-00618,PSF-00548,RHS-0688,3.0.0,2022-04-21T19:36:20.491Z,MEASUREMENT_END
PSF-00548_20260707103107_001,10:31:07,2026-07-07,PFA-00618,PSA-00618,PSF-00548,0.000000,0.000000,0.000000,323.994537,73.750374,0.772372,74.538124,TIME,0.000000,0.010000,0.020000,0.030000,0.040000,0.050000,0.060000,0.070000,0.080000,0.090000,0.100000,0.110000,0.120000,0.130000,0.140000,0.150000,0.160000,0.170000,0.180000,0.190000,0.200000,0.210000,0.220000,0.230000,0.240000,0.250000,0.260000,0.270000,0.280000,0.290000,0.300000,0.310000,0.320000,0.330000,0.340000,0.350000,0.360000,0.370000,0.380000,0.390000,0.400000,0.410000,0.420000,0.430000,0.440000,0.450000,0.460000,0.470000,0.480000,0.490000,0.500000,0.510000,0.520000,0.530000,0.540000,0.550000,0.560000,0.570000,0.580000,0.590000,0.600000,0.610000,0.620000,0.630000,0.640000,0.650000,0.660000,0.670000,0.680000,0.690000,0.700000,0.710000,0.720000,0.730000,0.740000,0.750000,0.760000,0.770000,0.780000,0.790000,0.800000,0.810000,0.820000,0.830000,0.839999,0.849999,0.859999,0.869999,0.879999,0.889999,FLR,168.278931,259.043823,296.493896,310.146698,314.753998,316.329346,317.001343,317.339294,317.579987,317.730896,317.912231,318.004852,318.088898,318.180084,318.250183,318.303101,318.349609,318.396820,318.441162,318.477997,318.516602,318.525543,318.546295,318.569885,318.569550,318.589935,318.591370,318.599945,318.606720,318.606720,318.626038,318.574890,318.548798,318.520203,318.494080,318.443298,318.413971,318.366760,318.346375,318.284149,318.216553,318.156494,318.104980,318.091400,317.999481,317.920441,317.882904,317.819244,317.730896,317.696930,317.647949,317.525269,317.464111,317.430481,317.323914,317.233795,317.194458,317.128662,317.037109,316.925873,317.944061,318.336365,318.382507,318.326721,318.279877,318.239105,318.209045,318.170776,318.145050,318.111053,318.088165,318.030243,318.011993,317.982330,317.956909,317.929749,317.893616,317.853210,317.827118,317.783844,317.778107,317.713745,317.701569,317.668671,317.646851,317.601440,317.574982,317.547791,317.517395,317.476624,PAR,6987.300293,6987.300293,6987.300293,6987.300293,6987.300293,6987.300293,6987.300293,6987.300293,6987.300293,6987.300293,6987.300293,6987.300293,6987.300293,6987.300293,6987.300293,6987.300293,6987.300293,6987.300293,6987.300293,6987.300293,6987.300293,6987.300293,6987.300293,6987.300293,6987.300293,6987.300293,6987.300293,6987.300293,6987.300293,6987.300293,6929.077148,6870.854004,6812.630859,6754.407715,6696.184570,6637.961914,6579.738770,6521.515625,6463.292480,6405.069336,6346.846680,6288.623535,6230.400391,6172.177246,6113.954102,6055.730957,5997.508301,5939.285156,5881.062012,5822.838867,5764.615723,5706.393066,5648.169922,5589.946777,5531.723633,5473.500488,5415.277344,5357.054688,5298.831543,5240.608398,6987.300293,6987.300293,6987.300293,6987.300293,6987.300293,6987.300293,6987.300293,6987.300293,6987.300293,6987.300293,6987.300293,6987.300293,6987.300293,6987.300293,6987.300293,6987.300293,6987.300293,6987.300293,6987.300293,6987.300293,6987.300293,6987.300293,6987.300293,6987.300293,6987.300293,6987.300293,6987.300293,6987.300293,6987.300293,6987.300293,PHASE,1,1,1,1,1,1,1,1,1,1,1,1,1,1,1,1,1,1,1,1,1,1,1,1,1,1,1,1,1,1,2,2,2,2,2,2,2,2,2,2,2,2,2,2,2,2,2,2,2,2,2,2,2,2,2,2,2,2,2,2,3,3,3,3,3,3,3,3,3,3,3,3,3,3,3,3,3,3,3,3,3,3,3,3,3,3,3,3,3,3,FLASH_END
14,10:31:20,2026-07-07,Auto gsw+F,LI-COR Default,,014,,,-0.025528,2.735063,-0.025768,-0.246749,4.058752,4.065491,4.864959,0.806207,45.857433,45.781422,54.875183,0.441786,7.500000,PSF-00548_20260707103120_ab9,0.000000,0.000000,0.000000,90.862869,362.331757,0.749227,0.5,0.80,6.728555,1.000000,94.47,94.63,30.15,32.33,32.33,88.65,136.8,136.5,0.2,22,3.976,10:28:36,2026-07-07,-0.48,1,-0.002,-0.004,-0.011,0.828,1.082,3.171,1,150,0.005,2.000000,0.058905,0.000000,0.029230,0.000000,0.000000,-0.000068,standard,0,mpf,7000,500,5.000000,2.000000,300,300,300,362.331757,25,2.410806,362.817047,365.782013,-2.964966,2.526353,2.510429,1.497530,0.882877,0.222368,0.026117,0.438832,0.126933,90.862869,0.000226,2.389264,-0.000064,1.000000,2.373994,-0.000050,1.000000,0.600671,0.600225,0.107215,0.000000,PSF-00548_20260707103120_ab9,PFA-00618,PSA-00618,PSF-00548,RHS-0688,3.0.0,2022-04-21T19:36:20.491Z,MEASUREMENT_END
PSF-00548_20260707103120_ab9,10:31:20,2026-07-07,PFA-00618,PSA-00618,PSF-00548,0.000000,0.000000,0.000000,362.331757,90.862869,0.749227,29.130001,TIME,0.000000,0.010000,0.020000,0.030000,0.040000,0.050000,0.060000,0.070000,0.080000,0.090000,0.100000,0.110000,0.120000,0.130000,0.140000,0.150000,0.160000,0.170000,0.180000,0.190000,0.200000,0.210000,0.220000,0.230000,0.240000,0.250000,0.260000,0.270000,0.280000,0.290000,0.300000,0.310000,0.320000,0.330000,0.340000,0.350000,0.360000,0.370000,0.380000,0.390000,0.400000,0.410000,0.420000,0.430000,0.440000,0.450000,0.460000,0.470000,0.480000,0.490000,0.500000,0.510000,0.520000,0.530000,0.540000,0.550000,0.560000,0.570000,0.580000,0.590000,0.600000,0.610000,0.620000,0.630000,0.640000,0.650000,0.660000,0.670000,0.680000,0.690000,0.700000,0.710000,0.720000,0.730000,0.740000,0.750000,0.760000,0.770000,0.780000,0.790000,0.800000,0.810000,0.820000,0.830000,0.839999,0.849999,0.859999,0.869999,0.879999,0.889999,FLR,214.162231,314.825165,344.985352,355.489258,359.002960,360.121246,360.488525,360.596893,360.702026,360.776428,360.872986,360.925903,361.010681,361.084686,361.115814,361.178040,361.251709,361.336456,361.417297,361.538177,361.622925,361.700165,361.761688,361.855377,361.941925,362.013458,362.080688,362.175476,362.261658,362.331757,362.422577,362.509857,362.564911,362.674713,362.727295,362.804535,362.848877,362.913971,362.955811,363.007660,363.094208,363.088501,363.172180,363.193268,363.262665,363.296997,363.313446,363.351349,363.394257,363.415009,363.464355,363.479370,363.477600,363.529083,363.553040,363.572357,363.543396,363.551971,363.579163,363.555542,362.772339,362.817047,362.756256,362.652527,362.480530,362.357147,362.180817,362.026337,361.860046,361.659393,361.486328,361.266022,361.057892,360.882294,360.689514,360.488190,360.278595,360.067261,359.838379,359.570160,359.339111,359.030853,358.742950,358.457916,358.094574,357.798828,357.516632,357.249847,356.996643,356.726990,PAR,6987.300293,6987.300293,6987.300293,6987.300293,6987.300293,6987.300293,6987.300293,6987.300293,6987.300293,6987.300293,6987.300293,6987.300293,6987.300293,6987.300293,6987.300293,6987.300293,6987.300293,6987.300293,6987.300293,6987.300293,6987.300293,6987.300293,6987.300293,6987.300293,6987.300293,6987.300293,6987.300293,6987.300293,6987.300293,6987.300293,6929.077148,6870.854004,6812.630859,6754.407715,6696.184570,6637.961914,6579.738770,6521.515625,6463.292480,6405.069336,6346.846680,6288.623535,6230.400391,6172.177246,6113.954102,6055.730957,5997.508301,5939.285156,5881.062012,5822.838867,5764.615723,5706.393066,5648.169922,5589.946777,5531.723633,5473.500488,5415.277344,5357.054688,5298.831543,5240.608398,6987.300293,6987.300293,6987.300293,6987.300293,6987.300293,6987.300293,6987.300293,6987.300293,6987.300293,6987.300293,6987.300293,6987.300293,6987.300293,6987.300293,6987.300293,6987.300293,6987.300293,6987.300293,6987.300293,6987.300293,6987.300293,6987.300293,6987.300293,6987.300293,6987.300293,6987.300293,6987.300293,6987.300293,6987.300293,6987.300293,PHASE,1,1,1,1,1,1,1,1,1,1,1,1,1,1,1,1,1,1,1,1,1,1,1,1,1,1,1,1,1,1,2,2,2,2,2,2,2,2,2,2,2,2,2,2,2,2,2,2,2,2,2,2,2,2,2,2,2,2,2,2,3,3,3,3,3,3,3,3,3,3,3,3,3,3,3,3,3,3,3,3,3,3,3,3,3,3,3,3,3,3,FLASH_END
15,10:31:32,2026-07-07,Auto gsw+F,LI-COR Default,,015,,,-0.022350,2.717138,-0.022536,-0.223447,4.089797,4.095972,4.924174,0.834377,46.199692,46.130043,55.541225,0.441786,7.500000,PSF-00548_20260707103132_be0,0.000000,0.000000,0.000000,81.279877,347.851746,0.766338,0.5,0.80,8.917317,1.000000,94.47,94.61,30.28,32.54,32.54,88.66,135.2,134.2,0.8,29,3.969,10:28:36,2026-07-07,-0.48,1,-0.005,-0.005,-0.011,0.155,0.482,0.541,1,150,0.005,2.000000,0.058905,0.000000,0.029230,0.000000,0.000000,-0.000068,standard,0,mpf,7000,500,5.000000,2.000000,300,300,300,347.851746,25,0.039998,348.108887,347.908997,0.199890,2.526293,2.510398,1.484321,0.877277,0.221205,0.027121,0.444533,0.132764,81.279877,0.000226,2.389264,-0.000064,1.000000,2.373994,-0.000050,1.000000,0.600671,0.600225,0.107215,0.000000,PSF-00548_20260707103132_be0,PFA-00618,PSA-00618,PSF-00548,RHS-0688,3.0.0,2022-04-21T19:36:20.491Z,MEASUREMENT_END
PSF-00548_20260707103132_be0,10:31:32,2026-07-07,PFA-00618,PSA-00618,PSF-00548,0.000000,0.000000,0.000000,347.851746,81.279877,0.766338,35.769054,TIME,0.000000,0.010000,0.020000,0.030000,0.040000,0.050000,0.060000,0.070000,0.080000,0.090000,0.100000,0.110000,0.120000,0.130000,0.140000,0.150000,0.160000,0.170000,0.180000,0.190000,0.200000,0.210000,0.220000,0.230000,0.240000,0.250000,0.260000,0.270000,0.280000,0.290000,0.300000,0.310000,0.320000,0.330000,0.340000,0.350000,0.360000,0.370000,0.380000,0.390000,0.400000,0.410000,0.420000,0.430000,0.440000,0.450000,0.460000,0.470000,0.480000,0.490000,0.500000,0.510000,0.520000,0.530000,0.540000,0.550000,0.560000,0.570000,0.580000,0.590000,0.600000,0.610000,0.620000,0.630000,0.640000,0.650000,0.660000,0.670000,0.680000,0.690000,0.700000,0.710000,0.720000,0.730000,0.740000,0.750000,0.760000,0.770000,0.780000,0.790000,0.800000,0.810000,0.820000,0.830000,0.839999,0.849999,0.859999,0.869999,0.879999,0.889999,FLR,193.646545,295.833710,330.500000,342.171204,345.846527,346.884369,347.146515,347.256653,347.343933,347.415100,347.514862,347.535614,347.598907,347.643982,347.662933,347.687958,347.720490,347.756256,347.769501,347.770935,347.824585,347.803101,347.811340,347.803833,347.804535,347.807037,347.809540,347.840302,347.836731,347.851746,347.847473,347.856415,347.838531,347.843872,347.825653,347.846741,347.819916,347.820984,347.814911,347.811707,347.826355,347.784149,347.797028,347.794891,347.767700,347.792389,347.779877,347.792023,347.795593,347.788086,347.813141,347.808472,347.809540,347.838867,347.826355,347.814911,347.844604,347.865356,347.889313,347.875366,347.848175,348.097076,348.108887,348.098877,348.077423,348.065979,348.044861,348.028778,348.008026,348.000885,348.025574,347.983704,347.957977,347.957611,347.939362,347.918640,347.900757,347.869995,347.851746,347.819580,347.827423,347.764130,347.746246,347.731232,347.662933,347.628235,347.586029,347.548492,347.496979,347.441925,PAR,6987.300293,6987.300293,6987.300293,6987.300293,6987.300293,6987.300293,6987.300293,6987.300293,6987.300293,6987.300293,6987.300293,6987.300293,6987.300293,6987.300293,6987.300293,6987.300293,6987.300293,6987.300293,6987.300293,6987.300293,6987.300293,6987.300293,6987.300293,6987.300293,6987.300293,6987.300293,6987.300293,6987.300293,6987.300293,6987.300293,6929.077148,6870.854004,6812.630859,6754.407715,6696.184570,6637.961914,6579.738770,6521.515625,6463.292480,6405.069336,6346.846680,6288.623535,6230.400391,6172.177246,6113.954102,6055.730957,5997.508301,5939.285156,5881.062012,5822.838867,5764.615723,5706.393066,5648.169922,5589.946777,5531.723633,5473.500488,5415.277344,5357.054688,5298.831543,5240.608398,6987.300293,6987.300293,6987.300293,6987.300293,6987.300293,6987.300293,6987.300293,6987.300293,6987.300293,6987.300293,6987.300293,6987.300293,6987.300293,6987.300293,6987.300293,6987.300293,6987.300293,6987.300293,6987.300293,6987.300293,6987.300293,6987.300293,6987.300293,6987.300293,6987.300293,6987.300293,6987.300293,6987.300293,6987.300293,6987.300293,PHASE,1,1,1,1,1,1,1,1,1,1,1,1,1,1,1,1,1,1,1,1,1,1,1,1,1,1,1,1,1,1,2,2,2,2,2,2,2,2,2,2,2,2,2,2,2,2,2,2,2,2,2,2,2,2,2,2,2,2,2,2,3,3,3,3,3,3,3,3,3,3,3,3,3,3,3,3,3,3,3,3,3,3,3,3,3,3,3,3,3,3,FLASH_END
16,10:32:17,2026-07-07,Auto gsw+F,LI-COR Default,,016,,,-0.011969,2.649636,-0.012024,-0.109180,4.203520,4.206671,4.966785,0.763266,47.457394,47.421848,56.032597,0.441786,7.500000,PSF-00548_20260707103217_080,0.000000,0.000000,0.000000,112.454292,451.028473,0.750671,0.5,0.80,3.167433,1.000000,94.67,94.74,30.72,32.70,32.70,88.64,129.3,128.4,0.7,11,3.973,10:28:36,2026-07-07,-0.48,1,-0.004,-0.004,-0.014,0.905,2.007,4.152,1,150,0.005,2.000000,0.058905,0.000000,0.029230,0.000000,0.000000,-0.000068,standard,0,mpf,7000,500,5.000000,2.000000,300,300,300,451.028473,25,1.385396,450.692291,453.011200,-2.318909,2.526341,2.510580,1.437204,0.863549,0.217385,0.023751,0.461198,0.116479,112.454292,0.000227,2.389264,-0.000064,1.000000,2.373994,-0.000050,1.000000,0.600671,0.600225,0.107215,0.000000,PSF-00548_20260707103217_080,PFA-00618,PSA-00618,PSF-00548,RHS-0688,3.0.0,2022-04-21T19:36:20.491Z,MEASUREMENT_END
PSF-00548_20260707103217_080,10:32:17,2026-07-07,PFA-00618,PSA-00618,PSF-00548,0.000000,0.000000,0.000000,451.028473,112.454292,0.750671,17.227026,TIME,0.000000,0.010000,0.020000,0.030000,0.040000,0.050000,0.060000,0.070000,0.080000,0.090000,0.100000,0.110000,0.120000,0.130000,0.140000,0.150000,0.160000,0.170000,0.180000,0.190000,0.200000,0.210000,0.220000,0.230000,0.240000,0.250000,0.260000,0.270000,0.280000,0.290000,0.300000,0.310000,0.320000,0.330000,0.340000,0.350000,0.360000,0.370000,0.380000,0.390000,0.400000,0.410000,0.420000,0.430000,0.440000,0.450000,0.460000,0.470000,0.480000,0.490000,0.500000,0.510000,0.520000,0.530000,0.540000,0.550000,0.560000,0.570000,0.580000,0.590000,0.600000,0.610000,0.620000,0.630000,0.640000,0.650000,0.660000,0.670000,0.680000,0.690000,0.700000,0.710000,0.720000,0.730000,0.740000,0.750000,0.760000,0.770000,0.780000,0.790000,0.800000,0.810000,0.820000,0.830000,0.839999,0.849999,0.859999,0.869999,0.879999,0.889999,FLR,272.657990,399.797546,430.951965,441.703308,446.043488,447.983276,448.891998,449.354767,449.666626,449.855804,450.023895,450.121521,450.236328,450.361847,450.405823,450.463776,450.573212,450.617920,450.690857,450.734497,450.810303,450.828552,450.871124,450.919403,450.932983,450.958740,450.973389,450.984833,451.000916,451.028473,451.074951,451.158295,451.128601,451.240173,451.220520,451.305634,451.297394,451.357849,451.366058,451.399323,451.486237,451.432587,451.501953,451.505554,451.562408,451.572052,451.538452,451.584930,451.631439,451.608551,451.681152,451.666473,451.652893,451.696503,451.710815,451.727997,451.677917,451.717255,451.753021,451.779846,450.593933,450.692291,450.675140,450.652954,450.562836,450.498474,450.423370,450.359711,450.320007,450.203064,450.176941,450.053558,449.991699,449.921600,449.830048,449.756744,449.679840,449.597229,449.536438,449.443817,449.396606,449.287537,449.201691,449.121246,449.038635,448.978180,448.869110,448.756104,448.679565,448.574432,PAR,6987.300293,6987.300293,6987.300293,6987.300293,6987.300293,6987.300293,6987.300293,6987.300293,6987.300293,6987.300293,6987.300293,6987.300293,6987.300293,6987.300293,6987.300293,6987.300293,6987.300293,6987.300293,6987.300293,6987.300293,6987.300293,6987.300293,6987.300293,6987.300293,6987.300293,6987.300293,6987.300293,6987.300293,6987.300293,6987.300293,6929.077148,6870.854004,6812.630859,6754.407715,6696.184570,6637.961914,6579.738770,6521.515625,6463.292480,6405.069336,6346.846680,6288.623535,6230.400391,6172.177246,6113.954102,6055.730957,5997.508301,5939.285156,5881.062012,5822.838867,5764.615723,5706.393066,5648.169922,5589.946777,5531.723633,5473.500488,5415.277344,5357.054688,5298.831543,5240.608398,6987.300293,6987.300293,6987.300293,6987.300293,6987.300293,6987.300293,6987.300293,6987.300293,6987.300293,6987.300293,6987.300293,6987.300293,6987.300293,6987.300293,6987.300293,6987.300293,6987.300293,6987.300293,6987.300293,6987.300293,6987.300293,6987.300293,6987.300293,6987.300293,6987.300293,6987.300293,6987.300293,6987.300293,6987.300293,6987.300293,PHASE,1,1,1,1,1,1,1,1,1,1,1,1,1,1,1,1,1,1,1,1,1,1,1,1,1,1,1,1,1,1,2,2,2,2,2,2,2,2,2,2,2,2,2,2,2,2,2,2,2,2,2,2,2,2,2,2,2,2,2,2,3,3,3,3,3,3,3,3,3,3,3,3,3,3,3,3,3,3,3,3,3,3,3,3,3,3,3,3,3,3,FLASH_END
17,10:32:33,2026-07-07,Auto gsw+F,LI-COR Default,,017,,,-0.017729,2.621202,-0.017849,-0.173103,4.235287,4.240374,5.049792,0.814506,47.844219,47.786823,56.976906,0.441786,7.500000,PSF-00548_20260707103233_256,0.000000,0.000000,0.000000,124.216675,509.106873,0.756011,0.5,0.80,2.354332,1.000000,94.62,94.74,30.86,32.99,32.99,88.63,126.9,126.3,0.4,8,3.972,10:28:36,2026-07-07,-0.48,1,-0.001,-0.003,-0.011,1.566,3.066,5.807,1,150,0.005,2.000000,0.058905,0.000000,0.029230,0.000000,0.000000,-0.000068,standard,0,mpf,7000,500,5.000000,2.000000,300,300,300,509.106873,25,1.247220,507.947449,510.891846,-2.944397,2.526299,2.510488,1.418465,0.858699,0.216191,0.025637,0.465826,0.114053,124.216675,0.000227,2.389264,-0.000064,1.000000,2.373994,-0.000050,1.000000,0.600671,0.600225,0.107215,0.000000,PSF-00548_20260707103233_256,PFA-00618,PSA-00618,PSF-00548,RHS-0688,3.0.0,2022-04-21T19:36:20.491Z,MEASUREMENT_END
PSF-00548_20260707103233_256,10:32:33,2026-07-07,PFA-00618,PSA-00618,PSF-00548,0.000000,0.000000,0.000000,509.106873,124.216675,0.756011,14.463740,TIME,0.000000,0.010000,0.020000,0.030000,0.040000,0.050000,0.060000,0.070000,0.080000,0.090000,0.100000,0.110000,0.120000,0.130000,0.140000,0.150000,0.160000,0.170000,0.180000,0.190000,0.200000,0.210000,0.220000,0.230000,0.240000,0.250000,0.260000,0.270000,0.280000,0.290000,0.300000,0.310000,0.320000,0.330000,0.340000,0.350000,0.360000,0.370000,0.380000,0.390000,0.400000,0.410000,0.420000,0.430000,0.440000,0.450000,0.460000,0.470000,0.480000,0.490000,0.500000,0.510000,0.520000,0.530000,0.540000,0.550000,0.560000,0.570000,0.580000,0.590000,0.600000,0.610000,0.620000,0.630000,0.640000,0.650000,0.660000,0.670000,0.680000,0.690000,0.700000,0.710000,0.720000,0.730000,0.740000,0.750000,0.760000,0.770000,0.780000,0.790000,0.800000,0.810000,0.820000,0.830000,0.839999,0.849999,0.859999,0.869999,0.879999,0.889999,FLR,316.988831,460.507050,490.410461,500.042450,504.088654,506.081696,507.099854,507.672791,508.038635,508.268585,508.503906,508.627289,508.757843,508.852234,508.924133,508.960968,508.989227,509.030701,509.089722,509.093292,509.106873,509.077179,509.058594,509.055389,509.040009,508.992798,508.966675,508.950226,508.927338,508.882294,508.886230,508.926636,508.847961,508.938446,508.880493,508.950958,508.899445,508.972778,508.926636,508.940948,509.038940,508.956299,509.009613,508.981354,509.048218,509.078613,509.005310,509.097931,509.173737,509.122955,509.214172,509.187347,509.196625,509.263885,509.258148,509.308228,509.292480,509.390839,509.460571,509.509552,507.822998,507.924194,507.947449,507.930267,507.876648,507.842316,507.787933,507.707825,507.653839,507.596985,507.574799,507.458221,507.380249,507.316589,507.238617,507.174622,507.097351,507.023346,506.965759,506.875641,506.833069,506.740814,506.683228,506.628876,506.536957,506.499420,506.428589,506.386749,506.312012,506.243347,PAR,6987.300293,6987.300293,6987.300293,6987.300293,6987.300293,6987.300293,6987.300293,6987.300293,6987.300293,6987.300293,6987.300293,6987.300293,6987.300293,6987.300293,6987.300293,6987.300293,6987.300293,6987.300293,6987.300293,6987.300293,6987.300293,6987.300293,6987.300293,6987.300293,6987.300293,6987.300293,6987.300293,6987.300293,6987.300293,6987.300293,6929.077148,6870.854004,6812.630859,6754.407715,6696.184570,6637.961914,6579.738770,6521.515625,6463.292480,6405.069336,6346.846680,6288.623535,6230.400391,6172.177246,6113.954102,6055.730957,5997.508301,5939.285156,5881.062012,5822.838867,5764.615723,5706.393066,5648.169922,5589.946777,5531.723633,5473.500488,5415.277344,5357.054688,5298.831543,5240.608398,6987.300293,6987.300293,6987.300293,6987.300293,6987.300293,6987.300293,6987.300293,6987.300293,6987.300293,6987.300293,6987.300293,6987.300293,6987.300293,6987.300293,6987.300293,6987.300293,6987.300293,6987.300293,6987.300293,6987.300293,6987.300293,6987.300293,6987.300293,6987.300293,6987.300293,6987.300293,6987.300293,6987.300293,6987.300293,6987.300293,PHASE,1,1,1,1,1,1,1,1,1,1,1,1,1,1,1,1,1,1,1,1,1,1,1,1,1,1,1,1,1,1,2,2,2,2,2,2,2,2,2,2,2,2,2,2,2,2,2,2,2,2,2,2,2,2,2,2,2,2,2,2,3,3,3,3,3,3,3,3,3,3,3,3,3,3,3,3,3,3,3,3,3,3,3,3,3,3,3,3,3,3,FLASH_END
18,10:32:56,2026-07-07,Auto gsw+F,LI-COR Default,,018,,,-0.012904,2.589287,-0.012969,-0.128002,4.281354,4.285192,5.109761,0.828406,48.350052,48.306744,57.653694,0.441786,7.500000,PSF-00548_20260707103256_138,0.000000,0.000000,0.000000,142.323730,538.551086,0.735728,0.5,0.80,2.496331,1.000000,94.65,94.74,31.05,33.20,33.20,88.63,124.3,123.4,0.7,8,3.973,10:28:36,2026-07-07,-0.48,1,-0.004,-0.005,-0.011,1.457,3.150,6.416,1,150,0.005,2.000000,0.058905,0.000000,0.029230,0.000000,0.000000,-0.000068,standard,0,mpf,7000,500,5.000000,2.000000,300,300,300,538.551086,25,1.778106,537.192078,541.095825,-3.903748,2.526246,2.510488,1.398124,0.851941,0.214629,0.025991,0.470642,0.114665,142.323730,0.000226,2.389264,-0.000064,1.000000,2.373994,-0.000050,1.000000,0.600671,0.600225,0.107215,0.000000,PSF-00548_20260707103256_138,PFA-00618,PSA-00618,PSF-00548,RHS-0688,3.0.0,2022-04-21T19:36:20.491Z,MEASUREMENT_END
PSF-00548_20260707103256_138,10:32:56,2026-07-07,PFA-00618,PSA-00618,PSF-00548,0.000000,0.000000,0.000000,538.551086,142.323730,0.735728,15.160873,TIME,0.000000,0.010000,0.020000,0.030000,0.040000,0.050000,0.060000,0.070000,0.080000,0.090000,0.100000,0.110000,0.120000,0.130000,0.140000,0.150000,0.160000,0.170000,0.180000,0.190000,0.200000,0.210000,0.220000,0.230000,0.240000,0.250000,0.260000,0.270000,0.280000,0.290000,0.300000,0.310000,0.320000,0.330000,0.340000,0.350000,0.360000,0.370000,0.380000,0.390000,0.400000,0.410000,0.420000,0.430000,0.440000,0.450000,0.460000,0.470000,0.480000,0.490000,0.500000,0.510000,0.520000,0.530000,0.540000,0.550000,0.560000,0.570000,0.580000,0.590000,0.600000,0.610000,0.620000,0.630000,0.640000,0.650000,0.660000,0.670000,0.680000,0.690000,0.700000,0.710000,0.720000,0.730000,0.740000,0.750000,0.760000,0.770000,0.780000,0.790000,0.800000,0.810000,0.820000,0.830000,0.839999,0.849999,0.859999,0.869999,0.879999,0.889999,FLR,346.326477,489.341492,520.032776,530.196167,534.213440,536.074890,536.951416,537.422424,537.719971,537.846191,538.046143,538.105103,538.176270,538.259644,538.307556,538.353333,538.415222,538.445923,538.474548,538.490662,538.551086,538.505676,538.527161,538.529297,538.511047,538.498169,538.486023,538.473816,538.441284,538.413757,538.405884,538.487793,538.417358,538.507812,538.436646,538.507080,538.467407,538.521423,538.506042,538.606873,538.734924,538.651917,538.757812,538.723816,538.812500,538.858643,538.838257,538.913696,538.987732,538.932678,539.052856,539.056091,538.983093,539.063232,539.081482,539.107910,539.050354,539.100769,539.150818,539.140442,537.114136,537.192078,537.178894,537.116272,537.016541,536.922791,536.841980,536.728638,536.664246,536.528015,536.458252,536.304810,536.197205,536.117065,536.028015,535.916443,535.837036,535.737976,535.654297,535.524841,535.481567,535.330627,535.214783,535.128601,535.000549,534.866089,534.778503,534.671204,534.551392,534.419800,PAR,6987.300293,6987.300293,6987.300293,6987.300293,6987.300293,6987.300293,6987.300293,6987.300293,6987.300293,6987.300293,6987.300293,6987.300293,6987.300293,6987.300293,6987.300293,6987.300293,6987.300293,6987.300293,6987.300293,6987.300293,6987.300293,6987.300293,6987.300293,6987.300293,6987.300293,6987.300293,6987.300293,6987.300293,6987.300293,6987.300293,6929.077148,6870.854004,6812.630859,6754.407715,6696.184570,6637.961914,6579.738770,6521.515625,6463.292480,6405.069336,6346.846680,6288.623535,6230.400391,6172.177246,6113.954102,6055.730957,5997.508301,5939.285156,5881.062012,5822.838867,5764.615723,5706.393066,5648.169922,5589.946777,5531.723633,5473.500488,5415.277344,5357.054688,5298.831543,5240.608398,6987.300293,6987.300293,6987.300293,6987.300293,6987.300293,6987.300293,6987.300293,6987.300293,6987.300293,6987.300293,6987.300293,6987.300293,6987.300293,6987.300293,6987.300293,6987.300293,6987.300293,6987.300293,6987.300293,6987.300293,6987.300293,6987.300293,6987.300293,6987.300293,6987.300293,6987.300293,6987.300293,6987.300293,6987.300293,6987.300293,PHASE,1,1,1,1,1,1,1,1,1,1,1,1,1,1,1,1,1,1,1,1,1,1,1,1,1,1,1,1,1,1,2,2,2,2,2,2,2,2,2,2,2,2,2,2,2,2,2,2,2,2,2,2,2,2,2,2,2,2,2,2,3,3,3,3,3,3,3,3,3,3,3,3,3,3,3,3,3,3,3,3,3,3,3,3,3,3,3,3,3,3,FLASH_END
19,10:33:42,2026-07-07,Auto gsw+F,LI-COR Default,,019,,,0.066614,2.531896,0.064906,0.477981,4.310072,4.295201,4.928927,0.618855,48.448490,48.616230,55.596725,0.441786,7.500000,PSF-00548_20260707103342_fe8,0.000000,0.000000,0.000000,112.139580,484.077240,0.768344,0.5,0.80,8.712138,1.000000,94.91,94.59,31.12,32.56,32.56,88.65,119.8,118.9,0.7,28,3.971,10:28:36,2026-07-07,-0.48,1,-0.002,-0.003,-0.014,0.610,1.179,1.960,1,150,0.005,2.000000,0.058905,0.000000,0.029230,0.000000,0.000000,-0.000068,standard,0,mpf,7000,500,5.000000,2.000000,300,300,300,476.038818,25,-5.687030,473.271118,475.938141,-2.667023,2.526019,2.510836,1.363213,0.841527,0.214047,0.017488,0.473481,0.132111,112.139580,0.000225,2.389264,-0.000064,1.000000,2.373994,-0.000050,1.000000,0.600671,0.600225,0.107215,0.000000,PSF-00548_20260707103342_fe8,PFA-00618,PSA-00618,PSF-00548,RHS-0688,3.0.0,2022-04-21T19:36:20.491Z,MEASUREMENT_END
PSF-00548_20260707103342_fe8,10:33:42,2026-07-07,PFA-00618,PSA-00618,PSF-00548,0.000000,0.000000,0.000000,484.077240,112.139580,0.768344,35.025501,TIME,0.000000,0.010000,0.020000,0.030000,0.040000,0.050000,0.060000,0.070000,0.080000,0.090000,0.100000,0.110000,0.120000,0.130000,0.140000,0.150000,0.160000,0.170000,0.180000,0.190000,0.200000,0.210000,0.220000,0.230000,0.240000,0.250000,0.260000,0.270000,0.280000,0.290000,0.300000,0.310000,0.320000,0.330000,0.340000,0.350000,0.360000,0.370000,0.380000,0.390000,0.400000,0.410000,0.420000,0.430000,0.440000,0.450000,0.460000,0.470000,0.480000,0.490000,0.500000,0.510000,0.520000,0.530000,0.540000,0.550000,0.560000,0.570000,0.580000,0.590000,0.600000,0.610000,0.620000,0.630000,0.640000,0.650000,0.660000,0.670000,0.680000,0.690000,0.700000,0.710000,0.720000,0.730000,0.740000,0.750000,0.760000,0.770000,0.780000,0.790000,0.800000,0.810000,0.820000,0.830000,0.839999,0.849999,0.859999,0.869999,0.879999,0.889999,FLR,268.538116,406.303894,452.339539,466.990814,471.932892,473.661316,474.357239,474.723114,475.003113,475.179779,475.376129,475.471252,475.553162,475.674042,475.721588,475.791321,475.846039,475.887909,475.963348,475.969421,476.025238,476.013794,476.025238,476.038818,476.025940,476.003418,475.968018,475.938324,475.896851,475.850708,475.819580,475.738403,475.652924,475.630402,475.516663,475.483063,475.398315,475.347168,475.284943,475.207336,475.193024,475.083588,475.023865,474.956635,474.835388,474.720612,474.657654,474.537842,474.428070,474.328278,474.248169,474.106201,473.988190,473.919525,473.773956,473.657715,473.572266,473.449585,473.317993,473.104492,473.020782,473.271118,473.162781,472.966064,472.747559,472.509399,472.255096,471.972931,471.709015,471.423615,471.185089,470.861786,470.618591,470.368256,470.140808,469.917297,469.664459,469.418762,469.139801,468.824738,468.494293,468.065857,467.647797,467.217194,466.860291,466.526276,466.189026,465.875397,465.619690,465.347534,PAR,6987.300293,6987.300293,6987.300293,6987.300293,6987.300293,6987.300293,6987.300293,6987.300293,6987.300293,6987.300293,6987.300293,6987.300293,6987.300293,6987.300293,6987.300293,6987.300293,6987.300293,6987.300293,6987.300293,6987.300293,6987.300293,6987.300293,6987.300293,6987.300293,6987.300293,6987.300293,6987.300293,6987.300293,6987.300293,6987.300293,6929.077148,6870.854004,6812.630859,6754.407715,6696.184570,6637.961914,6579.738770,6521.515625,6463.292480,6405.069336,6346.846680,6288.623535,6230.400391,6172.177246,6113.954102,6055.730957,5997.508301,5939.285156,5881.062012,5822.838867,5764.615723,5706.393066,5648.169922,5589.946777,5531.723633,5473.500488,5415.277344,5357.054688,5298.831543,5240.608398,6987.300293,6987.300293,6987.300293,6987.300293,6987.300293,6987.300293,6987.300293,6987.300293,6987.300293,6987.300293,6987.300293,6987.300293,6987.300293,6987.300293,6987.300293,6987.300293,6987.300293,6987.300293,6987.300293,6987.300293,6987.300293,6987.300293,6987.300293,6987.300293,6987.300293,6987.300293,6987.300293,6987.300293,6987.300293,6987.300293,PHASE,1,1,1,1,1,1,1,1,1,1,1,1,1,1,1,1,1,1,1,1,1,1,1,1,1,1,1,1,1,1,2,2,2,2,2,2,2,2,2,2,2,2,2,2,2,2,2,2,2,2,2,2,2,2,2,2,2,2,2,2,3,3,3,3,3,3,3,3,3,3,3,3,3,3,3,3,3,3,3,3,3,3,3,3,3,3,3,3,3,3,FLASH_END
20,10:33:54,2026-07-07,Auto gsw+F,LI-COR Default,,020,,,0.050284,2.517640,0.049299,0.359954,4.307419,4.296117,4.921035,0.613616,48.458965,48.586445,55.507854,0.441786,7.500000,PSF-00548_20260707103354_4d5,0.000000,0.000000,0.000000,104.725243,470.001038,0.777181,0.5,0.80,9.020578,1.000000,94.83,94.58,31.12,32.53,32.53,88.65,118.7,118.2,0.4,29,3.970,10:28:36,2026-07-07,-0.48,1,-0.001,-0.003,-0.011,0.406,0.760,1.412,1,150,0.005,2.000000,0.058905,0.000000,0.029230,0.000000,0.000000,-0.000068,standard,0,mpf,7000,500,5.000000,2.000000,300,300,300,464.321136,25,-3.996193,462.928528,464.281799,-1.353271,2.526011,2.510719,1.354847,0.839782,0.214008,0.017094,0.473943,0.132699,104.725243,0.000227,2.389264,-0.000064,1.000000,2.373994,-0.000050,1.000000,0.600671,0.600225,0.107215,0.000000,PSF-00548_20260707103354_4d5,PFA-00618,PSA-00618,PSF-00548,RHS-0688,3.0.0,2022-04-21T19:36:20.491Z,MEASUREMENT_END
PSF-00548_20260707103354_4d5,10:33:54,2026-07-07,PFA-00618,PSA-00618,PSF-00548,0.000000,0.000000,0.000000,470.001038,104.725243,0.777181,35.695351,TIME,0.000000,0.010000,0.020000,0.030000,0.040000,0.050000,0.060000,0.070000,0.080000,0.090000,0.100000,0.110000,0.120000,0.130000,0.140000,0.150000,0.160000,0.170000,0.180000,0.190000,0.200000,0.210000,0.220000,0.230000,0.240000,0.250000,0.260000,0.270000,0.280000,0.290000,0.300000,0.310000,0.320000,0.330000,0.340000,0.350000,0.360000,0.370000,0.380000,0.390000,0.400000,0.410000,0.420000,0.430000,0.440000,0.450000,0.460000,0.470000,0.480000,0.490000,0.500000,0.510000,0.520000,0.530000,0.540000,0.550000,0.560000,0.570000,0.580000,0.590000,0.600000,0.610000,0.620000,0.630000,0.640000,0.650000,0.660000,0.670000,0.680000,0.690000,0.700000,0.710000,0.720000,0.730000,0.740000,0.750000,0.760000,0.770000,0.780000,0.790000,0.800000,0.810000,0.820000,0.830000,0.839999,0.849999,0.859999,0.869999,0.879999,0.889999,FLR,251.252167,396.038544,443.912384,456.916809,460.776337,462.092041,462.663544,463.010437,463.266144,463.426361,463.608398,463.694580,463.798645,463.898407,464.012146,464.089752,464.131592,464.171997,464.236023,464.267853,464.321136,464.305389,464.292542,464.292175,464.278229,464.265717,464.242828,464.217773,464.204895,464.139099,464.155548,464.111938,464.080444,464.073303,464.000000,463.993195,463.910950,463.887695,463.845123,463.786133,463.743225,463.665955,463.636627,463.590149,463.499664,463.456390,463.397034,463.305481,463.221802,463.137024,463.102692,462.969666,462.907074,462.855591,462.747559,462.634918,462.612396,462.533722,462.456116,462.322723,462.576263,462.928528,462.893829,462.813721,462.713257,462.619171,462.546234,462.477936,462.423218,462.352753,462.319489,462.211121,462.138184,462.085602,461.987610,461.915009,461.843140,461.775177,461.710449,461.635712,461.587067,461.507690,461.420044,461.334229,461.227661,461.142181,461.050995,460.966949,460.843567,460.705170,PAR,6987.300293,6987.300293,6987.300293,6987.300293,6987.300293,6987.300293,6987.300293,6987.300293,6987.300293,6987.300293,6987.300293,6987.300293,6987.300293,6987.300293,6987.300293,6987.300293,6987.300293,6987.300293,6987.300293,6987.300293,6987.300293,6987.300293,6987.300293,6987.300293,6987.300293,6987.300293,6987.300293,6987.300293,6987.300293,6987.300293,6929.077148,6870.854004,6812.630859,6754.407715,6696.184570,6637.961914,6579.738770,6521.515625,6463.292480,6405.069336,6346.846680,6288.623535,6230.400391,6172.177246,6113.954102,6055.730957,5997.508301,5939.285156,5881.062012,5822.838867,5764.615723,5706.393066,5648.169922,5589.946777,5531.723633,5473.500488,5415.277344,5357.054688,5298.831543,5240.608398,6987.300293,6987.300293,6987.300293,6987.300293,6987.300293,6987.300293,6987.300293,6987.300293,6987.300293,6987.300293,6987.300293,6987.300293,6987.300293,6987.300293,6987.300293,6987.300293,6987.300293,6987.300293,6987.300293,6987.300293,6987.300293,6987.300293,6987.300293,6987.300293,6987.300293,6987.300293,6987.300293,6987.300293,6987.300293,6987.300293,PHASE,1,1,1,1,1,1,1,1,1,1,1,1,1,1,1,1,1,1,1,1,1,1,1,1,1,1,1,1,1,1,2,2,2,2,2,2,2,2,2,2,2,2,2,2,2,2,2,2,2,2,2,2,2,2,2,2,2,2,2,2,3,3,3,3,3,3,3,3,3,3,3,3,3,3,3,3,3,3,3,3,3,3,3,3,3,3,3,3,3,3,FLASH_END
21,10:34:03,2026-07-07,Auto gsw+F,LI-COR Default,,021,,,0.045909,2.507123,0.045084,0.317652,4.306983,4.296942,4.899217,0.592234,48.466621,48.579880,55.259884,0.441786,7.500000,PSF-00548_20260707103403_fe3,0.000000,0.000000,0.000000,104.816795,476.144318,0.779863,0.5,0.80,9.472296,1.000000,94.82,94.60,31.12,32.45,32.45,88.66,117.9,117.2,0.6,30,3.970,10:28:36,2026-07-07,-0.48,1,-0.004,-0.004,-9999.000,0.323,0.724,-9999.000,1,150,0.005,2.000000,0.058905,0.000000,0.029230,0.000000,0.000000,-0.000068,standard,0,mpf,7000,500,5.000000,2.000000,300,300,300,476.144318,25,0.930869,476.820221,477.476562,-0.656342,2.526038,2.510708,1.348748,0.837616,0.214011,0.016157,0.474285,0.133883,104.816795,0.000226,2.389264,-0.000064,1.000000,2.373994,-0.000050,1.000000,0.600671,0.600225,0.107215,0.000000,PSF-00548_20260707103403_fe3,PFA-00618,PSA-00618,PSF-00548,RHS-0688,3.0.0,2022-04-21T19:36:20.491Z,MEASUREMENT_END
PSF-00548_20260707103403_fe3,10:34:03,2026-07-07,PFA-00618,PSA-00618,PSF-00548,0.000000,0.000000,0.000000,476.144318,104.816795,0.779863,37.043602,TIME,0.000000,0.010000,0.020000,0.030000,0.040000,0.050000,0.060000,0.070000,0.080000,0.090000,0.100000,0.110000,0.120000,0.130000,0.140000,0.150000,0.160000,0.170000,0.180000,0.190000,0.200000,0.210000,0.220000,0.230000,0.240000,0.250000,0.260000,0.270000,0.280000,0.290000,0.300000,0.310000,0.320000,0.330000,0.340000,0.350000,0.360000,0.370000,0.380000,0.390000,0.400000,0.410000,0.420000,0.430000,0.440000,0.450000,0.460000,0.470000,0.480000,0.490000,0.500000,0.510000,0.520000,0.530000,0.540000,0.550000,0.560000,0.570000,0.580000,0.590000,0.600000,0.610000,0.620000,0.630000,0.640000,0.650000,0.660000,0.670000,0.680000,0.690000,0.700000,0.710000,0.720000,0.730000,0.740000,0.750000,0.760000,0.770000,0.780000,0.790000,0.800000,0.810000,0.820000,0.830000,0.839999,0.849999,0.859999,0.869999,0.879999,0.889999,FLR,259.401794,413.664581,455.966248,466.097473,469.567535,471.186523,472.081665,472.720734,473.169220,473.523987,473.846558,474.052185,474.263916,474.467743,474.629395,474.783173,474.943756,475.091095,475.246674,475.348236,475.507019,475.545990,475.670105,475.773468,475.849976,475.897186,475.964783,476.037750,476.089233,476.144318,476.229797,476.264130,476.246948,476.332428,476.332794,476.394653,476.404297,476.451508,476.472626,476.504089,476.554504,476.564880,476.597076,476.613892,476.626038,476.649994,476.672516,476.696136,476.700775,476.710449,476.770508,476.734406,476.742981,476.755127,476.713654,476.696838,476.668243,476.650726,476.629608,476.547729,476.435791,476.807343,476.820221,476.793396,476.737610,476.665741,476.604584,476.519470,476.449005,476.386078,476.335297,476.207245,476.130005,476.068481,475.982666,475.887909,475.814575,475.695129,475.626831,475.491272,475.437286,475.298889,475.203033,475.104675,475.001678,474.881531,474.784973,474.714508,474.622253,474.512085,PAR,6987.300293,6987.300293,6987.300293,6987.300293,6987.300293,6987.300293,6987.300293,6987.300293,6987.300293,6987.300293,6987.300293,6987.300293,6987.300293,6987.300293,6987.300293,6987.300293,6987.300293,6987.300293,6987.300293,6987.300293,6987.300293,6987.300293,6987.300293,6987.300293,6987.300293,6987.300293,6987.300293,6987.300293,6987.300293,6987.300293,6929.077148,6870.854004,6812.630859,6754.407715,6696.184570,6637.961914,6579.738770,6521.515625,6463.292480,6405.069336,6346.846680,6288.623535,6230.400391,6172.177246,6113.954102,6055.730957,5997.508301,5939.285156,5881.062012,5822.838867,5764.615723,5706.393066,5648.169922,5589.946777,5531.723633,5473.500488,5415.277344,5357.054688,5298.831543,5240.608398,6987.300293,6987.300293,6987.300293,6987.300293,6987.300293,6987.300293,6987.300293,6987.300293,6987.300293,6987.300293,6987.300293,6987.300293,6987.300293,6987.300293,6987.300293,6987.300293,6987.300293,6987.300293,6987.300293,6987.300293,6987.300293,6987.300293,6987.300293,6987.300293,6987.300293,6987.300293,6987.300293,6987.300293,6987.300293,6987.300293,PHASE,1,1,1,1,1,1,1,1,1,1,1,1,1,1,1,1,1,1,1,1,1,1,1,1,1,1,1,1,1,1,2,2,2,2,2,2,2,2,2,2,2,2,2,2,2,2,2,2,2,2,2,2,2,2,2,2,2,2,2,2,3,3,3,3,3,3,3,3,3,3,3,3,3,3,3,3,3,3,3,3,3,3,3,3,3,3,3,3,3,3,FLASH_END
22,10:34:32,2026-07-07,Auto gsw+F,LI-COR Default,,022,,,0.023457,2.475151,0.023237,0.216806,4.332850,4.325860,5.115752,0.782902,48.806011,48.884876,57.717880,0.441786,7.500000,PSF-00548_20260707103432_475,0.000000,0.000000,0.000000,113.973495,469.037903,0.757006,0.5,0.80,17.944071,1.000000,94.86,94.71,31.22,33.22,33.22,88.63,115.5,115.0,0.4,59,3.963,10:28:36,2026-07-07,-0.48,1,-0.005,-0.004,-0.011,0.611,1.220,1.824,1,150,0.005,2.000000,0.058905,0.000000,0.029230,0.000000,0.000000,-0.000068,standard,0,mpf,7000,500,5.000000,2.000000,300,300,300,463.286865,25,-4.123461,462.440369,463.136536,-0.696167,2.526162,2.510747,1.330572,0.832586,0.213196,0.024228,0.475682,0.159260,113.973495,0.000230,2.389264,-0.000064,1.000000,2.373994,-0.000050,1.000000,0.600671,0.600225,0.107215,0.000000,PSF-00548_20260707103432_475,PFA-00618,PSA-00618,PSF-00548,RHS-0688,3.0.0,2022-04-21T19:36:20.491Z,MEASUREMENT_END
PSF-00548_20260707103432_475,10:34:32,2026-07-07,PFA-00618,PSA-00618,PSF-00548,0.000000,0.000000,0.000000,469.037903,113.973495,0.757006,65.938377,TIME,0.000000,0.010000,0.020000,0.030000,0.040000,0.050000,0.060000,0.070000,0.080000,0.090000,0.100000,0.110000,0.120000,0.130000,0.140000,0.150000,0.160000,0.170000,0.180000,0.190000,0.200000,0.210000,0.220000,0.230000,0.240000,0.250000,0.260000,0.270000,0.280000,0.290000,0.300000,0.310000,0.320000,0.330000,0.340000,0.350000,0.360000,0.370000,0.380000,0.390000,0.400000,0.410000,0.420000,0.430000,0.440000,0.450000,0.460000,0.470000,0.480000,0.490000,0.500000,0.510000,0.520000,0.530000,0.540000,0.550000,0.560000,0.570000,0.580000,0.590000,0.600000,0.610000,0.620000,0.630000,0.640000,0.650000,0.660000,0.670000,0.680000,0.690000,0.700000,0.710000,0.720000,0.730000,0.740000,0.750000,0.760000,0.770000,0.780000,0.790000,0.800000,0.810000,0.820000,0.830000,0.839999,0.849999,0.859999,0.869999,0.879999,0.889999,FLR,259.464752,388.431061,437.747955,454.677338,460.007782,461.576355,462.137451,462.384583,462.560883,462.701447,462.839111,462.897064,462.977539,463.045837,463.098755,463.143829,463.183868,463.208191,463.241821,463.241089,463.286865,463.252533,463.238586,463.248962,463.241089,463.219299,463.209259,463.177795,463.168854,463.118439,463.128815,463.054413,462.999329,462.976105,462.893829,462.842712,462.786194,462.717529,462.682129,462.608459,462.539429,462.432861,462.387787,462.360626,462.246552,462.180023,462.134613,462.061646,461.981537,461.913239,461.898193,461.753021,461.721527,461.696503,461.593872,461.484070,461.455811,461.390015,461.314911,461.190460,461.961853,462.407104,462.440369,462.374573,462.305542,462.215057,462.139954,462.090607,461.988342,461.911804,461.891418,461.762299,461.686127,461.607452,461.511261,461.410400,461.309540,461.184753,461.096039,460.967316,460.902557,460.733398,460.636505,460.518494,460.369354,460.240601,460.107910,460.029602,459.889069,459.729553,PAR,6987.300293,6987.300293,6987.300293,6987.300293,6987.300293,6987.300293,6987.300293,6987.300293,6987.300293,6987.300293,6987.300293,6987.300293,6987.300293,6987.300293,6987.300293,6987.300293,6987.300293,6987.300293,6987.300293,6987.300293,6987.300293,6987.300293,6987.300293,6987.300293,6987.300293,6987.300293,6987.300293,6987.300293,6987.300293,6987.300293,6929.077148,6870.854004,6812.630859,6754.407715,6696.184570,6637.961914,6579.738770,6521.515625,6463.292480,6405.069336,6346.846680,6288.623535,6230.400391,6172.177246,6113.954102,6055.730957,5997.508301,5939.285156,5881.062012,5822.838867,5764.615723,5706.393066,5648.169922,5589.946777,5531.723633,5473.500488,5415.277344,5357.054688,5298.831543,5240.608398,6987.300293,6987.300293,6987.300293,6987.300293,6987.300293,6987.300293,6987.300293,6987.300293,6987.300293,6987.300293,6987.300293,6987.300293,6987.300293,6987.300293,6987.300293,6987.300293,6987.300293,6987.300293,6987.300293,6987.300293,6987.300293,6987.300293,6987.300293,6987.300293,6987.300293,6987.300293,6987.300293,6987.300293,6987.300293,6987.300293,PHASE,1,1,1,1,1,1,1,1,1,1,1,1,1,1,1,1,1,1,1,1,1,1,1,1,1,1,1,1,1,1,2,2,2,2,2,2,2,2,2,2,2,2,2,2,2,2,2,2,2,2,2,2,2,2,2,2,2,2,2,2,3,3,3,3,3,3,3,3,3,3,3,3,3,3,3,3,3,3,3,3,3,3,3,3,3,3,3,3,3,3,FLASH_END
23,10:34:53,2026-07-07,Auto gsw+F,LI-COR Default,,023,,,0.036246,2.454884,0.035719,0.306588,4.370225,4.360217,5.090413,0.720188,49.192665,49.305584,57.430855,0.441786,7.500000,PSF-00548_20260707103453_219,0.000000,0.000000,0.000000,159.781693,407.048126,0.607462,0.5,0.80,13.399460,1.000000,94.91,94.70,31.36,33.13,33.13,88.64,114.0,113.8,0.2,55,3.929,10:28:36,2026-07-07,-0.48,1,0.001,-0.005,-0.004,-1.055,0.364,14.223,1,150,0.005,2.000000,0.058905,0.000000,0.029230,0.000000,0.000000,-0.000068,standard,0,mpf,7000,500,5.000000,2.000000,300,300,300,387.750519,25,-14.835732,378.623474,385.815704,-7.192230,2.526101,2.510786,1.319322,0.829779,0.212011,0.021485,0.476647,0.155646,159.781693,0.000226,2.389264,-0.000064,1.000000,2.373994,-0.000050,1.000000,0.600671,0.600225,0.107215,0.000000,PSF-00548_20260707103453_219,PFA-00618,PSA-00618,PSF-00548,RHS-0688,3.0.0,2022-04-21T19:36:20.491Z,MEASUREMENT_END
PSF-00548_20260707103453_219,10:34:53,2026-07-07,PFA-00618,PSA-00618,PSF-00548,0.000000,0.000000,0.000000,407.048126,159.781693,0.607462,61.823586,TIME,0.000000,0.010000,0.020000,0.030000,0.040000,0.050000,0.060000,0.070000,0.080000,0.090000,0.100000,0.110000,0.120000,0.130000,0.140000,0.150000,0.160000,0.170000,0.180000,0.190000,0.200000,0.210000,0.220000,0.230000,0.240000,0.250000,0.260000,0.270000,0.280000,0.290000,0.300000,0.310000,0.320000,0.330000,0.340000,0.350000,0.360000,0.370000,0.380000,0.390000,0.400000,0.410000,0.420000,0.430000,0.440000,0.450000,0.460000,0.470000,0.480000,0.490000,0.500000,0.510000,0.520000,0.530000,0.540000,0.550000,0.560000,0.570000,0.580000,0.590000,0.600000,0.610000,0.620000,0.630000,0.640000,0.650000,0.660000,0.670000,0.680000,0.690000,0.700000,0.710000,0.720000,0.730000,0.740000,0.750000,0.760000,0.770000,0.780000,0.790000,0.800000,0.810000,0.820000,0.830000,0.839999,0.849999,0.859999,0.869999,0.879999,0.889999,FLR,262.735962,341.307526,370.758545,382.019867,385.957367,387.268433,387.659302,387.740845,387.750519,387.701141,387.685425,387.606750,387.570251,387.534149,387.469421,387.408600,387.372864,387.322418,387.281311,387.202972,387.117859,387.020233,386.922943,386.839264,386.729126,386.597168,386.460175,386.312134,386.161194,385.987762,385.854370,385.654083,385.442749,385.229950,384.971375,384.765747,384.520050,384.303345,384.044403,383.805878,383.597382,383.304840,383.093475,382.844208,382.626068,382.392517,382.165070,381.929382,381.732697,381.466278,381.264221,380.990967,380.718475,380.508545,380.254974,379.994629,379.742493,379.491821,379.245056,378.963593,378.623474,378.564819,378.363495,378.126740,377.823120,377.532349,377.261993,376.953735,376.674042,376.352203,376.064301,375.699890,375.377289,375.044708,374.683868,374.342316,374.002563,373.650665,373.322357,372.979034,372.688995,372.322083,371.969818,371.679077,371.346832,371.010315,370.731354,370.379791,370.099426,369.766479,PAR,6987.300293,6987.300293,6987.300293,6987.300293,6987.300293,6987.300293,6987.300293,6987.300293,6987.300293,6987.300293,6987.300293,6987.300293,6987.300293,6987.300293,6987.300293,6987.300293,6987.300293,6987.300293,6987.300293,6987.300293,6987.300293,6987.300293,6987.300293,6987.300293,6987.300293,6987.300293,6987.300293,6987.300293,6987.300293,6987.300293,6929.077148,6870.854004,6812.630859,6754.407715,6696.184570,6637.961914,6579.738770,6521.515625,6463.292480,6405.069336,6346.846680,6288.623535,6230.400391,6172.177246,6113.954102,6055.730957,5997.508301,5939.285156,5881.062012,5822.838867,5764.615723,5706.393066,5648.169922,5589.946777,5531.723633,5473.500488,5415.277344,5357.054688,5298.831543,5240.608398,6987.300293,6987.300293,6987.300293,6987.300293,6987.300293,6987.300293,6987.300293,6987.300293,6987.300293,6987.300293,6987.300293,6987.300293,6987.300293,6987.300293,6987.300293,6987.300293,6987.300293,6987.300293,6987.300293,6987.300293,6987.300293,6987.300293,6987.300293,6987.300293,6987.300293,6987.300293,6987.300293,6987.300293,6987.300293,6987.300293,PHASE,1,1,1,1,1,1,1,1,1,1,1,1,1,1,1,1,1,1,1,1,1,1,1,1,1,1,1,1,1,1,2,2,2,2,2,2,2,2,2,2,2,2,2,2,2,2,2,2,2,2,2,2,2,2,2,2,2,2,2,2,3,3,3,3,3,3,3,3,3,3,3,3,3,3,3,3,3,3,3,3,3,3,3,3,3,3,3,3,3,3,FLASH_END
24,10:35:01,2026-07-07,Auto gsw+F,LI-COR Default,,024,,,0.053834,2.443081,0.052674,0.527598,4.392648,4.375300,5.232234,0.839586,49.363537,49.559261,59.031742,0.441786,7.500000,PSF-00548_20260707103501_091,0.000000,0.000000,0.000000,103.057983,448.750458,0.770345,0.5,0.80,16.826704,1.000000,95.10,94.72,31.41,33.62,33.62,88.63,113.2,112.7,0.5,55,3.968,10:28:36,2026-07-07,-0.48,1,-0.003,-0.004,-9999.000,0.279,0.631,-9999.000,1,150,0.005,2.000000,0.058905,0.000000,0.029230,0.000000,0.000000,-0.000068,standard,0,mpf,7000,500,5.000000,2.000000,300,300,300,441.338898,25,-5.043421,441.704742,441.532471,0.172272,2.526118,2.511028,1.312864,0.827186,0.211543,0.026734,0.476999,0.155174,103.057983,0.000224,2.389264,-0.000064,1.000000,2.373994,-0.000050,1.000000,0.600671,0.600225,0.107215,0.000000,PSF-00548_20260707103501_091,PFA-00618,PSA-00618,PSF-00548,RHS-0688,3.0.0,2022-04-21T19:36:20.491Z,MEASUREMENT_END
PSF-00548_20260707103501_091,10:35:01,2026-07-07,PFA-00618,PSA-00618,PSF-00548,0.000000,0.000000,0.000000,448.750458,103.057983,0.770345,61.286079,TIME,0.000000,0.010000,0.020000,0.030000,0.040000,0.050000,0.060000,0.070000,0.080000,0.090000,0.100000,0.110000,0.120000,0.130000,0.140000,0.150000,0.160000,0.170000,0.180000,0.190000,0.200000,0.210000,0.220000,0.230000,0.240000,0.250000,0.260000,0.270000,0.280000,0.290000,0.300000,0.310000,0.320000,0.330000,0.340000,0.350000,0.360000,0.370000,0.380000,0.390000,0.400000,0.410000,0.420000,0.430000,0.440000,0.450000,0.460000,0.470000,0.480000,0.490000,0.500000,0.510000,0.520000,0.530000,0.540000,0.550000,0.560000,0.570000,0.580000,0.590000,0.600000,0.610000,0.620000,0.630000,0.640000,0.650000,0.660000,0.670000,0.680000,0.690000,0.700000,0.710000,0.720000,0.730000,0.740000,0.750000,0.760000,0.770000,0.780000,0.790000,0.800000,0.810000,0.820000,0.830000,0.839999,0.849999,0.859999,0.869999,0.879999,0.889999,FLR,232.670181,359.243622,407.788391,425.596832,432.715057,435.809265,437.306274,438.118103,438.663116,439.051514,439.392700,439.621216,439.839722,440.028900,440.168732,440.321075,440.451965,440.585724,440.709473,440.779938,440.895081,440.962311,441.021667,441.091766,441.138977,441.159729,441.237701,441.276672,441.300629,441.338898,441.387543,441.325653,441.294189,441.258423,441.231964,441.179382,441.122894,441.040985,441.005951,440.911896,440.816772,440.761688,440.680511,440.656891,440.518494,440.428375,440.371521,440.273163,440.149414,440.075409,440.019592,439.862610,439.840424,439.725983,439.586151,439.448120,439.437744,439.360870,439.257507,439.101929,440.845367,441.549530,441.671143,441.704742,441.671143,441.655396,441.647888,441.632507,441.635742,441.634308,441.662201,441.650024,441.632507,441.649689,441.660034,441.642517,441.657196,441.660400,441.667542,441.632141,441.674713,441.619629,441.614258,441.582428,441.567413,441.547394,441.540955,441.499817,441.489807,441.430450,PAR,6987.300293,6987.300293,6987.300293,6987.300293,6987.300293,6987.300293,6987.300293,6987.300293,6987.300293,6987.300293,6987.300293,6987.300293,6987.300293,6987.300293,6987.300293,6987.300293,6987.300293,6987.300293,6987.300293,6987.300293,6987.300293,6987.300293,6987.300293,6987.300293,6987.300293,6987.300293,6987.300293,6987.300293,6987.300293,6987.300293,6929.077148,6870.854004,6812.630859,6754.407715,6696.184570,6637.961914,6579.738770,6521.515625,6463.292480,6405.069336,6346.846680,6288.623535,6230.400391,6172.177246,6113.954102,6055.730957,5997.508301,5939.285156,5881.062012,5822.838867,5764.615723,5706.393066,5648.169922,5589.946777,5531.723633,5473.500488,5415.277344,5357.054688,5298.831543,5240.608398,6987.300293,6987.300293,6987.300293,6987.300293,6987.300293,6987.300293,6987.300293,6987.300293,6987.300293,6987.300293,6987.300293,6987.300293,6987.300293,6987.300293,6987.300293,6987.300293,6987.300293,6987.300293,6987.300293,6987.300293,6987.300293,6987.300293,6987.300293,6987.300293,6987.300293,6987.300293,6987.300293,6987.300293,6987.300293,6987.300293,PHASE,1,1,1,1,1,1,1,1,1,1,1,1,1,1,1,1,1,1,1,1,1,1,1,1,1,1,1,1,1,1,2,2,2,2,2,2,2,2,2,2,2,2,2,2,2,2,2,2,2,2,2,2,2,2,2,2,2,2,2,2,3,3,3,3,3,3,3,3,3,3,3,3,3,3,3,3,3,3,3,3,3,3,3,3,3,3,3,3,3,3,FLASH_END
