Obs#,Time,Date,configName,configAuthor,remark,Observation,,,gsw,gbw,gtw,E_apparent,VPcham,VPref,VPleaf,VPDleaf,H2O_r,H2O_s,H2O_leaf,leaf_area,leaf_width,flashID,Fo,Fm,Fv/Fm,Fs,Fm',PhiPS2,PS2/1,abs,ETR,TRANS,rh_s,rh_r,Tref,Tmeas,Tleaf,P_atm,flow,flow_s,leak_pct,Qamb,batt,match_time,match_date,rh_adj,type,gsw1sec,gsw2sec,gsw4sec,flr1sec,flr2sec,flr4sec,auto,flow_set,gsw_limit,gsw_period,aw,Bla,Blb,Blc,Bld,Ble,chamber,dark,flash_type,flash_intensity,modrate,flr_limit,flr_period,P1_dur,P2_dur,P3_dur,P1_Fmax,P2_ramp,P2_slp,P3_Fmax,P3_Pred,P3_DeltaF,v_humA,v_humB,v_flowIn,v_flowOut,v_temp,v_irt,v_pres,v_par,v_F,i_LED,b_rhr,m_rhr,span_rhr,b_rhs,m_rhs,span_rhs,z_flowIn,z_flowOut,z_quantum,z_flr,flashId,lciSerNum,lcpSerNum,lcfSerNum,lcrhSerNum,version,configUpdatedAt,MEASUREMENT_HEADER_END
flashId,time,date,lciSerialNumber,lcpSerialNumber,lcfSerialNumber,Fm,Fo,Fv/Fm,Fm',Fs,PhiPS2,LightIntensity,data[],FLASH_HEADER_END
Obs#,Time,Date,configName,configAuthor,remark,Observation,,,gsw,gbw,gtw,E_apparent,VPcham,VPref,VPleaf,VPDleaf,H2O_r,H2O_s,H2O_leaf,leaf_area,leaf_width,flashID,Fo,Fm,Fv/Fm,Fs,Fm',PhiPS2,PS2/1,abs,ETR,TRANS,rh_s,rh_r,Tref,Tmeas,Tleaf,P_atm,flow,flow_s,leak_pct,Qamb,batt,match_time,match_date,rh_adj,type,gsw1sec,gsw2sec,gsw4sec,flr1sec,flr2sec,flr4sec,auto,flow_set,gsw_limit,gsw_period,aw,Bla,Blb,Blc,Bld,Ble,chamber,dark,flash_type,flash_intensity,modrate,flr_limit,flr_period,P1_dur,P2_dur,P3_dur,P1_Fmax,P2_ramp,P2_slp,P3_Fmax,P3_Pred,P3_DeltaF,v_humA,v_humB,v_flowIn,v_flowOut,v_temp,v_irt,v_pres,v_par,v_F,i_LED,b_rhr,m_rhr,span_rhr,b_rhs,m_rhs,span_rhs,z_flowIn,z_flowOut,z_quantum,z_flr,flashId,lciSerNum,lcpSerNum,lcfSerNum,lcrhSerNum,version,configUpdatedAt,MEASUREMENT_HEADER_END
flashId,time,date,lciSerialNumber,lcpSerialNumber,lcfSerialNumber,Fm,Fo,Fv/Fm,Fm',Fs,PhiPS2,LightIntensity,data[],FLASH_HEADER_END
1,05:42:33,2026-06-30,Auto gsw+F,LI-COR Default,,001,,,-0.138624,2.919950,-0.145534,-0.674249,2.733898,2.750185,3.129382,0.395484,31.147684,30.963224,35.442345,0.441786,7.500000,PSF-00548_20260630054233_0d6,0.000000,0.000000,0.000000,266.482483,592.229492,0.550035,0.5,0.80,0.102413,1.000000,88.90,89.43,24.44,24.73,24.73,88.29,156.5,155.4,0.7,0,4.098,05:42:11,2026-06-30,-0.45,1,-0.001,-0.001,-0.002,1.759,3.986,10.535,1,150,0.005,2.000000,0.058905,0.000000,0.029230,0.000000,0.000000,-0.000068,standard,0,mpf,7000,500,5.000000,2.000000,300,300,300,592.226379,25,-1.174495,586.169250,590.548584,-4.379333,2.521045,2.504192,1.658107,0.928877,0.278874,0.003757,0.042462,0.107624,266.482483,0.000222,2.389264,-0.000064,1.000000,2.373994,-0.000050,1.000000,0.600671,0.600225,0.107215,0.000000,PSF-00548_20260630054233_0d6,PFA-00618,PSA-00618,PSF-00548,RHS-0688,3.0.0,2022-04-21T19:36:20.491Z,MEASUREMENT_END
PSF-00548_20260630054233_0d6,05:42:33,2026-06-30,PFA-00618,PSA-00618,PSF-00548,0.000000,0.000000,0.000000,592.229492,266.482483,0.550035,7.143844,TIME,0.000000,0.010000,0.020000,0.030000,0.040000,0.050000,0.060000,0.070000,0.080000,0.090000,0.100000,0.110000,0.120000,0.130000,0.140000,0.150000,0.160000,0.170000,0.180000,0.190000,0.200000,0.210000,0.220000,0.230000,0.240000,0.250000,0.260000,0.270000,0.280000,0.290000,0.300000,0.310000,0.320000,0.330000,0.340000,0.350000,0.360000,0.370000,0.380000,0.390000,0.400000,0.410000,0.420000,0.430000,0.440000,0.450000,0.460000,0.470000,0.480000,0.490000,0.500000,0.510000,0.520000,0.530000,0.540000,0.550000,0.560000,0.570000,0.580000,0.590000,0.600000,0.610000,0.620000,0.630000,0.640000,0.650000,0.660000,0.670000,0.680000,0.690000,0.700000,0.710000,0.720000,0.730000,0.740000,0.750000,0.760000,0.770000,0.780000,0.790000,0.800000,0.810000,0.820000,0.830000,0.839999,0.849999,0.859999,0.869999,0.879999,0.889999,FLR,444.132690,538.070801,562.843689,574.844238,581.580139,585.567017,587.991333,589.535950,590.577026,591.211060,591.705322,591.934204,592.123718,592.212097,592.224609,592.226379,592.165955,592.125549,592.040405,591.935303,591.870911,591.736816,591.584473,591.469666,591.350586,591.206055,591.076599,590.937134,590.799072,590.642822,590.536621,590.592407,590.464722,590.568420,590.394287,590.497253,590.355652,590.463989,590.304871,590.369568,590.477600,590.313049,590.366028,590.259766,590.274780,590.359192,590.240845,590.289124,590.325623,590.171082,590.253723,590.248352,590.069519,590.132812,590.133545,590.132446,589.988342,589.998352,590.014465,589.980103,586.169250,585.998657,585.794434,585.598816,585.341675,585.099243,584.886780,584.657898,584.429382,584.165100,583.949829,583.645813,583.346130,583.051453,582.744263,582.460632,582.163086,581.879517,581.624512,581.336975,581.103088,580.779053,580.451477,580.190063,579.877502,579.575317,579.297424,579.004517,578.725952,578.421265,PAR,6987.300293,6987.300293,6987.300293,6987.300293,6987.300293,6987.300293,6987.300293,6987.300293,6987.300293,6987.300293,6987.300293,6987.300293,6987.300293,6987.300293,6987.300293,6987.300293,6987.300293,6987.300293,6987.300293,6987.300293,6987.300293,6987.300293,6987.300293,6987.300293,6987.300293,6987.300293,6987.300293,6987.300293,6987.300293,6987.300293,6929.077148,6870.854004,6812.630859,6754.407715,6696.184570,6637.961914,6579.738770,6521.515625,6463.292480,6405.069336,6346.846680,6288.623535,6230.400391,6172.177246,6113.954102,6055.730957,5997.508301,5939.285156,5881.062012,5822.838867,5764.615723,5706.393066,5648.169922,5589.946777,5531.723633,5473.500488,5415.277344,5357.054688,5298.831543,5240.608398,6987.300293,6987.300293,6987.300293,6987.300293,6987.300293,6987.300293,6987.300293,6987.300293,6987.300293,6987.300293,6987.300293,6987.300293,6987.300293,6987.300293,6987.300293,6987.300293,6987.300293,6987.300293,6987.300293,6987.300293,6987.300293,6987.300293,6987.300293,6987.300293,6987.300293,6987.300293,6987.300293,6987.300293,6987.300293,6987.300293,PHASE,1,1,1,1,1,1,1,1,1,1,1,1,1,1,1,1,1,1,1,1,1,1,1,1,1,1,1,1,1,1,2,2,2,2,2,2,2,2,2,2,2,2,2,2,2,2,2,2,2,2,2,2,2,2,2,2,2,2,2,2,3,3,3,3,3,3,3,3,3,3,3,3,3,3,3,3,3,3,3,3,3,3,3,3,3,3,3,3,3,3,FLASH_END
2,05:42:46,2026-06-30,Auto gsw+F,LI-COR Default,,002,,,-0.100362,2.919405,-0.103935,-0.509435,2.757947,2.770255,3.176187,0.418239,31.374552,31.235161,35.971931,0.441786,7.500000,PSF-00548_20260630054246_fdb,0.000000,0.000000,0.000000,145.200851,603.325012,0.759332,0.5,0.80,0.141259,1.000000,89.36,89.76,24.50,24.98,24.98,88.30,156.4,155.0,0.9,0,4.098,05:42:11,2026-06-30,-0.45,1,-0.005,-0.002,-9999.000,1.876,3.878,-9999.000,1,150,0.005,2.000000,0.058905,0.000000,0.029230,0.000000,0.000000,-0.000068,standard,0,mpf,7000,500,5.000000,2.000000,300,300,300,603.325012,25,4.090735,602.159485,609.179565,-7.020081,2.521462,2.504784,1.657544,0.927866,0.278203,0.005851,0.043857,0.107623,145.200851,0.000222,2.389264,-0.000064,1.000000,2.373994,-0.000050,1.000000,0.600671,0.600225,0.107215,0.000000,PSF-00548_20260630054246_fdb,PFA-00618,PSA-00618,PSF-00548,RHS-0688,3.0.0,2022-04-21T19:36:20.491Z,MEASUREMENT_END
PSF-00548_20260630054246_fdb,05:42:46,2026-06-30,PFA-00618,PSA-00618,PSF-00548,0.000000,0.000000,0.000000,603.325012,145.200851,0.759332,7.143437,TIME,0.000000,0.010000,0.020000,0.030000,0.040000,0.050000,0.060000,0.070000,0.080000,0.090000,0.100000,0.110000,0.120000,0.130000,0.140000,0.150000,0.160000,0.170000,0.180000,0.190000,0.200000,0.210000,0.220000,0.230000,0.240000,0.250000,0.260000,0.270000,0.280000,0.290000,0.300000,0.310000,0.320000,0.330000,0.340000,0.350000,0.360000,0.370000,0.380000,0.390000,0.400000,0.410000,0.420000,0.430000,0.440000,0.450000,0.460000,0.470000,0.480000,0.490000,0.500000,0.510000,0.520000,0.530000,0.540000,0.550000,0.560000,0.570000,0.580000,0.590000,0.600000,0.610000,0.620000,0.630000,0.640000,0.650000,0.660000,0.670000,0.680000,0.690000,0.700000,0.710000,0.720000,0.730000,0.740000,0.750000,0.760000,0.770000,0.780000,0.790000,0.800000,0.810000,0.820000,0.830000,0.839999,0.849999,0.859999,0.869999,0.879999,0.889999,FLR,316.926239,454.540009,510.362518,546.489380,567.414856,579.011658,585.882812,590.259094,593.270630,595.348816,596.953491,598.129028,599.049927,599.834534,600.416077,600.911011,601.334473,601.690674,602.020752,602.277527,602.524292,602.674500,602.821106,602.983459,603.061768,603.149780,603.210938,603.248108,603.325012,603.325012,603.404785,603.632202,603.608948,603.844299,603.811401,604.022034,603.991272,604.161133,604.142212,604.305969,604.495178,604.395020,604.556702,604.511963,604.618530,604.762329,604.704712,604.828857,604.935425,604.870667,605.036621,605.111694,605.002991,605.132446,605.198242,605.280518,605.220093,605.316650,605.416443,605.438232,602.138062,602.159485,602.099060,602.023621,601.914551,601.814026,601.727112,601.609802,601.510376,601.392029,601.343384,601.176758,601.086243,600.979675,600.873840,600.765442,600.670349,600.542297,600.442871,600.346313,600.259094,600.097412,599.987976,599.920044,599.787354,599.664001,599.535583,599.416870,599.332825,599.200500,PAR,6987.300293,6987.300293,6987.300293,6987.300293,6987.300293,6987.300293,6987.300293,6987.300293,6987.300293,6987.300293,6987.300293,6987.300293,6987.300293,6987.300293,6987.300293,6987.300293,6987.300293,6987.300293,6987.300293,6987.300293,6987.300293,6987.300293,6987.300293,6987.300293,6987.300293,6987.300293,6987.300293,6987.300293,6987.300293,6987.300293,6929.077148,6870.854004,6812.630859,6754.407715,6696.184570,6637.961914,6579.738770,6521.515625,6463.292480,6405.069336,6346.846680,6288.623535,6230.400391,6172.177246,6113.954102,6055.730957,5997.508301,5939.285156,5881.062012,5822.838867,5764.615723,5706.393066,5648.169922,5589.946777,5531.723633,5473.500488,5415.277344,5357.054688,5298.831543,5240.608398,6987.300293,6987.300293,6987.300293,6987.300293,6987.300293,6987.300293,6987.300293,6987.300293,6987.300293,6987.300293,6987.300293,6987.300293,6987.300293,6987.300293,6987.300293,6987.300293,6987.300293,6987.300293,6987.300293,6987.300293,6987.300293,6987.300293,6987.300293,6987.300293,6987.300293,6987.300293,6987.300293,6987.300293,6987.300293,6987.300293,PHASE,1,1,1,1,1,1,1,1,1,1,1,1,1,1,1,1,1,1,1,1,1,1,1,1,1,1,1,1,1,1,2,2,2,2,2,2,2,2,2,2,2,2,2,2,2,2,2,2,2,2,2,2,2,2,2,2,2,2,2,2,3,3,3,3,3,3,3,3,3,3,3,3,3,3,3,3,3,3,3,3,3,3,3,3,3,3,3,3,3,3,FLASH_END
3,05:43:10,2026-06-30,Auto gsw+F,LI-COR Default,,003,,,-0.111740,2.918651,-0.116188,-0.521482,2.780773,2.793377,3.163761,0.382988,31.633820,31.491085,35.828262,0.441786,7.500000,PSF-00548_20260630054310_da8,0.000000,0.000000,0.000000,236.916306,550.545349,0.569670,0.5,0.80,0.095862,1.000000,89.58,89.99,24.60,24.92,24.92,88.30,156.3,155.6,0.5,0,4.097,05:42:11,2026-06-30,-0.45,1,0.002,0.004,-0.002,1.738,4.020,10.612,1,150,0.005,2.000000,0.058905,0.000000,0.029230,0.000000,0.000000,-0.000068,standard,0,mpf,7000,500,5.000000,2.000000,300,300,300,549.667236,25,-1.454484,544.678345,548.463745,-3.785400,2.521744,2.505062,1.656769,0.929294,0.277146,0.004058,0.046615,0.107584,236.916306,0.000221,2.389264,-0.000064,1.000000,2.373994,-0.000050,1.000000,0.600671,0.600225,0.107215,0.000000,PSF-00548_20260630054310_da8,PFA-00618,PSA-00618,PSF-00548,RHS-0688,3.0.0,2022-04-21T19:36:20.491Z,MEASUREMENT_END
PSF-00548_20260630054310_da8,05:43:10,2026-06-30,PFA-00618,PSA-00618,PSF-00548,0.000000,0.000000,0.000000,550.545349,236.916306,0.569670,7.099051,TIME,0.000000,0.010000,0.020000,0.030000,0.040000,0.050000,0.060000,0.070000,0.080000,0.090000,0.100000,0.110000,0.120000,0.130000,0.140000,0.150000,0.160000,0.170000,0.180000,0.190000,0.200000,0.210000,0.220000,0.230000,0.240000,0.250000,0.260000,0.270000,0.280000,0.290000,0.300000,0.310000,0.320000,0.330000,0.340000,0.350000,0.360000,0.370000,0.380000,0.390000,0.400000,0.410000,0.420000,0.430000,0.440000,0.450000,0.460000,0.470000,0.480000,0.490000,0.500000,0.510000,0.520000,0.530000,0.540000,0.550000,0.560000,0.570000,0.580000,0.590000,0.600000,0.610000,0.620000,0.630000,0.640000,0.650000,0.660000,0.670000,0.680000,0.690000,0.700000,0.710000,0.720000,0.730000,0.740000,0.750000,0.760000,0.770000,0.780000,0.790000,0.800000,0.810000,0.820000,0.830000,0.839999,0.849999,0.859999,0.869999,0.879999,0.889999,FLR,400.464539,490.817413,517.230408,530.635742,538.261414,542.761108,545.456543,547.088013,548.132629,548.759949,549.214111,549.409363,549.565674,549.667236,549.665100,549.660828,549.620056,549.525635,549.504517,549.396851,549.378662,549.287781,549.194824,549.098999,549.009583,548.914429,548.796387,548.683777,548.602966,548.484192,548.403015,548.478821,548.341858,548.442017,548.295715,548.382629,548.288208,548.336121,548.238159,548.270691,548.360107,548.207397,548.257141,548.136963,548.165222,548.212769,548.078308,548.101196,548.150513,548.031799,548.084045,548.073303,547.944885,547.958130,547.907349,547.906982,547.774292,547.783630,547.782532,547.759277,544.678345,544.594666,544.447998,544.297791,544.115417,543.927673,543.735291,543.558594,543.387268,543.207764,543.022888,542.805054,542.603760,542.400574,542.186401,541.956787,541.718933,541.496521,541.240784,540.972229,540.770203,540.468323,540.233704,539.953369,539.697266,539.444824,539.178345,538.931580,538.685547,538.420532,PAR,6987.300293,6987.300293,6987.300293,6987.300293,6987.300293,6987.300293,6987.300293,6987.300293,6987.300293,6987.300293,6987.300293,6987.300293,6987.300293,6987.300293,6987.300293,6987.300293,6987.300293,6987.300293,6987.300293,6987.300293,6987.300293,6987.300293,6987.300293,6987.300293,6987.300293,6987.300293,6987.300293,6987.300293,6987.300293,6987.300293,6929.077148,6870.854004,6812.630859,6754.407715,6696.184570,6637.961914,6579.738770,6521.515625,6463.292480,6405.069336,6346.846680,6288.623535,6230.400391,6172.177246,6113.954102,6055.730957,5997.508301,5939.285156,5881.062012,5822.838867,5764.615723,5706.393066,5648.169922,5589.946777,5531.723633,5473.500488,5415.277344,5357.054688,5298.831543,5240.608398,6987.300293,6987.300293,6987.300293,6987.300293,6987.300293,6987.300293,6987.300293,6987.300293,6987.300293,6987.300293,6987.300293,6987.300293,6987.300293,6987.300293,6987.300293,6987.300293,6987.300293,6987.300293,6987.300293,6987.300293,6987.300293,6987.300293,6987.300293,6987.300293,6987.300293,6987.300293,6987.300293,6987.300293,6987.300293,6987.300293,PHASE,1,1,1,1,1,1,1,1,1,1,1,1,1,1,1,1,1,1,1,1,1,1,1,1,1,1,1,1,1,1,2,2,2,2,2,2,2,2,2,2,2,2,2,2,2,2,2,2,2,2,2,2,2,2,2,2,2,2,2,2,3,3,3,3,3,3,3,3,3,3,3,3,3,3,3,3,3,3,3,3,3,3,3,3,3,3,3,3,3,3,FLASH_END
4,05:43:55,2026-06-30,Auto gsw+F,LI-COR Default,,004,,,-0.043986,2.920878,-0.044658,-0.207848,2.810547,2.815559,3.207446,0.396899,31.891068,31.834297,36.329868,0.441786,7.500000,PSF-00548_20260630054355_547,0.000000,0.000000,0.000000,221.328018,550.495117,0.597947,0.5,0.80,0.149708,1.000000,89.63,89.79,24.77,25.15,25.15,88.29,156.6,155.3,0.8,1,4.095,05:42:11,2026-06-30,-0.45,1,-0.002,-0.005,-0.008,1.820,4.211,10.802,1,150,0.005,2.000000,0.058905,0.000000,0.029230,0.000000,0.000000,-0.000068,standard,0,mpf,7000,500,5.000000,2.000000,300,300,300,550.495117,25,0.796330,546.154602,551.634827,-5.480225,2.521426,2.505081,1.659065,0.928607,0.275274,0.004727,0.052021,0.107765,221.328018,0.000225,2.389264,-0.000064,1.000000,2.373994,-0.000050,1.000000,0.600671,0.600225,0.107215,0.000000,PSF-00548_20260630054355_547,PFA-00618,PSA-00618,PSF-00548,RHS-0688,3.0.0,2022-04-21T19:36:20.491Z,MEASUREMENT_END
PSF-00548_20260630054355_547,05:43:55,2026-06-30,PFA-00618,PSA-00618,PSF-00548,0.000000,0.000000,0.000000,550.495117,221.328018,0.597947,7.304282,TIME,0.000000,0.010000,0.020000,0.030000,0.040000,0.050000,0.060000,0.070000,0.080000,0.090000,0.100000,0.110000,0.120000,0.130000,0.140000,0.150000,0.160000,0.170000,0.180000,0.190000,0.200000,0.210000,0.220000,0.230000,0.240000,0.250000,0.260000,0.270000,0.280000,0.290000,0.300000,0.310000,0.320000,0.330000,0.340000,0.350000,0.360000,0.370000,0.380000,0.390000,0.400000,0.410000,0.420000,0.430000,0.440000,0.450000,0.460000,0.470000,0.480000,0.490000,0.500000,0.510000,0.520000,0.530000,0.540000,0.550000,0.560000,0.570000,0.580000,0.590000,0.600000,0.610000,0.620000,0.630000,0.640000,0.650000,0.660000,0.670000,0.680000,0.690000,0.700000,0.710000,0.720000,0.730000,0.740000,0.750000,0.760000,0.770000,0.780000,0.790000,0.800000,0.810000,0.820000,0.830000,0.839999,0.849999,0.859999,0.869999,0.879999,0.889999,FLR,397.966858,497.393494,525.720459,538.135498,543.994568,546.923889,548.482788,549.361084,549.902588,550.191162,550.380737,550.421814,550.469421,550.495117,550.447205,550.418274,550.366394,550.326721,550.254089,550.214050,550.195435,550.054199,549.971558,549.909363,549.806702,549.707275,549.621826,549.522400,549.417603,549.302429,549.224487,549.271362,549.165466,549.306396,549.180481,549.340393,549.224854,549.317139,549.222717,549.292419,549.422241,549.268494,549.349670,549.250244,549.282776,549.395447,549.294250,549.355408,549.465210,549.357178,549.478760,549.464844,549.394714,549.481262,549.528503,549.571045,549.454102,549.533508,549.608215,549.600708,546.154602,546.028015,545.874939,545.728699,545.560608,545.396118,545.213684,545.049561,544.892883,544.708374,544.578918,544.370789,544.216614,544.027832,543.871155,543.695557,543.534607,543.341187,543.174500,542.999268,542.861572,542.637329,542.478943,542.339417,542.160645,541.983948,541.795837,541.622742,541.470398,541.282654,PAR,6987.300293,6987.300293,6987.300293,6987.300293,6987.300293,6987.300293,6987.300293,6987.300293,6987.300293,6987.300293,6987.300293,6987.300293,6987.300293,6987.300293,6987.300293,6987.300293,6987.300293,6987.300293,6987.300293,6987.300293,6987.300293,6987.300293,6987.300293,6987.300293,6987.300293,6987.300293,6987.300293,6987.300293,6987.300293,6987.300293,6929.077148,6870.854004,6812.630859,6754.407715,6696.184570,6637.961914,6579.738770,6521.515625,6463.292480,6405.069336,6346.846680,6288.623535,6230.400391,6172.177246,6113.954102,6055.730957,5997.508301,5939.285156,5881.062012,5822.838867,5764.615723,5706.393066,5648.169922,5589.946777,5531.723633,5473.500488,5415.277344,5357.054688,5298.831543,5240.608398,6987.300293,6987.300293,6987.300293,6987.300293,6987.300293,6987.300293,6987.300293,6987.300293,6987.300293,6987.300293,6987.300293,6987.300293,6987.300293,6987.300293,6987.300293,6987.300293,6987.300293,6987.300293,6987.300293,6987.300293,6987.300293,6987.300293,6987.300293,6987.300293,6987.300293,6987.300293,6987.300293,6987.300293,6987.300293,6987.300293,PHASE,1,1,1,1,1,1,1,1,1,1,1,1,1,1,1,1,1,1,1,1,1,1,1,1,1,1,1,1,1,1,2,2,2,2,2,2,2,2,2,2,2,2,2,2,2,2,2,2,2,2,2,2,2,2,2,2,2,2,2,2,3,3,3,3,3,3,3,3,3,3,3,3,3,3,3,3,3,3,3,3,3,3,3,3,3,3,3,3,3,3,FLASH_END
5,05:44:21,2026-06-30,Auto gsw+F,LI-COR Default,,005,,,-0.068935,2.920570,-0.070602,-0.319440,2.834163,2.841866,3.219932,0.385769,32.188313,32.101067,36.470470,0.441786,7.500000,PSF-00548_20260630054421_590,0.000000,0.000000,0.000000,284.030914,589.003113,0.517777,0.5,0.80,0.175346,1.000000,89.75,90.00,24.88,25.21,25.21,88.29,156.6,155.3,0.8,1,4.094,05:42:11,2026-06-30,-0.45,1,-0.002,-0.005,-0.008,1.470,1.380,6.472,1,150,0.005,2.000000,0.058905,0.000000,0.029230,0.000000,0.000000,-0.000068,standard,0,mpf,7000,500,5.000000,2.000000,300,300,300,589.003113,25,0.152721,583.934448,589.221680,-5.287231,2.521670,2.505220,1.658746,0.928422,0.273996,0.004153,0.055174,0.107959,284.030914,0.000226,2.389264,-0.000064,1.000000,2.373994,-0.000050,1.000000,0.600671,0.600225,0.107215,0.000000,PSF-00548_20260630054421_590,PFA-00618,PSA-00618,PSF-00548,RHS-0688,3.0.0,2022-04-21T19:36:20.491Z,MEASUREMENT_END
PSF-00548_20260630054421_590,05:44:21,2026-06-30,PFA-00618,PSA-00618,PSF-00548,0.000000,0.000000,0.000000,589.003113,284.030914,0.517777,7.524987,TIME,0.000000,0.010000,0.020000,0.030000,0.040000,0.050000,0.060000,0.070000,0.080000,0.090000,0.100000,0.110000,0.120000,0.130000,0.140000,0.150000,0.160000,0.170000,0.180000,0.190000,0.200000,0.210000,0.220000,0.230000,0.240000,0.250000,0.260000,0.270000,0.280000,0.290000,0.300000,0.310000,0.320000,0.330000,0.340000,0.350000,0.360000,0.370000,0.380000,0.390000,0.400000,0.410000,0.420000,0.430000,0.440000,0.450000,0.460000,0.470000,0.480000,0.490000,0.500000,0.510000,0.520000,0.530000,0.540000,0.550000,0.560000,0.570000,0.580000,0.590000,0.600000,0.610000,0.620000,0.630000,0.640000,0.650000,0.660000,0.670000,0.680000,0.690000,0.700000,0.710000,0.720000,0.730000,0.740000,0.750000,0.760000,0.770000,0.780000,0.790000,0.800000,0.810000,0.820000,0.830000,0.839999,0.849999,0.859999,0.869999,0.879999,0.889999,FLR,448.217499,528.843262,553.076172,566.300842,574.186218,579.041748,582.164551,584.290649,585.750488,586.744690,587.529297,588.019958,588.361877,588.647949,588.801758,588.885803,588.936584,588.991638,589.003113,588.944763,588.955505,588.866821,588.801392,588.747742,588.636169,588.538513,588.436218,588.353271,588.234558,588.103271,588.033936,588.130859,588.004578,588.181946,588.018555,588.155884,588.013550,588.112244,588.006348,588.092896,588.228821,588.063599,588.150513,588.024963,588.118286,588.162292,588.037842,588.128662,588.224182,588.065002,588.184448,588.211304,588.006042,588.101501,588.146912,588.188782,588.049316,588.101868,588.164795,588.161926,583.934448,583.781372,583.659424,583.539246,583.382263,583.229919,583.055725,582.885498,582.735657,582.558289,582.425964,582.191345,582.011108,581.820862,581.607361,581.402771,581.213928,581.033020,580.827698,580.594910,580.407471,580.167175,579.978699,579.781982,579.557434,579.342468,579.085022,578.802490,578.525330,578.230591,PAR,6987.300293,6987.300293,6987.300293,6987.300293,6987.300293,6987.300293,6987.300293,6987.300293,6987.300293,6987.300293,6987.300293,6987.300293,6987.300293,6987.300293,6987.300293,6987.300293,6987.300293,6987.300293,6987.300293,6987.300293,6987.300293,6987.300293,6987.300293,6987.300293,6987.300293,6987.300293,6987.300293,6987.300293,6987.300293,6987.300293,6929.077148,6870.854004,6812.630859,6754.407715,6696.184570,6637.961914,6579.738770,6521.515625,6463.292480,6405.069336,6346.846680,6288.623535,6230.400391,6172.177246,6113.954102,6055.730957,5997.508301,5939.285156,5881.062012,5822.838867,5764.615723,5706.393066,5648.169922,5589.946777,5531.723633,5473.500488,5415.277344,5357.054688,5298.831543,5240.608398,6987.300293,6987.300293,6987.300293,6987.300293,6987.300293,6987.300293,6987.300293,6987.300293,6987.300293,6987.300293,6987.300293,6987.300293,6987.300293,6987.300293,6987.300293,6987.300293,6987.300293,6987.300293,6987.300293,6987.300293,6987.300293,6987.300293,6987.300293,6987.300293,6987.300293,6987.300293,6987.300293,6987.300293,6987.300293,6987.300293,PHASE,1,1,1,1,1,1,1,1,1,1,1,1,1,1,1,1,1,1,1,1,1,1,1,1,1,1,1,1,1,1,2,2,2,2,2,2,2,2,2,2,2,2,2,2,2,2,2,2,2,2,2,2,2,2,2,2,2,2,2,2,3,3,3,3,3,3,3,3,3,3,3,3,3,3,3,3,3,3,3,3,3,3,3,3,3,3,3,3,3,3,FLASH_END
6,05:44:58,2026-06-30,Auto gsw+F,LI-COR Default,,006,,,-0.014469,2.917886,-0.014541,-0.067036,2.872960,2.874579,3.265827,0.392867,32.560223,32.541882,36.991871,0.441786,7.500000,PSF-00548_20260630054458_310,0.000000,0.000000,0.000000,125.564575,541.190735,0.767985,0.5,0.80,0.248696,1.000000,90.06,90.11,25.06,25.45,25.45,88.29,156.2,155.3,0.6,1,4.090,05:42:11,2026-06-30,-0.45,1,0.003,0.000,-0.015,1.362,2.585,5.160,1,150,0.005,2.000000,0.058905,0.000000,0.029230,0.000000,0.000000,-0.000068,standard,0,mpf,7000,500,5.000000,2.000000,300,300,300,541.190735,25,2.138091,539.414734,544.250671,-4.835938,2.521764,2.505580,1.655983,0.928557,0.272126,0.004892,0.059653,0.107926,125.564575,0.000224,2.389264,-0.000064,1.000000,2.373994,-0.000050,1.000000,0.600671,0.600225,0.107215,0.000000,PSF-00548_20260630054458_310,PFA-00618,PSA-00618,PSF-00548,RHS-0688,3.0.0,2022-04-21T19:36:20.491Z,MEASUREMENT_END
PSF-00548_20260630054458_310,05:44:58,2026-06-30,PFA-00618,PSA-00618,PSF-00548,0.000000,0.000000,0.000000,541.190735,125.564575,0.767985,7.487931,TIME,0.000000,0.010000,0.020000,0.030000,0.040000,0.050000,0.060000,0.070000,0.080000,0.090000,0.100000,0.110000,0.120000,0.130000,0.140000,0.150000,0.160000,0.170000,0.180000,0.190000,0.200000,0.210000,0.220000,0.230000,0.240000,0.250000,0.260000,0.270000,0.280000,0.290000,0.300000,0.310000,0.320000,0.330000,0.340000,0.350000,0.360000,0.370000,0.380000,0.390000,0.400000,0.410000,0.420000,0.430000,0.440000,0.450000,0.460000,0.470000,0.480000,0.490000,0.500000,0.510000,0.520000,0.530000,0.540000,0.550000,0.560000,0.570000,0.580000,0.590000,0.600000,0.610000,0.620000,0.630000,0.640000,0.650000,0.660000,0.670000,0.680000,0.690000,0.700000,0.710000,0.720000,0.730000,0.740000,0.750000,0.760000,0.770000,0.780000,0.790000,0.800000,0.810000,0.820000,0.830000,0.839999,0.849999,0.859999,0.869999,0.879999,0.889999,FLR,308.948639,449.837921,499.301788,520.923950,530.064209,534.293518,536.520508,537.801880,538.655151,539.273132,539.752014,540.019165,540.294556,540.517700,540.701843,540.853882,540.962952,541.028015,541.080566,541.114197,541.190735,541.152832,541.168213,541.172119,541.117065,541.114563,541.116028,541.089905,541.084900,541.050903,541.039490,541.142090,541.069519,541.228271,541.138550,541.263367,541.171082,541.252625,541.220764,541.306274,541.427856,541.321289,541.385315,541.333069,541.403870,541.487244,541.448242,541.522949,541.627075,541.570190,541.691772,541.757935,541.706421,541.792603,541.825562,541.906372,541.875610,541.958923,542.037598,542.094849,539.366821,539.414734,539.402954,539.331055,539.244202,539.156555,539.060364,538.985596,538.921265,538.842529,538.808594,538.695557,538.616516,538.568970,538.457031,538.364380,538.288940,538.192383,538.120178,538.041443,538.003235,537.919861,537.847656,537.809021,537.715698,537.649170,537.560791,537.483215,537.385925,537.284363,PAR,6987.300293,6987.300293,6987.300293,6987.300293,6987.300293,6987.300293,6987.300293,6987.300293,6987.300293,6987.300293,6987.300293,6987.300293,6987.300293,6987.300293,6987.300293,6987.300293,6987.300293,6987.300293,6987.300293,6987.300293,6987.300293,6987.300293,6987.300293,6987.300293,6987.300293,6987.300293,6987.300293,6987.300293,6987.300293,6987.300293,6929.077148,6870.854004,6812.630859,6754.407715,6696.184570,6637.961914,6579.738770,6521.515625,6463.292480,6405.069336,6346.846680,6288.623535,6230.400391,6172.177246,6113.954102,6055.730957,5997.508301,5939.285156,5881.062012,5822.838867,5764.615723,5706.393066,5648.169922,5589.946777,5531.723633,5473.500488,5415.277344,5357.054688,5298.831543,5240.608398,6987.300293,6987.300293,6987.300293,6987.300293,6987.300293,6987.300293,6987.300293,6987.300293,6987.300293,6987.300293,6987.300293,6987.300293,6987.300293,6987.300293,6987.300293,6987.300293,6987.300293,6987.300293,6987.300293,6987.300293,6987.300293,6987.300293,6987.300293,6987.300293,6987.300293,6987.300293,6987.300293,6987.300293,6987.300293,6987.300293,PHASE,1,1,1,1,1,1,1,1,1,1,1,1,1,1,1,1,1,1,1,1,1,1,1,1,1,1,1,1,1,1,2,2,2,2,2,2,2,2,2,2,2,2,2,2,2,2,2,2,2,2,2,2,2,2,2,2,2,2,2,2,3,3,3,3,3,3,3,3,3,3,3,3,3,3,3,3,3,3,3,3,3,3,3,3,3,3,3,3,3,3,FLASH_END
7,05:46:24,2026-06-30,Auto gsw+F,LI-COR Default,,007,,,-0.161321,2.919887,-0.170755,-0.658404,2.996530,3.012378,3.324626,0.328096,34.134113,33.954536,37.672283,0.441786,7.500000,PSF-00548_20260630054624_eaa,0.000000,0.000000,0.000000,141.746170,558.738342,0.746310,0.5,0.80,0.258574,1.000000,91.33,91.81,25.53,25.75,25.75,88.25,156.5,155.2,0.8,1,4.088,05:42:11,2026-06-30,-0.45,1,-0.003,-0.001,-0.012,0.741,1.495,3.368,1,150,0.005,2.000000,0.058905,0.000000,0.029230,0.000000,0.000000,-0.000068,standard,0,mpf,7000,500,5.000000,2.000000,300,300,300,555.820557,25,-2.428988,551.210388,555.262024,-4.051636,2.523897,2.507164,1.658041,0.928337,0.267053,0.002971,0.070333,0.107976,141.746170,0.000226,2.389264,-0.000064,1.000000,2.373994,-0.000050,1.000000,0.600671,0.600225,0.107215,0.000000,PSF-00548_20260630054624_eaa,PFA-00618,PSA-00618,PSF-00548,RHS-0688,3.0.0,2022-04-21T19:36:20.491Z,MEASUREMENT_END
PSF-00548_20260630054624_eaa,05:46:24,2026-06-30,PFA-00618,PSA-00618,PSF-00548,0.000000,0.000000,0.000000,558.738342,141.746170,0.746310,7.544532,TIME,0.000000,0.010000,0.020000,0.030000,0.040000,0.050000,0.060000,0.070000,0.080000,0.090000,0.100000,0.110000,0.120000,0.130000,0.140000,0.150000,0.160000,0.170000,0.180000,0.190000,0.200000,0.210000,0.220000,0.230000,0.240000,0.250000,0.260000,0.270000,0.280000,0.290000,0.300000,0.310000,0.320000,0.330000,0.340000,0.350000,0.360000,0.370000,0.380000,0.390000,0.400000,0.410000,0.420000,0.430000,0.440000,0.450000,0.460000,0.470000,0.480000,0.490000,0.500000,0.510000,0.520000,0.530000,0.540000,0.550000,0.560000,0.570000,0.580000,0.590000,0.600000,0.610000,0.620000,0.630000,0.640000,0.650000,0.660000,0.670000,0.680000,0.690000,0.700000,0.710000,0.720000,0.730000,0.740000,0.750000,0.760000,0.770000,0.780000,0.790000,0.800000,0.810000,0.820000,0.830000,0.839999,0.849999,0.859999,0.869999,0.879999,0.889999,FLR,332.312836,472.583405,516.683960,535.671448,544.496277,549.071777,551.653503,553.204529,554.176941,554.753784,555.176147,555.398926,555.557373,555.699707,555.740479,555.781982,555.820557,555.816284,555.795166,555.760498,555.779785,555.694336,555.624268,555.598511,555.517700,555.432922,555.331726,555.255188,555.195801,555.094971,555.055969,555.109985,555.024475,555.163269,555.037354,555.133911,555.042053,555.084961,554.983032,555.000916,555.062073,554.896118,554.914368,554.797058,554.774902,554.850342,554.715515,554.745911,554.752319,554.558533,554.581055,554.489868,554.302124,554.342529,554.312805,554.307129,554.150085,554.113281,554.142212,554.116821,551.210388,551.126343,551.005493,550.847412,550.691833,550.515198,550.371033,550.201538,550.039185,549.884705,549.788452,549.625366,549.483032,549.373962,549.229858,549.092163,548.965210,548.756348,548.612976,548.443054,548.340454,548.180237,548.054321,547.934509,547.801147,547.671326,547.490723,547.373779,547.250061,547.099854,PAR,6987.300293,6987.300293,6987.300293,6987.300293,6987.300293,6987.300293,6987.300293,6987.300293,6987.300293,6987.300293,6987.300293,6987.300293,6987.300293,6987.300293,6987.300293,6987.300293,6987.300293,6987.300293,6987.300293,6987.300293,6987.300293,6987.300293,6987.300293,6987.300293,6987.300293,6987.300293,6987.300293,6987.300293,6987.300293,6987.300293,6929.077148,6870.854004,6812.630859,6754.407715,6696.184570,6637.961914,6579.738770,6521.515625,6463.292480,6405.069336,6346.846680,6288.623535,6230.400391,6172.177246,6113.954102,6055.730957,5997.508301,5939.285156,5881.062012,5822.838867,5764.615723,5706.393066,5648.169922,5589.946777,5531.723633,5473.500488,5415.277344,5357.054688,5298.831543,5240.608398,6987.300293,6987.300293,6987.300293,6987.300293,6987.300293,6987.300293,6987.300293,6987.300293,6987.300293,6987.300293,6987.300293,6987.300293,6987.300293,6987.300293,6987.300293,6987.300293,6987.300293,6987.300293,6987.300293,6987.300293,6987.300293,6987.300293,6987.300293,6987.300293,6987.300293,6987.300293,6987.300293,6987.300293,6987.300293,6987.300293,PHASE,1,1,1,1,1,1,1,1,1,1,1,1,1,1,1,1,1,1,1,1,1,1,1,1,1,1,1,1,1,1,2,2,2,2,2,2,2,2,2,2,2,2,2,2,2,2,2,2,2,2,2,2,2,2,2,2,2,2,2,2,3,3,3,3,3,3,3,3,3,3,3,3,3,3,3,3,3,3,3,3,3,3,3,3,3,3,3,3,3,3,FLASH_END
8,05:46:43,2026-06-30,Auto gsw+F,LI-COR Default,,008,,,-0.165908,2.919709,-0.175903,-0.669108,3.034117,3.050217,3.357651,0.323534,34.563168,34.380726,38.046818,0.441786,7.500000,PSF-00548_20260630054643_2b5,0.000000,0.000000,0.000000,174.525620,557.969910,0.687213,0.5,0.80,0.232278,1.000000,91.79,92.28,25.65,25.92,25.92,88.25,156.5,155.2,0.8,1,4.088,05:42:11,2026-06-30,-0.45,1,-0.006,0.002,-0.008,1.898,4.142,9.249,1,150,0.005,2.000000,0.058905,0.000000,0.029230,0.000000,0.000000,-0.000068,standard,0,mpf,7000,500,5.000000,2.000000,300,300,300,557.969910,25,2.959874,555.915710,562.205994,-6.290283,2.524480,2.507750,1.657857,0.928345,0.265722,0.003433,0.072496,0.107957,174.525620,0.000225,2.389264,-0.000064,1.000000,2.373994,-0.000050,1.000000,0.600671,0.600225,0.107215,0.000000,PSF-00548_20260630054643_2b5,PFA-00618,PSA-00618,PSF-00548,RHS-0688,3.0.0,2022-04-21T19:36:20.491Z,MEASUREMENT_END
PSF-00548_20260630054643_2b5,05:46:43,2026-06-30,PFA-00618,PSA-00618,PSF-00548,0.000000,0.000000,0.000000,557.969910,174.525620,0.687213,7.523358,TIME,0.000000,0.010000,0.020000,0.030000,0.040000,0.050000,0.060000,0.070000,0.080000,0.090000,0.100000,0.110000,0.120000,0.130000,0.140000,0.150000,0.160000,0.170000,0.180000,0.190000,0.200000,0.210000,0.220000,0.230000,0.240000,0.250000,0.260000,0.270000,0.280000,0.290000,0.300000,0.310000,0.320000,0.330000,0.340000,0.350000,0.360000,0.370000,0.380000,0.390000,0.400000,0.410000,0.420000,0.430000,0.440000,0.450000,0.460000,0.470000,0.480000,0.490000,0.500000,0.510000,0.520000,0.530000,0.540000,0.550000,0.560000,0.570000,0.580000,0.590000,0.600000,0.610000,0.620000,0.630000,0.640000,0.650000,0.660000,0.670000,0.680000,0.690000,0.700000,0.710000,0.720000,0.730000,0.740000,0.750000,0.760000,0.770000,0.780000,0.790000,0.800000,0.810000,0.820000,0.830000,0.839999,0.849999,0.859999,0.869999,0.879999,0.889999,FLR,355.620148,476.782318,517.452820,536.208984,545.388550,550.164368,552.867676,554.526001,555.618164,556.300537,556.823730,557.108398,557.351257,557.544373,557.679871,557.792175,557.837219,557.879456,557.939148,557.934509,557.969910,557.919128,557.891235,557.889465,557.816528,557.773560,557.721741,557.668823,557.642334,557.577637,557.543640,557.643066,557.593323,557.767883,557.683105,557.815796,557.733154,557.824402,557.783936,557.873352,558.025696,557.945984,558.068970,558.030701,558.100098,558.252075,558.179138,558.273193,558.360107,558.293945,558.422302,558.497803,558.408386,558.548218,558.630798,558.733459,558.720215,558.797852,558.944092,558.987732,555.915710,555.897095,555.806274,555.711853,555.622437,555.504089,555.387878,555.286316,555.218323,555.090332,555.006958,554.869324,554.766296,554.682251,554.571045,554.440491,554.313538,554.196960,554.102539,553.957336,553.892639,553.716675,553.609009,553.484192,553.348999,553.217407,553.102600,552.987122,552.863342,552.728516,PAR,6987.300293,6987.300293,6987.300293,6987.300293,6987.300293,6987.300293,6987.300293,6987.300293,6987.300293,6987.300293,6987.300293,6987.300293,6987.300293,6987.300293,6987.300293,6987.300293,6987.300293,6987.300293,6987.300293,6987.300293,6987.300293,6987.300293,6987.300293,6987.300293,6987.300293,6987.300293,6987.300293,6987.300293,6987.300293,6987.300293,6929.077148,6870.854004,6812.630859,6754.407715,6696.184570,6637.961914,6579.738770,6521.515625,6463.292480,6405.069336,6346.846680,6288.623535,6230.400391,6172.177246,6113.954102,6055.730957,5997.508301,5939.285156,5881.062012,5822.838867,5764.615723,5706.393066,5648.169922,5589.946777,5531.723633,5473.500488,5415.277344,5357.054688,5298.831543,5240.608398,6987.300293,6987.300293,6987.300293,6987.300293,6987.300293,6987.300293,6987.300293,6987.300293,6987.300293,6987.300293,6987.300293,6987.300293,6987.300293,6987.300293,6987.300293,6987.300293,6987.300293,6987.300293,6987.300293,6987.300293,6987.300293,6987.300293,6987.300293,6987.300293,6987.300293,6987.300293,6987.300293,6987.300293,6987.300293,6987.300293,PHASE,1,1,1,1,1,1,1,1,1,1,1,1,1,1,1,1,1,1,1,1,1,1,1,1,1,1,1,1,1,1,2,2,2,2,2,2,2,2,2,2,2,2,2,2,2,2,2,2,2,2,2,2,2,2,2,2,2,2,2,2,3,3,3,3,3,3,3,3,3,3,3,3,3,3,3,3,3,3,3,3,3,3,3,3,3,3,3,3,3,3,FLASH_END
9,05:47:05,2026-06-30,Auto gsw+F,LI-COR Default,,009,,,-0.085815,2.919567,-0.088414,-0.344001,3.051965,3.060242,3.382817,0.330852,34.676277,34.582489,38.331448,0.441786,7.500000,PSF-00548_20260630054705_096,0.000000,0.000000,0.000000,167.538284,496.816986,0.662777,0.5,0.80,0.211603,1.000000,91.72,91.97,25.76,26.04,26.04,88.25,156.4,155.1,0.8,1,4.086,05:42:11,2026-06-30,-0.45,1,-0.004,-0.003,-0.011,2.064,4.548,10.687,1,150,0.005,2.000000,0.058905,0.000000,0.029230,0.000000,0.000000,-0.000068,standard,0,mpf,7000,500,5.000000,2.000000,300,300,300,496.816986,25,2.948965,495.202301,501.037445,-5.835144,2.524039,2.507635,1.657711,0.928079,0.264548,0.003600,0.075089,0.107916,167.538284,0.000224,2.389264,-0.000064,1.000000,2.373994,-0.000050,1.000000,0.600671,0.600225,0.107215,0.000000,PSF-00548_20260630054705_096,PFA-00618,PSA-00618,PSF-00548,RHS-0688,3.0.0,2022-04-21T19:36:20.491Z,MEASUREMENT_END
PSF-00548_20260630054705_096,05:47:05,2026-06-30,PFA-00618,PSA-00618,PSF-00548,0.000000,0.000000,0.000000,496.816986,167.538284,0.662777,7.476530,TIME,0.000000,0.010000,0.020000,0.030000,0.040000,0.050000,0.060000,0.070000,0.080000,0.090000,0.100000,0.110000,0.120000,0.130000,0.140000,0.150000,0.160000,0.170000,0.180000,0.190000,0.200000,0.210000,0.220000,0.230000,0.240000,0.250000,0.260000,0.270000,0.280000,0.290000,0.300000,0.310000,0.320000,0.330000,0.340000,0.350000,0.360000,0.370000,0.380000,0.390000,0.400000,0.410000,0.420000,0.430000,0.440000,0.450000,0.460000,0.470000,0.480000,0.490000,0.500000,0.510000,0.520000,0.530000,0.540000,0.550000,0.560000,0.570000,0.580000,0.590000,0.600000,0.610000,0.620000,0.630000,0.640000,0.650000,0.660000,0.670000,0.680000,0.690000,0.700000,0.710000,0.720000,0.730000,0.740000,0.750000,0.760000,0.770000,0.780000,0.790000,0.800000,0.810000,0.820000,0.830000,0.839999,0.849999,0.859999,0.869999,0.879999,0.889999,FLR,324.546936,427.622437,462.164642,479.135498,487.288727,491.219757,493.269684,494.438416,495.166168,495.631104,495.963348,496.182190,496.328125,496.474396,496.563782,496.639954,496.697906,496.749054,496.767639,496.763702,496.816986,496.765503,496.763702,496.745453,496.732605,496.703278,496.661438,496.639252,496.626007,496.577026,496.577393,496.687164,496.649261,496.807709,496.769775,496.925720,496.857056,496.960052,496.948944,497.068054,497.222534,497.149597,497.267242,497.270813,497.316956,497.463928,497.380249,497.469299,497.579102,497.542267,497.649902,497.737885,497.669922,497.757568,497.806549,497.844452,497.784363,497.843750,497.898468,497.917419,495.202301,495.126831,494.987000,494.862213,494.695557,494.542114,494.369751,494.220978,494.062897,493.872986,493.731384,493.500702,493.303284,493.112335,492.916351,492.735382,492.522949,492.289062,492.109894,491.898193,491.710052,491.482971,491.286987,491.072784,490.834229,490.588531,490.356812,490.134003,489.916199,489.699829,PAR,6987.300293,6987.300293,6987.300293,6987.300293,6987.300293,6987.300293,6987.300293,6987.300293,6987.300293,6987.300293,6987.300293,6987.300293,6987.300293,6987.300293,6987.300293,6987.300293,6987.300293,6987.300293,6987.300293,6987.300293,6987.300293,6987.300293,6987.300293,6987.300293,6987.300293,6987.300293,6987.300293,6987.300293,6987.300293,6987.300293,6929.077148,6870.854004,6812.630859,6754.407715,6696.184570,6637.961914,6579.738770,6521.515625,6463.292480,6405.069336,6346.846680,6288.623535,6230.400391,6172.177246,6113.954102,6055.730957,5997.508301,5939.285156,5881.062012,5822.838867,5764.615723,5706.393066,5648.169922,5589.946777,5531.723633,5473.500488,5415.277344,5357.054688,5298.831543,5240.608398,6987.300293,6987.300293,6987.300293,6987.300293,6987.300293,6987.300293,6987.300293,6987.300293,6987.300293,6987.300293,6987.300293,6987.300293,6987.300293,6987.300293,6987.300293,6987.300293,6987.300293,6987.300293,6987.300293,6987.300293,6987.300293,6987.300293,6987.300293,6987.300293,6987.300293,6987.300293,6987.300293,6987.300293,6987.300293,6987.300293,PHASE,1,1,1,1,1,1,1,1,1,1,1,1,1,1,1,1,1,1,1,1,1,1,1,1,1,1,1,1,1,1,2,2,2,2,2,2,2,2,2,2,2,2,2,2,2,2,2,2,2,2,2,2,2,2,2,2,2,2,2,2,3,3,3,3,3,3,3,3,3,3,3,3,3,3,3,3,3,3,3,3,3,3,3,3,3,3,3,3,3,3,FLASH_END
10,05:47:59,2026-06-30,Auto gsw+F,LI-COR Default,,010,,,-0.056624,2.919440,-0.057744,-0.313925,2.948011,2.955572,3.410397,0.462386,33.498116,33.412415,38.653046,0.441786,7.500000,PSF-00548_20260630054759_1d7,0.000000,0.000000,0.000000,110.575317,476.015930,0.767707,0.5,0.80,0.666007,1.000000,87.38,87.60,26.00,26.18,26.18,88.23,156.4,155.2,0.8,2,4.081,05:47:22,2026-06-30,-0.72,1,0.001,-0.001,-0.011,0.577,1.108,1.950,1,150,0.005,2.000000,0.058905,0.000000,0.029230,0.000000,0.000000,-0.000068,standard,0,mpf,7000,500,5.000000,2.000000,300,300,300,476.015930,25,4.650711,476.970428,482.671875,-5.701447,2.518145,2.502145,1.657580,0.928245,0.262094,0.002510,0.081717,0.109120,110.575317,0.000224,2.389264,-0.000064,1.000000,2.373994,-0.000050,1.000000,0.600671,0.600225,0.107215,0.000000,PSF-00548_20260630054759_1d7,PFA-00618,PSA-00618,PSF-00548,RHS-0688,3.0.0,2022-04-21T19:36:20.491Z,MEASUREMENT_END
PSF-00548_20260630054759_1d7,05:47:59,2026-06-30,PFA-00618,PSA-00618,PSF-00548,0.000000,0.000000,0.000000,476.015930,110.575317,0.767707,8.847178,TIME,0.000000,0.010000,0.020000,0.030000,0.040000,0.050000,0.060000,0.070000,0.080000,0.090000,0.100000,0.110000,0.120000,0.130000,0.140000,0.150000,0.160000,0.170000,0.180000,0.190000,0.200000,0.210000,0.220000,0.230000,0.240000,0.250000,0.260000,0.270000,0.280000,0.290000,0.300000,0.310000,0.320000,0.330000,0.340000,0.350000,0.360000,0.370000,0.380000,0.390000,0.400000,0.410000,0.420000,0.430000,0.440000,0.450000,0.460000,0.470000,0.480000,0.490000,0.500000,0.510000,0.520000,0.530000,0.540000,0.550000,0.560000,0.570000,0.580000,0.590000,0.600000,0.610000,0.620000,0.630000,0.640000,0.650000,0.660000,0.670000,0.680000,0.690000,0.700000,0.710000,0.720000,0.730000,0.740000,0.750000,0.760000,0.770000,0.780000,0.790000,0.800000,0.810000,0.820000,0.830000,0.839999,0.849999,0.859999,0.869999,0.879999,0.889999,FLR,270.580170,401.798126,441.954376,459.268921,466.864594,470.486298,472.393860,473.494293,474.227081,474.672302,475.041382,475.261688,475.451599,475.563873,475.665436,475.764160,475.847137,475.894318,475.950836,475.948700,476.015930,475.970154,475.979462,475.995178,475.991241,475.968353,475.983032,475.984467,475.996613,475.987305,476.022705,476.121063,476.102478,476.237305,476.207977,476.330627,476.336365,476.433990,476.447571,476.531982,476.659302,476.649628,476.780884,476.795898,476.904999,476.983673,477.031952,477.131714,477.218262,477.254395,477.401733,477.449310,477.486847,477.633484,477.705353,477.816589,477.861298,477.973572,478.103394,478.177063,476.761566,476.920380,476.967926,476.970428,476.947540,476.922882,476.875305,476.860291,476.838104,476.806274,476.807709,476.736908,476.701843,476.652863,476.581329,476.520172,476.443298,476.376404,476.283783,476.133575,476.017700,475.873230,475.722321,475.611816,475.464813,475.309967,475.164062,475.026733,474.910858,474.724518,PAR,6987.300293,6987.300293,6987.300293,6987.300293,6987.300293,6987.300293,6987.300293,6987.300293,6987.300293,6987.300293,6987.300293,6987.300293,6987.300293,6987.300293,6987.300293,6987.300293,6987.300293,6987.300293,6987.300293,6987.300293,6987.300293,6987.300293,6987.300293,6987.300293,6987.300293,6987.300293,6987.300293,6987.300293,6987.300293,6987.300293,6929.077148,6870.854004,6812.630859,6754.407715,6696.184570,6637.961914,6579.738770,6521.515625,6463.292480,6405.069336,6346.846680,6288.623535,6230.400391,6172.177246,6113.954102,6055.730957,5997.508301,5939.285156,5881.062012,5822.838867,5764.615723,5706.393066,5648.169922,5589.946777,5531.723633,5473.500488,5415.277344,5357.054688,5298.831543,5240.608398,6987.300293,6987.300293,6987.300293,6987.300293,6987.300293,6987.300293,6987.300293,6987.300293,6987.300293,6987.300293,6987.300293,6987.300293,6987.300293,6987.300293,6987.300293,6987.300293,6987.300293,6987.300293,6987.300293,6987.300293,6987.300293,6987.300293,6987.300293,6987.300293,6987.300293,6987.300293,6987.300293,6987.300293,6987.300293,6987.300293,PHASE,1,1,1,1,1,1,1,1,1,1,1,1,1,1,1,1,1,1,1,1,1,1,1,1,1,1,1,1,1,1,2,2,2,2,2,2,2,2,2,2,2,2,2,2,2,2,2,2,2,2,2,2,2,2,2,2,2,2,2,2,3,3,3,3,3,3,3,3,3,3,3,3,3,3,3,3,3,3,3,3,3,3,3,3,3,3,3,3,3,3,FLASH_END
11,05:48:14,2026-06-30,Auto gsw+F,LI-COR Default,,011,,,-0.075106,2.919398,-0.077089,-0.426231,2.959197,2.969463,3.429392,0.470195,33.654030,33.537682,38.866573,0.441786,7.500000,PSF-00548_20260630054814_03c,0.000000,0.000000,0.000000,114.395859,484.162323,0.763724,0.5,0.80,0.770901,1.000000,87.31,87.62,26.07,26.27,26.27,88.24,156.4,155.2,0.8,3,4.084,05:47:22,2026-06-30,-0.72,1,-0.008,-0.002,0.013,0.648,1.465,2.481,1,150,0.005,2.000000,0.058905,0.000000,0.029230,0.000000,0.000000,-0.000068,standard,0,mpf,7000,500,5.000000,2.000000,300,300,300,484.162323,25,1.963553,484.234222,486.972504,-2.738281,2.518140,2.502040,1.657537,0.928200,0.261297,0.002705,0.083437,0.109431,114.395859,0.000225,2.389264,-0.000064,1.000000,2.373994,-0.000050,1.000000,0.600671,0.600225,0.107215,0.000000,PSF-00548_20260630054814_03c,PFA-00618,PSA-00618,PSF-00548,RHS-0688,3.0.0,2022-04-21T19:36:20.491Z,MEASUREMENT_END
PSF-00548_20260630054814_03c,05:48:14,2026-06-30,PFA-00618,PSA-00618,PSF-00548,0.000000,0.000000,0.000000,484.162323,114.395859,0.763724,9.201852,TIME,0.000000,0.010000,0.020000,0.030000,0.040000,0.050000,0.060000,0.070000,0.080000,0.090000,0.100000,0.110000,0.120000,0.130000,0.140000,0.150000,0.160000,0.170000,0.180000,0.190000,0.200000,0.210000,0.220000,0.230000,0.240000,0.250000,0.260000,0.270000,0.280000,0.290000,0.300000,0.310000,0.320000,0.330000,0.340000,0.350000,0.360000,0.370000,0.380000,0.390000,0.400000,0.410000,0.420000,0.430000,0.440000,0.450000,0.460000,0.470000,0.480000,0.490000,0.500000,0.510000,0.520000,0.530000,0.540000,0.550000,0.560000,0.570000,0.580000,0.590000,0.600000,0.610000,0.620000,0.630000,0.640000,0.650000,0.660000,0.670000,0.680000,0.690000,0.700000,0.710000,0.720000,0.730000,0.740000,0.750000,0.760000,0.770000,0.780000,0.790000,0.800000,0.810000,0.820000,0.830000,0.839999,0.849999,0.859999,0.869999,0.879999,0.889999,FLR,273.104309,407.622101,448.530090,465.773102,473.242523,476.848846,478.870148,480.151886,481.055267,481.733673,482.290863,482.662079,483.005035,483.329773,483.569397,483.743561,483.899109,484.010681,484.093658,484.109039,484.162323,484.153046,484.114410,484.111176,484.089020,484.074005,484.073273,484.023560,483.977783,483.905914,483.862274,483.866943,483.755341,483.805786,483.714935,483.770020,483.701721,483.747131,483.675598,483.703857,483.728180,483.664856,483.703491,483.631256,483.633392,483.733185,483.671295,483.765015,483.840454,483.824371,483.941315,483.987457,484.003540,484.129791,484.206665,484.347229,484.409454,484.603271,484.787109,484.924072,483.282196,483.479614,483.513580,483.569733,483.585846,483.595123,483.618011,483.673462,483.733185,483.801117,483.941315,483.953491,484.033234,484.069336,484.075073,484.090820,484.096527,484.109039,484.112610,484.104401,484.154449,484.118713,484.135162,484.167328,484.155548,484.177002,484.215973,484.232788,484.234222,484.232056,PAR,6987.300293,6987.300293,6987.300293,6987.300293,6987.300293,6987.300293,6987.300293,6987.300293,6987.300293,6987.300293,6987.300293,6987.300293,6987.300293,6987.300293,6987.300293,6987.300293,6987.300293,6987.300293,6987.300293,6987.300293,6987.300293,6987.300293,6987.300293,6987.300293,6987.300293,6987.300293,6987.300293,6987.300293,6987.300293,6987.300293,6929.077148,6870.854004,6812.630859,6754.407715,6696.184570,6637.961914,6579.738770,6521.515625,6463.292480,6405.069336,6346.846680,6288.623535,6230.400391,6172.177246,6113.954102,6055.730957,5997.508301,5939.285156,5881.062012,5822.838867,5764.615723,5706.393066,5648.169922,5589.946777,5531.723633,5473.500488,5415.277344,5357.054688,5298.831543,5240.608398,6987.300293,6987.300293,6987.300293,6987.300293,6987.300293,6987.300293,6987.300293,6987.300293,6987.300293,6987.300293,6987.300293,6987.300293,6987.300293,6987.300293,6987.300293,6987.300293,6987.300293,6987.300293,6987.300293,6987.300293,6987.300293,6987.300293,6987.300293,6987.300293,6987.300293,6987.300293,6987.300293,6987.300293,6987.300293,6987.300293,PHASE,1,1,1,1,1,1,1,1,1,1,1,1,1,1,1,1,1,1,1,1,1,1,1,1,1,1,1,1,1,1,2,2,2,2,2,2,2,2,2,2,2,2,2,2,2,2,2,2,2,2,2,2,2,2,2,2,2,2,2,2,3,3,3,3,3,3,3,3,3,3,3,3,3,3,3,3,3,3,3,3,3,3,3,3,3,3,3,3,3,3,FLASH_END
12,05:48:36,2026-06-30,Auto gsw+F,LI-COR Default,,012,,,-0.088829,2.919860,-0.091616,-0.546228,2.942441,2.955595,3.449450,0.507009,33.497238,33.348160,39.094341,0.441786,7.500000,PSF-00548_20260630054836_e6c,0.000000,0.000000,0.000000,121.003029,524.416931,0.769262,0.5,0.80,0.619492,1.000000,86.27,86.66,26.18,26.37,26.37,88.23,156.5,155.2,0.8,2,4.083,05:47:22,2026-06-30,-0.72,1,0.005,0.002,-0.011,1.581,3.060,5.678,1,150,0.005,2.000000,0.058905,0.000000,0.029230,0.000000,0.000000,-0.000068,standard,0,mpf,7000,500,5.000000,2.000000,300,300,300,524.416931,25,4.461628,523.962402,530.802246,-6.839844,2.516831,2.500631,1.658014,0.928296,0.260186,0.002611,0.086015,0.108983,121.003029,0.000225,2.389264,-0.000064,1.000000,2.373994,-0.000050,1.000000,0.600671,0.600225,0.107215,0.000000,PSF-00548_20260630054836_e6c,PFA-00618,PSA-00618,PSF-00548,RHS-0688,3.0.0,2022-04-21T19:36:20.491Z,MEASUREMENT_END
PSF-00548_20260630054836_e6c,05:48:36,2026-06-30,PFA-00618,PSA-00618,PSF-00548,0.000000,0.000000,0.000000,524.416931,121.003029,0.769262,8.691626,TIME,0.000000,0.010000,0.020000,0.030000,0.040000,0.050000,0.060000,0.070000,0.080000,0.090000,0.100000,0.110000,0.120000,0.130000,0.140000,0.150000,0.160000,0.170000,0.180000,0.190000,0.200000,0.210000,0.220000,0.230000,0.240000,0.250000,0.260000,0.270000,0.280000,0.290000,0.300000,0.310000,0.320000,0.330000,0.340000,0.350000,0.360000,0.370000,0.380000,0.390000,0.400000,0.410000,0.420000,0.430000,0.440000,0.450000,0.460000,0.470000,0.480000,0.490000,0.500000,0.510000,0.520000,0.530000,0.540000,0.550000,0.560000,0.570000,0.580000,0.590000,0.600000,0.610000,0.620000,0.630000,0.640000,0.650000,0.660000,0.670000,0.680000,0.690000,0.700000,0.710000,0.720000,0.730000,0.740000,0.750000,0.760000,0.770000,0.780000,0.790000,0.800000,0.810000,0.820000,0.830000,0.839999,0.849999,0.859999,0.869999,0.879999,0.889999,FLR,296.670898,440.645447,486.074921,505.470154,513.714172,517.664917,519.822449,521.120300,521.988281,522.588013,523.065430,523.372681,523.638367,523.863342,524.009216,524.145142,524.242065,524.311035,524.360413,524.351501,524.416931,524.397949,524.370056,524.382263,524.338989,524.322144,524.284607,524.244934,524.241699,524.184448,524.198059,524.293213,524.229553,524.365784,524.300354,524.439453,524.414062,524.543518,524.515991,524.625793,524.781372,524.713745,524.839294,524.821777,524.942993,525.059570,525.046021,525.166504,525.271301,525.253418,525.432251,525.527344,525.503052,525.661133,525.773071,525.870667,525.890381,526.023010,526.186829,526.281982,523.833618,523.944153,523.945557,523.962402,523.933044,523.910522,523.882629,523.848999,523.851868,523.827881,523.837585,523.784973,523.769287,523.757446,523.736328,523.716309,523.707764,523.692383,523.690552,523.665161,523.669495,523.612244,523.596191,523.598328,523.579712,523.527527,523.509644,523.489624,523.494263,523.455261,PAR,6987.300293,6987.300293,6987.300293,6987.300293,6987.300293,6987.300293,6987.300293,6987.300293,6987.300293,6987.300293,6987.300293,6987.300293,6987.300293,6987.300293,6987.300293,6987.300293,6987.300293,6987.300293,6987.300293,6987.300293,6987.300293,6987.300293,6987.300293,6987.300293,6987.300293,6987.300293,6987.300293,6987.300293,6987.300293,6987.300293,6929.077148,6870.854004,6812.630859,6754.407715,6696.184570,6637.961914,6579.738770,6521.515625,6463.292480,6405.069336,6346.846680,6288.623535,6230.400391,6172.177246,6113.954102,6055.730957,5997.508301,5939.285156,5881.062012,5822.838867,5764.615723,5706.393066,5648.169922,5589.946777,5531.723633,5473.500488,5415.277344,5357.054688,5298.831543,5240.608398,6987.300293,6987.300293,6987.300293,6987.300293,6987.300293,6987.300293,6987.300293,6987.300293,6987.300293,6987.300293,6987.300293,6987.300293,6987.300293,6987.300293,6987.300293,6987.300293,6987.300293,6987.300293,6987.300293,6987.300293,6987.300293,6987.300293,6987.300293,6987.300293,6987.300293,6987.300293,6987.300293,6987.300293,6987.300293,6987.300293,PHASE,1,1,1,1,1,1,1,1,1,1,1,1,1,1,1,1,1,1,1,1,1,1,1,1,1,1,1,1,1,1,2,2,2,2,2,2,2,2,2,2,2,2,2,2,2,2,2,2,2,2,2,2,2,2,2,2,2,2,2,2,3,3,3,3,3,3,3,3,3,3,3,3,3,3,3,3,3,3,3,3,3,3,3,3,3,3,3,3,3,3,FLASH_END
13,05:49:27,2026-06-30,Auto gsw+F,LI-COR Default,,013,,,-0.177661,2.920278,-0.189170,-1.084914,2.987154,3.013262,3.474737,0.487584,34.145382,33.849533,39.374687,0.441786,7.500000,PSF-00548_20260630054927_49b,0.000000,0.000000,0.000000,145.380371,534.385071,0.727948,0.5,0.80,1.050776,1.000000,86.29,87.04,26.43,26.50,26.50,88.25,156.5,155.3,0.8,4,4.081,05:47:22,2026-06-30,-0.72,1,0.001,0.004,-0.014,2.161,3.915,7.478,1,150,0.005,2.000000,0.058905,0.000000,0.029230,0.000000,0.000000,-0.000068,standard,0,mpf,7000,500,5.000000,2.000000,300,300,300,534.385071,25,4.465264,532.725708,540.775635,-8.049927,2.517263,2.500588,1.658445,0.928663,0.257587,0.001158,0.092158,0.110384,145.380371,0.000222,2.389264,-0.000064,1.000000,2.373994,-0.000050,1.000000,0.600671,0.600225,0.107215,0.000000,PSF-00548_20260630054927_49b,PFA-00618,PSA-00618,PSF-00548,RHS-0688,3.0.0,2022-04-21T19:36:20.491Z,MEASUREMENT_END
PSF-00548_20260630054927_49b,05:49:27,2026-06-30,PFA-00618,PSA-00618,PSF-00548,0.000000,0.000000,0.000000,534.385071,145.380371,0.727948,10.287050,TIME,0.000000,0.010000,0.020000,0.030000,0.040000,0.050000,0.060000,0.070000,0.080000,0.090000,0.100000,0.110000,0.120000,0.130000,0.140000,0.150000,0.160000,0.170000,0.180000,0.190000,0.200000,0.210000,0.220000,0.230000,0.240000,0.250000,0.260000,0.270000,0.280000,0.290000,0.300000,0.310000,0.320000,0.330000,0.340000,0.350000,0.360000,0.370000,0.380000,0.390000,0.400000,0.410000,0.420000,0.430000,0.440000,0.450000,0.460000,0.470000,0.480000,0.490000,0.500000,0.510000,0.520000,0.530000,0.540000,0.550000,0.560000,0.570000,0.580000,0.590000,0.600000,0.610000,0.620000,0.630000,0.640000,0.650000,0.660000,0.670000,0.680000,0.690000,0.700000,0.710000,0.720000,0.730000,0.740000,0.750000,0.760000,0.770000,0.780000,0.790000,0.800000,0.810000,0.820000,0.830000,0.839999,0.849999,0.859999,0.869999,0.879999,0.889999,FLR,346.681946,479.477753,511.032349,523.190613,528.402344,530.869934,532.168152,532.899170,533.384460,533.663025,533.911926,534.012451,534.145813,534.240967,534.292480,534.355774,534.372192,534.369324,534.385071,534.353271,534.364685,534.321045,534.273499,534.245605,534.184082,534.159790,534.109375,534.072144,534.044617,533.995972,533.983459,534.120056,534.074280,534.269592,534.233826,534.396545,534.376160,534.506348,534.476990,534.601440,534.811401,534.714844,534.851440,534.823181,534.974426,535.087097,535.042786,535.190796,535.294189,535.221191,535.399658,535.515198,535.485840,535.640015,535.713318,535.843506,535.811646,535.896790,536.000488,536.083435,532.725708,532.682068,532.585144,532.479980,532.359497,532.252563,532.118469,532.002563,531.904236,531.758301,531.679260,531.522278,531.408936,531.279114,531.128540,530.983704,530.827759,530.664673,530.495544,530.314941,530.167603,529.978394,529.795654,529.596802,529.400085,529.223083,529.034241,528.857605,528.703064,528.518555,PAR,6987.300293,6987.300293,6987.300293,6987.300293,6987.300293,6987.300293,6987.300293,6987.300293,6987.300293,6987.300293,6987.300293,6987.300293,6987.300293,6987.300293,6987.300293,6987.300293,6987.300293,6987.300293,6987.300293,6987.300293,6987.300293,6987.300293,6987.300293,6987.300293,6987.300293,6987.300293,6987.300293,6987.300293,6987.300293,6987.300293,6929.077148,6870.854004,6812.630859,6754.407715,6696.184570,6637.961914,6579.738770,6521.515625,6463.292480,6405.069336,6346.846680,6288.623535,6230.400391,6172.177246,6113.954102,6055.730957,5997.508301,5939.285156,5881.062012,5822.838867,5764.615723,5706.393066,5648.169922,5589.946777,5531.723633,5473.500488,5415.277344,5357.054688,5298.831543,5240.608398,6987.300293,6987.300293,6987.300293,6987.300293,6987.300293,6987.300293,6987.300293,6987.300293,6987.300293,6987.300293,6987.300293,6987.300293,6987.300293,6987.300293,6987.300293,6987.300293,6987.300293,6987.300293,6987.300293,6987.300293,6987.300293,6987.300293,6987.300293,6987.300293,6987.300293,6987.300293,6987.300293,6987.300293,6987.300293,6987.300293,PHASE,1,1,1,1,1,1,1,1,1,1,1,1,1,1,1,1,1,1,1,1,1,1,1,1,1,1,1,1,1,1,2,2,2,2,2,2,2,2,2,2,2,2,2,2,2,2,2,2,2,2,2,2,2,2,2,2,2,2,2,2,3,3,3,3,3,3,3,3,3,3,3,3,3,3,3,3,3,3,3,3,3,3,3,3,3,3,3,3,3,3,FLASH_END
14,05:49:41,2026-06-30,Auto gsw+F,LI-COR Default,,014,,,-0.131143,2.919063,-0.137311,-0.820317,2.995699,3.015456,3.503478,0.507779,34.171120,33.947231,39.701378,0.441786,7.500000,PSF-00548_20260630054941_a8b,0.000000,0.000000,0.000000,112.899902,496.971832,0.772824,0.5,0.80,1.387200,1.000000,86.17,86.73,26.51,26.64,26.64,88.25,156.4,155.1,0.8,4,4.080,05:47:22,2026-06-30,-0.72,1,-0.002,-0.003,0.011,1.135,1.982,3.457,1,150,0.005,2.000000,0.058905,0.000000,0.029230,0.000000,0.000000,-0.000068,standard,0,mpf,7000,500,5.000000,2.000000,300,300,300,496.971832,25,6.188827,498.034729,505.829071,-7.794342,2.516833,2.500409,1.657192,0.928070,0.256848,0.001918,0.093858,0.111156,112.899902,0.000226,2.389264,-0.000064,1.000000,2.373994,-0.000050,1.000000,0.600671,0.600225,0.107215,0.000000,PSF-00548_20260630054941_a8b,PFA-00618,PSA-00618,PSF-00548,RHS-0688,3.0.0,2022-04-21T19:36:20.491Z,MEASUREMENT_END
PSF-00548_20260630054941_a8b,05:49:41,2026-06-30,PFA-00618,PSA-00618,PSF-00548,0.000000,0.000000,0.000000,496.971832,112.899902,0.772824,11.165796,TIME,0.000000,0.010000,0.020000,0.030000,0.040000,0.050000,0.060000,0.070000,0.080000,0.090000,0.100000,0.110000,0.120000,0.130000,0.140000,0.150000,0.160000,0.170000,0.180000,0.190000,0.200000,0.210000,0.220000,0.230000,0.240000,0.250000,0.260000,0.270000,0.280000,0.290000,0.300000,0.310000,0.320000,0.330000,0.340000,0.350000,0.360000,0.370000,0.380000,0.390000,0.400000,0.410000,0.420000,0.430000,0.440000,0.450000,0.460000,0.470000,0.480000,0.490000,0.500000,0.510000,0.520000,0.530000,0.540000,0.550000,0.560000,0.570000,0.580000,0.590000,0.600000,0.610000,0.620000,0.630000,0.640000,0.650000,0.660000,0.670000,0.680000,0.690000,0.700000,0.710000,0.720000,0.730000,0.740000,0.750000,0.760000,0.770000,0.780000,0.790000,0.800000,0.810000,0.820000,0.830000,0.839999,0.849999,0.859999,0.869999,0.879999,0.889999,FLR,270.842316,406.549927,454.084747,476.791260,486.534485,490.851746,493.010040,494.210602,494.946594,495.437988,495.839600,496.082794,496.317017,496.499786,496.632111,496.722565,496.805176,496.873505,496.913208,496.912109,496.971832,496.958618,496.956482,496.966827,496.951447,496.948242,496.933929,496.917480,496.927490,496.909607,496.934998,497.052307,497.039795,497.176758,497.170685,497.320526,497.315155,497.439636,497.466797,497.573029,497.744690,497.723572,497.877716,497.915619,498.062256,498.169891,498.201721,498.342987,498.513580,498.533966,498.743530,498.820770,498.863708,499.060028,499.189148,499.315735,499.369751,499.486694,499.643311,499.769928,497.839813,497.978210,498.012543,498.034729,498.001099,498.021118,498.013611,498.006836,497.975708,497.933502,497.902405,497.822296,497.747528,497.732178,497.649536,497.579468,497.502563,497.398132,497.294769,497.149933,497.048370,496.880646,496.746887,496.623505,496.520874,496.410370,496.270172,496.130707,496.011627,495.896820,PAR,6987.300293,6987.300293,6987.300293,6987.300293,6987.300293,6987.300293,6987.300293,6987.300293,6987.300293,6987.300293,6987.300293,6987.300293,6987.300293,6987.300293,6987.300293,6987.300293,6987.300293,6987.300293,6987.300293,6987.300293,6987.300293,6987.300293,6987.300293,6987.300293,6987.300293,6987.300293,6987.300293,6987.300293,6987.300293,6987.300293,6929.077148,6870.854004,6812.630859,6754.407715,6696.184570,6637.961914,6579.738770,6521.515625,6463.292480,6405.069336,6346.846680,6288.623535,6230.400391,6172.177246,6113.954102,6055.730957,5997.508301,5939.285156,5881.062012,5822.838867,5764.615723,5706.393066,5648.169922,5589.946777,5531.723633,5473.500488,5415.277344,5357.054688,5298.831543,5240.608398,6987.300293,6987.300293,6987.300293,6987.300293,6987.300293,6987.300293,6987.300293,6987.300293,6987.300293,6987.300293,6987.300293,6987.300293,6987.300293,6987.300293,6987.300293,6987.300293,6987.300293,6987.300293,6987.300293,6987.300293,6987.300293,6987.300293,6987.300293,6987.300293,6987.300293,6987.300293,6987.300293,6987.300293,6987.300293,6987.300293,PHASE,1,1,1,1,1,1,1,1,1,1,1,1,1,1,1,1,1,1,1,1,1,1,1,1,1,1,1,1,1,1,2,2,2,2,2,2,2,2,2,2,2,2,2,2,2,2,2,2,2,2,2,2,2,2,2,2,2,2,2,2,3,3,3,3,3,3,3,3,3,3,3,3,3,3,3,3,3,3,3,3,3,3,3,3,3,3,3,3,3,3,FLASH_END
15,05:49:58,2026-06-30,Auto gsw+F,LI-COR Default,,015,,,-0.121282,2.919694,-0.126539,-0.764339,2.983449,3.001851,3.496914,0.513465,34.016846,33.808311,39.626877,0.441786,7.500000,PSF-00548_20260630054958_0b4,0.000000,0.000000,0.000000,111.513016,502.865540,0.778245,0.5,0.80,0.809263,1.000000,85.42,85.95,26.58,26.60,26.60,88.25,156.5,155.3,0.8,3,4.080,05:47:22,2026-06-30,-0.72,1,0.001,0.003,-9999.000,0.809,1.677,-9999.000,1,150,0.005,2.000000,0.058905,0.000000,0.029230,0.000000,0.000000,-0.000068,standard,0,mpf,7000,500,5.000000,2.000000,300,300,300,502.865540,25,1.359942,501.564514,504.811859,-3.247345,2.515760,2.499399,1.657842,0.928426,0.256051,0.000675,0.095743,0.109498,111.513016,0.000225,2.389264,-0.000064,1.000000,2.373994,-0.000050,1.000000,0.600671,0.600225,0.107215,0.000000,PSF-00548_20260630054958_0b4,PFA-00618,PSA-00618,PSF-00548,RHS-0688,3.0.0,2022-04-21T19:36:20.491Z,MEASUREMENT_END
PSF-00548_20260630054958_0b4,05:49:58,2026-06-30,PFA-00618,PSA-00618,PSF-00548,0.000000,0.000000,0.000000,502.865540,111.513016,0.778245,9.277999,TIME,0.000000,0.010000,0.020000,0.030000,0.040000,0.050000,0.060000,0.070000,0.080000,0.090000,0.100000,0.110000,0.120000,0.130000,0.140000,0.150000,0.160000,0.170000,0.180000,0.190000,0.200000,0.210000,0.220000,0.230000,0.240000,0.250000,0.260000,0.270000,0.280000,0.290000,0.300000,0.310000,0.320000,0.330000,0.340000,0.350000,0.360000,0.370000,0.380000,0.390000,0.400000,0.410000,0.420000,0.430000,0.440000,0.450000,0.460000,0.470000,0.480000,0.490000,0.500000,0.510000,0.520000,0.530000,0.540000,0.550000,0.560000,0.570000,0.580000,0.590000,0.600000,0.610000,0.620000,0.630000,0.640000,0.650000,0.660000,0.670000,0.680000,0.690000,0.700000,0.710000,0.720000,0.730000,0.740000,0.750000,0.760000,0.770000,0.780000,0.790000,0.800000,0.810000,0.820000,0.830000,0.839999,0.849999,0.859999,0.869999,0.879999,0.889999,FLR,287.376160,439.541473,478.109131,490.380768,495.047089,497.407806,498.840820,499.819641,500.589264,501.129272,501.575226,501.887451,502.149231,502.363098,502.497925,502.644531,502.689972,502.752197,502.800110,502.817627,502.851593,502.864136,502.865540,502.862335,502.863037,502.834808,502.802612,502.787933,502.757538,502.712860,502.713562,502.786163,502.727875,502.858765,502.807617,502.917053,502.845154,502.913818,502.864838,502.929199,503.011475,502.960693,503.029358,502.981781,503.013245,503.091217,503.061523,503.109802,503.162018,503.106232,503.199585,503.220673,503.139496,503.223541,503.261444,503.311859,503.258240,503.321533,503.384125,503.386963,501.419678,501.564514,501.543030,501.509430,501.420746,501.363525,501.300934,501.238342,501.177551,501.105316,501.077423,501.013397,500.949738,500.898956,500.808838,500.755188,500.700104,500.652557,500.601410,500.534546,500.514496,500.402557,500.363220,500.331390,500.243774,500.189423,500.107178,500.018127,499.930847,499.813904,PAR,6987.300293,6987.300293,6987.300293,6987.300293,6987.300293,6987.300293,6987.300293,6987.300293,6987.300293,6987.300293,6987.300293,6987.300293,6987.300293,6987.300293,6987.300293,6987.300293,6987.300293,6987.300293,6987.300293,6987.300293,6987.300293,6987.300293,6987.300293,6987.300293,6987.300293,6987.300293,6987.300293,6987.300293,6987.300293,6987.300293,6929.077148,6870.854004,6812.630859,6754.407715,6696.184570,6637.961914,6579.738770,6521.515625,6463.292480,6405.069336,6346.846680,6288.623535,6230.400391,6172.177246,6113.954102,6055.730957,5997.508301,5939.285156,5881.062012,5822.838867,5764.615723,5706.393066,5648.169922,5589.946777,5531.723633,5473.500488,5415.277344,5357.054688,5298.831543,5240.608398,6987.300293,6987.300293,6987.300293,6987.300293,6987.300293,6987.300293,6987.300293,6987.300293,6987.300293,6987.300293,6987.300293,6987.300293,6987.300293,6987.300293,6987.300293,6987.300293,6987.300293,6987.300293,6987.300293,6987.300293,6987.300293,6987.300293,6987.300293,6987.300293,6987.300293,6987.300293,6987.300293,6987.300293,6987.300293,6987.300293,PHASE,1,1,1,1,1,1,1,1,1,1,1,1,1,1,1,1,1,1,1,1,1,1,1,1,1,1,1,1,1,1,2,2,2,2,2,2,2,2,2,2,2,2,2,2,2,2,2,2,2,2,2,2,2,2,2,2,2,2,2,2,3,3,3,3,3,3,3,3,3,3,3,3,3,3,3,3,3,3,3,3,3,3,3,3,3,3,3,3,3,3,FLASH_END
16,05:50:23,2026-06-30,Auto gsw+F,LI-COR Default,,016,,,-0.123477,2.918684,-0.128931,-0.843011,2.958335,2.978652,3.514130,0.555795,33.756161,33.525909,39.824566,0.441786,7.500000,PSF-00548_20260630055023_299,0.000000,0.000000,0.000000,204.191559,564.163330,0.638063,0.5,0.80,0.707248,1.000000,84.13,84.71,26.70,26.69,26.69,88.24,156.3,155.2,0.7,3,4.079,05:47:22,2026-06-30,-0.72,1,-0.001,0.001,-0.001,1.527,3.885,10.522,1,150,0.005,2.000000,0.058905,0.000000,0.029230,0.000000,0.000000,-0.000068,standard,0,mpf,7000,500,5.000000,2.000000,300,300,300,564.163330,25,3.199864,560.121399,568.742859,-8.621460,2.514083,2.497666,1.656802,0.928297,0.254892,0.000325,0.098668,0.109649,204.191559,0.000225,2.389264,-0.000064,1.000000,2.373994,-0.000050,1.000000,0.600671,0.600225,0.107215,0.000000,PSF-00548_20260630055023_299,PFA-00618,PSA-00618,PSF-00548,RHS-0688,3.0.0,2022-04-21T19:36:20.491Z,MEASUREMENT_END
PSF-00548_20260630055023_299,05:50:23,2026-06-30,PFA-00618,PSA-00618,PSF-00548,0.000000,0.000000,0.000000,564.163330,204.191559,0.638063,9.449432,TIME,0.000000,0.010000,0.020000,0.030000,0.040000,0.050000,0.060000,0.070000,0.080000,0.090000,0.100000,0.110000,0.120000,0.130000,0.140000,0.150000,0.160000,0.170000,0.180000,0.190000,0.200000,0.210000,0.220000,0.230000,0.240000,0.250000,0.260000,0.270000,0.280000,0.290000,0.300000,0.310000,0.320000,0.330000,0.340000,0.350000,0.360000,0.370000,0.380000,0.390000,0.400000,0.410000,0.420000,0.430000,0.440000,0.450000,0.460000,0.470000,0.480000,0.490000,0.500000,0.510000,0.520000,0.530000,0.540000,0.550000,0.560000,0.570000,0.580000,0.590000,0.600000,0.610000,0.620000,0.630000,0.640000,0.650000,0.660000,0.670000,0.680000,0.690000,0.700000,0.710000,0.720000,0.730000,0.740000,0.750000,0.760000,0.770000,0.780000,0.790000,0.800000,0.810000,0.820000,0.830000,0.839999,0.849999,0.859999,0.869999,0.879999,0.889999,FLR,432.543396,541.870605,556.059143,560.234436,562.034363,562.978516,563.507812,563.808533,564.019897,564.073181,564.163330,564.133972,564.099304,564.105042,564.046753,564.008484,563.980225,563.919800,563.879700,563.788879,563.757080,563.667664,563.593628,563.524597,563.469543,563.380493,563.320740,563.221680,563.147278,563.020325,563.005310,563.161987,563.115845,563.350098,563.238525,563.420532,563.338989,563.455566,563.407288,563.524231,563.714172,563.567139,563.701294,563.618286,563.689087,563.826416,563.723816,563.845032,563.965942,563.866516,564.019531,564.147583,564.073181,564.217346,564.320679,564.431885,564.385437,564.493042,564.568176,564.586060,560.121399,559.915405,559.736267,559.599976,559.396484,559.214111,559.041382,558.874756,558.734192,558.557861,558.481689,558.286804,558.130859,557.981384,557.835449,557.673462,557.519287,557.357300,557.223572,557.067627,556.954651,556.783325,556.623840,556.455017,556.264404,556.080566,555.894592,555.698975,555.532349,555.347778,PAR,6987.300293,6987.300293,6987.300293,6987.300293,6987.300293,6987.300293,6987.300293,6987.300293,6987.300293,6987.300293,6987.300293,6987.300293,6987.300293,6987.300293,6987.300293,6987.300293,6987.300293,6987.300293,6987.300293,6987.300293,6987.300293,6987.300293,6987.300293,6987.300293,6987.300293,6987.300293,6987.300293,6987.300293,6987.300293,6987.300293,6929.077148,6870.854004,6812.630859,6754.407715,6696.184570,6637.961914,6579.738770,6521.515625,6463.292480,6405.069336,6346.846680,6288.623535,6230.400391,6172.177246,6113.954102,6055.730957,5997.508301,5939.285156,5881.062012,5822.838867,5764.615723,5706.393066,5648.169922,5589.946777,5531.723633,5473.500488,5415.277344,5357.054688,5298.831543,5240.608398,6987.300293,6987.300293,6987.300293,6987.300293,6987.300293,6987.300293,6987.300293,6987.300293,6987.300293,6987.300293,6987.300293,6987.300293,6987.300293,6987.300293,6987.300293,6987.300293,6987.300293,6987.300293,6987.300293,6987.300293,6987.300293,6987.300293,6987.300293,6987.300293,6987.300293,6987.300293,6987.300293,6987.300293,6987.300293,6987.300293,PHASE,1,1,1,1,1,1,1,1,1,1,1,1,1,1,1,1,1,1,1,1,1,1,1,1,1,1,1,1,1,1,2,2,2,2,2,2,2,2,2,2,2,2,2,2,2,2,2,2,2,2,2,2,2,2,2,2,2,2,2,2,3,3,3,3,3,3,3,3,3,3,3,3,3,3,3,3,3,3,3,3,3,3,3,3,3,3,3,3,3,3,FLASH_END
17,05:50:41,2026-06-30,Auto gsw+F,LI-COR Default,,017,,,-0.128237,2.918423,-0.134130,-0.970050,2.936616,2.960007,3.551338,0.614722,33.544003,33.278934,40.245216,0.441786,7.500000,PSF-00548_20260630055041_67a,0.000000,0.000000,0.000000,122.323395,539.397217,0.773222,0.5,0.80,1.033635,1.000000,83.12,83.78,26.78,26.87,26.87,88.24,156.3,155.1,0.8,3,4.078,05:47:22,2026-06-30,-0.72,1,-0.000,0.001,0.013,1.926,3.595,5.633,1,150,0.005,2.000000,0.058905,0.000000,0.029230,0.000000,0.000000,-0.000068,standard,0,mpf,7000,500,5.000000,2.000000,300,300,300,539.397217,25,6.996066,540.531616,549.409790,-8.878174,2.512820,2.496301,1.656534,0.927953,0.254070,0.001426,0.100792,0.110150,122.323395,0.000224,2.389264,-0.000064,1.000000,2.373994,-0.000050,1.000000,0.600671,0.600225,0.107215,0.000000,PSF-00548_20260630055041_67a,PFA-00618,PSA-00618,PSF-00548,RHS-0688,3.0.0,2022-04-21T19:36:20.491Z,MEASUREMENT_END
PSF-00548_20260630055041_67a,05:50:41,2026-06-30,PFA-00618,PSA-00618,PSF-00548,0.000000,0.000000,0.000000,539.397217,122.323395,0.773222,10.020332,TIME,0.000000,0.010000,0.020000,0.030000,0.040000,0.050000,0.060000,0.070000,0.080000,0.090000,0.100000,0.110000,0.120000,0.130000,0.140000,0.150000,0.160000,0.170000,0.180000,0.190000,0.200000,0.210000,0.220000,0.230000,0.240000,0.250000,0.260000,0.270000,0.280000,0.290000,0.300000,0.310000,0.320000,0.330000,0.340000,0.350000,0.360000,0.370000,0.380000,0.390000,0.400000,0.410000,0.420000,0.430000,0.440000,0.450000,0.460000,0.470000,0.480000,0.490000,0.500000,0.510000,0.520000,0.530000,0.540000,0.550000,0.560000,0.570000,0.580000,0.590000,0.600000,0.610000,0.620000,0.630000,0.640000,0.650000,0.660000,0.670000,0.680000,0.690000,0.700000,0.710000,0.720000,0.730000,0.740000,0.750000,0.760000,0.770000,0.780000,0.790000,0.800000,0.810000,0.820000,0.830000,0.839999,0.849999,0.859999,0.869999,0.879999,0.889999,FLR,297.420868,445.668335,493.506073,515.706909,526.175720,531.468994,534.376526,536.117798,537.119507,537.745728,538.177734,538.421265,538.627258,538.793213,538.879395,538.964539,539.018494,539.074646,539.124390,539.144409,539.215576,539.195557,539.226990,539.274597,539.264893,539.306030,539.337524,539.351135,539.387939,539.397217,539.446960,539.614685,539.647583,539.840332,539.876831,540.062439,540.084229,540.262695,540.307373,540.444031,540.637878,540.622498,540.775513,540.795898,540.906799,541.081299,541.087769,541.232971,541.407471,541.405701,541.614502,541.746521,541.768677,541.974670,542.151001,542.337280,542.429932,542.539368,542.628052,542.708130,540.467957,540.531616,540.427185,540.367126,540.273804,540.034546,539.916870,539.861450,539.854675,539.853210,539.867859,539.813538,539.804565,539.868958,539.999512,540.057068,540.114624,540.109619,540.099243,539.953003,539.793823,539.245239,538.720276,538.281067,537.863403,537.452820,537.094116,536.713623,536.278748,535.884277,PAR,6987.300293,6987.300293,6987.300293,6987.300293,6987.300293,6987.300293,6987.300293,6987.300293,6987.300293,6987.300293,6987.300293,6987.300293,6987.300293,6987.300293,6987.300293,6987.300293,6987.300293,6987.300293,6987.300293,6987.300293,6987.300293,6987.300293,6987.300293,6987.300293,6987.300293,6987.300293,6987.300293,6987.300293,6987.300293,6987.300293,6929.077148,6870.854004,6812.630859,6754.407715,6696.184570,6637.961914,6579.738770,6521.515625,6463.292480,6405.069336,6346.846680,6288.623535,6230.400391,6172.177246,6113.954102,6055.730957,5997.508301,5939.285156,5881.062012,5822.838867,5764.615723,5706.393066,5648.169922,5589.946777,5531.723633,5473.500488,5415.277344,5357.054688,5298.831543,5240.608398,6987.300293,6987.300293,6987.300293,6987.300293,6987.300293,6987.300293,6987.300293,6987.300293,6987.300293,6987.300293,6987.300293,6987.300293,6987.300293,6987.300293,6987.300293,6987.300293,6987.300293,6987.300293,6987.300293,6987.300293,6987.300293,6987.300293,6987.300293,6987.300293,6987.300293,6987.300293,6987.300293,6987.300293,6987.300293,6987.300293,PHASE,1,1,1,1,1,1,1,1,1,1,1,1,1,1,1,1,1,1,1,1,1,1,1,1,1,1,1,1,1,1,2,2,2,2,2,2,2,2,2,2,2,2,2,2,2,2,2,2,2,2,2,2,2,2,2,2,2,2,2,2,3,3,3,3,3,3,3,3,3,3,3,3,3,3,3,3,3,3,3,3,3,3,3,3,3,3,3,3,3,3,FLASH_END
18,05:50:59,2026-06-30,Auto gsw+F,LI-COR Default,,018,,,-0.177911,2.919325,-0.189457,-1.358828,2.946951,2.979686,3.556497,0.609546,33.768459,33.397465,40.305386,0.441786,7.500000,PSF-00548_20260630055059_994,0.000000,0.000000,0.000000,165.985107,547.376648,0.696763,0.5,0.80,0.912018,1.000000,83.01,83.93,26.86,26.89,26.89,88.24,156.4,155.1,0.8,3,4.048,05:47:22,2026-06-30,-0.72,1,0.000,-0.000,-0.011,0.975,2.764,6.744,1,150,0.005,2.000000,0.058905,0.000000,0.029230,0.000000,0.000000,-0.000068,standard,0,mpf,7000,500,5.000000,2.000000,300,300,300,547.376648,25,0.967232,543.989868,548.760925,-4.771057,2.512996,2.496137,1.657462,0.928095,0.253245,0.000779,0.102847,0.110089,165.985107,0.000224,2.389264,-0.000064,1.000000,2.373994,-0.000050,1.000000,0.600671,0.600225,0.107215,0.000000,PSF-00548_20260630055059_994,PFA-00618,PSA-00618,PSF-00548,RHS-0688,3.0.0,2022-04-21T19:36:20.491Z,MEASUREMENT_END
PSF-00548_20260630055059_994,05:50:59,2026-06-30,PFA-00618,PSA-00618,PSF-00548,0.000000,0.000000,0.000000,547.376648,165.985107,0.696763,9.950700,TIME,0.000000,0.010000,0.020000,0.030000,0.040000,0.050000,0.060000,0.070000,0.080000,0.090000,0.100000,0.110000,0.120000,0.130000,0.140000,0.150000,0.160000,0.170000,0.180000,0.190000,0.200000,0.210000,0.220000,0.230000,0.240000,0.250000,0.260000,0.270000,0.280000,0.290000,0.300000,0.310000,0.320000,0.330000,0.340000,0.350000,0.360000,0.370000,0.380000,0.390000,0.400000,0.410000,0.420000,0.430000,0.440000,0.450000,0.460000,0.470000,0.480000,0.490000,0.500000,0.510000,0.520000,0.530000,0.540000,0.550000,0.560000,0.570000,0.580000,0.590000,0.600000,0.610000,0.620000,0.630000,0.640000,0.650000,0.660000,0.670000,0.680000,0.690000,0.700000,0.710000,0.720000,0.730000,0.740000,0.750000,0.760000,0.770000,0.780000,0.790000,0.800000,0.810000,0.820000,0.830000,0.839999,0.849999,0.859999,0.869999,0.879999,0.889999,FLR,355.370178,484.568604,520.159729,534.379028,540.736206,543.855408,545.525574,546.409607,546.921021,547.158508,547.324768,547.349426,547.376648,547.369812,547.344116,547.286499,547.264709,547.196411,547.146301,547.047607,547.007202,546.877380,546.805115,546.753662,546.686401,546.660278,546.609192,546.540161,546.520142,546.416016,546.382446,546.475037,546.384583,546.515137,546.406738,546.549438,546.497925,546.584839,546.509766,546.542664,546.657776,546.500427,546.589111,546.531189,546.607727,546.671753,546.622742,546.634888,546.700012,546.606995,546.712524,546.762939,546.713928,546.829102,546.845215,546.874146,546.775085,546.820496,546.844116,546.833374,543.989868,543.950928,543.830750,543.746704,543.590088,543.412659,543.267517,543.071838,542.910950,542.724609,542.643433,542.464966,542.368774,542.272217,542.094849,541.920654,541.709290,541.517273,541.356323,541.168579,540.989014,540.800903,540.643555,540.424316,540.206543,540.029907,539.865356,539.655823,539.500610,539.281006,PAR,6987.300293,6987.300293,6987.300293,6987.300293,6987.300293,6987.300293,6987.300293,6987.300293,6987.300293,6987.300293,6987.300293,6987.300293,6987.300293,6987.300293,6987.300293,6987.300293,6987.300293,6987.300293,6987.300293,6987.300293,6987.300293,6987.300293,6987.300293,6987.300293,6987.300293,6987.300293,6987.300293,6987.300293,6987.300293,6987.300293,6929.077148,6870.854004,6812.630859,6754.407715,6696.184570,6637.961914,6579.738770,6521.515625,6463.292480,6405.069336,6346.846680,6288.623535,6230.400391,6172.177246,6113.954102,6055.730957,5997.508301,5939.285156,5881.062012,5822.838867,5764.615723,5706.393066,5648.169922,5589.946777,5531.723633,5473.500488,5415.277344,5357.054688,5298.831543,5240.608398,6987.300293,6987.300293,6987.300293,6987.300293,6987.300293,6987.300293,6987.300293,6987.300293,6987.300293,6987.300293,6987.300293,6987.300293,6987.300293,6987.300293,6987.300293,6987.300293,6987.300293,6987.300293,6987.300293,6987.300293,6987.300293,6987.300293,6987.300293,6987.300293,6987.300293,6987.300293,6987.300293,6987.300293,6987.300293,6987.300293,PHASE,1,1,1,1,1,1,1,1,1,1,1,1,1,1,1,1,1,1,1,1,1,1,1,1,1,1,1,1,1,1,2,2,2,2,2,2,2,2,2,2,2,2,2,2,2,2,2,2,2,2,2,2,2,2,2,2,2,2,2,2,3,3,3,3,3,3,3,3,3,3,3,3,3,3,3,3,3,3,3,3,3,3,3,3,3,3,3,3,3,3,FLASH_END
19,05:52:01,2026-06-30,Auto gsw+F,LI-COR Default,,019,,,-0.176359,2.919197,-0.187698,-1.240444,3.023713,3.053582,3.585194,0.561481,34.595524,34.257118,40.618412,0.441786,7.500000,PSF-00548_20260630055201_d4d,0.000000,0.000000,0.000000,180.166840,532.458679,0.661632,0.5,0.80,0.498008,1.000000,83.82,84.65,27.13,27.03,27.03,88.27,156.4,155.1,0.8,2,4.074,05:47:22,2026-06-30,-0.72,1,0.002,0.001,0.009,0.133,0.978,4.275,1,150,0.005,2.000000,0.058905,0.000000,0.029230,0.000000,0.000000,-0.000068,standard,0,mpf,7000,500,5.000000,2.000000,300,300,300,525.676819,25,-6.021562,517.654541,523.840820,-6.186279,2.513857,2.497133,1.657330,0.928015,0.250515,-0.000770,0.110230,0.108868,180.166840,0.000226,2.389264,-0.000064,1.000000,2.373994,-0.000050,1.000000,0.600671,0.600225,0.107215,0.000000,PSF-00548_20260630055201_d4d,PFA-00618,PSA-00618,PSF-00548,RHS-0688,3.0.0,2022-04-21T19:36:20.491Z,MEASUREMENT_END
PSF-00548_20260630055201_d4d,05:52:01,2026-06-30,PFA-00618,PSA-00618,PSF-00548,0.000000,0.000000,0.000000,532.458679,180.166840,0.661632,8.560099,TIME,0.000000,0.010000,0.020000,0.030000,0.040000,0.050000,0.060000,0.070000,0.080000,0.090000,0.100000,0.110000,0.120000,0.130000,0.140000,0.150000,0.160000,0.170000,0.180000,0.190000,0.200000,0.210000,0.220000,0.230000,0.240000,0.250000,0.260000,0.270000,0.280000,0.290000,0.300000,0.310000,0.320000,0.330000,0.340000,0.350000,0.360000,0.370000,0.380000,0.390000,0.400000,0.410000,0.420000,0.430000,0.440000,0.450000,0.460000,0.470000,0.480000,0.490000,0.500000,0.510000,0.520000,0.530000,0.540000,0.550000,0.560000,0.570000,0.580000,0.590000,0.600000,0.610000,0.620000,0.630000,0.640000,0.650000,0.660000,0.670000,0.680000,0.690000,0.700000,0.710000,0.720000,0.730000,0.740000,0.750000,0.760000,0.770000,0.780000,0.790000,0.800000,0.810000,0.820000,0.830000,0.839999,0.849999,0.859999,0.869999,0.879999,0.889999,FLR,359.980713,470.240936,501.859558,515.109314,520.973328,523.681274,524.899719,525.419739,525.662170,525.676819,525.656128,525.542725,525.434387,525.348877,525.181885,525.084229,524.987000,524.893311,524.856445,524.733398,524.657959,524.501343,524.394043,524.291382,524.188782,524.070007,523.964539,523.839722,523.755676,523.620850,523.537537,523.592957,523.462769,523.550415,523.392700,523.459167,523.300781,523.277161,523.110840,523.087646,523.110840,522.916687,522.890564,522.715332,522.671326,522.679932,522.449951,522.406677,522.373779,522.117371,522.067322,521.961121,521.695740,521.664612,521.582703,521.496521,521.268372,521.143188,521.009094,520.826721,517.654541,517.323364,516.980042,516.649597,516.299133,515.944702,515.532043,515.135437,514.746643,514.320007,513.975952,513.537903,513.126587,512.750732,512.328735,511.924622,511.547699,511.194000,510.840302,510.501251,510.206573,509.815338,509.442322,509.086853,508.692749,508.333313,507.984985,507.606628,507.243988,506.878143,PAR,6987.300293,6987.300293,6987.300293,6987.300293,6987.300293,6987.300293,6987.300293,6987.300293,6987.300293,6987.300293,6987.300293,6987.300293,6987.300293,6987.300293,6987.300293,6987.300293,6987.300293,6987.300293,6987.300293,6987.300293,6987.300293,6987.300293,6987.300293,6987.300293,6987.300293,6987.300293,6987.300293,6987.300293,6987.300293,6987.300293,6929.077148,6870.854004,6812.630859,6754.407715,6696.184570,6637.961914,6579.738770,6521.515625,6463.292480,6405.069336,6346.846680,6288.623535,6230.400391,6172.177246,6113.954102,6055.730957,5997.508301,5939.285156,5881.062012,5822.838867,5764.615723,5706.393066,5648.169922,5589.946777,5531.723633,5473.500488,5415.277344,5357.054688,5298.831543,5240.608398,6987.300293,6987.300293,6987.300293,6987.300293,6987.300293,6987.300293,6987.300293,6987.300293,6987.300293,6987.300293,6987.300293,6987.300293,6987.300293,6987.300293,6987.300293,6987.300293,6987.300293,6987.300293,6987.300293,6987.300293,6987.300293,6987.300293,6987.300293,6987.300293,6987.300293,6987.300293,6987.300293,6987.300293,6987.300293,6987.300293,PHASE,1,1,1,1,1,1,1,1,1,1,1,1,1,1,1,1,1,1,1,1,1,1,1,1,1,1,1,1,1,1,2,2,2,2,2,2,2,2,2,2,2,2,2,2,2,2,2,2,2,2,2,2,2,2,2,2,2,2,2,2,3,3,3,3,3,3,3,3,3,3,3,3,3,3,3,3,3,3,3,3,3,3,3,3,3,3,3,3,3,3,FLASH_END
20,05:52:18,2026-06-30,Auto gsw+F,LI-COR Default,,020,,,-0.229325,2.919416,-0.248874,-1.568852,3.075620,3.113367,3.610939,0.535319,35.273651,34.845989,40.911011,0.441786,7.500000,PSF-00548_20260630055218_03c,0.000000,0.000000,0.000000,166.703583,527.904175,0.684216,0.5,0.80,0.483356,1.000000,84.87,85.91,27.21,27.15,27.15,88.26,156.4,154.9,1.0,2,4.075,05:47:22,2026-06-30,-0.72,1,0.004,-0.001,-0.012,0.824,2.562,8.190,1,150,0.005,2.000000,0.058905,0.000000,0.029230,0.000000,0.000000,-0.000068,standard,0,mpf,7000,500,5.000000,2.000000,300,300,300,527.904175,25,-0.461798,523.106201,527.243286,-4.137085,2.515515,2.498506,1.657557,0.927602,0.249745,-0.000271,0.112200,0.108766,166.703583,0.000226,2.389264,-0.000064,1.000000,2.373994,-0.000050,1.000000,0.600671,0.600225,0.107215,0.000000,PSF-00548_20260630055218_03c,PFA-00618,PSA-00618,PSF-00548,RHS-0688,3.0.0,2022-04-21T19:36:20.491Z,MEASUREMENT_END
PSF-00548_20260630055218_03c,05:52:18,2026-06-30,PFA-00618,PSA-00618,PSF-00548,0.000000,0.000000,0.000000,527.904175,166.703583,0.684216,8.444453,TIME,0.000000,0.010000,0.020000,0.030000,0.040000,0.050000,0.060000,0.070000,0.080000,0.090000,0.100000,0.110000,0.120000,0.130000,0.140000,0.150000,0.160000,0.170000,0.180000,0.190000,0.200000,0.210000,0.220000,0.230000,0.240000,0.250000,0.260000,0.270000,0.280000,0.290000,0.300000,0.310000,0.320000,0.330000,0.340000,0.350000,0.360000,0.370000,0.380000,0.390000,0.400000,0.410000,0.420000,0.430000,0.440000,0.450000,0.460000,0.470000,0.480000,0.490000,0.500000,0.510000,0.520000,0.530000,0.540000,0.550000,0.560000,0.570000,0.580000,0.590000,0.600000,0.610000,0.620000,0.630000,0.640000,0.650000,0.660000,0.670000,0.680000,0.690000,0.700000,0.710000,0.720000,0.730000,0.740000,0.750000,0.760000,0.770000,0.780000,0.790000,0.800000,0.810000,0.820000,0.830000,0.839999,0.849999,0.859999,0.869999,0.879999,0.889999,FLR,347.886078,464.642639,500.733734,516.347046,523.010376,525.895691,527.140259,527.686340,527.893799,527.904175,527.901306,527.776489,527.708191,527.627319,527.525452,527.464294,527.362732,527.290466,527.211426,527.121277,527.079468,526.982178,526.925354,526.847717,526.776917,526.712891,526.635620,526.567688,526.523682,526.421082,526.414246,526.490479,526.398193,526.579529,526.465088,526.558044,526.495483,526.561279,526.502991,526.549805,526.686096,526.546570,526.635315,526.542297,526.550537,526.641724,526.556274,526.589844,526.629578,526.479004,526.532288,526.538025,526.405701,526.414612,526.413208,526.402100,526.270508,526.260498,526.277283,526.254761,523.106201,522.885559,522.665955,522.413513,522.150635,521.903870,521.647827,521.399597,521.120300,520.774475,520.431519,519.983765,519.565369,519.157654,518.673401,518.192383,517.753235,517.371277,516.965393,516.533752,516.150024,515.700439,515.325684,514.899719,514.432312,513.936646,513.420227,512.924194,512.449646,511.951080,PAR,6987.300293,6987.300293,6987.300293,6987.300293,6987.300293,6987.300293,6987.300293,6987.300293,6987.300293,6987.300293,6987.300293,6987.300293,6987.300293,6987.300293,6987.300293,6987.300293,6987.300293,6987.300293,6987.300293,6987.300293,6987.300293,6987.300293,6987.300293,6987.300293,6987.300293,6987.300293,6987.300293,6987.300293,6987.300293,6987.300293,6929.077148,6870.854004,6812.630859,6754.407715,6696.184570,6637.961914,6579.738770,6521.515625,6463.292480,6405.069336,6346.846680,6288.623535,6230.400391,6172.177246,6113.954102,6055.730957,5997.508301,5939.285156,5881.062012,5822.838867,5764.615723,5706.393066,5648.169922,5589.946777,5531.723633,5473.500488,5415.277344,5357.054688,5298.831543,5240.608398,6987.300293,6987.300293,6987.300293,6987.300293,6987.300293,6987.300293,6987.300293,6987.300293,6987.300293,6987.300293,6987.300293,6987.300293,6987.300293,6987.300293,6987.300293,6987.300293,6987.300293,6987.300293,6987.300293,6987.300293,6987.300293,6987.300293,6987.300293,6987.300293,6987.300293,6987.300293,6987.300293,6987.300293,6987.300293,6987.300293,PHASE,1,1,1,1,1,1,1,1,1,1,1,1,1,1,1,1,1,1,1,1,1,1,1,1,1,1,1,1,1,1,2,2,2,2,2,2,2,2,2,2,2,2,2,2,2,2,2,2,2,2,2,2,2,2,2,2,2,2,2,2,3,3,3,3,3,3,3,3,3,3,3,3,3,3,3,3,3,3,3,3,3,3,3,3,3,3,3,3,3,3,FLASH_END
21,05:52:49,2026-06-30,Auto gsw+F,LI-COR Default,,021,,,-0.210531,2.922129,-0.226877,-1.443243,3.089906,3.124554,3.630057,0.540151,35.397087,35.004570,41.123775,0.441786,7.500000,PSF-00548_20260630055249_a3c,0.000000,0.000000,0.000000,187.442429,529.982300,0.646323,0.5,0.80,0.246460,1.000000,84.64,85.59,27.34,27.24,27.24,88.27,156.8,154.9,1.2,1,4.074,05:47:22,2026-06-30,-0.72,1,0.006,0.004,-0.007,-0.076,-0.465,-1.785,1,150,0.005,2.000000,0.058905,0.000000,0.029230,0.000000,0.000000,-0.000068,standard,0,mpf,7000,500,5.000000,2.000000,300,300,300,529.982300,25,2.025368,527.459961,532.880920,-5.420959,2.515048,2.498169,1.660360,0.927622,0.248507,-0.000674,0.115722,0.108052,187.442429,0.000224,2.389264,-0.000064,1.000000,2.373994,-0.000050,1.000000,0.600671,0.600225,0.107215,0.000000,PSF-00548_20260630055249_a3c,PFA-00618,PSA-00618,PSF-00548,RHS-0688,3.0.0,2022-04-21T19:36:20.491Z,MEASUREMENT_END
PSF-00548_20260630055249_a3c,05:52:49,2026-06-30,PFA-00618,PSA-00618,PSF-00548,0.000000,0.000000,0.000000,529.982300,187.442429,0.646323,7.631674,TIME,0.000000,0.010000,0.020000,0.030000,0.040000,0.050000,0.060000,0.070000,0.080000,0.090000,0.100000,0.110000,0.120000,0.130000,0.140000,0.150000,0.160000,0.170000,0.180000,0.190000,0.200000,0.210000,0.220000,0.230000,0.240000,0.250000,0.260000,0.270000,0.280000,0.290000,0.300000,0.310000,0.320000,0.330000,0.340000,0.350000,0.360000,0.370000,0.380000,0.390000,0.400000,0.410000,0.420000,0.430000,0.440000,0.450000,0.460000,0.470000,0.480000,0.490000,0.500000,0.510000,0.520000,0.530000,0.540000,0.550000,0.560000,0.570000,0.580000,0.590000,0.600000,0.610000,0.620000,0.630000,0.640000,0.650000,0.660000,0.670000,0.680000,0.690000,0.700000,0.710000,0.720000,0.730000,0.740000,0.750000,0.760000,0.770000,0.780000,0.790000,0.800000,0.810000,0.820000,0.830000,0.839999,0.849999,0.859999,0.869999,0.879999,0.889999,FLR,391.632904,495.419037,515.164001,522.619507,526.003723,527.723206,528.727051,529.276733,529.621094,529.784912,529.927246,529.940857,529.949097,529.982300,529.969482,529.969116,529.946594,529.930481,529.916870,529.907227,529.935852,529.874695,529.850708,529.834656,529.787048,529.765625,529.733398,529.710876,529.666870,529.615417,529.621094,529.767395,529.699463,529.871460,529.809265,529.976624,529.865356,529.992676,529.929016,530.040955,530.197266,530.104980,530.190796,530.141113,530.191528,530.293457,530.226257,530.312805,530.404663,530.331726,530.459778,530.509460,530.412903,530.469055,530.514832,530.567383,530.488708,530.562744,530.602478,530.639648,527.459961,527.311218,527.139526,526.991516,526.798340,526.597717,526.422485,526.260132,526.081299,525.884277,525.722961,525.487305,525.293091,525.105347,524.905457,524.717712,524.496338,524.302856,524.108276,523.909790,523.743164,523.503906,523.324341,523.123047,522.892334,522.696716,522.482849,522.294067,522.083740,521.886353,PAR,6987.300293,6987.300293,6987.300293,6987.300293,6987.300293,6987.300293,6987.300293,6987.300293,6987.300293,6987.300293,6987.300293,6987.300293,6987.300293,6987.300293,6987.300293,6987.300293,6987.300293,6987.300293,6987.300293,6987.300293,6987.300293,6987.300293,6987.300293,6987.300293,6987.300293,6987.300293,6987.300293,6987.300293,6987.300293,6987.300293,6929.077148,6870.854004,6812.630859,6754.407715,6696.184570,6637.961914,6579.738770,6521.515625,6463.292480,6405.069336,6346.846680,6288.623535,6230.400391,6172.177246,6113.954102,6055.730957,5997.508301,5939.285156,5881.062012,5822.838867,5764.615723,5706.393066,5648.169922,5589.946777,5531.723633,5473.500488,5415.277344,5357.054688,5298.831543,5240.608398,6987.300293,6987.300293,6987.300293,6987.300293,6987.300293,6987.300293,6987.300293,6987.300293,6987.300293,6987.300293,6987.300293,6987.300293,6987.300293,6987.300293,6987.300293,6987.300293,6987.300293,6987.300293,6987.300293,6987.300293,6987.300293,6987.300293,6987.300293,6987.300293,6987.300293,6987.300293,6987.300293,6987.300293,6987.300293,6987.300293,PHASE,1,1,1,1,1,1,1,1,1,1,1,1,1,1,1,1,1,1,1,1,1,1,1,1,1,1,1,1,1,1,2,2,2,2,2,2,2,2,2,2,2,2,2,2,2,2,2,2,2,2,2,2,2,2,2,2,2,2,2,2,3,3,3,3,3,3,3,3,3,3,3,3,3,3,3,3,3,3,3,3,3,3,3,3,3,3,3,3,3,3,FLASH_END
22,05:53:25,2026-06-30,Auto gsw+F,LI-COR Default,,022,,,-0.133147,2.918615,-0.139512,-1.032650,3.007478,3.032350,3.635978,0.628500,34.367626,34.085728,41.208939,0.441786,7.500000,PSF-00548_20260630055325_7ef,0.000000,0.000000,0.000000,116.513016,487.428558,0.760964,0.5,0.80,2.463585,1.000000,81.71,82.39,27.48,27.27,27.27,88.23,156.3,154.9,0.9,8,4.072,05:47:22,2026-06-30,-0.72,1,0.002,0.004,0.027,0.949,1.792,2.905,1,150,0.005,2.000000,0.058905,0.000000,0.029230,0.000000,0.000000,-0.000068,standard,0,mpf,7000,500,5.000000,2.000000,300,300,300,487.428558,25,2.127182,486.913574,490.472900,-3.559326,2.510749,2.494255,1.656732,0.927580,0.247132,-0.001949,0.119943,0.114323,116.513016,0.000227,2.389264,-0.000064,1.000000,2.373994,-0.000050,1.000000,0.600671,0.600225,0.107215,0.000000,PSF-00548_20260630055325_7ef,PFA-00618,PSA-00618,PSF-00548,RHS-0688,3.0.0,2022-04-21T19:36:20.491Z,MEASUREMENT_END
PSF-00548_20260630055325_7ef,05:53:25,2026-06-30,PFA-00618,PSA-00618,PSF-00548,0.000000,0.000000,0.000000,487.428558,116.513016,0.760964,14.771994,TIME,0.000000,0.010000,0.020000,0.030000,0.040000,0.050000,0.060000,0.070000,0.080000,0.090000,0.100000,0.110000,0.120000,0.130000,0.140000,0.150000,0.160000,0.170000,0.180000,0.190000,0.200000,0.210000,0.220000,0.230000,0.240000,0.250000,0.260000,0.270000,0.280000,0.290000,0.300000,0.310000,0.320000,0.330000,0.340000,0.350000,0.360000,0.370000,0.380000,0.390000,0.400000,0.410000,0.420000,0.430000,0.440000,0.450000,0.460000,0.470000,0.480000,0.490000,0.500000,0.510000,0.520000,0.530000,0.540000,0.550000,0.560000,0.570000,0.580000,0.590000,0.600000,0.610000,0.620000,0.630000,0.640000,0.650000,0.660000,0.670000,0.680000,0.690000,0.700000,0.710000,0.720000,0.730000,0.740000,0.750000,0.760000,0.770000,0.780000,0.790000,0.800000,0.810000,0.820000,0.830000,0.839999,0.849999,0.859999,0.869999,0.879999,0.889999,FLR,283.540619,423.939575,462.616669,476.995819,482.479706,484.806427,485.876434,486.381409,486.665710,486.839172,487.010132,487.084869,487.173187,487.251892,487.297302,487.335571,487.373474,487.389557,487.404572,487.395996,487.428558,487.391724,487.379547,487.402069,487.359161,487.344147,487.333405,487.314117,487.311951,487.276550,487.311249,487.377411,487.349854,487.448578,487.404572,487.506500,487.492920,487.559082,487.535126,487.605927,487.708557,487.660278,487.742554,487.712158,487.772217,487.836243,487.823364,487.894531,487.928497,487.918488,488.021484,488.031158,488.010040,488.094452,488.123047,488.175262,488.170624,488.221039,488.283630,488.327637,486.827026,486.913574,486.899628,486.865295,486.800903,486.728302,486.678253,486.608856,486.579193,486.508728,486.506226,486.405029,486.350647,486.305939,486.236206,486.185425,486.138580,486.093506,486.017700,485.988373,485.950836,485.853210,485.804199,485.766998,485.689056,485.638275,485.588562,485.504150,485.470886,485.389008,PAR,6987.300293,6987.300293,6987.300293,6987.300293,6987.300293,6987.300293,6987.300293,6987.300293,6987.300293,6987.300293,6987.300293,6987.300293,6987.300293,6987.300293,6987.300293,6987.300293,6987.300293,6987.300293,6987.300293,6987.300293,6987.300293,6987.300293,6987.300293,6987.300293,6987.300293,6987.300293,6987.300293,6987.300293,6987.300293,6987.300293,6929.077148,6870.854004,6812.630859,6754.407715,6696.184570,6637.961914,6579.738770,6521.515625,6463.292480,6405.069336,6346.846680,6288.623535,6230.400391,6172.177246,6113.954102,6055.730957,5997.508301,5939.285156,5881.062012,5822.838867,5764.615723,5706.393066,5648.169922,5589.946777,5531.723633,5473.500488,5415.277344,5357.054688,5298.831543,5240.608398,6987.300293,6987.300293,6987.300293,6987.300293,6987.300293,6987.300293,6987.300293,6987.300293,6987.300293,6987.300293,6987.300293,6987.300293,6987.300293,6987.300293,6987.300293,6987.300293,6987.300293,6987.300293,6987.300293,6987.300293,6987.300293,6987.300293,6987.300293,6987.300293,6987.300293,6987.300293,6987.300293,6987.300293,6987.300293,6987.300293,PHASE,1,1,1,1,1,1,1,1,1,1,1,1,1,1,1,1,1,1,1,1,1,1,1,1,1,1,1,1,1,1,2,2,2,2,2,2,2,2,2,2,2,2,2,2,2,2,2,2,2,2,2,2,2,2,2,2,2,2,2,2,3,3,3,3,3,3,3,3,3,3,3,3,3,3,3,3,3,3,3,3,3,3,3,3,3,3,3,3,3,3,FLASH_END
23,05:53:40,2026-06-30,Auto gsw+F,LI-COR Default,,023,,,-0.156915,2.917698,-0.165833,-1.258369,3.019444,3.049770,3.663599,0.644155,34.565746,34.222034,41.522812,0.441786,7.500000,PSF-00548_20260630055340_23f,0.000000,0.000000,0.000000,103.143814,471.232666,0.781119,0.5,0.80,2.333158,1.000000,81.75,82.57,27.54,27.40,27.40,88.23,156.2,154.9,0.9,7,4.071,05:47:22,2026-06-30,-0.72,1,0.002,0.002,0.029,0.229,0.342,0.789,1,150,0.005,2.000000,0.058905,0.000000,0.029230,0.000000,0.000000,-0.000068,standard,0,mpf,7000,500,5.000000,2.000000,300,300,300,471.232666,25,9.919578,476.844543,485.429260,-8.584717,2.510969,2.494285,1.655789,0.927450,0.246540,-0.001173,0.121648,0.113773,103.143814,0.000226,2.389264,-0.000064,1.000000,2.373994,-0.000050,1.000000,0.600671,0.600225,0.107215,0.000000,PSF-00548_20260630055340_23f,PFA-00618,PSA-00618,PSF-00548,RHS-0688,3.0.0,2022-04-21T19:36:20.491Z,MEASUREMENT_END
PSF-00548_20260630055340_23f,05:53:40,2026-06-30,PFA-00618,PSA-00618,PSF-00548,0.000000,0.000000,0.000000,471.232666,103.143814,0.781119,14.145714,TIME,0.000000,0.010000,0.020000,0.030000,0.040000,0.050000,0.060000,0.070000,0.080000,0.090000,0.100000,0.110000,0.120000,0.130000,0.140000,0.150000,0.160000,0.170000,0.180000,0.190000,0.200000,0.210000,0.220000,0.230000,0.240000,0.250000,0.260000,0.270000,0.280000,0.290000,0.300000,0.310000,0.320000,0.330000,0.340000,0.350000,0.360000,0.370000,0.380000,0.390000,0.400000,0.410000,0.420000,0.430000,0.440000,0.450000,0.460000,0.470000,0.480000,0.490000,0.500000,0.510000,0.520000,0.530000,0.540000,0.550000,0.560000,0.570000,0.580000,0.590000,0.600000,0.610000,0.620000,0.630000,0.640000,0.650000,0.660000,0.670000,0.680000,0.690000,0.700000,0.710000,0.720000,0.730000,0.740000,0.750000,0.760000,0.770000,0.780000,0.790000,0.800000,0.810000,0.820000,0.830000,0.839999,0.849999,0.859999,0.869999,0.879999,0.889999,FLR,245.601654,378.848785,428.317657,452.239044,462.226501,466.445801,468.274353,469.119781,469.560730,469.810364,470.030304,470.161560,470.292084,470.401520,470.488068,470.553528,470.611450,470.656525,470.707642,470.743774,470.818176,470.821747,470.882172,470.942627,470.975891,471.035950,471.088531,471.130737,471.197968,471.232666,471.324554,471.448669,471.467621,471.633911,471.699707,471.829163,471.904633,472.045898,472.139954,472.293030,472.486847,472.568756,472.727173,472.866302,473.003632,473.198547,473.305115,473.525391,473.705994,473.835114,474.092255,474.246368,474.416962,474.660156,474.837189,475.035675,475.211975,475.432281,475.653992,475.835693,475.011719,475.357880,475.518829,475.665100,475.748779,475.842468,475.945831,475.986603,476.066345,476.122498,476.231567,476.291290,476.373901,476.423615,476.473694,476.540558,476.599945,476.666107,476.731903,476.730103,476.790192,476.809509,476.822021,476.844543,476.840607,476.820587,476.783386,476.741547,476.717224,476.657501,PAR,6987.300293,6987.300293,6987.300293,6987.300293,6987.300293,6987.300293,6987.300293,6987.300293,6987.300293,6987.300293,6987.300293,6987.300293,6987.300293,6987.300293,6987.300293,6987.300293,6987.300293,6987.300293,6987.300293,6987.300293,6987.300293,6987.300293,6987.300293,6987.300293,6987.300293,6987.300293,6987.300293,6987.300293,6987.300293,6987.300293,6929.077148,6870.854004,6812.630859,6754.407715,6696.184570,6637.961914,6579.738770,6521.515625,6463.292480,6405.069336,6346.846680,6288.623535,6230.400391,6172.177246,6113.954102,6055.730957,5997.508301,5939.285156,5881.062012,5822.838867,5764.615723,5706.393066,5648.169922,5589.946777,5531.723633,5473.500488,5415.277344,5357.054688,5298.831543,5240.608398,6987.300293,6987.300293,6987.300293,6987.300293,6987.300293,6987.300293,6987.300293,6987.300293,6987.300293,6987.300293,6987.300293,6987.300293,6987.300293,6987.300293,6987.300293,6987.300293,6987.300293,6987.300293,6987.300293,6987.300293,6987.300293,6987.300293,6987.300293,6987.300293,6987.300293,6987.300293,6987.300293,6987.300293,6987.300293,6987.300293,PHASE,1,1,1,1,1,1,1,1,1,1,1,1,1,1,1,1,1,1,1,1,1,1,1,1,1,1,1,1,1,1,2,2,2,2,2,2,2,2,2,2,2,2,2,2,2,2,2,2,2,2,2,2,2,2,2,2,2,2,2,2,3,3,3,3,3,3,3,3,3,3,3,3,3,3,3,3,3,3,3,3,3,3,3,3,3,3,3,3,3,3,FLASH_END
24,05:53:52,2026-06-30,Auto gsw+F,LI-COR Default,,024,,,-0.156578,2.919442,-0.165452,-1.264873,3.021575,3.052013,3.670482,0.648907,34.592934,34.247929,41.602940,0.441786,7.500000,PSF-00548_20260630055352_122,0.000000,0.000000,0.000000,112.516525,496.310242,0.773294,0.5,0.80,2.414579,1.000000,81.58,82.41,27.58,27.43,27.43,88.23,156.4,154.8,1.0,8,4.071,05:47:22,2026-06-30,-0.72,1,0.003,-0.000,-9999.000,0.349,0.625,-9999.000,1,150,0.005,2.000000,0.058905,0.000000,0.029230,0.000000,0.000000,-0.000068,standard,0,mpf,7000,500,5.000000,2.000000,300,300,300,496.310242,25,8.821443,499.051819,508.935211,-9.883392,2.510740,2.494058,1.657582,0.927324,0.246091,-0.001333,0.122933,0.114071,112.516525,0.000227,2.389264,-0.000064,1.000000,2.373994,-0.000050,1.000000,0.600671,0.600225,0.107215,0.000000,PSF-00548_20260630055352_122,PFA-00618,PSA-00618,PSF-00548,RHS-0688,3.0.0,2022-04-21T19:36:20.491Z,MEASUREMENT_END
PSF-00548_20260630055352_122,05:53:52,2026-06-30,PFA-00618,PSA-00618,PSF-00548,0.000000,0.000000,0.000000,496.310242,112.516525,0.773294,14.484508,TIME,0.000000,0.010000,0.020000,0.030000,0.040000,0.050000,0.060000,0.070000,0.080000,0.090000,0.100000,0.110000,0.120000,0.130000,0.140000,0.150000,0.160000,0.170000,0.180000,0.190000,0.200000,0.210000,0.220000,0.230000,0.240000,0.250000,0.260000,0.270000,0.280000,0.290000,0.300000,0.310000,0.320000,0.330000,0.340000,0.350000,0.360000,0.370000,0.380000,0.390000,0.400000,0.410000,0.420000,0.430000,0.440000,0.450000,0.460000,0.470000,0.480000,0.490000,0.500000,0.510000,0.520000,0.530000,0.540000,0.550000,0.560000,0.570000,0.580000,0.590000,0.600000,0.610000,0.620000,0.630000,0.640000,0.650000,0.660000,0.670000,0.680000,0.690000,0.700000,0.710000,0.720000,0.730000,0.740000,0.750000,0.760000,0.770000,0.780000,0.790000,0.800000,0.810000,0.820000,0.830000,0.839999,0.849999,0.859999,0.869999,0.879999,0.889999,FLR,269.632812,403.715363,455.295319,479.845398,489.382263,493.032928,494.455933,494.999542,495.279205,495.408997,495.558502,495.620728,495.669708,495.766632,495.798462,495.839966,495.887512,495.912201,495.936157,495.959412,496.026276,496.011261,496.037018,496.066345,496.088867,496.123199,496.142517,496.196503,496.261963,496.310242,496.369965,496.526245,496.577728,496.765137,496.825226,497.006165,497.059814,497.215759,497.302643,497.454987,497.680298,497.700684,497.891296,498.000397,498.141296,498.345856,498.435272,498.618011,498.796112,498.884796,499.106537,499.256378,499.357574,499.523529,499.679810,499.824646,499.922638,500.071777,500.262024,500.399719,498.863708,499.051819,499.046814,499.037872,498.999603,498.995300,498.968475,498.907684,498.919128,498.907684,498.916260,498.885162,498.879425,498.853333,498.809326,498.737457,498.680603,498.601196,498.556488,498.487488,498.453857,498.367676,498.318329,498.262512,498.155579,498.061523,497.957825,497.853760,497.722870,497.598419,PAR,6987.300293,6987.300293,6987.300293,6987.300293,6987.300293,6987.300293,6987.300293,6987.300293,6987.300293,6987.300293,6987.300293,6987.300293,6987.300293,6987.300293,6987.300293,6987.300293,6987.300293,6987.300293,6987.300293,6987.300293,6987.300293,6987.300293,6987.300293,6987.300293,6987.300293,6987.300293,6987.300293,6987.300293,6987.300293,6987.300293,6929.077148,6870.854004,6812.630859,6754.407715,6696.184570,6637.961914,6579.738770,6521.515625,6463.292480,6405.069336,6346.846680,6288.623535,6230.400391,6172.177246,6113.954102,6055.730957,5997.508301,5939.285156,5881.062012,5822.838867,5764.615723,5706.393066,5648.169922,5589.946777,5531.723633,5473.500488,5415.277344,5357.054688,5298.831543,5240.608398,6987.300293,6987.300293,6987.300293,6987.300293,6987.300293,6987.300293,6987.300293,6987.300293,6987.300293,6987.300293,6987.300293,6987.300293,6987.300293,6987.300293,6987.300293,6987.300293,6987.300293,6987.300293,6987.300293,6987.300293,6987.300293,6987.300293,6987.300293,6987.300293,6987.300293,6987.300293,6987.300293,6987.300293,6987.300293,6987.300293,PHASE,1,1,1,1,1,1,1,1,1,1,1,1,1,1,1,1,1,1,1,1,1,1,1,1,1,1,1,1,1,1,2,2,2,2,2,2,2,2,2,2,2,2,2,2,2,2,2,2,2,2,2,2,2,2,2,2,2,2,2,2,3,3,3,3,3,3,3,3,3,3,3,3,3,3,3,3,3,3,3,3,3,3,3,3,3,3,3,3,3,3,FLASH_END
